pos,row,block,is_ss2,n_tokens,n_panelU,nll,top1,fwd_s
0,729,9,True,2048,480,8.182169914245605,0.0127077223733067,5.3684
1,908,3,True,1188,252,7.773411273956299,0.0151770655065774,2.0846
2,982,9,True,1361,308,7.854219913482666,0.0125091979280114,1.4808
3,984,9,True,468,65,7.188259601593018,0.0236051511019468,0.7856
4,1367,2,True,626,167,7.200173377990723,0.0112179489806294,1.2303
5,1822,8,True,2048,399,8.637086868286133,0.0043988269753754,1.3201
6,1921,4,True,708,175,7.429494380950928,0.0184135977178812,1.0868
7,2372,8,True,1421,336,6.9257988929748535,0.019732205197215,1.3811
8,2589,8,True,2048,416,8.600926399230957,0.0029325513169169,1.55
9,2662,2,True,1791,400,7.810546398162842,0.0150922304019331,1.974
10,2787,1,True,384,73,6.128162384033203,0.0314136110246181,0.6838
11,2806,6,True,690,125,6.173938751220703,0.0232558138668537,1.4474
12,2890,0,True,1133,228,7.491028785705566,0.0141467731446027,1.7921
13,3134,2,True,1183,302,7.8661885261535645,0.0169348008930683,1.3473
14,3209,7,True,1297,326,7.908990383148193,0.0154440151527524,1.5875
15,3235,7,True,2048,528,8.134900093078613,0.0073313782922923,2.306
16,3846,8,True,1174,306,7.86922025680542,0.0110921505838632,1.6423
17,4181,2,True,729,138,6.915413856506348,0.0206327363848686,1.3648
18,4326,6,True,1816,413,8.2733154296875,0.0088202869519591,2.4683
19,4346,9,True,2048,501,8.653693199157715,0.0039100684225559,1.3559
20,4641,1,True,682,143,7.196585178375244,0.0132352942600846,1.3887
21,4806,5,True,489,85,6.321284294128418,0.0246406570076942,1.1679
22,5055,3,True,1776,214,4.570524215698242,0.074971817433834,1.519
23,5081,2,True,1004,231,6.093373775482178,0.0339321345090866,1.3934
24,5480,1,True,1612,367,8.093920707702637,0.0118012418970465,1.9557
25,5856,6,True,2048,437,8.577658653259277,0.0078201368451118,1.2684
26,6034,9,True,2048,403,8.660614013671875,0.0092864129692316,1.2405
27,6344,4,True,1007,266,7.972316741943359,0.0109452735632658,1.1952
28,7147,2,True,538,127,7.841730117797852,0.0111940298229455,1.133
29,7272,2,True,404,111,7.412529468536377,0.0348258689045906,1.2414
30,7382,6,True,1553,380,7.970353603363037,0.0148291429504752,2.1139
31,8225,7,True,811,182,8.205946922302246,0.0074165635742247,1.7951
32,8232,1,True,2048,488,8.533288955688477,0.0087976539507508,1.9707
33,8614,7,True,802,181,7.805117607116699,0.0137499999254941,0.9182
34,8682,3,True,2008,558,7.426223278045654,0.0124626122415065,2.2726
35,9311,5,True,1514,367,8.126373291015625,0.0079365083947777,1.7792
36,9814,3,True,2048,463,8.238801002502441,0.0087976539507508,1.4492
37,10454,5,True,1172,268,8.021177291870117,0.0162393171340227,1.3486
38,10537,4,True,946,246,7.804547309875488,0.0137711865827441,1.0045
39,10610,8,True,1149,252,7.922402858734131,0.0191804710775613,1.2672
40,10750,6,True,2048,503,8.558979034423828,0.0039100684225559,1.9217
41,11266,4,True,878,192,8.058749198913574,0.0091324197128415,1.4261
42,11529,5,True,821,200,7.532979965209961,0.0122100124135613,1.5006
43,12169,9,True,624,125,6.874176502227783,0.0257234722375869,1.5899
44,12495,8,True,1688,434,7.653520107269287,0.0160142350941896,2.2927
45,12764,6,True,1300,238,6.066821575164795,0.0346687212586402,1.5107
46,12976,6,True,1124,302,7.496469497680664,0.0133689837530255,2.1305
47,13062,9,True,707,205,6.6454362869262695,0.0198581553995609,0.6936
48,13411,7,True,1664,358,8.14064884185791,0.0132370637729763,1.4456
49,13467,5,True,1290,281,8.185711860656738,0.0108695654198527,1.8871
50,13700,9,True,965,221,6.9706010818481445,0.0259605403989553,1.3741
51,14024,7,True,1628,400,7.52790641784668,0.0129151288419961,1.9552
52,14167,6,True,565,119,7.183377742767334,0.010657194070518,1.0103
53,14682,7,True,1238,310,8.07227611541748,0.0129449842497706,1.1632
54,14686,9,True,812,215,7.147144794464111,0.0197530873119831,0.928
55,14799,6,True,1668,407,7.923492431640625,0.0132052823901176,2.1106
56,14828,0,True,2048,467,8.69888687133789,0.0048875855281949,1.1086
57,17142,8,True,1095,252,6.389419078826904,0.0329368710517883,2.4969
58,17309,2,True,626,188,7.174026012420654,0.0128205129876732,0.6768
59,17516,4,True,778,196,7.543503284454346,0.0180412363260984,1.4876
60,17659,4,True,917,272,6.738502025604248,0.0218579228967428,1.5678
61,17800,2,True,774,204,6.719655513763428,0.0310880821198225,1.3015
62,17861,6,True,1115,245,7.684765338897705,0.0116801438853144,1.6138
63,18196,5,True,1598,376,8.178194999694824,0.0081453630700707,1.6982
64,18515,0,True,1861,403,8.0773286819458,0.0102205490693449,1.8096
65,18849,5,True,1114,231,7.56290340423584,0.014388489536941,1.2265
66,19139,1,True,1580,362,8.000711441040039,0.0145754115656018,1.4006
67,20484,6,True,559,155,7.464125156402588,0.0161579884588718,0.877
68,20771,0,True,1479,323,8.0871000289917,0.013540961779654,1.3962
69,20820,9,True,1662,402,8.1142578125,0.0108433738350868,1.5854
70,21210,3,True,835,221,7.991188049316406,0.021608643233776,1.2054
71,21321,4,True,981,238,7.944847106933594,0.0122574055567383,1.3807
72,21377,4,True,2048,446,8.597552299499512,0.0034213098697364,1.3198
73,21643,1,False,2048,471,3.636911153793335,0.1490713655948639,0.937
74,21871,1,False,2048,464,3.2748584747314453,0.1915933489799499,1.228
75,22000,0,False,2048,479,3.2815449237823486,0.1793743818998336,1.1534
76,22097,4,False,2048,513,3.3451356887817383,0.1759530752897262,1.234
77,23736,7,False,1774,402,2.8687937259674072,0.2240406274795532,1.875
78,24222,9,False,1632,418,3.1593804359436035,0.2036809772253036,1.5273
79,24309,3,False,1867,441,3.102565288543701,0.2193029522895813,1.7972
80,24382,2,False,1777,443,3.3842997550964355,0.1847887337207794,1.5853
81,24575,0,False,1668,429,3.0924994945526123,0.213685467839241,1.0321
82,24638,7,False,1553,410,3.2484211921691895,0.1953578293323516,1.1018
83,25038,6,False,2048,514,3.579132080078125,0.1622678339481353,1.1255
84,25548,7,False,1963,508,3.0332515239715576,0.2238653749227523,1.718
85,25560,1,False,1692,429,3.0792558193206787,0.2106508910655975,1.2504
86,25688,0,False,1101,299,3.02416729927063,0.2383985370397567,1.1357
87,25860,0,False,2048,521,2.865009307861328,0.2116324603557586,1.5124
88,26110,8,False,2048,482,2.9473094940185547,0.2223851382732391,1.3052
89,26406,4,False,1962,459,2.8029675483703613,0.2413265258073806,1.8156
90,26455,8,False,2048,560,2.967552900314331,0.2287390083074569,1.4333
91,26527,8,False,986,291,3.112990379333496,0.2337398380041122,1.245
92,26747,7,False,1182,350,2.9884369373321533,0.2296610176563263,1.563
93,27688,4,False,2048,491,3.6108956336975098,0.1412512212991714,1.4303
94,28037,5,False,2048,432,3.176182270050049,0.1906158328056335,1.9447
95,28117,3,False,2048,446,3.036017894744873,0.205767348408699,1.8996
96,28744,0,False,1936,508,2.8738279342651367,0.2342295795679092,1.5499
97,28809,0,False,1056,297,2.9970099925994873,0.2191650867462158,0.9401
98,28967,5,False,1361,334,2.933537244796753,0.2398822605609893,0.7566
99,29103,9,False,2048,520,3.5791521072387695,0.1554252207279205,1.5677
100,29637,3,False,2048,508,2.9364590644836426,0.2067448645830154,2.0367
101,29677,1,False,1157,345,3.0701091289520264,0.2225108295679092,0.9542
102,29905,4,False,1520,390,3.12420654296875,0.2055335938930511,1.3965
103,30157,8,False,2048,544,4.164888381958008,0.109970673918724,1.1047
104,30327,8,False,2048,438,3.1762943267822266,0.1744868010282516,1.5011
105,30538,0,False,2048,530,3.974557638168335,0.1197458431124687,1.6124
106,30704,4,False,2048,468,3.1946897506713867,0.179863154888153,1.3653
107,30730,6,False,2048,453,3.266837358474731,0.175464317202568,1.2142
108,31349,8,False,2048,584,3.749352216720581,0.1505376398563385,1.1284
109,31541,5,False,1362,380,3.1667728424072266,0.2294117659330368,0.8906
110,32041,1,False,1320,376,3.438904047012329,0.1965098679065704,0.8358
111,32221,1,False,2048,441,3.195150852203369,0.1749755591154098,1.1723
112,32568,5,False,1538,438,3.529759168624878,0.181640625,1.6253
113,32730,2,False,2048,460,3.2318575382232666,0.1827957034111023,1.3873
114,32859,0,False,2048,478,3.260535478591919,0.1818181872367859,1.2522
115,33083,7,False,1896,510,3.0233428478240967,0.2143611460924148,2.4664
116,33778,2,False,2048,444,3.4885196685791016,0.142717495560646,1.0177
117,33819,5,False,2048,515,3.2892873287200928,0.1906158328056335,1.2159
118,33834,4,False,2048,494,3.032159328460694,0.2018572837114334,1.2365
119,34368,8,False,1614,438,3.4473321437835693,0.1823821365833282,1.2673
120,34425,2,False,2048,437,3.5213351249694824,0.1480938345193863,1.2679
121,35650,5,False,2048,470,3.3281474113464355,0.1827957034111023,1.2077
122,35671,0,False,2048,479,3.1680402755737305,0.1739980429410934,1.8713
123,35819,1,False,1547,441,3.41274094581604,0.1870550215244293,1.476
124,35874,2,False,2048,453,3.5784542560577393,0.1466275602579116,0.9184
125,36125,8,False,1427,407,3.570946216583252,0.1957894712686538,1.4196
126,36406,4,False,2048,405,3.472339391708374,0.1593352854251861,1.3231
127,37674,1,False,2048,405,3.522383689880371,0.1524926722049713,1.3034
128,38363,6,False,1521,381,3.2944045066833496,0.1942067146301269,1.3227
129,38779,6,False,2048,376,3.412064552307129,0.1749755591154098,1.2263
130,39325,3,False,2048,465,3.553504705429077,0.1412512212991714,1.2481
131,39349,7,False,2048,435,3.346270799636841,0.1774193495512008,1.2853
132,39741,5,False,2048,396,3.3714699745178223,0.1568914949893951,1.3043
133,39956,4,False,2048,473,3.2847378253936768,0.1725317686796188,1.2663
134,40073,5,False,2048,460,3.2011070251464844,0.1871945261955261,1.19
135,40097,8,False,2048,471,3.704578399658203,0.1446725279092788,1.3737
136,41504,4,False,2048,489,3.559257745742798,0.1647116392850875,1.5114
137,42498,5,False,942,287,3.6172399520874023,0.194680854678154,1.207
138,42529,4,False,2048,450,3.442688226699829,0.1764418333768844,1.2013
139,42611,7,False,1611,443,3.3540592193603516,0.1821006834506988,1.9296
140,42826,2,False,2048,544,3.281211853027344,0.2077223807573318,1.5168
141,43794,1,False,2048,479,2.901686191558838,0.2209188640117645,1.3651
142,43878,2,False,2048,487,3.019954204559326,0.1994134932756424,0.9353
143,44011,8,False,2048,452,3.1352243423461914,0.1793743818998336,1.2538
144,45071,1,False,1861,463,2.9121344089508057,0.2237762212753296,1.2239
145,45305,9,False,2048,489,3.018959045410156,0.2028347998857498,1.2455
146,45914,3,False,2048,447,2.947296142578125,0.2003910094499588,1.2685
147,46232,7,False,2048,430,3.2740895748138428,0.175464317202568,0.8987
148,46761,9,False,2048,468,2.9336133003234863,0.2135874927043914,1.2965
149,46801,0,False,1798,448,2.85839581489563,0.226614698767662,1.7569
150,47022,4,False,1888,472,2.8998072147369385,0.2211028635501861,1.7539
151,47342,1,False,1987,503,2.905762195587158,0.2211586833000183,1.735
152,47774,7,False,2048,430,3.1700594425201416,0.1852394938468933,1.3886
153,48447,1,False,2048,377,3.1101605892181396,0.1911045908927917,1.3615
154,48766,6,False,2048,464,2.954659938812256,0.2091886550188064,1.1426
155,48860,1,False,1915,493,3.2005372047424316,0.2064819633960724,1.8512
156,49749,1,False,2048,421,3.1776657104492188,0.1974584609270095,1.3448
157,49852,7,False,2048,554,3.2509303092956543,0.1989247351884842,1.4122
158,49869,3,False,2048,439,3.290870904922486,0.1915933489799499,1.0559
159,49935,0,False,2048,515,3.125112295150757,0.2023460417985916,1.3045
160,50176,7,False,2048,519,2.971518278121948,0.2223851382732391,1.2504
161,50178,2,False,2048,462,3.4606082439422607,0.1818181872367859,1.3069
162,50735,5,False,1443,365,3.062451124191284,0.199167251586914,1.3834
163,50857,6,False,2048,416,3.2716262340545654,0.1769305914640426,1.1855
164,50984,2,False,1574,401,3.097615957260132,0.2080152630805969,1.3766
165,51758,3,False,1930,424,3.232701539993286,0.1898340284824371,1.752
166,51839,8,False,1714,370,3.285247325897217,0.2050233632326126,1.548
167,52556,9,False,1417,382,3.084892511367798,0.2162544131278991,1.2626
168,52592,6,False,302,73,3.3396215438842773,0.2199999988079071,1.2814
169,52686,7,False,1856,489,2.900391101837158,0.2432578206062317,1.6108
170,52955,9,False,1180,323,3.29191255569458,0.2054329365491867,0.8944
171,53160,3,False,1237,335,3.106557846069336,0.2429149746894836,1.2816
172,53172,8,False,2048,435,2.95137619972229,0.1999022513628006,1.3789
173,53197,7,False,1699,463,3.004257917404175,0.2251031249761581,1.5565
174,53253,8,False,1567,435,2.9243154525756836,0.24025559425354,1.1348
175,53463,5,False,319,78,3.598562717437744,0.2113564610481262,0.699
176,53474,9,False,980,282,3.0439584255218506,0.2392638027667999,1.008
177,53709,5,False,2048,472,3.508561372756958,0.1622678339481353,1.2568
178,53928,7,False,1325,365,3.011904001235962,0.2297808080911636,1.0843
179,54227,7,False,1585,420,2.9141845703125,0.2362602651119232,1.2397
180,54392,3,False,1004,283,2.956758737564087,0.2345309406518936,0.6224
181,55143,9,False,2048,525,4.336404323577881,0.0972629487514495,1.359
182,55229,4,False,2048,530,4.201859951019287,0.1114369481801986,1.3481
183,55595,4,False,1493,351,3.476980209350586,0.16431924700737,1.1465
184,55691,1,False,2048,520,3.1270205974578857,0.1964809447526931,1.2007
185,55800,2,False,2048,484,3.739863395690918,0.142717495560646,1.1304
186,55922,8,False,2048,542,3.466463565826416,0.1666666716337204,1.3757
187,56175,9,False,1343,341,3.1714601516723633,0.1991051435470581,1.1594
188,56200,1,False,1976,557,3.0720772743225098,0.2355623096227646,1.2502
189,56316,0,False,2048,570,3.420748472213745,0.1837732195854187,1.3549
190,56555,2,False,1170,335,3.474403142929077,0.1678082197904586,0.9495
191,56922,6,False,2048,425,3.1603333950042725,0.1749755591154098,1.2812
192,57402,7,False,2048,497,3.0282201766967773,0.2130987346172332,1.1325
193,57426,3,False,2048,497,3.1143407821655273,0.1964809447526931,1.1537
194,58566,9,False,2048,515,3.248143196105957,0.1896383166313171,1.2191
195,58573,4,False,1216,367,3.187516927719116,0.2240527123212814,1.0703
196,59109,9,False,2048,498,3.4112110137939453,0.1744868010282516,1.2888
197,59123,7,False,2048,429,3.2438371181488037,0.1818181872367859,0.9388
198,59453,6,False,2048,501,3.1284379959106445,0.2077223807573318,1.2669
199,60077,6,False,2048,476,3.725395917892456,0.1617790758609771,1.2062
200,60284,1,False,1903,440,3.467808485031128,0.1709626466035843,1.6093
201,60296,9,False,1523,428,3.8816921710968018,0.1466140747070312,1.1767
202,60953,8,False,2048,481,3.3733103275299072,0.1964809447526931,1.226
203,61067,7,False,2048,472,3.5805935859680176,0.1666666716337204,1.1454
204,61936,1,False,2048,587,3.9042253494262695,0.1265884637832641,1.228
205,62093,2,False,2048,538,3.6849887371063232,0.1578690111637115,0.8951
206,62201,7,False,2048,475,3.626869201660156,0.1612903177738189,1.2342
207,62308,2,False,2048,509,4.098299503326416,0.1236559152603149,1.2366
208,62561,5,False,2048,466,3.5052285194396973,0.1857282519340515,1.3063
209,62675,0,False,2048,489,3.7942190170288086,0.1534701883792877,1.2934
210,62908,1,False,2048,463,4.145719528198242,0.107526883482933,0.8485
211,63073,5,False,2020,521,3.2117395401000977,0.1987115889787674,1.8753
212,63165,6,False,1503,388,3.1705963611602783,0.2091938704252243,1.2503
213,63444,0,False,1718,418,3.1737875938415527,0.2004662007093429,1.2806
214,63636,8,False,2042,574,3.164010763168335,0.2107843160629272,1.7354
215,64127,0,False,1599,380,3.074432134628296,0.2110206633806228,1.1231
216,64481,4,False,1689,432,3.113558053970337,0.1766449362039566,1.3573
217,64650,2,False,1696,440,3.084256887435913,0.2007083892822265,1.0401
218,65371,0,False,1538,342,3.3296566009521484,0.1751302033662796,0.8653
219,65476,7,False,2048,396,3.2245006561279297,0.1793743818998336,1.2043
220,65544,0,False,2048,397,3.4537081718444824,0.1735092848539352,1.1676
221,65728,1,False,2048,430,3.462364196777344,0.1735092848539352,1.2148
222,65746,3,False,1869,445,3.355638265609741,0.2056775540113449,1.298
223,66043,7,False,2048,515,3.123701572418213,0.2370478957891464,1.1637
224,66323,7,False,2048,452,3.612290859222412,0.1344086080789566,1.1424
225,66864,3,False,2048,483,3.7084245681762695,0.135386124253273,1.235
226,67193,2,False,2048,499,4.275564193725586,0.0997067466378212,1.2177
227,67235,6,False,1485,327,3.346677541732788,0.203641265630722,0.9749
228,67496,1,False,2048,484,3.997140407562256,0.1212121248245239,1.241
229,67622,3,False,2048,399,3.5532546043395996,0.1549364626407623,1.2039
230,67773,7,False,2048,406,3.4126152992248535,0.1715542525053024,1.2578
231,68237,0,False,2048,445,4.355615615844727,0.0967741906642913,1.0987
232,68507,2,False,1928,469,2.8644957542419434,0.2341640740633011,1.3176
233,68510,6,False,1526,403,2.980363607406616,0.2066929191350937,1.0979
234,69213,3,False,2048,350,3.2166481018066406,0.179863154888153,1.1497
235,69684,6,False,2048,344,3.211458683013916,0.1901270747184753,1.2106
236,70032,0,False,2048,484,3.307793617248535,0.1876832842826843,0.8022
237,70210,1,False,2048,445,3.67189359664917,0.1344086080789566,1.1509
238,70244,9,False,2048,399,3.14912486076355,0.1876832842826843,1.2231
239,70451,9,False,2048,440,3.18328595161438,0.1901270747184753,1.1785
240,70488,1,False,2048,403,3.2161035537719727,0.1700879782438278,1.1333
241,70610,1,False,2048,412,3.21357798576355,0.1935483813285827,0.8403
242,70767,0,False,1829,446,3.213231325149536,0.1866447776556015,1.1662
243,70770,4,False,2048,417,3.184678077697754,0.1837732195854187,1.1468
244,71075,9,False,2048,498,2.946885108947754,0.212609976530075,1.1972
245,71077,3,False,2048,444,2.9799928665161133,0.205767348408699,1.1496
246,71451,5,False,2048,477,2.9252724647521973,0.2160312831401825,0.8412
247,71832,7,False,1996,534,2.8456389904022217,0.2457372099161148,1.5478
248,71970,0,False,2048,524,3.3484818935394287,0.1832844614982605,1.2346
249,72068,4,False,2048,494,2.972989559173584,0.20821113884449,1.2024
250,72513,2,False,1834,459,3.031616687774658,0.2265283912420272,1.1958
251,72551,5,False,2048,518,3.3690953254699707,0.1710654944181442,1.1418
252,73107,2,False,1774,435,2.972806453704834,0.2104966193437576,1.0074
253,73275,0,False,1586,424,2.9304885864257812,0.238005056977272,1.085
254,73502,6,False,2048,533,3.4204607009887695,0.168132945895195,1.0129
255,73853,4,False,355,85,3.63253402709961,0.1954674273729324,0.4864
256,74423,1,False,2048,519,3.6339619159698486,0.140273705124855,1.1797
257,74565,7,False,2048,470,3.0750255584716797,0.200879767537117,1.181
258,74598,5,False,1739,406,3.133155345916748,0.2118595242500305,1.2202
259,75123,1,False,2048,520,3.2950942516326904,0.177908107638359,0.9688
260,75338,0,False,2048,409,3.2287001609802246,0.1749755591154098,1.0418
261,75611,5,False,2048,493,3.4782307147979736,0.1583577692508697,1.2536
262,75629,3,False,2048,435,3.205018997192383,0.1886608004570007,1.1253
263,75772,8,False,2048,530,2.9119744300842285,0.238514170050621,1.1456
264,75847,1,False,2048,477,3.0872225761413574,0.2018572837114334,0.8979
265,76442,8,False,1189,338,3.107877016067505,0.2325189560651779,0.8117
266,76471,6,False,2048,525,2.9289910793304443,0.2341153472661972,1.0397
267,76704,7,False,2023,486,3.0419485569000244,0.231073722243309,1.4364
268,77422,5,False,1403,377,3.2773749828338623,0.2198429703712463,1.2396
269,77628,5,False,1720,469,3.2433536052703857,0.2031431943178177,1.0205
270,77871,7,False,1535,416,3.141515731811523,0.2250489294528961,1.2021
271,78030,0,False,1881,459,3.0478923320770264,0.2160723805427551,1.4147
272,78071,1,False,1324,309,3.1354243755340576,0.214069589972496,1.053
273,78108,1,False,1115,307,3.2208564281463623,0.2102425843477249,0.5605
274,78155,4,False,2048,533,3.91194224357605,0.1348973661661148,1.1593
275,79285,1,False,1473,385,3.2434542179107666,0.19578517973423,1.2443
276,79410,9,False,2048,496,3.0226423740386963,0.2380254119634628,1.1926
277,79501,0,False,1468,407,2.9141364097595215,0.2626193761825561,1.1881
278,79509,6,False,1330,365,3.114638566970825,0.2251506000757217,1.1465
279,80183,4,False,1824,452,3.051029920578003,0.239297479391098,1.3011
280,80705,3,False,2048,551,2.9478702545166016,0.238514170050621,1.1217
281,80951,2,False,1509,393,3.138967514038086,0.2196416705846786,1.0466
282,81207,8,False,2048,474,3.2770285606384277,0.175464317202568,1.2242
283,81594,2,False,2048,474,3.366121292114258,0.1715542525053024,1.1376
284,81796,3,False,1902,457,3.138897657394409,0.2005263119935989,1.3265
285,82234,7,False,2048,418,3.289297342300415,0.1783968657255172,0.9864
286,82512,1,False,1635,369,3.1369802951812744,0.2008573114871978,1.1437
287,82541,0,False,2048,500,3.121190071105957,0.2067448645830154,1.1867
288,82594,6,False,2048,443,3.646526575088501,0.1446725279092788,1.0534
289,82650,9,False,1217,306,3.2392258644104004,0.2074074000120163,1.1671
290,82709,1,False,1838,440,3.0913524627685547,0.2015250474214553,1.1108
291,82810,4,False,1500,383,3.087965965270996,0.2176235020160675,1.2975
292,82834,8,False,2048,463,3.2600276470184326,0.1891495585441589,1.2152
293,82909,0,False,2048,402,3.4513423442840576,0.1529814302921295,1.065
294,83435,5,False,1428,353,3.20164155960083,0.1788218766450882,1.2302
295,83740,6,False,2048,505,3.172196865081787,0.1915933489799499,1.2713
296,84233,7,False,1526,369,3.1786091327667236,0.1896325498819351,1.2206
297,84431,0,False,2048,431,3.24908185005188,0.1764418333768844,1.2127
298,84547,8,False,1809,421,3.057603359222412,0.2064194828271865,1.4498
299,85003,5,False,1697,415,3.0264012813568115,0.2035398185253143,1.3042
300,85006,9,False,1697,431,3.030986785888672,0.2159292101860046,0.9685
301,85071,9,False,1286,313,3.2160494327545166,0.2118380069732666,0.8376
302,85193,6,False,1671,439,3.069223642349243,0.1929298937320709,1.1903
303,85352,1,False,2048,491,3.0620927810668945,0.1969697028398513,1.2514
304,85806,8,False,2048,449,3.1850597858428955,0.177908107638359,1.2141
305,86364,3,False,1533,401,3.0826351642608643,0.2096668779850006,1.0432
306,86891,2,False,2048,514,3.7756943702697754,0.1485826075077057,1.3328
307,87350,0,False,2048,562,3.299286365509033,0.1979472190141677,1.1272
308,87466,8,False,2048,551,3.357028007507324,0.1837732195854187,1.1518
309,87557,9,False,1419,374,3.3741812705993652,0.1757233589887619,0.9779
310,87569,4,False,1573,444,3.0991461277008057,0.2100572884082794,1.0986
311,87765,9,False,1395,357,3.362581491470337,0.190236896276474,1.1529
312,87886,7,False,2048,434,3.336806535720825,0.179863154888153,1.0768
313,88431,8,False,2048,499,3.5650596618652344,0.1520039141178131,0.9837
314,88671,8,False,2048,474,3.552210807800293,0.1422287374734878,0.9126
315,89044,1,False,2048,458,3.5247864723205566,0.1603128015995025,1.0715
316,89111,9,False,2035,549,3.1313111782073975,0.2144613862037658,1.4407
317,89473,3,False,1754,434,3.2730631828308105,0.1900684982538223,1.2926
318,89510,9,False,2048,509,3.5112645626068115,0.1573802530765533,0.7941
319,89648,4,False,2048,395,3.3413453102111816,0.177908107638359,1.1126
320,89940,8,False,2048,504,3.6802525520324703,0.140273705124855,1.0854
321,90546,0,False,2048,485,3.2746307849884033,0.1803519129753112,1.2476
322,90727,9,False,1140,313,3.6410934925079346,0.1572934985160827,1.1156
323,90762,8,False,2048,424,3.444939136505127,0.1578690111637115,1.0108
324,90840,8,False,2048,404,3.3798227310180664,0.1652003973722458,1.1755
325,90882,9,False,2048,470,3.558064222335815,0.1559139788150787,1.1906
326,91088,6,False,2048,442,3.231234312057495,0.1803519129753112,1.1313
327,91105,3,False,2048,383,3.709139585494995,0.1407624632120132,0.8991
328,91762,1,False,2048,453,3.17287540435791,0.1901270747184753,1.1426
329,91978,5,False,2048,432,3.5212576389312744,0.1471163183450698,1.0888
330,92090,7,False,1171,328,3.378700017929077,0.1873396039009094,1.07
331,92414,4,False,2048,498,3.5675389766693115,0.1593352854251861,1.1502
332,92501,7,False,2048,501,3.565079927444458,0.1686217039823532,0.7846
333,93028,6,False,2048,454,3.4098219871520996,0.1671554297208786,1.1045
334,93159,7,False,1690,454,2.919017791748047,0.257701426744461,1.2539
335,93372,5,False,2048,510,2.960932970046997,0.2214076220989227,1.1552
336,94729,5,False,2048,533,4.462442398071289,0.0835777148604393,1.0499
337,94870,6,False,2048,405,3.339017629623413,0.1637341082096099,0.8226
338,94931,7,False,1816,495,3.2582004070281982,0.2111356109380722,1.1441
339,95098,2,False,2048,472,3.841017961502075,0.1344086080789566,1.1099
340,95230,3,False,2048,487,3.759966135025024,0.137829914689064,1.0645
341,95498,7,False,2048,499,3.798863649368286,0.1432062536478042,0.9967
342,96208,5,False,2048,425,3.4030537605285645,0.1642228811979293,0.7131
343,96323,3,False,2048,521,3.659175157546997,0.1510263979434967,1.1033
344,96435,6,False,1509,427,3.186612606048584,0.2262773662805557,0.752
345,96841,7,False,2048,426,3.516509771347046,0.1568914949893951,1.1093
346,96878,7,False,2048,457,3.474409818649292,0.1661779135465622,1.0583
347,97228,8,False,2048,466,3.4660885334014893,0.1637341082096099,0.8606
348,97364,8,False,2048,558,4.099850654602051,0.135386124253273,1.16
349,97544,9,False,2048,467,3.108260154724121,0.1959921866655349,1.091
350,97576,9,False,2048,499,3.488912343978882,0.1554252207279205,0.9614
351,97804,3,False,1663,389,3.142740488052368,0.1998795866966247,1.5858
352,97891,6,False,1488,349,3.250823497772217,0.2052489966154098,1.3915
353,97911,9,False,1773,452,3.0549211502075195,0.2055335938930511,1.3165
354,97954,6,False,2048,443,3.384493112564087,0.1852394938468933,0.8348
355,98052,1,False,2048,496,2.974883556365967,0.2067448645830154,1.097
356,98116,2,False,2048,504,3.111472845077514,0.2013685256242752,1.1579
357,98150,5,False,2048,507,3.809383630752563,0.1417399793863296,1.1113
358,98595,0,False,2048,522,3.0877344608306885,0.2130987346172332,0.9985
359,99125,1,False,1907,466,2.991060256958008,0.2173228412866592,1.5249
360,100113,7,False,1887,466,3.05342698097229,0.2159151136875152,1.3576
361,100723,2,False,2048,535,3.4843268394470215,0.1661779135465622,1.0932
362,100748,1,False,1953,513,3.0011963844299316,0.212198868393898,1.1171
363,101236,6,False,1887,482,3.0042200088500977,0.2026525139808654,0.9615
364,101305,9,False,850,196,3.260676860809326,0.2051886767148971,0.9452
365,102300,2,False,2048,488,3.2394285202026367,0.179863154888153,1.0235
366,102357,3,False,2048,525,3.7504148483276367,0.1324535608291626,0.9506
367,102371,1,False,2048,507,3.8835270404815674,0.1212121248245239,0.8616
368,102951,8,False,2048,485,3.4611756801605225,0.1710654944181442,1.0507
369,103188,4,False,2048,454,3.1223578453063965,0.1842619776725769,1.0617
370,103460,2,False,2048,481,3.612937688827514,0.1363636404275894,1.0972
371,104029,4,False,2048,493,3.0924575328826904,0.2170087993144989,0.9913
372,104392,5,False,2048,464,3.056435823440552,0.1999022513628006,0.8525
373,104437,3,False,1640,406,3.2699594497680664,0.189865693449974,1.1979
374,104964,8,False,2048,534,3.720782995223999,0.137829914689064,1.1016
375,104993,8,False,2048,503,3.856961488723755,0.1231671571731567,1.0836
376,105311,7,False,2048,492,4.194279670715332,0.1050830855965614,0.8655
377,105640,5,False,2048,500,3.166396141052246,0.1788856238126754,1.0415
378,105895,4,False,2048,470,3.266726016998291,0.1862170100212097,1.249
379,105981,1,False,1976,500,3.124810695648194,0.2163120508193969,1.1904
380,106295,2,False,2048,507,3.0420570373535156,0.2258064448833465,1.0631
381,106734,6,False,2048,530,2.8887977600097656,0.2238514125347137,0.8804
382,107004,5,False,2048,417,3.2962536811828613,0.1876832842826843,1.1241
383,107208,3,False,2048,456,3.1662328243255615,0.1769305914640426,1.2076
384,107243,7,False,1927,494,3.095418930053711,0.1942857205867767,1.6639
385,107766,4,False,1072,304,3.1754331588745117,0.2149532735347747,1.1285
386,107944,9,False,2048,417,3.068368911743164,0.1901270747184753,1.1123
387,108086,0,False,2048,436,3.006901979446411,0.1964809447526931,1.1182
388,108094,5,False,1624,405,2.9686450958251953,0.2157829850912094,1.3016
389,108510,3,False,2048,446,3.037794589996338,0.1920821070671081,0.9307
390,109579,6,False,2048,538,3.188941240310669,0.1979472190141677,1.3029
391,109662,8,False,2048,406,3.161836862564087,0.1867057681083679,1.0728
392,109695,1,False,2048,482,3.421013355255127,0.1676441878080368,1.0127
393,109994,7,False,1617,443,3.1057777404785156,0.1950464397668838,1.0292
394,110457,9,False,2048,385,3.5099966526031494,0.1534701883792877,1.0782
395,110897,8,False,2048,408,3.2696475982666016,0.1989247351884842,1.1082
396,110988,3,False,1678,444,3.169283866882324,0.1927207708358764,1.1219
397,111160,2,False,2048,519,3.176600694656372,0.200879767537117,0.9883
398,111458,3,False,1797,448,3.0567405223846436,0.2055710256099701,1.281
399,111861,8,False,2048,478,3.790581464767456,0.135386124253273,1.1398
400,112335,6,False,2048,412,3.2314093112945557,0.1739980429410934,1.0218
401,113252,7,False,2048,470,3.847881555557251,0.1363636404275894,0.9588
402,113332,9,False,2048,441,3.681042909622192,0.1622678339481353,0.973
403,113619,7,False,2048,465,3.2542707920074463,0.2052785903215408,1.1671
404,113886,8,False,2048,386,3.298868179321289,0.1808406710624694,1.1064
405,114127,7,False,997,273,3.225839853286743,0.1929648220539093,1.9512
406,114908,4,False,1449,381,3.0415873527526855,0.1914305388927459,3.1146
407,114966,9,False,1709,464,3.0240719318389893,0.1939074397087097,2.4098
408,115112,5,False,1707,422,2.957612991333008,0.2328445762395858,1.4833
409,116036,9,False,1798,449,3.000498056411743,0.211581289768219,1.1184
410,116472,5,False,1200,334,3.157017469406128,0.2020033448934555,1.1023
411,116488,0,False,1215,321,3.088625192642212,0.2151689976453781,1.0313
412,117169,9,False,1686,448,3.0311684608459473,0.2060570120811462,1.0829
413,117353,3,False,1586,428,3.0359854698181152,0.2159090936183929,0.8393
414,118016,6,False,1530,384,3.0072224140167236,0.1884816735982895,1.158
415,118029,5,False,1507,415,3.0611236095428467,0.225249171257019,1.1266
416,118132,0,False,1227,319,3.1136136054992676,0.1934693902730941,1.0398
417,118564,0,False,1444,390,3.120840549468994,0.1914008259773254,0.8471
418,118932,0,False,1910,495,2.950815439224243,0.2117400467395782,1.3375
419,119291,7,False,1225,313,3.167952537536621,0.1847914904356002,0.9731
420,119503,2,False,1802,461,3.001340627670288,0.2083333283662796,1.2714
421,119506,7,False,1233,313,3.1703219413757324,0.1770917922258377,0.9194
422,119586,8,False,1087,351,3.4272119998931885,0.1898617446422577,0.9222
423,119617,2,False,2048,510,3.218163251876831,0.2003910094499588,1.1016
424,119658,1,False,2048,600,3.768122673034668,0.1505376398563385,1.1076
425,119748,5,False,2048,533,3.1128487586975098,0.2145650088787078,0.9192
426,121014,2,False,2048,487,3.102593421936035,0.1974584609270095,0.9676
427,122472,0,False,1294,372,3.514671087265014,0.1648606806993484,0.9073
428,122512,2,False,1157,338,3.530148506164551,0.1783549785614013,0.5766
429,123021,4,False,1598,444,3.2326772212982178,0.2149122804403305,0.9866
430,123095,7,False,1007,297,3.580502510070801,0.1751243770122528,0.566
431,123634,3,False,2048,588,3.9360756874084473,0.1280547380447387,0.8231
432,124537,0,False,409,96,3.8002989292144775,0.1842751801013946,0.7545
433,124762,6,False,2048,408,3.1670422554016113,0.1915933489799499,1.1031
434,125541,1,False,498,142,3.6070995330810542,0.2036290317773819,0.6017
435,125596,5,False,273,59,3.975471019744873,0.1623616218566894,0.5514
436,126703,0,False,716,185,3.5660524368286133,0.2072829157114029,0.6248
437,127589,4,False,2048,463,3.637711524963379,0.1544477045536041,0.857
438,128060,3,False,1377,381,3.2483980655670166,0.2072727233171463,0.9857
439,128679,1,False,2048,525,3.504444122314453,0.1661779135465622,1.106
440,129557,2,False,1384,328,3.2712631225585938,0.1910274922847747,1.0414
441,129866,8,False,1144,308,3.228299617767334,0.2084062993526458,0.8524
442,131286,0,False,1473,396,3.2006866931915283,0.2080217599868774,0.751
443,131672,3,False,2048,473,3.1429967880249023,0.1808406710624694,1.55
444,131968,1,False,1274,336,3.5248334407806396,0.2044025212526321,1.0303
445,133391,4,False,2048,431,3.1991798877716064,0.1935483813285827,1.0653
446,133966,5,False,1535,415,2.975127935409546,0.2224396616220474,0.5663
447,134150,7,False,1827,467,3.038235664367676,0.2158904075622558,1.4539
448,134762,9,False,2048,455,3.248337507247925,0.1891495585441589,1.1392
449,135086,5,False,2004,537,3.1214776039123535,0.2152847200632095,1.7175
450,135537,7,False,2048,507,3.076345682144165,0.2091886550188064,2.5272
451,135664,0,False,1619,439,3.133106231689453,0.2040816396474838,1.3401
452,135974,2,False,1208,315,3.1642842292785645,0.2056384682655334,1.1499
453,136438,6,False,1488,401,3.1708779335021973,0.2072678357362747,0.9883
454,136550,1,False,2048,474,3.1524572372436523,0.1974584609270095,1.5644
455,136911,6,False,1259,331,3.218407392501831,0.2084327787160873,1.2982
456,137435,7,False,1581,433,3.136830568313598,0.2241925299167633,1.2269
457,137444,3,False,2048,448,3.2970550060272217,0.1901270747184753,1.1983
458,137715,8,False,1305,349,3.1678900718688965,0.1964696794748306,1.2811
459,137927,3,False,1811,474,2.9950039386749268,0.2106135934591293,1.6736
460,138133,7,False,1793,444,3.152707815170288,0.2116136252880096,2.1483
461,138230,5,False,2048,456,3.121378183364868,0.1989247351884842,1.0288
462,138577,1,False,1832,491,3.0172970294952393,0.2295081913471222,1.541
463,138751,9,False,2048,484,3.665648460388184,0.1529814302921295,1.0625
464,139107,3,False,223,50,3.905566692352295,0.2579185664653778,0.8382
465,139137,4,False,2048,482,3.333786725997925,0.1715542525053024,1.0495
466,139312,3,False,1510,396,3.204026937484741,0.1909814327955246,1.3119
467,139660,7,False,892,206,3.378538131713867,0.1786516904830932,1.0993
468,139826,0,False,864,212,3.4351019859313965,0.1798143833875656,1.0729
469,139860,4,False,1615,429,3.0855190753936768,0.2039677649736404,1.3944
470,139888,6,False,1457,366,3.2472994327545166,0.1862542927265167,1.3734
471,140604,0,False,1135,266,3.19512677192688,0.2021182626485824,0.94
472,140992,9,False,782,183,3.466172933578491,0.1474359035491943,0.7948
473,141021,2,False,1681,399,3.108832836151123,0.2025014907121658,1.4617
474,141025,1,False,1252,299,3.3633742332458496,0.1744000017642974,1.1072
475,141438,6,False,1375,332,3.265371561050415,0.1988346725702285,1.5556
476,141585,0,False,998,234,3.3383047580718994,0.1686746925115585,1.0691
477,141746,6,False,1185,290,3.381578207015991,0.1775147914886474,1.4944
478,142341,9,False,2048,518,3.024719476699829,0.205767348408699,1.583
479,142365,8,False,1022,259,3.32828688621521,0.1882352977991104,1.5551
480,142824,4,False,1259,335,3.2956631183624268,0.1933174282312393,0.8503
481,143015,7,False,2048,545,2.9959452152252197,0.2258064448833465,1.329
482,143106,3,False,486,101,3.8541646003723145,0.1446280926465988,1.0612
483,143506,1,False,2048,520,3.0681536197662354,0.203323557972908,1.2941
484,144039,7,False,2048,539,3.166123390197754,0.2038123160600662,1.1501
485,144114,3,False,1890,464,3.024221420288086,0.2203389853239059,1.3391
486,144234,8,False,2048,490,3.1503419876098633,0.2003910094499588,1.1982
487,144314,9,False,2048,379,3.386697292327881,0.1744868010282516,1.1414
488,144357,1,False,1669,401,3.2578377723693848,0.1883623301982879,1.4699
489,144768,6,False,2048,471,3.7103796005249023,0.1407624632120132,1.1978
490,144921,0,False,2048,418,3.558616399765014,0.1564027369022369,1.1727
491,144940,6,False,1662,434,3.446998834609986,0.1674698740243911,0.9202
492,144973,1,False,2048,401,3.1263294219970703,0.2028347998857498,1.0783
493,145244,1,False,2048,457,3.2867298126220703,0.1818181872367859,0.8203
494,145373,3,False,2048,484,3.4718401432037354,0.168132945895195,1.1399
495,145420,6,False,2048,528,3.5604443550109863,0.1500488817691803,1.2493
496,145614,3,False,2048,442,3.1226000785827637,0.1950146555900573,1.1237
497,145629,7,False,2048,452,3.440948963165283,0.1666666716337204,1.1228
498,146103,0,False,2048,436,3.3789703845977783,0.1598240435123443,0.6958
499,146429,2,False,2048,496,3.5891473293304443,0.1505376398563385,1.1099
500,146799,8,False,1543,375,3.050557851791382,0.2115509361028671,1.2848
501,147066,2,False,1709,384,3.0320773124694824,0.2091388404369354,0.9915
502,147111,9,False,2048,427,3.448099374771118,0.1564027369022369,0.9115
503,147359,0,False,1597,422,3.031235933303833,0.2043887078762054,1.139
504,147614,1,False,1480,372,3.172031879425049,0.2023003995418548,1.1254
505,148003,7,False,2048,466,3.168158769607544,0.1852394938468933,1.207
506,148288,1,False,2048,408,3.484822988510132,0.1417399793863296,0.7239
507,149476,2,False,2048,478,3.2405731678009033,0.1871945261955261,1.1329
508,149752,9,False,2048,495,3.213597297668457,0.1832844614982605,1.1062
509,149950,4,False,2048,529,3.0576488971710205,0.2165200412273407,1.1953
510,149969,0,False,1483,371,3.205800294876098,0.1856853514909744,1.2292
511,150163,2,False,1857,464,3.0819127559661865,0.2032345086336136,1.4844
512,150458,0,False,2048,481,3.2778773307800293,0.1759530752897262,1.0567
513,150492,3,False,2048,404,3.2932422161102295,0.1744868010282516,1.1772
514,150656,4,False,2048,464,3.381906747817993,0.1647116392850875,1.0051
515,151189,3,False,2048,442,3.107705354690552,0.210654929280281,0.7362
516,151286,7,False,2048,501,3.0744569301605225,0.2091886550188064,1.2788
517,152242,3,False,2048,409,3.43461012840271,0.1686217039823532,1.083
518,153295,1,False,2048,494,3.1694538593292236,0.1979472190141677,1.1048
519,153619,0,False,2048,498,3.1034629344940186,0.1915933489799499,1.2331
520,154078,5,False,2048,513,3.1035895347595215,0.1881720423698425,1.3743
521,154210,8,False,2048,520,3.0688908100128174,0.1969697028398513,1.1706
522,155034,5,False,2048,501,2.992889642715454,0.2072336226701736,1.1003
523,155580,0,False,1708,393,2.962944984436035,0.2045720964670181,1.3425
524,155618,9,False,2048,452,3.136431932449341,0.1857282519340515,0.8716
525,156137,1,False,1857,465,2.8666863441467285,0.2350404262542724,0.988
526,156659,8,False,2035,504,2.949402332305908,0.2090506702661514,1.308
527,156856,1,False,2048,441,3.2469921112060547,0.1666666716337204,1.106
528,157002,0,False,1612,400,3.2845847606658936,0.1832298189401626,0.8163
529,157112,5,False,2048,525,2.994148969650269,0.2199413478374481,0.8701
530,157417,5,False,2048,464,3.11596941947937,0.1925708651542663,1.1131
531,157462,9,False,1982,511,3.0491607189178467,0.2207070738077163,1.5802
532,157678,8,False,2048,520,3.0661799907684326,0.2052785903215408,1.0862
533,158000,2,False,2048,475,3.139272689819336,0.1930596232414245,0.7583
534,158460,0,False,2048,548,3.4534738063812256,0.1715542525053024,1.1251
535,158750,5,False,2048,475,3.1410062313079834,0.2013685256242752,1.1894
536,158927,6,False,2048,500,3.52431583404541,0.1617790758609771,1.1062
537,159022,4,False,2048,521,3.434769868850708,0.1642228811979293,1.2534
538,159902,3,False,2048,582,3.9705028533935542,0.1231671571731567,1.0563
539,160074,5,False,2048,528,3.5758168697357178,0.1603128015995025,1.0961
540,160167,8,False,2044,514,2.831570863723755,0.2340842336416244,1.6463
541,160767,9,False,2048,527,3.5654594898223877,0.1524926722049713,1.023
542,161714,1,False,2048,532,3.64004898071289,0.1397849470376968,0.9557
543,161930,9,False,2048,468,3.2986395359039307,0.1774193495512008,1.0919
544,162596,0,False,2048,455,3.3164806365966797,0.175464317202568,1.1002
545,162651,2,False,2048,536,3.740166187286377,0.137829914689064,1.176
546,162914,5,False,2048,468,3.34822416305542,0.1832844614982605,1.0386
547,163290,4,False,2048,537,3.1277952194213867,0.2018572837114334,1.156
548,163386,4,False,2048,570,3.792652130126953,0.1422287374734878,1.2358
549,163620,6,False,1965,541,2.981480836868286,0.2159959226846695,1.7549
550,164416,6,False,2048,543,3.0964648723602295,0.2135874927043914,1.3254
551,164452,1,False,2048,567,3.248533248901367,0.1999022513628006,1.2231
552,164673,9,False,2048,554,3.1208207607269287,0.1974584609270095,1.504
553,164989,8,False,2048,516,3.066065788269043,0.2013685256242752,1.032
554,165700,6,False,2048,493,2.8703410625457764,0.2287390083074569,1.225
555,165938,2,False,2048,525,3.4756064414978027,0.1676441878080368,1.2736
556,166105,2,False,2048,480,2.9674034118652344,0.2067448645830154,1.1476
557,166117,1,False,1324,338,3.103121757507324,0.1921331286430359,0.7631
558,166148,1,False,2048,499,2.938960075378418,0.2140762507915496,1.2477
559,166227,1,False,1567,395,2.9715635776519775,0.2108626216650009,1.1759
560,166379,4,False,2048,497,2.900734186172486,0.2130987346172332,1.2416
561,166795,2,False,1583,392,3.083709478378296,0.1815306842327118,1.7558
562,167140,8,False,1809,454,2.896808385848999,0.2335362434387207,1.6861
563,167604,3,False,1713,449,3.018479824066162,0.2191700786352157,1.4547
564,167827,8,False,1877,463,2.897453784942627,0.2287999987602234,1.8405
565,168065,5,False,1568,360,3.0781965255737305,0.1883780360221862,1.2851
566,168227,6,False,2048,431,3.082540988922119,0.1803519129753112,1.1477
567,168362,5,False,2048,469,2.929431438446045,0.2013685256242752,0.7071
568,168425,8,False,1639,385,2.943934202194214,0.2113622426986694,1.6138
569,169222,3,False,1740,453,2.9393913745880127,0.2238204777240753,1.7501
570,170109,5,False,2048,442,3.3034489154815674,0.1749755591154098,1.0369
571,170112,7,False,1751,462,2.9267818927764893,0.2132647186517715,5.6854
572,170139,4,False,1615,402,2.909444808959961,0.2064476162195205,1.1518
573,170232,2,False,1489,379,3.0391011238098145,0.2111634165048599,1.3902
574,170293,0,False,2048,487,2.874847650527954,0.2218963801860809,1.2586
575,170500,5,False,1819,466,2.8162999153137207,0.2394056171178817,1.2216
576,170790,5,False,1944,475,2.918665885925293,0.210092693567276,1.5661
577,171250,8,False,2048,395,3.1122312545776367,0.1959921866655349,1.2281
578,171617,5,False,1341,321,3.094670534133911,0.1994025409221649,0.9413
579,171833,8,False,1807,451,2.9013540744781494,0.2238227128982544,1.318
580,172315,9,False,2048,448,2.9464502334594727,0.2077223807573318,1.1767
581,172732,6,False,2048,482,2.9327542781829834,0.2145650088787078,1.1028
582,173358,9,False,2048,459,3.1048319339752197,0.1950146555900573,1.0452
583,173772,1,False,2048,472,3.09043288230896,0.1950146555900573,0.7729
584,174077,0,False,2048,399,3.2536604404449463,0.1871945261955261,1.2419
585,174483,7,False,2048,497,2.935946464538574,0.2238514125347137,1.1713
586,174546,8,False,1977,485,3.0772929191589355,0.2035443037748336,1.7195
587,174590,2,False,2048,419,3.4245545864105225,0.1739980429410934,1.0643
588,175174,4,False,2048,471,2.8811824321746826,0.2253176867961883,1.2219
589,175304,2,False,1885,477,3.0194103717803955,0.1954328268766403,1.4033
590,175343,4,False,1718,431,3.0936264991760254,0.1800699234008789,0.9536
591,175382,6,False,1545,351,3.1342451572418213,0.1963707059621811,0.8707
592,175440,3,False,2048,421,3.1454811096191406,0.1994134932756424,1.0951
593,175463,3,False,2048,480,2.9175872802734375,0.2228738963603973,1.172
594,176151,2,False,2048,417,3.33211088180542,0.1832844614982605,1.0601
595,176490,2,False,1997,494,2.8385424613952637,0.2375939786434173,1.2481
596,176600,8,False,1599,375,3.056161403656006,0.1941139698028564,0.8408
597,176864,2,False,1912,470,2.9366023540496826,0.2073298394680023,1.4077
598,177149,5,False,1993,481,3.0056018829345703,0.2139628380537033,1.7435
599,177169,8,False,2048,460,3.027579545974731,0.2047898322343826,0.8623
600,177335,3,False,2048,447,3.0051467418670654,0.2023460417985916,1.1515
601,177788,0,False,2037,494,3.006937026977539,0.2009827941656112,1.4627
602,178044,0,False,2048,433,3.202844619750977,0.1793743818998336,0.8012
603,178167,3,False,1940,494,2.956238269805908,0.2156862765550613,1.3844
604,178463,4,False,2048,483,3.362675428390503,0.1725317686796188,1.0698
605,178474,1,False,2048,447,3.1846439838409424,0.1911045908927917,0.9912
606,178475,6,False,2048,424,3.157967329025269,0.1808406710624694,1.1173
607,178577,6,False,2048,498,2.938753366470337,0.2258064448833465,0.7946
608,178604,9,False,1847,481,2.91613245010376,0.2363143563270568,1.4886
609,178763,5,False,2048,456,3.0359883308410645,0.2091886550188064,1.0441
610,179468,3,False,1861,491,2.970100164413452,0.2157073765993118,1.0783
611,180162,8,False,1330,344,3.1462674140930176,0.1882530152797699,0.7773
612,180291,0,False,2048,428,3.124376058578491,0.203323557972908,0.9004
613,180387,4,False,2048,459,3.3932974338531494,0.1759530752897262,0.9286
614,180680,6,False,1953,497,2.856142520904541,0.2362890839576721,1.1726
615,181068,2,False,2048,472,3.005206346511841,0.203323557972908,1.0803
616,181178,7,False,2048,379,3.0327839851379395,0.1940371394157409,1.0395
617,181907,8,False,1735,426,3.067089080810547,0.2036930173635482,1.2183
618,182244,6,False,1668,409,3.062579870223999,0.174669861793518,1.0924
619,182285,1,False,2048,376,3.1667840480804443,0.200879767537117,1.7281
620,183075,1,False,2048,496,3.770857572555542,0.1295210123062133,0.8003
621,183313,4,False,2048,410,3.3865702152252197,0.1769305914640426,0.9709
622,183359,2,False,2048,424,3.604614734649658,0.1549364626407623,1.0229
623,183895,5,False,2048,445,3.40727162361145,0.1588465273380279,1.1073
624,184422,5,False,2048,481,3.235003709793091,0.170576736330986,1.0312
625,184972,3,False,2048,453,3.111551523208618,0.1935483813285827,1.0539
626,185013,5,False,2048,459,3.5375916957855225,0.1495601236820221,0.7348
627,185153,8,False,2048,444,3.410367250442505,0.175464317202568,1.1233
628,185344,1,False,2048,399,3.329298257827759,0.1695992201566696,1.0952
629,185621,6,False,2048,444,3.602475166320801,0.1348973661661148,1.1838
630,185854,6,False,2048,467,3.503278970718384,0.1573802530765533,1.0133
631,185944,8,False,2048,453,4.29045295715332,0.104105569422245,0.6698
632,186431,2,False,2048,431,3.434640884399414,0.170576736330986,1.0485
633,186456,0,False,2048,546,3.507445812225342,0.1588465273380279,1.1807
634,186614,5,False,2048,461,3.194540739059448,0.179863154888153,1.1864
635,186979,9,False,2048,520,3.5144193172454834,0.1598240435123443,1.1287
636,187188,1,False,2048,497,4.36000394821167,0.1065493673086166,0.8277
637,187319,1,False,2048,486,3.504739761352539,0.1735092848539352,1.0148
638,187461,7,False,1535,421,3.1958587169647217,0.1911285072565078,0.9277
639,187729,9,False,2048,454,3.498756170272827,0.1627565920352935,0.9528
640,187891,0,False,2048,484,2.990565776824951,0.2086998969316482,0.9543
641,188009,0,False,2048,478,3.3171350955963135,0.1627565920352935,0.9057
642,188315,4,False,1668,414,3.025498867034912,0.2046818733215332,0.76
643,188457,8,False,1702,454,3.0647389888763428,0.2135294079780578,1.7974
644,188739,3,False,2048,501,3.2417430877685547,0.1774193495512008,1.2246
645,188807,3,False,1688,431,3.203514814376831,0.1838671416044235,1.2289
646,188949,9,False,2048,518,3.117271423339844,0.1959921866655349,0.7217
647,189034,8,False,2036,523,3.0548763275146484,0.2035398185253143,1.6225
648,189276,9,False,2048,507,2.9012465476989746,0.2184750735759735,1.0971
649,189405,5,False,2048,445,3.0180556774139404,0.1920821070671081,1.2591
650,189503,5,False,2048,464,3.2766687870025635,0.1979472190141677,1.0621
651,189672,9,False,1395,358,3.0721824169158936,0.1952620297670364,0.9797
652,190433,9,False,2048,484,2.9698612689971924,0.1994134932756424,1.0894
653,190825,0,False,2048,466,3.195091485977173,0.1886608004570007,1.0131
654,190856,0,False,2048,472,3.655907392501831,0.140273705124855,0.7252
655,190917,4,False,2048,432,3.57442569732666,0.1383186727762222,1.1087
656,192361,7,False,2048,456,3.5004401206970215,0.1608015596866607,1.0353
657,192412,2,False,2048,429,3.216916561126709,0.175464317202568,1.2418
658,192506,1,False,2048,526,4.055307865142822,0.1202346011996269,1.1643
659,193533,6,False,2048,381,3.432350397109986,0.1593352854251861,0.678
660,194049,9,False,2048,427,3.6350505352020264,0.1466275602579116,1.1311
661,194333,3,False,2048,475,3.7614614963531494,0.135386124253273,1.1708
662,194491,7,False,2048,423,3.3045847415924072,0.1695992201566696,1.1287
663,194806,4,False,2048,407,3.426279306411743,0.1666666716337204,1.0303
664,194945,1,False,2048,486,3.161022663116455,0.1945258975028991,0.8112
665,195739,7,False,2048,487,3.0744383335113525,0.200879767537117,1.0659
666,195828,3,False,2048,428,3.1664795875549316,0.1774193495512008,1.1652
667,195836,3,False,1708,418,3.0671215057373047,0.2186400890350341,0.8491
668,196728,9,False,1295,344,3.2408504486083984,0.1941221952438354,1.1532
669,197128,1,False,2048,554,3.0023860931396484,0.2096774131059646,0.8921
670,197198,8,False,2048,501,3.1695635318756104,0.1876832842826843,1.2531
671,197261,0,False,2048,530,3.268988132476806,0.198435977101326,1.2818
672,197287,4,False,2048,485,3.338528871536255,0.1647116392850875,1.113
673,197303,2,False,2048,559,3.051372528076172,0.2184750735759735,1.1632
674,197394,8,False,2048,522,3.512528896331787,0.1588465273380279,0.7328
675,197472,3,False,2048,526,3.392122745513916,0.1783968657255172,1.1928
676,197586,1,False,1901,475,3.147392749786377,0.1995787322521209,1.5316
677,198225,0,False,2025,561,3.055778741836548,0.2130499184131622,1.5412
678,199879,9,False,986,274,3.350466728210449,0.1819105744361877,0.8912
679,200147,2,False,1654,428,3.0593724250793457,0.2173123508691787,1.7289
680,200151,8,False,2048,530,3.45735239982605,0.1666666716337204,1.4178
681,200182,2,False,2048,519,3.3525569438934326,0.1808406710624694,0.6859
682,200430,3,False,2039,535,3.022672176361084,0.2145311683416366,1.7806
683,200952,1,False,1784,470,2.895421028137207,0.2390572428703308,1.5987
684,201004,5,False,2048,525,3.524025201797486,0.1652003973722458,0.9605
685,201451,1,False,1648,418,3.0194857120513916,0.1998784989118576,1.5807
686,202200,8,False,2048,530,3.35622239112854,0.1759530752897262,1.2756
687,202299,2,False,2033,532,3.035619020462036,0.2191038876771927,1.9755
688,202304,8,False,2048,537,3.460683107376098,0.1676441878080368,0.9815
689,202642,3,False,2048,573,4.943209648132324,0.0728250220417976,1.2469
690,202803,8,False,2048,394,3.3533918857574463,0.1661779135465622,1.2706
691,202851,4,False,1559,373,3.28936767578125,0.2113037854433059,1.4691
692,203122,7,False,1445,340,3.2200279235839844,0.1933472007513046,1.5463
693,203340,9,False,2048,459,3.5972390174865723,0.1578690111637115,1.3204
694,203574,6,False,2048,542,3.022005558013916,0.2233626544475555,1.1011
695,203577,7,False,1886,494,2.9778788089752197,0.217091292142868,2.099
696,204856,8,False,2048,486,3.232179641723633,0.1813294291496276,1.2189
697,204968,7,False,2048,440,3.098050117492676,0.1945258975028991,0.9931
698,205083,6,False,1889,459,3.059877872467041,0.1981981992721557,1.6186
699,205146,7,False,1730,437,3.043727159500122,0.1903935223817825,1.6172
700,205182,7,False,2048,429,3.338754177093506,0.1686217039823532,2.2574
701,205337,0,False,2048,407,3.4524006843566895,0.1612903177738189,0.9
702,205905,1,False,2048,482,3.1971826553344727,0.1876832842826843,0.8054
703,206095,6,False,962,242,3.3356361389160156,0.1979166716337204,1.6234
704,207467,6,False,2048,479,3.317274570465088,0.1710654944181442,1.2728
705,207601,7,False,2048,518,3.12024450302124,0.1881720423698425,0.8775
706,209298,6,False,1851,441,3.2416698932647705,0.1871281713247299,1.9434
707,210118,5,False,1404,296,3.457700490951538,0.1583452224731445,1.6811
708,211437,8,False,2048,542,3.6617023944854736,0.1436950117349624,1.037
709,212191,5,False,2048,429,3.264061450958252,0.1783968657255172,1.2754
710,212918,1,False,1036,311,3.303467273712158,0.2011605352163314,1.4484
711,213040,0,False,2048,459,3.834473133087158,0.1422287374734878,1.0146
712,213252,1,False,2048,500,3.488140344619751,0.1720430105924606,0.7501
713,213262,6,False,2048,504,3.655731916427612,0.1417399793863296,1.3643
714,213654,6,False,2048,463,2.918837547302246,0.2199413478374481,0.992
715,213988,0,False,2048,445,3.041700601577759,0.2111437022686004,1.0238
716,214021,5,False,2048,441,2.898542881011963,0.2155425250530243,1.0986
717,214742,5,False,2048,480,2.7900445461273193,0.2375366538763046,0.7376
718,214794,9,False,2048,437,3.188185930252075,0.1852394938468933,1.1659
719,214839,5,False,1135,324,3.0078744888305664,0.218887910246849,0.5609
720,215260,4,False,2048,385,3.098106384277344,0.1925708651542663,1.0761
721,215801,7,False,2048,517,2.9621031284332275,0.2218963801860809,1.0557
722,216185,5,False,2048,403,3.0671684741973877,0.1999022513628006,1.0733
723,216285,2,False,979,279,3.03688383102417,0.241555780172348,1.2352
724,216458,2,False,2048,451,2.862964391708374,0.2111437022686004,1.0207
725,216518,9,False,2048,533,3.0533244609832764,0.2086998969316482,1.1284
726,216831,5,False,1942,477,2.826188087463379,0.239175260066986,1.6375
727,216914,4,False,2048,475,3.21675705909729,0.1774193495512008,1.0927
728,217179,4,False,2048,381,3.159884214401245,0.1837732195854187,1.4084
729,218282,0,False,2048,562,3.6806275844573975,0.1412512212991714,1.4689
730,218713,1,False,2048,463,3.564518451690674,0.165689155459404,0.9594
731,218764,2,False,1312,321,3.1626577377319336,0.1832061111927032,1.4551
732,218896,8,False,1886,490,3.003859758377075,0.2096602916717529,1.0759
733,219084,4,False,2048,492,3.500091075897217,0.1544477045536041,1.2647
734,219437,4,False,2048,552,3.858229637145996,0.1348973661661148,0.8902
735,219663,9,False,1167,291,3.268650770187378,0.1922746747732162,1.3532
736,219848,6,False,2048,463,3.898907423019409,0.1348973661661148,1.1164
737,220140,4,False,1113,325,3.3972315788269043,0.1953195333480835,1.1443
738,220484,9,False,2048,560,3.0227832794189453,0.2204301059246063,1.0009
739,220671,3,False,1373,346,3.1502490043640137,0.196936547756195,1.4566
740,220716,8,False,1959,489,2.9956471920013428,0.2166581451892852,1.7967
741,220765,3,False,1098,341,3.3391332626342773,0.1925182491540908,1.0724
742,221073,0,False,2048,469,3.2746779918670654,0.1901270747184753,1.0718
743,222062,6,False,2048,525,3.150822401046753,0.1925708651542663,1.0526
744,222461,9,False,1911,515,3.238544225692749,0.2063907831907272,1.6711
745,222525,9,False,2048,482,3.392843008041382,0.1739980429410934,0.8687
746,223293,5,False,2048,537,3.040503978729248,0.1940371394157409,0.8491
747,223339,5,False,2048,508,3.257532835006714,0.1911045908927917,0.996
748,224244,8,False,1946,472,3.029166460037231,0.201646089553833,1.6729
749,224412,7,False,2048,454,3.478635787963867,0.1568914949893951,1.2654
750,224459,1,False,2048,440,3.2077276706695557,0.1788856238126754,1.143
751,224994,6,False,301,83,3.747451305389404,0.1772575229406356,0.8671
752,225138,2,False,2048,560,3.692825317382813,0.1578690111637115,1.2991
753,225884,9,False,2048,379,3.543548345565796,0.1436950117349624,1.1625
754,226570,5,False,2048,492,3.343076467514038,0.1803519129753112,1.108
755,226899,9,False,2048,507,3.489626169204712,0.1783968657255172,1.1311
756,227028,3,False,1645,404,3.178499221801758,0.1965916007757187,1.4103
757,227255,2,False,2048,474,3.244835615158081,0.1871945261955261,1.107
758,227543,1,False,1800,443,3.0116868019104004,0.2174638509750366,1.27
759,227561,8,False,2048,523,3.389713764190674,0.1837732195854187,1.2626
760,227757,4,False,557,133,3.6735589504241943,0.1693693697452545,0.9321
761,227934,2,False,2048,484,3.2939515113830566,0.1945258975028991,1.1534
762,228587,1,False,1871,508,3.0664823055267334,0.2070626020431518,1.3841
763,228771,9,False,2048,518,3.1742300987243652,0.1881720423698425,0.9467
764,229362,3,False,2009,466,3.07734751701355,0.1868460327386856,1.3882
765,229778,5,False,2028,502,3.028921127319336,0.2028627842664718,1.509
766,231086,5,False,850,233,3.7445149421691895,0.158018872141838,0.5716
767,231570,8,False,2048,411,3.197343111038208,0.1940371394157409,1.0757
768,232152,1,False,1559,426,3.0189762115478516,0.2286448329687118,0.8012
769,232171,3,False,1792,486,3.097073554992676,0.2022346407175064,1.2795
770,232584,0,False,1745,431,2.9898109436035156,0.2117039561271667,1.5369
771,232756,8,False,1417,343,3.1341865062713623,0.1936395764350891,1.1926
772,232916,7,False,1213,357,3.09761905670166,0.2014863789081573,1.1817
773,233241,4,False,1238,347,3.1376399993896484,0.1885113269090652,1.2519
774,233346,2,False,1306,321,3.2522177696228027,0.1756134927272796,1.4094
775,233648,0,False,2048,438,3.033372640609741,0.1945258975028991,0.8901
776,233848,0,False,1498,353,3.1131482124328613,0.1945187151432037,1.3811
777,234523,2,False,1540,356,3.15921688079834,0.211313396692276,1.5473
778,234844,2,False,1821,433,3.033621072769165,0.1929631680250167,1.3444
779,234872,8,False,1468,333,3.1063151359558105,0.1882673949003219,0.9907
780,235737,3,False,1383,344,3.0604135990142822,0.2165097743272781,1.3954
781,236973,6,False,1099,257,3.224684238433838,0.1741112172603607,1.2657
782,237176,8,False,1528,373,3.0598320960998535,0.1965924054384231,1.503
783,237449,4,False,2048,422,3.101726770401001,0.1994134932756424,0.9867
784,237562,6,False,1240,301,3.1179397106170654,0.1962843239307403,1.1682
785,238379,0,False,1351,323,3.1482226848602295,0.1927353590726852,1.2565
786,238779,4,False,1663,417,3.074756145477295,0.193859115242958,1.2026
787,238888,4,False,937,263,3.302067756652832,0.1946524083614349,1.0806
788,239747,2,False,2048,460,3.223788022994995,0.203323557972908,1.0973
789,239963,9,False,2048,474,3.645957946777344,0.1466275602579116,1.0434
790,240371,3,False,2048,503,3.1055262088775635,0.2013685256242752,0.9166
791,240604,6,False,2048,463,3.411571502685547,0.1720430105924606,1.0424
792,241220,4,False,2048,523,3.5495846271514893,0.1652003973722458,1.1807
793,241361,2,False,2048,537,3.766413450241089,0.1436950117349624,1.0128
794,241514,9,False,1531,408,3.1652071475982666,0.1968606859445572,1.0684
795,241616,1,False,1227,330,3.0740745067596436,0.2048979550600052,0.9214
796,241704,1,False,2048,463,3.3121774196624756,0.1857282519340515,1.028
797,241896,9,False,2048,579,4.133586406707764,0.1036168113350868,1.1894
798,242242,0,False,2048,519,3.169645071029663,0.1940371394157409,1.182
799,242312,8,False,2048,496,3.120424509048462,0.1857282519340515,0.901
800,242558,4,False,2048,511,3.5828778743743896,0.1436950117349624,2.4578
801,242722,0,False,2048,465,3.280590772628784,0.1847507357597351,0.9798
802,242855,7,False,2048,493,3.501927375793457,0.1612903177738189,0.9215
803,243325,1,False,2048,483,3.099095344543457,0.1964809447526931,1.0744
804,243475,1,False,1286,324,3.253131866455078,0.1993769407272339,0.7796
805,243494,7,False,1498,378,3.064389228820801,0.2078876942396164,0.9134
806,243752,7,False,2048,476,3.058612585067749,0.2077223807573318,1.0063
807,244510,2,False,2048,479,3.1916134357452393,0.1979472190141677,1.0157
808,244916,7,False,2048,487,3.212218999862671,0.1832844614982605,1.0353
809,245062,3,False,1831,452,3.048367738723755,0.209950789809227,1.9289
810,245466,0,False,2048,468,3.1042215824127197,0.1857282519340515,1.2397
811,245525,9,False,1775,457,3.016167640686035,0.2092498540878296,1.5976
812,245538,2,False,2048,524,3.1327953338623047,0.1871945261955261,1.1954
813,245561,0,False,1967,520,3.043137311935425,0.221374049782753,1.3842
814,245687,3,False,2048,505,3.058236598968506,0.2067448645830154,0.9255
815,245783,9,False,1797,472,2.992384433746338,0.2267409414052963,1.059
816,245964,6,False,1692,422,3.0510904788970947,0.193491131067276,1.5928
817,246357,6,False,2048,344,3.4745407104492188,0.1573802530765533,1.1452
818,246360,4,False,2048,459,3.249636650085449,0.1783968657255172,1.0073
819,246547,1,False,2048,512,3.0457699298858643,0.2160312831401825,1.039
820,246580,4,False,2048,465,3.329441785812378,0.1686217039823532,1.1745
821,246797,4,False,2048,495,3.458387613296509,0.1495601236820221,1.149
822,246958,5,False,1806,481,3.0276386737823486,0.2145232856273651,1.4627
823,247057,4,False,2048,448,3.298769474029541,0.1808406710624694,0.9491
824,247358,5,False,2048,486,3.18180775642395,0.1837732195854187,1.0632
825,247395,7,False,2048,528,3.012795925140381,0.2267839759588241,1.2723
826,247418,0,False,2048,530,3.1548047065734863,0.1989247351884842,1.0983
827,247604,3,False,2048,502,3.0375232696533203,0.2238514125347137,1.0628
828,248206,9,False,2048,484,3.1842894554138184,0.1808406710624694,1.1059
829,248589,6,False,2048,487,3.573079824447632,0.1617790758609771,1.1157
830,248735,8,False,1262,359,3.48395037651062,0.1809523850679397,1.2332
831,250507,2,False,1298,295,3.2029762268066406,0.1983024626970291,1.1708
832,251021,0,False,2048,427,3.116783618927002,0.1959921866655349,1.107
833,251384,3,False,1165,266,3.3364455699920654,0.1728288978338241,1.1466
834,251618,3,False,1815,416,3.166764259338379,0.2073910683393478,1.5477
835,251762,1,False,1299,298,3.2167718410491943,0.1873554289340973,1.0061
836,252765,4,False,1830,413,3.098715543746948,0.2171772420406341,1.5428
837,253006,0,False,2048,465,2.905484437942505,0.2223851382732391,1.1687
838,253382,1,False,2048,394,3.232848882675171,0.1867057681083679,1.1599
839,253634,8,False,1710,424,3.086221933364868,0.216042160987854,1.0763
840,254843,2,False,2031,454,3.0259833335876465,0.2084770798683166,1.6333
841,254947,6,False,2006,470,2.9872233867645264,0.2175648659467697,1.6696
842,255102,2,False,2048,507,2.970374584197998,0.2262952029705047,0.9933
843,255174,0,False,1416,332,3.1945908069610596,0.1852899640798568,1.2744
844,255191,1,False,1822,402,3.0437543392181396,0.2203296720981598,1.51
845,255264,0,False,2048,402,3.4122085571289062,0.1695992201566696,1.0191
846,255268,1,False,1657,384,3.111898899078369,0.2205438017845153,1.2015
847,255618,7,False,1062,245,3.3692333698272705,0.1726415157318115,1.1756
848,256196,4,False,1662,403,3.1312918663024902,0.2000000029802322,1.019
849,256215,8,False,2048,387,3.1769611835479736,0.1818181872367859,1.0036
850,256241,2,False,2048,375,3.366454839706421,0.1725317686796188,1.1633
851,256289,7,False,2048,439,3.1026487350463867,0.1881720423698425,1.0791
852,256411,9,False,1831,442,3.0669000148773193,0.2066703140735626,1.0647
853,256451,3,False,1698,392,3.1012094020843506,0.2010613232851028,1.35
854,256544,9,False,1325,313,3.179914951324463,0.1934996247291565,0.803
855,256955,9,False,1482,360,3.214578151702881,0.1864864826202392,1.0297
856,256999,7,False,2048,372,3.273917436599731,0.168132945895195,1.1569
857,257365,5,False,1495,343,3.162891626358032,0.1908908188343048,1.2839
858,257862,6,False,2048,387,3.2043068408966064,0.1823069453239441,0.8089
859,258094,0,False,2048,470,3.0845417976379395,0.2023460417985916,1.1222
860,258229,0,False,2048,380,3.1955647468566895,0.1920821070671081,1.0567
861,258833,2,False,2048,451,3.070976734161377,0.1964809447526931,1.058
862,259079,1,False,2048,365,3.152120351791382,0.1886608004570007,1.1051
863,259227,7,False,2048,484,3.2073309421539307,0.1881720423698425,0.9945
864,259408,3,False,2048,412,3.395472526550293,0.173020526766777,0.8248
865,259424,3,False,2048,492,3.105930805206299,0.2052785903215408,0.9992
866,259564,5,False,2048,515,3.888564586639404,0.135386124253273,1.1212
867,260328,5,False,1525,448,3.0155820846557617,0.2284963876008987,1.2113
868,260554,6,False,2048,572,3.193647623062134,0.1999022513628006,0.9913
869,261459,7,False,2048,479,3.221534967422486,0.203323557972908,0.8631
870,261733,8,False,2043,518,2.9997379779815674,0.2111710011959076,1.5897
871,261768,5,False,2048,515,3.3004729747772217,0.1906158328056335,1.1039
872,262526,6,False,2048,459,3.560056686401367,0.1622678339481353,1.1385
873,262941,9,False,1993,481,3.15197491645813,0.2124560475349426,1.1106
874,263095,8,False,2048,471,3.186154365539551,0.1832844614982605,1.0615
875,263107,8,False,2048,535,3.165235757827759,0.1959921866655349,1.159
876,263117,7,False,298,82,3.8473734855651855,0.1790540516376495,0.6532
877,263456,5,False,2048,483,3.2406928539276123,0.1881720423698425,0.9705
878,263983,5,False,2048,588,3.74676775932312,0.1549364626407623,0.9376
879,263994,3,False,2048,487,3.224717617034912,0.2043010741472244,1.1376
880,264012,1,False,2048,451,3.1127748489379883,0.1813294291496276,1.0264
881,264013,3,False,2048,419,3.220906972885132,0.1774193495512008,1.049
882,264713,2,False,1738,437,3.4389617443084717,0.1745391637086868,1.2485
883,265096,9,False,2048,480,3.707121372222901,0.1461388021707534,1.0622
884,265114,8,False,2048,429,3.380718469619751,0.1691104620695114,1.1968
885,265319,5,False,2048,489,3.662199020385742,0.1544477045536041,1.1355
886,265361,6,False,1424,375,3.7002861499786377,0.163853719830513,1.308
887,265627,1,False,2048,506,3.6834754943847656,0.1534701883792877,0.8712
888,265869,1,False,2048,549,3.175769329071045,0.1940371394157409,1.0859
889,265877,4,False,1119,316,3.3057925701141357,0.2050134241580963,1.1562
890,265879,4,False,892,267,3.4160170555114746,0.2044943869113922,0.6248
891,265927,6,False,2048,472,3.5791404247283936,0.1661779135465622,1.2375
892,266088,8,False,2048,540,3.9835379123687744,0.1319648027420044,0.7863
893,266151,4,False,2048,562,3.997875690460205,0.1182795688509941,1.1853
894,266409,4,False,1093,342,3.23885178565979,0.207149401307106,1.2306
895,267430,6,False,2048,532,3.723004102706909,0.137829914689064,1.1895
896,267963,3,False,1120,325,3.282227039337158,0.2218246906995773,0.9028
897,268172,7,False,2048,482,3.563415050506592,0.1554252207279205,1.1946
898,268198,3,False,2048,514,3.03110408782959,0.2013685256242752,1.1577
899,268551,1,False,2048,432,3.064795970916748,0.1950146555900573,1.0182
900,268985,0,False,2048,422,3.18951416015625,0.1867057681083679,0.9542
901,269042,5,False,1776,483,2.852569580078125,0.2316798269748687,1.0442
902,269153,6,False,2048,432,3.2597060203552246,0.1739980429410934,1.0538
903,269227,2,False,2048,381,3.39342999458313,0.165689155459404,1.2367
904,269237,1,False,2048,461,3.341163396835327,0.1637341082096099,0.8851
905,269326,3,False,2048,370,3.219984531402588,0.1783968657255172,0.6614
906,269696,4,False,2048,428,3.2108983993530273,0.1867057681083679,1.0218
907,269864,4,False,2048,561,4.242578506469727,0.1173020526766777,1.1655
908,270115,4,False,1414,387,3.435030937194824,0.1657223850488662,1.1525
909,270958,5,False,2048,455,3.240927457809448,0.1827957034111023,1.0667
910,270972,6,False,1149,331,3.44601058959961,0.1979075819253921,0.643
911,271054,0,False,1192,331,3.418975353240967,0.1890756338834762,1.1445
912,271116,0,False,2048,471,3.2171638011932373,0.1935483813285827,1.0008
913,271329,9,False,2048,436,3.417808771133423,0.1857282519340515,1.1947
914,271719,3,False,2048,483,3.069256067276001,0.2018572837114334,1.1613
915,272137,4,False,2048,469,3.3759336471557617,0.1759530752897262,0.7373
916,272539,8,False,1035,312,3.453995943069458,0.1752178072929382,1.0894
917,272700,2,False,1930,503,3.27212905883789,0.2028008252382278,1.2747
918,272735,6,False,2048,429,3.7149252891540527,0.1446725279092788,1.0934
919,272958,6,False,1171,337,3.389021158218384,0.1727972626686096,0.6329
920,273315,9,False,263,69,3.923840284347534,0.1877394616603851,0.5335
921,273481,0,False,892,257,3.8541252613067623,0.1595505625009536,0.4338
922,273545,3,False,1167,324,3.4152932167053223,0.1948497891426086,0.7214
923,275061,0,False,2048,475,4.076136112213135,0.1177908107638359,1.061
924,275409,2,False,2048,545,3.0268306732177734,0.2165200412273407,1.0396
925,275413,9,False,2020,531,2.95857834815979,0.2239841371774673,1.2175
926,275538,6,False,2048,459,3.1556296348571777,0.2013685256242752,0.7423
927,275870,5,False,2048,563,3.7786784172058105,0.1441837698221206,1.2892
928,276018,3,False,2048,485,3.121919870376587,0.200879767537117,1.1431
929,276124,7,False,1399,368,3.268550395965576,0.2018611282110214,1.3244
930,276513,2,False,2048,449,3.4618351459503174,0.1676441878080368,0.7475
931,276882,4,False,2048,423,3.2167463302612305,0.1915933489799499,1.1095
932,277219,3,False,2048,402,3.265589952468872,0.1891495585441589,1.1639
933,277352,3,False,2048,445,3.4737493991851807,0.1573802530765533,1.1517
934,277357,9,False,2048,523,2.991502046585083,0.2145650088787078,1.1994
935,277534,9,False,2048,485,3.0639891624450684,0.2038123160600662,0.9428
936,277568,0,False,2048,507,3.69842267036438,0.1564027369022369,1.0871
937,277638,2,False,2048,451,3.169041395187378,0.1857282519340515,1.0442
938,278135,3,False,2048,451,3.097459554672241,0.1940371394157409,1.0761
939,278154,9,False,2048,489,3.555514097213745,0.1441837698221206,1.0317
940,278284,3,False,2048,430,3.3680171966552734,0.1627565920352935,0.835
941,278425,0,False,2048,423,3.5271670818328857,0.1715542525053024,0.9241
942,279646,9,False,2048,472,3.1136934757232666,0.1857282519340515,1.1136
943,279994,7,False,1839,437,2.9722678661346436,0.2106695771217346,1.5727
944,280350,9,False,2048,475,3.347029685974121,0.1769305914640426,0.8941
945,280357,6,False,1331,370,3.163069009780884,0.2272385209798813,0.8682
946,280852,4,False,1089,310,3.2932844161987305,0.2023919075727462,1.049
947,280895,8,False,1535,408,3.169245958328247,0.2100456655025482,1.0127
948,281286,8,False,2048,529,3.5778143405914307,0.165689155459404,1.0109
949,281429,7,False,2048,450,3.187621831893921,0.1930596232414245,0.9312
950,281818,6,False,2048,526,3.83561635017395,0.1412512212991714,1.2046
951,282208,0,False,1804,497,3.110840320587158,0.2158712595701217,1.4644
952,282396,6,False,2004,505,2.9931156635284424,0.2352647334337234,1.1686
953,282453,9,False,1274,354,3.335707426071167,0.1902515739202499,0.5103
954,282648,5,False,1695,484,3.507479429244995,0.1760189086198806,1.5364
955,283059,7,False,2048,512,3.4900858402252197,0.1647116392850875,1.058
956,283348,0,False,1830,466,3.0830442905426025,0.2264770269393921,0.9891
957,283544,5,False,1402,389,3.1944851875305176,0.2142857164144516,1.0817
958,283713,4,False,1801,423,2.9605824947357178,0.2095608711242675,1.4294
959,283994,8,False,1619,397,3.0833072662353516,0.2053184956312179,0.9044
960,284199,6,False,2048,455,3.1398141384124756,0.1896383166313171,1.1829
961,284845,5,False,724,179,3.3352608680725098,0.2229916900396347,0.8889
962,285102,4,False,2048,469,3.768063306808472,0.1407624632120132,1.0553
963,285423,7,False,1301,286,3.181797742843628,0.1916859149932861,1.2631
964,285481,8,False,2048,449,3.3360226154327393,0.1627565920352935,1.1585
965,285636,8,False,2048,524,3.4599075317382812,0.1612903177738189,1.1388
966,287419,1,False,2048,435,3.3317010402679443,0.1515151560306549,0.7499
967,288317,5,False,1988,506,3.3281326293945312,0.1837865114212036,1.6014
968,288544,8,False,2048,454,3.668175220489502,0.1471163183450698,1.0378
969,288636,9,False,2048,428,3.3950719833374023,0.1691104620695114,1.1536
970,289132,1,False,2048,451,3.635996103286743,0.1593352854251861,0.8391
971,289686,1,False,2048,458,3.253084421157837,0.1823069453239441,0.8865
972,289691,4,False,2048,504,3.237473249435425,0.1823069453239441,1.1185
973,289812,4,False,2048,470,3.3389012813568115,0.1832844614982605,1.1146
974,289919,7,False,2048,453,3.4223108291625977,0.1774193495512008,1.2248
975,290281,7,False,1946,489,3.494696140289306,0.1702674925327301,0.963
976,290554,6,False,1465,372,3.3525428771972656,0.1756664365530014,1.2873
977,290879,9,False,2048,494,3.254335880279541,0.1862170100212097,1.0771
978,291001,9,False,2048,523,3.3579111099243164,0.1715542525053024,1.1165
979,291353,4,False,2048,448,3.6880133152008057,0.1461388021707534,1.0274
980,291735,7,False,2048,483,3.12746000289917,0.2047898322343826,0.7799
981,291749,2,False,2048,447,3.2096498012542725,0.1945258975028991,1.0035
982,292203,3,False,2048,412,3.1210646629333496,0.1857282519340515,1.122
983,292346,6,False,1633,431,2.9581360816955566,0.2084610611200332,1.7756
984,292372,5,False,1394,363,3.019724130630493,0.2011494189500808,1.0183
985,292668,5,False,1840,468,2.969839096069336,0.2132752984762191,1.7495
986,292820,4,False,2048,383,3.02354097366333,0.2258064448833465,1.1561
987,293350,5,False,2048,448,3.441917181015014,0.168132945895195,0.9243
988,293404,4,False,2048,515,2.880885362625122,0.233626589179039,0.8248
989,293673,8,False,1786,468,2.944056987762451,0.2242152392864227,1.5817
990,293882,5,False,2048,524,3.486330509185791,0.1661779135465622,1.097
991,294011,2,False,2048,444,3.0074551105499268,0.212609976530075,1.0461
992,294891,6,False,2048,366,3.057669162750244,0.200879767537117,1.0223
993,294951,4,False,2048,415,3.1043050289154053,0.2013685256242752,0.6679
994,295039,6,False,1467,360,2.968773365020752,0.2136518806219101,1.4035
995,295376,1,False,1465,381,3.032527446746826,0.2057416290044784,0.7423
996,295799,6,False,2048,517,2.888336420059204,0.2258064448833465,1.1064
997,295865,3,False,1386,354,3.0924551486968994,0.1979768723249435,1.1697
998,296716,4,False,1632,396,2.992098331451416,0.20858895778656,1.119
999,297420,5,False,926,227,3.2316203117370605,0.1991342008113861,0.9869
1000,297445,5,False,1514,391,2.9877922534942627,0.2195767164230346,0.8504
1001,297688,0,False,2048,455,3.4259088039398193,0.1695992201566696,1.1281
1002,297731,2,False,2048,510,3.507676362991333,0.1700879782438278,1.1958
1003,297810,8,False,2048,495,2.938892602920532,0.2023460417985916,1.1266
1004,298110,2,False,1961,457,2.837135553359986,0.2297090291976928,1.3553
1005,298199,2,False,2015,470,2.8658618927001953,0.2260307967662811,1.5049
1006,298275,9,False,1467,378,3.232179880142212,0.1918088793754577,0.6991
1007,298459,3,False,2048,501,3.699974536895752,0.1544477045536041,1.198
1008,298526,7,False,2048,541,3.0426037311553955,0.2272727340459823,1.1642
1009,298568,6,False,2048,494,3.1824729442596436,0.2018572837114334,0.7292
1010,298575,9,False,1668,451,3.2283337116241455,0.2202881127595901,1.0094
1011,299107,7,False,1687,461,3.107808828353882,0.2000000029802322,1.3342
1012,299976,2,False,2048,470,3.456324577331543,0.1769305914640426,1.0468
1013,300283,6,False,2048,518,3.1066129207611084,0.2062561064958572,1.0901
1014,300327,1,False,1763,459,3.080172538757324,0.1947757005691528,1.2991
1015,300567,2,False,2048,466,3.220942258834839,0.1847507357597351,1.0431
1016,300598,5,False,2048,528,4.332818031311035,0.101661778986454,1.1501
1017,300617,5,False,1873,465,3.1099345684051514,0.2047033607959747,1.3656
1018,300736,8,False,2048,468,3.250051498413086,0.200879767537117,1.1883
1019,301113,5,False,1484,403,3.165294647216797,0.2078272551298141,1.1727
1020,302975,3,False,1459,386,3.2288968563079834,0.2004118114709854,1.1821
1021,303191,6,False,2048,541,3.900622606277466,0.1304985284805297,0.9919
1022,303413,2,False,2048,492,3.376861095428467,0.1881720423698425,0.8492
1023,303867,2,False,469,125,3.5017263889312744,0.216274082660675,0.7868
1024,304224,6,False,2048,449,3.5595316886901855,0.1583577692508697,1.1218
1025,304460,5,False,1684,405,3.208129644393921,0.2057074904441833,1.2721
1026,304631,7,False,2048,523,3.6527910232543945,0.1534701883792877,0.8056
1027,304681,6,False,1575,443,3.171337366104126,0.2047043889760971,1.2316
1028,304754,6,False,2048,394,3.6663858890533447,0.1446725279092788,1.0996
1029,304884,5,False,1485,373,3.2998898029327393,0.1948752552270889,0.9853
1030,305064,1,False,2048,505,3.094752311706543,0.1994134932756424,1.0802
1031,305408,8,False,2048,461,3.306800603866577,0.1896383166313171,0.6889
1032,305792,8,False,2048,573,3.7503890991210938,0.1368523985147476,1.1961
1033,305981,1,False,2048,452,3.308478355407715,0.1759530752897262,1.1075
1034,306094,6,False,2048,577,3.80067777633667,0.1461388021707534,1.1943
1035,306480,7,False,1368,406,3.0695033073425293,0.2166910618543625,0.9664
1036,306575,6,False,2048,508,4.275702953338623,0.0987292304635047,0.8856
1037,307073,1,False,1444,383,2.9512979984283447,0.2496532648801803,0.9507
1038,307515,4,False,1463,393,3.1884186267852783,0.2190280556678772,1.2611
1039,307652,6,False,2048,524,3.859574556350708,0.1280547380447387,0.9448
1040,307802,7,False,2048,506,3.42113995552063,0.175464317202568,0.9248
1041,307977,9,False,2048,440,3.1014323234558105,0.1979472190141677,1.1058
1042,308515,6,False,1603,433,3.0457851886749268,0.2086196094751358,1.2204
1043,308890,6,False,2048,451,3.5260424613952637,0.1608015596866607,1.1866
1044,308938,7,False,2048,506,3.0625483989715576,0.2155425250530243,1.0361
1045,309091,4,False,1752,435,3.151106834411621,0.1931428611278534,0.8136
1046,309225,0,False,2048,521,3.772776126861572,0.1373411566019058,1.2354
1047,309482,9,False,1446,387,3.1031155586242676,0.2139889150857925,1.3199
1048,310126,1,False,2048,480,3.319007635116577,0.173020526766777,1.0931
1049,310316,4,False,1981,489,2.9992787837982178,0.2001010626554489,1.3766
1050,310532,0,False,1573,361,3.2757797241210938,0.199872687458992,1.2739
1051,310795,8,False,197,53,3.903907060623169,0.2000000029802322,0.8083
1052,310941,0,False,2048,514,3.1626813411712646,0.20821113884449,0.8002
1053,311031,6,False,1858,502,3.0722856521606445,0.2155172377824783,1.491
1054,311253,1,False,1194,335,3.189202070236206,0.2340604066848755,1.0347
1055,313094,8,False,1991,450,3.087923765182495,0.2001005560159683,1.5487
1056,313196,8,False,1863,429,3.1845898628234863,0.2095647454261779,1.4493
1057,313334,2,False,2048,450,3.1916630268096924,0.1749755591154098,1.0992
1058,313506,4,False,1928,441,3.101289749145508,0.1889927238225937,1.1772
1059,313581,9,False,357,85,3.894683837890625,0.1718309819698333,0.7154
1060,313734,8,False,2048,573,3.913571119308472,0.1256109476089477,1.0125
1061,313737,9,False,2048,387,3.267258882522583,0.168132945895195,1.1399
1062,313917,0,False,2048,479,3.7657549381256104,0.1275659799575805,1.1948
1063,314272,1,False,2048,483,3.4472179412841797,0.1612903177738189,1.066
1064,314319,6,False,2048,505,3.360787868499756,0.177908107638359,0.8199
1065,314379,1,False,2048,486,3.3183302879333496,0.1813294291496276,1.0474
1066,314530,9,False,2048,426,3.4295575618743896,0.1598240435123443,1.1562
1067,314562,2,False,2048,439,3.4267752170562744,0.1720430105924606,1.0979
1068,314824,7,False,2048,423,3.347940683364868,0.1793743818998336,1.1548
1069,314918,0,False,2048,434,4.385672569274902,0.0967741906642913,0.7837
1070,315022,2,False,2048,429,3.2311112880706787,0.1744868010282516,0.9861
1071,315323,8,False,2048,465,3.259040594100952,0.1925708651542663,1.1357
1072,315614,6,False,2048,473,3.259892225265503,0.1886608004570007,1.1377
1073,315693,3,False,2048,392,3.3704192638397217,0.1691104620695114,1.2009
1074,316044,2,False,2048,495,3.134211301803589,0.1886608004570007,0.7964
1075,316115,6,False,2048,438,3.4756150245666504,0.1632453501224517,1.013
1076,316423,5,False,2048,506,3.0142757892608643,0.2052785903215408,1.1268
1077,316758,8,False,2048,487,3.051640510559082,0.198435977101326,1.124
1078,316774,2,False,2048,538,4.620218276977539,0.0811339169740676,1.0896
1079,317014,6,False,2048,497,3.1684160232543945,0.205767348408699,0.8242
1080,317404,9,False,1416,346,3.506258726119995,0.1732673197984695,0.3392
1081,317775,1,False,1965,496,3.141489028930664,0.2002037763595581,1.2108
1082,317823,2,False,2048,409,3.4264490604400635,0.1686217039823532,1.0203
1083,319106,1,False,2048,425,3.3509175777435303,0.1710654944181442,1.1207
1084,319149,6,False,2048,434,3.6321475505828857,0.1383186727762222,2.6707
1085,319230,8,False,2048,501,3.0434536933898926,0.2155425250530243,1.8495
1086,319694,4,False,1614,396,3.4135162830352783,0.1674937903881073,1.7172
1087,320016,5,False,2048,403,3.3886044025421143,0.1647116392850875,1.1895
1088,320022,6,False,1994,533,3.059476375579834,0.20783132314682,13.2308
1089,320252,4,False,2048,491,3.1442105770111084,0.1862170100212097,4.0187
1090,320605,9,False,2048,462,3.146141767501831,0.1920821070671081,1.1215
1091,321047,6,False,1808,465,3.1446356773376465,0.2076411992311477,2.4178
1092,321168,8,False,2048,441,3.2412807941436768,0.1832844614982605,1.1437
1093,321863,2,False,1895,482,3.2083940505981445,0.1891178041696548,1.9035
1094,321886,0,False,2048,440,3.291135787963867,0.1827957034111023,1.4359
1095,321991,9,False,2048,437,3.3038580417633057,0.1725317686796188,1.1886
1096,322104,4,False,2048,420,3.372870445251465,0.1617790758609771,0.9793
1097,322680,0,False,2048,423,3.3200759887695312,0.175464317202568,1.1465
1098,322968,8,False,2048,408,3.737669706344605,0.1256109476089477,1.2276
1099,322973,8,False,2048,478,3.0929596424102783,0.1915933489799499,1.0914
1100,323462,9,False,2048,525,2.97986364364624,0.2355816215276718,1.2421
1101,324133,7,False,2048,387,3.25812029838562,0.1847507357597351,1.1741
1102,324459,7,False,2048,413,3.2735860347747803,0.1867057681083679,1.1489
1103,324714,9,False,1309,334,2.957766056060791,0.2448354959487915,1.5888
1104,325203,9,False,1196,333,3.417734384536743,0.2160803973674774,1.2529
1105,326182,5,False,1511,422,3.2209861278533936,0.2034459859132766,1.7155
1106,326829,4,False,1234,325,3.3127787113189697,0.1834415644407272,1.0506
1107,326860,7,False,1228,349,3.1103479862213135,0.2283849865198135,0.8816
1108,326862,5,False,1511,423,3.012610673904419,0.2345924526453018,0.847
1109,327181,7,False,1069,282,3.2726359367370605,0.2127460241317749,1.7964
1110,327227,0,False,976,259,3.347844362258911,0.2145790606737136,1.0151
1111,327334,9,False,1224,323,3.194499254226685,0.2340425550937652,1.3755
1112,327399,7,False,2048,491,3.3673784732818604,0.168132945895195,1.8618
1113,327402,0,False,1349,368,3.050578355789185,0.2353377938270568,1.3638
1114,327555,7,False,1486,401,2.9881062507629395,0.2392183244228363,1.7368
1115,327685,3,False,1496,406,3.132272481918335,0.2228915691375732,1.7023
1116,327721,6,False,1591,413,3.0518414974212646,0.2454373836517334,1.4454
1117,327996,2,False,1205,333,3.1040666103363037,0.213632583618164,1.3597
1118,328052,9,False,2048,529,4.046141624450684,0.1221896409988403,1.0882
1119,328070,7,False,1400,387,3.170422077178955,0.2088698148727417,1.2234
1120,328270,2,False,2048,495,3.374026298522949,0.1842619776725769,1.2235
1121,328355,7,False,1515,401,3.1394777297973633,0.2154659628868103,1.5815
1122,328596,7,False,1202,302,3.4441025257110596,0.2058333307504654,1.0199
1123,328800,6,False,1307,375,3.096325635910034,0.2007662802934646,1.1059
1124,328913,7,False,1330,367,3.2210750579833984,0.2108433693647384,1.0028
1125,328945,4,False,1343,365,3.2412171363830566,0.2170022428035736,1.0963
1126,329639,4,False,1293,355,3.256483316421509,0.2044926434755325,1.4537
1127,330144,3,False,1603,433,3.0148839950561523,0.238600879907608,1.0459
1128,330184,1,False,1708,462,3.285599708557129,0.216881588101387,1.2703
1129,331180,1,False,1357,358,3.2467074394226074,0.2066420614719391,1.3722
1130,331631,0,False,1467,389,3.0060086250305176,0.2423208206892013,0.8445
1131,332248,0,False,1270,330,3.099640130996704,0.2302839159965515,1.1862
1132,332664,8,False,1206,323,3.1347076892852783,0.2176079750061035,1.1398
1133,333278,8,False,1222,335,3.1238179206848145,0.2278688549995422,1.5508
1134,333739,4,False,1597,448,3.1565635204315186,0.2188087701797485,2.1481
1135,333823,1,False,1214,336,3.1047661304473877,0.2367986738681793,1.2612
1136,333898,3,False,1137,306,3.079235315322876,0.2211453765630722,1.4374
1137,334284,1,False,1318,365,3.1774983406066895,0.2089665681123733,2.0787
1138,334539,6,False,1436,388,3.064728260040283,0.2364016771316528,1.9025
1139,335101,3,False,2048,531,3.061236619949341,0.2321603149175644,2.177
1140,335124,3,False,1221,329,3.174931526184082,0.2182116508483886,1.2266
1141,335620,3,False,1122,325,3.079707622528076,0.2392857074737548,1.0489
1142,335803,6,False,1061,303,3.219602346420288,0.2049102932214737,1.6823
1143,336893,5,False,2048,502,3.5413973331451416,0.1520039141178131,1.6883
1144,337425,0,False,1068,317,3.3197684288024902,0.2120075076818466,1.3491
1145,337533,0,False,1810,421,3.197735548019409,0.196902647614479,2.3334
1146,337665,8,False,2048,483,3.444488763809204,0.1588465273380279,1.2406
1147,338310,8,False,2048,499,3.534519910812378,0.1490713655948639,1.1749
1148,338320,1,False,2048,552,3.985028982162475,0.1270772218704223,1.2867
1149,338432,3,False,2048,484,3.088220596313477,0.200879767537117,1.2504
1150,338491,2,False,1938,476,3.070348024368286,0.2169421464204788,2.39
1151,338576,2,False,966,274,3.340726137161255,0.1825726181268692,0.9708
1152,339003,9,False,2015,484,3.058244228363037,0.2091405838727951,1.2705
1153,339270,5,False,2048,418,3.258013963699341,0.1862170100212097,0.9583
1154,340112,5,False,1410,340,3.232292890548706,0.1576704531908035,1.1708
1155,340128,5,False,1551,420,2.9712393283843994,0.2104583531618118,1.2246
1156,340911,3,False,2048,498,3.363637685775757,0.165689155459404,1.2539
1157,341167,2,False,2048,456,3.2178311347961426,0.1935483813285827,0.9462
1158,341750,3,False,2048,529,3.71061897277832,0.1471163183450698,1.0224
1159,342030,8,False,1207,348,3.2956643104553223,0.2066390067338943,1.2025
1160,342055,9,False,1405,327,3.263981819152832,0.1988595873117447,2.5265
1161,342354,7,False,2048,402,3.222780227661133,0.1832844614982605,1.1807
1162,343164,1,False,2048,471,3.3681185245513916,0.1593352854251861,1.1089
1163,343244,0,False,1593,409,2.9918928146362305,0.2162162214517593,1.269
1164,343289,2,False,2048,513,3.5713205337524414,0.1666666716337204,1.119
1165,343989,3,False,2048,467,3.28399395942688,0.173020526766777,1.2212
1166,344782,8,False,2048,411,3.1660826206207275,0.1925708651542663,1.2672
1167,344944,4,False,2048,528,2.9387190341949463,0.2165200412273407,1.2041
1168,345914,3,False,1888,435,2.9660749435424805,0.2147401869297027,1.1071
1169,345964,5,False,1925,460,2.9637985229492188,0.2168486714363098,1.2675
1170,346073,4,False,2048,510,3.5781712532043457,0.1524926722049713,1.1652
1171,346172,9,False,1612,374,3.1367087364196777,0.1770186275243759,1.0012
1172,346844,4,False,2048,491,2.997814178466797,0.2179863154888153,1.2601
1173,347049,4,False,1935,493,2.8849895000457764,0.2488360106945037,1.0907
1174,347183,4,False,2048,550,3.6613481044769287,0.137829914689064,1.0689
1175,347267,6,False,2048,501,3.5699522495269775,0.1627565920352935,1.2715
1176,347721,5,False,2048,544,3.726682424545288,0.1466275602579116,1.3729
1177,347855,3,False,1740,446,3.1312131881713867,0.2048331350088119,1.0976
1178,348542,3,False,1931,451,2.935780763626098,0.2192846089601516,1.8869
1179,348546,5,False,2048,482,3.365370035171509,0.1617790758609771,1.1502
1180,348696,2,False,2048,474,3.2853260040283203,0.1837732195854187,1.2493
1181,348743,7,False,2048,551,3.550722360610962,0.1598240435123443,0.9947
1182,348987,7,False,2048,468,3.1451401710510254,0.1959921866655349,1.2556
1183,349253,0,False,1688,450,2.9785749912261963,0.2135231345891952,1.1705
1184,349286,1,False,2048,519,3.457165002822876,0.1578690111637115,1.3086
1185,349314,6,False,1881,483,3.064705610275269,0.2064928114414215,1.7891
1186,349550,8,False,1740,487,2.954779863357544,0.2215189933776855,1.0584
1187,349987,3,False,2048,438,3.0923409461975098,0.2121212184429168,1.3191
1188,350869,5,False,2012,435,3.232853412628174,0.1975124329328537,1.824
1189,351213,9,False,2048,409,3.0732779502868652,0.2096774131059646,0.8704
1190,351502,3,False,2048,453,3.3153014183044434,0.1803519129753112,0.8497
1191,351960,7,False,2048,438,3.071998834609986,0.1989247351884842,1.2454
1192,352132,2,False,2048,421,3.255098581314087,0.1842619776725769,1.2458
1193,352167,3,False,1631,424,2.9758388996124268,0.2166973650455474,1.3458
1194,352644,4,False,1887,469,3.022507905960083,0.2143236100673675,0.8242
1195,352653,9,False,2048,552,3.4841463565826416,0.1612903177738189,1.3045
1196,353079,0,False,2048,403,3.249511241912842,0.177908107638359,1.246
1197,353591,6,False,2048,386,3.135950803756714,0.1945258975028991,1.1935
1198,353657,6,False,2048,447,3.0581884384155273,0.1881720423698425,1.0818
1199,354001,3,False,2048,385,3.2562711238861084,0.1886608004570007,1.0475
1200,354062,4,False,1844,436,3.0574121475219727,0.2019543945789337,1.7742
1201,354381,6,False,2048,477,3.699040651321411,0.1544477045536041,1.5912
1202,355315,9,False,2048,465,3.104342222213745,0.2018572837114334,1.2749
1203,355572,9,False,1770,420,3.0546715259552,0.2109728455543518,1.3584
1204,355700,1,False,2048,467,3.0689032077789307,0.205767348408699,1.2196
1205,355948,0,False,1792,436,2.974658966064453,0.2167597711086273,0.7261
1206,356298,5,False,2048,509,3.452052116394043,0.1691104620695114,1.4776
1207,356322,8,False,2048,538,3.3441572189331055,0.1774193495512008,1.6437
1208,357033,8,False,2048,482,3.270538806915283,0.177908107638359,1.1822
1209,357157,5,False,2048,435,3.5379128456115723,0.1593352854251861,0.8826
1210,357232,7,False,1541,447,3.3891475200653076,0.202729046344757,1.5553
1211,357305,7,False,2048,490,3.2537553310394287,0.1871945261955261,1.1533
1212,358038,8,False,2048,470,3.431058406829834,0.1637341082096099,1.2261
1213,358202,9,False,2048,567,3.211419105529785,0.2272727340459823,1.0071
1214,358555,9,False,2048,449,3.4023423194885254,0.1627565920352935,1.1319
1215,359606,4,False,1527,429,3.457454204559326,0.1986885219812393,1.334
1216,360175,0,False,2048,445,3.1693835258483887,0.198435977101326,1.5288
1217,360419,6,False,1231,289,3.361567974090576,0.17331163585186,1.2345
1218,361251,5,False,2048,494,3.9092941284179688,0.1363636404275894,1.4037
1219,361260,6,False,1880,400,3.3276069164276123,0.1730564385652542,1.5557
1220,361552,3,False,1511,348,3.334472179412842,0.1776010543107986,0.9752
1221,361562,9,False,1952,448,3.148704290390014,0.2056410312652588,2.2903
1222,361705,1,False,2048,482,3.2238125801086426,0.2135874927043914,1.4484
1223,362142,9,False,1274,361,3.602092981338501,0.1745283007621765,0.8889
1224,363032,2,False,1472,390,3.670099258422851,0.163945585489273,1.2373
1225,363050,1,False,1976,504,3.4881279468536377,0.1919959485530853,1.4829
1226,363091,2,False,1299,341,3.8074190616607666,0.1603700816631317,1.7086
1227,363452,1,False,1324,375,3.815988302230835,0.1497730761766433,0.9552
1228,363555,2,False,1890,516,3.5187618732452393,0.182203397154808,1.889
1229,364165,5,False,2048,525,3.005823135375977,0.2135874927043914,1.6089
1230,364173,2,False,1930,507,3.3022196292877197,0.1976141035556793,1.0937
1231,364372,7,False,2048,454,3.5153098106384277,0.1739980429410934,1.3327
1232,364624,5,False,1739,474,3.0724058151245117,0.2308578044176101,1.286
1233,365219,8,False,2048,420,3.201303720474243,0.1959921866655349,1.3411
1234,365809,1,False,2048,417,3.662786960601806,0.1642228811979293,0.8707
1235,366438,6,False,2048,448,3.19616436958313,0.1896383166313171,1.2439
1236,366797,7,False,2048,528,3.538120985031128,0.1695992201566696,1.3122
1237,366839,8,False,2048,485,3.1977546215057373,0.1788856238126754,1.0821
1238,366951,5,False,2048,548,3.5900938510894775,0.1485826075077057,1.3334
1239,367039,1,False,2048,528,3.1421561241149902,0.1979472190141677,0.8269
1240,367307,0,False,2048,446,3.342951536178589,0.1847507357597351,1.1864
1241,367521,7,False,2048,507,3.055797815322876,0.2047898322343826,1.2124
1242,367918,5,False,2048,523,3.1538710594177246,0.1989247351884842,1.1797
1243,368072,0,False,2048,506,3.2169954776763916,0.1881720423698425,0.884
1244,368467,8,False,2048,472,3.294955253601074,0.1871945261955261,0.9015
1245,368738,2,False,1866,456,3.1118969917297363,0.2076180279254913,1.8184
1246,368829,3,False,2048,473,3.319312572479248,0.1783968657255172,1.5511
1247,370169,3,False,2048,514,3.0982494354248047,0.20821113884449,0.879
1248,370461,2,False,2048,567,3.89306902885437,0.1388074308633804,2.1143
1249,370988,9,False,2000,525,2.9413657188415527,0.2182182222604751,2.2751
1250,371026,5,False,1757,463,2.9651477336883545,0.2307692319154739,3.207
1251,371313,2,False,2048,512,3.326932668685913,0.1764418333768844,2.1026
1252,371814,5,False,1833,539,2.9234559535980225,0.2299290001392364,1.7349
1253,372033,2,False,2048,469,3.6233184337615967,0.1432062536478042,1.0297
1254,372187,5,False,990,329,3.352954149246216,0.2054655849933624,1.1533
1255,372258,4,False,2048,528,4.459313869476318,0.0879765376448631,1.5978
1256,372461,3,False,2048,489,3.2219319343566895,0.1749755591154098,1.6992
1257,372907,2,False,2048,514,3.7228853702545166,0.1534701883792877,0.8063
1258,373129,2,False,2048,567,3.2194156646728516,0.1994134932756424,1.4619
1259,373836,9,False,407,107,3.2499682903289795,0.2172839492559433,0.9934
1260,374038,9,False,2048,515,3.7019097805023193,0.1456500440835952,1.3859
1261,374536,4,False,2048,498,2.9015941619873047,0.2277614921331405,1.3465
1262,374740,8,False,1958,501,2.925836086273194,0.2111451923847198,2.0557
1263,374767,5,False,1413,358,3.0673797130584717,0.1920623630285263,1.3984
1264,374882,1,False,1815,444,2.9412121772766113,0.2178709357976913,1.1145
1265,374968,6,False,2048,513,3.027906894683838,0.1950146555900573,1.3079
1266,375026,9,False,1771,473,3.0200188159942627,0.2125494629144668,1.6704
1267,375240,3,False,2048,526,2.9175944328308105,0.2140762507915496,1.5703
1268,375448,1,False,1641,433,3.021669864654541,0.2172056138515472,1.4944
1269,375695,7,False,1819,476,2.898832321166992,0.2025316506624221,0.9566
1270,375954,9,False,1675,450,2.9481401443481445,0.2026300132274627,1.6853
1271,375999,7,False,1065,285,3.172764778137207,0.1872060149908065,1.2419
1272,376115,8,False,2048,473,2.907949924468994,0.2204301059246063,1.1416
1273,376268,9,False,1531,378,3.0824289321899414,0.2217135429382324,0.769
1274,376278,3,False,1995,501,2.9696545600891113,0.2192674428224563,1.4585
1275,376573,5,False,2048,493,3.152411937713623,0.200879767537117,1.0815
1276,376823,4,False,1359,338,3.1431093215942383,0.1967575550079345,1.0998
1277,377098,7,False,1632,423,2.9481842517852783,0.2104294449090957,0.9202
1278,377483,7,False,1559,408,3.0594406127929688,0.1881823986768722,0.6305
1279,377617,3,False,2048,486,3.0299108028411865,0.212609976530075,1.0561
1280,377939,7,False,1668,345,3.360844373703003,0.1710684299468994,0.9661
1281,378494,8,False,2048,454,3.6071219444274902,0.1417399793863296,1.0974
1282,379011,6,False,2048,456,3.186366319656372,0.1974584609270095,1.0746
1283,379654,0,False,1599,381,3.1205413341522217,0.214151531457901,0.7417
1284,379683,4,False,2048,476,3.436570644378662,0.1627565920352935,1.0902
1285,380101,5,False,2048,401,3.3755693435668945,0.1676441878080368,1.2312
1286,381525,7,False,2048,451,3.2858502864837646,0.1710654944181442,1.0724
1287,382386,2,False,1330,342,3.4313337802886963,0.1777108460664749,0.8204
1288,383132,8,False,1556,378,3.2572410106658936,0.2027027010917663,0.8411
1289,383774,0,False,1542,365,3.070868492126465,0.1824675351381302,1.384
1290,383859,2,False,1725,462,2.982651948928833,0.2164828777313232,1.4102
1291,383936,0,False,1654,389,2.954173803329468,0.2003631889820099,0.836
1292,384305,9,False,2048,463,3.0372748374938965,0.1989247351884842,0.8809
1293,384315,0,False,1668,432,2.997885465621948,0.208283320069313,0.7292
1294,384424,8,False,1694,427,2.927009105682373,0.2322695106267929,1.3792
1295,384974,6,False,1817,454,2.939265727996826,0.1977961361408233,1.3971
1296,385011,9,False,2048,472,2.856168031692505,0.2287390083074569,1.091
1297,385173,9,False,1351,324,3.0427584648132324,0.1979243904352188,0.6029
1298,385340,9,False,1646,420,3.0400800704956055,0.1982968300580978,1.2029
1299,385343,4,False,2048,390,3.05858850479126,0.1901270747184753,1.17
1300,385658,9,False,793,198,3.320415735244751,0.190897598862648,0.7262
1301,385785,2,False,2048,402,3.1027133464813232,0.1930596232414245,1.1546
1302,386369,3,False,1855,492,2.8171424865722656,0.2504047453403473,1.4065
1303,386374,0,False,2048,553,2.805528163909912,0.2546432018280029,1.1887
1304,386400,9,False,2048,451,3.33023452758789,0.1847507357597351,1.0324
1305,386406,3,False,1720,468,3.0136218070983887,0.2206053584814071,0.8008
1306,386468,1,False,2048,515,3.035555839538574,0.2326490730047226,1.2014
1307,386649,9,False,1637,435,2.8681640625,0.2409785985946655,1.2358
1308,386927,2,False,1794,485,2.783876895904541,0.2606026828289032,1.3421
1309,387959,4,False,1899,485,2.9916181564331055,0.220347911119461,1.3636
1310,388692,4,False,2048,483,3.273606061935425,0.1827957034111023,1.1794
1311,388828,6,False,1618,390,3.164695501327514,0.1998762339353561,1.3405
1312,389193,9,False,2048,563,4.616970062255859,0.0953079164028167,0.9468
1313,389469,0,False,2048,496,3.675102710723877,0.145161285996437,0.861
1314,389476,1,False,1857,507,2.9938805103302,0.2199460864067077,1.1662
1315,390131,1,False,2048,505,3.1180379390716553,0.1974584609270095,1.1018
1316,390163,9,False,1853,470,3.056784152984619,0.2279848754405975,1.453
1317,390836,8,False,2048,468,3.4196953773498535,0.1788856238126754,0.7673
1318,390843,0,False,1430,386,3.1038618087768555,0.1932773143053054,1.1677
1319,391166,6,False,1601,408,3.166811943054199,0.2051282078027725,1.1444
1320,391595,2,False,2048,479,3.3642077445983887,0.1715542525053024,1.5876
1321,391713,5,False,1597,418,3.1212868690490723,0.1962382495403289,1.0446
1322,392029,3,False,1162,311,3.225013017654419,0.2000000029802322,1.2143
1323,392263,4,False,2048,457,3.338836193084717,0.1710654944181442,1.3641
1324,392544,7,False,1761,453,3.2933430671691895,0.1870380938053131,1.5182
1325,392839,7,False,1156,309,3.346670389175415,0.1785095334053039,1.3409
1326,393351,7,False,2048,490,3.679731607437134,0.1524926722049713,1.2068
1327,393512,5,False,2048,432,3.437613725662231,0.1603128015995025,1.1108
1328,393548,5,False,2048,445,3.5850985050201416,0.1480938345193863,0.9996
1329,394651,6,False,2048,416,3.1359145641326904,0.1901270747184753,0.7045
1330,395301,4,False,2048,450,3.386111259460449,0.1842619776725769,1.227
1331,395456,8,False,1915,418,3.082270622253418,0.1955044418573379,1.3598
1332,395573,4,False,1832,428,3.0428483486175537,0.2065573781728744,1.3895
1333,396365,7,False,1846,409,3.0285348892211914,0.2158351391553878,1.3097
1334,396390,8,False,2048,448,3.0894317626953125,0.1955034285783767,1.2169
1335,396440,5,False,2048,417,3.164839744567871,0.1744868010282516,1.2749
1336,396726,4,False,1516,350,3.1488447189331055,0.1948480904102325,1.6743
1337,396733,2,False,2048,449,3.560048341751098,0.1578690111637115,1.2553
1338,397044,9,False,2048,477,3.8518106937408447,0.1241446733474731,1.1802
1339,397340,8,False,2029,449,2.9943532943725586,0.212629497051239,2.1137
1340,397409,6,False,2048,365,3.239335060119629,0.1827957034111023,0.7517
1341,398791,3,False,1193,270,3.2283682823181152,0.183879092335701,1.4785
1342,399163,7,False,1933,471,2.9967775344848633,0.2221646755933761,1.9172
1343,399186,5,False,2048,413,3.2105579376220703,0.1749755591154098,0.9741
1344,399368,1,False,1200,274,3.297236442565918,0.1819699555635452,1.0264
1345,399504,2,False,2048,481,3.060742139816284,0.1964809447526931,1.3431
1346,400220,3,False,1226,276,3.2592830657958984,0.1625816971063614,1.2129
1347,400233,9,False,2048,428,3.177825927734375,0.1935483813285827,0.7344
1348,400315,4,False,2048,415,3.0041675567626953,0.2086998969316482,1.1838
1349,400692,2,False,1702,428,3.1300556659698486,0.1970588266849517,1.2629
1350,401140,7,False,1658,371,3.1500320434570312,0.1920289844274521,1.2296
1351,401471,1,False,1696,394,3.0719285011291504,0.1936245560646057,1.161
1352,401916,6,False,1841,392,3.038029670715332,0.1979336589574813,1.7899
1353,402211,1,False,1952,449,3.0161497592926025,0.2082051336765289,0.9323
1354,402408,6,False,2048,364,3.152845859527588,0.1896383166313171,0.518
1355,402955,3,False,1965,451,3.001235246658325,0.211411103606224,0.6987
1356,403256,4,False,1864,437,3.0563955307006836,0.2099892646074295,0.9065
1357,403730,8,False,1386,315,3.1927218437194824,0.1784682124853134,0.7068
1358,403742,6,False,2048,457,3.0008249282836914,0.1969697028398513,0.4763
1359,403863,8,False,2048,457,3.0277345180511475,0.2218963801860809,0.4751
1360,404096,3,False,1247,296,3.2816460132598877,0.1847389489412307,0.6184
1361,404370,6,False,2048,395,3.121899127960205,0.1959921866655349,0.454
1362,404625,8,False,2044,441,3.0240635871887207,0.2169441729784011,0.5817
1363,405242,8,False,2048,408,3.1942505836486816,0.177908107638359,0.4547
1364,405291,4,False,1977,481,2.86897349357605,0.2344303727149963,0.5802
1365,405326,6,False,2048,425,2.9816505908966064,0.2130987346172332,0.4406
1366,405477,1,False,2048,433,3.421220064163208,0.1788856238126754,0.4593
1367,405554,0,False,2048,436,3.185779333114624,0.1788856238126754,0.4867
1368,406670,8,False,284,68,3.675479888916016,0.1843971610069275,0.532
1369,406886,7,False,2048,465,3.0997562408447266,0.2028347998857498,0.5023
1370,407359,5,False,274,77,3.85052752494812,0.209558829665184,0.7611
1371,407612,7,False,2048,516,3.371584177017212,0.175464317202568,0.5285
1372,408485,2,False,2048,453,3.535996675491333,0.1417399793863296,0.4788
1373,408607,1,False,2048,442,3.129752397537231,0.1847507357597351,0.4608
1374,410127,2,False,2048,533,3.31154727935791,0.1578690111637115,0.4686
1375,410263,2,False,2048,486,3.3622279167175293,0.173020526766777,0.4721
1376,410613,9,False,2048,470,3.215165615081787,0.1891495585441589,0.5073
1377,411177,7,False,2048,406,3.4645659923553467,0.1725317686796188,0.4663
1378,411437,4,False,2048,388,3.3995635509490967,0.179863154888153,0.4647
1379,411673,8,False,838,231,3.317019462585449,0.2129186540842056,0.6549
1380,412281,0,False,2048,467,3.735600709915161,0.142717495560646,0.4742
1381,412717,9,False,2048,414,3.194370985031128,0.1930596232414245,0.446
1382,413180,6,False,1781,452,3.228025197982788,0.192242830991745,0.7411
1383,413191,3,False,2048,537,3.6388752460479736,0.1725317686796188,0.4987
1384,413438,9,False,1657,435,3.157132863998413,0.1915407925844192,0.6335
1385,413560,6,False,2048,493,3.2898147106170654,0.1749755591154098,0.527
1386,413741,5,False,2048,546,4.383336067199707,0.0953079164028167,0.5217
1387,414025,1,False,2048,436,3.2804272174835205,0.1945258975028991,0.4509
1388,414132,5,False,1972,520,3.062775135040283,0.1954314708709716,0.7358
1389,414686,2,False,2048,461,3.2303757667541504,0.1871945261955261,0.4536
1390,415093,3,False,1758,423,3.0859410762786865,0.1953302919864654,0.6727
1391,415580,2,False,2048,539,3.5953969955444336,0.1471163183450698,0.4485
1392,415759,5,False,1200,360,3.1324758529663086,0.22537562251091,0.2665
1393,415851,2,False,1820,462,3.030078411102295,0.1969196945428848,0.6818
1394,416348,7,False,2048,522,3.999410629272461,0.1236559152603149,0.4689
1395,417163,5,False,2048,548,3.2107462882995605,0.2038123160600662,0.4347
1396,417596,4,False,1925,502,3.010037899017334,0.2288091480731964,0.4958
1397,418005,5,False,2048,488,3.55175256729126,0.1568914949893951,0.4423
1398,418939,6,False,891,249,3.4053075313568115,0.1777277886867523,0.4063
1399,419130,6,False,1351,371,3.2276947498321533,0.1771682798862457,0.3052
1400,419379,2,False,1222,340,3.319260597229004,0.1959016323089599,0.4877
1401,419519,5,False,1124,328,3.2886149883270264,0.1996434926986694,0.4341
1402,419702,8,False,2048,558,4.026071548461914,0.1143695041537284,0.5723
1403,419846,3,False,1517,380,3.245556592941284,0.1854785531759262,0.6369
1404,420614,9,False,1353,323,3.267336130142212,0.189489260315895,0.6247
1405,420779,4,False,1533,373,3.171344518661499,0.1920313537120819,0.7634
1406,421127,8,False,2048,466,3.7930166721343994,0.140273705124855,0.4991
1407,421957,3,False,1095,292,3.2653372287750244,0.1930466592311859,0.4334
1408,422033,7,False,2027,494,2.970553159713745,0.2212345749139785,0.9207
1409,422624,7,False,1574,384,3.1689820289611816,0.1933842301368713,0.4403
1410,423344,0,False,1679,403,2.973484754562378,0.2242099046707153,0.6742
1411,423418,3,False,1759,404,3.135204553604126,0.1861126869916916,0.7467
1412,423549,4,False,2048,432,3.1651980876922607,0.1911045908927917,0.4596
1413,424261,7,False,1282,308,3.2207577228546143,0.1882812529802322,0.4979
1414,424589,2,False,2048,397,3.2941224575042725,0.1783968657255172,0.4607
1415,424820,1,False,1186,288,3.3476483821868896,0.1638513505458831,0.5524
1416,424881,5,False,1649,418,3.196834087371826,0.18882817029953,0.7061
1417,425269,6,False,1723,423,3.2150323390960693,0.2056943625211715,0.7665
1418,425880,2,False,2048,491,3.3943870067596436,0.1886608004570007,0.5516
1419,426144,6,False,1791,441,3.0416419506073,0.2006707638502121,0.5498
1420,426275,6,False,2048,459,3.5236620903015137,0.1642228811979293,0.4622
1421,426308,7,False,1587,393,3.1802420616149902,0.187381699681282,0.7217
1422,426363,2,False,1485,366,3.225743532180786,0.2076871246099472,0.4888
1423,426546,2,False,2048,482,3.001652717590332,0.2155425250530243,0.4921
1424,426627,0,False,1547,387,3.1770107746124268,0.1909385174512863,0.6112
1425,427127,0,False,1168,289,3.252516508102417,0.180960550904274,0.7678
1426,427163,2,False,1692,424,3.398617744445801,0.186390534043312,0.5128
1427,427323,0,False,1833,425,3.1497504711151123,0.1993446201086044,0.5024
1428,427537,4,False,1558,393,3.200179100036621,0.1921593844890594,0.8149
1429,427752,1,False,1132,294,3.3485093116760254,0.1805309802293777,0.71
1430,428773,9,False,1293,313,3.363356351852417,0.185902401804924,0.4287
1431,428892,4,False,2048,385,3.192903518676758,0.2096774131059646,0.505
1432,429246,2,False,2048,497,3.019270658493042,0.2189638316631317,0.4594
1433,429388,8,False,2048,440,3.048410654067993,0.2062561064958572,0.4978
1434,429645,8,False,2048,465,3.3702406883239746,0.1666666716337204,0.4659
1435,430121,8,False,1112,275,3.3762943744659424,0.1621621549129486,0.8
1436,430369,5,False,2048,493,3.0180859565734863,0.1950146555900573,0.4921
1437,430610,4,False,1502,369,3.1945807933807373,0.1993333399295807,0.56
1438,430762,3,False,1705,400,2.971720933914185,0.211978867650032,0.7267
1439,431300,8,False,1640,384,3.2277443408966064,0.1959706991910934,0.6684
1440,431337,1,False,1884,462,3.1293487548828125,0.2019128650426864,0.7679
1441,431785,4,False,1442,379,3.173704147338867,0.1944444477558136,0.6815
1442,432145,7,False,2048,457,3.074868440628052,0.1911045908927917,0.5051
1443,432861,9,False,1530,399,3.110757827758789,0.1963350772857666,0.5829
1444,433247,0,False,1697,435,3.1926066875457764,0.1976401209831237,0.7411
1445,433673,2,False,2048,537,4.104343414306641,0.1158357784152031,0.5583
1446,434050,5,False,1562,384,3.144005298614502,0.2006410211324691,0.8062
1447,434250,8,False,2048,407,3.3385207653045654,0.1764418333768844,0.5051
1448,434306,5,False,1298,323,3.192781448364258,0.1875,0.5464
1449,434310,5,False,1487,373,3.164658546447754,0.1818181872367859,0.8399
1450,434336,1,False,2048,489,3.41267466545105,0.170576736330986,0.6319
1451,434528,7,False,1479,374,3.2398059368133545,0.1882193684577942,0.7619
1452,434695,6,False,1962,517,3.1158719062805176,0.2137755155563354,0.7396
1453,434891,4,False,1384,339,3.2703099250793457,0.1808972507715225,0.5802
1454,435115,8,False,1408,351,3.2133796215057373,0.1792318671941757,0.6936
1455,435174,4,False,1399,351,3.221484661102295,0.1825339943170547,0.5361
1456,435326,4,False,1720,418,3.1563448905944824,0.2060535550117492,0.4155
1457,435495,2,False,1391,358,3.1671767234802246,0.2059035301208496,0.6757
1458,435581,4,False,2048,434,3.5074195861816406,0.1671554297208786,0.469
1459,435628,0,False,1694,469,3.231877565383911,0.1968085169792175,0.4097
1460,435911,3,False,2048,458,3.4808270931243896,0.1647116392850875,0.5131
1461,436193,3,False,1905,471,3.0254435539245605,0.2249080389738083,0.7497
1462,436336,4,False,1625,411,3.1862285137176514,0.2045594602823257,1.016
1463,436381,9,False,1556,379,3.08255386352539,0.2001287043094635,0.3729
1464,436554,9,False,2048,469,3.6535329818725586,0.1515151560306549,0.4643
1465,436715,1,False,2048,456,3.367217779159546,0.1803519129753112,0.4473
1466,437179,7,False,1854,463,3.054232358932495,0.2046436220407486,0.7504
1467,437446,1,False,1634,421,3.1848456859588623,0.2034313678741455,0.702
1468,437462,3,False,2048,436,3.171677827835083,0.1911045908927917,0.4873
1469,437701,4,False,1867,471,3.0994467735290527,0.1924933046102523,0.5766
1470,438099,3,False,1796,452,3.0365076065063477,0.2201783657073974,0.7613
1471,438871,7,False,1314,317,3.271080493927002,0.1753048747777938,0.7428
1472,439124,9,False,1600,445,3.1580772399902344,0.2027534395456314,0.8553
1473,439193,6,False,1426,364,3.2621772289276123,0.1889044940471649,0.6876
1474,439236,5,False,1520,384,3.073328971862793,0.2134387344121933,0.6041
1475,439244,5,False,1819,525,3.0475337505340576,0.2151898741722107,0.5069
1476,439691,0,False,2048,501,3.1206111907958984,0.1852394938468933,0.4916
1477,439845,3,False,1700,433,3.0660600662231445,0.2078916430473327,0.8518
1478,439953,2,False,2048,470,3.2909955978393555,0.1847507357597351,0.4885
1479,440254,3,False,1561,398,3.134309768676758,0.1937139183282852,0.7737
1480,440287,3,False,1198,286,3.1885340213775635,0.1881270855665207,0.6505
1481,440551,6,False,1678,435,3.031439781188965,0.198687344789505,0.7117
1482,440766,1,False,1404,373,3.253049612045288,0.1847360879182815,0.6407
1483,441104,6,False,2048,468,3.268911600112915,0.1871945261955261,0.4837
1484,441124,4,False,2048,453,3.246220350265503,0.1803519129753112,0.4488
1485,442185,0,False,1805,460,3.1532537937164307,0.1808097660541534,0.7662
1486,442391,6,False,1446,363,3.156243085861206,0.2036011070013046,0.5904
1487,442429,2,False,1483,373,3.3806188106536865,0.1755570620298385,0.7109
1488,443068,3,False,1313,330,3.213937997817993,0.1792524755001068,0.7303
1489,443652,8,False,2048,411,3.3046417236328125,0.1871945261955261,0.4868
1490,444721,2,False,2048,507,2.9756016731262207,0.2174975574016571,0.451
1491,444932,7,False,2028,512,3.0370616912841797,0.2028627842664718,0.7239
1492,444971,7,False,923,241,3.592687606811523,0.1541802436113357,0.6749
1493,445088,8,False,2048,495,4.156470775604248,0.1036168113350868,0.4922
1494,445356,3,False,1662,450,3.588104248046875,0.1837349385023117,0.5721
1495,446154,2,False,2048,564,3.989100456237793,0.1168132945895195,0.4892
1496,446577,7,False,2048,563,3.7979626655578618,0.1466275602579116,0.4812
1497,446713,0,False,1837,469,3.3269639015197754,0.1656675785779953,0.8183
1498,447345,9,False,2048,500,3.069538831710815,0.2038123160600662,0.463
1499,447402,1,False,1943,519,3.2242977619171143,0.207109734416008,0.7274
1500,447543,2,False,2048,516,3.884377956390381,0.1285434961318969,0.5071
1501,447944,3,False,2048,529,3.006777763366699,0.2072336226701736,0.463
1502,448620,3,False,984,261,3.1218199729919434,0.2107942998409271,0.7643
1503,448978,9,False,364,92,3.320131778717041,0.218232050538063,0.425
1504,449324,2,False,1138,345,2.9179861545562744,0.2517605721950531,0.5805
1505,449420,0,False,1384,390,3.091475009918213,0.2221418172121048,0.3502
1506,450068,3,False,2048,516,3.5077054500579834,0.1661779135465622,0.4509
1507,450402,7,False,2048,533,3.244334936141968,0.1862170100212097,0.4565
1508,450701,3,False,985,245,3.292677164077759,0.1912512779235839,0.5661
1509,451201,0,False,2048,438,3.745591163635254,0.1334310919046402,0.4589
1510,451218,1,False,2048,435,3.428053855895996,0.1608015596866607,0.6883
1511,451295,7,False,2048,476,4.047379970550537,0.1104594320058822,0.514
1512,451502,7,False,2048,439,3.7135009765625,0.1231671571731567,0.4545
1513,451689,0,False,2048,433,3.4861929416656494,0.1549364626407623,0.4437
1514,451750,2,False,2048,416,3.5911591053009033,0.1441837698221206,0.4422
1515,452053,4,False,1647,383,3.2476561069488525,0.1775075942277908,0.8069
1516,452617,7,False,1461,423,3.275689125061035,0.1754626482725143,0.7637
1517,452853,1,False,2048,444,3.3231406211853027,0.1744868010282516,0.4759
1518,452869,3,False,1829,478,3.118281126022339,0.2085385918617248,0.7579
1519,453339,4,False,2048,428,3.152018785476685,0.1837732195854187,0.4444
1520,453991,6,False,2048,395,3.510322093963623,0.1568914949893951,0.4591
1521,454615,7,False,2048,549,3.7303249835968018,0.1358748823404312,0.4654
1522,455212,6,False,2048,544,4.230763912200928,0.1070381253957748,0.5136
1523,455269,3,False,1161,328,3.2676308155059814,0.1924072504043579,0.7399
1524,455395,2,False,2048,571,3.706733465194702,0.135386124253273,0.5316
1525,455593,4,False,2048,492,3.2726047039031982,0.1896383166313171,0.4695
1526,455715,3,False,2048,454,3.3981597423553467,0.1720430105924606,0.4488
1527,456017,6,False,2025,505,3.049071788787842,0.2090954035520553,0.6941
1528,456455,5,False,1813,484,3.047006368637085,0.2230811715126037,0.9146
1529,456603,0,False,2048,490,3.162604331970215,0.1837732195854187,0.465
1530,456880,9,False,2048,463,3.1793737411499023,0.1818181872367859,0.4506
1531,457157,0,False,2048,435,3.654338359832764,0.1500488817691803,0.4385
1532,457376,4,False,2048,421,3.4328339099884033,0.1622678339481353,0.4551
1533,457481,7,False,2048,463,3.3700075149536133,0.1661779135465622,0.4508
1534,457532,1,False,2048,457,3.2634029388427734,0.177908107638359,0.4447
1535,457663,4,False,2048,488,3.036304712295532,0.2067448645830154,0.4485
1536,457728,7,False,2048,491,3.2402539253234863,0.1803519129753112,0.4551
1537,458702,3,False,2048,470,3.2112162113189697,0.1950146555900573,0.4505
1538,459188,3,False,1958,500,3.088390827178955,0.1886503100395202,0.4693
1539,459227,0,False,1950,490,3.120652198791504,0.2166324406862259,0.9031
1540,459531,7,False,2048,500,3.0660033226013184,0.1959921866655349,0.4628
1541,459581,1,False,2048,436,3.493647813796997,0.165689155459404,0.4413
1542,459843,5,False,2048,455,3.1347506046295166,0.1911045908927917,0.4596
1543,459873,8,False,2048,517,3.083470344543457,0.2013685256242752,0.4681
1544,459894,6,False,2048,455,3.359799861907959,0.1637341082096099,0.4447
1545,460122,0,False,2048,445,3.3245160579681396,0.1793743818998336,0.4479
1546,460323,5,False,2048,492,2.9940078258514404,0.2077223807573318,0.4532
1547,460375,3,False,2048,508,3.199249744415283,0.1999022513628006,0.4602
1548,460604,1,False,2048,465,3.445046901702881,0.1612903177738189,0.4405
1549,460745,7,False,2048,457,3.3195056915283203,0.1774193495512008,0.4396
1550,460965,7,False,2048,494,3.2289628982543945,0.1896383166313171,0.4795
1551,461013,8,False,1593,401,3.4695093631744385,0.1885606497526168,0.4339
1552,461222,0,False,1305,335,3.3383700847625732,0.2026093602180481,0.4445
1553,461240,9,False,2048,526,3.5232367515563965,0.1886608004570007,0.4782
1554,461302,6,False,1428,391,3.11599063873291,0.2138849943876266,0.4812
1555,461392,4,False,1859,490,3.459188222885132,0.1917070597410202,0.7775
1556,461840,6,False,1282,343,3.6290478706359863,0.1640625,0.2942
1557,461958,2,False,1289,356,3.348918914794922,0.1810411810874939,0.5922
1558,462279,0,False,2048,543,3.3041934967041016,0.2028347998857498,0.4661
1559,462536,3,False,1244,344,3.5293805599212646,0.1779388040304184,0.6053
1560,462577,9,False,2048,554,3.871030330657959,0.1300097703933715,0.4827
1561,462873,4,False,2048,558,4.059457778930664,0.1119257062673568,0.4802
1562,463370,7,False,2048,494,3.372659206390381,0.1813294291496276,0.4752
1563,463545,3,False,1759,457,3.3617894649505615,0.1861126869916916,0.4128
1564,463576,1,False,1027,269,3.510674476623535,0.1970731765031814,0.6626
1565,463632,9,False,2048,548,3.3645756244659424,0.1808406710624694,0.4758
1566,463813,3,False,2048,404,3.4417479038238525,0.1554252207279205,0.478
1567,464039,5,False,2048,516,3.487177610397339,0.1832844614982605,0.4942
1568,464491,7,False,1354,355,3.2034049034118652,0.1960059106349945,0.7475
1569,464532,6,False,1339,329,3.3734142780303955,0.1637995541095733,0.6595
1570,464618,4,False,1742,453,3.13910174369812,0.1793103516101837,0.7791
1571,464708,9,False,2048,457,3.1372151374816895,0.1920821070671081,0.4647
1572,465614,4,False,1647,444,3.206036329269409,0.1927051693201065,0.3878
1573,465932,0,False,1913,482,3.0311620235443115,0.2061747759580612,0.7821
1574,466053,0,False,2045,495,3.027489423751831,0.2256485521793365,0.8263
1575,467595,9,False,2048,462,3.2920634746551514,0.175464317202568,0.4618
1576,468358,5,False,1266,302,3.327848434448242,0.1787974685430526,0.639
1577,468481,8,False,1996,479,3.0897622108459473,0.1995987892150879,0.6769
1578,468613,5,False,1337,335,3.2194135189056396,0.1730337142944336,1.0579
1579,468635,2,False,2027,487,3.097923040390014,0.1940740793943405,0.58
1580,469357,9,False,2048,408,3.3874402046203613,0.1974584609270095,0.5004
1581,469518,1,False,2048,433,3.5254456996917725,0.1490713655948639,0.4701
1582,469759,1,False,1939,467,3.2089242935180664,0.1915332973003387,0.9701
1583,469872,1,False,1690,407,3.199953556060791,0.1783175319433212,1.5886
1584,469920,6,False,2045,469,3.1773571968078613,0.1923641711473465,1.0306
1585,470026,0,False,1846,450,3.1510322093963623,0.1914316713809967,0.6296
1586,470071,9,False,1568,377,3.1348133087158203,0.2100894004106521,0.6813
1587,470209,3,False,2048,414,3.4288055896759033,0.1559139788150787,0.5363
1588,470473,5,False,1675,424,3.144064426422119,0.2020322829484939,0.4524
1589,470553,8,False,1938,452,3.12491774559021,0.1942148804664611,0.5831
1590,470760,2,False,2048,465,3.162078857421875,0.1925708651542663,0.4733
1591,471248,5,False,2048,444,3.283196449279785,0.1827957034111023,0.4648
1592,472380,4,False,1788,455,3.097212314605713,0.1965285539627075,0.8935
1593,472515,4,False,1320,311,3.2402899265289307,0.169195756316185,0.5021
1594,472986,0,False,2048,476,3.394108772277832,0.1788856238126754,0.4524
1595,473049,9,False,2048,480,3.070862293243408,0.2121212184429168,0.5044
1596,473137,6,False,1353,288,3.314851999282837,0.188749074935913,0.3486
1597,473324,2,False,2048,353,3.3156516551971436,0.1749755591154098,0.4787
1598,473511,4,False,2048,401,3.359902620315552,0.1827957034111023,0.4486
1599,473795,6,False,837,231,3.45959734916687,0.1772455126047134,0.6642
1600,473811,0,False,1987,480,3.070957899093628,0.2105793505907058,0.9313
1601,473927,1,False,1588,376,3.2767162322998047,0.1866330355405807,0.7431
1602,474087,6,False,2048,443,3.316765546798706,0.1568914949893951,0.7585
1603,474479,3,False,2048,481,3.1217257976531982,0.1979472190141677,0.4594
1604,474526,3,False,2048,420,3.549601793289185,0.1593352854251861,0.4648
1605,474846,8,False,2048,426,3.3190321922302246,0.1617790758609771,0.4889
1606,475032,1,False,2048,465,3.408691883087158,0.1652003973722458,0.4681
1607,475140,7,False,2048,497,2.99627947807312,0.2170087993144989,0.4784
1608,475207,5,False,2048,485,3.0205392837524414,0.205767348408699,0.4682
1609,475228,2,False,2048,462,3.3089592456817627,0.1823069453239441,0.4674
1610,475372,7,False,2048,468,3.1137969493865967,0.1930596232414245,0.4555
1611,476603,9,False,2048,416,3.208766222000122,0.1886608004570007,0.4794
1612,476973,5,False,2048,437,3.3157076835632324,0.179863154888153,0.4907
1613,477396,8,False,2048,491,3.0454704761505127,0.2013685256242752,0.4562
1614,477549,5,False,2048,515,3.012627601623535,0.2038123160600662,0.4599
1615,477716,5,False,2048,493,3.0708723068237305,0.1920821070671081,0.4586
1616,477859,3,False,2048,465,3.10499906539917,0.20821113884449,0.4707
1617,477962,2,False,2048,496,3.2304162979125977,0.1994134932756424,0.4597
1618,478681,1,False,2048,473,3.5436160564422607,0.1495601236820221,0.4501
1619,480665,3,False,2048,552,3.373121976852417,0.1759530752897262,0.4638
1620,480841,0,False,2048,437,3.2467668056488037,0.1735092848539352,0.4529
1621,481300,5,False,2048,454,3.4600884914398193,0.1686217039823532,0.4429
1622,482055,6,False,2048,539,3.483999490737915,0.1573802530765533,0.4636
1623,482454,4,False,2048,449,3.3132779598236084,0.1593352854251861,0.4614
1624,482961,2,False,2048,467,3.2628865242004395,0.1813294291496276,0.463
1625,483280,0,False,2048,600,4.043282985687256,0.1295210123062133,0.5466
1626,483494,2,False,2048,599,4.46854829788208,0.0889540538191795,0.5139
1627,483840,1,False,2048,573,3.5546457767486572,0.1485826075077057,0.4821
1628,484652,1,False,2048,581,3.597653388977051,0.1524926722049713,0.4884
1629,484667,7,False,2048,593,4.225183010101318,0.109970673918724,0.4961
1630,484744,3,False,1476,423,3.179466009140014,0.1852103173732757,0.9327
1631,485170,8,False,2048,582,3.8926749229431152,0.1480938345193863,0.5117
1632,485713,2,False,2048,456,3.2826945781707764,0.1783968657255172,0.5211
1633,485938,5,False,2048,534,4.083672046661377,0.1114369481801986,0.5087
1634,486015,0,False,2048,600,3.843433618545532,0.1300097703933715,0.4932
1635,486623,1,False,1619,434,3.1909334659576416,0.1762523204088211,0.5963
1636,487245,2,False,2048,459,3.2092244625091553,0.1842619776725769,0.5178
1637,487299,3,False,2048,540,3.0850672721862793,0.2047898322343826,0.5342
1638,487902,5,False,2017,518,3.023917436599731,0.2074441760778427,0.954
1639,487932,1,False,2048,536,3.2110774517059326,0.2062561064958572,0.4727
1640,488023,5,False,2048,512,3.4053471088409424,0.1813294291496276,0.5323
1641,488134,2,False,2048,414,3.508253574371338,0.1480938345193863,0.4579
1642,488596,7,False,2048,546,3.874469041824341,0.1334310919046402,0.5324
1643,488868,3,False,1509,417,3.160512685775757,0.1970802992582321,1.4163
1644,488895,6,False,2048,471,3.7687947750091553,0.1373411566019058,0.6454
1645,489154,8,False,2048,441,3.2917120456695557,0.1823069453239441,0.5475
1646,489369,1,False,2048,474,3.563371419906616,0.1652003973722458,0.5671
1647,490025,8,False,1518,385,3.1290314197540283,0.2031662315130233,0.8124
1648,490030,0,False,2048,515,3.22102427482605,0.1891495585441589,0.595
1649,490116,6,False,2048,364,3.4424359798431396,0.1666666716337204,0.4789
1650,490854,4,False,1877,507,3.1603000164031982,0.20533333718776703,1.6308
1651,490942,2,False,2048,472,3.293541193008423,0.18914955854415894,1.1645
1652,491002,8,False,1975,487,3.1271204948425293,0.2123669534921646,0.873
1653,491372,1,False,2048,443,3.773045063018799,0.130987286567688,0.4914
1654,491614,0,False,2048,516,3.2784464359283447,0.18670576810836792,0.4984
1655,491662,7,False,2048,462,3.1920740604400635,0.1852394938468933,0.4886
1656,492489,8,False,2048,505,3.1233673095703125,0.2013685256242752,0.4706
1657,492655,2,False,1760,443,3.141216993331909,0.1990898698568344,0.6254
1658,494100,6,False,1303,378,3.3735272884368896,0.20061491429805756,0.5352
1659,494113,9,False,1141,339,3.518428087234497,0.18964003026485443,0.5201
1660,494587,3,False,2048,432,3.4357595443725586,0.1515151560306549,0.5003
1661,494593,8,False,2048,540,3.5241830348968506,0.15640273690223694,0.477
1662,494665,4,False,2048,439,3.107548475265503,0.2023460417985916,0.4532
1663,494717,8,False,1981,499,3.0929455757141113,0.2006063610315323,0.7319
1664,495028,7,False,2048,517,2.945383310317993,0.20918865501880646,0.4735
1665,495171,0,False,1102,322,3.2788045406341553,0.20000000298023224,0.4951
1666,495401,0,False,1888,448,3.1104981899261475,0.203605517745018,0.5196
1667,495733,5,False,1869,459,3.1124584674835205,0.2056775540113449,0.5226
1668,496228,0,False,2048,482,3.888739585876465,0.12756597995758057,0.4646
1669,496685,4,False,2048,554,3.8098409175872803,0.14076246321201324,0.4714
1670,496720,7,False,2048,408,3.4405922889709473,0.17302052676677704,0.468
1671,496743,3,False,2048,566,3.7001399993896484,0.13929618895053864,0.4684
1672,496803,1,False,1945,497,3.1890597343444824,0.2141019105911255,0.7094
1673,496943,9,False,1181,331,3.404092311859131,0.20610687136650085,0.464
1674,497052,1,False,2048,440,3.2565758228302,0.18670576810836792,0.46
1675,497325,0,False,1107,326,3.6254963874816895,0.1556561142206192,0.4666
1676,497837,7,False,2048,485,3.161041736602783,0.19599218666553497,0.4568
1677,497905,1,False,2048,469,3.2049906253814697,0.1837732195854187,0.4561
1678,498474,8,False,2048,386,3.4283931255340576,0.1686217039823532,0.4414
1679,498527,8,False,802,204,3.3527615070343018,0.17874999344348907,0.2781
1680,498933,3,False,2048,416,3.296596050262451,0.17106549441814423,0.4417
1681,499454,0,False,2048,452,3.239668846130371,0.1676441878080368,0.4666
1682,499475,2,False,2048,442,3.1467366218566895,0.1818181872367859,0.4559
1683,499502,4,False,2048,493,3.113734245300293,0.2003910094499588,0.4876
1684,500215,2,False,1208,351,3.5071918964385986,0.17495854198932648,0.9877
1685,500262,3,False,2048,428,3.386680841445923,0.17008797824382782,0.4669
1686,500309,9,False,2048,431,3.3306493759155273,0.1691104620695114,0.4569
1687,500390,0,False,2048,441,3.6387476921081543,0.14320625364780426,0.451
1688,500847,6,False,2048,471,3.722482681274414,0.14418376982212067,0.4631
1689,501284,1,False,2048,472,3.172027826309204,0.18768328428268433,0.45
1690,501471,6,False,1761,429,3.031240701675415,0.2001136988401413,0.4982
1691,501560,7,False,2048,421,3.2825610637664795,0.17546431720256805,0.4445
1692,501632,2,False,2048,441,3.182218551635742,0.17986315488815308,0.4374
1693,501890,4,False,2048,446,3.3893351554870605,0.17937438189983368,0.4498
1694,502112,0,False,2048,472,3.0290627479553223,0.20283479988574982,0.4394
1695,502147,9,False,2048,480,3.1191184520721436,0.1832844614982605,0.4406
1696,502747,8,False,2048,499,3.3565821647644043,0.18768328428268433,0.4488
1697,502750,7,False,2048,442,3.239255428314209,0.18768328428268433,0.4366
1698,502759,0,False,2020,490,2.966158628463745,0.2150644212961197,0.5319
1699,502914,8,False,1701,443,3.173969268798828,0.2024720460176468,0.6099
1700,502915,6,False,1631,430,3.220656394958496,0.18845917284488678,0.4599
1701,503187,2,False,1091,257,3.2784130573272705,0.18824610114097595,0.5529
1702,503902,6,False,2048,476,3.474907398223877,0.16324535012245178,0.4637
1703,503938,0,False,1893,459,3.058058261871338,0.1903754621744156,0.6696
1704,504170,0,False,1458,367,3.3637492656707764,0.18131868541240692,0.5949
1705,504189,4,False,2048,480,3.1560146808624268,0.18866080045700073,0.462
1706,504490,9,False,2048,555,3.7430543899536133,0.1485826075077057,0.4929
1707,504527,7,False,1887,459,3.091797351837158,0.20583555102348328,0.5105
1708,504792,3,False,2048,397,3.46087384223938,0.15982404351234436,0.4665
1709,504864,8,False,1785,416,2.8772475719451904,0.22490185499191284,0.6573
1710,504875,0,False,2048,346,3.122678756713867,0.2018572837114334,0.4762
1711,505048,7,False,2048,498,3.822059392929077,0.11974584311246872,0.4823
1712,505082,9,False,2048,475,3.901238203048706,0.12756597995758057,1.0213
1713,505164,5,False,2048,426,3.1983635425567627,0.1671554297208786,0.487
1714,505246,5,False,2048,476,3.6827309131622314,0.1515151560306549,0.4683
1715,505689,7,False,2048,474,3.158463478088379,0.18768328428268433,0.5042
1716,505872,9,False,2048,393,3.2373478412628174,0.17693059146404266,0.4656
1717,506270,2,False,2048,496,3.9367244243621826,0.12414467334747314,0.4721
1718,506344,5,False,2048,408,3.3517305850982666,0.16373410820960999,0.4426
1719,506527,8,False,2048,420,3.4206736087799072,0.15347018837928772,0.4832
1720,506695,3,False,2048,463,3.0516762733459473,0.20674486458301544,0.4904
1721,506762,1,False,2048,491,3.0943470001220703,0.200879767537117,0.461
1722,506850,2,False,2048,467,3.357750177383423,0.1524926722049713,0.4837
1723,507673,4,False,2048,462,3.220777988433838,0.17986315488815308,0.4555
1724,508536,9,False,2048,438,3.26306414604187,0.17839686572551727,0.4548
1725,508642,0,False,2048,398,3.4228854179382324,0.16422288119792938,0.4875
1726,508672,2,False,2048,500,3.7146689891815186,0.1334310919046402,0.4676
1727,509464,1,False,1540,354,3.313230276107788,0.17945383489131927,0.4894
1728,509874,1,False,1149,238,3.434685707092285,0.15780296921730042,0.3425
1729,510150,0,False,1422,331,3.2518935203552246,0.195774644613266,0.5751
1730,510421,6,False,1236,303,3.338257074356079,0.16774716973304749,0.5759
1731,510585,9,False,1470,337,3.2422239780426025,0.1955040842294693,0.6896
1732,510588,9,False,1402,344,3.239325523376465,0.1899999976158142,0.3656
1733,510906,5,False,1229,288,3.398747444152832,0.16707415878772736,0.4938
1734,511328,2,False,1612,399,3.2908551692962646,0.186956524848938,0.4498
1735,512000,3,False,1689,428,3.1884896755218506,0.18138708174228668,0.4929
1736,512462,3,False,1598,405,3.1860568523406982,0.20989975333213806,0.4662
1737,512531,1,False,1178,275,3.2633798122406006,0.17602041363716125,0.5884
1738,512563,9,False,2029,556,2.9906978607177734,0.21904292702674866,0.6262
1739,512667,1,False,1496,377,3.2472174167633057,0.20281124114990234,0.448
1740,512739,1,False,1519,368,3.247652769088745,0.19709953665733337,0.5699
1741,513590,7,False,1994,499,3.0838310718536377,0.22891566157341003,0.606
1742,515968,1,False,2048,497,3.754232406616211,0.14076246321201324,0.4719
1743,516615,8,False,2048,430,3.3023171424865723,0.1832844614982605,0.4669
1744,517018,9,False,349,80,3.9954710006713867,0.18443803489208221,0.3839
1745,517319,2,False,2025,498,3.0506367683410645,0.21354423463344574,0.6014
1746,517352,4,False,467,123,3.592785358428955,0.20645160973072052,0.3881
1747,517618,9,False,1571,441,3.167165517807007,0.2071382999420166,0.5923
1748,517823,2,False,2048,422,3.3930957317352295,0.17057673633098602,0.4617
1749,517935,8,False,417,117,3.5397584438323975,0.2506024241447449,0.3857
1750,518945,6,False,2048,495,3.3576595783233643,0.17155425250530243,0.5131
1751,519135,5,False,351,89,3.806295156478882,0.18051576614379883,0.357
1752,519720,3,False,2048,451,3.0020358562469482,0.21065492928028107,0.467
1753,519956,0,False,468,118,3.4101483821868896,0.19742488861083984,0.2311
1754,520020,0,False,499,142,3.6271231174468994,0.18712273240089417,0.3897
1755,520131,2,False,2048,405,3.2290382385253906,0.16959922015666962,0.4782
1756,520550,7,False,1911,514,3.138873815536499,0.21843896806240082,0.5922
1757,520898,6,False,1259,357,3.176525592803955,0.2116149514913559,0.4561
1758,520982,4,False,1651,468,3.099588394165039,0.21528199315071106,0.6769
1759,521110,2,False,1524,399,3.1313014030456543,0.20893561840057373,0.5945
1760,521141,3,False,2048,443,3.0840251445770264,0.198435977101326,0.4599
1761,521183,0,False,2048,459,3.121387243270874,0.19012707471847534,0.47
1762,521668,3,False,2048,424,3.325674295425415,0.16275659203529358,0.4511
1763,522725,1,False,307,78,3.840158224105835,0.20000000298023224,0.3345
1764,523214,9,False,2048,483,2.9308249950408936,0.22287389636039734,0.4596
1765,523527,0,False,2048,474,3.1284079551696777,0.1857282519340515,0.4756
1766,524148,0,False,1799,462,3.230639696121216,0.1992209255695343,0.6853
1767,524167,2,False,2048,432,3.344083070755005,0.18035191297531128,0.4489
1768,524522,5,False,1563,414,3.0515832901000977,0.22934016585350037,0.6183
1769,525063,1,False,2048,480,3.105705499649048,0.20381231606006622,0.4744
1770,525362,0,False,2048,464,3.1985695362091064,0.1827957034111023,0.4564
1771,525502,5,False,1736,446,3.1196823120117188,0.2018454372882843,0.6471
1772,525891,4,False,2048,493,3.273292303085327,0.17546431720256805,0.4732
1773,526172,2,False,2048,442,3.2335445880889893,0.18084067106246948,0.4495
1774,526683,0,False,2048,438,3.2654011249542236,0.17204301059246063,0.4614
1775,526691,4,False,2048,452,3.438136577606201,0.15395894646644592,0.4564
1776,526822,0,False,2048,503,2.9739694595336914,0.20723362267017365,0.4688
1777,526857,8,False,2048,547,3.8484866619110107,0.14418376982212067,0.4882
1778,527134,7,False,2048,483,3.1821601390838623,0.19305962324142456,0.4714
1779,527267,4,False,2048,458,3.1170237064361572,0.19012707471847534,0.468
1780,527741,2,False,2048,434,3.2313895225524902,0.1827957034111023,0.4678
1781,527993,3,False,2048,435,3.322312116622925,0.17937438189983368,0.4522
1782,529291,7,False,2048,469,3.4334557056427,0.16226783394813538,0.4567
1783,529875,0,False,2048,424,3.2987143993377686,0.1676441878080368,0.448
1784,530241,2,False,2048,484,3.0794591903686523,0.20381231606006622,0.4756
1785,530276,5,False,2048,465,3.27876615524292,0.17595307528972626,0.4557
1786,530678,4,False,2048,482,3.0640506744384766,0.21407625079154968,0.488
1787,530734,6,False,2048,456,3.20544695854187,0.18084067106246948,0.4649
1788,530753,5,False,2048,455,3.240010976791382,0.1818181872367859,0.4558
1789,530985,1,False,2048,491,3.208798408508301,0.18132942914962769,0.4687
1790,531156,9,False,2048,514,3.006578207015991,0.22189638018608093,0.4745
1791,531301,4,False,2048,490,3.091555118560791,0.1999022513628006,0.4709
1792,531813,5,False,2048,464,3.1738903522491455,0.18132942914962769,0.4453
1793,533020,2,False,2048,490,3.0713014602661133,0.20478983223438263,0.4533
1794,533385,7,False,2048,456,3.562558174133301,0.15689149498939514,0.4773
1795,533867,8,False,2048,475,3.112855911254883,0.18670576810836792,0.507
1796,533900,1,False,2048,416,3.311551094055176,0.16177907586097717,0.4658
1797,533966,9,False,2048,475,3.421699047088623,0.15982404351234436,0.45
1798,534080,2,False,1963,512,3.0191006660461426,0.21111677587032318,0.585
1799,534338,1,False,2048,519,3.6240243911743164,0.14711631834506989,0.4808
1800,534613,6,False,1463,387,3.1112704277038574,0.19301848113536835,0.5188
1801,534863,9,False,2048,523,4.017951488494873,0.12170088291168213,0.4976
1802,535195,2,False,1728,442,3.198523759841919,0.20220161974430084,0.6613
1803,536483,2,False,1625,439,3.0763604640960693,0.21934689581394196,0.5533
1804,536534,0,False,1801,464,3.0877139568328857,0.21623124182224274,0.59
1805,537067,9,False,645,174,3.7292497158050537,0.1710730940103531,0.4794
1806,537622,4,False,2048,430,3.4365921020507812,0.15933528542518616,0.4906
1807,537899,1,False,1823,479,3.007920503616333,0.2191103845834732,0.7271
1808,537972,8,False,1865,453,3.160142421722412,0.20450885593891144,0.7245
1809,538279,3,False,2048,499,4.004414081573486,0.12414467334747314,0.4946
1810,538330,8,False,2048,474,3.1774816513061523,0.19599218666553497,0.4606
1811,540243,5,False,2048,542,3.023738145828247,0.20772238075733185,0.4765
1812,540270,5,False,2048,480,3.103158473968506,0.19403713941574097,0.4462
1813,540781,8,False,2048,502,2.986295223236084,0.1994134932756424,0.4632
1814,541028,9,False,1765,458,3.0660128593444824,0.213272824883461,0.6809
1815,541034,4,False,2048,442,3.350090503692627,0.17937438189983368,0.4917
1816,541524,8,False,2048,462,3.201626777648926,0.1827957034111023,0.4706
1817,541554,8,False,2048,505,3.1788830757141113,0.1837732195854187,0.449
1818,541846,4,False,1317,395,3.453644037246704,0.18859314918518066,0.554
1819,542175,1,False,1643,464,3.3511013984680176,0.19378428161144257,0.6091
1820,542592,9,False,1583,429,3.095707416534424,0.22960151731967926,0.4329
1821,542910,3,False,1020,302,3.0770771503448486,0.24656188488006592,0.4936
1822,543016,6,False,2048,550,3.730125904083252,0.15591397881507874,0.5186
1823,543080,5,False,1224,362,3.155775785446167,0.2184942662715912,0.3912
1824,543474,9,False,1435,406,3.079695701599121,0.2442428469657898,0.5852
1825,543801,0,False,1426,396,3.280543327331543,0.21488763391971588,0.4379
1826,543815,3,False,1453,412,3.1593236923217773,0.2170916646718979,0.6053
1827,543819,3,False,1528,448,3.110994815826416,0.21035386621952057,0.4504
1828,544152,9,False,1007,306,3.4590628147125244,0.18109452724456787,0.3492
1829,544253,7,False,1679,459,3.3478879928588867,0.19558735191822052,0.5321
1830,544302,5,False,2048,538,3.6117186546325684,0.1490713655948639,0.4851
1831,544605,4,False,1777,489,3.4261813163757324,0.1943662017583847,0.5144
1832,544640,9,False,1429,404,3.230771064758301,0.21373510360717773,0.5189
1833,544642,1,False,1518,427,3.505429267883301,0.19920843839645386,0.4527
1834,544725,8,False,1494,416,3.4481029510498047,0.18967828154563904,0.6089
1835,545299,0,False,2048,542,3.434823751449585,0.17008797824382782,0.4597
1836,545562,3,False,1712,454,3.2555606365203857,0.2198830395936966,0.6497
1837,546348,4,False,1163,303,3.36021089553833,0.17915590107440948,0.5861
1838,546358,2,False,2048,556,3.751818895339966,0.14662756025791168,0.493
1839,546491,7,False,1094,330,3.2069993019104004,0.2032967060804367,0.5666
1840,547033,3,False,1759,479,3.1959455013275146,0.22424587607383728,0.4886
1841,547049,4,False,1166,337,3.235161066055298,0.22766323387622833,0.5108
1842,547059,7,False,1073,314,3.5405404567718506,0.18674136698246002,0.553
1843,547107,4,False,1325,368,3.2801973819732666,0.20786091685295105,0.406
1844,547137,6,False,1166,326,3.220184564590454,0.2147766351699829,0.2426
1845,547162,1,False,1609,473,3.3712756633758545,0.17734909057617188,0.6775
1846,547374,3,False,2048,501,3.1576178073883057,0.20478983223438263,0.4707
1847,547414,8,False,2048,527,3.402376174926758,0.1476050764322281,0.4562
1848,547910,0,False,1644,467,3.521409511566162,0.17600487172603607,0.6484
1849,547962,4,False,1165,345,3.178283214569092,0.21668100357055664,0.3918
1850,548493,6,False,1590,437,3.1866705417633057,0.19584383070468903,0.6551
1851,548591,6,False,2048,525,3.5289933681488037,0.15591397881507874,0.4744
1852,550396,7,False,1638,428,3.446913003921509,0.17665036022663116,0.6961
1853,550449,5,False,1304,352,3.472400188446045,0.17741934955120087,0.5554
1854,550631,0,False,2048,452,3.1694085597991943,0.1832844614982605,0.483
1855,550881,3,False,1335,339,3.389493942260742,0.19129782915115356,0.7009
1856,551103,4,False,2048,528,3.2074050903320312,0.21309873461723328,0.5042
1857,551217,4,False,1635,448,3.113088846206665,0.21739129722118378,0.5199
1858,551356,4,False,1371,360,3.29019832611084,0.2140248417854309,0.6044
1859,551373,6,False,1838,497,3.114396572113037,0.22549019753932953,0.6869
1860,551900,8,False,2048,465,3.719045400619507,0.14565004408359528,0.4763
1861,551958,7,False,1462,411,3.5886740684509277,0.178767129778862,0.6219
1862,552131,0,False,2048,496,3.0723865032196045,0.20576734840869904,0.4611
1863,552888,0,False,1517,431,3.1377625465393066,0.21584159135818481,0.4533
1864,553089,3,False,1701,484,3.4661340713500977,0.17834019660949707,0.3929
1865,553137,4,False,1341,401,3.2939698696136475,0.21508587896823883,0.4079
1866,553317,4,False,2048,484,3.6709818840026855,0.1476050764322281,0.4639
1867,553334,8,False,1803,506,3.2485992908477783,0.2076624035835266,0.7335
1868,553374,3,False,1193,337,3.339317798614502,0.191435769200325,0.3731
1869,553822,6,False,1570,410,3.221457004547119,0.2091836780309677,0.6821
1870,553883,3,False,2048,547,4.141881465911865,0.11534702032804489,0.4776
1871,553917,8,False,2048,421,3.5581088066101074,0.1476050764322281,0.4559
1872,554466,1,False,1146,331,3.196371555328369,0.220279723405838,0.6329
1873,555087,8,False,1383,401,3.3322367668151855,0.18899348378181458,0.4136
1874,555154,6,False,2048,431,3.3907902240753174,0.16422288119792938,0.4677
1875,556129,1,False,1750,443,3.2340469360351562,0.19565217196941376,0.7121
1876,556173,5,False,1497,322,3.224128484725952,0.19531773030757904,0.6263
1877,556367,7,False,1986,465,2.9969563484191895,0.22782258689403534,0.7567
1878,556703,4,False,2048,582,3.5070273876190186,0.16031280159950256,0.5307
1879,557381,4,False,1063,287,3.7396512031555176,0.17059378325939178,0.5417
1880,557569,3,False,2048,506,3.7386832237243652,0.1524926722049713,0.4637
1881,558029,0,False,1832,485,3.555734872817993,0.17650273442268372,0.7952
1882,559112,5,False,2048,515,4.248617649078369,0.08895405381917953,0.5297
1883,559330,5,False,2048,451,3.4007959365844727,0.17008797824382782,0.5205
1884,559824,4,False,2048,406,3.4095091819763184,0.16471163928508759,0.4884
1885,560432,6,False,2048,590,3.9629223346710205,0.12952101230621338,0.5327
1886,560658,2,False,1607,443,3.29058837890625,0.20872274041175842,0.7799
1887,560734,8,False,2048,533,3.6457438468933105,0.14027370512485504,0.5309
1888,560974,0,False,1493,431,3.3450191020965576,0.19718310236930847,0.4475
1889,561210,5,False,2048,565,4.046090126037598,0.11925708502531052,0.5056
1890,562111,0,False,1798,496,3.384364604949951,0.19821825623512268,0.6504
1891,562244,0,False,2048,493,3.92120099067688,0.12072335928678513,0.5065
1892,562293,7,False,2048,556,3.90539813041687,0.1319648027420044,1.029
1893,562836,2,False,1876,503,3.156430721282959,0.20010672509670258,0.937
1894,562922,7,False,1680,403,2.9603188037872314,0.22824791073799133,0.7101
1895,563046,6,False,2048,408,3.3921332359313965,0.15982404351234436,0.5046
1896,563307,7,False,1293,376,3.1355643272399902,0.19519752264022827,0.4036
1897,563871,8,False,2048,518,3.1088900566101074,0.20478983223438263,0.5367
1898,563966,5,False,2048,457,3.5093963146209717,0.16031280159950256,0.5408
1899,564316,3,False,2048,447,3.26820969581604,0.17741934955120087,0.6336
1900,564535,3,False,2048,387,3.842397689819336,0.12756597995758057,0.5902
1901,564548,9,False,2048,491,3.471430778503418,0.17448680102825165,0.652
1902,565333,2,False,2048,472,3.212275266647339,0.19305962324142456,0.6321
1903,565395,6,False,2048,469,3.403050184249878,0.16080155968666077,0.5451
1904,566116,1,False,1323,340,3.3561792373657227,0.1771385371685028,1.673
1905,566568,3,False,1579,401,3.3637306690216064,0.18008877336978912,0.8198
1906,566692,1,False,2048,582,4.146066188812256,0.11974584311246872,0.9744
1907,566699,7,False,1910,502,3.0350005626678467,0.21174004673957825,0.783
1908,566709,4,False,1311,359,3.218508005142212,0.1970970183610916,0.6717
1909,566787,1,False,2048,490,3.1767771244049072,0.198435977101326,0.4834
1910,567305,1,False,2048,453,3.5548858642578125,0.15738025307655334,0.4807
1911,567323,9,False,1757,434,3.1480941772460938,0.19715099036693573,0.5786
1912,567556,6,False,1096,313,3.1156814098358154,0.20840950310230255,0.6104
1913,567618,7,False,2048,535,3.0175304412841797,0.21260997653007507,0.4976
1914,567960,5,False,1711,483,3.0378470420837402,0.21357518434524536,0.6966
1915,568016,6,False,1909,507,2.987154483795166,0.2123754620552063,0.7636
1916,568045,0,False,433,116,3.7764759063720703,0.16705337166786194,0.409
1917,568192,4,False,1371,268,3.140300989151001,0.20379839837551117,0.3111
1918,568450,2,False,1356,370,3.129342555999756,0.21491876244544983,0.6109
1919,568710,3,False,2048,500,3.1007535457611084,0.200879767537117,0.4813
1920,568732,6,False,2048,522,3.04944109916687,0.21309873461723328,0.486
1921,568778,8,False,2048,441,2.9506185054779053,0.22287389636039734,0.5067
1922,568924,0,False,450,110,3.8847591876983643,0.171875,0.5656
1923,569252,4,False,2048,417,3.0811595916748047,0.20821113884449005,0.4707
1924,569406,1,False,2048,400,3.1683011054992676,0.19696970283985138,0.5247
1925,569407,2,False,2048,495,3.414452075958252,0.16129031777381897,0.4899
1926,569764,9,False,2048,447,3.3927037715911865,0.15933528542518616,0.4665
1927,569822,1,False,2048,411,3.4439594745635986,0.1676441878080368,0.4737
1928,569877,8,False,2048,451,3.1033897399902344,0.20723362267017365,0.5415
1929,570833,5,False,2048,512,3.5385308265686035,0.15493646264076233,0.5242
1930,571199,8,False,1871,449,2.947089672088623,0.20599250495433807,0.6759
1931,571415,3,False,2048,551,3.7771971225738525,0.14320625364780426,0.5097
1932,572322,8,False,2048,412,3.1794369220733643,0.17937438189983368,0.4849
1933,572376,4,False,1699,457,2.916368007659912,0.22451384365558624,0.5902
1934,572381,0,False,2048,483,3.0487403869628906,0.20478983223438263,0.5109
1935,572581,5,False,2048,504,2.8922712802886963,0.21994134783744812,0.5808
1936,572604,1,False,1027,246,3.2302167415618896,0.18243902921676636,0.4114
1937,573064,6,False,2048,490,2.8615095615386963,0.22434017062187195,0.487
1938,573097,7,False,1631,382,2.959237575531006,0.2007366418838501,0.4372
1939,573686,9,False,2048,536,3.5312137603759766,0.17644183337688446,0.5298
1940,574012,2,False,2048,451,3.3315043449401855,0.18866080045700073,0.5072
1941,574078,1,False,2048,558,4.035607814788818,0.12854349613189697,0.5306
1942,574402,2,False,2048,489,3.9250221252441406,0.1344086080789566,0.4847
1943,574878,3,False,2048,446,3.760166645050049,0.13685239851474762,0.4509
1944,575063,7,False,2048,506,3.4682517051696777,0.17497555911540985,0.4776
1945,575539,8,False,2048,574,4.156798839569092,0.10215053707361221,0.6134
1946,575938,0,False,2048,518,3.411173105239868,0.17595307528972626,0.6148
1947,575967,9,False,2048,538,3.2174341678619385,0.19208210706710815,0.4686
1948,577691,8,False,1084,284,3.327805995941162,0.17190387845039368,0.5672
1949,578177,8,False,1245,375,3.3119635581970215,0.20595334470272064,0.5446
1950,578263,4,False,1273,312,3.301825523376465,0.18961447477340698,0.7133
1951,578502,0,False,1634,408,3.058820962905884,0.20526960492134094,0.5317
1952,578839,4,False,1149,289,3.2470974922180176,0.1900610327720642,0.2635
1953,579372,5,False,2048,432,3.9803168773651123,0.11779081076383591,0.6691
1954,579422,5,False,2048,519,3.902308464050293,0.14027370512485504,0.4713
1955,579507,6,False,2048,554,3.208522081375122,0.21358749270439148,0.6658
1956,579761,4,False,1783,504,3.1498682498931885,0.20943289995193481,0.9814
1957,580164,6,False,2048,446,3.333343982696533,0.17839686572551727,0.4819
1958,580265,6,False,2048,512,3.1920127868652344,0.21065492928028107,0.4618
1959,580751,1,False,1398,367,3.0612707138061523,0.2098853886127472,0.6492
1960,581667,9,False,1676,431,3.0006587505340576,0.1887694150209427,0.6967
1961,581704,9,False,2011,505,3.0172595977783203,0.22050771117210388,0.9474
1962,582175,6,False,2048,453,3.3488645553588867,0.17204301059246063,0.462
1963,582237,0,False,2048,479,3.70378041267395,0.1515151560306549,0.478
1964,582272,9,False,2048,423,3.3254058361053467,0.17644183337688446,0.5983
1965,582421,3,False,2020,476,3.324917793273926,0.17839445173740387,0.8391
1966,582508,4,False,2048,495,3.2937073707580566,0.18670576810836792,0.5175
1967,582660,7,False,2048,457,3.4775969982147217,0.1827957034111023,0.489
1968,582800,0,False,2048,545,3.0593674182891846,0.20478983223438263,0.5167
1969,583006,5,False,1544,396,3.2390646934509277,0.1893644630908966,0.7134
1970,583008,7,False,1520,377,3.2153899669647217,0.20487482845783234,0.5061
1971,583187,1,False,1123,278,3.435760974884033,0.17752006649971008,0.6521
1972,584489,2,False,1823,434,3.2240023612976074,0.188907191157341,0.4649
1973,584971,8,False,2048,432,3.279270648956299,0.1827957034111023,0.5181
1974,584972,2,False,1926,497,3.059063196182251,0.2068607062101364,0.8146
1975,585528,6,False,1596,361,3.1718804836273193,0.194479301571846,0.736
1976,585574,1,False,1385,342,3.379664659500122,0.17281273007392883,0.6217
1977,585681,7,False,1240,331,3.2781097888946533,0.17932148277759552,0.4184
1978,586131,0,False,1301,315,3.2788915634155273,0.1886066198348999,0.439
1979,586169,5,False,1701,420,3.187171697616577,0.2012948840856552,0.3888
1980,587067,5,False,2048,479,3.064359664916992,0.19257086515426636,0.4671
1981,587626,4,False,1645,412,3.0685923099517822,0.20572124421596527,0.5279
1982,587848,3,False,2048,513,3.8891091346740723,0.1314760446548462,0.4992
1983,588179,3,False,2020,511,2.980290174484253,0.21357780694961548,0.4751
1984,588386,9,False,2048,496,4.1044182777404785,0.1319648027420044,0.4556
1985,588602,3,False,1393,419,3.1700475215911865,0.21351546049118042,0.6167
1986,588690,5,False,2048,498,3.102318286895752,0.20869989693164825,0.4777
1987,588837,4,False,2048,579,3.8876700401306152,0.1348973661661148,0.5273
1988,589024,5,False,2048,485,3.1251299381256104,0.18866080045700073,0.4763
1989,589033,8,False,2048,523,4.09473180770874,0.11925708502531052,0.4931
1990,589374,4,False,1742,414,3.064525604248047,0.20057471096515656,0.5451
1991,589553,5,False,2048,435,3.389181613922119,0.17008797824382782,0.4435
1992,590230,2,False,2048,448,3.4166433811187744,0.17497555911540985,0.468
1993,590423,9,False,2048,517,4.110198020935059,0.11339198797941208,0.4725
1994,590607,9,False,1099,278,3.3045601844787598,0.18049225211143494,0.4597
1995,590801,0,False,1348,362,3.492252826690674,0.1842496246099472,0.7111
1996,590908,5,False,1389,363,3.245466709136963,0.19682767987251282,0.5819
1997,591326,7,False,2048,510,3.8414809703826904,0.12805473804473877,0.4872
1998,591765,0,False,1797,443,3.0366873741149902,0.21169915795326233,0.5756
1999,592285,8,False,1825,508,3.0265281200408936,0.22819527983665466,0.8344
