feature_id,top_gene,top5_genes,activation_freq,max_activation,n_enrichments,module,umap_x,umap_y
0,LRRCC1,"LRRCC1, ZBTB43, GXYLT1, MCEE, PTDSS1",0.008606896497633324,14.831417083740234,6,4,3.784499168395996,6.542879581451416
1,ERO1A,"ERO1A, SETD3, FBXO3, NUDCD2, SLC35F5",0.005398060384550527,7.0045166015625,42,8,-3.302290916442871,5.655027866363525
2,TEDC1,"TEDC1, SRD5A3, UPF1, C6ORF47, DPCD",0.0019990274471664597,4.0274739265441895,0,4,2.4838898181915283,6.345855712890625
3,INSIG2,"INSIG2, SMIM14, NDUFS5, IPP, MCRIP1",0.006228455797865874,9.143805503845215,0,0,0.6340475082397461,5.745907783508301
4,ADK,"ADK, TLN1, CLIC4, TRA2A, CREM",0.030761885340726828,13.1190185546875,0,6,-1.1228711605072021,8.363309860229492
5,CNOT6L,"CNOT6L, MLLT11, TACC3, ANAPC11, HDDC2",0.0002156871203416484,3.7124269008636475,3,9,-1.6547534465789795,4.99102783203125
6,RABGAP1,"RABGAP1, ACTN4, PPP1R2, SPATS2, INO80D",0.0033715818493405855,4.25662088394165,11,1,0.18828241527080536,7.808201313018799
7,STARD7,"STARD7, ACO2, BLOC1S4, CDC123, NAGPA",0.009889254467664579,18.365665435791016,7,8,-3.081188917160034,6.5006937980651855
8,DLGAP4,"DLGAP4, ZNF652, SRF, PRORP, SLC25A24",0.008115718100855297,7.08754825592041,1,9,0.6277440190315247,6.208274841308594
9,XPNPEP1,"XPNPEP1, TOPBP1, CUL5, ELP6, MND1",0.007458852779814823,9.555542945861816,3,8,-0.3352406322956085,7.217034816741943
10,DDIT3,"DDIT3, POC1B, FEZ2, TSC22D2, CEP290",0.006661790830552277,6.6544189453125,2,7,1.6292381286621094,6.656075477600098
11,RPS5,"RPS5, ARPC3, RACK1, TUBA1B, ARPC2",0.0008264738293091346,16.467599868774414,2,5,-0.6684020757675171,8.67186164855957
12,BAD,"BAD, GLUD1, DGKZ, TBC1D15, IDI1",0.01191867419087918,7.921718597412109,28,1,2.1593544483184814,6.363216876983643
13,PTBP2,"PTBP2, LEPROTL1, NDUFA6, FOXP1, KATNBL1",0.00024411860438668386,3.119452476501465,6,6,-0.5913732051849365,7.950503826141357
14,ARHGAP1,"ARHGAP1, MRPS10, ELP5, NISCH, TMEM70",0.01660888866230848,11.361342430114746,0,6,-0.23072753846645355,4.048632621765137
15,GABARAP,"GABARAP, TBCK, UCP2, CCNY, SEPTIN9",0.025808924740881336,5.501389980316162,6,1,-0.1474979966878891,7.687058448791504
16,DDX17,"DDX17, LACTB2, HSD17B12, PLEKHA1, VPS37A",0.010672590872905384,10.859293937683105,2,0,-3.467402696609497,6.554826259613037
17,LRP6,"LRP6, ZNF330, PIKFYVE, CLK4, NRM",0.007262773579504233,5.167189121246338,0,0,-1.7471108436584473,7.368741512298584
18,CNP,"CNP, ZFAND5, TTC19, MYO9B, SLF2",0.012605931787967796,7.5906596183776855,13,7,-3.2464635372161865,7.322545528411865
19,CERS5,"CERS5, STARD3NL, THAP5, COASY, NUP98",0.0011666712418480073,5.688808917999268,4,6,-0.8356389403343201,6.463389873504639
20,VAT1,"VAT1, CUEDC2, METAP1, SEPTIN7, DDX31",0.005913748681367378,6.677367687225342,0,6,-0.6064080595970154,6.529116153717041
21,SQSTM1,"SQSTM1, LMO4, RWDD2B, PPM1K, AFF1",0.022553029619724,11.530338287353516,3,0,-3.9106287956237793,7.290359973907471
22,MRTFB,"MRTFB, VPS13B, ICAM3, NDUFAB1, ENO1",0.004699038035443276,7.901794910430908,2,7,-1.6667499542236328,9.044353485107422
23,DFFA,"DFFA, PRPF6, ZMYM5, ANKRD17, SPTY2D1",0.00014803979623449504,2.7544093132019043,7,7,-3.045687675476074,6.779312610626221
24,<SPECIAL>,"<SPECIAL>, SLC19A1, RPL35A, SEPTIN11, RPL8",0.0009078466974380291,72.7821273803711,8,2,0.8216807842254639,6.848574161529541
25,SAP30L,"SAP30L, BNIP1, COQ2, AACS, DNAJC17",0.007266695163510445,8.030712127685547,1,8,-0.2995917499065399,4.774749755859375
26,PIP4K2A,"PIP4K2A, SMAP1, RBM22, ATP6V1F, NR1H2",0.0025156961399848627,8.943220138549805,4,6,-0.4213974177837372,6.235054969787598
27,TOR3A,"TOR3A, YTHDC2, GNL2, DMAC1, FBXL12",0.01604418056541398,12.491250991821289,2,0,-2.9648704528808594,8.229626655578613
28,NTAN1,"NTAN1, SMAD1, TAF5L, CPOX, MIS18A",0.005027470695963513,6.528005123138428,2,4,2.5060198307037354,6.6710991859436035
29,BNIP3L,"BNIP3L, UBXN4, SF3B2, KDELR2, ZW10",0.006534339350350394,12.257339477539062,14,0,-1.1627354621887207,8.94672679901123
30,MAPK14,"MAPK14, CLOCK, HEXIM1, FAIM, CTSC",0.001561770830473845,4.099003791809082,2,7,0.622832179069519,6.217031478881836
31,GEMIN7,"GEMIN7, RMND5B, MMUT, TMEM60, MVD",0.006013749073525779,17.403427124023438,0,4,3.7976956367492676,6.430772304534912
32,TOP3A,"TOP3A, LDAH, ZFP91, USP7, ACBD3",0.002675500688237993,7.532441139221191,2,4,2.987989664077759,7.075001239776611
33,STYXL1,"STYXL1, NUP85, COPS7B, TRIM13, COQ9",0.008647092733696994,8.244039535522461,0,4,2.767879009246826,6.327342510223389
34,CCDC107,"CCDC107, USP24, ARPC2, STX8, FBXO34",0.003175502649029996,13.067394256591797,0,5,-0.6303790211677551,4.375006675720215
35,ARID5B,"ARID5B, RBM39, PRRC2C, HAUS4, GLS",0.009129447566461045,9.546838760375977,0,7,-2.007429599761963,5.866939067840576
36,ARID5B,"ARID5B, MRPL34, PAFAH1B1, RHOT1, NIPA2",0.0002362754363742603,2.824605703353882,3,8,-3.2524707317352295,5.492554187774658
37,GGCT,"GGCT, CCDC85B, USP15, TIMM17A, NETO2",6.176494809783567e-05,2.728994131088257,14,6,-0.25200164318084717,7.5246171951293945
38,RPAP3,"RPAP3, NCAPD2, CCT4, TPM3, PPP1CA",0.0021853026874615196,7.10764741897583,1,9,-2.3536274433135986,5.793884754180908
39,PHF21A,"PHF21A, ARRB2, TBCK, NDUFA1, MCL1",0.0007901991772516755,3.7118656635284424,25,7,0.3198715150356293,8.220732688903809
40,CDK9,"CDK9, PLK1, TRAP1, DNAJC13, LSM3",0.003397072145380962,11.768206596374512,11,7,-2.5894775390625,8.835224151611328
41,MSRB2,"MSRB2, METTL16, UQCRQ, SLC25A24, MRPL52",8.137286812889462e-05,2.763570785522461,4,0,-3.9536635875701904,6.625635147094727
42,ATXN3,"ATXN3, RANGRF, REV3L, IKBKB, DIPK2A",0.006614731822477735,9.699698448181152,0,8,0.015401816926896572,4.704991817474365
43,CHERP,"CHERP, PCYT1A, SPRYD4, NAT14, XRCC4",0.0025058921799693333,9.844427108764648,0,4,3.5531632900238037,6.3515706062316895
44,PEX1,"PEX1, LUC7L2, PLIN3, PTGES2, CTNNBIP1",6.666692810560042e-05,2.1990578174591064,12,7,-1.0476657152175903,8.395813941955566
45,VPS8,"VPS8, EFHD2, NIN, RAPGEF6, PUM2",0.017243204875313237,8.035959243774414,0,7,-0.20186634361743927,7.532858371734619
46,MIPEP,"MIPEP, ERCC3, MND1, RNF20, CDC34",0.0050921768320660084,6.8470139503479,0,8,-0.201707124710083,6.528459548950195
47,ZRANB3,"ZRANB3, PDSS2, BTAF1, NUBPL, CENPW",0.002323538523680485,8.044483184814453,0,8,-0.14709024131298065,5.3960771560668945
48,ATR,"ATR, PCIF1, CWF19L2, PIK3CB, NAXE",0.003212757697089008,11.270364761352539,0,5,0.6393765211105347,4.636271953582764
49,BRI3BP,"BRI3BP, UMPS, PABPC1, BAX, PSMC1",0.0064108094541547225,8.103067398071289,0,7,-1.821226954460144,8.206978797912598
50,MYCBP2,"MYCBP2, FAM177A1, LTA4H, TALDO1, EHMT1",0.0005637277008929447,4.514803886413574,8,0,-0.3990476727485657,5.2200117111206055
51,ATP2A2,"ATP2A2, DPP7, POLR2E, TGIF1, IRF2BP2",0.0010862787697206657,6.627041816711426,5,8,0.06106868386268616,5.439339637756348
52,IBTK,"IBTK, NSUN3, TTC33, TAF9B, SHARPIN",0.013350052353146484,10.738868713378906,0,4,2.767197370529175,6.082738876342773
53,WASHC4,"WASHC4, KMT2E, SNX13, PCBP1, TACC3",0.0005519629488743093,4.210513114929199,5,9,-1.859229326248169,4.338089942932129
54,PRDM2,"PRDM2, RTCA, TLE3, CCDC14, ING1",0.004318644386840733,4.529548168182373,0,1,-2.975414276123047,7.149349689483643
55,ESYT2,"ESYT2, XPR1, BNIP3L, NEK1, NUDCD3",0.011378475994023507,6.868145942687988,0,1,0.9845321774482727,6.382498741149902
56,DRAM2,"DRAM2, LRCH4, PGLS, ZNF384, ABHD2",0.013963780250118627,6.055282115936279,3,6,-0.7635068297386169,6.520541667938232
57,CAPN15,"CAPN15, ANKRD28, STAU2, EEF2KMT, ERGIC3",0.019879489723489113,10.608187675476074,6,8,-1.0730892419815063,6.151442527770996
58,RASA1,"RASA1, MARK3, DSTYK, PHF21A, ATXN2",0.005580414040839376,7.701292037963867,0,7,1.3620543479919434,5.677672863006592
59,TRMT11,"TRMT11, SLC35B4, CPEB4, SRSF4, DAZAP2",0.007054929627175009,9.74683666229248,10,6,-0.47311779856681824,8.037813186645508
60,CLK1,"CLK1, NKAPD1, MRPL52, NTAN1, UNC119",0.0034480527374617155,5.88420295715332,0,0,-2.9809157848358154,6.87905216217041
61,NUMB,"NUMB, USP13, ROGDI, FLCN, RRP15",0.005220608708269444,8.131792068481445,0,8,0.10750685632228851,5.416467189788818
62,DSTN,"DSTN, ZNF384, PTMS, ZNF592, HSCB",0.020386354456291986,11.664726257324219,0,0,-0.21262650191783905,5.403884410858154
63,LAMTOR4,"LAMTOR4, BLOC1S4, ATP5PF, TMBIM4, CDK11B",0.002524519703998839,10.162785530090332,0,0,-3.0648133754730225,6.253602981567383
64,BABAM2,"BABAM2, PRPSAP2, RPS27L, NAT10, FNBP1L",0.005486296024690293,5.645586013793945,0,1,0.33068475127220154,7.72420597076416
65,CACYBP,"CACYBP, POLR3E, PDXDC1, FARS2, ARID2",0.0023892250557845324,8.00635051727295,2,8,-3.020768642425537,5.067103385925293
66,MBTPS1,"MBTPS1, ZCCHC10, SCLT1, IER5, TMEM243",0.0038588386621124003,5.061823844909668,1,7,-1.6457595825195312,7.527923107147217
67,ARHGAP1,"ARHGAP1, NFYC, APH1A, POLR3GL, RPN1",0.0005803944329193448,3.958160877227783,7,0,-3.540680170059204,7.412198066711426
68,ZRANB2,"ZRANB2, MRPS34, CKLF, MARK3, PRDX4",0.0007539245251942165,3.6212594509124756,5,0,-1.7242860794067383,8.071418762207031
69,CCDC117,"CCDC117, TRUB2, RNASEH2C, PUS7L, ZDHHC5",0.00031862870050470784,3.552367687225342,3,8,-2.150911569595337,5.267274856567383
70,PPP6R3,"PPP6R3, ABI2, FKBP11, ARIH1, CHMP2A",0.007631402476088142,8.814323425292969,22,1,1.7802810668945312,6.350075721740723
71,SORT1,"SORT1, SNRPG, WDR82, RNGTT, RBM15B",1.9607920031058947e-05,2.5772476196289062,2,9,3.355776071548462,6.315727233886719
72,ASAH1,"ASAH1, FAM161A, TMEM129, TPRA1, DCK",0.008081404240800944,7.171412944793701,0,0,0.31685033440589905,5.728660583496094
73,<SPECIAL>,"<SPECIAL>, TFRC, ZMYND19, RPL35A, TRMT112",0.0009529449135094647,73.31542205810547,1,2,1.4580514430999756,6.288711071014404
74,PPP2CB,"PPP2CB, MRPL10, SLC1A5, NANS, RPL7L1",0.00024117741638202502,3.320868968963623,1,8,-2.5167324542999268,5.152600288391113
75,FOXN3,"FOXN3, YES1, CREB3L2, ZNF655, XRN2",0.00013627504421585967,3.6671271324157715,1,7,-0.12023529410362244,8.239831924438477
76,PABPC4,"PABPC4, CENPM, CAMLG, IMP3, SH3GLB1",0.0007882383852485696,9.11776065826416,0,5,1.7185112237930298,5.0778703689575195
77,DENND4C,"DENND4C, SLC9B2, PDPR, KCTD13, ZNF263",0.006019631449535096,8.16258430480957,0,0,-0.5348166227340698,5.590673923492432
78,NUDT22,"NUDT22, TOPORS, UBA1, TEX264, XPO6",0.005212765540257021,7.481024265289307,21,4,3.0230870246887207,6.622705459594727
79,GALNT10,"GALNT10, PSEN1, ACTR2, ATP5PB, PEA15",0.0010647100576865007,8.388601303100586,10,7,-1.841718077659607,8.20394515991211
80,RCBTB1,"RCBTB1, ATP5MC2, CCNL1, GPR107, YWHAZ",0.009804940411531026,11.488009452819824,0,8,-0.6496765613555908,4.79355001449585
81,TUG1,"TUG1, FBXO5, KNSTRN, PPIE, POLR3D",0.004735312687500735,27.3061580657959,17,3,-1.7077915668487549,8.307440757751465
82,ARIH1,"ARIH1, CLK1, PSMA5, KAT6B, CTDSPL2",0.017290263883387776,10.86489200592041,35,6,-0.2830900251865387,7.662717342376709
83,ARGLU1,"ARGLU1, TMED5, PTOV1, PIK3CB, ARMC8",0.0006784340330746395,3.8797731399536133,2,0,-2.8605239391326904,7.4439191818237305
84,SETX,"SETX, AIP, GALK2, IFT52, HSPA13",0.008637288773681466,5.5885491371154785,1,1,2.359910011291504,6.012412071228027
85,<SPECIAL>,"<SPECIAL>, TFRC, LAPTM4B, ZMYND19, SLC20A1",0.0008951015494178409,74.5964584350586,18,2,-2.2008860111236572,5.089725971221924
86,TNIP2,"TNIP2, KDM4B, VPS4B, ATF5, JUND",0.012563774759901019,9.549047470092773,4,1,1.0667973756790161,6.108288764953613
87,METTL5,"METTL5, CSK, FUOM, VPS36, CDC26",0.010006901987850933,4.379126071929932,8,1,-3.0497334003448486,7.428772926330566
88,CENPC,"CENPC, PPCS, PPP3R1, USP9X, TMED4",0.0019196153710406708,8.917116165161133,6,9,-3.370039463043213,6.276258945465088
89,EMSY,"EMSY, C12ORF76, TRAPPC12, B4GALT5, OXLD1",0.010541217808697288,9.37951946258545,11,1,1.1120356321334839,6.212320804595947
90,ZFPL1,"ZFPL1, NFX1, PRPS2, ZNF33B, ATP6V0B",0.0018539288389366232,5.165942668914795,0,7,-2.406128168106079,7.722744464874268
91,CCNY,"CCNY, CDK13, PTMS, PPFIBP1, SRSF5",0.011692202714520449,11.083215713500977,4,0,-2.177421808242798,8.184245109558105
92,SNX6,"SNX6, FAM8A1, RASA2, ITSN2, RBM6",0.006091200357648461,9.285018920898438,3,8,-0.7631765604019165,3.970902681350708
93,TPM4,"TPM4, CD320, TRA2B, PLSCR1, EIF3D",0.0068490464668488895,12.011987686157227,4,9,-1.1038674116134644,5.106148719787598
94,NAPA,"NAPA, ABHD11, COMMD9, GOLGA7, E4F1",0.00015294177624225979,3.1611242294311523,0,8,-1.1742475032806396,6.435739040374756
95,MAP3K3,"MAP3K3, GINM1, HSBP1, RTTN, WDR59",0.013054953156679046,9.12270450592041,15,1,1.69410240650177,5.9021430015563965
96,SLC25A36,"SLC25A36, TMEM18, YIF1A, KIAA0319L, PIK3CA",0.00682257577480696,6.866099834442139,1,1,2.7298545837402344,6.323563098907471
97,SPEN,"SPEN, MRPL40, MCM10, RCHY1, MPG",0.0003460797885481904,2.804612636566162,17,0,2.0467591285705566,7.033246040344238
98,ZDHHC12,"ZDHHC12, TOMM40, SUPT5H, ATAD3A, UBE2F",1.1764752018635367e-05,2.3100013732910156,1,9,2.25588059425354,6.567465782165527
99,ITSN2,"ITSN2, BACH1, HSPE1, CHMP1B, ATP5MC2",0.00925395785865827,9.232677459716797,0,9,-0.7393431067466736,3.999664783477783
100,MSL2,"MSL2, TM7SF3, ABRAXAS1, ITPRID2, EGLN1",0.0026147161361417103,6.783348083496094,0,7,0.7858073115348816,7.677993297576904
101,ARHGAP19,"ARHGAP19, ZNF511, FBXO5, MRPL36, VPS25",0.005813748289208978,27.245588302612305,8,3,3.96482515335083,6.445619583129883
102,PREP,"PREP, ARMT1, TCERG1, SLC4A2, MRPL55",0.005882376009317684,10.612582206726074,4,4,3.6927318572998047,6.47383451461792
103,BAG2,"BAG2, NPC2, TNRC6B, RAC1, ABL2",3.1372672049694314e-05,3.5183234214782715,7,9,-2.7201552391052246,8.981321334838867
104,KLHL42,"KLHL42, TM2D2, GMEB1, ACOT13, TTC31",0.006174534017780462,6.4473700523376465,0,7,-0.5765727162361145,4.489902019500732
105,CLN8,"CLN8, LACTB, ZMYM5, USP12, TM7SF3",0.008565719865568101,9.396262168884277,0,1,1.343511939048767,6.524105548858643
106,SMS,"SMS, PPP2CA, PHIP, NUTF2, ZDHHC20",0.002866677908540818,9.163891792297363,36,5,0.6901435852050781,4.129411697387695
107,FTSJ1,"FTSJ1, PCYOX1, MED21, RTCA, TOR2A",0.0001284318762034361,3.4868228435516357,0,9,-2.033630609512329,4.73375129699707
108,PUS7,"PUS7, PUSL1, MOB4, ZNF431, B4GALT7",0.008777485401903536,13.46617603302002,1,7,-2.850860118865967,8.655856132507324
109,CENPU,"CENPU, CANT1, WDR55, ENO2, ZMAT5",0.009512782403068248,15.176665306091309,0,6,-0.1821664273738861,7.854366779327393
110,GNPNAT1,"GNPNAT1, MEN1, AGBL5, PPP2R5E, RALY",0.007717677324224801,8.253801345825195,1,6,-0.47028592228889465,8.763567924499512
111,C2ORF68,"C2ORF68, PI4KA, MTLN, NBAS, CCDC88A",0.012065733591112121,7.361411094665527,15,1,0.6814085841178894,6.342612266540527
112,ENOSF1,"ENOSF1, GPN2, NAT10, CEP135, GPCPD1",0.006089239565645356,7.028965950012207,3,0,-1.6185728311538696,6.797425270080566
113,RFX5,"RFX5, RNF146, ZNF143, CREB3, DENND10",0.007311793379581881,7.420768737792969,0,7,-0.9019498229026794,4.150755405426025
114,EXOC1,"EXOC1, RELA, MRPL10, IFT52, CMC2",0.010184353664132017,6.097614765167236,6,7,-1.3208130598068237,7.39660120010376
115,TIMM44,"TIMM44, DFFA, NOB1, HAT1, IPO9",0.0058294346252338244,9.38347339630127,1,8,-3.3913321495056152,4.796689510345459
116,TGFBRAP1,"TGFBRAP1, RAD23A, FAF1, FBXO11, TRAPPC13",0.008937289950156668,11.962888717651367,0,6,-0.6156885623931885,6.9427876472473145
117,CCNB2,"CCNB2, MAZ, HDDC2, AHSA1, ATR",0.0001450986082298362,3.093564510345459,0,7,-2.134894371032715,7.551192760467529
118,DENR,"DENR, ENOPH1, RAB9A, PPP2R3C, EZH2",8.137286812889462e-05,2.744013786315918,4,6,-0.8015375137329102,7.763570308685303
119,BORCS7,"BORCS7, NDUFAF2, SMG8, RNF11, CDK11B",0.00639022113812211,9.871054649353027,0,1,0.7679750919342041,6.51288366317749
120,CANX,"CANX, MED10, UBE2I, MYDGF, TIMM13",0.0013303973741073494,4.599992752075195,4,7,-2.856013298034668,8.629486083984375
121,CAPN10,"CAPN10, ACAD8, WDR5, PRMT6, RPGRIP1L",0.015984376409319254,7.997096061706543,0,1,0.7167286276817322,6.433703899383545
122,RBM5,"RBM5, RHOC, UBQLN1, CTDSP1, COX20",0.011001023533425622,7.546319961547852,10,8,-3.0452895164489746,5.345165729522705
123,CHD6,"CHD6, PAK2, CHMP5, B4GALT1, MYO9B",0.012962795932533069,9.463300704956055,11,0,-3.886194944381714,5.739221096038818
124,BAK1,"BAK1, GNPDA1, PPP1R35, TCF3, C6ORF47",0.013861819065957121,13.39872932434082,5,8,-1.2975964546203613,5.892637252807617
125,SLC35F6,"SLC35F6, RAB5B, OCEL1, SNRPD2, DDX52",0.016381436789948196,10.769051551818848,20,8,-2.9196817874908447,4.77621603012085
126,HEXD,"HEXD, TLNRD1, SUMO3, TMEM87B, LRRC75A",0.0035264844175859514,7.993747234344482,1,7,0.6803019046783447,4.799749374389648
127,RNF168,"RNF168, JAGN1, GYG1, FN3KRP, EAF1",0.00039804077663049657,3.0938785076141357,5,0,1.6649541854858398,6.949127674102783
128,LCORL,"LCORL, HSD17B11, NBAS, ARL4A, CCDC51",0.00993631347573912,7.42827033996582,0,1,1.6080596446990967,5.833588600158691
129,OSTF1,"OSTF1, TXNDC15, PPIB, YIPF5, MGRN1",0.012992207812579657,10.505738258361816,0,7,0.17407725751399994,5.264747142791748
130,PCYT1A,"PCYT1A, ZNF121, PLAA, OCIAD1, ORC3",0.009499056859046506,6.984037399291992,0,1,2.330334424972534,6.706070899963379
131,GIGYF1,"GIGYF1, TIMM23B, VPS8, CASP8AP2, ZNF770",0.005007862775932455,8.032793045043945,3,9,0.4858165979385376,5.302213191986084
132,RUFY1,"RUFY1, EIF2B5, CEBPB, TRIM27, COX6C",0.00888827015007902,10.148502349853516,2,8,-3.487844944000244,5.278952121734619
133,DEF8,"DEF8, TRNT1, PPIL2, TMEM218, SLC25A46",0.010625531864830843,13.407792091369629,0,8,-3.60113787651062,5.092018127441406
134,GRK2,"GRK2, PIGS, NDUFAF1, DCTN6, CLIC4",0.0006803948250777455,3.065129280090332,5,1,-0.8184369802474976,6.0338239669799805
135,PARP4,"PARP4, CCDC85B, PHACTR4, LASP1, STAG2",0.00911768281444241,13.74097728729248,16,0,-2.4774134159088135,8.130698204040527
136,ZNF207,"ZNF207, PKP4, ESD, SRSF7, INTS10",6.078455209628273e-05,3.1982779502868652,0,9,-2.3559927940368652,6.057811737060547
137,CDK4,"CDK4, GGA1, CDK11B, ADI1, DECR1",0.002559813960054745,5.3298115730285645,13,1,-3.359848737716675,6.80628776550293
138,TMEM177,"TMEM177, PRMT5, BMS1, HNRNPLL, SRP19",4.117663206522378e-05,2.4280307292938232,10,9,3.9863836765289307,6.321978569030762
139,OSGIN2,"OSGIN2, STX17, CHUK, PAM16, IQCB1",0.00511276514809862,14.800003051757812,8,4,3.586418628692627,6.4361443519592285
140,UTP25,"UTP25, MAIP1, CDK11B, TTK, EED",0.00010490237216616536,2.825288772583008,11,0,-3.6206436157226562,6.77080774307251
141,NUP155,"NUP155, SNU13, HSP90AA1, HNRNPR, PGAM1",0.00321667928109522,10.321657180786133,0,8,-3.1462254524230957,5.259408473968506
142,STX12,"STX12, RBBP6, NFE2L2, IDH1, PRKD3",0.01709124349507253,9.32715892791748,14,1,2.6584365367889404,7.210297107696533
143,ELOC,"ELOC, TUT4, BRD2, USP15, PHB2",0.00010196118416150651,2.683889865875244,3,5,-3.1799583435058594,8.378201484680176
144,OTUD6B,"OTUD6B, ATP6V1B2, IGHMBP2, RTCB, CDC45",0.0008303954133153463,3.1563215255737305,4,1,2.1538174152374268,7.182832717895508
145,CPNE1,"CPNE1, TMEM39B, TOX4, RABGGTB, PHF3",0.0008215718493013698,4.258718013763428,2,6,-0.11013331264257431,7.713709831237793
146,HIPK2,"HIPK2, PCYT2, KMT2B, FCF1, SEPHS1",0.00539904078055208,7.784383296966553,7,9,0.03873101621866226,5.075305461883545
147,ARHGEF7,"ARHGEF7, RNPEPL1, ERG28, ARHGEF1, HEXA",0.009395134882881894,9.245427131652832,8,1,0.8761207461357117,6.2351908683776855
148,BOD1L1,"BOD1L1, SLC7A1, GTF3C2, C6ORF62, WRAP73",0.0001098043521739301,2.473773956298828,19,1,-0.9409542679786682,5.837623119354248
149,DDAH2,"DDAH2, ANKRD12, ITFG1, AAK1, NOP53",0.010397099596469006,5.79681396484375,10,6,1.2284016609191895,8.190797805786133
150,THOC3,"THOC3, SNRPB, HNRNPUL1, NFKBIB, PGK1",0.0030715806728653836,11.921957015991211,18,0,-2.610846519470215,8.422348976135254
151,SNX4,"SNX4, NPRL2, DLD, ASB8, NAA16",0.00890199569410076,13.290088653564453,3,9,-1.6170713901519775,4.789435863494873
152,UBXN2B,"UBXN2B, PIGBOS1, ERLIN2, TMEM242, DEXI",0.014198094894489782,9.583841323852539,0,4,2.9989728927612305,6.484526634216309
153,SLC38A2,"SLC38A2, ALDH9A1, TSPAN13, SCAP, SLC39A1",5.784336409162389e-05,2.5364127159118652,2,1,-2.87922739982605,6.740574836730957
154,PDS5B,"PDS5B, PIAS1, ANXA11, EIF3K, RBPJ",0.005174530096196455,10.84713077545166,34,9,-2.316545248031616,5.114521026611328
155,SPCS2,"SPCS2, RHOG, TRAPPC1, KAT7, ROMO1",0.0017960854748449995,5.147716045379639,5,7,-0.37531915307044983,4.392716407775879
156,DUT,"DUT, ZNF148, ACTN4, ISG15, CLK1",0.0019509880430903651,8.025748252868652,1,5,-2.2977235317230225,5.881464958190918
157,PMVK,"PMVK, ELF2, TLN1, COG7, BTN2A1",0.042793305071784596,7.477982997894287,0,1,-1.3639081716537476,6.672706127166748
158,ATP5IF1,"ATP5IF1, TCF7, EIF4G2, CHD9, UBE2V2",0.0006029435409550625,3.49640154838562,1,7,-1.5757611989974976,9.118701934814453
159,MPRIP,"MPRIP, ABI1, D2HGDH, SLC39A10, REST",0.008071600280785416,9.38963794708252,2,8,0.2983557879924774,5.683996200561523
160,CEP57,"CEP57, ATF6, UBL3, GALNT2, TTC8",0.006617673010482394,8.525253295898438,2,9,0.755815327167511,5.334606170654297
161,GINM1,"GINM1, RRP1B, RNF138, RECQL, MAGT1",0.006604927862462206,4.310904502868652,7,9,-1.5241663455963135,6.663857936859131
162,UBE2Q2,"UBE2Q2, NIPAL3, FNDC3A, CNOT8, SEC23A",0.004518645171157534,8.131653785705566,0,1,0.8848013877868652,5.855770111083984
163,HDAC7,"HDAC7, CNOT8, MICAL3, ARL6IP5, REV3L",0.0035676610496511753,11.229300498962402,0,5,0.3908860683441162,5.087498188018799
164,SOAT1,"SOAT1, SLC7A5, GPR108, TBC1D15, DIS3L",0.011008866701438046,9.203666687011719,13,6,-0.55036860704422,7.868603229522705
165,RXRA,"RXRA, GYG1, JOSD2, THYN1, YY1AP1",0.006786301122749501,5.198517799377441,2,0,-1.6943153142929077,6.694716930389404
166,ASCC2,"ASCC2, SDF4, BCAP31, AP5B1, TOB2",0.02451970399883921,7.825798034667969,2,4,3.5963406562805176,6.404555797576904
167,ANKRD12,"ANKRD12, PPP4R3A, C5ORF15, JMJD4, GPBP1L1",0.011428476190102706,13.051733016967773,1,9,-2.1916065216064453,5.784543514251709
168,SON,"SON, UBE2S, UBL5, SLC12A2, UBE2H",0.006773555974729313,10.629110336303711,2,8,-1.234928846359253,4.520334243774414
169,B4GAT1,"B4GAT1, GINM1, STIP1, INSIG2, IMP3",4.901980007764736e-05,2.235076665878296,6,6,-1.7096961736679077,9.044388771057129
170,QTRT2,"QTRT2, TIPRL, NADK2, GTPBP6, IQCB1",0.006781399142741736,8.054903984069824,10,7,-1.433669924736023,9.1761474609375
171,TIMM23,"TIMM23, ZNHIT3, MRFAP1L1, UBXN4, PSMA1",0.0029215800846277827,10.580818176269531,4,0,-3.845431089401245,6.711505889892578
172,MFSD14B,"MFSD14B, TSEN34, BET1L, CDK2, IPP",0.006518653014325546,10.127406120300293,0,0,-3.8097925186157227,5.649175643920898
173,CTU1,"CTU1, UBR7, SCRIB, FASTK, DCAF8",0.005744140173098718,8.1300048828125,1,7,-2.0761332511901855,9.100041389465332
174,ASB8,"ASB8, CENPF, TGFB1, PTTG1, TST",0.0006735320530668748,6.284836292266846,10,9,-1.491294026374817,4.666391372680664
175,OGA,"OGA, RPN2, PARK7, MRPL52, EIF3I",8.92160361413182e-05,3.730060338973999,7,0,-1.9483388662338257,6.900824069976807
176,<SPECIAL>,"<SPECIAL>, ABCE1, RPL35A, HMGCS1, DIAPH3",0.0009323565974768529,72.27826690673828,0,2,0.046267006546258926,6.216681480407715
177,ZNF512,"ZNF512, ZBTB43, APEH, GATD1, GBA2",0.004341193494876451,7.922999382019043,0,4,2.9313881397247314,6.47590446472168
178,EMC2,"EMC2, YIF1B, SAP30, PIGF, NDUFB7",0.00437452695892925,7.237313270568848,9,0,-2.4428391456604004,8.169404029846191
179,ZMYND11,"ZMYND11, ELP4, DIS3L2, CHMP4B, LMNB1",0.013974564606135711,9.750452041625977,0,6,-0.6892462968826294,6.437795639038086
180,NDUFB6,"NDUFB6, RBL2, WDR83OS, COX7A2, CDC42",0.0007186302691383103,4.039129734039307,2,7,0.39071235060691833,4.5200958251953125
181,MYO9B,"MYO9B, SMS, SDR39U1, TM2D3, DNAJC19",0.001055886493672524,4.26029634475708,7,8,-2.984318494796753,4.797150135040283
182,PGLS,"PGLS, CDK13, MRFAP1, PPFIBP1, SRSF5",0.005316687516421633,10.807538986206055,3,0,-0.15077322721481323,3.9946796894073486
183,FBXO34,"FBXO34, MAP2K5, VEZT, RAP1GDS1, NOSIP",0.014276526574614017,7.912332057952881,3,0,-2.1556103229522705,7.604857921600342
184,UQCRB,"UQCRB, MZT2A, QKI, RPRD2, NDUFB9",0.001470594002329421,6.565450191497803,7,6,-0.5408852100372314,7.936930179595947
185,ZFYVE9,"ZFYVE9, DYNLRB1, TEX264, TPP1, MFSD10",0.015314765940258589,9.267475128173828,1,0,-3.7801244258880615,5.693337917327881
186,UBE4B,"UBE4B, COMT, ACTN4, P4HA1, EIF1AD",0.013903976094023898,10.183740615844727,6,7,-3.7270586490631104,7.151769161224365
187,TSEN34,"TSEN34, KLHL42, DALRD3, C6ORF47, KATNBL1",0.016554966882223066,12.239531517028809,0,4,2.7110486030578613,6.585451602935791
188,F2R,"F2R, VPS41, ATP6V1B2, PCIF1, TMEM68",0.025814807116890656,10.247315406799316,0,7,0.557634174823761,5.341290473937988
189,WBP1,"WBP1, SIAH2, DERL2, RAB9A, ARL6IP5",0.010630433844838607,12.507234573364258,6,0,1.1051037311553955,4.990756511688232
190,MAD2L1BP,"MAD2L1BP, ACO1, RCL1, DDX39A, DDX28",0.005966690065451237,9.685705184936523,12,0,-3.1327168941497803,8.531006813049316
191,TRIT1,"TRIT1, NUP188, PSMC3IP, TUBGCP5, SLC27A5",0.004206879242663697,6.595619201660156,1,7,-2.7740519046783447,6.370099067687988
192,ATP6V1A,"ATP6V1A, TMF1, CTBP1, PAPSS1, PPP4R3A",0.0002156871203416484,2.8110923767089844,24,8,-2.342491865158081,5.055293083190918
193,<SPECIAL>,"<SPECIAL>, MPRIP, TNRC6A, RIF1, MZT2B",0.0015323589504272566,15.082254409790039,0,5,-0.2771587371826172,4.396401882171631
194,HSPA9,"HSPA9, ALG9, ATRAID, NEK1, NFKBIB",0.004046094298409014,3.3552327156066895,15,1,-0.6912634968757629,8.765167236328125
195,WDR45B,"WDR45B, RMND5B, CDCA7, CUL4A, MPHOSPH10",0.0035784454056682576,4.555250644683838,8,1,-1.891164779663086,8.199386596679688
196,MYH9,"MYH9, IQGAP1, ARHGAP19, PIAS4, CANT1",0.007689245840179765,12.973542213439941,3,0,-2.915754795074463,5.936173439025879
197,SLC25A38,"SLC25A38, SMARCA1, ATL2, PPP4R1, ZDHHC6",0.007631402476088142,8.523178100585938,0,4,2.6606462001800537,6.503215789794922
198,ERGIC3,"ERGIC3, BRD2, AKR1A1, MGRN1, TRAPPC4",0.0002568637524068722,4.160742282867432,25,8,-3.0424997806549072,6.864491939544678
199,NSMCE4A,"NSMCE4A, THAP4, PAF1, ARMC6, CCNI",0.006671594790567806,11.348550796508789,10,6,-0.6116245985031128,6.841062545776367
200,YDJC,"YDJC, RUVBL2, UTP4, DTWD1, RBBP6",1.1764752018635367e-05,2.7133901119232178,2,6,3.6546506881713867,6.289028167724609
201,DEK,"DEK, ARF6, KHDRBS1, TUT7, STX12",0.00211569457135126,8.433687210083008,5,8,-3.0153398513793945,6.727898120880127
202,C1ORF174,"C1ORF174, RRS1, PHACTR4, MAP2K7, UQCC1",0.0008931407574147349,4.125945568084717,0,6,-0.9576637744903564,7.622313022613525
203,GEMIN4,"GEMIN4, ZFPM1, YIPF6, PCYT1A, LONP1",0.013410836905242765,8.141486167907715,0,1,0.005490619223564863,7.808797836303711
204,COX5B,"COX5B, MTERF3, LONP2, SNX3, FANCG",0.0032245224491076435,6.3051323890686035,0,7,0.17834052443504333,5.843339920043945
205,RAB7A,"RAB7A, POMP, NDUFC1, TBC1D31, SLC27A4",0.004033349150388825,5.967178821563721,0,1,-1.9152501821517944,8.44419002532959
206,MYADM,"MYADM, FUT8, PGD, POLR3GL, ZFAND5",0.01724516566731634,6.807584285736084,45,0,-2.1002602577209473,6.194802761077881
207,PHF20L1,"PHF20L1, RBBP6, TCEA1, RHEB, TCTN1",0.007390225059706116,8.607972145080566,1,4,2.602591037750244,6.296241760253906
208,C1ORF43,"C1ORF43, P4HB, ADAR, SRRM1, POLE4",0.0014725547943325269,8.69494342803955,8,5,-0.6304416656494141,6.723517417907715
209,SNAP29,"SNAP29, PLCXD1, ABHD5, TAF2, HSPA4L",1.2745148020188314e-05,2.442469596862793,0,7,3.227224826812744,6.710912704467773
210,GLRX2,"GLRX2, SNX8, ZBTB7A, NDUFAF3, AAMP",0.007874540684473273,9.372386932373047,3,9,-1.8131433725357056,4.673035621643066
211,COQ7,"COQ7, PRKAA1, TRPT1, HSPA4L, SLC38A6",0.002897070184588959,6.170374393463135,0,9,-0.5669282078742981,4.700142860412598
212,SEPTIN7,"SEPTIN7, MGAT4B, IFI27L1, EIF4G2, PSIP1",0.007466695947827246,9.698277473449707,4,9,-2.5735251903533936,5.937645435333252
213,GAPVD1,"GAPVD1, NSMAF, FADD, RAB35, BOLA3",4.117663206522378e-05,2.4045088291168213,4,0,-3.9672060012817383,6.59085750579834
214,ISG20L2,"ISG20L2, ATP5ME, CTNNA1, PSMD7, TLE5",0.004045113902407461,9.452513694763184,14,8,-2.219196081161499,4.5218071937561035
215,MGRN1,"MGRN1, MKNK1, PML, PACC1, CYB5R4",0.0124245585276805,5.499261856079102,0,7,-1.3501373529434204,6.7606587409973145
216,RASA1,"RASA1, PGLS, PSEN1, ZDHHC20, VAMP2",0.04995215667512422,9.617115020751953,3,9,-1.143475890159607,6.393682956695557
217,NKIRAS2,"NKIRAS2, TOLLIP, PRC1, AFMID, DLST",0.0033902093733700917,8.365591049194336,4,9,-0.42450740933418274,8.992117881774902
218,CDK11B,"CDK11B, ZBTB17, FUNDC2, FAM89B, ELF2",0.017285361903380012,8.571558952331543,0,1,1.5160385370254517,6.402747631072998
219,ACTN4,"ACTN4, PEBP1, ATP5PD, WEE1, EIF4EBP2",0.0006951007651010396,5.162832736968994,23,9,-0.8719138503074646,6.564789772033691
220,CXORF38,"CXORF38, MSRB2, ATG4B, HOMER3, MRPS25",0.0033068757132380913,7.518969535827637,13,9,-0.34864336252212524,4.0746331214904785
221,CIRBP,"CIRBP, SAP18, FADS1, AP3S2, NDUFS7",0.006578457170420276,11.044918060302734,0,0,-0.9036825299263,4.38330602645874
222,CUL1,"CUL1, KDM5B, SMARCA4, FUOM, DNAJC19",5.9804156094729785e-05,4.146663188934326,20,9,2.910611152648926,6.514660835266113
223,AEBP2,"AEBP2, TNFAIP8, LDHA, ACTR3, PUS3",0.005136294652135891,12.639480590820312,0,6,-1.7797106504440308,7.703426837921143
224,NUBP1,"NUBP1, POLR2C, SUN1, LRIG2, SBF1",0.003009815724767548,7.2513813972473145,5,9,1.0739022493362427,5.643346786499023
225,PRDM2,"PRDM2, TRAPPC8, STK24, NEK1, PWP1",0.00043431542868795564,4.459052562713623,5,6,-0.7955690622329712,9.051319122314453
226,RASSF1,"RASSF1, RBM17, MTHFD2, SNX9, STRN3",0.001599025878532857,6.654520034790039,7,7,-0.8540218472480774,8.345885276794434
227,UBE4A,"UBE4A, MLH1, RPA1, ALDH16A1, HSPA13",0.0066274769704979235,11.178238868713379,0,4,3.2346770763397217,6.21961784362793
228,ANKRD10,"ANKRD10, EMC9, SNRPE, RPA3, ASCC1",0.011619653410405531,8.380684852600098,0,4,2.6253573894500732,6.785344123840332
229,SERTAD2,"SERTAD2, ATP1B3, DRAM2, KIAA0586, KDM3A",3.235306805124726e-05,2.58542799949646,3,9,-3.567875385284424,5.386233329772949
230,TBCA,"TBCA, TNPO1, CHORDC1, RFWD3, CHMP5",0.0006725516570653218,3.591801404953003,3,1,-2.781179904937744,6.032001495361328
231,EIF4E2,"EIF4E2, MCAT, BAZ2A, RTF1, GATB",0.0014951039023682446,6.486865520477295,1,6,-0.3763624429702759,4.971464157104492
232,CD164,"CD164, CSNK1A1, PPP1R12A, GADD45GIP1, OSBPL8",0.004559821803222758,13.448932647705078,9,8,-3.570803642272949,5.548562526702881
233,MRPS10,"MRPS10, ARHGAP1, PIGC, NUP160, AP3D1",0.006608849446468418,8.507551193237305,0,6,-0.3112056851387024,5.126758575439453
234,MTERF4,"MTERF4, GNL1, MSL3, SFT2D2, YIPF4",0.012234361703379229,11.761784553527832,0,8,-3.3206231594085693,4.816351890563965
235,ATP6AP2,"ATP6AP2, UMAD1, DDX46, ATP6V0E1, TRAM1",0.00629708351797458,8.222771644592285,8,8,-2.0665431022644043,4.580362319946289
236,PTBP1,"PTBP1, UBXN4, TPRA1, MARK3, TAOK1",0.0005833356209240037,3.814225196838379,10,0,-2.7111406326293945,7.977805137634277
237,PHC3,"PHC3, RAB2A, TACC1, FBXL20, DCAF10",0.019178506582378754,12.529658317565918,2,6,-0.8330578207969666,6.573312759399414
238,PIKFYVE,"PIKFYVE, CERS2, EIF2AK1, SETD5, APC",0.0034833469935176215,10.642667770385742,10,5,1.1453853845596313,5.4253411293029785
239,RNF14,"RNF14, PUS3, LRRC40, C12ORF43, PRADC1",0.008265718689092899,8.413772583007812,12,0,-3.270599603652954,6.4991326332092285
240,AFF1,"AFF1, PDSS2, THADA, IK, SMIM27",0.01895497629402468,5.691452503204346,0,0,-1.6888831853866577,7.016206741333008
241,NT5DC2,"NT5DC2, ODC1, SMAP2, PPM1A, EDF1",0.003331385613276915,9.549173355102539,0,8,-2.344864845275879,4.782507419586182
242,ARF1,"ARF1, RNF20, AP2M1, SSR3, MND1",0.00013823583621896555,2.775343894958496,0,8,-1.69473397731781,4.5633697509765625
243,MAP3K3,"MAP3K3, TMEM63A, CLK3, SLC2A4RG, ARL6IP6",0.00429805607080812,9.231522560119629,2,0,0.9304520487785339,4.873536109924316
244,NDUFB2,"NDUFB2, ADAR, CENPX, MYO9B, CUX1",0.008629445605669042,11.88892936706543,9,6,-0.6934105753898621,6.321552276611328
245,ZNF394,"ZNF394, DVL1, UBE2G1, TBCA, RALY",0.0010176510496119593,3.3268589973449707,16,6,-1.0872761011123657,8.627102851867676
246,PUS7,"PUS7, TTF2, YDJC, MIS18A, RRP36",6.862772010870631e-05,2.4719302654266357,14,4,3.7578787803649902,6.517714977264404
247,ABCF2,"ABCF2, DBN1, CCDC90B, SIKE1, PRR11",0.011532398166267319,12.202174186706543,6,6,-2.0201447010040283,9.192212104797363
248,BCL2L1,"BCL2L1, FAHD1, POLD1, SFXN5, HSPA14",0.0014558880623061266,5.271175861358643,3,8,1.895405888557434,6.90236759185791
249,PDHB,"PDHB, PRORP, PKN2, AP1B1, VPS36",0.0028568739485252885,5.206422805786133,0,6,0.321172833442688,7.77863883972168
250,BTN2A1,"BTN2A1, NUFIP2, E4F1, SMARCA5, ERI3",7.549049211957694e-05,3.4326083660125732,0,1,3.067401647567749,6.329951763153076
251,MTMR6,"MTMR6, PRIM2, HPS3, TENT4B, ATG13",0.01748732347969992,10.321081161499023,0,7,-0.6913039684295654,4.4023308753967285
252,HSDL2,"HSDL2, RPAP2, SSBP3, ABL1, ING2",0.00026666771242240167,2.776489019393921,11,6,-1.814900279045105,7.995974540710449
253,KNOP1,"KNOP1, LIAS, CPSF1, CERS5, SELENOF",0.00018823603229816587,2.9769303798675537,0,9,-0.10940483957529068,6.778599262237549
254,IRAK4,"IRAK4, CCDC107, SOS2, STK38, CALCOCO2",0.028375601472946953,12.03079605102539,0,8,-2.79732346534729,5.01319694519043
255,VASP,"VASP, PNKP, MPP1, STMP1, NCK1",0.0013460837101321966,5.7614240646362305,0,6,-1.2647408246994019,8.787004470825195
256,MDP1,"MDP1, MYC, DGUOK, SRSF3, PSMB7",0.0007558853171973223,8.376653671264648,7,9,-2.538419485092163,5.9275126457214355
257,GMFB,"GMFB, PRKAG1, DCP1A, SLC11A2, RNF4",0.009016702026282457,10.323869705200195,5,6,-0.37403324246406555,8.62195110321045
258,FPGS,"FPGS, TSNAX, SLC25A33, ARNT, BLM",0.009446115474962647,10.6038818359375,4,8,-3.099977731704712,4.700943470001221
259,CORO1C,"CORO1C, APRT, EIF5A, ARHGEF1, TARS2",0.004591194475272452,10.510031700134277,1,7,0.1596147119998932,6.541812419891357
260,TGOLN2,"TGOLN2, DHRS7B, CUX1, ELP3, SEC24C",0.0009705920415374178,5.083520412445068,4,9,-0.8006038069725037,4.567200660705566
261,<SPECIAL>,"<SPECIAL>, TFRC, LAPTM4B, ZMYND19, TRMT112",0.0008500033333464053,74.34635162353516,6,2,0.13425227999687195,6.337255954742432
262,NAT9,"NAT9, MAP3K4, GUCD1, AGL, MOB2",0.0004039231526398143,3.187615394592285,0,7,-2.090958833694458,9.151586532592773
263,ITGB1BP1,"ITGB1BP1, SPRED2, UBE2G1, KDM2A, TUT7",0.004884332879736783,12.053304672241211,5,8,-1.2622315883636475,6.230196952819824
264,MICOS13,"MICOS13, BCAP31, PSMA1, TMEM160, KIF3A",0.00043823701269416745,2.864335060119629,7,0,-3.5161914825439453,6.832314968109131
265,IL6ST,"IL6ST, CTSC, BNIP3L, NFKB1, HSD17B11",0.011480437178185013,9.542436599731445,4,1,0.28234148025512695,8.731728553771973
266,AHI1,"AHI1, HSPA5, SOD1, TCF7, HNRNPC",0.0019431448750779415,14.969594955444336,3,5,0.3832426071166992,3.42734956741333
267,SMC2,"SMC2, SECISBP2L, ANKRD10, ATXN3, HSCB",0.011251024513821622,14.67307186126709,1,8,-3.1864511966705322,5.963362216949463
268,SNX27,"SNX27, GTSE1, FAM89B, AFTPH, KDM3B",0.008717681245808807,8.881584167480469,6,5,1.932194471359253,5.314626216888428
269,KAT2A,"KAT2A, TTC33, DENR, TARBP2, TYW1",0.007251989223487151,5.876370429992676,3,6,-1.314784049987793,6.657557964324951
270,LRRC8A,"LRRC8A, DSTYK, THAP6, SRSF11, RABGGTA",0.006364730842081734,6.897885322570801,0,7,0.4589785933494568,5.252840518951416
271,TCF25,"TCF25, RITA1, R3HDM1, ZNF609, ATP5MC1",0.006810811022788325,13.939599990844727,1,9,0.007388731464743614,7.645368576049805
272,ATG101,"ATG101, SAE1, ROMO1, TDRD3, FAM104A",0.005987278381483849,3.883317708969116,4,1,0.6492093801498413,7.807009696960449
273,KAT6A,"KAT6A, TSEN34, MSRB1, SEPHS2, CRLS1",0.0014470644982921502,4.688290119171143,17,1,-0.04690806195139885,7.683225154876709
274,KATNAL1,"KATNAL1, DUSP12, CHCHD4, MAN1A1, DCLRE1C",0.013665739865646532,9.167201042175293,1,7,-3.361233711242676,6.778186798095703
275,GOLGB1,"GOLGB1, PHF3, BAX, SPAG9, USP15",0.003142169184977196,13.269003868103027,29,5,0.46915698051452637,4.393085956573486
276,ALG12,"ALG12, FAM120B, EZR, PREPL, SZT2",0.003331385613276915,6.6395487785339355,0,7,-0.38072285056114197,5.795501232147217
277,QSOX2,"QSOX2, BET1L, RDH14, CDK2, RBMX2",0.003400013333385621,7.960329055786133,0,4,2.8242247104644775,7.012353897094727
278,ZNF639,"ZNF639, NIT2, CDKN2AIPNL, CCDC14, PCYOX1",0.0013480445021353026,3.6898844242095947,0,6,0.06949393451213837,6.787569046020508
279,POP4,"POP4, ZBTB24, FUCA1, TTC32, TBPL1",0.0054568841446437045,7.162601470947266,0,1,2.555107355117798,6.092350482940674
280,CTDSPL2,"CTDSPL2, ATG4C, PRDM2, TRRAP, MPHOSPH8",0.005213745936258574,9.076579093933105,0,1,0.4697556495666504,4.784063816070557
281,GLI4,"GLI4, MMUT, PRKAG1, MOCS2, METTL1",0.0024431468358699446,7.110618591308594,2,4,3.586989164352417,6.467743873596191
282,ATP6V0B,"ATP6V0B, DNAJC1, NOP56, HINT1, MRPL24",4.607861207298852e-05,2.4849815368652344,1,1,2.173295736312866,6.2012038230896
283,GDI2,"GDI2, RTN4, CHD4, UQCRQ, RBMXL1",0.0018931446789987412,7.70479154586792,5,9,-3.381383180618286,6.005749702453613
284,UBIAD1,"UBIAD1, TMEM259, NCKAP5L, BPHL, TAF12",0.015849081761104944,4.768890380859375,1,4,2.519534111022949,7.225250720977783
285,EIF2B4,"EIF2B4, TRAPPC11, LZIC, ICE1, IWS1",0.008859838666033985,10.23703384399414,0,9,-2.152428150177002,4.469747066497803
286,STX16,"STX16, TRIM37, C1GALT1, POP4, NDUFAF4",0.00020196157631990715,3.1099283695220947,4,0,-2.7128818035125732,7.834090232849121
287,RIC8A,"RIC8A, EDEM3, CUTC, COX17, LMBR1L",0.009395134882881894,10.628719329833984,6,1,1.9309295415878296,6.253077507019043
288,POP5,"POP5, SRP54, PITHD1, GPATCH2, PSMC5",0.0002009811803183542,3.737809181213379,3,7,-0.5327450037002563,5.080037593841553
289,YBX3,"YBX3, ARGLU1, AAK1, SSBP4, SCOC",0.0001784320722826364,3.3493571281433105,10,5,4.5224427594803274e-05,4.02087926864624
290,STARD3,"STARD3, TP53I3, RNF141, MOB2, LYPLA2",0.018390268197130185,10.53026008605957,1,4,3.073619842529297,6.51999568939209
291,PHF13,"PHF13, XPO4, CENPA, ARHGAP11A, MAD1L1",0.01575496374495586,9.689115524291992,0,7,-3.413180351257324,7.630298137664795
292,RPL36AL,"RPL36AL, POLR2L, MT-ND5, ANXA5, EIF3F",0.0006068651249612743,7.0368571281433105,6,5,-3.384636640548706,8.330863952636719
293,OPA3,"OPA3, CRK, MED4, RPF2, DDB1",0.00113431817379676,3.9976608753204346,18,4,2.9384114742279053,6.72271728515625
294,CCDC12,"CCDC12, BRCA1, ALKBH5, RIOX2, PTS",0.00024313820838513093,2.419069290161133,11,1,2.7497267723083496,6.224726676940918
295,TP53BP2,"TP53BP2, TXNDC15, ZNF24, MRPL50, EEF1AKMT2",0.00908434935038961,12.949212074279785,0,7,-2.774509906768799,7.237989902496338
296,MTRF1L,"MTRF1L, HDHD2, SZRD1, PSMD3, EEF1B2",6.274534409938863e-05,2.8115744590759277,5,7,-1.8608342409133911,7.745743274688721
297,PHACTR4,"PHACTR4, ATP5F1A, NBAS, EXOC1, CHD7",0.0010882395617237714,4.9517998695373535,25,0,-2.423210859298706,7.762781620025635
298,C12ORF76,"C12ORF76, SNX27, ALYREF, C2ORF69, DHX37",0.0024245193118404384,4.798305034637451,6,9,-1.7980555295944214,6.45836877822876
299,CASD1,"CASD1, CNST, STXBP3, LYPLA2, NUP153",0.002869619096545477,4.250884056091309,4,1,-1.439862847328186,6.942859172821045
300,RAP1B,"RAP1B, HNRNPDL, SMAP1, SF3B1, NDUFB11",0.001654908450621375,6.644759178161621,0,7,-3.0533769130706787,7.665932655334473
301,TFB1M,"TFB1M, PLAA, FBXO28, SPRTN, DEXI",0.015835356217083204,6.64514684677124,0,4,3.1366798877716064,6.596024990081787
302,MAU2,"MAU2, UFM1, LYPLA2, FKBP8, PPP1CA",0.01499221565574767,8.717425346374512,3,1,1.5179692506790161,6.578609466552734
303,BUB1,"BUB1, DCTN4, ECH1, RRP1, ORC6",0.003658837877795599,6.588913440704346,2,4,2.619924306869507,6.680459022521973
304,INTS3,"INTS3, OAZ2, CIAO2A, REXO2, AGFG1",0.00855199432154636,7.7419843673706055,42,1,2.220559597015381,6.601407051086426
305,FAM120B,"FAM120B, GLT8D1, MEAF6, SDHAF3, NFKB1",0.00013137306420809493,3.244431972503662,2,9,-2.8463027477264404,5.75718355178833
306,CCT5,"CCT5, RNF13, ETF1, SAP30BP, CSNK1A1",0.005158843760171609,6.975396156311035,2,0,-1.7917650938034058,6.956262588500977
307,CRKL,"CRKL, KAT7, TMEM39B, MELK, GHITM",6.862772010870631e-05,2.5285022258758545,0,8,-0.7399804592132568,6.9145188331604
308,STX7,"STX7, PRKAR1B, NCOR2, COPS6, NECAP2",0.005996101945497825,9.661592483520508,4,5,1.8561650514602661,5.259555816650391
309,SEM1,"SEM1, APLP2, RPL22L1, POLR2E, ATP2A2",9.215722414597704e-05,4.983766078948975,16,4,3.2918100357055664,6.5544891357421875
310,MMS19,"MMS19, PRKD2, CERS5, EFCAB11, SDHA",0.0007745128412268283,3.516052484512329,1,9,-0.04615186154842377,5.348395824432373
311,APLP2,"APLP2, TNFAIP8, SQSTM1, JTB, RER1",0.0029245212726324416,10.50780963897705,12,5,-1.4638327360153198,8.788893699645996
312,DFFA,"DFFA, NVL, GOLPH3L, FAM222B, REXO4",0.012852011184357586,13.470894813537598,2,8,-3.316864013671875,5.025485992431641
313,GTF2H2,"GTF2H2, VPS13C, ATP1A1, UQCR11, FABP5",0.002976482260714748,8.651602745056152,1,7,-3.0669589042663574,6.9359869956970215
314,RELA,"RELA, PPP1R15B, SEPTIN9, GPSM2, PLEKHB2",0.013153973152835893,11.39327335357666,0,0,0.11789063364267349,4.531415939331055
315,KTN1,"KTN1, APLP2, SQSTM1, NDUFC2, RBX1",0.008796112925933042,12.69098949432373,23,6,0.39033517241477966,8.655468940734863
316,B3GALNT2,"B3GALNT2, TGIF2, ATP5F1E, UBE2N, MIEN1",0.0004049035486413672,3.5751404762268066,0,0,-2.171816110610962,9.222672462463379
317,ZNF7,"ZNF7, HEATR5A, PGM2, ERCC3, CEP295",0.0034294252134322097,6.242552280426025,0,4,2.9675254821777344,6.742905139923096
318,COPS2,"COPS2, TRIM27, MPHOSPH10, OGFOD1, MRPL36",0.0031107965129275016,21.492807388305664,11,3,0.2097378969192505,4.292087554931641
319,TRRAP,"TRRAP, TAF1, CREBZF, MRGBP, MRPL10",0.001710791022709893,5.328421592712402,7,0,0.3088437020778656,6.519045829772949
320,EFTUD2,"EFTUD2, MRPL15, HIRA, WDR12, LONP1",0.0005980415609472978,24.11998748779297,14,3,4.011353969573975,6.337328910827637
321,ANKRD54,"ANKRD54, KIF18A, TWF1, PIGG, SEC13",0.0056019827528735406,6.449213027954102,14,1,1.5068227052688599,7.38675594329834
322,ASXL1,"ASXL1, CALU, MAVS, SIN3A, TPRN",0.00909807489441135,12.168488502502441,3,0,-2.899442672729492,6.8277082443237305
323,COPS3,"COPS3, RHBDD3, ATAD3A, TBC1D22A, MRPS16",0.00028921682045811943,2.780186176300049,3,0,-3.7137081623077393,6.716917514801025
324,TTC5,"TTC5, NDUFA1, RCC1, KIF18A, VPS52",0.0003254914725155785,3.1720311641693115,0,4,1.6723500490188599,7.206933498382568
325,PCBP2,"PCBP2, SON, MAPK14, PAFAH1B1, RBM26",0.00024411860438668386,3.820958375930786,7,8,-3.111107349395752,5.421329975128174
326,PRCP,"PRCP, STK38, ZC3H14, MTA3, GYG1",0.004567664971235182,5.765466213226318,4,1,-1.6189906597137451,6.655002117156982
327,CYP20A1,"CYP20A1, MRPS30, UBA1, NUDT21, RNPEP",0.0062657108459248856,4.58482027053833,8,1,0.45259401202201843,7.340703010559082
328,EIF2D,"EIF2D, OTUD3, ZNF282, PRR11, TRIM11",0.0002960795924689901,4.048298358917236,6,4,3.5161638259887695,6.374899864196777
329,NSRP1,"NSRP1, EIF2S2, APH1A, TCEA1, GMDS",0.024894215271432436,11.395421981811523,0,0,-2.435850143432617,8.317716598510742
330,MAP3K11,"MAP3K11, CLK4, UBA1, SLC2A4RG, RCCD1",0.003969623410287884,8.379384994506836,1,8,-0.2102527916431427,4.463921070098877
331,MPC2,"MPC2, REXO1, MRS2",2.9411880046588417e-06,2.6204991340637207,0,7,3.004969596862793,6.52679967880249
332,ARV1,"ARV1, TTI1, POLE, PLIN3, PRPF8",0.0001245102921972243,2.5587122440338135,12,0,-3.9226863384246826,6.4139204025268555
333,RASA1,"RASA1, ANKRD28, ANKRD11, GABARAPL2, PICALM",0.0005225510688277209,3.5100412368774414,3,8,-1.990313172340393,4.892714977264404
334,NUCB1,"NUCB1, ZMYM4, NPEPPS, TMUB1, RBM17",0.021030474629312273,7.970632076263428,21,1,1.7513225078582764,7.990331649780273
335,STK24,"STK24, ATP5PD, IMPA1, RIOK2, SEC23A",0.0036696222338126814,8.020631790161133,2,1,-1.376266598701477,6.988501071929932
336,KMT5B,"KMT5B, APPL1, ZNF576, LRRC59, CPNE1",0.0007578461092004283,4.896450996398926,8,6,0.176446333527565,7.293062210083008
337,ADK,"ADK, NMT2, XBP1, RANGRF, CCND3",0.008893172130086785,9.343049049377441,2,7,0.37417396903038025,5.093534469604492
338,ACTR10,"ACTR10, WSB1, RNF126, RRP12, UBTF",0.00016274573625778925,3.2383320331573486,16,1,-0.45051929354667664,7.58329439163208
339,DCUN1D1,"DCUN1D1, ACYP2, APEH, TIMM22, BRAP",0.012421617339675842,11.05860710144043,0,9,-1.0302472114562988,6.2006916999816895
340,SLC5A3,"SLC5A3, EFCAB14, IFT88, C14ORF119, RNF139",0.01010886317201244,11.292255401611328,0,7,-3.4512577056884766,7.33637809753418
341,RAD51AP1,"RAD51AP1, PPIL4, KLHL21, PLRG1, CCDC25",0.006008847093518014,11.469123840332031,9,3,3.989527463912964,6.484665870666504
342,ZNF384,"ZNF384, ATP5F1D, TAF9B, SOD2, TKT",0.002829422860481806,5.884507179260254,3,7,0.7380633354187012,4.719505310058594
343,CRELD2,"CRELD2, COX7A2, EIF3K, SET, MRPL52",0.0003568641445652728,5.984898567199707,5,0,-3.368529796600342,6.808958530426025
344,PPP1R12C,"PPP1R12C, ABHD13, DGAT1, TBL3, TMEM129",0.0065647316263985345,8.63339614868164,0,0,-0.23078513145446777,5.666703224182129
345,RWDD1,"RWDD1, SDCCAG8, TAOK1, PPP6R3, DYNC1H1",0.00219216545947239,13.443236351013184,0,5,0.7097269892692566,4.009490966796875
346,TAGLN2,"TAGLN2, SUB1, HSP90B1, SF3B1, RABGAP1",0.0006235318569876745,7.292011737823486,0,5,-0.0409909263253212,4.67606258392334
347,CCDC88A,"CCDC88A, TOP2B, CCDC92, CDC27, SRGAP2",0.00010392197616461241,2.955671548843384,9,9,0.28858712315559387,7.657445430755615
348,ORMDL3,"ORMDL3, C4ORF3, PPIB, ZNF26, ATP5F1B",0.008120620080863063,8.100769996643066,0,8,0.1411226987838745,5.651830673217773
349,WRAP53,"WRAP53, GSTCD, NCBP1, TMEM63A, SMURF1",0.00955003745112726,7.8630523681640625,0,0,-0.2520844042301178,4.905704498291016
350,GOLGA5,"GOLGA5, CHD3, PCNX4, FUNDC1, AP3M1",0.008182385028960898,5.906946182250977,0,4,3.2954349517822266,6.434248924255371
351,PUM1,"PUM1, ZNF397, SIRT6, DNAJC17, INO80B",0.02514813783583465,11.074749946594238,0,1,2.588235855102539,6.762745380401611
352,MGST3,"MGST3, PCM1, RPL22L1, FBXW7, FBXO5",0.0004392174086957204,3.5131967067718506,72,7,-1.215736746788025,7.712105751037598
353,PLEKHF2,"PLEKHF2, WHAMM, AGO2, CDT1, RRP15",0.012498088227796971,18.101022720336914,1,8,-3.5361409187316895,5.202162742614746
354,TMEM59,"TMEM59, CCZ1, CSTB, GNG5, ARMC1",0.0030019725567551245,10.071377754211426,2,7,-1.5408806800842285,8.690595626831055
355,CYB5A,"CYB5A, ATP6V0B, CCDC93, ZNF92, NUP93",0.005467668500660787,4.816101551055908,0,7,-1.3170827627182007,7.1100172996521
356,PLK1,"PLK1, SPOUT1, TIGD5, FAM168B, XRCC1",3.9215840062117894e-05,3.161139726638794,4,0,3.6312313079833984,6.668519973754883
357,N4BP2L2,"N4BP2L2, CHD9, ARGLU1, TECR, TEAD1",0.0003421582045419786,4.917474746704102,0,5,0.14938347041606903,8.83681869506836
358,UBE2I,"UBE2I, SCAF11, KMT2A, KDELR2, DDT",0.01537849168035953,9.745248794555664,1,1,1.7151390314102173,8.418027877807617
359,MTOR,"MTOR, CDK2AP2, VPS29, TUBGCP3, ARGLU1",0.00044313899270193214,3.9303743839263916,4,9,-1.6637593507766724,5.722984313964844
360,JMJD6,"JMJD6, FAM89B, CCNT2, CES2, NPIPB5",0.005260804944333115,10.310962677001953,3,5,0.4809214472770691,5.410189628601074
361,ANKFY1,"ANKFY1, TINF2, RNF113A, NXF1, VBP1",0.002003929427174224,5.432835578918457,3,9,-2.758557081222534,5.608270645141602
362,NME2,"NME2, COMMD7, CDR2, NOC2L, SLC25A3",0.0001284318762034361,2.5605833530426025,58,0,-2.9255354404449463,7.660137176513672
363,UBFD1,"UBFD1, CLPB, ALKBH2, MCAT, BUB1B",0.009005917670265373,7.569230556488037,0,1,-3.1011831760406494,7.828296661376953
364,KDELR1,"KDELR1, CHMP3, RRM2, TGIF1, SPCS1",0.006098063129659332,11.771636962890625,10,9,-1.8421226739883423,5.597362041473389
365,GOLGA2,"GOLGA2, GADD45A, RNF181, NDUFB1, CHCHD2",0.0024068721838124856,9.933999061584473,3,7,-1.9277803897857666,7.886874198913574
366,PAXX,"PAXX, HNRNPF, TIMM9, DHRS7, ATP5ME",0.0036470731257769637,10.00523567199707,14,7,-3.247117042541504,7.316278457641602
367,MCL1,"MCL1, INSIG2, HLCS, PRKACA, TAF1B",0.008684347781756007,8.773571968078613,3,0,0.05009790509939194,5.152738571166992
368,RHEB,"RHEB, PET100, NADSYN1, TMEM80, KRAS",0.0017254969627331872,5.173000335693359,8,0,-1.751914143562317,7.1029953956604
369,SMYD3,"SMYD3, ANAPC11, KTN1, APLP2, MYCBP2",0.0026853046482535224,10.128952026367188,6,5,-2.918612480163574,7.602902412414551
370,USP12,"USP12, ZNF394, NELFE, MPLKIP, SPTAN1",0.0007147086851320985,4.217436790466309,2,9,-1.5431768894195557,5.071802139282227
371,HNRNPDL,"HNRNPDL, ERG28, MRPS21, MIEN1, VPS4B",2.6470692041929576e-05,2.480476140975952,0,8,-2.5339863300323486,5.799752712249756
372,GTPBP8,"GTPBP8, RXYLT1, PYURF, TTC19, GNG5",0.002639226036180534,7.960570812225342,1,6,-0.49975016713142395,8.774402618408203
373,RBL2,"RBL2, RBM48, WIPF2, BRD2, PAQR4",0.0018656935909552586,4.160173416137695,4,7,0.8622321486473083,6.680135250091553
374,ZSWIM7,"ZSWIM7, TM7SF3, TMX4, NSRP1, ANKFY1",0.0064853195502727464,8.843884468078613,4,1,1.9736504554748535,6.795258522033691
375,IFNGR1,"IFNGR1, LSM8, NME1, CIAO2B, CHD6",0.022003027462852796,12.61840534210205,2,7,-1.6524226665496826,9.034233093261719
376,MTX1,"MTX1, PNKP, NTMT1, DIDO1, RMND5B",0.008107874932842873,15.917668342590332,0,6,-0.6097359657287598,8.844197273254395
377,FBXO5,"FBXO5, SLC35B1, WRN, SUPT7L, SLC2A4RG",0.007481401887850541,16.44292640686035,0,9,-1.8790777921676636,4.328168869018555
378,ACP1,"ACP1, IDI1, SPAG9, KIF3A, HNRNPD",0.0038598190581139533,6.21396541595459,15,8,-2.137073516845703,4.7109599113464355
379,ZNF766,"ZNF766, DAPK3, HIGD1A, G6PC3, FUNDC2",0.000799022741265652,4.43477725982666,0,7,-3.0656394958496094,7.951047420501709
380,TMEM138,"TMEM138, POP4, MFN1, TRIM38, MACF1",0.009157879050506081,15.767964363098145,3,0,-2.683292865753174,8.223621368408203
381,ABR,"ABR, PDE7A, TOMM5, RPL36A, HES4",0.002076478731289142,11.372701644897461,0,5,-1.1726064682006836,4.592057228088379
382,SPAG7,"SPAG7, EMC6, TBC1D23, IFNGR2, MED17",5.490217608696505e-05,3.0280981063842773,1,9,-0.8753876090049744,5.2131781578063965
383,NBDY,"NBDY, NCOA3, ARID4A, FERMT2, PHACTR4",0.005415707512578481,6.957693576812744,2,1,0.6203457117080688,7.841076850891113
384,IMP4,"IMP4, ORC5, DENND4C, AMDHD2, METTL2B",0.007445127235793081,13.50063705444336,18,0,-3.0526480674743652,6.38393497467041
385,MRPS2,"MRPS2, YDJC, MCM4, RPL10A, NDC80",3.8235444060564946e-05,2.231579303741455,41,1,2.8464791774749756,7.095783233642578
386,CDK13,"CDK13, ELOB, FIS1, NOP10, GNB1",0.008996113710249843,14.512639045715332,2,9,-3.448688507080078,6.004771709442139
387,NKIRAS2,"NKIRAS2, NUDT22, UBA1, SNTB2, ZNF621",0.006977478343052326,7.361786842346191,0,4,1.5376230478286743,7.151271820068359
388,RRAGA,"RRAGA, KLHDC2, PDHB, COX7B, KIF3A",0.00010294158016305947,2.954902410507202,8,7,-2.67863130569458,8.798011779785156
389,NABP1,"NABP1, GIGYF2, POLE4, DPCD, ANKRD10",0.0027235400923140874,5.433770179748535,2,1,0.9272329807281494,7.479473114013672
390,TMEM43,"TMEM43, MFN2, LRP6, HOMER3, TMEM68",0.019489292114871038,9.627710342407227,0,7,-2.4674770832061768,8.863207817077637
391,DPM1,"DPM1, ZFYVE27, FBXO3, SZT2, YIPF5",0.007131400515296139,12.250773429870605,0,4,3.1672463417053223,6.683862686157227
392,CCT7,"CCT7, TECR, STMP1, TRIM28, NFE2L2",0.012628480896003514,7.473293304443359,6,1,1.8159270286560059,8.057337760925293
393,MIIP,"MIIP, NUDT22, EIF4G2, ZFX, LAP3",0.01346573908132973,9.127718925476074,6,1,2.0418541431427,6.060490608215332
394,KANSL1,"KANSL1, COX6B1, CCNY, BLOC1S1, SRSF3",0.005761787301126671,10.477559089660645,14,8,-1.9559837579727173,5.154999256134033
395,ACTR1A,"ACTR1A, KDM3A, RPP40, AP1M1, ZFAND1",0.010426511476515594,7.806711673736572,2,9,0.8855451941490173,5.6670684814453125
396,STYX,"STYX, MTR, HSPA13, MRPL55, RYK",0.009522586363083776,14.051910400390625,3,7,-2.512716293334961,8.715826988220215
397,TRA2B,"TRA2B, DMXL1, RRM2, GSTO1, CLIP1",0.004841195455668454,7.480727195739746,1,7,-2.3038744926452637,8.545767784118652
398,NOP2,"NOP2, DNAJC14, KCTD5, PACSIN2, SETD2",0.00699218428307562,8.143983840942383,7,1,1.903440237045288,6.393148899078369
399,ODC1,"ODC1, HIPK2, STAG2, UBAC1, TCF3",0.00425785983474445,8.032201766967773,15,4,-0.7712729573249817,6.280397891998291
400,MT-ND4,"MT-ND4, NACA, RPL15, RPL37, TRAPPC5",0.0002588245444099781,5.27006721496582,0,5,-1.3423396348953247,6.318336009979248
401,ZNF394,"ZNF394, QDPR, ARGLU1, TRAF3, CHIC2",0.002710794944293899,5.164002418518066,5,6,-0.16436518728733063,7.276288032531738
402,SPOP,"SPOP, HPRT1, PIEZO1, FMC1, SEC24C",0.017865756336299356,10.032145500183105,6,9,-1.3567252159118652,5.280388832092285
403,SLU7,"SLU7, PSMD12, TMEM183A, TM2D3, PPP6C",0.0018921642829971882,4.671993255615234,10,6,-0.2405279278755188,8.659167289733887
404,GABARAPL1,"GABARAPL1, PUM3, ISCU, CIR1, SRGAP2",0.017978501876477947,8.583778381347656,0,1,-0.7696993350982666,9.199880599975586
405,GNB1,"GNB1, SEC61G, NCOR1, SEPTIN9, TACC1",0.011648084894450567,15.081581115722656,24,8,-1.9767022132873535,4.475440502166748
406,AKR1A1,"AKR1A1, SUPT20H, CEP135, CDKN3, ZFX",0.01118337718971447,6.594073295593262,0,1,2.209519147872925,5.977350234985352
407,ZBTB24,"ZBTB24, TRIM4, MED29, WDR13, CXXC1",0.0030196196847830778,8.300959587097168,0,6,-0.1193922832608223,6.069746971130371
408,ZFPL1,"ZFPL1, G6PC3, GDAP2, ALG5, MED7",0.011814752214714567,15.23095703125,0,7,-3.4172801971435547,8.006037712097168
409,TPM4,"TPM4, SOS1, SNRPB, TTC21B, VMP1",0.00019607920031058945,2.866743326187134,8,0,-2.5806751251220703,5.723635196685791
410,CPSF2,"CPSF2, USP37, TSSC4, UBE2F, GTF3C5",0.010978474425389904,12.413318634033203,4,0,-1.6326608657836914,8.45191764831543
411,C17ORF58,"C17ORF58, DDI2, PPP6R2, TCF20, TTC5",0.01894125075000294,12.29443645477295,0,7,-2.8001136779785156,8.805970191955566
412,POP5,"POP5, ADPGK, SUMF2, HAGH, ZNF777",0.0020715767512813777,5.692639350891113,7,8,-1.2942426204681396,6.1303205490112305
413,CRCP,"CRCP, QSER1, TARBP2, DNTTIP1, BCLAF1",0.0032304048251169614,8.511889457702637,12,6,-1.1138300895690918,8.114677429199219
414,FAM89B,"FAM89B, DYNLL1, GLA, CBX3, EZR",0.00561178671288907,9.391768455505371,8,8,-0.637039065361023,4.348626613616943
415,TOB2,"TOB2, NMD3, CORO1C, MAD1L1, ZNF581",0.0036088376817163988,8.065732955932617,0,9,-1.6860634088516235,6.506099224090576
416,PNPLA8,"PNPLA8, CHMP3, CCNB1, ZNF24, PSMD14",0.00013529464821430672,4.387382984161377,11,8,-3.4903626441955566,5.175626277923584
417,ITPRID2,"ITPRID2, TIMMDC1, CLN8, PKNOX1, BROX",0.0068510072588519955,9.744746208190918,1,9,-1.6005778312683105,5.065310001373291
418,CREBZF,"CREBZF, TIMM8A, SF3B4, COA3, MIEN1",0.011379456390025059,10.71661376953125,1,1,-0.23133471608161926,7.32053804397583
419,SURF1,"SURF1, PRCP, PAXBP1, PRRC2B, KLHDC10",0.000556864928882074,4.174587249755859,2,9,-1.1738674640655518,5.606611251831055
420,TMEM123,"TMEM123, VWA8, KCTD13, GZF1, DGAT1",0.01716379279918745,10.460423469543457,10,9,-2.18479585647583,5.534567356109619
421,GPS1,"GPS1, XPO6, ATG4D, DCAF12, GLYR1",0.008827485597982737,6.731577396392822,1,4,2.7913870811462402,6.905193328857422
422,DYRK1A,"DYRK1A, TRABD, DIS3L2, PSENEN, STYXL1",0.0026666771242240166,5.26518440246582,0,6,-0.08783036470413208,5.289662837982178
423,SQSTM1,"SQSTM1, CD59, NDUFB9, TTC17, R3HDM2",0.011331416985948965,8.967094421386719,15,7,0.4182606339454651,8.633471488952637
424,PRXL2A,"PRXL2A, ACTR8, NR2F6, APOOL, DTD1",0.0019166741830360118,4.836272239685059,1,4,2.622399091720581,6.0794782638549805
425,RELCH,"RELCH, HNRNPA2B1, CTSA, COPA, TET2",0.0031323652249616667,10.679353713989258,9,5,-0.9381296038627625,6.054744243621826
426,NAA35,"NAA35, SMAGP, METAP2, SAYSD1, PAQR4",0.009562782599147448,10.233774185180664,4,4,2.830613613128662,6.308804035186768
427,SERBP1,"SERBP1, SET, PRDX1, RAN, FAF1",0.04990411727104812,6.954122066497803,0,1,1.2578033208847046,8.002029418945312
428,SLC25A36,"SLC25A36, PDXDC1, PBRM1, CDK4, GRINA",0.0037519754979431293,9.030608177185059,8,5,0.619562029838562,4.417052745819092
429,PSMA3,"PSMA3, SELENOW, RRM2, PTMS, NUP42",0.003165698689014467,6.494166851043701,4,7,-1.89591383934021,7.380170822143555
430,TDP2,"TDP2, RTN4, NDUFB2, TMEM9, LUC7L3",0.0024607939638978974,9.064583778381348,0,7,-0.7201199531555176,8.414939880371094
431,GINS4,"GINS4, MTIF2, CEP152, BTBD2, WDR12",0.0004509821607143557,3.6310250759124756,1,9,-2.271029472351074,5.4935173988342285
432,BMPR2,"BMPR2, BPTF, ATOX1, ENY2, BRAF",0.001433338954270409,4.589183330535889,4,9,-2.214855670928955,5.796905994415283
433,DHX40,"DHX40, TOP3A, DNAJB12, STX17, SLC25A44",0.0033902093733700917,6.926520347595215,3,1,1.7597920894622803,5.5761823654174805
434,EPB41,"EPB41, SSB, EIF4A1, VDAC1, BRWD1",0.0015872611265142216,7.089777946472168,2,0,-3.1336405277252197,4.687488555908203
435,PRKACA,"PRKACA, STAG1, TBCB, HDAC8, PSME2",0.02270695179196781,10.863192558288574,0,0,0.29472047090530396,5.241472244262695
436,MDH2,"MDH2, AAK1, EEF2, DYNLL1, RBM26",0.007866697516460849,16.344907760620117,3,9,-2.104159355163574,5.094223499298096
437,CEBPB,"CEBPB, ARFGEF2, SRF, NECAP2, DMTF1",0.0037843285659943764,6.176657199859619,3,8,-0.5994386076927185,5.987776279449463
438,TMEM250,"TMEM250, UXT, ATP6V0E1, EHBP1L1, TSC22D4",0.009378468150855494,7.77845573425293,0,7,0.738294780254364,5.485585689544678
439,TP53I3,"TP53I3, ARF1, PDK1, WDR13, RFX5",0.01637261322593422,10.632694244384766,0,1,1.8931385278701782,6.684863567352295
440,RANBP1,"RANBP1, NFATC3, RAPGEF1, C4ORF48, SRM",0.000800003137267205,4.445234298706055,20,6,-0.2733391225337982,8.452299118041992
441,EIF2B1,"EIF2B1, DNAJC1, MAF1, FLYWCH2, OLA1",0.0045774689312507106,10.908580780029297,23,0,-2.2941324710845947,8.710404396057129
442,ATP6AP1,"ATP6AP1, CREM, MAP4K4, SNW1, ATP6V0C",0.003771583417974188,4.439125061035156,66,1,-1.9291678667068481,7.855148792266846
443,NSA2,"NSA2, LMO4, CNOT6L, ASH1L, DYNC1H1",0.009451017454970411,11.306912422180176,2,9,-2.122063398361206,4.57010555267334
444,ADK,"ADK, CAMTA1, CSNK1A1, STXBP5, NR3C1",0.004525507943168404,4.905595779418945,4,6,0.2459036260843277,7.903740882873535
445,TRAM2,"TRAM2, TTPAL, RCBTB1, RBM48, RSAD1",0.0071363024953039035,8.710083961486816,0,9,-1.0745662450790405,7.314602375030518
446,RAB11A,"RAB11A, MAGT1, INO80, RAD50, RNF138",0.0003852956286103083,4.276437282562256,9,7,-1.6139988899230957,9.277534484863281
447,ZYG11B,"ZYG11B, CETN2, SLU7, CTDSPL2, GGCX",0.002843148404503547,5.3698625564575195,0,0,-2.2956924438476562,8.106223106384277
448,COPS7B,"COPS7B, NFRKB, POGLUT1, LRWD1, GOSR2",0.0007225518531445221,4.348957061767578,6,4,3.4252641201019287,6.748460292816162
449,UNG,"UNG, TRAPPC2, TIMM44, WASHC2C, TMEM165",0.002063733583268954,3.939908981323242,2,8,-1.0298149585723877,7.136344909667969
450,YBX1,"YBX1, HSP90AB1, NPM1, PABPC1, EEF2",0.0069990470550864905,8.897504806518555,0,1,1.065148949623108,7.714786529541016
451,RPF1,"RPF1, ZNF609, HCFC1, NUDT3, ARHGEF1",0.028653053541386437,6.019458293914795,10,1,-1.7702234983444214,8.477853775024414
452,FBXL20,"FBXL20, ELAVL1, TMX2, RNF114, CHMP3",0.01448044894293703,8.446738243103027,10,0,-3.62644100189209,7.853844165802002
453,CCT2,"CCT2, CYB561D2, GGA2, CENPU, RYK",0.000966670457531206,7.521968841552734,3,6,-0.576839029788971,6.45524787902832
454,MCRS1,"MCRS1, ATAD5, NRDE2, MMGT1, CEP55",0.008646112337695442,13.957341194152832,5,8,-3.8886842727661133,6.064885139465332
455,KLHL18,"KLHL18, PHRF1, THG1L, SMYD4, RABEP2",0.0025813826720889103,9.466816902160645,2,0,-3.838017463684082,5.96400785446167
456,CTPS1,"CTPS1, HMBS, GOT2, UCHL5, RABL6",3.9215840062117894e-05,2.7876110076904297,20,3,3.2819628715515137,6.490461349487305
457,GTF2F2,"GTF2F2, DESI2, GFM2, TTK, MTRES1",0.004512762795148216,6.082204818725586,139,4,3.6594724655151367,6.669432640075684
458,TRIM56,"TRIM56, UBL7, APH1A, MZT2B, PTTG1IP",0.005956886105435708,6.2614827156066895,14,1,-1.1130294799804688,8.025798797607422
459,KPNA2,"KPNA2, FLYWCH2, ARMC10, SNRNP25, PLXNA1",7.352970011647104e-05,2.7876460552215576,25,4,3.515190362930298,6.8276166915893555
460,MRM3,"MRM3, PELP1, SGO1, CCDC14, MTO1",0.00015196138024070683,3.019623041152954,0,8,0.01729353703558445,7.013129711151123
461,PAFAH1B1,"PAFAH1B1, MYBBP1A, CSNK1A1, HEATR6, UBE2D3",0.010549060976709712,15.1983003616333,2,7,-2.7031447887420654,7.795958042144775
462,TANK,"TANK, CDC16, RSBN1L, RFC2, SMARCE1",0.00038823681661496714,3.7728772163391113,42,8,-2.736917495727539,4.932186126708984
463,CARNMT1,"CARNMT1, DGAT1, TPRA1, SRP68, BLZF1",0.012042204087074852,6.180742263793945,0,4,3.0569193363189697,6.735870361328125
464,PCNT,"PCNT, ACLY, SF3B6, PRKAR1A, YWHAZ",0.0062598284699155685,10.662483215332031,15,6,-0.6089130640029907,7.1198506355285645
465,AKT1,"AKT1, RNF6, E2F3, VAMP7, XRCC6",0.007404930999729411,9.289446830749512,4,7,-2.7908220291137695,6.331915855407715
466,LLPH,"LLPH, STARD7, ARHGAP17, ARID4B, NOB1",0.001003925505590218,3.672180652618408,1,0,-1.7447447776794434,6.722198963165283
467,DCXR,"DCXR, PPP1CC, FAM13B, ACAA1, ELP2",0.0017705951788046228,3.8795166015625,3,8,-1.6304281949996948,7.006843566894531
468,PDCL,"PDCL, TCF3, FBXW2, PRKCI, SMG5",0.00982945031156985,12.784178733825684,0,9,-1.6308552026748657,5.685833930969238
469,PTGES3,"PTGES3, HELZ, XRN2, DDX17, OAZ1",0.0008245130373060286,5.8123908042907715,22,5,-1.4521468877792358,5.006413459777832
470,NHP2,"NHP2, APLP2, TMED9, SFXN1, ADD3",0.00045392334871901456,5.762995719909668,4,6,0.2822023928165436,7.275744915008545
471,COP1,"COP1, VMP1, FAM32A, PSMB10, FIP1L1",0.020691257612774953,10.00376033782959,5,9,-2.3331458568573,5.680789470672607
472,HSPA9,"HSPA9, NOL7, FXR1, CDK17, SRSF4",0.00527256969635175,7.299633979797363,6,1,1.6728070974349976,6.838693141937256
473,HARS2,"HARS2, ACER3, STK38, MCEE, GGA3",0.00630688747799011,9.228204727172852,0,7,0.759713888168335,6.017838478088379
474,USP5,"USP5, CCDC127, MDC1, RBSN, MLLT1",0.011857889638782898,9.468923568725586,1,0,-2.193563938140869,8.141658782958984
475,ATF7IP,"ATF7IP, HMGB2, IFRD2, RAB6A, PSME3",0.008085325824807156,12.378771781921387,4,0,-4.015726566314697,7.194112300872803
476,PCBP2,"PCBP2, MRPL16, ARHGEF1, RITA1, CKLF",0.004498056855124922,14.468851089477539,0,6,-0.505121648311615,7.848598957061768
477,SORT1,"SORT1, BORCS5, DLG1, CTSD, HOMER3",0.012319656155514336,9.649749755859375,8,9,0.13366585969924927,5.038363933563232
478,XRCC4,"XRCC4, C6ORF120, SDHA, PCYT1A, CEP104",0.003551974713626328,10.625997543334961,2,4,3.6262965202331543,6.3592610359191895
479,USP4,"USP4, TMUB2, ZCCHC17, DNAJA3, PTS",0.01067161047690383,12.792378425598145,1,6,-1.2545567750930786,8.214576721191406
480,HECTD4,"HECTD4, ANAPC16, LAMTOR5, NDUFB8, PHF20",0.0020902042753108835,12.764763832092285,15,5,3.459277868270874,5.2643842697143555
481,IRF2BP2,"IRF2BP2, SYNRG, C7ORF50, ENOX2, NEK1",0.003644131937772305,6.09020471572876,11,6,-0.5995650887489319,6.802908420562744
482,TENT2,"TENT2, RBCK1, CMTM3, PCMTD1, FRYL",0.0235177392852521,11.482359886169434,1,8,-3.177464485168457,5.0422539710998535
483,COX6B1,"COX6B1, DEK, FBXL5, SLC25A6, MRPS24",0.0010117686736026417,5.133167266845703,4,6,-0.7191389203071594,6.9647297859191895
484,ITSN1,"ITSN1, IER5, RBPJ, PLP2, WAC",0.0065559080623845585,10.386370658874512,27,6,-0.6182563900947571,8.833624839782715
485,NAA38,"NAA38, ERGIC3, BRD2, ERBIN, MNAT1",0.018194188996819596,7.440690517425537,5,1,1.7115238904953003,8.155061721801758
486,TAF8,"TAF8, RIOK2, ADAM9, NOL11, PNO1",0.007632382872089695,11.191680908203125,13,6,-1.0786854028701782,9.222821235656738
487,UQCRFS1,"UQCRFS1, ZNF148, MCUB, IL6ST, SEC62",0.010592198400778042,11.747797966003418,35,6,-0.46496546268463135,7.473052024841309
488,PTRHD1,"PTRHD1, HSD17B12, RPS19BP1, NDUFV1, ZNF414",0.002287263871623026,5.754499435424805,6,9,-1.6482799053192139,6.521963596343994
489,PEX13,"PEX13, RAD23B, IRF2BP1, VMP1, IREB2",0.00014019662822207146,4.130728721618652,5,9,1.2548092603683472,6.716571807861328
490,GTF2B,"GTF2B, BTAF1, GABPB1, WASHC2C, BRWD1",0.0029676586967007715,13.03519344329834,0,8,-2.8736870288848877,4.842656135559082
491,DEF8,"DEF8, FLYWCH2, MPV17, HPRT1, DFFA",7.352970011647104e-05,3.3005435466766357,1,8,-3.440185785293579,4.848675727844238
492,ANGEL2,"ANGEL2, TNKS2, ROGDI, DMAP1, TCTN3",0.008950035098176856,4.725234508514404,0,8,0.3217184543609619,6.537267208099365
493,SNX2,"SNX2, ARL6IP4, LRCH3, ZNF518A, ECHDC1",8.137286812889462e-05,3.0444037914276123,8,0,-2.5147716999053955,8.334782600402832
494,VPS13C,"VPS13C, AHSA1, SMAGP, STAU1, DCTN2",0.0005254922568323797,3.947970151901245,0,6,-1.935339331626892,8.436522483825684
495,INTS4,"INTS4, TIMM8B, SHMT2, MFSD3, MAD2L2",0.005252961776320691,7.34417200088501,0,4,3.1012158393859863,6.437641620635986
496,NDUFS8,"NDUFS8, PPIB, APEX1, TMEM126A, ARIH1",0.0037617794579586587,9.357535362243652,12,6,-1.0487562417984009,8.035051345825195
497,TBC1D22A,"TBC1D22A, CASD1, GLA, MCU, MBTPS1",0.011098082737579363,9.108656883239746,4,8,0.48965880274772644,6.322274684906006
498,DSTYK,"DSTYK, OTUD4, FAM3A, TTC21B, UBIAD1",0.02512460833179738,7.610449314117432,0,1,2.255824327468872,7.3852972984313965
499,HPF1,"HPF1, SLC1A5, KEAP1, ALKBH2, STK40",0.009335330726787164,8.232109069824219,4,4,3.045086145401001,6.27457857131958
500,COX6A1,"COX6A1, PPIA, UQCRB, BTG1, SUMO2",0.05104921980086197,8.093894958496094,2,1,1.1717934608459473,8.15989875793457
501,ITCH,"ITCH, ABR, PSPC1, ERP29, PPP1R16A",0.0012029458939054663,7.584457874298096,3,8,-3.992732286453247,6.888322830200195
502,TMEM258,"TMEM258, SLC35B1, NAPG, GIT1, CHMP1A",0.014095153314326724,10.398109436035156,0,9,-2.24159836769104,5.62042236328125
503,TRAPPC1,"TRAPPC1, NME7, ACER3, STK38, RAPGEF1",0.004261781418750662,7.81776762008667,0,9,0.06101502850651741,5.3556060791015625
504,SHPRH,"SHPRH, TRAPPC1, ARPC1A, CCDC174, USP3",0.019192232126400494,8.319613456726074,7,0,-4.068578720092773,7.058072566986084
505,NCOR2,"NCOR2, AHSA1, BCAP31, DDX51, APLP2",0.004404919234977392,3.968071222305298,9,1,-2.730487108230591,7.2595319747924805
506,TMEM87B,"TMEM87B, UXS1, EFHC1, CEP164, GOLGA7",0.007312773775583433,6.825433254241943,0,7,1.4447145462036133,6.350007057189941
507,ZYG11B,"ZYG11B, NAP1L1, API5, KLHL36, DDX5",3.627465205745905e-05,2.3699281215667725,2,7,-3.9156858921051025,6.425714492797852
508,SNX3,"SNX3, POLR2J, CYB5R1, EIF2B3, HMGB2",0.00041666830066000257,3.4301810264587402,3,1,-0.8854451179504395,8.188124656677246
509,POC5,"POC5, PRDM2, FLOT1, ZBTB41, TM2D3",0.009805920807532578,4.685915946960449,1,1,-2.679100275039673,6.44893741607666
510,VPS13C,"VPS13C, PPP1R10, PCIF1, SMARCC2, CLINT1",0.00028235404844724883,4.346208095550537,2,0,-2.40278697013855,6.644960403442383
511,KAT6A,"KAT6A, NCOA3, ZKSCAN1, TNIP1, FERMT2",0.002043145267236342,5.070863723754883,5,1,-2.471064567565918,7.605650901794434
512,SSR3,"SSR3, PLD3, SEPTIN11, DDAH2, PSIP1",0.0019784391311338475,5.184733867645264,11,6,1.592644214630127,8.384514808654785
513,INTS4,"INTS4, RSAD1, NAT9, CAAP1, BLOC1S6",0.004117663206522379,5.660736083984375,0,9,1.252577304840088,6.404435157775879
514,EEF1G,"EEF1G, RAD51, PNISR, COX7A2L, ILKAP",0.0009176506574535586,4.050687313079834,0,8,-2.1170055866241455,5.190980434417725
515,TSR1,"TSR1, PPM1G, SNRNP25, MRPL15, CKAP5",0.001322554206094926,24.936342239379883,14,3,4.032606601715088,6.193135738372803
516,HPS1,"HPS1, ARPC1B, VPS45, SNRPE, EIF3E",0.0028872662245734296,11.05506706237793,0,6,-1.6063673496246338,8.173491477966309
517,SLC38A6,"SLC38A6, LRR1, DDA1, UBE2T, ACADSB",0.008373562249263722,9.816051483154297,4,0,-3.312835216522217,6.459167957305908
518,WRN,"WRN, MAP3K11, PPP2R3B, ATP5MC3, SF3B3",0.005185314452213538,11.329794883728027,2,9,-0.7381512522697449,7.9795026779174805
519,PIH1D1,"PIH1D1, DRG1, FAM3A, HCFC1R1, MACROD1",0.0029304036486417595,8.761042594909668,10,8,0.05682467296719551,7.983569145202637
520,FAM168B,"FAM168B, RMND5A, ATRX, COMMD5, VPS29",0.006737281322671854,10.898526191711426,9,7,-0.09136814624071121,8.584146499633789
521,GNB1,"GNB1, STX4, SLC25A44, TSEN54, XRRA1",0.0017656931987968581,6.58404541015625,2,9,-0.7991061210632324,6.210691452026367
522,BMPR2,"BMPR2, KLF6, LDHA, GTF2I, RSL1D1",6.176494809783567e-05,3.464578628540039,0,7,-3.088977813720703,6.484241008758545
523,LDLR,"LDLR, HARS2, UPK3BL1, UBE3B, NCOA4",0.011881419142820168,9.49576473236084,0,4,3.4015722274780273,6.239652156829834
524,TMEM14A,"TMEM14A, PMS1, EXOC7, BRWD1, ETFDH",0.006377475990101922,9.431744575500488,0,0,1.0554187297821045,6.3510308265686035
525,S100A10,"S100A10, HLA-E, B2M, RPL10, BTG1",0.0014382409342781736,13.675080299377441,6,5,0.49855777621269226,3.3097434043884277
526,HOOK2,"HOOK2, ARFIP2, ABRAXAS1, SDHAF1, HPRT1",0.01417750657845717,14.902563095092773,5,8,-3.4822256565093994,4.901016712188721
527,DIMT1,"DIMT1, CCAR2, CDKN2D, EDRF1, UBXN1",0.007750030392276048,14.334954261779785,3,6,-1.6885229349136353,8.492956161499023
528,PIGN,"PIGN, UBE2D1, SHTN1, MFSD1, HERPUD2",0.013373581857183754,12.576529502868652,0,0,0.5856176614761353,4.834843635559082
529,FERMT2,"FERMT2, INSIG2, PRKACA, HPS5, NBDY",0.009518664779077564,8.740290641784668,0,0,-0.24948042631149292,5.484297275543213
530,AFF4,"AFF4, RABEP1, CNOT2, GRN, IDH2",0.0330295412923188,6.855950355529785,7,1,-2.3610503673553467,4.952314376831055
531,PPIB,"PPIB, VPS50, EEF1G, ATP5MF, BLOC1S6",0.0005352962168479092,5.197139263153076,3,9,-0.6497577428817749,5.397582530975342
532,TAF1,"TAF1, MAP2K5, PIKFYVE, NETO2, CTDSPL2",0.011004945117431834,10.279860496520996,0,0,0.3557738959789276,4.986145973205566
533,ASB3,"ASB3, DSTN, HIRIP3, PTEN, ENOPH1",0.012087302303146287,11.109253883361816,17,6,0.14479660987854004,4.792997360229492
534,<SPECIAL>,"<SPECIAL>, TFRC, LAPTM4B, SRM, ABCE1",0.0009303958054737469,73.65980529785156,2,2,2.0901153087615967,6.216300964355469
535,KIF9,"KIF9, TRIM73, TGIF2, MPV17, MESD",0.00038921721261652006,2.794588088989258,3,1,1.7263749837875366,7.178421974182129
536,VPS37B,"VPS37B, PMM1, ATF1, HEXD, DNAH14",0.007200028235404845,7.4864277839660645,0,8,1.624637484550476,6.116840839385986
537,ACOT8,"ACOT8, B4GALT7, ABRACL, LMO4, DDIT4",0.0041372711265534375,6.953883647918701,7,7,-2.1544177532196045,7.520761013031006
538,ZDHHC17,"ZDHHC17, TLE4, COX8A, NRBF2, STK17A",0.0002843148404503547,2.8095006942749023,4,6,-1.5258748531341553,8.106163024902344
539,RNF169,"RNF169, RAVER1, FAM98C, MINDY2, TAF13",0.014472605774924608,12.86485481262207,14,8,-1.4670921564102173,5.932779312133789
540,MIDN,"MIDN, SEC61G, PYURF, TMED9, POLR2K",0.0072902246675477156,4.008590221405029,23,1,0.7405295372009277,7.938686370849609
541,SP1,"SP1, PSENEN, TMOD3, TRABD, MAPRE1",0.000539217800854121,4.608637809753418,5,8,-1.9097634553909302,6.513689041137695
542,CCNL1,"CCNL1, VAMP2, COG5, ZFAND5, TAOK1",0.006248063717896933,5.005416393280029,4,7,-1.939348816871643,7.478958606719971
543,SFI1,"SFI1, AMFR, EXOC6, PCMTD2, SH2B3",0.012221616555359041,11.508081436157227,0,1,0.8455451130867004,6.553919792175293
544,ANKRD12,"ANKRD12, PRPS2, CD63, HNRNPC, UQCRB",0.010434354644528018,12.810669898986816,0,6,0.07004676759243011,5.07532262802124
545,ATXN2,"ATXN2, BSG, TLN1, KHDRBS1, CHD7",0.004984333271895184,10.88021469116211,28,0,-0.7589344382286072,5.271389484405518
546,METTL23,"METTL23, AKAP17A, RHOA, TPGS1, SUMO2",0.0005911787889364272,5.315348148345947,5,8,-0.5066685080528259,7.995334625244141
547,<SPECIAL>,"<SPECIAL>, RANBP1, RPS8, ENO1, RPL34",0.0009382389734861706,73.84635925292969,9,2,0.8939098119735718,6.695196151733398
548,STK4,"STK4, OSBPL8, ANXA5, HNRNPM, PCM1",0.0005882376009317683,5.633040904998779,7,9,-2.679621696472168,5.885338306427002
549,ADAM10,"ADAM10, AP1G1, NUMA1, COA7, ZNF511",0.002061772791265848,3.979055404663086,24,1,0.06787273287773132,7.714293956756592
550,B2M,"B2M, RPS9, LGALS1, RPL10, RPL38",0.0005058843368013208,18.419879913330078,0,5,2.3294239044189453,7.022082805633545
551,<SPECIAL>,"<SPECIAL>, LAPTM4B, SRM, SLC19A1, ABCE1",0.000966670457531206,73.4316177368164,3,2,2.8198156356811523,7.423059940338135
552,ELOB,"ELOB, ATP5ME, ARPC1B, EIF2B2, DFFA",0.0030607963168483012,7.37360954284668,6,8,-0.8723738789558411,4.757397651672363
553,NRAS,"NRAS, RUFY1, CPEB4, SYPL1, WBP1L",0.010010823571857145,8.772746086120605,0,8,-2.5461931228637695,5.361116886138916
554,CCAR2,"CCAR2, ANGEL2, PPP1R16A, LRRC47, DIMT1",0.008062776716771438,8.892853736877441,0,6,1.339219570159912,5.10243034362793
555,EBNA1BP2,"EBNA1BP2, TRAPPC3, DNAAF5, CCDC43, MRPL13",0.011629457370421061,10.26887035369873,2,1,1.8580563068389893,8.357824325561523
556,OAZ1,"OAZ1, RHEB, ARID4B, PPP1CC, UXS1",0.0026333436601712165,6.815905570983887,0,7,-0.615879237651825,8.6559419631958
557,IFT52,"IFT52, DNAJC14, HOOK2, ROMO1, FBXO25",0.006715712610637688,7.1724534034729,5,6,-0.7961011528968811,8.085469245910645
558,MAN2C1,"MAN2C1, GFM1, MTA1, PEX19, ING2",0.0009735332295420766,3.676525831222534,0,0,-1.571205735206604,5.994754791259766
559,ERGIC1,"ERGIC1, GPR108, WASF1, MBD2, SLC30A9",0.005769630469139094,8.007440567016602,12,8,-0.28800633549690247,5.65503454208374
560,JMJD4,"JMJD4, MANEA, RGP1, TPRA1, TMEM138",0.00011274554017858893,2.5576913356781006,1,7,-2.485276937484741,8.692460060119629
561,EAPP,"EAPP, METTL15, MGAT2, SLC4A2, TFPT",0.007754932372283813,7.090112209320068,1,8,-2.1936213970184326,6.590583801269531
562,DUSP14,"DUSP14, AP3M2, INTS5, METTL4, PABPN1",0.007525519707920423,11.490693092346191,0,4,3.643812656402588,6.834566116333008
563,PRPF4,"PRPF4, DNAJA1, WDR83OS, UBR5, ZMYND8",0.0032049145290765847,11.584808349609375,6,6,-1.2483413219451904,5.822177410125732
564,PDS5A,"PDS5A, EGLN1, KMT2A, RHBDD3, KLHDC3",0.00019019682430127178,2.6232638359069824,26,1,-2.4100959300994873,4.588785171508789
565,C1ORF122,"C1ORF122, FIBP, BID, LARP1B, TRIB3",0.004787273675583042,7.588715553283691,5,1,0.40486401319503784,8.371164321899414
566,SLC9B2,"SLC9B2, NCKAP5L, POGK, CERS2, APRT",0.0025196177239910746,9.20655632019043,0,0,-4.055849552154541,6.7061448097229
567,FOXN2,"FOXN2, ADO, NUP88, ABCF2, ATG2A",0.013275542257028459,13.92032527923584,1,6,-2.037775754928589,9.251715660095215
568,SNX27,"SNX27, ITFG2, TMEM131, UBE2M, ARMCX6",0.001114710253765701,4.292125225067139,11,1,0.43466463685035706,5.55244779586792
569,SLC7A5,"SLC7A5, EIF3I, SCAMP1, SLC30A9, RNF187",0.0015000058823760093,5.943423748016357,1,6,-0.7434579133987427,8.339640617370605
570,ARRB2,"ARRB2, RTN3, POLD4, NIN, MAGI3",0.0030970709689057603,13.357447624206543,5,5,0.5427289009094238,4.320795059204102
571,ZBTB7A,"ZBTB7A, LARP4B, GCLM, CEP290, FBRS",0.005773552053145306,11.767988204956055,0,6,-0.9048770070075989,9.195775032043457
572,MGAT5,"MGAT5, KDELR2, PPP2R5C, RBM45, MARK3",0.008564739469566547,16.737226486206055,5,9,-0.06498458981513977,9.038847923278809
573,STARD7,"STARD7, CDC123, TRMT10C, ATP6V1D, TRAPPC4",0.007499049015878494,8.105073928833008,14,4,2.440913200378418,7.656297206878662
574,TMEM59,"TMEM59, RBM3, PPP1R12A, HNRNPM, STAT3",0.011391221142043695,19.364295959472656,11,8,-2.653508186340332,6.8202691078186035
575,GRIPAP1,"GRIPAP1, GCLC, LRWD1, RBBP8, BUB3",0.01289318781642281,11.060425758361816,2,4,3.2289748191833496,6.94108247756958
576,DYRK1A,"DYRK1A, SNX6, PDS5B, RRBP1, NFE2L2",0.007426499711763576,12.861092567443848,31,0,-3.5592360496520996,6.554982662200928
577,ECH1,"ECH1, ZNF282, CCDC25, PPT1, PSAT1",0.005060804160016314,13.047743797302246,9,0,-3.3286476135253906,8.4402494430542
578,UQCR11,"UQCR11, MACF1, RPL4, BTBD2, ALKBH4",0.0002696089004270605,3.9994266033172607,0,9,-0.11967243999242783,6.793720722198486
579,UBL3,"UBL3, EHD1, SRSF7, RSL24D1, WDR45",0.012140243687230146,10.040946960449219,2,1,1.507063388824463,5.732938766479492
580,PHB2,"PHB2, NECAP1, ARF4, TRIOBP, GMNN",4.117663206522378e-05,2.5537495613098145,8,0,-0.03428305685520172,6.318005084991455
581,TAF1,"TAF1, ISCA1, URM1, LPCAT1, MRPL10",0.01690594865077902,11.082837104797363,0,0,-3.6040515899658203,7.939967155456543
582,MARF1,"MARF1, CDCA4, SYNJ2BP, SLC35F5, DNAJC5",0.007010811807105126,9.808484077453613,0,7,0.8026468753814697,4.850747585296631
583,FAF2,"FAF2, HDAC2, SUMO2, PPIB, WASF1",0.004967666539868784,13.125977516174316,8,0,-3.667457342147827,6.122912883758545
584,VPS53,"VPS53, DOHH, RRM2, HSPA13, EIF3E",0.0029117761246122533,7.577654838562012,0,7,-0.022478394210338593,6.315487384796143
585,ABHD5,"ABHD5, RAB5C, DDX39A, DDX27, MRPL50",0.0051715889081917965,5.030533313751221,23,7,-1.4580135345458984,6.038026332855225
586,ELOVL5,"ELOVL5, LTA4H, ANKRD10, CNP, MRTO4",0.002863736720536159,7.493320941925049,9,8,-1.2163779735565186,6.021451473236084
587,AKAP17A,"AKAP17A, ANKRD40, ZRANB3, SRGAP2, PDLIM2",0.0065863003384327,5.614330768585205,0,6,-0.5214731097221375,6.67727518081665
588,ZNF146,"ZNF146, RBL2, NFIC, EGLN1, CHMP6",0.0030804042368793604,5.13309383392334,4,7,-1.9123215675354004,7.973451614379883
589,SLC35E1,"SLC35E1, BRCA2, CLDND1, XPR1, COX6B1",0.0026323632641696636,12.0474853515625,33,9,0.025877777487039566,8.761009216308594
590,SERINC3,"SERINC3, ATR, TUBGCP5, ERGIC3, RIF1",0.0006823556170808513,4.845196723937988,4,6,-1.31357741355896,8.587343215942383
591,ST3GAL3,"ST3GAL3, ABCC5, HMOX2, COX6C, AGFG1",0.004338252306871792,5.863535404205322,2,0,-2.274693012237549,6.915657997131348
592,SENP1,"SENP1, ABHD5, RNF170, PIGG, DVL1",0.006150024117741638,12.643115997314453,8,4,3.7564728260040283,6.495777606964111
593,EIF4EBP1,"EIF4EBP1, UBE2D3, GMDS, AFF1, CDC42SE1",0.002677461480241099,12.375415802001953,1,8,-2.550556182861328,4.8345947265625
594,SNAPC2,"SNAPC2, SKIL, SMAD1, PRCP, DHX40",0.0096304299232546,8.40915298461914,0,1,2.836171865463257,6.530341148376465
595,EMC2,"EMC2, SLC25A24, RRM1, DHRS4L2, ZNF121",0.007994148996662733,12.802303314208984,10,0,-2.393390655517578,8.365523338317871
596,MRPL46,"MRPL46, RTCA, ACOT13, RAB10, HACL1",0.00896474103820015,10.790510177612305,8,9,-1.917098879814148,4.497849464416504
597,PTEN,"PTEN, CLSPN, C5ORF24, LYAR, MDP1",8.823564013976525e-05,2.3023526668548584,10,4,2.9532878398895264,6.573529243469238
598,TMED7,"TMED7, SMAD1, KLHL42, UBXN6, PPP1R9B",0.009753959819450273,7.423699855804443,0,7,1.7187153100967407,6.798544883728027
599,TTF2,"TTF2, DUSP12, ILRUN, PSMD12, CCNB1IP1",6.372574010094157e-05,2.6001622676849365,15,4,3.771799325942993,6.569736480712891
600,ASH1L,"ASH1L, TAF1D, HSP90B1, C1ORF174, CCT8",0.00018725563629661292,2.4908788204193115,1,7,-3.5989577770233154,7.143155574798584
601,UQCC1,"UQCC1, FASTK, ZMYM1, MED4, VPS72",0.01118337718971447,10.870698928833008,5,7,-1.8013882637023926,8.933174133300781
602,WDR20,"WDR20, MAP2K4, SPTAN1, CCDC186, VPS13C",0.04103153345699395,10.618371963500977,5,6,-2.002967357635498,6.664673805236816
603,ARHGAP5,"ARHGAP5, PPP2R5C, RAD23A, PNISR, TMEM256",0.0025137353479817567,5.347540378570557,6,0,-0.13059690594673157,6.2692718505859375
604,NIPBL,"NIPBL, NAP1L1, MTHFD1, FLOT1, SLC30A5",7.843168012423578e-06,2.265437364578247,1,6,3.197359323501587,6.609298229217529
605,DCAF10,"DCAF10, C18ORF32, CPNE1, PSMC1, CNPPD1",0.005627473048913917,4.814395904541016,4,8,-0.18297690153121948,7.2173614501953125
606,TUT4,"TUT4, CCNB1IP1, RPS6KB2, VWA8, SLC38A2",0.0001245102921972243,2.6359801292419434,1,9,-0.907023549079895,5.549016952514648
607,ANKRD28,"ANKRD28, TXNDC15, MTFR1, NCSTN, YIPF5",0.01274024604018055,8.622457504272461,0,6,1.2916717529296875,6.588473320007324
608,APIP,"APIP, ARF6, WNK1, UBAC2, BANP",0.005892179969333213,7.080147743225098,1,6,0.17451536655426025,4.648998260498047
609,COMMD1,"COMMD1, LBR, SPTSSA, SLC39A10, GSK3A",0.007650030000117648,7.166138172149658,5,9,-1.2538563013076782,4.964818477630615
610,VOPP1,"VOPP1, MRPL23, OS9, NDUFAF8, MIEN1",0.02788932505617669,12.875950813293457,3,8,-3.6338703632354736,5.394609451293945
611,DALRD3,"DALRD3, C9ORF85, C6ORF47, CDK2, ACTR6",0.005442178204620411,7.833919525146484,0,7,-0.523419976234436,3.949444532394409
612,PPIA,"PPIA, RPS27L, CDCA4, EIF3E, PIGU",0.0037098184698763524,7.343066692352295,3,9,-1.3626866340637207,6.3438005447387695
613,LONP2,"LONP2, SPTLC1, UBE2D3, KLHDC4, CORO1B",0.002261773575582649,7.294023513793945,0,7,-1.5399893522262573,8.67587661743164
614,CNBP,"CNBP, TMEM263, PRDX5, ABHD12, RHOA",0.004710802787461912,7.9824347496032715,0,9,-0.4832247495651245,4.77166748046875
615,ATP1B3,"ATP1B3, ZNF706, PSMB5, NEPRO, PPP6R3",0.00794316840458198,6.973376750946045,1,1,1.6293835639953613,7.9109110832214355
616,CCS,"CCS, COX6B1, RBM27, ATXN2, GNB2",0.007455911591810164,16.002460479736328,5,0,-2.4098739624023438,8.54163646697998
617,RSF1,"RSF1, HMGN3, SLC38A2, WDR70, ARPC4",0.0034676606574927746,7.958937168121338,47,6,-0.5932488441467285,7.776345729827881
618,YWHAB,"YWHAB, AP1S2, ZC3HAV1, CHD7, BLVRB",0.0031911889850548434,10.281625747680664,7,6,-0.5292621850967407,8.73033618927002
619,ZBTB41,"ZBTB41, DDX21, EIF3E, ECHS1, MRPL9",0.0003656877085792493,3.35200834274292,9,1,2.2955026626586914,6.501267433166504
620,RBMXL1,"RBMXL1, RAB21, SEC61A1, HBS1L, ATAD3A",0.00027451088043482525,3.354274272918701,7,9,-3.2591466903686523,6.009152412414551
621,CCDC82,"CCDC82, PPM1B, RPS6KA3, NUCB1, HPCAL1",0.02582265028490308,9.723467826843262,4,6,-0.5067973136901855,8.105118751525879
622,PAXIP1,"PAXIP1, CASD1, TRMT10C, RBM26, MBTPS1",0.0025372648520190274,8.693917274475098,0,5,-2.0529186725616455,6.874466896057129
623,HNRNPA1,"HNRNPA1, PRDX6, CHD7, TUBB4B, TTC3",0.010773571661065337,12.276196479797363,0,9,-1.1844720840454102,5.054304122924805
624,BNIP2,"BNIP2, DBNL, ACAP2, WDR70, DAAM1",0.019601057259048076,8.004545211791992,5,0,-3.9498867988586426,6.715428829193115
625,CYB5A,"CYB5A, RUNX1, APEX1, LDHA, WDR70",0.00011568672818324778,3.9696474075317383,3,0,-2.5380377769470215,6.709225654602051
626,MMGT1,"MMGT1, GLB1, CHMP7, MYL12B, PPP1R35",0.0029705998847054304,6.40273380279541,1,9,0.2025982141494751,5.57672119140625
627,PRDX5,"PRDX5, TMED9, TIMM8B, GNB2, SEPTIN7",0.007382381891693693,11.107267379760742,48,8,-2.6605851650238037,4.892358303070068
628,CENPT,"CENPT, CNOT10, CETN3, FAM104A, TCTN3",0.00833630720120471,8.12136459350586,0,8,-2.5720131397247314,4.727676868438721
629,PIK3C3,"PIK3C3, CIT, TRMT61A, SMAP1, THAP5",0.008149051564908097,7.839535713195801,0,1,1.1478203535079956,6.9567365646362305
630,PTAR1,"PTAR1, TOB2, IFT88, MIF4GD, CDC5L",0.00403825113039659,9.816191673278809,0,5,0.4990328848361969,4.710111618041992
631,CDC42,"CDC42, SSR4, CWC25, COX6A1, ZNF800",0.009385330922866364,13.214327812194824,3,7,-1.2707074880599976,8.470919609069824
632,ZNF518A,"ZNF518A, UFD1, RSRC1, SF3A1, ACAT2",0.0003254914725155785,2.890371084213257,14,1,-0.8849117755889893,7.857182025909424
633,POLR2C,"POLR2C, C2ORF68, MPHOSPH9, G6PD, RRAGA",0.00614414174173232,8.737693786621094,11,8,0.3290088176727295,4.486747741699219
634,GABARAP,"GABARAP, NEDD1, ZBED5, BRAF, PBK",0.016149082937580148,13.124682426452637,0,6,0.8405506014823914,4.853006362915039
635,GRAMD1A,"GRAMD1A, NUMA1, SSBP4, PDE7A, SCOC",0.0001950988043090365,4.250675678253174,2,0,-2.7744719982147217,6.054492950439453
636,DSG2,"DSG2, DCAF7, TGFBR1, ANAPC5, NENF",0.0011598084698371367,3.2434375286102295,19,1,2.8801958560943604,7.017412185668945
637,TMA16,"TMA16, TBL1X, AGO3, C6ORF89, ASCC3",0.007444146839791528,11.39593505859375,2,6,-0.6439968943595886,8.72458267211914
638,KPNA1,"KPNA1, PTPRA, ATP5ME, SYNGR2, ZNF587",0.0023970682237969563,11.024497032165527,1,0,-2.8188960552215576,5.668396472930908
639,NDUFB1,"NDUFB1, RCE1, TM9SF3, CEP104, EIF2D",0.004605900415295746,12.534160614013672,8,0,-3.682979106903076,6.396691799163818
640,MT-ND6,"MT-ND6, NCBP2, MYL6B, WASHC4, GSTM3",0.00036176612457303756,4.660863399505615,13,9,-0.2035030573606491,6.293166637420654
641,TP53BP2,"TP53BP2, ZNF37A, C5ORF15, RUVBL2, UBE2E1",0.011594163114365154,7.520815849304199,39,4,2.1867518424987793,6.5476908683776855
642,CEP95,"CEP95, FOXK1, SP1, EIF2AK4, ESCO1",0.01050494315663983,6.29166841506958,0,1,0.6397189497947693,7.699644088745117
643,SNRPC,"SNRPC, NPTN, EMP3, CLSTN1, AMD1",0.0012333381699536077,3.823493003845215,18,6,-0.7961141467094421,4.478253364562988
644,NUDT4,"NUDT4, TMEM87A, NEDD1, NAB1, LATS1",0.020199098819995372,14.98313045501709,0,8,-3.1199653148651123,5.391676425933838
645,ZNF512B,"ZNF512B, NDUFB11, REX1BD, SLC39A3, ATPSCKMT",0.0016245161745732336,3.4611685276031494,0,1,-1.0174827575683594,6.454998970031738
646,PRMT3,"PRMT3, LARP4, MED7, ANKRD52, BRCA1",0.007603951388044659,13.622196197509766,2,7,-3.654844284057617,7.526134490966797
647,ARAF,"ARAF, KLC1, ENO2, IVNS1ABP, FBXL4",0.005230412668284974,7.6479620933532715,6,6,-0.30398106575012207,4.244608402252197
648,HSPE1,"HSPE1, PSAP, OXR1, ERC1, GABARAP",0.001467652814324762,15.534255981445312,4,5,0.4752573072910309,3.3447043895721436
649,KPNA3,"KPNA3, NUBPL, GMNN, MTFR1, GPBP1L1",0.00794022721657732,10.855193138122559,0,0,-2.8978514671325684,7.287563323974609
650,ACP1,"ACP1, DGKZ, SEPTIN6, ASL, UBXN2B",6.960811611025925e-05,2.7687721252441406,0,0,-2.3128249645233154,7.093564510345459
651,GALNT1,"GALNT1, ZNF33A, ARL8B, MGA, PDLIM7",0.00029117761246122534,4.117342948913574,4,6,-0.9877693057060242,7.522053241729736
652,COA8,"COA8, TENT4A, APEX1, LEMD2, WARS2",0.0025382452480205804,5.795110702514648,1,9,-1.3702086210250854,5.919300079345703
653,RPL26,"RPL26, RPL29, RPS2, RPL3, RPL36",0.0003794132526009906,6.330118656158447,0,5,-3.2144887447357178,5.92780065536499
654,A1BG,"A1BG, STX7, RYBP, SEC61G, SCCPDH",0.0010647100576865007,4.794541835784912,0,6,-0.6736646890640259,7.231263160705566
655,MTHFS,"MTHFS, RPF2, GTF2E2, PPP6R1, FAAP100",0.008364738685249746,11.599822998046875,1,9,-1.4681739807128906,5.178574562072754
656,TRIM33,"TRIM33, TCEAL8, UBE2G1, MGA, ARL8B",0.003734328369915176,5.884923458099365,17,1,2.0723793506622314,6.516533374786377
657,CDC5L,"CDC5L, CBLL1, PPM1G, NPIPB5, AP2A2",0.0036833477778344227,5.260300159454346,1,6,-0.9887765645980835,7.060229301452637
658,IRAK1,"IRAK1, LRRC59, FARSB, STX18, SPRTN",0.00010882395617237714,2.7862348556518555,7,6,-0.05187983065843582,5.291048049926758
659,PPP2R5D,"PPP2R5D, NUP35, BET1L, CHERP, PDRG1",0.005279432468362621,4.203447341918945,0,1,0.43090519309043884,7.002105236053467
660,TMEM245,"TMEM245, PCIF1, VPS13C, ATR, AHSA1",0.00022156949635096607,4.237290859222412,13,0,-2.0374832153320312,7.694851398468018
661,ITGB3BP,"ITGB3BP, CERS5, ZNF207, CAPZA2, RAB5C",0.003472562637500539,11.802669525146484,13,9,-1.425735354423523,5.829904556274414
662,MRPL36,"MRPL36, CIR1, MRPS24, GEMIN4, BOLA2",4.705900807454147e-05,2.31685733795166,3,4,2.1194140911102295,6.50790548324585
663,RFC3,"RFC3, PRKRA, PRIM1, ZNF444, CCNC",0.0067804187467401834,11.784767150878906,41,0,-4.0187273025512695,7.007261276245117
664,SAFB2,"SAFB2, PUF60, NOP53, MRPS16, TAX1BP1",0.0004852960207687089,3.65183687210083,21,0,-2.2380573749542236,7.903507709503174
665,MPHOSPH8,"MPHOSPH8, NCOR2, EHBP1L1, TACC1, SNRPD3",0.017442225263628486,8.051506042480469,3,6,-0.937125027179718,8.161662101745605
666,FOXK1,"FOXK1, DCAF17, ZNF268, XXYLT1, EIF5A2",0.019604978843054288,9.376666069030762,0,1,1.7200376987457275,6.6391682624816895
667,CNST,"CNST, DHX29, BCL7C, LDLR, CHCHD7",0.010829454233153856,7.22958517074585,14,4,2.6792423725128174,6.515223503112793
668,SMIM27,"SMIM27, UBQLN2, GPN2, LYRM7, SEC13",0.009042192322322833,13.536179542541504,6,7,-3.0896666049957275,7.171264171600342
669,SMARCD2,"SMARCD2, NARS2, METTL8, MYBL2, DMAC2L",0.00030392276048141366,2.839656352996826,2,0,2.8044426441192627,6.703388690948486
670,NSD3,"NSD3, TMA7, SCRIB, ROCK2, STK4",0.005872572049302154,7.722120761871338,14,1,-3.014639139175415,5.952014923095703
671,FUNDC2,"FUNDC2, SETD5, TRIM38, IRAK4, KDELR2",0.008818662033968762,6.88427209854126,0,1,0.10129553824663162,5.662724018096924
672,PPA1,"PPA1, HTT, UQCC2, SEPTIN7, NSRP1",0.000540198196855674,6.467672348022461,7,5,-1.1074705123901367,5.0720343589782715
673,PCNX3,"PCNX3, NUDCD1, NT5C2, NDUFAF5, TAF1",0.002828442464480253,7.682736873626709,3,0,-3.1044487953186035,7.901620388031006
674,SNAP29,"SNAP29, MRPS15, GTSE1, DYNC1LI1, ELAC2",1.2745148020188314e-05,2.0289664268493652,7,4,3.549501895904541,6.899136066436768
675,ZNF598,"ZNF598, SMARCA5, C12ORF4, TMEM177, OSGIN2",0.00016078494425468334,2.737337589263916,5,1,2.5400891304016113,6.648735046386719
676,CNOT6L,"CNOT6L, FKBP1A, EIF3G, BIRC6, SKP1",0.009189251722555775,9.772054672241211,5,1,1.1517131328582764,6.0560622215271
677,NUMB,"NUMB, RNF6, GATAD2B, WDR41, OGA",0.011735340138588778,10.637343406677246,0,7,1.4956101179122925,5.146324157714844
678,PAICS,"PAICS, ABHD16A, SFXN4, LYPLA2, XPOT",1.5686336024847157e-05,2.1674110889434814,0,7,3.77345871925354,6.034948348999023
679,NFS1,"NFS1, IGF2BP1, API5, C5ORF22, MRPL15",0.00019803999231369536,4.870156288146973,15,9,1.5108120441436768,7.087493896484375
680,SNX3,"SNX3, NCOR2, KCTD10, UBE3A, POLR2J",0.0018313797309009055,5.300234794616699,2,7,-1.5657669305801392,7.250611305236816
681,MCL1,"MCL1, WARS2, BRPF1, CFLAR, SOS2",0.026895203510602,11.046656608581543,7,9,-1.7970260381698608,5.567924499511719
682,GOLGA5,"GOLGA5, PSRC1, NCOA5, MRI1, CCDC107",0.008168659484939157,8.639806747436523,0,8,0.0586029477417469,4.980630397796631
683,ALG13,"ALG13, DDX27, PIK3C2A, TMEM30A, PAXBP1",0.008194149780979534,6.141396999359131,0,7,-2.922488212585449,6.744883060455322
684,CIB1,"CIB1, NBEAL1, CD55, CCND3, SMAP2",0.009535331511103966,14.464949607849121,12,9,0.3000774681568146,8.338119506835938
685,KYAT3,"KYAT3, ADSL, TSR1, BID, TASOR",0.008052972756755908,12.66540813446045,7,9,0.3232935070991516,8.442235946655273
686,CZIB,"CZIB, TATDN1, CARHSP1, RALA, EPB41",0.0008862779854038643,4.043829441070557,14,0,2.1140706539154053,6.6693339347839355
687,LTV1,"LTV1, CD46, VEZT, RABEP1, CCDC34",0.006106886693673309,10.669988632202148,3,0,-3.68557071685791,7.704596996307373
688,STOML2,"STOML2, PAXBP1, ALG13, MDP1, MRPS21",7.843168012423579e-05,2.7010955810546875,0,9,-2.036515235900879,5.793667793273926
689,PITPNA,"PITPNA, LETMD1, LDB1, TRIM37, ZNF346",0.012802010988278385,10.925909996032715,0,0,-2.415916919708252,8.594420433044434
690,PHF14,"PHF14, CHMP1A, JTB, RBM25, CTNNBIP1",0.0007303950211569457,4.869147777557373,13,7,-1.127921462059021,7.527751445770264
691,VPS35,"VPS35, SPEN, KMT5B, MRPL36, PSMD1",0.00697551755104922,6.468684673309326,4,1,2.033024311065674,7.6027984619140625
692,MTA2,"MTA2, IL10RB, PPWD1, ZNF512, ZFP91",0.0015019666743791152,4.084933280944824,4,9,-1.6184204816818237,6.530961990356445
693,UBE2A,"UBE2A, PRPF6, PURA, CCDC85B, NUP62",0.005295118804387468,4.404763698577881,19,0,-2.8749661445617676,7.026741027832031
694,TPM3,"TPM3, ATP6V1G1, EIF4G2, RPA1, EIF5",0.0020921650673139894,11.195096969604492,3,0,-2.383517265319824,8.520317077636719
695,SREK1,"SREK1, PPP3R1, SMC5, BUD31, TAF10",0.004453939035055039,6.227010726928711,17,0,-3.5358805656433105,7.187217712402344
696,C4ORF48,"C4ORF48, ARHGAP35, EXOSC8, ARL6IP1, TINF2",0.00038921721261652006,5.553330898284912,3,7,-0.9696103930473328,9.396397590637207
697,RPS17,"RPS17, COMMD8, TAF11, CANT1, BCL2L12",0.00022549108035717786,2.751035451889038,3,6,-0.2661391794681549,7.576876163482666
698,NDUFB2,"NDUFB2, WBP1L, CEPT1, GGH, TRIM56",0.001133337777795207,4.804139614105225,0,6,0.4840121865272522,5.2313551902771
699,TMEM245,"TMEM245, NAXE, CMC1, PPIG, TMED5",0.00015000058823760092,3.109764337539673,8,7,-2.8596608638763428,7.341935157775879
700,MAP4K5,"MAP4K5, ARHGDIA, TMEM165, MFGE8, CKLF",0.01879713253777466,9.608442306518555,1,9,0.45924946665763855,8.391449928283691
701,EDF1,"EDF1, SMARCE1, MED13, CHPT1, ARPC5L",0.0024441272318714976,6.291720390319824,4,9,0.16952253878116608,8.791085243225098
702,KLHL36,"KLHL36, DHX40, PET117, PIGU, SCOC",0.009347095478805799,13.440309524536133,0,9,-2.78155255317688,6.0961127281188965
703,RHNO1,"RHNO1, ZMYM5, ANKFY1, COQ7, NRBF2",7.25493041149181e-05,3.2442708015441895,2,9,-0.4006175994873047,4.396354675292969
704,DYNC1I2,"DYNC1I2, LONP2, ZHX3, PCMTD1, IFI35",0.005241197024302056,11.944315910339355,11,5,0.5852971076965332,4.189059734344482
705,FGFR1,"FGFR1, SLC6A6, TRIM8, ACADVL, MRFAP1L1",0.004203938054659038,5.783159255981445,0,1,-0.4909016489982605,5.964217185974121
706,CDC26,"CDC26, RPA3, CLPTM1, CWC25, CUEDC2",0.01125690688983094,9.120223045349121,72,0,-3.7585268020629883,5.550079345703125
707,RAC1,"RAC1, GRB2, MICU1, ATP5PO, MYCBP2",0.006601006278455994,12.10757064819336,6,9,-0.7413636445999146,9.323741912841797
708,ARPP19,"ARPP19, DHRSX, RNASEK, USP42, LMBR1",0.00451080200314511,6.142375946044922,5,7,-1.4822908639907837,7.676657199859619
709,AKR1A1,"AKR1A1, TRIM38, PHF3, ATXN10, DDX18",0.003138247600970984,5.0283379554748535,2,8,0.09283413738012314,6.475621223449707
710,BANP,"BANP, MYC, LIMK2, FAM53C, PIK3CB",0.005081392476048926,6.856148719787598,1,7,-1.6306155920028687,6.989459037780762
711,RAB4A,"RAB4A, STK24, DDX18, TLK1, MZT2B",0.00474707743951937,9.432937622070312,9,4,2.8350324630737305,5.920416355133057
712,METTL15,"METTL15, GTF3A, INO80D, TBRG1, PPP1R12C",0.005370609296507045,7.919454097747803,2,7,0.1568506956100464,5.737719535827637
713,NDUFA1,"NDUFA1, CLK1, MDH2, CDK1, COX8A",0.0004421585967003792,5.068424224853516,5,0,-1.740479588508606,6.636962413787842
714,RMDN3,"RMDN3, KLHDC2, TARBP2, CRCP, RABGGTB",0.005417668304581587,6.8958892822265625,4,7,-1.5698825120925903,8.886487007141113
715,R3HDM2,"R3HDM2, STX12, CHIC2, POLR2A, CSK",0.004097074890489767,5.103248596191406,1,1,-0.7084177732467651,4.568126201629639
716,UGP2,"UGP2, TUBB2A, TULP4, PLSCR1, TUBA1C",0.016488299954117467,6.272912979125977,0,6,-2.233006477355957,6.556134223937988
717,RBMX,"RBMX, POLR2A, PFKL, POMGNT1, SNRNP48",0.0010264746136259357,4.039303302764893,41,0,-3.7836978435516357,6.522584915161133
718,SEC61A1,"SEC61A1, GCN1, MRPL9, GYG1, SPRYD4",0.01648241757810815,14.414106369018555,2,7,-3.063347339630127,6.888871192932129
719,PCLAF,"PCLAF, HECTD1, KIAA1143, BIRC6, TRMT61A",0.0011843183698759603,4.196330547332764,3,9,-1.7562973499298096,6.119401454925537
720,HAUS1,"HAUS1, SCO1, WDR59, CETN3, JAGN1",0.0009294154094721941,3.5000884532928467,3,1,-2.7515146732330322,5.212347507476807
721,EIF6,"EIF6, IK, RCN2, EXOC6, TRAM1",0.0074343428797759995,6.389564514160156,31,7,-2.365542411804199,6.750843524932861
722,KIF20B,"KIF20B, DKC1, PUS1, NOB1, TSEN34",0.0007519637331911106,3.6957597732543945,12,4,2.641209840774536,6.5165910720825195
723,MRPS14,"MRPS14, ZC3H8, PRMT2, RHNO1, APC",0.0016205945905670219,9.085156440734863,2,9,0.9050271511077881,5.538416862487793
724,FGD6,"FGD6, TERF2, FLAD1, NRDE2, NR2F6",0.006446103710210628,9.839853286743164,3,0,-3.817460775375366,6.184871196746826
725,CCNH,"CCNH, MRPL18, ATP5MF, URI1, MRPS24",0.00012549068819877726,4.237553596496582,15,6,-0.5653154253959656,7.334987640380859
726,MRPL49,"MRPL49, VPS41, TSC22D4, PIAS2, ABL1",0.009349056270808905,5.7452239990234375,17,8,-1.074384331703186,6.061190128326416
727,ABHD5,"ABHD5, ARFGEF2, HNRNPUL2, THOC1, NFE2L3",0.011100043529582469,12.918824195861816,0,7,-3.23722505569458,8.34536361694336
728,POGZ,"POGZ, ZSWIM8, LYSMD3, FN3KRP, ARHGEF1",0.012189263487307794,9.24892520904541,0,8,0.020469259470701218,5.1328206062316895
729,POMP,"POMP, RAF1, MACO1, AP3B1, SELENOO",0.009910823179698745,8.457681655883789,8,1,2.1413700580596924,6.109846591949463
730,ACAA1,"ACAA1, PPIF, EEF1G, SLC39A1, KIF22",0.0002656873164208487,3.4323160648345947,15,8,-2.4670498371124268,5.983473777770996
731,PHF14,"PHF14, TOP1, SELENOF, RPS27L, TOMM6",0.0015353001384319153,3.9887843132019043,2,1,-2.882571220397949,7.9432148933410645
732,PSME2,"PSME2, CD63, HIGD2A, ANP32A, RSL24D1",0.0059745332334636605,14.366052627563477,9,0,-3.05780291557312,8.282648086547852
733,CERS6,"CERS6, IREB2, XPO6, LYRM2, WIPI2",0.0008098070972827344,3.27447772026062,19,1,0.8770667910575867,7.94436502456665
734,C2ORF69,"C2ORF69, DHX37, BAG4, LRRC40, WDR36",0.0001911772203028247,5.292420387268066,14,4,2.4724433422088623,6.2929558753967285
735,SEC23IP,"SEC23IP, TMEM214, SSRP1, ATP13A1, CIC",0.005114725940101726,7.304118633270264,2,8,-0.08139096945524216,5.750221252441406
736,CNOT4,"CNOT4, AP2S1, RESF1, NOSIP, PRKAR1A",0.0007372577931678163,5.039243698120117,14,6,-1.5719066858291626,6.82550573348999
737,IMPA1,"IMPA1, GTF3C1, PPP1R12C, IREB2, RPP38",0.00642355460217491,8.656487464904785,1,4,3.0510141849517822,6.387664794921875
738,SUMO1,"SUMO1, ACAP2, SSX2IP, TACC1, NELFCD",0.009789254075506178,11.09644603729248,0,0,-2.9232406616210938,7.61313533782959
739,TAPT1,"TAPT1, SCYL2, UTP23, AGL, KDM4A",0.0067784579547370775,6.53225564956665,0,4,2.805670976638794,7.17167329788208
740,CAST,"CAST, GNAI2, LRBA, MIIP, DAZAP2",0.006717673402640794,8.835810661315918,13,5,0.4263938367366791,4.957880973815918
741,KCTD9,"KCTD9, ERCC1, TRAPPC13, STT3B, GTF2E2",0.006569633606406299,11.582474708557129,5,9,-0.9094237685203552,6.707617282867432
742,ARHGAP19,"ARHGAP19, KIF23, FBXO5, SEPHS1, EMG1",0.005786297201165495,28.427785873413086,8,3,-1.6330702304840088,8.199913024902344
743,ZYG11B,"ZYG11B, ARHGAP17, ROCK2, TM2D3, CTDSPL2",0.007854932764442213,6.496092319488525,0,1,2.057183027267456,6.3889994621276855
744,PGGT1B,"PGGT1B, TOE1, MZT2A, BMS1, LRRC47",3.5294256055906104e-05,2.69634747505188,1,8,-3.3154666423797607,6.841393947601318
745,UTP14A,"UTP14A, TTF2, KMT5A, MGAT4B, BRIX1",2.3529504037270734e-05,2.432257890701294,19,4,3.5680270195007324,6.2387285232543945
746,CUX1,"CUX1, TAB2, ARMC8, CARHSP1, SNRK",0.0020568708112580834,5.987329959869385,0,8,-1.8972997665405273,5.8573408126831055
747,NOL12,"NOL12, TP53I3, CSNK2A2, HSD17B4, USPL1",0.009379448546857046,16.105504989624023,0,8,-2.1796224117279053,5.408896446228027
748,RBM26,"RBM26, ATP1A1, NBAS, WDR83OS, SF3B2",0.0034500135294648214,12.089526176452637,1,8,-2.67531156539917,6.362306118011475
749,PAFAH1B1,"PAFAH1B1, CREBBP, ESYT2, USP32, DCAF6",0.028668739877411285,11.824524879455566,1,8,-2.7164065837860107,4.437569618225098
750,SMIM13,"SMIM13, HIF1AN, GMFB, BRWD3, TEN1",0.011840242510754944,10.718770980834961,0,4,3.43562388420105,6.861535549163818
751,LRBA,"LRBA, ATP5PD, CCDC107, RBM39, TSPAN14",0.00248824505194138,6.152617454528809,0,6,-1.08711838722229,7.566208839416504
752,SLC9B2,"SLC9B2, NCKAP5L, YME1L1, POGK, MIEN1",0.0014000054902176086,6.223228931427002,9,0,-4.031650066375732,6.811141490936279
753,HERC2,"HERC2, MLF2, ASAP1, STMN1, SRSF11",0.0019039290350158235,8.145005226135254,2,6,-1.0219134092330933,5.029124736785889
754,SMIM20,"SMIM20, COMMD7, DIAPH1, IMPDH2, HADHB",0.00013725544021741263,3.128406286239624,1,0,-2.459209442138672,6.384695053100586
755,CASP6,"CASP6, ING5, SIN3B, PHIP, UQCRC1",0.0048029600116078885,13.428936004638672,4,0,-2.117030382156372,8.264734268188477
756,EIF4G2,"EIF4G2, RPS27L, CDKN1B, JUND, GOLGB1",0.0016902027066772812,7.305512428283691,2,6,-0.5488452315330505,6.578866481781006
757,RHBDD2,"RHBDD2, ZNF32, NR1D2, KLHDC10, SNTB2",0.0019313801230593061,4.623995304107666,1,7,-1.353691816329956,6.533291339874268
758,CIAPIN1,"CIAPIN1, UTP6, DDX19A, CCDC34, RAD54L2",0.00018333405229040115,2.635175943374634,0,4,2.68878436088562,6.277185440063477
759,ANKRD17,"ANKRD17, CHD7, SMCHD1, GSTO1, FIS1",0.0036058964937117403,11.484773635864258,7,0,-2.3368406295776367,8.059996604919434
760,NDUFA1,"NDUFA1, HIRIP3, ITSN1, DRG1, MGRN1",0.0026127553441386044,9.673722267150879,0,0,-0.46818673610687256,4.246792316436768
761,CEP89,"CEP89, HECTD4, FKBP5, CAPZB, AACS",0.011703967466539084,8.55965805053711,0,8,0.1381627321243286,5.432321071624756
762,STK16,"STK16, ZHX1, DYNC2LI1, CMC1, GCLC",0.0002343146443711544,3.0943679809570312,0,6,1.2210220098495483,7.000824928283691
763,SOAT1,"SOAT1, SMIM8, DCP1A, ANTKMT, MRPS10",0.012956913556523751,5.830265522003174,4,6,0.06583680957555771,7.211793899536133
764,EPM2AIP1,"EPM2AIP1, TAF1, ATG5, SLU7, MAD1L1",0.0027343244483311697,11.44349479675293,5,5,-1.4798107147216797,6.568017482757568
765,GUCD1,"GUCD1, GTF3C1, TRNAU1AP, PDZD8, R3HCC1",0.005797081557182577,9.527530670166016,3,7,0.6996290683746338,6.57637357711792
766,TOPBP1,"TOPBP1, PARK7, LRRFIP1, PCSK7, MND1",0.005141196632143656,11.48248291015625,18,8,-0.1721392422914505,7.536781311035156
767,NSA2,"NSA2, DNAJC7, DUT, MTG2, SMDT1",3.333346405280021e-05,2.386037588119507,39,6,-0.41511839628219604,7.733790397644043
768,PICALM,"PICALM, COPRS, SSU72, SRSF11, TRMT11",0.0034853077855207274,8.725749969482422,1,7,-0.736491322517395,8.14928150177002
769,MYL12B,"MYL12B, SNRPG, EMC3, ANKRD17, ASAH1",0.004784332487578383,14.488775253295898,4,6,-0.5603891015052795,9.119002342224121
770,ESYT2,"ESYT2, ANKRD26, BCL10, PTPN11, CAPN1",0.002907854540606042,5.58763313293457,3,1,0.35346469283103943,7.484620094299316
771,UBE4B,"UBE4B, CCDC186, CHD9, PCMTD1, EIF4A1",0.007791207024341272,7.873648166656494,0,1,0.6317606568336487,6.27250337600708
772,UBXN1,"UBXN1, SSR1, SLC25A5, GSTK1, POLR1E",7.941207612578873e-05,3.2208030223846436,15,8,-3.1564767360687256,5.14663553237915
773,PCSK7,"PCSK7, TTI2, TYW1, MPP1, REST",0.006209828273836368,8.128868103027344,11,1,1.8482997417449951,5.719116687774658
774,MAIP1,"MAIP1, DNAJC9, ATP6AP1, SLC39A1, ZYG11B",2.6470692041929576e-05,2.78682541847229,1,7,0.09346356242895126,8.819223403930664
775,ACTR6,"ACTR6, LRRC75A, EIF1AD, RBM5, ATF1",0.00024313820838513093,3.5665581226348877,0,7,-2.848015785217285,7.535243988037109
776,CNOT1,"CNOT1, SLC1A5, CCDC32, AKIP1, MORN2",0.009593174875195589,13.131121635437012,3,0,-2.9560303688049316,7.9411516189575195
777,EMSY,"EMSY, RXRA, ZBED5, PPM1A, MZT2B",0.010568668896740772,10.628908157348633,0,1,1.6123552322387695,5.853334903717041
778,PDLIM1,"PDLIM1, ITSN1, EZR, FAM199X, HAUS8",0.021227534225624414,11.420628547668457,0,9,0.7656483054161072,5.099205017089844
779,NUCB1,"NUCB1, TRMT11, SORBS3, NDUFB1, CDC25B",0.004095114098486661,5.206655025482178,6,1,1.1580225229263306,6.4907307624816895
780,BBIP1,"BBIP1, COLGALT1, TSC2, UQCC1, AGPS",0.003067659088859172,5.733467102050781,0,7,1.5446299314498901,6.906783103942871
781,MAIP1,"MAIP1, PKMYT1, FAN1, TMEM267, EMD",0.0013451033141306436,3.0922834873199463,12,4,2.1586058139801025,7.026202201843262
782,MRPL1,"MRPL1, TRAM1, SRSF10, PIN1, HINT1",0.006249044113898486,12.897809028625488,10,9,-2.3255484104156494,5.782603740692139
783,<SPECIAL>,"<SPECIAL>, LAPTM4B, SLC20A1, RPL8, RPS21",0.0009813763975545001,74.49937438964844,2,2,-3.305506944656372,5.80917501449585
784,CCDC77,"CCDC77, SMG8, SLC19A1, FXR2, PIGQ",0.005889238781328555,6.202977180480957,0,0,0.6352218389511108,6.507412433624268
785,MRPL49,"MRPL49, PPP1R9B, TIMM23B, MTG1, NRDE2",0.007681402672167342,8.4805326461792,0,4,2.8371381759643555,6.693376541137695
786,NISCH,"NISCH, SKI, NUP42, DBN1, FOXK1",0.001281377574029702,5.07575798034668,1,1,1.72844660282135,6.368664741516113
787,PFDN1,"PFDN1, TGFBR1, SRSF9, MCUR1, HIPK2",0.0037264852019027526,12.900429725646973,7,6,-0.6069408655166626,7.449686527252197
788,GSTCD,"GSTCD, KIDINS220, WRAP53, TSPAN4, NF2",0.00518923603621975,6.9843010902404785,1,6,-0.027420593425631523,5.321323394775391
789,CSNK1G3,"CSNK1G3, UBE2Q2, SEC61B, EIF2AK1, NUDT16L1",0.005922572245381354,7.987795352935791,1,1,-0.2946796417236328,6.4980316162109375
790,SEC61G,"SEC61G, TFDP2, SRSF11, PDS5B, ODC1",0.0038186424260487294,8.758042335510254,5,9,-1.2183992862701416,4.357396125793457
791,KMT2B,"KMT2B, DDI2, DESI1, TRMT6, NAGPA",0.0064813979662665345,7.917392730712891,8,4,3.548783302307129,6.701871395111084
792,NOC3L,"NOC3L, AURKA, USP14, CHRAC1, TTC17",0.008048070776748144,10.1049165725708,3,9,-0.4343544542789459,9.205090522766113
793,NIPSNAP3A,"NIPSNAP3A, KIAA1191, TRAPPC11, ARRB2, CCDC137",0.0066529672665383,4.398983955383301,0,1,-1.5608417987823486,6.3406171798706055
794,MCUB,"MCUB, HNRNPD, WAC, CALM3, PRRC2B",0.02276577555206099,13.218805313110352,3,0,-3.746015787124634,7.820522308349609
795,EIF2B3,"EIF2B3, JKAMP, TRIM13, AEN, GCLC",0.004962764559861019,12.010186195373535,2,6,-0.7909531593322754,7.847311019897461
796,LANCL1,"LANCL1, ACAT2, ARL5A, CYB561A3, WBP2",0.004995117627912266,8.462279319763184,16,0,0.19084498286247253,4.038819789886475
797,MED19,"MED19, ZNF268, TELO2, ARRDC1, BUB3",0.01079121878909329,10.704916000366211,0,7,-3.192744731903076,6.8531813621521
798,PPM1F,"PPM1F, SOCS4, OTUD3, PUDP, PNPO",0.000984317585559159,6.78334379196167,7,4,3.3801491260528564,6.475205898284912
799,TMEM109,"TMEM109, C11ORF58, CCDC92, CBR4, RNF5",0.0034088368973995975,10.788978576660156,2,9,0.09522857517004013,4.084151744842529
800,SEC11A,"SEC11A, WDR3, MRPS35, CSTF3, TAF5L",7.745128412268283e-05,3.1521284580230713,0,0,-0.7163236141204834,6.29949426651001
801,SLC7A11,"SLC7A11, PIK3R1, WDR83OS, EIF4A2, MACF1",0.0026147161361417103,5.559491157531738,37,6,-0.9625769853591919,8.54870891571045
802,MGAT2,"MGAT2, LMF2, YIPF5, CDK5, SLC30A7",0.0014725547943325269,6.196469783782959,4,8,-0.3014095425605774,6.317634582519531
803,TNFRSF1A,"TNFRSF1A, UBALD2, PDCD6, TBC1D4, DDT",0.001581378750504904,4.588412284851074,79,0,-2.945711851119995,7.220122337341309
804,BLOC1S1,"BLOC1S1, UBR5, SNRPD1, ACACA, CPEB4",0.0021078514033388367,18.472705841064453,5,5,0.33014798164367676,3.4782257080078125
805,RNF113A,"RNF113A, UBE2A, MYL6B, CREB3L2, USP11",0.004616684771312829,9.933053970336914,6,9,0.8520903587341309,4.777123928070068
806,GMEB1,"GMEB1, PIP4P2, TUBGCP3, OTUD4, NUDT2",0.004276487358773956,8.722709655761719,0,5,1.5073200464248657,5.128840446472168
807,IGF2BP3,"IGF2BP3, RTCB, DUSP22, DDX17, PICALM",0.00023137345636649556,3.51448392868042,8,9,-0.18629543483257294,7.230966567993164
808,PTPN1,"PTPN1, SNRNP48, SMIM14, DHX57, PDCD11",0.002150988827407166,4.543391704559326,1,1,-1.3050446510314941,6.541362285614014
809,ITFG1,"ITFG1, MAPK8, TTC3, ADD3, CDC37",0.006071592437617402,4.836687088012695,3,6,1.1742451190948486,8.212916374206543
810,CLASP1,"CLASP1, MKLN1, CLIC1, EVL, UQCRH",0.004100016078494425,13.368535041809082,3,5,0.2719898521900177,3.5476832389831543
811,SFXN5,"SFXN5, PLEC, ZZEF1, AP5B1, PDCL3",0.005060804160016314,8.530181884765625,0,1,-1.1382038593292236,6.447068214416504
812,TAF1D,"TAF1D, POLR2J3, PSEN1, EIF4E, HNRNPA0",0.00010098078815995357,3.2510321140289307,13,7,-0.29374605417251587,4.540767669677734
813,SLC25A36,"SLC25A36, POU2F1, REEP5, SDHAF2, SNRPF",0.0003941191926242848,3.1585569381713867,0,6,-0.2438744753599167,8.312860488891602
814,TMEM106C,"TMEM106C, ZNF397, UBE2E3, RHOC, GAK",0.010665728100894513,10.852904319763184,37,0,-2.0600767135620117,8.266831398010254
815,RPP40,"RPP40, DHX8, SLC19A1, B3GALT6, ZSWIM7",0.015598100384707391,5.048482894897461,5,1,2.1862399578094482,7.221358776092529
816,SLC38A2,"SLC38A2, BSDC1, HSPH1, KMT2C, SIRT7",0.0031088357209243956,5.39561128616333,4,9,-0.33963876962661743,4.196127414703369
817,ZNF791,"ZNF791, SLC50A1, ZNF32, YWHAQ, TOMM6",0.0016225553825701276,8.72706127166748,0,0,-2.7493858337402344,8.817109107971191
818,MRPL38,"MRPL38, PDSS1, EHMT2, CORO1C, MRPL22",0.00016666732026400104,2.6926109790802,5,7,-3.1711583137512207,7.570779323577881
819,MRNIP,"MRNIP, TMEM185B, GTF2H1, CPSF7, STAM2",0.00797356068063012,7.2705912590026855,0,9,-3.4719810485839844,6.353803634643555
820,KDM3A,"KDM3A, GPCPD1, GNPTG, UQCRQ, OCIAD1",0.02224322448323327,11.466728210449219,0,6,-1.2552253007888794,8.486760139465332
821,DTD2,"DTD2, ADK, NSMCE2, DCAF17, GIT1",0.005567668892819188,6.7564520835876465,0,0,-0.2996017336845398,4.737285137176514
822,PARL,"PARL, NUP50, TENT2, RTRAF, LUC7L3",0.0019480468550857062,10.31676197052002,8,9,-0.9115301966667175,5.560026168823242
823,MYO9A,"MYO9A, RNF213, ITPR2, GSTK1, UBXN1",0.0015882415225157746,15.711252212524414,9,5,0.14562220871448517,3.5573086738586426
824,PUSL1,"PUSL1, CDCA5, ANAPC5, TMEM203, ZNF598",6.176494809783567e-05,2.415759325027466,14,4,2.9780638217926025,6.451396465301514
825,STT3B,"STT3B, EPS15, BUD23, MAPKAPK3, RSL24D1",0.006250024509900039,6.360769748687744,1,1,0.7710981965065002,8.13300609588623
826,<SPECIAL>,"<SPECIAL>, TFRC, TRMT112, RPS8, RPL8",0.0008568661053572759,72.19713592529297,26,2,3.6805498600006104,6.670448303222656
827,RPGRIP1L,"RPGRIP1L, CAPN10, LYSMD3, PAIP2, PPM1K",0.005896101553339425,4.403642654418945,0,1,0.5813342332839966,6.750185012817383
828,NDUFB7,"NDUFB7, DAPK3, D2HGDH, MARK4, ZDHHC24",0.009977490107804344,8.310700416564941,0,8,1.7716730833053589,6.345242500305176
829,PDS5B,"PDS5B, TCEAL9, CDC37, HSD17B12, POU2F1",0.018380464237114657,8.790245056152344,3,6,-0.8464358448982239,8.217212677001953
830,DONSON,"DONSON, ELK4, NADK, CES2, GPN3",0.013498092149380978,13.653083801269531,1,6,-0.2765362560749054,7.462033271789551
831,SOCS4,"SOCS4, PUDP, BIN3, USP10, SNAP47",0.01055494335271903,13.325990676879883,0,4,3.495051383972168,6.547176837921143
832,ACOT13,"ACOT13, SNAPC5, RTCA, AIP, TOR2A",0.008917682030125608,8.191534996032715,10,7,-1.6231768131256104,4.697784900665283
833,RCN1,"RCN1, PSMA5, RAB5IF, KATNA1, GLUD1",0.00043431542868795564,4.756673812866211,6,6,-1.7928392887115479,8.192218780517578
834,LYSMD3,"LYSMD3, YKT6, STK19, CRCP, TARBP2",0.0008823564013976526,6.935367107391357,29,4,3.0990653038024902,6.804874897003174
835,AP3D1,"AP3D1, PNPT1, LARP4, SF1, ABHD5",4.215702806677673e-05,2.444227933883667,9,7,2.9277358055114746,6.804113864898682
836,PFDN5,"PFDN5, BTF3, RPS5, CST3, MT-ND2",0.0004911783967780266,16.8087158203125,0,5,-2.5886449813842773,8.565671920776367
837,SECISBP2L,"SECISBP2L, SNUPN, COX10, MRPL58, SRBD1",0.014591233691112515,5.241298198699951,0,8,-1.7916239500045776,6.253808498382568
838,SNRPF,"SNRPF, CKS2, ELP5, ABRAXAS1, MON1B",6.862772010870631e-05,2.210585355758667,1,9,-0.9200779795646667,6.078648090362549
839,ZNF721,"ZNF721, OSBPL2, ARIH1, SON, ZNF384",0.008844152330009137,9.6982421875,0,7,0.8624460101127625,5.608006477355957
840,BCL10,"BCL10, HCFC1R1, MAPK6, CLK4, IL10RB",0.009526507947089988,4.089059352874756,0,1,-0.8986386656761169,7.5111236572265625
841,MED7,"MED7, CPEB4, LAMP2, TFDP2, ERBIN",0.03069227722461657,11.814656257629395,0,7,-2.410820722579956,9.113661766052246
842,ANKRD26,"ANKRD26, SYPL1, CAP1, TXN2, RNF11",0.002882364244565665,5.229929447174072,2,1,-2.3115100860595703,5.952935695648193
843,SLC38A10,"SLC38A10, KLHL20, UGDH, CYB5A, MCCC1",0.004456880223059698,7.904296875,0,9,-0.007151716388761997,4.276864051818848
844,KBTBD2,"KBTBD2, GOLPH3L, RABIF, BCKDK, LARP7",0.006177475205785121,7.341095447540283,0,4,2.300354480743408,6.908110618591309
845,IK,"IK, REX1BD, MOB1A, NAGK, POLR2G",0.00011274554017858893,2.741877794265747,2,6,1.2372549772262573,6.701889514923096
846,PRKDC,"PRKDC, AHSA1, MRPL54, UBR5, SELENOT",0.0006862772010870631,3.763967752456665,12,6,-2.1310739517211914,7.874441146850586
847,CIT,"CIT, CNPPD1, PIP4K2B, PKN2, ANKRD13C",0.01963341032709932,11.537809371948242,0,7,0.9690768122673035,5.879579544067383
848,SUPT4H1,"SUPT4H1, RB1CC1, TXNDC9, CYCS, EIF4EBP1",0.004385311314946333,9.355063438415527,11,7,-0.25583723187446594,9.039176940917969
849,ZNF598,"ZNF598, SOX12, LARP4B, NKTR, EIF2S2",0.0021078514033388367,6.905753135681152,0,7,-3.242555856704712,7.7167863845825195
850,NUMB,"NUMB, ZFYVE16, EHMT1, G3BP1, EFTUD2",0.002029419723214601,6.095640659332275,5,9,-1.7499192953109741,4.917172908782959
851,CCDC14,"CCDC14, PRKAG1, NSRP1, SPEN, SLC25A36",7.843168012423579e-05,2.6510212421417236,4,6,-0.3202276825904846,8.181026458740234
852,COPA,"COPA, MORF4L2, HERC2, LRPAP1, MEA1",0.003288248189208585,6.566501617431641,20,1,2.402783155441284,6.525237083435059
853,GTF3C3,"GTF3C3, CAPZB, YARS2, ARHGAP11A, MID1IP1",0.0025872650480982277,6.0391926765441895,0,7,-2.5258214473724365,8.464016914367676
854,MPHOSPH10,"MPHOSPH10, SPC24, ZCCHC3, COPS2, MRPL36",0.004119623998525485,29.083965301513672,0,3,-0.6307234168052673,7.704636573791504
855,NSL1,"NSL1, SERTAD2, TAOK1, TTC3, HERC1",0.006584339546429594,14.409235000610352,1,8,-2.6496565341949463,4.57045316696167
856,PRR3,"PRR3, LEMD3, CENPK, WDR5, TMA16",0.006068651249612743,8.969100952148438,0,1,1.5844990015029907,6.654408931732178
857,TMEM165,"TMEM165, EXOC1, ERCC1, METRN, COPS2",0.0036343279777567754,5.068802833557129,11,1,-2.760890007019043,6.985712051391602
858,LRP6,"LRP6, PDPK1, C1ORF52, RFX7, PRKRA",0.002266675555590414,4.665049076080322,0,8,-1.014265775680542,6.411593437194824
859,DDX24,"DDX24, ERGIC3, HIBCH, HMGXB4, BRD2",0.005364726920497728,5.504790782928467,3,1,0.9648745059967041,5.967594146728516
860,BORCS8,"BORCS8, TMEM123, MTHFD2, SSNA1, PPHLN1",0.0005931395809395331,5.876036643981934,3,8,-0.7915365099906921,6.189628601074219
861,PIP4P2,"PIP4P2, AFMID, ZDHHC24, RNPEPL1, RPUSD3",0.006201004709822391,7.082901954650879,0,9,-0.34979426860809326,4.2933149337768555
862,C1ORF50,"C1ORF50, PHF6, CDK11B, NIPA2, AUP1",0.00794022721657732,14.101579666137695,1,0,-3.2763335704803467,6.439093589782715
863,CCDC43,"CCDC43, CENPQ, HEXD, GCN1, SIRT6",0.00012156910419256547,2.8615152835845947,0,7,-2.790310859680176,6.688833236694336
864,PTK7,"PTK7, HADH, TPGS1, SPAST, SCNM1",0.0004509821607143557,4.194334506988525,1,9,-1.34584379196167,4.82277774810791
865,MED17,"MED17, DDX59, EXOSC5, ARHGAP12, TYK2",0.006140220157726109,13.589325904846191,0,9,0.014251862652599812,8.200973510742188
866,ESYT2,"ESYT2, HERC2, GPI, ANP32B, CHD1",0.0010186314456135121,5.6894025802612305,4,6,-0.7608506083488464,6.359366416931152
867,SPTAN1,"SPTAN1, MYADM, PUS1, MRPS21, ATF4",0.004955901787850148,8.791313171386719,3,7,-1.4160847663879395,8.50967025756836
868,DNTTIP2,"DNTTIP2, RBM5, HIGD1A, TMEM141, UBE3C",0.00023333424836960144,4.011917591094971,2,6,-2.106468915939331,8.12291431427002
869,LUZP1,"LUZP1, YTHDC1, PHC2, ATP6V1A, BTBD7",0.007463754759822587,6.610524654388428,9,1,1.425284743309021,6.4785261154174805
870,TMEM80,"TMEM80, FOXO3, WDR70, NMT2, WDR1",0.0046441358593563116,8.247285842895508,2,6,0.7121722102165222,4.925297737121582
871,CRYZ,"CRYZ, CSNK1D, UBN1, MGA, PDXK",0.0003960799846273907,3.256587028503418,9,9,0.5410470962524414,7.834517002105713
872,LSM3,"LSM3, KHDRBS1, HNRNPR, SNRPB2, SSR3",0.00967650853532759,7.39324951171875,0,1,1.699942946434021,8.007286071777344
873,COPS6,"COPS6, SUMO3, ACBD6, ARPP19, STRN3",9.705920415374178e-05,7.475122451782227,2,8,2.850891351699829,6.639440059661865
874,MTFP1,"MTFP1, GOLGA7, ZDHHC6, CEBPG, PPP2R5A",0.0020166745751944125,4.901892185211182,0,8,-1.3942525386810303,6.443565368652344
875,PPP2R2A,"PPP2R2A, SNX17, PSPC1, CAMLG, RBBP7",0.014692214479272468,6.264979362487793,4,1,-1.7670531272888184,8.937067031860352
876,TMEM218,"TMEM218, MFSD5, VPS26C, ROGDI, CMTR2",0.007395127039713881,8.666013717651367,0,4,2.603733777999878,6.397485733032227
877,MSH6,"MSH6, ADD3, DCUN1D5, STK38L, GUCD1",0.0055294334487586225,8.032212257385254,1,7,-0.14027242362499237,4.664491653442383
878,IKZF5,"IKZF5, MED1, NUS1, ZMYND19, MFSD10",0.0152186871321064,11.219390869140625,13,6,-0.7761048078536987,8.569144248962402
879,SMAP2,"SMAP2, TUBA1C, CMIP, PAPOLA, CALM3",0.00055882572088518,3.552046537399292,14,7,-0.3446267545223236,5.366893768310547
880,DHX9,"DHX9, FUOM, P4HA1, PQBP1, ITGAE",0.0006715712610637688,5.141012191772461,8,9,-1.2894542217254639,6.119934558868408
881,ELP2,"ELP2, SLC25A24, IMP4, FDX1, GINS2",5.784336409162389e-05,2.864929437637329,8,7,-3.286625623703003,7.0230393409729
882,HSPA14,"HSPA14, GTPBP3, IMPDH1, UTP23, STX4",0.019448115482805815,11.758267402648926,0,9,0.12479814887046814,8.660326957702637
883,GAPDH,"GAPDH, PARD3, C3ORF38, HRAS, PRPF18",0.001964713587112106,5.698087692260742,2,8,-0.595069169998169,4.528975963592529
884,VGLL4,"VGLL4, ZYX, TRAF4, ZFAND6, CEP290",0.02291577614029859,7.25600528717041,4,1,0.15037108957767487,8.17088508605957
885,POLRMT,"POLRMT, RBM12B, ARHGAP19, PELP1, THAP4",0.0012794167820265963,21.563074111938477,9,3,3.0060317516326904,6.541059494018555
886,DCTN3,"DCTN3, SNU13, PPP3CC, PPP2R5E, XBP1",0.00010196118416150651,4.478720664978027,20,8,-2.635202169418335,5.001836776733398
887,FNIP1,"FNIP1, RBIS, PSPC1, SRPRA, SUCLG1",0.009768665759473567,8.3385591506958,3,0,-2.9678049087524414,8.382705688476562
888,ZC3H15,"ZC3H15, RTL10, DAZAP1, COA7, DCAF16",0.0003460797885481904,2.3974034786224365,0,1,2.569051742553711,6.825785160064697
889,BAZ1B,"BAZ1B, TMEM147, CAMLG, TXNL1, THUMPD1",0.0023304012956913557,3.732388496398926,0,1,0.07119711488485336,8.55020809173584
890,FNIP1,"FNIP1, ARF6, RNF166, ZKSCAN1, PLD3",0.0018009874548527642,5.50205135345459,7,0,-2.381402015686035,8.249759674072266
891,BLOC1S4,"BLOC1S4, MBTPS1, LENG8, MCM5, GNG10",0.004757861795536453,5.556239128112793,29,0,-1.8106410503387451,6.333606243133545
892,DCAF16,"DCAF16, SURF6, RSAD1, CAMSAP1, CYREN",9.411801614908293e-05,5.07271671295166,2,5,3.8596951961517334,6.45463228225708
893,HYAL2,"HYAL2, WDR59, SCAND1, ECHS1, PUS1",0.006081396397632932,6.029689311981201,0,1,1.3898978233337402,5.931358337402344
894,DNAJC25,"DNAJC25, ZBTB21, CHCHD4, TRMT5, LSM12",0.007205910611414163,25.870634078979492,3,4,3.8481173515319824,6.18878698348999
895,LRRC47,"LRRC47, DEF8, MBIP, DYRK4, RBM25",0.004602959227291087,9.340331077575684,0,8,-3.283050775527954,5.061582088470459
896,LYAR,"LYAR, PRKRA, TLK2, SFT2D2, NUP93",0.02132263263777505,8.531399726867676,0,6,-0.5857185125350952,8.006547927856445
897,GIGYF1,"GIGYF1, PRPF31, CYREN, NOC4L, RABL6",0.013847113125933827,14.343783378601074,1,6,-0.15131129324436188,8.624547958374023
898,PTDSS2,"PTDSS2, COMMD4, TNPO1, TMX1, PLK4",0.0004392174086957204,3.315530776977539,9,4,-2.7699878215789795,7.531292915344238
899,DHRS4,"DHRS4, KLHDC2, MEF2A, SPIN1, DAP",0.016694183114443584,8.951558113098145,0,1,0.5236878991127014,6.247111797332764
900,STK39,"STK39, TWF2, FNIP1, DNPH1, UQCRC1",0.0010480433256601007,7.457118988037109,7,5,0.370853990316391,4.695585250854492
901,MED31,"MED31, AGO3, RXRB, PKN2, PPP4C",0.01002258832387578,8.11043930053711,0,1,1.6737728118896484,7.286269664764404
902,GABPB1,"GABPB1, PDS5B, MSRB1, SFSWAP, HACD3",0.00014803979623449504,3.942221164703369,2,8,-3.053560733795166,4.584431171417236
903,CDCA8,"CDCA8, CTPS1, USP1, WDR5, ARSK",0.0001578437562500245,3.253920793533325,3,8,-1.896662712097168,5.455489158630371
904,LRCH4,"LRCH4, TMEM181, MIIP, ZBED5, SEL1L",0.005650022156949635,8.337173461914062,0,6,0.231318399310112,4.803361415863037
905,NDUFA5,"NDUFA5, RNPC3, PSMC3, DGUOK, STOML2",0.005202961580241491,7.786916732788086,19,1,1.8703842163085938,7.918761730194092
906,C19ORF53,"C19ORF53, TMED2, CAPZB, SKP1, ZFAND2A",0.0004960803767857913,3.070201873779297,19,1,0.9042317867279053,7.887450218200684
907,SDCCAG8,"SDCCAG8, DYRK1A, TUBA1C, SPAG9, KTN1",0.003142169184977196,9.522360801696777,3,7,-2.986311435699463,6.98698616027832
908,FAM136A,"FAM136A, SMARCC1, AP1S1, ZNHIT6, MPV17L2",0.0005862768089286625,3.3088760375976562,5,4,1.3801745176315308,6.842700958251953
909,PLP2,"PLP2, EIF5A2, ERCC6, SHOC2, GEMIN8",0.01979615606335711,10.786919593811035,0,7,0.48297062516212463,5.3377461433410645
910,TAGLN2,"TAGLN2, RSL24D1, CERS6, MGST3, NUDT15",0.011061808085521903,16.702411651611328,3,0,-3.1196351051330566,5.725311756134033
911,KAT6A,"KAT6A, CREBBP, ANKS1A, LAMTOR4, HNRNPUL1",0.00010490237216616536,3.2882609367370605,3,9,-0.8070541620254517,4.150559902191162
912,OSER1,"OSER1, NCBP2AS2, HDDC3, PTGES2, FAM8A1",0.008320620865179864,13.926750183105469,0,7,-3.482100009918213,7.1174163818359375
913,COA4,"COA4, PCBP2, SPG21, NDUFB4, MYDGF",0.00011372593618014189,2.889737844467163,0,1,-0.10821501910686493,3.9817302227020264
914,SCAMP3,"SCAMP3, CBX4, SCYL1, TRAPPC8, MTMR4",0.008161796712928287,8.326522827148438,0,1,2.31030011177063,6.377664566040039
915,BLCAP,"BLCAP, MAP3K3, ENO1, KMT2C, INO80",0.004913744759783372,7.689362525939941,9,1,1.5740535259246826,5.588127613067627
916,UAP1,"UAP1, FBXL3, LSM12, INTS11, ABCC4",0.0068519876548535485,6.553124904632568,1,9,-1.8402233123779297,6.409520149230957
917,LAMP2,"LAMP2, CMPK1, DDX39A, ESYT2, HPCAL1",0.007235322491460751,12.416448593139648,8,0,-3.7219228744506836,7.105154037475586
918,ARHGEF12,"ARHGEF12, COPS9, ZCCHC3, EDF1, SELENOW",0.0043627622069106154,7.238255023956299,12,9,-1.5634852647781372,4.595675945281982
919,PPP2R1A,"PPP2R1A, APC, TKT, HNRNPUL1, EFTUD2",0.00651669222232244,8.420762062072754,7,9,-2.002140760421753,5.290753364562988
920,MYC,"MYC, SRBD1, ZNF480, DDX24, ATP6V1G1",0.002266675555590414,6.8501877784729,15,9,-1.8519552946090698,5.981527805328369
921,PARG,"PARG, PUS1, TTC1, NUP205, ZMYM6",0.011340240549962941,7.481598377227783,1,4,-3.730478048324585,6.025478839874268
922,RITA1,"RITA1, CCDC106, DHX33, FANCM, PPAT",0.0073657151596672925,8.220451354980469,0,7,0.5597472190856934,7.855456829071045
923,CLIC1,"CLIC1, COMMD6, KDM2A, ECH1, PAXX",0.003312758089247409,10.852432250976562,4,5,0.11575935035943985,3.7009670734405518
924,EXOSC6,"EXOSC6, RWDD4, EIF2B4, CCDC138, ZMYM5",0.008304934529155017,15.880627632141113,5,9,-1.6799851655960083,4.6545186042785645
925,PTTG1,"PTTG1, ITM2C, C12ORF57, LY6E, HNRNPM",0.006624535782493265,9.585083961486816,8,6,0.13577331602573395,4.032370567321777
926,RAD21,"RAD21, RPS19BP1, PWP1, GTF2A2, HIF1A",0.0010166706536104064,8.531549453735352,5,0,-2.5862746238708496,7.535403251647949
927,NCOA2,"NCOA2, EIF3D, MON1B, G6PD, BDH2",0.0017323597347440579,4.056005954742432,1,9,-0.005174729507416487,6.973673343658447
928,MICU1,"MICU1, RTN3, NDUFB4, THOC1, POLR2L",0.0052402166283005034,10.203353881835938,4,7,-2.69752836227417,8.219348907470703
929,KAT7,"KAT7, RAB4A, NDUFAF7, NAA35, DBT",0.010455923356562183,10.683062553405762,0,4,3.478360652923584,6.894649505615234
930,SDCCAG8,"SDCCAG8, TOB2, FAM3C, KIF16B, HMGB3",0.0067059086506221595,5.82867431640625,5,1,0.4939230680465698,6.4699482917785645
931,DPH6,"DPH6, CUX1, MRPL43, ATP6V0D1, CREBBP",0.07147969207722384,11.887096405029297,4,6,-1.6690807342529297,7.259700298309326
932,DHRS7B,"DHRS7B, CAMSAP1, SH3GLB2, FBXW2, SURF6",0.012152988835250334,10.310844421386719,0,9,-1.8894249200820923,5.1048583984375
933,EFHC1,"EFHC1, SLC25A3, TNFAIP8L1, DEDD, TCEA2",0.00830983650916278,10.428051948547363,0,7,-0.43417802453041077,4.153207302093506
934,IPO9,"IPO9, GORASP2, NOB1, PREPL, MR1",0.0003931387966227319,3.1755101680755615,6,9,-1.2775108814239502,6.049124717712402
935,EHD4,"EHD4, SNX13, NME7, DMTF1, DDHD1",0.0334981705810611,6.91934061050415,0,1,-2.845366954803467,7.531933784484863
936,CD164,"CD164, PRMT1, ARGLU1, DCAF10, NDUFAB1",0.0024039309958078267,10.886822700500488,0,7,-3.2455220222473145,6.807643890380859
937,C1ORF52,"C1ORF52, LRP6, DMAC2, HAGH, RDX",0.00515590257216695,10.666352272033691,11,7,-2.771749496459961,8.629609107971191
938,NF1,"NF1, ACSL4, VEZF1, MAN2B1, SMIM27",0.0047313911034945234,12.112834930419922,0,7,0.05417794734239578,4.63477087020874
939,KDM6B,"KDM6B, GSK3B, NDE1, RNF6, AP3M2",0.019453997858815134,11.246898651123047,1,7,-0.12064604461193085,4.875613689422607
940,FKBP5,"FKBP5, MZT2B, CDC26, ATP6V1G1, TTC17",0.005072568912034949,12.00793170928955,18,8,-2.779165267944336,4.792137622833252
941,TMEM80,"TMEM80, ARMCX6, PBK, ARF5, TMEM68",0.0008333366013200051,3.7959046363830566,7,0,-2.0734715461730957,7.347912788391113
942,UBXN2A,"UBXN2A, RBM14, DROSHA, LYRM2, NAA25",0.0009088270934395821,4.234239101409912,2,4,2.7516026496887207,6.321466445922852
943,PTBP2,"PTBP2, USP3, JOSD2, TPM3, GPN2",0.01086082690520355,8.843935012817383,0,8,0.3077804446220398,6.173396587371826
944,UBE2R2,"UBE2R2, AGTRAP, USP33, FBXW5, ZNF292",0.021283416797712933,5.0452165603637695,8,1,-0.463952898979187,8.615561485290527
945,TMEM80,"TMEM80, ITFG2, RBIS, ZBED5, SNAPIN",0.006404927078145405,7.83519172668457,0,1,-1.191985845565796,7.473011016845703
946,PJA2,"PJA2, EZR, ANKRD11, RNF145, TCF7L2",0.009642194675273236,12.152533531188965,5,7,-2.5466277599334717,7.748901844024658
947,SIAH1,"SIAH1, CYB5R1, GCFC2, ELMOD3, C9ORF85",0.0059755136294652135,8.846002578735352,2,8,0.8430439829826355,4.664457321166992
948,TFPT,"TFPT, SOAT1, SIN3B, SMIM8, TBC1D15",0.012825540492315657,12.471939086914062,0,6,-1.580885410308838,8.811185836791992
949,WDR5,"WDR5, DSN1, DPH2, CARM1, NSDHL",0.001410789846234691,39.81525421142578,15,3,3.449934482574463,6.226268291473389
950,UBE2V2,"UBE2V2, USP48, TRMT112, ZDHHC12, TRA2B",0.00020686355632767187,3.9400782585144043,3,9,0.15172304213047028,7.955951690673828
951,CLASRP,"CLASRP, POLR2F, SMUG1, KDM3B, BAG5",0.000149020192236048,2.5313303470611572,0,6,-0.6629361510276794,8.655797958374023
952,TSPYL4,"TSPYL4, FKBP15, NEDD8, TMEM38B, PREP",0.00043725661669261447,4.247810363769531,2,7,-3.131539821624756,5.86556339263916
953,SLC25A5,"SLC25A5, GPR137, MNT, ALKBH4, XXYLT1",0.007060812003184327,9.058585166931152,3,9,-0.2436603456735611,5.10227632522583
954,ERG28,"ERG28, AP1S2, PDSS2, KDM4B, PRELID3B",0.01953242953893937,10.762789726257324,6,9,0.16134215891361237,4.087183475494385
955,GOLGB1,"GOLGB1, CSTB, TMX2, CUTA, SRSF5",0.008314738489170546,14.241067886352539,8,8,-3.578680992126465,6.040457248687744
956,PIGN,"PIGN, COQ10B, MORC3, NR1D2, RNF139",0.006293161933968368,7.071601867675781,2,1,0.8885490894317627,6.2549967765808105
957,LUC7L2,"LUC7L2, TRMT112, MT-ND1, NDUFS6, GTF3C6",0.000408825132647579,3.7957611083984375,4,5,0.47469189763069153,8.4271240234375
958,HSPA4,"HSPA4, TBC1D4, C4ORF3, AKAP9, TWF2",0.0006176494809783568,3.700005054473877,2,9,-1.5924447774887085,5.350870132446289
959,HADHB,"HADHB, ZNF496, ITPRID2, POLR2E, NDUFB7",0.00020980474433233073,3.847315549850464,1,9,-2.602670192718506,8.592653274536133
960,MANBAL,"MANBAL, POLA1, GEMIN8, ABCC1, TBC1D14",0.011093180757571599,10.722410202026367,0,0,-3.9766604900360107,7.293061256408691
961,SYNCRIP,"SYNCRIP, SCLT1, EHMT1, DNPH1, ANKRD10",0.002678441876242652,7.449971675872803,0,5,0.4127897620201111,4.493912696838379
962,SCARB1,"SCARB1, SLC35D1, EAF1, ZSWIM8, NAB1",0.00397158420229099,11.910298347473145,0,8,0.31738752126693726,4.965128421783447
963,PDLIM1,"PDLIM1, ZSWIM8, MRRF, ZNF121, NFAT5",0.008294150173137935,11.089126586914062,0,6,-2.178104877471924,8.035117149353027
964,RNF149,"RNF149, MSL3, CCT6A, RNH1, TMEM218",0.031442280165804574,14.176777839660645,0,7,-2.6550381183624268,8.881098747253418
965,SLMAP,"SLMAP, DNAJC19, UBE2R2, STYXL1, PNN",0.00264118682818364,4.6625261306762695,1,1,0.5976893305778503,7.822643756866455
966,HAUS3,"HAUS3, HINT2, HSDL2, RO60, EPM2AIP1",0.0034137388774073624,4.739203929901123,5,4,2.4266743659973145,7.580713748931885
967,ATP6AP2,"ATP6AP2, UBL7, IMPDH2, RPGRIP1L, LAMTOR2",0.00036862889658390816,2.6424968242645264,25,0,-2.6348719596862793,7.533534049987793
968,STMN1,"STMN1, ACADM, PARPBP, HAUS1, CENPF",0.001991184279154036,5.021660327911377,30,6,-0.8636429309844971,5.347951889038086
969,TMEM218,"TMEM218, ZMAT3, ANKRD10, VPS26C, ARSK",0.004908842779775607,10.244142532348633,7,4,3.551178455352783,6.925808429718018
970,TRAPPC8,"TRAPPC8, ARHGAP19, SPATS2, NAPA, NF2",0.010090235647982932,5.569790840148926,0,1,1.902518630027771,6.244208812713623
971,SLC25A38,"SLC25A38, LZIC, KHDC4, DCUN1D1, ARFRP1",0.0003235306805124726,4.526484489440918,1,9,-1.121930718421936,6.124469757080078
972,APC,"APC, RBM25, RAB5IF, SKP2, SEC24B",2.450990003882368e-05,2.0573606491088867,0,9,3.33474063873291,6.828061580657959
973,UNK,"UNK, ABCD4, KTI12, HNRNPA2B1, MFHAS1",0.008232385225040098,10.287193298339844,0,7,-0.7592738270759583,4.0076398849487305
974,USP16,"USP16, USP24, MRPS15, COPS9, DYNC1LI1",0.0007215714571429692,5.619785785675049,0,7,-2.0389177799224854,8.600176811218262
975,TMBIM4,"TMBIM4, MAGED2, MARK3, BTBD7, ZNF282",0.023547151165298687,10.690591812133789,22,8,-2.617671012878418,6.113371849060059
976,RXRA,"RXRA, TCEA2, FAM174C, INO80B, CFAP298",0.010186314456135123,4.861282825469971,1,8,-0.15238922834396362,6.4994587898254395
977,SIRT6,"SIRT6, USP38, HARS2, NCAPH2, NUP43",0.006288259953960604,6.77455997467041,0,8,-0.16736117005348206,5.498530387878418
978,WDR4,"WDR4, TRNT1, NABP2, ZNF579, ATAD5",8.725524413821231e-05,3.387174367904663,1,8,2.605980396270752,6.828479766845703
979,PPP6C,"PPP6C, NSUN4, WBP4, EIF2A, LIMS1",0.0035235432295812924,3.6601455211639404,2,1,-1.034861445426941,6.705286502838135
980,GDI1,"GDI1, CYB561A3, TMEM245, EHBP1L1, TBCB",0.003960799846273907,7.868339538574219,4,5,0.31756827235221863,4.594544887542725
981,NFIC,"NFIC, UBE2R2, ENOSF1, COPS6, FGFR1",0.0034990333295424688,10.763720512390137,15,5,0.8823220133781433,4.955856800079346
982,DYM,"DYM, ALAS1, ABR, PSPC1, HEBP2",0.0007411793771740281,4.786760330200195,0,7,-2.542879104614258,5.779855728149414
983,PARP1,"PARP1, ANKRD12, EPB41L2, PDCD5, CBFB",0.0009068663014364762,4.497757911682129,2,9,-1.1721227169036865,5.737786293029785
984,PDLIM7,"PDLIM7, MGA, ERG28, HEXA, INTS10",0.0018019678508543171,4.2285261154174805,3,8,-2.5753836631774902,6.715804576873779
985,PA2G4,"PA2G4, DMAP1, UBXN6, GLT8D1, MRPL38",0.002710794944293899,6.383330345153809,8,9,0.370099812746048,4.665442943572998
986,USP13,"USP13, C3ORF38, USB1, GOPC, CNOT7",0.0025568727720500866,4.875153541564941,3,4,3.0504164695739746,7.1658220291137695
987,IFT57,"IFT57, SH3GLB2, MLXIP, TMEM129, RAD54L2",0.011687300734512684,5.560732364654541,2,9,-1.3168864250183105,6.264799118041992
988,FARS2,"FARS2, PPP2CB, ACOX1, ROGDI, ATN1",0.0026225593041541337,4.69041633605957,8,8,-1.7988940477371216,5.861481189727783
989,PPIA,"PPIA, UBR3, HIGD2A, LRRFIP1, TNRC6A",0.001993145071157142,6.613183498382568,0,0,-1.8878697156906128,7.215334892272949
990,VDAC3,"VDAC3, EAF1, TNFRSF1A, TRMT2A, OGT",0.0038774661861419066,8.476655006408691,0,8,-2.6676859855651855,4.921631336212158
991,PIP4K2A,"PIP4K2A, SMARCA2, NIPBL, ARGLU1, CFAP410",0.003290208981211691,6.225400924682617,3,6,-0.49798956513404846,7.136244773864746
992,CDC42SE2,"CDC42SE2, UBR1, CDKN1B, UBE2E1, WDR70",0.01468633210326315,6.3680100440979,3,1,-1.8638836145401,8.825316429138184
993,UQCR10,"UQCR10, USP34, SGTA, RBM15B, OTUD4",0.010128471092043498,13.752552032470703,0,7,-2.0945777893066406,8.032439231872559
994,GTF3C2,"GTF3C2, ZNF106, SENP1, OGA, SNX3",0.00017451048827642462,3.0050737857818604,8,9,-0.5598054528236389,4.480844020843506
995,JMJD8,"JMJD8, TCAF1, TUBG1, MAK16, PAM16",1.078435601708242e-05,2.0954782962799072,1,7,3.8441529273986816,6.604259490966797
996,POLR1C,"POLR1C, TPMT, PGK1, GNB1, ANLN",0.0027058929642861346,10.218957901000977,1,9,0.07908087968826294,8.428128242492676
997,NDUFB5,"NDUFB5, PLD3, MANF, DCK, CLK1",0.026576574810097293,12.173307418823242,10,9,0.39099356532096863,8.507423400878906
998,SH3GLB1,"SH3GLB1, HDGF, ALKBH2, MAN2B1, D2HGDH",0.005451001768634387,6.689510345458984,1,7,-1.6024612188339233,7.038242340087891
999,FUNDC1,"FUNDC1, IFRD1, SCARB1, RNF40, POLR3E",0.005251000984317585,9.540345191955566,8,8,-3.0846831798553467,4.878743648529053
1000,RALGAPA1,"RALGAPA1, PDE4DIP, CTSC, CFLAR, ACACA",0.0021617731834242485,8.550889015197754,11,6,-0.9810746312141418,4.840702056884766
1001,CEP170,"CEP170, WRN, RANBP1, C3ORF38, CHURC1",0.03718543994290174,11.081947326660156,2,4,3.2325658798217773,7.072762489318848
1002,PTBP1,"PTBP1, FBXO9, ANKLE2, LPGAT1, PABPN1",0.001431378162267303,6.226386070251465,7,8,-0.6462513208389282,5.759583473205566
1003,ZFAND5,"ZFAND5, BOD1, ANXA11, PFDN2, ARF1",0.0036911909458468466,8.761861801147461,25,0,-1.892427921295166,8.473045349121094
1004,DHCR7,"DHCR7, MRPL35, ACLY, GPAT4, WRAP53",0.0030441295848219014,7.130801200866699,0,6,-0.6236953735351562,6.769406795501709
1005,STK4,"STK4, PABPC1, ARPC1B, EEF1AKMT1, VPS11",0.00965690061529653,14.206664085388184,9,0,-2.7026889324188232,8.610392570495605
1006,IER5,"IER5, PUM2, TMED4, RDX, RAB11FIP1",0.0007951011572594403,4.769463062286377,3,9,-2.9392476081848145,5.876317024230957
1007,SDF4,"SDF4, STK38, TAF9, IGF2R, CCAR1",0.001378436778183444,4.581841945648193,21,9,-1.5197724103927612,6.394028663635254
1008,C1QBP,"C1QBP, NIPBL, HERC4, ATF4, SMARCA2",0.006317671834007192,9.048901557922363,19,7,0.03592603653669357,4.762290954589844
1009,ABI1,"ABI1, UBL5, MAP4K4, COX6B1, SLC25A5",0.0043617818109090625,7.847824573516846,3,7,-2.8161494731903076,6.2514119148254395
1010,RBM5,"RBM5, KLHDC10, ME2, HADHB, STK26",0.003104914136918184,3.8560831546783447,11,1,1.650893211364746,7.947664737701416
1011,AUP1,"AUP1, RDH14, RSL24D1, MCMBP, NIPA2",7.058851211181221e-05,4.26707124710083,3,0,-2.3584179878234863,7.819270133972168
1012,EXOSC4,"EXOSC4, ERH, EPB41L2, GOLGA4, ELL",0.0010656904536880537,8.392077445983887,3,7,-1.0539402961730957,9.276103973388672
1013,RALBP1,"RALBP1, OPA1, TMEM179B, PSMD12, ZNFX1",0.0013480445021353026,7.417741298675537,18,9,-1.9967670440673828,6.480364799499512
1014,ABR,"ABR, MRPS2, CTBP1, DAAM1, BMPR1A",0.0047068812034557,6.373343467712402,0,7,-0.4234423339366913,5.314870834350586
1015,TM2D2,"TM2D2, MAPK3, SDHAF1, MED17, ZNF580",0.005436295828611093,8.099872589111328,9,4,3.4031317234039307,6.635664939880371
1016,CAMTA1,"CAMTA1, TOMM7, JAK1, RBM39, RBM6",0.012113772995188217,13.980652809143066,12,8,-0.9173596501350403,5.263746738433838
1017,UTP20,"UTP20, KDM5A, TSPAN4, ELOC, KRT10",0.008004933352679815,10.088265419006348,1,8,-3.432863712310791,5.100398063659668
1018,GNA12,"GNA12, ZNF24, CCT5, KPNA3, SMC3",0.0010647100576865007,4.241700172424316,10,0,2.295260429382324,7.2673869132995605
1019,TMED2,"TMED2, SSB, NDUFB3, EFHD2, MGAT5",0.004958842975854807,11.367254257202148,0,9,-1.1779608726501465,5.062568187713623
1020,CHMP7,"CHMP7, ZMAT3, MTF1, RALB, ETFDH",0.013489268585367002,9.93336009979248,0,4,1.9038914442062378,6.800671577453613
1021,SELENOW,"SELENOW, PPP1R15A, RPS27L, NFXL1, SNX13",0.00796669790861925,11.224753379821777,0,6,-0.42389053106307983,6.3573713302612305
1022,GALK1,"GALK1, PKN1, TMEM50B, PRPF19, MCRIP2",0.01366475946964498,15.17807388305664,5,0,-4.083054542541504,6.635046482086182
1023,NDUFA1,"NDUFA1, DNAJA1, RHOG, RGS10, OSTC",0.004535311903183934,14.380101203918457,5,0,-2.6164422035217285,7.661702632904053
1024,SHPRH,"SHPRH, CLIC4, APC, ADD3, HERC2",0.005652963344954294,4.459901332855225,2,1,-1.9612205028533936,5.951471328735352
1025,SPCS3,"SPCS3, TMEM87A, NSD3, SPATC1L, UBE2E3",0.010512786324652254,4.06151008605957,0,1,0.6645738482475281,8.151588439941406
1026,ESYT2,"ESYT2, ZFR, SUCLG2, SYPL1, TRIM56",0.0027764814763979466,12.551215171813965,2,5,0.9665953516960144,4.7092976570129395
1027,TRADD,"TRADD, LRCH3, FERMT2, PABPC4, POLR3GL",0.0049509998078423835,11.486045837402344,5,5,0.14438393712043762,3.759768009185791
1028,PIGN,"PIGN, MDN1, FBXO21, MPHOSPH9, ATP6V0C",0.0037578578739524467,9.085561752319336,0,9,0.24617791175842285,4.23802375793457
1029,STK35,"STK35, RPUSD4, SAMM50, MID1IP1, POLD1",0.011796124690685061,11.364995002746582,6,9,0.30864614248275757,7.988735198974609
1030,CREM,"CREM, MAN1A1, F2R, RFX7, ATRAID",0.007788265836336613,13.090503692626953,10,8,-2.212692975997925,4.500581741333008
1031,INTS10,"INTS10, VPS4B, KDM4B, ERG28, CUTA",0.004573547347244499,16.094839096069336,2,9,-1.0651133060455322,5.76377534866333
1032,MOB2,"MOB2, SART1, HADHB, GINS2, C1ORF174",0.00038725642061341415,3.525951862335205,10,7,0.13702474534511566,7.3093976974487305
1033,NBEAL1,"NBEAL1, TOP1, BRK1, CDC42, CTNNB1",0.0014480448942937032,16.357696533203125,5,5,0.564190149307251,4.8699259757995605
1034,MCM4,"MCM4, B2M, ZFAND6, RABAC1, NABP1",0.06081494437233087,8.070758819580078,3,1,1.2881003618240356,8.023197174072266
1035,ANKRD36C,"ANKRD36C, FTL, SSBP1, CBX3, R3HDM1",0.002076478731289142,11.039546012878418,0,5,0.20966430008411407,3.5443975925445557
1036,CCDC107,"CCDC107, BCOR, UBE2G1, USP14, PCMT1",0.003101972948913525,4.2276811599731445,1,7,0.1823876053094864,5.312615394592285
1037,UBXN1,"UBXN1, ZNF292, MGAT2, RBM3, NDFIP1",0.009248075482648952,11.396815299987793,0,0,-3.7561593055725098,6.954395294189453
1038,CEP350,"CEP350, TTC1, MRPL58, HERC2, HOOK3",0.004475507747089204,11.805895805358887,9,9,0.2799394428730011,7.966699600219727
1039,BLVRB,"BLVRB, TMEM160, RABEP1, RRM2, CD46",0.00013627504421585967,3.702486991882324,23,0,-3.795945882797241,6.962447643280029
1040,RCN2,"RCN2, FXR1, ZNF644, HP1BP3, TBL3",0.00040588394464292015,3.614347457885742,1,7,-3.151499032974243,8.258931159973145
1041,GEMIN4,"GEMIN4, EIF4ENIF1, MEX3D, TIPIN, POLA2",0.006993164679077173,7.5742926597595215,0,0,-2.1335439682006836,8.284867286682129
1042,RPS27L,"RPS27L, ZFAND5, SPAG9, NAMPT, EIF4A3",0.010472590088588583,6.076401710510254,9,1,-1.1574876308441162,8.429407119750977
1043,RFC5,"RFC5, NME4, RHBDD3, ANAPC10, TXNDC17",0.0002941188004658842,4.024117469787598,11,1,-0.24780650436878204,5.232080936431885
1044,CIT,"CIT, SACM1L, LSM8, ACAA1, HEXD",0.0010352981776399124,3.867776393890381,1,7,-1.0162856578826904,4.153837203979492
1045,EEF2,"EEF2, MBD5, TUBA1A, TMA7, SMYD3",0.0003960799846273907,10.594019889831543,12,5,0.40885552763938904,8.342024803161621
1046,PPP1R14B,"PPP1R14B, RTN3, CD55, PEBP1, RIOX2",0.003644131937772305,5.563164710998535,11,4,2.1950454711914062,8.019943237304688
1047,BPTF,"BPTF, NAMPT, AFF1, ARF5, EIF3H",0.006809830626786772,12.992631912231445,4,7,-3.320125102996826,7.721852779388428
1048,CCNL1,"CCNL1, TUBB, CAPZB, LAMTOR4, CDC42",0.0038255051980596003,8.436308860778809,0,6,-2.06827449798584,8.097220420837402
1049,CWC25,"CWC25, BORCS7, INO80E, VPS45, C9ORF78",0.0011676516378495603,4.229372024536133,23,6,-1.1749379634857178,8.410600662231445
1050,CDKN2D,"CDKN2D, STK3, HES4, PARP14, HIVEP1",0.02555696296848223,10.6353120803833,5,6,-0.4812053442001343,6.986732006072998
1051,ARL16,"ARL16, ALYREF, GUSB, PUS7L, ARMCX6",0.004499037251126475,6.87777042388916,14,4,2.934312105178833,6.9154815673828125
1052,YAF2,"YAF2, ATG4D, PHRF1, DIS3L, SMG1",0.004900999611763183,6.951052665710449,0,1,2.28945255279541,6.223842144012451
1053,SLC39A6,"SLC39A6, IKBIP, ELP4, ZNF668, SURF2",0.015437315440452707,7.786282539367676,0,1,-0.29479891061782837,6.954222679138184
1054,ZNF3,"ZNF3, SDHAF1, DPAGT1, SLAIN2, CZIB",0.002640206432182087,4.915467262268066,0,4,3.481740713119507,6.664477348327637
1055,TMEM106C,"TMEM106C, NFYC, GAK, C11ORF58, PPP1CA",0.0018892230949925295,5.689968585968018,1,0,-1.794376015663147,7.549612998962402
1056,VPS45,"VPS45, PNPT1, C4ORF46, RAP2B, INTS4",0.012439264467703794,14.15709114074707,0,7,-2.724362373352051,8.865187644958496
1057,RANBP1,"RANBP1, TLNRD1, IPO4, UBA5, B4GALT2",1.7647128027953052e-05,2.342878580093384,0,7,3.9673187732696533,6.196004390716553
1058,FAM91A1,"FAM91A1, MFSD3, DGCR6L, SNX14, NSMCE1",0.022271655967278304,7.974430084228516,1,1,-1.1077378988265991,6.463789939880371
1059,THRA,"THRA, ZNF32, STK38, ILF2, SMIM10L1",0.00391178004619626,7.642604827880859,0,1,2.091388702392578,6.356374263763428
1060,PHF19,"PHF19, RANGRF, CSNK1G3, TMA7, CERS6",0.008560817885560335,7.964372634887695,7,0,-0.2371177077293396,4.098798751831055
1061,BARD1,"BARD1, NOP16, ATP6V0E1, LANCL1, COX16",0.002599029800116863,8.956262588500977,0,0,-2.942473888397217,5.200113773345947
1062,DCUN1D1,"DCUN1D1, IARS2, TMEM185B, GEMIN4, PRKACA",0.005947082145420178,9.908554077148438,0,4,3.574143171310425,6.753391265869141
1063,THOC5,"THOC5, SUMF2, PCGF3, REPIN1, SCYL1",0.009611802399225095,12.614389419555664,0,6,-0.2181348204612732,8.025116920471191
1064,PPP1R15B,"PPP1R15B, ARHGEF2, IDH3B, NUP35, EEF1AKMT1",0.003357856305318844,6.350688457489014,1,1,-0.980565071105957,6.4299635887146
1065,HIRA,"HIRA, NAT14, DNTTIP1, NEMP1, PGRMC2",0.011334358173953623,8.785054206848145,7,0,-2.4456443786621094,8.292509078979492
1066,RICTOR,"RICTOR, ODC1, ABI2, OGA, MAGI3",0.008282385421119299,12.826518058776855,16,9,-2.4844818115234375,5.7886881828308105
1067,KHDC4,"KHDC4, TST, FBH1, MRPL15, PGP",0.009230428354620998,15.702289581298828,0,0,-3.953190803527832,6.34263277053833
1068,EFHD2,"EFHD2, ITSN1, SCAMP2, AP1S2, CLK1",0.027194224291075653,13.869304656982422,2,6,-0.3544692397117615,8.668374061584473
1069,DDX23,"DDX23, UCK1, YEATS4, ACOT8, SYNJ2BP",0.003943152718245954,8.8136568069458,1,7,-1.9160449504852295,9.071184158325195
1070,COX7A2,"COX7A2, PHPT1, CENPL, PSMD1, VPS35",0.011811811026709909,11.577211380004883,0,9,-0.7536665797233582,6.291091442108154
1071,TMEM14C,"TMEM14C, SYNJ2, SRSF11, MRPL50, SEC61G",2.843148404503547e-05,2.7929866313934326,0,7,-1.681767463684082,8.73515796661377
1072,PDS5A,"PDS5A, PEX14, MAPK3, PTRHD1, KLHL36",0.01393142718206738,10.087059020996094,1,1,1.933976650238037,6.941588401794434
1073,BACH1,"BACH1, HNRNPF, POLR2J3, CIB1, SDAD1",0.006597084694449782,14.25247859954834,4,6,-0.36349716782569885,7.380659580230713
1074,MEF2A,"MEF2A, PPP6R3, ROMO1, STX8, BCR",0.023187345832728756,11.760687828063965,1,8,-2.5551908016204834,5.368553638458252
1075,TWF2,"TWF2, MSI2, WBP1, ELF2, SRGAP2C",0.023187345832728756,9.82430362701416,2,1,1.2175167798995972,6.038787841796875
1076,SPIN1,"SPIN1, MED7, RABGGTA, ZNF33B, RIPK1",0.008905917278106973,9.238147735595703,0,7,-0.567078709602356,4.714601516723633
1077,LEMD2,"LEMD2, SLC4A1AP, PRPF4, ZNF226, KCTD9",0.01599025878532857,12.82928466796875,7,6,-1.1677422523498535,5.902398109436035
1078,POC5,"POC5, SGSM3, GABPA, ZNF260, SAE1",0.0012176518339287604,6.011653900146484,0,4,3.6381218433380127,6.50879430770874
1079,UBE2Q2,"UBE2Q2, APPL1, IDH3B, SLC2A4RG, PDCD2",0.00016568692426244808,3.468505620956421,9,8,-1.1433711051940918,7.198165416717529
1080,UQCRB,"UQCRB, IGF1R, EHBP1, TMEM59, EPB41L2",0.0008441209573370876,12.20895004272461,0,5,-1.1417810916900635,7.721147537231445
1081,CLINT1,"CLINT1, WDR11, PHACTR4, CDK1, TMEM30A",0.0008421601653339817,3.153055191040039,33,1,-3.7868545055389404,7.1305155754089355
1082,RPL36AL,"RPL36AL, CD63, RPS3, MT-ATP8, TOMM7",0.0009176506574535586,12.859448432922363,0,5,0.4465944468975067,3.3075034618377686
1083,HMGB2,"HMGB2, SUMO2, UFC1, SEPTIN6, SCAND1",0.0007892187812501226,6.911135196685791,11,8,-0.867939829826355,6.818247318267822
1084,KIF20A,"KIF20A, POLA2, SRRM2, RGP1, TLK1",0.0028470699885097587,6.018055438995361,0,0,-1.9932000637054443,8.108802795410156
1085,COPA,"COPA, ZNF706, MIS18A, SMARCA5, RAB11B",0.00573139502507853,7.238448143005371,16,6,-0.0481901690363884,7.539053440093994
1086,SUPT4H1,"SUPT4H1, HAX1, EPS15, TSPAN14, CEP350",9.11768281444241e-05,3.4566848278045654,18,6,-0.4970768094062805,8.877140045166016
1087,MED7,"MED7, USP24, ALKBH2, TBCB, CCDC107",0.00358922976168534,5.017868995666504,3,8,-0.31123533844947815,5.070948600769043
1088,DHX36,"DHX36, GTF2I, ACBD6, DDX24, RPL22L1",0.0004147075086568967,2.9578909873962402,18,1,-3.0622122287750244,6.606579303741455
1089,C2ORF69,"C2ORF69, HLCS, DCK, YTHDC2, RBCK1",0.0011480437178185013,4.130942344665527,5,0,-3.4087295532226562,6.102362155914307
1090,RNF166,"RNF166, CWC22, CD46, NCAPG, NELFA",0.011933380130902473,15.470048904418945,2,0,-3.9868199825286865,7.369472503662109
1091,AZIN1,"AZIN1, CASC3, ARFIP1, JAGN1, FKBP5",0.008697092929776195,6.113636016845703,9,1,-3.6745479106903076,5.3725690841674805
1092,ATP5PD,"ATP5PD, RBM6, ATP6V0C, PRRC2A, C4ORF3",0.005909827097361166,11.232019424438477,3,7,-1.9000474214553833,9.239496231079102
1093,NAA35,"NAA35, LACTB2, JPT2, MPZL1, NDUFAF2",0.0026539319762038283,5.048023700714111,1,1,1.8574904203414917,6.202609062194824
1094,PSMC1,"PSMC1, PNKP, KDSR, NHLRC3, EZR",0.0012313773779505017,3.825883388519287,0,0,-1.0826966762542725,7.159175395965576
1095,APLP2,"APLP2, ATP13A3, MTR, NKTR, AP2S1",4.607861207298852e-05,3.5307881832122803,2,6,3.6746468544006348,6.456146717071533
1096,STIM1,"STIM1, SLC25A6, TTC3, CHD3, PPP4R2",0.003734328369915176,8.342487335205078,0,8,0.6059363484382629,4.745517253875732
1097,NDFIP1,"NDFIP1, IMPDH2, MRPL43, PDLIM2, MRPL14",0.001355887670147726,3.729861259460449,2,0,-2.8026132583618164,7.459780216217041
1098,VPS16,"VPS16, KANSL3, THAP12, CASP2, COX8A",0.004972568519876548,8.53309440612793,0,6,-0.4276314675807953,6.753402233123779
1099,DDAH2,"DDAH2, TGS1, HIPK2, SMIM14, EAPP",0.008468660661414358,6.19346284866333,4,6,-0.5828285813331604,6.895074844360352
1100,DHX15,"DHX15, TCP1, IWS1, HNRNPH3, TAF1D",0.0018421640869179879,11.44057846069336,9,4,3.52363920211792,5.746479034423828
1101,SLAIN2,"SLAIN2, PPP1CC, TOP1, TSC2, STK25",0.001302946286063867,6.948297023773193,21,6,-0.5442744493484497,7.02629280090332
1102,RAB2A,"RAB2A, FRYL, ATP6V0E1, NIPBL, UBL5",0.004993156835909161,12.6914701461792,6,7,-3.5744292736053467,7.328421115875244
1103,PHC2,"PHC2, RAP2A, C6ORF47, FLYWCH2, GMFB",0.012144165271236358,8.568183898925781,2,7,1.623050332069397,6.98374080657959
1104,ERLEC1,"ERLEC1, NANS, RBM7, BLOC1S6, ZFC3H1",0.00015294177624225979,2.951935291290283,5,8,-0.24422012269496918,6.803069591522217
1105,ATP6V0B,"ATP6V0B, RAB21, DGUOK, SQSTM1, NDUFC1",0.008842191538006031,6.218888282775879,6,1,2.087770938873291,8.098270416259766
1106,CTSC,"CTSC, COASY, UBAC1, TAF15, XRCC5",3.7255048059012e-05,2.8208396434783936,6,1,-3.647984743118286,5.837878227233887
1107,MRTO4,"MRTO4, ATG12, EEF1E1, BMP2K, AMFR",2.3529504037270734e-05,3.0752642154693604,11,1,2.865582227706909,7.2233662605285645
1108,ELF2,"ELF2, CTNNB1, PFDN2, NEMF, SMAP2",0.004885313275738336,11.312840461730957,17,6,-1.608610987663269,8.273486137390137
1109,PRMT2,"PRMT2, IFNAR2, ACAP2, WTAP, ARF5",0.0049392350558237486,10.32541275024414,27,6,-0.8105865120887756,8.183155059814453
1110,GIT1,"GIT1, BSCL2, PPFIA1, RAB21, INTS5",0.009942195851748438,8.412690162658691,0,4,3.473365068435669,6.200407981872559
1111,PAIP2,"PAIP2, CCT8, LSM4, PDLIM1, PSMA1",0.0031147180969337135,7.4617462158203125,0,9,-0.5149857997894287,4.1865715980529785
1112,MRFAP1L1,"MRFAP1L1, CCT7, SF3A3, SPRTN, SLC25A38",0.00011862791618790662,2.44401216506958,19,9,-3.7493276596069336,5.499978065490723
1113,BCAT1,"BCAT1, TCOF1, TAF15, ACTN1, MVB12A",4.509821607143557e-05,2.5303752422332764,15,0,-3.590456008911133,6.538654804229736
1114,CETN2,"CETN2, DDX1, SLU7, IMMT, APAF1",0.0066196338024855,15.254565238952637,1,0,-3.307940721511841,8.284221649169922
1115,APOOL,"APOOL, ALDH9A1, IST1, NFKBIL1, TMEM134",0.019697136067200263,10.481136322021484,0,7,-2.8494791984558105,6.723514080047607
1116,DYNLL2,"DYNLL2, PET100, ISCU, SF3B1, MLF2",0.000130392668206542,2.991499423980713,3,9,-2.020235300064087,5.055807113647461
1117,GEMIN8,"GEMIN8, CRKL, UBE2D3, ACOT8, TAF13",0.019172624206369438,10.304061889648438,0,9,-2.5880680084228516,5.994478702545166
1118,POLR3B,"POLR3B, ECT2, INTS7, MINDY3, TOMM34",0.0035245236255828454,9.772223472595215,1,4,-3.4752068519592285,7.601996421813965
1119,TMEM250,"TMEM250, ZNF248, SRRM1, RAB8B, NDUFB11",0.004232369538704073,11.612054824829102,2,8,0.02667072042822838,7.491053104400635
1120,PISD,"PISD, RPAP3, PEX19, ZNF7, CEP295",7.25493041149181e-05,3.594080686569214,5,6,-0.7048814296722412,8.211225509643555
1121,EMG1,"EMG1, STK19, YKT6, ALDH16A1, TARBP2",0.004234330330707179,15.887639999389648,0,4,3.4259862899780273,6.351992607116699
1122,PPID,"PPID, C1ORF174, FASTK, MPC2, PCGF5",0.00512943188012502,7.345695495605469,0,7,-1.2365431785583496,7.963984489440918
1123,NGRN,"NGRN, NUDT9, YTHDF2, RPAP3, RBM17",0.010493178404621195,7.4399847984313965,9,4,3.3836779594421387,6.59085750579834
1124,DPYSL2,"DPYSL2, SRM, HIVEP1, HERPUD2, RNPEPL1",0.004058839446429202,8.716927528381348,19,9,0.07482369989156723,4.1666741371154785
1125,UBQLN1,"UBQLN1, RAB11FIP1, FDX1, WDR83OS, MBNL1",0.004250016666732026,12.0335111618042,1,7,-3.313737630844116,7.1258721351623535
1126,GPBP1L1,"GPBP1L1, PTBP1, LYSMD3, FBXL3, MLXIP",0.005221589104270997,7.943515777587891,2,4,3.3949692249298096,6.38086462020874
1127,FBXO34,"FBXO34, MRPS15, NOP56, ZMYND11, SCARB2",0.0026333436601712165,7.229498386383057,0,0,-1.6697059869766235,7.2861104011535645
1128,BTG1,"BTG1, S100A10, B2M, EEF1A1, RPL41",0.000762748089208193,18.686206817626953,0,5,0.5648468732833862,4.1749491691589355
1129,BIRC2,"BIRC2, EIF4EBP2, PNPLA8, WEE1, STX12",0.010373570092431735,15.304884910583496,1,9,-2.382272958755493,5.771075248718262
1130,CMPK1,"CMPK1, PIEZO1, JTB, FNTA, POP4",0.004808842387617206,5.344873905181885,4,1,0.28728121519088745,7.483610153198242
1131,MYCBP2,"MYCBP2, CCDC12, PRKAR1B, PTBP2, DAD1",0.0027078537562892405,8.933918952941895,1,8,-2.032282590866089,8.813220977783203
1132,ATP5F1D,"ATP5F1D, ATP5F1A, SDCBP, ATP1A1, GPBP1",0.0001058827681677183,2.9130048751831055,2,1,-0.19768302142620087,8.696023941040039
1133,CENPN,"CENPN, MED14, CCDC22, MED8, CCDC112",0.01672261459848862,9.716897010803223,0,5,3.4323782920837402,5.238138198852539
1134,KATNAL1,"KATNAL1, SS18, SMYD2, LCMT1, BLCAP",0.003046090376825007,5.204349994659424,13,7,-1.6078355312347412,7.160984992980957
1135,SUMO2,"SUMO2, CLIC1, MARCKSL1, HMGB1, ARPC2",0.0011186318377719127,9.080812454223633,0,1,-3.3272995948791504,7.27106237411499
1136,STX12,"STX12, MAPKAPK2, CHMP3, GPBP1L1, CDCA8",0.0027235400923140874,4.667353630065918,20,4,3.292116165161133,6.797256946563721
1137,CAPZB,"CAPZB, CMIP, HNRNPH3, FCF1, SNRPB",0.002758834348369994,6.473965167999268,2,8,-1.4096436500549316,4.342000484466553
1138,SREK1,"SREK1, CSNK1E, EFCAB11, DNTTIP1, C1GALT1",0.003629425997749011,7.298861503601074,16,1,2.2011237144470215,6.286046981811523
1139,NUDT4,"NUDT4, CBX1, SMARCC2, TMEM208, NAPA",0.009355919042819776,10.21020793914795,36,5,-0.06175248697400093,3.8637328147888184
1140,CHD9,"CHD9, PNRC1, FKBP5, PTMS, ATP5IF1",0.0024078525798140386,10.164188385009766,0,5,0.2682344615459442,3.4940037727355957
1141,ZNF33A,"ZNF33A, SECISBP2, CLCN3, SNX4, PTTG1",0.010162784952097851,4.905011177062988,0,1,-0.8306645154953003,8.21280288696289
1142,RAP1A,"RAP1A, C19ORF53, FIS1, CD164, WDR45B",0.00795983513660838,8.94182300567627,5,1,1.5729568004608154,6.016713619232178
1143,VPS26B,"VPS26B, MED8, NAGPA, DENND4B, CENPT",0.0015303981584241506,3.7600297927856445,0,8,1.381499171257019,6.823836326599121
1144,MPI,"MPI, SLC2A4RG, OGG1, METAP1, AGBL5",0.005034333467974384,4.921939373016357,0,6,-0.9480347633361816,7.922327518463135
1145,RBX1,"RBX1, NUCB1, TCTN1, BNIP1, AEBP2",0.003814720842042518,6.607292175292969,0,7,-3.5674808025360107,7.561830997467041
1146,BAX,"BAX, MSI2, IL6ST, HIBCH, RLF",0.011210828277757951,6.82993221282959,17,6,-0.15395717322826385,6.113519191741943
1147,UXT,"UXT, HNRNPM, CHD9, TRA2A, NDUFB4",0.01737751912752599,6.473311901092529,12,1,1.079712986946106,8.13064193725586
1148,RNF25,"RNF25, CIAPIN1, RUVBL2, ZNF330, FLAD1",0.005228451876281868,12.52045726776123,0,4,3.580134391784668,6.590507984161377
1149,PPP6R1,"PPP6R1, KDELR1, RNF220, BLOC1S6, KLHDC10",0.00046568810073764996,3.48471736907959,30,9,-1.6139367818832397,5.580835342407227
1150,UBXN1,"UBXN1, PPP2CB, DDRGK1, MPST, NAA50",4.901980007764736e-05,3.3057849407196045,3,0,-2.834078073501587,6.613757133483887
1151,SCCPDH,"SCCPDH, FAM20B, C9ORF40, EBNA1BP2, ATG4D",1.9607920031058947e-05,3.380856513977051,0,7,3.5627169609069824,6.312108516693115
1152,MTOR,"MTOR, ATF1, FBXO3, SMC6, GOT1",0.011461809654155506,10.14104175567627,2,9,-2.5570120811462402,5.390369892120361
1153,TJP2,"TJP2, GOLGA1, PTDSS2, MIA2, PDSS2",0.005921591849379801,4.417480945587158,8,0,-1.9658176898956299,7.1541314125061035
1154,DPH7,"DPH7, TP53BP1, ZNF121, PIKFYVE, SAR1A",0.00910101608241601,9.09765625,4,0,-2.238992929458618,8.89985179901123
1155,ORMDL2,"ORMDL2, DDX55, UFL1, TDRD3, MTDH",3.0392276048141366e-05,2.0767924785614014,1,8,-0.3883700966835022,4.743779182434082
1156,ATP6V0B,"ATP6V0B, RSAD1, BIRC6, ACADSB, ASPM",0.008755916689869372,12.014245986938477,5,6,-0.38244152069091797,6.075315952301025
1157,ERGIC1,"ERGIC1, SDR39U1, MPP1, HIBADH, CHD2",0.00442060557100224,8.994521141052246,2,9,-0.23023591935634613,4.395263671875
1158,LMO4,"LMO4, SMARCC2, TOB2, WDFY2, FKBP4",0.005404923156561398,5.0768046379089355,4,7,-2.055290937423706,6.842543601989746
1159,DPM1,"DPM1, PPP3R1, HINT2, DDI2, SPOP",0.0055313942407617285,3.938744068145752,8,1,0.2975475788116455,6.615176200866699
1160,TRMO,"TRMO, STAT1, USP7, NUP93, PDCD7",0.0017892227028341288,6.128081798553467,3,8,-2.091728687286377,6.751519680023193
1161,ARFGEF1,"ARFGEF1, NUDT16L1, TMED3, PHGDH, SLC2A1",0.025376570104196486,8.528809547424316,24,7,-1.0085629224777222,8.520710945129395
1162,THAP11,"THAP11, MVB12A, ZNF451, RBM15B, ELK3",0.013902015302020792,14.262310981750488,10,7,-2.792245388031006,8.897550582885742
1163,LCMT1,"LCMT1, NSA2, MSL1, APPL1, TRA2A",0.0001264710842003302,4.2468438148498535,8,9,-2.0073890686035156,5.752394676208496
1164,HECTD4,"HECTD4, RABEP1, VPS53, COPS6, VEZT",0.006897085870924984,6.0742363929748535,7,6,-0.4536176025867462,7.784472465515137
1165,MT1X,"MT1X, MAP4K5, FBXL4, TMEM106C, COMTD1",0.008145129980901887,8.393538475036621,0,6,0.04883372038602829,4.633682727813721
1166,TAOK2,"TAOK2, CCSER2, CMTR1, RTN3, RUFY3",0.010064745351942557,8.265327453613281,6,7,0.03484581783413887,5.111849308013916
1167,ZNF267,"ZNF267, FEZ2, CDR2, CHMP1B, RAC1",0.008233365621041652,7.283970355987549,4,0,0.5835403800010681,5.638139724731445
1168,SH3KBP1,"SH3KBP1, CREM, SERINC1, GNB2, ZNF207",0.0004607861207298852,5.450677871704102,6,5,-0.3708324134349823,4.069056510925293
1169,MRPL43,"MRPL43, ARL6IP4, SF1, UPF2, PLK4",0.002077459127290695,4.91096830368042,19,7,-1.7245771884918213,8.5048246383667
1170,CASP3,"CASP3, PURB, RANGAP1, TMEM192, SLC25A33",0.011702006674535978,16.907575607299805,1,4,3.694913148880005,6.172504901885986
1171,BRD2,"BRD2, SEPTIN2, RUNX1, MAP4K5, ITSN1",0.0014098094502331382,7.0335612297058105,30,0,1.2617626190185547,5.758002758026123
1172,ATG5,"ATG5, GGPS1, CFLAR, UXT, LMAN1",2.843148404503547e-05,2.499434471130371,11,9,-3.150439500808716,5.807292938232422
1173,TOMM20,"TOMM20, DBN1, SLTM, PGAM1, SSH1",0.0033872681853654328,7.75715970993042,3,9,0.30012252926826477,8.019954681396484
1174,METTL23,"METTL23, GPR137, KLHL20, CEP55, UROS",0.012752991188200738,8.646036148071289,0,1,2.837843656539917,7.0174078941345215
1175,SEC61B,"SEC61B, SOS1, TRA2B, LDB1, PRELID1",0.006169632037772697,14.201030731201172,8,7,-1.275080919265747,9.327912330627441
1176,AP1S2,"AP1S2, ETFB, JARID2, PRMT1, TCP1",0.0011186318377719127,4.570090293884277,8,0,-3.3247478008270264,6.023404121398926
1177,CENPX,"CENPX, NBDY, SH3GLB1, SMC3, PGD",0.0017705951788046228,5.0584869384765625,0,0,-3.245713710784912,5.715742588043213
1178,NSMCE2,"NSMCE2, MAP2K4, ROCK2, KRR1, SSR3",0.001992164675155589,7.777501583099365,11,6,-0.4483472406864166,8.748692512512207
1179,HES4,"HES4, SUPT4H1, MDM4, PMPCA, NDUFA2",0.0021823614994568607,6.1732587814331055,36,7,-1.8636951446533203,4.449071407318115
1180,METAP2,"METAP2, HSPE1, RASSF1, LSM4, ANKRD26",0.002907854540606042,5.767955780029297,2,8,-2.0279643535614014,5.309905052185059
1181,MANF,"MANF, SH2B3, SPATS2, ATP6V0E2, LUC7L2",0.00978631288750152,6.692822456359863,5,7,-3.3446009159088135,7.901909828186035
1182,SEC61A1,"SEC61A1, KHSRP, ARL4A, C14ORF119, RFC3",0.00011274554017858893,2.9324309825897217,19,1,1.8996005058288574,7.1177449226379395
1183,NKTR,"NKTR, WNK1, SPTBN1, ATP5MG, LDB1",0.00845297432538951,15.286517143249512,5,7,-1.2127881050109863,9.279646873474121
1184,VOPP1,"VOPP1, URI1, DENND4C, ABCE1, CALM3",0.0005166686928184032,3.266507148742676,6,8,-2.793004274368286,6.852707386016846
1185,BLVRB,"BLVRB, MTDH, TMED3, TAOK3, EXOSC1",0.003936289946235083,9.103987693786621,10,9,-1.843926191329956,5.649312496185303
1186,TACC1,"TACC1, ELOB, ACAP2, YWHAE, GOLPH3",0.005291197220381257,6.843273162841797,0,8,-1.3110281229019165,6.405891418457031
1187,CIZ1,"CIZ1, WHAMM, ZNF507, PLEKHF2, CLP1",0.0111765144177036,7.152262210845947,0,7,0.486286461353302,6.162947177886963
1188,UBE2H,"UBE2H, LRBA, WRAP53, NSMCE4A, MTHFD1L",0.0027666775163824172,6.918790340423584,3,6,-0.6403378248214722,7.187952041625977
1189,PCIF1,"PCIF1, ATP6V0E2, KDM2A, CYB561A3, ERCC6L2",0.013954956686104652,8.93298053741455,1,9,1.0050908327102661,5.480611801147461
1190,ZNF281,"ZNF281, PHF5A, PRPF18, TFPT, CTDSP2",0.00506276495201942,6.342911243438721,5,4,2.7255983352661133,6.99997091293335
1191,SYF2,"SYF2, RC3H1, MAPK8, ABI2, ZFYVE16",0.028041286436417397,12.844648361206055,9,6,-0.8661656975746155,8.801037788391113
1192,MT1X,"MT1X, TMEM165, WAC, RPN2, CAPZB",0.00022843226836183672,4.523763656616211,10,5,-3.2278740406036377,6.521507740020752
1193,DIPK2A,"DIPK2A, SNTB2, PUM2, SS18, XPC",0.006941203690994866,8.479571342468262,1,1,1.0815298557281494,6.034832000732422
1194,EXOSC8,"EXOSC8, RIOX2, ZNF121, METTL5, RPF2",0.00039509958862583773,7.112093925476074,23,3,3.766331672668457,6.663297653198242
1195,GAS2L1,"GAS2L1, TMEM126B, RPL13A, LYPLAL1, TERF2",0.0006490221530280511,3.423389434814453,1,1,-3.4546844959259033,6.099099636077881
1196,PEX6,"PEX6, EMC2, GEMIN4, ZNF268, MTFR1",0.014246134298565877,10.260986328125,0,1,2.5695438385009766,7.1246771812438965
1197,PPP2R5E,"PPP2R5E, GTF2I, FBXO25, DNPH1, SLC30A5",0.002791187416421241,3.5654563903808594,11,1,-0.2373887449502945,8.074551582336426
1198,CSTF1,"CSTF1, SMYD4, FADD, UBALD2, ZC3HAV1",0.00018627524029506,3.328052282333374,1,0,-2.6865556240081787,7.95841121673584
1199,B3GAT3,"B3GAT3, NOC2L, PRDX1, TTK, MCRIP2",1.5686336024847157e-05,2.4531211853027344,0,9,4.001594066619873,6.222397804260254
1200,PPP1R12A,"PPP1R12A, CD164, GMPS, USP12, LSM12",0.012127498539209958,12.850786209106445,6,9,-1.8887869119644165,4.777782440185547
1201,ERI1,"ERI1, CENPQ, NDC80, C6ORF136, FAM193A",0.0030451099808234544,5.21527099609375,1,6,-1.0210542678833008,7.979730606079102
1202,CCDC138,"CCDC138, UBL5, CLTC, DDX3X, XRN2",0.0016068690465452806,8.824490547180176,1,9,-0.3470427691936493,8.978348731994629
1203,APEX1,"APEX1, ENSA, CCT6A, SMIM20, EPM2AIP1",0.000130392668206542,3.2015159130096436,2,8,-3.0243136882781982,4.6520209312438965
1204,NUCB2,"NUCB2, TRIM56, NDUFAF3, ZNF394, SHISA5",0.025381472084204253,12.985563278198242,2,6,-0.5355278849601746,8.183340072631836
1205,GTF3C5,"GTF3C5, BTG3, MRPL54, KIF3A, METTL9",0.003362758285326609,10.00960636138916,1,6,-1.1575374603271484,8.293028831481934
1206,SURF1,"SURF1, EHMT2, MTX2, CWF19L1, MTPN",9.411801614908293e-05,2.791501998901367,1,7,-2.7703771591186523,6.964840888977051
1207,DPM1,"DPM1, FBXO22, PRMT5, SAP30, TMEM38B",0.0011931419338899367,3.4385061264038086,9,4,2.8058910369873047,6.785090923309326
1208,HPRT1,"HPRT1, HOOK2, BCL7C, GIT2, TBCA",0.006488260738277405,17.9412899017334,2,8,-3.6659586429595947,5.101268291473389
1209,PRPF39,"PRPF39, SLC52A2, STAM, INTS8, REXO4",0.0017078498347052342,6.311901092529297,6,4,2.8772757053375244,6.749061584472656
1210,NSD3,"NSD3, UQCC2, SS18L2, NDUFS1, SMARCA4",0.00015588296424691862,3.6923723220825195,9,9,-0.042849719524383545,8.588200569152832
1211,PSMC5,"PSMC5, IER5, EIF2S1, ZNF428, SLC3A2",0.004917666343789584,11.664214134216309,8,1,-0.4919821619987488,9.052806854248047
1212,MORF4L1,"MORF4L1, AACS, C4ORF3, KIF1C, FBXW11",0.023205973356758263,13.90140438079834,0,9,0.33018869161605835,5.5548295974731445
1213,ECPAS,"ECPAS, RNPEPL1, SKP2, NCBP1, PIEZO1",0.00778042266832419,5.132477283477783,1,6,-0.048164092004299164,7.121694087982178
1214,CCDC32,"CCDC32, NUP54, COX11, GDE1, DIMT1",0.003965701826281672,6.3418450355529785,5,7,-2.4941673278808594,6.696869373321533
1215,SEPTIN9,"SEPTIN9, CHCHD2, DYNLRB1, EEF1G, PPIA",0.0003647073125776964,4.497303485870361,0,8,-0.2130366712808609,6.488678932189941
1216,SLC25A6,"SLC25A6, DYRK2, SUCLA2, ZMAT5, CTBP1",0.006724536174651665,12.701127052307129,1,6,0.016145238652825356,8.270771980285645
1217,<SPECIAL>,"<SPECIAL>, TFRC, LAPTM4B, SLC20A1, NSMCE2",0.0009284350134706411,73.33935546875,21,2,-2.139134407043457,7.826291084289551
1218,BANF1,"BANF1, KDELR1, ISCA1, DDRGK1, ERP29",0.004050996278416778,8.586946487426758,9,0,0.2541571855545044,7.168289661407471
1219,PACC1,"PACC1, CEP63, CACUL1, FBXO3, CAPN1",0.0005323550288432504,3.852506160736084,0,8,-0.38229966163635254,6.450376033782959
1220,CASP3,"CASP3, DCXR, FBXO33, NONO, MAN1A1",0.003347071949301762,9.691460609436035,3,8,-3.461414098739624,7.614131450653076
1221,MTF1,"MTF1, GTF2B, PEX2, MFSD10, BCOR",0.011500045098216071,10.742976188659668,0,4,2.987694263458252,7.10855770111084
1222,PPP3CC,"PPP3CC, DIP2A, EMC4, ZNF280D, SLC4A7",0.009375526962850834,7.517070770263672,0,9,-1.3993757963180542,6.2374396324157715
1223,N4BP2,"N4BP2, SMIM20, FAH, HSDL2, RIPK1",0.01240102902364323,5.679261207580566,0,1,0.3089882433414459,7.379773139953613
1224,FAH,"FAH, RSRC1, NFE2L2, RSL24D1, WDR83OS",0.002160792787422696,9.19682788848877,7,8,-2.8095152378082275,6.533170700073242
1225,PSPH,"PSPH, TGFBRAP1, ATP5F1B, POFUT1, SKP2",0.0035304060015921633,7.045533657073975,4,6,0.3118777871131897,6.681997299194336
1226,HLCS,"HLCS, WDR70, ARMCX6, NEDD1, SLC39A6",0.01600790591335652,8.948522567749023,8,1,-0.09749353677034378,4.430898666381836
1227,PMM1,"PMM1, CFAP410, PDLIM1, PIBF1, EIF2S2",0.007929442860560238,8.717077255249023,0,8,0.9106037616729736,4.637011528015137
1228,ECH1,"ECH1, TBC1D4, CHKA, N4BP2L2, DIP2A",0.021252044125663238,10.398715019226074,0,7,-3.380929708480835,7.49675178527832
1229,BBX,"BBX, SPAG7, RUNX1, MGAT1, SPA17",0.018081443456641005,12.431554794311523,18,8,-0.9930726885795593,6.20512580871582
1230,WDR45B,"WDR45B, SAFB, TRPM7, KLHL7, SNX8",0.002971580280706983,4.6939921379089355,1,9,-1.8222792148590088,6.126096725463867
1231,RPL37,"RPL37, CENPU, CCDC14, BLMH, UBXN2B",1.9607920031058947e-05,2.392071008682251,0,6,0.22891154885292053,4.403994083404541
1232,HUS1,"HUS1, CIT, RAB5B, ABCC1, NFYB",0.01929713449856666,10.167283058166504,0,7,-0.46968793869018555,4.629714012145996
1233,USB1,"USB1, RPA1, HEXB, TMEM69, SRSF11",0.00561178671288907,11.839366912841797,2,0,-2.675936222076416,8.190978050231934
1234,MTIF3,"MTIF3, MZT2B, TENT2, MRPS30, CHURC1",0.005362766128494622,8.368500709533691,0,0,-3.9195845127105713,6.76152229309082
1235,FLOT2,"FLOT2, SUPT3H, SINHCAF, PRXL2A, PDXP",0.007492186243867623,5.682877063751221,11,1,2.6477344036102295,6.116370677947998
1236,DENND4A,"DENND4A, NSD3, TOMM34, PIK3CA, CTSA",0.033579543449189994,13.265138626098633,0,7,-3.1406781673431396,8.257523536682129
1237,NDUFB11,"NDUFB11, DDX24, DLGAP4, LDLR, TSPAN17",0.0020539296232534245,5.044126033782959,0,9,-1.933921217918396,4.772848129272461
1238,EXOC4,"EXOC4, BIRC6, FOXP1, YDJC, RANBP1",1.9607920031058947e-05,3.2389659881591797,9,8,3.702728748321533,6.654084205627441
1239,UBA1,"UBA1, XRRA1, ZNF830, WASHC3, HDAC7",0.012666716340064079,7.278646945953369,5,1,0.5467404723167419,7.761091709136963
1240,BLOC1S1,"BLOC1S1, ACACA, WSB1, CCDC92, PSMB6",0.0030362864168094776,7.890324592590332,3,9,0.21664923429489136,7.690194606781006
1241,UQCC3,"UQCC3, DCBLD2, MFSD11, REPIN1, ZDHHC12",0.004522566755163745,4.899621963500977,0,7,-0.9244996309280396,7.35068941116333
1242,HIKESHI,"HIKESHI, SAP30L, ZBTB1, ERLEC1, NANS",0.0001245102921972243,3.0029592514038086,2,8,-2.410250663757324,4.952035903930664
1243,NIPBL,"NIPBL, FBL, SUMO1, EIF1AX, SMCHD1",0.0008715720453805701,3.387223720550537,6,8,-0.2877477705478668,4.530043601989746
1244,PPP1R8,"PPP1R8, KIF23, TMEM185B, ARHGAP19, AVEN",0.004404919234977392,26.88442039489746,2,3,3.2270913124084473,5.943881511688232
1245,LYPLA2,"LYPLA2, VPS45, PGRMC1, ERGIC2, ERLIN1",0.00048431562476715595,3.188598394393921,1,6,-0.02371615543961525,7.371760845184326
1246,ZNF91,"ZNF91, LACTB, ALKBH7, M6PR, TM7SF3",0.01624320095372923,9.344006538391113,8,1,2.1966402530670166,6.989161014556885
1247,RCC1,"RCC1, DCUN1D4, WDR11, LSM1, KPNA1",0.009000035294256055,14.702773094177246,4,9,-3.5451369285583496,5.8242902755737305
1248,ITPRID2,"ITPRID2, NCBP3, ARL5B, ESCO1, HLTF",0.0024019702038047207,4.927280902862549,4,1,1.1653984785079956,6.558040142059326
1249,JAK1,"JAK1, TMEM131, MIEN1, ARHGAP35, DUSP11",0.02493539190349766,11.01978874206543,4,9,-2.0667452812194824,5.718673229217529
1250,SMURF1,"SMURF1, HTT, PPA1, USP16, DNAJC7",0.00020196157631990715,6.32625675201416,23,6,-0.7137027382850647,8.022845268249512
1251,SHMT1,"SHMT1, PLRG1, HDDC3, PUM1, CMPK1",0.00230196981164632,8.497299194335938,8,7,-3.167163848876953,7.375014781951904
1252,NNT,"NNT, MPC1, SERP1, ARGLU1, SEC61G",0.004924529115800454,11.024358749389648,9,8,-2.64250111579895,5.131740570068359
1253,ERAL1,"ERAL1, MANEA, MTA3, PPIH, AURKB",0.006154926097749403,13.690801620483398,15,7,-2.839113473892212,8.771986961364746
1254,STK24,"STK24, SNRNP27, USP48, STT3B, PIK3C2A",0.00017058890427021283,3.319455862045288,8,8,-0.8174044489860535,4.813991546630859
1255,AASDHPPT,"AASDHPPT, SLC25A24, COPE, PGRMC2, AUP1",0.00010882395617237714,2.5680270195007324,0,0,-3.651271104812622,5.153656005859375
1256,VPS13D,"VPS13D, ILVBL, GDF11, CCDC28A, EDEM1",0.012534362879854431,13.356664657592773,3,0,1.056564450263977,5.397751808166504
1257,MGME1,"MGME1, TSPYL4, OTULIN, OSGEP, RSPRY1",4.8039404076094415e-05,2.5902013778686523,0,0,-2.635866641998291,7.616298675537109
1258,BAG6,"BAG6, PPP1R11, NCAPD3, SRSF6, PPP1R7",0.010491217612618089,7.849090576171875,2,9,-1.6895380020141602,5.573814868927002
1259,ATP5ME,"ATP5ME, MORF4L1, BOLA3, DDX18, RALY",0.00031274632449539017,3.2172958850860596,0,9,-0.7589418888092041,4.34964656829834
1260,SRP9,"SRP9, EIF3M, DUT, SRSF1, CDK6",0.0015205941984086212,3.2390904426574707,14,1,2.39686918258667,6.663259506225586
1261,NMT2,"NMT2, XPA, DPP8, SHARPIN, CTDSP2",0.0035745238216620457,6.310820579528809,0,1,0.7761125564575195,7.03869104385376
1262,AFF1,"AFF1, SLC4A7, PTRHD1, RBX1, REEP5",0.0006715712610637688,4.747863292694092,2,8,-2.6018359661102295,4.66105842590332
1263,ESCO1,"ESCO1, HLTF, UTP23, KLHDC3, CERS5",0.007716696928223248,7.114483833312988,3,8,-0.7811785340309143,7.392706871032715
1264,NDUFA6,"NDUFA6, CIAO2B, TMEM208, RNF220, LRP10",0.0002960795924689901,4.003395080566406,32,8,-1.0165866613388062,8.503107070922852
1265,MPHOSPH8,"MPHOSPH8, SLC12A2, NDFIP1, CDC42, LEPROT",0.00566472809697293,8.031564712524414,3,1,0.588537335395813,6.978357791900635
1266,CD151,"CD151, HDAC2, RBM39, DDX39A, FUS",0.0053853152365303395,8.005784034729004,27,8,-1.6786837577819824,5.209991455078125
1267,FGD6,"FGD6, MAN1B1, LACTB2, RBM14, PMM2",0.007645128020109883,9.769586563110352,1,4,2.5084874629974365,6.437760353088379
1268,FAM98C,"FAM98C, GABARAP, STAM2, TRAPPC6B, WSB1",0.014214761626516182,10.044830322265625,0,0,0.5333955883979797,4.656650543212891
1269,NDUFC1,"NDUFC1, SEPTIN11, ARF4, PET100, PHB2",0.003586288573680681,9.90677261352539,1,0,2.2786762714385986,7.088443279266357
1270,ZYX,"ZYX, ATP6AP2, ARFGEF2, IDH2, RDX",0.025625590688590934,11.361673355102539,0,6,-0.7753750085830688,7.032725811004639
1271,DR1,"DR1, MYDGF, TRMT11, EIF3I, ENSA",0.0030049137447597835,9.516683578491211,1,6,-0.9188278317451477,8.12513542175293
1272,NUBP2,"NUBP2, PSMC2, CCDC25, UTP15, RUVBL2",2.2549108035717786e-05,2.1800851821899414,39,7,-0.9899921417236328,8.648398399353027
1273,ADD3,"ADD3, CIT, UBE2E1, FAM174C, FBXO7",0.024120682826207163,6.125646591186523,18,1,-1.9849467277526855,9.014521598815918
1274,ADD3,"ADD3, RBM3, ZNF91, OSTC, PSMG1",0.0010186314456135121,5.328917980194092,2,7,-3.02339243888855,6.52229118347168
1275,MRNIP,"MRNIP, WNK1, ANXA4, FCF1, SH3GLB2",0.002562755148059404,6.092089653015137,1,9,-1.8775560855865479,5.513300895690918
1276,IER3,"IER3, KATNA1, SWI5, RAB3GAP1, NKIRAS2",0.009646116259279448,10.631302833557129,0,7,-0.5081515908241272,9.130929946899414
1277,PDE7A,"PDE7A, SPIN1, CMTR2, ZFX, LYPLAL1",0.011982399930980122,10.017107009887695,0,8,0.012832975946366787,5.130991458892822
1278,CCZ1,"CCZ1, CRNKL1, SWI5, ELL, EXOSC4",0.007721598908231013,12.008275032043457,5,7,-1.138526201248169,9.310821533203125
1279,LNPEP,"LNPEP, BIRC6, PI4KA, EMSY, TMEM98",0.0029490311726712653,4.497103691101074,14,1,-2.676992893218994,7.2153120040893555
1280,PPIG,"PPIG, PSMB6, UBE3C, BAK1, CHMP3",0.006540221726359711,4.869088172912598,14,1,0.6313275694847107,7.71480131149292
1281,TRMO,"TRMO, SUCLG1, SLC16A1, STAU1, MXRA7",0.012007890227020498,8.937753677368164,3,6,-1.7211179733276367,8.475353240966797
1282,CHEK1,"CHEK1, PDZD8, PRKCSH, PAPOLA, PPP1R8",0.0049451174318330664,13.008007049560547,21,8,-3.9411141872406006,6.4552130699157715
1283,HSPA8,"HSPA8, PSME2, GPN3, NCAPG, ZNF639",0.005145118216149867,8.329537391662598,0,9,-1.0548864603042603,5.227333068847656
1284,DENND4A,"DENND4A, PHF14, FGFR1, CDK17, TSPAN14",0.024424605586688575,12.187230110168457,3,9,0.34070804715156555,8.47392463684082
1285,MLLT11,"MLLT11, PARP4, FOXO3, MAP4K5, ZNF721",0.030947180185020334,13.037301063537598,0,6,-0.36306437849998474,9.186636924743652
1286,MAN1A2,"MAN1A2, UBE2H, GOLGB1, HSD17B11, PKN2",0.024520684394840765,13.187433242797852,10,6,-0.6914867758750916,6.297192573547363
1287,PRKAR1A,"PRKAR1A, CMTR1, ATMIN, UBXN2A, TRIP12",0.0019127525990298001,4.531688213348389,1,8,-1.5581464767456055,6.094287872314453
1288,ATG12,"ATG12, TUT7, TFRC, LASP1, MLLT6",0.0011107886697594893,4.800251483917236,0,8,-1.887622594833374,6.34036111831665
1289,RHNO1,"RHNO1, SLC38A6, SRBD1, COQ7, HLTF",0.0009205918454582174,5.888525485992432,2,9,1.4161593914031982,6.578461170196533
1290,PXMP2,"PXMP2, TMEM242, ZNF384, SPC25, PLA2G12A",8.92160361413182e-05,3.1858201026916504,3,7,-1.6160470247268677,9.087224960327148
1291,GNB1,"GNB1, HDAC8, PTGES3, SERINC3, N4BP2L2",5.1960988082306205e-05,2.8327746391296387,4,0,-2.3002002239227295,7.962594032287598
1292,GNAI2,"GNAI2, OCIAD1, BACH1, ATXN10, HADHA",0.000650982945031157,3.4671125411987305,1,1,0.4924801290035248,8.426796913146973
1293,PHF21A,"PHF21A, ANKRD28, SLC30A9, HELZ, CES2",0.009670626159318272,9.381388664245605,1,6,-0.18695954978466034,7.231051921844482
1294,PPP1CB,"PPP1CB, CHMP2A, GRB2, CIAO2B, RNF220",0.0001637261322593422,4.397569179534912,17,7,-3.1485917568206787,6.587917804718018
1295,B4GALT7,"B4GALT7, SIRT6, CALR, SAP130, DNAJC17",0.004852960207687089,8.968708992004395,0,7,0.8406188488006592,5.6806230545043945
1296,POLD4,"POLD4, NIN, MAT2B, MARK3, C7ORF50",0.02343146443711544,7.217345714569092,8,7,-2.0043137073516846,6.245443344116211
1297,TCF7L2,"TCF7L2, SF1, SRRM1, PPP4C, THADA",0.006988262699069408,11.591460227966309,0,0,-3.7343239784240723,5.951497554779053
1298,MICOS10,"MICOS10, CDC25B, DNAJB1, ZNF609, RPSA",0.0011245142137812304,5.117037773132324,3,9,0.3315410614013672,4.848514080047607
1299,OCIAD1,"OCIAD1, CXORF38, ZCCHC10, ATG4B, CCT2",0.0008617680853650406,3.9777183532714844,1,7,-2.4126031398773193,5.591979026794434
1300,SYNJ2,"SYNJ2, GON4L, PRKAR1A, USP33, PHF5A",0.004586292495264687,9.263286590576172,2,7,-3.7115113735198975,6.6559624671936035
1301,ZNF644,"ZNF644, PPP3CC, TIMM44, ZFR, ATP5MF",0.004200996866654379,11.969552993774414,3,8,-2.8270797729492188,4.967962265014648
1302,SEPTIN6,"SEPTIN6, ATP1A1, SLC25A3, RTN4, STAU2",0.0016529476586182692,7.303313732147217,1,9,-2.725210666656494,6.18582010269165
1303,SLC25A17,"SLC25A17, NRBP1, EXOSC3, CSNK2A2, BACH1",0.0001098043521739301,2.6981897354125977,5,0,-0.05904024839401245,4.255856513977051
1304,NAA15,"NAA15, KCMF1, MRPL37, ERCC6, KIF11",6.372574010094157e-05,2.671597719192505,6,4,2.6058428287506104,6.463751316070557
1305,GPS1,"GPS1, N4BP2L2, CUX1, CDKAL1, NR3C1",0.007522578519915764,8.698142051696777,7,7,-0.8122877478599548,4.6129326820373535
1306,RIPK1,"RIPK1, SNAPC2, CCDC14, DSTYK, CDC5L",0.0070000274510880435,10.508625030517578,4,6,0.018498392775654793,8.915797233581543
1307,EZR,"EZR, SYNJ2, RNH1, LCORL, ZNF609",0.003083345424884019,6.792144298553467,3,5,-2.455367088317871,6.909317493438721
1308,RAB18,"RAB18, ISOC1, DAXX, TATDN2, NTHL1",0.0069980666590849375,11.342647552490234,0,9,0.10196498036384583,8.776103973388672
1309,WDR74,"WDR74, CCDC167, SPAG7, UBE2J1, METAP2",9.215722414597704e-05,3.641828775405884,9,8,-0.5020872950553894,6.305995464324951
1310,CDKAL1,"CDKAL1, TNFAIP8, ARID1A, QKI, ZNF292",0.024355977866579868,6.2764811515808105,29,1,-1.9637492895126343,5.749030113220215
1311,AKIP1,"AKIP1, KDM5A, USP5, RNASEH2C, SMG1",0.00012941227220498905,3.0182759761810303,1,7,1.276049256324768,7.1624226570129395
1312,MLLT11,"MLLT11, IVNS1ABP, LCORL, CCNY, ARID2",0.020123608327875797,7.6951775550842285,8,7,-1.91097092628479,9.18270206451416
1313,TAF5L,"TAF5L, TNKS, WDR3, PSMB1, PHPT1",0.00438433091894478,9.131572723388672,0,6,-0.4670499861240387,7.145208358764648
1314,SF3A3,"SF3A3, RINT1, DOLK, BRAT1, CLUH",0.0002549029604037663,3.4803037643432617,11,9,0.3908540606498718,7.9849534034729
1315,KLHL18,"KLHL18, THG1L, WDHD1, PHRF1, WASHC1",0.0017921638908387875,5.501208305358887,3,0,-3.8731191158294678,6.009276390075684
1316,MGAT2,"MGAT2, RC3H2, TMEM219, CHMP4B, RAB29",0.00432452676285005,5.787605285644531,0,8,-0.04596985876560211,4.416449546813965
1317,AAMDC,"AAMDC, TTF2, PIGG, WEE1, TERF1",0.011973576366966145,16.68489646911621,3,9,-2.558680534362793,5.8472771644592285
1318,LMNB2,"LMNB2, PAK4, PRR13, RNF24, KIF18A",0.006070612041615849,8.977204322814941,2,0,-3.8094778060913086,6.193861961364746
1319,RPL9,"RPL9, ACTB, RPS3, DLD, XXYLT1",3.9215840062117894e-05,2.2211222648620605,0,5,3.1446797847747803,6.162344932556152
1320,TRMT6,"TRMT6, MTMR4, PIGK, C5ORF22, KIFC1",0.003943152718245954,7.591939449310303,0,1,2.2435929775238037,6.434387683868408
1321,PDCD5,"PDCD5, KDM3A, TRIP12, CKS1B, SNX6",0.024245193118404385,9.758888244628906,21,1,1.953630805015564,8.42027473449707
1322,TACC1,"TACC1, ITSN1, ERGIC3, SLC38A2, EZH1",0.031394240761728476,11.222028732299805,1,8,-2.8278162479400635,6.312694072723389
1323,NTMT1,"NTMT1, RBM15B, DIDO1, PNKP, RSRC2",0.0024254997078419914,9.34881591796875,1,6,-2.2449965476989746,8.658510208129883
1324,XRN1,"XRN1, MZT2B, LIMA1, PRDX3, SMS",0.005176490888199561,10.12901496887207,4,0,-3.6743929386138916,6.5315985679626465
1325,CEP63,"CEP63, ADIPOR2, CSPP1, ETHE1, NCOR2",0.006793163894760371,5.2720208168029785,3,1,0.4927484095096588,6.688426494598389
1326,LAS1L,"LAS1L, ANKS6, CPT2, ZNF414, CNOT11",0.0063343385660335925,9.571953773498535,4,7,-2.669607162475586,5.845991611480713
1327,PURB,"PURB, EMC8, MRPL58, SRP68, PPP6R1",0.00023725583237581323,3.17164945602417,8,4,2.8248348236083984,6.310771942138672
1328,SPIN1,"SPIN1, CCDC12, BRD4, DNM1L, ATP2C1",0.0025588335640531925,8.843158721923828,5,5,0.3780834376811981,5.047956466674805
1329,SPTBN1,"SPTBN1, COX7A2, TPI1, COX6B1, COX6C",3.8235444060564946e-05,3.5154929161071777,4,4,3.4078338146209717,6.816879749298096
1330,FCF1,"FCF1, FMR1, COA1, SECISBP2L, ZNF217",0.007821599300389413,8.268125534057617,11,9,0.2734062671661377,5.349226951599121
1331,MED15,"MED15, ARMC6, BRIX1, TXNDC11, SMIM27",0.01604025898140777,7.655587673187256,16,8,-2.677605390548706,4.848892688751221
1332,B2M,"B2M, TMSB10, RPL10, RPL41, RPS29",0.0015882415225157746,18.068187713623047,0,5,0.5321918725967407,6.6299214363098145
1333,ICE1,"ICE1, SMIM29, FXR1, CBL, TAF12",0.001206867477911678,4.110377311706543,1,9,-0.513481080532074,6.107350826263428
1334,MAN2A1,"MAN2A1, STX7, ERICH1, ZNF609, TBC1D1",0.0305040411923184,12.610984802246094,0,8,-0.024048052728176117,7.5848259925842285
1335,PABPN1,"PABPN1, CCDC107, TSPAN13, RNF139, KPNA2",0.0008098070972827344,4.318014144897461,5,8,0.28216055035591125,4.8201212882995605
1336,PROSER1,"PROSER1, SNAPC4, SETD4, GTF2H4, PDSS1",0.002523539307997286,15.95295524597168,0,3,4.0425615310668945,6.284468650817871
1337,ARHGEF7,"ARHGEF7, ACAD8, IER3, CHD6, FAHD2A",0.011069651253534327,8.262283325195312,2,0,0.06906470656394958,4.309279918670654
1338,BFAR,"BFAR, NET1, CEP295, KIF14, RBM4",2.3529504037270734e-05,2.0684895515441895,15,4,3.181678056716919,7.062399387359619
1339,RUNX1,"RUNX1, ELF2, KIF5B, RNPEPL1, IMPDH2",0.00012745148020188314,3.3128275871276855,1,0,-2.331061840057373,8.061332702636719
1340,LRRFIP2,"LRRFIP2, SMDT1, ZNF652, PIP4K2A, USP47",0.017621637731912675,8.279654502868652,18,0,-2.796987295150757,8.589207649230957
1341,KIF3A,"KIF3A, BRD8, SYVN1, MON1B, TSPYL4",0.00861866124965196,10.015127182006836,0,6,1.0591951608657837,4.719916343688965
1342,LAMTOR5,"LAMTOR5, HECTD4, ADD3, VAPA, KRT10",0.0019627527951090002,7.692874908447266,1,0,-3.428067207336426,6.041264533996582
1343,RB1,"RB1, PRMT1, ATP5F1B, RPS27L, LRPAP1",0.023455974337154264,13.22899341583252,11,9,-2.8163414001464844,5.5201263427734375
1344,SFI1,"SFI1, THRA, FBXO33, PARG, GOPC",0.023799112937697795,12.295539855957031,0,8,-1.2922335863113403,5.9777116775512695
1345,SNRPC,"SNRPC, SSU72, REX1BD, ZNF24, AKAP17A",0.003285307001203926,6.9161295890808105,5,0,-2.3385868072509766,7.517458438873291
1346,POLR2C,"POLR2C, ZC3H15, MZT2A, CLTB, CENPC",0.002602951384123075,6.407103061676025,15,1,0.26084521412849426,7.969564437866211
1347,FMR1,"FMR1, NBEAL1, FAM174C, TRPT1, SMPD4",0.006512770638316229,5.293989181518555,2,9,-1.1144423484802246,6.353246688842773
1348,MRFAP1,"MRFAP1, ROCK2, GUSB, AKR1A1, FXR2",0.00047157047674696763,3.7030751705169678,0,0,-1.992724895477295,8.076089859008789
1349,PPIE,"PPIE, WDR45B, ZNF668, IFT88, FLOT2",0.00034804058055129625,3.604893445968628,2,9,-1.0105358362197876,6.082328796386719
1350,SCAND1,"SCAND1, CLUH, SLC25A23, ERBIN, EIF3L",0.005421589888587798,13.721914291381836,5,8,-3.5830390453338623,5.390920162200928
1351,ZFX,"ZFX, NUDT22, MT-ND6, CCDC85B, HINT1",0.0007980423452640991,9.393277168273926,5,6,-1.903857707977295,8.76512622833252
1352,CHORDC1,"CHORDC1, UQCC2, DDX50, POGK, ZNF282",4.0196236063670835e-05,2.217930555343628,12,9,-3.6766552925109863,5.721423625946045
1353,NFAT5,"NFAT5, COP1, RAB1A, COA3, CDK13",0.010884356409240821,4.663280963897705,4,1,-2.0270373821258545,5.149983882904053
1354,FAM120B,"FAM120B, SNAP23, CAST, CERS2, ERI3",0.0037431519339291524,6.867157459259033,0,0,-1.9810583591461182,6.718650817871094
1355,ALG1,"ALG1, ZMYM2, PDCD4, NDUFA2, C12ORF4",0.025144216251828437,13.353007316589355,2,0,-3.8511199951171875,6.374548435211182
1356,VPS4A,"VPS4A, ZNF664, PGS1, PIP4P2, TRIAP1",0.012110831807183557,11.786816596984863,11,0,-2.1396379470825195,8.586877822875977
1357,CNBP,"CNBP, ZNF217, PLEKHJ1, CASP2, NUP107",0.0001058827681677183,3.904247522354126,0,7,-1.14165198802948,7.2565836906433105
1358,ATP5PO,"ATP5PO, STK4, GABARAPL1, ABCC5, CCDC92",0.003292169773214797,7.531327247619629,5,5,0.23439794778823853,4.048087120056152
1359,MPV17,"MPV17, TIMM23B, TRIM73, CPOX, ADAM10",0.008160816316926733,9.82271957397461,45,6,-1.5093512535095215,8.770970344543457
1360,EMC6,"EMC6, ING2, FBH1, DUS1L, HSPD1",0.004026486378377954,7.010229110717773,0,4,2.6736109256744385,6.770125865936279
1361,RAB2A,"RAB2A, ARHGDIA, TUT7, ITGB1BP1, PSMD11",0.00035980533256993165,3.9096131324768066,9,0,-1.9405475854873657,6.658424377441406
1362,ANAPC11,"ANAPC11, RAB28, LGALS8, NAPG, LMBR1",0.004571586555241393,6.829536437988281,0,1,1.1236811876296997,6.908255577087402
1363,TNRC18,"TNRC18, LRRC28, GIGYF2, PRKD3, ANXA4",0.012369656351593535,7.987451553344727,1,7,1.8078962564468384,6.470092296600342
1364,PGLS,"PGLS, ROCK2, METTL26, MPHOSPH8, RABEP1",0.00024607939638978977,3.3069868087768555,22,6,-0.7022747993469238,6.146064281463623
1365,CCNY,"CCNY, ATP2B1, CLPB, CCNB1, GATB",0.0009460821414985941,4.855910778045654,7,6,-0.1843462586402893,4.0262017250061035
1366,HIRA,"HIRA, PDCD10, CDK12, PIEZO1, ELAVL1",0.0023186365436727203,4.302760124206543,22,6,-0.5183965563774109,7.308012962341309
1367,CYTH2,"CYTH2, MON1B, GGH, PPP2R1B, NUDCD2",0.004539233487190146,11.521300315856934,4,6,-0.8036787509918213,6.724925518035889
1368,ZNF207,"ZNF207, TOMM22, EIF3G, CREM, ESD",0.0014205938062502206,8.802568435668945,2,5,-0.23706981539726257,8.669425964355469
1369,TUBGCP2,"TUBGCP2, PIK3CA, HMGCS1, ZNF207, DDX23",0.0004225506766693203,3.433846950531006,7,7,-2.6878223419189453,8.743631362915039
1370,RNF166,"RNF166, DBNL, ITSN2, ANKRD13C, IRAK4",0.01224808724740097,10.900739669799805,3,5,3.454943895339966,5.271040916442871
1371,SNX13,"SNX13, ZYX, NCOR1, TOB1, NUDC",0.0059764940254667664,8.71439266204834,2,8,0.7019848227500916,5.043363571166992
1372,TST,"TST, TTC32, PHIP, CRTAP, GTF2A2",0.010254942176243828,7.157044410705566,3,1,0.7993872761726379,6.913172245025635
1373,KLHDC3,"KLHDC3, COPE, TRIR, YBX3, PPP4C",0.002103929819332625,9.746081352233887,2,9,0.4617169201374054,7.289850234985352
1374,SNAPIN,"SNAPIN, DCAF11, MRPL37, MTMR14, GRB2",0.0004401978046972733,3.782222032546997,7,0,-3.4655392169952393,7.2276930809021
1375,PUS7L,"PUS7L, C15ORF40, TMEM70, FKBP8, RWDD1",0.0028960897885874064,9.818907737731934,0,8,-3.1610984802246094,5.012876987457275
1376,TXNRD1,"TXNRD1, HNRNPD, TRA2A, APEX1, LMO4",0.00031862870050470784,3.6251373291015625,17,0,-3.755692958831787,6.8423871994018555
1377,HSD17B4,"HSD17B4, MTRR, GSTCD, SPG7, LPIN2",0.008217679285016804,7.398471355438232,2,1,1.9805536270141602,6.07388162612915
1378,TFAM,"TFAM, PCLAF, HPS1, VMP1, SEPTIN7",0.007808854152369225,14.446227073669434,2,7,-1.6702162027359009,8.357996940612793
1379,CREBBP,"CREBBP, ZNF217, CIT, MXRA7, GID4",0.10025333432680128,10.255168914794922,0,9,-1.7664095163345337,6.760721206665039
1380,FARSA,"FARSA, KMT5A, LIAS, NDUFS3, RBM28",3.4313860054353156e-05,2.4647889137268066,14,4,3.8900485038757324,6.499398231506348
1381,ANAPC13,"ANAPC13, GRAMD1A, ZNF593, HEXA, BTAF1",0.0001911772203028247,3.796576976776123,2,9,-0.6903711557388306,6.785074234008789
1382,MGAT1,"MGAT1, MPRIP, CDK16, AKT1S1, DCAF15",0.002398048619798509,9.314311981201172,6,0,-2.3686776161193848,7.58668327331543
1383,UCP2,"UCP2, SEC61B, TBC1D5, ANXA5, GLUL",0.0018421640869179879,14.345319747924805,4,5,0.2860981225967407,3.5102970600128174
1384,FBH1,"FBH1, ASPSCR1, PGGT1B, AKAP9, ANAPC1",0.004518645171157534,7.857013702392578,0,6,-0.5052021145820618,5.652517318725586
1385,ROCK2,"ROCK2, UPF3B, RAB11FIP1, TUBGCP2, ITGB1",0.005713747897050577,8.063532829284668,38,6,-0.6885954737663269,8.148233413696289
1386,SNRPE,"SNRPE, TUBB4B, SUMO1, TMEM50B, NSMAF",0.002638245640178981,7.3689727783203125,0,0,-3.6546471118927,6.012899875640869
1387,CD164,"CD164, POLK, OSBPL8, MYC, PPIL1",1.470594002329421e-05,2.148958206176758,17,8,-3.354902505874634,5.504223346710205
1388,DNAH14,"DNAH14, PPP4R2, MON1B, MTHFS, PSMD6",0.011402005498060776,14.921120643615723,2,9,-1.0887047052383423,6.800223350524902
1389,RPS6KA3,"RPS6KA3, PUM3, ELOC, TONSL, EFR3A",0.01942360558276699,5.1232075691223145,18,8,-1.493332028388977,6.449981212615967
1390,STAT6,"STAT6, PRXL2A, STX8, GSPT1, ST3GAL3",0.009114741626437751,12.650020599365234,0,5,0.47955387830734253,4.001925468444824
1391,ABHD2,"ABHD2, C1ORF43, RPAP2, UPF3A, COMMD10",0.0002960795924689901,4.432218551635742,0,8,-1.0292394161224365,5.977211952209473
1392,RBBP5,"RBBP5, TIMELESS, AQR, SAC3D1, PRKRIP1",4.901980007764736e-05,2.055886745452881,0,7,-3.1324117183685303,8.022001266479492
1393,TM2D1,"TM2D1, COMMD8, TGIF1, SORBS3, KIF3A",0.0074314016917713405,7.370640754699707,0,1,0.6258338689804077,6.629905700683594
1394,KDELR2,"KDELR2, ANXA11, RHOC, GPBP1, SYF2",0.005860807297283519,10.218971252441406,10,0,-3.341254472732544,6.144786834716797
1395,SCAMP1,"SCAMP1, SNRPB, MIA3, BCL10, RNF187",0.0023215777316773793,5.147891521453857,10,6,-1.3932913541793823,7.6436262130737305
1396,IQCB1,"IQCB1, ELP3, THAP5, GTF2H1, RBM14",0.00791375652453539,6.79846715927124,0,1,1.856073021888733,6.812037467956543
1397,PSMB10,"PSMB10, COX16, CYB561A3, PHYKPL, PRKCSH",0.0029598155286883476,9.651616096496582,39,0,-3.607089042663574,5.727273464202881
1398,FNBP1,"FNBP1, PHAX, CFLAR, ARPC1B, ISCU",0.0021353024913823193,7.510985374450684,0,9,-0.4175856113433838,5.7060770988464355
1399,TRIM38,"TRIM38, RALY, SPART, TXN2, DCXR",0.00034019741253887273,3.756801128387451,24,8,-2.3786158561706543,4.546658039093018
1400,CENPF,"CENPF, SEPTIN7, PHGDH, NDFIP1, TGFB1",0.001747065674767352,5.639648914337158,33,7,-2.164022207260132,7.31414270401001
1401,SLC4A2,"SLC4A2, USP37, PRPF3, NDFIP1, SUB1",0.0029245212726324416,6.268159866333008,6,8,-0.8503380417823792,5.211860656738281
1402,SKA3,"SKA3, PSMG3, TRIAP1, BCAP29, SBNO1",0.0003823544406056494,3.306602954864502,10,4,2.170888900756836,7.415554046630859
1403,NAP1L1,"NAP1L1, RPL36A, CLIC1, TRAPPC8, CCNK",0.00819316938497798,12.258317947387695,0,9,-1.7027900218963623,5.6644134521484375
1404,ODC1,"ODC1, TOMM70, LACTB2, TMEM14B, PRMT1",5.686296809007094e-05,3.031221389770508,6,0,-3.868863821029663,7.442166805267334
1405,ETFDH,"ETFDH, TAF12, SFI1, TET2, NISCH",0.004780410903572171,7.827314376831055,4,1,0.8827933669090271,6.599729061126709
1406,EBPL,"EBPL, PSMC4, PNPLA2, FAM32A, UBE2V2",0.00028333444444880176,3.5068774223327637,18,9,-0.584606945514679,7.274463176727295
1407,ZCCHC17,"ZCCHC17, ZNF148, MPC2, PPIB, DOCK7",0.016404966293985468,7.991428852081299,0,6,-0.09467952698469162,7.4363532066345215
1408,SAMD1,"SAMD1, MPRIP, CHD4, ASPSCR1, OSBPL9",0.0020558904152565304,8.827491760253906,1,0,-2.9435312747955322,8.369178771972656
1409,MZT1,"MZT1, GUF1, CCT3, TIMM8A, CFAP298",0.0013068678700700787,35.45524215698242,12,3,3.7188594341278076,6.1354660987854
1410,PANK3,"PANK3, MINDY3, FBXO33, PDZD8, ISY1",0.013653975113627896,6.708629131317139,0,1,2.137848138809204,6.688754558563232
1411,ATXN10,"ATXN10, R3HDM4, CGGBP1, ATP11A, PRKAR2A",0.002606872968129287,4.443181991577148,11,1,2.3413307666778564,6.637584209442139
1412,STXBP5,"STXBP5, GCC2, PJA2, ARL4A, TRMT112",0.009001015690257609,12.518217086791992,21,7,-1.6095961332321167,8.419564247131348
1413,NT5C3A,"NT5C3A, HSDL2, POLR2D, CCDC137, PWP1",0.009309840430746787,13.953316688537598,2,0,-2.5037753582000732,8.254512786865234
1414,WDR83,"WDR83, TAF1B, ZBTB21, HMGN1, HAUS2",0.002137263283385425,5.488239765167236,0,6,-0.42861172556877136,5.5812087059021
1415,ATAD5,"ATAD5, MRPS33, RAD17, TERF2, KIF18A",8.627484813665935e-05,3.2311460971832275,11,0,-3.234997034072876,5.954510688781738
1416,RAD1,"RAD1, SBF1, GFM1, ATG5, ZNHIT3",0.008270620669100663,8.448457717895508,4,0,-3.680159568786621,5.940357208251953
1417,LMF2,"LMF2, UCHL3, ARPC2, PDPK1, OSGIN2",0.00992650951572359,14.469464302062988,0,0,-3.848121404647827,6.231742858886719
1418,MFHAS1,"MFHAS1, KATNAL1, POC1B, GGA2, SPAST",0.008553955113549465,5.443081855773926,0,7,0.6530777215957642,5.86013126373291
1419,ARPC1B,"ARPC1B, PHAX, PPP1R14B, ZNHIT1, RNF220",0.002866677908540818,9.204801559448242,1,9,-1.386638879776001,6.2412495613098145
1420,CCDC66,"CCDC66, GBF1, SRSF6, CNDP2, LDLR",0.004704920411452594,10.065747261047363,6,5,0.7498142719268799,4.8439621925354
1421,P4HB,"P4HB, PPP1CA, N4BP2L2, PRELID1, ANTKMT",0.000130392668206542,5.0288591384887695,0,6,-0.7503963112831116,7.416996002197266
1422,ACAA2,"ACAA2, CEBPZ, COQ4, PEMT, RRP36",0.006438260542198205,8.983344078063965,0,7,-3.5002870559692383,7.968238830566406
1423,TRIP4,"TRIP4, LEMD2, IFT81, TENT4A, WARS2",0.007415715355746493,8.675610542297363,2,0,0.7226269841194153,5.656984329223633
1424,TTK,"TTK, PMS2, FKBP3, SEC22C, CAND1",0.006545123706367476,14.40694522857666,0,4,3.557551383972168,6.841699123382568
1425,SUPT20H,"SUPT20H, CTNNB1, ISCU, HIGD2A, NAA38",0.0038225640100549413,10.058686256408691,7,0,-3.962982654571533,6.7351226806640625
1426,POLR2L,"POLR2L, UQCRQ, DSN1, CCNL1, GPBP1",0.0002617657324146369,3.078643321990967,1,1,-1.3168156147003174,7.943910598754883
1427,ZNF512,"ZNF512, PARL, ST7L, NPRL3, CENPM",0.007751991184279154,11.718381881713867,1,6,-0.6960213780403137,7.675631999969482
1428,AP5B1,"AP5B1, ABHD17A, SCAMP2, TBC1D10B, WDR74",0.0014372605382766206,4.421517372131348,6,9,-2.007277011871338,5.098535537719727
1429,MZT2A,"MZT2A, LAMP1, PREPL, TCF12, YBX3",0.0018274581468946938,5.9792656898498535,3,6,-1.301693081855774,6.774968147277832
1430,FABP5,"FABP5, SOS1, ARID5B, ILKAP, SF3B6",0.00023529504037270735,5.3981523513793945,9,9,-2.5820581912994385,5.015100955963135
1431,GTF2F1,"GTF2F1, SMIM26, PHTF2, NSMCE3, DNAJC3",0.013434366409280037,10.217122077941895,16,9,-2.4596736431121826,5.769881248474121
1432,RAP1B,"RAP1B, MED17, RIT1, INO80D, CIAO2B",0.0008656896693712524,4.876478672027588,0,9,-1.2073702812194824,5.109025478363037
1433,UBE2B,"UBE2B, ARIH1, RCN1, RNH1, NAA38",0.002716677320303217,8.18310546875,10,5,-0.11598486453294754,4.943269729614258
1434,PIAS1,"PIAS1, BAX, RALGAPA1, ABHD14B, TBC1D31",0.008227483245032334,14.666977882385254,12,9,-2.141857624053955,5.111952781677246
1435,CLK1,"CLK1, BARD1, AP1M1, VPS13A, ARMCX6",0.009314742410754553,10.97885799407959,0,6,-0.14691585302352905,5.17354154586792
1436,ELOVL1,"ELOVL1, MTHFD1L, ATAD3B, APPL1, LAMTOR2",0.001281377574029702,4.854947090148926,11,6,-0.1799822300672531,7.829354286193848
1437,ATXN10,"ATXN10, UTP15, TRIM38, DDX46, DCXR",0.0005696100769022624,3.5933947563171387,3,4,3.3083913326263428,6.461142539978027
1438,PIK3CA,"PIK3CA, HTT, CENPC, TBCC, KIDINS220",0.0025009901999615684,5.758230209350586,9,6,-0.35904166102409363,6.5916666984558105
1439,GDE1,"GDE1, RIC8A, MED16, SKIL, QSER1",0.011602986678379132,13.759391784667969,0,6,-0.9449101090431213,7.988907814025879
1440,BACH1,"BACH1, TNIP2, MICOS13, ARL4A, PURA",0.0011960831218945957,6.481966495513916,0,7,-0.21764224767684937,8.912869453430176
1441,DTD2,"DTD2, HSPA4L, DAG1, SHLD2, UNK",0.016537319754195114,12.20586109161377,1,9,-2.902625799179077,5.9846649169921875
1442,BRAF,"BRAF, RNF181, CRTAP, DRAP1, PDLIM2",0.01883144639782901,10.50383186340332,8,9,-1.697413444519043,4.73618745803833
1443,NDFIP1,"NDFIP1, TMA7, VPS13C, CCDC88A, CPEB4",0.011523574602253343,13.662141799926758,6,0,-1.0264822244644165,9.140268325805664
1444,RMDN1,"RMDN1, PPP2R1A, LAMTOR2, SC5D, JPT1",0.00150686865438688,5.7887187004089355,36,9,-2.5147078037261963,5.25761079788208
1445,ITGB3BP,"ITGB3BP, TFG, NUP50, PCNX4, GNAI2",0.013653975113627896,8.791120529174805,27,9,-3.1236536502838135,6.016561985015869
1446,HMGXB3,"HMGXB3, PLEKHA3, ZSWIM8, ABCB7, GSK3B",0.003176483045031549,9.019308090209961,0,6,-1.3391261100769043,8.386613845825195
1447,TIMMDC1,"TIMMDC1, KPNA2, DCUN1D5, NF2, ZMPSTE24",9.509841215063589e-05,2.9073774814605713,3,4,3.8647267818450928,6.235589504241943
1448,SASS6,"SASS6, ETNK1, DHX33, TMEM33, SDHAF3",3.1372672049694314e-05,2.561812162399292,0,7,2.5813026428222656,7.11431884765625
1449,BRIX1,"BRIX1, PSPC1, SLU7, TBL3, MED15",0.0003421582045419786,4.12860631942749,2,7,1.540604829788208,6.639825820922852
1450,METTL9,"METTL9, CCND3, SRSF4, SHPRH, KDM6B",0.0016519672626167162,4.69822359085083,9,6,-0.6410956978797913,6.629018783569336
1451,TMBIM4,"TMBIM4, CPSF6, SNAPC2, RNF10, UBE2E3",6.078455209628273e-05,3.0848257541656494,28,8,-3.0290887355804443,7.828875541687012
1452,ADK,"ADK, SHLD2, PTP4A2, BPTF, HSPA4L",0.0045833513072600284,10.745177268981934,10,9,-2.5137455463409424,5.6927337646484375
1453,JAK1,"JAK1, TRAPPC8, MACF1, SUPT20H, EXOC7",0.002303930603649426,6.648922920227051,0,0,-2.7388663291931152,7.9947052001953125
1454,ERP29,"ERP29, RNF141, PATL1, VPS26C, ADPGK",0.010610825924807549,11.329048156738281,0,7,-2.3850207328796387,6.914454936981201
1455,PDLIM7,"PDLIM7, TFG, HMOX2, ARHGEF2, NDUFA6",0.00046470770473609703,5.167725086212158,29,6,-0.7622719407081604,7.508535861968994
1456,PGAM1,"PGAM1, EEF1G, SRSF7, MEF2A, BLOC1S1",0.005066686536025632,9.519681930541992,1,9,-2.8418877124786377,6.498938083648682
1457,GNG5,"GNG5, TOMM20, RSL1D1, ATP1B3, RGS10",0.006309828665994769,12.255370140075684,1,9,-1.4132758378982544,5.038573741912842
1458,SNAPC2,"SNAPC2, KCTD3, RIPK1, CDKN2AIPNL, C16ORF87",0.003698053717857717,7.7826032638549805,0,7,-0.22464537620544434,9.123811721801758
1459,SQSTM1,"SQSTM1, EEF2, ELF1, CDC42, SDCBP",0.008147090772904991,9.301931381225586,1,7,-0.6035939455032349,9.271700859069824
1460,CRTC3,"CRTC3, ANXA11, RAP2B, PTPRA, MAP2K2",0.004443154679037957,7.281746864318848,15,9,-1.5305969715118408,5.627654075622559
1461,<SPECIAL>,"<SPECIAL>, ZMYND19, SRM, ABCE1, B2M",0.0009264742214675351,74.1314468383789,0,2,0.8775507211685181,6.472943305969238
1462,DYRK2,"DYRK2, PEX2, TBK1, ZCCHC10, AIDA",0.009637292695265472,8.205537796020508,0,7,1.440972924232483,6.634800910949707
1463,MIS12,"MIS12, G6PC3, RPA3, SLC3A2, MAP3K20",0.008665720257726502,6.530684947967529,20,4,2.796674966812134,6.2607421875
1464,BRAT1,"BRAT1, ADIPOR1, SPAG5, SDAD1, CIP2A",1.7647128027953052e-05,2.4079976081848145,1,9,2.384645938873291,6.498756408691406
1465,DNAJB12,"DNAJB12, VAPB, ZNF414, USPL1, DCTN6",0.009266703006678458,9.759902000427246,1,9,-2.0403006076812744,5.4647908210754395
1466,PPP1R16A,"PPP1R16A, AKAP17A, PKN2, GOLGB1, KMT5B",0.018696151749614705,9.284585952758789,7,9,-2.7931134700775146,5.5629072189331055
1467,TM9SF1,"TM9SF1, TNIP2, NUP205, DIDO1, ARMC10",0.01509515723591073,13.103455543518066,0,6,-0.26609525084495544,8.884833335876465
1468,AARSD1,"AARSD1, REST, BLOC1S6, WDR5, LENG1",0.008282385421119299,8.230809211730957,1,8,-0.23417410254478455,6.97900390625
1469,NAB1,"NAB1, HDHD2, TMEM214, RNF167, DDHD1",0.019272624598527837,13.40884780883789,0,0,1.2799534797668457,5.2419915199279785
1470,N4BP1,"N4BP1, MRPS10, GCLC, TRIP13, ATP5MG",0.006934340918983996,9.655078887939453,6,6,-0.6168836951255798,7.297061920166016
1471,MRPL52,"MRPL52, PYURF, CIRBP, C19ORF53, DNAJB6",0.00019902038831524829,3.5192644596099854,9,9,-3.7220027446746826,5.5717878341674805
1472,TLE3,"TLE3, TMEM107, COG6, RPL22L1, PMVK",0.004354919038898192,9.373766899108887,3,8,1.6995656490325928,6.010448455810547
1473,G2E3,"G2E3, GDE1, GRIPAP1, PHC3, RHOG",0.006445123314209075,7.406678199768066,0,7,-0.7610251307487488,4.456799507141113
1474,BCKDHB,"BCKDHB, NCOR2, CCDC66, PIF1, KLF3",0.012698089012113773,11.102479934692383,0,0,1.5687111616134644,5.3182053565979
1475,SNIP1,"SNIP1, TTF1, DUS1L, RAB6A, LRRC47",0.01703732171498712,10.479822158813477,1,0,-4.031953811645508,6.569941997528076
1476,CCDC167,"CCDC167, TOPORS, GGNBP2, AP3S1, RSBN1L",0.0011794163898681956,4.597284317016602,23,8,0.020853374153375626,6.042154788970947
1477,TMEM203,"TMEM203, WDFY1, HSP90AA1, PPME1, KIF2A",0.004704920411452594,10.38852310180664,21,8,-0.6153309345245361,6.640047073364258
1478,RHOBTB3,"RHOBTB3, FNBP4, MRPL52, PTEN, SUPT4H1",0.001208828269914784,6.534254550933838,7,0,-3.927424192428589,6.233633518218994
1479,NEDD1,"NEDD1, MSL2, RALGDS, LGMN, TMED10",0.09612194557625717,11.832125663757324,0,7,-0.8230663537979126,7.252115249633789
1480,SEC24C,"SEC24C, RMDN3, ATP5MC3, MAP4, PPP6R2",0.0030392276048141365,7.759637832641602,9,7,-2.0009517669677734,8.85341739654541
1481,PEA15,"PEA15, NUP107, TAPBP, PPP1R10, DYRK1A",0.026586378770112825,6.459946155548096,17,1,0.14027975499629974,7.972263336181641
1482,MYH10,"MYH10, POLR2J3, ADAM9, RPS27L, SYNJ2BP",0.0008941211534162879,4.060863971710205,6,6,0.3112124800682068,8.596100807189941
1483,LRBA,"LRBA, RAB7A, SNRPB2, CHD8, ALKBH7",0.008077482656794732,14.108046531677246,26,6,-2.2199881076812744,7.8250412940979
1484,GMEB1,"GMEB1, PNPLA6, KRIT1, PDCL, VEZF1",0.009782391303495308,7.042431831359863,5,7,2.062302589416504,6.680835723876953
1485,PGD,"PGD, POLR3GL, ELOC, CLASRP, BTN2A1",0.0004774528527562853,3.100766181945801,1,9,-1.464988112449646,5.256453990936279
1486,RHOC,"RHOC, MICAL3, NDUFA4, OST4, CAPZB",0.011638280934435037,17.836376190185547,3,8,-2.2931668758392334,5.193061351776123
1487,PDE4DIP,"PDE4DIP, MED27, FAM50A, CIT, SMC4",0.008211796909007486,8.274011611938477,3,8,-3.439990520477295,6.04908561706543
1488,DNTTIP1,"DNTTIP1, CEP89, HIRA, PSRC1, HEATR1",0.0019313801230593061,4.181244373321533,1,0,0.4449847638607025,5.931537628173828
1489,SAE1,"SAE1, RPIA, AMFR, ZYG11B, CFAP20",0.006350024902058439,5.8584723472595215,8,9,-0.7349594831466675,6.227904319763184
1490,KIDINS220,"KIDINS220, MED30, EPC2, EHMT1, LANCL1",0.09385723081266985,8.385727882385254,0,7,0.2280510812997818,6.988984107971191
1491,NAP1L1,"NAP1L1, TMEM230, RAB6A, AGO2, SMCHD1",0.008856897478029325,12.962890625,22,9,-1.969713568687439,5.808200836181641
1492,ATP6AP1,"ATP6AP1, RAP2B, APMAP, TRIR, NCOR2",0.00013725544021741263,3.0617878437042236,19,6,-2.4800984859466553,7.856803894042969
1493,PPP1R2,"PPP1R2, TIMM8B, MFSD1, ZNF394, UBE2G1",0.002118635759355919,6.954869747161865,1,6,0.33751365542411804,6.124682903289795
1494,RCAN1,"RCAN1, NCOA3, SLC39A10, FOXK1, TRA2A",0.017465754767665754,10.67237663269043,4,6,-0.1626875400543213,8.215553283691406
1495,CDR2,"CDR2, PRXL2A, UBL3, TYK2, PEX14",0.020361844556253162,9.588728904724121,2,7,-2.401515483856201,6.813412189483643
1496,PCID2,"PCID2, SLC35F6, PEX2, AP1S1, PJA2",0.000576472848913133,3.856436014175415,3,8,-0.4332641661167145,4.509608745574951
1497,ERGIC3,"ERGIC3, WNK1, ZNF267, OFD1, WBP2",0.02884325036568771,15.898738861083984,0,6,-0.25333672761917114,8.993878364562988
1498,PSMC4,"PSMC4, OST4, HNRNPM, NDUFB1, PPA1",0.004375507354930803,7.843047142028809,0,9,-1.99048912525177,6.005375385284424
1499,EIF1AD,"EIF1AD, DENND4B, BCL7B, GTF2H2, CDKN2AIPNL",0.006329436586025828,8.206324577331543,0,4,2.7931151390075684,6.992103099822998
1500,NDUFA3,"NDUFA3, SCP2, HERC2, WASF2, TFDP2",0.021434397781952087,7.894351959228516,22,1,1.9300974607467651,8.383197784423828
1501,NT5C,"NT5C, ZNF410, DALRD3, RDH11, HDAC2",0.009687292891344672,8.871881484985352,0,4,2.6599020957946777,6.654563903808594
1502,PNPLA2,"PNPLA2, PIK3CA, CPT2, CDC42, TBCC",0.007915717316538496,9.80684757232666,2,7,-0.9022365212440491,8.769923210144043
1503,CDK11A,"CDK11A, UTP4, DIS3, FBXO28, POP4",0.009293173698720387,11.669587135314941,8,7,-1.8734246492385864,9.15129566192627
1504,DAPK3,"DAPK3, MED7, USF3, RRN3, C2ORF68",0.009681410515335354,7.109686851501465,0,7,1.756983995437622,7.111168384552002
1505,GSTZ1,"GSTZ1, KIF9, FAM98B, MLLT6, SYS1",0.003437268381444633,5.620509147644043,0,1,3.028613805770874,7.166752338409424
1506,ANP32A,"ANP32A, RAB2A, HECTD1, DYRK1A, FBXL20",0.005501001964713587,6.115433692932129,7,7,-1.7313992977142334,9.159470558166504
1507,ZC3H7A,"ZC3H7A, ISCA1, ZYG11B, LPCAT1, TP53BP1",0.007469637135831905,10.951786041259766,4,0,-0.05470927804708481,4.598896503448486
1508,YTHDC1,"YTHDC1, GOLGA1, FXR2, NEK2, ARL1",0.011277495205863552,13.21004867553711,1,0,-2.6909308433532715,8.438986778259277
1509,PDCD10,"PDCD10, NUP88, HRAS, MT-CYB, TFPT",0.00021274593233698956,2.9927978515625,21,6,-1.2966647148132324,8.80152416229248
1510,SMIM14,"SMIM14, FKBP3, TDRD3, MIGA1, NUFIP2",0.0005254922568323797,4.304367542266846,2,6,-0.9523361325263977,8.404335021972656
1511,PSMF1,"PSMF1, CYSTM1, DCAF6, DRG2, TACO1",8.92160361413182e-05,2.4052302837371826,0,6,-1.2916465997695923,5.870907783508301
1512,MSL1,"MSL1, YWHAQ, FEM1A, USP38, ABCD4",0.005647080968944976,11.139810562133789,2,7,-3.3799350261688232,7.453845500946045
1513,RPS10,"RPS10, CST3, DDX5, RPLP2, RPS27A",0.0008470621453417464,15.842157363891602,0,5,-0.06204412877559662,4.507846832275391
1514,SMIM27,"SMIM27, IDH1, TCF20, CSK, RAB5IF",0.000762748089208193,3.4022459983825684,4,6,-0.45846179127693176,7.776504039764404
1515,STARD3NL,"STARD3NL, ARL4A, RAB5C, CREM, FOXK1",0.002272557931599732,5.76092004776001,3,9,-2.1111021041870117,6.112754821777344
1516,C12ORF43,"C12ORF43, POLR3C, TST, ODF2, CRY1",0.0047264891234867585,10.240870475769043,1,0,-3.9796762466430664,6.148650169372559
1517,TMX3,"TMX3, ATMIN, MYO19, DCTN1, PDCD11",0.01213534170722238,10.703327178955078,1,8,-3.203343629837036,4.654083251953125
1518,STK38L,"STK38L, DOCK7, FEZ2, ANKRD26, SLC7A11",0.019399095682728167,10.519152641296387,0,1,1.9008082151412964,6.719907760620117
1519,KLHDC2,"KLHDC2, MTLN, NR1D2, MSL3, RDH11",0.014951039023682446,5.86834192276001,0,1,-0.9138810038566589,5.901505470275879
1520,KRTCAP2,"KRTCAP2, PPP3CC, PPP2R5E, EZR, SLC38A1",0.006023553033541308,6.064564228057861,27,1,0.5066200494766235,8.39013385772705
1521,CHD4,"CHD4, FRA10AC1, POLR2M, CREB3, VPS4A",0.004221585182686991,7.305888652801514,15,9,-0.5310822129249573,5.561854839324951
1522,PIGS,"PIGS, SH3GL1, RMND5A, REEP4, CD2BP2",0.006820614982803854,13.209684371948242,0,9,0.2146429866552353,8.874861717224121
1523,ATP5MC2,"ATP5MC2, SRPK2, CAPN7, USP11, UFD1",0.0022911854556292377,7.334133625030518,4,9,-1.8628360033035278,7.287389755249023
1524,USP40,"USP40, ARAF, ADGRA3, FBXL4, ARIH1",0.01562751226475398,11.167787551879883,0,6,-0.25707554817199707,4.368762016296387
1525,ERG28,"ERG28, HEXA, STK24, ELP3, CDC40",3.4313860054353156e-05,2.577425718307495,8,9,-0.07377547025680542,3.977479934692383
1526,SYF2,"SYF2, RFC1, CUL1, UQCRQ, CDK2AP1",2.450990003882368e-05,2.384613275527954,12,0,3.472609519958496,6.334750175476074
1527,POLR2E,"POLR2E, PHPT1, NOL7, LSM3, MBD4",0.0008872583814054173,6.988921642303467,17,6,-1.5472190380096436,8.012642860412598
1528,DDAH2,"DDAH2, EZR, COX7B, HDAC8, TRA2A",0.0013696132141694673,7.409915924072266,2,0,-1.8896827697753906,5.763513088226318
1529,CASP8AP2,"CASP8AP2, FBXO21, PPP1R15B, SNX2, RCC2",0.013063776720693022,12.74012565612793,0,6,-1.9671159982681274,8.544698715209961
1530,RBM17,"RBM17, ISCU, CLK3, CSNK2A2, PGK1",0.0001911772203028247,2.784717082977295,5,9,-1.8960319757461548,5.364274501800537
1531,OTUD6B,"OTUD6B, SAAL1, SCRIB, PDCD2L, NSUN4",0.0011617692618402424,4.389939785003662,0,4,2.359412908554077,6.716458797454834
1532,IL10RB,"IL10RB, CDKN3, ARHGDIA, LPCAT1, SEPTIN9",0.0033372679892862325,8.059184074401855,2,9,-0.29722917079925537,4.242498397827148
1533,RNF130,"RNF130, LATS1, C12ORF76, PUS7L, SELENOK",0.0034088368973995975,8.122170448303223,17,8,0.6330825090408325,5.181550025939941
1534,ZNF92,"ZNF92, UXS1, NIPSNAP1, TCEA1, UNK",0.002858834740528394,7.1361613273620605,2,1,1.9342379570007324,5.898143291473389
1535,TTC19,"TTC19, ZFYVE16, ZKSCAN1, BAD, MRPL4",0.0020558904152565304,6.009516716003418,17,0,-2.809384346008301,7.249563694000244
1536,RBCK1,"RBCK1, ITCH, PKN1, POLR3A, MPRIP",0.01822556166886929,13.106158256530762,20,0,-4.066498756408691,6.715517997741699
1537,MRPS7,"MRPS7, ZCRB1, AHSA1, MFF, TBCA",5.39217800854121e-05,2.5363125801086426,6,1,-1.168056845664978,8.94586181640625
1538,PPP1R37,"PPP1R37, METAP1, DCTN5, SLC35A4, SLC39A6",0.009603959231212671,10.653970718383789,0,6,-0.77243572473526,6.692162990570068
1539,MAML1,"MAML1, KLHL21, CBFB, ABCC5, CREM",0.007002968639092702,7.807288646697998,1,9,0.9536064267158508,4.945566177368164
1540,<SPECIAL>,"<SPECIAL>, ZMYND19, HMGCS1, TRMT112, RPS8",0.0008911799654116291,73.0172348022461,2,2,0.9064445495605469,5.00675106048584
1541,FLYWCH2,"FLYWCH2, LRIF1, KMT2D, CSTF1, MRPL1",0.007124537743285268,14.982274055480957,2,4,3.512094020843506,6.557286262512207
1542,WDR26,"WDR26, ATP6V0C, PITHD1, CENPV, ZC3H8",0.00017451048827642462,3.8384556770324707,1,9,-1.6075372695922852,5.103833198547363
1543,<SPECIAL>,"<SPECIAL>, ZMYND19, ABCE1, RPS17, RPL38",0.001003925505590218,73.4959716796875,5,2,0.5469839572906494,3.333855628967285
1544,SH2B1,"SH2B1, STOML2, SRSF11, RBM8A, SRSF9",0.0011627496578417954,5.134450912475586,0,9,-0.9520507454872131,5.881681442260742
1545,ICE2,"ICE2, PYURF, DDX6, VAPA, MAN1A1",0.003867662226126377,11.7179594039917,4,6,-0.20666809380054474,8.535726547241211
1546,PIGBOS1,"PIGBOS1, WBP4, ERGIC2, ZNF579, WDR6",0.007423558523758917,10.311461448669434,2,8,-2.7503278255462646,4.628819942474365
1547,ARMC1,"ARMC1, KATNA1, CRNKL1, CYSTM1, MAGOH",0.002975501864713195,11.348827362060547,6,7,-1.288318395614624,9.163211822509766
1548,CLSPN,"CLSPN, PPP2R5A, AGPAT3, POLDIP3, TUG1",0.004275506962772403,6.77939510345459,0,0,1.941663146018982,6.1753129959106445
1549,SYMPK,"SYMPK, PPP1R16A, CEP70, WTAP, CCDC91",0.005692179185016412,8.796243667602539,0,8,-1.098634123802185,7.071959972381592
1550,STK24,"STK24, HSP90AA1, ATP5F1D, MRFAP1, OAZ1",0.0031137377009321605,9.747535705566406,5,8,-0.5715046525001526,6.528980731964111
1551,USP25,"USP25, FARSB, EIF3L, YWHAG, ACP1",0.003323542445264491,7.7639923095703125,38,8,-2.541956901550293,4.752846717834473
1552,TOMM6,"TOMM6, SEPTIN11, SRSF10, CAPZA1, SDF2L1",0.005814728685210531,7.456951141357422,8,1,1.1145309209823608,7.181099891662598
1553,PARP14,"PARP14, DDX5, TRRAP, CREBZF, TIMM17A",0.017151047651167258,12.834761619567871,5,0,-0.2999354898929596,4.167369365692139
1554,UBC,"UBC, CARHSP1, CWF19L2, CENPF, CLK1",0.0002617657324146369,4.054057598114014,30,6,-1.5449551343917847,5.363639831542969
1555,ANKRD52,"ANKRD52, TAF5, FDPS, OXSR1, VPS11",0.009479448939015447,11.559930801391602,1,4,3.1432993412017822,6.246264457702637
1556,BSDC1,"BSDC1, U2SURP, PKM, SRSF11, NDUFB4",0.002829422860481806,8.14666748046875,0,8,-4.051322937011719,6.305755138397217
1557,UBFD1,"UBFD1, CTBP1, URB1, SAV1, MRPS7",0.0009333369934784058,3.7217729091644287,0,4,3.4780991077423096,6.720905303955078
1558,GRB2,"GRB2, RPL22L1, R3HDM4, LMO4, MSMO1",0.007259832391499575,6.645010471343994,32,1,-0.5659646987915039,8.643102645874023
1559,TRAPPC8,"TRAPPC8, BCL2L13, CXORF38, ABRAXAS1, RBM6",0.01317946344887627,9.801316261291504,16,6,-1.1890497207641602,5.94249153137207
1560,AKIRIN2,"AKIRIN2, CNOT8, NCKAP5L, MAP3K11, FADS1",0.008507876501476476,7.836416244506836,4,1,1.7520710229873657,6.263446807861328
1561,F2R,"F2R, PSPC1, LSM14A, FBL, FAM133B",0.0011078474817548304,6.17543888092041,8,1,-0.9071919322013855,5.899960994720459
1562,PPCS,"PPCS, ATP11A, CGGBP1, RABIF, BLOC1S6",0.011894164290840356,17.5981388092041,1,9,-3.1736838817596436,5.30597448348999
1563,RAB6A,"RAB6A, VPS8, KDM6A, RAP1GDS1, IFNGR1",0.022948129208349835,10.454949378967285,0,7,-1.0046310424804688,9.252001762390137
1564,RAB9A,"RAB9A, CCSAP, FCF1, HSDL2, FMR1",0.010030431491888203,8.786971092224121,6,1,2.4096462726593018,6.359996318817139
1565,DNTTIP1,"DNTTIP1, UBE2N, PGS1, NTPCR, ANKRD26",0.006720614590645453,8.687932014465332,1,0,-2.3387632369995117,8.065773010253906
1566,SRPK2,"SRPK2, CHD9, GRN, PREP, FAM13B",0.007985325432648755,14.729233741760254,8,8,-2.292006492614746,4.5052409172058105
1567,EFCAB14,"EFCAB14, MIF4GD, RNF139, MTLN, XPO4",0.0179461488084267,11.125140190124512,0,9,-0.03116612322628498,3.986203908920288
1568,PACC1,"PACC1, AP1B1, LMBR1L, SFXN1, ERGIC1",0.008469641057415912,9.284834861755371,1,6,-0.09747099876403809,8.697514533996582
1569,TMEM208,"TMEM208, MTPN, VIRMA, NET1, ZNF281",0.0014607900423138913,25.56424903869629,6,3,3.4367270469665527,5.966954708099365
1570,RBBP4,"RBBP4, SGTA, UBXN1, NSF, STK3",0.0030755022568715955,8.586918830871582,5,6,-0.267723947763443,8.442712783813477
1571,PPP1R9B,"PPP1R9B, PPCDC, EMC8, KIN, TYK2",0.005774532449146859,6.656400680541992,0,9,2.1102588176727295,6.557076454162598
1572,NT5C2,"NT5C2, TMEM120B, ANXA5, HACL1, THAP6",0.013001031376593634,9.739883422851562,0,7,-0.12813487648963928,4.790280818939209
1573,CRYZ,"CRYZ, GMPR2, CLSTN1, EPS15, EPB41L2",0.003331385613276915,8.056476593017578,4,9,0.3068893253803253,8.527105331420898
1574,FBXO42,"FBXO42, UNC119, GRK6, MRPS18C, MRPL12",0.003778446189985059,5.638319492340088,6,8,0.6811103224754333,5.362825393676758
1575,ETS2,"ETS2, TCF25, BCS1L, RRP36, EXOC6",0.013797112929854628,10.333230018615723,0,7,-1.767598032951355,8.756860733032227
1576,EXOSC10,"EXOSC10, RPP30, MTPAP, CCDC112, ALG8",2.058831603261189e-05,2.1351537704467773,6,4,2.8882195949554443,6.597851276397705
1577,TMEM60,"TMEM60, DNAJA3, EXOSC8, MRPL46, TXNDC12",0.0062676716379279915,5.414320945739746,0,4,2.6193020343780518,6.761851787567139
1578,COPS6,"COPS6, ARPP19, LRBA, RAC1, MTHFD2",0.0002549029604037663,5.386809349060059,5,5,0.07798317819833755,4.697518825531006
1579,COPS7A,"COPS7A, PKM, ATP5MC3, CCSAP, MOGS",0.00700885101510202,8.663822174072266,0,7,-0.8056541085243225,5.609809398651123
1580,ANP32A,"ANP32A, AZI2, ZNF581, DDX50, TRAF3IP1",0.005872572049302154,7.66696310043335,1,4,2.4996237754821777,6.6938629150390625
1581,RPP25L,"RPP25L, MTMR6, ZSWIM8, IFT52, PNMA1",0.01196867438695838,10.081418991088867,6,6,-1.3398131132125854,8.555834770202637
1582,ADO,"ADO, C12ORF4, DOLK, ENTPD6, PUSL1",0.0033529543253110797,6.890716552734375,0,7,-2.064750909805298,6.714375019073486
1583,NKRF,"NKRF, CD2AP, GCAT, LSM5, HYOU1",0.00021862830834630724,2.3046839237213135,10,4,2.781343698501587,6.82931661605835
1584,IFT22,"IFT22, LPCAT3, ALG13, ZDHHC7, TRAPPC10",0.00781669732038165,7.417800426483154,0,8,1.8406574726104736,6.758399486541748
1585,SRP72,"SRP72, ACTR3, PTP4A2, SLC25A37, SMARCE1",0.010816709085133666,7.275143623352051,14,1,2.1342899799346924,8.264877319335938
1586,NDUFS5,"NDUFS5, DMXL1, DYNC1I2, HDAC2, RCC1",0.003928446778222659,8.126015663146973,5,9,-2.393068552017212,5.381620407104492
1587,INO80,"INO80, RAD50, MYSM1, EXOSC8, SYNRG",0.009203957662579068,11.343835830688477,2,7,-1.3802716732025146,9.207036018371582
1588,DALRD3,"DALRD3, SC5D, RABEP2, DCPS, MRPS18A",0.010360824944411547,9.499739646911621,2,0,1.3604066371917725,5.135021686553955
1589,GTF3C3,"GTF3C3, KPNA4, BRD1, NUP153, MRPL50",0.0001784320722826364,2.7005274295806885,17,0,2.4759838581085205,6.075103282928467
1590,RSRP1,"RSRP1, HSP90B1, AUP1, GIT2, KIF11",0.00013725544021741263,2.9320597648620605,47,4,3.261404275894165,6.995596408843994
1591,FBRS,"FBRS, EMSY, WASL, GOPC, EYA3",0.02098929799724705,12.636945724487305,0,6,-0.2389991283416748,7.650213241577148
1592,CTNNB1,"CTNNB1, PLP2, SLC3A2, EIF5B, YEATS4",0.00335981709732195,9.1047945022583,17,6,-1.1818113327026367,8.338475227355957
1593,TTC17,"TTC17, ZMYM4, ARPP19, NUTF2, LRRC28",0.002713736132298558,7.715244770050049,13,5,0.9804829359054565,5.910800933837891
1594,NAT10,"NAT10, ELP6, DYNC1LI1, CCDC25, HMMR",0.0010921611457299833,8.43699836730957,3,3,4.035012245178223,6.389242172241211
1595,KATNA1,"KATNA1, ARMC1, PCGF2, XRCC1, CRNKL1",0.013902995698022344,13.759195327758789,1,6,-1.116937279701233,9.270029067993164
1596,MED27,"MED27, TRMT1L, PHACTR4, BIVM, YTHDC1",0.002001968635171118,3.906259775161743,3,1,0.7719545960426331,6.829206943511963
1597,MAP4K5,"MAP4K5, ADSL, UBE2Q2, MAGOH, DTNBP1",0.00048627641677026186,3.3554961681365967,2,9,-1.2260445356369019,6.382140159606934
1598,PNPLA8,"PNPLA8, UBE2B, CUL3, APEX1, PLEKHF2",0.0012578480699924313,5.0563483238220215,23,7,-2.500149965286255,7.460597038269043
1599,IER3,"IER3, BAZ2B, CHD9, RBAK, FARS2",0.02163439856626889,5.994085788726807,2,1,-2.3907742500305176,7.3453145027160645
1600,IFT81,"IFT81, USP46, CEP95, WDR83, ASH2L",0.00809611018082424,6.743516445159912,7,6,-0.8403304815292358,9.229968070983887
1601,CBX3,"CBX3, GOLGB1, LAMTOR2, PHIP, HDAC1",0.0033892289773685387,4.913989067077637,38,9,-2.228422164916992,5.914539813995361
1602,ZNF410,"ZNF410, COG4, AP5B1, N6AMT1, MED21",0.0047951168435954655,10.575887680053711,3,4,3.4823575019836426,6.622700214385986
1603,MYL12B,"MYL12B, ITSN2, ERH, OSTF1, KTI12",0.00393530955023353,10.89513111114502,0,7,-0.6088454723358154,4.274966239929199
1604,TAF1B,"TAF1B, GSK3A, ZNF263, WDR83, LEMD2",0.00739806822771854,9.439983367919922,0,8,-0.24167531728744507,4.366074562072754
1605,SRF,"SRF, TPRA1, SEC24A, TSTD2, CEP89",0.016477515598100383,5.14080286026001,0,7,0.3647763431072235,7.571835994720459
1606,ETS2,"ETS2, REV3L, KMT2C, NUP54, MICAL3",0.011055925709512587,8.431190490722656,1,6,-0.05030796676874161,5.557543754577637
1607,RPS5,"RPS5, FTL, NACA, MT-ND1, RPL27",0.00020686355632767187,3.186720848083496,1,1,0.4386695623397827,8.331080436706543
1608,KIF2A,"KIF2A, SYVN1, HCFC1, SEC11C, KCMF1",0.0003029423644798607,3.1895840167999268,8,0,-0.9393072128295898,4.247067928314209
1609,TXNDC17,"TXNDC17, DCAF16, BID, RBAK, JARID2",0.006034337389558391,3.93312931060791,26,1,-0.5489257574081421,8.803144454956055
1610,UBE2W,"UBE2W, SCAMP3, C15ORF40, TMEM70, TRMT1",5.784336409162389e-05,3.421168565750122,10,8,2.655447483062744,6.568634986877441
1611,SOS1,"SOS1, CCNI, ROCK1, TMED2, GABARAPL2",0.00011568672818324778,4.16992712020874,6,5,-2.442448139190674,4.952864170074463
1612,SSR3,"SSR3, ERICH1, RAP2B, MAP3K2, IFT52",0.005616688692896835,4.84114933013916,0,7,0.13091224431991577,6.9029083251953125
1613,ANKS1A,"ANKS1A, MFSD11, XBP1, IL10RB, ATP5MC3",0.01757359832783658,8.464354515075684,2,1,-0.11519178748130798,4.631377220153809
1614,RBM8A,"RBM8A, C11ORF58, TALDO1, PGD, CENPX",0.011539260938278189,9.18440055847168,8,1,2.0035059452056885,8.027839660644531
1615,GABARAP,"GABARAP, CD99, MSRB1, DNPEP, ZNFX1",0.005657865324962059,8.387338638305664,0,0,0.13322021067142487,4.512838363647461
1616,WDR77,"WDR77, ILRUN, FNDC3A, DYNC2LI1, WSB1",0.000873532837383676,4.598627090454102,4,8,-1.6934268474578857,6.476961612701416
1617,PRIM2,"PRIM2, GLUD1, TYMS, TFDP2, SP1",0.0002950991964674371,3.3491461277008057,23,7,-0.3732697367668152,3.984783172607422
1618,KCTD20,"KCTD20, MPP1, REXO2, DNPH1, ZNF511",0.0018941250750002941,4.441093444824219,4,1,0.031509753316640854,7.268222332000732
1619,KDM2A,"KDM2A, PRKAR1A, ATRX, TMEM256, TOMM6",0.010476511672594795,11.887418746948242,8,9,-3.558732271194458,5.418055534362793
1620,TALDO1,"TALDO1, TRAPPC1, ACY1, IQGAP1, SAP18",0.0022784403076090494,5.275983810424805,2,6,-2.1329939365386963,9.018829345703125
1621,C1ORF50,"C1ORF50, PHF6, CDKN2D, RAB1A, RAP1B",0.0012872599500390197,10.157697677612305,2,0,-3.4631967544555664,6.34351110458374
1622,NUP160,"NUP160, SLAIN2, FOXO3, APC, NSMCE4A",0.0056784536409946705,14.794386863708496,4,6,-0.5294055342674255,6.955775737762451
1623,B4GALT1,"B4GALT1, RAB1A, NDUFB8, PRMT2, NABP1",0.002673539896234887,8.320415496826172,64,0,-3.9300265312194824,6.240161895751953
1624,POLDIP3,"POLDIP3, DHRS4L2, FUS, GNPAT, MED29",0.0042843305267863795,6.708320617675781,0,1,0.4667808413505554,6.245733261108398
1625,RBL2,"RBL2, CTSB, CANT1, MYADM, SSR4",0.021541260946121358,10.713768005371094,9,6,-0.0028365773614495993,4.486497402191162
1626,POGZ,"POGZ, CCNI, SMC5, NUP107, SSU72",0.001154906489829372,5.05040979385376,10,7,-2.867565870285034,6.061553478240967
1627,SFXN5,"SFXN5, MTLN, ARRB2, RHBDD2, CDC25B",0.003740210745924494,7.616710186004639,0,9,-0.03824438527226448,4.431179523468018
1628,PSKH1,"PSKH1, HIVEP1, HERPUD2, RSBN1, WDR3",0.008407876109318075,9.027375221252441,0,0,0.5115092992782593,5.702469825744629
1629,ITFG1,"ITFG1, ATE1, N4BP2L2, MYH9, PSMA6",0.0042882521107925915,13.336320877075195,1,5,0.4655272960662842,3.8074867725372314
1630,RAD54L2,"RAD54L2, CAMSAP1, UQCRC1, DHRS7B, CNPY2",0.0001450986082298362,3.2783701419830322,0,9,-1.6084951162338257,5.156334400177002
1631,ZNHIT1,"ZNHIT1, BRWD1, CIRBP, TXN, PDLIM5",0.006362770050078628,13.335722923278809,2,9,-2.789623498916626,6.020096302032471
1632,DDX21,"DDX21, ARPC3, WASF2, PNISR, EFHD2",0.0014186330142471146,7.199870586395264,14,0,-3.010995864868164,8.709766387939453
1633,CDK8,"CDK8, NIN, NSMCE3, VGLL4, TNFRSF1A",0.025904023153031974,10.652715682983398,5,8,0.18805944919586182,7.616095066070557
1634,CMC1,"CMC1, RAB28, NUDT5, TMEM245, FAM120A",0.00045490374472056754,3.6942591667175293,3,0,-0.2722180485725403,4.44437313079834
1635,FGFR1,"FGFR1, ANP32A, ADD1, ATP5F1D, GTF2A2",0.00030392276048141366,3.0498197078704834,4,0,-1.3578671216964722,5.450483798980713
1636,GMDS,"GMDS, KMT2E, HNRNPL, CHD6, ITSN1",0.012046125671081064,11.853504180908203,17,8,-2.3370416164398193,5.046067237854004
1637,GLOD4,"GLOD4, SLC39A1, PLPBP, TMEM267, ZDHHC4",0.010888277993247032,14.011528015136719,0,8,-2.6392037868499756,6.161157608032227
1638,RTL10,"RTL10, RANBP1, AARSD1, PSMC3IP, MYL6B",1.3725544021741262e-05,2.410482406616211,0,7,3.887099266052246,6.375857830047607
1639,CHD9,"CHD9, PGD, CERS5, YTHDC1, NAPG",0.0001539221722438127,2.928170919418335,1,9,-0.005339627154171467,5.108157157897949
1640,MBNL1,"MBNL1, ANKRD11, SNRPF, FAF1, PICALM",0.0029107957286107003,6.215950012207031,8,7,-1.8245630264282227,7.767486572265625
1641,MTERF3,"MTERF3, ARL6IP6, RABGGTA, SARS2, NUP50",0.0003568641445652728,3.23205828666687,25,7,-0.27035820484161377,5.9562153816223145
1642,MRPS26,"MRPS26, MCM8, TMEM59, MECR, HEATR6",0.00032451107651402557,3.3002755641937256,1,1,-2.9396417140960693,6.280741214752197
1643,OGDH,"OGDH, RNF139, HIBADH, STXBP3, FAM89B",0.00929415409472194,8.698841094970703,2,0,-0.009765198454260826,4.018247127532959
1644,UBE2D1,"UBE2D1, TLE3, SNRPF, TASOR, CCDC14",0.0001970595963121424,3.341643810272217,6,8,-0.8537470698356628,5.041708946228027
1645,WDR20,"WDR20, IMPA1, ATXN7, MIF4GD, HSDL2",0.009849058231600908,12.970006942749023,0,7,-1.872755527496338,9.123922348022461
1646,G3BP2,"G3BP2, COX8A, DDIT3, TRIM56, SMCHD1",0.00021470672434009545,5.056792736053467,54,5,-2.779538869857788,7.940922737121582
1647,<SPECIAL>,"<SPECIAL>, RPL8, RPL12, RPS14, RPS8",0.0009617684775234413,74.09622192382812,0,2,-3.560295343399048,6.293398380279541
1648,EXOC6,"EXOC6, PLEKHM2, CEP162, EHMT2, TATDN2",0.003364719077329715,5.427174091339111,3,6,-1.1994613409042358,7.295625686645508
1649,C15ORF61,"C15ORF61, NFU1, DROSHA, ENOPH1, SBF1",0.007452970403805505,8.238410949707031,0,4,2.7671449184417725,7.10271692276001
1650,WASHC3,"WASHC3, TYW1, MDM2, MBTPS1, ATP11A",0.018198110580825808,7.0376482009887695,8,8,-2.5493810176849365,4.78359842300415
1651,GTPBP3,"GTPBP3, MTMR2, SMARCAL1, ATP6V1C1, ANKRD54",0.0008284346213122404,4.171143531799316,0,4,2.9027504920959473,6.665687561035156
1652,MEAF6,"MEAF6, PXMP2, MAFG, AP3S1, CHMP2A",0.0005058843368013208,3.337899923324585,32,1,-1.8284130096435547,8.4973783493042
1653,AGPAT3,"AGPAT3, NUB1, RCOR3, LETMD1, PIGC",0.020957925325197354,8.234453201293945,2,1,-0.04260175675153732,8.604649543762207
1654,THUMPD3,"THUMPD3, MAN1B1, TSN, RFC3, NFATC3",0.014680449727253832,12.435504913330078,7,0,-4.0544867515563965,7.108051300048828
1655,COPG1,"COPG1, TJAP1, RBM15B, ZNF621, MYBL2",0.005582374832842482,6.625981330871582,0,7,-3.3352103233337402,7.7792768478393555
1656,YBX3,"YBX3, SELENOF, SELENOS, KLHDC3, SNRNP70",0.002831383652484912,10.491744041442871,3,9,-1.109359860420227,4.727051258087158
1657,SPPL2A,"SPPL2A, RAF1, TRIP11, NAPG, R3HDM4",0.01505594139584861,6.575070858001709,7,7,-1.3538204431533813,6.4764299392700195
1658,SIN3A,"SIN3A, FAAP20, TMEM165, COPZ1, TPR",9.11768281444241e-05,2.3769469261169434,8,7,-2.97932767868042,6.9910888671875
1659,TBC1D23,"TBC1D23, NKAPD1, RWDD4, STK39, ZBTB40",0.0076176769320664,14.213436126708984,2,9,-3.320690155029297,4.873023509979248
1660,C1ORF131,"C1ORF131, ATP5PF, PPP1R14B, CLTC, CAPZA2",0.0029686390927023245,7.4377312660217285,10,7,0.014355513267219067,7.256481647491455
1661,KTI12,"KTI12, SRA1, MED24, COQ9, COPS4",0.0018696151749614705,3.8385114669799805,3,1,-3.9274301528930664,7.089945316314697
1662,VPS50,"VPS50, LY6E, ZZEF1, TTC17, KPNA1",0.00884807391401535,9.318028450012207,0,1,0.5086737871170044,6.002317905426025
1663,KPNA2,"KPNA2, MRPS15, PTBP1, PABPN1, ORAI1",0.0004794136447593912,4.077853679656982,11,0,-2.5774240493774414,6.738794326782227
1664,STX8,"STX8, INSIG2, EFR3A, TENT4A, PI4K2B",0.01595692532127577,11.460280418395996,0,0,0.6339753866195679,5.4706010818481445
1665,BRWD1,"BRWD1, STAT1, ZC3HAV1, ZRANB2, NME4",0.0021313809073761074,3.8177905082702637,6,0,-2.0816993713378906,6.4904398918151855
1666,CEP350,"CEP350, TNRC6A, SF3B6, PDS5A, RGS10",0.001228436189945843,4.802304744720459,4,9,0.3242996037006378,5.402633190155029
1667,CBX3,"CBX3, KIF2A, RBX1, PRDX5, PREPL",0.004243153894721156,8.743799209594727,15,9,-0.40827271342277527,6.172975540161133
1668,CTDSPL2,"CTDSPL2, IMMT, TRRAP, DDX1, CETN2",0.0003049031564829666,4.18063497543335,9,6,-1.1082364320755005,9.18786907196045
1669,TSC22D2,"TSC22D2, ATRN, ILK, ZNF267, CEP192",0.008806897281950126,7.809463977813721,0,8,0.8510077595710754,5.240058898925781
1670,DALRD3,"DALRD3, MAPKAP1, PPP2R1B, PITPNA, GTF3A",0.00822944403703544,8.909584999084473,4,4,2.6862049102783203,6.695228576660156
1671,SAMD8,"SAMD8, ASB8, CKS2, GABARAPL2, CCNI",0.016078494425468336,9.592230796813965,0,7,-0.6071678996086121,4.745863914489746
1672,EXOC3,"EXOC3, GTPBP1, DCTD, SPR, FAM53C",7.4510096118024e-05,2.2736575603485107,2,4,2.816706657409668,6.729532241821289
1673,ATP5MC1,"ATP5MC1, CDC42, SLIRP, RPL36AL, MBNL1",9.019643214287114e-05,3.1309878826141357,6,1,-1.9009555578231812,9.21013069152832
1674,AFTPH,"AFTPH, MARF1, CAMKK2, KATNAL1, ARFIP1",0.010587296420770278,6.915337562561035,0,9,-4.122167587280273,6.977384090423584
1675,KTN1,"KTN1, CYBC1, UBE3A, JARID2, EPB41L2",0.009190232118557328,8.07075309753418,6,0,1.3079599142074585,5.9741387367248535
1676,TMCO3,"TMCO3, ALG1, DHX40, FBXO9, UBE2V2",0.00683924250683336,6.764015197753906,1,4,3.111593008041382,6.86712121963501
1677,DYRK4,"DYRK4, RCBTB1, LCORL, TRAPPC2, FKBP8",0.004931391887811325,8.393157958984375,5,8,1.6652019023895264,5.421815395355225
1678,APPBP2,"APPBP2, RFNG, PRR12, ABRAXAS2, GFOD2",0.005987278381483849,7.964356899261475,0,0,0.7740381360054016,5.874706745147705
1679,THOC1,"THOC1, ABHD5, PNPT1, EWSR1, AMMECR1",0.0029225604806293356,7.381751537322998,2,7,-3.2904796600341797,8.388888359069824
1680,DIP2A,"DIP2A, EDF1, TPP1, M6PR, MXI1",0.0008156894732920521,9.761913299560547,4,5,-0.29180198907852173,4.865684986114502
1681,RPS16,"RPS16, ATP5PF, FTH1, COMMD6, MT-ATP6",4.607861207298852e-05,3.3516368865966797,4,5,3.455034017562866,6.497302532196045
1682,HMGB1,"HMGB1, ZFP36L1, SRP14, CHMP2A, CLIC1",0.0019980470511649067,7.844137191772461,13,7,-1.8029499053955078,9.173372268676758
1683,SLC25A23,"SLC25A23, DHRS7B, TATDN2, GTF2F1, TMEM68",0.0008745132333852289,3.7883172035217285,1,7,-1.8659619092941284,5.153209686279297
1684,MAP2K4,"MAP2K4, UBE2L6, ARHGAP17, ASAH1, INTS5",0.01863536719751842,11.685678482055664,3,6,-0.47365981340408325,8.810896873474121
1685,DUSP11,"DUSP11, CRELD2, ARFGAP3, ESS2, NIT1",0.006747085282687383,10.562679290771484,5,7,-3.7590980529785156,6.691695690155029
1686,EIF2S3,"EIF2S3, CSNK2B, TMEM14C, TUBB2A, TUBA1C",0.006680418354581783,6.709926128387451,1,1,1.8200364112854004,8.306046485900879
1687,FERMT2,"FERMT2, PHF21A, UBL3, ANXA5, PPP3CB",0.025022647147635874,10.322487831115723,0,0,-0.4490748941898346,4.880311489105225
1688,FNDC3A,"FNDC3A, DNPH1, SBDS, ZMYM4, ELOC",0.00019902038831524829,5.0569610595703125,14,8,-2.411001205444336,4.593324184417725
1689,SEPTIN7,"SEPTIN7, WDR48, PITPNA, TTC3, PRCP",0.0033441307612971033,6.774178504943848,0,7,-0.4015970230102539,9.131420135498047
1690,POLR3K,"POLR3K, AGPAT1, RPN2, FBXL12, TMEM11",8.823564013976525e-05,2.5008137226104736,34,0,-3.508538246154785,6.514379501342773
1691,TAF1,"TAF1, DNAJC3, MRPL43, ISCA1, HSPA13",0.012982403852564127,8.821454048156738,3,1,2.0943045616149902,6.7252631187438965
1692,TBCD,"TBCD, USP10, TRIM56, USP36, CTBS",0.006009827489519567,6.834411144256592,0,0,0.8927723169326782,5.531735420227051
1693,RIOK2,"RIOK2, NSUN4, PKMYT1, MRPL21, GANAB",0.0013156914340840553,24.73750114440918,22,3,4.046870231628418,6.20811128616333
1694,WDR20,"WDR20, ATXN7, COX7C, PDCD6, EHMT1",0.0012754951980203843,4.723321914672852,5,5,-2.7674148082733154,7.620695114135742
1695,VPS13C,"VPS13C, PIK3CB, PCIF1, CCNB2, CLINT1",0.013311816909085918,13.825759887695312,29,0,-2.342621088027954,8.016951560974121
1696,GLUL,"GLUL, MORF4L1, EPC1, FLNA, NDUFA4",0.007379440703689034,12.66970443725586,15,6,-1.0290123224258423,7.944899082183838
1697,NIPSNAP2,"NIPSNAP2, PDCL3, NDFIP1, NASP, RWDD1",0.00012549068819877726,2.909815549850464,1,9,-0.8787815570831299,6.2392730712890625
1698,TPI1,"TPI1, EIF3K, TAX1BP1, MRFAP1, KDELR2",0.007300028627563245,15.761104583740234,11,8,-3.130281686782837,6.87015962600708
1699,TSR1,"TSR1, ZNF326, MRPS15, XRCC2, RNF138",0.003514719665567316,3.271073341369629,2,1,-2.3126683235168457,6.638668060302734
1700,SURF2,"SURF2, SHC1, NNT, CUL4B, CHURC1",0.019126545594296447,8.932485580444336,0,1,2.8045778274536133,6.291938781738281
1701,MYCBP2,"MYCBP2, ANKRD10, IVNS1ABP, RBL2, PPHLN1",0.007734344056251201,11.853804588317871,5,5,0.04515514522790909,3.9144740104675293
1702,ARIH1,"ARIH1, SLC12A2, ZNF91, PIP4K2A, CEP170",0.02931972282244244,9.299810409545898,0,9,-1.6903798580169678,5.082305431365967
1703,KLHL20,"KLHL20, CRTC3, STX8, MCCC1, MRPL23",0.006568653210404746,6.451313495635986,0,1,-0.7424364686012268,6.113976001739502
1704,ZNF384,"ZNF384, NAT9, PAPOLA, YKT6, CSNK2B",0.004643155463354759,8.465291023254395,0,8,0.9921627044677734,5.053338050842285
1705,DNAJB6,"DNAJB6, PREP, RAC1, CTNNB1, STAU2",0.01145298609014153,7.7265424728393555,15,1,1.5349539518356323,6.31547737121582
1706,TOB2,"TOB2, PCGF5, LGMN, RNF139, XRRA1",0.007175518335366021,8.909286499023438,0,8,0.477209210395813,4.86071252822876
1707,NPTN,"NPTN, PPP1R2, ACTN1, CLSTN1, NFIL3",0.004852960207687089,8.021827697753906,3,0,-4.067263126373291,6.704308032989502
1708,HES1,"HES1, RANBP1, DDAH2, RAB5IF, ACSL3",0.0032088361130827962,8.578268051147461,2,5,-1.677491545677185,6.864094257354736
1709,AP2A1,"AP2A1, ACTR1B, MMAB, BCR, WDR5",0.014059859058270816,12.507308006286621,0,6,-0.5609850883483887,7.2310614585876465
1710,CDC42SE2,"CDC42SE2, UBE2Q2, MAP3K3, ADK, EEF2",0.007354930803650211,8.112005233764648,4,9,-0.20679545402526855,4.3308539390563965
1711,ILF2,"ILF2, SUMO1, TACC1, MAP2K4, TXN",0.005997082341499378,10.879672050476074,7,0,-2.860443115234375,7.979565620422363
1712,DPP3,"DPP3, FBXW11, HSPA14, SFT2D3, RFWD3",0.004223545974690096,8.217227935791016,0,9,-0.2745726704597473,5.142788887023926
1713,MAN2B1,"MAN2B1, PIAS1, ETV6, PARP1, GZF1",0.005009823567935561,7.267167091369629,0,9,1.2678568363189697,6.487154960632324
1714,HPS1,"HPS1, C17ORF58, TTC5, SYNRG, ICMT",4.313742406832968e-05,3.010101556777954,0,7,-2.6294407844543457,8.796025276184082
1715,VTI1B,"VTI1B, UBE2S, NRBP1, ARHGEF2, RSBN1",0.00014215742022517734,3.5344345569610596,9,7,-3.0685672760009766,8.319746017456055
1716,GYG1,"GYG1, LARS2, OGA, AAMP, BIRC5",0.0006470613610249452,3.7372305393218994,25,0,-2.4965662956237793,7.91182804107666
1717,RAB3GAP1,"RAB3GAP1, BIRC2, ESYT2, VEZT, LRP10",0.033008952976286185,15.737347602844238,7,6,-0.6394700407981873,8.677009582519531
1718,CTNNA1,"CTNNA1, GNAI2, NFIL3, TCF7L2, EPS15",0.005498060776708928,6.881821155548096,2,7,0.4274507761001587,5.3841633796691895
1719,OSBP,"OSBP, ZNF507, PPA1, KRTCAP2, IQGAP1",0.00661277103047463,10.244945526123047,1,9,-0.23127974569797516,5.363378047943115
1720,CTNNBL1,"CTNNBL1, PSMC5, COPE, NDUFB7, BCAP31",0.001152945697826266,7.813045978546143,0,7,-1.485075831413269,8.322691917419434
1721,DCAF10,"DCAF10, UBE2G2, SLC2A1, OSER1, MICOS13",0.0019960862591618007,4.020241737365723,5,0,-1.8784823417663574,7.128663063049316
1722,MBNL1,"MBNL1, SNU13, EIF3L, ADK, PLAA",0.007521598123914211,10.015572547912598,7,0,-3.860366106033325,6.869606018066406
1723,SAYSD1,"SAYSD1, ITM2C, IFT22, FAM98C, PLEKHA1",0.022033419738900935,10.57211971282959,0,6,-0.47910743951797485,4.383072376251221
1724,POLR1C,"POLR1C, GADD45A, NUSAP1, ANXA7, SLC25A37",0.00044608018070659103,5.417760372161865,36,6,-0.06592196971178055,8.408665657043457
1725,NUP54,"NUP54, PLXNA1, ZNF771, EI24, NKRF",0.001206867477911678,12.916160583496094,2,3,2.24349308013916,5.254826068878174
1726,SCAP,"SCAP, GID4, PISD, MMS19, TRAPPC6B",0.008057874736763674,9.652144432067871,1,4,2.233459711074829,6.706643581390381
1727,PGS1,"PGS1, ECD, ING5, SLC39A3, FAM83D",0.007237283283463856,5.94872522354126,0,4,3.1721549034118652,6.874089241027832
1728,OTUD3,"OTUD3, SPTY2D1, BORCS5, TBK1, MAGEF1",0.00935395825081667,11.053267478942871,0,1,1.3870633840560913,5.7460784912109375
1729,KRT10,"KRT10, F2R, CD59, STXBP5, PMS2",0.004550017843207228,7.485579490661621,0,7,-1.5365113019943237,7.341246604919434
1730,BCL2L13,"BCL2L13, RUNX1, MKLN1, SERBP1, MYC",0.0018558896309397292,7.703332901000977,39,9,-1.681778073310852,6.172390460968018
1731,SBDS,"SBDS, PHB2, BCLAF1, ZRANB2, CCNK",0.0036696222338126814,7.205568313598633,2,6,-0.5344802141189575,8.690085411071777
1732,SEC61A1,"SEC61A1, ABHD14B, FADS3, ASF1A, NCAPD2",0.011773575582649343,6.082916259765625,0,4,1.9598132371902466,5.9460272789001465
1733,CLUAP1,"CLUAP1, ZNF84, COG7, FBXO38, MAP3K11",0.009875528923642837,9.423494338989258,1,1,2.297316312789917,6.072981834411621
1734,NTHL1,"NTHL1, NDUFB2, WASF1, PPP2CA, RAP1B",0.001504907862383774,8.512639045715332,8,7,0.21145106852054596,8.696130752563477
1735,ZNF706,"ZNF706, CD55, RTN3, TACC1, NFE2L2",0.0030215804767861833,3.3966128826141357,12,1,0.3513762652873993,6.899389266967773
1736,TMEM106C,"TMEM106C, COX7A2, DNAJC10, ARF1, ODC1",0.001414711430240903,7.278392791748047,2,0,0.043303973972797394,4.493403434753418
1737,BTF3L4,"BTF3L4, ERAL1, DNAJC8, ATXN2, SERINC3",0.0012049066859085723,7.314714431762695,19,7,-2.7059316635131836,8.837210655212402
1738,<SPECIAL>,"<SPECIAL>, TFRC, LAPTM4B, ZMYND19, SLC20A1",0.0009313762014752999,73.88407897949219,12,2,3.295452117919922,5.230711936950684
1739,MLXIP,"MLXIP, ORAI1, XRN2, TSPAN14, AP2S1",0.00019902038831524829,3.2436106204986572,27,6,-1.6096177101135254,8.490229606628418
1740,RILPL2,"RILPL2, SHISA5, UBE4B, ATP2C1, RAB3GAP1",0.0007598069012035341,3.976839780807495,0,8,-0.35302191972732544,6.5594353675842285
1741,RTF1,"RTF1, TRMT112, CUTA, GNL3, UBN2",0.00040686434064447313,3.1819076538085938,16,9,-0.09642161428928375,6.838683128356934
1742,SPAG9,"SPAG9, NDUFC1, TXNDC17, TMED2, NDUFS7",0.0051735497001949024,11.435834884643555,31,0,-3.501702070236206,6.646925926208496
1743,KATNBL1,"KATNBL1, ATP6AP1, EMD, SWAP70, ROCK1",0.008498072541460946,6.749287128448486,10,9,0.29442495107650757,8.027019500732422
1744,PPP1CB,"PPP1CB, RNF220, RANBP6, CHMP2A, GRB2",0.002119616155357472,4.278049945831299,58,1,-2.748934268951416,7.094913482666016
1745,SLC7A6OS,"SLC7A6OS, C6ORF47, RABEP2, CLPX, SENP2",0.0029284428566386535,9.262006759643555,0,6,-0.6808496117591858,4.5260329246521
1746,FAM210A,"FAM210A, IER2, PSMC1, PEX6, PDCD6IP",0.008081404240800944,13.503378868103027,3,6,-0.77985680103302,9.011900901794434
1747,UBA2,"UBA2, VCPIP1, ROGDI, NIP7, ARSK",6.862772010870631e-05,2.885932683944702,2,4,-2.698359489440918,5.382389068603516
1748,PIGX,"PIGX, FGD6, RBM48, NR2F6, TIMM9",0.00023921662437891914,2.784229278564453,3,0,-2.226193428039551,8.200384140014648
1749,BAD,"BAD, PDPR, ZNFX1, DHX57, TRAPPC13",0.002189224271467731,5.548825263977051,1,0,1.303597331047058,6.541907787322998
1750,BARD1,"BARD1, NOP16, CKLF, TMEM165, PPIL4",0.003160796709006702,9.917795181274414,1,0,-3.9300477504730225,7.012519359588623
1751,RPL38,"RPL38, TPM3, RBL2, RPL5, RPS5",0.000315687512500049,5.243683338165283,0,5,-0.3086227476596832,4.293842315673828
1752,PET100,"PET100, ZMYND8, NDUFC1, TRA2A, ARF4",0.0003147071164984961,4.018588066101074,14,1,-2.1209328174591064,5.529424667358398
1753,POU2F1,"POU2F1, UQCRH, MAP1LC3B, TUFM, PTPRA",0.0028607955325315,12.125349044799805,5,5,0.30439555644989014,4.795683860778809
1754,RELA,"RELA, SCAF8, PPP1R15B, HMOX2, TLE5",0.015258883368170072,7.883583068847656,0,6,1.3630256652832031,5.436286926269531
1755,COMMD5,"COMMD5, FAM168B, ZNF384, ZC3H4, MAP4",0.0004990215647904502,3.0634212493896484,0,8,-0.8277168869972229,6.178706169128418
1756,RBM28,"RBM28, DHX57, CLTB, TUSC2, ACIN1",7.352970011647104e-05,2.7906723022460938,0,4,3.207040309906006,6.357161045074463
1757,CCDC112,"CCDC112, STAM, ETFRF1, RAB35, INTS7",0.009201996870575962,4.6132307052612305,1,4,2.268618583679199,6.671795845031738
1758,MRPL3,"MRPL3, KRI1, RPS6KB2, KLHDC3, DTD1",3.333346405280021e-05,2.5740857124328613,3,9,-2.0434064865112305,5.379151344299316
1759,CHAC2,"CHAC2, LMNB2, TMEM97, FDX2, MBD3",0.0023137345636649554,40.1485481262207,1,3,3.470594882965088,6.097507953643799
1760,DNAJC30,"DNAJC30, MNT, CDC40, SP3, ATF5",0.011564751234318566,9.785703659057617,0,4,2.813697338104248,6.906795501708984
1761,PPM1K,"PPM1K, COA3, ZNF280D, EXOC6, PCMTD1",0.019661841811144356,12.921854019165039,6,6,-0.31795069575309753,7.120087623596191
1762,YWHAH,"YWHAH, DEF8, LEPROTL1, KMT2A, MAPK8",0.0028539327605206295,8.667357444763184,8,5,1.0171757936477661,5.058426380157471
1763,NPAT,"NPAT, CEP295, DNAJC10, LMAN1, ELOB",0.002807854148447641,5.959953308105469,3,6,-0.8523808717727661,8.100690841674805
1764,UROS,"UROS, GGA3, CFAP36, MTF1, UTP23",0.004245114686724262,9.044145584106445,0,4,2.846055030822754,7.028327941894531
1765,CERS6,"CERS6, ITFG1, CDC42, ARF1, LSM7",0.007115714179271291,8.36862850189209,4,9,0.09820816665887833,5.0616302490234375
1766,KANSL2,"KANSL2, TOR1A, MIPEP, DDHD1, PPFIA1",0.008563759073564995,10.557951927185059,0,0,-3.6137137413024902,7.594170093536377
1767,MTHFS,"MTHFS, KMT2E, VPS4B, CHD4, CHP1",0.0013352993541151143,3.972681760787964,15,9,-0.6952817440032959,4.300435543060303
1768,PACC1,"PACC1, ROCK2, EZH2, PCM1, COPS9",0.0012009851019023604,4.346075057983398,42,8,-1.4612979888916016,6.351805210113525
1769,METTL4,"METTL4, DUSP14, SRBD1, DHX40, MRPL46",0.004453939035055039,11.572072982788086,0,4,3.0966010093688965,6.957427978515625
1770,GEMIN6,"GEMIN6, HGS, MTF2, EEF2K, CMAS",0.015255942180165412,14.492547988891602,2,9,-0.34871965646743774,9.14787769317627
1771,OSBP,"OSBP, GRK6, RBM19, SCO1, CBX4",0.017699089016035358,6.075374603271484,6,1,-3.489579200744629,7.268693447113037
1772,MANF,"MANF, EPN2, RHOG, CYSTM1, SLU7",0.0006382377970109687,3.792421817779541,20,9,-0.5045721530914307,4.58555793762207
1773,PARK7,"PARK7, RAB5IF, CCDC186, PRDM2, MCM7",0.0026519711842007223,7.3042988777160645,5,5,0.2724314332008362,4.714576721191406
1774,PAXBP1,"PAXBP1, MORC3, COQ7, RAB6A, TOX4",0.004472566559084545,7.268855571746826,3,7,-0.8580297231674194,4.582624435424805
1775,RAB5B,"RAB5B, CUL1, SIAH1, RETREG3, NUCKS1",0.0018823603229816588,4.783626556396484,17,8,1.453320860862732,6.965438365936279
1776,POC1B,"POC1B, INF2, HNRNPLL, SLU7, PTOV1",0.0094637626029906,5.2352519035339355,0,4,-0.5023662447929382,8.699172019958496
1777,CHIC2,"CHIC2, MRPL36, SDHB, SLC30A9, SLC7A5",0.0015754963744955862,5.118936538696289,0,8,-0.08213639259338379,6.641243934631348
1778,LCOR,"LCOR, RBPJ, TNPO1, CAMTA1, CKLF",0.0031931497770579494,5.212729454040527,7,1,0.569021999835968,6.263192176818848
1779,SNX27,"SNX27, SHC1, PKM, RFX7, ZNF32",0.011620633806407083,9.996356964111328,0,6,0.33787500858306885,4.998038291931152
1780,PDCD4,"PDCD4, ZNF148, NUCB1, NDUFA13, G3BP1",0.0005460805728649917,3.9673917293548584,2,9,-1.5134937763214111,4.629807472229004
1781,TRIOBP,"TRIOBP, IL10RB, MAP3K11, CCNC, MORF4L2",0.001002945109588665,5.011682987213135,7,9,-1.6773872375488281,5.381484031677246
1782,SLC39A6,"SLC39A6, LIX1L, POR, CALM3, DPM3",0.0014637312303185503,5.529628276824951,3,8,-1.3439830541610718,5.785613536834717
1783,RAB35,"RAB35, MAN2C1, MIEF1, AASDHPPT, PRMT6",0.007330420903611387,11.443449020385742,0,8,-3.5966169834136963,5.298488616943359
1784,NSD3,"NSD3, GNPNAT1, CCNH, ARHGEF12, AP5B1",0.009569645371158318,13.08925724029541,4,9,-1.3130857944488525,4.724905490875244
1785,MARCKSL1,"MARCKSL1, ANAPC11, WASF2, KLHDC2, UBA6",0.003850995494099977,7.931331157684326,7,6,-1.4084758758544922,7.850828647613525
1786,HDHD2,"HDHD2, RBM18, PWWP2A, SLC35D1, GLA",0.010754944137035831,9.813130378723145,1,8,-3.031893730163574,6.054391384124756
1787,CUTA,"CUTA, RPL17, TACC1, DNAJC8, YWHAH",0.006462770442237029,16.693462371826172,0,6,-2.4410436153411865,6.690699577331543
1788,DYRK1A,"DYRK1A, DSTN, GNAI2, PDE7A, HDAC8",0.017469676351671966,9.936338424682617,5,8,-2.6929574012756348,5.4698805809021
1789,COX7A2L,"COX7A2L, TMEM98, SORT1, SF3B1, GRB2",0.002719618508307876,4.908710956573486,1,9,0.013504564762115479,8.400097846984863
1790,C1ORF174,"C1ORF174, HMG20A, DENND1A, UQCC1, SCRIB",0.0038960937101714123,7.204439163208008,0,7,-2.135091781616211,9.086799621582031
1791,YTHDF1,"YTHDF1, POLDIP3, COX19, UNG, MRPS18A",0.006827477754814725,9.281900405883789,0,8,-3.6897099018096924,5.344357490539551
1792,NEU1,"NEU1, HNRNPL, IRF2BP2, DPP7, PMPCB",0.005080412080047373,6.522235870361328,4,8,0.7781164050102234,6.541791915893555
1793,ZNF12,"ZNF12, COX17, POLR3C, ZNF561, PPIB",0.011315730649924118,11.313700675964355,6,8,-0.1473599374294281,8.135187149047852
1794,SNRPE,"SNRPE, MAP3K3, DSTN, CHMP2A, RALGDS",0.005477472460676316,9.616138458251953,4,9,-0.41016528010368347,9.133370399475098
1795,CENPX,"CENPX, MLST8, HPF1, NSMAF, TIPIN",0.00030980513649073133,3.540914535522461,8,0,2.469527006149292,7.229353904724121
1796,GIGYF1,"GIGYF1, DUT, IDH3B, METTL22, EIF1AX",0.008142188792897227,9.671697616577148,3,4,3.1029741764068604,6.43580436706543
1797,STX12,"STX12, APAF1, NDUFC1, DDIT4, PKNOX1",0.0043627622069106154,6.615724563598633,3,7,1.6092785596847534,7.098888874053955
1798,SEC61G,"SEC61G, HSPA5, ACTL6A, APLP2, VASP",0.0022058910034941314,5.457555294036865,20,1,-0.37898099422454834,5.702371597290039
1799,HEXIM1,"HEXIM1, ZDHHC17, MON2, BTBD7, TINF2",0.009837293479582274,12.934277534484863,8,8,0.3915731906890869,4.070350646972656
1800,IRGQ,"IRGQ, RAPGEF6, GRPEL2, TTF2, GLI4",0.0035000137255440217,5.113259792327881,1,8,-0.5274540781974792,4.742974758148193
1801,DNAJC3,"DNAJC3, TAPT1, CDKAL1, PPM1D, DBNDD2",0.0018902034909940824,5.133670806884766,4,7,0.49708715081214905,6.1141357421875
1802,NT5DC2,"NT5DC2, CLPX, PPP6R1, SLC25A23, MTG1",0.001322554206094926,3.8120391368865967,5,4,2.926913022994995,6.938135623931885
1803,ATL2,"ATL2, LEMD3, OSTF1, RAB5C, MSI2",0.0008852975894023114,6.161479473114014,1,7,-3.097665786743164,8.465431213378906
1804,LPIN2,"LPIN2, SNX13, MTA2, GALNT2, VPS54",0.0053108051404123155,7.418007850646973,4,8,0.2727678716182709,4.1171555519104
1805,RNF10,"RNF10, FBXL4, PIGN, PRRC2C, RNASEK",0.0029470703806681593,8.6316556930542,4,0,-2.5498883724212646,8.61687183380127
1806,TMED4,"TMED4, CNTRL, REV3L, KMT2C, RBX1",0.004821587535637394,9.246137619018555,0,9,0.9362667202949524,5.825325012207031
1807,DNAJC8,"DNAJC8, HNRNPF, TYMS, ZNF318, TBCA",0.000167647716265554,2.8303279876708984,13,6,-0.561562716960907,9.246678352355957
1808,NME7,"NME7, SPAG9, PRXL2A, FBXO33, BRK1",0.00831277769716744,7.340372085571289,0,1,1.4111995697021484,6.56136417388916
1809,CREBRF,"CREBRF, PIM3, UBE2B, DDIT4, DNAJB14",0.0062715932219342034,5.695812702178955,3,1,1.721251368522644,6.528863430023193
1810,BAG4,"BAG4, ADAT1, KANSL3, NCAPD2, LARS2",0.006897085870924984,14.716147422790527,0,8,-3.0871851444244385,5.634868144989014
1811,PIGX,"PIGX, OXSM, RAP2C, TM2D3, MAGT1",0.009258859838666034,5.548971176147461,0,4,3.4009644985198975,6.51473331451416
1812,UBAP2,"UBAP2, HAUS1, ME2, USP1, SAE1",0.0005686296809007094,2.751673698425293,10,4,2.4466214179992676,6.675543308258057
1813,SNRPD2,"SNRPD2, KDELR1, ATP6V0C, TAF1, RSPRY1",0.003009815724767548,8.333418846130371,3,0,-3.66259503364563,7.400084018707275
1814,MBNL1,"MBNL1, DYRK4, TOE1, TRNT1, RNF19A",0.013639269173604602,10.401446342468262,0,8,-0.2663557827472687,4.965977668762207
1815,NSD3,"NSD3, RNF130, ITSN2, ATP6AP2, TNFAIP8",0.0063412013380444625,11.218514442443848,15,9,-1.4805080890655518,4.931779384613037
1816,NDUFB3,"NDUFB3, TTC3, MYDGF, SYNGR2, FIS1",0.0037088380738747994,11.104809761047363,4,8,-3.681900978088379,5.335909366607666
1817,FANCM,"FANCM, MRPL16, RABGGTA, SGO1, GUF1",0.012464754763744172,12.066788673400879,8,6,-0.7814342975616455,9.129312515258789
1818,NOL10,"NOL10, OSTC, PEX14, RAD17, EMG1",7.549049211957694e-05,2.855928421020508,6,1,0.8774270415306091,7.232440948486328
1819,B2M,"B2M, RPS9, RPL23A, RPS29, TMSB10",0.00031078553249228426,17.271156311035156,0,5,-0.16920264065265656,8.41325855255127
1820,RSF1,"RSF1, SQSTM1, CCNL1, MLXIP, AP1G1",0.007255910807493363,8.228958129882812,20,9,-1.2739536762237549,5.624127388000488
1821,PIGQ,"PIGQ, PCGF6, PPP2R5D, POLR1A, ZDHHC16",0.011511809850234707,7.393189907073975,6,8,0.035054586827754974,4.881277561187744
1822,ZNF318,"ZNF318, SMC3, INIP, SH3GLB1, DHX57",0.0001784320722826364,3.1247551441192627,0,6,-0.5538904666900635,8.258984565734863
1823,EPC2,"EPC2, CUEDC2, QDPR, BZW1, UBN2",5.39217800854121e-05,3.0404038429260254,11,6,-0.1651710569858551,4.216204643249512
1824,NUDCD3,"NUDCD3, TLE3, MIGA1, TMX3, EXOSC5",0.004681390907415323,6.777066230773926,2,8,-0.03816509246826172,6.995616912841797
1825,FAF1,"FAF1, PPIA, CIRBP, GNAS, TBCC",0.0013882407381989733,6.776578426361084,5,9,-1.5085597038269043,5.094133377075195
1826,CLN3,"CLN3, CASC3, SREBF1, INTS3, POLR2J",0.005713747897050577,10.531598091125488,10,6,-0.48138871788978577,7.817302227020264
1827,GSTO1,"GSTO1, UBL5, OSER1, TMEM59, C12ORF57",0.0030068745367628894,9.436480522155762,3,7,-1.7922741174697876,8.801871299743652
1828,MRPL10,"MRPL10, TAF1, SLU7, DPH3, SNX15",0.0017068694387036812,4.869034767150879,16,0,-3.7455806732177734,6.806196212768555
1829,DYRK2,"DYRK2, PSMC2, AZI2, PTK7, PPWD1",0.006319632626010298,6.793339252471924,6,7,-0.8530682325363159,4.057292938232422
1830,TMEM242,"TMEM242, LRCH4, IQCB1, CTNNBL1, SLC25A24",0.009273565778689328,15.184657096862793,0,6,-1.2790900468826294,8.333089828491211
1831,ERBIN,"ERBIN, SP1, GSK3B, CANX, ZC3HAV1",0.0007470617531833458,5.8128275871276855,3,7,-2.255213975906372,9.093756675720215
1832,CMTM3,"CMTM3, RCBTB1, SMIM8, ZMYM2, ARID5B",0.02144224094996451,9.98029899597168,0,7,0.7360848188400269,4.630496978759766
1833,PKM,"PKM, DNAJB9, CSTB, ATP5ME, WDFY2",0.00625688728191091,11.337706565856934,0,0,-2.92633318901062,8.264619827270508
1834,EIF2D,"EIF2D, DNAJC25, PFAS, CEP57L1, INTS7",0.0029980509727489126,16.02193832397461,25,3,3.941720962524414,6.24188756942749
1835,PHPT1,"PHPT1, MLLT11, NR2C2, NKTR, ANKRD13D",0.013867701441966439,8.700023651123047,0,1,2.069690704345703,6.117217063903809
1836,TSPAN4,"TSPAN4, TSPYL1, SRM, EMP3, TBCC",0.003768642229969529,10.55316162109375,0,5,0.10894209891557693,4.136464595794678
1837,RESF1,"RESF1, ATP6V0A1, TUT4, INTS4, RPN2",0.021782438362503383,10.626577377319336,2,9,-2.947964668273926,5.866652488708496
1838,TP53I13,"TP53I13, NIPBL, ABI1, MGME1, SLC20A2",0.0023215777316773793,4.794494152069092,2,6,-0.19482330977916718,8.061570167541504
1839,CIZ1,"CIZ1, DNAJC11, TTPAL, BRAT1, AGPS",0.005294138408385915,8.638411521911621,0,9,0.34537625312805176,8.486191749572754
1840,PRKAB2,"PRKAB2, YWHAG, PSKH1, CEPT1, SMIM13",0.0002549029604037663,3.0039005279541016,1,8,-0.5715914368629456,4.652862548828125
1841,BRIP1,"BRIP1, ARMT1, CCDC117, TXNL1, PPA2",0.005625512256910811,7.890898704528809,0,7,-3.3096752166748047,6.852928161621094
1842,ZBTB40,"ZBTB40, BLOC1S5, GSE1, C6ORF89, PARL",0.009412782010909847,7.012726783752441,0,4,3.095444679260254,6.604864597320557
1843,EXOSC4,"EXOSC4, NUDT2, STT3A, TSEN54, ELL",0.008222581265024568,12.625178337097168,0,7,-0.7864510416984558,9.32419204711914
1844,EHMT1,"EHMT1, NSDHL, ENKD1, SLC30A9, GADD45A",0.008638269169683018,7.516700267791748,5,0,-3.820263624191284,6.309576034545898
1845,ECH1,"ECH1, PSMB5, DDX42, PRKAR1A, SLC2A1",0.0049411958478268545,12.25540542602539,8,8,-3.499163866043091,6.00216007232666
1846,CAPRIN1,"CAPRIN1, YDJC, TRIM13, SLC35A4, TMEM161A",0.0028402072164988882,6.340517520904541,3,4,3.5823209285736084,6.28016471862793
1847,THOC5,"THOC5, YWHAZ, CCND3, COA6, LRBA",0.00017156930027176578,2.7063724994659424,3,1,1.0929731130599976,8.205232620239258
1848,BUD31,"BUD31, CHD1, SDHAF1, MAPK3, PDCL",0.01302652167263401,7.879693508148193,12,4,3.290501356124878,6.482197284698486
1849,ZNHIT2,"ZNHIT2, NARS2, WAC, CCDC22, SKIL",0.003346091553300209,9.11003303527832,6,5,1.1471774578094482,5.203490734100342
1850,CKS1B,"CKS1B, VPS29, RER1, CDK2AP2, NDUFB4",0.000130392668206542,3.7169761657714844,1,8,-0.42774006724357605,4.293786525726318
1851,NONO,"NONO, TBCB, USP47, JARID2, KLF3",0.0006156886889752509,4.116081714630127,3,0,-2.5969765186309814,5.74546480178833
1852,SMIM13,"SMIM13, DCUN1D4, PRMT6, RUNDC1, STXBP4",0.016233396993713702,10.278973579406738,0,8,-3.459428548812866,5.361611843109131
1853,RAB22A,"RAB22A, EHD4, FUOM, DNAJC4, G2E3",0.0067774775587355245,7.02681827545166,0,7,1.8736652135849,6.6233811378479
1854,VKORC1L1,"VKORC1L1, UBN2, MPLKIP, MGAT4B, EBP",2.6470692041929576e-05,2.2148618698120117,8,4,3.1785850524902344,6.517691612243652
1855,SMIM19,"SMIM19, RBM10, OSBPL11, DTL, GPANK1",0.012189263487307794,13.567654609680176,1,6,-0.5141141414642334,8.849783897399902
1856,NECAP2,"NECAP2, CCAR1, HDGFL2, CCDC107, DDX55",0.0041372711265534375,7.573276042938232,0,8,-2.0005927085876465,5.559606552124023
1857,RNF7,"RNF7, UROS, GDAP2, MFSD8, UBE3C",0.0015402021184396802,3.7580883502960205,0,7,-0.356730580329895,7.199123859405518
1858,HMGB1,"HMGB1, XIAP, TMEM106B, ZNFX1, ARL13B",0.0025451080200314512,6.902107238769531,3,0,-1.9577423334121704,6.398190021514893
1859,ZNF292,"ZNF292, PSMB10, BLOC1S1, N4BP2L2, NUP35",0.0030804042368793604,9.13031005859375,0,8,-2.9707484245300293,6.188454627990723
1860,PDCD4,"PDCD4, MRPL33, UBR5, TPM4, YWHAB",0.009395134882881894,13.732339859008789,4,7,-1.233633041381836,8.965906143188477
1861,MXD4,"MXD4, TMEM134, IST1, ALDH9A1, CLOCK",0.003420601649418233,8.689982414245605,1,7,-2.5715160369873047,5.813869953155518
1862,ATOX1,"ATOX1, VDAC1, GLG1, TMEM14C, VMP1",0.0050872748520582435,10.555753707885742,5,6,-0.9802305698394775,8.217504501342773
1863,METTL1,"METTL1, GFOD2, TM2D1, JMJD6, TEDC1",0.006959831215024373,10.120277404785156,0,1,2.036485195159912,5.712973594665527
1864,ASPSCR1,"ASPSCR1, EDEM1, ECD, PIGQ, AASDH",0.0053196287044262915,5.260281085968018,0,4,2.995579242706299,6.732935905456543
1865,SYNCRIP,"SYNCRIP, MRPL17, UPF3A, C1ORF43, TM2D3",0.006863752406872183,7.234130859375,6,1,1.860291600227356,8.389208793640137
1866,TADA3,"TADA3, MRPL22, MTREX, NSD2, ATRX",0.00010294158016305947,2.906019687652588,9,9,-0.5326009392738342,4.02871561050415
1867,TBL3,"TBL3, COX15, CREB3L2, USP1, PCM1",0.009296114886725045,10.770700454711914,0,7,-2.2377777099609375,9.110588073730469
1868,NFIL3,"NFIL3, ARID5B, LSM14B, PHC2, EFL1",0.013148090776826576,9.621520042419434,0,8,0.8106029033660889,6.152529716491699
1869,TMEM186,"TMEM186, ZRANB2, PTDSS2, NUBP2, P4HB",0.00041764869666155555,3.1891283988952637,8,8,-0.34658169746398926,5.079238414764404
1870,C1ORF35,"C1ORF35, SIN3A, YIF1B, UQCC1, MPZL1",0.0015902023145188805,5.023004531860352,5,7,-2.4753215312957764,7.225175857543945
1871,EID2,"EID2, TEX261, CLPTM1, MRPS36, SLC35B1",0.00015686336024847158,2.9395694732666016,3,1,2.5103721618652344,6.64382791519165
1872,KDELR2,"KDELR2, UBE2I, SSBP1, KMT2A, RNF7",0.0028715798885485823,6.070411205291748,5,4,3.2171897888183594,6.745630741119385
1873,RBIS,"RBIS, LETMD1, VPS26A, HMBS, RANBP2",0.00024411860438668386,2.424492120742798,12,1,2.4065277576446533,7.225735187530518
1874,COLGALT1,"COLGALT1, NACC1, FRA10AC1, RPS27L, SMYD2",0.0003088247404891784,3.5988218784332275,7,0,2.749436616897583,7.034385681152344
1875,KDM5C,"KDM5C, XXYLT1, MRPL58, UNC45A, MEPCE",0.01294612920050667,18.230749130249023,0,4,3.6753361225128174,6.243579864501953
1876,NDUFB1,"NDUFB1, PRDX2, DDX24, CALM2, DSTN",0.004907862383774054,8.800125122070312,0,7,-0.9256248474121094,8.327046394348145
1877,THOP1,"THOP1, CARHSP1, TCF12, ARF3, NT5DC1",0.0003254914725155785,2.6814393997192383,15,0,-3.2569761276245117,6.344947814941406
1878,SLBP,"SLBP, CEP250, MPV17, ATMIN, SMIM12",3.333346405280021e-05,2.3214151859283447,24,1,2.9257545471191406,6.775350093841553
1879,ZBED1,"ZBED1, SUPT4H1, ICE2, CSDE1, BUD31",0.00624022054988451,8.380627632141113,7,6,-0.2200838029384613,8.546534538269043
1880,AK2,"AK2, ZNF593, SUZ12, ERG28, TMEM259",0.009558861015141236,8.144643783569336,6,1,1.9969359636306763,8.445954322814941
1881,PIH1D1,"PIH1D1, CUTC, MRPL54, DYNC1LI2, NDUFS1",0.00044313899270193214,3.0605974197387695,17,7,-2.667717695236206,8.682931900024414
1882,BSG,"BSG, ABCC1, SCOC, ADIPOR1, ATF4",0.00024313820838513093,3.260457992553711,14,9,-1.0202988386154175,4.2224836349487305
1883,PRKAR1B,"PRKAR1B, BTBD2, CLCC1, SEC61G, DPAGT1",0.010484354840607219,7.243612766265869,0,9,0.6482020616531372,5.402187824249268
1884,HNRNPH3,"HNRNPH3, PDLIM5, ACSL3, KIF5B, SOD1",0.0022205969435174257,9.0656099319458,8,5,0.46731504797935486,4.20414924621582
1885,NEK7,"NEK7, CDK2, LY6E, GDE1, PRCC",0.010287295244295076,10.169872283935547,1,7,-0.2904428243637085,4.70200252532959
1886,METTL6,"METTL6, WDR45B, DUSP22, RARS2, AGGF1",0.01147259401017259,11.338310241699219,0,6,-0.7158826589584351,9.326619148254395
1887,MAGOH,"MAGOH, RER1, MED10, SLMAP, TBL3",0.00015196138024070683,3.1660070419311523,0,7,-2.789536476135254,6.172715187072754
1888,SIVA1,"SIVA1, CKLF, ZNF574, VASP, KLHL7",0.006790222706755712,7.263067245483398,0,1,1.4628186225891113,7.847229480743408
1889,PWWP2A,"PWWP2A, TOR1AIP1, PIKFYVE, ZMAT5, YEATS2",0.015445158608465131,6.942780017852783,4,9,-2.0332956314086914,4.835056304931641
1890,FADS3,"FADS3, CCDC22, ZFAND5, CDK10, NIT1",0.0032225616571045375,8.302568435668945,0,0,1.0995138883590698,5.367181301116943
1891,ATP6V1B2,"ATP6V1B2, PHYKPL, STIM2, PSPC1, KATNBL1",0.007624539704077271,6.84182596206665,3,1,1.4323121309280396,6.335637092590332
1892,POLQ,"POLQ, SRM, CAPRIN1, VDAC3, SYF2",7.745128412268283e-05,2.6546578407287598,8,4,3.3150477409362793,6.88188362121582
1893,SYNCRIP,"SYNCRIP, DCBLD2, ADAR, MRPL44, TRPM7",0.0075804218840073885,8.420104026794434,2,7,-0.28341102600097656,4.900801181793213
1894,C11ORF58,"C11ORF58, MTLN, SGK3, WDR73, PMM1",0.00514609861215142,4.248692035675049,1,4,1.2840838432312012,7.33869743347168
1895,HDAC3,"HDAC3, PPP2CA, TALDO1, NFKBIB, TUBA1C",0.006152965305746297,15.218372344970703,9,7,-2.097243547439575,9.096945762634277
1896,RAD1,"RAD1, EXOC5, IDH2, UNC119, PRPF38B",0.011145141745653904,9.999524116516113,13,0,-3.559431552886963,6.529476165771484
1897,FAF1,"FAF1, FBXO42, PDLIM1, RNF113A, UQCRB",0.015250059804156094,8.793645858764648,1,1,-0.2670051157474518,4.29571008682251
1898,DLGAP4,"DLGAP4, RB1CC1, RIOK3, MANF, MTMR2",0.005542178596778811,6.386807441711426,3,1,1.1646969318389893,6.063275337219238
1899,CDK5RAP2,"CDK5RAP2, PDPR, SLC7A5, C19ORF12, REEP4",0.013267699089016035,7.598191261291504,2,4,2.4139201641082764,6.612661361694336
1900,CWF19L1,"CWF19L1, BTBD2, EFR3A, RFX1, SPSB3",0.019452037066812027,9.811200141906738,0,8,-0.29425662755966187,4.559052467346191
1901,UBE2A,"UBE2A, ADAM17, PHF14, MRPS26, RBM25",0.0001450986082298362,3.6410343647003174,2,7,-2.9611566066741943,6.555009841918945
1902,MOB1B,"MOB1B, GSTCD, PATL1, ZXDC, TAF6",0.008682386989752901,12.576295852661133,0,6,-0.5329990386962891,7.261474132537842
1903,NUP205,"NUP205, TM9SF1, AKAP1, TMEM250, KIF9",0.0065529668743798996,9.016366958618164,5,9,-0.5971871614456177,9.043523788452148
1904,ZNF652,"ZNF652, TPI1, RUSC1, SRSF6, EFL1",0.0009921607535715827,4.879032611846924,0,0,-0.46500930190086365,4.261927127838135
1905,ZBTB1,"ZBTB1, EXOC6, UBE2H, TBL2, TPRN",0.012339264075545394,8.390299797058105,0,7,0.6599135398864746,5.035019874572754
1906,ALG13,"ALG13, ATPAF2, COQ10B, ACAD8, PTPN23",0.006205906689830156,8.354557991027832,0,1,0.3252309262752533,6.352612018585205
1907,HIKESHI,"HIKESHI, COMMD2, ZBTB1, MIB2, BLOC1S2",0.004639233879348547,12.93320369720459,0,9,-1.871185302734375,4.306146621704102
1908,AP2A2,"AP2A2, PPP2R5E, PPP1CB, VPS52, RBM39",0.005206883164247703,5.319331169128418,13,0,-1.7421455383300781,7.308884620666504
1909,YY1AP1,"YY1AP1, CAMTA1, FAM210B, UBE4A, SSR4",0.0022078517954972374,3.9861886501312256,3,7,-2.29777193069458,7.333871364593506
1910,LUC7L,"LUC7L, FASN, JPT2, GEN1, MAP3K4",0.0012607892579970903,3.178138494491577,20,1,1.915054440498352,7.048059940338135
1911,RRS1,"RRS1, ITPA, BLOC1S5, AAGAB, SPC25",0.005316687516421633,5.933420658111572,1,4,2.9632203578948975,6.842388153076172
1912,NDUFA5,"NDUFA5, STOML2, ALMS1, CMPK1, SEL1L",0.01796967831246397,11.700604438781738,0,6,0.14131426811218262,5.3764872550964355
1913,MTHFD2L,"MTHFD2L, ATPSCKMT, IFNGR2, NFE2L1, MRPL18",7.647088812112989e-05,3.104074478149414,2,1,-1.421173095703125,5.633553504943848
1914,CLUAP1,"CLUAP1, TAF1B, YIPF6, REXO2, CLIC1",6.764732410715336e-05,2.2125988006591797,0,6,-2.190410852432251,5.394345760345459
1915,PSMD4,"PSMD4, MRPL2, COQ4, BABAM1, TRUB2",1.9607920031058947e-05,1.9651187658309937,18,6,3.7801389694213867,5.994865417480469
1916,PCM1,"PCM1, ARHGEF12, CCNH, SF3B6, ANKRD11",5.5882572088517995e-05,3.0807785987854004,0,7,-0.5408312082290649,4.129477024078369
1917,FNDC3A,"FNDC3A, UBR2, CCT6A, PIAS1, ARF1",0.00666277122655383,13.030988693237305,3,6,-0.6442069411277771,6.1949334144592285
1918,NDUFAB1,"NDUFAB1, TUFM, KDELR2, DNAJB12, UBE2K",0.0016823595386648575,11.505857467651367,7,5,0.5600634813308716,5.196650505065918
1919,SLC27A4,"SLC27A4, MFSD4B, TRNT1, C8ORF76, FOXP4",0.010362785736414653,13.092364311218262,0,4,3.4133176803588867,6.198294162750244
1920,NADK2,"NADK2, GALE, FANCD2, ARF1, BNIP3L",0.002487264655939827,7.005031585693359,3,7,-1.028604507446289,9.147806167602539
1921,ISCA1,"ISCA1, SLU7, URM1, IMMT, IGBP1",5.490217608696505e-05,3.005704879760742,18,0,-3.472719669342041,7.605788707733154
1922,KMT2C,"KMT2C, LSM7, ARPP19, RBM17, UBE2R2",0.0008764740253883349,4.40618896484375,24,8,-0.17215153574943542,7.376084804534912
1923,CLPX,"CLPX, DPYSL2, SMAD4, NUP133, UBAC1",0.006174534017780462,5.866565704345703,1,7,-1.979217529296875,8.24870777130127
1924,TAF12,"TAF12, PDLIM5, SF3B5, ZZEF1, ATP5F1D",0.003657857481794046,6.39743709564209,13,9,-1.5754470825195312,5.5919880867004395
1925,HSBP1,"HSBP1, STAT3, SLC39A6, RNF7, SCD",0.015358883760328472,12.017451286315918,10,1,1.824144721031189,5.930792808532715
1926,COPS9,"COPS9, XPC, MED13, LRWD1, ATXN10",0.011527496186259555,8.097590446472168,2,1,2.0067687034606934,5.976574897766113
1927,LAMTOR1,"LAMTOR1, TMEM219, CWC25, TM2D1, RAB4A",0.007786305044333507,10.20576000213623,16,1,1.6143009662628174,5.796139240264893
1928,IDH3G,"IDH3G, RMI2, CPNE3, ANO6, CDK5",0.004679430115412217,7.951735973358154,0,8,1.8589105606079102,5.507115364074707
1929,PTRH2,"PTRH2, MTFR1, NDUFAF4, CETN2, PPP2CB",0.005551002160792787,5.563320636749268,3,0,-2.992305040359497,8.411981582641602
1930,SEC11A,"SEC11A, DDA1, NKAP, ALYREF, ARL5B",4.117663206522378e-05,2.858269691467285,0,8,-3.2861833572387695,6.668065547943115
1931,CREM,"CREM, NIPSNAP2, UBE2A, GDI2, TIMM22",0.00044706057670814396,3.4269893169403076,4,9,1.6983033418655396,6.248577117919922
1932,ACOT7,"ACOT7, YWHAE, CUTA, PDS5A, FDPS",0.0030000117647520186,11.175633430480957,13,0,-3.5688796043395996,7.011140823364258
1933,ACER3,"ACER3, CNTRL, CDC27, LAMTOR1, PTPN1",0.0025039313879662273,14.578168869018555,27,5,0.6676493287086487,4.295429229736328
1934,COPS2,"COPS2, TFB2M, OGFOD1, SOX12, HSPA9",0.000818630661296711,7.712090015411377,10,3,-0.44960442185401917,5.134734153747559
1935,CCNL2,"CCNL2, APIP, EI24, FBXO5, PDCD2",0.0010323569896352534,3.3823304176330566,11,1,0.1465180218219757,7.375842094421387
1936,MND1,"MND1, RXRB, SPC25, ELP6, TOPBP1",0.004987274459899843,6.364669322967529,0,4,0.7484217286109924,7.188055038452148
1937,TMBIM4,"TMBIM4, PKN2, PGLS, METRN, PHGDH",0.005950023333424837,6.91032600402832,4,0,-2.235386371612549,8.661714553833008
1938,RBMX,"RBMX, UBE2D2, UBE2D3, VPS37A, PAM16",5.39217800854121e-05,3.3160409927368164,0,7,-3.8204309940338135,6.136488437652588
1939,TALDO1,"TALDO1, PSMB3, IDE, HMGN3, SF1",0.0012764755940219373,4.403809547424316,0,9,-1.6537089347839355,5.814943313598633
1940,SLC20A1,"SLC20A1, SEC23A, RNASEH2C, ZWINT, MAP3K11",7.25493041149181e-05,2.953481674194336,1,8,-2.609518527984619,4.656221389770508
1941,ARPC3,"ARPC3, RSL1D1, MYCBP2, LSM5, PHIP",0.00028235404844724883,4.85893440246582,13,5,-3.2604730129241943,8.01352596282959
1942,CDK2AP2,"CDK2AP2, HMGN3, TBCA, ZZEF1, CLTA",0.007773559896313319,7.885505199432373,0,1,1.1638442277908325,5.97072172164917
1943,RPS29,"RPS29, RPL10A, RPL27A, RPL10, RPL41",0.00038921721261652006,18.362323760986328,0,5,-2.4292473793029785,7.7649054527282715
1944,DCAF17,"DCAF17, KCTD5, RHNO1, NDC1, SPC24",0.018747132341695456,7.2126922607421875,0,1,-1.0752400159835815,6.734301567077637
1945,SFSWAP,"SFSWAP, EEF1E1, MZT2B, CCDC115, STX12",0.0006764732410715336,8.310464859008789,8,5,1.3763911724090576,5.4266886711120605
1946,BCR,"BCR, PMM1, SMAD2, PSMC4, TP53BP1",0.00325001274514802,4.830397605895996,1,7,-0.14213122427463531,6.377591609954834
1947,CEP55,"CEP55, GZF1, ELMOD2, MSTO1, USP5",0.009223565582610128,7.649746894836426,0,0,0.07255958765745163,5.272716522216797
1948,<SPECIAL>,"<SPECIAL>, UBAC1, DLG1, HSPD1, COX7C",0.008366699477252852,5.853057384490967,35,9,1.129929542541504,8.167261123657227
1949,EZR,"EZR, RAB27A, DMAC2L, CNTRL, RNF126",0.001562751226475398,4.911641597747803,13,1,-1.425764560699463,5.164327621459961
1950,LY6E,"LY6E, EIF3H, PTTG1, PCNX4, PSMD6",0.00895787826618928,12.186013221740723,10,9,-1.3861937522888184,5.704995632171631
1951,LRRC59,"LRRC59, AGO3, RRAS2, MRPL36, APPL1",0.0030804042368793604,5.552468776702881,11,4,-0.2795069217681885,6.754315376281738
1952,NABP2,"NABP2, CMTR2, STAM, TOE1, LEPROTL1",0.0049460978278346186,14.375321388244629,5,8,-2.669969081878662,4.778878211975098
1953,SAMD8,"SAMD8, ZDHHC7, MPLKIP, TMEM126A, PLD3",0.011014749077447362,14.394197463989258,0,6,-0.27281275391578674,8.555913925170898
1954,HNRNPDL,"HNRNPDL, TLE5, NDUFB4, NUDC, JUND",0.001300985494060761,6.201315879821777,0,9,0.44597572088241577,5.107486724853516
1955,HIPK3,"HIPK3, TMEM219, PPP1R10, ANXA11, NFATC3",0.012168675171275182,7.124260902404785,1,0,-2.242825508117676,8.955469131469727
1956,CERS2,"CERS2, ZCRB1, NFKBIB, CREBZF, TRAPPC11",0.0066274769704979235,8.066129684448242,0,1,2.2700366973876953,6.079146862030029
1957,USP10,"USP10, BOD1L1, PCGF6, EZR, CDC37",0.004119623998525485,12.878617286682129,1,0,-3.8287980556488037,5.667292594909668
1958,ZYX,"ZYX, CRTC3, DHRS7, LASP1, IMP4",0.030844238604857275,11.163341522216797,1,6,-0.4995993971824646,7.58429479598999
1959,GSK3B,"GSK3B, STAU2, NCOR1, PCBP1, GNB2",0.009266703006678458,15.596774101257324,7,8,-0.9882732033729553,6.094672679901123
1960,NDUFS4,"NDUFS4, RBM4B, CFAP298, AP3S1, TRMT10C",0.012618676935987984,13.63087272644043,4,8,-2.8546981811523438,6.692412376403809
1961,MR1,"MR1, RNF7, HELZ, RASA1, ZNF148",0.015554962960639062,6.414486408233643,1,9,-1.5804446935653687,6.273201942443848
1962,STARD3NL,"STARD3NL, BARD1, GMPS, TSR3, CCNA2",0.0001392162322205185,2.58923077583313,22,4,3.21333646774292,6.393097877502441
1963,TRAPPC2B,"TRAPPC2B, CBX4, ETFDH, ADGRA3, AMFR",0.010685336020925572,7.513924598693848,0,1,0.9025871157646179,6.166721343994141
1964,SYMPK,"SYMPK, GET1, NUP43, LRWD1, ZNF195",0.002265695159588861,6.3426833152771,0,4,3.0305185317993164,6.32524299621582
1965,MLLT1,"MLLT1, SEH1L, MSMO1, CCP110, PPP4R1",0.00733140129961294,4.404697418212891,3,1,2.727045774459839,6.2108964920043945
1966,MCM2,"MCM2, SAMD1, UBE2D2, ASPSCR1, OSBPL9",0.0033372679892862325,10.002313613891602,12,0,-3.085667371749878,8.330392837524414
1967,ATG4D,"ATG4D, IPP, ENY2, NAB1, GTPBP6",0.006678457562578677,6.3026442527771,1,1,2.489551544189453,7.027219295501709
1968,NDUFAF8,"NDUFAF8, NME4, DPP7, GALNT1, WDR12",0.00014215742022517734,2.8772683143615723,0,6,-0.5600014925003052,8.518144607543945
1969,CMTR1,"CMTR1, BRMS1L, TEN1, CCDC82, SEC22C",0.0007951011572594403,2.8225271701812744,0,1,0.39004167914390564,6.9432573318481445
1970,HNRNPDL,"HNRNPDL, DIS3L2, NDFIP1, CHST12, TXN",0.0012686324260095137,6.583910942077637,0,6,-1.3624807596206665,7.666637897491455
1971,RPL26L1,"RPL26L1, C2ORF68, ARHGEF2, ASAH1, SYNGR2",0.006770614786724654,13.287182807922363,2,6,-0.7933300137519836,9.363880157470703
1972,TCEAL9,"TCEAL9, IFRD1, FAM133B, PGRMC1, RAD21",0.02451186083082679,9.75463581085205,0,7,-3.248495101928711,7.303952693939209
1973,NDUFAF8,"NDUFAF8, GEMIN6, DESI2, ZNF777, FAM174C",0.001450005686296809,4.031079292297363,0,1,-2.07710337638855,5.991422176361084
1974,CD58,"CD58, ATP6V1H, MXI1, RELCH, CNP",0.009772587343479779,11.162104606628418,3,5,0.1658531129360199,3.7609219551086426
1975,SLC12A2,"SLC12A2, POLR2J, ESD, SPIN1, ZNF207",0.009296114886725045,7.638129711151123,1,5,0.6811341643333435,4.814425468444824
1976,UBE2L6,"UBE2L6, GMDS, VPS13A, ARF5, REEP5",0.001135298569798313,9.78844928741455,19,5,-0.28282430768013,3.952319383621216
1977,NDUFS4,"NDUFS4, ZNF24, ABHD14B, MRPL23, ITCH",0.0036382495617629873,5.2952094078063965,9,1,1.6579322814941406,7.850107669830322
1978,PTTG1,"PTTG1, AKAP8L, CAPNS1, OSBPL9, ZNF714",0.007176498731367574,4.126904010772705,7,1,2.7729721069335938,7.008542537689209
1979,FANCG,"FANCG, UCK2, PIGQ, ATPAF2, NUFIP1",0.0057049243330366,7.311807632446289,0,8,-3.501638174057007,5.294342994689941
1980,ZRANB3,"ZRANB3, POLR2L, HERC4, ATP13A3, AKAP17A",0.006739242114674959,9.327423095703125,3,6,0.2900055944919586,4.598847389221191
1981,VPS41,"VPS41, TRMT1L, YTHDC2, NDUFB7, CMTR1",0.00047451166475162646,2.9789187908172607,4,8,-1.542364478111267,5.747513771057129
1982,CASP2,"CASP2, MED14, NHLRC3, VPS16, DCAF15",0.008585327785599159,9.024454116821289,3,4,3.2224602699279785,7.004333019256592
1983,SMCHD1,"SMCHD1, ARPC1B, CCDC88A, TMEM109, HECTD4",0.0041480554825705195,8.738621711730957,3,7,-0.16700032353401184,5.687862873077393
1984,SKP2,"SKP2, AP3D1, METTL3, NAT10, PLK1",0.0030402080008156895,5.250499725341797,3,4,2.695385694503784,6.557850360870361
1985,ATP6V0E2,"ATP6V0E2, ZYX, FKBP5, CHD3, RBCK1",0.01005298059992392,7.532388687133789,4,7,0.7715405225753784,5.289176940917969
1986,SRPK2,"SRPK2, NOP10, ALG14, CDC42, CLN6",0.009424546762928481,9.652789115905762,0,7,-1.4115790128707886,8.92292308807373
1987,CDR2,"CDR2, ATP6V0E2, RABGEF1, MAGOH, SPATS2",0.0055294334487586225,7.75104284286499,0,5,0.24862927198410034,5.836670875549316
1988,XBP1,"XBP1, CAST, MYH9, ADK, CALM3",0.0026990301922752637,13.413954734802246,11,5,0.30154120922088623,3.4869589805603027
1989,MARF1,"MARF1, TRAK1, ADAM9, DYRK2, MCCC1",0.0028941289965843005,5.708150386810303,0,8,1.6827831268310547,6.408119201660156
1990,CSNK1G3,"CSNK1G3, USE1, HDAC7, CDKN3, CDK5RAP1",0.004349036662888874,8.34618091583252,3,1,1.9816912412643433,6.434108734130859
1991,TSPAN17,"TSPAN17, RSPRY1, DIS3L, PSMG1, ZCCHC10",0.00020294197232146008,2.6560699939727783,0,7,-2.9111673831939697,5.677536487579346
1992,CNOT6,"CNOT6, AGAP3, CEP57, CDC42SE2, MOB2",0.0064921823222836164,7.617738246917725,1,7,-0.14774321019649506,9.040718078613281
1993,AAR2,"AAR2, TTPAL, MAP3K20, PRXL2A, SETD9",0.008899054506096103,10.099464416503906,0,7,0.8303592205047607,5.711193084716797
1994,MED27,"MED27, ANO6, PURA, MRPS33, UBE2K",0.0008990231334240526,3.9129843711853027,27,7,-2.6945393085479736,7.03977108001709
1995,HSPA9,"HSPA9, RFC4, PGRMC1, ARPC1B, MRPL51",0.009450037058968859,10.86839485168457,5,6,-0.239618718624115,7.846571445465088
1996,COX4I1,"COX4I1, C1ORF43, NDUFB9, SECISBP2L, RALGPS2",0.0012578480699924313,4.981890678405762,0,8,-2.7649714946746826,4.807340621948242
1997,ECHDC1,"ECHDC1, ZNF277, METTL21A, GOLPH3, ACBD3",0.013098090580747375,14.937638282775879,1,0,-2.5393357276916504,7.995840072631836
1998,LRRC41,"LRRC41, CUL4A, CERT1, AASDH, NME4",0.0009568664975156766,5.3997483253479,0,4,3.554086446762085,5.784604549407959
1999,PDXDC1,"PDXDC1, EPS15, NEDD8, HMGCS1, ACTN1",0.0029137369166153592,5.945984363555908,3,7,-0.8469059467315674,9.0563325881958
2000,SFI1,"SFI1, TMEM263, FOXK1, CHMP7, THRA",0.007311793379581881,10.262234687805176,0,1,1.3414289951324463,6.279068946838379
2001,NGRN,"NGRN, ELOVL1, SON, MZT2B, PMF1",0.0039009956901791772,11.435760498046875,1,6,-0.4986940622329712,7.082743167877197
2002,SEC11A,"SEC11A, VASP, SSU72, NSMCE2, LUC7L3",0.005203941976243044,9.865243911743164,11,6,-1.7023950815200806,7.945912837982178
2003,UBXN1,"UBXN1, GSTK1, MSRB2, PIGBOS1, PCNT",0.00010686316416927125,2.9673030376434326,0,8,-2.288130521774292,5.410124778747559
2004,ARFGEF1,"ARFGEF1, MFSD10, APPL1, UBE2G1, MFSD1",0.0014411821222828326,5.124218463897705,20,6,-0.21274466812610626,6.873509883880615
2005,SMIM29,"SMIM29, NXF1, SLU7, SMDT1, IFT57",0.01449025290295256,9.339117050170898,0,1,1.7271322011947632,5.82080602645874
2006,BRPF1,"BRPF1, LPIN1, NOL10, ZFP91, TRMT61A",0.0007196106651398633,2.9290378093719482,3,1,2.611642360687256,6.648292064666748
2007,RAD23A,"RAD23A, DNAJC1, TAF15, DDX6, TCP1",0.011321613025933435,13.252435684204102,11,5,0.27221572399139404,3.6580381393432617
2008,DESI2,"DESI2, GABPA, HMG20A, DDX23, POLR2J",0.004845117039674666,12.396866798400879,3,7,-2.7743301391601562,8.746846199035645
2009,CDK5RAP1,"CDK5RAP1, ZNF7, MCM4, FAM162A, BRD2",0.011413770250079412,12.123619079589844,14,6,-0.9237738847732544,8.237977027893066
2010,RAD50,"RAD50, UBL5, ZNF706, PPIA, UBE2D3",0.004677469323409111,12.362473487854004,12,0,-2.095336437225342,8.978939056396484
2011,ALG12,"ALG12, INO80B, GGCX, TSTD2, PCCB",0.004849038623680877,7.381010055541992,2,9,0.12702162563800812,5.378363609313965
2012,GOLGB1,"GOLGB1, DNAJB6, CTNNA1, ZW10, NSF",0.008779446193906642,5.0576090812683105,33,1,-1.5814558267593384,9.088916778564453
2013,NR1H2,"NR1H2, ZNF394, SP3, COX20, ITFG2",0.006642182910521217,10.212579727172852,3,6,-1.0142276287078857,8.671341896057129
2014,MBD3,"MBD3, RPUSD1, NDC80, ATF6B, AASDH",0.008224542057027674,9.050536155700684,5,6,-0.6571855545043945,7.88646125793457
2015,EIF3F,"EIF3F, DAPK3, SHMT1, NUP42, GABARAP",0.005450021372632834,8.102741241455078,0,7,0.21117499470710754,4.812476634979248
2016,<SPECIAL>,"<SPECIAL>, ZMYND19, SLC20A1, SRSF5, RPS13",0.0008451013533386406,70.9006118774414,0,2,1.55107581615448,6.008735656738281
2017,TTC32,"TTC32, MTHFD2L, BAG5, RNF146, NUB1",0.004742175459511606,7.625194549560547,0,1,2.0471444129943848,6.37334680557251
2018,PDE7A,"PDE7A, SLC35E1, ITCH, RBM15B, CCDC138",0.0033519739293095267,7.755914211273193,3,7,-0.3495214283466339,4.866866588592529
2019,EMG1,"EMG1, RNF130, ARID4B, MTMR2, RALY",0.003969623410287884,8.011133193969727,7,9,-1.0085928440093994,5.680253028869629
2020,USP13,"USP13, PRPF39, TASOR2, ATN1, ICE1",0.007386303475699905,6.881785869598389,3,4,3.013244867324829,7.107085227966309
2021,WRAP73,"WRAP73, CLN6, PHKG2, ALG14, SEPTIN8",0.005395119196545868,9.40864372253418,2,0,-3.5173327922821045,8.052151679992676
2022,ABHD10,"ABHD10, HAUS8, TJP2, CLCC1, CD320",0.0014990254863744563,4.502440929412842,5,0,0.7270510792732239,5.311489582061768
2023,NDUFB4,"NDUFB4, USP34, NDUFB9, REV3L, RTRAF",0.010432393852524912,15.791128158569336,1,9,-1.393280029296875,5.374970436096191
2024,ATXN7L3,"ATXN7L3, CTDSPL2, TIPIN, FN3KRP, PRDX5",0.001542162910442786,4.8648505210876465,9,0,2.0342607498168945,7.107894420623779
2025,COX6B1,"COX6B1, CPNE3, MCMBP, CFL1, IP6K2",0.004598057247283322,5.030864715576172,2,1,-2.636404514312744,7.158985137939453
2026,PMM1,"PMM1, NPRL3, AP2A1, PHGDH, GRIPAP1",0.005145118216149867,8.009475708007812,0,6,-0.7303956151008606,4.138275623321533
2027,MTA1,"MTA1, PEX19, TYW3, ILVBL, GFM1",0.00023529504037270735,4.0765156745910645,0,8,-1.6081219911575317,6.083460807800293
2028,PTRHD1,"PTRHD1, CCM2, RAB1B, ZMYND8, LACTB",0.007017674579115996,7.051850318908691,1,1,1.814743161201477,6.968592166900635
2029,TMEM69,"TMEM69, TAMM41, INSIG2, B4GAT1, THAP3",0.009589253291189377,9.266233444213867,3,0,-2.1770191192626953,8.064433097839355
2030,SLC25A36,"SLC25A36, NEK1, ZNF286A, PDXK, CDK1",0.00011960831218945957,2.690887689590454,0,1,0.7895069718360901,7.378466606140137
2031,EMC8,"EMC8, NUP35, GTF2A2, TTC5, ZNF286A",0.0007411793771740281,3.962242364883423,0,9,-2.2409911155700684,6.1659064292907715
2032,EZR,"EZR, SSU72, TUFM, UQCRQ, ELOB",0.0003666681045808023,3.6198151111602783,2,8,-1.216131567955017,6.152274131774902
2033,CTU2,"CTU2, AP5B1, RNF126, ZNF33A, SPAG9",0.0016500064706136102,9.102664947509766,17,7,-3.354170083999634,6.459446430206299
2034,FBRS,"FBRS, MED29, TST, IRF2BP1, TTF1",0.006596104298448229,8.914284706115723,0,4,2.711869478225708,6.197149276733398
2035,CLASP1,"CLASP1, MICU2, ATOX1, NCOA3, TAF9",0.0011098082737579363,10.345693588256836,2,5,0.5181745290756226,5.200174331665039
2036,RBM26,"RBM26, ZNF644, RPS6KB2, METTL9, UAP1",0.0001598045482531304,3.436058759689331,5,9,-1.1078156232833862,5.088534355163574
2037,CPSF4,"CPSF4, PPP1R12A, GADD45GIP1, TMED4, SUPT20H",0.0034284448174306567,4.016844272613525,3,1,-3.4552690982818604,6.675064563751221
2038,COP1,"COP1, PPIB, SLC25A3, TMEM59, SFPQ",0.005660806512966718,12.645215034484863,6,9,-2.7488903999328613,5.860201358795166
2039,PARP2,"PARP2, ADNP2, ERCC5, TTC9C, ZDHHC16",0.005503943152718246,4.982405185699463,0,4,3.4042811393737793,6.75084114074707
2040,AFF4,"AFF4, RNF220, ARL4A, AURKAIP1, ERCC3",0.02186773281463849,11.418888092041016,0,9,-2.1402463912963867,5.379493713378906
2041,DCAF15,"DCAF15, CDK16, MFSD1, SCYL1, SAFB2",0.012622598519994196,17.5992488861084,0,6,-1.6416211128234863,8.522539138793945
2042,PDPK1,"PDPK1, PDHA1, ENTPD6, POLA1, TBC1D14",0.014359860234746018,13.660506248474121,0,8,-2.502828359603882,5.20402193069458
2043,CYB5A,"CYB5A, DDIT4, KMT2E, ASB1, B4GALT7",0.016536339358193562,9.276262283325195,0,0,0.5095377564430237,5.459874153137207
2044,CFLAR,"CFLAR, VTI1A, SMARCC1, PCNA, AIP",0.000519609880823062,5.046133995056152,29,9,-1.1211048364639282,5.033117771148682
2045,AIP,"AIP, MAF1, GOLGA7, ORMDL3, HOOK3",8.823564013976525e-05,3.1433727741241455,1,8,-2.436063766479492,5.158395767211914
2046,POLE3,"POLE3, DNAJC4, RPL7L1, SMARCB1, UBA2",0.001561770830473845,4.178519248962402,25,9,-1.8439913988113403,6.895047187805176
2047,ATG10,"ATG10, NUF2, ZNFX1, PTPN11, ERGIC2",0.0016686339946431162,4.902253150939941,24,0,-1.591799020767212,5.805440425872803
2048,TCF7,"TCF7, CFL1, BTG1, HSPA8, CHD9",0.0018441248789210938,15.989607810974121,14,5,0.07917226105928421,4.477685928344727
2049,MOSMO,"MOSMO, YWHAB, CCDC125, ZC3HAV1, MORC2",0.0022049106074925784,6.0693535804748535,4,9,-3.2960519790649414,6.394718170166016
2050,FOXRED1,"FOXRED1, L3MBTL2, ZCCHC3, PDIA6, CLPP",0.0038274659900627062,6.914170265197754,0,0,-3.779339075088501,5.546345233917236
2051,RETREG3,"RETREG3, BCR, CSNK1A1, TUBB4B, YIPF4",0.008862779854038643,8.514012336730957,9,1,1.7406271696090698,6.781623840332031
2052,ABRAXAS1,"ABRAXAS1, ERCC1, COX19, INTS11, DDIT3",0.009052976678339915,7.934601306915283,1,9,-2.1279408931732178,6.379354476928711
2053,PRMT3,"PRMT3, C19ORF53, OTUD6B, MED7, JAGN1",0.001136278965799866,6.326648235321045,0,7,-3.748769760131836,7.29861307144165
2054,BDH2,"BDH2, MTFMT, UBTF, BROX, LRRC57",0.014592214087114067,14.463273048400879,7,9,-2.2485499382019043,5.680497169494629
2055,DYRK4,"DYRK4, ILVBL, SLC12A2, ZNHIT2, PPP1R16A",0.0196422338911133,11.377829551696777,0,1,2.3417105674743652,6.489152431488037
2056,RBM22,"RBM22, NELFE, ATG10, PRORP, BAG5",0.009157879050506081,14.250225067138672,0,6,-0.18075723946094513,8.277364730834961
2057,NPLOC4,"NPLOC4, CD55, RASA2, PDCD4, STX10",0.0009627488735249942,6.79174280166626,8,9,-1.0832359790802002,5.464566707611084
2058,RHOC,"RHOC, RAB7A, NDUFS8, EZR, TPM4",0.004448056659045721,5.695617198944092,1,9,-1.641456127166748,5.9902729988098145
2059,ATP2C1,"ATP2C1, SYNJ2, VKORC1, HDAC3, MAP1LC3B",0.023010874552449226,10.455933570861816,3,0,-2.0946428775787354,9.062554359436035
2060,PRMT2,"PRMT2, CKAP2, REV1, BAZ1A, NIFK",0.016428495798022736,6.025084495544434,9,1,0.9260842800140381,7.93977689743042
2061,MRPS21,"MRPS21, NELFE, PLD3, ARL8B, RBM22",0.00026666771242240167,3.4445390701293945,15,6,-0.4951622188091278,7.629467010498047
2062,GPATCH11,"GPATCH11, RHBDD2, CORO1C, COPRS, CMPK1",0.0034284448174306567,6.824678421020508,11,7,-1.8584027290344238,8.946016311645508
2063,VMP1,"VMP1, SPTAN1, ANKIB1, COP1, MMP24OS",0.019045172726167552,10.336344718933105,6,6,-1.6127173900604248,8.337909698486328
2064,C11ORF54,"C11ORF54, BMS1, PHRF1, SERTAD2, ZBTB24",0.0069990470550864905,13.340045928955078,0,8,-3.722243309020996,5.290534019470215
2065,RPN2,"RPN2, DHX40, MRPL57, SMIM20, CARS2",0.00012941227220498905,3.2459850311279297,1,7,-3.311950922012329,7.222110271453857
2066,TMEM165,"TMEM165, PRPF4B, CEP57, CISD3, ESF1",0.007502970599884706,6.268482685089111,0,1,-1.788688063621521,8.240166664123535
2067,HBS1L,"HBS1L, CAPN1, PKN2, RAB4A, ASNSD1",0.017379479919529095,6.262864589691162,1,1,-1.465506672859192,8.637107849121094
2068,UBE2D2,"UBE2D2, ZNF609, OAZ1, STK4, TPMT",0.006224534213859662,8.684179306030273,1,0,-1.7260416746139526,6.786851406097412
2069,MUS81,"MUS81, PGGT1B, THAP12, NCAPD3, MED14",0.010586316024768725,6.924510955810547,5,8,-0.8930314183235168,5.908293724060059
2070,PHB2,"PHB2, RICTOR, SLC38A2, ARL6IP1, ELL",5.5882572088517995e-05,2.9265425205230713,9,9,-1.3160134553909302,4.9872002601623535
2071,NAA15,"NAA15, CCNI, ASPSCR1, RPAP2, KIF3A",0.010797101165102609,9.595890998840332,3,1,-2.9953773021698,4.669726371765137
2072,LSM3,"LSM3, NKTR, ROMO1, DRG2, GZF1",0.005961788085443473,6.415886402130127,0,6,-1.7624999284744263,8.27881908416748
2073,OGT,"OGT, GIGYF2, ARHGEF12, COPS6, IVNS1ABP",0.0007509833371895576,9.468987464904785,5,5,0.5567437410354614,4.097980499267578
2074,PRKAR1B,"PRKAR1B, CCDC92, PSEN1, MCPH1, RBM6",0.014911823183620328,8.471941947937012,35,0,-3.549112319946289,6.137826919555664
2075,BET1L,"BET1L, NRDE2, FKBP15, FAM76B, DEGS1",0.0027745206843948407,6.478231906890869,3,1,2.419684886932373,6.979269504547119
2076,SSB,"SSB, ATP5MC3, URM1, UBL5, CTSC",0.0007686304652175106,6.683248996734619,10,0,-3.731672525405884,6.31863260269165
2077,POLR2J,"POLR2J, VAPA, FKBP4, LZIC, CD151",0.0025078529719724393,5.229683876037598,1,9,-0.8288477063179016,5.8144402503967285
2078,PDK1,"PDK1, CXXC1, BBIP1, ZNF512, BANP",0.01126376966184181,8.134122848510742,0,9,1.403015375137329,6.625677108764648
2079,TRAPPC2,"TRAPPC2, FLAD1, ARID4A, TMED8, CCDC34",0.0008715720453805701,4.274930000305176,1,0,-3.703219175338745,6.798458099365234
2080,GSK3A,"GSK3A, PDZD11, IPO8, MR1, FHL3",0.013993192130165217,11.216774940490723,0,9,-1.3906196355819702,5.131717205047607
2081,PPP1R16A,"PPP1R16A, ACOX1, ZNF672, PRPF18, PGGT1B",0.009239251918634976,9.404622077941895,0,4,3.214082717895508,7.132720470428467
2082,CHURC1,"CHURC1, APH1A, RAB3GAP1, CNOT2, MXI1",0.0026225593041541337,10.553730010986328,2,5,0.61453777551651,4.040658473968506
2083,NMT2,"NMT2, VAMP3, NBR1, HDAC8, PEX16",0.004077466970458707,8.508671760559082,2,8,-0.17629094421863556,4.361600399017334
2084,ING1,"ING1, SRRT, HADH, GABPA, EIPR1",0.010718669484978372,14.365103721618652,5,4,3.6477391719818115,6.504664421081543
2085,KDSR,"KDSR, SNAPIN, CBX4, PBK, POR",0.004354919038898192,9.974637031555176,8,5,0.913576602935791,5.635271072387695
2086,SDCBP,"SDCBP, WDR83OS, CAPZB, LEPROTL1, CDK11B",0.009934352683736014,14.616175651550293,5,8,-3.053081750869751,6.273612976074219
2087,SUN1,"SUN1, CHORDC1, SLC25A3, DAP3, TPM4",0.008414738881328947,15.00715160369873,1,6,-0.38134557008743286,9.133319854736328
2088,SECISBP2,"SECISBP2, TSPYL1, STK38, EMC6, MRPL43",0.0037176616378887762,8.963220596313477,2,5,0.5552701950073242,4.049627304077148
2089,MLLT11,"MLLT11, TBC1D1, NFKB1, HSD17B12, EMC4",0.002304910999650979,5.3803300857543945,0,1,1.1301581859588623,6.624403476715088
2090,EEF2K,"EEF2K, RRP12, ASF1B, WASHC5, TRMT6",0.011196122337734657,9.138218879699707,0,6,-0.5974324941635132,9.11586856842041
2091,SEPTIN6,"SEPTIN6, SHPRH, METTL9, SPCS2, PNRC2",0.003175502649029996,5.083978652954102,5,9,0.8656441569328308,6.73258113861084
2092,ZDHHC6,"ZDHHC6, PILRB, EIF2AK2, MAD2L2, NFX1",0.009080427766383398,6.806856155395508,5,6,-0.8090491890907288,7.2758307456970215
2093,CNOT6L,"CNOT6L, CNTRL, IFT80, PPP1R37, EPHX1",0.03245993121541653,14.803716659545898,0,0,-2.0224673748016357,8.484416007995605
2094,DNTTIP2,"DNTTIP2, EHMT1, RBM5, ATP6V1H, NDUFB9",0.0004117663206522379,2.9678547382354736,2,0,-1.7859185934066772,7.538177013397217
2095,SUDS3,"SUDS3, IPO4, PSMD11, IFITM2, PAIP1",8.725524413821231e-05,2.8859140872955322,1,1,2.9041178226470947,6.992659568786621
2096,AGAP3,"AGAP3, BOP1, STRN, MED7, CD2AP",0.00555198255679434,8.958150863647461,3,6,-0.2834465801715851,9.051064491271973
2097,KIF23,"KIF23, ABCC5, SMAP2, SMARCA5, EPB41",0.001300005098059208,9.733099937438965,1,7,-2.379990339279175,9.014960289001465
2098,MRPL50,"MRPL50, HNRNPH3, PUM2, SLC25A5, LAMP1",0.001748046070768905,8.79566478729248,5,7,-2.5106582641601562,8.954245567321777
2099,IFT57,"IFT57, CCNG1, ZNF131, FLOT2, SF3A2",0.0029323644406448655,6.617862701416016,0,1,2.765885829925537,6.447009086608887
2100,NDUFAF7,"NDUFAF7, RFX1, BCL10, ZNF426, PPM1D",0.02080988552896286,7.98942232131958,0,1,0.606891930103302,6.5391316413879395
2101,CAND1,"CAND1, PFKP, UGGT1, PRPSAP2, NUP133",0.009905921199690979,16.03999137878418,0,8,-3.4856531620025635,5.087522506713867
2102,SUCO,"SUCO, NAE1, CTNNB1, BNIP3L, EPC2",0.0023862838677798735,3.9929046630859375,18,1,-2.2065534591674805,6.872243881225586
2103,EMP3,"EMP3, ARPC3, OAZ1, HSPB1, NDUFA4",0.0010813767897129008,18.417274475097656,2,5,0.5448182821273804,3.257000207901001
2104,FRA10AC1,"FRA10AC1, ORC3, SPNS1, HSPBP1, ARHGAP1",0.010836317005164726,15.54092788696289,0,6,-1.6518726348876953,8.668646812438965
2105,OSTC,"OSTC, CDK1, RBM25, UQCRB, CLK1",0.00027058929642861343,3.1029164791107178,8,4,2.3836092948913574,6.1496381759643555
2106,ENOSF1,"ENOSF1, PSMB4, KLC1, IKBKB, ATP6V0D1",0.030807963952799815,11.805032730102539,0,7,-3.08579421043396,8.385835647583008
2107,CAST,"CAST, MYH9, COX7C, GNG5, USP22",0.00287059949254703,3.530651569366455,0,1,-0.6151001453399658,8.146839141845703
2108,POP4,"POP4, POLR3K, MXD4, MTFR1, TBRG4",0.00047647245675473237,3.9212639331817627,2,0,-2.4964208602905273,7.447203636169434
2109,TAX1BP1,"TAX1BP1, IFT88, COX7A2, SERF2, SLC9B2",0.00026470692041929576,3.4734385013580322,3,0,-3.2094430923461914,8.010066986083984
2110,SELENOS,"SELENOS, RAB5IF, VPS13A, SMIM26, MAN1A1",0.00017745167628108345,3.2811169624328613,11,7,-2.6495537757873535,7.699671745300293
2111,TPRKB,"TPRKB, TGOLN2, SDF2L1, SLBP, ZNF24",0.000408825132647579,2.9310030937194824,3,4,2.461344003677368,6.547060966491699
2112,IMMP1L,"IMMP1L, THOC6, DHRS4L2, C1ORF35, NADSYN1",0.005370609296507045,10.775835990905762,0,0,-2.6124701499938965,7.653441429138184
2113,PKN2,"PKN2, YWHAB, KIF2A, REX1BD, SEC11C",0.00023823622837736619,4.566786766052246,4,6,-0.5694273710250854,8.568011283874512
2114,CDK11B,"CDK11B, SRGAP2C, TMEM106B, RAP2C, YWHAH",0.0009254938254659822,6.811304569244385,1,0,-3.1461329460144043,5.498809814453125
2115,FBXL5,"FBXL5, LAPTM4B, CCDC88A, REPS1, RNF111",0.0037647206459633176,10.24014663696289,4,5,0.19842103123664856,5.487819194793701
2116,MAP4K5,"MAP4K5, FLNA, POLR1A, HERPUD1, FOXO3",0.011415731042082518,13.443976402282715,5,9,-1.3622510433197021,5.009835243225098
2117,CTNNB1,"CTNNB1, POLR2J3, MCRIP2, TUSC2, CFAP410",9.215722414597704e-05,2.944395065307617,17,6,-1.4931553602218628,8.619784355163574
2118,RABGEF1,"RABGEF1, KDELR2, ASCC1, TIMM8B, SPNS1",0.007375519119682822,6.416029453277588,0,6,-1.0024982690811157,7.816807270050049
2119,PPWD1,"PPWD1, CLK4, LRRC8A, VAPB, ANKFY1",0.022009890234863667,12.217263221740723,0,8,-2.682262420654297,6.644552230834961
2120,EIF5,"EIF5, LRBA, ANKRD12, PRDX6, KTN1",0.009615723983231307,12.874360084533691,0,8,-2.741086721420288,4.663403511047363
2121,TUBGCP3,"TUBGCP3, ZNF770, PNRC2, PRKDC, KIAA1191",0.004161781026592261,9.926963806152344,3,9,-2.782132148742676,5.517176151275635
2122,NSMCE2,"NSMCE2, VASP, FLNA, OTUD3, TAX1BP1",0.002768638308385523,5.698879241943359,19,8,-3.046875,5.4098029136657715
2123,XAB2,"XAB2, TMEM18, SLC29A1, PRRC2A, EYA3",0.0025460884160330042,4.030399322509766,5,6,0.6230996251106262,7.3298163414001465
2124,MGAT4B,"MGAT4B, GUF1, CAPNS1, FANCM, TRABD",0.008861799458037091,5.052361011505127,6,4,2.6202502250671387,7.268184661865234
2125,NFKBIB,"NFKBIB, MED15, CETN2, ARHGAP17, ISCA1",0.002004909823175777,8.070274353027344,0,0,0.16354794800281525,4.547808647155762
2126,CUL2,"CUL2, HNRNPD, CCT3, COPS3, OGFR",0.005432374244604881,4.9915666580200195,2,1,2.3160266876220703,7.216827392578125
2127,TCP1,"TCP1, PSMB2, MRPS34, RPS19BP1, RAD23A",0.014910842787618775,10.745939254760742,6,1,2.1574437618255615,7.917418956756592
2128,CDK11B,"CDK11B, CLK4, ORMDL2, ERLEC1, MAU2",0.022977541088396426,11.116659164428711,2,6,-1.6294149160385132,8.42547607421875
2129,ALG2,"ALG2, TMEM128, SAAL1, SEC22B, CIAPIN1",0.008965721434201704,9.881382942199707,2,9,-3.224527597427368,5.941295146942139
2130,COP1,"COP1, WNK1, ADAR, MRPL51, SNUPN",0.012276518731446006,9.682273864746094,0,6,-1.7826145887374878,8.357706069946289
2131,PIAS1,"PIAS1, FXR1, NDUFA11, DDT, ATXN2",0.004417664382997581,13.955638885498047,1,6,-0.47483116388320923,6.916168689727783
2132,SMARCD2,"SMARCD2, ZNF33A, SUZ12, TRIM41, PRELID1",0.0017137322107145519,4.690237998962402,3,1,2.077948808670044,6.444405555725098
2133,<SPECIAL>,"<SPECIAL>, SRM, SLC19A1, HMGCS1, B2M",0.0009813763975545001,75.77068328857422,2,2,0.5011914372444153,3.7631804943084717
2134,RBPJ,"RBPJ, TFDP2, SETD5, CD99, EIF5",0.0034304056094337627,6.627542972564697,15,6,-0.2800484597682953,8.440458297729492
2135,OSBPL11,"OSBPL11, BCL2L12, ZC3H18, HTRA2, ZNF394",0.016789281526594223,13.755013465881348,2,6,-0.5707316994667053,8.765755653381348
2136,SMDT1,"SMDT1, PGAM1, GTF2I, SF3B6, HECTD4",0.005524531468750858,9.661304473876953,0,9,0.5010412335395813,7.514394283294678
2137,ATRAID,"ATRAID, CNOT8, ZFYVE16, UBR2, SAV1",0.0034451115494570565,4.677522659301758,1,9,-2.554352283477783,5.98270320892334
2138,CFLAR,"CFLAR, TMTC3, LIN7C, TCTN1, LETM1",0.013390248589210153,9.573945045471191,0,7,-0.9673206806182861,8.955677032470703
2139,SEC62,"SEC62, ANKRD11, UGP2, NSA2, RETREG3",0.003697073321856164,5.83412504196167,1,8,-2.039414644241333,4.830249786376953
2140,RUFY1,"RUFY1, SLAIN2, THOC2, SPEN, LARS2",0.009085329746391162,12.594257354736328,5,4,3.765671968460083,6.614688873291016
2141,ESF1,"ESF1, SMURF2, DCAF10, ERLEC1, CENPM",0.0029676586967007715,9.410029411315918,29,5,1.7328795194625854,5.531022548675537
2142,CDC45,"CDC45, ZKSCAN5, RFWD3, OTUD4, GDE1",1.7647128027953052e-05,2.2545511722564697,0,4,3.764195680618286,6.558374881744385
2143,SIAH2,"SIAH2, FKBP3, DESI2, MMADHC, CUL3",3.7255048059012e-05,2.435462713241577,3,7,-0.5469370484352112,4.696639537811279
2144,TMBIM6,"TMBIM6, CDKN2D, SLC3A2, RILPL2, SEPTIN2",0.0003813740446040965,5.83578634262085,15,5,-1.671682596206665,8.26568603515625
2145,OSBPL11,"OSBPL11, ATP6V1C1, MRPL40, ELK4, WDR45B",0.00032058949250781375,3.024852752685547,1,6,2.021054983139038,6.126801013946533
2146,ERCC1,"ERCC1, NECAP1, PAXBP1, ACAP2, LSM1",0.004309820822826756,6.278136253356934,4,0,-1.6164319515228271,6.780379772186279
2147,PARK7,"PARK7, WDFY1, GATAD2B, UBE2R2, NOL4L",0.005820611061219848,6.353901386260986,4,1,1.813765048980713,6.509687423706055
2148,MACF1,"MACF1, MLLT10, TPM3, ARL6IP1, TRAPPC1",0.005619629880901493,15.305734634399414,0,8,-1.620692253112793,5.4892578125
2149,RAB6A,"RAB6A, IFNGR1, CORO1B, RUFY2, NCOA3",0.011495143118208307,6.66864013671875,6,7,-2.10693097114563,7.018746376037598
2150,FCGRT,"FCGRT, CABIN1, SEC23A, SIAH2, NDUFS5",0.006324534606018063,9.803726196289062,0,0,-0.04053529351949692,4.302386283874512
2151,SERGEF,"SERGEF, EHD4, UNC119, P4HA1, SS18L2",0.016185357589637607,12.288812637329102,2,5,0.05536339804530144,3.998227834701538
2152,HINT2,"HINT2, MAPK1IP1L, HIBCH, PDCD6IP, CCDC51",0.0003843152326087553,4.473668575286865,6,0,1.185819387435913,8.209096908569336
2153,POLR1D,"POLR1D, MAN1A1, GZF1, DNAJC3, CCNB2",0.0006068651249612743,3.1709938049316406,22,6,-2.212463855743408,8.724822998046875
2154,CLINT1,"CLINT1, BRI3, ANAPC16, RBM25, TBL1XR1",0.005113745544100173,10.828300476074219,11,0,-3.0856850147247314,6.126704216003418
2155,SF1,"SF1, ATP5F1D, GPBP1, NDUFB6, VKORC1L1",0.00441080161098671,10.611618995666504,9,9,-2.0559303760528564,5.3668413162231445
2156,VDAC3,"VDAC3, SETX, RPS6KA3, REST, ABHD14B",0.00208236110729846,5.846685886383057,20,8,-0.6772679686546326,6.553562641143799
2157,EIF4B,"EIF4B, RAP1B, CLTB, POLR1D, ZNF24",9.411801614908293e-05,2.9348831176757812,1,0,-2.8382935523986816,6.109079360961914
2158,VPS13D,"VPS13D, CDC42SE2, KIF2A, SLC25A15, MAPK8",0.010933376209318469,12.537406921386719,1,6,-0.47729095816612244,7.016270160675049
2159,SLC12A2,"SLC12A2, RAB3GAP1, TTC14, PRDM2, PPP1R18",0.011973576366966145,10.191489219665527,3,7,-3.596090316772461,7.67932653427124
2160,FXR1,"FXR1, CHCHD7, MLF2, RAF1, BRAT1",0.0069980666590849375,5.524219512939453,1,1,2.29191517829895,6.96588134765625
2161,IMP3,"IMP3, BIRC2, NUDCD3, TOMM40, C22ORF39",9.705920415374178e-05,2.6841981410980225,7,9,-1.6585813760757446,4.680923938751221
2162,PRPF18,"PRPF18, TNPO3, SARNP, FLYWCH2, SNRNP48",0.010512786324652254,11.899537086486816,0,6,-0.8531337976455688,7.743025779724121
2163,CNDP2,"CNDP2, NSD3, UBR5, RAP2B, LENG8",0.009308860034745235,7.833881378173828,24,7,-3.1132776737213135,7.1575422286987305
2164,PEX16,"PEX16, DSTN, CTSA, MKLN1, EAPP",0.0029823646367240658,5.752816677093506,12,8,-1.5846582651138306,6.475968360900879
2165,TMEM263,"TMEM263, CD59, CHMP7, CLN8, RAB29",0.006973556759046114,7.463732719421387,2,9,1.0777990818023682,6.275481700897217
2166,CALM1,"CALM1, MIF, GNAS, UQCRB, COX6C",0.001992164675155589,7.94110107421875,2,5,-3.7014286518096924,5.35401725769043
2167,CIAO3,"CIAO3, DBI, TAB2, JMJD4, ALDH18A1",0.01782359930823258,9.440085411071777,0,8,0.06342167407274246,4.65986442565918
2168,CNN2,"CNN2, ARL6IP5, SEC24A, INO80B, PPP1R12C",0.0151853536680536,9.263553619384766,0,0,-0.2493617683649063,4.469822406768799
2169,NKAPD1,"NKAPD1, TBC1D23, PDS5A, MCM7, PRDX5",0.0019500076470888121,11.204967498779297,11,9,-0.39081069827079773,8.93447494506836
2170,EEA1,"EEA1, PHTF2, OAZ2, NAT9, CENPC",0.00287059949254703,7.613089084625244,0,5,2.015106201171875,5.369940280914307
2171,ANO6,"ANO6, DTD1, GORASP2, CCNC, DTNBP1",0.00013627504421585967,2.646543502807617,4,9,-1.6061758995056152,6.779446125030518
2172,PSMB6,"PSMB6, CYB5A, AFF4, CSDE1, MACF1",0.004904921195769395,6.35170841217041,17,7,-0.10724284499883652,5.137157440185547
2173,PTPRA,"PTPRA, COP1, COX7A2, BDH2, SHMT2",0.0022098125875003433,7.206374168395996,1,9,-0.6041207313537598,9.26745319366455
2174,SLC30A7,"SLC30A7, PSMD9, KCTD20, TIMM9, MIOS",0.009941215455746884,10.689724922180176,0,0,-2.922548294067383,6.981711387634277
2175,ZNF292,"ZNF292, NDUFB8, HECTD4, KRT10, RFC2",0.0001598045482531304,3.421523332595825,1,6,-0.371932715177536,5.721646785736084
2176,WASL,"WASL, ARAF, MFSD4B, CKS2, HMMR",0.007721598908231013,9.389375686645508,2,4,2.4028429985046387,7.696825981140137
2177,LMO4,"LMO4, CHMP2A, ARPC4, TMEM63A, PIAS1",0.024098133718171443,11.45153522491455,3,8,-3.0790927410125732,4.583660125732422
2178,ROMO1,"ROMO1, BBX, GPAT4, PGAM1, ACAP2",0.023287346224887158,10.965726852416992,0,0,-2.8758552074432373,6.943912029266357
2179,EEF1E1,"EEF1E1, TUT7, CCNB1, BMP2K, PSMD11",0.010133373072051264,8.499456405639648,15,1,2.1869325637817383,8.111642837524414
2180,CDIPT,"CDIPT, LMF2, FBRS, TMED1, IFT20",0.010805924729116585,9.434910774230957,6,4,2.956726312637329,7.147431373596191
2181,TGIF1,"TGIF1, KIF3A, CAT, ABR, LMBRD1",0.0035402099616076927,11.606884002685547,0,5,0.14984001219272614,3.678967237472534
2182,SDCCAG8,"SDCCAG8, LEPROTL1, ITSN2, UPF3A, FGFR1",0.011252004909823176,5.882268905639648,18,1,0.6845900416374207,7.515941143035889
2183,DERA,"DERA, CCNL1, UBE3C, NDUFS4, SCARB2",0.01071474790097216,8.88783073425293,1,1,0.7242341041564941,5.869750022888184
2184,GNPNAT1,"GNPNAT1, EIF3A, KAT5, XRCC4, SRD5A1",0.00021274593233698956,2.7587730884552,1,7,-3.0413708686828613,8.112821578979492
2185,SYF2,"SYF2, DDT, LEPROTL1, RAB11A, VAMP2",0.008299052153145699,13.62191390991211,13,0,-1.8908816576004028,5.249237537384033
2186,OAZ1,"OAZ1, CDK12, ANAPC11, SEM1, HYAL2",0.0031941301730595024,4.31166934967041,0,1,2.0234365463256836,6.987815856933594
2187,EZR,"EZR, HMG20B, GRB2, FHOD1, MRPS24",0.00010000039215840062,3.010195255279541,2,7,-1.447028398513794,8.990715026855469
2188,THAP7,"THAP7, SFI1, TOR1AIP2, AGO3, AIMP2",0.0023960878277954033,5.4345703125,4,9,-1.1922053098678589,6.5790019035339355
2189,TTC17,"TTC17, ZNF91, PLD3, CEP170, OGA",0.02552755108843564,12.214868545532227,0,8,-2.3121426105499268,4.405569076538086
2190,RAB28,"RAB28, ARFGEF2, CEP89, HARS2, PEA15",0.008018658896701556,9.701427459716797,0,8,0.9542628526687622,5.108672618865967
2191,NHP2,"NHP2, LCOR, UBL5, TRAK1, POLR2J3",0.00024117741638202502,3.4143168926239014,0,0,0.0791553258895874,3.913198471069336
2192,VRK3,"VRK3, FBXL3, PARG, ZNF512, THAP1",0.0027000105882768167,5.2967658042907715,0,9,1.8761379718780518,7.184939384460449
2193,ARFIP2,"ARFIP2, PIGK, CDK10, METTL8, PHF10",0.0064794371742634286,9.58183765411377,0,0,-0.3595026433467865,5.1847004890441895
2194,NDUFB1,"NDUFB1, MRPS18A, SRSF11, SAP18, FUBP3",0.004561782595225864,10.355615615844727,8,8,-3.0577011108398438,4.748582363128662
2195,EPN2,"EPN2, ZFR, SEC62, SLC7A11, RPL23",0.0038715838101325887,11.478057861328125,1,5,0.7177287340164185,5.02410888671875
2196,SELENOK,"SELENOK, SMIM19, EXOC7, TMEM59, NFYC",0.007626500496080377,6.842857360839844,1,0,-1.8718217611312866,7.8549652099609375
2197,CAMTA1,"CAMTA1, SSH2, PTGES3, EVL, MT1X",0.0023970682237969563,18.896228790283203,8,5,0.42027556896209717,3.3475024700164795
2198,PPDPF,"PPDPF, EEF1B2, RPL4, NDUFB1, TSC22D1",0.002140204471390084,6.8246049880981445,0,5,-3.9511661529541016,6.548166751861572
2199,HELLS,"HELLS, CRYZL1, ARID1B, NEU1, CEBPZOS",0.00021666751634320135,3.2728378772735596,4,9,-0.6177582740783691,6.386525630950928
2200,HNRNPAB,"HNRNPAB, TMEM147, FNDC3A, ELOC, IMPDH2",0.0001245102921972243,4.120182514190674,0,1,-2.0068447589874268,6.010256290435791
2201,NOL7,"NOL7, TMEM123, ANTKMT, GCLM, IKZF5",0.0005068647328028737,3.0051651000976562,30,4,3.3777167797088623,7.007696151733398
2202,ANLN,"ANLN, EPB41L2, VAMP2, LAMTOR4, FLNA",0.0011421613418091836,16.18659019470215,3,5,0.3003016412258148,3.584251642227173
2203,LSM5,"LSM5, TUBB4B, ANAPC1, CUTA, SAMD1",0.000297059988470543,4.096506118774414,1,4,2.527143716812134,6.586056232452393
2204,CYB5A,"CYB5A, TACC1, ARHGEF1, ATF7IP, PEAK1",0.003731387181910517,5.138027667999268,3,0,-1.6437162160873413,7.644288063049316
2205,CCDC92,"CCDC92, ERCC6, ARIH1, PHTF2, SRGAP2",0.019438311522790287,9.818516731262207,0,9,-0.37411993741989136,4.513006210327148
2206,WDR12,"WDR12, KIF9, MED21, NCBP1, THAP4",0.0009039251134318174,4.3826446533203125,0,7,2.590322256088257,6.604056358337402
2207,ABCC4,"ABCC4, ARFGAP1, BIN3, MRPL30, CYB5B",0.011075533629543645,13.148066520690918,0,9,-2.153583288192749,4.44760799407959
2208,SLC7A1,"SLC7A1, DNAAF2, DPP3, FAM120AOS, KIF18A",0.001562751226475398,5.713196277618408,0,4,3.6684253215789795,6.7753400802612305
2209,UBFD1,"UBFD1, CCDC28A, ZHX1, NAA35, DCAF12",0.006296103121973027,22.074565887451172,1,4,3.623312473297119,6.197628498077393
2210,SLC39A10,"SLC39A10, FPGS, METRN, POLR3GL, MSH3",0.0038588386621124003,4.861953258514404,0,1,1.4209842681884766,6.1859822273254395
2211,TACC1,"TACC1, BIRC6, PDE4DIP, CLIC4, CDC42SE2",0.008919642822128714,17.11900520324707,9,0,-3.236497163772583,6.721200942993164
2212,NIPSNAP1,"NIPSNAP1, CDCA2, PDRG1, LIAS, COPS4",0.0037294263899074116,7.392611026763916,3,9,-2.0665855407714844,5.035464763641357
2213,PMPCB,"PMPCB, MRPS34, TIMM8A, IGF2BP1, AHCTF1",0.000298040384472096,3.261739492416382,0,4,3.435832977294922,6.70060920715332
2214,VPS13C,"VPS13C, ABHD2, ARHGEF12, SSR2, PIBF1",0.0123412248675485,10.925536155700684,4,7,-3.3669593334198,6.6432271003723145
2215,PNKD,"PNKD, GOLGA2, TRMT5, SEC22C, CAB39",0.005540217804775705,24.343303680419922,3,4,3.932206392288208,6.319447040557861
2216,DBI,"DBI, YIPF4, PTGES3, EHD4, EIF3K",0.0019117722030282472,8.565438270568848,3,9,0.14372822642326355,4.121341705322266
2217,SMARCD2,"SMARCD2, METTL8, DNAJC1, SEC24A, MFSD1",0.00020392236832301303,2.569232225418091,8,0,-2.905425786972046,8.602675437927246
2218,NCBP2AS2,"NCBP2AS2, RBM7, C9ORF78, NDUFS7, POLR2I",0.001133337777795207,3.761742115020752,0,0,-4.029285430908203,6.924865245819092
2219,HEXD,"HEXD, PPIH, TOMM5, EIF4A3, ANP32E",0.01316965948886074,11.516580581665039,0,1,-2.9970619678497314,6.214205265045166
2220,UTP18,"UTP18, HEBP2, PHF12, NOL7, ZWINT",0.007571598319993412,12.965455055236816,0,8,-3.3860559463500977,5.016721248626709
2221,PPP2R1A,"PPP2R1A, TLE5, BDP1, PIAS2, C1D",0.0017529480507766698,3.9105377197265625,27,1,0.9308199882507324,7.413320064544678
2222,CNOT7,"CNOT7, CCNB1IP1, ACADM, HMGCS1, CCDC6",0.00039804077663049657,2.9873087406158447,9,1,1.3130155801773071,5.790695667266846
2223,BBIP1,"BBIP1, ENDOD1, TBL1XR1, PDK1, RAC1",0.008234346017043204,7.303034782409668,4,9,1.0433440208435059,7.07826042175293
2224,CBX5,"CBX5, MRPL18, ADAM9, HSBP1, ANKS3",0.007469637135831905,6.244215488433838,0,1,0.3685837984085083,6.68402099609375
2225,SURF1,"SURF1, MOCS2, ZCCHC9, MTCH2, PQBP1",0.0017186341907223165,3.5678579807281494,1,1,-1.3799042701721191,7.127973556518555
2226,ARF6,"ARF6, SLC7A11, GMEB1, RBM3, NKIRAS2",0.006856889634861313,8.168042182922363,2,9,1.0083802938461304,4.8078718185424805
2227,TPMT,"TPMT, ANKS3, TNPO2, ALG12, RAD51AP1",0.0023960878277954033,7.393936634063721,0,7,1.6046785116195679,5.7996039390563965
2228,MED6,"MED6, SLC35C2, AGPAT1, NCK1, PRPF3",0.006289240349962157,4.029522895812988,5,1,-1.5000163316726685,6.771984100341797
2229,ABR,"ABR, SCD, GABARAPL2, LYAR, NDUFAB1",0.006653947662539853,12.066498756408691,30,7,-2.466743230819702,5.683679580688477
2230,PGD,"PGD, PIGK, SNRPE, RAB35, ASPSCR1",0.010114745548021756,8.6197509765625,5,4,3.3830366134643555,6.621214866638184
2231,NECAP1,"NECAP1, MAP2K5, PRPF38A, ZMYND8, HIF1A",0.00027255008843171934,3.9899704456329346,7,8,-2.4707822799682617,7.839544296264648
2232,HERC4,"HERC4, ARF6, UQCR11, KPNA3, NUBPL",0.00534217781246201,8.800114631652832,7,8,-2.804201364517212,7.248202800750732
2233,BTBD1,"BTBD1, GDF11, JUND, TIMM13, CD164",0.002938246816654183,10.079174041748047,4,6,-1.896957278251648,8.480527877807617
2234,N4BP2,"N4BP2, DCAF8, ANKRD50, TCOF1, B3GALT6",0.009724547939403683,9.916425704956055,3,7,-2.482508659362793,9.02623176574707
2235,SLC30A9,"SLC30A9, COLGALT1, CES2, CUL4A, SMG7",0.007955913552602167,11.041827201843262,13,6,-1.3892326354980469,9.259672164916992
2236,NCOA3,"NCOA3, RPIA, ARHGAP1, DCTN4, DCAF11",0.004588253287267793,6.554991722106934,0,0,-0.5282565951347351,6.166722297668457
2237,TSC22D1,"TSC22D1, AFF4, YAE1, USP11, INTS7",0.012571617927913442,9.908506393432617,2,7,-0.4098891317844391,4.7223124504089355
2238,MRPL14,"MRPL14, STK38, PPCS, LSM14A, ACP1",0.010882395617237715,6.814111709594727,0,1,2.1512577533721924,7.7890944480896
2239,EIF6,"EIF6, HNRNPH1, PRELID1, MED16, CRBN",0.005068647328028738,11.799311637878418,19,6,-0.763219952583313,7.6514668464660645
2240,SETD5,"SETD5, HERC4, GRN, HILPDA, UBE3A",0.026760889258389247,11.96870231628418,5,6,-0.6390925049781799,8.663701057434082
2241,B2M,"B2M, RPL10, TMSB10, RPL41, RPL13",0.00041960948866466146,20.723371505737305,0,5,1.1630059480667114,8.047883033752441
2242,RHOC,"RHOC, AP2B1, DSTN, SETX, SH3GLB1",0.011493182326205201,6.0775299072265625,38,1,-3.2757155895233154,5.479081153869629
2243,WDR13,"WDR13, SLC25A38, SELENOT, INF2, FBRS",0.01202161577104224,10.182596206665039,0,1,1.690918207168579,6.328930377960205
2244,TRAF7,"TRAF7, ENOSF1, TCEA2, COA8, HAUS4",0.0029500115686728182,7.115813255310059,6,7,-2.864229679107666,6.716756343841553
2245,EIF2AK2,"EIF2AK2, EXOSC5, MTG1, WDR70, ATP2A2",0.0032804050211961617,6.977762222290039,9,9,1.4011729955673218,6.656964302062988
2246,DMAC1,"DMAC1, FNBP1, PLEKHO1, ZNF518A, RSRC1",0.003960799846273907,12.677083015441895,0,0,0.178246408700943,4.591897487640381
2247,RAB4A,"RAB4A, TXNDC17, ZWINT, GPN1, HCFC1",3.4313860054353156e-05,2.566166639328003,9,0,-2.9567947387695312,7.635280609130859
2248,EIF2B4,"EIF2B4, MRPL49, CPSF1, CCDC124, FEM1B",0.0009990235255824534,3.552849054336548,3,9,0.40344828367233276,7.695057392120361
2249,MT2A,"MT2A, RABGAP1L, COX7A2, TPI1, COMMD6",0.001393142718206738,11.671175003051758,6,5,0.2969181537628174,3.482635736465454
2250,CDKAL1,"CDKAL1, HNRNPM, G3BP2, ATP5F1D, TMEM167B",0.005418648700583139,8.020469665527344,8,7,-0.5046812891960144,5.047055244445801
2251,STMN1,"STMN1, MIF, PFDN4, IER3IP1, NAMPT",0.001039219761646124,6.575756072998047,7,9,-1.7705116271972656,6.333541393280029
2252,CEP57L1,"CEP57L1, KRI1, INTS7, VPS33A, HEATR6",0.004234330330707179,5.119086265563965,0,0,0.6239212155342102,6.586006164550781
2253,GPKOW,"GPKOW, ZNHIT2, METTL8, GON7, FKBP1A",0.008270620669100663,9.081659317016602,5,0,0.6748794317245483,5.295134544372559
2254,BRD8,"BRD8, PRKAG1, COX11, ATP5MF, SON",0.00011372593618014189,3.5979490280151367,15,1,2.627105951309204,6.209621906280518
2255,MSH3,"MSH3, BLVRA, GRHPR, CMIP, SUN1",0.014430448746857831,9.434569358825684,7,8,-3.00042724609375,6.361626148223877
2256,RPS6KA3,"RPS6KA3, ASAH1, ABI1, ENOSF1, PUM2",0.025322648324111074,10.756199836730957,17,0,-3.559800624847412,7.4448323249816895
2257,DIS3L2,"DIS3L2, HAUS8, USP34, FAM199X, KIF9",0.00629708351797458,8.056635856628418,0,9,0.1469033658504486,4.36810302734375
2258,GPN1,"GPN1, DRG2, TTC32, TMEM161A, TIMM8A",0.008103953348836661,10.105806350708008,0,6,-0.5613178014755249,8.151693344116211
2259,EXOSC7,"EXOSC7, ATAD1, RNF168, FANCI, TARBP1",0.005395119196545868,10.010468482971191,13,8,-3.5037589073181152,5.149031639099121
2260,KIF22,"KIF22, UBE2Q1, RANBP3, SETD5, FADS3",0.011789261918674191,10.586360931396484,1,0,-1.921399474143982,9.10477066040039
2261,HEBP2,"HEBP2, INF2, UGP2, CEP78, CREB3",0.005482374440684081,5.55330753326416,2,1,1.1452045440673828,6.656925678253174
2262,PGK1,"PGK1, TCEA2, RBMXL1, ATP2B1, ZNHIT6",0.021032435421315377,12.601719856262207,4,9,-1.477036476135254,5.815398216247559
2263,PMM1,"PMM1, CHMP6, MTA3, BTN2A1, ATP6AP1",0.010602982756795125,8.010790824890137,0,7,1.3188917636871338,6.581126689910889
2264,RCC2,"RCC2, CASP8AP2, ALDH16A1, TMEM170A, TGIF2",0.004117663206522379,10.529682159423828,3,0,-2.40021014213562,8.347976684570312
2265,RNF130,"RNF130, PSRC1, CC2D1A, EIF4G2, TSC22D1",0.0122078910113373,12.285393714904785,0,0,-3.5279297828674316,6.749715328216553
2266,EMG1,"EMG1, MTHFD1L, MLF2, KIF20B, COG1",0.010660826120886749,12.654891014099121,0,9,-1.178382396697998,5.609468936920166
2267,SLC25A24,"SLC25A24, ALDH16A1, DPM2, LDAH, HTRA2",0.008700034117780853,12.24334716796875,4,4,3.0776443481445312,7.068633079528809
2268,FN3KRP,"FN3KRP, GAPVD1, NSMAF, PCYT1A, CCDC43",0.012563774759901019,16.636852264404297,2,0,-4.088356971740723,6.661530494689941
2269,USP45,"USP45, COG4, RAB35, CBX4, MEAF6",0.0055304138447601755,4.073160171508789,4,0,1.7315930128097534,6.939661502838135
2270,RREB1,"RREB1, MAP3K20, PHC3, PPP2R5A, TCF25",0.02323832642480951,13.68030834197998,6,6,-0.5189112424850464,7.170772552490234
2271,PPM1D,"PPM1D, MINDY3, GKAP1, JOSD1, GUCD1",0.005772571657143753,6.679680347442627,0,1,1.934041976928711,6.6147308349609375
2272,ATP6V1B2,"ATP6V1B2, CHSY1, FEZ2, SLC35F6, COX16",0.006686300730591101,7.230080604553223,0,8,1.0324416160583496,4.702696800231934
2273,DDX24,"DDX24, TRRAP, GPCPD1, ARIH1, SNX9",0.028144228016580456,12.8829927444458,1,9,-1.5315024852752686,4.959737300872803
2274,MECP2,"MECP2, DDX31, TMEM161A, CSTB, TCF25",0.006157867285754062,7.334836006164551,0,9,-0.7272778153419495,4.794003486633301
2275,TRPT1,"TRPT1, IVNS1ABP, COQ7, MYO19, FAN1",0.0001470594002329421,4.251159191131592,0,9,-3.1856470108032227,4.7054033279418945
2276,SSX2IP,"SSX2IP, KIN, MTG1, FAM234A, MMUT",0.00920787924658528,10.767126083374023,0,4,3.1656830310821533,6.468245983123779
2277,REEP5,"REEP5, NUDT5, MED15, HMGB2, OGA",0.01081082670912435,14.156547546386719,6,0,-3.8764946460723877,7.379854202270508
2278,NDRG3,"NDRG3, CBX4, EIF3L, SLC39A6, TAF11",0.0040657022184400725,8.47191047668457,0,0,0.20775842666625977,4.941259860992432
2279,BRAF,"BRAF, SUMO3, ADK, HMGB1, PIAS1",0.00018921642829971882,3.3048298358917236,1,8,-2.8373794555664062,4.825341701507568
2280,SPAST,"SPAST, BCKDHA, NFU1, XPNPEP3, DPP3",0.0070745375472060675,11.566360473632812,0,0,-3.1844589710235596,8.423707962036133
2281,OFD1,"OFD1, STK38, TSPYL1, TMED4, SRM",0.006942184086996419,10.72432804107666,0,5,0.2766253650188446,4.140804767608643
2282,PARN,"PARN, ATP2A2, FLII, MRPL17, SF3B6",0.009745136255436295,6.980935096740723,2,8,-2.0361220836639404,6.558863162994385
2283,UXT,"UXT, STAG1, ARHGEF1, CTSB, ASCC3",0.011403966290063882,5.884431838989258,5,1,-1.5761357545852661,8.428645133972168
2284,COX17,"COX17, RICTOR, APOO, NDUFV2, VPS28",0.0037558970819493408,10.215734481811523,5,0,-2.6489975452423096,6.799863338470459
2285,GRN,"GRN, KAT7, N4BP2, GOLGA3, PACC1",0.010968670465374374,15.791369438171387,0,9,-3.4911022186279297,6.203265190124512
2286,TMUB1,"TMUB1, CCDC186, PAAF1, FAM32A, VPS13B",0.006827477754814725,11.832344055175781,0,7,-1.8471043109893799,9.258993148803711
2287,ESRRA,"ESRRA, SAP30L, IST1, MACROD1, ALDH9A1",0.00010098078815995357,2.6883816719055176,0,8,-2.4294087886810303,4.981998443603516
2288,B2M,"B2M, TMSB10, RPL41, RPL10, RPLP1",0.0007656892772128518,19.625722885131836,8,5,0.2323145717382431,3.6054656505584717
2289,TMEM230,"TMEM230, MT-ND4L, NKTR, ADD1, TAF15",0.002040204079231683,3.9455788135528564,9,1,-1.9789670705795288,7.136531352996826
2290,SMIM14,"SMIM14, PSMD14, NGRN, MRPS24, NUB1",0.0009617684775234413,3.5214743614196777,1,6,-1.0488988161087036,7.110117435455322
2291,UBE2D1,"UBE2D1, P4HA1, DNAJB14, FOXN2, CMTM3",0.013450052745304884,7.316283702850342,1,1,0.29615285992622375,6.8204874992370605
2292,ERC1,"ERC1, ADO, USPL1, KDM1A, EIF2AK4",0.009921607535715827,11.601765632629395,8,1,-0.5916845798492432,8.353496551513672
2293,ARL6IP4,"ARL6IP4, MXRA7, VPS72, TXNDC15, DCBLD2",0.005906885909356507,7.7821197509765625,0,7,1.390271782875061,6.6668381690979
2294,GK5,"GK5, OTULIN, MGME1, ELMOD3, PRPF3",0.005537276616771046,7.567656517028809,0,0,-2.31278920173645,7.852162837982178
2295,RPL15,"RPL15, RPL9, MT-ATP6, MT-ND3, RPS9",1.6666732026400104e-05,2.4790308475494385,0,5,3.6999495029449463,6.537416934967041
2296,REV3L,"REV3L, CKS1B, MTX1, PARP1, AMFR",0.005612767108890623,6.677980422973633,1,0,-0.4813571870326996,4.716300010681152
2297,ESS2,"ESS2, NR2F6, FGD6, NIT1, SLC25A36",0.002153930015411825,8.425107955932617,3,0,-3.9774889945983887,6.756327152252197
2298,REPIN1,"REPIN1, SDHA, STRN, SCAF4, ANKS3",0.004934333075815984,8.34116268157959,21,4,3.3223581314086914,6.573461055755615
2299,ANKFY1,"ANKFY1, ZSWIM7, AP3S1, ADAT1, TOMM5",0.008896113318091443,5.501792907714844,0,1,-1.2007445096969604,6.9397053718566895
2300,NDUFB3,"NDUFB3, REEP5, UTP23, LCLAT1, NBEAL1",0.005957866501437261,14.067813873291016,2,6,-0.24175558984279633,8.174322128295898
2301,ACYP2,"ACYP2, RUFY3, RHOG, ERLIN1, PFDN5",0.002748049992352911,6.866275787353516,5,1,1.055548071861267,5.996029376983643
2302,G6PC3,"G6PC3, NUCB2, TMEM9B, TUT4, YWHAB",0.024413821230671495,13.353897094726562,0,6,-1.0032380819320679,9.078235626220703
2303,NDUFA9,"NDUFA9, CAPN1, BRMS1, YWHAH, PPIA",0.004110800434511508,9.213876724243164,12,8,-2.7116146087646484,4.733344078063965
2304,TUFM,"TUFM, EIF3A, UFC1, OGA, DYNLRB1",0.0004029427566382613,5.369617938995361,5,5,-3.3852179050445557,7.307097434997559
2305,KDM5A,"KDM5A, SETD3, METTL23, LEPROT, KRIT1",0.013613778877564226,8.261821746826172,0,1,2.9067392349243164,7.1350250244140625
2306,OGDH,"OGDH, CYTH2, WBP1, SQSTM1, OSBPL2",0.014231428358542582,11.259849548339844,3,1,2.4858298301696777,6.2842254638671875
2307,DDX46,"DDX46, CFLAR, CCNB1IP1, POLR2L, LSM3",0.003494131349534704,5.5632476806640625,0,8,-2.0858850479125977,6.352177619934082
2308,HNRNPA0,"HNRNPA0, SORT1, ERH, ZFP36L1, PDCD4",0.004237271518711838,10.636821746826172,0,9,-0.4391544461250305,4.210666179656982
2309,LRFN4,"LRFN4, CDC123, RPAIN, BUB1, KLHL8",1.8627524029506e-05,2.3179922103881836,22,4,2.950836420059204,7.038965702056885
2310,UQCRC1,"UQCRC1, CMPK1, BAG1, DGUOK, SMG7",0.00027255008843171934,4.467611789703369,2,9,-0.09488583356142044,7.123871803283691
2311,RBM5,"RBM5, AFF1, UBE3C, RHOC, JRK",0.010367687716422417,17.311248779296875,0,9,-1.7663402557373047,4.3577752113342285
2312,CLK1,"CLK1, AFF1, CKLF, ZFP36L1, VPS13A",0.003100012156910419,10.12728214263916,0,5,0.8036190867424011,4.858187198638916
2313,LRRC59,"LRRC59, ARF6, PDE4DIP, HMGB1, KMT5B",0.0007156890811336515,5.143436908721924,2,6,-3.229985237121582,5.444718837738037
2314,PPTC7,"PPTC7, CFAP410, MED6, SLC25A3, DDX24",0.002731383260326511,7.811305046081543,15,8,-3.2273666858673096,4.810612201690674
2315,CHD3,"CHD3, ZMAT2, CTNNA1, PNPLA2, SIL1",0.03095306256102965,9.262371063232422,13,0,-3.1472625732421875,8.577333450317383
2316,MACF1,"MACF1, CHD7, PTMS, SETD5, NDUFB9",0.0030245216647908422,8.05968952178955,10,6,-0.7443886399269104,4.3838419914245605
2317,KDM5C,"KDM5C, GPATCH2, ALDH9A1, IMP4, MXD4",0.0017411832987580343,5.592062950134277,1,8,-2.109316825866699,5.416861534118652
2318,COG1,"COG1, ZBTB41, SMS, ALG13, MPV17",0.0017421636947595872,4.435783386230469,5,1,-1.2351545095443726,7.908682346343994
2319,NSD3,"NSD3, NUDT15, DPF2, MRPL10, KMT5A",9.019643214287114e-05,3.038259983062744,3,4,3.0344278812408447,6.429844856262207
2320,FGFR1,"FGFR1, PPP6R2, FNIP1, PUS7, CD46",0.00036176612457303756,3.8522109985351562,4,7,-1.4932472705841064,8.619150161743164
2321,ERBIN,"ERBIN, EIF4A2, ZC3HAV1, ENO2, PPP1R12A",0.0002480401883928957,3.9188215732574463,1,6,-0.5525028109550476,7.501549243927002
2322,UBE4B,"UBE4B, LAP3, UQCRC1, MANF, SND1",0.007941207612578874,12.218395233154297,3,7,-0.35204190015792847,9.051374435424805
2323,ARL1,"ARL1, DCAF11, CZIB, TMEM18, FAM76B",0.0001264710842003302,4.722662925720215,5,0,2.352593183517456,6.330042362213135
2324,ARHGEF7,"ARHGEF7, ARL6IP1, TNFAIP8, CALM2, CUX1",0.009761802987462697,13.368579864501953,0,8,-0.2544426918029785,6.059231758117676
2325,TMEM59,"TMEM59, TULP4, TENT2, USP3, HMGN2",0.004251977458735132,15.58423137664795,9,5,0.07481925934553146,4.318953514099121
2326,JMJD6,"JMJD6, ERGIC1, SOAT1, TM2D1, CES2",0.009663763387307402,7.369531154632568,0,1,1.7484644651412964,5.882915496826172
2327,ATP5F1D,"ATP5F1D, ATP5F1B, PARK7, RBM3, COX7B",0.0019431448750779415,15.739084243774414,5,5,0.25309598445892334,3.6235921382904053
2328,NAT9,"NAT9, ATM, DPP8, SF3A2, TAF9B",0.0004333350326864027,3.7615718841552734,0,6,-0.26319199800491333,7.6119465827941895
2329,TENT2,"TENT2, KLC1, AKAP9, UFL1, CDK11B",0.004085310138471131,4.592127323150635,5,1,-2.187155246734619,7.505733013153076
2330,NAA38,"NAA38, ENOSF1, BRD2, ZFYVE9, OS9",0.0010323569896352534,4.381607532501221,24,6,-0.4679323732852936,5.513446807861328
2331,VPS26C,"VPS26C, ACOT8, REPS1, SCFD1, UCK1",0.011539260938278189,11.157841682434082,0,6,-1.107218861579895,8.35684871673584
2332,IKBIP,"IKBIP, KIDINS220, NAA38, SLC39A6, GAMT",0.008600033725622453,10.4934720993042,13,6,-0.7617895603179932,6.4224982261657715
2333,INTS10,"INTS10, YIPF3, HMOX2, HEXA, COX7B",0.003735308765916729,6.473179817199707,2,9,-1.2883987426757812,6.390329837799072
2334,ETAA1,"ETAA1, PRKAB2, TSSC4, SDR39U1, TMEM170A",0.0033941309573763036,6.136882305145264,1,0,1.944482445716858,5.730308532714844
2335,CNPY3,"CNPY3, EFHD2, ARIH1, DYRK1A, N4BP2L2",0.017850070000274512,5.11130428314209,0,1,0.676934540271759,7.9594340324401855
2336,NSMCE4A,"NSMCE4A, ZFYVE21, NCAPD2, AGBL5, RBX1",0.0035353079815999278,4.211030960083008,0,4,2.662928581237793,6.9357991218566895
2337,SRP68,"SRP68, COA3, TLE5, MRPL51, YARS2",0.001188239953882172,5.532710075378418,7,7,-1.6459592580795288,9.106636047363281
2338,AZIN1,"AZIN1, NCOA1, ARHGEF2, HES4, RPL27",0.0073568915956533166,5.999572277069092,0,4,2.4612131118774414,6.828660488128662
2339,ZMYM3,"ZMYM3, SRRD, ARHGAP12, GSE1, VPS29",0.0008431405613355346,3.7823586463928223,0,9,-1.2086939811706543,7.2425856590271
2340,RBIS,"RBIS, POLR2G, NDUFB10, NUCB1, BRMS1",0.00105784728567563,4.6402435302734375,31,8,-2.11613392829895,4.386431694030762
2341,DDHD1,"DDHD1, DYNLL1, ATRX, HACD3, MAX",0.0031676594810175727,5.655571937561035,3,0,-2.456625461578369,7.579773902893066
2342,UPF2,"UPF2, STAU2, MPHOSPH8, PRDX5, NASP",0.004337271910870239,8.070211410522461,0,9,-1.3161368370056152,4.910406112670898
2343,LEPROT,"LEPROT, LSM2, CNPY3, TMBIM4, SSR2",0.007262773579504233,4.441013813018799,4,1,-0.9153770804405212,9.224376678466797
2344,EIF6,"EIF6, SNRPD3, SEPTIN11, KPNB1, TPR",0.004379428938937015,5.421491622924805,11,0,-1.9866230487823486,7.354197025299072
2345,COPS8,"COPS8, PIP5K1A, IST1, COX5A, TMEM134",6.372574010094157e-05,2.7742178440093994,1,6,0.1967269629240036,8.163002967834473
2346,C5ORF24,"C5ORF24, GORASP2, NOB1, HSPA5, GUK1",0.00351275887356421,14.331988334655762,0,8,-3.301684617996216,4.804497718811035
2347,LSG1,"LSG1, ANGEL2, NDUFB11, TUBB, UGP2",0.004556880615218099,11.709415435791016,22,7,-2.96893048286438,6.723950386047363
2348,MMGT1,"MMGT1, SLC48A1, NDUFB4, PTTG1, ELMOD3",0.019495174490880358,10.036863327026367,0,1,1.9392049312591553,6.518677711486816
2349,RNASEK,"RNASEK, SELENOW, GMCL1, IGF2BP1, HMGN2",6.960811611025925e-05,3.526745080947876,2,7,-2.1868338584899902,8.262420654296875
2350,ORAI1,"ORAI1, PABPN1, CALU, CEBPZOS, PTGES2",0.00011078474817548304,3.242969274520874,6,1,-1.1881517171859741,7.907236576080322
2351,PRELID1,"PRELID1, HSP90B1, ELOC, SRSF5, MYH10",0.005461786124651469,10.167738914489746,7,9,0.31202566623687744,7.978199005126953
2352,DCAF8,"DCAF8, EFHC1, GUCD1, REEP4, YBEY",0.014109859254350017,11.671795845031738,0,7,-0.49411916732788086,4.124223232269287
2353,RNPC3,"RNPC3, LAPTM4A, MYO9B, UBE4B, ITCH",0.007713755740218589,8.888655662536621,2,7,-2.9892866611480713,7.007408142089844
2354,ATP5IF1,"ATP5IF1, UBE2H, NSMCE2, STAT6, PLEKHA1",0.002377460303765897,4.6260247230529785,0,6,-0.3603644073009491,7.407944202423096
2355,LTO1,"LTO1, MOB1B, BCR, MED16, FPGS",0.0032598167051635495,5.676326274871826,0,1,2.435246467590332,6.551909446716309
2356,TSC22D4,"TSC22D4, UGP2, METTL26, RBM25, RHOA",0.0062627696579202275,11.704161643981934,4,7,-3.6044602394104004,6.660853862762451
2357,NSD3,"NSD3, RTN4, FBXL20, ZMYND11, PHPT1",0.012897109400429022,8.484189987182617,8,1,1.5827341079711914,6.165927410125732
2358,ALKBH5,"ALKBH5, SNX27, PAF1, C12ORF76, COX19",0.011269652037851128,8.261926651000977,0,4,2.8910272121429443,6.564886569976807
2359,ENOPH1,"ENOPH1, CCDC115, EPC2, TMEM259, RNF114",0.011650045686453673,6.1392974853515625,0,4,1.4175324440002441,7.400712013244629
2360,SLC35C2,"SLC35C2, ZNF92, SPRYD4, ZMYM3, MRPL27",0.012419656547672736,10.496734619140625,1,4,1.433556079864502,5.6411519050598145
2361,GTPBP10,"GTPBP10, CLUAP1, TENT4A, HBP1, POLDIP2",0.005814728685210531,13.380207061767578,0,8,-1.639288306236267,5.60219669342041
2362,CLPTM1L,"CLPTM1L, MBIP, BDP1, RSPRY1, PRPF39",0.006825516962811619,13.907276153564453,0,8,-3.5897159576416016,5.203188419342041
2363,ELP5,"ELP5, EIF4A2, TAF7, ANTKMT, RPP21",0.006314730646002534,11.023852348327637,4,6,-0.629766047000885,7.763208866119385
2364,ACTN1,"ACTN1, STK3, CDC42SE1, EIF4A3, PHIP",0.0094970960670434,6.0637407302856445,41,6,-1.6906147003173828,8.379887580871582
2365,CNOT3,"CNOT3, SNRNP27, ERGIC1, SLC25A17, PDIA6",0.0037225636178965407,9.02571964263916,0,8,-2.2377753257751465,5.726806640625
2366,MYH9,"MYH9, SPPL3, LPGAT1, SORBS3, DUS4L",0.012446127239714666,9.538461685180664,0,1,0.8976080417633057,6.403243541717529
2367,PIGL,"PIGL, CLSPN, TRIM4, RASA2, TRIM26",0.004735312687500735,6.13944673538208,0,8,-1.106303095817566,5.3227128982543945
2368,FMR1,"FMR1, SSBP3, NOL10, METTL8, DDI2",0.0032058949250781377,8.957829475402832,4,4,3.0932834148406982,6.781019687652588
2369,GLS,"GLS, FARS2, PLP2, RPL22L1, CD55",0.007377479911685928,11.989439010620117,0,0,-3.431735038757324,8.198556900024414
2370,POLR3K,"POLR3K, UBE3A, DAZAP1, PIK3R2, PSMA6",2.450990003882368e-05,2.1429603099823,0,4,3.675416946411133,6.462050914764404
2371,MPV17L2,"MPV17L2, TXNRD2, TCAF1, ADPGK, POP5",0.01642261342201342,9.753917694091797,0,8,-0.33359792828559875,6.750183582305908
2372,WDR48,"WDR48, SEC24A, VPS36, PPP1R7, SOCS4",0.004796097239597018,8.14847469329834,3,4,3.4556334018707275,6.375673770904541
2373,DENND4C,"DENND4C, TRMT61B, CYB5R3, USP38, COPS7B",0.0027764814763979466,6.0747294425964355,13,7,-0.48103246092796326,4.588685989379883
2374,MNT,"MNT, FBXW11, BNIP3L, SENP1, OFD1",0.00016960850826865987,2.760611057281494,3,1,-2.651052474975586,5.993325233459473
2375,NOM1,"NOM1, CTNNBIP1, XPO6, MIIP, NCAPH2",0.009486311711026318,13.873387336730957,0,7,-2.6708390712738037,8.579883575439453
2376,DBNDD2,"DBNDD2, MAP2K7, CLPTM1, PMM2, GAK",0.011194161545731551,14.215266227722168,0,7,-1.1534667015075684,9.144274711608887
2377,GABPB1,"GABPB1, TIMM29, DDX55, POLR3H, WASHC2C",0.009068663014364762,11.8746337890625,0,8,-3.379647970199585,4.811644077301025
2378,FAAP100,"FAAP100, HAUS8, HAGHL, DTD2, RFWD3",0.002187263479464625,6.443878650665283,0,9,-2.3947908878326416,6.510655879974365
2379,PTPN1,"PTPN1, USP9X, AKR1A1, WAC, ELK4",0.001133337777795207,4.307198524475098,11,0,-3.747955322265625,5.832207679748535
2380,LGMN,"LGMN, TLE3, CCDC186, PTAR1, ZNF580",0.007684343860172001,10.4727783203125,0,1,0.4822295606136322,6.174187660217285
2381,XPC,"XPC, DUSP22, ITPA, PPP6C, NSMCE4A",0.0024039309958078267,4.9879841804504395,3,6,-0.09919032454490662,8.843636512756348
2382,PIGN,"PIGN, NRBP1, RLF, MPHOSPH9, WASHC1",0.00013235346020964788,3.5259509086608887,8,0,-2.137582778930664,9.267426490783691
2383,STMP1,"STMP1, FBXW5, ARFIP1, RFX1, RHNO1",0.007472578323836564,7.915427207946777,1,1,1.96713387966156,6.717944145202637
2384,RNF149,"RNF149, SORT1, SETD3, LMBR1L, HIRIP3",0.11521025572649304,17.21997833251953,0,0,-0.16734588146209717,5.845189094543457
2385,MAP4,"MAP4, SEC61B, TMEM165, WDR70, SRSF2",0.0016402025105980809,7.030635833740234,5,6,-1.0784753561019897,8.425093650817871
2386,AAK1,"AAK1, DLG1, NABP1, HNRNPA0, STARD3NL",0.003903936878183836,7.939700603485107,0,9,0.12365067005157471,5.029172420501709
2387,CCNH,"CCNH, ATP6AP2, RDX, KLF3, HMGN3",0.007344146447633128,10.896450996398926,5,9,-2.1335082054138184,4.932600498199463
2388,<SPECIAL>,"<SPECIAL>, TFRC, RPS8, RPL35A, SRM",0.0009892195655669238,74.28297424316406,12,2,-0.9695637226104736,5.220861434936523
2389,EEFSEC,"EEFSEC, ACAP3, ACOT7, NAMPT, TATDN1",0.011378475994023507,8.705061912536621,6,0,-3.9086689949035645,6.793816566467285
2390,EIF1AX,"EIF1AX, LAMTOR1, RGS10, HIGD2A, HNRNPC",0.0027372656363358287,9.205467224121094,8,7,-1.105401635169983,8.850227355957031
2391,MPP1,"MPP1, EXOC1, RDH11, ITFG2, FNIP1",0.005321589496429397,4.680584907531738,1,1,-0.891499936580658,7.67952299118042
2392,ARHGAP17,"ARHGAP17, LPCAT1, EDF1, TP53I13, USP34",0.012794167820265961,9.12977409362793,0,1,0.7685919404029846,6.061338424682617
2393,<SPECIAL>,"<SPECIAL>, TFRC, LAPTM4B, SLC20A1, ABCE1",0.001000984317585559,73.87613677978516,10,2,0.23952624201774597,8.464190483093262
2394,NIPAL3,"NIPAL3, CSNK1A1, PRR13, NCOA3, MFSD11",0.009118663210443962,7.7255730628967285,0,1,1.0696109533309937,5.835131645202637
2395,DLST,"DLST, DYNC1I2, RRAGA, NUMA1, ANAPC13",0.011772595186647791,8.01490306854248,15,1,2.2399613857269287,6.7598443031311035
2396,ATF1,"ATF1, GOT1, POLR1E, STAMBP, ZDHHC4",0.007494147035870729,9.70921802520752,5,8,-2.668018102645874,6.4398298263549805
2397,TARDBP,"TARDBP, CNBP, PPP2CB, TFDP2, ZRANB2",0.005273550092353303,13.582447052001953,5,0,-3.0758485794067383,8.554062843322754
2398,AIFM1,"AIFM1, PEX11B, NT5DC2, NAT9, BNIP1",0.0020000078431680122,4.044963359832764,3,1,2.101496934890747,6.578916072845459
2399,URM1,"URM1, TOMM40, RABGGTB, C1ORF50, RFC3",7.4510096118024e-05,2.162343740463257,14,0,2.3940505981445312,6.447238445281982
2400,YIPF2,"YIPF2, SLC31A1, NOL9, RNF26, XPOT",0.011044160957493951,9.549824714660645,2,9,-2.9984397888183594,5.7541680335998535
2401,MAPK1,"MAPK1, CBX3, SQLE, PARL, POLR2K",0.00012156910419256547,2.6516904830932617,21,1,2.1453118324279785,7.591127395629883
2402,ZNF268,"ZNF268, CYP20A1, HMGCS1, PCBP1, TOP2B",0.0009411801614908294,7.2528076171875,3,7,-3.0238635540008545,7.3918280601501465
2403,MTRR,"MTRR, ADAT1, GPI, IMPDH1, CENPQ",0.0045794297232538165,6.821083068847656,1,4,2.4852912425994873,6.7383832931518555
2404,EFHC1,"EFHC1, STYX, ERICH1, TSC1, NOP10",0.006008847093518014,6.7298078536987305,2,7,1.3724726438522339,6.280266284942627
2405,MPRIP,"MPRIP, FAM161A, CDC5L, SMAD5, TM2D1",0.00035588374856371983,2.820138931274414,5,6,-0.035914648324251175,6.810478210449219
2406,CD55,"CD55, CCND3, PDE4DIP, MYO9A, RHOC",0.00019411840830748357,4.102707386016846,8,5,-3.487499713897705,5.656805038452148
2407,TWF2,"TWF2, DNAH14, DOHH, DCAF12, TMEM214",0.014698096855281785,10.042877197265625,7,8,-0.34964510798454285,6.459327697753906
2408,GRB2,"GRB2, RAPGEF6, RNH1, TCEA1, SNRPD2",0.007485323471856753,11.014566421508789,24,0,-3.6249685287475586,7.562724590301514
2409,NPEPPS,"NPEPPS, GOLGA7, CDK5RAP3, TAX1BP1, GOLT1B",0.05481884242683305,11.277730941772461,0,4,3.2525839805603027,6.858488082885742
2410,TTC32,"TTC32, UFSP2, OSBPL11, SLC35B2, C6ORF89",0.009278467758697093,6.17941951751709,0,1,1.124033808708191,6.503436088562012
2411,RNMT,"RNMT, GPBP1, P4HA1, ENOX2, MGST3",0.007986305828650309,5.7874345779418945,8,1,1.5142649412155151,7.02946138381958
2412,CEP350,"CEP350, TMA16, RCOR1, MAP3K7, ACAP3",0.0022931462476323437,7.642145156860352,0,6,-1.8108856678009033,7.323729038238525
2413,KPNA5,"KPNA5, DNAJC9, WDR43, NAPG, ARL6IP6",0.005436295828611093,6.466301441192627,3,4,2.777763843536377,6.604988098144531
2414,B2M,"B2M, TMSB10, RPS8, RPL10, RPL35A",0.00022745187236028377,13.215155601501465,0,5,-0.9879210591316223,3.8918774127960205
2415,GUK1,"GUK1, MAP4, COPS9, RWDD1, ACTL6A",0.005488256816693399,9.377301216125488,16,8,0.02491247095167637,6.09214973449707
2416,COMT,"COMT, FDPS, CDV3, CDK6, MRPL54",0.010139255448060581,7.151253700256348,8,1,1.8101685047149658,8.067120552062988
2417,C9ORF85,"C9ORF85, EIF4ENIF1, SPATC1L, PEPD, FKBP15",0.007522578519915764,8.41214656829834,2,4,2.7990753650665283,6.315924644470215
2418,BNIP3,"BNIP3, TRIM41, TMED3, RBM39, GYG1",0.0003382366205357668,2.9163498878479004,40,9,-1.9096144437789917,5.644939422607422
2419,TMEM63A,"TMEM63A, SIVA1, ARF4, CYB5A, SLC3A2",0.007975521472633225,12.6668119430542,33,0,-2.7699031829833984,7.407866954803467
2420,CCDC124,"CCDC124, MEPCE, TM9SF2, UBQLN4, JAGN1",0.02937658579053251,17.090927124023438,2,4,3.741030693054199,6.512097358703613
2421,ZWILCH,"ZWILCH, FAM120A, RBBP5, E2F1, ERICH1",9.509841215063589e-05,2.503711462020874,2,4,2.770146131515503,6.43678092956543
2422,EXOG,"EXOG, SRFBP1, E2F4, TRNAU1AP, NBPF1",0.001954909627096577,5.657354354858398,0,7,-2.2653422355651855,6.05731201171875
2423,HYAL2,"HYAL2, WDR59, RHBDD3, BLCAP, SPRYD4",0.0028509915725159706,5.321529865264893,0,1,0.6175961494445801,6.881714344024658
2424,ISG20L2,"ISG20L2, PSMD7, CTNNA1, ATP6V0E1, RSL24D1",0.001192161537888384,10.090872764587402,2,8,-2.115126132965088,4.481531620025635
2425,IP6K2,"IP6K2, CDK5RAP3, UBR4, CRLS1, GET3",0.010297099204310605,17.512096405029297,1,6,-0.12168841063976288,8.400531768798828
2426,MYC,"MYC, UBAC2, ZBTB21, EYA3, CEP55",0.022450088039560938,11.745064735412598,8,7,-3.5159401893615723,7.8397650718688965
2427,RPL35A,"RPL35A, CHCHD7, ECSIT, RPS28, MPHOSPH6",0.00014019662822207146,2.8668808937072754,0,8,-2.7399041652679443,6.070298194885254
2428,ZYG11B,"ZYG11B, MRPL10, TP53I13, NXT1, ISCA1",0.00023235385236804851,3.334469795227051,0,6,-2.2295608520507812,8.531352996826172
2429,SGTB,"SGTB, UBIAD1, RBM4B, PPIL3, CCDC112",0.007722579304232566,9.377788543701172,0,1,1.6028674840927124,5.919360637664795
2430,NSMAF,"NSMAF, UBE2R2, LRRC59, SEPTIN11, ACADVL",0.003739230349922941,5.014228820800781,27,8,-1.9328066110610962,6.330578327178955
2431,CDKN2D,"CDKN2D, CCM2, BTG3, RPS27L, ITCH",0.02544421742830364,11.536969184875488,2,7,-3.032752275466919,7.21392297744751
2432,MTMR4,"MTMR4, AKT1S1, EDEM1, SBF1, ING2",0.0005686296809007094,4.339954376220703,0,0,1.0758185386657715,5.288229465484619
2433,UBE4B,"UBE4B, MAP4, GNAQ, GIT2, SCAMP2",0.02532068753210797,12.510988235473633,4,6,-0.17939256131649017,8.560935974121094
2434,CTBP1,"CTBP1, MMS22L, TOMM5, TCAF1, C12ORF76",0.0015147118223993036,3.8079464435577393,2,8,0.3726605474948883,6.481461524963379
2435,MRPL9,"MRPL9, PSMA5, RPS26, PHC2, RPS5",8.235326413044756e-05,2.522230386734009,39,1,-0.32412171363830566,7.920331001281738
2436,RNF130,"RNF130, SHQ1, MRI1, ENDOV, ERI1",0.003458837093478798,6.7974066734313965,0,8,-0.2689701020717621,5.916533946990967
2437,TRIOBP,"TRIOBP, DFFA, TRAPPC10, SLC2A4RG, HDAC7",0.00815689473292052,6.118061065673828,1,1,-1.1165893077850342,7.762112140655518
2438,DDX50,"DDX50, FBRSL1, RTCA, CHD9, NAPG",0.005491198004698058,12.76181411743164,1,9,-3.3979854583740234,5.229638576507568
2439,GABARAP,"GABARAP, ZFX, PTK7, RNF216, SKP2",0.0004019623606367084,3.2302725315093994,0,8,-2.1533145904541016,6.259698390960693
2440,TWNK,"TWNK, SPDL1, CALM3, BPNT1, ACACA",0.014158879054427665,8.491642951965332,0,1,1.0172311067581177,6.188171863555908
2441,LUZP1,"LUZP1, TMEM9B, EIF1AD, RPS6KB1, SPTLC2",0.008136306416887909,8.199005126953125,1,7,-1.627860426902771,6.610731601715088
2442,HIRA,"HIRA, SDF2L1, SAP30, MALSU1, IPO4",4.8039404076094415e-05,3.332150936126709,9,4,3.118075370788574,7.007833003997803
2443,ELL,"ELL, NADSYN1, LEMD3, NAGK, ARHGAP17",0.050576668928113445,7.618898868560791,0,1,-2.085151195526123,5.97178840637207
2444,COPS6,"COPS6, NACA, ATP5MG, RPS11, NPEPPS",0.00031176592849383724,3.8094656467437744,18,5,-0.49394282698631287,7.612629413604736
2445,NAB1,"NAB1, YKT6, CANT1, NEPRO, MALSU1",0.00393530955023353,14.820508003234863,16,4,3.282945156097412,6.46403169631958
2446,POLB,"POLB, DPP8, GAK, ORC5, HADH",0.006659830038549171,8.798044204711914,4,4,3.1223092079162598,6.083552360534668
2447,CNPY3,"CNPY3, AFF1, MIDN, APC, UVRAG",0.0029284428566386535,11.610836029052734,8,5,0.10665381699800491,3.829437017440796
2448,AZIN1,"AZIN1, PGRMC1, ALKBH7, WASF1, RNPEPL1",0.006784340330746395,9.161467552185059,2,8,-2.548577308654785,5.655862331390381
2449,TRAF4,"TRAF4, GTF3C6, DHRS4L2, SS18L2, POLR3K",0.00013627504421585967,3.2268261909484863,1,6,-0.31311705708503723,8.865728378295898
2450,PUM1,"PUM1, UBQLN2, CALU, ANP32E, CDK4",0.0015215745944101742,4.645092010498047,9,8,-0.726544201374054,5.436733722686768
2451,TMEM245,"TMEM245, SMAP1, PPP1R10, MRPL57, YWHAH",0.007037282499147056,6.404508113861084,1,1,2.2601609230041504,6.0329484939575195
2452,KIF2A,"KIF2A, SEC24C, PKN2, DGKH, PTTG1IP",0.014608880819140467,5.034125328063965,11,9,-1.4389833211898804,6.5423583984375
2453,MRPS30,"MRPS30, ORC6, ECI2, NOP2, CDC23",2.156871203416484e-05,2.0453760623931885,8,4,2.6486527919769287,6.9053826332092285
2454,SRGAP2,"SRGAP2, CDC42, USP16, PDSS1, GGH",0.00013235346020964788,2.4962518215179443,2,8,-3.392667531967163,5.040825843811035
2455,ZNF444,"ZNF444, ENDOG, RHBDD3, CIZ1, TRUB2",0.0005352962168479092,6.5261077880859375,0,3,3.8350460529327393,5.879714488983154
2456,ACACA,"ACACA, ATF7IP, EPB41L2, VPS51, BTG3",0.008595131745614689,13.19394588470459,3,7,-1.3828550577163696,8.81525707244873
2457,ZNHIT2,"ZNHIT2, TBP, RFC5, NDUFAF5, RETREG2",0.005070608120031843,8.298674583435059,0,9,-1.9439889192581177,5.770795822143555
2458,DYRK4,"DYRK4, PNISR, LRRC47, TMEM218, BMS1",0.0011588280738355837,6.3180623054504395,0,8,-2.450441598892212,5.522702217102051
2459,MFSD5,"MFSD5, UNKL, NUDT22, RC3H2, GPR107",0.007402970207726305,11.922006607055664,13,6,-1.6261076927185059,9.1278076171875
2460,SUPT20H,"SUPT20H, PPIL4, NOP16, XIAP, TFB1M",0.011919654586880733,12.222311019897461,0,0,-3.938192844390869,5.879101753234863
2461,HNRNPK,"HNRNPK, ACTN1, CDK19, RAB11FIP1, AIDA",0.0005500021568712034,5.6738433837890625,3,8,-0.8344675302505493,4.614494323730469
2462,TCTN3,"TCTN3, CDK1, EIF1AD, NDUFA7, SCO2",0.0032960913572210085,7.063936710357666,40,4,2.86246657371521,6.262296676635742
2463,CWC27,"CWC27, HSD17B4, VEZF1, GGCT, SPPL2A",0.0024362840638590738,3.86407732963562,2,9,0.19309359788894653,7.205422878265381
2464,CLIC4,"CLIC4, ZC3HAV1, CDC37, TAF7, TGIF1",0.014585351315103197,9.780939102172852,21,7,-1.767101526260376,8.616646766662598
2465,NOP2,"NOP2, PPAN, C2ORF49, MOV10, KIFC1",0.006374534802097263,7.266190528869629,3,9,-0.9764394760131836,5.611601829528809
2466,ZYX,"ZYX, PTRH1, TEAD1, PHF5A, MTIF3",0.001469613606327868,6.070619583129883,1,7,-2.3777058124542236,7.390262603759766
2467,SFT2D1,"SFT2D1, ADNP, C17ORF58, NSUN5, DCUN1D1",0.00022843226836183672,2.335486650466919,0,1,1.5875420570373535,7.107785224914551
2468,HNRNPL,"HNRNPL, LAPTM4B, NOP56, VOPP1, COX20",0.001004905901591771,7.652115821838379,6,5,-1.7199524641036987,8.710489273071289
2469,DDX59,"DDX59, CCDC138, PDE4DIP, COPE, PRC1",0.002227459715528296,3.6677298545837402,3,1,0.5690463185310364,7.592845439910889
2470,G3BP1,"G3BP1, RPN1, RBBP6, TBC1D4, SMARCA5",0.00016078494425468334,3.9518260955810547,1,9,-2.283123254776001,5.8811116218566895
2471,ETHE1,"ETHE1, TUT4, ACACA, OAZ2, TAOK3",0.020655963356719046,7.846221923828125,0,7,-3.041752576828003,7.712802410125732
2472,MRPL44,"MRPL44, PRR14L, SYS1, DDX42, PDZD8",0.007964737116616143,14.671531677246094,0,8,-3.711705446243286,6.398884296417236
2473,PIK3C2A,"PIK3C2A, BRPF1, LPGAT1, ZNF148, VRK3",0.004741195063510053,10.909820556640625,2,5,3.455150842666626,5.405696392059326
2474,CERS6,"CERS6, ASH1L, CCNI, TKT, CCNG1",0.004774528527562853,9.48941707611084,10,9,-1.8563052415847778,5.022135257720947
2475,QTRT2,"QTRT2, FBXL3, DNAJC5, TATDN3, MSL2",0.006731398946662536,11.533483505249023,0,9,-0.8398829102516174,7.65477991104126
2476,PSMA1,"PSMA1, C17ORF80, CDC37, CAMTA1, BNIP3L",0.004399036858968074,11.23214054107666,13,0,-2.217989444732666,9.070023536682129
2477,KIDINS220,"KIDINS220, TUBA1C, PPP1R12A, HEBP2, EBPL",0.001228436189945843,3.2298696041107178,8,1,0.39015254378318787,8.230550765991211
2478,NDUFB8,"NDUFB8, SEM1, ARHGAP1, SPCS2, SRSF7",0.004750018627524029,6.496312618255615,1,6,0.9816976189613342,6.7895121574401855
2479,TUT4,"TUT4, PPIG, CKLF, MNAT1, SLC38A2",0.019522625578923838,10.37207317352295,9,8,-3.333641529083252,5.01664400100708
2480,ASCC3,"ASCC3, NDUFA6, ZFAND6, SLC12A2, WDR74",0.008962780246197044,10.939498901367188,11,8,-1.346052885055542,4.604656219482422
2481,RIOK1,"RIOK1, SEPTIN8, ZKSCAN1, NT5C3B, PBRM1",0.009516703987074458,11.229682922363281,11,0,-3.468672275543213,8.112504005432129
2482,PABPN1,"PABPN1, MRPS15, PTBP1, KPNA2, NDUFS3",0.00782356009239252,8.938654899597168,12,4,1.8108799457550049,8.074387550354004
2483,GLG1,"GLG1, PIK3CA, UQCC2, QTRT1, DGKZ",0.0005294138408385915,3.493772506713867,1,7,-2.1291794776916504,7.372082233428955
2484,EIF5,"EIF5, MORC3, SPC25, CAB39, MED25",2.843148404503547e-05,2.1331779956817627,0,9,3.8526697158813477,6.496993541717529
2485,FAM120B,"FAM120B, GSTM3, PARP4, SLC4A7, AKR7A2",0.0015176530104039623,5.8761115074157715,21,7,-2.072124719619751,6.165467739105225
2486,SKA3,"SKA3, KHDRBS1, ANKRD40, VPS35, HMGCR",0.0018627524029505998,4.271454811096191,1,4,2.914761543273926,6.698737621307373
2487,PDIA3,"PDIA3, UCP2, ST13, ZNF609, PNISR",0.0011274554017858894,7.966766834259033,1,5,-1.1235123872756958,8.624049186706543
2488,RWDD1,"RWDD1, SEPTIN9, ATP1A1, PRDX2, DNAJB6",0.00217549872744599,7.4883294105529785,6,0,-2.614154100418091,6.975274562835693
2489,EIF3E,"EIF3E, CSK, RAB9A, SBDS, PDCD4",0.0004019623606367084,3.6089773178100586,14,0,-2.6578006744384766,7.7701191902160645
2490,HMGN2,"HMGN2, CCNL1, SAP18, TRIR, STAU2",6.470613610249452e-05,3.378458023071289,3,5,-2.1065673828125,8.075825691223145
2491,AP3M1,"AP3M1, ATP13A1, PPME1, TLE3, FAM91A1",0.010580433648759408,11.95394515991211,0,6,-0.09285135567188263,7.688564777374268
2492,TIMM23B,"TIMM23B, TRIM73, SEC23B, FYTTD1, TXNDC11",0.011700045882532872,15.527713775634766,5,0,-3.911015748977661,6.8660712242126465
2493,RYBP,"RYBP, NUP188, SETD4, ERCC6, WDR70",0.01108043560955141,6.838042259216309,0,8,-0.2703471779823303,4.392229080200195
2494,RMDN1,"RMDN1, FKBP15, PPP1R35, SLC11A2, PRDX3",0.010330432668363405,9.457942008972168,0,4,3.154711961746216,6.558600902557373
2495,SDCBP,"SDCBP, RTRAF, ELF1, RFK, LY6E",0.006304926685987004,9.693133354187012,2,7,-0.2343101054430008,5.200839996337891
2496,DEK,"DEK, ARPC1B, DPCD, SNRPD2, CLTA",0.006895125078921878,9.555058479309082,0,1,-1.4109275341033936,6.861719608306885
2497,CDKAL1,"CDKAL1, RSL1D1, ATP5PB, TBL1XR1, SRSF3",0.0004500017647128028,4.482104778289795,16,9,-2.1653873920440674,6.318507194519043
2498,RSBN1L,"RSBN1L, INTS6, VKORC1, GLG1, NSMCE2",0.002748049992352911,4.721761703491211,4,7,-2.8227760791778564,8.57746410369873
2499,DUSP11,"DUSP11, GEMIN7, GET1, PRIM2, UNK",0.0012578480699924313,4.722891807556152,0,4,3.12117600440979,6.372237205505371
2500,MITD1,"MITD1, PFKP, DDX17, FLII, POLR1B",0.00354609233761701,6.263163089752197,0,8,1.023317813873291,6.086330413818359
2501,PTBP1,"PTBP1, PPP1R12C, MFSD8, GXYLT1, PACSIN3",0.0029617763206914536,7.8837761878967285,2,4,3.0258448123931885,6.81494140625
2502,TNFAIP8,"TNFAIP8, HNRNPDL, NDUFB11, ATP6V1G1, ANAPC16",0.0019284389350546472,7.787548542022705,5,7,-1.972902536392212,8.978363990783691
2503,KIF16B,"KIF16B, MIF4GD, SRSF7, WDR20, COMMD5",0.008564739469566547,8.77209186553955,0,1,1.769652247428894,5.837926864624023
2504,MIEF1,"MIEF1, ARRDC1, CYB561D2, GRPEL1, ZBTB44",0.0009186310534551116,4.227439880371094,5,6,-3.4573636054992676,5.375942230224609
2505,RPS6KB2,"RPS6KB2, CCNC, HELLS, EEF1G, KHDRBS1",0.009517684383076012,16.666349411010742,17,9,-2.171084403991699,4.943671226501465
2506,CCNL1,"CCNL1, CHMP6, EXOG, NDUFA1, HEXD",0.018114776920693805,11.914721488952637,0,7,-0.1870223730802536,4.950783729553223
2507,CCNB2,"CCNB2, CMTM6, HSP90AA1, GNG5, RANBP2",0.0007176498731367574,5.758094787597656,11,7,-1.0170695781707764,9.126449584960938
2508,CCDC59,"CCDC59, CEP44, ANKMY2, FAM210A, GGA1",0.009582390519178507,7.60682487487793,0,4,2.470186471939087,6.423359394073486
2509,LONP1,"LONP1, DPH2, PUS7, TMEM33, OBI1",4.607861207298852e-05,3.3636224269866943,0,1,2.3375000953674316,6.1533989906311035
2510,ORMDL3,"ORMDL3, NAPA, CSDE1, RTN3, VWA8",0.0007352970011647105,4.0277419090271,5,6,-0.42956042289733887,6.574334144592285
2511,ZNHIT2,"ZNHIT2, DNAJC14, ERV3-1, C2ORF68, FOXN2",0.005137275048137444,7.311820030212402,1,9,-0.9048644304275513,7.203088283538818
2512,RBM28,"RBM28, YRDC, IPO5, LSM7, CHSY1",4.0196236063670835e-05,2.833251476287842,0,1,-1.6149952411651611,8.412796974182129
2513,ATPAF2,"ATPAF2, EPC2, AHCYL1, PTPN23, TMEM9",0.009161800634512293,11.795733451843262,2,6,-0.8164053559303284,8.772635459899902
2514,DHRSX,"DHRSX, C4ORF3, DUSP11, ADIPOR2, ABCD4",0.010043176639908391,8.410948753356934,0,7,1.2136365175247192,6.2313737869262695
2515,IK,"IK, MLLT10, ARHGAP12, NT5C2, CLK4",0.02601970988121522,15.653827667236328,0,7,-3.2282543182373047,7.051387310028076
2516,SLC30A7,"SLC30A7, PDZD8, SLC25A46, MGRN1, TMEM11",0.012997109792587423,9.844186782836914,2,7,-0.6614508628845215,3.9381330013275146
2517,GMPPA,"GMPPA, RBM48, DROSHA, RB1, XRCC1",0.00271765771630477,7.356324195861816,28,7,-0.6879111528396606,9.269965171813965
2518,TUFM,"TUFM, TRIO, MYDGF, ATE1, DHX8",0.00047647245675473237,3.4442858695983887,3,7,-3.1962904930114746,8.570894241333008
2519,DCTN4,"DCTN4, AIP, AMFR, RCOR1, ZNF397",0.0113265150059412,6.679727554321289,1,1,1.9635519981384277,6.40398645401001
2520,COX17,"COX17, ERLIN1, RBM39, XPO1, NOB1",0.0009098074894411351,3.4544429779052734,10,1,2.2488322257995605,6.929993629455566
2521,NME4,"NME4, RAB5IF, NDUFB5, ACSL3, EIF4H",0.009574547351166083,11.315877914428711,6,1,1.7201213836669922,8.034893989562988
2522,BBX,"BBX, ZSWIM8, IL6ST, HSPA13, SRP72",0.0006754928450699807,3.6841087341308594,12,6,-0.4548293352127075,7.730576038360596
2523,PGGT1B,"PGGT1B, JPT2, CEP152, BORCS8, METTL2B",0.011216710653767269,15.248886108398438,0,4,3.4003450870513916,6.669422149658203
2524,CNPY3,"CNPY3, ACACA, RBBP6, TGOLN2, SMAP2",0.007912776128533838,5.5093770027160645,14,1,-2.2400057315826416,6.000404357910156
2525,ALYREF,"ALYREF, ABCF2, NFKBIL1, MANBAL, EID2",0.00015686336024847158,2.973752737045288,1,0,-3.683738946914673,6.562266826629639
2526,RPS6KB1,"RPS6KB1, HACL1, COPS9, MR1, HDDC3",0.00976670496747046,5.800837993621826,0,0,1.0012978315353394,6.4631853103637695
2527,ZBTB24,"ZBTB24, SAMD8, TMEM109, SRGAP2, PTPN9",0.012907893756446104,8.16450309753418,0,1,1.4213449954986572,6.498810291290283
2528,SLC2A1,"SLC2A1, MKI67, PPP1CA, JTB, HSPE1",0.0003196090965062608,4.611903667449951,10,0,-1.0738892555236816,8.980049133300781
2529,RPL23A,"RPL23A, S100A10, NGRN, RPS17, RPL13A",0.00014019662822207146,3.3371598720550537,6,5,-3.4130470752716064,7.644552230834961
2530,ST3GAL3,"ST3GAL3, MID1IP1, ETHE1, SPG11, USP22",0.0073588523876564225,9.329452514648438,1,5,0.15481066703796387,3.9618935585021973
2531,CCNT2,"CCNT2, CNOT2, NDUFV2, SLF2, GPR108",0.02009517684383076,12.21237564086914,0,1,2.252746820449829,6.772122383117676
2532,FDFT1,"FDFT1, OLA1, RINT1, IPO9, ZNHIT3",0.00021862830834630724,3.4242522716522217,0,9,-2.192284107208252,8.05324649810791
2533,ERC1,"ERC1, CAMK2N1, SNRPD2, CDKAL1, ACACA",0.003292169773214797,8.336067199707031,0,7,-0.22793687880039215,4.122537136077881
2534,YWHAE,"YWHAE, LCORL, TOMM7, RCAN1, ESCO1",0.0036911909458468466,8.24292278289795,9,1,1.1195913553237915,8.190032958984375
2535,DCUN1D4,"DCUN1D4, AZIN1, PLEKHO1, LIMD1, ZNF593",0.0031902085890532905,6.604599475860596,9,9,0.04576906934380531,5.859445571899414
2536,GCFC2,"GCFC2, FAM91A1, MEPCE, MIGA1, B4GALT5",0.013935348766073592,10.411039352416992,2,8,-0.08176795393228531,7.448634624481201
2537,ADD3,"ADD3, DIP2B, MACF1, PPP1R12C, CAMTA1",0.01427358538660936,12.988930702209473,0,7,-1.5261915922164917,7.449117183685303
2538,DEDD2,"DEDD2, NDUFB3, PAK2, PDSS2, ORC4",0.0045706061592398406,8.378814697265625,0,8,-0.048355694860219955,5.139398097991943
2539,DYRK1A,"DYRK1A, ZC3H8, CDKN1B, AAMDC, TRIOBP",0.028908936897791757,13.484758377075195,2,8,-4.074314117431641,6.728219509124756
2540,FKTN,"FKTN, ZCRB1, HPS3, AK6, ESCO1",0.008713759661802595,12.202683448791504,0,8,-1.8932005167007446,5.43531608581543
2541,HSF1,"HSF1, ATF5, CTNNAL1, KLHDC2, PTTG1",0.00043627622069106154,2.8803722858428955,8,7,-2.867673873901367,7.121546268463135
2542,FUS,"FUS, ARIH1, LENG1, NFYB, YWHAH",0.008966701830203256,6.297815322875977,5,1,0.9528599381446838,6.207063674926758
2543,MRPL3,"MRPL3, POLR2H, GYG1, PPIF, MRPL9",0.0037147204498841173,5.860912322998047,2,4,2.4324989318847656,7.396484375
2544,SLC30A7,"SLC30A7, REXO2, FBXW9, SF3A1, CHAC2",0.0006088259169643802,3.205919027328491,10,1,1.277583360671997,6.267940044403076
2545,SHOC2,"SHOC2, SIL1, TSR2, GTF2H3, ERP44",0.012060831611104357,15.336711883544922,0,6,-1.2788174152374268,8.289109230041504
2546,EIF3G,"EIF3G, PKM, DNAJB6, SCAND1, CLIC1",0.002194126251475496,8.192585945129395,1,0,-2.9130499362945557,7.592888832092285
2547,PRPF3,"PRPF3, DLST, RAP2A, MSL1, STXBP4",0.0060382589735646025,8.201300621032715,0,7,0.50798100233078,6.184019088745117
2548,GRB2,"GRB2, MRPL14, ZNF384, RNF220, ASCC3",7.25493041149181e-05,2.4619030952453613,38,8,0.37874647974967957,8.46746826171875
2549,PMPCB,"PMPCB, ZC3H14, RBM26, PIP5K1A, HIBADH",0.0004970607727873442,4.259834289550781,4,8,-1.8593546152114868,4.846299171447754
2550,CABIN1,"CABIN1, FADS1, PYCR2, RPS6KB2, CRYZL1",0.005658845720963612,6.675654411315918,1,1,0.5939977169036865,7.110108852386475
2551,NAMPT,"NAMPT, CIR1, RNF113A, ZNF609, EIF4B",0.0009235330334628763,5.1570611000061035,7,9,0.21959374845027924,8.195727348327637
2552,GGCX,"GGCX, POLD3, TSTD2, PDE12, TPMT",0.0005656884928960505,3.88885498046875,0,7,-0.34621018171310425,4.990214824676514
2553,ASXL2,"ASXL2, TMEM106B, DDX42, FBH1, ISY1",0.016513790250157843,7.052561283111572,1,0,-2.2537851333618164,8.597441673278809
2554,FBH1,"FBH1, ILVBL, TRNT1, ZMYND8, HNRNPL",0.0009421605574923823,7.605340003967285,0,0,1.4928832054138184,5.527731895446777
2555,NUCB1,"NUCB1, HMGB2, TMEM205, RETREG2, MINDY3",0.01102063145345668,9.61896800994873,0,1,2.28440523147583,6.564904689788818
2556,SSR4,"SSR4, CDK2, SLC7A6OS, SMAD4, MON1B",0.012247106851399417,10.584195137023926,3,6,-0.7073347568511963,4.339462757110596
2557,NDUFA3,"NDUFA3, POLR2K, YBEY, TMEM35B, RSRP1",0.006909831018945173,4.279842853546143,18,1,0.7860161066055298,8.187305450439453
2558,TANGO2,"TANGO2, SGSM3, ZNF574, DHX8, WRAP73",0.00620394589782705,10.591438293457031,17,7,-3.2899816036224365,7.635180950164795
2559,CCM2,"CCM2, EXOC2, BTBD7, MTIF3, TNRC18",0.006424534998176463,7.48325777053833,0,8,-0.2777511775493622,4.269049644470215
2560,C4ORF3,"C4ORF3, PPP1CA, SURF6, RAB5C, DNAJB14",0.0038411915340844476,11.715426445007324,3,9,-1.5367101430892944,4.8337273597717285
2561,OCEL1,"OCEL1, NFYB, SIVA1, UBE2D2, DLGAP5",5.000019607920031e-05,3.858792543411255,30,1,-0.07421012967824936,6.071759223937988
2562,FIBP,"FIBP, UBE4B, GATAD2B, VAT1, TRRAP",0.017455950807650226,9.848610877990723,0,7,-1.4718877077102661,8.791805267333984
2563,WASHC2A,"WASHC2A, COX5B, TOLLIP, SRFBP1, RLIM",0.007852971972439107,8.308387756347656,1,9,-0.5605568289756775,4.183961391448975
2564,KIAA0586,"KIAA0586, CMTM6, DNAJC8, POLR1D, NONO",0.0020921650673139894,7.044362545013428,15,0,-2.9878621101379395,7.639529228210449
2565,ZNF292,"ZNF292, FRYL, RBM25, GSK3B, TRA2B",0.0023333424836960146,6.102749824523926,18,8,-3.0097885131835938,6.910274982452393
2566,SHMT2,"SHMT2, CCDC88A, ZNF655, TMEM115, BLMH",0.0004725508727485206,2.744412899017334,5,1,2.03778338432312,7.041919708251953
2567,KIF11,"KIF11, CSTF1, ABR, SPIN1, TIAL1",0.003929427174224212,9.656742095947266,3,8,-3.1733009815216064,5.191715717315674
2568,ARHGAP1,"ARHGAP1, N4BP1, ZW10, ANKRD11, ZNF397",0.00917454578253248,8.162025451660156,0,1,1.2745966911315918,6.049975872039795
2569,PSMD4,"PSMD4, MIA2, CNPY2, SLC25A26, CCDC93",0.012293185463472406,5.740978240966797,9,6,-1.2791603803634644,6.499794006347656
2570,TINF2,"TINF2, JMJD6, RHOQ, MOSMO, CHST12",0.000538237404852568,4.722282886505127,10,6,-0.8895473480224609,8.651522636413574
2571,MRPS12,"MRPS12, CNPPD1, NUP155, JMJD6, PRORP",0.002413734955823356,6.526118278503418,0,9,-2.7696335315704346,5.6735520362854
2572,SLC7A1,"SLC7A1, MLLT1, UBE2F, TRMU, CWF19L1",0.001280397178028149,4.784752368927002,3,1,1.9911420345306396,6.753908634185791
2573,CCSER2,"CCSER2, FOXO3, CYB5A, LSM5, PACS1",0.0009245134294644293,7.8632283210754395,11,5,-0.3702300190925598,4.985232830047607
2574,SMIM20,"SMIM20, TMEM183A, EPM2AIP1, PCYT1A, DYNLL1",0.010223569504194134,15.279609680175781,0,0,-4.1006669998168945,6.779757976531982
2575,UHRF1,"UHRF1, NDRG3, SUPV3L1, NUP58, ERCC8",0.008559837489558783,5.931223392486572,2,1,1.185529351234436,6.156567573547363
2576,VMA21,"VMA21, NAE1, KBTBD2, BLCAP, AKAP8",0.007935325236569556,12.908110618591309,0,7,-3.472235918045044,6.336826324462891
2577,CYB5R1,"CYB5R1, GK5, BID, MOB1B, ATRAID",0.008858858270032431,9.051490783691406,1,1,1.899843454360962,6.0007452964782715
2578,ZNF33B,"ZNF33B, CHST12, TRAK1, TGIF2, ARL6IP4",0.0012166714379272076,3.675990343093872,3,0,-2.7183589935302734,7.939726829528809
2579,ALG12,"ALG12, PISD, RPAP3, SLC35E1, PCCB",0.00912454558645328,12.87877082824707,5,9,0.020781731233000755,8.50100040435791
2580,MICU1,"MICU1, RAP1A, CELF1, EIF3K, TPR",0.0012352989619567136,6.030927658081055,0,0,-0.4078518748283386,4.20474910736084
2581,MRPL12,"MRPL12, ENO1, SLC7A6OS, RPRD1A, DCXR",0.002120596551359025,6.760161876678467,1,8,-1.2815523147583008,6.335904121398926
2582,PABPC1,"PABPC1, COX7C, RPS21, LGALS1, MT-ND5",0.0008294150173137934,13.343294143676758,0,5,-2.9707865715026855,6.7595295906066895
2583,UIMC1,"UIMC1, ABI2, CLIC1, SEC23A, LSM3",0.000631375025000098,5.367258071899414,7,9,-2.904630184173584,6.054010391235352
2584,MIB2,"MIB2, CLASRP, BBIP1, KPNA4, DNAJC4",0.0029500115686728182,4.822720050811768,1,1,0.5370170474052429,8.428159713745117
2585,MNT,"MNT, RAD17, TRMT61A, DUSP14, ATAD5",0.001374515194177232,4.3846611976623535,1,7,1.2327227592468262,6.393003940582275
2586,RASA2,"RASA2, MTHFD2L, ASCC1, TRIM4, ZBTB24",0.013514758881407378,11.28819751739502,0,6,-0.07974991202354431,4.441335201263428
2587,EXOC1,"EXOC1, HSF1, TOR1AIP1, RCN1, RAB9A",0.0015107902383930916,3.8237287998199463,0,6,1.257842779159546,7.408373832702637
2588,SMCHD1,"SMCHD1, SPTAN1, ATP2B1, ATOX1, HIPK2",0.007179439919372233,13.487303733825684,18,6,-0.640486478805542,7.650448322296143
2589,ELL,"ELL, LARP4B, NTAN1, PTTG1IP, PHF3",0.011730438158581014,9.602289199829102,0,1,2.653748035430908,6.747071743011475
2590,HMOX2,"HMOX2, LGALS8, CNTRL, STK38L, CPD",0.00624022054988451,6.776243209838867,0,5,0.7135740518569946,5.5868096351623535
2591,ANAPC5,"ANAPC5, PHGDH, PCGF5, TRIP12, FANCA",0.011249063721818517,7.456963539123535,17,7,-0.913578450679779,9.353068351745605
2592,YRDC,"YRDC, LDAH, RPL7L1, ZNF318, SMARCA4",5.39217800854121e-05,2.415462017059326,1,8,3.0114376544952393,6.202302932739258
2593,ORMDL3,"ORMDL3, TNFAIP8, VPS13C, TAF7, BCAP31",0.00036176612457303756,3.8697409629821777,3,8,-1.5387197732925415,6.439635753631592
2594,API5,"API5, POGK, AGPAT3, GSS, UNC45A",0.00925395785865827,12.436592102050781,4,0,-2.47808837890625,8.032736778259277
2595,GART,"GART, NUB1, SH3GLB1, PSMG1, MAP2K2",0.00019803999231369536,2.8797760009765625,1,9,-0.2667241096496582,6.455284595489502
2596,DCUN1D4,"DCUN1D4, PSME2, SSR2, DBI, PRELID1",0.007500029411880047,9.314332008361816,12,1,-0.1714121550321579,4.527581691741943
2597,NFE2L2,"NFE2L2, CCNY, MAPK8, ZMYND8, SEPTIN6",0.003510798081561104,9.977333068847656,0,0,-3.019913911819458,8.578816413879395
2598,CDK16,"CDK16, EIF2B2, ECD, SOAT1, MFSD1",0.0005245118608308268,3.7438242435455322,5,6,0.010925665497779846,7.082156658172607
2599,FAM104B,"FAM104B, LNPK, SNRNP35, MFSD14B, STAMBP",0.007327479715606728,10.01494026184082,2,4,3.6448006629943848,6.547450542449951
2600,APPL1,"APPL1, TPX2, PIH1D1, GPAA1, RNF114",0.0009049055094333703,3.849039316177368,30,1,0.9484407901763916,7.32029914855957
2601,WBP2,"WBP2, BAG3, PSMB10, CD320, PKN1",0.0030715806728653836,5.149853229522705,23,8,-2.3246395587921143,6.6763505935668945
2602,SLC7A11,"SLC7A11, ARPP19, NASP, ACP1, PGRMC1",0.014502998050972748,10.693952560424805,1,8,-3.6667652130126953,5.79451847076416
2603,TMEM107,"TMEM107, UROD, NEU1, RAB2A, CTDNEP1",0.000837258185326217,5.476292133331299,5,8,0.14627648890018463,4.149906635284424
2604,FAM136A,"FAM136A, VDAC1, UBE2K, BANF1, POLR2J3",0.005043157031988361,12.400763511657715,1,9,-1.0099236965179443,5.56827449798584
2605,ZNF217,"ZNF217, COX16, GPR137, KATNAL1, MNT",0.010416707516500064,7.109401226043701,0,9,-0.9849215745925903,6.5901970863342285
2606,STXBP4,"STXBP4, PI4KB, RAB5B, JKAMP, MMGT1",0.007531402083929741,6.074114799499512,0,6,-0.6265991926193237,6.217764377593994
2607,COG6,"COG6, SUMF2, CDKN2D, HPS1, SRSF5",0.015536335436609556,8.716403007507324,1,1,-0.22811993956565857,4.423982620239258
2608,CEP170,"CEP170, POLR1D, PNO1, UBR1, SRSF4",0.007041204083153267,11.932780265808105,30,7,-1.130391240119934,9.04702377319336
2609,MOB1A,"MOB1A, DSG2, REX1BD, ALKBH5, NPAT",0.006250024509900039,9.988959312438965,0,6,-2.4483885765075684,8.617033004760742
2610,USP34,"USP34, ANAPC16, NBEAL1, HECTD4, ARAF",0.004428448739014663,6.6130475997924805,0,9,0.2482476830482483,4.9261956214904785
2611,BNIP3L,"BNIP3L, MYL12B, MLLT10, ATP6V0E1, CDC42",0.005010803963937114,12.935068130493164,5,8,-2.2371721267700195,4.966229438781738
2612,ELOB,"ELOB, ABI2, STXBP5, PPP3CC, SF1",0.014880450511570633,7.854081153869629,2,8,-1.9893126487731934,4.651679515838623
2613,SSX2IP,"SSX2IP, TDG, UPF3B, CTNNAL1, VEGFB",0.003177463441033102,6.533090591430664,5,9,-0.20949432253837585,6.156713485717773
2614,MANEA,"MANEA, FBXO34, MAML1, FAM161A, RAB29",0.008797093321934596,10.85956859588623,1,7,0.200101837515831,6.067181587219238
2615,UQCRC1,"UQCRC1, TMEM250, PIP5K1C, SPG7, SQLE",0.0055343354287663874,10.602660179138184,13,4,3.362454414367676,6.575412273406982
2616,PSMB10,"PSMB10, EML4, YWHAH, RUNX1, CDK13",0.02420597727834227,11.841822624206543,45,9,0.27536022663116455,8.060823440551758
2617,TRAF3,"TRAF3, BMI1, SMUG1, POLR3D, CENPN",0.00013823583621896555,2.9505667686462402,1,6,-0.7778478860855103,8.33146858215332
2618,C11ORF54,"C11ORF54, MBIP, BMS1, RANGRF, CLPTM1L",0.012622598519994196,12.423845291137695,2,8,-3.6898250579833984,5.139486312866211
2619,ZNF561,"ZNF561, KIF20A, CIAO3, FGFRL1, HIPK3",0.006453946878223052,8.749287605285645,0,7,0.011368495412170887,4.505623817443848
2620,SH3GLB1,"SH3GLB1, ZFYVE16, GRN, ZMYM4, PHKB",0.005655904532958953,5.055871963500977,15,7,-1.9225704669952393,8.940339088439941
2621,ROCK1,"ROCK1, C8ORF33, XBP1, FNDC3A, NDUFB11",0.006239240153882957,9.94737434387207,30,9,-1.347246766090393,5.6468186378479
2622,OFD1,"OFD1, WDR33, CHMP1B, PDS5B, CNTRL",0.01094416056533555,4.322176456451416,18,1,-0.7749607563018799,6.559470176696777
2623,RNPC3,"RNPC3, KMT2C, MLLT10, ALKBH2, SGTB",0.0056823752250008824,6.005897521972656,0,7,-2.5653839111328125,6.952615261077881
2624,RBM27,"RBM27, CCS, NHP2, TCEAL9, THOC3",0.0022156949635096608,11.28203010559082,2,0,-2.560976982116699,8.50936508178711
2625,IGF2BP3,"IGF2BP3, DNAJC9, NAP1L1, PGLS, MOB2",0.005166686928184032,12.916969299316406,3,6,-0.30929556488990784,9.226003646850586
2626,COX7A2L,"COX7A2L, SLIRP, UQCR11, EIF3G, NUCKS1",0.0030588355248451953,9.407550811767578,2,8,-2.7512314319610596,7.034870147705078
2627,SEPTIN6,"SEPTIN6, ERBIN, NBAS, CISD2, SUMO1",0.0061921811458084145,11.748075485229492,22,0,-3.8277697563171387,7.43590784072876
2628,DLD,"DLD, NPRL2, R3HDM4, FBXO5, TFG",4.215702806677673e-05,2.821643590927124,5,9,-1.4407089948654175,5.0689167976379395
2629,MTERF3,"MTERF3, GSTO1, MRPS15, ATAD2, COX7A2",0.0016392221145965279,5.62693452835083,1,9,-2.7478628158569336,6.050755023956299
2630,BRAF,"BRAF, WASF1, SRPK2, PIP4K2A, RNMT",0.030668747720579297,6.919578552246094,4,1,-2.4745354652404785,8.026567459106445
2631,GEMIN7,"GEMIN7, ELOB, SCYL2, TTC21B, SUPT4H1",0.004610802395303511,11.046917915344238,4,6,-0.8097212314605713,9.04366397857666
2632,BACH1,"BACH1, UBE2Q2, CLK4, NAPG, SLC2A4RG",0.00256471594006251,5.969332695007324,0,9,-0.583592414855957,7.432797908782959
2633,UBE2N,"UBE2N, OGT, MYL12B, SEPTIN9, ZMYND8",0.002261773575582649,4.037196636199951,39,1,-2.262972354888916,5.159191608428955
2634,CENPC,"CENPC, LIMK2, MED23, ATL2, TMEM30A",0.008081404240800944,7.803555965423584,1,4,2.1826963424682617,6.97014045715332
2635,EXTL2,"EXTL2, DOT1L, TIMM23, PEX3, HSD17B4",0.003457856697477245,3.6640214920043945,0,1,-1.5043660402297974,6.610073566436768
2636,CNOT8,"CNOT8, NUP98, AZIN1, BDH2, NMT2",0.016737320538511916,9.714497566223145,2,0,-2.2321274280548096,8.351020812988281
2637,VTA1,"VTA1, CDC40, CCNL2, QDPR, PPA2",0.012972599892548599,7.801161289215088,6,1,2.6536648273468018,6.81263542175293
2638,COX6B1,"COX6B1, FBXO25, BIN3, ZNF507, REXO2",0.000353922956560614,3.667835235595703,9,9,-0.2693566083908081,7.79218864440918
2639,TJAP1,"TJAP1, NDE1, BCAT1, PDLIM1, CHMP1A",0.010770630473060679,13.111663818359375,25,0,-2.3752176761627197,7.132621765136719
2640,PSMB7,"PSMB7, SNRPC, CSK, CHCHD3, RAB1A",0.0021637339754273545,17.10615348815918,7,5,0.7870776653289795,4.065157890319824
2641,TUBB,"TUBB, DAZAP1, EPN1, G3BP1, XPO1",0.0001098043521739301,2.577221632003784,12,1,2.5628726482391357,7.332737922668457
2642,XRCC4,"XRCC4, UBE2D2, GUCD1, MTMR6, EFHC1",0.009013760838277797,10.174379348754883,0,7,0.4658593237400055,4.894654273986816
2643,ASCC2,"ASCC2, PDZD8, MPDU1, TUG1, GALK1",0.0007362773971662634,4.723952770233154,0,0,-0.8332082629203796,5.786149501800537
2644,PEAK1,"PEAK1, ERBIN, BLVRB, CCNY, GSTO1",0.0016294181545809983,7.0949530601501465,10,5,0.7453280091285706,4.999542236328125
2645,NEMF,"NEMF, UTP25, MAIP1, LYAR, CLUH",0.013102992560755141,8.888628959655762,19,8,-2.5386977195739746,4.550670623779297
2646,ELOF1,"ELOF1, NLE1, RAP2C, AP2A2, DLAT",0.000724512645147628,3.6412532329559326,3,0,-3.0299599170684814,6.156739234924316
2647,PGAP2,"PGAP2, PYCR2, CYB5R4, CCNC, POM121C",0.0015196138024070683,5.806159496307373,4,8,2.7724485397338867,6.779140949249268
2648,HNRNPU,"HNRNPU, ZMYM2, PSMD8, ATE1, ELOVL5",0.0072088517994188216,6.161316394805908,13,0,-0.3958936929702759,4.919671535491943
2649,RFX5,"RFX5, PDHX, CRIPT, COA6, UTP11",0.010218667524186369,9.051199913024902,0,0,-3.855153799057007,6.858737468719482
2650,DCAF5,"DCAF5, SEPTIN2, KIF5B, DLAT, TIPIN",0.0075794414880058355,12.34188461303711,5,1,-1.7029112577438354,8.412164688110352
2651,MPI,"MPI, TRIP4, TSSC4, SLC25A11, TGIF2",0.024987352891579967,8.732922554016113,0,1,-0.16002435982227325,4.510603427886963
2652,MON2,"MON2, PPP3CC, MAP3K2, MED31, POLR2L",0.008877485794061937,7.5273637771606445,0,7,-0.1596219390630722,4.490373134613037
2653,PIP5K1A,"PIP5K1A, IST1, HEATR6, TMEM134, SLC39A1",0.0012117694579194427,4.777703285217285,4,0,-3.316577911376953,6.3487443923950195
2654,REXO4,"REXO4, MYO9B, PABPC4, IDI1, PPP3CC",0.0039892313303189425,11.98310375213623,3,8,-0.7171085476875305,7.318099498748779
2655,PEX6,"PEX6, MIB2, DUSP11, XRCC4, SPRTN",0.01075102255302962,10.02013111114502,0,1,1.9619808197021484,6.994215488433838
2656,BET1,"BET1, MAP3K4, CSNK2A1, BECN1, CEP57",0.010141216240063686,11.517375946044922,0,6,0.13497786223888397,8.694683074951172
2657,EIF4A3,"EIF4A3, CDK11B, TAF9B, SMG1, SNRPC",0.0020941258593170954,4.946597099304199,0,1,0.9581446647644043,6.313958168029785
2658,B3GAT3,"B3GAT3, CEP55, BRD9, DYRK4, AAAS",0.005813748289208978,4.818810939788818,1,0,-1.851952075958252,6.139775276184082
2659,TXNDC15,"TXNDC15, AKT2, SETD5, DYRK2, SLC25A46",0.00977650892748599,7.532569885253906,3,1,-1.0015445947647095,6.843825817108154
2660,<SPECIAL>,"<SPECIAL>, ZMYND19, SLC19A1, TFRC, SRM",0.0009588272895187824,74.99198913574219,16,2,-0.18682880699634552,9.085640907287598
2661,POLB,"POLB, FBXO5, DEPDC1B, BCL2L13, TMEM263",0.016438299758038268,5.762950897216797,0,4,0.9487078785896301,6.807231903076172
2662,DDX17,"DDX17, SSR2, SRSF5, HMGN2, DYNLT1",0.0023186365436727203,8.109320640563965,15,9,-2.3917293548583984,9.044509887695312
2663,MYO18A,"MYO18A, CERS5, MINDY3, ASNSD1, TPD52L2",0.004316683594837627,5.916642665863037,0,7,0.9622547030448914,6.377674102783203
2664,KMT5A,"KMT5A, POMP, CPSF1, PHPT1, RRM2B",0.008322581657182969,5.8497395515441895,0,8,-0.5965840220451355,5.034026622772217
2665,GEMIN7,"GEMIN7, SCYL2, PPM1D, DBNDD2, TPD52L2",0.010068666935948769,10.59017276763916,0,7,-0.7697873711585999,9.237082481384277
2666,TUBB,"TUBB, ENO1, REEP5, POLK, DGUOK",0.000130392668206542,2.459589958190918,0,8,-3.1971418857574463,5.584120273590088
2667,RB1CC1,"RB1CC1, ARFGEF1, RAD23A, PHC3, EIF4EBP1",0.001580398354503351,5.566149711608887,15,9,-2.1818885803222656,5.595656394958496
2668,DCAF12,"DCAF12, DUT, CDC34, MECR, NAE1",4.313742406832968e-05,3.1433513164520264,4,1,2.3786768913269043,7.033544063568115
2669,NTHL1,"NTHL1, BTBD7, ST3GAL3, KIF3A, TMEM59",0.005513747112733776,6.705300807952881,12,7,0.07615022361278534,8.5066556930542
2670,PCGF5,"PCGF5, GLO1, CHD6, UBR1, SNU13",0.004819626743634289,4.7957444190979,17,1,-1.715847373008728,9.086104393005371
2671,DBI,"DBI, KLHL8, RABEP1, TRAPPC2, XPA",0.00469707724344017,4.290567874908447,8,1,-0.758924126625061,6.081052303314209
2672,STK16,"STK16, CEP63, SREBF1, TST, FAM193A",0.011403966290063882,8.110891342163086,0,8,1.34047532081604,6.195577144622803
2673,ZNF706,"ZNF706, UQCC3, TRAF3, SLC38A10, GRK2",0.00019803999231369536,3.0568008422851562,0,6,-0.6569510698318481,9.238561630249023
2674,TXN,"TXN, PSMA7, TMEM120B, C4ORF48, VAPB",0.0031519731449927255,6.465726852416992,0,9,-1.3194736242294312,5.29180908203125
2675,PPP6R3,"PPP6R3, TIPRL, MAGT1, RBM22, UBE2G1",0.00013333385621120084,2.985974073410034,7,6,0.1294291466474533,8.053232192993164
2676,MTREX,"MTREX, RSAD1, UBE2D1, ATXN7L3B, PAFAH1B3",0.000371570084588567,2.948387384414673,0,6,-1.19847571849823,7.969977378845215
2677,TIMM10,"TIMM10, VBP1, SRSF7, COPS9, MAPK3",0.005466688104659234,10.032578468322754,0,6,-0.5580019354820251,9.274588584899902
2678,NCOA6,"NCOA6, CCM2, CENPM, FBXO38, UFM1",0.01851870007333362,10.213483810424805,1,9,-0.45763251185417175,7.905669689178467
2679,YWHAE,"YWHAE, SUPT16H, RTN3, MCM3, TRIR",0.009887293675661473,8.645610809326172,1,1,1.4976348876953125,7.792104721069336
2680,ZNF346,"ZNF346, THAP3, DIS3L, MFSD14B, MPI",0.0018098110188667406,4.956243991851807,0,6,1.4708279371261597,6.7292633056640625
2681,FKBP1A,"FKBP1A, DYNC1H1, CCT6A, PABPN1, CCDC127",0.00023725583237581323,2.4905240535736084,7,7,-3.0252208709716797,7.312294006347656
2682,SH3GLB1,"SH3GLB1, RPN2, LRCH3, CMTM6, MRFAP1",6.176494809783567e-05,2.817065715789795,11,6,-0.8302372694015503,6.208783149719238
2683,TIMM13,"TIMM13, PAPOLA, PKM, SMIM26, EIF4B",0.008867681834046409,13.12105941772461,0,7,-2.985326051712036,5.842548847198486
2684,PCNT,"PCNT, ING2, ACP2, TRIT1, TUBGCP4",0.008164737900932945,11.676126480102539,0,4,3.784503936767578,6.507562160491943
2685,RAB4A,"RAB4A, NAA15, MRPS16, C11ORF24, FLNA",0.007426499711763576,14.717838287353516,10,8,-3.2484254837036133,4.88485860824585
2686,GNAI3,"GNAI3, RLF, SLMAP, MYL6B, NCBP2",0.0004960803767857913,3.1035547256469727,0,0,-2.2144277095794678,8.126594543457031
2687,POC5,"POC5, GOLPH3L, NCAPD3, CEP57L1, CCT8",0.002915697708618465,5.689181327819824,0,8,-3.7849879264831543,5.58176326751709
2688,GPATCH8,"GPATCH8, ZEB1, ICAM3, EHBP1, ERP29",0.004610802395303511,11.564772605895996,1,5,0.25432834029197693,3.6120445728302
2689,USP36,"USP36, MRPL4, DERL1, EZR, COX7B",0.006183357581794439,8.969409942626953,0,0,-3.7931153774261475,5.404751300811768
2690,MED19,"MED19, TINF2, LRP6, HNRNPUL2, TRPT1",0.008251993145071157,6.939409255981445,5,7,1.170580506324768,5.9347944259643555
2691,UXT,"UXT, SNU13, SNRPD2, KMT2C, REV3L",0.0016205945905670219,6.636045455932617,13,5,-0.8667564392089844,4.209156036376953
2692,SMIM12,"SMIM12, NAP1L1, TXN, BTG3, SLC25A5",0.006248063717896933,15.233881950378418,0,7,-2.1478662490844727,9.18326473236084
2693,ECD,"ECD, C8ORF82, NFATC2IP, LRCH4, DDX39B",0.0009598076855203354,3.4869801998138428,3,6,-0.7002622485160828,9.147123336791992
2694,ARID5B,"ARID5B, AP2M1, FOXN3, MFGE8, PKN2",0.02362166126141671,6.324589252471924,47,8,-2.565356731414795,6.099305629730225
2695,EVL,"EVL, PPP3CA, MT1X, EDF1, CLASP1",0.001969615567119871,13.147120475769043,4,5,0.448894202709198,3.2765133380889893
2696,TBCB,"TBCB, USP47, CMTM6, BIRC5, TAF1D",0.004471586163082993,7.312155723571777,17,6,-0.19901762902736664,4.720320701599121
2697,FNIP1,"FNIP1, PEPD, PPFIA1, OARD1, MPHOSPH8",0.022377538735446022,10.094136238098145,2,9,-1.4687440395355225,5.26632833480835
2698,SNTB2,"SNTB2, PIP4K2A, TBL3, DHX33, CCDC117",0.016937321322828717,8.43899154663086,0,1,-0.39767006039619446,4.666342258453369
2699,RAB29,"RAB29, ABRACL, STK4, FGFR1, XRRA1",0.006798065874768136,5.003219127655029,16,1,0.19640065729618073,8.550331115722656
2700,SEPHS1,"SEPHS1, KNSTRN, ARHGAP19, FBXO5, TUG1",0.005908846701359613,32.64762496948242,3,3,3.7217471599578857,6.377911567687988
2701,FAF1,"FAF1, SYAP1, NME7, RNF114, KPNA1",0.0006764732410715336,4.877150535583496,19,9,-0.5843090415000916,5.109303951263428
2702,SRSF2,"SRSF2, RNASEK, ROMO1, MED13L, NDC1",0.006714732214636135,5.971575736999512,3,6,-1.28169846534729,7.073490619659424
2703,ASAH1,"ASAH1, CD151, HP1BP3, HSPD1, C4ORF3",0.005390217216538104,6.932505130767822,1,1,-0.672724187374115,8.738700866699219
2704,TRIM27,"TRIM27, PPP1R8, CPSF2, ZNF746, COPS2",0.0025931474241075456,18.62887954711914,6,3,-2.6426587104797363,7.504481315612793
2705,ANAPC15,"ANAPC15, ARHGEF2, AIDA, CIAO2A, ARL8B",0.0070000274510880435,6.318855285644531,7,4,2.732494831085205,6.37205171585083
2706,MPDU1,"MPDU1, DROSHA, SCCPDH, LACTB2, ENOPH1",0.00278432464441037,6.726606845855713,1,4,3.2288925647735596,6.981700897216797
2707,KPNA5,"KPNA5, WDR45B, LY6E, AGGF1, VPS13D",0.011445142922129106,10.229084968566895,2,0,-0.20582985877990723,4.47355318069458
2708,ATG2A,"ATG2A, TSSC4, NCK1, RAB7A, TM2D1",0.00032843266052023733,3.6652047634124756,1,6,-0.41864585876464844,7.097588539123535
2709,PPP2R2A,"PPP2R2A, ARIH1, RHOG, RAB6A, MAGED2",0.017352028831485615,6.574568271636963,15,1,-0.1412944793701172,8.417430877685547
2710,FAF1,"FAF1, SEPTIN7, POLD1, ARPC2, GSTK1",0.011856909242781344,14.772722244262695,1,6,-0.35135915875434875,7.7234206199646
2711,ATP5MC1,"ATP5MC1, SLIRP, TAOK3, CDK13, CCNY",0.0011029455017470657,4.789150238037109,15,6,-1.315879464149475,5.796447277069092
2712,PCCA,"PCCA, SMARCA5, PUF60, G3BP1, MAP4",0.015311824752253931,7.098616123199463,6,1,1.960953712463379,8.437973022460938
2713,<SPECIAL>,"<SPECIAL>, TFRC, RPL35A, DIAPH3, CLPTM1L",0.0008803956093945466,72.82231903076172,17,2,-1.2124940156936646,8.802802085876465
2714,SUZ12,"SUZ12, ZNF33A, TOP1, ARL8B, LRPPRC",0.002045106059239448,4.442643165588379,1,6,0.1269761323928833,7.017270088195801
2715,<SPECIAL>,"<SPECIAL>, RPS21, RPL12, RPL8, HMGCS1",0.0009117682814442409,75.34159088134766,8,2,-2.282947301864624,9.022270202636719
2716,RBM3,"RBM3, BBX, FKBP5, TMEM14C, PSRC1",0.004854920999690195,6.878976345062256,11,1,-3.4626989364624023,5.3452911376953125
2717,FBXO33,"FBXO33, ASB1, CASP3, CNOT3, ERLEC1",0.00983631308358072,7.875004291534424,6,8,-3.00655198097229,6.689149856567383
2718,S100PBP,"S100PBP, PEMT, PLCXD1, PNPLA6, RB1CC1",0.010542198204698842,9.506329536437988,1,7,-3.666029930114746,7.875194549560547
2719,BORCS8,"BORCS8, PKM, RBMX, SSNA1, RPA3",0.00047549206075317944,5.746866703033447,14,8,-0.9106637239456177,6.0649824142456055
2720,DPM1,"DPM1, HPS4, CFAP36, PDPK1, SCCPDH",0.005128451484123467,5.698113918304443,13,4,2.851228952407837,6.7215800285339355
2721,BRK1,"BRK1, EIF3H, WSB1, CNBP, TIA1",0.0061921811458084145,10.825458526611328,1,9,-1.1662015914916992,6.521836757659912
2722,WDR70,"WDR70, NDUFB4, PSMB6, TMEM165, CHMP4B",0.0076608143561347295,13.445758819580078,0,9,-1.2979482412338257,5.452989101409912
2723,FOXP4,"FOXP4, ATP5MC2, PRDM4, RTN4, GEMIN4",0.001992164675155589,5.200419902801514,0,0,-1.730474829673767,7.673102855682373
2724,RBM39,"RBM39, VPS13C, PSMA7, ZCCHC7, NDUFA13",0.0024362840638590738,7.044193267822266,0,5,-0.4039526879787445,6.652347564697266
2725,RBM45,"RBM45, TNPO3, G3BP1, SMG8, TXNDC12",0.0083657190812513,8.724529266357422,0,4,3.3729465007781982,6.899575710296631
2726,PPP1R9B,"PPP1R9B, CEP164, SF3B3, PPP4R3A, RITA1",9.11768281444241e-05,2.181278705596924,27,1,1.902342438697815,6.626016139984131
2727,DR1,"DR1, TSR2, CAMLG, IMP3, HIVEP1",0.0003421582045419786,3.468202590942383,4,6,-0.16007082164287567,7.400325775146484
2728,SEC14L1,"SEC14L1, IDI1, KAT6A, PPP1R18, ARF6",0.007002968639092702,7.889906406402588,1,0,-2.258711814880371,8.768107414245605
2729,TTC17,"TTC17, GRSF1, GPATCH8, CTBS, ATG2A",0.005038255051980596,8.408273696899414,14,0,-0.1576598435640335,3.890786647796631
2730,PPP1R12A,"PPP1R12A, CANX, TRIM38, HERC4, CSTB",0.0005137275048137444,3.877725601196289,6,8,-2.2049918174743652,4.579562187194824
2731,PARP14,"PARP14, NCOA6, FAM89B, WASHC3, ERGIC1",0.016481437182106595,12.637638092041016,5,0,0.3134201169013977,4.299542427062988
2732,SIL1,"SIL1, SHOC2, DSG2, SCP2, RC3H2",0.00012352989619567135,2.642719268798828,4,6,-1.1374775171279907,8.503947257995605
2733,ARL6IP4,"ARL6IP4, CLN5, ELK4, RPA1, SETD3",0.007733363660249648,6.874598026275635,2,1,1.967862606048584,6.512750148773193
2734,CIRBP,"CIRBP, CUTA, LIG1, RNPC3, SEC23A",0.00904513351032749,10.98938274383545,2,8,1.6455765962600708,8.237441062927246
2735,TMEM123,"TMEM123, TBL1X, RTF1, C19ORF53, OGA",0.0013617700461570437,4.431639194488525,6,1,-1.680780053138733,8.2880220413208
2736,TRPT1,"TRPT1, CCNL2, FAM89B, PRKAA1, SUGP1",0.018909878077953246,10.642081260681152,0,0,-3.3706555366516113,8.279682159423828
2737,AASDHPPT,"AASDHPPT, PTK7, PACC1, PIGL, MED11",0.00965003784328566,8.944099426269531,0,6,-0.4511583745479584,8.221805572509766
2738,LRPAP1,"LRPAP1, AKAP9, SRSF1, IQGAP1, ADAM10",0.014360840630747572,13.877117156982422,14,7,-2.229795455932617,4.884784698486328
2739,ZUP1,"ZUP1, PAQR3, ABI1, CSDE1, HNRNPU",0.0006558849250389217,4.082297325134277,0,6,-0.7126523852348328,7.486659526824951
2740,PLSCR1,"PLSCR1, EML4, STK38, OSTF1, CDC42SE1",0.01468927329126781,13.643004417419434,0,6,-0.4642636477947235,7.7973551750183105
2741,PEX14,"PEX14, PUM2, BRD2, PRMT3, EMC7",0.019649096663124168,8.766908645629883,0,8,-2.5270180702209473,5.768764495849609
2742,FAIM,"FAIM, CLK3, ZFC3H1, C16ORF87, PDE12",0.00885493668602622,13.348855018615723,0,6,-0.36508169770240784,8.956541061401367
2743,ACTR3,"ACTR3, NR2C2AP, PRIM2, ETFRF1, IRF2BP1",0.0071363024953039035,10.016281127929688,0,8,1.2229526042938232,8.271065711975098
2744,SF3B1,"SF3B1, EIF3M, PDLIM5, ATOX1, ENY2",0.003324522841266044,4.6662187576293945,0,1,2.152139663696289,8.06468677520752
2745,THRA,"THRA, MARF1, TOR1AIP2, IL10RB, PDXK",0.008554935509551017,7.932107925415039,0,6,-1.6830369234085083,8.414985656738281
2746,GRK6,"GRK6, SLC25A36, RB1CC1, STK26, ODF2",0.002972560676708536,4.186248302459717,5,7,-1.7039088010787964,7.104886054992676
2747,ACD,"ACD, LIMK2, EIF2AK1, LTO1, BRIX1",0.008731406789830549,13.566187858581543,3,0,-3.98762845993042,7.485928535461426
2748,ZNF263,"ZNF263, CCAR1, DGUOK, ZNF714, PREB",0.0017774579508154935,3.9091877937316895,0,4,2.6215837001800537,6.115751266479492
2749,DDIAS,"DDIAS, SHARPIN, UNC50, LPIN1, TTC33",0.022092243498994114,6.103087902069092,8,4,2.350346088409424,6.207521438598633
2750,STK40,"STK40, GALK2, HAUS1, FCF1, DENND6A",0.012097106263161817,9.252317428588867,0,1,2.887139081954956,6.339789390563965
2751,JTB,"JTB, C9ORF40, UBQLN4, TIMM29, UCHL5",0.00010098078815995357,3.4622809886932373,8,4,3.6476709842681885,6.430887222290039
2752,NR2C1,"NR2C1, ZNF512, IPO7, PARL, LSM10",0.012179459527292264,14.21468734741211,6,9,-1.4571737051010132,4.664850234985352
2753,OSTF1,"OSTF1, CALM3, UBE2H, ATF7IP, CLSTN1",0.008697092929776195,9.604031562805176,2,9,0.5886732339859009,7.560176372528076
2754,ANAPC15,"ANAPC15, CNPY2, BRD4, POP5, EBPL",7.058851211181221e-05,2.590574264526367,74,0,-2.720325231552124,8.354479789733887
2755,FUT8,"FUT8, CTSC, TAOK3, EDC3, PUS3",0.009312781618751447,14.220541000366211,7,0,-3.6545522212982178,7.026883125305176
2756,ZNF263,"ZNF263, GOLGA1, CENPJ, PRKAA1, EED",0.014081427770304982,7.29533576965332,0,4,3.380291700363159,6.501283645629883
2757,CAMLG,"CAMLG, THAP6, SGK3, SRRM1, AP2M1",0.009248075482648952,7.351193904876709,0,7,1.9331271648406982,7.098418235778809
2758,TAF1,"TAF1, PRKDC, ORC5, BRIX1, MRPL10",0.0005607865128882858,3.933030843734741,8,0,-2.48956036567688,7.874053478240967
2759,SIL1,"SIL1, NUCB1, TMEM208, SHOC2, UBE2R2",0.0016147122145577042,5.345060348510742,13,6,-0.21931158006191254,7.22519063949585
2760,ENTPD6,"ENTPD6, EIF4A3, PRR14L, YARS2, GLUL",0.005521590280746199,6.37952184677124,1,7,0.6253693103790283,6.430715560913086
2761,JPT2,"JPT2, ALKBH7, ESCO2, RUNX1, EFCAB11",0.004789234467586148,7.871738433837891,2,6,-0.380585640668869,7.777069091796875
2762,VPS4B,"VPS4B, ARL8B, CDK5RAP3, MAGED2, AK2",0.0012960835140529963,3.76719069480896,6,8,-0.1904621422290802,6.984662055969238
2763,TM2D3,"TM2D3, RING1, METTL22, NDUFA9, RFXANK",0.0010294158016305947,3.001476764678955,8,7,-2.563920259475708,7.373185634613037
2764,NRDE2,"NRDE2, BTBD2, EYA3, DENND4B, SLC25A16",0.00977356773948133,4.981081962585449,0,8,1.7289608716964722,6.396456241607666
2765,RPL36A,"RPL36A, MBNL2, TBCB, RNASET2, NONO",0.0014186330142471146,14.599251747131348,11,5,0.8021877408027649,4.805798530578613
2766,ZYX,"ZYX, OGT, AP1B1, CUTC, CDIPT",0.0030362864168094776,6.315613746643066,0,6,-0.3583730459213257,6.610172271728516
2767,FOXN2,"FOXN2, CCDC90B, LRCH3, TSR2, SEC62",0.01218142031929537,11.146458625793457,9,6,-1.5414886474609375,8.100630760192871
2768,RPRD2,"RPRD2, TMED10, CMPK1, FAM177A1, BAZ1A",0.008686308573759113,8.562299728393555,16,9,-1.798921823501587,4.379153728485107
2769,MFSD5,"MFSD5, FLCN, GPR107, ELOA, TMEM192",0.01028827564029663,13.32923698425293,9,6,-0.6990199089050293,8.04443359375
2770,NAPG,"NAPG, CERS5, NDUFB4, TSC2, ASNSD1",0.001486280338354268,5.592634677886963,0,7,1.111995816230774,5.823126316070557
2771,NFKBIB,"NFKBIB, ASAH1, CHMP2B, RSBN1, TBCB",0.00020392236832301303,3.695183515548706,0,0,-3.88774037361145,7.301546573638916
2772,ARHGAP19,"ARHGAP19, MRPL36, EIF2D, FBXO5, TRIP13",0.00583139541723693,28.809337615966797,3,3,3.0618040561676025,6.319572448730469
2773,MCUB,"MCUB, ROCK2, PGLS, ETS2, ZFAND2A",0.01711085141510359,7.732941150665283,15,8,-2.2356560230255127,6.656350612640381
2774,HUWE1,"HUWE1, UQCC2, PDCD6IP, NUDT3, RAB14",0.0005696100769022624,3.844069004058838,17,6,-0.5296453833580017,9.100141525268555
2775,THG1L,"THG1L, ARL6IP5, HSBP1, INTS5, DEK",0.007533362875932847,10.220818519592285,0,8,-0.2682184875011444,4.957779407501221
2776,GPAA1,"GPAA1, MTDH, MICAL3, TMX4, KMT2C",0.0023588327797363913,6.034300804138184,0,9,0.23150326311588287,6.497159957885742
2777,TMEM129,"TMEM129, FN3KRP, LAMTOR2, PDE7A, IPP",0.025015784375625003,12.056319236755371,0,9,-2.589724540710449,5.5719380378723145
2778,COX5B,"COX5B, UQCRQ, SSBP1, ATP5MF, PTMS",0.004622567147322146,10.211734771728516,3,9,-1.8742132186889648,4.907186985015869
2779,ACO2,"ACO2, CCDC85B, DMWD, RSRC2, NDUFC1",0.00012352989619567135,2.8138558864593506,67,1,-2.191336154937744,5.307263374328613
2780,USP32,"USP32, CHD6, RALGPS2, TSPAN4, PCMTD1",0.028237365636727987,7.787655353546143,8,1,-0.8508871793746948,8.701372146606445
2781,ZFAND6,"ZFAND6, SHPRH, ANKRD28, PGRMC1, TTC14",0.0015225549904117272,6.401498317718506,11,5,0.49207350611686707,5.857751846313477
2782,CETN2,"CETN2, ECH1, NCKAP5L, RAB9A, EML4",0.013007894148604504,8.947592735290527,13,7,-1.3459845781326294,6.458808898925781
2783,IL10RB,"IL10RB, DENND6A, SMDT1, RREB1, ANKS3",0.009460821414985941,9.493303298950195,4,1,1.5196473598480225,6.0477447509765625
2784,PRDX5,"PRDX5, TACC1, COPG1, TJAP1, PSMA1",0.00045392334871901456,3.4158239364624023,1,0,-2.475869655609131,8.550516128540039
2785,LSM3,"LSM3, HIBADH, DIP2B, PCCA, TSPAN13",0.003437268381444633,5.341780662536621,4,9,-1.657607078552246,5.349557399749756
2786,RPRD2,"RPRD2, PRR13, TMA7, LRRFIP1, ECH1",0.004689234075427747,11.193367004394531,8,7,-2.3418784141540527,5.509153842926025
2787,KLHL7,"KLHL7, FAN1, UBE2W, SLF1, GFOD2",0.02071380672081067,7.201014518737793,0,1,0.6579086780548096,6.470916271209717
2788,TBC1D22A,"TBC1D22A, YAF2, TRIM56, CTSA, PPP1R18",0.027816775752061772,12.476078033447266,7,0,-2.216693639755249,8.20932674407959
2789,ZYG11B,"ZYG11B, SHCBP1, CERS2, SMIM20, RAB11A",0.007876501476476378,5.606157302856445,12,7,-1.53839111328125,6.2772417068481445
2790,SENP6,"SENP6, UQCRFS1, TCEAL9, ROCK2, TMED2",0.0032696206651790793,9.304885864257812,34,6,-0.05745066702365875,8.704713821411133
2791,SEM1,"SEM1, CNOT4, RBBP6, APH1A, HMGB1",0.0009637292695265472,7.014909267425537,0,9,-0.3710847496986389,4.191263675689697
2792,POU2F1,"POU2F1, ZNHIT1, NCOA6, SBDS, SSR3",0.00602747461754752,9.030062675476074,0,8,-2.2520718574523926,4.655155658721924
2793,ZKSCAN1,"ZKSCAN1, POLR3GL, CDK4, RPN1, MICU2",8.039247212734167e-05,3.1439528465270996,66,0,-3.7412469387054443,5.455758571624756
2794,MRPS21,"MRPS21, NFE2L2, PLD3, GATAD2B, PPP2R1A",0.0046902144714293,4.846782684326172,14,1,0.7239205837249756,7.9778523445129395
2795,TAF12,"TAF12, CCDC174, THAP7, CLASRP, TFG",0.0007235322491460751,3.588487148284912,3,9,-0.3856276273727417,7.225378513336182
2796,SMAP1,"SMAP1, ABI1, CLTB, ATXN2, PKM",0.004493154875117158,7.419872760772705,4,7,-2.895524740219116,7.415180206298828
2797,PAAF1,"PAAF1, FAM32A, TMEM101, NFIL3, ISCA2",0.0030755022568715955,9.756372451782227,0,7,-1.8855901956558228,9.191750526428223
2798,ITSN1,"ITSN1, MANF, SF3A2, ACAP2, CD58",0.027993247032341302,12.069499015808105,3,9,0.04269532114267349,7.98586368560791
2799,GMPPA,"GMPPA, VPS33A, CDC6, ACP1, FAM20B",0.00026666771242240167,3.0770368576049805,0,6,2.080518960952759,7.00162410736084
2800,SORBS3,"SORBS3, PEPD, MAX, SLF2, TGIF2",0.007472578323836564,9.307429313659668,0,1,2.2650742530822754,6.730306625366211
2801,SDF2L1,"SDF2L1, MAP4K5, MRPS34, NUCKS1, BAZ1A",0.0027362852403342757,8.767376899719238,15,6,-0.767967700958252,9.171847343444824
2802,UBR3,"UBR3, DRG2, CCDC28A, FTSJ1, ZNF280D",0.018639288781524634,9.806199073791504,0,7,0.17629747092723846,5.272029876708984
2803,SRSF2,"SRSF2, RBM39, AKAP9, KAT6A, MED13",0.0038647210381217182,10.014787673950195,1,7,-3.118018627166748,7.1977338790893555
2804,COMT,"COMT, SNRPE, SRSF4, GPN3, CAPNS1",0.005057862972011655,13.193023681640625,11,6,-0.5011482834815979,7.700246334075928
2805,ALKBH7,"ALKBH7, PPP1CC, MORF4L2, NIPSNAP1, DDX46",9.705920415374178e-05,3.3438496589660645,7,8,-0.47767695784568787,3.9054038524627686
2806,SSBP1,"SSBP1, PCSK7, ZNF280D, PPP2R2A, NARF",0.002525500100000392,4.351040840148926,6,6,-0.36773791909217834,7.460062503814697
2807,COX6B1,"COX6B1, RALGAPA1, CD63, PRDX5, UBXN1",0.008230424433036992,10.521411895751953,2,8,-3.478027105331421,5.100114345550537
2808,TMTC3,"TMTC3, WSB2, HP1BP3, RALA, EXOSC3",0.0013470641061337496,3.842407703399658,1,4,2.223177671432495,7.158975601196289
2809,FGFR1,"FGFR1, BTRC, RABGEF1, TNFRSF1A, SMURF1",0.08368366150455492,11.407247543334961,0,7,-1.8226081132888794,7.090214729309082
2810,RHNO1,"RHNO1, NRBF2, ZC3H8, RPS6KB1, ANKFY1",0.010770630473060679,13.241693496704102,0,9,-1.7062987089157104,4.445960521697998
2811,SLC25A17,"SLC25A17, SMARCA5, ATAD3A, DOHH, KPNA2",0.0010117686736026417,28.113479614257812,4,3,3.6655898094177246,6.323189735412598
2812,ATP6V0D1,"ATP6V0D1, TMEM131L, ZFX, AP3S1, RBIS",0.00719512625539708,9.190775871276855,0,1,0.4767695963382721,7.370537757873535
2813,NIPAL3,"NIPAL3, RIT1, BOD1, EIF2S1, TUBGCP2",0.006699045878611289,9.315604209899902,5,6,0.06764835119247437,4.572811126708984
2814,COG5,"COG5, TRAF4, VBP1, RB1, PTPRA",0.012771618712230244,7.7114458084106445,18,6,-2.1567225456237793,6.298207759857178
2815,AASDH,"AASDH, SELENOO, SEM1, BMI1, POLR3D",0.0014656920223216562,4.826420307159424,2,1,-3.1637752056121826,4.719021797180176
2816,RBM48,"RBM48, HDDC2, MRPL32, CYB5B, PAAF1",0.00031274632449539017,3.3743896484375,48,4,2.965942859649658,7.206071853637695
2817,AP2A2,"AP2A2, C1GALT1, FLNB, RHOC, NUP153",0.00161667300656081,4.421047687530518,36,1,-0.6795300245285034,8.889241218566895
2818,MLST8,"MLST8, ZNF574, GMPPA, REPIN1, PARPBP",8.039247212734167e-05,2.4135615825653076,24,4,2.8734517097473145,6.586177349090576
2819,C2ORF68,"C2ORF68, ZZEF1, PRCP, WDR20, VTI1B",0.013709857685716415,9.184187889099121,11,1,1.4632161855697632,5.83205509185791
2820,PSMA3,"PSMA3, GLOD4, LACTB2, UBE2K, PRPF4B",0.011487299950195883,7.351037502288818,5,1,-1.6745914220809937,6.955639839172363
2821,WDHD1,"WDHD1, UFD1, POLR3K, XRCC2, TMEM97",0.0015745159784940333,12.6931734085083,5,7,-1.5285589694976807,7.076832294464111
2822,DCAF6,"DCAF6, RBM3, XPR1, NPEPPS, NSA2",0.007774540292314872,12.231139183044434,6,9,-1.5033119916915894,5.575503349304199
2823,HM13,"HM13, NUS1, DYNC1I2, ACSL3, NDUFB5",0.0038029560900238826,10.158195495605469,45,6,-0.9095653295516968,8.609440803527832
2824,ARPC5,"ARPC5, MZT2B, SCAND1, GNB2, SYNGR2",0.0023205973356758263,7.129444599151611,8,6,-0.8496237993240356,9.476933479309082
2825,THOC7,"THOC7, CMTR2, ORMDL3, TM9SF2, E4F1",0.0007823560092392519,3.611393451690674,1,8,-1.2684862613677979,5.824201583862305
2826,FASTKD5,"FASTKD5, MFN1, TMEM138, OTUD4, CCDC6",0.003941191926242848,12.509256362915039,11,0,-2.4510674476623535,8.564452171325684
2827,EPHX1,"EPHX1, CWC15, REV3L, CD2BP2, UXT",0.0024725587159165332,6.170749187469482,12,8,-0.0002628620422910899,6.462113380432129
2828,PDSS2,"PDSS2, TFRC, ORC4, MED30, PAK2",2.2549108035717786e-05,4.621898174285889,3,0,-3.011354446411133,6.132869720458984
2829,ALG1,"ALG1, PITPNB, EIF4A3, RBM39, BUB3",0.0025745199000780394,4.3754072189331055,7,1,0.06067926436662674,7.722436428070068
2830,PUM3,"PUM3, SCO2, VPS37B, CCDC25, GABARAPL1",0.015526531476594026,9.019729614257812,0,9,-3.2224440574645996,6.552150726318359
2831,KCTD13,"KCTD13, TIMM23, PSMD5, ZC3H7A, TRIM4",0.015828493445072332,13.304356575012207,0,0,-4.044032573699951,6.729027271270752
2832,WIPI2,"WIPI2, WDR73, TBPL1, MRPL23, SLBP",0.007380421099690587,11.496514320373535,5,7,-2.058098316192627,8.49659538269043
2833,KATNAL1,"KATNAL1, DNAJA3, GMFB, OBI1, TUBGCP3",0.02187067400264315,9.385090827941895,0,1,0.871959924697876,6.862015724182129
2834,HNRNPA0,"HNRNPA0, ATP1B3, PHF21A, MFSD3, EZR",0.007079439527213832,15.446634292602539,1,0,-2.895864248275757,7.13067626953125
2835,MAGT1,"MAGT1, TOR1AIP1, POGZ, MR1, CTBS",0.006589241526437359,10.496179580688477,4,5,1.1751036643981934,4.818713665008545
2836,KMT5A,"KMT5A, SH2B1, SLC9B2, MFSD8, CENPW",0.004935313471817537,11.682740211486816,0,5,3.4729552268981934,5.2856645584106445
2837,CD63,"CD63, CDK17, BTG1, ATRX, POU2F1",0.00944023309895333,4.937613010406494,6,1,0.9415591955184937,8.209816932678223
2838,KLHL18,"KLHL18, CORO1C, PINX1, POLR3K, SMIM7",0.0005823552249224507,4.181882858276367,0,4,3.2780773639678955,6.823056221008301
2839,DCTPP1,"DCTPP1, SHLD2, POLR3K, RNF34, INTS12",0.004473546955086098,5.020925045013428,0,0,-1.5809530019760132,6.088758945465088
2840,PHIP,"PHIP, IGF1R, CDKAL1, GLG1, COX10",0.0067010066706143945,7.6520233154296875,24,9,-0.3779980540275574,5.391307830810547
2841,TBCA,"TBCA, PTMS, TPI1, TMBIM6, CDCA3",0.002271577535598179,7.667895793914795,1,9,-0.8488868474960327,5.009615898132324
2842,FDX2,"FDX2, UBE2B, GHITM, ENSA, WDR70",0.0016421633026011866,6.629427433013916,1,5,1.1290218830108643,6.222149848937988
2843,SNRPD1,"SNRPD1, VPS13C, PTTG1, PICALM, ARHGEF12",0.006248063717896933,12.527874946594238,35,6,-1.4410688877105713,8.346179008483887
2844,NCOA2,"NCOA2, CFLAR, NECAP1, PDXK, NAGK",0.011442201734124448,5.990898609161377,8,8,-1.4293346405029297,6.985660076141357
2845,ASAH1,"ASAH1, BPNT1, TAX1BP1, TAOK3, LRPAP1",0.008728465601825889,13.221665382385254,0,8,-2.3236823081970215,5.38497257232666
2846,NTAN1,"NTAN1, PIP4P2, PAXX, DLST, RPAP2",0.0038264855940611533,4.814900875091553,3,1,0.4581335484981537,7.713095188140869
2847,MCOLN1,"MCOLN1, TOR2A, THAP6, AGPAT5, USF3",0.00351275887356421,5.813417434692383,0,6,-0.1963883340358734,6.812556743621826
2848,N4BP2,"N4BP2, GID8, BCAT1, RHOA, CENPF",0.0035666806536496223,8.483338356018066,0,0,-2.766045331954956,8.872488021850586
2849,DDX55,"DDX55, ZNF195, GSTK1, BRK1, E4F1",0.005916689869372037,14.38110637664795,0,0,-2.707124710083008,6.539187431335449
2850,ELL,"ELL, DLST, MAPK3, SOAT1, EXOSC4",0.0004941195847826854,3.855196475982666,3,1,-1.6451550722122192,8.83640193939209
2851,DLGAP5,"DLGAP5, EXOC2, NSD2, GOLGA1, BCL10",0.018767720657728068,9.207385063171387,1,9,-2.0002999305725098,5.087224006652832
2852,SNTB2,"SNTB2, LSM4, CDKN3, C4ORF3, PET100",0.0032774638331915028,8.531033515930176,0,6,-0.7734614610671997,8.899398803710938
2853,MRPS22,"MRPS22, NIFK, UBXN8, WIPI2, NUP42",0.01411378083835623,8.932865142822266,0,1,0.7523115873336792,6.6574530601501465
2854,PIGF,"PIGF, INO80C, SAP30, PCM1, SEC23B",0.006030415805552179,8.025158882141113,0,0,-2.483778715133667,7.545140266418457
2855,DSTN,"DSTN, CSDE1, ARHGEF12, UQCRB, ACY1",0.005369628900505492,8.579093933105469,10,7,-0.7090710401535034,9.358899116516113
2856,BBX,"BBX, CNP, RABAC1, TAF1, TOR1AIP1",0.008617680853650406,8.362743377685547,0,1,0.5807912349700928,6.775521755218506
2857,NUCB1,"NUCB1, EHMT1, ACBD6, ARPP19, TNPO1",0.00047549206075317944,5.475227355957031,4,7,-0.3871487081050873,8.335013389587402
2858,TNRC6A,"TNRC6A, PPIA, SUMO2, PCBP1, ATP6V1G1",0.0004627469127329911,9.89671516418457,8,5,2.742145538330078,7.262805461883545
2859,RAMAC,"RAMAC, TLE3, DALRD3, IER3IP1, PI4KB",0.011471613614171036,6.7609782218933105,0,1,0.889346718788147,6.447405815124512
2860,DTNBP1,"DTNBP1, DTD1, MIPEP, MAF1, BRWD3",0.00023529504037270735,3.1202728748321533,1,7,-0.8423647284507751,6.2038984298706055
2861,MAN2C1,"MAN2C1, ZNHIT2, TRIM41, MRPL10, FAM98C",0.004250016666732026,7.422454357147217,2,0,1.7217164039611816,5.870773792266846
2862,LTV1,"LTV1, CCDC34, RRP1B, SURF6, FH",6.960811611025925e-05,4.079442977905273,8,6,2.7222156524658203,7.0531744956970215
2863,PRDM2,"PRDM2, TRIM44, NFE2L3, PMVK, XPR1",0.0047313911034945234,6.121373176574707,1,7,-2.5039892196655273,7.019840717315674
2864,YIPF1,"YIPF1, SNRK, CWF19L1, USP5, PIP5K1C",0.005746100965101824,6.882688522338867,0,0,1.04656982421875,5.415572643280029
2865,HIF1A,"HIF1A, SNX9, KIAA0232, RUNX1, ELOVL5",0.02147263322601265,11.5382080078125,9,8,-3.638371467590332,5.163331508636475
2866,TBRG4,"TBRG4, USB1, YTHDC1, ZNF830, TNFRSF1A",0.012905932964442998,10.430524826049805,3,0,-2.790800094604492,7.261346817016602
2867,SFPQ,"SFPQ, RBBP4, METAP2, YWHAQ, PCNP",0.009720626355397471,6.6984992027282715,13,1,1.908333420753479,8.480213165283203
2868,RILPL2,"RILPL2, LRRFIP2, ROMO1, VPS13C, ACACA",0.025788336424848724,12.176628112792969,1,6,-0.017259927466511726,8.68081283569336
2869,SRPRB,"SRPRB, PHB2, BZW2, CLPP, COA5",0.0009686312495343119,3.778763771057129,45,1,0.29054853320121765,7.275937080383301
2870,RALGDS,"RALGDS, VTI1B, RP9, NPM3, AGL",0.014401036866811242,13.649002075195312,0,6,0.0502350851893425,8.859551429748535
2871,ZFP36L2,"ZFP36L2, QKI, PSAP, MT-ND1, SUB1",0.0012039262899070193,13.96229076385498,9,5,0.09766023606061935,3.5827295780181885
2872,KAT6A,"KAT6A, NRM, RETREG2, ARHGEF2, CD46",0.01404123153424131,8.299641609191895,1,1,2.489224672317505,6.96156120300293
2873,PFDN2,"PFDN2, CMTM6, TAF1D, TMED5, MRPL12",6.274534409938863e-05,2.8494911193847656,5,0,-0.05440117046236992,5.039853096008301
2874,NUP88,"NUP88, ATPAF1, SIKE1, HAUS6, ATG2A",0.004229428350699414,13.668802261352539,3,6,-1.7141838073730469,8.554070472717285
2875,TNRC6A,"TNRC6A, MBNL2, ARPC5, RPS27L, STMN1",0.0006754928450699807,10.69050407409668,6,5,-0.7494915127754211,3.882256269454956
2876,CDK9,"CDK9, SCARB1, CKAP2, ANKRD39, KMT5A",0.00401178043835466,5.237406253814697,8,4,3.44492506980896,6.518285274505615
2877,CDC73,"CDC73, MIA3, CEP57L1, BANF1, COX20",0.01172553617857325,6.553843021392822,14,4,1.4921735525131226,7.1995954513549805
2878,USP4,"USP4, WDR45, SHARPIN, BOD1, BRD3",0.009821607143557426,10.669175148010254,12,1,2.2066121101379395,5.818000793457031
2879,IFT20,"IFT20, AQR, ZNF207, UXT, MYH10",0.002807854148447641,8.730501174926758,0,8,-2.5234479904174805,5.061777114868164
2880,NEK7,"NEK7, PDSS2, CDKN2AIP, FAM193A, PHF1",0.008978466582221891,8.143383979797363,0,7,0.6370843052864075,6.233719825744629
2881,MCCC2,"MCCC2, CDC34, MAP3K2, EHMT1, BRCA1",0.0027392264283389346,7.073497772216797,19,7,-1.9777716398239136,7.763186454772949
2882,MDM4,"MDM4, PIBF1, NPTN, MPC2, EIF4H",0.016991243102914128,9.399261474609375,15,6,-0.8079953789710999,7.872917175292969
2883,CDC42SE2,"CDC42SE2, RRBP1, PDIA3, CDV3, ZNF638",0.008765720649884902,11.13122272491455,18,9,-2.169917345046997,4.413161754608154
2884,TRIM26,"TRIM26, HMBS, ARFIP2, SLC30A5, TRIM41",0.01667849677841874,11.491847038269043,0,0,-3.4261865615844727,5.7265753746032715
2885,FBRS,"FBRS, NUDT4, MARF1, PGRMC2, SNW1",0.0056804144329977765,6.354697227478027,22,1,0.6828871965408325,6.4206109046936035
2886,ANKRD36C,"ANKRD36C, GSE1, ATOX1, COX14, LASP1",0.004952960599845489,5.318957805633545,24,9,-1.0815904140472412,6.71393346786499
2887,COMMD4,"COMMD4, CCT7, SMURF2, ZBTB40, TTC1",8.137286812889462e-05,2.4781317710876465,14,8,-0.7368932962417603,8.909936904907227
2888,GOLGB1,"GOLGB1, GNAI2, NENF, VMP1, ATM",0.01696085082686599,5.380589962005615,36,1,1.2486653327941895,8.082650184631348
2889,CDCA2,"CDCA2, CPSF1, LIAS, ESCO1, TMEM219",0.006359828862073969,10.392251968383789,26,9,-1.957338571548462,4.995136737823486
2890,BRIX1,"BRIX1, SMIM20, TMEM183A, EPM2AIP1, DDX1",0.007167675167353597,9.82165241241455,3,4,2.340364694595337,7.850029468536377
2891,SCAMP3,"SCAMP3, ADIPOR1, TRMT1, TXNRD1, NUMA1",0.00045294295271746163,3.870502233505249,7,8,-2.1073532104492188,5.847242832183838
2892,N6AMT1,"N6AMT1, NFE2L3, HIKESHI, ASL, ARHGAP11A",1.7647128027953052e-05,2.0065114498138428,0,7,2.21545672416687,6.518787860870361
2893,AARSD1,"AARSD1, NDUFAF5, ALDH18A1, LPIN2, ATF6",0.00022843226836183672,3.0865261554718018,0,9,0.09538712352514267,6.628731727600098
2894,BACH1,"BACH1, EZR, GSTM3, XRCC5, LY6E",0.005914729077368931,6.753083229064941,2,8,-0.17941224575042725,4.349171161651611
2895,MSI2,"MSI2, ABHD14B, PDE7A, PKN2, SHPRH",0.02555010019647136,9.131760597229004,6,0,-3.887821674346924,6.60313081741333
2896,PSME2,"PSME2, SMARCAL1, CHD9, USP15, SRSF7",0.004486292103106287,7.2325849533081055,7,0,-3.7849345207214355,5.799544811248779
2897,AKAP9,"AKAP9, SH3GLB1, KMT2C, TNPO1, PLP2",0.006506888262306911,5.166918754577637,5,1,-2.8646132946014404,7.499948501586914
2898,UCK1,"UCK1, NOM1, FAM210A, HINT3, LRWD1",0.004238251914713391,6.005851745605469,2,1,0.1826208233833313,6.921578884124756
2899,ACAP2,"ACAP2, UBE2I, KDELR2, MDH2, ANKRD28",0.0013627504421585967,5.183413028717041,25,9,-1.84920334815979,5.3190016746521
2900,HARS2,"HARS2, MCEE, MARCKSL1, DNAJC17, COQ2",0.0007127478931289926,3.694049835205078,0,8,-1.0170270204544067,5.255173206329346
2901,LEMD3,"LEMD3, FHOD1, SP1, FAM162A, MESD",0.0031666790850160198,4.475622177124023,2,7,1.3688549995422363,6.7524542808532715
2902,SLC20A2,"SLC20A2, EML4, CHD2, CNPY2, ATOX1",0.007391205455707669,6.691885948181152,9,9,-1.047438383102417,5.625239372253418
2903,ZFP36L1,"ZFP36L1, SRP14, DIS3, EEF1B2, MECP2",0.0019951058631602478,3.988151788711548,4,1,-1.7950758934020996,8.883352279663086
2904,TRMT10C,"TRMT10C, BLOC1S4, PSPC1, SLC30A7, CYB5A",0.003444131153455504,5.675044536590576,10,0,-1.7129952907562256,6.848043441772461
2905,PPCS,"PPCS, ORC3, ATP11A, CGGBP1, C9ORF78",0.0021804007074537547,5.402894973754883,2,6,-0.17723803222179413,8.150566101074219
2906,FAM76B,"FAM76B, GK5, DHFR, GOLT1B, SMIM7",0.0005901983929348742,3.488352060317993,3,1,-2.3905394077301025,7.7004570960998535
2907,ARL1,"ARL1, NQO2, SPTY2D1, CCNT1, HPS5",0.007386303475699905,10.847692489624023,3,0,-2.4284205436706543,8.850802421569824
2908,FAU,"FAU, RPL9, RPL24, RPL18, EIF1",5.686296809007094e-05,3.3431460857391357,0,5,-2.529435157775879,4.471269130706787
2909,TFDP2,"TFDP2, MCUB, TSPAN4, FKBP8, NDUFA11",0.0016274573625778925,5.088358402252197,13,6,-0.7081913352012634,7.911743640899658
2910,RIT1,"RIT1, USF2, CABIN1, ALMS1, UBE2Q2",0.0047402146675085,9.12214469909668,0,1,0.7339041233062744,6.775350570678711
2911,CASP8AP2,"CASP8AP2, E2F6, BMS1, MECR, DCP2",0.00046764889274075586,13.681601524353027,23,3,4.035318374633789,6.130105495452881
2912,SH3GLB1,"SH3GLB1, PMM1, STXBP4, UBE2E3, VPS41",0.008129443644877039,5.710849761962891,0,1,0.25804927945137024,6.8757758140563965
2913,EAPP,"EAPP, ARID4B, MYC, TXNRD1, TMOD3",9.901999615684768e-05,4.031702518463135,49,8,-3.6017677783966064,5.573633670806885
2914,RBM48,"RBM48, PEX1, XRCC1, GMPPA, MFSD12",0.010836317005164726,8.383352279663086,7,7,-1.7630635499954224,9.202393531799316
2915,SEC62,"SEC62, RER1, MICOS13, MED10, BIRC6",0.0008068659092780756,4.809291362762451,3,9,-1.7102687358856201,4.408675193786621
2916,NIT2,"NIT2, RPL10A, ERCC5, EIF2B5, NAGPA",3.333346405280021e-05,2.4661002159118652,9,8,-3.0166401863098145,5.692520618438721
2917,NEU1,"NEU1, POLR2G, HIBADH, CENPV, SURF1",0.009864744567625755,6.3811798095703125,13,1,1.5112611055374146,6.186257839202881
2918,MAP2K2,"MAP2K2, ANKHD1, VPS37B, USP11, PAPSS1",0.007299048231561692,10.261441230773926,1,9,-0.05701187252998352,5.587501049041748
2919,KTN1,"KTN1, ARPC1B, SPTAN1, PCBP2, NLE1",0.008278463837113087,13.280901908874512,0,6,-0.47162923216819763,6.852091312408447
2920,FBXO45,"FBXO45, SLC38A7, PPIB, PLK4, FBXL6",0.006957870423021267,6.596741199493408,3,1,-0.7361426949501038,8.074368476867676
2921,MAN1A2,"MAN1A2, ECH1, SND1, RESF1, CAMTA1",0.011451025298138424,16.086368560791016,27,0,-3.939889430999756,6.178012371063232
2922,NDUFA4,"NDUFA4, HERPUD2, COA7, ACTN1, CIB1",0.0023156953556680614,3.8765597343444824,0,1,-0.940812349319458,9.070273399353027
2923,ARL14EP,"ARL14EP, SELENOI, STX18, TMX1, PEX16",0.01146965282216793,16.657943725585938,0,9,-0.7362133264541626,6.680719375610352
2924,ATP5PD,"ATP5PD, CFLAR, NCOA2, FKBP5, YWHAZ",6.176494809783567e-05,4.135123252868652,35,5,-2.1576178073883057,8.805727005004883
2925,HDAC1,"HDAC1, COPZ1, PRELID3B, CLTB, TRMT11",0.005030411883968172,7.9950032234191895,49,8,-3.6310269832611084,5.186603546142578
2926,CYB5B,"CYB5B, G3BP2, NDUFA1, C4ORF3, ADAR",0.00329315016921635,11.056591987609863,33,9,-2.1143264770507812,4.720987319946289
2927,CIAO2B,"CIAO2B, NDUFB3, MIS18BP1, PPP1CB, NUCB2",0.000408825132647579,3.110363721847534,4,6,-0.5541886687278748,6.39660120010376
2928,TOLLIP,"TOLLIP, PIP4P2, MAPK3, COX6B1, PEX14",0.009897097635677003,8.536550521850586,2,7,-0.5139610171318054,4.688718795776367
2929,AIFM1,"AIFM1, MAT2B, DGAT1, RIOK2, PBRM1",0.006717673402640794,10.57266616821289,22,7,-1.1477895975112915,9.37646770477295
2930,RPS6KB2,"RPS6KB2, CAST, ANAPC11, NDUFAF7, ADK",9.705920415374178e-05,2.8634045124053955,4,8,-2.1679670810699463,4.389291763305664
2931,IRF3,"IRF3, EIF3L, TJP2, COPS9, TNFAIP8L1",0.01147259401017259,7.867885589599609,0,7,1.4708430767059326,6.131590843200684
2932,EEF1E1,"EEF1E1, ATG12, ENDOG, DDX31, HDAC1",5.490217608696505e-05,2.346986770629883,17,1,2.629762887954712,6.878171920776367
2933,GSTK1,"GSTK1, RWDD1, ATP6V0C, RBPJ, NME1",0.0023656955517472617,7.148017406463623,0,9,-2.5001537799835205,5.665492057800293
2934,MTHFD2L,"MTHFD2L, EDEM3, IRGQ, ENOPH1, NUP35",0.018729485213667504,9.115398406982422,0,4,3.182166337966919,6.810077667236328
2935,ADAR,"ADAR, PPP1R12A, KLC1, MRPL51, CANX",0.0005029431487966619,5.756714820861816,4,5,2.002321720123291,5.887603282928467
2936,VPS37B,"VPS37B, EBPL, UBE2V2, PCNX4, RMDN1",0.0027813834564057115,4.9634013175964355,2,6,-0.796428382396698,7.24526834487915
2937,SIRT2,"SIRT2, ADD1, TNRC6A, TULP4, PRKD2",0.005627473048913917,8.562172889709473,5,5,0.23336787521839142,4.951168537139893
2938,CDK10,"CDK10, KCTD5, BAZ1A, KDM3B, PMM2",0.004664724175388923,6.110413551330566,2,4,2.566222906112671,6.970126152038574
2939,EIF3G,"EIF3G, ST13, ZYX, KPNB1, SELENOT",0.009036309946313515,13.774571418762207,11,7,-3.09812331199646,6.803522109985352
2940,SLC25A36,"SLC25A36, WDR1, MAP2K1, RRBP1, SPG21",0.012228479327369911,10.644418716430664,1,8,-3.6293230056762695,5.317109107971191
2941,ZNF292,"ZNF292, ANAPC11, SHKBP1, SIAH2, LUC7L3",0.00717845952337068,6.638371467590332,5,1,1.6834237575531006,5.910459041595459
2942,TRNT1,"TRNT1, NDUFA5, VMP1, PUF60, ANP32B",0.0039264859862195535,12.517683982849121,6,8,-3.14066219329834,5.245279312133789
2943,FUCA1,"FUCA1, OSTF1, LRRC58, ZBTB24, RPA1",0.010118667132027968,10.412223815917969,0,6,-0.7787452340126038,4.305436134338379
2944,BCAP29,"BCAP29, PSMB4, CHTOP, SMG9, MRPL44",0.0049519802038439364,9.673334121704102,1,4,3.41776180267334,6.932822227478027
2945,GRB2,"GRB2, STARD3NL, SLC38A6, CHMP2A, JARID2",0.0006431397770187334,3.86417555809021,22,7,-3.6001503467559814,7.56454610824585
2946,ERBIN,"ERBIN, LEPROTL1, MAPK8, NCOR1, RAB3GAP1",0.031201102749422546,12.441428184509277,5,9,0.25912684202194214,7.896090507507324
2947,PAFAH1B1,"PAFAH1B1, MFSD4B, ZNF430, TTC19, FBXL6",0.003128443640955455,6.0085272789001465,0,9,-2.345944881439209,5.659347057342529
2948,FAM3C,"FAM3C, PEF1, CDK10, SURF2, RPS6KA3",0.015458884152486873,14.464988708496094,0,9,-2.2167282104492188,5.526292324066162
2949,HSPH1,"HSPH1, ARL4A, TUT4, NKAP, ST13",0.006697085086608183,13.297383308410645,22,8,-3.447618007659912,5.24526309967041
2950,TRMT13,"TRMT13, UBLCP1, VPS41, CHD3, TLNRD1",6.568653210404746e-05,2.3459582328796387,0,8,-2.9687440395355225,6.566861152648926
2951,UNG,"UNG, INTS8, NUP133, CSDE1, PRPF39",0.006620614198487053,12.851024627685547,10,8,-3.685399293899536,5.362704277038574
2952,SAP18,"SAP18, RBM25, ATP6V1G1, METTL4, STK4",0.010642198596857243,12.394933700561523,18,6,-0.24609598517417908,8.068975448608398
2953,FXR1,"FXR1, KIF3A, C19ORF53, HSP90AB1, ECSIT",5.39217800854121e-05,3.3975064754486084,5,6,-0.853847861289978,8.340502738952637
2954,SZT2,"SZT2, TSC22D2, YIPF2, PSMB1, PPFIA1",0.006672575186569359,6.833073616027832,10,1,2.599364757537842,6.15776252746582
2955,LYRM1,"LYRM1, TMEM38B, NCBP1, IRF3, EXOSC9",0.013157894736842105,12.038653373718262,1,6,-0.6142954230308533,8.569191932678223
2956,<SPECIAL>,"<SPECIAL>, LAPTM4B, ZMYND19, TRMT112, ABCE1",0.0009166702614520057,73.77933502197266,1,2,-1.0908156633377075,6.194515705108643
2957,ARL17A,"ARL17A, FAF1, FAM114A2, CCDC92, STK35",0.01364809273761858,9.117838859558105,2,9,0.31851017475128174,5.160144329071045
2958,POLR2J3,"POLR2J3, CTNNB1, TMEM106C, YIPF6, ADI1",0.0005431393848603328,4.593937873840332,17,0,-2.1932623386383057,8.211321830749512
2959,ETFRF1,"ETFRF1, YDJC, PSENEN, EAPP, ATAD1",4.705900807454147e-05,2.865997076034546,3,8,-3.005293369293213,7.058568477630615
2960,NFE2L3,"NFE2L3, ORMDL1, UNC45A, LENG8, UBXN2B",0.0001803928642857423,2.595777988433838,0,0,-2.6417245864868164,7.782404899597168
2961,TFIP11,"TFIP11, ECSIT, MPHOSPH6, SLC11A2, SMIM29",0.011417691834085624,12.059353828430176,2,6,-1.8068264722824097,8.501516342163086
2962,TSR2,"TSR2, JMJD6, IMPDH2, SON, PRDX4",0.00018333405229040115,2.8225860595703125,12,0,-1.053430199623108,8.770610809326172
2963,CUTC,"CUTC, FADS1, CSTF2, CDC25A, NUP37",2.843148404503547e-05,2.167243480682373,20,4,3.497483730316162,6.876384258270264
2964,DDT,"DDT, FANCG, RAD21, ILK, GALK1",0.017442225263628486,11.766002655029297,5,8,-1.5546454191207886,6.1821513175964355
2965,DDX46,"DDX46, IDH2, NME2, PPP1CC, PRRC2C",0.00044902136871124987,6.882925033569336,4,5,-2.299948215484619,4.5367865562438965
2966,NRBP1,"NRBP1, MICOS13, SDHA, BAZ1A, RICTOR",0.003737269557919835,5.054690837860107,2,0,-2.8523237705230713,8.380331039428711
2967,DRAP1,"DRAP1, PSMB6, UBXN4, GNPTAB, TSPYL1",9.019643214287114e-05,3.0216715335845947,0,7,-1.4693307876586914,7.529379844665527
2968,FAN1,"FAN1, BRMS1L, TRIP11, MARK3, NFE2L2",0.005118647524107938,7.279989719390869,6,7,0.12618258595466614,6.80478048324585
2969,RAD21,"RAD21, YWHAB, YIPF3, RNF149, SH3GLB1",0.0022784403076090494,4.138566017150879,2,0,-1.7029235363006592,7.850228786468506
2970,SOD1,"SOD1, CCNB1, CCNL1, METTL5, HNRNPC",0.00727159714351821,11.386335372924805,6,8,-3.45491886138916,5.265791416168213
2971,<SPECIAL>,"<SPECIAL>, ZMYND19, SRM, RPS8, SLC20A1",0.0009941215455746884,73.68856811523438,0,2,-0.2821662425994873,8.070111274719238
2972,TNFAIP8L1,"TNFAIP8L1, LSM7, NSRP1, SLC3A2, UXS1",0.005051980596002337,6.940250873565674,3,1,1.6396219730377197,6.986263275146484
2973,PSMD8,"PSMD8, OTULIN, PEAK1, ATP6V1G1, D2HGDH",0.000614708292973698,3.458436965942383,2,7,-3.428852081298828,7.0286173820495605
2974,SERP1,"SERP1, RBM6, RSRP1, RNF130, BSG",0.001968635171118318,5.36140251159668,2,6,-0.898473858833313,7.387889385223389
2975,MFSD5,"MFSD5, SLC20A2, CNP, MCOLN1, MAPK9",0.010147098616073004,9.505727767944336,0,8,0.7799286842346191,5.250001430511475
2976,SMIM29,"SMIM29, ZBTB37, EIF3G, ARL1, CEBPG",7.941207612578873e-05,2.385155439376831,0,7,-0.5130817890167236,9.262216567993164
2977,SUPT5H,"SUPT5H, PPIB, GNG10, PCLAF, ATP5ME",0.004160800630590708,12.957442283630371,2,0,-2.951122283935547,7.090266227722168
2978,GCSH,"GCSH, FKBP3, RBM8A, ZCCHC17, MAPK6",0.0012676520300079607,4.7667717933654785,0,6,0.45194581151008606,4.723052501678467
2979,PSMD11,"PSMD11, COPB1, WDR41, ZNF3, UCHL5",0.009918666347711167,6.984107494354248,8,8,-2.7968621253967285,4.522256374359131
2980,SENP6,"SENP6, PRXL2A, ATP6V1H, NAPA, FKBP14",0.025039313879662274,11.022954940795898,1,9,-2.591787815093994,5.680974960327148
2981,TULP4,"TULP4, RTRAF, ARGLU1, AGTRAP, CLIP1",0.006905909434938961,12.403743743896484,17,8,-1.9284194707870483,5.530218124389648
2982,RNF13,"RNF13, XBP1, RPRD2, ATP5ME, MYH9",0.008058855132765226,14.075921058654785,54,6,-2.2324488162994385,8.228979110717773
2983,WDR73,"WDR73, DDX41, OXA1L, CEP162, EDRF1",0.00022941266436338965,3.703604221343994,1,0,-1.7861658334732056,6.90288782119751
2984,COG1,"COG1, AGPAT2, ZBTB41, PDSS2, MTRES1",0.01259416703594916,8.87496280670166,1,1,0.7943438291549683,5.029303550720215
2985,PFAS,"PFAS, MOB1A, RBIS, ATG12, SEPTIN9",0.010393178012462794,4.4626288414001465,6,1,-0.9523904323577881,5.881764888763428
2986,COMTD1,"COMTD1, EXOSC4, REX1BD, MOB1A, BAZ1A",0.001131376985792101,7.749603271484375,6,6,-1.5548690557479858,7.626395225524902
2987,SLC39A6,"SLC39A6, CBX4, YIPF6, CCNK, XAB2",0.004079427762461813,7.841538429260254,0,1,0.968997597694397,5.997177600860596
2988,PSME2,"PSME2, ABCC4, UBALD2, NDUFB11, LMO4",0.0031843262130439726,8.75387954711914,1,9,-2.3318960666656494,4.313433647155762
2989,SEPHS1,"SEPHS1, MRPL36, TUG1, FBXO5, ARHGAP19",0.005703943937035047,30.31081199645996,3,3,3.6085805892944336,6.115085601806641
2990,RPS27L,"RPS27L, SAFB, COPB1, CHCHD1, MPV17L2",0.00014607900423138913,3.5068323612213135,26,1,-0.08528221398591995,8.086775779724121
2991,NGDN,"NGDN, CCDC6, EPC1, ATP5F1C, SPTAN1",0.0018529484429350702,4.676180839538574,3,9,-0.49717453122138977,7.412105560302734
2992,CACYBP,"CACYBP, HNRNPAB, CDK7, DUSP12, ATPAF2",0.01470594002329421,12.568347930908203,0,1,2.1391451358795166,8.28048324584961
2993,SLC2A1,"SLC2A1, USP24, SKIL, TRABD, TM2D1",0.0018009874548527642,5.872847080230713,2,6,-0.37198302149772644,6.448622703552246
2994,ACBD6,"ACBD6, TNPO1, DHX36, PRR13, PPHLN1",0.00606080808160032,8.17245864868164,3,1,-2.666177272796631,7.240689277648926
2995,NDUFAF1,"NDUFAF1, MRPL44, CUL2, MTA1, STAM",0.008748073521856949,12.824060440063477,3,4,3.169279098510742,6.636343002319336
2996,SEPHS2,"SEPHS2, MTX1, MTCH2, PPIL2, KLHDC10",2.843148404503547e-05,2.2641592025756836,0,9,3.6565065383911133,6.124185562133789
2997,RPS7,"RPS7, DDT, IFITM2, RPS16, PDCD6IP",0.00016960850826865987,3.238781213760376,0,5,-0.7372870445251465,9.318526268005371
2998,POLA1,"POLA1, SLC35E3, ARL5B, THRA, STARD3NL",0.0061117886736810735,5.760804176330566,0,1,-1.9450452327728271,8.164602279663086
2999,LRRC47,"LRRC47, SLC4A2, WASHC2C, EXOC7, LPCAT3",0.016358887681912477,8.879097938537598,0,7,-2.785940408706665,6.661842346191406
3000,HERC4,"HERC4, TSC22D1, NUCKS1, TERF2IP, GPBP1",0.006621594594488606,12.835439682006836,4,6,-0.3283144235610962,8.263839721679688
3001,MED13L,"MED13L, EIF4A1, COX7A2, SNRPD2, DSTN",0.005760806905125118,11.988932609558105,8,0,-1.4938266277313232,7.500013828277588
3002,MORC2,"MORC2, SUGP1, CENPN, DLST, SF3B5",0.0017205949827254225,5.089193820953369,0,6,-1.186102271080017,7.616832733154297
3003,TONSL,"TONSL, SLC38A7, FBXW9, OXSM, PDSS1",0.0279246193122326,10.488627433776855,0,1,0.6568719744682312,6.720282554626465
3004,ARAF,"ARAF, ANKRD13A, SPIN1, THRA, PHAX",0.002943148796661948,7.324827194213867,3,7,-1.3504879474639893,7.006284713745117
3005,MAGOHB,"MAGOHB, CENPE, RNF141, ASCC3, JOSD1",0.011537300146275083,12.104578018188477,8,9,-2.7114064693450928,5.956857204437256
3006,GRWD1,"GRWD1, HMGCL, VCPIP1, DPH2, STIM1",0.01465005745120569,8.145878791809082,0,8,-2.5315632820129395,5.250689506530762
3007,PTS,"PTS, ZCCHC17, GATAD1, EXOC1, KEAP1",0.000352942560559061,3.221162796020508,0,6,-0.7515416145324707,8.05700397491455
3008,BLOC1S1,"BLOC1S1, MED30, ZFYVE9, RBIS, CEP70",0.015033392287812893,9.899200439453125,5,1,2.286701202392578,6.784460544586182
3009,ZSWIM8,"ZSWIM8, ORC6, TBC1D9B, C4ORF46, FN3KRP",0.00044902136871124987,3.9568538665771484,6,7,2.018557071685791,6.630249500274658
3010,SCAF11,"SCAF11, POU2F1, COQ10B, MRPS21, WDR26",0.0005186294848215091,4.341424942016602,2,8,-2.0736887454986572,4.466227054595947
3011,GKAP1,"GKAP1, ATG13, HMG20A, PPM1D, PPID",0.0022058910034941314,7.153769493103027,0,7,-2.54974365234375,7.773248672485352
3012,NCOR2,"NCOR2, NECAP2, ABCB7, TAF9B, ZSWIM8",0.005411785928572269,6.768017768859863,6,7,-3.2566449642181396,7.952314376831055
3013,TCF7L2,"TCF7L2, PJA2, FAM13B, DHRS7, MAN1A2",0.0012549068819877726,8.255784034729004,6,5,-0.8349167108535767,6.019479274749756
3014,HERPUD1,"HERPUD1, CTSB, SLC25A6, SARAF, RPSA",0.0016980458746897046,16.07680892944336,96,5,0.3060431182384491,3.511584758758545
3015,TGIF2,"TGIF2, RAF1, CHP1, DBNDD2, SIVA1",0.006279436389946627,5.932695388793945,9,1,2.0645859241485596,6.683138370513916
3016,LMBRD1,"LMBRD1, PGGT1B, VGLL4, CHD2, MRPL14",0.004606880811297299,6.967232704162598,2,8,-0.8261786699295044,6.100612640380859
3017,SSH2,"SSH2, EIF3H, ARHGAP35, FDXR, PIP4P2",2.2549108035717786e-05,2.767529010772705,3,7,3.1021411418914795,6.8624138832092285
3018,ARPC4,"ARPC4, SLC35F2, TMED10, BRWD1, ABRACL",0.0064157114341624865,3.958524465560913,13,1,0.6614389419555664,8.321321487426758
3019,THAP1,"THAP1, LEMD3, PPP2R2D, NRM, ZNF664",0.012935344844489586,12.205737113952637,0,7,0.943872332572937,4.90817403793335
3020,MCUB,"MCUB, TFDP2, SSR3, PLD3, ATP5MC3",0.0012411813379660313,9.447739601135254,1,5,2.66365385055542,5.802036285400391
3021,NDUFA10,"NDUFA10, C12ORF76, ADRM1, OGG1, RAD23A",0.005414727116576928,8.735655784606934,2,4,3.39667010307312,6.4049553871154785
3022,MPRIP,"MPRIP, PSMA6, AVL9, PSMB4, AUP1",0.013506915713394954,8.055572509765625,16,1,2.1697487831115723,8.133617401123047
3023,NUBPL,"NUBPL, LIMA1, MSL3, STX12, HOOK2",0.014941235063666916,8.939051628112793,6,8,0.7800409197807312,5.632871627807617
3024,DNAJC4,"DNAJC4, RPAIN, ZBTB24, PRPSAP2, TRIM4",0.010575531668751642,7.592281341552734,8,0,-1.7352150678634644,6.419543266296387
3025,CCDC25,"CCDC25, XRCC2, ZC3HAV1, MVB12A, NDUFA3",0.00033725622453421384,3.237288475036621,7,0,-3.1073601245880127,8.090621948242188
3026,HTT,"HTT, GRAMD1A, INTS1, VPS4B, SDHA",0.002560794356056298,8.036847114562988,3,9,-0.6469579935073853,7.297776222229004
3027,INO80E,"INO80E, LAMP1, PAPOLA, COG6, SYAP1",0.00695885081902282,7.920690059661865,4,1,2.125694513320923,5.599998950958252
3028,ZNF430,"ZNF430, UAP1, STK32C, METTL23, USE1",0.001488241130357374,3.5634777545928955,0,9,-2.878676652908325,5.548582553863525
3029,POLD4,"POLD4, GNAS, GGA2, PTBP2, NIN",0.002846089592508206,8.768743515014648,1,6,-2.0544376373291016,8.729429244995117
3030,RABEP1,"RABEP1, SLC25A15, MSI2, ACTR3, PPP4C",0.0025892258401013337,4.620701789855957,0,1,-2.3023838996887207,6.359810829162598
3031,PIBF1,"PIBF1, SCAF8, VPS13D, DNAJB14, CLDND1",0.034835430727179324,8.748298645019531,17,1,-2.483208656311035,7.5641984939575195
3032,SMAP1,"SMAP1, WDR43, DCTN6, DCK, ZMYND11",0.011932399734900921,10.83614444732666,0,0,-3.4548213481903076,6.2869038581848145
3033,DOHH,"DOHH, TMEM214, CIC, DCAF12, HEATR5A",0.0064117898501562754,11.951004028320312,4,8,-0.40013566613197327,6.695178985595703
3034,NUP155,"NUP155, ZNF26, HBS1L, PEX6, LANCL1",0.0014245153902564323,6.381185054779053,0,8,-3.080190896987915,5.066034317016602
3035,LRBA,"LRBA, MRPS24, VAT1, TOMM22, TPX2",4.4117820069882625e-05,3.1788249015808105,1,4,3.6637086868286133,6.680289268493652
3036,ZMYM2,"ZMYM2, SNRPD2, CNPPD1, PRR12, SUGP1",0.01539809960039059,9.508819580078125,0,7,0.902021586894989,5.228763103485107
3037,GNPTG,"GNPTG, ACAP3, IST1, THRA, DBN1",0.005920611453378248,8.647029876708984,6,9,-0.3614858090877533,4.586417198181152
3038,MRPL17,"MRPL17, IL10RB, C12ORF76, WDR45, PEX16",0.011308867877913248,11.126903533935547,0,6,0.11460067331790924,4.427417278289795
3039,LRCH1,"LRCH1, FAM120B, ARL2, NFKB1, LCORL",0.005743159777097165,14.127256393432617,8,5,0.3470684587955475,4.11503791809082
3040,RPL23A,"RPL23A, ATP5MG, CD55, COX8A, RPL13",0.00027058929642861343,4.077395915985107,0,5,-1.4972087144851685,8.529295921325684
3041,GTF2H4,"GTF2H4, PRPSAP1, RPRD1A, C9ORF40, SON",0.004881391691732124,6.7589030265808105,3,8,0.04263024777173996,7.150118827819824
3042,LAMTOR5,"LAMTOR5, TSC2, RAD23A, BTBD2, LZIC",0.00020686355632767187,3.292261838912964,2,8,-0.8512486219406128,7.762826442718506
3043,COMMD4,"COMMD4, CNOT8, SH3GLB1, HELLS, SLC2A4RG",0.003510798081561104,6.266529083251953,1,6,-1.3966854810714722,6.379570007324219
3044,VCP,"VCP, FBXO42, MRPS12, IPO7, RBM28",0.0034656998654896687,3.7053234577178955,0,9,-2.144244432449341,6.429694652557373
3045,SYAP1,"SYAP1, SLC25A1, SF1, PCMT1, GTF3A",4.0196236063670835e-05,2.2612650394439697,17,1,3.288858413696289,6.995855331420898
3046,HEXD,"HEXD, TMF1, CREB1, SLC35C2, ZC3HAV1",0.010155922180086981,7.051786422729492,6,8,1.946329951286316,6.699747562408447
3047,CENPK,"CENPK, DDIT3, NME7, DNAJC17, CTNNA1",0.016930458550817845,10.612388610839844,1,8,-2.5780491828918457,4.923828125
3048,RETREG2,"RETREG2, ANKRD39, PHF14, LRRC8D, FUT8",0.0028441288005051,7.592976093292236,3,9,0.7270906567573547,5.3795013427734375
3049,TPI1,"TPI1, NACA, ANKS1A, EPB41L2, BTG3",0.00253138247600971,5.3960723876953125,1,9,0.22846676409244537,7.478912353515625
3050,WNK1,"WNK1, CSNK2A1, PCBP1, CEP57, DCAF17",0.005933356601398437,10.097941398620605,1,7,-0.05436676740646362,9.087784767150879
3051,TUT7,"TUT7, ZBTB24, GNB2, JPT1, RGP1",0.004896097631755418,7.508230686187744,8,1,1.7382584810256958,7.187438011169434
3052,STYX,"STYX, GK5, TLNRD1, KDM4B, ANTKMT",0.007084341507221597,6.180677890777588,0,8,1.0040075778961182,4.685894012451172
3053,LRRC47,"LRRC47, USP10, SUGP2, ECHDC1, FANCG",0.01681575221863615,9.663991928100586,2,4,3.5529942512512207,6.699604511260986
3054,VPS52,"VPS52, LTO1, PCNX3, CHCHD4, MORC2",0.0003637269165761434,4.077561855316162,1,0,-0.6376078128814697,8.587858200073242
3055,ZCCHC3,"ZCCHC3, MCM2, KIF23, GCN1, PPP1R8",0.00265785356021004,41.32887649536133,11,3,3.874732255935669,6.078098297119141
3056,VPS11,"VPS11, TRIT1, SAAL1, SLC27A5, CHCHD4",0.0037078576778732464,6.818475723266602,0,4,2.860748529434204,6.579023361206055
3057,GNAS,"GNAS, SERINC1, ARID1B, HSP90AA1, ANKRD17",0.0001764712802795305,3.346924304962158,15,9,-2.1910037994384766,5.122737884521484
3058,TOB1,"TOB1, LANCL1, RABEP2, ARIH1, ITCH",0.010629453448837055,6.21703577041626,0,9,-1.7100192308425903,6.572493553161621
3059,API5,"API5, AKR1A1, HNRNPH1, MRPL52, PPP1CA",0.0036000141177024224,14.815926551818848,4,0,-3.741041898727417,5.989834308624268
3060,SMAP2,"SMAP2, FMR1, CTDSPL2, LLPH, CCDC22",0.006181396789791333,6.891068458557129,0,7,-0.8346373438835144,9.31389331817627
3061,SUMO2,"SUMO2, DNAJA1, CALR, DENND4C, CCSAP",0.00836277789324664,10.666141510009766,0,0,-3.454324960708618,6.565600872039795
3062,DDX50,"DDX50, ANKHD1, BCL2L13, JADE1, MPC1",0.012319656155514336,9.393351554870605,0,4,3.291407585144043,6.919255256652832
3063,CD58,"CD58, NUMA1, SURF4, UBE2V1, UBN2",0.018077521872634793,8.315777778625488,4,8,0.6171708106994629,5.369006156921387
3064,HSPA4L,"HSPA4L, OPA1, PIK3C3, THAP5, CCDC124",0.0001470594002329421,2.9452216625213623,5,9,-1.26439368724823,5.85651159286499
3065,RPF2,"RPF2, CCP110, DHX57, GGH, POLR1A",0.007949050780591296,10.198749542236328,13,9,-1.450749158859253,5.441003322601318
3066,ATP1A1,"ATP1A1, ALKBH7, CBX3, ARF1, GTF3A",0.0009176506574535586,6.508838176727295,3,6,-0.5227734446525574,7.102858066558838
3067,NDUFB5,"NDUFB5, EIF3G, RCN1, BTN2A1, HSPA5",4.117663206522378e-05,3.359633684158325,10,0,2.0630178451538086,5.834049224853516
3068,NAP1L1,"NAP1L1, NKTR, MRPS16, PHYH, CLDND1",0.00016568692426244808,3.068912982940674,9,8,0.20377758145332336,7.758692264556885
3069,TENT4A,"TENT4A, ZNF267, RUFY2, SNX14, VPS37B",0.009325526766771635,5.88367223739624,5,6,-0.16035057604312897,6.615438461303711
3070,RANBP9,"RANBP9, TMUB2, GLYR1, FANCL, PEX1",0.004264722606755321,4.19784688949585,0,1,-1.5979276895523071,7.194600582122803
3071,GEMIN8,"GEMIN8, NOP10, ACTL6A, MOSMO, IPO9",0.009476507751010789,9.181914329528809,11,7,1.4159290790557861,5.965364933013916
3072,PHKG2,"PHKG2, WRAP73, MIER1, PRIM2, MAP2K1",0.0060490433295816845,9.517706871032715,4,7,-1.8945635557174683,8.700331687927246
3073,UPF3B,"UPF3B, RBM12B, FBXO30, RAD17, TRMU",0.006068651249612743,9.0172119140625,0,4,3.7469301223754883,6.546687602996826
3074,FIBP,"FIBP, ACYP2, CCDC92, COMMD2, LARP1",0.0022931462476323437,4.918877601623535,12,9,-1.4617059230804443,6.535312175750732
3075,PTCD3,"PTCD3, UBE2G1, CYB561D2, DMXL1, NRBF2",0.00044509978470503805,3.690009355545044,1,9,-1.51833176612854,4.556188106536865
3076,LRRC8A,"LRRC8A, GNPDA2, ZCCHC8, BCOR, SASS6",0.011332397381950517,13.857770919799805,0,6,-1.0924545526504517,9.236364364624023
3077,CXORF38,"CXORF38, TRMO, DCBLD2, UTP23, MGRN1",0.005737277401087848,8.798697471618652,0,6,0.5893397927284241,5.029392242431641
3078,SMG6,"SMG6, RAPGEF1, TSPAN4, CYBC1, TSPYL1",0.007889246624496566,13.862780570983887,3,5,0.6163437962532043,4.345013618469238
3079,SPSB3,"SPSB3, FNIP2, ATP2C1, TNFRSF1A, MPRIP",0.034826607163165345,18.037540435791016,1,0,-2.6223816871643066,7.920591354370117
3080,ZRANB3,"ZRANB3, ADAM10, KDM6A, RAB6A, TWF2",0.0063323777740304866,7.991033554077148,0,8,0.2789069712162018,6.166171550750732
3081,RTRAF,"RTRAF, NAMPT, MYC, BUD31, DIP2B",0.00024509900038823684,3.3702516555786133,10,7,-0.2756395936012268,9.140560150146484
3082,PLEKHO1,"PLEKHO1, RAC1, COX4I1, NAXE, RAB11FIP1",0.0028941289965843005,7.574028491973877,0,0,0.290993332862854,4.091213226318359
3083,TRAM2,"TRAM2, EGLN1, GDAP2, ZNF32, LYAR",0.01186867399479998,13.562647819519043,1,4,3.0328001976013184,6.794144630432129
3084,COX19,"COX19, LATS1, C19ORF25, NEDD1, SNX27",0.00019607920031058945,3.5628502368927,5,9,-2.1322271823883057,4.952064514160156
3085,GNG5,"GNG5, SURF4, PRPF3, NUCB2, MAGOH",0.003955897866266142,5.343744277954102,1,1,-1.6826785802841187,8.112714767456055
3086,ANAPC16,"ANAPC16, ROMO1, TRA2B, PKP4, KRTCAP2",0.005927474225389119,11.379083633422852,0,8,-0.4650784134864807,5.740017890930176
3087,COX14,"COX14, APC, GLUL, KANSL1, RNF181",0.00739806822771854,13.404799461364746,13,9,-3.0474793910980225,5.614583969116211
3088,PARP14,"PARP14, SARAF, GSTCD, THAP4, ARMC6",0.0060412001615692615,4.115167617797852,4,1,0.7392972111701965,7.7696533203125
3089,TGIF1,"TGIF1, RILPL2, CDKN2D, HSPA9, ABR",0.004332369930862474,11.137016296386719,4,5,0.15049877762794495,3.7212743759155273
3090,PHF21A,"PHF21A, ARRB2, BTBD7, OSBPL3, PHC2",0.02863834760136314,9.088364601135254,19,1,1.7702555656433105,8.136783599853516
3091,MED13,"MED13, CACUL1, KRI1, PDCL3, CYTH2",0.007188263483386209,6.990182876586914,0,1,0.8703187108039856,6.388378143310547
3092,RBM12,"RBM12, VSIG10, BLM, GALE, MRPL58",0.005644139780940317,11.622949600219727,2,4,3.86356520652771,6.4995269775390625
3093,TTPAL,"TTPAL, TCTN1, TRAM2, SPPL2B, BBS4",0.015565747316656144,10.060417175292969,0,7,0.19800151884555817,5.170400619506836
3094,REV3L,"REV3L, AFF1, TBCB, MRPL52, SRP9",0.0104951391966243,15.581511497497559,0,0,-3.8096964359283447,7.4922261238098145
3095,GLE1,"GLE1, RNF170, UBIAD1, KIAA1586, SOS2",0.009421605574923823,12.760296821594238,1,8,-3.293569326400757,4.749789237976074
3096,EMC3,"EMC3, SETD1A, CHUK, LIG1, PDPK1",0.017997129400507454,6.213790416717529,7,1,2.1276371479034424,6.966832637786865
3097,PCYT2,"PCYT2, FAF2, M6PR, RCN2, PRCP",0.00024215781238357798,2.7574892044067383,4,1,-2.4217777252197266,4.420703411102295
3098,RPL12,"RPL12, RPL28, RPS14, RPS27A, RPL8",0.00024509900038823684,9.006208419799805,0,5,3.720414400100708,6.780433654785156
3099,LRRC47,"LRRC47, ARMC6, POLR3B, PAK4, BABAM1",0.00889513292208989,11.908946990966797,7,4,3.656348705291748,6.575153827667236
3100,POLR2E,"POLR2E, MRPS26, SCNM1, AGO2, HSPA5",5.9804156094729785e-05,3.142738103866577,21,0,-1.2184832096099854,4.8047003746032715
3101,MARK4,"MARK4, UBE2A, SLC25A32, CDKN3, CENPT",0.011041219769489291,9.331704139709473,2,1,2.612377643585205,6.803684711456299
3102,MYL12B,"MYL12B, ATP6V1G1, VDAC2, KANSL1, TBL1XR1",0.0038794269781450125,11.533051490783691,34,6,0.2821403741836548,4.172929286956787
3103,CYBC1,"CYBC1, ALAS1, NUDCD1, DHCR7, INIP",0.001992164675155589,3.3693583011627197,0,9,-0.2261233925819397,7.047347068786621
3104,POLR2J3,"POLR2J3, MYH10, MRPL21, RIF1, CTNNB1",0.011636320142431931,7.374320030212402,6,1,1.8900961875915527,8.016112327575684
3105,PES1,"PES1, SLC48A1, COX11, NCK1, CD59",0.017465754767665754,13.773077011108398,0,6,-0.43890759348869324,8.516301155090332
3106,RHOG,"RHOG, COX6C, ATP1A1, POC5, SHOC2",0.009486311711026318,12.489008903503418,13,6,-1.408463478088379,7.5677900314331055
3107,TMEM141,"TMEM141, ASXL1, MLLT1, PILRB, ZNF281",0.012352009223565583,7.970226287841797,2,1,-1.1220080852508545,7.335694789886475
3108,ACACA,"ACACA, HNRNPK, ZNF652, SNRPD1, SEPTIN7",0.001172553617857325,7.375497341156006,0,5,-1.9109219312667847,5.803746700286865
3109,MPP1,"MPP1, RAP2C, TOX4, PRDX3, ASCC2",0.00048627641677026186,3.8631222248077393,18,0,-1.799330234527588,6.360701560974121
3110,TMEM131,"TMEM131, VDAC1, JPT1, ATP6V1F, RCE1",0.0014598096463123386,4.171433925628662,28,9,-0.4910908639431,5.878668308258057
3111,SRSF3,"SRSF3, SSR2, EIF4A2, FOXP1, PARK7",0.0015490256824536566,14.574203491210938,10,5,0.45973896980285645,7.887197971343994
3112,SNAPC2,"SNAPC2, RLIM, DDHD2, TOLLIP, MCOLN1",0.0022794207036106024,4.601480484008789,0,7,-1.5356543064117432,6.987269401550293
3113,PEX19,"PEX19, DNAJC24, RNF216, BTAF1, TNKS2",0.007466695947827246,12.476095199584961,0,8,-3.2758514881134033,5.045882225036621
3114,DDAH2,"DDAH2, SLC38A2, TOP2A, RRBP1, ATP5ME",0.0037255048059011996,9.282073974609375,0,9,-1.8801027536392212,6.0113935470581055
3115,PPP1R37,"PPP1R37, REPIN1, GATAD1, SRA1, SLC38A10",0.008278463837113087,12.773468971252441,0,6,-0.8374573588371277,7.377843856811523
3116,LRRCC1,"LRRCC1, KAT2A, CEP44, DNAJC17, POGLUT1",0.011231416593790565,8.617813110351562,4,8,-2.537929058074951,4.7820844650268555
3117,RPGRIP1L,"RPGRIP1L, KIF22, SRPK1, ATXN7L3, SHC1",0.0009460821414985941,3.5752415657043457,1,1,-3.2893218994140625,6.900895595550537
3118,PIGG,"PIGG, CDK13, PIP4K2B, INTS5, SLC7A1",0.007318656151592751,9.277507781982422,0,9,0.7344557642936707,5.257194519042969
3119,PPP1R12C,"PPP1R12C, POU2F1, MYDGF, SRRM2, VEZF1",0.0002137263283385425,3.2339296340942383,3,8,-2.2611489295959473,5.8458733558654785
3120,SLC33A1,"SLC33A1, OGFOD1, AKR7A2, RMI2, HSP90AB1",0.004901980007764736,8.320429801940918,0,1,0.3579968810081482,6.351393222808838
3121,RBBP7,"RBBP7, IFNGR2, CCDC59, ATP5PB, ATP5F1D",0.0005607865128882858,4.3286452293396,23,8,-3.479408025741577,5.504703044891357
3122,HMMR,"HMMR, AP1M1, CHMP7, SLC38A6, STARD3NL",0.006429436978184228,9.01149845123291,0,6,0.014031928963959217,4.460057735443115
3123,JADE1,"JADE1, CBL, GNPTG, DDX50, KIAA1143",0.008035325628727956,11.844378471374512,2,0,-3.686436176300049,6.007148265838623
3124,METTL2B,"METTL2B, IRF2BP1, CKS1B, RFWD3, NUP155",9.803960015529472e-05,2.6033456325531006,0,1,-2.9351935386657715,7.323625564575195
3125,RNF138,"RNF138, ASCC1, PRDM2, EP400, MYSM1",0.0034686410534943276,7.160853862762451,1,7,-2.0337185859680176,7.310998439788818
3126,TBCA,"TBCA, COX18, TPM3, RBM39, NFE2L2",0.0025735395040764864,6.920099258422852,2,8,-3.0114831924438477,4.668799877166748
3127,NIPBL,"NIPBL, HNRNPD, TOMM5, PTPN2, UQCR11",0.005130412276126573,5.189424514770508,11,1,-1.0460584163665771,5.703138828277588
3128,ETS2,"ETS2, MYO18A, ZBED1, NRM, UFSP2",0.010539257016694182,9.994504928588867,0,9,0.10812895745038986,4.739272594451904
3129,GNPAT,"GNPAT, SPG7, GPATCH8, HMG20B, LPIN2",0.018102031772673617,7.730467319488525,0,6,-1.676228642463684,8.258241653442383
3130,COX6A1,"COX6A1, ATP5ME, FIS1, RICTOR, MCL1",5.5882572088517995e-05,2.885300636291504,11,6,-0.9692239165306091,9.311813354492188
3131,PGAP2,"PGAP2, TBC1D13, RMI1, UCK2, VPS33A",0.00016960850826865987,2.7177085876464844,0,1,2.673760175704956,6.711097240447998
3132,MTFP1,"MTFP1, TRAPPC12, FAM76A, ENY2, EIF3M",0.004767665755551983,6.965553283691406,1,1,2.4278674125671387,6.163302898406982
3133,RBFOX2,"RBFOX2, ADPGK, RPS11, CD320, RAD21",0.004076486574457154,3.664503335952759,13,1,-1.0217474699020386,6.249989986419678
3134,CENPF,"CENPF, PTTG1, KRT10, TGFB1, ATP5F1C",0.006581398358424935,9.721207618713379,32,1,1.7907453775405884,8.107430458068848
3135,MIER2,"MIER2, DHDDS, SMYD2, CDK5, KNSTRN",0.007018654975117549,5.281744480133057,0,4,0.6307612657546997,7.029843807220459
3136,FBXO11,"FBXO11, MAPK8, NBAS, PPP1R18, NCOR1",0.007077478735210726,14.810219764709473,21,9,-0.9356603622436523,9.314007759094238
3137,WDR70,"WDR70, OGA, CALM3, ANKRD28, IL6ST",0.015390256432378166,8.545924186706543,9,1,0.2675275504589081,8.704431533813477
3138,DDX52,"DDX52, RPL24, EIF2S2, ODF2, MT-ND1",0.000427452656677085,2.867549180984497,4,4,3.2366976737976074,6.917238712310791
3139,VIRMA,"VIRMA, NAA40, CYSTM1, PIP4P2, DNAJC16",0.0029460899846666063,5.765111923217773,0,7,-1.2512319087982178,9.173853874206543
3140,SPSB3,"SPSB3, PIAS1, HAUS2, FBXO34, VPS13D",0.019971646947635088,11.136662483215332,0,0,0.5083523392677307,5.678764820098877
3141,INSIG2,"INSIG2, IFT80, MPI, SEC23IP, COQ5",0.0037127596578810113,5.110881328582764,0,8,-0.5347360372543335,6.5689520835876465
3142,P3H1,"P3H1, MTFR1L, TRIM27, TSEN15, GSR",0.002824520880474041,10.103737831115723,24,4,3.288625717163086,6.150071620941162
3143,MON1A,"MON1A, MRPL36, BMP2K, RRP15, MIEF1",0.0013294169781057966,30.73006820678711,1,3,1.9406462907791138,5.859652996063232
3144,MCOLN1,"MCOLN1, KIAA1586, BLOC1S5, BAG2, NIT2",0.006618653406483947,10.21177864074707,0,8,-3.275913953781128,4.73179817199707
3145,PXMP2,"PXMP2, STK19, NEPRO, IDE, CRCP",0.009820626747555872,9.777761459350586,0,6,-0.9269568920135498,8.263901710510254
3146,APOO,"APOO, UBL7, RRAS2, LETMD1, PRPF38A",0.006468652818246346,8.147165298461914,2,1,-0.0372362956404686,6.221377372741699
3147,MAP4K5,"MAP4K5, RHNO1, SKI, NCBP3, REV3L",0.014438291914870255,10.00570011138916,0,9,-0.3585236966609955,4.342658042907715
3148,NUP37,"NUP37, HMGCR, MGME1, SHMT2, NDC1",0.002048047247244107,3.9533298015594482,5,4,3.7789783477783203,6.5370707511901855
3149,CLCN7,"CLCN7, OGFOD3, METTL6, RBBP5, SAP130",0.0025578531680516396,5.15962553024292,7,7,-2.225254535675049,7.048412799835205
3150,MTERF4,"MTERF4, ACSL3, PDRG1, HADH, NR2C1",0.007808854152369225,7.061151504516602,3,7,-2.6688425540924072,8.83543872833252
3151,RPL37,"RPL37, RPS9, SMYD3, RPL36, RPS4X",0.0017676539907999639,5.8528923988342285,0,1,-2.2860159873962402,5.877689361572266
3152,IGBP1,"IGBP1, CLPB, CLIC4, AP5B1, ATP6V1A",0.021211847889599567,13.722224235534668,2,7,-3.525029420852661,7.071194648742676
3153,<SPECIAL>,"<SPECIAL>, RAD21, RPL35A, VPS29, GTF2A2",0.0008784348173914408,72.04731750488281,2,2,-1.893704891204834,7.237393379211426
3154,PELP1,"PELP1, MRPL37, CHD8, SMC2, YDJC",0.0014470644982921502,35.32635498046875,17,3,2.3399150371551514,5.546274662017822
3155,PGBD1,"PGBD1, DPP3, ARL8B, RFWD3, STK35",0.005925513433386013,4.615389347076416,1,4,1.3352692127227783,6.834595203399658
3156,SLC39A6,"SLC39A6, OAZ2, KDSR, KRTCAP2, BUD13",0.007520617727912658,7.055081844329834,0,1,1.5515092611312866,6.297301769256592
3157,DCAF12,"DCAF12, TAF9B, NAB1, TSEN2, STK19",0.0022196165475158727,5.5178914070129395,0,0,-0.9210865497589111,7.137379169464111
3158,KAT8,"KAT8, BCKDHA, ZNF512, DPCD, CXXC1",0.009824548331562084,6.652204513549805,0,1,2.2992210388183594,6.389011383056641
3159,RBM6,"RBM6, ARPC3, PPP1CC, POLD1, RNF130",0.0002578441484084251,3.101557493209839,14,9,-2.442290782928467,7.107287406921387
3160,SQSTM1,"SQSTM1, KAT6B, RNH1, CLIC4, CMIP",0.00809611018082424,13.451422691345215,16,8,-2.8005588054656982,5.049889087677002
3161,KLHDC4,"KLHDC4, MRPL50, PIAS4, LACTB, PRRC2A",0.0030794238408778075,6.07151985168457,4,7,-2.3448398113250732,8.971587181091309
3162,RBPJ,"RBPJ, ATP6V0A1, CDC42SE2, ZFAND5, RICTOR",0.02371381848556269,12.679950714111328,0,8,-2.40865159034729,4.516023635864258
3163,RAPGEF1,"RAPGEF1, TMEM134, HDAC7, SRGAP2C, DCAF10",0.020220667532029536,6.263631820678711,2,8,-1.6814268827438354,6.18884801864624
3164,RCBTB1,"RCBTB1, DCAF15, CC2D1A, NMD3, FEM1B",0.009193173306561987,8.993840217590332,0,8,1.8187832832336426,6.784519195556641
3165,ING1,"ING1, FASTK, HMCES, CDK13, MAPK1",0.0031911889850548434,4.769183158874512,15,0,-3.240485429763794,6.499351501464844
3166,HTT,"HTT, DDHD1, NSRP1, CIR1, KIAA0319L",0.007316695359589645,7.046895980834961,10,1,1.6845930814743042,6.862707138061523
3167,TFDP2,"TFDP2, CSNK2B, CMIP, MCUB, MRFAP1",8.823564013976525e-05,4.088205337524414,10,4,2.293433904647827,6.939463138580322
3168,VMA21,"VMA21, NAE1, POP7, CEP162, IDH3B",0.007778461876321084,6.300243377685547,3,0,-0.8485606908798218,7.420308589935303
3169,TRAPPC11,"TRAPPC11, PPP2CA, ATP13A3, SCP2, DBN1",0.010836317005164726,7.256607532501221,6,1,2.424640417098999,6.4314985275268555
3170,POLD1,"POLD1, PFDN6, CSNK1D, RPUSD4, CDC42",0.003960799846273907,12.730741500854492,11,9,0.3409011662006378,8.143051147460938
3171,FOXM1,"FOXM1, C17ORF80, CC2D1A, LIG3, DDX18",0.00012745148020188314,2.414808988571167,1,6,-0.3981824517250061,6.560415744781494
3172,SMIM26,"SMIM26, COX14, TP53I13, DCAF1, CORO1C",0.00022058910034941314,2.9589993953704834,2,0,-3.997371196746826,6.619326591491699
3173,ZNF3,"ZNF3, CRNKL1, BRCA2, TYK2, STRADB",0.008553955113549465,9.252848625183105,0,9,-0.6522279977798462,4.306276321411133
3174,RPL35,"RPL35, HSPE1, NDUFA11, RPL27, FTL",0.0004411782006988263,3.7379043102264404,3,5,-2.3200318813323975,7.821801662445068
3175,LCLAT1,"LCLAT1, PYM1, MIER1, IQCB1, MSL2",0.006720614590645453,5.768757343292236,0,1,1.692330002784729,6.725461483001709
3176,PRDM4,"PRDM4, SRD5A3, SCNM1, MTRES1, TMEM184C",0.0002696089004270605,3.4342129230499268,0,6,-0.2744239270687103,7.9159111976623535
3177,ZBTB1,"ZBTB1, VPS54, CLOCK, OAT, RNF7",0.005377472068517916,10.113092422485352,5,5,1.0012216567993164,5.031741619110107
3178,ISOC1,"ISOC1, SRSF3, PRPSAP1, SLC39A3, POLDIP3",0.0033500131373064208,8.194038391113281,3,9,-0.8972371816635132,4.146933078765869
3179,G3BP1,"G3BP1, RCAN1, SLC39A6, RBM6, NRM",0.019248114698489013,9.53042221069336,4,0,-2.3622522354125977,8.556553840637207
3180,CTBS,"CTBS, TRIM37, SDF2, PRPF38A, DAZAP1",0.002695108608269052,4.967706680297852,6,0,-1.8873636722564697,7.529478073120117
3181,ARPC4,"ARPC4, HINT2, GMDS, LARP1, RNASEK",0.01005298059992392,8.311119079589844,1,9,-1.9620425701141357,5.615043640136719
3182,FAHD1,"FAHD1, GBA2, COA3, IPO8, DSCC1",0.011145141745653904,5.652206897735596,8,4,2.767228126525879,6.973597526550293
3183,FHOD1,"FHOD1, ASCC1, CELF1, NFE2L1, UBE2O",0.006959831215024373,7.499419689178467,2,1,1.9119904041290283,6.646343231201172
3184,SRBD1,"SRBD1, COQ7, LCORL, POU2F1, RHNO1",0.00298040384472096,6.277231216430664,0,9,-1.3107552528381348,5.871847152709961
3185,UBE3C,"UBE3C, NSMCE2, TOB1, CDKN2D, COMMD10",0.028159914352605304,12.398979187011719,1,8,-3.2845778465270996,6.372800827026367
3186,SOD1,"SOD1, HOOK2, EIF4A2, DEDD2, BTAF1",0.0020205961592006244,7.073217391967773,1,8,-1.8589253425598145,6.465973377227783
3187,TXNDC9,"TXNDC9, ING3, CMAS, PUM2, EIF4G2",0.005638257404931,9.323585510253906,6,6,-0.2973743677139282,9.16104507446289
3188,TM9SF2,"TM9SF2, MOV10, ETFA, PGS1, SH2B1",0.005986297985482296,5.094424724578857,1,4,3.1816728115081787,6.189198970794678
3189,LDB1,"LDB1, KNSTRN, DPP3, MDC1, CKAP5",0.0015784375625002452,23.41353416442871,0,3,3.747570753097534,5.963920593261719
3190,TIMM10B,"TIMM10B, GNG10, TPI1, NDUFA11, HINT1",0.003162757501009808,8.863927841186523,0,0,-2.8046367168426514,7.319305419921875
3191,TTC3,"TTC3, CCNI, CFAP36, CIAO1, CERS5",0.004637273087345441,6.940918445587158,0,7,-0.7266994118690491,9.344703674316406
3192,MT-ATP8,"MT-ATP8, NFKBIA, ATP5F1E, RPL36AL, ITM2B",0.001059808077678736,18.754589080810547,0,5,0.48542872071266174,3.27862811088562
3193,LACTB2,"LACTB2, ESS2, ACBD5, HNRNPR, PIGX",0.0010147098616073004,5.922364234924316,0,0,-0.9441239833831787,7.0251030921936035
3194,RO60,"RO60, CAB39, SMC3, NAA16, MIEN1",0.000353922956560614,3.711498975753784,2,9,-2.008293867111206,6.3933796882629395
3195,STT3B,"STT3B, PSMD6, ANKHD1, BUD23, SNF8",0.00017451048827642462,4.480765342712402,16,8,0.6250908374786377,4.652185916900635
3196,SPTAN1,"SPTAN1, BCL10, RNF11, CACUL1, CAPN1",0.010712787108969054,10.160589218139648,1,1,1.6668318510055542,5.813373565673828
3197,PDLIM2,"PDLIM2, BANP, KTN1, FKBP1A, SLC12A2",0.013091227808736505,8.357320785522461,1,1,1.0671263933181763,6.090473651885986
3198,SETD3,"SETD3, CUTC, C5ORF15, SLC35F5, HIRIP3",0.003423542837422892,7.835454940795898,1,8,-2.862361431121826,4.965892791748047
3199,DENND6A,"DENND6A, ZC3H7A, INO80, CDK2AP1, GGA1",0.005407864344566057,6.8105316162109375,5,1,1.818651795387268,5.810505390167236
3200,ACER3,"ACER3, MNAT1, LCMT1, ZNF664, AKT2",0.01483241110749454,8.609732627868652,0,6,-0.8465214967727661,8.216691017150879
3201,SART3,"SART3, UBXN2B, FN3KRP, ASL, BRWD1",0.01251083337581716,12.269996643066406,1,7,-2.554677724838257,7.809495449066162
3202,ERO1A,"ERO1A, DPM1, SFSWAP, PINX1, NOL8",0.00016862811226710692,2.5228843688964844,4,1,2.323643922805786,6.834431171417236
3203,CUL4B,"CUL4B, CAMKK2, SCARB1, AGPS, MSRB1",0.01145592727814619,12.765666961669922,0,4,3.187689781188965,6.244231700897217
3204,ITGB3BP,"ITGB3BP, CERS5, STAT1, CKAP2, DENND10",0.005427472264597116,10.267584800720215,2,9,-1.7581080198287964,5.084985733032227
3205,DDAH2,"DDAH2, BIRC6, PTBP2, EIF3G, CCDC14",0.007413754563743387,16.440637588500977,2,6,-0.0931183397769928,7.929755210876465
3206,CHD2,"CHD2, ARF6, VPS29, NSF, ARL3",0.005355903356483751,10.615017890930176,3,0,-1.924155354499817,7.471560001373291
3207,FOXM1,"FOXM1, LEO1, SLC29A1, RAD51, PXMP2",0.004750018627524029,12.51169204711914,31,3,4.010337829589844,6.3770036697387695
3208,PLSCR1,"PLSCR1, LSM7, GGNBP2, ACOT8, KMT2C",0.006234338173875192,7.61594295501709,1,8,-1.0430595874786377,6.040221691131592
3209,PIP5K1A,"PIP5K1A, RAB5A, HIBADH, POLR2H, DEDD",0.011322593421934988,16.771373748779297,0,8,-2.220473051071167,5.541584014892578
3210,TSFM,"TSFM, SUDS3, GCLM, FBXL3, YTHDF3",0.0021470672434009547,4.364953994750977,1,1,0.25359827280044556,8.204833984375
3211,COQ5,"COQ5, EAF1, CREBRF, DNAJB14, CNOT6L",0.004992176439907608,8.45048713684082,6,8,0.08098684251308441,6.287322998046875
3212,BLMH,"BLMH, PEX3, ERCC3, EAF1, MTRF1L",0.011618673014403978,8.476330757141113,3,0,-2.68099308013916,7.52634859085083
3213,NDUFA1,"NDUFA1, CMC1, DOCK7, TMEM245, GPATCH1",0.00037843285659943765,5.089595794677734,0,0,-3.598186731338501,7.456045150756836
3214,PLEC,"PLEC, STX4, TRAPPC10, UBE2D1, COQ10B",0.004996098023913819,6.4635396003723145,0,7,-2.7835793495178223,7.217354774475098
3215,FBXO25,"FBXO25, TMEM250, MMS19, INTS5, GGCX",0.004200016470652826,7.853854656219482,0,0,0.5278308987617493,5.8300065994262695
3216,BIRC2,"BIRC2, BDH2, SFXN5, SURF1, PTPA",0.000707845913121228,3.917567491531372,0,9,-1.6085679531097412,6.620631694793701
3217,ANKRD39,"ANKRD39, RNPEP, GALK1, PDHA1, ZBTB44",0.0036323671857536695,4.572454452514648,4,4,3.1134033203125,6.694821357727051
3218,CES2,"CES2, DIP2A, CCNDBP1, YLPM1, CHMP4A",0.010326511084357193,8.171506881713867,9,7,-2.9059596061706543,8.610686302185059
3219,SP1,"SP1, IPO11, EXOSC1, PDCD5, SSBP4",0.007714736136220142,7.486104965209961,0,4,3.100104808807373,7.019253730773926
3220,DMXL1,"DMXL1, HUS1, MTMR6, STYX, UCKL1",0.011870634786803086,10.04227066040039,0,7,-0.2815610468387604,5.143947601318359
3221,GTPBP1,"GTPBP1, CIT, HMGB1, CLDND1, POC1B",0.0047068812034557,6.924920082092285,0,9,0.21538865566253662,5.099454402923584
3222,PRADC1,"PRADC1, ZMYM5, PUS3, RNF14, LCLAT1",0.014957901795693316,7.170835494995117,0,1,-1.2582658529281616,6.842911243438721
3223,ORAI2,"ORAI2, STX5, C12ORF76, PUS7L, TMEM70",0.0023480484237193085,5.331160545349121,10,6,-0.9265140891075134,6.150291919708252
3224,TTC19,"TTC19, ZC3HAV1, ZFYVE16, NAF1, CHMP3",0.006711791026631477,7.336643218994141,4,0,-2.863060235977173,7.1891913414001465
3225,NDUFB11,"NDUFB11, ZMYND8, ABI2, PCNX1, MFGE8",0.006253946093906251,15.108809471130371,6,0,-3.975898265838623,6.518304347991943
3226,PDRG1,"PDRG1, MED11, COPS4, TMEM11, GPATCH2L",0.009569645371158318,16.262531280517578,1,8,-3.0890989303588867,6.167088985443115
3227,VPS51,"VPS51, GPR107, HNRNPL, UBN2, VPS26B",0.017476539123682838,11.843716621398926,0,4,2.8570337295532227,7.064547061920166
3228,CHMP6,"CHMP6, PNMA1, MTMR6, ZNF92, TMEM9",0.003050011960831219,5.726224422454834,0,7,-0.7641814351081848,3.9538373947143555
3229,ZDHHC6,"ZDHHC6, ZFAND6, ZC3H15, VPS29, GTF3C2",0.0004401978046972733,4.52829122543335,1,9,-1.9953566789627075,5.357546806335449
3230,ARL3,"ARL3, TMBIM6, UQCR10, CHIC2, DDIT4",0.007678461484162683,7.3507795333862305,2,1,0.5558590292930603,5.881186008453369
3231,ETAA1,"ETAA1, SYNGR2, EPC1, FRA10AC1, LMBRD1",0.02598343522915776,12.938762664794922,1,8,-3.2141783237457275,4.660362243652344
3232,FBXW11,"FBXW11, HIRIP3, KPNB1, TMEM14C, EIF4G3",0.029085408178071287,6.981431007385254,2,8,-1.1844571828842163,7.623199462890625
3233,COMMD4,"COMMD4, TUT4, SNRPD2, TIMM8B, NDUFB11",0.0039264859862195535,10.152971267700195,12,6,-0.2837808430194855,7.07816219329834
3234,TMEM19,"TMEM19, FDPS, PIP5K1C, GDF11, PRKAA1",0.020349099408232974,7.961177349090576,0,4,2.705381155014038,6.913231372833252
3235,SFI1,"SFI1, DNAJC21, NOC2L, RABL6, GUSB",0.0007205910611414163,9.085050582885742,36,5,1.409030795097351,6.110335826873779
3236,TRIM8,"TRIM8, HAUS3, NGLY1, TRIOBP, EHD1",0.0035745238216620457,4.974445819854736,8,1,-0.851398766040802,5.759241580963135
3237,SDCBP,"SDCBP, NFE2L2, BRWD1, RFT1, SLC25A5",0.006455907670226158,11.070639610290527,8,9,-2.046382427215576,6.260295391082764
3238,THAP1,"THAP1, ZBED1, A1BG, SAMD8, ASCC1",0.0029304036486417595,4.529810428619385,18,6,-0.49205461144447327,8.521944999694824
3239,TMEM160,"TMEM160, ATP6V0C, ACADVL, TGFB1, UQCR10",0.0032813854171977147,8.356703758239746,3,7,-1.3935636281967163,7.468095779418945
3240,NRAS,"NRAS, BET1L, NUBPL, RDH14, ORC4",0.0063431621300475685,6.090165138244629,0,4,2.1031932830810547,6.60435676574707
3241,TAF7,"TAF7, TXNDC15, PPP1R12A, ORC3, TNFRSF1A",0.022880481884242684,10.039311408996582,14,9,-1.6908625364303589,5.635925769805908
3242,RNF146,"RNF146, KRIT1, GFER, ATP6V0B, NFXL1",0.00043529582468950856,3.3886919021606445,1,7,-1.1142256259918213,7.616005897521973
3243,MCOLN1,"MCOLN1, UBIAD1, NIT2, ISY1, RNF170",0.002373538719759685,7.771915435791016,2,7,0.12483804672956467,8.125105857849121
3244,HMGN3,"HMGN3, TMBIM6, ATP5F1D, YWHAZ, RPL36A",0.003325503237267597,8.856855392456055,22,0,-2.728843927383423,8.495466232299805
3245,KCTD9,"KCTD9, SEC22B, ARAF, NDUFV1, AAMDC",0.0003264718685171314,4.42606782913208,8,9,-1.2061179876327515,6.048552989959717
3246,KRI1,"KRI1, UBE3A, LAMP2, ANLN, CBX5",0.007096106259240232,5.716214656829834,3,1,-0.8555008172988892,6.61495304107666
3247,BLOC1S1,"BLOC1S1, AKAP17A, RPL22L1, DDX31, HSPD1",0.013117698500778435,9.2329740524292,7,8,1.1575208902359009,5.9917731285095215
3248,KPNA4,"KPNA4, SETDB1, VKORC1L1, SURF1, CLN8",0.010679453644916254,15.89319133758545,0,9,-1.9238545894622803,5.480613708496094
3249,PELP1,"PELP1, RAD18, BNIP1, PREB, DEGS1",0.011552006086298378,9.537208557128906,3,8,-2.4933865070343018,4.697204113006592
3250,BSG,"BSG, SRSF2, SLC25A11, HDAC2, SEC61G",0.003027462852795501,10.650324821472168,14,0,-3.67423677444458,5.791217803955078
3251,AVL9,"AVL9, UBE2N, G3BP2, LAP3, CPNE3",0.004096094494488214,4.245092868804932,1,7,-3.1229870319366455,6.969265460968018
3252,TRUB1,"TRUB1, COMMD4, RWDD2B, NAT14, LIN9",0.0016313789465841042,4.429198741912842,2,1,0.0333014652132988,7.505764007568359
3253,NCOA3,"NCOA3, MPHOSPH8, DIS3L2, MAPK1IP1L, NAA16",0.014994176447750775,9.24905776977539,6,0,-2.3392298221588135,8.088930130004883
3254,NUDC,"NUDC, ATP5F1D, SUCLA2, RHOC, PFDN2",0.004347075870885769,12.48878288269043,0,9,-1.8716727495193481,4.327278137207031
3255,SF3A3,"SF3A3, RALA, RUFY2, TTF1, RPA1",0.002600010196118416,4.329141139984131,13,0,-1.7976479530334473,8.326098442077637
3256,GABARAPL2,"GABARAPL2, ECH1, SNRPD1, NDUFS7, MRPL52",0.004748057835520923,7.51281213760376,2,0,1.0800807476043701,5.4275641441345215
3257,OXA1L,"OXA1L, XRN1, MIEN1, AURKAIP1, CNOT4",0.009453958642975071,7.3426313400268555,5,8,1.3670268058776855,5.869312763214111
3258,ATP6V0D1,"ATP6V0D1, BRD4, PFDN5, BTF3, NACA",0.0004029427566382613,5.971949577331543,0,5,0.7983539700508118,5.723304748535156
3259,CCDC107,"CCDC107, ANKRD28, SKIL, SMIM8, USP24",0.005814728685210531,4.986107349395752,9,4,0.9504772424697876,7.595790863037109
3260,PGBD1,"PGBD1, MPDU1, TMOD3, MRPL44, R3HCC1",0.0004794136447593912,4.274162292480469,7,0,-2.9418835639953613,7.21398401260376
3261,LASP1,"LASP1, ANO6, RAB5B, MRNIP, DEDD",0.010410825140490748,7.043605327606201,0,9,-0.7691894173622131,9.256196022033691
3262,IFNGR2,"IFNGR2, SWAP70, MYDGF, NDFIP2, SLIRP",0.00483335228765603,4.985541820526123,0,8,-2.6366913318634033,7.589788913726807
3263,SCAPER,"SCAPER, IMMP2L, APLP2, CNN2, SNRPE",0.001410789846234691,13.910292625427246,1,5,0.4201979637145996,3.397533655166626
3264,ZBTB11,"ZBTB11, ISY1, PHF23, RNF170, UBIAD1",0.014963784171702634,10.582605361938477,1,7,0.2596636712551117,8.58265495300293
3265,JOSD2,"JOSD2, GABPB1, GTF2B, DRAM2, POLK",4.215702806677673e-05,3.0672178268432617,4,8,-3.451162338256836,5.1703948974609375
3266,ENO1,"ENO1, MXI1, C4ORF48, NDUFA3, MICAL3",0.001079415997709795,5.570734977722168,3,9,-0.7849368453025818,5.1525702476501465
3267,ANKRD13C,"ANKRD13C, SAMD8, ARHGAP12, INO80D, SF1",0.00041764869666155555,4.291271686553955,0,9,-1.3054149150848389,4.778651714324951
3268,MRPS14,"MRPS14, CUEDC2, MTG2, HCFC1R1, ZFAND2A",0.00303040404080016,5.1929426193237305,0,6,0.05433312803506851,7.7664971351623535
3269,MYDGF,"MYDGF, OAZ2, SMARCB1, RANGAP1, EP300",0.011418672230087176,9.626279830932617,2,4,2.99576997756958,6.31273078918457
3270,RAB18,"RAB18, SEM1, BLOC1S2, MTF2, AKAP11",0.004253938250738238,6.6937031745910645,7,7,0.4788724482059479,5.974578380584717
3271,COG4,"COG4, CCDC18, PDPR, GID8, ZNF143",0.006202965501825497,12.86637020111084,0,0,-3.098782777786255,8.634052276611328
3272,MCM10,"MCM10, LDLR, FGFRL1, CDK5, GCN1",0.0008303954133153463,3.4882659912109375,4,8,-2.3243606090545654,5.969962120056152
3273,CDC42SE1,"CDC42SE1, CGGBP1, ATP6V1B2, MLLT11, FUT8",0.034450135098569014,10.720784187316895,6,6,-0.7326321005821228,6.397474765777588
3274,SUMO2,"SUMO2, B2M, HSPA8, CLIC1, COX6A1",0.0019490272510872592,11.687970161437988,0,5,-0.05809326097369194,4.016495227813721
3275,ANAPC4,"ANAPC4, ZBTB40, PPP2R3B, AIMP2, FCF1",0.007968658700622355,7.407134532928467,0,9,0.40111929178237915,7.831266403198242
3276,ERBIN,"ERBIN, MCUB, EIF2AK2, UBE3A, PRKAR1A",0.01675888925054608,4.6460747718811035,47,1,-2.6770236492156982,7.559726715087891
3277,SAV1,"SAV1, IARS2, ABCF1, BCL2L12, PPIL3",0.0032304048251169614,4.104184150695801,2,4,3.4907188415527344,6.628142833709717
3278,NCOA7,"NCOA7, HMGN2, NHP2, FBXO11, TMED9",0.00013235346020964788,3.8247525691986084,15,5,-3.5458240509033203,5.440030097961426
3279,ALDH18A1,"ALDH18A1, DPM3, EXOSC2, FOXO3, RIOX2",0.0006990223491072515,7.844878673553467,0,8,-0.14098194241523743,5.208702087402344
3280,CDK12,"CDK12, ELAVL1, VCP, HSP90B1, PIEZO1",0.010159843764093193,9.684639930725098,3,6,-0.039566684514284134,8.718720436096191
3281,LCORL,"LCORL, EMC6, SDCCAG8, RRN3, EIF3A",0.007557872775971671,4.807539463043213,3,1,1.0706291198730469,8.0861177444458
3282,APAF1,"APAF1, NOC3L, GMEB1, RNF6, KIN",0.004618645563315935,7.84285831451416,1,7,-1.4255759716033936,6.738701343536377
3283,PPP1R35,"PPP1R35, POLDIP2, BUB3, SNX6, PNISR",0.0021853026874615196,6.461206912994385,1,9,-1.348021388053894,5.916374683380127
3284,RAB2B,"RAB2B, C19ORF12, ZNF562, IPO11, COG2",0.006771595182726207,7.840283393859863,3,4,2.3618011474609375,6.495533466339111
3285,EIF4H,"EIF4H, VPS13C, FUS, AHSA1, ACSL3",0.0001725496962733187,4.161218166351318,3,0,-2.6045031547546387,7.087467193603516
3286,TRMT6,"TRMT6, GRK6, PPP1R37, SMG5, NDUFAF7",0.02355695512531422,6.778121471405029,0,9,0.054063279181718826,6.384156227111816
3287,TAF15,"TAF15, D2HGDH, DPP9, TM9SF4, JUND",0.0002117655363354366,3.0145912170410156,1,0,-2.653116464614868,6.507580757141113
3288,C2ORF49,"C2ORF49, PCBD2, MOV10, DNTTIP1, BSG",0.002189224271467731,5.1706109046936035,1,1,1.7245618104934692,6.1529741287231445
3289,UBE2W,"UBE2W, LMAN2, YWHAH, IFT57, ZNHIT1",0.0033333464052800205,7.414423942565918,0,9,-1.3674485683441162,4.888488292694092
3290,EIF5B,"EIF5B, COX7A2, HERC1, CNBP, FBXW7",0.0002764716724379311,3.7395215034484863,1,6,-0.6709744930267334,3.9881250858306885
3291,CISD2,"CISD2, BCL2L1, CHMP2A, SETD5, YTHDF2",0.005701002749030388,4.327541351318359,27,1,-0.6324688792228699,7.503633975982666
3292,ZMYND11,"ZMYND11, CRTC3, FBXW11, MDH1, PSMC4",0.0037274655979043056,5.133699417114258,1,7,-2.4550161361694336,6.4295549392700195
3293,ARL8A,"ARL8A, INF2, TMEM87A, TMED10, LMO4",0.019451056670810474,8.019810676574707,10,1,1.3115681409835815,6.583732604980469
3294,DGCR6L,"DGCR6L, FXR1, RBM26, STK26, FIS1",3.9215840062117894e-05,3.077315330505371,3,6,-2.088348627090454,4.745057106018066
3295,LSG1,"LSG1, FAM120AOS, SON, NFE2L3, NDUFS3",0.004760802983541112,10.572670936584473,2,7,-1.939882516860962,8.007973670959473
3296,GLG1,"GLG1, ALKBH7, RER1, PARP4, TACC1",0.029475605786689358,14.655150413513184,0,7,-0.9988547563552856,9.357916831970215
3297,WIPF2,"WIPF2, HAGH, ZBTB44, LRP10, FLNB",0.0050206079239526425,5.757802963256836,6,8,-0.8407568335533142,5.8847975730896
3298,YWHAH,"YWHAH, ATXN2, TTC17, VDAC1, VPS28",0.002534323664014369,10.839324951171875,4,5,0.7374783754348755,4.144521713256836
3299,PIGX,"PIGX, DROSHA, POLE4, LDAH, MAD2L1BP",0.005702963541033494,6.621427536010742,4,1,2.302236557006836,6.499087810516357
3300,DIP2A,"DIP2A, PHACTR4, SMARCA5, TPP1, GNAI2",0.0033029541292318794,10.19333267211914,0,5,-0.24931587278842926,5.155514717102051
3301,COMT,"COMT, LTA4H, PHF20, NSD3, MARCKSL1",0.0023196169396742733,7.822617530822754,7,6,-0.27395886182785034,7.913887023925781
3302,GSPT1,"GSPT1, YIF1A, AARS2, UBE2N, SUGP1",4.313742406832968e-05,2.493903160095215,0,0,-3.044832229614258,8.313287734985352
3303,CFAP410,"CFAP410, MED6, MRPS28, PPTC7, TYW5",0.010728473444993902,11.716670989990234,5,8,-3.165642023086548,4.901980400085449
3304,KRAS,"KRAS, CEP192, TSC22D2, MAPKAP1, VPS25",0.009027486382299539,7.575345516204834,18,0,-2.3061258792877197,8.480661392211914
3305,DTNBP1,"DTNBP1, RIT1, GALK2, HELLS, USF2",0.0006941203690994867,4.042449951171875,3,9,-0.3928082287311554,9.007966995239258
3306,MAN2A1,"MAN2A1, NFAT5, UBE2L6, ITM2C, DYRK1A",0.016808889446625282,7.002823352813721,1,0,-1.002584457397461,7.178029537200928
3307,RAB21,"RAB21, PSIP1, ZMYM4, SEPTIN11, CNOT10",7.4510096118024e-05,2.817659616470337,0,8,-2.580648422241211,4.499727725982666
3308,RPP38,"RPP38, FKBP3, MAT2A, HEATR6, TTC27",0.010427491872517148,8.107699394226074,4,1,1.9186962842941284,7.553693771362305
3309,BTF3,"BTF3, ATP5PO, UQCR11, HSP90B1, MACF1",0.0002509813763975545,5.331735134124756,18,1,-1.111569881439209,5.929474353790283
3310,TPM3,"TPM3, ATP5MG, POMGNT1, AHCY, MAPKAPK2",0.009757881403456485,10.983116149902344,0,9,-2.8290882110595703,5.591954231262207
3311,PBRM1,"PBRM1, GSTCD, TMEM165, PEX11B, TMED9",0.006052964913587896,6.02996826171875,8,9,1.969800353050232,6.463906764984131
3312,TCTN1,"TCTN1, FAM168B, CLP1, CBLL1, SLC25A39",0.01096769006937282,8.561260223388672,0,4,3.157885789871216,6.545166492462158
3313,UBE2D3,"UBE2D3, ZNF384, DROSHA, NTAN1, MACF1",0.010637296616849479,14.279378890991211,8,6,-0.9502268433570862,8.856431007385254
3314,RETREG2,"RETREG2, BIRC5, SEC63, SACS, SAP30",0.016284377585794454,8.020692825317383,33,4,2.730377674102783,7.073582649230957
3315,CREBBP,"CREBBP, KAT6A, PCLAF, HIGD2A, SRSF3",0.00476668535955043,6.813521385192871,0,1,0.5372375845909119,6.735366344451904
3316,HSP90AB1,"HSP90AB1, RELCH, COX17, OTUB1, PREPL",0.0014215742022517736,5.744942665100098,6,5,-0.4707390069961548,7.78053092956543
3317,ZFR,"ZFR, ANKRD26, ESYT2, SUCLG2, HLA-C",0.000167647716265554,5.834510803222656,1,5,-2.5915348529815674,7.635384559631348
3318,RC3H2,"RC3H2, SDAD1, ERF, MXRA7, TAF7",0.0018156933948760582,6.5773491859436035,37,6,-0.9294013381004333,7.243399143218994
3319,CSE1L,"CSE1L, E2F6, CHD4, RFC5, STX17",0.0004686292887423088,3.523402452468872,0,1,-0.16730383038520813,7.609450340270996
3320,RABEPK,"RABEPK, TSFM, CUEDC2, SUPT16H, SLC52A2",0.010409844744489194,11.64181137084961,1,6,-0.09066902101039886,8.146075248718262
3321,SPAG7,"SPAG7, RBL1, SCAF11, TMEM179B, DCXR",0.015164765352020989,8.614090919494629,5,4,2.406243324279785,6.575613975524902
3322,PREPL,"PREPL, HDAC8, MAP2K5, NAA50, CREBZF",0.004034329546390378,11.444783210754395,1,0,-3.0519320964813232,8.49165153503418
3323,CLIC4,"CLIC4, B4GALT1, OGDH, BNIP3L, RSF1",0.026710889062310048,9.63731861114502,9,6,-0.04225364327430725,8.923835754394531
3324,NUDCD3,"NUDCD3, TLE3, NEU1, C18ORF32, DHX9",0.0041411927105596495,8.693828582763672,1,5,1.9172805547714233,5.365767478942871
3325,CLIC1,"CLIC1, EIF4B, NDUFA4, UQCR11, SMDT1",0.0010490237216616537,7.285935878753662,16,5,-0.5502736568450928,4.143370151519775
3326,UGDH,"UGDH, TRMO, VPS72, FBXO33, DVL1",0.0056059043368797525,7.036885738372803,0,1,0.2345557063817978,6.71765661239624
3327,EEA1,"EEA1, NT5DC1, A1BG, NTAN1, LIAS",0.0023343228796975676,9.967422485351562,13,9,-1.969942569732666,5.025763034820557
3328,GPBP1,"GPBP1, COX5A, BSG, CSTF1, CALM3",0.001488241130357374,7.821438312530518,0,0,-3.7185235023498535,6.311459064483643
3329,MAD2L1BP,"MAD2L1BP, TRMT2A, ADSL, FASN, RAD17",4.0196236063670835e-05,2.180856704711914,0,4,2.947827100753784,6.901832103729248
3330,PHF10,"PHF10, MRPL14, SNX6, COMTD1, GANAB",0.00048235483276405004,3.132373571395874,3,4,3.337587356567383,7.013797760009766
3331,MBD6,"MBD6, DEDD, STK3, TSEN15, TLNRD1",0.012065733591112121,9.948643684387207,0,7,-0.8520658612251282,4.3145575523376465
3332,GSPT1,"GSPT1, POLR2E, IGHMBP2, FKBP14, TMEM126A",0.000576472848913133,3.449338912963867,4,1,0.16942085325717926,7.412336826324463
3333,OIP5,"OIP5, BARD1, ROMO1, KIF20A, STARD3NL",0.0012764755940219373,4.063167572021484,5,9,-2.203946113586426,6.090242385864258
3334,EWSR1,"EWSR1, MPC2, BLVRB, SELENOT, TENT2",0.005614727900893729,10.965961456298828,4,9,-2.202448844909668,5.012988567352295
3335,PCMTD2,"PCMTD2, SOS2, ARMCX6, ATAD1, CTSA",0.008258855917082027,8.67745304107666,0,1,1.4912382364273071,5.658616542816162
3336,SGO2,"SGO2, NME6, KLHL8, PABPN1, CEP135",0.006159828077757168,10.414847373962402,8,8,-3.5521295070648193,5.621142864227295
3337,ANAPC10,"ANAPC10, GPSM2, ARHGAP19, YIPF6, PIGQ",0.006810811022788325,8.215038299560547,0,7,-3.151068687438965,4.858689308166504
3338,BANP,"BANP, NFXL1, NAPG, BCKDHA, NFU1",0.004485311707104734,6.863997459411621,1,1,0.41493165493011475,6.605096817016602
3339,HMCES,"HMCES, TAF8, PNO1, SKA3, NFIL3",0.013639269173604602,10.970551490783691,28,7,-1.0926345586776733,9.146383285522461
3340,YY1,"YY1, EXOSC8, SECISBP2L, PTRHD1, FAM177A1",2.3529504037270734e-05,2.1656079292297363,0,7,-2.1525306701660156,8.877381324768066
3341,NIT2,"NIT2, PPIL3, ACTR3, GABARAPL2, FDPS",0.0022921658516307907,11.647313117980957,1,7,-0.539635419845581,7.255815505981445
3342,ARIH1,"ARIH1, TAF12, SLC7A6OS, SMAD5, ATP5F1D",0.00309020819689489,6.454535961151123,9,9,-1.1728005409240723,6.016864776611328
3343,METTL2B,"METTL2B, AMDHD2, IRF2BP1, POLR2K, RFWD3",0.0071353220993023506,7.979201793670654,8,9,-3.197309732437134,6.516872882843018
3344,ATP6AP2,"ATP6AP2, AFF4, SQSTM1, SAR1A, CHD2",0.02163243777426578,8.299296379089355,8,9,-1.9794129133224487,4.3888020515441895
3345,HTT,"HTT, CYBC1, RAB8A, ZFAND2B, CBX4",0.003312758089247409,5.725305557250977,10,1,0.8153047561645508,7.271693229675293
3346,SMC3,"SMC3, YME1L1, LRCH3, PABPC4, PGD",0.00014215742022517734,3.89680552482605,7,6,0.37934619188308716,8.085077285766602
3347,RPL17,"RPL17, ANKRD12, PRELID1, VTI1A, CFLAR",0.00650002549029604,8.236087799072266,5,9,-1.189584493637085,6.274120807647705
3348,PIK3C2A,"PIK3C2A, TMTC3, MPC1, PIAS4, PPP1R12C",0.004296095278805015,6.617917060852051,0,7,-0.13540337979793549,6.287149429321289
3349,TSEN2,"TSEN2, ZNF207, TBC1D20, TUBA1B, RNASEH2C",0.001079415997709795,5.053289413452148,1,8,0.6163146495819092,5.654481410980225
3350,GSK3B,"GSK3B, GDI2, SRSF9, TP53BP1, SCAND1",0.009044153114325939,8.47036361694336,0,5,1.5676542520523071,5.424193382263184
3351,TRAF3,"TRAF3, RCOR3, SMG7, DTL, PLSCR1",0.016440260550041372,9.306509017944336,5,1,-0.47816789150238037,8.747838973999023
3352,BCLAF1,"BCLAF1, PRDX6, KDELR1, TRIR, CTSC",0.006903948642935855,13.035544395446777,16,0,-2.3156068325042725,7.4678120613098145
3353,CENPW,"CENPW, MYL12A, TRIAP1, FAM120AOS, TWF2",3.333346405280021e-05,2.351670026779175,28,1,2.9716782569885254,6.378066539764404
3354,BRI3BP,"BRI3BP, ACLY, RMI2, TARS2, PRPF39",0.000650982945031157,3.220679759979248,4,4,3.0992469787597656,6.343627452850342
3355,TP53RK,"TP53RK, KDM5C, STK40, LRRC57, FKTN",0.006819634586802301,7.539821624755859,0,8,-2.2255454063415527,4.901419639587402
3356,RPGRIP1L,"RPGRIP1L, DDX56, FAM76B, NR2C2AP, RDH14",0.006581398358424935,6.533067226409912,4,0,-2.89680552482605,7.485789775848389
3357,TSC22D2,"TSC22D2, SLC25A26, CIAO2A, CD63, RAC1",0.007571598319993412,12.894372940063477,0,6,-0.5462610721588135,8.68824577331543
3358,EMC1,"EMC1, VPS33A, PTPN23, ATPAF2, CHUK",0.009002976482260715,7.63120174407959,2,7,-0.24225732684135437,8.209336280822754
3359,ZNF638,"ZNF638, GLG1, RHOC, ERH, JAK1",0.0048774701077259125,11.389263153076172,20,0,-3.5937185287475586,7.299843788146973
3360,APEX2,"APEX2, HJURP, KANSL3, CMC2, TOE1",0.0007519637331911106,3.009666681289673,1,8,-2.75166916847229,5.113193511962891
3361,C11ORF68,"C11ORF68, JMJD4, IFRD2, RRP7A, KANSL2",0.010173569308114933,9.519713401794434,34,0,-3.93094801902771,6.666138648986816
3362,ATXN10,"ATXN10, DCXR, IDH2, TRIM38, DDX46",0.026829516978497954,7.426821708679199,5,1,1.95407235622406,8.405741691589355
3363,SDCCAG8,"SDCCAG8, BPTF, SLC38A1, ACTR3, ROMO1",0.004349036662888874,5.722161769866943,0,8,-0.5226894021034241,5.951493740081787
3364,MLST8,"MLST8, MRE11, XPNPEP3, GNL3L, ABCF3",0.010210824356173947,9.176191329956055,3,7,-2.637690782546997,6.267472267150879
3365,KHSRP,"KHSRP, MRPL10, IMMT, DDX46, SDHAF3",7.941207612578873e-05,2.696704864501953,2,0,2.070838212966919,6.295061111450195
3366,FBXO9,"FBXO9, MAPK1, IGF2BP1, THAP12, MRPS12",0.00026470692041929576,2.6603338718414307,42,1,1.626454472541809,7.080870628356934
3367,NSMCE4A,"NSMCE4A, CENPT, UBE2G1, MAN1A1, SH3GLB1",0.021947144890764277,7.827800273895264,11,1,-2.8728551864624023,5.999599933624268
3368,RFC2,"RFC2, AURKAIP1, DYNLL1, RBBP4, NSF",0.004368644582919933,12.418941497802734,16,6,-0.7927067279815674,8.145559310913086
3369,HSPA8,"HSPA8, CLIC1, ARPC2, PPDPF, GPR137",0.0011431417378107364,9.671334266662598,0,1,1.01937735080719,7.715880393981934
3370,NDUFA1,"NDUFA1, CLK1, LRRFIP2, RTN3, APRT",0.0027990305844336643,6.879124641418457,4,0,-3.141118288040161,8.489663124084473
3371,SNX2,"SNX2, ARID4A, MIEN1, COA3, ARHGEF12",0.00015490256824536567,3.2333343029022217,9,7,-2.0061864852905273,7.271995544433594
3372,EIF6,"EIF6, ERCC4, KPNB1, PPP4R3B, TSPAN13",0.00822650284903078,8.469704627990723,0,1,1.9676364660263062,7.727851390838623
3373,ZNF800,"ZNF800, ETF1, TFG, ARL8B, SENP5",0.00020490276432456598,4.644951343536377,15,9,-1.2675814628601074,4.547172546386719
3374,PSMA1,"PSMA1, ISCU, GLG1, RRBP1, STK39",0.002620598512151028,10.41284465789795,8,5,0.19444690644741058,3.8080952167510986
3375,SENP6,"SENP6, TGFB1, CDC20, BRWD1, RPS19BP1",0.021970674394801548,10.865090370178223,14,8,-2.818042755126953,4.830795764923096
3376,CNIH4,"CNIH4, GDI1, R3HDM4, RCOR3, DPY30",0.0004598057247283323,4.185770034790039,4,8,-2.740260124206543,5.135424613952637
3377,PCBD1,"PCBD1, ARIH2, RBM7, SEC63, SFSWAP",0.0016078494425468336,4.508577823638916,5,8,-0.7034881711006165,6.902349472045898
3378,CCT4,"CCT4, PRKAA1, MORF4L2, SCOC, TBCD",0.017678500700002747,5.796153545379639,0,8,-1.5424633026123047,6.90111780166626
3379,FHOD1,"FHOD1, NR2C1, OSBPL11, INF2, ARL8A",0.011165730061686516,10.796326637268066,2,1,1.4446510076522827,5.2978410720825195
3380,BCKDHB,"BCKDHB, AFF1, DHRSX, RAP2B, DCAF17",0.013463778289326624,9.437938690185547,7,7,0.24306730926036835,5.456378936767578
3381,CD46,"CD46, HIBCH, SRSF2, EXOSC5, HINT1",0.003998054894332919,14.001956939697266,1,9,-0.053676787763834,8.37508773803711
3382,TNIP1,"TNIP1, ATG4D, CHD2, USP7, SNX17",0.005507864736724458,7.650565147399902,5,0,-2.069896936416626,8.108266830444336
3383,FNDC3A,"FNDC3A, ARID5A, CCT6A, FOXO3, TMEM14C",0.000986278377562265,6.366898059844971,1,5,0.3917328417301178,4.0257062911987305
3384,NUCB2,"NUCB2, PHF1, MAN1A2, HEXB, TNRC18",0.007475519511841223,7.408823013305664,3,1,-0.26509934663772583,4.133915424346924
3385,FUCA1,"FUCA1, PELO, DCUN1D1, ZGPAT, PHF3",0.003854917078106189,5.846676349639893,1,9,-1.4956164360046387,5.565738201141357
3386,ATG4B,"ATG4B, TMEM106B, GATAD2A, RHOC, BYSL",0.024793234483272482,10.420357704162598,1,1,0.42191600799560547,8.624632835388184
3387,GABARAP,"GABARAP, PCF11, EID2, SSRP1, METTL22",0.002601970988121522,6.332574367523193,0,7,-0.3626960515975952,4.3299760818481445
3388,GOLGA7,"GOLGA7, NAPA, NIFK, ABHD11, ORMDL3",0.0042882521107925915,12.159073829650879,6,8,-0.9516991972923279,6.1054158210754395
3389,PRIM2,"PRIM2, CTNNBIP1, TXNDC17, SCYL2, MYO18A",0.008724544017819677,9.560395240783691,0,7,1.55836820602417,6.430912971496582
3390,SNRNP70,"SNRNP70, NSD2, CYCS, SLC5A3, PRMT1",0.0003421582045419786,4.352950096130371,10,1,-2.609605550765991,5.465900421142578
3391,LACTB,"LACTB, TRIM4, ORC2, POC1B, PRRC2A",0.0005794140369177918,4.409433841705322,0,7,-3.139855146408081,8.34593677520752
3392,CBFB,"CBFB, ZCRB1, CD46, FUBP1, CERT1",0.00015686336024847158,3.7206759452819824,13,9,-2.368976593017578,5.781474590301514
3393,ZNF91,"ZNF91, RHNO1, TM7SF3, PIP4P1, CYSTM1",0.004475507747089204,5.68362283706665,3,1,2.1751515865325928,7.086719512939453
3394,HOOK2,"HOOK2, CHKA, CDR2, DCAF5, C2ORF68",0.027405989827411086,8.925207138061523,0,0,-2.7802302837371826,8.064427375793457
3395,SAV1,"SAV1, RAB2B, PPWD1, SERGEF, DHRS7B",0.007458852779814823,11.072531700134277,4,9,-1.5179532766342163,4.946013450622559
3396,NDUFC2,"NDUFC2, CNBP, ARPC2, APLP2, CNN2",0.00015294177624225979,3.2629261016845703,2,6,-0.14930924773216248,7.691272258758545
3397,ZNF428,"ZNF428, GRPEL1, UIMC1, API5, TXNL4B",0.0006058847289597214,3.625910520553589,5,0,-1.7600916624069214,5.767086982727051
3398,SOAT1,"SOAT1, GPR108, SLC30A9, CES2, MRFAP1",0.0029872666167318302,8.272002220153809,9,6,-0.379181444644928,6.985697269439697
3399,QSER1,"QSER1, HNRNPH3, TAF1, GPALPP1, PSPH",0.0002196087043478602,3.1352570056915283,0,6,-0.5363161563873291,7.364677429199219
3400,GALNT2,"GALNT2, ATOX1, GLMP, CDC73, MTA2",0.007675520296158024,6.84803581237793,0,1,2.0526373386383057,6.492682456970215
3401,PPP2R5E,"PPP2R5E, NDUFS2, UXT, TMPO, ST13",0.0019166741830360118,6.1752028465271,10,6,-0.5576026439666748,7.71604061126709
3402,KCTD10,"KCTD10, GTF2H3, BRCC3, CEP250, RABL3",0.009116702418440857,8.059418678283691,1,7,-1.7185755968093872,8.542552947998047
3403,MRPS18A,"MRPS18A, PRPSAP1, SLC25A38, CERS2, SUMF2",5.000019607920031e-05,2.8819751739501953,1,9,-1.6534173488616943,4.448877811431885
3404,UBA3,"UBA3, NEMF, PA2G4, CSK, GIGYF2",0.01097063125737748,6.819836139678955,0,1,2.053243637084961,6.068176746368408
3405,NCSTN,"NCSTN, SARNP, FBRS, CLN3, LRP5",0.0002303930603649426,3.0366594791412354,6,7,-2.5988006591796875,8.007603645324707
3406,RICTOR,"RICTOR, LUC7L3, NDUFA11, SLC7A5, HSPB1",0.002939227212655736,11.71953296661377,10,6,-0.7731033563613892,6.615476608276367
3407,ZFX,"ZFX, NUDT22, DNAJB14, EPM2AIP1, SRP72",0.003472562637500539,8.00631332397461,0,7,-1.7698782682418823,9.19306468963623
3408,OTUD6B,"OTUD6B, PUM1, PRR3, ABHD17A, TBC1D10B",0.020752042164871237,9.691595077514648,5,4,1.4787392616271973,5.959240436553955
3409,TSEN34,"TSEN34, SF3A2, NUP58, C1GALT1, PPP4R2",0.00018823603229816587,3.365878105163574,9,0,-3.282841205596924,7.262662887573242
3410,PARG,"PARG, DBN1, TMEM14A, BCL2L13, C8ORF33",0.0024686371319103213,5.623950958251953,0,9,-0.2001359760761261,5.849945068359375
3411,DDX39A,"DDX39A, SLMAP, BDP1, ACSL3, PRDM2",0.0008862779854038643,5.896233081817627,38,5,-1.1311589479446411,7.5292649269104
3412,ALKBH2,"ALKBH2, ROGDI, ZNF766, CIRBP, DPP9",0.0034676606574927746,5.482255935668945,0,7,-0.5428681969642639,4.710580348968506
3413,ADD3,"ADD3, HECTD4, STXBP5, SAP18, NDUFC1",0.010090235647982932,13.686155319213867,0,0,-2.128170967102051,8.108899116516113
3414,MFSD10,"MFSD10, NR1H2, PFKL, CDC42SE1, GRAMD1A",0.010452982168557523,8.266905784606934,14,7,2.0148236751556396,6.952023983001709
3415,DCTN3,"DCTN3, ATP5MG, MRPL50, LAMP1, EIF2S2",0.004789234467586148,9.915506362915039,32,7,-2.4183998107910156,8.934426307678223
3416,TUG1,"TUG1, MPHOSPH10, SEPHS1, TTI2, TMEM185B",0.0034068761053964915,16.207740783691406,0,3,3.024256944656372,6.2220611572265625
3417,ANXA11,"ANXA11, TYMS, RASA1, NDUFA12, TFDP2",0.0013058874740685257,4.035820960998535,3,9,-1.5587055683135986,5.177043437957764
3418,HSPA9,"HSPA9, MRPL54, KDM6B, TOMM5, PSMD7",0.0007509833371895576,8.193899154663086,2,6,-1.5082199573516846,7.167203426361084
3419,CDK5RAP2,"CDK5RAP2, PTPMT1, MRPL13, CDKN2AIPNL, PHC2",0.01542457029243252,15.581867218017578,0,6,-0.06404706090688705,8.186455726623535
3420,PPP3CC,"PPP3CC, ACADVL, PDLIM2, TRIM56, NUCB1",0.020392236832301302,10.610105514526367,11,6,-1.5961471796035767,8.502758026123047
3421,NUBP1,"NUBP1, FADS3, RANBP3, HSPBP1, PMM2",0.0037274655979043056,8.220209121704102,0,6,-1.1296943426132202,9.114337921142578
3422,VAPB,"VAPB, AKT1, POM121C, PLPBP, CYB5B",0.003287267793207032,4.889235019683838,7,4,3.1106183528900146,7.031004428863525
3423,TEX264,"TEX264, TPGS2, FBXW5, VPS37B, RAB21",0.009767685363472013,6.6664018630981445,0,7,-2.044804811477661,8.986527442932129
3424,UTP6,"UTP6, FASN, CMTM6, ATPSCKMT, DNM1L",0.010818669877136772,14.507927894592285,21,9,-1.4957636594772339,5.693856716156006
3425,NUDCD3,"NUDCD3, TLE3, MRPL13, SRP54, ADPGK",0.0015343197424303625,5.115729331970215,6,6,-1.238247275352478,7.077597618103027
3426,COASY,"COASY, BNIP3, C6ORF47, HGS, IFNGR2",0.0023304012956913557,5.7808403968811035,1,6,0.2935595214366913,5.663488388061523
3427,GABARAP,"GABARAP, ADD3, ARID4B, DIP2B, CALR",0.003308836505241197,7.197890758514404,0,7,-1.933797001838684,6.589970588684082
3428,RBMX,"RBMX, LRBA, GUK1, TWF2, GSK3B",0.002086282691304672,9.56873893737793,6,5,0.050368405878543854,4.686030387878418
3429,WNK1,"WNK1, PAFAH1B1, HERC4, NDUFA3, MON2",0.00453727269518704,11.019014358520508,3,9,-1.6526426076889038,4.555029392242432
3430,ZNF621,"ZNF621, PBX2, MAPK3, SAV1, VTA1",0.0055304138447601755,7.657221794128418,38,4,2.895836591720581,6.949166297912598
3431,MFSD11,"MFSD11, IL10RB, SLC2A4RG, NUDT22, CYB5R4",0.01166279083447386,6.443652153015137,10,1,1.0363483428955078,6.508800983428955
3432,HINT1,"HINT1, TRMT112, CANX, RTN4, TRA2B",0.0010460825336569947,6.122298717498779,9,9,-3.7622509002685547,6.144017219543457
3433,ZZEF1,"ZZEF1, ERV3-1, EMC3, ANKRD16, GALNT1",0.005135314256134338,6.458629608154297,3,9,0.00956894364207983,4.509486675262451
3434,UBE2Q2,"UBE2Q2, ATM, BRD2, RNF181, DYNC1H1",0.0218549876666183,12.47198486328125,8,9,-2.249159097671509,4.392582416534424
3435,HERC1,"HERC1, MOB1A, CCNL1, ATP6V1A, EMP3",0.003618641641731928,3.5724353790283203,5,1,-0.6745455861091614,9.133318901062012
3436,COMT,"COMT, GATAD2B, MDM4, ATP2C1, KIAA0232",0.0062706128259326505,11.132054328918457,7,9,-1.616328477859497,5.6729631423950195
3437,TFG,"TFG, THAP11, RC3H1, ZNF664, PPIH",0.0003568641445652728,3.1956124305725098,5,1,-2.335956573486328,8.600422859191895
3438,LGALS1,"LGALS1, PFN1, RPL18A, RPL36AL, RPS4X",0.0006852968050855101,15.258594512939453,0,5,0.4204184412956238,4.132981777191162
3439,SKP1,"SKP1, SELENOK, KTN1, SSBP1, LPGAT1",0.0029500115686728182,9.021145820617676,25,8,-1.4958558082580566,4.952851295471191
3440,PPHLN1,"PPHLN1, RRP15, DHX36, CHP1, PDCD6",0.000540198196855674,4.045989036560059,0,8,-3.7640891075134277,5.976130485534668
3441,CHD2,"CHD2, RPAIN, HDGF, KDM5A, WTAP",0.016855948454699822,6.903382301330566,3,1,-1.8751896619796753,5.678800106048584
3442,MRPL36,"MRPL36, CPSF2, TUG1, TMEM185B, POLR3D",0.0057519833411111415,35.207481384277344,14,3,-0.1531447172164917,4.213106155395508
3443,TMEM219,"TMEM219, TNRC18, VPS53, SPCS1, GTF2B",0.0013058874740685257,4.573495388031006,0,6,-0.5562954545021057,7.39964485168457
3444,AP2A1,"AP2A1, BCR, TMEM39B, WDR5, ZNF787",0.004533351111180828,12.8225736618042,3,6,-0.5975349545478821,7.27662992477417
3445,CDCA3,"CDCA3, AGTRAP, TBCD, RAB9A, NFKBIB",0.015186334064055153,5.9386725425720215,3,1,-0.23999318480491638,6.903249740600586
3446,ELMOD2,"ELMOD2, LMNB2, DNAJC30, YIPF1, CEP55",0.0022215773395189787,5.20539665222168,0,0,-0.5162755846977234,4.831130504608154
3447,CCDC77,"CCDC77, ZBTB8OS, MORN2, EXOSC4, MON1A",0.005763748093129777,19.840999603271484,0,3,3.9684832096099854,6.197736740112305
3448,LSM14B,"LSM14B, FAF2, UNC119, KHSRP, METTL1",0.0071363024953039035,9.734992980957031,0,0,-3.8586535453796387,5.8455986976623535
3449,SLC39A7,"SLC39A7, MRPS23, GHITM, ACAP2, CAPZA2",0.003545111941615457,9.808441162109375,7,0,-2.798527956008911,7.170140743255615
3450,ARF4,"ARF4, PHPT1, TNKS, EHD1, RPS6KA3",0.001953929231095024,11.814950942993164,30,5,1.8146262168884277,5.195606708526611
3451,OSBPL9,"OSBPL9, RDX, DYNC1I2, NEK7, BTG3",0.004498056855124922,9.337350845336914,30,7,-2.6910762786865234,7.615904331207275
3452,SCAMP1,"SCAMP1, GRSF1, KIF22, ABT1, RNF187",0.00015686336024847158,2.8611207008361816,18,1,-0.10883742570877075,7.382936000823975
3453,PPP1CC,"PPP1CC, HLTF, CLN8, VAPA, PPIA",0.004737273479503841,12.621825218200684,20,9,-1.9869624376296997,4.890100002288818
3454,<SPECIAL>,"<SPECIAL>, ZMYND19, SLC19A1, ABCE1, RPS21",0.0009029447174302644,72.7056655883789,0,2,0.4053771197795868,3.3861727714538574
3455,CYSTM1,"CYSTM1, DHRSX, SELENOK, GUCD1, ZNF91",0.010716708692975266,7.211914539337158,0,7,1.293041706085205,6.594446659088135
3456,ITPR1,"ITPR1, HNRNPF, MEF2A, CD59, DDX24",0.0019833411111416124,12.532057762145996,45,5,0.34045565128326416,3.391247272491455
3457,SQLE,"SQLE, GSPT1, CCAR1, TIPIN, KATNA1",0.00023235385236804851,2.6220409870147705,2,1,-0.7084176540374756,9.211724281311035
3458,B4GALT7,"B4GALT7, RBM12B, SAP130, DGKH, PTRH1",0.004026486378377954,7.241944789886475,0,8,-0.3388312757015228,5.903528213500977
3459,GRHPR,"GRHPR, HDAC7, PPP1R9B, CSNK1G3, CREM",0.007235322491460751,4.8724684715271,0,9,-0.0034716182854026556,6.507645606994629
3460,EIF4A3,"EIF4A3, TRAPPC1, BRWD1, MPC2, CS",0.014568684583076797,9.063813209533691,6,6,-1.7716366052627563,8.169574737548828
3461,CLK4,"CLK4, UCHL3, FARSA, DDX10, CEP57L1",0.013546131553457073,12.88100528717041,0,9,-3.1731069087982178,5.799081802368164
3462,NSD3,"NSD3, MPP1, RNMT, ADK, CDS2",0.01021572633618171,8.696755409240723,0,1,0.8274765610694885,6.341835975646973
3463,CAPN1,"CAPN1, PTPN11, RFXANK, NDUFB11, ARIH2",0.011010827493441152,19.063169479370117,32,8,-2.7152366638183594,4.799436569213867
3464,DPCD,"DPCD, RNF121, COG1, MTLN, ZNF286A",0.01161573182639932,8.943336486816406,0,1,1.6122891902923584,5.859068393707275
3465,COX15,"COX15, IMPA1, MED13, RNF8, RIOK2",0.00013137306420809493,3.492490291595459,7,6,-2.154010772705078,8.826911926269531
3466,CDC42SE1,"CDC42SE1, TRMO, NSMCE2, DDHD1, PDZD8",0.019789293291346242,8.735991477966309,0,1,1.337998628616333,6.628054141998291
3467,FKTN,"FKTN, ZNF426, FBXO25, ABHD2, MTMR4",0.017225557747285285,8.69459342956543,0,1,1.571104884147644,6.543197154998779
3468,PPDPF,"PPDPF, RPS21, RPL8, MT-ND1, RPL36",0.0006676496770575571,18.53893280029297,1,5,0.3070076107978821,3.5622966289520264
3469,CBX1,"CBX1, ATP5F1A, COX10, TGFB1, FUS",0.004355899434899745,12.111069679260254,3,8,-3.0553700923919678,4.834016799926758
3470,GAPVD1,"GAPVD1, NSMAF, YWHAH, BOLA3, DYNC1H1",0.0032078557170812433,14.03216552734375,7,0,-3.9744606018066406,6.078976631164551
3471,GGPS1,"GGPS1, CCZ1, MAN1B1, FGD6, PUM1",0.00025588335640531925,2.874922513961792,4,0,-3.2351081371307373,8.27401065826416
3472,CTNNA1,"CTNNA1, RPRD2, EPS15, MRPL41, TRAM1",0.0009960823375777944,5.748675346374512,1,6,-0.6205390095710754,8.598050117492676
3473,RHOA,"RHOA, TAOK1, RBX1, PET100, PPP1CB",0.006005905905513355,12.434184074401855,9,8,-1.2900222539901733,6.889557361602783
3474,SEC62,"SEC62, DENND6A, ARL6IP6, ITGB1, PGK1",0.0020892238793093305,5.384637832641602,3,6,-1.2585604190826416,7.057631015777588
3475,METTL26,"METTL26, MAN1A1, UGP2, ST13, CEP78",0.0048696269397134895,7.52256965637207,0,9,-3.5160324573516846,6.330604076385498
3476,BANP,"BANP, SMPD4, EXOSC1, CABIN1, CHID1",0.010754944137035831,14.867637634277344,0,9,-2.464310646057129,5.959710597991943
3477,STAM2,"STAM2, SETDB1, GON7, PRRC1, ACBD5",0.006708849838626818,9.475985527038574,0,9,0.06375474482774734,5.404886245727539
3478,THRA,"THRA, METTL17, IPO8, MRPS31, CLASRP",0.0007480421491848988,3.373000144958496,1,4,2.896599054336548,6.805779933929443
3479,THOC1,"THOC1, MRPL50, BMP2K, PPP4R3B, ERGIC1",0.007948070384589744,10.775527954101562,0,4,3.6093790531158447,6.46821928024292
3480,NSUN3,"NSUN3, DHRS7B, CRTC3, KAT6B, FKTN",0.005371589692508598,6.43880033493042,31,8,0.48908716440200806,4.876482009887695
3481,ARHGEF7,"ARHGEF7, PEX16, RAN, ACYP2, MAPRE1",0.004216683202679226,11.28117561340332,24,5,1.0703085660934448,5.07391357421875
3482,CDK2,"CDK2, FEN1, OXA1L, PAFAH1B3, TAF5L",0.0005490217608696505,6.040910720825195,10,8,-3.791726589202881,5.771866321563721
3483,PTDSS1,"PTDSS1, CXXC1, ELOVL1, NPLOC4, PMF1",0.01179220310667885,12.734672546386719,0,9,-1.0703550577163696,5.705041408538818
3484,MFN1,"MFN1, ARFIP2, PISD, SBF1, ACP1",0.0035627590696434104,4.737148761749268,0,1,-2.2944140434265137,8.33054256439209
3485,SEC11A,"SEC11A, TRAPPC3, SF3B5, TP53I3, DENND10",0.0002362754363742603,2.826289653778076,0,9,-1.3865675926208496,5.236629962921143
3486,RSRP1,"RSRP1, SPCS2, RPL38, G3BP1, NSD3",0.0006813752210792983,4.02364444732666,2,9,-1.6870988607406616,4.817470073699951
3487,PDCL3,"PDCL3, VEZF1, GTF2F1, PHC2, CSNK1D",0.01363828877760305,7.964446067810059,2,0,-3.586040496826172,6.701562881469727
3488,EIF5,"EIF5, HSD17B11, SMIM26, RTF2, AKAP9",0.00038823681661496714,3.205859422683716,4,9,-1.0349371433258057,5.2435503005981445
3489,EMG1,"EMG1, CLPX, ZFP91, DESI2, SLC35F2",0.005887277989325449,25.953779220581055,3,3,2.6682422161102295,5.843252658843994
3490,NPRL3,"NPRL3, LYRM1, FKBP15, FAM76B, SLC4A2",0.0011000043137424067,4.177922248840332,4,7,1.8047223091125488,6.7147650718688965
3491,MRPS18B,"MRPS18B, ARL14EP, PTK7, COPS4, PTPA",0.002583343464092016,6.396169185638428,4,4,3.116663694381714,6.360666751861572
3492,LDHA,"LDHA, TRIP12, PTP4A2, EIF5, FXR1",0.0001098043521739301,2.410886526107788,1,9,-1.7778841257095337,5.659363746643066
3493,MCOLN1,"MCOLN1, ARL6IP1, PPIL3, PCYOX1, UBIAD1",0.001340201334122879,6.266751289367676,0,7,0.26028144359588623,8.677899360656738
3494,CAPZB,"CAPZB, PSME2, RALA, NDUFA2, SAP18",0.0007676500692159577,3.1141366958618164,6,1,-0.35224050283432007,7.962892532348633
3495,NFE2L2,"NFE2L2, ARMC8, PPP1R10, SPATS2, STRADA",0.00042843305267863796,3.1114985942840576,7,0,-2.448747396469116,8.069032669067383
3496,TCF20,"TCF20, TMEM185B, CAMSAP1, SRSF2, KIF22",0.0028205992964678295,6.515946388244629,0,1,-2.1401054859161377,5.559983253479004
3497,CMSS1,"CMSS1, ORC1, DDX1, MRPL35, ETS2",2.2549108035717786e-05,2.7273058891296387,0,1,4.0490641593933105,6.375080585479736
3498,ADD1,"ADD1, ITPR1, MYH9, ARHGEF7, FBXL20",0.031087376813242404,7.006496429443359,22,1,-0.17893937230110168,8.344198226928711
3499,COPE,"COPE, FNDC3A, RNF24, RAD50, B4GALT4",0.007702971384201507,6.024367809295654,1,1,2.110199213027954,6.244688510894775
3500,OSBPL11,"OSBPL11, CIR1, SPEN, ECH1, TYW3",0.0003754916685947788,4.058903694152832,7,9,0.0024678127374500036,8.339406967163086
3501,ZNF148,"ZNF148, ZFP91, CYC1, ARL8A, DCXR",0.004622567147322146,10.947145462036133,2,6,-0.48448118567466736,7.268568515777588
3502,CHCHD6,"CHCHD6, RCE1, BCL7A, MTA2, FAM104B",0.009311801222749893,11.516883850097656,0,9,-3.3786237239837646,5.840322017669678
3503,APLP2,"APLP2, KMT2E, COX6C, GSTK1, IPP",0.008172581068945368,11.664891242980957,2,7,-2.9020681381225586,7.689854145050049
3504,NUP58,"NUP58, USP36, NSMAF, GET3, TMEM50B",0.0030813846328809134,4.250502109527588,8,9,0.12467268854379654,7.024689197540283
3505,MAP1S,"MAP1S, ABHD10, CPSF1, AP3M2, BMP2K",0.00999611763183385,13.971878051757812,0,4,3.371598958969116,6.982579231262207
3506,STAM,"STAM, KIF3B, NAA60, AAMP, CUL4B",0.009135329942470363,12.697373390197754,5,8,-3.1221799850463867,5.772422790527344
3507,KLHL20,"KLHL20, RNF11, HMOX2, RALGDS, PTPN9",0.05984729351879811,8.957119941711426,0,1,-2.9175140857696533,6.904249668121338
3508,SNAPC4,"SNAPC4, C9ORF40, GTF2H4, DNAAF5, INCENP",0.011002984325428728,9.736117362976074,0,1,1.1858006715774536,8.222536087036133
3509,BCLAF1,"BCLAF1, STXBP5, RUVBL2, ARHGEF1, RPL36A",0.0016264769665763395,6.541745662689209,0,7,-1.8494693040847778,8.731327056884766
3510,METTL26,"METTL26, LRIF1, STX17, HDAC2, LIG1",0.0061882595618022035,8.041015625,1,7,-3.5598061084747314,6.958893775939941
3511,FBXL12,"FBXL12, MXRA7, TXNDC15, MRPL44, SLC35F5",0.011945144882921109,7.527804374694824,0,4,3.104597330093384,6.59672212600708
3512,DDT,"DDT, LACTB2, SDF2, RNF214, KIF22",0.002100988631327966,5.183849334716797,1,0,-2.2267696857452393,5.848584175109863
3513,KCTD10,"KCTD10, OGFOD1, TRAF3IP1, INTS10, TRMT1L",0.001243142129969137,5.817530155181885,2,1,0.36084818840026855,7.231092929840088
3514,MRPL19,"MRPL19, MRPS11, ZDHHC6, NXT1, RAB10",0.01482260714747901,13.120101928710938,14,9,-2.1466405391693115,5.621588230133057
3515,LCOR,"LCOR, PCNX1, COX17, PRMT1, RESF1",0.005954925313432602,11.84325122833252,8,0,-3.6522891521453857,6.7276740074157715
3516,NUF2,"NUF2, TM2D2, MYCBP2, ETF1, LSM14A",0.0029686390927023245,7.56390380859375,8,7,-2.9894120693206787,6.2353410720825195
3517,MMS19,"MMS19, SMG1, QSER1, POP5, TIMM22",7.549049211957694e-05,2.456326961517334,6,8,-0.3353193700313568,6.378513813018799
3518,CASC3,"CASC3, ZNF318, STAU1, MAP1LC3B, SLC39A3",0.001398044698214503,12.700111389160156,3,1,3.503424882888794,5.700832843780518
3519,NFIA,"NFIA, ITM2B, RPL36AL, MTDH, MICAL3",0.0011392201538045247,5.66688871383667,0,0,-1.934092402458191,7.313121795654297
3520,TMEM80,"TMEM80, ARMCX6, SHARPIN, MFSD11, FOXK1",0.001729418546739399,5.834275722503662,1,6,-0.5752885341644287,8.203612327575684
3521,CENPE,"CENPE, MRPS21, TIMM13, MYDGF, FDPS",0.0008431405613355346,4.361607074737549,25,9,-0.6619267463684082,4.061792373657227
3522,RAB9A,"RAB9A, ZFYVE16, PIKFYVE, TMED10, PSMA7",0.002195106647477049,5.605327606201172,5,1,-0.6224378943443298,6.047377586364746
3523,RPL35A,"RPL35A, EXOC4, LY6E, RPL38, RPL18A",6.568653210404746e-05,3.504181146621704,0,5,2.279644727706909,5.248659610748291
3524,PML,"PML, ABCC4, UIMC1, GABARAPL2, BLVRB",0.009817685559551214,8.519908905029297,0,1,2.256953001022339,6.031981945037842
3525,BOLA3,"BOLA3, DAD1, MTMR12, C21ORF58, MAFG",7.745128412268283e-05,2.7406342029571533,0,9,-1.623948097229004,5.564022064208984
3526,TTC14,"TTC14, GDI1, CREBBP, VOPP1, AP3S1",0.014514762802991384,9.281167030334473,1,7,-1.8289915323257446,9.057258605957031
3527,PI4KA,"PI4KA, VMP1, RBM33, MAN1A1, DIPK2A",0.00576472848913133,5.924396514892578,5,1,0.2747858464717865,7.099883079528809
3528,DCP2,"DCP2, CASP8AP2, CNOT6, LMNB1, E2F6",0.0030951101769026547,20.443653106689453,4,3,3.9985716342926025,6.180372714996338
3529,NPIPB5,"NPIPB5, ZNF668, NUBP2, PHB2, TALDO1",0.0006715712610637688,4.045656681060791,0,0,-1.6198844909667969,6.558913707733154
3530,RHOBTB3,"RHOBTB3, TARBP1, NDUFB5, PPM1G, MLF2",0.0027823638524072645,6.045208930969238,25,0,-2.423400402069092,8.081562995910645
3531,PWP1,"PWP1, TPM4, ASAH1, ATRX, DHX36",0.00424805587472892,13.45584487915039,4,0,-2.6830437183380127,8.54608154296875
3532,GGCX,"GGCX, IARS2, NSRP1, RTTN, SRRD",0.013800054117859286,10.692461967468262,0,6,0.05726294592022896,8.710458755493164
3533,JPT1,"JPT1, DDX24, STAM2, TRIM44, CAMSAP1",0.028831485613669074,12.982283592224121,0,7,-1.8347442150115967,8.859349250793457
3534,RAPGEF6,"RAPGEF6, AVL9, TMED10, LMBRD1, GPCPD1",0.059795332530715804,11.682909965515137,17,1,2.1335349082946777,8.148950576782227
3535,TMEM11,"TMEM11, UBP1, RNF34, SMC2, CHTOP",0.005051000200000784,7.107581615447998,1,0,-3.6541857719421387,6.361964225769043
3536,REXO1,"REXO1, RSL24D1, PPID, MTF1, NDUFA12",0.00033921701653731975,3.285226821899414,1,0,-0.7216587662696838,4.171377182006836
3537,PPM1D,"PPM1D, ATG13, GTPBP1, KTI12, DCLRE1C",0.006092180753650014,7.508603572845459,1,7,1.075127124786377,5.904452323913574
3538,DHODH,"DHODH, TUBA1C, VPS52, UTP4, DHDDS",0.0003656877085792493,3.3676817417144775,1,0,-3.7952933311462402,6.461798667907715
3539,TFCP2,"TFCP2, FNIP2, MLLT10, FUOM, CPNE3",0.01787359950431178,6.17514705657959,20,1,-1.2645126581192017,6.141077995300293
3540,GOLGA1,"GOLGA1, RNF130, GSTK1, AP3M1, TMEM69",0.00537551127651481,7.198179244995117,0,8,-0.32424846291542053,5.454774379730225
3541,DCAF10,"DCAF10, CLCC1, B3GALT6, PIBF1, RAF1",0.011317691441927223,8.806711196899414,0,8,1.283746600151062,5.986142158508301
3542,ENO1,"ENO1, TBL2, METRN, PRR12, GOLPH3L",0.0015588296424691862,5.953393459320068,4,8,-3.8686747550964355,5.736604690551758
3543,CACUL1,"CACUL1, MAP4K5, YDJC, NAA15, SUGT1",0.005259824548331562,5.980398178100586,4,7,-3.340487003326416,7.7537713050842285
3544,PAIP2,"PAIP2, ATRX, EIF3A, CALM2, MAPK8",0.005420609492586245,9.610190391540527,0,1,-2.1367876529693604,7.848579406738281
3545,PPP4R2,"PPP4R2, DNAH14, VRK3, RAB11A, SNX8",0.00021764791234475428,2.8189241886138916,11,9,-1.799226999282837,4.556221008300781
3546,NTHL1,"NTHL1, WASF1, RAP1B, TBCA, RB1",0.004660802591382711,7.800288677215576,4,7,-0.6890379190444946,7.385278224945068
3547,STAU2,"STAU2, PRDM4, CREB3L2, MEX3D, CDKN1B",0.018047129596586654,10.347302436828613,0,7,0.8339645862579346,5.7373528480529785
3548,MARCKSL1,"MARCKSL1, PTBP2, SEC62, ASH1L, LAMTOR4",0.008556896301554123,14.350863456726074,2,6,-1.0180054903030396,8.136884689331055
3549,SLC38A1,"SLC38A1, RBPJ, REV3L, PSMB5, NASP",0.0012715736140141726,8.849764823913574,2,5,-1.9413203001022339,5.049894332885742
3550,ZFYVE27,"ZFYVE27, MAP3K7, SZT2, TPRA1, CKAP2L",0.004784332487578383,5.644149303436279,0,4,2.8561627864837646,6.660483360290527
3551,TDRD3,"TDRD3, HERPUD1, PRKAR1B, FNBP1, PDCD4",0.02005203941976243,11.855362892150879,0,0,-3.8431286811828613,6.618815898895264
3552,LZIC,"LZIC, ZC3H15, TLK1, CAPZA2, PSMC5",0.0019980470511649067,7.725131034851074,0,9,-1.6717230081558228,4.510777473449707
3553,CAPNS1,"CAPNS1, MFSD5, PSMC3, PDCD10, XPO6",0.0005284334448370385,3.252192258834839,3,6,-0.6503221988677979,6.277828693389893
3554,CKS1B,"CKS1B, KIAA0319L, SYAP1, PDCD5, BNIP3",5.490217608696505e-05,2.8226983547210693,7,9,-1.7008694410324097,5.781394004821777
3555,RBBP8,"RBBP8, KIF2C, IRGQ, MKNK1, ZBED4",0.006575515982415617,12.243793487548828,4,8,-3.4666683673858643,4.855907917022705
3556,POLK,"POLK, SMDT1, KLC1, PNPO, ADI1",0.008189247800971768,6.185614585876465,43,1,-1.8613808155059814,9.167259216308594
3557,MRS2,"MRS2, REXO1, MLEC, MKI67, HNRNPC",0.0042833501307848265,9.515436172485352,2,7,-1.9398661851882935,9.249713897705078
3558,PPP1CB,"PPP1CB, RAB11A, VASP, ANXA11, RNF220",0.00811963968486151,9.099466323852539,10,8,0.5147695541381836,6.189695358276367
3559,CHST12,"CHST12, HNRNPM, NUFIP2, EHBP1, EIF5A",7.549049211957694e-05,3.844712018966675,4,4,3.149885416030884,7.1178154945373535
3560,CDK2AP2,"CDK2AP2, RNF146, INF2, ALS2, TMEM167B",0.0033568759093172917,4.867387294769287,0,7,0.3683238625526428,6.571203708648682
3561,TMEM186,"TMEM186, PARP4, ATP5IF1, TONSL, BUB1B",0.010965729277369714,5.6288933753967285,2,0,-1.7328248023986816,7.174272537231445
3562,ADD3,"ADD3, CEP170, SUCLG2, KDM6A, RAB6A",0.005418648700583139,9.579298973083496,3,9,-1.3602393865585327,5.49383020401001
3563,SMDT1,"SMDT1, TMEM263, HNRNPF, MSL2, SRP14",0.0028137365244569586,9.14901065826416,0,5,0.1478428691625595,5.300991535186768
3564,YAF2,"YAF2, BZW1, PPHLN1, FAAP20, PRDX5",0.00010392197616461241,2.9142067432403564,1,9,-3.4636073112487793,5.639927864074707
3565,JTB,"JTB, GFER, GLUD1, PPP1R18, ZNF518A",0.01610986709751803,9.085801124572754,1,8,-2.8284261226654053,4.62266731262207
3566,BRAF,"BRAF, METTL16, KLHL20, TUBB, SYNJ2BP",0.013632406401593732,10.724303245544434,1,7,-0.2583143413066864,4.408252716064453
3567,RPAP2,"RPAP2, UBAP1, MBTPS1, TBCD, SMNDC1",0.003311777693245856,6.89486026763916,5,8,-0.838975191116333,7.884156227111816
3568,DDX6,"DDX6, ANXA2, DCTN3, NDUFAF4, HSD17B12",7.549049211957694e-05,2.668199300765991,6,9,-0.5915035605430603,4.045851230621338
3569,PRKAG1,"PRKAG1, RBM14, KLHL21, NIFK, ESS2",0.010405923160482982,11.404626846313477,1,4,3.646735429763794,6.561665058135986
3570,UBAP2,"UBAP2, NT5C3B, MORN2, SMG6, NUP54",0.008275522649108427,11.428711891174316,0,0,-3.276390314102173,8.30042839050293
3571,BIRC5,"BIRC5, PLEKHA8, EIF2S2, EIF3G, TMEM101",0.004202957658657485,6.229267120361328,1,1,1.7119956016540527,7.228898048400879
3572,RPF2,"RPF2, PPP6R1, UXS1, TBC1D13, HNRNPH2",0.000817650265295158,3.5442397594451904,2,7,-1.3572121858596802,6.7092366218566895
3573,CCDC32,"CCDC32, NUP54, MORN2, NUBP2, INTS14",0.006004925509511802,8.542509078979492,7,0,-3.1398940086364746,7.283001899719238
3574,HIPK2,"HIPK2, EPC1, VAPA, TAOK3, COX5B",0.005321589496429397,13.92673397064209,19,0,-3.2026405334472656,7.13015604019165
3575,PIH1D1,"PIH1D1, CCND3, PPHLN1, AP3B1, C8ORF76",0.00011568672818324778,2.4319729804992676,6,0,0.7375447750091553,5.660520076751709
3576,TRAPPC1,"TRAPPC1, MRPL47, WDR83, CYCS, CCZ1",0.004157859442586049,5.729795932769775,10,0,-1.4562327861785889,6.924231052398682
3577,ATP1A1,"ATP1A1, CSNK2B, SPCS1, EMP3, SCAF11",0.0031294240369570078,5.765454292297363,2,8,-2.9962124824523926,4.714949131011963
3578,PTPA,"PTPA, NIPSNAP1, HADH, TRAPPC12, TNFAIP8L1",0.0016676535986415632,4.483789920806885,0,7,-0.5914875268936157,4.88166618347168
3579,SDR39U1,"SDR39U1, JMJD6, TACO1, C5ORF24, ACOT8",0.00010294158016305947,2.454113006591797,1,6,-1.2441182136535645,8.733068466186523
3580,NUMB,"NUMB, GATAD2B, PPP2CA, ARPC5L, ZBTB24",0.0003813740446040965,3.188206434249878,6,9,1.683091163635254,7.206864833831787
3581,PPCDC,"PPCDC, NUDCD2, DNAJC1, BOP1, ATP6V0B",0.001188239953882172,3.587643623352051,5,9,-2.484866142272949,6.155765533447266
3582,WDR45,"WDR45, IREB2, BOD1, MACO1, TUBGCP2",0.002563735544060957,8.1240816116333,5,0,0.10233673453330994,4.511363506317139
3583,KAT6A,"KAT6A, GOLGA7, WNK1, SEPTIN11, PSAT1",0.010333373856368065,6.804938793182373,0,9,-1.8500155210494995,4.491360187530518
3584,SEC23A,"SEC23A, CDKN3, KPNA5, MOB4, HAUS1",0.006596104298448229,6.744605541229248,9,1,2.215420722961426,6.352698802947998
3585,IMP4,"IMP4, MRPL3, ZC3H14, TPGS1, P4HB",0.0002117655363354366,2.7925891876220703,9,6,-0.7311336398124695,8.031414031982422
3586,VAMP2,"VAMP2, CTNNA1, FEM1B, GALNT1, DBI",0.019520664786920734,8.2644624710083,7,1,-2.9218382835388184,5.944529056549072
3587,CDC42SE2,"CDC42SE2, TTPAL, DYNLRB1, AMFR, THRA",0.01852458244934294,10.442034721374512,2,6,-0.9150445461273193,8.396578788757324
3588,PRKAR2A,"PRKAR2A, UNC119, CPSF6, COPA, RALBP1",0.000706865517119675,4.071371078491211,12,8,-3.0861117839813232,4.819453239440918
3589,ANAPC1,"ANAPC1, TMEM41A, POLR2D, SCAMP4, HMBS",0.001075494413703583,8.346369743347168,2,4,2.5212533473968506,6.223596096038818
3590,TAPBP,"TAPBP, TXN, TFDP2, TMEM131L, MT-ND6",0.004593155267275558,6.548614978790283,8,8,-0.5078131556510925,4.930007457733154
3591,RALGPS2,"RALGPS2, DYNLL2, BOD1L1, DICER1, UBE2Q1",0.0003333346405280021,4.396884441375732,12,8,1.5598647594451904,8.044172286987305
3592,TIMM8B,"TIMM8B, ANP32A, APEX1, HSBP1, HIGD2A",0.004260801022749109,12.000946044921875,4,8,-2.093609571456909,4.866191864013672
3593,SRRM2,"SRRM2, NDUFS6, UBE2I, PARP14, SIVA1",0.002977462656716301,5.290510177612305,3,8,-1.287302017211914,7.120920658111572
3594,PLD3,"PLD3, DDAH2, FKBP11, KHDRBS1, SH3KBP1",0.0023353032756991206,15.971776962280273,16,5,0.19124585390090942,3.839061737060547
3595,CFLAR,"CFLAR, MID1IP1, POLR2J3, ATG3, CSNK1G3",0.02410695728218542,12.276477813720703,4,8,-2.4543352127075195,5.177772521972656
3596,PAFAH1B3,"PAFAH1B3, OLA1, AHCYL1, MKRN1, EIF5B",4.607861207298852e-05,2.960102081298828,1,6,-1.0888110399246216,6.029613018035889
3597,SAT1,"SAT1, MYL12B, HSPB1, TAGLN2, COX6C",0.0007960815532609931,11.6575927734375,2,5,0.3400188982486725,3.5046117305755615
3598,SF3B5,"SF3B5, CFLAR, PDIA6, SKP1, RAD23A",0.0006843164090839572,4.9494452476501465,10,9,-3.5116336345672607,5.884486675262451
3599,GCSH,"GCSH, DDX10, MARK4, PYCR3, KAT7",0.004118643602523932,12.733418464660645,2,4,3.44348406791687,6.771232604980469
3600,GTPBP4,"GTPBP4, NFYB, PAM16, FAM98A, DDX51",0.003892172126165201,7.5928521156311035,3,4,1.8756335973739624,8.43919563293457
3601,ANKIB1,"ANKIB1, OGT, EHMT1, SLC20A2, ACBD6",0.027777559911999657,7.583282947540283,3,0,-2.1469004154205322,6.4524922370910645
3602,CDC25A,"CDC25A, PDXP, STIL, MAPK12, CENPS",0.0033872681853654328,7.318479061126709,0,1,0.49437376856803894,7.325098991394043
3603,UBE3A,"UBE3A, GNB1, QSOX2, TRA2A, RAP1A",0.0075157157479048935,6.785711765289307,18,8,-0.9703477025032043,6.178243637084961
3604,DUSP22,"DUSP22, RTTN, RIT1, SLC2A4RG, UBE2Q2",0.005181392868207326,7.883137226104736,0,0,0.22973930835723877,4.725832462310791
3605,HAGH,"HAGH, PNMA1, ATG4C, GDAP2, SPG7",0.0330648355483747,9.438149452209473,3,1,0.26612433791160583,6.7815937995910645
3606,G6PC3,"G6PC3, MED7, PRMT3, HSPA5, CWC22",0.007857873952446873,13.617809295654297,3,7,-3.007204294204712,7.805109024047852
3607,TWF1,"TWF1, MCFD2, PSMA6, MIS18BP1, PDHA1",0.00043725661669261447,3.003848075866699,10,8,-2.95383620262146,5.976326942443848
3608,<SPECIAL>,"<SPECIAL>, SRM, SLC19A1, RPS8, ABCE1",0.0009313762014752999,71.733154296875,4,2,-1.3890020847320557,5.756004333496094
3609,SLC25A12,"SLC25A12, GOLGA4, ATP6V0A1, VPS13C, PTMS",0.011789261918674191,12.3208589553833,0,9,-2.236771821975708,7.342666149139404
3610,ANKRD13C,"ANKRD13C, VBP1, GRB2, SMARCA4, ZFC3H1",0.0002509813763975545,5.22651481628418,27,5,0.16392038762569427,8.409845352172852
3611,AZI2,"AZI2, TRIM11, PHAX, SLC25A23, DCAF16",0.011514751038239365,13.091266632080078,8,9,-1.386730670928955,5.32163143157959
3612,RPRD1A,"RPRD1A, BNIP3, C6ORF62, NUFIP2, EMC6",0.003881387770148118,7.2397260665893555,20,5,1.0180883407592773,4.724900245666504
3613,DDX18,"DDX18, ARL6IP1, ITSN2, CCT5, LY6E",0.009170624198526269,10.127750396728516,2,9,-2.620270252227783,5.917520523071289
3614,RBM19,"RBM19, BOP1, EIF2D, ZBTB41, RC3H1",0.007309832587578775,13.814739227294922,11,9,-1.3202699422836304,5.751345157623291
3615,RHOA,"RHOA, PSMA2, MSTO1, MTRR, DMWD",0.00018431444829195408,3.444312810897827,1,8,0.1541105955839157,5.5138468742370605
3616,DBI,"DBI, PRDX5, JUND, HERC4, PRMT6",0.005832375813238483,7.877345561981201,0,8,-0.2673415541648865,4.898713111877441
3617,SETD5,"SETD5, POU2F1, ATP5MC2, PLSCR1, FKBP3",0.009066702222361656,4.674473762512207,5,1,0.39927130937576294,8.505514144897461
3618,DCAF15,"DCAF15, DNTTIP1, FAAP20, KDM5A, PSMG1",0.007751010788277601,5.784917831420898,0,1,2.8256421089172363,7.251395225524902
3619,CCT7,"CCT7, EAPP, SRSF2, SLC25A14, SUB1",0.0013088286620731846,4.037109851837158,0,1,-2.3241426944732666,7.470156192779541
3620,SSR4,"SSR4, NCOA2, CFLAR, MYL12A, VTI1A",0.002878442660559453,6.03318977355957,3,9,-1.371484398841858,5.797285556793213
3621,RPN2,"RPN2, ROCK1, MRPL57, PDXDC1, GMDS",0.0002774520684394841,3.1736156940460205,52,0,-2.2097327709198,5.8715620040893555
3622,RCL1,"RCL1, TTC8, CSNK1G1, TRAPPC6B, ASF1B",0.004478448935093863,7.871543884277344,0,9,-0.4109456241130829,5.0596184730529785
3623,NPTN,"NPTN, NPRL3, ARID4B, RAP1B, MMAB",0.0022607931795810966,6.588687896728516,17,6,-1.0004538297653198,7.448116779327393
3624,FBXL5,"FBXL5, SORBS3, TOP2A, SLC35D1, JMJD6",0.014704959627292655,10.122478485107422,13,1,2.44982647895813,6.267032146453857
3625,CBX4,"CBX4, KDM3B, MAP3K7, NSMCE4A, ZXDC",0.0052353146482927385,8.758735656738281,5,6,-0.23546217381954193,3.995309829711914
3626,BZW2,"BZW2, PIGT, FAM89B, EIF3H, TBCD",0.009828469915568296,18.286346435546875,0,8,-2.883408308029175,4.586087703704834
3627,ECSIT,"ECSIT, MYL6B, TMA16, ZNF195, AIMP2",0.006655908454542959,6.927750110626221,0,4,3.5752243995666504,6.24193811416626
3628,CAPZA1,"CAPZA1, PPP4C, LDHA, SNU13, C11ORF58",0.005124529900117255,12.5161771774292,0,9,-1.7965764999389648,4.520027160644531
3629,ING1,"ING1, PPID, OSBPL9, MRPL33, SP1",0.008851015102020007,14.299891471862793,6,7,-2.5510265827178955,8.993680000305176
3630,NCOA6,"NCOA6, ZNF587, MXD4, EIF3G, SMG8",0.0061892399578037565,6.820871829986572,2,1,0.0006985260988585651,6.681040287017822
3631,ACAP2,"ACAP2, NBEAL1, CTNNB1, PKN2, GOLGB1",0.009701018435366414,8.295694351196289,9,7,-2.6967153549194336,7.838701248168945
3632,TRAPPC8,"TRAPPC8, NKAP, SNIP1, ATG101, RBMX",0.0005823552249224507,3.846886396408081,0,8,-1.692521572113037,6.237277030944824
3633,GPALPP1,"GPALPP1, AASDH, AHCY, CPNE1, VRK1",0.007201989027407951,12.761016845703125,1,6,-0.7293411493301392,7.852896213531494
3634,PRKD2,"PRKD2, HYAL2, RAB5B, CWC25, NRBP1",0.01141671143808407,7.626265048980713,5,1,-3.5455071926116943,6.072360992431641
3635,AP3M2,"AP3M2, STRADB, DNAJB12, RRN3, SEPHS1",0.005947082145420178,4.96207857131958,0,1,-1.8913463354110718,7.6873860359191895
3636,SAP130,"SAP130, HJURP, B4GALT1, RELCH, MIOS",0.018455954729234232,10.284208297729492,0,8,-0.20621202886104584,5.189327239990234
3637,MRPL40,"MRPL40, ZNF749, NDUFA5, PPIE, ZNF146",1.2745148020188314e-05,2.0213468074798584,2,4,3.6800575256347656,6.818149566650391
3638,NTAN1,"NTAN1, SRPK1, DLGAP5, DAP3, HMGN4",0.004988254855901396,7.234322547912598,5,4,2.058122158050537,7.63593053817749
3639,IRF3,"IRF3, PBRM1, SUPT4H1, FIP1L1, ERGIC3",0.01660594747430382,8.195019721984863,6,1,1.5294909477233887,6.600080490112305
3640,RNF8,"RNF8, SRSF7, SUB1, RAP1A, EIF3G",0.006616692614480841,14.510384559631348,3,7,-1.8343020677566528,9.211945533752441
3641,PCYT1A,"PCYT1A, BUB1, ST3GAL2, EXTL2, NCKAP5L",8.725524413821231e-05,3.133829355239868,1,0,-3.9325804710388184,7.126704692840576
3642,MARCKSL1,"MARCKSL1, CHD7, TXN, RBM26, PPP1R11",0.0033921701653731977,9.856658935546875,1,9,-0.16091491281986237,5.195468425750732
3643,BCL7C,"BCL7C, C15ORF40, CHAF1A, TRIM41, PUS7L",0.004256879438742897,12.073444366455078,1,8,-3.3716013431549072,4.923668384552002
3644,USP11,"USP11, ZDHHC17, CREB3L2, SPG21, TPST2",0.009303958054737469,7.165294647216797,4,9,-1.351725697517395,4.963159561157227
3645,CYB561D2,"CYB561D2, UBA6, ERGIC2, SPAG7, TMEM50B",0.008187287008968662,7.206517219543457,6,1,2.1183488368988037,6.998231410980225
3646,WBP1L,"WBP1L, SMAD4, SC5D, JOSD2, PMM1",0.010045137431911497,9.589130401611328,0,1,2.576878786087036,6.953648567199707
3647,TMX1,"TMX1, METTL2A, SRSF3, MDH2, TRA2B",0.0015941238985250922,8.214618682861328,4,8,-2.672894239425659,4.965929985046387
3648,HDAC1,"HDAC1, ABI1, CLTB, ATP6V1H, PFDN5",0.0020568708112580834,6.393983364105225,24,1,0.507634162902832,8.506460189819336
3649,SMAGP,"SMAGP, PIK3CB, CCNB2, QTRT2, PSMD13",6.764732410715336e-05,2.607109785079956,5,0,-3.2089011669158936,7.2473344802856445
3650,USP47,"USP47, TAF1D, CELF1, RAP1A, TPR",0.00040588394464292015,4.117945671081543,13,0,-1.5640145540237427,8.556708335876465
3651,CUL4A,"CUL4A, TPM3, JAK1, GLG1, PDS5B",0.001987262695147824,9.993558883666992,9,7,-1.0997567176818848,9.384509086608887
3652,SVIP,"SVIP, SEC31A, CAMLG, ETNK1, MLEC",0.0031911889850548434,6.14699125289917,27,9,-1.1749982833862305,5.801608562469482
3653,CLINT1,"CLINT1, SNX2, AGPAT2, PGP, SPTY2D1",0.00017549088427797757,2.7837579250335693,9,0,-2.769984722137451,7.09853458404541
3654,TIGD5,"TIGD5, LSM14B, ELAVL1, GAPVD1, UBR7",0.023409895725081276,16.374732971191406,4,4,3.8544342517852783,6.479827404022217
3655,USP25,"USP25, PCBP2, CHIC2, VPS11, ATF7IP",0.0038931525221667534,5.981165885925293,0,8,0.7361912727355957,6.019364833831787
3656,ORAI2,"ORAI2, CACYBP, SCAMP3, CCSER2, NDRG3",0.006903948642935855,8.814455032348633,1,6,-0.004050430841743946,4.850244522094727
3657,MAP3K7,"MAP3K7, NSMCE1, MAN1B1, EHBP1L1, LACTB2",0.0040000156863360245,5.29175329208374,1,1,1.086940050125122,7.02044153213501
3658,PIGL,"PIGL, CERK, ELK4, ABRACL, ZGPAT",0.006510809846313123,7.692115783691406,1,7,0.2122988998889923,5.349673748016357
3659,BRWD1,"BRWD1, HIPK2, PPP1CA, HADHA, HERC4",0.0065539472703814525,5.605214595794678,21,1,0.28769978880882263,8.171317100524902
3660,SRSF4,"SRSF4, PGAM1, TMEM219, ZNF292, INTS10",0.01580692473303817,8.216443061828613,8,0,-3.615770101547241,5.471643924713135
3661,GHITM,"GHITM, TMCO1, UNK, SFT2D3, PDRG1",0.007640226040102118,13.532965660095215,0,4,3.4901304244995117,6.397243022918701
3662,DHODH,"DHODH, CPOX, CASP8AP2, SAFB2, TMED7",0.0008539249173526171,3.747295379638672,0,0,2.1831634044647217,6.9763336181640625
3663,BPNT1,"BPNT1, DLGAP5, KAT5, TAF5L, GFM2",0.005325511080435609,7.395414352416992,2,4,2.642331838607788,6.3411173820495605
3664,PIM3,"PIM3, CYSTM1, PHGDH, DDOST, NT5DC1",0.006208847877834815,10.128293991088867,1,7,-0.925881564617157,8.50483512878418
3665,CPSF1,"CPSF1, SUGP1, ZBTB41, RAC1, DCAF17",0.0011794163898681956,4.856339454650879,0,9,-0.9219624400138855,5.477214813232422
3666,PPP1R9B,"PPP1R9B, DCAF17, KLHDC10, GINS4, PUSL1",0.004145114294565861,5.677818775177002,0,0,-1.8364657163619995,6.612227439880371
3667,RRN3,"RRN3, AP3M2, RPE, PKNOX1, MED21",1.9607920031058947e-05,2.591965436935425,0,9,-1.9796134233474731,5.264232158660889
3668,TCF25,"TCF25, DCAF10, SMARCA2, PSMA2, ATP6V1G1",0.006369632822089498,9.42667007446289,0,7,-2.6006693840026855,6.7058329582214355
3669,TMEM107,"TMEM107, ATP1B3, DCP2, RNF220, SERINC1",0.015600061176710497,7.788115978240967,0,8,-1.0547692775726318,8.417707443237305
3670,ZNF326,"ZNF326, SRSF5, EIF3K, SNRPF, TLN1",0.0028735406805516883,10.781872749328613,0,9,-1.2539477348327637,4.9757256507873535
3671,CTNNA1,"CTNNA1, SMC5, FDFT1, HSD17B11, GOLGB1",0.007609833764053977,12.307784080505371,0,6,-0.4315977394580841,8.563445091247559
3672,CEP70,"CEP70, PHC2, MIDN, RHOQ, MTIF3",0.005809826705202766,6.273994445800781,3,9,-1.9053040742874146,6.138820171356201
3673,HIRIP3,"HIRIP3, MAPK1IP1L, PIK3CA, C5ORF15, SIN3A",0.005404923156561398,5.492389678955078,0,8,0.9818874597549438,6.307129383087158
3674,CCDC59,"CCDC59, ST7L, NME4, PRR14L, MESD",3.235306805124726e-05,2.760308027267456,8,6,-1.6600117683410645,8.66649055480957
3675,CAPZA1,"CAPZA1, SSR2, IDH2, TRIM38, KDM6A",0.00447746853909231,7.301761627197266,0,7,-1.1533493995666504,8.141214370727539
3676,EFHD2,"EFHD2, NGDN, CAPN10, HEXA, CDKN1B",0.02564029662861423,11.048310279846191,1,9,-1.574747920036316,5.411606311798096
3677,DNAJC8,"DNAJC8, BAZ1A, RPN2, LIMS1, MRPL57",0.009588272895187825,9.513870239257812,9,1,1.8959622383117676,8.477566719055176
3678,EFCAB11,"EFCAB11, PEX1, PCBD2, MAN2C1, NUBP1",0.016268691249769606,9.863115310668945,0,4,2.9504570960998535,6.575048923492432
3679,R3HCC1L,"R3HCC1L, RAP2A, PPCDC, UBXN6, AK2",0.005421589888587798,7.031121253967285,0,9,-1.4524924755096436,6.6037092208862305
3680,ARHGEF2,"ARHGEF2, SAP30BP, DSTN, SRPK1, COX17",0.005690218393013306,8.232501029968262,7,9,-0.31152763962745667,5.491164207458496
3681,PKN2,"PKN2, AGO3, PHGDH, EIF6, EIF2AK1",0.00040588394464292015,5.7125349044799805,0,8,-2.4241602420806885,6.805116176605225
3682,DDX51,"DDX51, SKP2, PSKH1, FKBP3, NFYB",0.004079427762461813,4.330922603607178,1,4,2.539851188659668,6.603946208953857
3683,PSMC6,"PSMC6, RABGGTA, ZMAT3, NCBP3, EWSR1",0.00041666830066000257,3.2641401290893555,142,7,-0.37978047132492065,4.272960662841797
3684,TLE3,"TLE3, EPS15L1, GPSM2, LYPLA2, SELENOT",0.004493154875117158,6.5233073234558105,1,1,-2.5155727863311768,7.408695220947266
3685,RBM25,"RBM25, PTPN4, SEPTIN6, AMD1, STK38",0.01346868026933439,5.8874735832214355,4,7,-1.1051599979400635,6.7496161460876465
3686,ARPC4,"ARPC4, MYH10, CELF1, TAF1D, POLR2J3",0.014281428554621783,10.300246238708496,35,5,0.49467021226882935,5.602855682373047
3687,MAP2K4,"MAP2K4, PIK3C3, DYNC1LI2, CD59, BTBD2",0.01656869242624481,10.16508960723877,10,7,-2.720729112625122,7.31319522857666
3688,NDE1,"NDE1, FKBP11, COG5, PGLS, NSMCE3",0.008588268973603819,5.992092609405518,14,6,-1.2583224773406982,7.897781848907471
3689,TPR,"TPR, WAC, SPTAN1, TMEM165, NONO",0.003846093514092212,5.8571062088012695,4,1,-1.1406245231628418,6.633434295654297
3690,EEF2,"EEF2, TRA2A, UQCRFS1, SH3KBP1, SEPTIN7",0.0009921607535715827,8.188063621520996,2,5,-2.2295279502868652,8.010241508483887
3691,QRSL1,"QRSL1, HCFC1, KANSL3, SEPTIN6, SLC25A32",0.013459856705320412,13.798794746398926,7,8,-2.470757246017456,4.99638557434082
3692,MCM7,"MCM7, POLDIP2, HADHA, E2F6, CCNA2",0.008027482460715532,6.789934158325195,27,4,2.112746238708496,7.302933692932129
3693,SYF2,"SYF2, PGLS, CENPC, RAB8A, SECISBP2L",0.02496088219953804,12.098605155944824,7,0,-2.9525656700134277,8.470473289489746
3694,PIN1,"PIN1, CWC15, RER1, GTF2H5, PHF20L1",0.030824630684826215,9.04672908782959,2,1,2.008418560028076,8.422792434692383
3695,CASP2,"CASP2, SELENOO, AEN, POLR3D, TRIM52",0.008609837685637983,8.952080726623535,25,6,-0.4974553883075714,7.194242477416992
3696,GPR107,"GPR107, CARHSP1, C19ORF53, PRPF18, ODF2",0.006414731038160934,7.151892185211182,1,7,1.8316749334335327,6.406403541564941
3697,C1ORF174,"C1ORF174, ABCD4, GUCD1, FEM1A, FASTK",0.003953937074263036,6.140381813049316,0,7,1.5435128211975098,6.392961025238037
3698,GTF3C4,"GTF3C4, TUG1, TRIM27, MRPL36, OGFOD1",0.0031088357209243956,21.11669921875,12,3,-4.002315521240234,6.838489532470703
3699,GSK3B,"GSK3B, HADHA, PPP2CA, COPS7A, MRE11",0.0009352977854815117,3.5648608207702637,30,0,-2.1534459590911865,6.537374496459961
3700,PRIM2,"PRIM2, CNOT1, TCEA2, XRCC4, MFHAS1",0.0008764740253883349,4.059047698974609,1,7,1.7300195693969727,6.749908447265625
3701,KXD1,"KXD1, MRPS21, SEPTIN11, FAM3C, FNTA",0.00027941286044259,3.077495574951172,11,1,-1.6825660467147827,5.754574775695801
3702,ELP6,"ELP6, CHAF1A, PDE12, DIAPH3, NAT10",0.00010000039215840062,2.695446252822876,1,1,2.4134645462036133,6.289522647857666
3703,HDAC8,"HDAC8, PSMD8, GINM1, CHCHD1, SLC7A5",0.012410832983658759,8.998771667480469,5,0,-3.4318647384643555,5.5248565673828125
3704,FBXO33,"FBXO33, DDX42, TMEM11, TAF1D, DCTN3",0.00018823603229816587,3.337085485458374,29,6,-1.2488198280334473,8.442100524902344
3705,TUBA1C,"TUBA1C, CSNK1A1, MRPL20, RSF1, TUT4",0.00017058890427021283,3.140033006668091,0,6,-0.8680646419525146,7.6481099128723145
3706,NOL4L,"NOL4L, CPSF6, HNRNPL, DYNC2LI1, PPP2R3C",0.007777481480319531,11.63278579711914,4,4,3.1086435317993164,6.2968058586120605
3707,BCAP31,"BCAP31, MAGED2, ZNF644, TMUB2, MRPL18",0.0008274542253106875,4.214951038360596,0,6,-0.13017506897449493,8.387137413024902
3708,PARPBP,"PARPBP, CORO1C, IQCB1, MRPL50, DNA2",0.0004000015686336025,4.6111321449279785,14,4,3.098827362060547,6.561535835266113
3709,RIOK1,"RIOK1, NT5C3B, ANAPC16, UBE2S, ADD1",0.002523539307997286,9.016342163085938,49,0,-3.403467893600464,8.239872932434082
3710,PRCP,"PRCP, CMSS1, DDX46, WDR20, PPP4C",0.012139263291228592,10.432577133178711,1,9,-0.03433816507458687,4.79547643661499
3711,PCM1,"PCM1, OSTC, CNPPD1, GABARAPL2, COPS9",0.000353922956560614,5.9533233642578125,2,9,-2.210752010345459,6.2014970779418945
3712,MCOLN1,"MCOLN1, TOR2A, D2HGDH, ATF7, MED7",0.014325546374691665,10.856385231018066,0,4,2.7684435844421387,6.953289031982422
3713,MACF1,"MACF1, SELENOF, AKIRIN2, TRIM38, ATR",0.011174553625700493,13.268890380859375,15,0,-2.791818857192993,8.349268913269043
3714,NCKAP5L,"NCKAP5L, GLUL, TTC33, CKAP2L, TMEM129",0.010452982168557523,6.788330078125,0,7,0.3237033486366272,4.456087589263916
3715,ARID1B,"ARID1B, ACTL6A, CDK13, CD59, RAB21",0.026367750461766516,6.705597400665283,59,1,-3.5640738010406494,7.616337299346924
3716,EIF2AK4,"EIF2AK4, ZBTB24, NUMA1, TAF1, VPS52",0.005427472264597116,4.517210006713867,4,0,0.34272488951683044,6.2317214012146
3717,VWA8,"VWA8, TTC17, AP1S2, PSPC1, MRPL51",0.03027364813195346,10.373332977294922,2,0,-3.996454954147339,7.090184211730957
3718,PIGU,"PIGU, PET100, RER1, ZDHHC20, DYRK1A",0.004300997258812779,6.085867881774902,1,8,0.8279504776000977,6.055201530456543
3719,DHDDS,"DHDDS, CENPJ, KLF16, MIER2, PAXIP1",0.0007578461092004283,3.2371420860290527,0,1,-1.6863646507263184,7.221212387084961
3720,JUND,"JUND, COX6C, HECTD4, NDFIP1, SNRPD2",0.015324569900274119,16.409873962402344,0,0,-2.769434928894043,8.197774887084961
3721,CEP250,"CEP250, TRMT10C, ACY1, OGFOD1, BRI3BP",0.0005421589888587798,11.235669136047363,2,3,3.6147451400756836,6.461276054382324
3722,GOLGA4,"GOLGA4, TMA7, PICALM, SCAND1, PKM",0.00497649010388276,9.649600982666016,9,9,-2.001147985458374,6.195870876312256
3723,GNB1,"GNB1, NDUFA2, STMP1, EFHD2, GPATCH8",0.002830403256483359,8.936928749084473,0,9,-1.7028664350509644,5.744175434112549
3724,SDHA,"SDHA, INTS10, SCAMP3, AK2, LZIC",0.001170592825854219,4.3824310302734375,2,8,-0.11487904191017151,6.429009914398193
3725,NUP62,"NUP62, AKT1S1, NFATC2IP, ASPSCR1, MCM2",0.014304958058659053,10.470850944519043,6,0,-3.8323066234588623,6.85638952255249
3726,XRCC5,"XRCC5, SF3B2, TRAM1, NCSTN, HSPA5",0.002731383260326511,5.650041580200195,0,6,-2.504096031188965,7.613448143005371
3727,KLHL20,"KLHL20, MCCC1, PRKCI, SDAD1, BIVM",0.0072912050635492685,7.513234615325928,4,6,-0.31626802682876587,7.485278129577637
3728,LPIN1,"LPIN1, EIF3J, RC3H2, OSER1, TTC33",0.00899807450225295,7.114053726196289,2,4,1.8476938009262085,6.91147518157959
3729,YEATS2,"YEATS2, PI4KA, TRAF3, STK35, HSPA14",0.009582390519178507,8.533949851989746,2,9,-0.05381856858730316,6.380252361297607
3730,SRP14,"SRP14, PRKCA, EZR, DLG1, FCGRT",0.0008156894732920521,8.181300163269043,61,5,0.09066074341535568,3.609365224838257
3731,ATG13,"ATG13, FEM1A, PLP2, WHAMM, GUCD1",0.0017078498347052342,4.1427531242370605,7,8,-0.30855950713157654,6.468094348907471
3732,COX6C,"COX6C, TRMT112, NDUFA11, UMAD1, YWHAH",0.001582359146506457,6.296215057373047,0,5,-2.806421995162964,6.8636603355407715
3733,PDZD8,"PDZD8, RALGAPB, TANK, STAM2, MSL3",0.023096169004584333,6.142649173736572,0,1,3.415126323699951,5.291250705718994
3734,UFC1,"UFC1, TMBIM4, SCAF11, BIRC6, ITGB1",0.005916689869372037,10.603605270385742,36,9,-0.9534310102462769,5.086522102355957
3735,MT-ND6,"MT-ND6, SNRPG, ABR, FABP5, TMEM59",0.003733347973913623,7.682548522949219,0,8,-1.7159048318862915,6.855506896972656
3736,PSMD10,"PSMD10, CCDC18, PPP6C, TAF3, RHBDD2",0.008762779461880242,16.388826370239258,13,7,-2.9527225494384766,8.769289016723633
3737,POLK,"POLK, TOR1AIP1, ARHGEF2, TMEM192, PPP1R16A",0.0026304024721665576,5.113485336303711,0,4,1.6534723043441772,7.160477638244629
3738,ALG13,"ALG13, UBTF, ZZEF1, AAK1, SH3GLB1",0.0004950999807842384,5.644519329071045,2,7,-2.3509511947631836,6.8935041427612305
3739,PTRHD1,"PTRHD1, CWC15, PHF20L1, RER1, MLLT11",0.002028439327213048,4.013185977935791,0,9,-1.2941243648529053,6.564194679260254
3740,ZBTB41,"ZBTB41, PJA2, TAF1, TAF12, TTC32",0.012183381111298476,7.021701335906982,0,7,-3.5782651901245117,6.987747669219971
3741,GOSR2,"GOSR2, UPF3A, CLN5, WDR48, LETM1",0.0059755136294652135,15.042726516723633,2,3,3.8852784633636475,6.200623035430908
3742,KPNA1,"KPNA1, SDCCAG8, RAB14, BLOC1S6, WASHC1",0.0036353083737583284,9.320947647094727,4,5,0.9647860527038574,5.4930243492126465
3743,PAAF1,"PAAF1, NOC4L, ZBTB40, SSH2, TRAPPC11",0.0007931403652563343,3.7303314208984375,0,9,-1.1732531785964966,4.844289302825928
3744,ZNF267,"ZNF267, ARFGEF2, SNW1, RAP2B, SIL1",0.004004917666343789,8.90589714050293,37,5,0.7662409543991089,5.399895191192627
3745,SH3GL1,"SH3GL1, FGD6, COPS7A, CANT1, PISD",0.006249044113898486,8.20468521118164,0,5,2.0607292652130127,5.4069108963012695
3746,UBN1,"UBN1, SNRPG, SSU72, SNRPE, PSMA7",0.0015402021184396802,7.22115421295166,0,9,0.05371466651558876,8.011785507202148
3747,VPS54,"VPS54, BRAF, ENOX2, CREB1, MRPS36",0.000520590276824615,4.08536434173584,5,1,-1.38308584690094,5.039486885070801
3748,TTC4,"TTC4, DPH2, ZKSCAN8, C17ORF75, MPHOSPH10",0.0009098074894411351,18.549158096313477,0,3,0.16210444271564484,6.939671993255615
3749,GOLGA7,"GOLGA7, SETD2, CUL5, UTP14A, CALU",0.004542174675194805,8.395190238952637,17,9,-2.8479650020599365,5.480117321014404
3750,PILRB,"PILRB, THRA, SLC35B2, RFX5, EIF5",0.005850022941266436,5.07396125793457,1,6,-0.6444683074951172,7.102692127227783
3751,HDGFL2,"HDGFL2, MTRR, JOSD2, DMWD, PIGL",0.007026498143129973,11.660527229309082,1,8,-3.447510004043579,4.916134834289551
3752,ACER3,"ACER3, PPP3R1, UFL1, PPCS, PCIF1",0.013826524809901215,8.148768424987793,11,7,-2.91835880279541,7.306969165802002
3753,CREB3,"CREB3, NECAP1, PDK1, KPNA5, RNF114",0.005990219569488508,6.8994951248168945,0,0,-2.3192379474639893,6.909843921661377
3754,MYO9B,"MYO9B, SPCS1, RRP12, RBBP4, LPGAT1",0.001209808665916337,4.0036139488220215,8,6,-0.4866601228713989,9.077221870422363
3755,RIOK2,"RIOK2, NSUN4, PTCD2, MCM5, ERVK3-1",0.0016990262706912576,24.775489807128906,8,3,4.061546325683594,6.1559062004089355
3756,CYFIP1,"CYFIP1, NIT1, EMD, NIPSNAP3A, ACAP3",0.004107859246506849,5.131554126739502,2,1,1.1836062669754028,7.23774528503418
3757,NKIRAS2,"NKIRAS2, C6ORF89, NDUFA7, ZNF33A, RLIM",0.012782403068247326,13.985894203186035,9,6,-0.7597811222076416,9.339680671691895
3758,NCOA7,"NCOA7, MT-ND5, FAF1, SSR2, PRKD2",0.008512778481484242,10.758354187011719,5,0,-0.4368353486061096,5.430241107940674
3759,MED13,"MED13, SEPTIN6, TRIM8, EAPP, CD164",0.0022402048635484844,4.426570892333984,20,1,2.446359872817993,5.931307315826416
3760,SRSF2,"SRSF2, CAPZB, HNRNPDL, DYNLL1, TMEM258",0.003214718489092114,7.649975776672363,0,6,-0.45796045660972595,8.167840003967285
3761,C4ORF3,"C4ORF3, GNAI2, PPM1F, TTPAL, CIZ1",0.008501994125467158,11.492473602294922,0,6,-1.1844369173049927,7.488219261169434
3762,TMEM115,"TMEM115, UFSP2, SPNS1, SUGP1, ARL3",0.008223561661026122,14.958473205566406,2,6,-1.8137670755386353,8.937655448913574
3763,NR1H2,"NR1H2, ROCK1, CNPY3, LTA4H, RNF181",0.07744638214267507,11.784921646118164,2,8,-0.07880216091871262,6.6574177742004395
3764,CHMP2A,"CHMP2A, GRB2, PCBD1, LRRC57, BLOC1S4",0.003345111157298656,5.504981517791748,13,8,-1.712990164756775,6.5861735343933105
3765,NAA15,"NAA15, C1D, BAZ1A, ZFP91, SZRD1",0.00160000627453441,3.6942176818847656,7,1,2.040225028991699,8.330921173095703
3766,FRA10AC1,"FRA10AC1, ASCC1, MTERF4, SAE1, DNAJC10",8.627484813665935e-05,3.222107172012329,4,6,-1.1928857564926147,7.204465389251709
3767,TOE1,"TOE1, PEF1, BUD13, SLC25A32, ANKRD13C",0.005989239173486955,9.43288803100586,2,9,0.08984027802944183,8.092000961303711
3768,CRKL,"CRKL, POLK, FAM222B, KIF20B, NDUFA8",0.003196090965062608,7.919825553894043,4,8,-0.8492664098739624,6.157269477844238
3769,FMR1,"FMR1, SDCBP, CCDC22, ZNF280D, RANBP3",0.008613759269644194,8.65633487701416,3,9,-0.31899476051330566,5.121512413024902
3770,CBX4,"CBX4, SLC35E3, LIX1L, EFR3A, PAF1",0.011923576170886945,10.990809440612793,0,1,1.920546531677246,5.9953837394714355
3771,PPME1,"PPME1, FAM91A1, GCFC2, PCNT, MKRN1",0.004492174479115605,5.801122665405273,6,8,0.24339701235294342,7.072160720825195
3772,XRCC6,"XRCC6, ELOC, ARPC5L, NDC1, BIRC2",0.00017156930027176578,2.9971396923065186,2,6,0.07674229890108109,8.605270385742188
3773,RBM45,"RBM45, CSTF2, SLC25A15, ZW10, SLC16A1",0.0030431491888203484,27.88441276550293,0,3,3.709897994995117,6.26912260055542
3774,GTF2H3,"GTF2H3, PIK3CA, ZNF37A, NPIPB5, MPC2",0.00237844069976745,5.11530065536499,3,1,0.07761214673519135,7.5516133308410645
3775,FMR1,"FMR1, NUDC, CERS5, GMDS, CTSB",0.0013313777701089023,3.78307843208313,2,9,-1.6242730617523193,6.781126499176025
3776,USF3,"USF3, AGPAT5, BLVRA, ZDHHC24, CPSF4",0.011330436589947411,13.610267639160156,4,7,-2.2330586910247803,9.15064525604248
3777,COG1,"COG1, DAP, PRR12, CCDC125, SREK1IP1",0.0035392295656061397,5.3032450675964355,13,1,2.4972333908081055,6.239700794219971
3778,DPP8,"DPP8, PDE4DIP, SNAPIN, ELP5, EDF1",0.002197067439480155,10.136893272399902,3,5,-0.030548440292477608,6.415165424346924
3779,SARAF,"SARAF, HMGN2, EZR, HIGD2A, APRT",0.0013647112341617026,11.182655334472656,0,5,-1.9183671474456787,4.469631671905518
3780,MTX1,"MTX1, PGAM1, CTNNB1, TAF1D, VASP",0.0024990294079584624,9.08167552947998,16,6,-0.675423800945282,8.418249130249023
3781,DNAJC13,"DNAJC13, LRRC75A, PTEN, GOT1, TLNRD1",0.005153941780163844,8.686031341552734,0,7,-0.826850950717926,4.289124965667725
3782,COMTD1,"COMTD1, KDM3B, MRPS18B, ZFAND2B, NTMT1",0.008925525198138032,10.367236137390137,2,6,-0.6088482737541199,8.865350723266602
3783,C11ORF58,"C11ORF58, MDH1, GNAI2, DRAP1, EIF4G2",0.005244138212306715,13.494858741760254,2,9,0.30983951687812805,8.142765998840332
3784,NDUFAF7,"NDUFAF7, TEX10, OGDH, KHDC4, CEP63",0.006842183694838019,6.541164398193359,5,8,-2.6458067893981934,5.105163097381592
3785,FAM98B,"FAM98B, NUDT3, PYCR1, MECP2, ANKRD50",0.00016078494425468334,2.877025604248047,0,7,-0.7111274003982544,9.027083396911621
3786,IFRD1,"IFRD1, C19ORF25, PDXDC1, RPS6KA3, FOXJ3",0.0031460907689834076,8.841341018676758,15,5,-1.5303502082824707,6.967982769012451
3787,KIF23,"KIF23, ARHGAP19, PPP1R8, EIF2D, HCCS",0.0006921595770963808,23.274812698364258,41,3,2.488267183303833,5.832346439361572
3788,CTCF,"CTCF, NAE1, PAK1IP1, PSMC3IP, TBC1D10B",0.00028235404844724883,4.766417503356934,0,0,-2.5850284099578857,7.448514461517334
3789,HERC4,"HERC4, CD164, ZC3HAV1, MRPL51, CDC42",0.00037843285659943765,3.274111747741699,6,8,-1.7245850563049316,6.078866481781006
3790,STMN1,"STMN1, USP33, MICOS13, DCXR, PIM3",0.0036764850058235523,10.263486862182617,3,9,-1.4573570489883423,4.81358528137207
3791,UFM1,"UFM1, IER3IP1, CGGBP1, ATP11A, TMED4",0.00904513351032749,7.947580337524414,5,9,-1.7338672876358032,7.370604038238525
3792,RCAN1,"RCAN1, SQSTM1, PRDX5, TRPT1, YLPM1",0.011352005301981577,9.634160995483398,0,1,1.6334978342056274,6.32395601272583
3793,RWDD4,"RWDD4, CCDC77, COQ4, MON1B, FH",2.3529504037270734e-05,2.300365924835205,1,8,-0.7122576832771301,6.338570594787598
3794,SUPT6H,"SUPT6H, CLCC1, FAM98B, LTN1, DHTKD1",0.009801999223526366,10.194165229797363,1,0,-4.0288310050964355,7.089725971221924
3795,RHBDD2,"RHBDD2, PDXDC1, CCDC107, SMG6, SLC35D1",0.09109741606829831,12.836379051208496,0,9,-0.8610204458236694,7.089022636413574
3796,APC,"APC, USP39, EDF1, NDUFS5, LSM7",0.0039990352903344715,9.415520668029785,10,7,-1.119502305984497,9.300684928894043
3797,NSD3,"NSD3, C4ORF48, UCP2, PNISR, TBCA",0.00011176514417703599,4.563614845275879,1,5,-0.7686097025871277,5.275868892669678
3798,HERC4,"HERC4, ZNF609, GSK3B, TPM3, PDIA4",0.007361793575661081,7.591856956481934,5,8,-1.5110790729522705,6.623344898223877
3799,WEE1,"WEE1, PAXBP1, SHMT2, UBTF, DHX30",6.960811611025925e-05,3.327575922012329,11,8,-0.5678250193595886,6.533341884613037
3800,PEBP1,"PEBP1, VDAC3, CIB1, GNAQ, MPRIP",0.0010549060976709713,5.376873016357422,0,8,-2.605187177658081,5.777127742767334
3801,TMEM205,"TMEM205, CDR2, PRKAR1B, CD99, DPM3",0.005209824352252362,11.542709350585938,0,5,0.5641211271286011,4.39769172668457
3802,KIDINS220,"KIDINS220, METTL17, PRPF8, PLIN3, ATP13A3",0.0064902215302805105,6.135502815246582,4,6,-0.29483094811439514,7.1605448722839355
3803,ELOC,"ELOC, DLGAP4, RHOC, PNKD, HMGB2",0.0004509821607143557,3.2938218116760254,18,9,-0.8910744786262512,5.245914936065674
3804,DUSP22,"DUSP22, MPC1, CHD3, COX5A, PQBP1",0.012565735551904125,7.480878829956055,8,1,2.524165391921997,6.814754009246826
3805,JPT1,"JPT1, RSRP1, ANAPC11, KCMF1, RNF213",0.00011176514417703599,2.947770595550537,10,0,-0.5211548805236816,4.0289411544799805
3806,PRPF4B,"PRPF4B, DCTN3, ZNF638, RAB1A, BTN2A1",0.0013460837101321966,6.698225975036621,8,8,-1.1067698001861572,4.655381202697754
3807,PCYT1A,"PCYT1A, NLN, PHRF1, FAM104B, TAF1B",0.0050215883199541955,6.110405921936035,0,4,2.5118303298950195,7.009094715118408
3808,MCCC1,"MCCC1, CEP63, DYRK2, SIN3A, MGRN1",0.006493162718285169,6.449112415313721,0,1,1.863881230354309,6.248437881469727
3809,RBX1,"RBX1, USE1, ACSF3, CLTA, BAZ2B",0.015118686739948,9.49004077911377,14,7,-3.283245325088501,7.725323677062988
3810,TXLNA,"TXLNA, NUDT15, TAF2, ARCN1, ODR4",0.00105784728567563,9.253154754638672,4,4,3.5262982845306396,5.589546203613281
3811,NDUFA13,"NDUFA13, N4BP2L2, FKTN, XPNPEP1, CCNQ",0.007920619296546262,10.521116256713867,0,7,0.735296905040741,4.710112571716309
3812,SMYD4,"SMYD4, CCDC82, SLC35D1, B4GAT1, TAMM41",0.0069951254710802786,7.0156426429748535,0,1,0.8192545175552368,6.530689716339111
3813,TMEM223,"TMEM223, TMEM115, CCDC28A, SYNGR2, SH3GLB1",0.009857881795614885,13.942262649536133,15,0,-2.045278549194336,8.451529502868652
3814,TENT2,"TENT2, CDK2AP2, TARBP1, HSPA5, LY6E",0.003550013921623222,7.152327537536621,21,9,-1.3431832790374756,5.966287612915039
3815,FBXO30,"FBXO30, USP22, DHODH, BCKDK, TBL2",0.00264118682818364,5.0322651863098145,0,4,2.2192020416259766,6.550294876098633
3816,DHRS4,"DHRS4, NEU1, VASP, PIP5K1A, ACTN1",2.7451088043482524e-05,2.7565224170684814,8,1,2.3627443313598633,6.727128505706787
3817,HERPUD2,"HERPUD2, TBL2, NGDN, RUNDC1, NDUFAF1",0.0038264855940611533,5.999631404876709,9,0,-2.981086015701294,6.128636837005615
3818,PRDX1,"PRDX1, SKP1, DNAJC1, TRIM44, DHX38",0.004260801022749109,7.446261882781982,9,7,-3.665696620941162,7.157398223876953
3819,TMEM160,"TMEM160, SMS, NRDC, SINHCAF, CD46",0.004476488143090757,7.366809368133545,6,1,1.9677497148513794,7.935302734375
3820,PHF10,"PHF10, INF2, KAT8, CTDSPL2, AMFR",0.005339236624457351,11.559576988220215,8,0,-3.1814839839935303,8.468450546264648
3821,SUMO2,"SUMO2, VDAC1, CTSC, CAMTA1, CD59",0.00104118055364923,10.13013744354248,7,5,0.785383939743042,8.130766868591309
3822,ARF4,"ARF4, PET100, BCL7C, MRPS26, PCLAF",0.00011862791618790662,2.8421847820281982,4,8,-3.1875967979431152,4.694291114807129
3823,PCYOX1,"PCYOX1, RAB10, BZW1, UAP1, GALK2",0.006722575382648559,8.311860084533691,0,1,2.4735844135284424,7.336145401000977
3824,PIP4K2A,"PIP4K2A, ARID2, MSRB2, PSME2, UTP25",0.0031715810650237842,4.229780197143555,0,8,-2.1080322265625,5.783078193664551
3825,ATRAID,"ATRAID, NT5C3B, MNAT1, YDJC, PAXBP1",0.0067068890466237124,4.3318891525268555,7,1,0.21851514279842377,7.724898815155029
3826,B4GALT7,"B4GALT7, SF3B2, MKNK2, IKBIP, BCAP31",0.017903991780359924,7.812165260314941,0,1,2.2459659576416016,6.061882019042969
3827,NOA1,"NOA1, SLC4A2, KIF20B, PSRC1, TUBGCP3",0.017366734771508907,7.612085819244385,1,4,3.5441746711730957,6.140108108520508
3828,MRPL57,"MRPL57, R3HDM1, MRPS27, SDHAF1, MED17",0.004483350915101628,10.301432609558105,13,5,1.3939353227615356,5.272249698638916
3829,ARHGAP5,"ARHGAP5, SLC38A2, TTC17, ARMT1, SLC20A2",0.01983635229942078,11.371950149536133,21,8,-2.9929139614105225,4.767133712768555
3830,ARL8B,"ARL8B, ZNF33A, MGA, TFG, PDLIM7",0.006507868658308464,7.886096000671387,0,9,-2.71934175491333,7.247679710388184
3831,PDCL,"PDCL, SLC35E1, AKT1, ANP32A, ATP5MC1",0.005621590672904599,8.969913482666016,20,4,2.897759199142456,6.818445205688477
3832,AP3M2,"AP3M2, LYPLA2, ZDHHC17, ERGIC1, SMARCAD1",0.007004929431095808,5.7776899337768555,2,1,-1.5865520238876343,8.018789291381836
3833,UFD1,"UFD1, NRBP1, GPBP1, EEF2, RRAGA",0.005780414825156177,5.6338324546813965,4,1,-1.8969703912734985,5.873262882232666
3834,RILPL2,"RILPL2, AGTRAP, PJA2, TTC27, GIGYF1",0.02295989396036847,10.407074928283691,1,9,-2.510101556777954,4.3736066818237305
3835,LIG3,"LIG3, ZUP1, FNDC3A, ABCF1, DERL2",0.005527472656755517,8.5123929977417,2,6,-0.9841409921646118,7.96885871887207
3836,ZCCHC9,"ZCCHC9, PPP1R12C, RBBP5, OGFOD3, ERAL1",0.014697116459280233,10.31686782836914,0,7,-3.1856472492218018,8.25696086883545
3837,DPP8,"DPP8, TRABD, ANO6, SNRNP200, SKA3",3.235306805124726e-05,2.2598819732666016,0,1,-2.894008159637451,6.190692901611328
3838,ANP32A,"ANP32A, ELOC, SBDS, POGZ, FNDC3A",0.0008039247212734168,4.558170795440674,7,8,-2.5286080837249756,5.012325763702393
3839,RECQL,"RECQL, CRYZL1, SNX9, HMGN3, UBL7",0.015868689681136004,7.938850402832031,3,1,2.374648332595825,6.376613616943359
3840,CSTF1,"CSTF1, INTS2, VPS11, PPME1, METTL21A",0.008122580872866167,12.266304969787598,0,4,3.7385003566741943,6.520802974700928
3841,STAU2,"STAU2, ASAH1, HELZ, CREBBP, NR3C1",0.022000086274848136,11.254155158996582,2,6,-0.0807541236281395,9.001962661743164
3842,PDK1,"PDK1, PIGL, STK3, HMG20A, BANP",0.010523570680669336,10.672587394714355,0,9,0.19439032673835754,5.3212456703186035
3843,ATP6AP2,"ATP6AP2, TNRC6A, ATP5MC3, PKN2, POLR2G",0.0032460911611418082,12.174513816833496,3,5,0.2624482214450836,3.696821928024292
3844,ATP2B1,"ATP2B1, TMBIM6, MT-ND4L, RAB3GAP1, CLIP1",0.004454919431056592,8.660334587097168,0,7,-1.298053503036499,9.243874549865723
3845,CCDC106,"CCDC106, LGALS8, SLC38A2, DAPK3, OGDH",0.013061815928689916,8.353804588317871,0,0,-3.993795156478882,7.0809149742126465
3846,CERS2,"CERS2, NUDT5, CFAP20, DTNBP1, ST13",0.00019803999231369536,3.726142644882202,4,9,-1.8235987424850464,5.31547737121582
3847,UBB,"UBB, MAP4K5, NCOA2, GFPT1, HECTD1",0.007715716532221695,6.06823205947876,0,6,0.25931331515312195,4.8517842292785645
3848,STX5,"STX5, WTAP, ZXDC, CBX4, STX7",0.011734359742587226,7.284883499145508,0,1,0.5267402529716492,6.445140361785889
3849,MYDGF,"MYDGF, SLC38A2, PDIA3, FAM118B, SSR2",0.007479441095847435,18.066247940063477,2,0,-2.285348653793335,9.149291038513184
3850,GDI2,"GDI2, MRPL23, NSMCE3, EDF1, USP24",0.0033068757132380913,10.047849655151367,12,5,-1.8163810968399048,7.870657444000244
3851,SRGAP2C,"SRGAP2C, TMEM107, CRY1, CDK11B, PTPMT1",0.010274550096274888,10.115494728088379,1,0,0.3453544080257416,4.608808994293213
3852,XPR1,"XPR1, PDLIM7, METTL26, PDCD6IP, SLC25A36",0.00014607900423138913,2.360081672668457,75,1,2.00700044631958,7.629237174987793
3853,ABHD2,"ABHD2, GIPC1, PDLIM5, PRKDC, MKI67",0.025809905136882888,12.121277809143066,2,7,-3.2886385917663574,6.384660243988037
3854,HIVEP1,"HIVEP1, ECD, RAB4A, HPS4, MRPS7",0.016278495209785138,5.991611480712891,2,1,0.7087302803993225,6.8360276222229
3855,MTR,"MTR, CCDC14, CCDC85B, TMEM167A, PRKCSH",0.006887281910909455,4.978275299072266,15,1,2.4358067512512207,6.783572196960449
3856,SIAH1,"SIAH1, USP33, FTSJ3, RAC1, EIF3K",0.0031862870050470785,8.007092475891113,1,6,-0.8526076078414917,8.527175903320312
3857,PEX16,"PEX16, SSX2IP, TTC3, ITFG1, PFKP",0.003475503825505198,7.920923233032227,3,8,-0.24854785203933716,6.262241840362549
3858,CEP70,"CEP70, HERPUD1, PIP4P2, PCYOX1, EXOSC4",0.007792187420342825,8.042551040649414,0,7,1.0465500354766846,4.58913516998291
3859,TMEM243,"TMEM243, TAF7, SETX, APH1A, DESI1",0.019178506582378754,10.377182960510254,10,7,-3.0978682041168213,6.59030818939209
3860,ARID2,"ARID2, HSPA13, CTSB, COQ5, IFT52",0.0038735446021356946,9.743239402770996,9,8,-0.4215551018714905,4.9976887702941895
3861,CCDC88A,"CCDC88A, WNK1, SAYSD1, HPCAL1, GATAD2B",0.0018303993348993525,6.182290554046631,2,7,-2.8385164737701416,7.033343315124512
3862,ATXN2L,"ATXN2L, SMC4, ACTR8, SUCLA2, ZCCHC8",0.002753932368362229,6.199822902679443,27,4,2.9850621223449707,6.468130588531494
3863,FIS1,"FIS1, AP2S1, ACTN1, NIPBL, RNF216",0.007404930999729411,8.197813034057617,22,1,1.5267901420593262,6.492713928222656
3864,EIF5A2,"EIF5A2, BRMS1L, TENT4A, CAAP1, MOGS",0.011025533433464445,7.042059421539307,0,7,-0.25912436842918396,5.050833702087402
3865,SEC23IP,"SEC23IP, SELENOI, DIS3L, MTHFD1, MCM4",0.0008078463052796286,5.498210430145264,0,8,-2.8395304679870605,4.574458599090576
3866,ST13,"ST13, COG6, TRMT5, RPL17, MRPL49",0.002940207608657289,5.65404748916626,0,9,-0.2653588354587555,6.9368743896484375
3867,ARNT,"ARNT, PMM1, ST7L, PPTC7, R3HCC1L",0.005947082145420178,7.291219711303711,0,7,1.7722119092941284,6.556827068328857
3868,COX5B,"COX5B, NDUFA11, TTC17, SUMO1, TPI1",0.00408825132647579,9.426355361938477,0,8,-3.1123316287994385,5.0879292488098145
3869,RNMT,"RNMT, PCNP, UNK, SHISA5, GET1",0.00030392276048141366,3.4161431789398193,5,7,-1.9840030670166016,7.037938117980957
3870,TMED1,"TMED1, NCSTN, KLF16, TYW1, ANKHD1",0.010590237608774936,12.096709251403809,2,6,-0.5514626502990723,8.738842964172363
3871,NACA,"NACA, PUM1, MED13, HDAC2, HNRNPA0",0.001300985494060761,3.5368807315826416,18,1,0.7305464744567871,7.911426544189453
3872,FUBP3,"FUBP3, BTN2A1, PRR12, CHSY1, GOT1",0.0068539484468566544,7.238512992858887,0,4,2.8679237365722656,6.721708297729492
3873,UBB,"UBB, SEC61B, JMJD1C, PRMT1, PUM1",0.00010000039215840062,2.8687903881073,7,0,-3.3634660243988037,6.887453079223633
3874,PNMA1,"PNMA1, DNAJC13, GLMP, BCKDK, PIK3C2A",0.010427491872517148,9.299642562866211,2,7,1.5896486043930054,6.492166519165039
3875,CDK2AP2,"CDK2AP2, USP47, EHMT1, PHKB, QDPR",0.02132557382577971,7.111846446990967,38,1,-3.9042069911956787,7.154121398925781
3876,TOPORS,"TOPORS, TMEM63A, YWHAQ, CHMP2A, AARSD1",0.006751006866693595,10.07664680480957,22,8,-0.572266697883606,6.597915172576904
3877,UBA1,"UBA1, TACC1, TYMS, HRAS, SNU13",0.00203922368323013,7.9290547370910645,32,6,-1.175246000289917,8.435047149658203
3878,TOR1A,"TOR1A, ALDH16A1, HDDC3, TRAF4, TANGO2",0.009196114494566645,4.586108684539795,0,1,-1.3139787912368774,6.511826038360596
3879,WBP4,"WBP4, ARPC1A, WDR6, WAC, IPO9",0.0003049031564829666,3.7497458457946777,5,8,-0.6173038482666016,6.841907978057861
3880,HNRNPL,"HNRNPL, EAPP, TXNRD1, PSENEN, UBR5",0.00012058870819101251,4.053929805755615,6,5,1.9501726627349854,6.902590751647949
3881,PPHLN1,"PPHLN1, TRMT112, CLIP1, CENPF, NDUFC1",0.003514719665567316,5.288208961486816,28,1,0.45729732513427734,6.51936674118042
3882,DCTN6,"DCTN6, SSBP3, CBX6, AZIN1, ASF1A",0.0023970682237969563,4.729589462280273,6,0,-2.23952579498291,8.45083999633789
3883,CYB5A,"CYB5A, ATP6AP2, GHITM, WDR1, CDC34",0.0006451005690218393,5.184041976928711,22,7,-2.1277835369110107,6.466681480407715
3884,PSMC3IP,"PSMC3IP, TYW5, THOC3, PITRM1, N6AMT1",0.001040200157647677,4.482223033905029,1,1,1.8417128324508667,6.780442714691162
3885,OSTF1,"OSTF1, CDC42SE2, TMEM63A, RABGAP1, HINT2",0.009498076463044952,6.516013145446777,2,6,-0.5973818302154541,7.800318717956543
3886,PUS1,"PUS1, PGLS, THG1L, METTL9, RNASEH2C",0.00410491805850219,3.3728692531585693,4,1,0.6790422201156616,7.4551005363464355
3887,TXNDC15,"TXNDC15, STAU2, YIF1B, YIPF5, MTERF3",0.0009254938254659822,3.5380799770355225,4,8,-1.8365932703018188,6.139615058898926
3888,RBM6,"RBM6, SMDT1, USP47, SMC5, UBR3",0.007620618120071059,12.282567024230957,8,0,-2.7899556159973145,8.75139045715332
3889,DAZAP2,"DAZAP2, RFXANK, CCDC82, SLC38A1, TBC1D15",0.0026882458362581813,11.155726432800293,13,8,-0.7514814138412476,5.298582553863525
3890,CEP70,"CEP70, BET1L, NRDE2, PRPF3, TJAP1",0.012977501872556363,10.273320198059082,0,7,1.2744301557540894,5.130691051483154
3891,ATP6V1D,"ATP6V1D, ZMYND8, MYH10, FKBP5, MCU",0.021594202330205217,10.347637176513672,2,9,-1.08318030834198,5.70680570602417
3892,CEBPG,"CEBPG, COX6C, UBE2E3, EXOSC1, ZDHHC6",0.0022558911995733317,8.772095680236816,3,9,-2.4962198734283447,5.872962474822998
3893,TRIO,"TRIO, TNRC6A, SIK3, HSPE1, HMGN2",0.0015598100384707392,12.952568054199219,8,5,0.5240934491157532,3.303788185119629
3894,CD99,"CD99, SCAPER, JUND, SON, HNRNPDL",0.0009431409534939353,6.070804119110107,5,5,0.3647429347038269,5.799493789672852
3895,SCAND1,"SCAND1, ANKIB1, UBE2G1, POLR2A, PFKL",5.784336409162389e-05,3.6273674964904785,60,6,-0.6108951568603516,8.809234619140625
3896,BAX,"BAX, UXT, ADK, PAXX, BBX",0.0077372852442558595,7.604301929473877,34,8,-3.574936628341675,5.1655402183532715
3897,RAB8A,"RAB8A, RNF216, CCDC59, RAB14, SPAG7",0.0022911854556292377,4.140859127044678,13,9,1.7749775648117065,7.2457051277160645
3898,RBMXL1,"RBMXL1, IK, PDHX, STARD3, AP2S1",0.00793042325656179,8.473787307739258,3,1,2.3367807865142822,6.427845001220703
3899,NT5C3B,"NT5C3B, TOMM6, MRPS34, LAMTOR4, ANKMY2",0.00019019682430127178,2.9219002723693848,15,1,0.5969236493110657,8.30990982055664
3900,EGLN2,"EGLN2, PIN4, FBXO5, BROX, NRBF2",0.002867658304542371,3.5435168743133545,10,1,-2.013911485671997,8.450255393981934
3901,CAMKK2,"CAMKK2, REEP4, APEH, SMARCD1, PCLAF",0.0030725610688669366,10.347479820251465,0,9,-1.1444252729415894,5.666172981262207
3902,SIAH2,"SIAH2, PYCR2, NOSIP, TRIT1, POP7",0.006673555582570912,8.462864875793457,6,9,-2.7901997566223145,6.059062480926514
3903,HGH1,"HGH1, PCGF6, SMS, PPP6R2, MRNIP",0.0010000039215840061,3.3002355098724365,0,0,-3.0455482006073,8.242260932922363
3904,ZCCHC8,"ZCCHC8, MRPS22, PPAT, AKAP11, NAT9",0.005939238977407755,12.828356742858887,8,6,-0.7724311351776123,8.718887329101562
3905,VRK1,"VRK1, QSER1, ARHGAP5, PCLAF, SNRPA1",0.0025127549519802037,9.183794021606445,4,6,-1.0539538860321045,7.852825164794922
3906,TMEM167B,"TMEM167B, DEDD, SNAPC5, EGLN1, GDE1",0.008507876501476476,10.013257026672363,0,7,-1.2667717933654785,8.474839210510254
3907,TMEM80,"TMEM80, EMSY, SAR1B, PSMC2, NET1",0.0005117667128106385,4.321407794952393,37,0,-1.485783576965332,8.082880020141602
3908,ZFP36L2,"ZFP36L2, NAP1L1, SLC25A3, LDHA, HSP90B1",0.001099023917740854,18.762922286987305,1,5,0.4701603353023529,3.3402185440063477
3909,HSD17B12,"HSD17B12, PTRHD1, TNIP1, SRP72, AP3B1",0.0017990266628496582,6.822819232940674,34,8,-0.8426554203033447,6.511753082275391
3910,PRDX1,"PRDX1, LRIG2, WASHC5, FADS3, CIAPIN1",0.004832371891654477,7.111123561859131,0,9,-0.09204619377851486,5.154967308044434
3911,CDK17,"CDK17, CDC42, PGK1, IRF2BP2, PNRC2",0.001563731622476951,9.727178573608398,3,5,-2.677816867828369,7.009799480438232
3912,XRCC5,"XRCC5, CIAO2B, ATXN7L3B, NLE1, HSPA8",0.00507943168404582,12.401559829711914,8,6,-0.6128339767456055,7.959817886352539
3913,TMEM109,"TMEM109, SQLE, DTD2, GTF2I, PTTG1",0.0005235314648292739,3.616865873336792,1,0,-2.0628085136413574,7.387131214141846
3914,DCAF6,"DCAF6, TTC17, HP1BP3, NBAS, CYSTM1",0.0005225510688277209,3.910015106201172,4,7,-1.4693994522094727,9.223477363586426
3915,EIF4E,"EIF4E, STAMBP, TBC1D10B, TTI2, TMEM208",0.010845140569178702,14.83352279663086,8,7,-2.6756443977355957,6.3895087242126465
3916,ABRACL,"ABRACL, MYC, RPS27L, NDUFB8, RNF167",0.0012970639100545493,5.450401782989502,20,0,-2.330383062362671,8.411865234375
3917,CIAO3,"CIAO3, PSMF1, TIMM10B, C9ORF85, LSM14B",0.007452970403805505,10.314565658569336,4,4,3.33382511138916,6.323319435119629
3918,DENND5A,"DENND5A, IFT52, RAC1, ATP2B1, RAB11B",0.014074564998294112,15.130948066711426,0,0,0.8399621248245239,5.519164562225342
3919,MPHOSPH8,"MPHOSPH8, PSMB1, ELF1, PAIP2, NFE2L2",0.003181385025039314,6.842086315155029,10,0,-2.5656092166900635,7.905162334442139
3920,TRNAU1AP,"TRNAU1AP, PRDX6, VPS45, SPAST, HEXD",0.012981423456562575,8.869156837463379,0,1,2.493377923965454,6.482365608215332
3921,UBALD1,"UBALD1, ABHD13, RABIF, GINM1, TARBP2",0.0002303930603649426,2.7682056427001953,1,7,1.3621830940246582,6.620490550994873
3922,FBXO3,"FBXO3, CEP63, IFT20, OGDH, SETD3",0.006573555190412511,11.184470176696777,1,8,-2.5743868350982666,4.856797695159912
3923,WDR46,"WDR46, BBX, PPIF, STRADB, PSMA2",0.0005843160169255565,5.446739673614502,4,8,-1.5832921266555786,6.209844589233398
3924,MPHOSPH10,"MPHOSPH10, PPIE, TUG1, PEX26, AVEN",0.004749038231522476,30.173280715942383,5,3,0.5693762898445129,8.425901412963867
3925,ANKRD28,"ANKRD28, UVRAG, KAT6A, GATAD2B, MNAT1",0.032681500711767494,11.035425186157227,0,9,-1.7345677614212036,5.433526992797852
3926,FMC1,"FMC1, TMEM18, TRAPPC1, SH2B3, MNAT1",0.02244714685155628,9.361845970153809,5,0,-2.771364450454712,8.54205322265625
3927,RAP2C,"RAP2C, LRPAP1, PFDN2, WAC, FLNB",0.023711857693559584,7.13874626159668,7,1,2.1633806228637695,8.0464506149292
3928,STX7,"STX7, BCKDHB, USP22, NOL12, THOC7",0.0004882372087733677,4.911660671234131,0,8,-1.9540667533874512,4.977911472320557
3929,LIMD1,"LIMD1, WASHC1, PRCP, GABPB1, MLLT6",0.01196867438695838,11.603048324584961,2,8,-0.042677782475948334,3.9846749305725098
3930,EDEM1,"EDEM1, LSM6, PARP4, METTL8, NCAPD2",0.00407158459444939,6.075996398925781,8,8,-1.2354449033737183,6.159139633178711
3931,RPL36A,"RPL36A, ZBTB1, ANO6, NFIL3, NR3C1",0.005674532056988459,10.326753616333008,4,5,-0.15844008326530457,4.043722152709961
3932,TMEM9,"TMEM9, PRKAA1, LRCH4, STRADB, XPO7",0.017401048631563262,6.129662036895752,0,1,-1.83201265335083,7.672155380249023
3933,FAU,"FAU, EEF1D, RPS20, RPL9, RPS25",5.686296809007094e-05,2.5896835327148438,1,6,0.1972350925207138,8.659313201904297
3934,POLR2M,"POLR2M, DDX59, ASCC1, SLC6A6, TMA16",0.007827481676398731,6.182220935821533,4,9,-0.9916087985038757,6.840826988220215
3935,NKTR,"NKTR, CKS2, NDUFA3, TCF25, ANXA5",0.009915725159706509,12.90013599395752,0,8,-1.6495040655136108,5.138998985290527
3936,USP12,"USP12, GMPS, DDX17, HOOK2, LSM12",8.039247212734167e-05,3.4213757514953613,5,8,-0.8716118335723877,6.939793109893799
3937,CHP1,"CHP1, CDCA3, USP10, NUP58, FXN",0.012352989619567135,14.832965850830078,3,0,-4.0066046714782715,6.89161491394043
3938,TOMM7,"TOMM7, PPM1K, SPTAN1, GPATCH8, NOP53",0.035211902791775655,7.006185531616211,6,1,-3.247215747833252,7.165669918060303
3939,RGS10,"RGS10, IVNS1ABP, TRIOBP, NIPAL3, LRRFIP1",0.010852983737191126,9.705909729003906,3,1,0.8375115394592285,6.0026679039001465
3940,C6ORF62,"C6ORF62, MAT2A, PIAS2, TUBA1C, GCSH",0.00024215781238357798,3.849968671798706,0,6,-2.109118700027466,8.422052383422852
3941,ZNF106,"ZNF106, NMT2, NDUFS4, DIPK2A, TMEM97",0.004417664382997581,6.501132011413574,0,8,-1.1735281944274902,7.727992534637451
3942,SLC25A36,"SLC25A36, COA1, DKC1, SNRNP27, SRSF4",0.0008196110572982639,4.1629557609558105,12,6,-0.9100064635276794,6.151603698730469
3943,GNPNAT1,"GNPNAT1, SRSF4, SRM, PKM, ITGAE",0.0001392162322205185,3.5023701190948486,7,1,1.5430858135223389,7.5519185066223145
3944,PHB2,"PHB2, PRMT1, COX6A1, HNRNPA2B1, MCL1",0.00020686355632767187,4.10083532333374,2,5,-0.1013910099864006,4.050572395324707
3945,PNPO,"PNPO, LETMD1, RRS1, QSOX2, RBM25",9.019643214287114e-05,2.26788330078125,12,6,-0.36809706687927246,7.903234958648682
3946,AAK1,"AAK1, HMOX2, HMGN4, P4HB, SDHA",0.0009549057055125706,4.55353307723999,15,6,-0.9390555024147034,9.233359336853027
3947,ATAD2,"ATAD2, NSD3, RAB27A, ACOT7, DR1",2.058831603261189e-05,3.8633527755737305,8,7,-0.7843824625015259,6.600712299346924
3948,NSMAF,"NSMAF, CREBBP, GAPVD1, WDR26, ZFYVE16",0.016786340338589563,6.909867286682129,1,1,-1.7865785360336304,8.485224723815918
3949,LPCAT1,"LPCAT1, CETN2, RNF130, SLU7, FOXO3",0.006518653014325546,8.73592758178711,0,0,0.36911168694496155,6.427234172821045
3950,PHF14,"PHF14, CENPC, NDUFB1, AMDHD2, PEX13",9.313762014753e-05,2.6176390647888184,0,9,-3.4015562534332275,6.781065464019775
3951,CMTM6,"CMTM6, UBN2, SEPTIN2, DDX39B, TAF1D",0.00010392197616461241,3.2093565464019775,3,6,-0.6938657760620117,7.993788242340088
3952,MRPL45,"MRPL45, TWF1, LUC7L3, GNAS, EIF2B3",0.005612767108890623,13.4208345413208,14,6,-0.701305091381073,7.862579345703125
3953,ODC1,"ODC1, RPL36AL, RSL1D1, EIF3M, ATP1B3",0.004426487947011557,11.627214431762695,6,5,0.18116207420825958,5.298102855682373
3954,ODC1,"ODC1, COX6A1, WDR20, CLIC1, ATXN7",0.006003945113510249,5.842175006866455,2,1,2.6499996185302734,6.34384822845459
3955,QRSL1,"QRSL1, CBX3, POC1A, BLVRB, EIF3B",0.00013235346020964788,2.592198133468628,3,1,2.6375248432159424,6.226072788238525
3956,CHD7,"CHD7, EPC1, TMA7, C5ORF22, E2F1",0.0046509986313671816,10.552728652954102,64,0,-2.3112008571624756,7.98354434967041
3957,EIF4B,"EIF4B, EEF1D, MYC, RPL36A, AGPS",0.0064117898501562754,9.605769157409668,5,1,1.496761679649353,8.240182876586914
3958,PIGQ,"PIGQ, CAPN10, SRD5A1, PCGF6, NSDHL",0.007931403652563344,7.347786903381348,0,4,3.127000570297241,6.7733612060546875
3959,SNRPB,"SNRPB, MYADM, EDF1, TMEM186, CENPW",0.006517672618323993,15.047816276550293,5,0,-2.5729622840881348,7.6752800941467285
3960,CLIC1,"CLIC1, POU2F1, TUFM, ARL8B, GTF3C6",0.00198922348715093,9.56678581237793,8,1,-0.7009474039077759,9.159987449645996
3961,HUS1,"HUS1, PNMA1, TRNAU1AP, POLR1E, ADAR",0.0053862956325318925,8.864606857299805,0,1,1.8981928825378418,6.622168064117432
3962,TUBG1,"TUBG1, TXNL4B, SKP2, KIF3B, CUL4B",0.013702014517703991,8.487648963928223,4,8,-2.6307761669158936,5.073075294494629
3963,PCNT,"PCNT, NELFA, TSC1, SENP2, SLC7A6OS",0.00021764791234475428,3.215505599975586,0,8,-2.42663311958313,4.624819278717041
3964,DERA,"DERA, AP1M1, KDM2B, CCNL1, ZNF791",0.009121604398448621,9.123517036437988,6,9,1.3418196439743042,6.320117473602295
3965,RHOC,"RHOC, C4ORF46, TCHP, FNIP1, WASHC2A",0.007569637527990306,11.237374305725098,0,6,-0.14024929702281952,8.444884300231934
3966,PKN2,"PKN2, HILPDA, PDCD4, CD151, CHMP7",0.001914713391032906,5.435959339141846,0,9,-0.6424971222877502,6.281800270080566
3967,ADIPOR1,"ADIPOR1, MFSD1, CDC40, VPS50, TMBIM4",0.006218651837850344,5.866543769836426,20,1,1.6937167644500732,7.071145534515381
3968,PILRB,"PILRB, TRAM2, SKP1, NSUN5, TMEM199",0.010576512064753196,9.158453941345215,0,9,0.21685297787189484,8.750758171081543
3969,KHDRBS1,"KHDRBS1, WASF2, PLD3, RNF31, TFDP2",0.005011784359938667,8.164179801940918,2,1,0.9616959095001221,5.934712886810303
3970,WASHC1,"WASHC1, WHAMM, RAB29, WDR11, WBP1",0.04841489574468919,12.227141380310059,0,1,3.4513158798217773,5.283479690551758
3971,SLC7A5,"SLC7A5, TSR2, ANAPC10, TM2D1, GRSF1",0.005811787497205872,7.658008575439453,1,0,2.174037456512451,6.381309509277344
3972,DDX59,"DDX59, EFCAB11, SH3GLB2, ASB3, ATG2A",0.025305001196083123,12.578910827636719,12,7,-3.371694326400757,7.670950412750244
3973,GDAP2,"GDAP2, SSR3, SNTB2, GCC2, FUS",0.005507864736724458,5.836177349090576,1,1,2.157355546951294,5.956400394439697
3974,ZNRF1,"ZNRF1, UBP1, CNBP, PPIL2, CCAR2",0.004607861207298852,8.998291969299316,1,6,-1.3102092742919922,9.098152160644531
3975,EIF5,"EIF5, TWF1, JARID2, YEATS4, NONO",0.00835591512123577,10.334569931030273,1,6,-1.5726897716522217,8.47725772857666
3976,PDLIM1,"PDLIM1, MTPN, MALSU1, PGAM1, EPB41L2",0.00716179279134428,12.986852645874023,3,9,-1.493621826171875,4.532774925231934
3977,TMEM107,"TMEM107, PDCD2, NDUFA5, TRMT1, C15ORF40",0.00133726014611822,3.9062957763671875,2,8,-3.3301196098327637,6.118388652801514
3978,KCTD20,"KCTD20, ARPC3, OXLD1, EXOC7, DNAJA1",0.006792183498758818,8.545811653137207,2,6,-1.493791103363037,7.59153938293457
3979,MECR,"MECR, ABHD5, UROS, LARP4, TMEM126A",0.000483335228765603,3.4606213569641113,0,1,-3.186218500137329,8.211625099182129
3980,ERCC2,"ERCC2, ATP6V1C1, SMYD4, ZDHHC6, SLC31A1",0.0030245216647908422,11.54686164855957,0,4,3.192366600036621,6.296506404876709
3981,ZNHIT6,"ZNHIT6, CCDC138, ZNF3, MTG1, SDHAF1",0.013097110184745823,11.076032638549805,1,9,-1.4001623392105103,4.866176128387451
3982,RALGDS,"RALGDS, ZNFX1, CCS, TSTD2, PPP1R12C",0.015184373272052047,8.76597785949707,0,1,1.5245652198791504,6.513941287994385
3983,WASHC3,"WASHC3, AP2A2, CDS2, RAP2C, LRP10",0.005343158208463563,7.9344401359558105,3,0,0.7961097955703735,5.972464084625244
3984,SEC22C,"SEC22C, UPF3B, ACOX1, PDLIM1, ZMYM4",0.014752018635367197,11.377424240112305,0,6,-1.1073390245437622,9.05767822265625
3985,RAB11A,"RAB11A, APRT, COMMD4, MICOS10, PRMT1",0.00276765791238397,8.549408912658691,2,9,-0.5848727822303772,6.782252788543701
3986,METTL23,"METTL23, DMTF1, SMURF2, CYTH2, DDX39B",0.029450115490648982,8.986786842346191,3,1,1.807630181312561,8.248648643493652
3987,MRTFA,"MRTFA, SERINC1, ANKRD17, ARL4A, ZNF146",0.00047451166475162646,4.073007106781006,2,9,-2.003174066543579,4.803837776184082
3988,LGALS8,"LGALS8, MCCC1, UGDH, ERF, AP1S1",0.0027647167243793113,5.747527122497559,1,8,-0.3239821791648865,6.240334987640381
3989,CIAPIN1,"CIAPIN1, INTS4, TIMM9, TIMELESS, RPS6KB1",0.005527472656755517,11.227705955505371,0,4,3.3580923080444336,6.918851852416992
3990,TERF2IP,"TERF2IP, PDCD4, CALM3, CACUL1, LUC7L2",0.018553994329389527,12.565752029418945,4,0,-3.58063006401062,6.502958297729492
3991,NFKBIB,"NFKBIB, PIKFYVE, POLB, MAZ, SPOP",0.006451005690218393,7.761081695556641,0,4,-1.8967413902282715,5.483458995819092
3992,SYF2,"SYF2, PDS5B, PHF21A, ZNF280D, DYM",0.028163835936611516,8.7264986038208,8,0,-2.709820032119751,7.512560844421387
3993,PEX14,"PEX14, PRPF6, TAF3, PPP4R3A, ARHGAP35",0.006422574206173357,7.725147724151611,16,9,-0.12310966104269028,6.001965522766113
3994,ATP5ME,"ATP5ME, PHIP, BZW1, SLIRP, TBL1XR1",0.0012774559900234903,6.71889591217041,20,5,1.1123127937316895,4.605228424072266
3995,SCNM1,"SCNM1, TFAM, WHAMM, HNRNPH1, NMT1",0.0001637261322593422,2.4846792221069336,0,9,-1.4992371797561646,4.697225570678711
3996,TMEM35B,"TMEM35B, RBM6, ANAPC15, ATP6V1H, HNRNPA0",0.006246102925893827,4.26534366607666,1,1,-1.0975532531738281,8.773402214050293
3997,RGS10,"RGS10, BBX, NAA38, PACC1, VPS13A",0.02278048149208428,13.318077087402344,5,0,-2.3673739433288574,7.950127601623535
3998,CHAMP1,"CHAMP1, ALG14, LAMTOR2, SMC1A, HGH1",0.0026911870242628403,9.053634643554688,8,7,-2.9838740825653076,8.639947891235352
3999,SUB1,"SUB1, NEK9, SETD3, YTHDF3, DYNLL1",0.002234322487539167,6.625553607940674,0,8,-1.0276776552200317,5.810023307800293
4000,RAB27A,"RAB27A, ANKS1A, CREBBP, ESF1, TMEM131L",0.003088247404891784,3.583183526992798,21,1,-0.4332559406757355,7.221073627471924
4001,SWAP70,"SWAP70, SEC24A, WRAP53, PEX11B, BAG4",0.0025166765359864156,6.674527645111084,0,8,0.49254918098449707,4.978409767150879
4002,IQGAP1,"IQGAP1, MPRIP, VEZF1, NUCB2, DICER1",0.022071655182961503,10.46963882446289,8,8,-2.928588628768921,4.6320109367370605
4003,POM121C,"POM121C, ANKFY1, DCTN1, TEFM, SYMPK",0.011553966878301484,14.844171524047852,8,8,-2.6776533126831055,4.484039306640625
4004,SLC30A5,"SLC30A5, CDC123, NPIPB5, ICMT, CDKN2AIPNL",0.00024215781238357798,3.519230365753174,0,9,2.4590253829956055,7.4168620109558105
4005,EFHC1,"EFHC1, POC1B, GLRX, LGALS8, ING1",0.008314738489170546,11.571803092956543,1,7,1.0112801790237427,4.7688307762146
4006,PIK3CA,"PIK3CA, CNTRL, NSRP1, SRGAP2, SYAP1",0.00016960850826865987,3.486924171447754,5,9,0.25416651368141174,7.986921310424805
4007,JAGN1,"JAGN1, OTUD6B, THUMPD3, UQCRQ, RAPGEF1",0.00760101020004,10.893939018249512,1,7,-3.7582757472991943,7.4189372062683105
4008,SMURF2,"SMURF2, DEGS1, KRIT1, TMEM177, SEPTIN11",0.00024019702038047207,3.673961639404297,17,1,0.2668619155883789,7.387063980102539
4009,BNIP1,"BNIP1, MIOS, TMEM109, MTF1, LRWD1",0.0018882426989909765,4.051972389221191,0,7,-1.8432408571243286,7.89237642288208
4010,HDAC8,"HDAC8, TRA2B, PRDX5, ATP6V1H, ABI1",0.005135314256134338,4.939277172088623,30,1,0.0655081570148468,6.224071979522705
4011,GON4L,"GON4L, AK2, XXYLT1, TMEM259, LMAN1",0.0033372679892862325,10.426819801330566,8,9,1.2533552646636963,6.366586208343506
4012,TMEM161B,"TMEM161B, ZGPAT, POMGNT1, ZBED1, ORMDL1",0.008697092929776195,12.189875602722168,4,4,2.7824318408966064,6.150761604309082
4013,ZBTB21,"ZBTB21, SMC2, PGPEP1, TNPO2, ARHGAP19",0.007279440311530634,13.24242877960205,2,4,3.6196277141571045,6.431921005249023
4014,TMEM256,"TMEM256, CCT5, BID, ARFGEF1, MRPL33",0.004269624586763086,8.65311050415039,9,7,-2.5859603881835938,8.65670108795166
4015,ANAPC15,"ANAPC15, GTF2F1, NARF, KIFC1, TGFBRAP1",0.0032637382891697615,4.464239120483398,15,6,-0.8279886245727539,7.682684898376465
4016,FAM120B,"FAM120B, RAB29, ARID4A, EPHX1, IRAK4",0.004463742995070569,5.0725226402282715,0,9,-2.227640390396118,5.850770950317383
4017,BLOC1S6,"BLOC1S6, NDUFB3, SHMT2, ZNF766, ALAS1",0.0024725587159165332,5.324487209320068,0,7,2.423598051071167,6.4563775062561035
4018,SDHA,"SDHA, ARL8B, NGDN, MGA, GGA1",0.0003254914725155785,3.047515630722046,1,9,-2.899024248123169,6.222593784332275
4019,GLYR1,"GLYR1, KIAA1143, KLHDC10, RBM14, DDX50",0.010287295244295076,13.909457206726074,0,9,-3.535123586654663,5.500394821166992
4020,SMIM12,"SMIM12, HMG20A, C1ORF174, DCAF8, SMC4",0.0009284350134706411,6.579520225524902,0,7,-2.5081300735473633,9.077112197875977
4021,NABP2,"NABP2, C16ORF87, TOE1, RNF14, BBS7",0.005772571657143753,5.018433570861816,0,4,2.9708027839660645,6.858678340911865
4022,ORMDL2,"ORMDL2, RHOT1, DPM3, LATS1, ABCC1",0.004266683398758427,5.94879674911499,7,8,-1.0552514791488647,6.747143745422363
4023,MYCBP,"MYCBP, C12ORF4, ZNF33B, GPATCH1, DMAC2",0.006666692810560041,15.004012107849121,3,7,-2.611976146697998,8.281437873840332
4024,SPECC1L,"SPECC1L, ARHGAP17, TMEM106B, ATG4C, CDS2",0.0051627653441778205,7.696727752685547,2,1,2.1135571002960205,5.789424896240234
4025,DHX33,"DHX33, DHX16, NAA25, TMEM186, TOP2B",6.470613610249452e-05,2.7524142265319824,1,1,3.021211624145508,7.134337425231934
4026,SP100,"SP100, LUZP1, ANO6, CAMSAP1, EXOC2",0.02366675947748815,13.36459732055664,11,0,-2.6781437397003174,8.441615104675293
4027,PPP6R1,"PPP6R1, CYSTM1, ASAP1, DPP7, CDV3",0.0035421707536107986,7.5531392097473145,1,9,-1.1658623218536377,5.58673095703125
4028,ITSN2,"ITSN2, TEAD1, HOMER3, ANXA5, USP6NL",0.011311809065917906,9.589456558227539,1,6,-0.0047853565774858,5.54655647277832
4029,MIPEP,"MIPEP, USF2, SRPRA, VEGFB, COMMD2",0.0049509998078423835,8.798095703125,1,1,2.1659131050109863,6.0415167808532715
4030,TP53I3,"TP53I3, MSI2, RETREG2, DENND10, STK38L",0.01213142012321617,9.905208587646484,0,7,-0.5201371312141418,3.945953130722046
4031,ARHGAP17,"ARHGAP17, RAP2C, PDSS2, SLC25A24, SCAMP1",0.008215718493013698,6.05607795715332,1,1,0.29286569356918335,7.728813171386719
4032,PSMD2,"PSMD2, FKBP4, FUBP1, PNKD, SLC25A39",0.013760838277797168,7.985540390014648,8,1,2.0352070331573486,8.324895858764648
4033,PSMD7,"PSMD7, FUS, PHGDH, ARF1, LAMTOR5",0.0016392221145965279,5.358420372009277,0,6,-0.692152202129364,4.633412837982178
4034,USP12,"USP12, PPP1R12A, ARFIP1, ZSWIM7, UTP23",0.00500296079592469,7.73557186126709,1,1,0.14496998488903046,5.834434509277344
4035,KMT2C,"KMT2C, NUDCD3, SEC23A, MNAT1, HNRNPH1",0.0050215883199541955,4.339221000671387,3,1,-3.3170251846313477,7.18421745300293
4036,ATP5F1D,"ATP5F1D, TRIOBP, BACH1, NSA2, CCM2",0.0017382421107533755,5.032660961151123,1,1,-2.867215633392334,7.078665256500244
4037,C7ORF50,"C7ORF50, ZCCHC10, METTL8, MAN2C1, FAM98B",0.01270397138812309,5.136209964752197,0,4,2.0899651050567627,7.160368919372559
4038,DPP9,"DPP9, MPC2, TUFM, AKAP8, SIRT1",0.004186290926631085,8.456171035766602,0,7,-3.146958827972412,7.117815017700195
4039,FNDC3A,"FNDC3A, ARID5A, FOXO3, CCSER2, TAF7",0.0011411809458076307,9.546277046203613,6,5,0.1816900074481964,3.6626648902893066
4040,BBS7,"BBS7, C12ORF43, WDHD1, SCLY, ELP4",4.117663206522378e-05,2.146833896636963,0,7,-1.091031789779663,4.381641864776611
4041,TSPYL1,"TSPYL1, PCM1, TRIR, FBXL20, CCNDBP1",0.003255895121157338,6.601971626281738,4,7,-2.080348253250122,7.192352771759033
4042,TTC19,"TTC19, RAF1, FADD, THOC2, CDK4",8.431405613355346e-05,2.530282974243164,0,7,-2.775329351425171,6.09722900390625
4043,NBDY,"NBDY, PGD, ARID4A, PHACTR4, ANAPC5",0.00017745167628108345,4.793436050415039,8,0,-2.6217074394226074,8.428457260131836
4044,CLOCK,"CLOCK, ZBTB1, PHC2, CDC73, GALNT2",0.0013892211342005263,5.740513801574707,18,8,0.19922912120819092,3.981201648712158
4045,SLC25A17,"SLC25A17, ADRM1, TMEM38B, PARPBP, BSDC1",4.117663206522378e-05,4.163943290710449,0,4,2.5857927799224854,7.171186447143555
4046,KIF20A,"KIF20A, CNPPD1, HERC4, NEK2, L3MBTL2",0.004975509707881207,7.819648742675781,0,0,-0.08013445138931274,5.702524662017822
4047,YKT6,"YKT6, PARL, NAGPA, FKTN, BICD2",0.009670626159318272,8.151997566223145,0,4,3.7315151691436768,6.621108531951904
4048,FAM210B,"FAM210B, DYNLL1, COX14, SMIM26, CALR",0.0011009847097439597,6.842350959777832,0,0,-4.068871021270752,6.682905197143555
4049,TRIM38,"TRIM38, MAN1A1, AKAP9, UBR1, MPHOSPH8",0.045475668532033456,13.656425476074219,1,7,-3.232802391052246,8.127885818481445
4050,EIF5A,"EIF5A, LONP2, DPYSL2, TBL1X, DYNC1I2",0.002155890807414931,8.73032283782959,13,5,0.4781610369682312,3.8953633308410645
4051,TBL1XR1,"TBL1XR1, NUP35, ZNF598, PQBP1, NUDC",0.0009156898654504528,4.049022197723389,3,7,-2.632838010787964,8.778619766235352
4052,MSI2,"MSI2, ITGB1, JARID2, MFSD14A, ARHGAP1",0.003969623410287884,8.809701919555664,24,6,-2.0640876293182373,8.20324993133545
4053,CHD7,"CHD7, MICOS10, CHD2, ARF6, TRMT112",0.004218643994682332,15.579812049865723,2,9,-1.2681101560592651,5.416485786437988
4054,GNPAT,"GNPAT, PGRMC2, ADAT1, ASCC2, UPK3BL1",0.0035637394656449634,7.592895030975342,1,4,2.943915605545044,6.287817001342773
4055,SMAP1,"SMAP1, SVIP, TMEM243, HLCS, LAP3",0.0032637382891697615,5.0888519287109375,31,1,-2.4276952743530273,7.618114471435547
4056,CDK8,"CDK8, TMEM131L, JTB, BRD4, MKI67",0.0004892176047749207,6.724865436553955,6,5,0.8548465967178345,4.8730034828186035
4057,CLK1,"CLK1, CTSD, ATP5MC3, TSC22D1, TMEM258",0.0064804175702649815,6.779994487762451,5,7,-0.6506226658821106,3.960017442703247
4058,EDC4,"EDC4, RAB11FIP1, ASH1L, C1GALT1, EMP3",0.003850015098098424,5.7876081466674805,13,8,-1.5793986320495605,6.437250137329102
4059,PDRG1,"PDRG1, KAT5, UNK, CBLL1, DUSP11",0.009981411691810556,10.39469051361084,0,7,-0.7307751178741455,4.423113822937012
4060,POLQ,"POLQ, SRPK1, AGO1, VIRMA, PGAM5",0.00039706038062894364,43.58478927612305,3,3,-0.26345089077949524,5.810256004333496
4061,PSMC1,"PSMC1, AASDH, FEM1B, CC2D1A, LRRC59",0.0001284318762034361,3.2631893157958984,0,6,0.10454921424388885,5.576878070831299
4062,INTS14,"INTS14, MYO9B, COMMD10, MPZL1, DCAF6",0.007595127824030682,5.507767200469971,8,1,1.6520888805389404,8.170503616333008
4063,COMMD3,"COMMD3, LSM3, ADAL, TMED5, ING5",0.004272565774767744,4.503927707672119,1,7,-1.7611188888549805,7.20310115814209
4064,ANKRD13A,"ANKRD13A, SBF1, R3HDM4, EIF3A, ILVBL",0.006876497554892372,8.960651397705078,1,4,2.597642183303833,6.935586929321289
4065,ATF7IP,"ATF7IP, PSME4, UBA1, SRRM2, HEBP2",0.000130392668206542,3.039949417114258,7,8,-2.676053047180176,4.6299848556518555
4066,UBXN2A,"UBXN2A, STX17, WDR41, UFM1, SWI5",0.002530402080008157,7.720245361328125,3,4,3.1638450622558594,6.547692775726318
4067,HNRNPA3,"HNRNPA3, RPS27L, NUP54, RAC1, MORN2",0.002529421684006604,8.46823501586914,0,8,-2.4280896186828613,7.358304500579834
4068,TM7SF3,"TM7SF3, ABT1, TSR2, SLC30A9, CCDC82",0.0006754928450699807,4.630161285400391,5,6,-1.0163743495941162,7.6236958503723145
4069,OXLD1,"OXLD1, ENKD1, XPA, C22ORF39, SLC39A14",0.004027466774379507,4.990625381469727,2,4,2.790773391723633,7.151784420013428
4070,PPIA,"PPIA, EIF3F, TUBB, FAF1, C11ORF58",0.00332648363326915,10.198909759521484,4,9,-1.1939687728881836,5.102420806884766
4071,PTMS,"PTMS, LIMA1, CCT5, TRMT11, ADD1",0.004145114294565861,10.015820503234863,31,0,-3.7350869178771973,5.988281726837158
4072,TMED10,"TMED10, AKAP9, LYSMD3, HDHD2, SKIL",0.011521613810250237,10.755706787109375,3,8,0.6213935613632202,5.692668437957764
4073,TMEM63A,"TMEM63A, CKLF, PREPL, DBI, PPP2R1A",0.008705916493790171,11.746137619018555,12,9,-2.8593082427978516,6.095114707946777
4074,RIC8A,"RIC8A, KLHL20, MCCC1, PDPK1, MTMR2",0.013419660469256743,8.874248504638672,0,1,1.0279903411865234,6.024209976196289
4075,HDDC2,"HDDC2, LYPLA1, LSM14A, PSPC1, PKN1",0.004266683398758427,11.529509544372559,3,1,-1.0602543354034424,6.7161993980407715
4076,FOXRED1,"FOXRED1, METTL1, TEDC1, DDX31, JMJD4",0.005351981772477539,9.429082870483398,0,0,-0.7367880940437317,4.845001220703125
4077,NUTF2,"NUTF2, ARPP19, RBM17, SNX9, NDUFB6",0.01939321330671885,7.670760631561279,1,6,-2.2241148948669434,5.975497722625732
4078,SNAPC3,"SNAPC3, SCLT1, SLC11A2, PITPNA, CPOX",0.003882368166149671,5.36704158782959,1,0,-1.264110803604126,6.505680561065674
4079,PDLIM1,"PDLIM1, FAM89B, GNG5, PDAP1, MCU",0.0002009811803183542,3.833707809448242,0,8,-2.753746271133423,5.122015953063965
4080,TAMM41,"TAMM41, CCAR1, PSMD5, KATNB1, LMNB2",0.0001803928642857423,2.438448905944824,7,4,2.6868321895599365,6.872846603393555
4081,SLC5A3,"SLC5A3, ZNF410, RFC1, RUNX1, PPTC7",0.003587268969682234,4.65854549407959,0,8,-2.843965768814087,6.553249835968018
4082,ZRANB3,"ZRANB3, QTRT2, METTL2B, IRF2BP1, FAHD1",0.007775520688316425,8.095166206359863,1,8,1.4681135416030884,5.50383186340332
4083,COX20,"COX20, GLUD1, CBR4, PIAS2, TMEM109",0.0017274577547362932,4.31348180770874,4,6,-0.20248457789421082,7.715576648712158
4084,GUK1,"GUK1, SSR2, SFSWAP, SCO2, SERBP1",0.004668645759395135,10.719449043273926,1,0,-3.7642149925231934,7.48542594909668
4085,GLI4,"GLI4, TRMT10C, ACY1, NCLN, ZCCHC3",0.00388530935415433,20.364431381225586,9,3,3.655095100402832,6.551567077636719
4086,SLK,"SLK, MINDY3, RNPEP, KLHL21, VRK3",0.007576500300001177,10.80656909942627,2,9,-1.6313115358352661,4.482649326324463
4087,FKBP11,"FKBP11, DYM, ARID2, ATP6AP2, FNBP1",0.02670206549829607,15.418511390686035,0,0,-3.5139122009277344,8.029996871948242
4088,BNIP3,"BNIP3, RBBP7, DSTN, SPAG7, SEM1",0.0012215734179349723,8.578328132629395,19,5,1.2137579917907715,5.427174091339111
4089,PPP1R9B,"PPP1R9B, GNA12, DALRD3, MED30, CKLF",0.012727500892160362,7.736688613891602,0,1,1.2762572765350342,7.3071370124816895
4090,PAF1,"PAF1, GPI, LCOR, ENTPD4, TLN1",0.022455970415570257,10.561124801635742,3,6,-0.7070215940475464,6.43781852722168
4091,PCGF3,"PCGF3, ERCC3, SAYSD1, AAGAB, ANKRD16",0.005466688104659234,10.004003524780273,0,4,2.612459421157837,6.4662604331970215
4092,ARF1,"ARF1, SF3B2, OSBPL8, PSMA7, ATXN2",0.004261781418750662,12.466353416442871,6,9,-3.145131826400757,5.5563249588012695
4093,RBCK1,"RBCK1, MPC1, PPP1R10, RCOR3, SPATS2",0.00031078553249228426,4.625133991241455,3,0,-3.998598337173462,6.722581386566162
4094,ARCN1,"ARCN1, MARF1, DPY19L4, BICD2, KAT7",0.017910854552370795,11.724721908569336,2,8,-2.7489469051361084,4.625698566436768
4095,TOMM34,"TOMM34, DUS1L, PPAN, NARS2, RRP1B",2.843148404503547e-05,2.3957273960113525,30,4,3.585448980331421,6.370968341827393
4096,RBPJ,"RBPJ, B4GALT1, CCNY, CLK1, ASL",0.023066757124537745,9.490777969360352,0,8,-2.7827773094177246,6.233850479125977
4097,TSEN34,"TSEN34, XIAP, RPAP1, TMBIM4, GEMIN5",0.0007147086851320985,6.615010738372803,1,0,-3.829315185546875,5.444029331207275
4098,HNRNPC,"HNRNPC, PPIG, UBE2B, PRMT2, PAPOLA",0.00019411840830748357,3.441880464553833,5,8,-0.8685708045959473,3.9516327381134033
4099,NSD3,"NSD3, STK4, ANXA5, LAMTOR5, ZNF286A",0.005612767108890623,10.636527061462402,7,9,-2.8103270530700684,5.7899956703186035
4100,SRD5A1,"SRD5A1, RBM3, TMX4, CDK5RAP3, RDX",0.00019019682430127178,2.7132604122161865,3,1,-2.8741419315338135,8.399467468261719
4101,ARPC1B,"ARPC1B, ADO, ATRAID, UBE3A, RBCK1",0.0032402087851324908,7.071506500244141,4,9,-0.3718236982822418,4.646069526672363
4102,ACACA,"ACACA, KANSL1, ACTR3, PSMB10, TNFAIP8",0.009300036470731257,13.824319839477539,15,8,-2.903535842895508,5.276496887207031
4103,TMEM230,"TMEM230, UBE2E3, CCNQ, NFYC, VPS26A",5.39217800854121e-05,2.4414491653442383,5,0,-2.260833978652954,8.89863109588623
4104,CIB1,"CIB1, GPBP1, SMARCA5, NDUFB11, RCN1",0.03168247718618505,13.039572715759277,0,0,-3.765866756439209,6.563026428222656
4105,COMMD5,"COMMD5, ATP6V1D, FECH, MVD, PDRG1",0.002977462656716301,6.760254383087158,2,8,2.4925496578216553,6.328650951385498
4106,PTPRA,"PTPRA, TERF2IP, SCAND1, GADD45GIP1, SCD",0.0141873105384727,10.722857475280762,5,8,-0.037606872618198395,8.3164644241333
4107,COPB2,"COPB2, TFCP2, SOCS4, CCDC43, ATOX1",0.00029313840446433125,3.138666868209839,1,0,1.6329644918441772,6.458299160003662
4108,SLC25A5,"SLC25A5, FKBP5, COX6A1, SRRM2, DIDO1",0.008292189381134829,11.932971954345703,1,6,0.001526727806776762,5.197813034057617
4109,GOLGA2,"GOLGA2, PPIE, TBPL1, UBE2J2, SLC16A1",0.00012745148020188314,3.5733511447906494,10,7,-1.3400567770004272,9.266948699951172
4110,MBNL1,"MBNL1, ARID5B, SH3GLB1, PDLIM1, ARID4A",0.0022039302114910254,9.017707824707031,0,0,-2.6031301021575928,8.960211753845215
4111,CCT6A,"CCT6A, EXOC2, HAUS1, PTOV1, SLC39A7",1.1764752018635367e-05,2.941896915435791,0,8,-0.5643362998962402,5.2806806564331055
4112,ATP2A2,"ATP2A2, POLR2E, DNPEP, HMGB3, CMC2",0.0015833395425080099,4.031492710113525,5,4,3.095879316329956,6.344732284545898
4113,PRIM1,"PRIM1, RFC3, RB1CC1, SLC12A2, CHCHD2",0.004315703198836074,12.412345886230469,32,0,-3.959322690963745,6.130157947540283
4114,GON7,"GON7, LUC7L, CANX, NDUFB4, WAC",6.470613610249452e-05,2.4993584156036377,3,9,-3.1207268238067627,5.337540626525879
4115,TMEM123,"TMEM123, PUM1, ACP1, PTCD3, WDR18",0.00013529464821430672,3.0116217136383057,3,1,-2.2183663845062256,8.622118949890137
4116,EHD4,"EHD4, SFT2D3, XPA, DPP3, TPM4",0.0014617704383154443,4.288398265838623,4,9,-3.0393810272216797,6.269979000091553
4117,FOXO3,"FOXO3, CCT6A, GNL3, MCCC1, BPTF",0.00019902038831524829,3.494873523712158,3,6,-0.8165376782417297,6.938086986541748
4118,EIF3M,"EIF3M, CNPY3, BRWD1, ROCK1, PPP1CA",0.0010343177816383594,8.804998397827148,3,9,-1.4263592958450317,5.903791427612305
4119,GPR108,"GPR108, STK24, SOAT1, SRA1, GATAD2A",0.0042882521107925915,7.3760786056518555,14,7,-0.8630809187889099,7.077033996582031
4120,NEK1,"NEK1, TMOD3, MANF, ATP6V1H, XPR1",0.022304989431331104,9.432174682617188,4,9,-1.4858919382095337,4.684696674346924
4121,NOM1,"NOM1, SELENOI, KIF3B, KAT8, LEMD3",0.006507868658308464,10.525793075561523,0,1,3.48945951461792,5.308733940124512
4122,DNAJA3,"DNAJA3, GLOD4, POLR2H, SPOUT1, PPIF",4.607861207298852e-05,2.398193359375,9,6,0.3725477159023285,7.525158882141113
4123,ANXA4,"ANXA4, ODF2, FNIP2, USF3, KLHDC4",0.012797109008270621,9.682693481445312,0,8,-0.35576796531677246,5.714719772338867
4124,HILPDA,"HILPDA, CKAP5, METTL17, SSH1, HERC1",0.004466684183075228,9.54310131072998,8,9,0.26215922832489014,8.084315299987793
4125,IFT88,"IFT88, TST, ZNF143, ZNFX1, C12ORF76",0.04874921078121875,9.09970474243164,0,1,0.016724592074751854,7.646402835845947
4126,FAM120B,"FAM120B, YWHAE, KTN1, RSRP1, DPY19L4",0.007574539507998071,13.39657211303711,1,0,-3.6150193214416504,7.444257736206055
4127,AURKA,"AURKA, CEP70, TJAP1, TOLLIP, TYK2",0.004622567147322146,6.205204486846924,5,7,0.7372235655784607,4.531590461730957
4128,METTL22,"METTL22, NDUFAF5, KIF14, UNKL, STRADB",0.008680426197749795,7.658620357513428,0,7,0.6522738337516785,5.206992149353027
4129,INTS11,"INTS11, TP53RK, CCSAP, SLC25A1, COX6B1",0.006948066463005737,10.999195098876953,8,9,-1.9535155296325684,4.542572498321533
4130,ATF6B,"ATF6B, CPNE3, SRPK2, JMJD4, UBE2Z",0.00902846677830109,11.916178703308105,14,8,-2.647327423095703,4.695769786834717
4131,EIF1AD,"EIF1AD, RRP8, CERT1, ODF2, ZFYVE21",0.015206922380087765,11.290243148803711,0,4,3.3275129795074463,6.793929576873779
4132,HMGB2,"HMGB2, MT1X, FKBP1A, B4GALT5, NMT2",0.0027078537562892405,8.304115295410156,2,9,-2.6003990173339844,5.0267767906188965
4133,ZNHIT6,"ZNHIT6, PLCXD1, PPP1R10, CMC1, N4BP2",0.0015931435025235393,6.140437602996826,3,4,2.8444769382476807,7.203186511993408
4134,EAF1,"EAF1, HEATR5A, B3GALNT2, ATG4D, METTL14",0.010326511084357193,9.759200096130371,0,1,2.3245372772216797,6.104999542236328
4135,ZBED1,"ZBED1, SLC35E1, GANAB, TRAK1, ADAT1",0.007458852779814823,14.464320182800293,5,6,-0.16082754731178284,8.52495288848877
4136,WDR70,"WDR70, TMEM165, GLG1, PRPF31, POLR2J3",0.000501962752795109,4.302077770233154,1,9,-0.302085280418396,9.123815536499023
4137,COMMD10,"COMMD10, AKAP9, EXOC4, ABHD2, ENO2",0.0029490311726712653,8.766712188720703,4,5,-0.5275091528892517,6.2572855949401855
4138,SKP1,"SKP1, SNRPD1, SRSF10, MIDN, CSPP1",0.004518645171157534,7.967535495758057,19,6,-0.33112242817878723,6.826733589172363
4139,TUT4,"TUT4, SDCCAG8, ARIH1, UBE2B, HNRNPH3",0.0034245232334244448,9.708335876464844,2,9,-2.195856809616089,4.175690650939941
4140,RAD54L2,"RAD54L2, SH3GLB2, ZBTB40, FCF1, ANAPC4",0.0017539284467782226,6.061554431915283,2,9,-1.6681064367294312,4.682802200317383
4141,HSPA8,"HSPA8, COX6A1, ARPC2, TNRC6B, ATP6V1G1",0.0011245142137812304,11.207650184631348,9,5,-1.2962815761566162,6.881780624389648
4142,SENP6,"SENP6, NFE2L2, RBBP4, TTC3, TCEA1",0.0032029537370734788,6.843642234802246,46,9,-0.80997234582901,5.8679986000061035
4143,ETS2,"ETS2, POLR2G, CSK, PJA2, RBIS",0.007076498339209173,9.708571434020996,9,8,-0.7041759490966797,6.443718910217285
4144,ZC3HAV1,"ZC3HAV1, ERBIN, TMPO, BOD1L1, FAM177A1",0.0008568661053572759,6.138210773468018,13,0,-2.297740936279297,7.823145866394043
4145,LEPROTL1,"LEPROTL1, PNKD, CUL5, PHB2, RNF24",0.013486327397362342,8.62129020690918,4,1,2.594046115875244,6.35506534576416
4146,ANAPC5,"ANAPC5, PGD, NBDY, CDK4, FASN",0.0007235322491460751,3.7093188762664795,25,4,2.315342903137207,7.1189961433410645
4147,TRNT1,"TRNT1, CDC123, FAM210A, MED24, TRUB1",0.0035990337217008694,9.608528137207031,3,4,3.331472396850586,6.599106788635254
4148,RRAGC,"RRAGC, SMYD2, ABCD4, ODF2, HAUS1",0.015224569508115718,12.828169822692871,0,7,-2.1406362056732178,8.271065711975098
4149,ABCF1,"ABCF1, CAPNS1, TMEM41A, RMI2, UQCRC2",0.0010186314456135121,3.2980616092681885,9,8,-2.79272198677063,6.2161993980407715
4150,SVIP,"SVIP, ZFYVE9, PSMB4, UBALD2, BAG3",0.001655888846622928,9.080053329467773,11,5,0.37268418073654175,4.754653453826904
4151,LRIF1,"LRIF1, CYB5R3, SLC7A6OS, SDHC, LUC7L2",0.00044902136871124987,3.9087576866149902,4,1,2.8401944637298584,7.0564494132995605
4152,ARF1,"ARF1, MYH9, GMCL1, UBE2H, NADSYN1",0.005346099396468221,10.642840385437012,0,0,-2.46728515625,8.258462905883789
4153,SCLT1,"SCLT1, F2R, SORBS3, RABGEF1, NPTN",0.015130451491966635,7.509385585784912,2,6,-0.19644276797771454,7.6366119384765625
4154,RNF187,"RNF187, PCLAF, DR1, SLC7A5, SEC61B",0.003661779065800258,9.389591217041016,2,6,-0.5547264218330383,8.011590003967285
4155,TCHP,"TCHP, PKNOX1, GCFC2, REEP5, DSCC1",0.0017794187428185992,4.2742156982421875,0,1,0.9201940298080444,7.599828243255615
4156,LIMD1,"LIMD1, GMNN, XRCC2, DDX39B, IPO7",2.2549108035717786e-05,2.1684117317199707,3,4,3.7195310592651367,6.779384136199951
4157,SIK3,"SIK3, COX7A2, GNAS, PPP1R15A, NOP53",0.0012509852979815607,14.221981048583984,9,5,0.4820390045642853,3.259870767593384
4158,LRRC47,"LRRC47, NENF, RBM25, HMGN2, MTDH",0.002399029015800062,9.92471694946289,0,8,-3.315204381942749,4.965737819671631
4159,STK24,"STK24, COMTD1, COQ3, GPAA1, TAF7",0.0069980666590849375,11.170173645019531,3,6,-0.1412753313779831,8.711149215698242
4160,ATXN7L3B,"ATXN7L3B, MBTPS1, SDHAF3, RBIS, PDLIM7",0.003120600472943031,4.741137504577637,38,9,-1.5434660911560059,5.575511932373047
4161,PPFIA1,"PPFIA1, MAT2B, ARID2, SCAF8, GPCPD1",0.007555911983968565,6.396726608276367,1,6,-0.3843480944633484,8.058944702148438
4162,DCTN5,"DCTN5, ECI2, STX8, CALU, DNPEP",0.004462762599069016,7.293347358703613,1,1,2.367621898651123,7.2634687423706055
4163,GOLT1B,"GOLT1B, CCDC32, GDE1, ELMOD3, DNAJC13",0.01460692002713736,10.286224365234375,0,8,1.3272950649261475,5.331323146820068
4164,KIF16B,"KIF16B, MRPL17, EFCAB14, MED13, SLC5A3",0.004490213687112499,4.922837734222412,3,8,0.4686894714832306,6.613326549530029
4165,PCIF1,"PCIF1, PRKAR1B, ATP6AP1, CNDP2, PSEN1",0.006914732998952937,10.074471473693848,0,8,0.38803887367248535,4.191828727722168
4166,CCDC88A,"CCDC88A, ARHGEF7, ZNF267, NDFIP1, ATP5MG",0.003432366401436868,9.28946590423584,55,6,-0.21826031804084778,4.184712886810303
4167,PACSIN3,"PACSIN3, NAPG, INO80B, TELO2, BLZF1",0.01156965321432633,15.647275924682617,0,4,3.0979785919189453,6.390751838684082
4168,AGO3,"AGO3, RILPL2, PDXK, ARHGAP21, LONP2",0.027554029623645584,6.065239906311035,44,1,0.5999274253845215,8.392023086547852
4169,NFKBIA,"NFKBIA, EEF1A1, S100A10, JUN, RPS12",0.0011794163898681956,13.847264289855957,24,5,0.6189990639686584,3.420886754989624
4170,HAUS1,"HAUS1, NAE1, TSC22D4, WDR59, HSBP1",0.012083380719140075,7.771603107452393,11,1,2.062021017074585,8.069647789001465
4171,BRWD1,"BRWD1, CEP162, SPCS2, EGLN1, SLC52A2",0.005562766912811423,5.717337608337402,9,6,-0.13326185941696167,6.315640449523926
4172,DAZAP2,"DAZAP2, TTC17, ARPC2, ACACA, NDUFA1",0.019627527951090004,5.787198543548584,27,1,1.206764578819275,8.230478286743164
4173,NCBP2AS2,"NCBP2AS2, OSER1, PRPF3, CCNL2, ACACA",0.000167647716265554,3.0085251331329346,3,0,-2.256971597671509,7.9819254875183105
4174,EIF3K,"EIF3K, VMP1, EIF3L, FNBP4, ARGLU1",0.0053137463284169744,13.31779670715332,0,9,-2.3051083087921143,5.695464134216309
4175,CHST12,"CHST12, KLF3, ABI2, CCDC107, DPH6",0.017852030792277616,8.090668678283691,6,1,-2.781407356262207,6.198202610015869
4176,ASAH1,"ASAH1, MPRIP, ZNF280D, STX5, FOXN2",0.02770599100388629,13.337328910827637,4,6,-0.7890578508377075,9.01845645904541
4177,TM2D3,"TM2D3, POLR1B, NFKBIB, DDX51, PWP1",8.823564013976525e-05,2.5741958618164062,0,0,2.1180026531219482,6.6085357666015625
4178,FRA10AC1,"FRA10AC1, ATP6V1C1, UFSP2, TMA16, ZBED1",0.003973544994294096,7.657312393188477,0,9,0.0607333742082119,5.221158504486084
4179,TUSC2,"TUSC2, CPSF3, TTC9C, MSANTD3, PRKD3",0.008784348173914408,11.847576141357422,6,8,-2.3734405040740967,5.1425251960754395
4180,AGPAT5,"AGPAT5, MAP3K4, CLTA, USP22, CERS2",0.0015402021184396802,3.62908935546875,2,7,-1.1028019189834595,6.820712566375732
4181,AFF1,"AFF1, SELENOK, ARL16, CBX4, ELP5",0.0051627653441778205,9.889827728271484,1,6,0.4486585557460785,5.075303077697754
4182,DDX20,"DDX20, MCFD2, SLC39A9, RO60, MRPL39",0.000130392668206542,2.6457302570343018,2,7,-1.6897778511047363,8.571793556213379
4183,AP3M1,"AP3M1, CALR, COA3, RAB7A, EXOC3",0.0019156937870344589,7.835649013519287,3,6,-0.34647172689437866,7.419601917266846
4184,ZDHHC20,"ZDHHC20, DAAM1, MCEE, TCTN1, EMC9",0.010667688892897619,8.216601371765137,0,0,-0.2871212661266327,4.352790355682373
4185,CWC25,"CWC25, DAP, CTDSPL2, CNP, TFCP2",0.04175016372613226,7.9826979637146,2,1,1.852439045906067,7.965749263763428
4186,PDS5B,"PDS5B, ARRB2, PGLS, SLC38A1, ZDHHC17",0.028361875928925213,14.502501487731934,9,8,-0.8136125206947327,6.296011447906494
4187,SYNJ2,"SYNJ2, STK3, STAG1, PHC3, C18ORF32",0.03154620214196918,8.009613990783691,0,1,0.053970422595739365,6.851541996002197
4188,LRRC58,"LRRC58, EXTL2, STK26, GALK1, COMMD9",0.005730414629076977,10.944876670837402,2,0,-4.161731243133545,6.6742377281188965
4189,PCBP1,"PCBP1, PNISR, ARHGDIA, SSR2, SRRM2",0.006472574402252558,14.177987098693848,0,8,-3.5479791164398193,5.713471412658691
4190,THAP1,"THAP1, PKN2, DNAJC5, FBXL3, SAMD8",0.007475519511841223,9.682435989379883,4,6,-0.4264952540397644,8.231460571289062
4191,COQ2,"COQ2, DNAJC17, DIS3L2, ATP6V0E1, ASAP1",0.0025823630680904632,5.691227436065674,4,8,-2.511239528656006,4.792003631591797
4192,IFNAR1,"IFNAR1, TRAPPC3, SRP54, SLC20A1, SSR3",0.009671606555319824,12.969730377197266,13,8,-1.7245543003082275,5.194934368133545
4193,VPS8,"VPS8, DDOST, FAM204A, NDUFB5, ZFAND6",0.006581398358424935,12.349527359008789,2,0,-1.6149455308914185,8.87697982788086
4194,EIF3L,"EIF3L, ACOT7, RBM3, ERBIN, PMM1",0.005566688496817635,6.459178447723389,1,8,1.1106520891189575,4.751866817474365
4195,SMIM30,"SMIM30, CPSF7, TMF1, ITGAV, MRRF",0.008275522649108427,17.587753295898438,0,7,-3.55993914604187,6.56513786315918
4196,MCM7,"MCM7, FNTA, SSBP4, EEF2KMT, POC5",0.0007274538331522868,3.9183409214019775,2,0,-3.8147034645080566,5.757833003997803
4197,PACSIN3,"PACSIN3, AAR2, UTP3, TELO2, ANKS3",0.008771603025894218,8.501456260681152,5,7,-2.90824556350708,6.169398307800293
4198,PNISR,"PNISR, DCAF6, PRDX2, PCCA, CYSTM1",0.005185314452213538,7.7420759201049805,0,9,-2.2496933937072754,6.3456268310546875
4199,TUBGCP2,"TUBGCP2, SEL1L, NUDT22, CTR9, VAC14",7.352970011647104e-05,2.974452495574951,0,9,-1.8904682397842407,4.980628967285156
4200,BAD,"BAD, SLC25A11, FAM53C, CZIB, MFSD4B",0.01248436268377523,16.19246482849121,3,9,-2.424368381500244,5.520869255065918
4201,TMEM59,"TMEM59, MPC2, DDX21, CCNI, LTN1",0.00022549108035717786,2.878129005432129,2,7,-3.3076658248901367,6.853850841522217
4202,TRIP12,"TRIP12, RPS27L, MIDN, EEA1, SMIM7",0.02044419782038361,10.657953262329102,4,0,-3.4553511142730713,6.270258903503418
4203,WDR33,"WDR33, MIS18BP1, IMP3, SUPV3L1, RAB14",0.0038706034141310357,8.752246856689453,4,0,-3.938336133956909,7.257836818695068
4204,STAT3,"STAT3, UQCRQ, ATAD1, LNPEP, SLC39A6",0.0069245369589684665,7.400092124938965,7,1,1.1069912910461426,5.4073486328125
4205,KATNBL1,"KATNBL1, NCAPH, EIF3L, STAU1, MAN1A1",0.0035745238216620457,6.439454555511475,24,6,-1.057310700416565,8.305426597595215
4206,PARP1,"PARP1, ATP6V0E2, USP34, NSF, MAZ",0.00021764791234475428,4.7360334396362305,2,5,-1.6589224338531494,5.71014928817749
4207,CYB561D2,"CYB561D2, COG6, CWC25, RNF11, DDAH2",0.004798058031600124,6.206984519958496,0,8,-0.2971603572368622,6.031261444091797
4208,TTC3,"TTC3, TCTN3, RBM39, MACF1, DDX17",0.009246114690645846,12.634903907775879,1,0,-1.9913382530212402,8.906267166137695
4209,UBE3C,"UBE3C, FIBP, FIP1L1, PSMD3, DPP7",0.005027470695963513,4.309386730194092,41,1,-3.2792608737945557,7.319777488708496
4210,FADD,"FADD, ELF2, FBXO38, CSTF1, RPUSD2",0.005652963344954294,6.472410678863525,0,6,0.7059702277183533,5.990976810455322
4211,DAAM1,"DAAM1, CDK6, CHD7, ZBTB1, DDT",0.00424805587472892,6.0505146980285645,4,7,-2.763792037963867,7.082057952880859
4212,MYH10,"MYH10, RPN2, MPDU1, ARF5, SLC25A3",0.003623543621739693,9.179302215576172,20,8,-1.7299458980560303,6.4733567237854
4213,RSF1,"RSF1, FKBP8, SMAP2, SMG7, MYSM1",0.0007666696732144048,4.422192096710205,8,6,-1.1365749835968018,9.362438201904297
4214,FAM98B,"FAM98B, TMEM258, MARCKSL1, ABHD10, NELFB",0.005077470892042714,6.037087440490723,0,7,0.6313069462776184,5.47847318649292
4215,MVB12A,"MVB12A, GID4, CLASRP, NCBP3, POLR3B",0.0011225534217781247,4.855352878570557,0,0,1.7517906427383423,5.950459957122803
4216,FBXO28,"FBXO28, GLMP, MEA1, PREB, TMOD3",0.011658869250467649,9.345717430114746,0,1,1.685870885848999,6.44426965713501
4217,NDUFAF3,"NDUFAF3, PJA2, MZT2A, ZC3H15, PPP1CC",0.00041960948866466146,4.379950046539307,0,8,-1.4352988004684448,5.285496711730957
4218,LMBRD1,"LMBRD1, CMTM3, VGLL4, MGAT1, SLMAP",0.007807873756367672,7.917500972747803,3,6,-0.5142959356307983,4.6724019050598145
4219,PUS3,"PUS3, TMEM177, POLR1C, TM9SF1, DCXR",0.01022553029619724,6.6228742599487305,0,4,2.0879321098327637,6.588963031768799
4220,PARP14,"PARP14, SYF2, RASA1, FBXO11, PREPL",0.004538253091188593,11.936161994934082,0,5,0.24789419770240784,3.5251147747039795
4221,TRPT1,"TRPT1, GFPT1, SRBD1, IPO5, CRK",0.005817669873215189,8.459068298339844,0,9,-0.17695291340351105,5.063363075256348
4222,MCEE,"MCEE, MIOS, TRAM2, SAP30L, MRRF",0.005125510296118808,8.110304832458496,0,5,1.6886452436447144,5.287546634674072
4223,PPP1R15A,"PPP1R15A, METRN, ESF1, ERLEC1, FAM50A",0.008313758093168993,11.238675117492676,2,8,0.06866905093193054,4.060940742492676
4224,PNKD,"PNKD, NT5DC1, EEA1, PSMD2, ZCRB1",0.012696128220110667,11.513359069824219,3,8,-2.458819627761841,5.243245601654053
4225,DEDD2,"DEDD2, TNKS2, KIAA0586, TUT7, ERLEC1",0.013591229769528508,7.087510108947754,0,8,0.9043422937393188,6.193131923675537
4226,CMSS1,"CMSS1, WBP4, TMED5, TRMO, RIC8A",0.008919642822128714,7.516223907470703,1,1,1.7013434171676636,6.785329341888428
4227,CLP1,"CLP1, UCK1, EMC9, PIF1, TTPAL",0.0034627586774850097,6.44425106048584,0,7,0.13591715693473816,4.852288246154785
4228,ALDH16A1,"ALDH16A1, ECH1, TTF1, CLN5, EEF2",0.00241177416382025,7.614686012268066,0,0,-0.6438013315200806,4.025002479553223
4229,PPP1R12A,"PPP1R12A, XRCC5, MEF2A, GADD45GIP1, RPL36AL",0.0037078576778732464,9.36398696899414,15,7,-2.8221683502197266,6.349526882171631
4230,PRCC,"PRCC, PTEN, ETFB, EIF6, RGS10",0.0026980497962737107,10.214686393737793,26,0,-3.8356099128723145,6.594542026519775
4231,HSPA8,"HSPA8, STXBP4, YIPF3, PHF12, CHD3",0.0022451068435562493,6.217658996582031,1,9,-0.3442055881023407,6.127743244171143
4232,RALGPS2,"RALGPS2, BMPR1A, TFCP2, XRN1, TGIF1",0.03222953815505159,8.553077697753906,15,1,-2.5708484649658203,5.738546371459961
4233,UXS1,"UXS1, FAM104A, RPP38, RALY, CUL4B",0.012296126651477064,5.024721622467041,0,4,3.000946044921875,6.9992475509643555
4234,NDUFB8,"NDUFB8, DDX17, ZNHIT1, NABP1, NXF1",0.0017754971588123875,7.827911853790283,2,6,-0.8363317847251892,9.423933982849121
4235,SCARB2,"SCARB2, PLEKHO1, TMEM35B, GABARAPL1, PTPN2",0.018493209777293244,8.045892715454102,4,1,0.7414829730987549,7.29551362991333
4236,PRPSAP1,"PRPSAP1, TMEM123, L3MBTL2, FOXRED1, CDC42SE1",0.004019623606367084,9.006311416625977,0,8,-3.773803472518921,5.521942615509033
4237,DNAJC14,"DNAJC14, KCTD5, CDK11B, PCBD2, ERGIC1",0.015592218008698073,8.293978691101074,0,1,1.7607706785202026,6.458805084228516
4238,MLLT10,"MLLT10, LASP1, RBM3, PDSS2, CLDND1",0.0060392393695661555,6.457571029663086,0,1,-1.459053874015808,7.835389614105225
4239,ZFC3H1,"ZFC3H1, GPN2, VBP1, AFMID, PEX13",7.941207612578873e-05,2.5095505714416504,15,4,3.200009822845459,6.632771968841553
4240,RBL2,"RBL2, ITGB1, SON, STRN3, LMAN1",0.0011588280738355837,4.907806396484375,9,1,-1.2738158702850342,7.385717868804932
4241,SHC1,"SHC1, BIN3, PDS5A, KRT10, PPP2R2A",0.008285326609123957,8.44660472869873,2,1,1.1483057737350464,6.734499931335449
4242,PIGK,"PIGK, MARK4, MUS81, AKT1S1, TFPT",0.0027823638524072645,4.785572528839111,6,7,-0.44960957765579224,4.348648548126221
4243,SH2B1,"SH2B1, TOP1, PMM2, CSNK1G1, BCOR",0.025888336817007127,8.273155212402344,0,8,0.04064326360821724,6.763824939727783
4244,LCMT1,"LCMT1, KTI12, GFER, POC1B, LTN1",0.007548068815956141,11.181365966796875,0,7,-3.189033269882202,7.41126823425293
4245,SMYD3,"SMYD3, RPL37, FTH1, RPS21, MT-ND4L",0.0010323569896352534,6.942551136016846,0,5,1.030730962753296,7.480424880981445
4246,BLVRB,"BLVRB, SHKBP1, TLN1, MED30, MRFAP1",0.0009029447174302644,4.268739700317383,46,7,-0.05804726481437683,5.643594741821289
4247,ZFAND2B,"ZFAND2B, EEF2K, PNKP, KDM3B, TACO1",0.005225510688277209,8.42163372039795,12,6,-0.39975839853286743,9.114068984985352
4248,TNRC6B,"TNRC6B, ATP6V1G1, HSPB1, AHI1, VAPA",0.0007901991772516755,9.13149356842041,40,5,-0.9129985570907593,4.3801188468933105
4249,CHMP6,"CHMP6, PHYH, EZR, CHSY1, POLR1E",0.007106890615257315,6.2107439041137695,0,7,-1.4369820356369019,6.055797100067139
4250,UBE2L3,"UBE2L3, PIGL, SAFB2, DNMT1, WDR45B",0.00011372593618014189,2.215167284011841,10,1,3.0543770790100098,6.289686679840088
4251,BCKDHB,"BCKDHB, MANEA, TBL3, SUPT7L, SETD9",0.004564723783230523,6.338400840759277,0,7,1.1576478481292725,5.470212459564209
4252,BCL10,"BCL10, BAD, CTBS, GPR108, FLNB",0.015605943552719815,8.352253913879395,16,1,1.6698291301727295,5.905816078186035
4253,UBXN4,"UBXN4, NFE2L2, KLHDC4, CENPC, KCTD13",0.0044333507190224275,8.598298072814941,2,7,-2.3505189418792725,8.843046188354492
4254,PFAS,"PFAS, AIMP2, ACAT1, POLR2H, SEPHS1",0.0005892179969333213,3.467463970184326,21,4,3.661083936691284,6.503498554229736
4255,NUP98,"NUP98, BCL10, CCDC82, FOXP4, SLC7A6OS",0.012706912576127749,16.147485733032227,8,6,-0.842677652835846,6.8327460289001465
4256,ZNF106,"ZNF106, RAB11B, UQCC2, CKLF, HNRNPAB",0.0038715838101325887,5.308668613433838,5,1,0.7381373643875122,7.817714691162109
4257,RFWD3,"RFWD3, PEX13, METTL2B, AMDHD2, HAGHL",0.005366687712500834,8.759245872497559,0,9,-3.146056652069092,6.039270401000977
4258,ERG28,"ERG28, AZIN1, HM13, ZNF33A, RELA",0.00833630720120471,7.292074680328369,3,7,2.136002779006958,6.964186668395996
4259,MRPL41,"MRPL41, GMDS, MAP4K5, RNF181, CDC42SE2",0.021597143518209877,11.666342735290527,0,0,-2.7434158325195312,7.304064750671387
4260,XRCC5,"XRCC5, ZNF292, TSEN2, APLP2, KRT10",0.0016205945905670219,5.732432842254639,5,9,-3.574233293533325,6.300548076629639
4261,KDM2A,"KDM2A, HSD17B11, PHC3, UBE2H, RPRD2",0.001691183102678834,11.18620777130127,2,5,-0.5945656895637512,4.554305076599121
4262,FAM168B,"FAM168B, RMND5A, KDM4A, DCAF6, NUP188",7.647088812112989e-05,2.527313709259033,5,0,-3.6970317363739014,6.489031791687012
4263,TSG101,"TSG101, AP3S1, ITGAV, TMEM131L, ZDHHC20",0.004108839642508402,6.089589595794678,11,1,0.12639150023460388,6.124257564544678
4264,RPS2,"RPS2, FTH1, RPL37, RPL7A, JUNB",0.0027627559323762053,11.447973251342773,15,5,0.3511178195476532,3.42274808883667
4265,HMGCS1,"HMGCS1, CDK8, GABARAPL1, TRAPPC1, PPP3CB",0.019453997858815134,11.429007530212402,7,9,-2.0373268127441406,5.139476299285889
4266,LAMP1,"LAMP1, KIF20B, CASP2, KIAA0232, DBF4",3.235306805124726e-05,2.1021313667297363,5,8,-0.6391310691833496,4.4173784255981445
4267,DNM2,"DNM2, PDLIM1, COMMD1, UBE2D1, RAD23B",0.0001245102921972243,2.825669288635254,11,7,-2.372972249984741,7.771514415740967
4268,PUM2,"PUM2, NABP1, ABRACL, PIP4K2A, TWF1",0.002681383064247311,5.5558977127075195,4,7,-0.41699787974357605,5.057300090789795
4269,RBMXL1,"RBMXL1, GTPBP1, ZPR1, RRP15, CLPX",6.666692810560042e-05,2.433773994445801,7,4,3.1238887310028076,6.7022857666015625
4270,MRPL28,"MRPL28, HNRNPH3, ZNF609, DEGS1, SERP1",0.00667943795858023,9.128371238708496,10,8,-2.6797211170196533,4.662090301513672
4271,ZNF91,"ZNF91, PIBF1, CHURC1, DDOST, UBE2H",0.003067659088859172,5.257801055908203,25,8,-2.2276461124420166,6.062761306762695
4272,PI4KA,"PI4KA, SKP1, ATF4, GABARAP, NCOR1",0.0077304224722449895,14.529648780822754,23,9,-1.935620665550232,5.011146545410156
4273,DHRSX,"DHRSX, RAB28, MACF1, SPATA33, CCDC66",0.006141200553727661,6.995730400085449,1,8,-0.2718587815761566,5.948540687561035
4274,NUTF2,"NUTF2, NUDT5, ZNF24, SPINDOC, PBRM1",0.006351985694061545,4.422530174255371,31,1,0.8890725374221802,7.751486301422119
4275,TASOR2,"TASOR2, MTFMT, RNF31, PCLAF, PRDX5",0.0006441201730202863,3.31270170211792,0,1,-0.3098613917827606,9.283555030822754
4276,TRAF7,"TRAF7, SLC29A1, C21ORF58, MMUT, MRPL39",0.00635688767406931,13.547371864318848,0,3,4.072212219238281,6.29046630859375
4277,ALKBH4,"ALKBH4, COQ7, EIF4E, SENP5, DYRK2",0.012326518927525206,7.180724620819092,3,9,-1.1587146520614624,6.062743186950684
4278,MGAT2,"MGAT2, TRAPPC2, PDZD8, TMOD3, HNRNPH3",0.0070696355671983025,9.619584083557129,1,8,-3.910006523132324,6.431482791900635
4279,BTBD2,"BTBD2, GIT1, PIP4K2B, CEP152, COX10",0.005608845524884411,7.318844318389893,0,9,0.44754156470298767,5.204408645629883
4280,SNRNP70,"SNRNP70, COMMD9, COX14, ECH1, NPTN",0.0046441358593563116,13.559972763061523,4,0,-3.771684408187866,5.704809665679932
4281,CIAO3,"CIAO3, PRR12, ABRAXAS2, AP1AR, LSM14B",0.007865717120459297,8.438533782958984,0,0,0.381278395652771,5.112549781799316
4282,BABAM2,"BABAM2, RANBP1, ACACA, TMBIM4, TERF2IP",0.000800003137267205,8.241220474243164,17,5,-3.6330337524414062,5.41852331161499
4283,CREB3,"CREB3, ASCC1, CIT, ALS2, TTC32",0.015526531476594026,11.508014678955078,17,7,0.2565462589263916,5.028834819793701
4284,HNRNPUL1,"HNRNPUL1, RAB7A, SUMO3, RPP25L, CHSY1",0.0021823614994568607,7.4222493171691895,4,8,1.116685152053833,6.226787567138672
4285,MAP2K5,"MAP2K5, VAMP2, HDAC8, DYNC1H1, NONO",0.006420613414170251,12.553794860839844,62,0,-3.0392682552337646,8.55346965789795
4286,LYRM7,"LYRM7, NHP2, METTL3, TCF25, SCAF11",0.004498056855124922,7.716547966003418,0,7,-3.3909835815429688,6.961014747619629
4287,MOB2,"MOB2, TAPT1, ATP6V0C, ZDHHC3, MIA2",0.004300997258812779,4.3148298263549805,0,7,1.4720064401626587,7.042393207550049
4288,RAB22A,"RAB22A, DNAJC13, UNC50, G2E3, HMGCR",0.012122596559202193,12.398999214172363,2,7,-1.6148301362991333,8.306023597717285
4289,ATXN7L3,"ATXN7L3, DDIT4, PPP1R7, NUMA1, CNOT1",0.0054549233526405986,7.322692394256592,23,1,0.450801283121109,5.937595844268799
4290,GRINA,"GRINA, HSPB1, TUT4, SLC38A2, RNF216",0.0015774571664986922,5.3048553466796875,0,6,-1.0164310932159424,7.662195682525635
4291,RAP2C,"RAP2C, CTBS, CCNT2, MSRB1, APOO",0.00373236757791207,6.318799018859863,1,0,0.7413426041603088,6.8305253982543945
4292,TTC17,"TTC17, IRF3, EPS15, ATG12, CBX3",0.002002949031172671,5.471224784851074,0,6,-1.9140164852142334,7.936090469360352
4293,CREBBP,"CREBBP, SEPTIN7, GABARAPL2, FKBP5, RAP1GDS1",0.0024676567359087683,3.6684484481811523,2,1,-1.383744716644287,4.809839248657227
4294,NSD3,"NSD3, ACER3, PDAP1, RTN4, COX7A2L",0.0019402036870732825,4.15590238571167,6,6,-0.0575203038752079,7.501415729522705
4295,MED21,"MED21, DHX15, ADNP2, ERO1A, GXYLT1",0.005619629880901493,10.81676197052002,4,4,3.706068515777588,6.50314998626709
4296,CCT3,"CCT3, GPX4, DDAH2, PLD3, EZR",0.00287059949254703,8.032903671264648,1,6,-1.979191541671753,8.39561653137207
4297,PIGH,"PIGH, SMAD4, RABEP2, GIGYF1, DALRD3",0.007120616159279056,7.386880874633789,1,4,2.8502345085144043,6.789831161499023
4298,ABT1,"ABT1, SLC7A5, TIA1, PPP4R2, CES2",0.00010294158016305947,3.133781909942627,9,6,-1.1863288879394531,6.578646659851074
4299,EDRF1,"EDRF1, CPSF2, DDX41, CCAR2, MPHOSPH6",0.008114737704853745,6.379676342010498,0,6,-1.807695984840393,8.438591003417969
4300,PDIA6,"PDIA6, CAPN1, RGS10, HMGN4, ETF1",0.00011960831218945957,2.86850643157959,16,6,-1.747080683708191,8.393026351928711
4301,CHCHD6,"CHCHD6, KIAA1191, PDLIM7, PIP4P2, ARL13B",0.009772587343479779,8.661341667175293,3,4,2.4980666637420654,6.528979778289795
4302,STAT3,"STAT3, CHD9, MORC2, COMMD1, UBXN4",0.01951282161890831,12.802123069763184,10,8,-3.0019850730895996,4.98581600189209
4303,PPP1R11,"PPP1R11, EIF4EBP2, ZFAND5, LSM4, RSRP1",0.0007676500692159577,7.371966361999512,0,9,-0.8399540781974792,5.785640716552734
4304,SLC7A11,"SLC7A11, GPI, ZHX3, AHCY, RNF19A",0.0013686328181679143,3.845153570175171,29,9,-0.8699526786804199,7.027196407318115
4305,PIGW,"PIGW, DAP, DGCR8, SRP68, RPL34",5.490217608696505e-05,2.7556869983673096,0,5,3.4586708545684814,5.277621269226074
4306,SLC30A5,"SLC30A5, MSTO1, SCAMP3, NUMA1, EIF2AK4",0.016019670665375157,14.279023170471191,0,8,-3.6279237270355225,5.4039483070373535
4307,B3GALNT2,"B3GALNT2, SORBS3, TTC33, ATG4D, SDF2",0.00519609880823062,9.697598457336426,0,0,-2.020801544189453,8.26740837097168
4308,NFATC3,"NFATC3, PHPT1, ROCK2, ARL6IP6, ACTN4",0.012016713791034474,8.513456344604492,8,1,1.766607642173767,6.387253761291504
4309,VPS45,"VPS45, CYB561D2, SZRD1, CDC123, ACO2",0.0002872560284550136,5.525599002838135,1,0,0.3928062617778778,4.534855842590332
4310,RAB11FIP1,"RAB11FIP1, POLE4, SRRM1, ORC4, JOSD2",0.005926493829387566,8.439153671264648,4,8,1.5217108726501465,6.893405437469482
4311,LACTB,"LACTB, ZMYM5, INTS11, BORCS5, IPO5",0.002905893748602936,6.149435520172119,0,7,0.6826105713844299,6.347822189331055
4312,TXN2,"TXN2, MED8, HNRNPH3, METTL26, EIF1B",0.0008951015494178409,2.6600728034973145,12,1,2.1313066482543945,6.919634819030762
4313,ERV3-1,"ERV3-1, HIBADH, MBD2, SMIM26, ZNF800",0.017815756140220157,8.244060516357422,1,7,-2.4335036277770996,8.943910598754883
4314,TRIP4,"TRIP4, SH3GLB2, SDHAF3, DGAT1, NOL12",0.009025525590296433,10.0045747756958,0,6,-0.9523969292640686,6.105731964111328
4315,KPNA6,"KPNA6, RBL1, PHF10, MTA1, U2SURP",0.0033784446213514564,7.3733696937561035,0,4,3.6526284217834473,6.611383438110352
4316,ARHGAP21,"ARHGAP21, EIF4E2, HSP90AA1, SCOC, FAM200B",0.0029284428566386535,14.109699249267578,3,5,0.7494136095046997,5.132441997528076
4317,ASH1L,"ASH1L, SLC25A16, DAZAP2, SKP1, YBEY",0.004600998435287981,10.306275367736816,1,7,-1.1725796461105347,4.644075393676758
4318,EZR,"EZR, EIF4EBP2, IK, BLOC1S6, DHX15",0.0015470648904505509,4.348817348480225,15,1,-2.901893138885498,6.445028781890869
4319,ACACA,"ACACA, WSB1, BLOC1S1, ACTR8, RFX1",0.009951019415762414,7.6784892082214355,0,9,-2.0003013610839844,5.300259113311768
4320,TMEM256,"TMEM256, PSMG4, LAMTOR2, LEPROT, GSTK1",0.009032388362307303,12.415664672851562,5,7,-2.0991461277008057,8.890402793884277
4321,NUP107,"NUP107, SLC25A16, HMGXB4, MTRF1L, FAM216A",0.007297087439558586,12.562894821166992,6,7,-2.9140031337738037,6.664719581604004
4322,BCAP31,"BCAP31, TSC22D4, PPIG, CLASRP, SORT1",0.018329483645033902,8.873498916625977,0,9,-0.0775926411151886,7.684193134307861
4323,ORMDL3,"ORMDL3, RNF130, RAP1GDS1, JOSD2, N4BP2L2",0.02713442013498092,12.44734001159668,7,0,-2.144237995147705,8.209044456481934
4324,AASDH,"AASDH, EPN2, MED14, TCF12, MCL1",0.004158839838587602,6.217754364013672,2,6,-0.3490372896194458,6.172314643859863
4325,HYAL2,"HYAL2, SEC23A, ZNF195, GTF2I, BRAT1",0.00197255675512453,5.208662986755371,0,9,-1.793898344039917,5.889795780181885
4326,PLEKHM2,"PLEKHM2, ECSIT, CEP162, RREB1, PNN",0.004185310530629532,9.30568790435791,4,0,-1.953936219215393,8.316651344299316
4327,ASAH1,"ASAH1, UFC1, PSMB5, MYDGF, MRPL9",0.001224514605939631,6.166291236877441,10,8,-1.7738226652145386,6.653257369995117
4328,NOP2,"NOP2, PPAN, N4BP1, VAPA, ZNF721",0.004572566951242946,9.594523429870605,4,6,-0.3960188031196594,6.784045696258545
4329,AMFR,"AMFR, AZI2, TRIM8, CDC42SE1, AGBL5",0.02094714096918027,7.843121528625488,0,0,-1.2476683855056763,6.715911865234375
4330,<SPECIAL>,"<SPECIAL>, HMGCS1, RPS8, RPL35A, RPL34",0.0008901995694100761,73.17991638183594,5,2,1.1774042844772339,6.0640788078308105
4331,ARID4B,"ARID4B, TOR1A, G6PC3, GNG5, CCDC112",0.0018166737908776112,5.438140392303467,0,7,-2.018416166305542,7.1498332023620605
4332,MAGOH,"MAGOH, LIN9, C19ORF53, CMPK1, COQ3",0.0009539253095110177,3.2344536781311035,1,1,-4.059018135070801,6.932063579559326
4333,CREBZF,"CREBZF, CSTB, SNRPD3, MT-ND6, NFKBIB",0.00018627524029506,3.4751319885253906,20,0,-2.0279579162597656,9.040740013122559
4334,RABEP2,"RABEP2, GNA12, ELMOD3, SLC11A2, DNAJC4",0.016486339162114363,9.378800392150879,0,7,1.4695125818252563,6.588606834411621
4335,STX10,"STX10, AP3M1, PIGT, COPS5, HBS1L",0.0004627469127329911,3.570009469985962,8,8,-0.9195834398269653,5.837182998657227
4336,CMSS1,"CMSS1, RAB11FIP1, RHOBTB3, MAP4, CLTC",0.005555904140800552,7.627577781677246,1,8,-0.17541642487049103,7.3543314933776855
4337,INTS1,"INTS1, ANKRD54, GIT1, WDR12, MTIF2",0.00943337032694246,10.780187606811523,5,9,-1.3941559791564941,5.837462902069092
4338,PIK3CB,"PIK3CB, STK32C, GOT1, BPHL, SRPRA",0.024770685375236766,7.146692752838135,0,1,-0.00014968561299610883,6.080219268798828
4339,CHD6,"CHD6, IQGAP1, RTRAF, NXF1, NPEPPS",0.014827509127486774,11.285591125488281,11,9,-1.8125256299972534,4.41085147857666
4340,PABPC1,"PABPC1, TBCD, TMEM123, PHPT1, ZWINT",0.00010882395617237714,2.8746025562286377,0,0,-3.800625801086426,5.5695481300354
4341,PRCP,"PRCP, TOX4, SBNO1, AGO3, PDLIM1",0.0012686324260095137,4.324728012084961,2,6,-0.9573214650154114,6.957616329193115
4342,CEBPB,"CEBPB, FBXO25, ASH1L, RANBP3, PDS5B",0.019870666159475137,12.994976043701172,1,9,1.3451827764511108,5.189813137054443
4343,CORO1B,"CORO1B, KXD1, TMED3, SCOC, SSBP4",0.00928729132271107,7.5185112953186035,1,1,-1.2220159769058228,7.57437801361084
4344,TBC1D1,"TBC1D1, CFLAR, PPP3CB, MYL12B, PSME4",0.001971576359122977,7.432615280151367,8,5,-3.369778633117676,8.27182674407959
4345,SPRTN,"SPRTN, BCKDK, CHERP, GTF3C1, ARL14EP",0.005563747308812976,11.243401527404785,0,9,-2.25382399559021,4.450066566467285
4346,EIF4E,"EIF4E, LENG8, NPEPPS, TAOK1, COPS6",0.005340217020458904,4.956511974334717,17,7,-2.0513551235198975,7.461203098297119
4347,ACTL6A,"ACTL6A, CCDC14, SMARCAD1, IPO9, NOL12",6.078455209628273e-05,2.946376323699951,13,8,-0.6884532570838928,6.437581539154053
4348,MT1X,"MT1X, HNRNPDL, RUNX1, HNRNPH3, TAF7",0.0010500041176632064,4.258275985717773,11,9,-0.3986062705516815,4.809084415435791
4349,MRTFB,"MRTFB, SNX3, CDC42, VAMP2, ARPC1B",0.0084657194734097,8.918477058410645,0,9,-0.7292418479919434,4.623586654663086
4350,UTP23,"UTP23, SPTY2D1, KLHDC3, METTL16, ZNF277",0.009704940019372625,10.16529655456543,0,7,1.1570998430252075,4.843930721282959
4351,PDZD8,"PDZD8, FBXO33, CEP63, CASP3, ZBTB8A",0.002213734171506555,4.89589262008667,0,8,-1.6764694452285767,6.482300281524658
4352,RSBN1L,"RSBN1L, VCPIP1, SPIN1, GTF3A, LYSMD3",0.007054929627175009,11.697050094604492,0,8,-2.4292163848876953,5.128525257110596
4353,KLF3,"KLF3, RB1CC1, CLIP1, APC, NSF",0.00786375632845619,10.116758346557617,27,9,-0.21550799906253815,8.893507957458496
4354,RNF4,"RNF4, ATP6AP1, SCAND1, ATG101, RIF1",0.0005147079008152973,3.563079833984375,0,6,-1.5440036058425903,7.671342372894287
4355,PPP2R1A,"PPP2R1A, DCAF6, CDK17, HELZ, ANAPC16",0.020064784567782618,10.84307861328125,39,7,-1.4595872163772583,8.979305267333984
4356,OCIAD1,"OCIAD1, BIRC5, BAZ1A, ATP5PB, ZNF148",0.0037147204498841173,7.981879234313965,21,6,-0.6736273169517517,6.3261590003967285
4357,CCNB1IP1,"CCNB1IP1, ABCE1, SNRNP40, HELLS, UIMC1",0.005905905513354954,9.038338661193848,7,4,2.2260196208953857,8.092019081115723
4358,DMAC2L,"DMAC2L, TMEM120B, MCOLN1, VAMP7, SFT2D2",0.0035264844175859514,5.115566253662109,2,7,1.3874558210372925,6.478643417358398
4359,RRS1,"RRS1, CDCA5, MYSM1, ENDOD1, RECQL",0.008190228196973322,9.912858963012695,20,7,-1.7433826923370361,9.239978790283203
4360,SDHAF3,"SDHAF3, MAPK1, MRPL33, RCC1, DMXL1",0.0034843273895191745,12.848382949829102,11,9,-3.5319302082061768,5.947404384613037
4361,SF3A1,"SF3A1, DCTN4, CRTC3, VEGFB, CEBPZOS",0.00976670496747046,5.489656448364258,6,1,2.149590253829956,7.354917526245117
4362,DHODH,"DHODH, RUSC1, GNA12, FLNB, FBXL4",0.006001984321507143,10.07620906829834,6,0,-2.76448130607605,8.297850608825684
4363,MAN1A1,"MAN1A1, KIF5B, JUND, TAF1D, MAP4K4",0.00606080808160032,13.455181121826172,14,6,-1.3287699222564697,8.661685943603516
4364,BLOC1S4,"BLOC1S4, MBTPS1, NUDCD2, ABT1, SLC30A9",0.002907854540606042,6.696254253387451,3,8,-0.34540703892707825,5.307561874389648
4365,COMT,"COMT, CDC6, BID, LYPLA2, DUS1L",0.0022813814956137084,5.587845802307129,31,4,2.143958330154419,7.596181392669678
4366,PCBP2,"PCBP2, ATP5MF, HDAC8, ATM, AMMECR1",0.0018549092349381762,11.663496017456055,4,6,3.3448500633239746,7.170736789703369
4367,TMEM134,"TMEM134, RAMAC, RNF139, RNF168, PIP5K1A",0.014378487758775524,7.1581645011901855,0,1,0.05917493999004364,7.369549751281738
4368,UBQLN1,"UBQLN1, CENPV, CUL5, PNKD, PMS2",0.005870611257299048,7.8898115158081055,3,4,2.9777843952178955,6.581991672515869
4369,ORC3,"ORC3, SNRPG, ATP5ME, TRAM1, TLK1",0.0007686304652175106,6.531353950500488,5,7,-2.064635992050171,8.37478256225586
4370,CHEK1,"CHEK1, NSA2, NPM3, ABCD3, APIP",2.941188004658842e-05,2.2126657962799072,24,1,2.29006290435791,6.794307708740234
4371,DTD1,"DTD1, HMGA1, PPP1CB, DTNBP1, RWDD1",0.004842175851670007,11.758275985717773,5,8,-2.4043688774108887,4.533389568328857
4372,COG2,"COG2, SUCLA2, NOL10, CHM, FAM161A",0.009767685363472013,15.99382495880127,0,9,-1.5876777172088623,4.578311920166016
4373,KATNBL1,"KATNBL1, PPIG, EEF2KMT, SC5D, PHF12",0.010347099400389805,7.10089635848999,1,1,2.947219133377075,6.365500450134277
4374,HEBP2,"HEBP2, TMOD3, OCIAD1, SLC25A11, TMEM50B",0.001486280338354268,4.137491703033447,18,1,2.611067056655884,6.149150848388672
4375,ZBTB40,"ZBTB40, MORC3, COQ10B, EXOC6, IFT88",0.008617680853650406,7.023361682891846,1,1,1.3967939615249634,6.321963787078857
4376,PEX14,"PEX14, ZNF3, ARFGEF2, MYO18A, DCAF6",0.01782261891223103,8.123154640197754,0,9,-2.1683993339538574,4.957432270050049
4377,CUL4A,"CUL4A, RALB, HSPA4L, NAA25, GUSB",0.007814736528378543,10.823325157165527,0,5,2.0386924743652344,5.3614606857299805
4378,GADD45A,"GADD45A, RANBP9, CBX1, SNW1, SMARCB1",0.013783387385832886,9.726038932800293,16,1,2.2836854457855225,6.652359485626221
4379,MNT,"MNT, RFX1, MECP2, DNAJC30, POGLUT1",0.012910834944450762,10.32077693939209,1,0,1.090537428855896,5.321330547332764
4380,PPP1R11,"PPP1R11, PROSER1, TERF1, XRRA1, YEATS2",0.020202040008000032,9.508282661437988,3,7,-2.7197115421295166,7.474320888519287
4381,RRP9,"RRP9, METTL14, HEATR5A, AFTPH, WBP1",0.009385330922866364,10.217851638793945,2,8,-0.43559694290161133,6.699459552764893
4382,SAE1,"SAE1, ATG101, CBX4, RNF4, POLR2E",0.006175514413782015,14.432707786560059,51,6,-0.4278990626335144,8.786145210266113
4383,MAN1A1,"MAN1A1, RBCK1, MAPKAPK3, DYNC1I2, VPS41",0.01041866830850317,5.04320764541626,77,1,1.6392087936401367,6.679751873016357
4384,ITGAV,"ITGAV, HIGD1A, TRAPPC2L, EPHX1, AP3S1",0.0015196138024070683,4.472794055938721,8,7,-2.255309581756592,7.849085807800293
4385,SC5D,"SC5D, TYK2, GLTP, ATG12, MTG1",0.023477543049188428,12.659130096435547,7,0,-3.8475894927978516,5.404056072235107
4386,TPP2,"TPP2, TASOR, NBAS, DDX6, COX8A",0.009875528923642837,14.45600414276123,3,9,0.45310986042022705,8.425472259521484
4387,DCAF13,"DCAF13, SMIM20, RDH11, LRP6, EPM2AIP1",0.000259804940411531,4.673764228820801,0,0,-3.747892141342163,6.800958156585693
4388,KANSL1,"KANSL1, OAZ1, MORF4L1, PKM, UBL5",0.007156890811336515,14.836642265319824,0,7,0.15332971513271332,8.841509819030762
4389,EBAG9,"EBAG9, PTTG1, KAT6A, FASTKD5, RAP1B",0.00722845971944988,8.944623947143555,0,0,-2.6275248527526855,8.681074142456055
4390,ANKRD39,"ANKRD39, ZBTB37, TMEM208, CDC5L, ARRDC1",4.4117820069882625e-05,2.392192840576172,13,1,0.09972839057445526,5.967618942260742
4391,SNRPD3,"SNRPD3, VASP, TYMS, RRBP1, MRPL57",0.005509825528727564,10.834562301635742,3,9,-2.226133346557617,4.862251281738281
4392,<SPECIAL>,"<SPECIAL>, TFRC, ZMYND19, SLC19A1, SRM",0.0010156902576088534,73.37966918945312,5,2,-2.2721974849700928,8.289034843444824
4393,ZC3H7A,"ZC3H7A, RHNO1, SMARCD2, TMEM123, UBE2T",8.333366013200052e-05,2.5575928688049316,6,9,-3.4006567001342773,5.049817085266113
4394,TMEM19,"TMEM19, POLB, ELP3, ACSF3, RCL1",0.009589253291189377,8.619529724121094,0,1,1.316573143005371,6.141242980957031
4395,DDX3X,"DDX3X, PIGH, SLC48A1, GTF2H1, STAM2",5.1960988082306205e-05,2.428966522216797,1,9,-2.606935501098633,4.489001274108887
4396,PTTG1,"PTTG1, CENPF, CCDC88A, CLIC1, TRAPPC1",0.0023254993156835908,8.89758014678955,16,9,-1.8058017492294312,4.857917308807373
4397,TMEM98,"TMEM98, METTL15, CLDND1, BANP, ZFAND5",0.02871383809348272,11.908624649047852,1,7,-2.0696465969085693,9.116461753845215
4398,DLGAP4,"DLGAP4, SMCHD1, MTF1, TTC9C, FZR1",0.014693194875274021,9.30295467376709,1,8,0.8006672263145447,5.4375319480896
4399,SMIM7,"SMIM7, MAP1LC3B, SSBP1, RPF2, CCT8",0.0014009858862191616,3.0323657989501953,4,1,1.017543077468872,8.065000534057617
4400,MORC3,"MORC3, CYP20A1, SETD4, DEGS1, UBALD1",0.012039262899070192,12.468646049499512,0,9,-2.434497356414795,5.300441741943359
4401,VPS72,"VPS72, GPATCH11, GABPA, XPNPEP3, PPIL3",0.008001011768673603,8.47115707397461,3,4,3.286050796508789,6.522144794464111
4402,BRI3,"BRI3, PCIF1, NDUFB8, CD63, HNRNPK",0.002377460303765897,6.478045463562012,7,0,-1.7795621156692505,7.737387180328369
4403,ATAD3A,"ATAD3A, ORC2, ARL5A, DBN1, PTPMT1",0.0048657053557072776,9.629252433776855,2,1,-3.2465507984161377,6.090542316436768
4404,MOB1A,"MOB1A, LIAS, MAP1S, AARSD1, EXOC7",9.313762014753e-05,3.0183451175689697,26,9,-1.7063136100769043,4.763032913208008
4405,INIP,"INIP, DDX11, IL17RA, COPS7B, RSBN1L",0.0016529476586182692,6.864717960357666,5,6,-0.36577653884887695,7.747384548187256
4406,ARHGAP19,"ARHGAP19, MRPL36, FBXO5, SEPHS1, TUG1",0.005625512256910811,35.5475959777832,10,3,3.3635120391845703,6.709906578063965
4407,LYSMD3,"LYSMD3, ZDHHC20, PPP2R3B, GABPA, SDCCAG8",0.012558872779893255,8.035028457641602,0,8,0.5493615865707397,5.662339687347412
4408,STRADB,"STRADB, ATF7, DLST, RING1, WDR41",0.002682363460248864,8.015481948852539,1,7,2.4180827140808105,6.53216552734375
4409,RBM7,"RBM7, CDK5RAP3, SNRPD2, ERLEC1, LMNB1",0.010194157624147545,8.58382511138916,0,7,0.6417058110237122,5.014215469360352
4410,TOMM22,"TOMM22, F2R, ZNF207, ESD, RAB5C",0.007413754563743387,7.901717185974121,1,1,2.0963423252105713,8.316072463989258
4411,VPS37A,"VPS37A, LSM14B, COIL, NSFL1C, DNAJC14",0.0074412056517868695,13.727794647216797,11,4,3.525632619857788,6.669198513031006
4412,UXT,"UXT, RNF13, PHC3, MYCBP2, CDKN1B",0.01787359950431178,8.585607528686523,6,1,0.03773549571633339,4.876981735229492
4413,MRPL12,"MRPL12, STK26, GRK6, PLEKHF2, SCO2",0.0017696147828030698,4.877951622009277,8,0,-1.818827509880066,6.59133768081665
4414,SF3B2,"SF3B2, POLE, APEX2, SP3, MFSD1",0.0008460817493401935,3.9272966384887695,0,0,-0.40988510847091675,4.524899482727051
4415,SRP72,"SRP72, DCXR, SLC25A11, CISD2, PCCB",5.882376009317684e-05,2.2029411792755127,30,1,2.372657060623169,6.768689155578613
4416,CCDC107,"CCDC107, NSMCE3, PTBP1, REPS1, STX8",0.000983337189557606,3.971890687942505,1,8,-0.1802687793970108,5.598424911499023
4417,KIDINS220,"KIDINS220, RIOK3, TMED10, COG5, PDE7A",0.028705014529468744,16.267873764038086,0,9,-1.7629342079162598,4.4185051918029785
4418,EXOC5,"EXOC5, STARD3NL, EPM2AIP1, MTRF1L, HNRNPH3",0.00024117741638202502,2.8207662105560303,1,0,-4.153656959533691,6.601430416107178
4419,AGO2,"AGO2, CCNT2, REV1, CCDC6, CHMP3",0.00035196216455750807,3.8333511352539062,2,9,-1.1947877407073975,6.049206733703613
4420,RELA,"RELA, C2ORF68, PIGN, PDLIM7, THUMPD1",0.009013760838277797,11.467108726501465,8,9,0.3280542194843292,4.154863357543945
4421,ZBED4,"ZBED4, IRGQ, ZBTB8A, TGFBR1, ERCC6",0.00837944462527304,8.808415412902832,0,8,-2.9627134799957275,4.985862731933594
4422,MRPL27,"MRPL27, PQBP1, SS18L2, USP37, PRCC",0.00027451088043482525,3.2457313537597656,3,8,-3.949284315109253,6.622829914093018
4423,TMEM33,"TMEM33, RANBP9, RAMAC, NOL4L, BBS7",0.0072931658555523745,12.657308578491211,2,8,-3.0082650184631348,5.1440839767456055
4424,WDR75,"WDR75, MFSD8, CDC42, ANKS3, UPF1",0.008157875128922075,7.883972644805908,2,7,-0.27767568826675415,4.664357662200928
4425,MIGA1,"MIGA1, TNFAIP8, DHRS4, PPM1K, KLHDC2",0.018767720657728068,11.2020902633667,0,1,0.80557781457901,6.212612628936768
4426,EIF2B2,"EIF2B2, ARFIP2, PISD, EEF2K, NARS2",0.009096114102408244,8.337613105773926,0,0,0.04204902425408363,5.298530578613281
4427,TM9SF4,"TM9SF4, ZNF766, DMAC2, ZFYVE21, PRMT3",0.005231393064286527,10.435059547424316,3,4,3.316890001296997,6.952373027801514
4428,NFATC3,"NFATC3, MIB2, FLOT1, PSAT1, TMEM179B",0.006695124294605077,5.798747539520264,1,1,-1.8910616636276245,6.361772537231445
4429,SHMT1,"SHMT1, YIF1B, C1ORF35, THOC6, ODF2",0.005193157620225962,5.9045515060424805,1,7,-2.8040826320648193,7.50270938873291
4430,VPS26A,"VPS26A, NPM1, DAD1, PHF21A, SF3B6",0.004205898846662144,16.77836799621582,8,6,-0.552749514579773,8.882092475891113
4431,ATAD2,"ATAD2, CLOCK, MAPK14, TCHP, HSD17B12",0.0085990533296209,9.057242393493652,0,7,-2.5624451637268066,5.883906364440918
4432,TMEM123,"TMEM123, VPS13C, ACACA, EXOC6, CDC42SE1",0.00373236757791207,7.0444135665893555,0,1,1.3042856454849243,6.763897895812988
4433,CHD8,"CHD8, PPP5C, MRPS2, PANK2, MYCBP",3.4313860054353156e-05,2.2051446437835693,17,4,3.400967836380005,6.815674781799316
4434,BCL10,"BCL10, WBP1, ENO2, TGFB1, RTN3",0.006918654582959149,6.240780353546143,14,8,0.9847472310066223,5.245578765869141
4435,KMT2C,"KMT2C, ADIPOR1, VPS29, LSM7, PARP1",0.0007656892772128518,5.938823223114014,6,9,-2.7447195053100586,5.607691287994385
4436,CRELD2,"CRELD2, TM7SF2, HEXD, EXOG, ACYP1",0.005779434429154624,5.538368225097656,5,4,2.7968273162841797,7.019767761230469
4437,FOXO3,"FOXO3, SSX2IP, CNN2, ANAPC10, ATF7IP",0.027098145482923462,6.727031707763672,5,1,-3.229029893875122,5.802647113800049
4438,LRPPRC,"LRPPRC, AARSD1, MORF4L2, ICMT, MAP2K2",0.0065588492503892174,7.5167388916015625,0,4,3.0165469646453857,6.332204818725586
4439,HIKESHI,"HIKESHI, RPS27L, RBM25, EIF3F, NDUFA3",0.0011970635178961487,6.927390098571777,17,9,-1.9013665914535522,4.30876350402832
4440,ICE2,"ICE2, FUS, RAD21, RNF168, PPIP5K2",0.0005549041368789682,3.17822265625,5,1,-2.7666516304016113,8.323908805847168
4441,MYCBP,"MYCBP, ZNF33B, RPP30, NUP42, CHMP2A",0.009422585970925376,12.006994247436523,12,7,-2.797551155090332,8.559964179992676
4442,CETN3,"CETN3, SLC25A16, HMG20B, HACL1, RAB18",0.012382401499613723,9.393805503845215,0,7,1.385424017906189,6.234750747680664
4443,EPN1,"EPN1, CLK4, NDUFB4, SOD1, DYNC1H1",0.0022039302114910254,11.425626754760742,1,9,-1.9543232917785645,4.363924980163574
4444,FARS2,"FARS2, SNAPIN, CD151, COX19, FERMT2",0.03486778379523057,8.543557167053223,1,1,0.2365509569644928,7.859562397003174
4445,CDK5RAP2,"CDK5RAP2, RAMAC, PTPMT1, CDC5L, ATPAF1",0.0020588316032611894,5.56029748916626,5,8,1.6730493307113647,7.159666061401367
4446,UBE2J2,"UBE2J2, ESCO1, BECN1, HADHB, ZMYM3",0.0006549045290373688,3.3303747177124023,0,9,1.0058836936950684,6.315328598022461
4447,HPS3,"HPS3, CDK17, MIB2, OSTM1, DENND10",0.00960690041921733,10.506743431091309,0,7,1.2996485233306885,5.087147235870361
4448,AFF1,"AFF1, CALM3, PFDN2, ACBD3, SMDT1",0.006275514805940415,11.497262001037598,2,7,-2.559037923812866,7.707211971282959
4449,TUBB4B,"TUBB4B, CCNY, MAP1LC3B, LRRC59, SDHB",0.00651669222232244,12.024011611938477,4,6,-0.331024706363678,7.02658224105835
4450,RCN2,"RCN2, ANKRD17, TECR, CDC20, NPTN",0.0063362993580366985,9.843711853027344,3,0,-2.9421615600585938,7.397037982940674
4451,CAMKK2,"CAMKK2, REEP4, SMARCD1, KLF3, APEH",0.012411813379660313,10.908244132995605,21,9,-1.1962217092514038,5.613025188446045
4452,RUFY3,"RUFY3, CDCA4, FRA10AC1, CXXC1, TCF7L2",0.017746148024109898,10.733592987060547,0,7,-0.650018036365509,5.228629112243652
4453,CALR,"CALR, TMEM208, MRPL20, CCT5, RSBN1L",0.003657857481794046,7.165247917175293,4,6,-2.389488697052002,7.714264392852783
4454,LEMD3,"LEMD3, ATL2, PDK1, INF2, NFU1",0.021819693410562394,9.106988906860352,0,0,-3.129251480102539,8.433505058288574
4455,TUG1,"TUG1, PPP1R8, TMEM185B, MRPL36, PDRG1",0.0042157028066776734,32.10474395751953,19,3,0.6295247673988342,3.304042339324951
4456,TOR1A,"TOR1A, SUCLG2, FNBP4, SLC25A3, RBBP4",0.0006941203690994867,5.31414270401001,5,7,-3.3325135707855225,7.598372936248779
4457,GCLC,"GCLC, B4GALT4, MCFD2, MTHFD1, EDEM3",0.009822587539558978,13.554438591003418,21,6,-0.9069437384605408,8.140161514282227
4458,PRDX3,"PRDX3, AP2S1, OAT, KCTD20, CDK6",0.008994152918246737,7.301446914672852,2,4,3.3354928493499756,7.137180805206299
4459,GNAQ,"GNAQ, REXO2, ZC3H13, CCDC22, BTG1",0.00629022074596371,10.25563907623291,0,6,-0.3100127875804901,7.79715633392334
4460,MORC2,"MORC2, POGK, RBM10, TARDBP, UBE2N",0.00011078474817548304,2.3477532863616943,3,4,3.130188465118408,6.873371124267578
4461,SNX17,"SNX17, CRTC3, ASXL1, DDX18, USP16",0.004678449719410664,6.967993259429932,10,8,-3.1055564880371094,5.065165996551514
4462,TRPT1,"TRPT1, ILRUN, COQ7, PMVK, GORASP2",0.010188275248138229,12.424336433410645,1,8,-3.252730369567871,4.60239839553833
4463,GTF2A1,"GTF2A1, BRMS1, PCID2, MTFP1, MLH1",0.00759120624002447,9.53903865814209,0,8,-2.769409656524658,4.656389236450195
4464,ITM2C,"ITM2C, PRPF39, NR3C1, TST, EIF2AK4",0.008529445213510642,8.847173690795898,0,8,0.2922459542751312,4.914702892303467
4465,ILKAP,"ILKAP, SERTAD2, CTR9, PPA2, MRPS31",0.006844144486841125,7.181009769439697,5,1,-2.6060359477996826,8.740087509155273
4466,PMVK,"PMVK, IFNAR1, TYW1, NBEAL1, UBE2D2",0.014387311322789502,9.465614318847656,0,8,-2.542203187942505,5.226708889007568
4467,LRBA,"LRBA, MYH9, SPTAN1, IER2, DYRK1A",0.036176612457303754,6.065979957580566,27,1,-3.2775261402130127,6.749476432800293
4468,HSD17B4,"HSD17B4, MTA2, LUZP1, MED15, RPF1",0.0034862881815222804,5.1160969734191895,0,7,-0.9666035771369934,6.805510520935059
4469,KDELR1,"KDELR1, FKBP11, TCEA1, ANXA11, TMEM63A",0.0009421605574923823,9.727557182312012,11,5,0.20776277780532837,3.8805010318756104
4470,SKA1,"SKA1, SDF4, NCOA4, GEN1, RNF167",8.137286812889462e-05,2.6422770023345947,1,7,-2.963340997695923,5.853124618530273
4471,RNF11,"RNF11, FMC1, RAMAC, PIP5K1A, ADPGK",0.0042098204306683555,6.805258274078369,1,1,-2.811206340789795,7.709722995758057
4472,TOP2A,"TOP2A, BYSL, GALNT2, WASHC4, MAPKAP1",0.0006588261130435805,3.5132596492767334,17,6,0.2620401680469513,5.94085693359375
4473,MAN2B1,"MAN2B1, FBXW5, IDH3B, SMC1A, PKIG",0.00010882395617237714,3.673438549041748,0,7,-3.0515201091766357,7.685949325561523
4474,ATRX,"ATRX, ASH1L, VAMP2, ASAP1, TUBB4B",0.0025117745559786507,11.2379150390625,4,5,0.44804859161376953,3.311491012573242
4475,CAST,"CAST, SLC35F5, EIF3J, GMDS, NBEAL1",0.005248059796312926,7.077758312225342,0,7,-0.3443993031978607,5.141763210296631
4476,VAT1,"VAT1, HCFC1R1, MTF1, PIH1D1, TPX2",0.009415723198914506,13.58797550201416,2,8,0.003228176850825548,8.378852844238281
4477,EXOC4,"EXOC4, COX7A2, THUMPD1, EMP3, TOR1AIP2",0.0007333362091616046,3.546039342880249,3,9,-0.7008158564567566,5.386097431182861
4478,COX6C,"COX6C, TAOK3, NDUFA13, ATP5F1B, PPP1R12A",0.00502649029996196,10.6163330078125,18,6,-0.21351702511310577,7.925836563110352
4479,URI1,"URI1, HIGD2A, RHEB, ZBTB8OS, SRSF2",2.941188004658842e-05,2.3920867443084717,0,6,-0.47054505348205566,7.523736953735352
4480,NAPA,"NAPA, FAM222B, GTF2B, OGDH, TAF13",0.008125522060870827,8.25460147857666,5,8,0.002714248839765787,6.566046237945557
4481,TACO1,"TACO1, SMG6, MSTO1, MTRR, PPCS",0.005301001180396786,7.6648430824279785,0,0,-1.7223060131072998,7.479472637176514
4482,PALB2,"PALB2, BCAS2, SERBP1, ATM, NCBP3",0.005567668892819188,4.619938373565674,7,1,-1.3412978649139404,4.888435363769531
4483,SFXN4,"SFXN4, RSF1, SETD2, WRNIP1, UBE2V2",0.00347942540951141,6.71675443649292,5,9,0.1072760820388794,7.833868026733398
4484,NCOR1,"NCOR1, VPS4B, NUCKS1, TMED3, DCAF6",0.0020578512072596364,7.630075931549072,26,9,-1.8404122591018677,5.84688663482666
4485,KAT2A,"KAT2A, LRRCC1, UBL4A, DNAJC17, AACS",0.00661277103047463,7.83303689956665,0,8,-2.593533992767334,4.954725742340088
4486,SNU13,"SNU13, NDUFB7, SWAP70, RBM8A, MKLN1",0.003771583417974188,11.10200023651123,0,8,-3.183295488357544,5.264647006988525
4487,CLIC1,"CLIC1, NPM1, HSP90AA1, MT-ND4L, HSPA8",0.028378542660951613,8.002330780029297,0,1,1.259873867034912,8.098456382751465
4488,CNOT9,"CNOT9, PET117, KIAA1191, YIPF2, ZNF330",0.004797077635598571,9.12381649017334,0,9,-3.0566489696502686,5.97678279876709
4489,DHRS7B,"DHRS7B, FKBP4, RIOK3, RTL10, OFD1",0.0020205961592006244,5.403711318969727,0,9,-1.8694449663162231,4.983015060424805
4490,SYMPK,"SYMPK, YBEY, CDC26, VPS26B, PRR3",0.010610825924807549,10.757736206054688,63,8,-2.481994390487671,4.430517673492432
4491,RTCA,"RTCA, GUK1, CLTB, TMEM120B, POLR3G",0.0004205898846662144,3.664823532104492,0,6,-0.33553215861320496,4.3092851638793945
4492,UXS1,"UXS1, CHPF, TGFBR1, MCUR1, RNF2",0.010620629884823077,14.368196487426758,0,6,-0.2519926130771637,8.895769119262695
4493,CRY1,"CRY1, PI4KA, STXBP3, BORCS7, CASD1",0.004598057247283322,8.483932495117188,0,0,-2.3339242935180664,7.797328472137451
4494,NAT9,"NAT9, STX6, ZNF384, GLO1, STK19",0.0001058827681677183,3.0863561630249023,0,4,2.0322744846343994,7.489856243133545
4495,IST1,"IST1, MXD4, ATP6V0D1, IMP4, DBNL",0.005737277401087848,7.3224077224731445,0,9,0.07491392642259598,6.25029182434082
4496,MBD6,"MBD6, RETREG3, CFLAR, ZMAT5, GCLC",0.011042200165490845,11.375816345214844,2,7,-0.783383846282959,3.9551005363464355
4497,CLTC,"CLTC, CD46, MPC2, PSPC1, HERC2",0.0035343275855983748,6.16903829574585,2,9,-0.21815210580825806,7.596551418304443
4498,RRN3,"RRN3, ARL2, RNF6, COX5A, KTN1",0.0006970615571041455,4.163403034210205,4,7,-2.544586181640625,6.377899646759033
4499,CDK16,"CDK16, SF3B2, DCAF15, ATP6V0E1, CASP6",0.003547072733618563,9.312843322753906,6,0,-2.1468522548675537,8.049129486083984
4500,NELFB,"NELFB, ZFAND6, SF3B5, PPM1G, TLE5",0.0007794148212345931,4.859557628631592,2,7,-3.08070969581604,8.647059440612793
4501,ABI1,"ABI1, DDX56, MTRF1L, EDC4, UBAP1",0.0020529492272518715,4.823949337005615,1,0,-3.1807963848114014,7.184577465057373
4502,HEATR1,"HEATR1, ERI1, COMMD7, CHD8, NUP214",0.0017921638908387875,7.506613731384277,18,6,-2.1171088218688965,8.355001449584961
4503,CNOT3,"CNOT3, EIF4E, CD2AP, KIF2C, ZNF777",0.00011764752018635368,2.401686429977417,27,1,2.5675435066223145,7.486934185028076
4504,GUSB,"GUSB, ANKMY2, ERI1, IK, ACAT1",0.006782379538743289,9.892065048217773,5,6,-1.3599748611450195,8.54481029510498
4505,GDF11,"GDF11, MCCC1, BTBD1, SDHAF2, SLC38A10",0.012612794559978666,14.057463645935059,1,6,-1.0777043104171753,7.689573764801025
4506,AASDH,"AASDH, RNPC3, MYO9B, RTF2, LPCAT3",0.01153631975027353,9.2377290725708,0,6,0.2920525074005127,5.125879287719727
4507,RBL2,"RBL2, PSMB5, NUDC, NUTF2, NPEPPS",0.0020970670473217544,5.70987606048584,9,5,-0.9867576360702515,7.538121223449707
4508,DDIT3,"DDIT3, SRSF1, CHORDC1, NUFIP2, PSMA3",0.0005529433448758622,3.1873600482940674,10,4,3.0608835220336914,7.088405609130859
4509,AGTRAP,"AGTRAP, KIAA0232, MT-ND6, IFNGR1, TUBB4B",0.0018470660669257526,5.324844837188721,10,7,-2.6599459648132324,6.63423490524292
4510,NFAT5,"NFAT5, GNAQ, KANSL1, PUM2, NEK9",0.0094304291389378,8.681755065917969,0,6,-0.6120501160621643,3.870253324508667
4511,USP32,"USP32, IFI35, CSTB, MT-ND6, LRP10",0.002151969223408719,11.352542877197266,0,5,0.9422051906585693,4.9031219482421875
4512,DOCK7,"DOCK7, CCNB2, NAXE, SMARCC2, TMEM245",0.0019264781430515414,3.977308750152588,31,0,-1.7015068531036377,6.484562873840332
4513,CYCS,"CYCS, UTP3, ACD, RBMXL1, USP9X",0.005484335232687187,5.832386493682861,2,4,2.1198081970214844,7.039401054382324
4514,SYS1,"SYS1, PRR14L, ATXN10, MRPL44, HMGB1",0.0005823552249224507,5.434805393218994,0,8,-3.8078315258026123,6.573363304138184
4515,CDK17,"CDK17, ZNF644, METTL9, DYNLT1, PNRC2",0.0437433087972894,9.82613468170166,0,1,1.704616904258728,8.023039817810059
4516,CORO1B,"CORO1B, CRLS1, KEAP1, POLR2E, MAGED2",0.0038000149020192236,7.471179485321045,6,6,-0.46367040276527405,7.629971027374268
4517,GBF1,"GBF1, PEX11B, GDI1, EIF3E, APMAP",0.007878462268479484,8.73497486114502,1,8,0.5662458539009094,5.59619665145874
4518,HERC4,"HERC4, ANKRD17, EHD4, GPATCH1, FUT8",0.010954944921352633,17.60665512084961,0,9,-1.559829592704773,5.395850658416748
4519,PIN1,"PIN1, RSRP1, UQCRH, ARID4B, STYXL1",0.004853940603688642,11.970552444458008,2,9,-1.341884970664978,4.705941677093506
4520,PRR14L,"PRR14L, SMIM26, MRPL44, NDUFS7, TMEM256",0.001653928054619822,8.848193168640137,0,8,-3.1428568363189697,5.202192783355713
4521,DCK,"DCK, ING2, NUDT16L1, ZYG11B, SFXN5",0.008215718493013698,13.463048934936523,0,0,-3.8814923763275146,7.258730411529541
4522,KIAA2013,"KIAA2013, ALKBH4, SNRNP48, SELENOO, PCNX4",0.009769646155475119,14.018296241760254,0,9,-1.3877891302108765,5.647921562194824
4523,KTI12,"KTI12, YWHAE, RTN3, ATP6V0E1, CHERP",0.008568661053572759,10.88382625579834,1,9,-0.909764289855957,4.144093036651611
4524,UPF3A,"UPF3A, SSBP3, RPL13A, MCM6, ECPAS",0.0001470594002329421,2.6789824962615967,0,8,-0.1511548012495041,6.764745712280273
4525,DDX27,"DDX27, TERF2IP, NMT1, NUCKS1, RPL17",0.004739234271506947,12.01720142364502,0,7,-2.1879172325134277,8.686819076538086
4526,ZNF267,"ZNF267, PSMD6, LRPPRC, VPS37B, MRPL47",0.00048235483276405004,5.171411991119385,12,9,-1.3068875074386597,5.5543131828308105
4527,MAP4K4,"MAP4K4, TET2, PSENEN, HOMER3, ABRAXAS1",0.011292201145886846,9.291548728942871,2,1,0.8041451573371887,6.634429931640625
4528,RPS17,"RPS17, ZFAND5, CAMTA1, ELOB, TRIR",0.0017058890427021282,10.307426452636719,1,5,0.08581272512674332,3.8037497997283936
4529,MCM10,"MCM10, ATG10, METTL5, AGPAT2, TP53BP1",0.0013088286620731846,7.209077835083008,2,8,-2.7662508487701416,6.932623386383057
4530,LPIN1,"LPIN1, GRK6, RALBP1, RAB3GAP2, ATP5MG",0.006567672814403193,10.505013465881348,2,5,0.5763294696807861,4.208957672119141
4531,DUSP12,"DUSP12, SP1, RSRC2, CAPZA1, ALKBH2",0.0019000074510096118,5.1384196281433105,1,7,-1.5551867485046387,7.6012678146362305
4532,PDLIM2,"PDLIM2, USP3, LRP10, ZFYVE16, LAMP2",0.016231436201710595,10.122448921203613,9,7,-2.9211905002593994,8.824551582336426
4533,GOLPH3,"GOLPH3, RARS2, RPP25L, C16ORF95, GDE1",0.00915101627849521,5.816991329193115,3,4,2.0528507232666016,6.824268341064453
4534,TMEM203,"TMEM203, MON1A, TSPAN14, ZNF281, ICE2",0.009192192910560434,4.99886417388916,10,4,2.1788623332977295,6.961058139801025
4535,P4HA1,"P4HA1, TBRG1, C18ORF32, FBXO42, PQBP1",0.0015176530104039623,4.752892017364502,1,1,-0.77350252866745,7.674129962921143
4536,SH3GLB1,"SH3GLB1, YME1L1, NUP42, VPS26B, MED7",0.004557861011219652,6.859021186828613,1,7,-2.794206142425537,6.1289544105529785
4537,ATP6V1C1,"ATP6V1C1, NAPG, ZNF664, NDUFS2, ATG5",0.009687292891344672,10.453892707824707,1,4,3.256742000579834,6.2657976150512695
4538,IPO4,"IPO4, KLHL20, NDUFB5, DPCD, MSI2",6.470613610249452e-05,2.5339629650115967,7,6,-0.38885101675987244,4.239162921905518
4539,SPC24,"SPC24, DUSP11, DVL3, ZNF579, DTD2",0.0023274601076866967,5.199684143066406,2,4,3.750591278076172,6.432213306427002
4540,KAT6B,"KAT6B, CNOT6L, DNAJB14, ZNF721, CD99",0.005830415021235377,10.33171272277832,0,5,-1.0094836950302124,6.24595832824707
4541,USP39,"USP39, ACYP1, VEGFB, STYX, TSEN15",0.004160800630590708,4.692787170410156,7,1,0.4829164445400238,7.98246431350708
4542,MAD2L2,"MAD2L2, ARL17A, PMF1, PIP4K2B, COA3",0.004685312491421535,7.2867279052734375,0,4,2.9345829486846924,7.0464768409729
4543,RPL10A,"RPL10A, RPLP2, RPS28, RPL13A, RPL6",0.003249032349146467,8.752784729003906,0,1,1.1150254011154175,7.3575968742370605
4544,ETFA,"ETFA, METAP2, SAR1B, FXN, MON1A",0.004871587731716595,5.638918876647949,1,4,2.84784197807312,7.063918113708496
4545,LYPLAL1,"LYPLAL1, TRAK1, MINDY3, PUS7L, ARPC5",0.016665751630398552,9.637932777404785,0,6,-2.0937697887420654,8.126230239868164
4546,SNX14,"SNX14, CUL3, EDRF1, GOLGA7, ATP11A",0.019587331715026333,10.004222869873047,1,0,-3.1664350032806396,7.921450614929199
4547,RPA2,"RPA2, RAB3GAP2, RAB3GAP1, CAPZB, XPR1",0.007380421099690587,4.00204610824585,2,1,0.022180257365107536,6.3139801025390625
4548,BIRC6,"BIRC6, NDUFA1, TMEM131L, GADD45A, RBM39",0.017811834556213945,8.71107292175293,8,8,0.19201819598674774,7.579859733581543
4549,ARL16,"ARL16, BSDC1, BOD1L1, PEX16, TDRD3",0.00031372672049694315,3.1983351707458496,2,8,-3.811854839324951,6.551029205322266
4550,ITGAV,"ITGAV, SMC1A, HNRNPD, TRA2A, SNRPD3",0.0014813783583465033,4.6831955909729,7,0,-2.7005927562713623,6.974365711212158
4551,HTRA2,"HTRA2, NEDD8, JTB, ADK, SERP1",0.004468644975078334,9.49006175994873,6,6,-0.47377756237983704,8.692721366882324
4552,TAOK1,"TAOK1, RWDD1, STXBP5, SNRPD2, RUVBL2",0.00778042266832419,7.404298782348633,6,1,-1.8178269863128662,8.769676208496094
4553,RNPEPL1,"RNPEPL1, AZIN1, UBE2E3, ANXA11, ROGDI",0.010575531668751642,7.001610279083252,1,1,1.880824327468872,6.8008246421813965
4554,YIPF6,"YIPF6, ERCC8, RNF2, EXOC7, ZC3H7B",0.011004945117431834,12.261496543884277,0,6,-1.6212660074234009,8.472509384155273
4555,TSPYL4,"TSPYL4, OTULIN, SLC4A2, NDUFA6, ELMOD3",0.0037882501500005883,7.090695858001709,0,6,-0.27113404870033264,4.549192905426025
4556,C5ORF24,"C5ORF24, NOB1, FAM210A, ADNP2, COQ2",0.0032402087851324908,8.997900009155273,5,8,-3.342226505279541,4.7411041259765625
4557,KMT2A,"KMT2A, EEF1D, CAND1, DDT, EXOSC4",0.0001539221722438127,2.677422285079956,41,1,0.6458121538162231,7.562496185302734
4558,CMIP,"CMIP, SNRPE, BRD2, CCT4, NAA38",0.00455393942721344,9.904563903808594,23,6,-1.7569576501846313,5.701976776123047
4559,ASB3,"ASB3, AFF4, CYC1, SNRNP70, FAM13B",0.0017313793387425049,9.370795249938965,1,5,0.5734136700630188,4.088058948516846
4560,PCNX1,"PCNX1, RWDD1, ODC1, MAP4, MKI67",0.0014392213302797266,4.357896327972412,2,0,-1.7927857637405396,6.308976173400879
4561,EIF4G1,"EIF4G1, NFIL3, NDUFS5, PFAS, MRPL40",0.005446099788626622,8.826218605041504,13,4,1.6569428443908691,7.938403129577637
4562,TRIM73,"TRIM73, TIMM23B, RRAGC, RAP2A, CPOX",0.009288271718712623,8.061326026916504,0,7,-0.5523898601531982,4.679089069366455
4563,UBR2,"UBR2, TMEM256, CREB3L2, POLD4, VPS13A",0.03546974694018408,11.678925514221191,0,8,-0.053867142647504807,7.75248908996582
4564,PIAS2,"PIAS2, MIOS, RANGRF, ZNF445, GGA3",0.002456872379891686,5.756353378295898,1,8,-2.024592876434326,6.32940673828125
4565,TOE1,"TOE1, YWHAG, APEX1, MARK4, PSME2",0.0007186302691383103,6.732693195343018,4,8,-2.816706418991089,6.8935089111328125
4566,HMGB3,"HMGB3, PSMA7, METTL26, PRDX3, RAB5IF",0.0016107906305514923,6.454146862030029,0,9,-1.4569249153137207,5.31144905090332
4567,LMO4,"LMO4, ERGIC3, TAOK1, SMIM29, ANXA11",0.010377491676437946,8.672439575195312,11,0,0.15062040090560913,4.763093948364258
4568,PPP1R9B,"PPP1R9B, ATP6V0C, PHC2, RAB5B, ARL13B",0.012423578131678948,7.605366230010986,0,1,1.4757190942764282,6.621798515319824
4569,PRELID1,"PRELID1, COX6B1, STK38L, TRMT112, STK25",0.010843179777175596,10.155964851379395,0,8,-0.9619738459587097,4.8225483894348145
4570,OGFOD3,"OGFOD3, NUDT15, THADA, TMEM167B, CAMLG",0.003458837093478798,8.793657302856445,0,7,-3.260129451751709,8.126091957092285
4571,RABGAP1,"RABGAP1, SERINC1, YWHAE, GCC2, ASCC2",0.0008705916493790171,6.583575248718262,0,9,-3.632910966873169,5.226457595825195
4572,ECT2,"ECT2, GTF2E1, DDX39B, EIF6, HSPA4",8.92160361413182e-05,2.3503615856170654,0,1,2.3609280586242676,5.966958522796631
4573,PDCD10,"PDCD10, TUBA1C, LUZP1, METRN, HEXIM1",0.0009235330334628763,6.638570785522461,10,5,-1.9516119956970215,7.067354679107666
4574,RYBP,"RYBP, MID1IP1, ETHE1, AGFG1, RNF5",0.0033156992772520677,5.078867435455322,3,1,1.0275315046310425,7.128330707550049
4575,TMEM120B,"TMEM120B, BIN3, SPATA33, MRPL30, FTSJ1",0.008569641449574313,10.793478012084961,0,9,-1.9840927124023438,4.450300693511963
4576,CISD1,"CISD1, UBE2R2, UBA6, TLN1, GRPEL1",0.0006284338369954392,4.308770179748535,17,7,-1.1845148801803589,8.669835090637207
4577,DAXX,"DAXX, FEN1, MRPL32, CCND3, CD2BP2",0.008963760642198598,10.505242347717285,34,1,0.19188372790813446,8.802105903625488
4578,CFL1,"CFL1, C6ORF89, BSG, TMA16, DHX29",4.509821607143557e-05,2.4854986667633057,1,8,-0.06135708466172218,8.006925582885742
4579,PRKDC,"PRKDC, ACTR3, SPIN1, CPEB4, LAMTOR5",0.0038206032180518354,4.801520347595215,1,7,-0.6531308889389038,4.755769729614258
4580,RAB3GAP1,"RAB3GAP1, SVBP, NCOA3, LRPAP1, PBRM1",0.0062657108459248856,11.088089942932129,15,9,-1.9867091178894043,5.618028163909912
4581,CHD1,"CHD1, HMGB3, RHOG, PPP1R18, DCAF6",0.008705916493790171,13.779273986816406,2,9,-3.646724224090576,6.111959457397461
4582,MAPK1IP1L,"MAPK1IP1L, NUDT3, POLR2I, ACAD9, GCFC2",0.00011470633218169483,2.9365875720977783,4,8,-0.3268645405769348,8.877046585083008
4583,PPT1,"PPT1, IMPDH1, MAT2B, CHMP4B, RSRP1",0.0010117686736026417,4.952394008636475,6,9,0.2641429305076599,8.54400634765625
4584,UROD,"UROD, TBC1D20, COQ4, PCID2, ILF3",8.627484813665935e-05,2.2433793544769287,4,4,3.215122699737549,6.206064224243164
4585,CCDC90B,"CCDC90B, MAD2L1BP, THAP5, ZNF397, DPH3",0.020569688508582387,7.337399005889893,4,1,-1.171276330947876,5.722677707672119
4586,SERINC1,"SERINC1, DYM, ESD, ANLN, ODC1",0.009297095282726599,5.78390645980835,0,9,-1.8891202211380005,5.434828758239746
4587,RWDD4,"RWDD4, MTHFD2, ASCC3, ANKRD11, PSPC1",0.004567664971235182,12.375590324401855,2,9,-0.4977082312107086,4.223705768585205
4588,UTP6,"UTP6, GLI4, SART3, GEMIN7, JMJD4",0.003400993729387174,31.088829040527344,3,3,4.003657817840576,6.2113728523254395
4589,ITGB1,"ITGB1, TPRA1, PTBP3, EIF3A, RAPGEF6",0.00035098176855595514,3.100978374481201,36,1,-0.4859688878059387,7.442590236663818
4590,MIER1,"MIER1, ATP6V0A1, HIPK3, SELENOT, LARP7",0.008725524413821231,7.134427070617676,9,1,2.038978099822998,7.096046447753906
4591,SMIM14,"SMIM14, RALGAPA1, CTSC, TSPAN4, RMND5B",0.005627473048913917,6.367023944854736,0,6,0.5268270969390869,4.976007461547852
4592,RNF11,"RNF11, FMC1, CENPU, MRPL16, CCDC14",0.0006490221530280511,4.511116027832031,0,9,0.07181752473115921,4.193130970001221
4593,MALSU1,"MALSU1, ATAD3B, CHD4, ZBTB8OS, TRMT10C",0.0014451037062890443,20.503923416137695,5,3,3.9540810585021973,6.201193809509277
4594,ARHGDIA,"ARHGDIA, CYTH2, GPBP1, SSB, SDHAF2",0.002943148796661948,10.585132598876953,3,6,-0.5368573665618896,7.77760648727417
4595,GRK2,"GRK2, RIOK3, ARGLU1, SYNJ2BP, MGRN1",0.01746085278765799,10.46942138671875,0,1,1.4529902935028076,6.379777908325195
4596,ZNF714,"ZNF714, RNF126, TNFAIP8L1, DPP3, TUBGCP5",0.006572574794410958,10.376386642456055,2,9,-2.700127363204956,5.659245014190674
4597,RSRC2,"RSRC2, CHD1, CDC20, RSRC1, HPS1",0.0042147224106761205,7.3669233322143555,0,8,2.2913544178009033,6.32422399520874
4598,FAM217B,"FAM217B, SCAMP4, MRPS30, ZNF562, PPIF",0.00024019702038047207,3.2974166870117188,4,4,2.8959801197052,6.514383792877197
4599,CDC16,"CDC16, NPRL3, PGAM1, RPRD2, SF3B6",0.0072088517994188216,12.801941871643066,7,6,-1.0107249021530151,8.305695533752441
4600,XRCC5,"XRCC5, CD164, SP2, MACF1, ZNF609",0.007080419923215385,13.941253662109375,2,0,-3.637620687484741,7.9204936027526855
4601,SPSB3,"SPSB3, TANK, CYB5R3, SDF4, YIF1A",0.007493166639869176,6.858174800872803,4,6,-0.6301782727241516,7.46185827255249
4602,NIPA2,"NIPA2, SLTM, EIF4A3, CDC42SE1, SCAND1",0.0026980497962737107,10.393510818481445,0,0,-1.9208714962005615,6.959485054016113
4603,RNF19A,"RNF19A, PRRC2B, ZRANB3, NEK1, PRDM2",0.01079808156110416,7.28832483291626,24,8,0.30917102098464966,5.9886884689331055
4604,MAPK8,"MAPK8, UBE2V2, NIF3L1, TCEAL9, GALNT2",0.01304318840466041,7.501527309417725,3,0,-2.323848247528076,9.0025634765625
4605,THRA,"THRA, PARG, TRAPPC2B, PCYT2, TOR1AIP2",0.00911768281444241,8.533628463745117,9,9,-1.623286485671997,4.840840816497803
4606,ZNF766,"ZNF766, DPP9, ALKBH2, ROGDI, TTC27",0.0062608088659171215,7.504837989807129,0,7,0.8643160462379456,4.566866874694824
4607,PAIP2,"PAIP2, MAGOH, ABCB8, PRKCSH, MALSU1",0.0005117667128106385,3.5868515968322754,14,9,-2.508028268814087,4.460971355438232
4608,BDH2,"BDH2, VPS50, MFSD5, C2ORF68, PRKAR1A",0.016900066274769705,8.929383277893066,24,1,1.8359203338623047,6.878816604614258
4609,RBM4B,"RBM4B, SNAPC2, TCTN3, CETN3, LRRC8A",0.0050960984160722195,9.784116744995117,0,7,2.3013603687286377,6.8164801597595215
4610,STK38,"STK38, NUDT5, COPS2, SLC7A5, BAG6",0.0005294138408385915,3.9006476402282715,10,8,-2.17924427986145,4.411496639251709
4611,<SPECIAL>,"<SPECIAL>, ABCE1, B2M, RPL35A, RPS8",0.0010137294656057474,74.06124877929688,0,2,1.731907606124878,6.720597743988037
4612,CTDSPL2,"CTDSPL2, ELOA, PPP2CB, RIOX2, DDRGK1",0.0006401985890140745,3.686164379119873,19,4,-0.8027312159538269,7.473695278167725
4613,LIN9,"LIN9, SLC16A1, RRP1B, TSFM, HNRNPD",0.00034313860054353156,3.0263099670410156,3,4,3.486849069595337,6.302779197692871
4614,TERF2IP,"TERF2IP, TOMM70, POLR3C, C12ORF43, RYK",7.25493041149181e-05,2.6303913593292236,4,0,-3.5216407775878906,5.1769890785217285
4615,POLK,"POLK, PTP4A2, UBE2F, DYNC1LI2, FUOM",0.000836277789324664,3.2527987957000732,2,8,-2.8503201007843018,4.660346031188965
4616,LRBA,"LRBA, TTC17, HLCS, ACADSB, UXT",0.015368687720344002,10.04376220703125,0,8,-0.09968549758195877,5.053277969360352
4617,TK1,"TK1, HNRNPR, DAP, SQSTM1, SYNRG",0.0002950991964674371,3.3686578273773193,8,1,0.19720445573329926,9.020071029663086
4618,SCAF8,"SCAF8, FERMT2, TMEM30A, RBBP6, EAPP",0.011205926297750187,8.11328411102295,6,9,-1.4849735498428345,6.522665500640869
4619,RPS21,"RPS21, RPS16, RPS26, JUNB, RPL7A",0.0006294142329969922,19.394859313964844,1,5,3.3760669231414795,5.2281999588012695
4620,MOB2,"MOB2, ABCD4, RPRD1A, TFCP2, PSMB6",0.010750042157028067,8.570213317871094,0,1,1.5342050790786743,6.753359794616699
4621,CEBPB,"CEBPB, MRPL33, SF1, TP53BP2, DPH3",0.005904925117353401,3.9412355422973633,0,1,-2.7437217235565186,7.723958969116211
4622,ZDHHC5,"ZDHHC5, WASHC4, SCAF4, BBS4, MYL6B",0.01218142031929537,11.174936294555664,11,9,-2.0589356422424316,4.798954486846924
4623,NR1H2,"NR1H2, WRAP53, THAP4, CDC40, TTC14",0.01574319899293723,7.9940080642700195,1,0,-0.11224211007356644,6.177133083343506
4624,METTL22,"METTL22, RAD23B, STOML2, PDCL, AP2S1",0.0014264761822595383,4.0760626792907715,1,9,-1.4431227445602417,5.26147985458374
4625,CCDC186,"CCDC186, TOB2, RHBDD2, KIF16B, TUBGCP5",0.004169624194604685,6.7152228355407715,0,7,0.5996512770652771,6.3946380615234375
4626,COX6A1,"COX6A1, SSBP4, ARRB2, PIEZO1, CD63",0.00764414762410833,10.94654369354248,15,8,1.1132659912109375,8.546416282653809
4627,CARHSP1,"CARHSP1, GPATCH1, OSGIN2, RNPEP, SMARCA1",0.006609829842469971,5.657371997833252,3,1,1.0731829404830933,6.76735782623291
4628,BAG1,"BAG1, PSMD4, CNPY2, CMPK1, CYSTM1",0.0019098114110251412,4.213934898376465,4,1,-3.0162787437438965,5.788071632385254
4629,MIB1,"MIB1, LUC7L3, ABRACL, KRTCAP2, MYDGF",0.0018607916109474939,4.713142395019531,5,1,0.9569270610809326,6.274344444274902
4630,USP24,"USP24, SCFD1, LYPLAL1, LRBA, CCDC107",0.0029451095886650538,5.1386919021606445,1,6,0.21521826088428497,7.356870174407959
4631,DDX18,"DDX18, GFM2, MELK, TMEM186, DLAT",3.8235444060564946e-05,3.4387032985687256,18,4,3.1030690670013428,7.071023941040039
4632,USP3,"USP3, NUDCD3, FMR1, RB1, GOLGA1",0.022887344656253555,10.701507568359375,7,0,-3.886827230453491,6.932267665863037
4633,PSMB1,"PSMB1, N4BP2L2, UQCRFS1, ASH1L, TRA2A",0.007856893556445319,12.807805061340332,0,0,-2.5678675174713135,8.08035659790039
4634,CDC40,"CDC40, PPP3R1, CINP, POM121, GFM1",0.014141231926399711,18.501890182495117,1,0,-3.5054855346679688,5.960215091705322
4635,USP6NL,"USP6NL, PIP4P1, ZNF791, HLTF, ARL5B",0.0180794826646379,11.829180717468262,1,9,-0.6072242856025696,3.959651470184326
4636,TUT7,"TUT7, OTUD5, ORMDL2, DPH5, STX12",0.0170481060710042,11.503427505493164,0,8,-3.103663206100464,6.842596054077148
4637,GTPBP6,"GTPBP6, MARF1, VPS29, TTPAL, TMTC3",0.011907889834862097,9.03128719329834,0,4,2.863265037536621,6.602524757385254
4638,FOXN2,"FOXN2, ELK3, SLC39A10, PDE4DIP, YWHAG",0.005214726332260127,8.102863311767578,6,0,-3.4762046337127686,6.958162784576416
4639,RPAP2,"RPAP2, TRMT112, SYF2, R3HDM1, SCAMP3",0.0014284369742626442,3.575105667114258,0,6,0.9273380041122437,5.12783670425415
4640,DHX9,"DHX9, SMARCA4, LSM10, CCDC124, SS18L2",0.008477484225428334,8.169864654541016,1,4,2.0333292484283447,8.396345138549805
4641,OSBPL8,"OSBPL8, SPPL3, MZT2A, NOP2, RDH11",0.0005186294848215091,4.260468482971191,2,6,-0.9295431971549988,8.069703102111816
4642,BANP,"BANP, ALS2, CREB3, BBIP1, DENND10",0.012270636355436688,9.398422241210938,0,7,-0.8126378655433655,4.300968170166016
4643,CMTR2,"CMTR2, NVL, GPN1, KDM6B, MUS81",0.005200020392236832,8.963722229003906,1,8,-0.4687001407146454,5.249948978424072
4644,MAP3K2,"MAP3K2, ZFAND5, TMEM35B, SVIP, KMT2E",0.014888293679583057,11.17284870147705,21,9,0.4103602170944214,8.07806396484375
4645,PPAT,"PPAT, PRPF40A, YRDC, TFRC, PIK3R2",0.0006176494809783568,3.7431914806365967,13,4,3.906827449798584,6.515843868255615
4646,SFT2D1,"SFT2D1, TXNRD1, GSPT1, CCAR1, WASL",0.0002343146443711544,3.047194004058838,3,1,-3.0647404193878174,8.21435546875
4647,TARDBP,"TARDBP, AMDHD2, ACOT13, NCAPG, CPSF1",0.00020392236832301303,3.597648859024048,7,4,3.3212881088256836,7.064082622528076
4648,TCF7L2,"TCF7L2, PTK7, MDP1, EFHC1, CBLL1",0.00539904078055208,6.511577606201172,0,7,-0.8239486813545227,3.948467969894409
4649,ZNF106,"ZNF106, SCFD1, NEK7, TBC1D4, SLC4A7",0.021256946105671002,5.872527122497559,0,1,-3.7407703399658203,5.350103855133057
4650,MIPEP,"MIPEP, NAB1, IFT52, SGO1, SSR4",0.00683237973482249,7.017951011657715,5,7,-0.29248693585395813,4.2609944343566895
4651,OTUD6B,"OTUD6B, ASF1A, HACD3, AP5B1, TMEM183A",0.00012254950019411842,2.7231621742248535,4,9,-3.1573235988616943,6.073070526123047
4652,HAUS2,"HAUS2, CETN2, EBAG9, APAF1, IMMT",0.005600021960870435,8.369402885437012,1,0,-3.1729819774627686,8.399441719055176
4653,NDUFB7,"NDUFB7, MT-ND5, ADK, EIF5, RBX1",0.006054925705591002,7.490306377410889,4,1,1.2450000047683716,8.19706916809082
4654,ERGIC1,"ERGIC1, SNRPG, AFTPH, WBP1, TMED2",0.004122565186530144,10.73802375793457,0,8,-0.49022364616394043,6.254367828369141
4655,ATXN2,"ATXN2, ZRANB2, NIN, ROCK2, ANKRD28",0.009250036274652058,13.455371856689453,3,0,-3.559725046157837,7.171234130859375
4656,FAM161A,"FAM161A, XPA, SCAMP3, SMAP1, TMEM126A",0.007615716140063294,7.992557048797607,1,1,2.133355140686035,6.273512840270996
4657,TJP2,"TJP2, COX10, IRF3, SMIM20, PCIF1",0.014235349942548794,10.31594467163086,1,1,1.0206294059753418,5.221814155578613
4658,NDUFB11,"NDUFB11, FMR1, MOV10, ZBTB40, NIT1",0.00894121153416288,12.402009010314941,2,8,-2.6628494262695312,5.789321422576904
4659,TACO1,"TACO1, POLR2A, WDR3, WAPL, MRPL10",0.00024509900038823684,3.1518919467926025,1,9,-0.9458466172218323,8.583654403686523
4660,KLHL7,"KLHL7, UBE2L6, HSDL2, SIAH2, TM2D3",0.009768665759473567,10.933064460754395,0,6,0.4863426387310028,5.018973350524902
4661,YME1L1,"YME1L1, CHORDC1, MIEN1, IMP3, SAP30BP",0.0003852956286103083,4.924054145812988,14,6,-1.200968623161316,6.595522403717041
4662,COA8,"COA8, ZNF830, ATP5MC3, NR2C2, NDUFB7",0.003214718489092114,9.600296974182129,0,8,-2.816802501678467,6.661143779754639
4663,APAF1,"APAF1, RHOA, SLC35E1, TUBA1B, HMGB1",4.607861207298852e-05,2.355332851409912,1,7,-0.7968925833702087,8.779380798339844
4664,GLUL,"GLUL, ATP13A3, CLPX, FAM193A, DEAF1",0.0005843160169255565,3.85760235786438,10,6,-1.1462795734405518,7.813880443572998
4665,CCDC92,"CCDC92, TXNL1, SRGAP2, NDUFS2, IQGAP1",0.001398044698214503,4.311628341674805,32,9,0.14472414553165436,7.767828941345215
4666,ZBTB40,"ZBTB40, CCDC14, DDX28, SH3GL1, CDK7",0.009648077051282554,13.39356803894043,3,4,3.5494916439056396,6.621036052703857
4667,EIF2B2,"EIF2B2, UBE3B, SRF, ECD, WAPL",0.007416695751748046,12.241131782531738,2,6,-1.04393470287323,8.134659767150879
4668,TMEM167A,"TMEM167A, PPP1R8, SELENOI, DNAAF2, SIN3A",0.004778450111569065,5.896454334259033,0,4,2.2787280082702637,6.230280876159668
4669,TUBB,"TUBB, UBE4B, WASHC2A, RRN3, ALAS1",0.0022411852595500374,7.253355026245117,0,7,-1.2389460802078247,4.711933135986328
4670,NFAT5,"NFAT5, CCDC107, MRPL23, YWHAQ, PDCD5",0.0017970658708465522,6.883401870727539,1,6,-0.6125675439834595,6.63546085357666
4671,BNIP3L,"BNIP3L, PSMA1, GLG1, MPHOSPH8, BAX",0.0031186396809399254,8.227184295654297,8,5,-1.948360562324524,7.041223526000977
4672,UBE2D4,"UBE2D4, ITGB1, DNAJC8, AFF1, MTPN",0.0018313797309009055,4.457238674163818,2,6,-2.2070565223693848,8.465785026550293
4673,PHB2,"PHB2, NDUFB11, PDS5B, ARF4, ZMYND8",9.509841215063589e-05,3.8760650157928467,30,8,-0.2565288841724396,6.73350191116333
4674,POLA2,"POLA2, TTF1, GFOD2, PPP4R1, FIP1L1",0.005199039996235279,7.997306823730469,13,6,-0.4948512315750122,8.940691947937012
4675,CWC22,"CWC22, TTLL12, MYBL2, NKRF, PRC1",0.000555884532880521,4.274801731109619,6,4,3.5524630546569824,6.968080520629883
4676,PXMP2,"PXMP2, MRPL1, RTKN2, TTLL12, ZNRF1",0.0060470825375785785,10.152819633483887,0,4,3.192269802093506,6.575289726257324
4677,NDUFA12,"NDUFA12, TMED9, TPM4, RTN4, TACC1",0.005928454621390672,11.879216194152832,0,0,-3.9074623584747314,7.013556003570557
4678,PIP4K2A,"PIP4K2A, PLEKHF2, LPIN2, TMEM179B, NUMA1",0.039026623633818175,13.551002502441406,1,6,-1.9633735418319702,8.412884712219238
4679,SYS1,"SYS1, C5ORF15, DCBLD2, MARF1, ROCK2",0.009269644194683116,9.316851615905762,8,1,2.329916477203369,6.275733947753906
4680,TMEM123,"TMEM123, KMT2C, PGAM1, TNFAIP8, ROMO1",0.006438260542198205,13.2545747756958,4,7,-3.2862257957458496,7.599452495574951
4681,TXNDC5,"TXNDC5, MRPL39, HEXD, ACTR6, MED30",0.017934384056408063,10.20577335357666,0,7,-2.5589599609375,7.643987655639648
4682,STX5,"STX5, ROCK1, MICU2, ZKSCAN5, ELF1",0.0074421860477884225,8.529745101928711,1,1,1.1488348245620728,5.219914436340332
4683,UBXN6,"UBXN6, GLT8D1, ENKD1, MAP7D1, ARFGAP3",0.009399056466888106,12.776711463928223,1,0,-3.6541974544525146,5.32075834274292
4684,HSPE1,"HSPE1, BPHL, ASAH1, STK32C, CEBPB",0.004084329742469578,6.447903156280518,0,1,0.2848551273345947,6.036107063293457
4685,BRD7,"BRD7, HNRNPLL, GNPTG, MCM3AP, UBE2G2",0.007498068619876941,13.614800453186035,1,9,-3.4259212017059326,5.636903762817383
4686,STK25,"STK25, NAPG, METTL26, PUS7L, FNBP1L",0.00021274593233698956,2.655402421951294,1,9,0.07197020202875137,7.715115547180176
4687,SF3B3,"SF3B3, YBEY, DUSP11, RNF14, PDRG1",0.0019862822991462714,13.138779640197754,5,4,3.72615122795105,6.349057674407959
4688,NSMCE3,"NSMCE3, CCNY, USP24, VBP1, PPP1R18",0.00021078514033388366,3.5270514488220215,5,6,-1.0988492965698242,8.876829147338867
4689,UBR2,"UBR2, RALGAPB, COQ7, HOMER3, ELP4",0.022009890234863667,10.134862899780273,1,1,1.3670960664749146,6.651492595672607
4690,SMDT1,"SMDT1, EIF4B, RTRAF, TYK2, CRNKL1",0.004661782987384264,6.493274688720703,11,9,-0.6194440722465515,4.630800247192383
4691,TRIM38,"TRIM38, PSMD2, STX16, CRTC3, TRIM37",0.0004686292887423088,3.5088512897491455,6,8,-2.437822103500366,5.503385543823242
4692,RARS2,"RARS2, KANSL2, OSBPL11, UBL7, FAM53C",0.004910803571778713,5.08589506149292,0,1,-1.9756628274917603,5.99432373046875
4693,C1QBP,"C1QBP, SLIRP, MON2, PI4KA, ANKRD36C",0.0045774689312507106,14.843194007873535,4,5,0.30224692821502686,3.5652873516082764
4694,BICD2,"BICD2, SMNDC1, MRPS17, DDB1, DPY19L4",0.004412762402989816,9.337286949157715,0,8,-3.2348623275756836,4.949644088745117
4695,DDX59,"DDX59, VTA1, AURKA, CRNKL1, EXOSC4",0.004684332095419982,7.191256999969482,4,6,-0.2415432184934616,6.254872798919678
4696,RAB5C,"RAB5C, RPLP2, SLC35F2, CYB5A, NAPA",0.0001392162322205185,2.9816431999206543,5,5,-0.4741113781929016,5.2620038986206055
4697,GCDH,"GCDH, TM2D2, WDR46, SZT2, NIF3L1",0.008947093910172196,10.338239669799805,7,9,-3.003906726837158,5.846431255340576
4698,RTTN,"RTTN, GINM1, PPM1B, SRRM1, ITSN2",0.007613755348060188,8.26857852935791,0,1,1.5762056112289429,5.786237716674805
4699,GSTCD,"GSTCD, SLC7A1, ELOC, ZNF576, RPE",0.0060382589735646025,7.0760908126831055,3,1,0.4890882968902588,6.836726665496826
4700,TIMM23B,"TIMM23B, ANAPC7, COPS6, MCM8, DDX46",2.6470692041929576e-05,1.928167700767517,4,1,3.1863653659820557,6.304027080535889
4701,CLIC4,"CLIC4, HAUS8, SMARCAL1, CLCC1, DYNLL1",0.009988274463821428,8.815112113952637,1,9,0.06890588998794556,4.796502113342285
4702,MED8,"MED8, CENPT, KTN1, FDPS, CMPK1",0.003658837877795599,7.9629011154174805,27,8,-2.6582164764404297,4.48610258102417
4703,ARL14EP,"ARL14EP, ATP5IF1, SASS6, CTPS1, AKIRIN1",9.803960015529473e-06,2.0751500129699707,0,4,3.772404670715332,6.547930717468262
4704,E2F3,"E2F3, ARL2, VAMP7, MRFAP1L1, AKT1",0.009967686147788814,7.845576286315918,26,9,-3.174102544784546,6.143329620361328
4705,EIF5B,"EIF5B, SLC7A6OS, JMJD6, PTMS, SELENOI",0.00241177416382025,6.0699992179870605,1,6,-0.30708545446395874,7.259482383728027
4706,RPS14,"RPS14, JUNB, RPS19, RPL28, RPS12",0.0011480437178185013,6.5093231201171875,0,5,-2.941575050354004,6.830597877502441
4707,CNOT2,"CNOT2, UBE2D3, RRBP1, ABI2, HPS1",0.0061206122376950495,6.3649444580078125,0,1,0.9285154938697815,6.375881671905518
4708,PPIL3,"PPIL3, PHF23, TBC1D10B, CENPO, TET1",0.0004235310726708732,3.361513376235962,0,4,3.629619836807251,6.4694390296936035
4709,PSMA1,"PSMA1, MPHOSPH8, ATP6V0B, KIDINS220, UBXN4",0.006980419531056985,12.265657424926758,2,0,-3.7345192432403564,6.739806175231934
4710,MAP2K1,"MAP2K1, LRCH3, ACAD9, SH3GLB1, GDE1",0.01429711489064663,6.511229038238525,0,0,-0.08025256544351578,6.750811576843262
4711,CHML,"CHML, HEATR1, CSNK2A2, AHCTF1, URB1",4.4117820069882625e-05,2.7240962982177734,11,1,-0.7800776362419128,4.607843399047852
4712,MAGI3,"MAGI3, TLN1, TTC17, ATG10, YWHAE",0.003909819254193154,8.806323051452637,8,8,0.07990413904190063,4.339885234832764
4713,NCOA7,"NCOA7, BLVRB, MFSD1, FBXO11, PRPF38A",0.00013823583621896555,2.817777395248413,1,6,-0.29833531379699707,4.576703071594238
4714,PAK2,"PAK2, LAGE3, CBLL1, RTN3, PIK3CB",0.0026568731642084872,5.383600234985352,4,7,0.3919150233268738,7.214139461517334
4715,HINT2,"HINT2, COPZ1, HUWE1, EXOC5, MFSD14A",2.7451088043482524e-05,2.276946783065796,14,7,-3.293341875076294,6.458338737487793
4716,ZC3H8,"ZC3H8, MRPS14, CSDE1, MSL2, EGLN1",0.0007568657131988753,5.623388767242432,6,4,2.553171157836914,6.309347152709961
4717,NCSTN,"NCSTN, TCERG1, MED1, ACBD3, PSMD4",0.002300989415644767,11.82004165649414,6,4,3.771498918533325,6.172235488891602
4718,PDE12,"PDE12, NUDT9, TSTD2, SMAP1, HDAC1",0.0005000019607920031,4.08228063583374,3,7,-0.11212780326604843,8.873695373535156
4719,SOAT1,"SOAT1, TAF15, SDHAF2, SLC7A6OS, ERGIC1",0.007879442664481037,7.092811107635498,3,1,2.564213514328003,6.9589762687683105
4720,MCCC2,"MCCC2, MIPEP, CDC34, UBE3C, BRCA1",0.01386476025396178,12.479843139648438,10,7,-2.2261407375335693,7.930278778076172
4721,TAF15,"TAF15, DVL3, BLMH, JUND, ASXL2",7.647088812112989e-05,3.4005444049835205,14,4,2.4219186305999756,6.587578296661377
4722,TBP,"TBP, ZDHHC20, RANBP6, ATP6V0A2, DDAH2",0.01797261950046863,10.344884872436523,1,0,-0.26250723004341125,5.036228179931641
4723,FOXK1,"FOXK1, HADHB, HILPDA, CHID1, NLE1",0.0024647155479041094,5.857795715332031,0,4,2.661972761154175,7.184874057769775
4724,MAP4K5,"MAP4K5, PSMA7, NAA38, BRD2, MNAT1",0.0025872650480982277,12.36635684967041,1,5,0.058482151478528976,5.7491960525512695
4725,P4HB,"P4HB, SF3B5, SKP1, MYC, ATP5PD",0.002157851599418037,8.2598876953125,28,9,-1.679438829421997,4.528595447540283
4726,ERCC5,"ERCC5, ETFRF1, TNFAIP8L1, WDR18, TMEM87B",0.011944164486919557,12.77705192565918,0,7,-2.893038749694824,6.590114116668701
4727,WASF1,"WASF1, MYL12B, DYNLL1, C6ORF47, PPP1R9B",0.013149071172828129,11.472766876220703,0,8,0.8753727674484253,4.6861772537231445
4728,RBMX,"RBMX, TMEM59, SRSF3, GPX4, ZDHHC17",0.0036794261938282113,9.431495666503906,0,7,-1.7178263664245605,8.898910522460938
4729,HNRNPC,"HNRNPC, COX6C, HERC4, UQCRFS1, QDPR",0.004309820822826756,8.685352325439453,21,6,-1.0530903339385986,7.3450493812561035
4730,RBPJ,"RBPJ, ANAPC11, CLIP1, LANCL1, MSI2",0.01724418527131479,9.682184219360352,1,8,-2.0731451511383057,4.799853801727295
4731,TRPC4AP,"TRPC4AP, ECH1, ARID2, TMEM98, ACTR10",0.020775571668908505,10.458868980407715,0,7,-0.8944326043128967,9.224296569824219
4732,SLC25A24,"SLC25A24, CHPT1, EBNA1BP2, EIF5A, NEDD8",0.0005225510688277209,6.173435688018799,38,0,-0.9952031970024109,5.440521717071533
4733,INTS8,"INTS8, EFL1, WAC, XIAP, TMEM165",0.0014627508343169973,6.216246128082275,3,0,-3.919832944869995,5.646799087524414
4734,UBE2H,"UBE2H, PKN2, ETFB, PWWP2A, KIF2A",0.0009186310534551116,4.559197902679443,10,8,-2.2059388160705566,5.801413059234619
4735,KMT2A,"KMT2A, FARS2, DAAM1, PDLIM5, EEF1G",0.007047086459162585,11.882768630981445,1,8,-2.8982863426208496,5.359319686889648
4736,ACTN4,"ACTN4, ZNF148, LDHA, SRSF10, SELENOS",0.0005509825528727564,3.486769199371338,1,1,0.8918662667274475,7.503598690032959
4737,C12ORF43,"C12ORF43, FBXL12, LRRC40, ABHD17A, DDX55",0.0010000039215840061,4.224513530731201,0,8,-0.19833067059516907,5.887431621551514
4738,SELENOK,"SELENOK, UBE2D3, GSTK1, SON, MYNN",0.008051992360754356,6.8706464767456055,0,6,-0.3284494876861572,5.768993377685547
4739,HIF1A,"HIF1A, GFOD2, HNRNPAB, HIPK3, TOMM20",0.004229428350699414,5.590874195098877,1,9,0.47436344623565674,7.504545211791992
4740,GTF2H5,"GTF2H5, RABAC1, LGMN, VAMP2, ZFAND5",0.013350052353146484,6.166300296783447,0,9,-1.4338335990905762,6.333871364593506
4741,USP11,"USP11, BTRC, LAP3, PPP6R2, ATP6V1B2",0.04320114980843062,8.70877742767334,2,1,1.8009495735168457,8.056678771972656
4742,WDR45B,"WDR45B, FAM83D, PHF20, NCOA4, CIC",0.03056678653641779,13.458539962768555,1,4,3.5264625549316406,5.356194496154785
4743,PPP2R5C,"PPP2R5C, HLCS, SLC2A1, RBM6, SHISA5",0.0266618692622324,13.194952011108398,0,9,-3.3008618354797363,5.891651153564453
4744,MDM4,"MDM4, ARL4A, CENPN, PSMC5, NSMCE4A",0.005655904532958953,4.529446601867676,30,1,-1.3294042348861694,6.173121929168701
4745,SAMD8,"SAMD8, TTC32, TMEM30A, CNOT7, ZNF268",0.00618041639378978,7.917459487915039,2,4,2.0994155406951904,6.890007019042969
4746,ERV3-1,"ERV3-1, HMOX2, SENP5, AK2, GALNT1",0.0015029470703806682,5.092553615570068,3,4,2.1979317665100098,7.45004415512085
4747,RNF2,"RNF2, ATG4D, B3GALNT2, TTC33, SH3GLB1",0.0027353048443327227,6.173919200897217,6,0,-1.7524508237838745,7.5775556564331055
4748,ZBTB37,"ZBTB37, EIF2S3, ACTR2, CAPZA2, TRAPPC1",0.00033725622453421384,4.538457870483398,13,7,-0.7188570499420166,9.149866104125977
4749,CEP63,"CEP63, AQR, LMBR1L, TUSC2, SLC25A36",0.0003549033525621669,3.3829073905944824,8,8,-1.0648221969604492,5.802293300628662
4750,SPECC1L,"SPECC1L, SLC6A6, PDE4DIP, REST, MAP4",0.013462797893325072,10.312614440917969,3,1,1.8977388143539429,5.883101463317871
4751,CNPY3,"CNPY3, IER2, AFF4, NDUFB3, UBR2",0.005760806905125118,10.653633117675781,17,6,-0.4824461340904236,7.718958854675293
4752,EZR,"EZR, LTA4H, CNP, FCF1, PPP2R5C",0.019648116267122616,12.01887321472168,0,8,0.044894784688949585,5.4702582359313965
4753,KDM3B,"KDM3B, PEF1, ESS2, COMTD1, PDE4DIP",0.007714736136220142,3.894697666168213,0,4,-1.7864489555358887,7.940780162811279
4754,SRP72,"SRP72, UBE3C, SCFD1, RHNO1, NT5C",0.0006637280930513453,2.8876230716705322,2,7,-0.31946924328804016,5.046620845794678
4755,MCAT,"MCAT, CEP162, ZC3HC1, CLPB, NUDT22",0.0005852964129271095,3.7279889583587646,8,1,2.3145034313201904,6.821043014526367
4756,AAK1,"AAK1, CTNNA1, TSR3, LRRFIP2, TMEM123",0.008603955309628665,14.618623733520508,0,9,-3.268279552459717,6.4912214279174805
4757,DVL1,"DVL1, MRPS33, DENND10, GGCX, CRYZ",0.0031107965129275016,5.912750244140625,1,4,2.474759817123413,6.309783458709717
4758,LMBRD1,"LMBRD1, TAF12, POLR2H, RAMAC, XPC",0.008968662622206362,7.078813552856445,0,9,-1.810721755027771,6.489799976348877
4759,SELENOW,"SELENOW, PNRC2, TUT4, ZRANB3, CPEB4",0.001114710253765701,3.4320602416992188,7,1,0.10778309404850006,7.954853534698486
4760,CD46,"CD46, TMEM160, CTU1, SEPTIN11, MTOR",8.823564013976525e-05,2.598910331726074,9,8,-0.12337665259838104,9.138258934020996
4761,WDR41,"WDR41, STT3A, GMEB1, NKIRAS2, MAPK3",0.0002803932564441429,3.686006784439087,0,6,-0.540589451789856,9.055574417114258
4762,SETD5,"SETD5, TRMT112, HMGN2, EIF3L, ARPC4",0.0034264840254275507,9.53614616394043,11,0,-3.8040499687194824,6.100840091705322
4763,NUDC,"NUDC, UBE3A, SOD2, ZNF148, ERGIC3",0.006756889242702913,10.683253288269043,13,7,-1.4443937540054321,9.3197021484375
4764,RNF111,"RNF111, ALG12, METTL15, KCTD13, BLZF1",0.014207898854505312,8.826516151428223,0,0,0.15154846012592316,5.497775554656982
4765,CYBC1,"CYBC1, SEPTIN6, NDUFB8, SNX3, WDR11",0.012602010203961584,9.429850578308105,0,1,1.765663981437683,6.065127372741699
4766,DNAJB6,"DNAJB6, ING2, GSTO1, TPRKB, EDEM1",0.00010294158016305947,2.8012783527374268,18,8,-3.2270009517669678,6.71491003036499
4767,SYF2,"SYF2, ADAM17, CSK, PRXL2A, MOB1A",0.011603967074380684,5.350884914398193,4,1,-3.2490744590759277,7.356199741363525
4768,RPLP2,"RPLP2, RPL26, RPL12, CALM2, RPS27A",0.0009647096655281001,6.808042526245117,0,5,-3.116856813430786,7.053543567657471
4769,EHBP1L1,"EHBP1L1, ZNF217, GCC2, GBF1, DDX18",0.01273044208016502,10.99888801574707,4,0,-2.6127915382385254,7.564558506011963
4770,SUN1,"SUN1, STX10, NFX1, FAM3C, RNPEPL1",0.00629708351797458,5.922426700592041,17,8,-3.6775314807891846,6.187625885009766
4771,ARHGEF7,"ARHGEF7, C19ORF53, DBI, ITSN2, CCDC88A",0.0028480503845113117,4.852429389953613,1,6,-0.16296541690826416,7.289683818817139
4772,NAMPT,"NAMPT, LONP2, PGRMC1, CDK1, HAGH",0.0277932462480245,12.695837020874023,0,7,-2.834707021713257,6.5892205238342285
4773,PFDN5,"PFDN5, SOD2, PSMA1, SEPTIN2, VASP",0.0019970666551633537,5.2366509437561035,28,0,-2.6586647033691406,7.724507808685303
4774,TRMT61A,"TRMT61A, CYFIP1, SLC7A1, ADIPOR1, GRAMD1A",0.011780438354660215,14.296060562133789,0,9,-2.729701519012451,5.522059917449951
4775,CEP95,"CEP95, CLASRP, JTB, KDM3A, CCP110",0.011217691049768823,8.757218360900879,0,1,2.523637533187866,6.4248366355896
4776,SCLT1,"SCLT1, ARID2, TNFRSF1A, DCAF10, EIF1B",0.0063323777740304866,6.0951762199401855,2,1,2.2025604248046875,6.993040561676025
4777,EHBP1,"EHBP1, PCLAF, SUPT3H, VPS13B, HNRNPA0",0.0007303950211569457,10.393789291381836,2,5,-3.767188310623169,6.934849262237549
4778,RNF181,"RNF181, MRPL57, CHD9, ARPC4, ARPC5",0.006794144290761924,12.768509864807129,5,0,-4.088903903961182,6.644250869750977
4779,NDUFS4,"NDUFS4, TCEAL8, SLC38A2, DAZAP2, RHOC",0.020614786724653823,5.851719379425049,16,1,-2.2637100219726562,5.411991119384766
4780,RXRB,"RXRB, MGAT5, MOGS, AGK, ACADSB",0.009208859642586834,10.215327262878418,0,8,0.01938110589981079,5.404412269592285
4781,TAGLN2,"TAGLN2, PLSCR1, SRP14, GCC2, CD63",0.0015735355824924803,3.6909148693084717,13,1,0.30238640308380127,6.919384002685547
4782,HPCAL1,"HPCAL1, ZNF280D, HMGCL, KLHL36, MFSD5",0.015153980996003905,11.65164852142334,0,7,-0.09955387562513351,5.470977306365967
4783,SETX,"SETX, CDK8, SLC39A9, NDUFB1, RANGRF",0.02305597276852066,13.096623420715332,5,6,-0.08390148729085922,8.175566673278809
4784,DUS1L,"DUS1L, UBA5, MCTS1, LMNB1, ACLY",0.0003588249365683787,3.056450843811035,7,4,3.151836395263672,6.810956001281738
4785,HPF1,"HPF1, TAF12, SMAD5, NDUFB9, CMTM6",0.0053872760285334454,14.838071823120117,1,9,-1.726654052734375,5.7413330078125
4786,ANAPC1,"ANAPC1, FBH1, MYNN, MED23, PIP5K1C",0.004714724371468124,10.82479476928711,4,0,-3.924312114715576,6.116266250610352
4787,BDH2,"BDH2, ELP3, ZZEF1, SMAD5, MAPKAPK5",0.011491221534202095,16.79222297668457,0,9,-2.333679676055908,5.795535087585449
4788,THOC6,"THOC6, MRPL40, ST7L, GPR108, NARS2",0.0077990501923536956,6.010918617248535,0,4,2.277973175048828,6.508612155914307
4789,NADK,"NADK, TNPO3, GNPDA1, DHX30, ELK4",0.00036862889658390816,3.7725396156311035,1,1,2.12420916557312,7.151417255401611
4790,AFTPH,"AFTPH, C4ORF3, ESYT2, ERGIC1, PIGT",0.0024441272318714976,5.91169548034668,7,8,0.24384330213069916,6.685079574584961
4791,PABPC1,"PABPC1, ARPC5, SUMO2, PPIA, HNRNPA3",0.0002764716724379311,6.0217204093933105,0,5,-0.8855383992195129,4.143767833709717
4792,KHDC4,"KHDC4, YDJC, RESF1, BOLA3, LIMS1",0.00022745187236028377,2.8261542320251465,1,0,0.9906333684921265,7.739070892333984
4793,CLPX,"CLPX, FARSA, WDR46, TBC1D23, MRPS30",0.001099023917740854,41.4769287109375,37,3,3.884770393371582,6.458343029022217
4794,SRSF3,"SRSF3, PAAF1, CCNQ, PHPT1, TAGLN2",0.003237267597127832,6.410210132598877,4,6,-1.405731201171875,6.794169902801514
4795,CCT3,"CCT3, MED13L, ASAP1, PIAS1, YWHAQ",0.005822571853222954,12.357426643371582,0,6,-0.81065833568573,9.386149406433105
4796,CPD,"CPD, ELAVL1, SUN1, HMGN4, ACAP2",0.0020735375432844837,6.1564812660217285,6,6,-0.9066025018692017,7.3589043617248535
4797,CLNS1A,"CLNS1A, RBM15B, PEMT, SMC4, CCNI",0.0010098078815995357,4.095273494720459,1,0,-2.2748167514801025,9.049079895019531
4798,NUDC,"NUDC, CTNNB1, PLD3, BANF1, POLR2J3",0.00017549088427797757,3.2322959899902344,19,7,-3.747058868408203,7.376044750213623
4799,SPTY2D1,"SPTY2D1, EIF5A, C4ORF48, LACTB, GABARAPL2",0.005104921980086196,6.63382625579834,2,1,0.4444199502468109,6.733458995819092
4800,SEC22C,"SEC22C, TAF6, COMMD8, ADAM9, TXLNA",0.007480421491848988,10.004291534423828,0,6,-0.5048097372055054,7.815980911254883
4801,PSMA5,"PSMA5, MORC2, RABGEF1, C6ORF62, NOC3L",0.00685590923885976,11.90666675567627,19,6,-1.1285253763198853,8.9824857711792
4802,RPUSD3,"RPUSD3, KLHDC4, CRYZ, ADO, GMPR2",0.00547551166867321,14.190607070922852,12,7,-2.0304293632507324,9.227237701416016
4803,DOLK,"DOLK, ZNF579, PKMYT1, NAXD, UTP25",0.0067196341946439,8.095736503601074,0,8,0.609351396560669,6.557337760925293
4804,SCLT1,"SCLT1, QDPR, ATG101, CPNE1, METTL3",0.008570621845575865,5.388519763946533,7,1,0.8843333721160889,6.56931209564209
4805,BRWD3,"BRWD3, PRPF8, RANBP2, KPNA1, CRK",0.01057455127275009,12.8661527633667,1,4,3.3537039756774902,6.423205852508545
4806,NXF1,"NXF1, DUSP22, KATNAL1, MBD6, TFPT",0.01604320016941243,8.817737579345703,0,8,-2.1812214851379395,4.4495320320129395
4807,DNM2,"DNM2, CNDP2, PEA15, GDI1, TMEM208",0.018080463060639453,6.963568687438965,8,8,-0.8730904459953308,7.474468231201172
4808,SGO1,"SGO1, ZNF384, PDIA3, SRSF11, MED31",0.007751010788277601,10.493731498718262,0,6,-0.12408826500177383,7.999270439147949
4809,AEBP2,"AEBP2, NSMCE3, SLC25A3, PPP1CA, NDUFB10",0.004689234075427747,8.502426147460938,0,6,-0.8378851413726807,7.267005920410156
4810,STIM2,"STIM2, TTC32, IER5, MAN1A1, PSAT1",0.02800599218036149,11.355636596679688,0,6,-0.3192204535007477,7.8846845626831055
4811,TMEM80,"TMEM80, NIPAL3, ZBED5, PPM1A, BCL7B",0.020263804956097867,9.919260025024414,0,0,-0.30850666761398315,4.00502347946167
4812,LMBRD1,"LMBRD1, SHKBP1, SHISA5, DDIT3, MDM4",0.01178534033466798,6.383294582366943,10,8,-1.1467833518981934,6.356595039367676
4813,NME1,"NME1, EFHD2, ATM, SOD2, WWP1",0.019632429931097768,10.212915420532227,4,8,-2.719390392303467,4.61621618270874
4814,NCKAP5L,"NCKAP5L, SLC9B2, ACADSB, TMEM129, ST3GAL2",0.0011274554017858894,4.8970818519592285,0,0,-3.222139596939087,5.243690490722656
4815,ADI1,"ADI1, TMEM131L, TRAPPC2L, UBE3C, ITGAV",0.0002549029604037663,3.9521915912628174,2,7,-2.937937021255493,6.521519660949707
4816,MSL2,"MSL2, RCAN1, RALB, ELP5, GOPC",0.007459833175816376,7.71080207824707,0,1,1.7665404081344604,5.792090892791748
4817,TSPYL4,"TSPYL4, WDR48, MCMBP, GK5, FKBP15",0.0025735395040764864,8.626851081848145,3,0,-0.8197869062423706,4.406892776489258
4818,CPSF4,"CPSF4, ZDHHC24, USF3, NAA20, SNF8",0.003052953148835878,8.703324317932129,4,7,-2.3885180950164795,8.988330841064453
4819,ISCA1,"ISCA1, TRRAP, NAA16, ZYG11B, MLXIP",0.004103937662500637,7.033187389373779,13,0,0.38478970527648926,6.426052570343018
4820,FIS1,"FIS1, ANAPC1, ALG2, SETDB1, POLR1B",7.843168012423578e-06,3.0000650882720947,0,8,4.044233322143555,6.213780879974365
4821,TUBGCP3,"TUBGCP3, ZNF770, BCL7A, GPI, SDHAF3",0.008445131157377089,10.448822021484375,1,9,-3.2688732147216797,5.844122886657715
4822,GTF3C5,"GTF3C5, MKKS, SRD5A3, CPSF2, ARFGAP2",0.0037451127259322584,9.466060638427734,0,6,-1.2987289428710938,8.374821662902832
4823,CASD1,"CASD1, NANS, SLC7A5, CES2, SRA1",0.002084321899301566,4.315701484680176,13,0,-2.0401828289031982,6.0317535400390625
4824,TOP2B,"TOP2B, COASY, TMEM186, PPP4R3B, MCAT",0.005271589300350197,6.945899963378906,5,4,2.7700510025024414,6.352642059326172
4825,DHRS7,"DHRS7, RPRD2, ARL4A, GRINA, LSM14A",0.002043145267236342,5.6808648109436035,0,9,-1.025813102722168,7.547084331512451
4826,PSMD14,"PSMD14, PMF1, PUDP, TUBGCP2, SKA2",0.0011637300538433484,3.925286054611206,12,1,2.235363721847534,6.161978721618652
4827,XXYLT1,"XXYLT1, NDUFA1, KPNA2, PSMD5, INTS1",0.0029098153326091473,3.7824532985687256,4,6,0.6506105661392212,7.4362053871154785
4828,RHBDD2,"RHBDD2, UBE2G2, TAF1, RAB9A, TOR1AIP1",0.013112796520770669,8.06597900390625,1,0,0.19481921195983887,4.335258960723877
4829,CDKAL1,"CDKAL1, EP300, TPP1, RASA2, CLK3",0.02949227251871576,13.441627502441406,1,0,-3.9495720863342285,5.728786468505859
4830,WDR33,"WDR33, ZNF574, SSBP4, ATP13A2, BRD9",0.009810822787540344,7.524390697479248,0,1,2.304779529571533,6.549543857574463
4831,TMEM35B,"TMEM35B, PCCB, MAD2L1, CRELD2, POLR1C",0.0016715751826477752,3.9715676307678223,14,1,2.2009999752044678,7.6546244621276855
4832,COQ7,"COQ7, PCYOX1, TRPT1, SORT1, BLOC1S5",0.003954917470264589,6.12310266494751,0,9,-0.5595100522041321,7.320004463195801
4833,TMEM199,"TMEM199, B4GALT7, BRAT1, FBRSL1, STK11",0.014904960411609457,10.025469779968262,0,0,-0.3044580817222595,4.160160064697266
4834,RNF20,"RNF20, RXRB, DCAF12, BECN1, PLA2G12A",0.004409821214985157,12.710227012634277,0,6,-0.19519956409931183,7.824045181274414
4835,COPS9,"COPS9, ARHGEF12, TMBIM6, PCM1, CBX3",0.0051617849481762675,8.336552619934082,3,8,-1.8521374464035034,4.766438007354736
4836,AP1S1,"AP1S1, PPP4R2, CAMSAP1, FBXW2, EFCAB11",0.009688273287346226,11.05278491973877,3,4,2.89784836769104,7.013863563537598
4837,MFGE8,"MFGE8, KIDINS220, POLR3E, FAM98C, RCBTB1",0.0239844077819913,12.313154220581055,0,8,-2.6463024616241455,6.160685062408447
4838,ARNT,"ARNT, PCID2, DCPS, GNL1, PPTC7",0.0008343169973215581,4.859987258911133,1,8,-0.9658592343330383,5.077540397644043
4839,GSTK1,"GSTK1, PPP2R2A, SRSF11, HNRNPL, PICALM",0.009272585382687775,9.703512191772461,9,0,-2.9761080741882324,7.275094509124756
4840,MPDU1,"MPDU1, TUT7, RANBP1, FNBP1L, TSC22D4",0.01065494374487743,4.056177139282227,0,1,-1.3298940658569336,7.000707149505615
4841,TSPYL4,"TSPYL4, RBL2, TM7SF3, PDSS2, NFIL3",0.04570214000839219,10.441934585571289,1,9,3.465087413787842,5.251226902008057
4842,EEFSEC,"EEFSEC, DYNC2LI1, JUND, USP37, PHF6",0.0011196122337734657,5.438730716705322,1,8,-0.669246256351471,3.9469335079193115
4843,RCBTB1,"RCBTB1, CEP83, ACOX1, CC2D1A, HMGCL",0.014698096855281785,10.136569023132324,0,7,-0.35598477721214294,4.297556400299072
4844,SNUPN,"SNUPN, RCE1, PHF20L1, KIF3B, FAM104B",0.0031941301730595024,7.479997634887695,5,0,-3.5368776321411133,5.883102893829346
4845,PPP3CC,"PPP3CC, SVIP, ABRACL, ADH5, NEK1",0.018787328577759128,10.206618309020996,30,0,-4.118378639221191,6.654959678649902
4846,CAPZB,"CAPZB, PTMS, ZNF721, CMTM3, PHB2",0.006520613806328652,10.965492248535156,0,9,-0.8155501484870911,5.879626750946045
4847,UQCRQ,"UQCRQ, ZNF292, HECTD4, KRTCAP2, ATP5F1C",0.0005058843368013208,5.54735803604126,18,5,0.18323400616645813,3.87551212310791
4848,MOSMO,"MOSMO, RTRAF, RUFY2, PIK3CA, YAF2",0.004814724763626524,6.155949592590332,2,7,0.17702694237232208,8.2565336227417
4849,DIS3L2,"DIS3L2, MED13L, RNF111, STAT6, REPS1",0.010774552057066891,13.733963966369629,0,5,0.15400725603103638,3.7519402503967285
4850,GMDS,"GMDS, SKI, BRD9, NDUFB8, KDM2B",0.002826481672477147,6.200993537902832,13,9,-0.8509368896484375,9.253947257995605
4851,SOD2,"SOD2, CHP1, NUP58, NSMAF, NAGK",0.002286283475621473,5.5989766120910645,0,6,-0.8597743511199951,6.5546979904174805
4852,POR,"POR, RNF169, GAMT, GTF2F2, UQCC2",0.00039706038062894364,3.6287922859191895,19,9,-0.06684508919715881,6.88283109664917
4853,BABAM2,"BABAM2, LAMTOR1, EIF3I, RNPS1, NDUFA6",0.007936305632571108,16.5272159576416,13,8,-2.8518495559692383,4.513814926147461
4854,TTC8,"TTC8, ESS2, NOP2, CDK10, NUBP1",0.007342185655630022,8.852344512939453,0,6,0.227716326713562,4.781867504119873
4855,DVL1,"DVL1, TP53RK, CMC1, SMAD5, GNL1",0.00010000039215840062,2.7154273986816406,6,8,2.2936315536499023,6.448156356811523
4856,FLNA,"FLNA, TUBB4B, TUBB2A, ITPR2, SMARCA2",0.0025578531680516396,12.029109001159668,14,5,0.5645831227302551,4.580170154571533
4857,DYNC1H1,"DYNC1H1, HPS1, HAGH, RYK, NMT1",0.014665743787230538,9.39076042175293,1,6,-1.7187044620513916,8.359794616699219
4858,IDH2,"IDH2, LAPTM4B, ABCD3, TERF2IP, TARBP1",0.02169910470237138,13.019997596740723,1,7,-3.30890154838562,6.995819091796875
4859,RBPJ,"RBPJ, B4GALT1, CIRBP, CKLF, PSMB5",0.0009225526374613234,4.627769947052002,3,5,-0.06144440174102783,4.384361267089844
4860,ABHD12,"ABHD12, SRBD1, IMPDH1, SEC61B, SLC38A6",0.00335981709732195,7.512932300567627,0,7,0.02745417319238186,5.125413417816162
4861,RPL36A,"RPL36A, PPA2, TET2, EZR, DPAGT1",0.005922572245381354,10.280107498168945,1,8,-1.4492318630218506,5.649195671081543
4862,SMIM26,"SMIM26, ACTN1, CDK11A, CDKN2AIP, UBE2K",0.004133349542547226,4.972667694091797,1,1,0.2967780530452728,8.111906051635742
4863,RALGDS,"RALGDS, KPNA5, RECQL, SIAH2, PJA2",0.0078010109843568015,8.188689231872559,4,1,1.8045923709869385,5.884709358215332
4864,CREB3L2,"CREB3L2, GRHPR, RRBP1, OAT, SPART",0.0030755022568715955,12.138680458068848,8,5,1.7526888847351074,5.059689998626709
4865,OGFOD1,"OGFOD1, VSIG10, APOOL, NAGPA, RMI2",0.004342173890878004,6.8029069900512695,0,8,-2.952927589416504,6.701638221740723
4866,STK4,"STK4, TGFB1, OSTC, PEX6, ALDH18A1",0.009501998047051164,15.241681098937988,65,8,-3.139883041381836,4.627371311187744
4867,SMARCC2,"SMARCC2, NAXE, SPATS2, PPP1R10, DOCK7",0.011305926689908588,12.046819686889648,1,0,-3.0718095302581787,7.54648494720459
4868,ARHGEF7,"ARHGEF7, TRIM25, TJAP1, GMEB1, RBM15B",0.015411825144412332,10.057595252990723,0,7,-0.34846603870391846,4.307083606719971
4869,DENND4B,"DENND4B, MTMR9, MED7, COQ10B, ARMCX3",0.008852975894023113,7.877843379974365,2,1,2.4008166790008545,6.795097351074219
4870,SNRPD1,"SNRPD1, CDK2AP2, TCP1, GON4L, POLR2F",0.0001637261322593422,3.5414416790008545,7,0,-3.2145533561706543,7.708867073059082
4871,RXRB,"RXRB, TTL, SH3GL1, PLA2G12A, COX6A1",0.00019019682430127178,3.420822858810425,1,6,-1.4438095092773438,9.320067405700684
4872,STX7,"STX7, RYBP, MFF, ZNF638, GABARAPL2",0.002603931780124628,5.600387096405029,0,4,2.5909831523895264,6.791192054748535
4873,OGA,"OGA, GMDS, ADD3, FLNA, RICTOR",0.013373581857183754,5.015219211578369,21,1,1.0029375553131104,8.0597505569458
4874,CLN8,"CLN8, ARIH2, FUOM, MTFP1, EXOC5",0.0021264789273683425,5.356323719024658,4,9,-4.1414337158203125,6.81769323348999
4875,BLCAP,"BLCAP, TMEM14C, ITFG1, HIVEP1, HSDL2",0.001098043521739301,3.6790366172790527,0,7,-1.6065690517425537,7.101408958435059
4876,IER2,"IER2, CST3, SAT1, MT-ND4, RPS2",0.000985297981560712,17.916351318359375,6,5,0.4642948508262634,3.3429296016693115
4877,HBS1L,"HBS1L, DPM3, UROS, ATP11B, FUNDC1",0.009347095478805799,14.516514778137207,0,8,-3.593109130859375,5.918964862823486
4878,CNPY3,"CNPY3, MRPL57, PAK2, HMGN1, TMA7",0.00012254950019411842,5.501372337341309,1,6,-0.8566517233848572,6.99152946472168
4879,ETF1,"ETF1, GALNT1, EI24, ERV3-1, CPD",0.006517672618323993,9.949332237243652,11,9,0.3435511291027069,4.512504577636719
4880,ACTL6A,"ACTL6A, WDHD1, WASHC5, FLAD1, DDX19A",0.001432358558268856,5.108820915222168,12,4,2.6038644313812256,7.04645299911499
4881,PDCD11,"PDCD11, DGCR8, TONSL, THOC5, AGPAT1",3.235306805124726e-05,3.5441219806671143,5,4,3.4396369457244873,6.365390300750732
4882,SIRT6,"SIRT6, HSP90AA1, WDR73, SLC38A1, CEP162",0.007402970207726305,11.765371322631836,3,0,-0.024054095149040222,4.462205410003662
4883,RNASEH2C,"RNASEH2C, MTFP1, URI1, ANXA7, DNAJC3",0.011641222122439695,5.365787506103516,31,1,2.1656343936920166,7.1602277755737305
4884,NF1,"NF1, ZFYVE9, STRADA, DIS3L, PKP4",0.0061882595618022035,7.419455051422119,0,8,-0.03748319670557976,5.219137668609619
4885,JUN,"JUN, CST3, JUNB, MT-CO2, SIK3",0.0007225518531445221,16.77783966064453,11,5,3.227766752243042,5.143009185791016
4886,FNBP1L,"FNBP1L, EIF4H, CIRBP, PRR13, SLMAP",0.004193153698641956,7.169011116027832,4,0,0.06467895209789276,5.955440521240234
4887,GADD45GIP1,"GADD45GIP1, MRPL51, PPP1R12A, CANX, ZC3HAV1",0.019086349358232776,9.980191230773926,5,1,2.0452659130096436,8.350106239318848
4888,EMC1,"EMC1, ANKRD17, PCGF6, TAX1BP1, C4ORF48",0.007497088223875388,10.216096878051758,1,7,-0.6210702657699585,9.370070457458496
4889,RSRP1,"RSRP1, PDE4DIP, PIP4K2A, SRP9, POLE",6.176494809783567e-05,3.30618953704834,8,4,3.480597734451294,6.720319747924805
4890,SLC29A1,"SLC29A1, DNAJC11, BUB1B, CEP55, GNPDA1",0.004221585182686991,8.269221305847168,3,3,3.9566590785980225,6.380122184753418
4891,TTC17,"TTC17, MCL1, TNFRSF1A, STAU2, FRYL",0.023066757124537745,6.003593921661377,17,1,-1.0205732583999634,5.858467102050781
4892,RPL35,"RPL35, ACTG1, UBA52, RPS20, RPL36A",0.0009911803575700297,12.232117652893066,0,5,0.30856701731681824,3.7990829944610596
4893,MTDH,"MTDH, RPA3, POLR2E, TENT4A, CLUAP1",0.0002686285044255075,3.3180339336395264,24,7,-1.131116271018982,8.20462703704834
4894,PLRG1,"PLRG1, FBXO34, C12ORF76, SHMT1, NCBP2AS2",0.008770622629892666,12.62021255493164,2,7,-2.581238269805908,8.057890892028809
4895,UQCRFS1,"UQCRFS1, NUDCD1, CAPRIN1, CTU2, NOP53",0.008451013533386405,10.633835792541504,3,1,-2.1438028812408447,8.121419906616211
4896,OXSM,"OXSM, SMAP1, PFDN4, DDX54, UNK",0.02609618076933635,9.283096313476562,2,6,-0.5690387487411499,8.060088157653809
4897,APIP,"APIP, ATP5ME, DDX17, SPCS2, HSP90AB1",0.0019225565590453295,10.173999786376953,10,9,-1.3070118427276611,5.102011680603027
4898,NADK2,"NADK2, PXMP2, TDP2, STK19, USP6NL",0.010902003537268773,10.212610244750977,0,7,-1.077109932899475,9.142707824707031
4899,VIRMA,"VIRMA, MYNN, AEN, VPS25, AP2M1",0.00020686355632767187,3.289219379425049,22,4,3.149326801300049,6.298280715942383
4900,ZNF260,"ZNF260, BAZ1A, GLI4, GTF3A, SEC31A",0.007475519511841223,7.933419704437256,1,4,3.086221933364868,6.443480014801025
4901,DSTN,"DSTN, SLC25A1, RHNO1, TM7SF3, SRBD1",0.0021353024913823193,6.745973587036133,0,9,0.10748625546693802,4.239689826965332
4902,SERTAD2,"SERTAD2, CTDSP2, STK19, DHX8, MRM3",0.005481394044682528,7.478842735290527,0,4,2.931277275085449,6.576242923736572
4903,POLA2,"POLA2, PPIL3, TOP2A, ZCCHC8, GNPTAB",0.003331385613276915,5.488830089569092,2,1,2.6628475189208984,7.05618953704834
4904,PJA2,"PJA2, GNAI2, UVRAG, PDLIM1, C4ORF3",0.01054808058070816,13.121417045593262,15,9,-0.7321065664291382,9.201459884643555
4905,STT3A,"STT3A, NUDT2, ARMC1, EIF3G, TMEM147",0.0017009870626943635,7.740488529205322,0,7,-0.6413721442222595,9.335371971130371
4906,CLPX,"CLPX, UBAC1, TBCA, DNAJC1, RFC4",0.005932376205396884,7.799921989440918,9,1,1.489664077758789,8.038031578063965
4907,BCKDHA,"BCKDHA, NFE2L1, DPF2, NFU1, NUCB2",0.0038362895540766826,9.285223007202148,1,7,-3.4422788619995117,8.179117202758789
4908,SPG7,"SPG7, DPAGT1, FAM114A2, ALKBH4, SRSF8",0.009553959035133472,8.488348007202148,0,4,3.4502904415130615,6.723319053649902
4909,HIGD2A,"HIGD2A, RSBN1L, MAP4, AP3S1, ANKRD17",0.025846179788940347,11.95915699005127,2,7,0.14140915870666504,8.871545791625977
4910,YBX1,"YBX1, MYL6, BTG1, PFDN5, KIF1C",8.039247212734167e-05,3.437173843383789,0,6,-0.5864056348800659,6.671645641326904
4911,VMP1,"VMP1, MRPS18B, ISG15, BLVRB, PSMD8",0.0038578582661108474,10.609392166137695,0,6,-0.9392370581626892,8.672667503356934
4912,CHMP2A,"CHMP2A, HPS5, GIT2, SEC14L1, ZKSCAN1",0.02080988552896286,9.264711380004883,1,7,-0.26937657594680786,9.046576499938965
4913,ITSN1,"ITSN1, STK3, TUT7, RBPJ, PDS5B",0.021313809073761073,12.1015043258667,26,6,-1.2223154306411743,9.189213752746582
4914,HMG20B,"HMG20B, MYO18A, TAPT1, DCAF8, STRN",0.0024382448558621797,4.5911359786987305,0,7,-1.592944622039795,7.411849021911621
4915,RPS27L,"RPS27L, FKBP5, CEBPB, RMND1, VPS13A",0.017471637143675074,10.091635704040527,20,0,0.3243612051010132,5.640532970428467
4916,MPC1,"MPC1, OSBPL8, KAT6A, SEPTIN6, RHOT1",5.9804156094729785e-05,2.8951945304870605,13,9,-3.112348794937134,4.755622863769531
4917,CERS6,"CERS6, MAN1A2, BTG3, METRN, RAB6A",0.02685108569053212,10.527076721191406,4,7,-2.368147850036621,9.080001831054688
4918,ERBIN,"ERBIN, TPM4, SSB, HNRNPR, ZMYM2",0.003091188592896443,9.488445281982422,20,9,-3.6628801822662354,7.486090660095215
4919,IK,"IK, REX1BD, MNAT1, POLR2G, COX7A2",0.007621598516072612,9.206443786621094,27,8,-0.8671554327011108,6.396300792694092
4920,NUP37,"NUP37, ZNF143, VBP1, BCKDK, KIF2A",0.009114741626437751,7.308370590209961,11,4,-3.4607694149017334,6.112010478973389
4921,<SPECIAL>,"<SPECIAL>, LAPTM4B, SLC19A1, RPL35A, RPS8",0.0009284350134706411,74.21401977539062,1,2,3.1202261447906494,6.940069675445557
4922,MACO1,"MACO1, ZBED5, RPRD2, NBR1, SERTAD2",0.01038533484445037,6.892707347869873,1,1,1.5480419397354126,5.89744234085083
4923,ARHGDIA,"ARHGDIA, PSMA5, RB1, EIF1B, SRP9",0.0004794136447593912,3.5177595615386963,133,0,-2.5303499698638916,8.100647926330566
4924,ARIH2,"ARIH2, PSMD7, RPS3, SSRP1, TACO1",0.0002303930603649426,2.8229563236236572,0,4,2.757368564605713,7.318460941314697
4925,TBRG1,"TBRG1, BANF1, PHTF2, SENP2, C4ORF48",0.007370617139675057,5.211948871612549,0,1,-1.9974993467330933,8.018841743469238
4926,ATP6V0E1,"ATP6V0E1, BCKDHB, EPB41, RAC1, OXSR1",0.007786305044333507,10.848050117492676,4,9,-0.8980329632759094,5.89371919631958
4927,C5ORF15,"C5ORF15, UNC45A, HSPA13, FAM83D, RNF187",0.01344220957729246,12.551299095153809,0,4,3.057077646255493,6.157150745391846
