feature_id,top_gene,top5_genes,activation_freq,max_activation,n_enrichments,module,umap_x,umap_y
0,PARN,"PARN, ANAPC1, POLR2D, TM9SF4, SMARCA5",0.005779434429154624,7.030822277069092,0,5,3.9162211418151855,10.163546562194824
1,PISD,"PISD, PEX19, TRIM41, ZNHIT2, SLC30A5",0.009285330530707963,7.928734302520752,1,3,-3.6581993103027344,11.237317085266113
2,CCDC125,"CCDC125, ZNF561, SCRIB, ZBTB41, ZNF26",0.016955948846858224,6.043352127075195,0,5,2.9117815494537354,9.52285099029541
3,USP3,"USP3, NOB1, GTF3C6, PIM3, PDS5A",4.607861207298852e-05,2.6988937854766846,3,3,1.2865631580352783,12.918082237243652
4,RICTOR,"RICTOR, CES2, GATAD2A, PIAS1, TUBB",0.003358836701320397,10.447830200195312,5,6,-2.709862470626831,12.602078437805176
5,LAGE3,"LAGE3, BNIP1, MAN1A2, MICOS13, PFDN1",0.0006764732410715336,3.2736973762512207,0,3,0.47284987568855286,13.990640640258789
6,NDFIP1,"NDFIP1, DPAGT1, PIP4K2B, RPP14, XXYLT1",0.020269687332107184,8.541838645935059,0,3,0.7363962531089783,10.534137725830078
7,LCOR,"LCOR, YWHAH, TPM4, PLD3, PCNX1",0.01067161047690383,14.393717765808105,3,0,-0.7352584600448608,10.659553527832031
8,NDUFB1,"NDUFB1, PHF14, PEX13, UBE2D3, GLI4",0.006877477950893925,9.39802074432373,0,3,-0.9797372221946716,11.090415000915527
9,NT5DC2,"NT5DC2, DYNC1H1, RAB11FIP1, TRA2A, HSBP1",0.004379428938937015,11.230149269104004,7,0,-1.0881410837173462,11.122987747192383
10,DNAJC4,"DNAJC4, LASP1, MED27, WBP2, SFT2D2",0.011999066663006522,5.807366371154785,0,9,2.704525947570801,10.885749816894531
11,CES2,"CES2, SLC30A9, STRADA, SEC23IP, PIGH",0.012152008439248782,7.376986026763916,4,6,-2.645554304122925,12.704018592834473
12,OGDH,"OGDH, BAD, ATG10, SOAT1, WASF2",0.03909427095792532,10.068896293640137,1,9,2.6888957023620605,9.995400428771973
13,KATNBL1,"KATNBL1, TOMM7, TMEM161A, C9ORF40, GDE1",4.607861207298852e-05,2.0543553829193115,0,6,-0.19234593212604523,13.218008995056152
14,IFT88,"IFT88, MIF4GD, NEK7, HIBADH, ACAA1",0.004538253091188593,5.243311405181885,1,0,0.6463454365730286,10.05831527709961
15,RAN,"RAN, HSPD1, SET, HMGA1, NCL",0.017389283879544627,5.775145053863525,0,4,3.263960361480713,11.653365135192871
16,PLEKHA1,"PLEKHA1, SON, NSMCE2, IQGAP1, PTTG1IP",0.010579453252757854,12.869988441467285,3,1,-1.0080763101577759,10.491973876953125
17,SLC2A4RG,"SLC2A4RG, NUDT5, CNOT8, CYB5B, CTU2",9.803960015529472e-05,2.2342936992645264,15,9,1.5937283039093018,11.483928680419922
18,IFT88,"IFT88, SAYSD1, ZNF721, MLLT11, MIF4GD",0.01580790512903972,6.676749229431152,0,9,2.1845662593841553,10.108481407165527
19,ARFGEF2,"ARFGEF2, VPS35, P4HA1, VEZF1, FAM193A",0.030713845936650733,8.02881145477295,2,3,0.6447235345840454,13.219564437866211
20,FRYL,"FRYL, YBX3, ZNF638, RSL24D1, HERC1",0.0021843222914599667,3.163672685623169,3,4,2.978778839111328,12.402436256408691
21,COQ2,"COQ2, CDK2AP2, DNAJC17, AACS, FAM210A",0.0004578449327252264,3.1838812828063965,0,3,0.14418166875839233,14.275233268737793
22,RNF220,"RNF220, ARIH1, TAOK1, TKT, RAP1B",0.00037255048059012,2.764622449874878,1,0,1.4797697067260742,13.367064476013184
23,HEXIM1,"HEXIM1, PLCXD1, RPS6KB2, NKAPD1, MRPL10",2.450990003882368e-05,1.9795804023742676,47,0,0.7913975715637207,12.922698020935059
24,<SPECIAL>,"<SPECIAL>, HMGCS1, LAPTM4B, RPS13, SLC25A12",0.0010000039215840061,71.07833099365234,6,2,2.222426414489746,9.605557441711426
25,DENND4C,"DENND4C, DENND6A, SEC31A, RECQL, FGFR1OP2",0.0009127486774457939,3.012326717376709,19,9,0.9128944277763367,12.074018478393555
26,MRPL45,"MRPL45, NDUFS2, MTHFD1, IFRD1, SCAND1",0.006106886693673309,8.534112930297852,4,6,-2.252153158187866,12.462223052978516
27,NRDC,"NRDC, USP11, TKT, FGFR1, RNF166",0.0022921658516307907,3.888455629348755,1,1,-0.8621591925621033,12.873030662536621
28,FAM104A,"FAM104A, MMADHC, DEAF1, DPCD, HNRNPH2",0.006677477166577124,7.075186729431152,0,5,3.236680030822754,9.87183952331543
29,SIAH2,"SIAH2, FCGRT, CABIN1, MR1, SEC23A",0.009600037647206459,8.474098205566406,0,0,-0.4048006534576416,10.001456260681152
30,MIGA1,"MIGA1, CWC25, SNRNP27, POLE4, WDR1",0.004828450307648265,5.0917840003967285,5,4,2.408674955368042,12.955967903137207
31,PYCR1,"PYCR1, RSL24D1, CD151, GCC2, AFF4",0.006151004513743191,9.824151039123535,4,1,-1.7520700693130493,10.767938613891602
32,ZW10,"ZW10, DOHH, SMARCA5, CEP250, NAA15",0.002673539896234887,23.518924713134766,2,7,4.102665424346924,8.78464412689209
33,SMARCA1,"SMARCA1, BCCIP, PELP1, ELAC2, ALG9",0.006789242310754159,6.756895542144775,4,5,4.104211330413818,9.236992835998535
34,HOOK3,"HOOK3, ABHD14B, JUND, GGNBP2, COMMD1",0.00037058968858701407,3.5929086208343506,17,6,-0.4940865933895111,13.193941116333008
35,MYSM1,"MYSM1, GNPTG, SMC6, MED13, MRPS35",0.000669610469060663,4.142758369445801,0,0,0.14642871916294098,13.881919860839844
36,TFRC,"TFRC, DICER1, PSMD13, CALM1, GPBP1L1",0.001266671634006408,3.9571001529693604,44,3,0.6670265197753906,13.973278045654297
37,NSA2,"NSA2, ARL5A, ATP5F1B, PRKCSH, PHIP",0.004390213294954098,6.775784492492676,14,9,1.1285768747329712,11.00202465057373
38,CGGBP1,"CGGBP1, PPCS, TMX4, LRPPRC, ATP11A",0.0002009811803183542,3.2849724292755127,1,3,-0.4590016305446625,13.028928756713867
39,PMAIP1,"PMAIP1, CCNL1, HMGB3, MFGE8, CCNH",0.05988945054686489,7.3608856201171875,3,4,3.095393180847168,11.655973434448242
40,B2M,"B2M, RPS13, RPL21, TMSB10, RPLP2",0.00021470672434009545,21.044715881347656,0,8,1.308271884918213,11.905807495117188
41,SCFD1,"SCFD1, REPS1, MRPL35, ANAPC16, HEATR3",0.0014921627143635856,4.512411594390869,1,9,2.21035099029541,13.838126182556152
42,GTF2A2,"GTF2A2, TRIP12, MAPRE1, INO80C, CRTC3",0.0001598045482531304,2.8073079586029053,13,1,0.9950523972511292,13.690096855163574
43,XRCC4,"XRCC4, TMEM9, SDHA, HAUS2, C6ORF120",0.006716693006639241,12.778525352478027,5,5,3.969524621963501,9.27145004272461
44,TM9SF4,"TM9SF4, PRDM2, ZNF766, HDDC3, NIPBL",0.00015294177624225979,2.750971555709839,5,1,-2.102994918823242,12.326793670654297
45,CALM2,"CALM2, MICOS10, NSA2, ZNF609, CSTB",0.0002117655363354366,5.136982440948486,0,4,1.4430402517318726,13.90571403503418
46,CLN8,"CLN8, MSL2, RHNO1, NCBP3, ZMYM5",0.004382370126941674,5.08877420425415,0,0,0.8259948492050171,10.232526779174805
47,PPIG,"PPIG, CNPPD1, BRK1, LSM4, STK4",0.0024245193118404384,5.0879807472229,6,0,1.983965516090393,13.093690872192383
48,CALM2,"CALM2, EHBP1, EEF1B2, TRIM56, COX4I1",0.007470617531833458,9.961090087890625,7,4,3.2933804988861084,12.224017143249512
49,SRP9,"SRP9, ARID1A, ECPAS, ORAI1, ATP6V1D",0.00038039364860254356,2.8512606620788574,3,9,2.3039438724517822,12.518939018249512
50,ORC6,"ORC6, FAM177A1, ALKBH7, VPS53, KLC1",0.00015490256824536567,2.776477336883545,21,1,0.9287154674530029,13.174647331237793
51,UBE2L6,"UBE2L6, BIRC5, FABP5, JARID2, SORT1",0.0006735320530668748,4.42685079574585,16,4,1.5994253158569336,14.368557929992676
52,MID1IP1,"MID1IP1, EEA1, CUL5, ZNF131, SDF4",0.004489233291110946,4.463240623474121,12,4,2.8409969806671143,12.132988929748535
53,USP33,"USP33, MDM4, PBK, STK38, PIK3CA",0.010862787697206656,5.149150371551514,8,9,1.0747398138046265,14.580998420715332
54,TRIM44,"TRIM44, TSEN15, SYNJ2, ACP1, ZNF644",0.0024068721838124856,7.315262317657471,4,1,-1.799010992050171,10.833502769470215
55,TRMT112,"TRMT112, BRWD1, RNF7, ZNF326, NDUFA2",0.005865709277291284,11.044567108154297,8,9,-2.1310927867889404,11.75456714630127
56,GOLGA3,"GOLGA3, CPOX, CEP290, RRAGC, GCLM",0.016712810638473092,10.680342674255371,0,6,-2.127293586730957,11.704534530639648
57,SLC39A9,"SLC39A9, UBR5, PUS3, C2ORF69, MSTO1",0.0011402005498060777,4.390879154205322,0,3,1.1664412021636963,13.332386016845703
58,AGPAT5,"AGPAT5, UBE2D3, LMAN1, DDIT4, CSNK1A1",0.0050960984160722195,10.731331825256348,11,6,-1.8553522825241089,11.803544044494629
59,ATP5MG,"ATP5MG, FKBP5, ARHGEF12, VPS13C, STK4",0.012361813183581111,11.31335735321045,3,6,-0.8642088174819946,13.670000076293945
60,ILRUN,"ILRUN, TJAP1, ARNT, NTAN1, TRIM25",0.0057519833411111415,5.171572685241699,0,6,1.0134403705596924,9.924384117126465
61,HTRA2,"HTRA2, NEMF, U2SURP, MGA, TM2D2",2.6470692041929576e-05,2.405707836151123,0,6,-0.12565116584300995,13.416888236999512
62,TAF9B,"TAF9B, UBL3, FOXN2, SEPTIN9, STK19",0.014647116263201032,6.590116024017334,0,1,0.646826446056366,10.42599105834961
63,UBE2L3,"UBE2L3, EZR, ACO2, PPP1R8, ZNF282",0.007446107631794634,12.700945854187012,4,9,-0.7677043676376343,10.816397666931152
64,GSTK1,"GSTK1, MRPL11, KTN1, RAN, PSME2",0.0064186526221671454,11.337233543395996,2,6,-1.5164426565170288,11.745783805847168
65,POLR3E,"POLR3E, PSMD4, BAG1, CNPY2, RAC1",0.00034019741253887273,5.046331405639648,0,3,-3.041130542755127,10.353440284729004
66,SPNS1,"SPNS1, CDK8, FAM177A1, ANKRD10, TMEM59",2.058831603261189e-05,1.7562553882598877,2,4,0.455608993768692,13.961448669433594
67,EPC1,"EPC1, WNK1, VMP1, NFX1, DCTN3",0.009318663994760763,12.767192840576172,3,1,-1.0227320194244385,10.5850830078125
68,LRBA,"LRBA, CCDC107, USP24, NSMCE3, TSPAN14",0.0006235318569876745,5.144549369812012,4,1,-1.0529471635818481,10.688080787658691
69,HOMER3,"HOMER3, LACTB, COQ7, CLN8, NCBP3",0.011613771034396213,6.509268283843994,0,0,2.0069777965545654,9.938776016235352
70,EIPR1,"EIPR1, RAD54L2, USP42, KYAT3, NIPSNAP3A",0.004584331703261581,3.292795181274414,5,5,3.285637140274048,10.14403247833252
71,SNRPG,"SNRPG, NDFIP2, FAM3C, TUFM, HNRNPA3",3.627465205745905e-05,2.6727235317230225,2,8,-0.061200838536024094,14.120585441589355
72,RPF2,"RPF2, EMC8, UCHL5, PTTG1IP, QRICH1",0.0003833348366072024,2.6742498874664307,24,3,-1.0790385007858276,13.885199546813965
73,<SPECIAL>,"<SPECIAL>, ZMYND19, TFRC, RANBP1, SLC19A1",0.0010696120376942654,70.75061798095703,9,2,0.022481054067611694,9.061595916748047
74,FAM222B,"FAM222B, NEK7, PTBP2, TTC5, INTS7",0.017780461884164253,8.034834861755371,0,9,1.402369737625122,10.814435958862305
75,TTC32,"TTC32, TMEM161A, SMURF1, EXOSC6, SORD",0.008792191341926832,8.681153297424316,0,6,-2.6883926391601562,12.263386726379395
76,TENT4A,"TENT4A, ZNF561, TRAPPC13, E2F6, EIF2D",0.0013862799461958673,4.073104381561279,0,9,1.4511420726776123,12.85888957977295
77,ZDHHC7,"ZDHHC7, AASDH, HLCS, COX7A2, DYNLRB1",0.003307856109239644,5.970789432525635,0,1,0.5062217712402344,11.601630210876465
78,RABEP2,"RABEP2, MAPRE2, ATOX1, EEFSEC, SPTAN1",0.003695112529853058,4.526953220367432,7,3,1.024330973625183,9.917816162109375
79,ASH1L,"ASH1L, MAT2B, IGBP1, MAT2A, WWP1",0.0001470594002329421,2.240095853805542,4,1,-0.46490392088890076,13.20422077178955
80,DEDD2,"DEDD2, PIK3CA, DGKZ, GADD45A, CMTR2",0.03014521625575002,7.942844390869141,3,1,0.62565678358078,11.851801872253418
81,TRIM27,"TRIM27, NUP54, HLTF, GATB, EFTUD2",0.0033529543253110797,19.46343994140625,2,7,3.1389825344085693,10.303699493408203
82,DPM3,"DPM3, RHOT1, OSTC, ATR, ATP11B",0.00027941286044259,3.995368480682373,0,3,-0.368365615606308,11.4668607711792
83,LRRFIP1,"LRRFIP1, CD164, CNST, DCAF10, AGPAT2",0.003137267204969431,6.371539115905762,0,1,1.910360336303711,12.95159912109375
84,FAM83D,"FAM83D, CTNNAL1, ZNF621, MORC2, E2F4",0.014722606755320609,10.981100082397461,0,5,3.8366734981536865,8.856043815612793
85,<SPECIAL>,"<SPECIAL>, HMGCS1, SRM, LAPTM4B, SLC20A1",0.001001964713587112,72.26663970947266,1,2,2.0327892303466797,9.582440376281738
86,KDELR1,"KDELR1, FKBP11, TMEM63A, MFGE8, VASP",0.0033058953172365384,12.11174488067627,10,8,0.9876401424407959,9.761613845825195
87,PSME4,"PSME4, CCDC85B, FAM76B, PRPF4B, SCAMP3",2.2549108035717786e-05,2.109358549118042,5,1,0.22979669272899628,12.605612754821777
88,STK38,"STK38, TMX4, IER3IP1, CENPC, PPP3R1",0.0037657010419648706,9.081453323364258,4,3,-0.5433576107025146,9.530899047851562
89,RNF220,"RNF220, SHISA5, FGFR1, CTDSPL2, TBL1XR1",0.008891211338083679,7.439211368560791,0,0,1.866821050643921,10.718798637390137
90,PAFAH1B1,"PAFAH1B1, JUND, PNISR, PCGF6, MYBBP1A",0.013268679485017589,14.596501350402832,8,1,-0.4257061183452606,11.079903602600098
91,CNOT1,"CNOT1, SLC1A5, NT5C3A, NARS2, TIMM10B",0.00970984199938039,12.456962585449219,10,1,-2.343768835067749,10.69279670715332
92,RPL22L1,"RPL22L1, ACYP2, ROMO1, PTPN4, NSD3",0.0034549155094725863,10.48453140258789,2,8,1.0815571546554565,9.407325744628906
93,BIRC5,"BIRC5, ARPC1B, SEC61B, PUM2, GRN",0.006895125078921878,8.306589126586914,8,3,0.019966069608926773,10.206170082092285
94,MED17,"MED17, TP53I3, WDR41, ALAS1, HUS1",0.014424566370848513,6.223177909851074,0,5,3.259960889816284,9.446989059448242
95,DAPK3,"DAPK3, PPP1R16A, OTUD5, SEC61G, TIMM50",0.004540213883191699,7.3710174560546875,29,1,-0.5553086400032043,11.209159851074219
96,MIB1,"MIB1, KIAA0586, NIP7, HPF1, RIT1",0.0013098090580747376,3.2845144271850586,1,9,2.04447340965271,12.627524375915527
97,DUSP14,"DUSP14, PGM3, CCDC43, TP53BP1, KNTC1",0.001710791022709893,3.228400945663452,0,1,2.6251065731048584,9.379518508911133
98,GPN2,"GPN2, OTUD3, SETD1A, TEN1, TYMS",2.156871203416484e-05,1.794469952583313,0,1,-0.8097007274627686,13.45334529876709
99,MAP4,"MAP4, GNAI2, ERGIC3, NOSIP, ATRAID",0.0022960874356370026,4.970846652984619,5,0,-0.5995619893074036,13.277589797973633
100,SGO1,"SGO1, ZNF384, PCGF3, MED31, ST3GAL3",0.012707892972129303,10.70824146270752,0,6,-2.785856008529663,12.184375762939453
101,DPP3,"DPP3, WDR62, LYRM7, RFWD3, BMP2K",0.0030823650288824664,9.823798179626465,1,7,4.367958068847656,8.789763450622559
102,SLC35C2,"SLC35C2, PREP, AP2A1, SLC4A2, ZNF92",0.007639245644100565,11.825325012207031,1,5,3.898430824279785,9.548837661743164
103,MRPL2,"MRPL2, DPH3, NPC2, SMDT1, TMEM165",0.004442174283036404,6.348999977111816,5,1,-1.873464822769165,10.1698579788208
104,ATOX1,"ATOX1, TAX1BP1, DNAJB6, COX7A2L, ENY2",0.0006352966090063098,3.9502103328704834,7,3,0.5574154853820801,12.078153610229492
105,TSC22D4,"TSC22D4, TRIP12, UGP2, MAN1A1, RBM25",0.007904932960521414,9.516904830932617,12,1,-1.275808572769165,10.675122261047363
106,EPHX1,"EPHX1, ZNF248, TANK, SKIL, SMARCE1",0.0046539398193718405,8.514708518981934,0,8,0.02000272460281849,9.391576766967773
107,KLHDC3,"KLHDC3, YBX3, ZNHIT6, COPE, MBNL1",0.004782371695575277,11.895212173461914,0,0,-3.031407117843628,11.618535995483398
108,MOB4,"MOB4, PUSL1, PUS7, ZNF431, AHCTF1",0.009128467170459491,12.904126167297363,1,1,-2.009351968765259,10.706060409545898
109,CENPU,"CENPU, CANT1, CCDC14, WDR55, PTPMT1",0.011285338373875976,11.389927864074707,2,6,-3.0347490310668945,12.139410972595215
110,GNPNAT1,"GNPNAT1, HMGN4, PIEZO1, MEN1, AGBL5",0.003064717900854513,7.126275062561035,9,6,-2.314054012298584,12.108901977539062
111,MPP1,"MPP1, KRI1, TPGS2, NSMAF, SLC6A6",0.0039206036102102364,5.52569055557251,2,9,1.8564990758895874,10.799064636230469
112,LRRCC1,"LRRCC1, MICOS10, ESF1, MAP2K1, ACOT8",0.003287267793207032,4.859987735748291,1,4,3.4684340953826904,10.29112720489502
113,TXN2,"TXN2, ARL2, FKBP1A, INTS13, HNRNPA0",0.0025588335640531925,5.758299827575684,6,4,3.7537765502929688,11.17830753326416
114,ARFGAP2,"ARFGAP2, MED16, TUBE1, MFSD5, BCOR",0.002524519703998839,3.9560647010803223,3,6,-0.45019859075546265,12.569253921508789
115,C5ORF24,"C5ORF24, GORASP2, COQ2, NOB1, COQ7",0.005666688888976036,14.055697441101074,0,3,-3.129995346069336,10.915267944335938
116,ROCK1,"ROCK1, ERGIC3, FNDC3A, XBP1, ELOC",0.006080416001631379,9.963979721069336,20,0,-3.4783005714416504,11.24667739868164
117,PDSS2,"PDSS2, AKAP17A, NBPF1, SLC39A1, GLMP",0.0012892207420421257,4.7083821296691895,1,1,0.13811321556568146,11.996964454650879
118,MRPS18C,"MRPS18C, BRD8, SCO2, DGCR6L, RPL7L1",0.0002617657324146369,2.8276724815368652,1,6,-2.0429024696350098,12.1101655960083
119,TM2D1,"TM2D1, TBC1D15, DR1, RNF187, PPFIA1",7.352970011647104e-05,2.4098637104034424,14,9,-0.06841300427913666,13.103721618652344
120,SP1,"SP1, DDX23, IRF3, NKAP, PRIM2",4.215702806677673e-05,2.142472743988037,8,1,0.8266865611076355,13.66249942779541
121,PSKH1,"PSKH1, BPHL, SORT1, LAGE3, ZNF148",0.0016843203306679635,3.835702419281006,4,9,1.2709120512008667,11.00043773651123
122,LYSMD3,"LYSMD3, HDHD2, SLC35D1, BICD2, RBM18",0.008406895713316523,7.208309173583984,0,3,-2.91457200050354,10.372025489807129
123,AP1S2,"AP1S2, POLR2A, TSC22D1, ZC3HAV1, BLVRB",0.006633359346507241,11.760638236999512,3,6,-1.6611100435256958,11.501835823059082
124,BAK1,"BAK1, MIA3, GNPDA1, PPP1R35, STK24",0.014105937670343805,12.109832763671875,4,6,-3.1920485496520996,12.260139465332031
125,ICAM3,"ICAM3, ITFG1, TRIM38, ADD3, CCDC88A",0.005778454033153071,5.3693976402282715,8,4,3.9296822547912598,11.794157981872559
126,CTSD,"CTSD, RUFY3, HIF1A, CTSB, ARHGEF7",0.016117710265530452,4.275810718536377,25,4,3.038219690322876,11.800134658813477
127,FASTKD2,"FASTKD2, WDR59, GPATCH8, SMIM19, SLF1",0.004130408354542567,3.7723331451416016,0,9,2.271256923675537,13.158003807067871
128,YBX1,"YBX1, C9ORF78, SMC4, EIF6, KDM6A",0.0023480484237193085,6.945181369781494,1,4,1.6138787269592285,12.920891761779785
129,LRBA,"LRBA, RNGTT, EIF1AX, SMDT1, ERBIN",0.003934329154231977,5.4834675788879395,10,6,-1.2343220710754395,12.819151878356934
130,SNAP29,"SNAP29, TSEN15, KRT10, CD2AP, COPS6",0.003247071557143361,7.221112251281738,17,6,-1.8003151416778564,11.490520477294922
131,RBMX,"RBMX, HMGB1, CCNI, TFCP2, TRPC4AP",0.0004705900807454147,5.626768112182617,0,1,0.9621270298957825,12.620213508605957
132,CYCS,"CYCS, CUTA, MRFAP1L1, ELOF1, SPNS1",7.941207612578873e-05,3.246323823928833,3,3,1.4497164487838745,13.27633285522461
133,PPIL2,"PPIL2, GIT2, TRNT1, TMX3, DEF8",0.0083990525453041,12.219633102416992,0,3,-3.317991256713867,10.679752349853516
134,CEBPZ,"CEBPZ, MRFAP1L1, MIER1, ACAA2, RNF24",0.00015294177624225979,2.2723138332366943,42,3,0.751287579536438,13.846431732177734
135,BORCS7,"BORCS7, INO80E, HPS1, CWC25, PIP5K1A",0.00035980533256993165,3.8649072647094727,3,1,-1.5901042222976685,11.834185600280762
136,CHID1,"CHID1, BANP, R3HDM4, SMPD4, CABIN1",0.010140235844062134,13.201169967651367,0,3,-3.2705183029174805,11.140273094177246
137,DRAM2,"DRAM2, JOSD2, LSM5, C6ORF62, AKT1S1",0.00014803979623449504,2.593738079071045,3,9,0.6200181245803833,12.827604293823242
138,MRPL21,"MRPL21, ZBTB8OS, MORN2, POLE, NAT10",0.0018284385428962466,14.541810989379883,1,7,4.263592720031738,8.592897415161133
139,NUDC,"NUDC, ATP5F1D, TRPT1, COQ7, NRBF2",0.0005500021568712034,4.7008233070373535,1,0,-0.0643036738038063,12.333696365356445
140,PAXX,"PAXX, CLNS1A, SSNA1, APEX1, ECHS1",5.686296809007094e-05,2.2022294998168945,11,1,1.0826168060302734,13.024375915527344
141,MIGA1,"MIGA1, KLHDC2, VPS45, CRY1, NPIPB5",0.006869634782881501,7.205193519592285,1,9,1.7797340154647827,10.525533676147461
142,XRCC2,"XRCC2, DPP3, KMT5A, LAPTM4B, RACGAP1",0.0001245102921972243,2.6771607398986816,2,6,1.3036020994186401,14.033658027648926
143,PIP4K2A,"PIP4K2A, RABAC1, REV3L, UXT, GPATCH8",0.05188059561017886,12.869030952453613,1,3,1.1754778623580933,13.902322769165039
144,HSDL2,"HSDL2, SLC6A6, SMAD4, PIGH, MRFAP1L1",0.01737163675151667,5.529016494750977,5,5,3.707313060760498,9.942797660827637
145,WEE1,"WEE1, BLOC1S6, KPNA1, KPNA4, NR1D2",0.0010539257016694184,3.20487904548645,31,9,0.07325290888547897,12.887486457824707
146,RBL2,"RBL2, IER3, KANSL1, CNP, RSAD1",0.02038831524829509,8.040651321411133,0,1,0.2804872691631317,10.262951850891113
147,PRDX3,"PRDX3, CDC20, PPM1G, CHD1, ZFR",0.005509825528727564,6.482275485992432,8,4,3.8237640857696533,11.046019554138184
148,KIFC1,"KIFC1, NOP2, SMAD4, ENTPD4, FAM161A",0.0008392189773293229,2.6624112129211426,0,6,2.55218768119812,9.498364448547363
149,CD63,"CD63, DDX24, GAPDH, TMA7, MT-ND4L",0.002825501276475594,4.06998348236084,0,4,3.428879976272583,11.809990882873535
150,HSDL2,"HSDL2, PWP1, RALBP1, MRPS18C, RPAIN",0.000744120565178687,3.0619750022888184,0,0,1.7606077194213867,12.430843353271484
151,SNX4,"SNX4, DLD, NPRL2, ASB8, DHX29",0.014257899050584511,13.626974105834961,2,3,-3.160236358642578,11.682366371154785
152,PNPLA8,"PNPLA8, EEF1E1, DCTPP1, MIS12, STX12",0.005291197220381257,12.982619285583496,0,3,-3.343637228012085,11.03687572479248
153,UPF3A,"UPF3A, SCAF11, TTF2, MAPKAPK5, ENO1",6.960811611025925e-05,2.5350494384765625,3,3,0.9074652194976807,13.839713096618652
154,UBE2W,"UBE2W, NXF1, PNPO, YBX3, CFAP20",0.004309820822826756,5.890795707702637,0,0,1.3688775300979614,10.920793533325195
155,RPN2,"RPN2, RNF181, GADD45A, CMTM6, TMED4",2.2549108035717786e-05,1.8043274879455566,12,3,-1.3041903972625732,13.647189140319824
156,ATF1,"ATF1, TSPAN17, XPNPEP3, GOT1, ABCF3",0.008292189381134829,12.147506713867188,0,1,-2.923837900161743,10.86148738861084
157,BTRC,"BTRC, AP2S1, RABGEF1, BTG3, TKT",0.13434954646880967,12.484766960144043,2,6,0.05193532258272171,12.751526832580566
158,BAG6,"BAG6, HSD17B11, SNX4, TAX1BP1, FBXO7",3.4313860054353156e-05,2.258594512939453,12,6,-0.8432542085647583,13.269366264343262
159,ARHGEF2,"ARHGEF2, KDM4B, VPS50, PRKAR1A, BIRC2",0.025963827309126702,7.976889610290527,0,9,2.689249277114868,9.749855041503906
160,CAPZB,"CAPZB, OST4, ANLN, MICAL3, SETD9",0.01266377515205942,12.781989097595215,7,3,0.02878745086491108,11.32181167602539
161,VPS4B,"VPS4B, KDM4B, ERG28, MMS19, ZNF33A",0.010310824748332347,9.240283012390137,2,3,-3.298780679702759,12.050607681274414
162,COMMD9,"COMMD9, YY1AP1, DPM3, RANBP9, FAM210B",0.00325001274514802,3.7388510704040527,0,0,1.7443227767944336,14.215899467468262
163,RBM22,"RBM22, TMA7, TSC22D1, NELFE, MPLKIP",0.0029598155286883476,5.919580459594727,3,9,1.900070071220398,13.048017501831055
164,RASA2,"RASA2, GATAD2A, DIS3L, EEFSEC, TMEM167B",1.6666732026400104e-05,2.1700146198272705,0,1,-0.21919457614421844,12.314592361450195
165,GFM1,"GFM1, SBF1, STX10, PAPOLA, SNRPG",0.0036804065898297642,10.722268104553223,11,3,-3.10437273979187,10.128287315368652
166,ORMDL1,"ORMDL1, TMEM161B, GAPVD1, DEXI, ESD",0.016374574017937325,11.891066551208496,0,5,3.4383785724639893,9.591569900512695
167,POLR2F,"POLR2F, PDCD5, VPS29, GTF2A2, CKS1B",0.006232377381872086,6.538204669952393,3,4,4.429297924041748,11.143709182739258
168,PTEN,"PTEN, ZFAND6, KAT6A, UBE4B, PIAS1",0.014212800834513076,15.631053924560547,15,3,2.283330202102661,13.164860725402832
169,ABR,"ABR, MED7, CALM2, SPIN1, RABGGTA",0.01034906019239291,7.82814884185791,0,1,0.07030680775642395,10.44843864440918
170,HECTD4,"HECTD4, STXBP5, ANAPC16, TRAPPC1, SAP18",0.012326518927525206,14.322325706481934,8,1,-0.496053546667099,11.359932899475098
171,FAM98B,"FAM98B, RANBP2, TRAPPC11, PMS1, FMR1",0.005635316216926341,5.362425327301025,12,4,0.8931716680526733,10.220870971679688
172,TMEM50A,"TMEM50A, TMBIM4, LAPTM4B, BOD1L1, GABPB1",0.0014774567743402916,5.157467365264893,8,3,-0.21573196351528168,12.49663257598877
173,PARG,"PARG, SMAD5, DDA1, AZI2, HUWE1",0.0014470644982921502,3.339951992034912,2,9,0.5168370604515076,12.253241539001465
174,KLF3,"KLF3, STAT1, UBXN6, FBXL15, GLT8D1",0.0001539221722438127,2.8125834465026855,0,3,1.3003968000411987,14.479835510253906
175,UBE2N,"UBE2N, CORO1B, OGA, ACSL3, MAGI3",0.00010392197616461241,2.8580620288848877,1,6,0.5576421022415161,12.51684856414795
176,PLPBP,"PLPBP, ZDHHC4, PUS3, SLC39A1, GLOD4",0.013935348766073592,15.088139533996582,0,3,-2.939314842224121,10.78915023803711
177,FANCA,"FANCA, METTL2B, INTS1, DCUN1D5, STUB1",1.078435601708242e-05,1.8490060567855835,4,5,2.9499518871307373,9.492536544799805
178,IQCB1,"IQCB1, PCM1, PGAM1, GAK, GK5",0.0006627476970497923,4.027318477630615,0,0,0.03978545218706131,12.176143646240234
179,ELAC2,"ELAC2, WRAP53, SNAP47, GSTCD, NF2",0.0050127647559402196,6.430030822753906,0,3,-2.960411787033081,11.958576202392578
180,SAYSD1,"SAYSD1, METTL3, ZNF574, SGSM3, TAF9B",0.012518676543829583,6.449467658996582,0,1,0.39341670274734497,10.245412826538086
181,PPP6R1,"PPP6R1, NDUFA2, PDAP1, CYSTM1, ZFYVE16",0.004421585967003793,11.890386581420898,5,3,-3.26877498626709,12.052281379699707
182,PEA15,"PEA15, FAM120A, AGFG1, SHOC2, NUDT4",0.00807356107278852,9.281847953796387,3,8,-0.33466166257858276,9.489930152893066
183,ZNF3,"ZNF3, ROCK2, DLST, TP53I13, VPS28",0.0048686465437119365,6.602985382080078,13,1,1.030624508857727,10.576325416564941
184,RAB5IF,"RAB5IF, PRDM2, MORC2, METTL26, PSMA5",0.00016666732026400104,3.5093867778778076,5,8,0.851606011390686,12.168667793273926
185,SMS,"SMS, PSMD4, NVL, PPP6R2, BAG1",0.002883344640567218,7.078666687011719,4,4,3.948023557662964,11.737811088562012
186,MAP3K2,"MAP3K2, CMPK1, XPO1, CREBBP, IFI35",0.0009578468935172294,3.3141608238220215,6,1,0.9793077707290649,11.925647735595703
187,CCZ1,"CCZ1, PPP1R9B, RIPK1, MAU2, SC5D",0.009151996674496763,5.388163089752197,0,9,2.529109477996826,10.168066024780273
188,SLC38A2,"SLC38A2, LRRC42, TBC1D23, CCDC85B, GTPBP1",0.012440244863705348,5.0692033767700195,0,6,0.19261668622493744,11.955243110656738
189,C6ORF89,"C6ORF89, EEF1AKMT1, NFU1, CLPTM1, DGUOK",0.007458852779814823,6.176637649536133,1,5,3.595460891723633,9.844422340393066
190,HSD17B12,"HSD17B12, DENND4C, SLC25A37, CYB5R3, ARPC2",0.00015098098423915388,3.9975476264953613,0,1,0.30016031861305237,12.156439781188965
191,HSD17B12,"HSD17B12, RER1, MRPL40, TRAM1, MID1IP1",0.0026500103921976163,3.502901077270508,13,9,1.9515681266784668,13.45030689239502
192,SPPL2A,"SPPL2A, VPS54, HSD17B4, EHD4, TAF3",0.00433433072286558,5.275461673736572,0,9,1.5980093479156494,10.85344409942627
193,CMTM6,"CMTM6, BUD31, CNPY3, PPP1R2, EIF3L",0.007354930803650211,6.630634784698486,1,0,-0.013621445745229721,10.04747200012207
194,KATNB1,"KATNB1, POP5, KIF20B, BMI1, EMC2",1.9607920031058947e-05,1.830974817276001,7,9,3.1675126552581787,11.114582061767578
195,ATP6V0C,"ATP6V0C, MLLT11, UBE3C, DNAJB14, HSD17B11",0.009838273875583826,5.959728717803955,1,0,2.1390380859375,11.4462308883667
196,SRP14,"SRP14, SSR4, RPS21, RPL37A, RPL38",4.901980007764736e-05,2.312201499938965,0,8,0.8979673385620117,14.401491165161133
197,ZBED1,"ZBED1, RNF4, GANAB, ICE2, SLC35E1",0.008946113514170644,14.32992172241211,1,6,-2.50750470161438,12.033108711242676
198,KLC1,"KLC1, SHC1, ZBED5, CLK3, FBXL4",0.010503962760638277,5.459636688232422,2,0,0.10775846242904663,10.0875883102417
199,PRR14L,"PRR14L, PWP1, AKT1, RBM15B, DLGAP5",0.006363750446080181,6.227890968322754,127,5,3.9823098182678223,9.64256477355957
200,TRIM27,"TRIM27, TUG1, SOX12, C17ORF75, GCN1",0.003253934329154232,21.20146369934082,3,7,-0.4260246455669403,11.267926216125488
201,NDUFB2,"NDUFB2, ERV3-1, RBPJ, IRAK4, DIP2A",0.02278048149208428,6.366323471069336,3,9,1.350053310394287,12.177230834960938
202,WASHC5,"WASHC5, RANBP3, DENND6A, KCTD5, FLOT2",0.0001823536562888482,2.632852792739868,3,6,0.4363921880722046,13.70375919342041
203,ERCC6L2,"ERCC6L2, PCIF1, RFX1, PEA15, IRF3",0.011021611849458234,7.227046012878418,0,9,1.2836993932724,10.16955852508545
204,NKTR,"NKTR, MEF2A, ABRACL, ESCO1, EXOSC2",0.007004929431095808,12.06860065460205,0,3,-1.0336238145828247,10.392126083374023
205,ERP44,"ERP44, KCTD10, DDX54, GTF2H3, EXOSC9",0.00985592100361178,9.837713241577148,7,6,-1.9818838834762573,11.852505683898926
206,NELFA,"NELFA, ASCC2, SPRTN, ARMC10, TBC1D10B",0.003442170361452398,6.751046180725098,0,1,1.7881102561950684,13.116196632385254
207,SPEN,"SPEN, RANBP2, DGKZ, RAB14, UBE2N",0.0036735438178188934,4.282325744628906,26,5,3.8597426414489746,10.259560585021973
208,MYO9B,"MYO9B, USP3, PPP6R3, CAPZA2, GCC2",0.0420472237146028,7.732737064361572,1,9,2.216750383377075,13.806379318237305
209,NCBP2AS2,"NCBP2AS2, NDUFS3, ASXL1, PSMD9, RAB4A",8.92160361413182e-05,2.1541688442230225,9,4,3.3251559734344482,11.195012092590332
210,VAC14,"VAC14, CDCA2, FAAP100, LIAS, CPSF1",0.01117357322969894,6.803689002990723,0,3,-2.933988332748413,11.481424331665039
211,RBM39,"RBM39, TMEM258, PPDPF, ATP5MF, MYL12A",8.725524413821231e-05,2.900136947631836,0,6,-1.8781450986862183,12.188567161560059
212,FASTKD5,"FASTKD5, PITPNA, RAP2A, OTUD4, ZNF346",0.022884403468248896,9.211576461791992,0,1,-2.2053942680358887,10.946945190429688
213,DENND4C,"DENND4C, RICTOR, TTC33, SPOUT1, THG1L",0.019916744771548124,7.396366119384766,0,1,0.7359610199928284,10.067634582519531
214,MAN1A1,"MAN1A1, CREM, RFX7, MICU1, GCC2",0.008285326609123957,13.019562721252441,20,0,-0.4884282648563385,11.622726440429688
215,SMARCA4,"SMARCA4, SUMO1, MGAT5, DNAJB6, LAMTOR1",0.011351024905980023,9.00581169128418,3,4,4.548740863800049,11.228621482849121
216,FLOT1,"FLOT1, RABGGTB, EMC3, AHCTF1, ZNF24",0.0003215698885093667,2.169442653656006,6,4,-0.2165759801864624,14.219083786010742
217,ZNHIT6,"ZNHIT6, MRPS27, MED17, MRPL58, EIF2B4",0.004952960599845489,6.349671363830566,1,6,-2.8021082878112793,12.129331588745117
218,UBR3,"UBR3, RNF7, HIGD2A, BTRC, SSBP1",0.006820614982803854,6.717330455780029,0,8,0.7142256498336792,10.060948371887207
219,POLR2I,"POLR2I, MTPN, VASP, AFF1, WAC",0.008416699673332053,11.198482513427734,3,0,-1.5278093814849854,12.22021484375
220,MED30,"MED30, SACS, COPB1, KIF20B, LUC7L",9.11768281444241e-05,2.997368097305298,31,1,0.6521222591400146,12.203010559082031
221,NMT2,"NMT2, SS18, TRAPPC12, FUT8, NR2C2",0.0064059074741469576,5.961501121520996,0,0,1.7358232736587524,10.777750015258789
222,MOB1B,"MOB1B, CHD4, TMEM203, WDR46, SUDS3",4.4117820069882625e-05,2.27665376663208,1,5,1.890886902809143,12.507706642150879
223,PPM1F,"PPM1F, MRPS10, KIF2A, LBR, NUBP2",1.7647128027953052e-05,2.2908596992492676,40,9,1.9160863161087036,13.662276268005371
224,SOAT1,"SOAT1, GPR108, DTD1, TBC1D15, RPS6KB2",0.00011470633218169483,2.8708267211914062,8,3,1.210078239440918,14.655984878540039
225,NDUFB6,"NDUFB6, RBBP4, SDHB, COQ3, STK24",2.7451088043482524e-05,2.0753417015075684,33,9,0.39352113008499146,11.920343399047852
226,RAB11A,"RAB11A, SEC62, PTBP2, SOD1, ANKRD36C",0.006967674383036796,11.022586822509766,3,6,-0.550665557384491,10.216416358947754
227,DAZAP1,"DAZAP1, C1GALT1, TPGS2, LLPH, BCL2L13",0.00013529464821430672,2.6934945583343506,7,0,1.2734436988830566,13.365510940551758
228,COX4I1,"COX4I1, EMP3, RPL36A, PNRC1, MT-ND3",0.000986278377562265,14.020149230957031,0,8,-0.09174279123544693,8.771955490112305
229,ANP32A,"ANP32A, ELOC, USP47, MAF1, REST",6.960811611025925e-05,2.7586934566497803,10,3,-0.7871561646461487,12.440330505371094
230,MGAT4B,"MGAT4B, IFI27L1, TMX4, ALMS1, SETD9",0.016757908854544527,11.687565803527832,2,3,-3.437674045562744,10.971693992614746
231,GCC2,"GCC2, MGST3, STXBP5, PJA2, PIM3",0.00655982964639077,10.170395851135254,14,0,0.5051121711730957,11.326098442077637
232,PAICS,"PAICS, CNOT1, SMURF2, POLK, SP3",0.008134345624884803,9.880562782287598,22,3,-0.05275101587176323,9.628976821899414
233,PDK1,"PDK1, RFX5, RNF146, ZNF143, TMA16",0.005571590476825399,7.312310695648193,0,1,0.6692537069320679,9.951057434082031
234,CHERP,"CHERP, TECR, HEXD, STMP1, EXOG",0.003888250542158989,6.992758274078369,0,6,0.16950646042823792,10.285468101501465
235,OCEL1,"OCEL1, WDR77, WBP1L, CDK2AP2, BPTF",0.0005745120569100272,3.851985454559326,5,3,1.4802281856536865,14.202095985412598
236,WDR1,"WDR1, KRI1, MORF4L1, ANKS1A, SELENOK",0.006304926685987004,5.708094120025635,2,4,2.4098780155181885,11.675827026367188
237,ZNF280D,"ZNF280D, PCMTD1, PDE7A, PPM1K, TENT2",0.012516715751826477,9.869255065917969,0,6,-0.5579184293746948,11.532989501953125
238,RPS27L,"RPS27L, SENP1, RBM3, CCDC117, TMEM258",0.011600045490374472,13.42672348022461,0,1,-0.6423368453979492,10.857446670532227
239,WDHD1,"WDHD1, MON1A, AARS2, PGAM5, POLR3G",0.0038755053941388006,7.14484167098999,1,0,2.3258347511291504,11.162964820861816
240,TPR,"TPR, VASP, SELENOS, UBE2F, AFF1",0.004396095670963416,9.677559852600098,6,0,-1.3755271434783936,10.769685745239258
241,SERBP1,"SERBP1, SPG11, ATP6V0E1, OAZ1, NDUFB8",0.00432452676285005,9.55471420288086,1,6,-0.8427735567092896,10.329005241394043
242,PHC3,"PHC3, TUT4, RBM6, HERC4, MTCH1",6.862772010870631e-05,2.151111125946045,12,3,0.13550414144992828,13.831840515136719
243,DYM,"DYM, GABARAP, ZNFX1, GATAD2B, PPP1CB",0.01039219761646124,8.98923397064209,1,0,-0.877731204032898,11.191423416137695
244,BZW1,"BZW1, ATRN, NIPBL, TAX1BP1, NEK1",0.0008068659092780756,3.095872163772583,35,1,2.4483602046966553,11.647866249084473
245,RPP25L,"RPP25L, MRPL50, MTMR6, PRRC2A, IFT52",0.012097106263161817,13.35848617553711,0,1,-2.416990280151367,12.34878158569336
246,MRPL52,"MRPL52, ECH1, COMMD9, NPTN, COX14",0.005519629488743093,10.799954414367676,0,3,-1.1874327659606934,11.335904121398926
247,ABCF2,"ABCF2, SIKE1, CCDC90B, DBN1, MCM4",0.012540245255863749,12.921058654785156,6,6,-2.297130584716797,12.043317794799805
248,DDX23,"DDX23, COPS4, GFER, TMEM109, DCUN1D5",5.294138408385915e-05,2.2914371490478516,10,9,0.004824732895940542,13.220480918884277
249,AGO3,"AGO3, KIF2A, B3GALNT2, GSTCD, CSTF2",1.5686336024847157e-05,2.546294689178467,0,3,-0.11412558704614639,14.183427810668945
250,SF3A3,"SF3A3, GSPT1, FAM136A, WDR43, DCAF13",0.0049480586198377245,7.407641887664795,15,5,4.121023178100586,9.933382034301758
251,LANCL1,"LANCL1, PDLIM2, PDE7A, ESYT2, TRIM56",0.028607955325315,7.945312023162842,1,9,1.3488173484802246,14.217686653137207
252,CCDC117,"CCDC117, AHCTF1, MFSD8, DTYMK, MOB4",8.529445213510641e-05,2.412653923034668,5,1,0.28758615255355835,11.898865699768066
253,SNRNP48,"SNRNP48, KLHL18, INIP, CPSF3, RESF1",0.00223530288354072,3.8673222064971924,0,6,-0.2882290482521057,13.343907356262207
254,BLCAP,"BLCAP, CRYZL1, RSBN1L, ATG5, CDYL",0.002233342091537614,8.419240951538086,2,5,3.7869677543640137,8.887086868286133
255,TMED8,"TMED8, MRNIP, STAM2, ELP3, SINHCAF",0.012501029415801631,7.888246536254883,0,0,2.358182430267334,10.517939567565918
256,BCL2L13,"BCL2L13, MGAT4B, USO1, IFI27L1, CHID1",0.004110800434511508,8.981375694274902,14,3,-3.5109035968780518,11.132194519042969
257,TWF1,"TWF1, MRPL45, EIF2B3, ERCC6L2, NT5C",0.008111796516849085,12.564898490905762,1,6,-2.315398693084717,12.56482982635498
258,NDUFB1,"NDUFB1, MRPS18A, FPGS, ZNF91, ZC3H15",0.005503943152718246,9.739975929260254,8,3,-3.1056556701660156,11.359746932983398
259,N4BP2,"N4BP2, BCAT1, PSMD10, CORO1C, UBA5",0.00850591570947337,8.910226821899414,0,1,-2.1721363067626953,10.741297721862793
260,ITSN2,"ITSN2, ELOB, MRPL33, NSD3, POLR2J",0.001154906489829372,3.9154117107391357,7,6,0.9196629524230957,14.611544609069824
261,<SPECIAL>,"<SPECIAL>, HMGCS1, SRM, ZMYND19, TFRC",0.000985297981560712,71.29701232910156,24,2,2.1329050064086914,13.172148704528809
262,MIS18BP1,"MIS18BP1, NKAP, ANKHD1, SLC25A5, JUND",3.235306805124726e-05,2.33860445022583,2,8,-2.0118415355682373,11.374704360961914
263,DCPS,"DCPS, SART3, GNL1, ARNT, DERL1",7.352970011647104e-05,2.7728350162506104,4,3,1.3855748176574707,13.420385360717773
264,THRAP3,"THRAP3, RAP1B, EIF3A, FANCL, SEC14L1",0.000149020192236048,2.6606059074401855,2,0,0.27121973037719727,13.778510093688965
265,HDAC7,"HDAC7, ATG4C, KPNA5, USE1, ABCC4",0.02310499256859831,7.627823352813721,0,0,2.8518223762512207,9.932229042053223
266,ASAP1,"ASAP1, SEC62, EHBP1, BIRC6, EIF3G",0.0022039302114910254,13.597016334533691,2,8,0.0277231615036726,9.12136459350586
267,NMT2,"NMT2, PPM1A, TRAPPC12, FERMT2, NCOA3",0.012034360919062428,5.645442485809326,2,0,1.8495352268218994,10.174593925476074
268,MICOS10,"MICOS10, ANKRD28, CCNG1, CDKN2AIP, TRMT112",0.001224514605939631,3.843472719192505,7,9,1.7649973630905151,13.798089981079102
269,UAP1,"UAP1, RAD1, TRAF3IP1, HNRNPM, TMEM161B",2.156871203416484e-05,2.0372323989868164,0,3,1.043640375137329,9.94020938873291
270,BTBD7,"BTBD7, PHKB, SNX13, HMG20B, SLC25A16",0.006651986870536747,5.766263961791992,0,1,1.8291183710098267,10.259068489074707
271,STAT3,"STAT3, R3HDM1, RITA1, MRPL51, BUB1B",0.006690222314597312,14.513900756835938,4,6,0.09162063151597977,13.546921730041504
272,UBA1,"UBA1, CLK4, SLC2A4RG, SEC23A, PRH1",0.0035627590696434104,5.9076361656188965,8,9,1.7129756212234497,10.558504104614258
273,LSM12,"LSM12, WDR70, C4ORF3, INTS11, KMT2C",0.007029439331134632,12.908696174621582,2,0,-0.8334777355194092,11.682852745056152
274,NDUFA12,"NDUFA12, KBTBD2, SERINC1, KATNAL1, FEM1A",0.0002578441484084251,2.9196643829345703,1,0,0.8427796363830566,12.743438720703125
275,TAF15,"TAF15, NOSIP, TMEM230, CCT4, VCP",0.0018500072549304115,6.694998264312744,10,8,0.39077427983283997,10.615412712097168
276,KANSL1,"KANSL1, COX6B1, ADO, NUP35, C12ORF4",0.009657881011298084,12.434100151062012,24,3,-1.035829782485962,10.626701354980469
277,CD151,"CD151, VPS37B, PKN2, TLK1, PIP5K1C",0.005180412472205773,5.505644798278809,8,4,1.1634689569473267,10.574710845947266
278,ANAPC11,"ANAPC11, EIF2B2, CIC, GSTK1, RSF1",0.004853940603688642,4.55500602722168,0,6,-0.4721553921699524,13.599322319030762
279,PTDSS1,"PTDSS1, OIP5, CLN8, SUPT6H, EED",7.549049211957694e-05,1.9942339658737183,3,0,2.8543920516967773,10.1614990234375
280,DIP2A,"DIP2A, PDXDC1, UBL3, CTDSP1, MZT2B",0.0028186385044647235,4.960285186767578,8,4,2.4191298484802246,12.018434524536133
281,EXOSC9,"EXOSC9, CDC16, PLEKHA3, NAE1, CSTF1",2.941188004658842e-05,1.87735915184021,49,3,3.8418073654174805,9.398550987243652
282,CHD8,"CHD8, OBI1, TMEM208, MTPN, ZNF281",0.0011382397578029717,17.350492477416992,6,7,4.215325355529785,8.918129920959473
283,VAMP7,"VAMP7, AKT1, MRFAP1L1, E2F3, DCAF13",0.010044157035909945,8.722740173339844,7,3,-2.841708183288574,10.452978134155273
284,RELCH,"RELCH, NUP214, NAXE, ZFAND2A, PTPN11",3.7255048059012e-05,2.686807632446289,7,6,-0.3865186274051666,13.214201927185059
285,FCF1,"FCF1, ICE1, EXOSC6, LZIC, UBE2D1",0.00922454597861168,10.33044147491455,26,6,-2.801271915435791,12.273097038269043
286,ARF6,"ARF6, VPS29, NSF, ARL3, NSUN3",0.008511798085482688,12.887290000915527,9,6,-0.9377722144126892,10.957531929016113
287,NFKBIB,"NFKBIB, RAF1, PGP, RBMX2, KATNA1",0.0004392174086957204,2.6290464401245117,8,1,1.5041697025299072,11.712449073791504
288,CSTB,"CSTB, AIP, SEPTIN6, PDLIM2, RUFY3",0.0034284448174306567,5.328843116760254,5,4,1.2633497714996338,14.2079496383667
289,AAK1,"AAK1, TRMT112, COMMD6, ZBTB7A, NSD3",4.4117820069882625e-05,2.3665616512298584,21,8,-0.5349985361099243,13.435004234313965
290,TIMM8A,"TIMM8A, ZNF37A, ZMYND19, DTL, DDX31",0.003477464617508304,5.08496618270874,0,5,2.556424617767334,9.260486602783203
291,ZPR1,"ZPR1, PAQR4, NFX1, OSER1, B4GALT7",0.01892360362197499,6.802209377288818,3,6,-0.18458405137062073,13.798604011535645
292,CLN8,"CLN8, RCAN1, ITPRID2, PIN1, MRPL1",0.007270616747516657,8.638155937194824,0,0,-1.2976245880126953,11.119439125061035
293,CKLF,"CKLF, CTDSPL2, NUDT16L1, IMMT, THOC3",5.1960988082306205e-05,2.0311806201934814,1,0,1.7492663860321045,14.175667762756348
294,TTI1,"TTI1, RBPJ, TBC1D23, BRCA2, RNASEH2C",0.00034117780854042566,2.16548490524292,22,5,3.309033155441284,10.346649169921875
295,PPM1A,"PPM1A, PARN, PIGC, ALKBH5, PCMTD2",0.004561782595225864,6.676543712615967,5,0,1.9438087940216064,10.800622940063477
296,ASAH1,"ASAH1, UFC1, HP1BP3, CHD7, ARL2",6.666692810560042e-05,2.3341546058654785,2,1,-0.28266263008117676,12.027573585510254
297,SAMD1,"SAMD1, ASPSCR1, CHD4, NOP58, DDIT3",0.00330981690124275,10.753189086914062,8,1,-2.091257333755493,10.316231727600098
298,TBCC,"TBCC, SMC5, ZNF638, COX19, RNF216",7.058851211181221e-05,2.8453595638275146,4,3,0.07241472601890564,11.968003273010254
299,UBA2,"UBA2, FBRSL1, SPCS2, DHFR, UCK1",0.007827481676398731,8.535734176635742,1,4,4.011944770812988,10.915457725524902
300,MYBL2,"MYBL2, PRRC2C, PRMT3, CDKN2AIPNL, DGUOK",0.0026274612841618986,5.120537757873535,1,6,1.4735156297683716,12.547379493713379
301,STK19,"STK19, C18ORF21, ANKRD52, ERCC3, NADK",0.018367719089094466,9.620347023010254,0,5,3.8504295349121094,9.329777717590332
302,LAGE3,"LAGE3, TP53I13, USP1, EXOSC8, AURKB",0.003048051168828113,4.620719909667969,3,9,1.620893120765686,13.49216079711914
303,TNFAIP8L1,"TNFAIP8L1, PDCD7, LYRM2, MSL1, TRIM37",0.00011372593618014189,2.3395469188690186,3,0,-0.9339165687561035,12.776740074157715
304,NRBF2,"NRBF2, PNKP, ZC3H8, RPP21, MMS22L",0.0013137306420809493,2.5443124771118164,2,5,3.810997486114502,10.03589153289795
305,SCOC,"SCOC, KXD1, NDFIP2, PIGU, CNOT2",0.010181412476127357,12.906752586364746,0,3,-3.6364595890045166,11.08614444732666
306,RBM3,"RBM3, PPIB, UQCRB, FBXL4, NQO2",0.005925513433386013,10.5178804397583,0,0,-1.9505032300949097,10.888986587524414
307,TMEM14A,"TMEM14A, KDM5A, MCRS1, PPP2R1B, BCL2L13",2.6470692041929576e-05,1.8126033544540405,5,3,0.25677070021629333,13.901673316955566
308,RABAC1,"RABAC1, CREBBP, SUCO, NUDT22, PFKP",0.011320632629931882,9.039694786071777,13,8,0.9898120760917664,10.261444091796875
309,ASF1B,"ASF1B, DYNLL1, VPS28, EIF5B, NANS",3.333346405280021e-05,1.672094464302063,2,4,4.115450859069824,10.475569725036621
310,ITSN2,"ITSN2, NABP1, IER5, ATP6AP2, KTN1",0.00624708332189538,8.174005508422852,3,6,-2.3882172107696533,12.014850616455078
311,RPL36,"RPL36, IMMP2L, CD99, GPX4, RPS20",0.0006745124490684277,4.621310710906982,0,8,3.288658618927002,11.768067359924316
312,TFB2M,"TFB2M, TIMM29, IWS1, CHD1, WASHC2C",0.005766689281134436,8.279938697814941,2,3,-3.423720359802246,10.690228462219238
313,LSG1,"LSG1, FAM120AOS, ANGEL2, MARK4, TTC27",0.00882160322197342,8.44666862487793,0,1,-2.8165085315704346,10.727221488952637
314,TBCD,"TBCD, LGMN, MIGA1, RNF139, JMJD6",0.009901999615684767,8.743653297424316,3,0,-0.021914083510637283,10.05692195892334
315,ATP5PO,"ATP5PO, DSTN, NUCB1, NDUFA1, ELOB",5.784336409162389e-05,3.1148836612701416,10,8,0.5353401303291321,13.174312591552734
316,ERVK3-1,"ERVK3-1, MPI, CDK5RAP1, NUP160, GTPBP4",3.627465205745905e-05,2.0649969577789307,0,6,-0.4836605191230774,13.319913864135742
317,ABHD5,"ABHD5, RNF170, DVL1, TRUB1, INTS5",0.007518656935909552,12.00950813293457,4,5,4.123939514160156,9.354849815368652
318,COPS2,"COPS2, MRPL36, MPHOSPH10, AVEN, TRIM27",0.003165698689014467,23.30263328552246,2,7,-0.3074895143508911,9.740224838256836
319,MRPL10,"MRPL10, SLU7, ISCA1, TAF1, URM1",0.013822603225895003,9.718209266662598,6,1,-2.2033920288085938,10.479697227478027
320,MBOAT7,"MBOAT7, ALG14, DDX19A, OSGIN2, ATG13",0.014468684190918396,10.376662254333496,3,1,-2.0598440170288086,10.762262344360352
321,SMDT1,"SMDT1, AGPAT2, IQGAP1, DVL2, RELA",0.029137369166153594,8.250484466552734,1,6,-1.201214075088501,13.807668685913086
322,ELOA,"ELOA, NFIC, KDM6B, SSBP3, BAG1",0.004020604002368637,7.528110027313232,1,1,-0.38905832171440125,12.201973915100098
323,STAM,"STAM, CLPP, C11ORF54, DEF8, MRPL46",0.00010294158016305947,2.2698793411254883,4,3,-0.7919530272483826,12.537271499633789
324,NFKBIB,"NFKBIB, NUP54, TUBGCP2, CZIB, NFS1",2.3529504037270734e-05,2.128465175628662,3,5,0.9362449645996094,11.586291313171387
325,ARPC2,"ARPC2, BIRC5, WASHC4, PSMA7, UQCR11",0.00014019662822207146,2.7763731479644775,9,3,1.4645370244979858,14.41988754272461
326,PSAT1,"PSAT1, RNF10, BSDC1, CHORDC1, NFATC3",0.0013637308381601496,3.8317790031433105,37,4,2.4181745052337646,11.156193733215332
327,PRXL2A,"PRXL2A, NECAP2, HMBOX1, TTC19, STX8",0.007975521472633225,5.893902778625488,0,4,-1.160573959350586,12.799697875976562
328,EIF2D,"EIF2D, NCAPG2, FBXO45, AARSD1, UBE2L3",1.078435601708242e-05,2.848888874053955,0,7,4.3257880210876465,8.951338768005371
329,ZNF507,"ZNF507, NAPG, TPM4, P4HB, PSMB3",0.009424546762928481,9.961371421813965,1,3,0.6067752242088318,13.97846508026123
330,CCNY,"CCNY, EZR, MASTL, MIF, ARL2BP",0.0034902097655284924,10.752464294433594,0,3,-0.726125180721283,11.664789199829102
331,CTPS1,"CTPS1, MED1, GNPDA2, BAG2, DGCR8",0.004125506374534802,12.564857482910156,7,5,3.818531036376953,9.136994361877441
332,MYL6B,"MYL6B, UTP4, RMND1, TMA16, SHMT2",2.2549108035717786e-05,1.868210792541504,30,9,1.4441877603530884,13.54130744934082
333,TUBB,"TUBB, CHMP4B, CYB561A3, EIF1B, TRABD",1.470594002329421e-05,2.2196829319000244,2,3,1.1390234231948853,14.12549877166748
334,LUC7L2,"LUC7L2, ARHGAP5, MAP3K2, MANF, EWSR1",0.017777520696159593,6.381735801696777,10,4,4.076718330383301,11.62790584564209
335,ZC3H15,"ZC3H15, PGK1, RALY, LAMTOR5, PPIE",7.25493041149181e-05,2.47438645362854,9,4,-0.033999115228652954,13.685093879699707
336,YDJC,"YDJC, SELENOS, RFT1, POC1A, IGF2BP3",0.0011392201538045247,2.5341100692749023,22,4,2.7224559783935547,12.11467456817627
337,MMGT1,"MMGT1, TSPYL4, NR2C2AP, CUX1, SMAD4",0.014773587347401362,7.400197982788086,1,6,0.2069341093301773,10.378103256225586
338,DKC1,"DKC1, RRP9, REPIN1, SSBP3, HBS1L",0.0014558880623061266,4.5540852546691895,11,6,2.677140712738037,9.984014511108398
339,KIF11,"KIF11, APEH, SLC35D1, ABR, BRAP",0.007705912572206166,9.248318672180176,0,3,-3.261890172958374,11.077668190002441
340,YWHAH,"YWHAH, MYDGF, PPP2R5C, TBCA, OTUB1",0.0017725559708077286,5.289555549621582,2,3,-1.7882511615753174,11.75087833404541
341,GOLGA1,"GOLGA1, DNAJC21, CCNA2, CKAP5, STIP1",2.058831603261189e-05,1.798392415046692,10,5,4.4169697761535645,9.02080249786377
342,ATP6V1E1,"ATP6V1E1, ASB8, ATF7, TRIOBP, UAP1",0.011930438942897815,11.440194129943848,1,3,-3.0034844875335693,11.286798477172852
343,ZBTB24,"ZBTB24, TRIM4, SLC25A38, COMMD9, GALK1",0.0014960842983697976,5.091188430786133,0,3,0.6951442360877991,14.584016799926758
344,TCTN1,"TCTN1, TRAM2, TPRA1, CNOT11, TMEM199",0.015318687524264801,8.24785041809082,0,3,1.0970158576965332,10.139705657958984
345,MRTFB,"MRTFB, RPS19BP1, SUPT3H, HSP90AA1, VPS13B",0.0023284405036882497,6.6926984786987305,0,8,0.49332714080810547,9.860736846923828
346,ARMCX6,"ARMCX6, VAMP3, NSMCE4A, DYNLL2, USP4",0.013887309361997498,7.803287029266357,0,0,0.38533204793930054,10.387319564819336
347,TTC5,"TTC5, EYA3, FLOT2, FKBP14, MLXIP",0.005540217804775705,4.8922600746154785,1,6,0.17456918954849243,14.584630966186523
348,STK4,"STK4, ARHGEF7, TNFAIP8, PSMB10, PAFAH1B1",0.015344177820305178,13.152094841003418,14,3,-0.9150186777114868,11.996891975402832
349,C11ORF58,"C11ORF58, TALDO1, UBE2D3, NUP153, PSMC1",9.019643214287114e-05,2.3959033489227295,11,9,0.18983374536037445,14.688602447509766
350,AP1M1,"AP1M1, HILPDA, B4GALT3, ACTR1A, CKLF",0.00019411840830748357,4.579631805419922,1,0,1.5217646360397339,13.041177749633789
351,DERA,"DERA, GAK, MPC1, SAR1A, CMAS",0.01512162792795266,6.168967247009277,5,5,2.6571457386016846,10.496731758117676
352,PTRHD1,"PTRHD1, DPH3, CWC15, GTF2H5, CRKL",0.0007784344252330401,4.018066883087158,2,3,1.4430432319641113,12.268928527832031
353,ARFRP1,"ARFRP1, CCDC85B, RICTOR, RFX7, USP15",0.00864219075368923,9.108200073242188,0,6,-3.207815408706665,12.026260375976562
354,UFSP2,"UFSP2, SPNS1, FRA10AC1, ORC3, ELL",0.016204965509668667,10.395527839660645,0,6,-2.409778594970703,11.682214736938477
355,ZNF706,"ZNF706, CHMP2A, PPP1CB, BRD4, ERGIC3",0.0009078466974380291,3.6448278427124023,11,0,1.6337909698486328,13.201533317565918
356,CHD1,"CHD1, WASF1, HSPA9, HMGB3, SINHCAF",0.00923434993862721,13.251105308532715,12,3,0.20742657780647278,11.0475492477417
357,PLCXD1,"PLCXD1, AAGAB, ATP6AP1, STXBP3, TAF2",0.00614414174173232,7.74739933013916,1,1,-2.3419432640075684,11.269755363464355
358,MRPL41,"MRPL41, LAMP1, PRPF38B, UBE2D2, MKI67",5.882376009317684e-05,2.7576167583465576,2,8,1.7677971124649048,12.895142555236816
359,LGALS1,"LGALS1, SSR1, GMFB, NUMA1, VTA1",5.294138408385915e-05,1.9642620086669922,3,3,1.1709214448928833,14.544791221618652
360,SLC35E3,"SLC35E3, ZMYND8, ATP11B, DCTN6, NUMA1",0.00029313840446433125,3.0523581504821777,11,3,-0.6248858571052551,10.31711483001709
361,MAP4,"MAP4, BAX, CDC37, FKBP11, NDUFB11",6.176494809783567e-05,3.1671886444091797,5,8,-2.209657669067383,11.867179870605469
362,NUSAP1,"NUSAP1, ALDH16A1, AFG3L2, RHEB, RNF13",0.00451080200314511,8.924027442932129,34,1,-2.006988763809204,11.036707878112793
363,CCS,"CCS, ASPM, HSDL2, TRIAP1, BBS4",0.0016784379546586458,4.3442840576171875,6,6,1.2602089643478394,11.375082015991211
364,GPX4,"GPX4, SLC25A5, ANAPC11, SNU13, TMEM123",0.0006725516570653218,2.8220221996307373,3,4,0.17433170974254608,12.11933422088623
365,SSB,"SSB, CHP1, COX16, XIAP, ASCC2",0.00011372593618014189,2.945403575897217,1,1,0.6326097249984741,13.150127410888672
366,WBP1,"WBP1, DHRS4, SOAT1, GPAA1, FLNA",0.013963780250118627,7.870009422302246,0,0,0.6654337048530579,10.035194396972656
367,MCL1,"MCL1, HPS5, PHRF1, PRKACA, CEP104",0.013132404440801729,9.289351463317871,1,3,0.4021339416503906,10.164783477783203
368,UBE4A,"UBE4A, MFN1, CHCHD3, RHOBTB3, TMEM138",0.00028137365244569585,4.012876033782959,0,1,1.4617245197296143,12.921281814575195
369,RPL34,"RPL34, EEF1A1, RPLP1, RAB6A, MT-CO1",5.000019607920031e-05,2.7995824813842773,0,8,1.518737554550171,12.513897895812988
370,SART3,"SART3, FANCI, MT-ND3, MCM4, EMP3",2.058831603261189e-05,2.246694326400757,4,8,4.428801536560059,9.013272285461426
371,CNOT9,"CNOT9, PET117, CARS2, NFKB1, KLHL36",0.005949042937423284,10.911141395568848,1,3,-3.131648063659668,10.587646484375
372,HERPUD2,"HERPUD2, PRKAR1B, ZNF512, NIPAL3, SIRT6",0.05727375401472163,10.35332202911377,0,3,0.4591585695743561,13.994519233703613
373,ZNF410,"ZNF410, HNRNPUL1, TUBGCP5, N6AMT1, TINF2",0.0011490241138200543,2.990518093109131,6,9,-1.705353021621704,11.82259750366211
374,E2F6,"E2F6, SUCLA2, RUSC1, MZT2A, LBR",0.00010686316416927125,2.2132408618927,0,3,0.9369006752967834,14.645928382873535
375,SMARCC2,"SMARCC2, DOCK7, SRSF7, RCOR3, CSNK1A1",0.0005656884928960505,3.4244446754455566,1,9,0.9229084849357605,14.680583000183105
376,GLE1,"GLE1, RFX5, CDC25A, MYO18A, ISOC1",4.0196236063670835e-05,1.9471482038497925,0,4,-0.4311390519142151,13.063234329223633
377,SLC35B1,"SLC35B1, BLOC1S2, FBXO5, HIKESHI, ZNF507",0.005875513237306813,8.798460960388184,0,3,-2.7844345569610596,11.873347282409668
378,PIK3C3,"PIK3C3, RGS10, KDM5B, DNAJC19, MRPS18C",0.000352942560559061,4.381371974945068,4,3,-0.15575574338436127,13.780874252319336
379,GGPS1,"GGPS1, HDDC3, MXD4, ZC3HC1, TMEM186",0.00018823603229816587,2.1234655380249023,1,1,0.8628010749816895,12.374462127685547
380,DAD1,"DAD1, ANKIB1, GSK3B, EPC1, CBX3",0.0034117780854042564,8.764585494995117,1,6,-2.073392391204834,11.224787712097168
381,EFHC1,"EFHC1, TNFAIP8L1, POC1B, ZMAT3, ABCD4",0.008276503045109981,6.526882648468018,2,1,0.9638106822967529,9.700357437133789
382,PHF14,"PHF14, NSD3, STK4, LAMTOR5, ATP6V1G1",0.002842168008501994,7.914915084838867,30,3,-0.9265207648277283,11.488449096679688
383,BORCS8,"BORCS8, SMG1, HCFC1, QRSL1, EHMT1",0.004890215255746101,8.567566871643066,9,3,-3.413478374481201,11.816104888916016
384,COPB1,"COPB1, JOSD2, MTLN, NUDCD2, CDC25B",0.018127522068713996,6.524767875671387,2,3,0.5823794603347778,14.099583625793457
385,GNL3,"GNL3, UTP11, RUVBL1, CENPJ, ATP6V1F",1.8627524029506e-05,1.838443398475647,8,5,3.163116931915283,10.109051704406738
386,BID,"BID, TIMM8B, ANAPC16, LARP1, PSMC4",3.5294256055906104e-05,2.0192947387695312,3,4,1.3628095388412476,12.284873962402344
387,UIMC1,"UIMC1, CTDSP2, BCLAF1, MRPL20, ZC3H13",0.007256891203494916,6.433369159698486,0,5,3.4726643562316895,9.658406257629395
388,DSTN,"DSTN, MAPK8, PRIM1, DYNC1LI2, CPSF2",0.003852956286103083,5.810630798339844,26,4,1.3885748386383057,11.84051513671875
389,SYF2,"SYF2, PKM, XRCC5, XPO7, CBX6",0.00024411860438668386,1.9962353706359863,0,4,4.292016983032227,11.266268730163574
390,MRPL55,"MRPL55, HMGB1, KIF14, SLC5A6, RFX1",0.0014951039023682446,6.608748435974121,5,9,-1.934885859489441,11.424080848693848
391,R3HDM4,"R3HDM4, TPRA1, STX16, ARFGAP2, PPP2CB",0.015401040788395248,7.309963703155518,0,5,4.034094333648682,9.037216186523438
392,PPP1R11,"PPP1R11, THRA, PARG, MRPL58, NOA1",0.010007882383852485,8.761448860168457,1,3,-3.00732684135437,12.12555980682373
393,ORMDL3,"ORMDL3, NAPA, RAB7A, SSR3, BRCA1",0.00030196196847830775,2.7370316982269287,43,6,0.6860164403915405,14.285656929016113
394,RAD23B,"RAD23B, TNPO1, TMEM208, CNIH4, NDUFA11",0.0003382366205357668,2.104332685470581,11,4,2.8592982292175293,11.883383750915527
395,MED10,"MED10, RAB1B, IP6K1, LACTB, POLA1",0.008979446978223444,5.536972999572754,4,9,2.263672113418579,10.223225593566895
396,RIC8A,"RIC8A, ISCA2, METTL16, CDKN2AIPNL, CSNK1D",0.02529127565206138,6.027059555053711,0,5,3.4512882232666016,10.05527400970459
397,MPC2,"MPC2, RILPL2, CDK6, CDKN2D, FDPS",0.008250032353068051,6.210936546325684,1,1,1.8052438497543335,13.252731323242188
398,TRMT1,"TRMT1, C15ORF40, CAPN7, BAZ1B, KLHDC3",2.2549108035717786e-05,2.069445848464966,0,0,0.6969311237335205,12.18565559387207
399,SLC7A6OS,"SLC7A6OS, C6ORF47, PPP2R1B, CEPT1, MON1B",0.02012458872387735,12.183327674865723,13,6,-3.2150847911834717,12.275218963623047
400,ZBTB41,"ZBTB41, ACAD8, RGP1, CIAO3, CTU1",0.009408860426903635,4.948123455047607,0,1,0.6244317889213562,13.102666854858398
401,EIF5B,"EIF5B, NBEAL1, CMIP, ARPC4, HIF1A",0.0014774567743402916,15.836967468261719,15,8,0.3446598947048187,9.4503812789917
402,PKN2,"PKN2, ELP5, GOSR1, SLAIN2, GOLGB1",0.000167647716265554,4.206363677978516,11,8,-3.1059579849243164,12.218234062194824
403,TM9SF1,"TM9SF1, NUP205, TMEM250, PIP4K2B, AKAP1",0.008216698889015252,6.240327835083008,1,6,-2.178276300430298,12.007637977600098
404,WASHC2A,"WASHC2A, NADK2, NOL11, HSPA4L, NDUFA9",5.5882572088517995e-05,2.1111814975738525,3,9,-0.2652435302734375,12.348694801330566
405,DHRS4,"DHRS4, NT5DC1, MIGA1, DAD1, RIOK3",0.0008980427374224997,4.352058410644531,2,3,-1.3796411752700806,13.407554626464844
406,HINT2,"HINT2, SUMF2, SEPTIN11, DAP, KLHDC10",0.006135318177718344,4.5537638664245605,3,4,3.2116096019744873,9.977609634399414
407,EXOC7,"EXOC7, LANCL1, NAXE, RNF130, RBM6",0.007886305436491908,7.022438049316406,0,0,0.6735280156135559,10.19484806060791
408,MED7,"MED7, G6PC3, ZFPL1, PRMT3, CWC22",0.016943203698838033,14.046296119689941,0,1,-2.068290948867798,10.647054672241211
409,SMARCAD1,"SMARCAD1, TALDO1, CBL, RHOBTB3, SRP9",4.313742406832968e-05,2.1869139671325684,0,3,1.719856858253479,13.883048057556152
410,POLG,"POLG, MCM2, ECD, SAMD1, EDEM1",0.0024039309958078267,5.291947364807129,8,1,-0.9549886584281921,12.63514518737793
411,LSM14A,"LSM14A, STMP1, SEPTIN2, KIF5B, PRKDC",0.00035588374856371983,3.710659980773926,5,8,-1.7788196802139282,10.579916000366211
412,TMEM106B,"TMEM106B, TOE1, SNIP1, KANSL3, NVL",0.00017941246828418936,3.5401785373687744,1,3,-3.058967351913452,11.740544319152832
413,RNF220,"RNF220, COPS6, PPP1CB, QSER1, CHMP2A",0.0005696100769022624,3.5574660301208496,9,6,-2.2075278759002686,12.358675956726074
414,VPS13C,"VPS13C, CD59, WASF2, SMIM10L1, DNAH14",0.001189220349883725,3.970895290374756,2,4,2.7964208126068115,12.495527267456055
415,IFT88,"IFT88, SEC61A1, PRCP, MAD1L1, TMEM107",0.008881407378068149,9.342995643615723,0,0,-0.5033037066459656,9.918183326721191
416,TMED9,"TMED9, LUC7L3, CHP1, BOLA3, NUS1",0.009746116651437849,13.300589561462402,12,3,-0.6431685090065002,11.22616195678711
417,BPTF,"BPTF, TECR, MRPL52, RSF1, YIPF4",0.0005529433448758622,3.089998483657837,3,0,0.48908790946006775,12.573249816894531
418,CSDE1,"CSDE1, PPM1K, BIRC6, ESYT2, ATP2C1",0.002569617920070275,5.432809352874756,7,8,0.6215213537216187,10.161170959472656
419,ZFR,"ZFR, KIAA0232, PRDX3, TGOLN2, ZNFX1",7.549049211957694e-05,2.9274325370788574,4,3,0.31306976079940796,14.528572082519531
420,NAP1L1,"NAP1L1, BTF3, TMED4, CCNDBP1, ELOB",0.0012147106459241017,2.572701930999756,7,4,3.1159281730651855,11.663055419921875
421,TBPL1,"TBPL1, RNF4, NDUFS3, RPL7L1",4.901980007764737e-06,1.6815122365951538,0,0,3.6498987674713135,9.856141090393066
422,MT-ND5,"MT-ND5, RPS11, RPL36AL, RPS3, RPL13A",0.0009215722414597704,18.98600959777832,0,8,-0.05109849572181702,8.790994644165039
423,THAP6,"THAP6, DUSP22, KCTD3, CCDC12, ARID4B",0.008387287793285464,8.345600128173828,0,6,-2.5557308197021484,12.028081893920898
424,MAPK14,"MAPK14, TRIM27, USP1, DTNBP1, DNM1L",0.0072912050635492685,4.232295513153076,4,4,2.377350091934204,11.340971946716309
425,LRCH4,"LRCH4, NMT2, RANGRF, DYNLL2, EMSY",0.007079439527213832,8.009994506835938,0,0,-0.25460541248321533,9.95694637298584
426,CHP1,"CHP1, FUOM, CCDC124, DPCD, TEDC1",0.0005686296809007094,3.1058969497680664,5,3,-0.18786495923995972,12.895134925842285
427,DNAJC7,"DNAJC7, FAM3C, UBAC1, COX7C, RBFOX2",0.020791258004933352,4.090729236602783,41,4,3.167058229446411,11.679943084716797
428,GFPT1,"GFPT1, FANCL, TNPO2, THAP5, BCL7A",0.00044509978470503805,2.9758236408233643,1,3,-0.0018045896431431174,13.876935005187988
429,TRIM44,"TRIM44, ATP13A3, RB1CC1, TRMT112, PHF13",0.0002117655363354366,3.1009483337402344,9,1,1.0264209508895874,12.117846488952637
430,TDP2,"TDP2, TMEM9, LAMP1, ARHGAP5, ARF6",0.004300997258812779,10.214028358459473,12,6,-2.560166120529175,12.644111633300781
431,DDX55,"DDX55, PPCS, NUP107, CCAR1, NFATC3",0.0039255055902180005,9.992044448852539,3,3,-3.2119333744049072,11.461527824401855
432,ANKRD54,"ANKRD54, TAPT1, AGL, PSMG3, MTIF2",2.6470692041929576e-05,2.3478972911834717,2,3,2.091973304748535,13.777474403381348
433,TAF8,"TAF8, PPIH, MRPL48, TIMM23, MRPS22",8.039247212734167e-05,2.6011855602264404,10,9,-0.37565678358078003,13.43308162689209
434,EPB41,"EPB41, ZZEF1, ZNF282, TERF2IP, COX7A2L",0.00020490276432456598,3.482938051223755,15,3,1.3259166479110718,14.03929615020752
435,PAICS,"PAICS, MRPS18B, MRPL36, KMT5B, EI24",0.011062788481523457,10.534093856811523,1,5,3.5966928005218506,9.459684371948242
436,AAK1,"AAK1, TFG, ARL8B, ABCB8, SUZ12",0.008936309554155114,15.544843673706055,2,9,-1.0646127462387085,10.823493957519531
437,HNRNPM,"HNRNPM, TBL1XR1, ATP5ME, OSBPL8, MRPL51",0.0010911807497284304,7.265284061431885,4,4,2.703141927719116,12.512415885925293
438,GET3,"GET3, PSMD3, ZNF830, FNBP4, TMED3",0.004059819842430755,4.342767715454102,24,9,-0.3174288868904114,13.664745330810547
439,GKAP1,"GKAP1, STYX, GNA12, MED23, ABCD4",0.01627947560578669,6.579184055328369,0,0,2.6559245586395264,9.794450759887695
440,DHX38,"DHX38, PPP1CC, IFNAR1, EBNA1BP2, COQ4",1.9607920031058947e-05,2.356933832168579,3,9,-0.3230077028274536,13.154997825622559
441,EIF2B1,"EIF2B1, PPP1R15B, SAP30BP, B4GAT1, THAP3",0.009814744371546556,12.84992790222168,0,1,-2.289139747619629,11.344766616821289
442,DAZAP2,"DAZAP2, SPAG7, SH3GLB1, NDUFS2, TTC17",0.018410856513162797,5.70271110534668,23,4,2.358900547027588,11.596329689025879
443,PAXX,"PAXX, MAPKAPK3, NT5DC1, PSMD6, YTHDF2",0.0002764716724379311,3.0511679649353027,3,3,1.519965410232544,14.468717575073242
444,ITM2C,"ITM2C, FOXN3, NR3C1, TSC22D4, STIL",0.012984364644567233,4.740498065948486,1,4,2.8245294094085693,11.56850814819336
445,CCDC92,"CCDC92, SECISBP2, DIS3L2, CHST12, MMP24OS",0.0036686418378111285,5.60537052154541,7,9,0.7304857969284058,14.768428802490234
446,CUL4A,"CUL4A, SMG7, COLGALT1, DENND6A, TMEM101",0.021434397781952087,11.770031929016113,6,6,-1.90553879737854,11.857019424438477
447,TMEM98,"TMEM98, LUC7L3, ARFGEF1, MRPS34, NFU1",0.004658841799379605,9.266976356506348,0,1,-1.254818320274353,10.823125839233398
448,RACGAP1,"RACGAP1, SHQ1, TTC9C, UQCC3, ENDOV",0.008020619688704662,10.06401252746582,1,5,3.789966106414795,9.552454948425293
449,POLD2,"POLD2, CLUH, ICMT, MSL3, PPIB",0.008009835332687579,14.504293441772461,3,3,-0.9473257660865784,11.667527198791504
450,NOC4L,"NOC4L, AGO1, PRPF8, MAP3K7, PTOV1",0.002523539307997286,3.137606382369995,8,4,2.6209802627563477,11.933919906616211
451,DYNC1I2,"DYNC1I2, MAD2L2, PHIP, M6PR, SCAMP2",0.019523605974925393,4.673503398895264,34,4,2.632300615310669,11.58264446258545
452,TJAP1,"TJAP1, MYBL2, MRPS9, COPG1, ZNF621",0.01228142071145377,10.992191314697266,5,1,-1.9200595617294312,10.360645294189453
453,ORAI2,"ORAI2, PUS7L, FBXL3, C12ORF76, MTRR",0.0005803944329193448,4.134029388427734,0,3,0.1598052829504013,14.67541790008545
454,MCRS1,"MCRS1, NRDE2, ATAD5, MED21, TSG101",0.009890234863666133,13.314301490783691,0,3,-3.106144666671753,10.317534446716309
455,TACC1,"TACC1, ANXA11, VMA21, EEF2, PPIG",0.005006882379930902,12.695016860961914,3,0,-1.4794005155563354,11.342635154724121
456,GOLPH3L,"GOLPH3L, CDT1, TOP2B, SMARCC1, RRP15",0.00013235346020964788,2.352651596069336,26,5,4.1199750900268555,9.495904922485352
457,PDE4DIP,"PDE4DIP, SMURF1, SLIRP, TBCC, HTT",0.0010441217416538888,4.322938442230225,10,9,-1.7386691570281982,12.488295555114746
458,PSPH,"PSPH, C1D, MSANTD3, GPAA1, CDKN3",0.0017862815148294699,3.8491907119750977,6,0,-0.437112957239151,12.286293029785156
459,NUP188,"NUP188, FBXW9, PLCXD1, RCCD1, ASH2L",0.0001725496962733187,3.1234188079833984,14,7,4.248202800750732,9.048985481262207
460,RBM17,"RBM17, OSTF1, SERINC1, CHMP1B, VDAC2",0.00042451146867242615,3.2985427379608154,4,6,-0.30762243270874023,14.537261009216309
461,METTL22,"METTL22, AP1AR, SMUG1, ZMYM6, PKIG",0.01775595198412543,8.046995162963867,0,9,1.5045559406280518,10.632034301757812
462,STX4,"STX4, SLC35F6, KLHDC3, PIGS, KYAT3",0.00022058910034941314,2.8377859592437744,10,3,2.590730905532837,10.1631441116333
463,PIP4P1,"PIP4P1, UAP1, ZSWIM7, WRN, DTD1",0.007543166835948376,5.151083469390869,0,0,2.075084924697876,10.597921371459961
464,SMIM29,"SMIM29, SLF1, ROCK2, MRFAP1, EIF3K",0.00010098078815995357,2.463904857635498,28,6,-0.8916452527046204,14.03433609008789
465,MRPL57,"MRPL57, CMSS1, KLF3, KRT10, KDM5B",3.9215840062117894e-05,2.3532052040100098,0,3,1.731300950050354,12.702827453613281
466,LPCAT1,"LPCAT1, LIMD1, FKBP14, MGA, PIP5K1A",0.00447060576708144,4.078749179840088,0,9,1.780745506286621,10.997754096984863
467,ZZEF1,"ZZEF1, MFSD10, BMP2K, MTHFD1L, OARD1",0.0035794258016698106,4.165822505950928,5,9,0.8863261938095093,12.046842575073242
468,LONP2,"LONP2, RBM3, PDS5A, ANAPC16, DCAF6",0.010982396009396116,15.441325187683105,20,3,0.8683014512062073,14.71712875366211
469,BAZ2B,"BAZ2B, WDR4, DNM2, CDKAL1, LRP10",0.0419452625304413,5.849236488342285,25,4,2.8441457748413086,12.51898193359375
470,ITSN2,"ITSN2, POLR2J, TSC2, RNASEH2B, PCYT2",3.7255048059012e-05,3.094353437423706,2,9,0.07981237769126892,13.695125579833984
471,NIPAL3,"NIPAL3, TRIOBP, SNTB2, MAP3K11, RIT1",0.006083357189636038,5.277474403381348,0,0,1.832829475402832,11.1577787399292
472,WASHC4,"WASHC4, TRAF3, CENPV, BIRC2, PLEC",0.03727269518703995,7.940627098083496,0,9,1.309819221496582,12.101418495178223
473,SCAND1,"SCAND1, EHD1, TBC1D4, RPIA, TMEM263",0.011890242706834144,6.922274112701416,4,0,0.716009259223938,10.323938369750977
474,CYBC1,"CYBC1, KMT5B, NR1H2, VPS35, CCDC59",0.0011656908458464543,4.550592422485352,0,9,1.4657663106918335,13.668135643005371
475,RBM39,"RBM39, SRPRB, GNA12, PPWD1, ADPGK",0.016929478154816293,12.928753852844238,0,1,-1.041758418083191,10.591516494750977
476,TRRAP,"TRRAP, SAR1A, GRK6, CEP192, TPST2",0.001508829446389986,3.079754590988159,14,9,2.5002212524414062,10.91473388671875
477,PDXDC1,"PDXDC1, RIF1, WDR45B, NDUFC1, PIK3CA",0.003584327781677575,4.413670539855957,4,9,1.6270860433578491,14.119091033935547
478,MOCS2,"MOCS2, TIMM23B, NENF, TRIM73, GCLM",0.004677469323409111,8.0321626663208,2,6,-2.1700375080108643,11.645523071289062
479,USP4,"USP4, SLC50A1, GPN1, ZCCHC17, SHOC2",0.013011815732610716,11.658315658569336,0,6,-2.1201303005218506,12.407380104064941
480,PSPC1,"PSPC1, SELENOT, MDM4, POLR2G, USP34",0.007191204671390868,13.028099060058594,34,1,-0.3722696900367737,11.684124946594238
481,ADAT1,"ADAT1, NCAPD2, LARS2, PISD, SLC35E1",0.006751006866693595,12.562821388244629,0,3,-2.9284353256225586,10.799641609191895
482,MYO19,"MYO19, SUCLA2, FPGS, TCEA1, ERCC4",0.010097098419993804,6.7166523933410645,3,5,4.089059829711914,9.467592239379883
483,CCT3,"CCT3, SEPTIN11, G3BP2, PPP2R1A, UQCRFS1",0.0001078435601708242,3.0479025840759277,10,8,1.3049556016921997,13.110944747924805
484,UBQLN1,"UBQLN1, C4ORF3, UTP25, TAF5L, TSEN34",0.008834348369993607,8.692028045654297,4,1,1.063794732093811,10.985840797424316
485,PNN,"PNN, NFE2L2, UBXN4, PIGK, NDUFA6",0.0034088368973995975,5.80573844909668,6,4,4.071868896484375,11.704607009887695
486,TAF8,"TAF8, RIOK2, AIFM1, SUDS3, CCZ1",0.009355919042819776,10.346827507019043,12,6,-3.0285232067108154,12.29015827178955
487,ZNF148,"ZNF148, KIDINS220, SOD2, ROMO1, COX14",0.007944148800583532,9.238738059997559,15,0,-1.2259641885757446,12.455692291259766
488,DCTN3,"DCTN3, RAB10, KDM6A, LSM8, IFNGR1",0.0001098043521739301,3.349137544631958,3,1,1.2275043725967407,12.492490768432617
489,FAM217B,"FAM217B, THOP1, UCHL3, SNAPC5, PRH1",4.705900807454147e-05,2.63824462890625,2,0,2.834340810775757,9.827789306640625
490,SHMT1,"SHMT1, HDDC3, PLRG1, OSER1, PTGES2",0.0072931658555523745,9.191974639892578,0,1,-2.4332756996154785,10.454652786254883
491,PPIE,"PPIE, PRC1, KRAS, PDCD7, SBF1",5.882376009317683e-06,1.6644723415374756,7,6,1.4999134540557861,14.353357315063477
492,FUNDC1,"FUNDC1, RNF40, PTBP1, MPST, SCARB1",0.0027735402883932877,7.979741096496582,8,3,-3.141214609146118,10.411809921264648
493,RHOG,"RHOG, BPTF, PICALM, NIF3L1, ROMO1",0.0036843281738359757,9.807352066040039,11,1,-0.5930702090263367,10.847813606262207
494,YTHDF3,"YTHDF3, FBRS, GCSH, TIGD5, ATG4C",0.010402981972478324,9.004871368408203,0,1,-2.1792094707489014,11.112198829650879
495,BTN2A1,"BTN2A1, USP4, STAMBP, AAR2, AMDHD2",0.0069970862630833845,3.486753225326538,0,5,1.976454257965088,10.319825172424316
496,SMURF1,"SMURF1, ZNF248, SPEN, TNIP1, XBP1",0.0025578531680516396,6.206439018249512,13,8,-0.1544744372367859,10.039408683776855
497,RAP2C,"RAP2C, FAM89B, SOAT1, TBC1D15, NDUFB11",0.022238322503225504,8.059577941894531,3,9,1.7836987972259521,10.980175971984863
498,TBL2,"TBL2, PIN4, UBE2R2, MRPL35, RNF5",0.002080400315295354,3.177884817123413,6,5,3.7879526615142822,10.195515632629395
499,SNAP29,"SNAP29, PPTC7, TRAP1, FBXO28, COPRS",0.0077265008882387775,5.616454124450684,0,5,3.4799916744232178,9.768759727478027
500,CHD9,"CHD9, NAPG, TOMM20, FKBP5, HMGN3",0.00160000627453441,3.544513463973999,4,4,3.0874123573303223,11.924461364746094
501,ABR,"ABR, USO1, NAP1L4, HMGCL, DDB1",0.004744136251514712,7.239795207977295,2,6,-0.9010931849479675,10.828191757202148
502,FANCL,"FANCL, THAP11, STARD3NL, DPH3, ARL5B",0.00024019702038047207,2.6657919883728027,12,1,0.6128578186035156,13.994743347167969
503,LMBRD1,"LMBRD1, IER5, PDLIM5, CNOT2, NDUFB1",0.026213828289522702,6.531862258911133,5,9,0.3574218451976776,13.241414070129395
504,CKS2,"CKS2, TMBIM4, DYRK4, RPAP2, UNG",0.0009794156055513944,6.729853630065918,2,3,0.5632356405258179,13.991336822509766
505,TUBB,"TUBB, SNRPD2, MT-ND1, NDUFA3, TAF1D",0.005000019607920031,5.144464015960693,3,4,3.181002378463745,11.613975524902344
506,DGCR8,"DGCR8, ZNF512, CDK2, SEPTIN11, PIH1D1",0.00010686316416927125,2.263850212097168,6,1,1.7873284816741943,13.725071907043457
507,HNRNPA0,"HNRNPA0, ARPC1B, TRIM4, CTNNBIP1, LAMTOR4",0.0035206020415766335,6.2783989906311035,1,1,0.8990480303764343,11.289658546447754
508,CMTM6,"CMTM6, SELENOF, C1QBP, THUMPD1, GID8",7.647088812112989e-05,2.084674119949341,0,4,3.326836347579956,11.32010269165039
509,MT2A,"MT2A, HINT1, IFITM2, CD63, BTF3",0.0012892207420421257,13.808711051940918,8,8,-0.08871479332447052,8.826034545898438
510,PRPF4B,"PRPF4B, PAPSS1, RTF1, ATP6V1A, SYNJ2",0.006449044898215287,7.869488716125488,19,1,-2.4298605918884277,10.37009334564209
511,WDFY2,"WDFY2, SCAF8, NCOA3, TTC19, RNF167",0.011121612241616634,6.488725662231445,0,0,2.6857409477233887,10.792522430419922
512,CCNF,"CCNF, SF3B5, MXI1, CFLAR, SMARCA5",0.02384323075776768,8.533668518066406,1,4,4.493860244750977,11.253694534301758
513,CAPZB,"CAPZB, SLC7A11, FNIP2, KMT2E, SYNGR2",0.006868654386879948,5.278539180755615,8,4,3.0155856609344482,12.128155708312988
514,TMEM50A,"TMEM50A, NT5DC2, TMEM248, MAPK6, IPO9",7.4510096118024e-05,2.6910314559936523,1,3,1.8127691745758057,13.86778736114502
515,NSUN4,"NSUN4, RIOK2, CLN5, SKP2, CDT1",0.0008725524413821231,9.795531272888184,16,7,4.213175296783447,8.618257522583008
516,TSPAN14,"TSPAN14, CRTC3, NUDT1, NDUFB8, NDUFA10",0.003439229173447739,9.098730087280273,31,8,1.0000791549682617,10.325653076171875
517,DBR1,"DBR1, ACTR8, BPNT1, SLC33A1, PLP2",0.000167647716265554,2.501220464706421,0,5,3.127105474472046,9.461978912353516
518,DMTF1,"DMTF1, ST3GAL3, ANAPC16, CSNK2B, BCKDHB",0.00014411821222828325,4.222822666168213,8,6,-1.126345157623291,13.679454803466797
519,CYP20A1,"CYP20A1, DEGS1, RPP38, SMURF2, OSTM1",0.004575508139247605,9.573226928710938,4,3,-3.489595890045166,11.726892471313477
520,ABRACL,"ABRACL, BIRC6, TMEM59, CCNH, WASF1",0.004147075086568967,5.169893741607666,6,6,-1.756081223487854,12.748327255249023
521,MTLN,"MTLN, ATF2, TADA3, SLC5A3, TOB2",0.002976482260714748,4.0189666748046875,7,9,1.69379460811615,10.840400695800781
522,LDHA,"LDHA, GSTK1, UBXN1, KLF6, CRTC3",0.0005549041368789682,2.8740530014038086,2,4,3.6695103645324707,11.972323417663574
523,REV3L,"REV3L, ANAPC11, UBN2, LSM7, ZNF672",0.0005970611649457449,2.613292694091797,11,9,-0.6913442611694336,13.742544174194336
524,ORAI2,"ORAI2, STX5, MFSD14A, DCP1A, SLAIN2",0.011527496186259555,8.017655372619629,0,0,1.978204369544983,10.721602439880371
525,S100A10,"S100A10, RPS10, JUNB, BTG1, HLA-E",0.000986278377562265,12.443397521972656,8,8,-0.0899854525923729,8.76376724243164
526,ZCCHC9,"ZCCHC9, RAB7A, FBXO7, TPP1, DNTTIP2",0.0011676516378495603,6.815553188323975,17,1,1.7678534984588623,12.776337623596191
527,CCAR2,"CCAR2, DIMT1, EDRF1, BOD1, PRDM4",0.011059847293518799,12.718118667602539,9,1,-1.946085810661316,11.345726013183594
528,PPP6R3,"PPP6R3, FAM114A2, MMP24OS, CYB5A, PRKD2",0.038728583249346075,8.939397811889648,1,6,-0.7690087556838989,12.454941749572754
529,TRMO,"TRMO, SLC38A10, UBR4, WBP4, HAUS8",0.012239263683386993,6.845868110656738,0,5,2.465655565261841,10.095674514770508
530,NUP214,"NUP214, EXOSC8, RGS10, SPG7, PCBP1",0.00970003803936486,9.278677940368652,19,4,4.3595290184021,11.540857315063477
531,KIF22,"KIF22, DCUN1D4, VTI1B, IL6ST, VPS4B",0.005711787105047471,9.157269477844238,12,3,-0.26375213265419006,9.722940444946289
532,PIKFYVE,"PIKFYVE, TOMM40, SMIM19, COX6C, VPS26A",0.004605900415295746,7.7167439460754395,3,0,-0.19107471406459808,10.278525352478027
533,HNRNPD,"HNRNPD, VPS72, TMEM138, DNTTIP2, SNAPIN",0.0009578468935172294,3.5809714794158936,5,1,-0.4112246632575989,11.112289428710938
534,<SPECIAL>,"<SPECIAL>, TFRC, HLA-C, SLC20A1, RANBP1",0.001169612429852666,71.63512420654297,38,2,2.7058868408203125,9.497666358947754
535,HSD17B4,"HSD17B4, UBE2L3, GDI2, LAMP1, RAF1",9.901999615684768e-05,1.939826488494873,6,5,3.595956802368164,10.185763359069824
536,POC1B,"POC1B, MED10, CNOT6L, RER1, PTPN9",0.00667943795858023,4.931617259979248,0,6,-0.44604256749153137,13.510902404785156
537,METTL2B,"METTL2B, AMDHD2, RFWD3, PQBP1, MRPS12",0.004100016078494425,10.323938369750977,0,3,-3.1626181602478027,10.529571533203125
538,COP1,"COP1, RSRP1, XRCC5, SUMO2, ASB3",0.0009705920415374178,2.965912342071533,0,0,1.155300259590149,12.348306655883789
539,TFIP11,"TFIP11, MPHOSPH6, TNPO1, ECSIT, MRPL54",0.002943148796661948,11.667193412780762,13,1,-1.9811325073242188,11.079416275024414
540,NACC1,"NACC1, INO80B, PAPOLA, KNTC1, NDUFAF3",0.005156882968168503,4.39420223236084,4,4,2.732522487640381,11.715252876281738
541,AGO1,"AGO1, POLQ, IPO5, LAPTM4B, SMIM12",2.7451088043482524e-05,4.291819095611572,0,3,-0.6380583643913269,13.031476974487305
542,TFPT,"TFPT, DPP7, SLC25A1, ZDHHC3, EIF4A2",8.92160361413182e-05,1.8620637655258179,0,4,0.9655666947364807,11.727163314819336
543,EIF2S2,"EIF2S2, UQCRFS1, KMT2A, RGS10, BZW1",0.004908842779775607,9.901429176330566,1,6,-0.535374104976654,11.67405891418457
544,CLK4,"CLK4, CNOT8, UPF3B, NUDT22, ZFX",0.00016274573625778925,4.161574840545654,4,6,0.4173012375831604,14.564668655395508
545,NEK7,"NEK7, MYO9B, CDK6, CHD7, PDIA4",0.006313750250000981,9.049617767333984,18,1,0.969631552696228,11.533148765563965
546,SAR1A,"SAR1A, USP33, TRIM44, CLIP1, REX1BD",0.00489315644375076,5.3685383796691895,5,9,-0.8453236222267151,13.94678783416748
547,<SPECIAL>,"<SPECIAL>, ZMYND19, LAPTM4B, RANBP1, DIAPH3",0.001093141541731536,70.66709899902344,2,2,3.8486459255218506,11.045701026916504
548,B3GALT6,"B3GALT6, MKRN1, NGLY1, DVL3, TIMM17A",0.0020353020992239187,4.949391841888428,0,3,0.3000836968421936,10.959310531616211
549,BAZ1A,"BAZ1A, DHX57, MAN1A2, ZDHHC20, LEMD2",0.00043823701269416745,2.891024351119995,1,6,0.36909255385398865,11.87133502960205
550,BANF1,"BANF1, SOS1, UROS, UQCC2, CKS2",0.000298040384472096,4.199082851409912,0,4,3.071929693222046,9.864540100097656
551,<SPECIAL>,"<SPECIAL>, SRM, SWI5, SLC19A1, SNRPC",0.001060788473680289,70.68840026855469,0,2,0.09558477997779846,11.861847877502441
552,VEZT,"VEZT, WASHC2C, TMEM223, DTYMK, APIP",3.0392276048141366e-05,2.1108222007751465,11,3,0.013703519478440285,12.368071556091309
553,SDHAF1,"SDHAF1, MAPK3, KATNA1, HSPA13, ELOF1",0.013320640473099894,8.125555992126465,5,5,4.02851676940918,9.083659172058105
554,APC,"APC, RESF1, PABPC4, CAMLG, LRCH3",0.0011607888658386896,4.366377353668213,6,0,-0.03454802185297012,12.082443237304688
555,CCDC14,"CCDC14, MRPL3, EBNA1BP2, NEU1, SRP54",0.008121600476864615,7.524072170257568,3,5,3.7389109134674072,10.12409496307373
556,PAGR1,"PAGR1, TXNDC11, SPTBN1, VEGFB, RNF141",0.01245102921972243,11.498625755310059,0,0,-0.24083706736564636,10.872679710388184
557,SSR3,"SSR3, RAB7A, BNIP3L, CUTA, EXOC6",4.901980007764736e-05,2.6876306533813477,2,6,0.9908347725868225,14.535447120666504
558,ASB3,"ASB3, STAT1, PDE7A, WASF1, PSMB10",0.05116882811305142,8.194735527038574,2,9,1.1590347290039062,12.568126678466797
559,CCDC115,"CCDC115, PDLIM7, PRKD2, MPLKIP, MOB1B",0.007889246624496566,5.410935401916504,0,9,2.0699057579040527,13.054546356201172
560,TMEM68,"TMEM68, CDK9, PLK1, FAM98A, GTF3C3",0.006659830038549171,5.5637311935424805,1,1,-1.790891408920288,10.561210632324219
561,METTL15,"METTL15, EEF1E1, SCNM1, TMOD3, TIMM44",0.0031931497770579494,4.865784645080566,2,3,0.24282316863536835,14.040078163146973
562,DUSP14,"DUSP14, AP3M2, MARK4, C1ORF52, DTD2",0.009354938646818222,12.225706100463867,1,5,3.995548725128174,9.524017333984375
563,SPTBN1,"SPTBN1, KAT6A, RAD54L2, UQCR11, CAPZB",0.0025549119800469806,6.62601900100708,0,3,-0.35121291875839233,11.561616897583008
564,UBL3,"UBL3, P4HA1, PIK3CB, SERINC3, PKN2",0.010014745155863357,4.826720237731934,1,4,3.0486881732940674,12.29040813446045
565,JMY,"JMY, REPIN1, PCIF1, MGAT2, SYNJ2BP",0.011795144294683509,8.597830772399902,0,0,2.7428483963012695,10.261482238769531
566,TFCP2,"TFCP2, RPRD1A, MRPS18C, NDFIP1, HSP90B1",0.0001617653402562363,3.0793886184692383,14,1,1.6247648000717163,12.577561378479004
567,ATPAF1,"ATPAF1, NUP88, CPSF2, ATG2A, TSSC4",0.01224808724740097,14.200328826904297,0,6,-2.2309162616729736,11.917078971862793
568,PAXIP1,"PAXIP1, FAM216A, MCM10, CENPJ, NLE1",0.0034245232334244448,4.903979778289795,1,1,-2.7490594387054443,10.699980735778809
569,SMIM29,"SMIM29, ELF1, NDUFB4, TMEM147, TGFBR1",7.843168012423579e-05,2.2989919185638428,4,8,-0.6257039308547974,13.559953689575195
570,NDE1,"NDE1, CMTM3, EPN2, TFPT, ANGEL2",0.02716481241102906,8.717779159545898,0,6,0.38312438130378723,10.156188011169434
571,C2ORF68,"C2ORF68, SNRPB2, TTC21B, MCM2, MPHOSPH9",0.0003176483045031549,3.4568116664886475,8,0,0.4782111644744873,13.9233980178833
572,PRIM2,"PRIM2, ATG13, COQ4, MTLN, WDR20",0.0003274522645186844,3.18011212348938,1,6,0.502556324005127,13.211461067199707
573,MND1,"MND1, GEMIN5, ZNF771, COA7, ERCC1",2.941188004658842e-05,1.8799463510513306,7,7,2.9306232929229736,10.280776977539062
574,PNPLA8,"PNPLA8, STX12, MLLT10, HNRNPM, BZW1",0.004547076655202569,16.303157806396484,4,3,-1.2087688446044922,10.472712516784668
575,UNKL,"UNKL, PHF20L1, ABCB7, DCLRE1C, SDHB",0.010297099204310605,7.608310222625732,0,5,4.025806427001953,9.479475021362305
576,ASB1,"ASB1, COQ2, VOPP1, MOB4, CLTB",0.0003254914725155785,3.549730062484741,14,3,-3.226348876953125,10.931504249572754
577,TMEM219,"TMEM219, ECH1, PSAT1, PPT1, PAPOLA",0.0038421719300860005,7.999118328094482,10,0,-1.3890609741210938,10.815316200256348
578,FTH1,"FTH1, RPL6, RPL7A, SET, MT-ND4",0.0021823614994568607,4.720666885375977,1,4,3.1316964626312256,10.370606422424316
579,TNFAIP8L1,"TNFAIP8L1, SLC25A1, TM7SF3, STMN1, ZSWIM7",0.0051617849481762675,8.888193130493164,0,1,1.8177003860473633,10.009336471557617
580,HSDL2,"HSDL2, TRIAP1, PPP2CB, DDRGK1, TM2D3",0.000259804940411531,4.491783142089844,6,0,0.8758127093315125,12.234657287597656
581,ACAA2,"ACAA2, ITPRID2, TTF2, CEBPZ, CDC6",0.00010490237216616536,2.1639211177825928,1,3,1.198304295539856,13.426570892333984
582,NOP53,"NOP53, SARAF, SNRPB, GAPDH, DHX15",0.005933356601398437,6.590400218963623,22,4,3.099839925765991,11.717147827148438
583,DNAJC3,"DNAJC3, ZC3H13, RGP1, UBL3, HDLBP",0.0001450986082298362,3.258539915084839,3,1,0.9927518367767334,13.433900833129883
584,HADH,"HADH, ZDHHC6, ARHGAP17, AFG3L2, BLCAP",0.01595692532127577,5.795283794403076,3,9,1.4226783514022827,12.065322875976562
585,CETN2,"CETN2, TRAF3, IFT57, CCDC59, WDR43",0.00026666771242240167,3.3317151069641113,0,0,0.4614798128604889,12.106435775756836
586,BLM,"BLM, COX14, SLMAP, MRPL41, YY1AP1",0.0014598096463123386,6.160280227661133,3,3,-2.3382833003997803,10.050296783447266
587,NADSYN1,"NADSYN1, YTHDF3, PRPSAP2, TRIM4, FBRS",0.008144149584900333,6.548144817352295,0,5,3.1419262886047363,9.264256477355957
588,DDHD2,"DDHD2, ELL, NUDT2, TMEM120B, RPS6KB1",0.0007049047251165691,3.1619908809661865,0,6,1.2480833530426025,13.789652824401855
589,CCNY,"CCNY, MAP1LC3B, KHDRBS1, BIRC6, TLN1",0.006353946486064651,10.076875686645508,2,6,-1.5119290351867676,12.217256546020508
590,NUP188,"NUP188, TBPL1, TUBGCP5, RUNX1, POLR2J3",0.0014911823183620329,4.310598850250244,0,1,0.9945544004440308,11.062026977539062
591,AP2M1,"AP2M1, SLIRP, GNA12, PUS3, TMED7",0.002189224271467731,4.29393196105957,1,1,-0.06284372508525848,12.254921913146973
592,TRIP4,"TRIP4, DHX57, OGG1, MTFR1L, IFT81",0.0019000074510096118,3.249959707260132,0,5,3.221092939376831,9.412240982055664
593,CYP20A1,"CYP20A1, HS2ST1, NGDN, HEXA, SFXN1",0.00013823583621896555,3.438342809677124,2,6,0.151144340634346,10.631677627563477
594,TBC1D4,"TBC1D4, MCOLN1, DYNC1H1, PDIA4, GLE1",0.010070627727951875,3.5921919345855713,38,5,4.117445468902588,9.349346160888672
595,MAPK6,"MAPK6, SMARCAD1, KPNA6, GRB2, KPNA1",0.00017941246828418936,2.4135076999664307,14,9,1.884145975112915,12.832345962524414
596,ANAPC16,"ANAPC16, CAMTA1, CD59, PGAP2, AXIN1",0.009357879834822882,12.795570373535156,3,6,-1.4323418140411377,12.37948989868164
597,USP40,"USP40, CASP8AP2, NUP58, HNRNPLL, NT5C3B",0.005281393260365727,5.515510559082031,4,5,3.300554037094116,9.968993186950684
598,GUF1,"GUF1, JADE1, KIAA1143, RRP7A, THAP7",8.627484813665935e-05,2.047386884689331,9,5,3.4044699668884277,9.645230293273926
599,TRIM28,"TRIM28, MRPL40, MZT1, PHF10, OGFOD1",4.509821607143557e-05,2.301917791366577,18,5,3.973642110824585,9.164048194885254
600,MED13,"MED13, ASH1L, FNIP1, BAG1, CIAO2B",0.00195589002309813,2.954113721847534,4,1,1.822452187538147,11.794702529907227
601,FASTK,"FASTK, UQCC1, CLP1, RRS1, ZMYM1",0.013399072153224131,8.852643966674805,11,6,-2.0270488262176514,11.997984886169434
602,SLC38A6,"SLC38A6, HNRNPLL, KLHDC10, DDA1, DCAF17",0.012432401695692924,11.462203025817871,21,3,-3.173448085784912,10.392613410949707
603,PI4KA,"PI4KA, DNAJB6, DDX46, POU2F1, LAMTOR1",0.0002480401883928957,2.9987642765045166,6,1,1.5415133237838745,13.10089111328125
604,SRRD,"SRRD, DDX55, FOXM1, CHAF1A, MAK16",4.8039404076094415e-05,2.1706087589263916,7,5,4.285986423492432,9.154473304748535
605,PRELID1,"PRELID1, VAMP3, DGKH, AHCYL1, PTS",0.0029960901807458066,6.690065383911133,3,6,0.14459769427776337,13.671333312988281
606,NUCB2,"NUCB2, MTMR2, RHOBTB3, RNMT, SELENOK",0.0002156871203416484,3.175403594970703,0,6,-2.839686155319214,12.468107223510742
607,STAG1,"STAG1, RNF4, EBP, MFSD14A, COMTD1",0.00023823622837736619,3.0528197288513184,0,0,-2.187236785888672,11.305351257324219
608,RELCH,"RELCH, SEPTIN7, HGH1, PHPT1, CIB1",0.006710810630629924,13.451210975646973,0,3,-0.7361710071563721,10.651278495788574
609,RPP21,"RPP21, MAP7D1, PSMC3IP, NUP160, HEATR5A",1.470594002329421e-05,1.661355972290039,6,3,3.8833186626434326,9.23166561126709
610,PAXX,"PAXX, ADD1, MICU1, DDX51, PHACTR4",0.00018823603229816587,2.825577735900879,14,3,0.8867234587669373,13.754656791687012
611,TYK2,"TYK2, ARHGEF7, CEP70, CDCA3, PIP4P2",0.012276518731446006,7.362090110778809,5,6,0.3335357904434204,10.09924030303955
612,ANKIB1,"ANKIB1, SLC25A6, COX6C, CSTB, TCF25",0.0014725547943325269,9.088955879211426,21,8,1.1774109601974487,13.833312034606934
613,GOLPH3,"GOLPH3, RAD23A, ARIH2, PRKRIP1, NDUFV3",6.960811611025925e-05,2.0117337703704834,1,9,-0.8266451954841614,12.976645469665527
614,TRAPPC1,"TRAPPC1, LPCAT3, AASDH, SDHB, ACBD3",0.005286295240373492,5.666336536407471,21,3,0.6703288555145264,13.837940216064453
615,PPP6R3,"PPP6R3, ATP1B3, RBPJ, ZNF706, METTL5",0.017830462080243453,7.364777088165283,4,4,4.45902156829834,11.567201614379883
616,RNF167,"RNF167, PGD, DMAC1, YTHDC1, TXN2",5.5882572088517995e-05,2.642232656478882,2,1,-0.8725199699401855,13.637666702270508
617,MT-ND4L,"MT-ND4L, ADK, PUS7, ATP5PB, BRAF",0.001168632033851113,4.808207035064697,5,8,1.7547416687011719,13.137680053710938
618,VMP1,"VMP1, ISG15, ANKIB1, HNRNPA0, COP1",0.006438260542198205,10.339502334594727,2,6,-1.039643406867981,11.7879056930542
619,PSMB10,"PSMB10, PDLIM5, DDX21, ENY2, KLF6",5.1960988082306205e-05,2.678907632827759,11,3,0.8453785181045532,11.9050874710083
620,CNOT2,"CNOT2, CFDP1, ERG28, PDCD2L, GNPNAT1",4.4117820069882625e-05,2.1034584045410156,1,3,-0.1448487639427185,13.857919692993164
621,XRN1,"XRN1, YTHDF2, NDFIP1, RBM5, ATP11B",0.002341185651708438,4.02781867980957,11,9,1.9144530296325684,13.29882526397705
622,AEBP2,"AEBP2, UBE2D2, HSPA5, SRP9, MAP1LC3B",4.313742406832968e-05,2.1717729568481445,11,8,1.5194284915924072,13.507513046264648
623,TAGLN2,"TAGLN2, KIN, HNRNPA1, CHD7, TMA7",0.01271377534813862,12.347296714782715,0,6,-1.8527195453643799,12.689295768737793
624,ORAI1,"ORAI1, MIS18BP1, CYB5R3, UFM1, PIAS2",0.006654928058541406,5.211156845092773,4,9,1.4494706392288208,13.014890670776367
625,AP2M1,"AP2M1, NSA2, SMARCA2, DCAF10, PRMT1",0.005915709473370484,9.126867294311523,4,1,-0.6791495680809021,11.487286567687988
626,COX16,"COX16, LEPROT, TXNL4A, FOXM1, CLTB",0.00016960850826865987,2.45074725151062,9,3,-0.8757010102272034,14.319511413574219
627,TLNRD1,"TLNRD1, HUS1, GLMP, MBD6, SACM1L",0.007303950211569457,6.896066188812256,0,6,0.2819167673587799,10.19335651397705
628,PHGDH,"PHGDH, NSF, PIK3R1, PKN2, IER5",0.045011941223298914,10.982291221618652,0,6,-0.23896707594394684,13.874907493591309
629,CEPT1,"CEPT1, EXOSC8, MRPL9, POLR2H, PEX2",0.0006441201730202863,2.6624743938446045,15,5,3.40156888961792,10.422587394714355
630,ZNF248,"ZNF248, ANKRD17, ATG101, CD2BP2, RALGAPA1",0.008242189185055628,8.203822135925293,2,9,-0.7973681092262268,14.286469459533691
631,RPS15A,"RPS15A, FXN, TPT1, WTAP, RPS27A",0.00010686316416927125,2.954561471939087,3,8,1.5271625518798828,12.406240463256836
632,AKAP8L,"AKAP8L, KIF20B, SFXN1, CCNL2, CENPK",0.001228436189945843,3.5836806297302246,27,9,1.3085232973098755,12.180068016052246
633,POLE3,"POLE3, BLCAP, DNAJC2, PSMD3, CTCF",0.0005274530488354857,2.511634588241577,22,1,0.912433922290802,14.575752258300781
634,TAF11,"TAF11, RNF169, CENPH, NAA38, LIX1L",0.008949054702175302,13.083297729492188,56,3,-3.2540135383605957,12.186193466186523
635,SEPHS1,"SEPHS1, PCNP, HNRNPL, ADH5, AMD1",0.0024705979239134273,7.152235507965088,34,3,-3.438809871673584,11.225518226623535
636,EXOSC8,"EXOSC8, COMTD1, TADA3, TXNDC12, PPA1",0.0005823552249224507,2.320634126663208,2,5,2.7745182514190674,10.198493003845215
637,QDPR,"QDPR, TM2D3, HSDL2, YY1AP1, TMEM126B",0.00011568672818324778,2.556952476501465,2,3,1.280954360961914,13.699501037597656
638,EMD,"EMD, CRIPT, SPATC1L, SCAF4, ISOC2",0.0006078455209628273,2.92795729637146,0,9,3.4006338119506836,10.332782745361328
639,G6PC3,"G6PC3, NDUFA2, PRKCA, MED7, DNAJA1",0.0010362785736414653,8.762237548828125,33,1,-2.7058815956115723,10.356416702270508
640,MT-ND3,"MT-ND3, CCNY, RPL23A, MT-ATP6, RPL37A",0.00028333444444880176,3.289879083633423,0,8,-0.29683494567871094,12.48719596862793
641,CRKL,"CRKL, SNAP47, NF2, P4HB, MRPL35",0.00498629406389829,7.162548065185547,4,5,-3.2285537719726562,12.350977897644043
642,RRP1,"RRP1, TIMM8A, MCM4, RAD1, DTL",3.235306805124726e-05,2.0169713497161865,13,5,4.050647258758545,9.103340148925781
643,SMIM19,"SMIM19, ANXA2, TMED4, ERP29, ATP5MG",0.000537257008851015,2.444460153579712,5,4,2.8676114082336426,11.622649192810059
644,NFKBIA,"NFKBIA, ANXA2, ZFP36L2, LGALS1, RPL6",0.0011039258977486187,16.765426635742188,1,8,-0.14933525025844574,8.819283485412598
645,HSP90AA1,"HSP90AA1, EMC2, IBTK, MACF1, SLC35B1",0.004090212118478896,2.8222405910491943,0,4,3.7673845291137695,11.257326126098633
646,PRMT3,"PRMT3, LARP4, ANKRD52, AKR7A2, HEXIM1",0.009534351115102412,11.203544616699219,4,1,-2.248311996459961,10.777678489685059
647,PSMA3,"PSMA3, BUB3, RCN2, SYNJ2, UBE2K",0.0038558974741077414,5.952682971954346,9,4,3.9363322257995605,11.294260025024414
648,MT2A,"MT2A, CD99, SSR4, COX7A2, CLIC1",0.0020333413072208127,11.050228118896484,1,8,-0.14577791094779968,8.884946823120117
649,PARP4,"PARP4, CCDC85B, MPRIP, STAG2, PGRMC1",0.008988270542237421,12.833721160888672,5,1,0.7691641449928284,11.327749252319336
650,TCF3,"TCF3, PDAP1, MARCKSL1, LRPAP1, CEP170",0.00424119310271805,10.075343132019043,3,6,-3.4224331378936768,12.008480072021484
651,SPNS1,"SPNS1, CEP152, ICE2, ASCC1, GANAB",5.098059208075326e-05,2.550673484802246,1,6,-0.9727007746696472,14.166071891784668
652,STAU2,"STAU2, ZFAND5, GLTP, OGDH, YEATS2",0.042944286056023746,10.873918533325195,0,3,0.6439273357391357,14.695169448852539
653,THAP1,"THAP1, LRRC28, PCGF3, FBRS, POP4",0.011505927474225389,7.467592716217041,0,6,2.5858962535858154,10.296141624450684
654,ZNF33A,"ZNF33A, FOXK1, THAP11, COMMD8, GID8",0.00010490237216616536,2.3072779178619385,0,6,-0.3460875451564789,12.865863800048828
655,SAV1,"SAV1, LAMTOR5, NAP1L1, UCHL5, MICOS10",0.0035970729296977634,8.28950309753418,5,3,-3.08156418800354,12.009759902954102
656,NIPAL3,"NIPAL3, MRPL54, RAB11B, CSNK2A2, RRM2",0.00013235346020964788,3.1592085361480713,24,6,1.3014765977859497,11.932947158813477
657,RCN1,"RCN1, ITM2C, ATF5, EPN2, KIF3A",0.012369656351593535,8.995863914489746,0,6,2.3739993572235107,11.307684898376465
658,GLMN,"GLMN, ATP5F1A, ATRAID, RAP1B, ZNF428",0.0008215718493013698,6.182104587554932,9,6,0.6864930391311646,13.918027877807617
659,ATG13,"ATG13, FHOD1, DUSP11, ETHE1, RNF146",0.03289914862411225,8.926701545715332,0,0,2.199361562728882,9.928426742553711
660,MGAT1,"MGAT1, TBC1D22A, DMAC2, WDR45B, RABGEF1",0.004440213491033298,3.6369268894195557,3,4,1.9734176397323608,11.515032768249512
661,AP1S2,"AP1S2, TRA2B, MCM10, TTC17, UBFD1",0.003931387966227318,5.858621120452881,1,1,0.41820016503334045,10.563882827758789
662,DESI2,"DESI2, HEATR1, PAF1, SASS6, NET1",2.3529504037270734e-05,1.8713198900222778,2,5,3.5673892498016357,9.65672492980957
663,ELF1,"ELF1, ANLN, JTB, BAX, NUP58",0.0001911772203028247,3.36909556388855,50,1,1.9826027154922485,13.464097023010254
664,FKBP3,"FKBP3, LIN9, VPS50, FADS1, VMA21",0.00025588335640531925,2.391568422317505,3,9,2.0106711387634277,11.281386375427246
665,MAU2,"MAU2, PMM1, GCLC, JKAMP, CISD1",0.010630433844838607,9.285481452941895,1,6,-2.5084269046783447,12.63566780090332
666,HINT2,"HINT2, FBXO25, SRSF10, MAN1B1, CAPZA1",0.00429805607080812,6.225277423858643,0,6,-0.14592379331588745,11.858491897583008
667,EEF1D,"EEF1D, HSPB1, ARL6IP5, TIMM13, HERC4",0.005794140369177918,3.7004635334014893,21,4,2.8137757778167725,11.91149616241455
668,HOOK2,"HOOK2, HIF1A, MPHOSPH8, PILRB, HBP1",0.03486190141922125,10.493524551391602,1,6,-0.9646421074867249,13.829086303710938
669,CRKL,"CRKL, YWHAZ, DMAC2L, PEX19, E2F3",0.0005549041368789682,2.4713380336761475,3,3,-0.7534635663032532,13.388986587524414
670,NAGK,"NAGK, AFF1, MAP3K4, PSMB10, FAN1",0.05436099749410782,10.515480995178223,29,3,0.9753548502922058,13.905614852905273
671,TGFBR1,"TGFBR1, UXS1, CHPF, RNF2, DDX39B",0.009921607535715827,12.482229232788086,0,6,-3.008613109588623,12.306912422180176
672,C11ORF58,"C11ORF58, UQCR10, HMGN2, GTF3C5, TM9SF4",0.006988262699069408,8.637131690979004,0,6,0.10318882018327713,10.234427452087402
673,GPATCH1,"GPATCH1, PUSL1, C12ORF4, PUS7, PCNX3",0.012917697716461634,6.400808811187744,0,1,2.04949688911438,9.149534225463867
674,VPS72,"VPS72, PIGG, GPR137, ACOX1, ERF",0.003661779065800258,4.100796699523926,0,5,3.4769649505615234,9.797588348388672
675,DDX27,"DDX27, RPL29, NACA, RPLP0, HEATR6",8.137286812889462e-05,1.9216705560684204,2,4,3.492786169052124,11.118998527526855
676,ATP6V1H,"ATP6V1H, REST, TAGLN2, RNF115, SCAF8",0.011085337589559175,8.275014877319336,56,0,2.4711310863494873,12.420879364013672
677,NKAPD1,"NKAPD1, PUM1, RTCA, PRKAR1A, ATP2C1",0.00355589629763254,7.698495388031006,12,6,-3.012556314468384,11.95917797088623
678,HIKESHI,"HIKESHI, WNK1, VPS54, RAB1B, BLOC1S2",0.0013882407381989733,4.299886703491211,2,6,-0.07210162281990051,11.66247272491455
679,ALDH9A1,"ALDH9A1, MXD4, TSPAN13, ETFB, DCTPP1",4.901980007764736e-05,3.07848858833313,4,3,1.044448733329773,13.292256355285645
680,AFF4,"AFF4, SNRPB2, TNFAIP8, ANXA11, TMED10",0.004092172910482002,4.013713359832764,12,4,3.7351245880126953,11.691886901855469
681,FTO,"FTO, SRPK2, LRCH3, QDPR, NABP1",0.026745202922364403,5.593873500823975,20,4,2.6556947231292725,12.165288925170898
682,PSENEN,"PSENEN, GSTCD, SCP2, KIF1C, ELAC2",0.0001764712802795305,2.342556953430176,0,3,-0.17022818326950073,10.802709579467773
683,USP39,"USP39, ZNF24, NOL11, OTUB1, MEA1",0.0022196165475158727,2.9072611331939697,18,4,2.5088236331939697,11.959977149963379
684,MRPS14,"MRPS14, ZC3H8, SRSF10, RHNO1, TRPT1",0.0029617763206914536,10.517537117004395,0,0,-2.2650463581085205,11.960783004760742
685,TBP,"TBP, CARNMT1, ZNHIT2, SNRNP200, OPA1",0.012735344060172784,10.802178382873535,3,3,-3.3825666904449463,10.806585311889648
686,NSMAF,"NSMAF, CDKN3, MRPL51, BOLA3, NUCKS1",0.00011960831218945957,2.418806314468384,18,3,1.3222415447235107,13.131698608398438
687,LTN1,"LTN1, RNF166, SHISA5, LCMT1, CD46",0.01201181181102671,13.407719612121582,0,1,-2.039512872695923,10.37301254272461
688,UTP3,"UTP3, STK38, ZNF430, SIAH2, SLC7A1",0.0074323820877728935,10.403951644897461,0,3,-3.488133430480957,10.889884948730469
689,MRPS35,"MRPS35, LETMD1, PMS1, MDC1, MLLT1",0.009279448154698645,8.858451843261719,0,1,-2.242558240890503,11.080142974853516
690,UBE2H,"UBE2H, KIF2A, TECR, TGFB1, CHCHD3",0.00010098078815995357,2.155487298965454,28,0,1.139005422592163,12.302175521850586
691,LSM3,"LSM3, PET100, TLN1, ATXN2, GAPVD1",0.006365711238083286,14.121591567993164,12,0,-2.935420513153076,10.246806144714355
692,LRCH3,"LRCH3, SERINC3, CWF19L2, SOD1, TRAPPC1",0.00040588394464292015,3.83482027053833,3,0,0.5837449431419373,11.879456520080566
693,METTL8,"METTL8, AEN, BPNT1, QRSL1, TCOF1",0.002509813763975545,7.682096481323242,4,5,3.5172111988067627,9.42163372039795
694,PRR13,"PRR13, FNBP1L, EPN2, SLMAP, ATP6V0B",0.000650982945031157,7.432666301727295,29,8,0.7137342095375061,9.6292085647583
695,TXN,"TXN, LRRFIP1, RPS27L, TNRC6A, RABGAP1L",0.004980411687888972,6.883723258972168,0,8,3.4259300231933594,11.807056427001953
696,USP37,"USP37, NIPA2, PBRM1, UBE2F, CPSF2",0.004518645171157534,8.966259002685547,5,1,-2.7170450687408447,10.677988052368164
697,ATG101,"ATG101, GOLPH3, DNAJB6, ATP6V0A1, DNAAF5",0.016777516774575587,4.935401439666748,1,5,3.1822006702423096,9.960559844970703
698,POMP,"POMP, MAZ, TLE5, SRSF11, WDR83OS",0.0002754912764363782,2.953882932662964,32,9,0.963041365146637,11.898029327392578
699,CWC25,"CWC25, ALKBH2, GPSM2, PTDSS2, BRI3BP",0.020761846124886765,9.625055313110352,1,1,-2.2601001262664795,10.602011680603027
700,GAPDH,"GAPDH, IFITM2, RPL4, HDGF, TEX264",3.8235444060564946e-05,2.561142683029175,0,8,-0.11037904769182205,14.339717864990234
701,VKORC1L1,"VKORC1L1, TPM1, CERS6, CCNI, SETDB1",0.004018643210365531,8.924399375915527,3,3,-3.618230104446411,11.263372421264648
702,PET117,"PET117, DHX40, TBCD, KLHL36, EIF3M",0.001524515782414833,5.530181884765625,1,3,-0.8262048363685608,12.947110176086426
703,RBBP7,"RBBP7, FBRSL1, COPZ1, TAF7, POLR2J",0.00046176651673143814,3.9479916095733643,23,3,-2.126619577407837,12.733405113220215
704,SIAH2,"SIAH2, ANP32E, NIPAL3, UIMC1, UBA1",0.0015921631065219863,5.163971424102783,1,8,0.09319174289703369,10.366848945617676
705,PLD3,"PLD3, HPRT1, FLOT2, HOOK2, CBX6",0.0011451025298138424,3.4758410453796387,0,9,2.1306698322296143,10.87304401397705
706,TIMM29,"TIMM29, L3MBTL2, NSD3, STK4, CDC27",0.011031415809473763,9.518775939941406,59,3,-2.8844406604766846,10.082923889160156
707,EML4,"EML4, TMEM219, MORF4L2, DNAJC21, CMTM6",0.0074431664437899754,12.858807563781738,4,0,-0.45002084970474243,11.794175148010254
708,ZC3H13,"ZC3H13, PNO1, SMG1, TXNL1, SRSF4",0.00790689375252452,10.929021835327148,22,6,-1.0275665521621704,10.526445388793945
709,EPC2,"EPC2, GPR108, IP6K2, CDKN2AIP, JMJD6",0.012608872975972454,6.430070877075195,0,9,2.8782970905303955,10.647476196289062
710,ABCF3,"ABCF3, SLC27A4, PAXIP1, GEMIN8, NDUFAF6",0.00405491786242299,5.153547763824463,0,3,1.1261457204818726,13.871176719665527
711,STX12,"STX12, CCNB1, RALA, NUP62, FAM193A",0.004923548719798901,11.003113746643066,48,8,1.2254431247711182,9.582215309143066
712,RPS17,"RPS17, PPIL2, GGCT, GTF2H5, RPF2",4.509821607143557e-05,2.073345422744751,0,3,2.6831748485565186,10.82276725769043
713,NDUFA1,"NDUFA1, CLK1, COX8A, CDK1, SCAND1",0.0007156890811336515,4.174406051635742,36,3,1.2565348148345947,12.624547958374023
714,BCS1L,"BCS1L, PTRH1, MFSD11, ACOT8, SEL1L",0.004622567147322146,6.8569183349609375,0,1,-1.819756031036377,11.183634757995605
715,RPF1,"RPF1, ARMCX6, GPBP1L1, NUBPL, TMEM181",6.568653210404746e-05,2.304312229156494,4,0,-0.14944592118263245,9.479799270629883
716,NFIL3,"NFIL3, IER5, ARID4A, ZNF394, SLC4A7",0.07258361797497245,13.113592147827148,0,6,-0.8358497023582458,13.336939811706543
717,RPS28,"RPS28, CSTF1, MRPL12, PRKAR2A, IFT20",0.0001078435601708242,2.1187424659729004,1,1,2.209105968475342,10.043963432312012
718,SOS2,"SOS2, RALGAPA1, CLDND1, RAB8B, ZNF397",0.06204632175028137,8.930919647216797,0,9,1.5957348346710205,12.90524959564209
719,ATF4,"ATF4, CCNB2, PIK3CB, ARMC8, SMIM7",0.0003941191926242848,3.304037570953369,3,4,3.06738018989563,12.115336418151855
720,SPCS2,"SPCS2, YLPM1, PAIP1, TMEM179B, SRA1",2.941188004658842e-05,2.1910359859466553,6,9,0.8843461871147156,14.289102554321289
721,NBPF1,"NBPF1, POLR1E, WWP1, ORC2, CHMP4B",0.00024117741638202502,2.7797341346740723,8,1,1.51992928981781,13.011980056762695
722,CNOT6L,"CNOT6L, CHD4, DENND4C, PTRHD1, MLLT11",0.0015362805344334683,5.862557888031006,3,8,-0.11839740723371506,9.33598518371582
723,CERK,"CERK, FAM229B, SLC25A24, ARHGAP17, SNRPD3",0.019168702622363226,5.417145729064941,0,0,1.3529362678527832,11.02347469329834
724,TACC3,"TACC3, ZNF562, PPP2CA, ISG15, ASAH1",0.0007147086851320985,3.7088847160339355,25,1,1.4787845611572266,12.69194221496582
725,RNF114,"RNF114, TP53BP2, METTL3, GMNN, TPRKB",4.705900807454147e-05,2.5181925296783447,14,9,-0.20604777336120605,13.55436897277832
726,ILK,"ILK, DENND5A, ERCC6L2, RILPL2, FBXO34",0.030844238604857275,7.7698869705200195,4,9,-0.22038015723228455,14.297447204589844
727,SSR2,"SSR2, TMEM59, PPP1R12A, PNPLA8, CANX",0.013796132533853074,14.660173416137695,2,3,-0.514174222946167,11.45854663848877
728,UBAP2,"UBAP2, SH2B3, MORN2, TMEM18, DCAF11",0.015389276036376614,8.850050926208496,0,1,-2.2248973846435547,10.585716247558594
729,CNOT3,"CNOT3, SLC25A17, ASB1, LRWD1, ZNF445",0.008063757112772992,10.173514366149902,0,1,-2.9020438194274902,10.728833198547363
730,MAD1L1,"MAD1L1, TK1, TMX1, ADIPOR1, C15ORF40",0.018001050984513666,4.966472148895264,7,4,2.579152822494507,12.936538696289062
731,XRCC4,"XRCC4, UBAC2, CTNNBIP1, BANP, RETREG2",0.018320660081019926,9.003080368041992,0,5,3.1028358936309814,9.368878364562988
732,PNISR,"PNISR, USF3, RBM25, MTMR9, ENTPD4",0.009272585382687775,10.175000190734863,0,6,-0.6806867718696594,11.9180269241333
733,PDE4DIP,"PDE4DIP, SBDS, B4GALT1, TMEM165, THADA",0.00030392276048141366,3.2653017044067383,1,4,2.963115930557251,12.005716323852539
734,PHF19,"PHF19, TERF2, MRPL15, EZH2, PRKDC",5.000019607920031e-05,2.1473021507263184,17,5,4.092416286468506,9.811638832092285
735,PKM,"PKM, PTOV1, MAN2B1, HDAC1, ZMYND11",0.0023137345636649554,4.228901386260986,17,4,2.8441712856292725,12.582084655761719
736,ANKRD13A,"ANKRD13A, CLASRP, PHAX, ALKBH4, XXYLT1",0.009785332491499966,6.960198402404785,0,6,-3.125248670578003,12.18465805053711
737,PAK2,"PAK2, MAP4K5, CDC37, OCIAD1, UBXN4",0.009013760838277797,5.788276672363281,11,9,0.5916840434074402,14.591191291809082
738,SF3B2,"SF3B2, ARPC1B, NIPAL3, NSMCE2, RAB11A",0.009704940019372625,9.379826545715332,2,0,-0.5453051924705505,10.627381324768066
739,PRPF38A,"PRPF38A, CTBS, FYTTD1, STX16, SORBS3",5.686296809007094e-05,2.971771717071533,17,0,-0.4813854396343231,13.191934585571289
740,SRPK2,"SRPK2, CHD9, FTSJ3, SACM1L, GRN",0.00933729151879027,12.72162914276123,8,3,-0.5732653737068176,10.68177318572998
741,SOD1,"SOD1, GET3, ZNF609, TRA2B, IP6K2",0.006771595182726207,11.188454627990723,3,6,-2.8020381927490234,12.425765991210938
742,STRN4,"STRN4, ERCC4, CKAP5, ZNF121, GTF2E1",0.0037304067859089646,12.430235862731934,1,7,4.319645404815674,8.705726623535156
743,SRSF7,"SRSF7, LRRFIP2, COX8A, ITPA, ACTN4",7.843168012423579e-05,2.533207654953003,0,6,-0.825129508972168,14.1246337890625
744,PCM1,"PCM1, PGK1, USP25, PDE7A, HNRNPK",0.0014441233102874913,5.017000198364258,3,3,2.0499460697174072,13.45661449432373
745,MRPL38,"MRPL38, ABCF1, RRP1, BCLAF1, ZNHIT3",7.843168012423578e-06,1.9055814743041992,1,7,3.9584147930145264,9.333663940429688
746,SAP18,"SAP18, BAZ2A, KANSL1, CEBPB, SEPTIN7",0.00881179926195789,8.150056838989258,5,1,0.6625974178314209,12.039470672607422
747,NOL12,"NOL12, TP53I3, CSNK2A2, CNOT11, ZNF195",0.016395162333969936,14.459351539611816,5,3,-3.166088104248047,11.136828422546387
748,EXOSC7,"EXOSC7, MMGT1, TMX2, SEPTIN7, MCRS1",0.0070627727951874325,12.21672534942627,1,3,-3.035113573074341,10.201911926269531
749,ARHGDIA,"ARHGDIA, RDX, UBR2, EPS15, SEPTIN6",0.012523578523837349,5.708455562591553,8,4,2.5271496772766113,11.837712287902832
750,MT-CO1,"MT-CO1, RPLP1, RPL38, RPS15A, RPL29",0.0061215926336966025,4.419727325439453,0,4,3.2784197330474854,11.943231582641602
751,NCOR2,"NCOR2, FEZ2, FGFR1OP2, ATP6AP1, VPS35",0.004380409334938568,5.551277160644531,2,9,-0.6606696844100952,13.506844520568848
752,TRAPPC8,"TRAPPC8, HIPK1, MRPS10, LIMS1, RNPS1",0.0003362758285326609,2.8817367553710938,7,9,1.6150184869766235,12.628375053405762
753,ATRX,"ATRX, DAD1, ST13, NKAPD1, LUC7L3",0.0007205910611414163,3.336413860321045,3,6,0.02741985209286213,10.575084686279297
754,MAK16,"MAK16, TOMM40, KIF14, NQO2, PAICS",8.823564013976526e-06,1.593123435974121,2,5,0.9750601053237915,13.004791259765625
755,ING5,"ING5, SIN3B, NTPCR, CASP6, DCAF15",0.002303930603649426,6.430813312530518,24,1,-2.151301622390747,11.184632301330566
756,ETS2,"ETS2, RFX7, TOB1, NPTN, AAK1",0.00882846599398429,7.655257225036621,19,6,1.1420985460281372,9.726276397705078
757,KATNA1,"KATNA1, ARMC1, CRNKL1, SWI5, NUP160",0.012052988443091934,16.114212036132812,2,6,-2.464163064956665,12.224355697631836
758,ANKRD54,"ANKRD54, DAG1, CEP55, STXBP4, INTS1",0.004480409727096969,4.228322982788086,0,5,3.139197587966919,9.607325553894043
759,CDKN1B,"CDKN1B, LIMA1, CHURC1, PDS5A, CMTM3",0.007313754171584986,8.393206596374512,24,1,-1.4973785877227783,10.500823974609375
760,KMT2A,"KMT2A, TERF2IP, ASAH1, PKN2, PLD3",0.0065363001423535,5.014132499694824,2,3,1.3820127248764038,13.908005714416504
761,CNDP2,"CNDP2, CYBC1, CCDC59, FAF1, FTH1",0.002120596551359025,5.083588600158691,13,4,0.7442266345024109,10.295320510864258
762,TRAPPC2,"TRAPPC2, PRRC1, NUP133, LY6E, RSL24D1",0.006548064894372135,9.525405883789062,0,1,0.18058274686336517,11.625838279724121
763,ZXDC,"ZXDC, ZBED5, PIGC, PCMTD2, RPF1",0.009984352879815216,7.0015482902526855,0,0,3.014775037765503,9.976564407348633
764,NR3C1,"NR3C1, CEP78, ZNF143, GUCD1, PDK1",0.013434366409280037,10.3074951171875,0,6,0.7112330794334412,9.940613746643066
765,KLHL42,"KLHL42, ATP2A2, GNA12, GEMIN4, ZNF561",0.006011788281522673,6.4213361740112305,0,5,3.6253671646118164,9.189691543579102
766,TOPBP1,"TOPBP1, RBM33, HOOK3, PSME4, APH1A",0.006131396593712132,11.922039031982422,27,6,-1.4740029573440552,12.02420711517334
767,MCUB,"MCUB, NSMCE2, SIVA1, MRFAP1, TYMS",0.0007882383852485696,3.555124044418335,12,6,-3.0684611797332764,12.254262924194336
768,SLTM,"SLTM, NIPA2, LSM14A, DCTPP1, EEF1E1",0.004325507158851603,10.428842544555664,14,3,-0.5592882633209229,10.556224822998047
769,LAP3,"LAP3, TMEM35B, TERF2IP, HECTD1, ATE1",0.007194145859395527,5.044785976409912,17,4,0.768195629119873,10.594063758850098
770,RPL36AL,"RPL36AL, ZC3H8, TAOK1, NRBF2, NDUFAF2",0.00033039345252334324,3.1104724407196045,0,6,0.07532045245170593,14.318387031555176
771,SPIN1,"SPIN1, RILPL2, PSPC1, KIF16B, CCDC186",0.015662806520809886,6.972926616668701,0,9,1.3501791954040527,10.774374008178711
772,POLR1E,"POLR1E, TLK1, PTEN, SF1, ASB3",0.00010882395617237714,3.193690061569214,8,3,1.934845209121704,13.48006534576416
773,NUTF2,"NUTF2, AGFG1, CIAO2A, BTF3L4, GSK3B",0.01428044815862023,5.8331499099731445,1,9,2.24597430229187,13.737262725830078
774,AKAP9,"AKAP9, STMP1, SF3B5, RALY, SUMO2",0.00012352989619567135,2.3726208209991455,8,9,-0.39369505643844604,13.497455596923828
775,LRRC75A,"LRRC75A, TLNRD1, SACM1L, NBPF1, HEXD",0.0001950988043090365,2.68908953666687,0,1,-2.206085205078125,10.522497177124023
776,C1ORF50,"C1ORF50, PHF6, CDK11B, NIPA2, AUP1",0.004400017254969627,11.44090461730957,13,1,-2.4489386081695557,10.492867469787598
777,COG5,"COG5, RAD23A, PHC3, RPS19BP1, TRA2A",0.027714814567900266,9.111276626586914,14,4,3.958982229232788,11.194305419921875
778,SBF1,"SBF1, TMEM134, TMEM128, FH, EMC4",0.001206867477911678,3.626863479614258,0,3,0.7543822526931763,12.600258827209473
779,PRPF38A,"PRPF38A, TGIF2, TMEM170A, FYTTD1, UBE2D3",0.00437452695892925,6.243274688720703,3,9,-2.0970370769500732,11.017288208007812
780,PPM1A,"PPM1A, C5ORF24, POLR3G, RPS11, MRPL1",0.00010686316416927125,2.1410465240478516,26,9,-0.7011691331863403,13.611227035522461
781,ZMYND8,"ZMYND8, ACADVL, BLVRA, USP15, CISD3",0.016370652433931113,6.416274547576904,5,6,2.792595148086548,9.670249938964844
782,FAH,"FAH, OSBPL2, SLC25A39, HIBADH, RCAN1",0.009794156055513942,9.444930076599121,0,3,-3.031475305557251,10.803955078125
783,<SPECIAL>,"<SPECIAL>, RPL8, SLC20A1, SLC25A12, HLA-C",0.00111765144177036,71.79022216796875,10,2,2.0862765312194824,12.309996604919434
784,MSL3,"MSL3, APPBP2, UBE2G1, DEDD2, PSKH1",0.013916721242044086,7.125329971313477,0,9,1.392877459526062,10.542235374450684
785,BRCC3,"BRCC3, MYO19, BIVM, GNPDA2, ECSIT",0.002299028623641661,5.980589389801025,2,5,3.5309128761291504,9.562533378601074
786,MTIF2,"MTIF2, THOC7, ACTR6, PYURF, PPM1D",1.470594002329421e-05,1.747772216796875,1,6,-0.6663632988929749,12.259724617004395
787,SPRED2,"SPRED2, TGFB1, CLK4, TPRKB, CENPF",0.0007598069012035341,3.775225877761841,38,0,0.4425913095474243,14.717061996459961
788,BBIP1,"BBIP1, CYBC1, FBXO3, PIGL, PRPSAP2",0.005864728881289731,5.372609615325928,0,1,2.0731139183044434,9.941808700561523
789,RICTOR,"RICTOR, RRBP1, RAB7A, PIAS1, PDS5B",0.011709849842548402,13.651570320129395,5,0,-1.3023730516433716,13.291755676269531
790,JARID2,"JARID2, FNDC3A, NCBP3, TMEM165, GPX4",0.003817662030047177,6.559183597564697,3,0,-1.20215904712677,11.089689254760742
791,NDUFA4,"NDUFA4, EEF1B2, COX4I1, MT-ND5, RPS10",0.001002945109588665,9.673978805541992,0,8,3.7166125774383545,9.875764846801758
792,MTLN,"MTLN, USP14, B3GAT3, NOC3L, LENG1",0.007139243683308562,8.258203506469727,5,6,-2.2179574966430664,11.91266918182373
793,TNFAIP8L1,"TNFAIP8L1, BAZ2B, HLTF, ARPC5L, CLTA",0.0018951054710018471,4.316173553466797,6,3,0.48359787464141846,12.475440979003906
794,PTRH1,"PTRH1, UCK1, ZRANB3, USP13, CLP1",0.0001098043521739301,2.4821081161499023,1,1,1.362626075744629,14.283439636230469
795,SDHB,"SDHB, HPS1, MRPL36, MPLKIP, APPL1",0.00025392256440221335,3.947166919708252,10,6,-2.515648365020752,12.789228439331055
796,TRNT1,"TRNT1, C8ORF82, VKORC1L1, POLR3F, LRRC47",0.0024460880238746036,10.38904857635498,0,7,3.337092638015747,9.005547523498535
797,DAPK3,"DAPK3, ARRDC1, GTF2H2, TELO2, ANKRD50",0.009056898262346126,7.759075164794922,0,1,-2.6483728885650635,10.537588119506836
798,RPS10,"RPS10, HNRNPA1, HSP90AA1, SDHAF3, HNRNPDL",3.235306805124726e-05,2.7798538208007812,5,3,3.732442855834961,9.389683723449707
799,RELCH,"RELCH, STAT6, MMP24OS, ORMDL1, TXNRD1",0.00816669869293605,8.258376121520996,11,8,-0.14879578351974487,9.401226043701172
800,ZDHHC5,"ZDHHC5, UTP23, ARFIP1, ARFGAP1, ITGB1BP1",0.0047931560515923595,6.519313335418701,1,5,3.442904472351074,9.525395393371582
801,UBE2R2,"UBE2R2, ATP2C1, RBL2, NCOR2, MAP3K2",0.04276487358773956,7.061189651489258,5,9,1.7129372358322144,13.544859886169434
802,RRP15,"RRP15, ARL2BP, PLEKHF2, KAT2A, BLM",0.009060819846352338,13.64480972290039,4,3,-2.883661985397339,10.327766418457031
803,RPL9,"RPL9, RPL15, MT-ND3, RPL14, RPL23A",0.000130392668206542,3.0486271381378174,2,8,1.6988681554794312,12.822309494018555
804,SINHCAF,"SINHCAF, ACADVL, SHISA5, ZFYVE16, GADD45A",0.00667943795858023,4.567819595336914,3,4,2.9178476333618164,11.72166919708252
805,MRPL20,"MRPL20, UBE2J2, SMCHD1, IMPDH1, UTP23",0.004927470303805113,7.972445011138916,6,6,-2.538935661315918,11.915277481079102
806,PSMA1,"PSMA1, NDUFS8, LCOR, ARID4B, SLC3A2",0.00011666712418480072,2.3912737369537354,7,9,0.7560539841651917,14.049432754516602
807,SH3BGRL3,"SH3BGRL3, RPL37, JUNB, S100A10, RPL27A",0.0009019643214287114,15.963242530822754,0,8,0.04155648872256279,8.940845489501953
808,MRPL18,"MRPL18, RELCH, SF3B2, PALB2, RTF2",0.0025862846520966747,5.2804059982299805,9,4,2.7587149143218994,10.975709915161133
809,GOLT1B,"GOLT1B, NELFA, COA5, CCDC32, RARS2",0.003181385025039314,4.1927385330200195,0,6,0.6845895648002625,10.288097381591797
810,COX6A1,"COX6A1, YTHDF1, POLDIP3, UNG, COX19",0.005929435017392225,9.378802299499512,0,3,-3.0383477210998535,10.230525970458984
811,ZNF587,"ZNF587, E2F1, HEATR6, POLE, MRPS10",0.0008509837293479583,3.2003467082977295,2,5,3.2696340084075928,10.414880752563477
812,ARL3,"ARL3, NT5C3A, CNOT1, NELFE, AKAP8L",0.0001431378162267303,3.098087787628174,32,1,0.028591278940439224,9.701751708984375
813,RIT1,"RIT1, MRPL3, RPS6KB2, USF2, CEBPZOS",3.8235444060564946e-05,2.1760175228118896,2,3,0.7876863479614258,12.210022926330566
814,NDUFB2,"NDUFB2, CTSA, SLC25A1, SMAGP, EIF5B",0.0025460884160330042,5.966259956359863,2,0,2.9107015132904053,11.299860954284668
815,GTF3C3,"GTF3C3, FAHD1, UBFD1, NSA2, PLCXD1",0.00039706038062894364,2.7352280616760254,0,1,1.3453636169433594,12.666069984436035
816,ARHGAP1,"ARHGAP1, TMEM80, LCOR, EYA3, EXOC7",0.025947160577100302,11.395881652832031,2,0,-0.1482454538345337,10.23987102508545
817,RPA1,"RPA1, RDX, EIF5, TPM3, ATP6V1G1",0.0028392268204973353,11.204249382019043,4,1,-1.7167805433273315,10.65583610534668
818,RPF2,"RPF2, RCC1, CNOT11, NOL12, POLD3",0.0004774528527562853,2.9718072414398193,10,5,3.770836353302002,9.758811950683594
819,IFRD2,"IFRD2, CDC20, LIMA1, EIF4H, DDX6",0.003509817685559551,10.926321029663086,19,1,0.17830176651477814,10.825087547302246
820,SNRPD2,"SNRPD2, MYH10, RAP1A, RUNX1, CTNNB1",0.0019490272510872592,11.957361221313477,22,8,-0.3242894411087036,9.581872940063477
821,EPHX1,"EPHX1, SEPTIN9, MAGED2, DYNLRB1, RSBN1L",0.00351275887356421,4.347597122192383,2,4,1.0517189502716064,11.087087631225586
822,DHRS7,"DHRS7, PARL, ENO1, PYURF, SMC4",0.0048657053557072776,7.965440273284912,5,0,-2.682323694229126,12.543965339660645
823,DDX27,"DDX27, NMT1, PHF10, TMEM43, FBXL12",0.01002258832387578,10.962712287902832,0,1,-2.245741128921509,11.191104888916016
824,MED17,"MED17, TMEM60, NTAN1, NOA1, GIGYF1",0.009257879442664482,6.478463172912598,0,5,3.594848155975342,9.342278480529785
825,EIF2S3,"EIF2S3, PCBP1, RGS10, ANKRD17, GDI2",6.960811611025925e-05,3.058096408843994,7,9,0.2739448845386505,13.680231094360352
826,<SPECIAL>,"<SPECIAL>, TFRC, RPL8, SLC25A12, SRM",0.0010078470895964298,70.04368591308594,1,2,1.833734154701233,10.411873817443848
827,PRDX4,"PRDX4, ENSA, CACYBP, HNRNPAB, CCT6A",0.013294169781057965,8.485159873962402,2,4,4.283928394317627,11.159388542175293
828,NOP53,"NOP53, MZT2A, B3GAT3, SLC39A4, TIMM8A",0.007276499123525975,11.527338027954102,5,6,-1.7472007274627686,13.232381820678711
829,MRPL36,"MRPL36, NELFE, CC2D1A, QDPR, DDAH2",0.014432409538860937,9.724969863891602,2,6,-2.4090819358825684,12.330251693725586
830,NADK,"NADK, DONSON, ELK4, ZHX1, CASC3",0.007376499515684375,9.350619316101074,0,6,-2.8977460861206055,12.268356323242188
831,POM121,"POM121, GTPBP8, NT5DC2, MTX1, NUP153",0.013578484621508319,9.585994720458984,1,5,4.330676555633545,9.05907917022705
832,EIF4A1,"EIF4A1, BAD, TMEM50B, BAG6, NUP58",0.009599057251204907,9.961953163146973,26,0,-0.4861716330051422,10.110786437988281
833,CD99,"CD99, TOMM7, CFL1, PPP1R15A, COX4I1",0.005979435213471425,13.835768699645996,2,8,-0.35443007946014404,9.436092376708984
834,GGA3,"GGA3, ACOT8, RRP36, RNF2, CLPB",0.00019313801230593061,2.165311813354492,1,5,2.7638652324676514,9.704916000366211
835,RPS24,"RPS24, RPS28, RPL39, RPL30, RPL11",0.0002990207804736489,3.5631840229034424,0,8,3.401845932006836,10.180809020996094
836,EIF2AK1,"EIF2AK1, LIMK2, BRIX1, ACD, YIPF6",0.01088729759724548,11.787845611572266,0,1,-2.4168615341186523,10.75842571258545
837,METTL16,"METTL16, POLR1E, TMEM218, MSRB2, NHLRC2",0.00020392236832301303,2.517772912979126,2,1,1.7414698600769043,13.010973930358887
838,SRF,"SRF, BTBD2, DERA, FOXK1, XXYLT1",0.017638304463939075,8.783161163330078,0,9,2.370997905731201,10.049885749816895
839,ZNF574,"ZNF574, PPP2R3B, IRAK4, HDHD2, ANKRD52",0.009622586755242177,9.377528190612793,0,1,1.12111234664917,10.124778747558594
840,EEF1E1,"EEF1E1, SPCS2, KRTCAP2, IDH2, DHRS7",0.00011666712418480072,3.281507730484009,4,5,3.417024850845337,9.258797645568848
841,NHP2,"NHP2, ARPC3, CBX3, SLU7, MRPL10",6.176494809783567e-05,2.253620147705078,0,1,0.9033659100532532,12.141841888427734
842,ATP5MC3,"ATP5MC3, CIB1, RNF7, ATF5, PTP4A2",0.0019156937870344589,3.8782131671905518,2,4,2.6984965801239014,12.827031135559082
843,MAPK14,"MAPK14, SPPL2A, UBE2A, ORC4, HEXB",0.005832375813238483,7.231025218963623,5,0,-0.1537938416004181,10.012619018554688
844,SDCBP,"SDCBP, NUFIP1, PPP2CB, ZKSCAN8, ZNF33B",0.011583378758348072,5.148746490478516,0,5,3.9035212993621826,9.587148666381836
845,TUBB4B,"TUBB4B, SLC38A2, SLC30A9, FXR1, CES2",0.0024333428758544153,5.227034091949463,0,0,-1.7209705114364624,11.527444839477539
846,ANKIB1,"ANKIB1, SLC25A6, FOXP1, IER3, TTC3",0.007872579892470167,10.885063171386719,10,1,-0.42015716433525085,11.108436584472656
847,ITGAE,"ITGAE, PIGG, VEZF1, SS18L2, ZC3H15",1.6666732026400104e-05,1.6770975589752197,0,3,1.500234603881836,14.364559173583984
848,VPS8,"VPS8, RAPGEF6, ETV6, CLK1, TOB2",0.06669143800563924,10.487700462341309,0,9,-0.5591338276863098,13.54157543182373
849,SHISA5,"SHISA5, TBC1D10B, LCMT1, PTGES3, MTIF3",0.0006431397770187334,4.411540508270264,0,1,-1.9787648916244507,10.407790184020996
850,KANSL3,"KANSL3, TOE1, DYRK4, CDT1, TRMT11",0.001973537151126083,5.470832347869873,1,6,0.007104864344000816,10.285840034484863
851,ARMC10,"ARMC10, MAPK1, SLC11A2, KLHL42, GMFB",0.0035049157055517866,5.375380039215088,13,6,-2.1781253814697266,12.099959373474121
852,HEXA,"HEXA, IER3IP1, REST, ATP6V1H, ATR",0.01681771301063926,4.240068435668945,17,4,2.839308261871338,12.221569061279297
853,DAP,"DAP, CEBPG, ENTPD6, RIF1, TRIM11",6.176494809783567e-05,2.025221109390259,3,6,-0.8176961541175842,13.355721473693848
854,ZNF746,"ZNF746, GCN1, PUS1, SPC24, NCLN",0.003195110569061055,24.712461471557617,0,7,1.7419099807739258,13.866580963134766
855,SERTAD2,"SERTAD2, PET100, RNASEK, NSL1, TAOK1",0.006249044113898486,10.700319290161133,17,0,-3.0381181240081787,11.152974128723145
856,SMC4,"SMC4, PSMC5, SEC11A, MRPS6, AKR1A1",0.005250020588316032,8.898382186889648,10,3,-3.565819025039673,11.346532821655273
857,KTN1,"KTN1, CLK4, HSPA5, RBM45, CEBPZOS",0.0026264808881603457,5.518270015716553,1,0,1.8774739503860474,10.902589797973633
858,CNIH4,"CNIH4, PEA15, TMEM80, OGFR, LENG8",0.003274522645186844,3.900446653366089,0,3,-0.7376643419265747,12.44273853302002
859,NUDCD2,"NUDCD2, ERCC1, GATAD2A, DDX31, TM2D3",9.901999615684768e-05,2.8646230697631836,17,8,-0.5269550681114197,13.05435848236084
860,CSTB,"CSTB, TPI1, TRIP12, COA3, PRDX2",4.313742406832968e-05,1.9839046001434326,19,4,-0.06245600804686546,13.265355110168457
861,PRKAR1A,"PRKAR1A, TBC1D23, HSPH1, COX20, UGP2",0.006742183302679618,11.585949897766113,1,6,-1.0470643043518066,11.085469245910645
862,TMEM134,"TMEM134, ALDH9A1, IST1, MXD4, SLC35C2",0.013750053921780086,10.494873046875,0,1,-2.6881773471832275,10.622584342956543
863,RCOR3,"RCOR3, ARL5A, ANKRD11, SPATS2, DOCK7",0.00039117800461962597,5.138112545013428,6,1,0.7040138244628906,13.535438537597656
864,KIAA1191,"KIAA1191, MZT2B, VPS29, NDUFB8, HDAC2",0.0017009870626943635,7.048486232757568,0,3,1.6611649990081787,13.864097595214844
865,SWI5,"SWI5, ZMYM4, TMEM35B, LRP10, PREPL",0.0037166812418872232,11.786412239074707,7,6,-1.997909665107727,10.976654052734375
866,NUP160,"NUP160, APC, SSU72, CAP1, PRMT2",0.003959819450272354,11.19880485534668,10,6,-3.1436331272125244,12.445606231689453
867,HDAC8,"HDAC8, TMEM63A, SSU72, NSMCE2, GUSB",0.012124557351205299,12.22629451751709,17,0,-1.7131049633026123,11.378007888793945
868,CASP6,"CASP6, ING5, RC3H2, POLR2B, SCCPDH",0.009275526570692433,12.645347595214844,0,6,-2.369025230407715,11.518052101135254
869,ARHGEF2,"ARHGEF2, GALNT1, ZNF800, CD46, ERG28",0.007045125667159479,4.471700191497803,8,4,2.929352283477783,10.02432918548584
870,TUBGCP2,"TUBGCP2, TFPT, SMIM8, UBA1, SOAT1",0.0032686402691775264,7.810506820678711,1,6,-2.215355396270752,12.325315475463867
871,POLD1,"POLD1, RPUSD4, SFXN4, STK35, PNN",0.0028411876125004412,6.501442909240723,10,6,-2.919281482696533,11.838117599487305
872,HIBCH,"HIBCH, TONSL, BTG3, RBBP4, SINHCAF",0.0066294377625010295,5.078732490539551,31,4,3.001249074935913,12.412023544311523
873,PTOV1,"PTOV1, DNAJC8, MCM4, HIKESHI, DTD2",0.00030588355248451957,3.1311538219451904,18,5,3.0368380546569824,9.643501281738281
874,DUSP11,"DUSP11, RNPC3, DYRK1A, TOMM6, AVL9",0.03565308099247448,8.746720314025879,0,3,0.5197967290878296,13.985848426818848
875,PNKP,"PNKP, LDAH, BAK1, COLGALT1, RASSF1",0.0026490299961960634,4.6467742919921875,0,6,-0.6671991944313049,12.905817985534668
876,TRNT1,"TRNT1, ARFIP2, MED14, HPS1, MBTPS1",0.0143539778587367,7.88215970993042,0,5,3.258474826812744,9.45474624633789
877,EXT2,"EXT2, ANKRD39, KLF3, MOB2, CMAS",0.00894513311816909,11.345303535461426,1,6,-2.198009729385376,12.172479629516602
878,MED1,"MED1, FOXN2, MCTS1, TRIM8, ATM",0.002696089004270605,5.499493598937988,4,6,-2.7320213317871094,12.411523818969727
879,BET1L,"BET1L, CEP70, R3HCC1L, APAF1, SNAPC5",0.01724516566731634,6.602531433105469,1,6,1.0007091760635376,10.05479621887207
880,ZBTB43,"ZBTB43, PDZD11, SELENOO, COPB1, IPO8",0.007002968639092702,9.130345344543457,0,6,-2.7936902046203613,12.347342491149902
881,ARRB2,"ARRB2, N4BP2L2, RRAGA, SUPT3H, CCNL1",0.003624524017741246,7.587074279785156,5,8,-1.1788679361343384,10.053068161010742
882,WRAP53,"WRAP53, MTRR, C2ORF69, MRPL39, SMAP2",0.00198922348715093,4.561120986938477,2,3,0.10304054617881775,11.960004806518555
883,RACK1,"RACK1, PABPC1, BTG1, COX7C, PARD3",0.0013068678700700787,9.565377235412598,0,8,0.07072095572948456,9.600296974182129
884,TPM4,"TPM4, YWHAB, CD151, QSOX2, NCOA4",0.011694163506523554,12.89541244506836,1,1,-0.4695540964603424,12.232885360717773
885,POLRMT,"POLRMT, ARHGAP19, RBM12B, PPP1R8, ANKRD40",0.0023647151557457087,22.420122146606445,5,7,4.209294319152832,8.787747383117676
886,MAP1LC3B,"MAP1LC3B, BABAM2, DDB1, RFC5, DYNLRB1",0.00624022054988451,10.318785667419434,3,3,-3.2302956581115723,10.630556106567383
887,ARMCX3,"ARMCX3, TNIP2, PAICS, DERL2, KPNA1",0.0083990525453041,5.460639476776123,2,9,1.682466745376587,13.493406295776367
888,AGFG1,"AGFG1, POLR3E, KIF22, FUBP1, CCDC25",0.005248059796312926,3.7714905738830566,11,5,3.7564117908477783,9.920180320739746
889,MED17,"MED17, PHKB, APAF1, KIAA1191, NOA1",0.00933729151879027,6.117913246154785,2,6,2.274334192276001,9.8208589553833
890,TPM4,"TPM4, POFUT1, NRDC, HMG20A, WASF2",0.01000592159184938,7.044136047363281,12,1,-0.6558634042739868,11.842576026916504
891,DDA1,"DDA1, HNRNPLL, CDC40, JADE1, SMARCE1",3.333346405280021e-05,2.2358131408691406,5,3,1.2365803718566895,13.66910171508789
892,NUDCD1,"NUDCD1, TRIT1, CKAP5, C17ORF58, TMEM97",0.0018235365628884819,22.833349227905273,3,7,4.290193557739258,8.714390754699707
893,SAFB,"SAFB, CHCHD1, MBD4, CENPM, DDX28",0.001527456970419492,2.907526731491089,12,4,2.9704535007476807,11.460733413696289
894,SH3GLB1,"SH3GLB1, EXOSC8, YME1L1, PITPNB, THOP1",4.0196236063670835e-05,2.0787744522094727,5,4,0.5943509340286255,14.7147798538208
895,TRNT1,"TRNT1, UGGT1, MBIP, DEF8, ATM",0.01206475319511057,10.840630531311035,7,3,-3.214277505874634,10.461864471435547
896,HEATR1,"HEATR1, ERI1, PSRC1, HAUS6, GOLGA5",0.015672610480825414,8.21108627319336,0,6,-1.7856042385101318,11.728915214538574
897,RSRC2,"RSRC2, PJA2, PDLIM1, KIF5B, HNRNPH3",0.0036470731257769637,6.935215950012207,2,0,-1.3626927137374878,11.536189079284668
898,LYRM7,"LYRM7, METTL3, DESI1, LRR1, GPN2",0.004421585967003793,6.218075275421143,0,1,-2.078033685684204,10.339909553527832
899,NOL7,"NOL7, PNRC2, TMEM50B, ZNF644, WASHC3",0.007051008043168797,6.247781753540039,0,4,2.993882417678833,10.722712516784668
900,TATDN2,"TATDN2, PIGS, ATP13A2, RSAD1, SH3GL1",0.010514747116655359,8.422469139099121,1,6,-2.2916719913482666,12.011148452758789
901,NTHL1,"NTHL1, TUBB2A, RAP1B, NDUFA5, NDUFB2",0.0036000141177024224,6.20448112487793,42,6,-3.0798912048339844,11.957301139831543
902,RPRD1A,"RPRD1A, RPS12, MRPL12, DGCR6L, PRKAR2A",4.215702806677673e-05,2.788677215576172,44,8,1.0347496271133423,14.08000659942627
903,ELOF1,"ELOF1, MRPL4, NUP58, TUBGCP3, VCP",0.0005254922568323797,2.942643642425537,3,3,-0.49687981605529785,13.228217124938965
904,NME1,"NME1, ARPC2, SRRM1, MNAT1, RAB1A",0.008653955505707866,10.833714485168457,15,0,-2.1177563667297363,10.45263671875
905,MANBAL,"MANBAL, TBC1D14, POLA1, GEMIN8, EHBP1L1",0.015006921595770963,9.084040641784668,0,3,-3.027689218521118,10.743494033813477
906,ADD3,"ADD3, JARID2, UVRAG, CNPY3, XBP1",0.00388530935415433,6.931870937347412,33,4,-0.8592228889465332,14.332443237304688
907,SMAP2,"SMAP2, RAB7A, PAIP2, ATM, STXBP5",0.0052382558362973975,10.190539360046387,22,0,-1.532562255859375,11.384495735168457
908,STK35,"STK35, OTUD4, NADK2, CDCA3, ARL17A",0.014860842591539575,7.238311767578125,0,5,3.4098052978515625,9.701462745666504
909,SP100,"SP100, ITPR1, ANLN, ATP2B1, MON2",0.006314730646002534,4.899487495422363,2,4,3.532747983932495,11.955106735229492
910,MPRIP,"MPRIP, PPP6R2, ATP6V1H, AVL9, ITGB1",0.0008274542253106875,4.2197957038879395,4,1,1.5269731283187866,12.55312442779541
911,PPP3CC,"PPP3CC, CREBBP, LAMTOR4, EIF3F, ANKS1A",0.00012941227220498905,3.7097043991088867,2,8,-2.9183671474456787,11.127130508422852
912,FLOT2,"FLOT2, WDR45B, NDUFA1, ITPA, RECQL",0.000427452656677085,3.1006107330322266,2,0,1.8598185777664185,11.57154655456543
913,TRAPPC1,"TRAPPC1, ATP5F1C, GOLPH3L, ARHGEF7, MARCKSL1",0.002786285436413476,6.907817840576172,2,9,-0.6222802996635437,11.846911430358887
914,DCAF15,"DCAF15, IKZF5, C8ORF82, PUM1, METTL8",0.01485888179953647,8.430296897888184,4,5,3.655961036682129,9.618207931518555
915,SQSTM1,"SQSTM1, CSNK1D, STX4, NDUFAB1, KMT2A",0.0007117674971274397,3.6772477626800537,9,4,2.2748711109161377,11.858917236328125
916,EXOC7,"EXOC7, NNT, TRIM4, CCDC14, SLC25A38",0.00025196177239910744,3.478386878967285,0,3,-0.915130615234375,12.913516998291016
917,PAK1IP1,"PAK1IP1, CCNG1, SAMD1, AKT1S1, PSMD10",0.0004235310726708732,3.6235954761505127,6,1,-1.8419638872146606,10.337228775024414
918,SLC25A36,"SLC25A36, HTT, UQCC2, PNPLA2, GABARAPL2",0.0023705975317550266,3.4980671405792236,10,4,2.7765591144561768,12.403351783752441
919,ARHGDIA,"ARHGDIA, SF1, VKORC1L1, FAM136A, AP1G1",0.0037509951019415763,8.036796569824219,24,3,-3.4091248512268066,11.326004981994629
920,CDKN1B,"CDKN1B, SLC25A26, TOB1, PHGDH, AP1M1",0.007327479715606728,7.64849853515625,1,0,0.6708357334136963,9.681550025939941
921,PARG,"PARG, RSRC1, INTS11, MRPS10, CIR1",0.01654320213020443,5.130871295928955,0,4,2.5760490894317627,12.428565979003906
922,RITA1,"RITA1, EIF3J, DHX33, CCDC106, PCBP2",0.007301009023564798,7.973491191864014,0,9,-1.7989838123321533,11.989246368408203
923,CAT,"CAT, ABR, CDK17, TGIF1, HMGB3",0.00531570712042008,9.710673332214355,8,8,-0.1178320050239563,9.192143440246582
924,ANAPC15,"ANAPC15, FNBP4, MTCH2, BDH2, CCDC138",4.313742406832968e-05,1.9148094654083252,13,9,-0.19727569818496704,13.803247451782227
925,MYL12B,"MYL12B, ZNF148, RPL23, ARF5, SETD2",0.004589233683269346,7.216381549835205,2,4,3.1625945568084717,12.004619598388672
926,SCAF8,"SCAF8, PIK3C3, TFCP2, EGLN2, UNC119",0.0006176494809783568,3.1668860912323,2,3,-0.48786666989326477,14.075881004333496
927,G6PD,"G6PD, RRAGA, ACTR10, HIVEP1, SURF1",0.007561794359977882,5.784399509429932,7,9,1.9039084911346436,11.183184623718262
928,BLVRB,"BLVRB, FIS1, ACTR3, RMI2, TFCP2",0.005659826116965165,6.462245941162109,1,1,0.16008223593235016,11.33924674987793
929,INO80C,"INO80C, MED21, NUP42, KANSL3, HMGCL",0.003811779654037859,6.045655250549316,0,5,3.6089861392974854,9.280513763427734
930,HES4,"HES4, ANP32E, CCNI, FKBP1A, TMEM230",0.008444150761375535,8.268573760986328,0,6,-1.4344509840011597,12.662740707397461
931,ZCCHC17,"ZCCHC17, RPSA, LUC7L, PIAS4, PSMD12",2.058831603261189e-05,1.929423213005066,1,5,3.9713714122772217,9.368269920349121
932,SUN1,"SUN1, TADA3, RSBN1, RPL26L1, MRPL9",0.0009264742214675351,3.032141923904419,16,9,1.0830659866333008,14.645394325256348
933,CTNNBIP1,"CTNNBIP1, PRIM2, RETREG2, MFHAS1, SART1",0.001355887670147726,4.521795749664307,4,6,-0.3022495210170746,12.164290428161621
934,SEPTIN9,"SEPTIN9, SYF2, ANKHD1, FIP1L1, EXOC6",6.274534409938863e-05,3.2552554607391357,5,8,0.6094259023666382,12.705740928649902
935,WDR33,"WDR33, MRPL43, PPIL4, STIM2, NDUFA13",0.00010294158016305947,2.4965269565582275,5,1,1.1710541248321533,12.076172828674316
936,ZMYM5,"ZMYM5, ZSWIM7, LACTB, ZC3H8, MFSD11",0.003581386593672916,4.667754650115967,0,0,1.8808311223983765,10.825422286987305
937,THOC1,"THOC1, RAP2B, VPS45, C4ORF46, PNPT1",0.012970639100545493,11.63158893585205,0,1,-2.0627236366271973,11.378068923950195
938,TMED5,"TMED5, GPX4, CANX, RPS27L, NANS",0.001302946286063867,7.035163879394531,4,8,0.96996009349823,13.864832878112793
939,NUP155,"NUP155, CHEK1, MRPS7, RAPGEF6, ZC3H15",0.002028439327213048,7.810452938079834,10,3,0.8700119853019714,13.641274452209473
940,USO1,"USO1, ZDHHC12, ZZEF1, AKAP17A, ATXN7",0.007250028431484045,8.430634498596191,1,0,0.24752388894557953,9.672904014587402
941,SUMO1,"SUMO1, RBM3, GUK1, EEF2, RAB11A",0.0104284722685187,12.497383117675781,8,0,1.6522526741027832,11.472744941711426
942,MARCKSL1,"MARCKSL1, C12ORF57, ITGB1BP1, CCDC77, PLEKHF2",0.0050970788120737725,11.182981491088867,1,3,1.4738855361938477,13.72950267791748
943,POLQ,"POLQ, LAPTM4B, IPO5, AGO1, SRPK1",0.00012745148020188314,6.877198696136475,7,9,1.2963536977767944,12.708332061767578
944,ARRB2,"ARRB2, MORF4L1, SKP1, TBCK, MCL1",0.0004421585967003792,5.002899169921875,5,8,0.890559196472168,11.874354362487793
945,BRIX1,"BRIX1, ZYG11B, CEP70, NUDT16L1, MED15",8.823564013976525e-05,2.649336814880371,0,9,-0.45577552914619446,13.645002365112305
946,RNF145,"RNF145, SSR2, TCF7L2, ADD1, MTR",0.009526507947089988,10.13231372833252,1,4,2.081587553024292,11.487363815307617
947,PTPRA,"PTPRA, ADAM10, UPF2, RASA2, TMEM256",0.03714524370683807,9.336647033691406,8,3,1.7331448793411255,13.360625267028809
948,SRSF11,"SRSF11, VPS16, PRRC1, ABCF3, ANAPC4",0.0051657065321824795,7.8356523513793945,0,6,-0.014762455597519875,11.900026321411133
949,MAP1LC3B,"MAP1LC3B, BMI1, NDUFB11, KMT2E, EIF4A1",0.004848058227679324,7.378497123718262,11,1,1.8515442609786987,13.296792030334473
950,LSM4,"LSM4, CCNH, PHIP, DHDDS, ELOB",0.005794140369177918,10.632050514221191,2,6,-2.269540548324585,11.928950309753418
951,POLR2M,"POLR2M, PQBP1, SUCLG1, SCAND1, DENR",5.294138408385915e-05,2.1688501834869385,2,6,-2.460557699203491,12.28380012512207
952,TAGLN2,"TAGLN2, NACA, EHBP1, MT-ND4L, IGF1R",0.0008088267012811815,8.577437400817871,0,8,-0.0895218774676323,9.13080883026123
953,MFSD14A,"MFSD14A, LETMD1, ALKBH7, NASP, SDCCAG8",0.00404805509041212,6.369049072265625,5,3,-0.11096427589654922,10.436572074890137
954,ORAI2,"ORAI2, BCL2L13, ADIPOR1, FAM3C, CBL",0.0013107894540762906,3.27420973777771,14,9,1.192886233329773,14.631372451782227
955,BET1L,"BET1L, CDK2, MFSD14B, LANCL1, TFB1M",0.011350044509978471,7.799771785736084,0,3,-2.8339152336120605,10.129048347473145
956,PNPLA2,"PNPLA2, RELCH, CNTRL, XRCC5, CNOT6L",0.052426676183043856,9.930893898010254,0,1,0.43199992179870605,11.820483207702637
957,IER2,"IER2, MT-ND1, HNRNPF, PGAM1, CSDE1",0.00030392276048141366,4.9862060546875,1,8,-0.9211887121200562,13.2425537109375
958,SPRED1,"SPRED1, DNAJB14, NFKB1, BNIP2, ZNF721",0.004612763187306617,8.770528793334961,3,8,-0.12872208654880524,9.29768180847168
959,NDUFB7,"NDUFB7, ACTR3, RAMAC, CALM3, HIGD1A",6.960811611025925e-05,2.534092426300049,5,9,1.3654801845550537,12.252873420715332
960,UMAD1,"UMAD1, PDHA1, PSMC5, ATP6AP2, PUM2",0.005690218393013306,10.693202018737793,9,0,-2.9774458408355713,10.732185363769531
961,NCOA1,"NCOA1, KLF6, PPDPF, FLNA, NOP53",0.009922587931717379,5.6991729736328125,24,8,3.295330047607422,12.034021377563477
962,JTB,"JTB, TOMM5, ATP5F1B, SRA1, CNOT4",6.862772010870631e-05,2.344149589538574,9,9,-0.6125739216804504,13.944314956665039
963,UBE2D1,"UBE2D1, JOSD2, AZIN1, SDHA, HINT2",0.007385323079698352,5.226593017578125,0,5,4.049864768981934,10.370931625366211
964,SMAD2,"SMAD2, NUP35, PUM3, TBCA, USO1",0.00011764752018635368,2.1813182830810547,1,1,0.33302175998687744,12.335455894470215
965,SLC48A1,"SLC48A1, SGTA, BRD8, DIPK2A, COX11",0.00018921642829971882,2.8392834663391113,1,3,1.2131816148757935,13.874140739440918
966,ALKBH2,"ALKBH2, ZFYVE21, ANGEL2, HEATR6, DCAF11",0.012709853764132409,8.805721282958984,1,5,3.736297607421875,9.274944305419922
967,SLC25A37,"SLC25A37, KANSL1, PKN1, SF3B2, EZR",0.008404934921313417,4.986124515533447,14,1,1.5245695114135742,11.562525749206543
968,PPM1K,"PPM1K, TOE1, FLCN, MTMR9, CENPT",0.017785363864172017,8.627788543701172,0,6,0.25156474113464355,10.137938499450684
969,CBX6,"CBX6, PWWP3A, XIAP, TP53BP1, ABRAXAS1",0.0057519833411111415,4.674368381500244,5,5,3.1583590507507324,10.30350112915039
970,FAM3A,"FAM3A, KEAP1, CCDC106, FNDC3A, NHLRC2",0.019181447770383414,5.356489181518555,0,5,2.6035773754119873,10.04902172088623
971,NDUFA3,"NDUFA3, SLC25A12, C4ORF48, MESD, CCDC59",0.0003637269165761434,4.561434745788574,14,3,-0.6173451542854309,12.435222625732422
972,ACTR2,"ACTR2, RBM25, TFRC, DNAJC9, AUP1",0.00012352989619567135,1.9200278520584106,5,5,3.697160482406616,9.736764907836914
973,UBE2D3,"UBE2D3, RPS6KB2, AIDA, EIF4B, UGDH",2.058831603261189e-05,1.7411789894104004,7,4,0.572040855884552,12.360871315002441
974,NOM1,"NOM1, NCAPH2, NUP43, SGTB, DMAC2",0.007834344448409601,7.206863880157471,0,1,-1.8246421813964844,10.838035583496094
975,ATG4B,"ATG4B, ZNF480, LCLAT1, USP39, RALGAPB",0.0023519700077255204,3.5172536373138428,15,9,1.7260098457336426,10.843143463134766
976,ADK,"ADK, FGFR1, GATAD2B, SDCCAG8, RBPJ",0.0072186557594343505,4.744438171386719,7,4,2.864866018295288,11.85771369934082
977,NR2C2AP,"NR2C2AP, PHF20L1, CLPP, SLC6A6, TRAPPC2L",0.013237306812967893,9.774083137512207,1,5,3.6353983879089355,9.433588027954102
978,EIF4G1,"EIF4G1, POLRMT, PEX26, UTP20, MTF2",0.00012156910419256547,2.796393871307373,3,5,3.300541639328003,9.812973022460938
979,ARPC1B,"ARPC1B, SNRPD2, RAP1A, DEK, NCKAP5L",0.010129451488045052,7.846986293792725,4,1,3.386774778366089,11.13902473449707
980,NDUFA11,"NDUFA11, ABCF1, EIF3H, CUL1, CEP290",0.002787265832415029,6.268856048583984,9,8,0.7708677053451538,10.689202308654785
981,BIN3,"BIN3, ABCC4, ARFGAP1, MRPL30, MARF1",0.008616700457648854,12.440969467163086,0,3,-3.0690059661865234,10.777484893798828
982,CDK11B,"CDK11B, EXOC4, CCDC115, COX7A2, STARD7",0.00015000058823760092,3.0932488441467285,2,3,0.9492996335029602,14.24874210357666
983,ARPC1A,"ARPC1A, RNF181, WARS2, IBTK, BRPF1",0.007740226432260518,8.917901992797852,2,3,-3.6595399379730225,11.363306045532227
984,NDRG3,"NDRG3, UFM1, KPNA6, HMGCS1, CTDNEP1",0.004228447954697861,3.9999821186065674,6,9,1.70037841796875,13.239259719848633
985,ELOC,"ELOC, PSMD7, NUDCD3, C1ORF43, OIP5",2.6470692041929576e-05,2.6018154621124268,0,4,0.1625559777021408,14.632155418395996
986,SP1,"SP1, ING1, TXNL4B, ZNF574, POGK",1.5686336024847157e-05,1.8674261569976807,0,1,2.4693408012390137,9.638526916503906
987,CERS5,"CERS5, STK38L, NUDT21, MR1, IFT57",0.008977486186220338,5.909443378448486,0,3,-0.4375406801700592,12.317066192626953
988,RTRAF,"RTRAF, MAN1A1, KIF5B, IDH2, JUND",0.006273554013937309,11.93539810180664,26,6,-1.6521943807601929,12.926983833312988
989,TBCA,"TBCA, RPP21, ASH1L, GPATCH8, CEP78",0.006590221922438911,7.1636857986450195,6,1,0.3396869897842407,12.230027198791504
990,ARMCX3,"ARMCX3, CRELD2, DHX15, PABPN1, REPS1",0.00010686316416927125,2.6072099208831787,6,1,1.3759853839874268,13.7007474899292
991,SF3B6,"SF3B6, SRSF10, MDH1, CAPZA1, MIDN",0.015454962568480661,7.19831657409668,5,4,4.40939998626709,11.62236499786377
992,SSR3,"SSR3, RAB7A, GNB1, ATM, KHDRBS1",0.00884121114200448,7.5010986328125,0,4,4.272590637207031,11.595942497253418
993,PDLIM5,"PDLIM5, XRN1, SARAF, HERC4, MLLT11",0.020168706543947233,6.418680191040039,6,4,3.6748220920562744,11.880221366882324
994,STAU2,"STAU2, TKT, PDCD5, FBXW7, GTF2A2",0.00276765791238397,5.013088226318359,3,3,-0.11533953994512558,10.096126556396484
995,MCM5,"MCM5, BLM, LMNB2, CCDC77, UBR7",0.004568645367236735,12.473692893981934,13,7,4.4035749435424805,8.960783958435059
996,ZMYM5,"ZMYM5, IPO5, PIP4P1, CLN8, UBE2T",0.0072853226875399515,7.950305938720703,0,0,-0.10450725257396698,10.849007606506348
997,ANAPC11,"ANAPC11, PTMS, KAT2A, REV3L, TRAPPC2B",0.00842258204934137,9.491177558898926,1,6,-0.2465042918920517,13.336991310119629
998,MCM4,"MCM4, MBOAT7, SLC7A5, SH2B1, ATPAF1",0.0014460841022905973,5.063089847564697,0,6,-0.4065217077732086,13.12923812866211
999,TBC1D4,"TBC1D4, G3BP1, YWHAZ, CD164, USO1",0.0011745144098604307,3.3523199558258057,0,3,-0.4858013391494751,12.839760780334473
1000,<SPECIAL>,"<SPECIAL>, SNRPD2, RAB10, TNRC6B, JUN",0.0007960815532609931,10.76196575164795,22,8,0.07416482269763947,9.486711502075195
1001,DUSP11,"DUSP11, ADAM17, PTPA, ATG13, HNRNPF",0.009329448350777847,5.299315452575684,0,5,3.1984784603118896,9.809873580932617
1002,CUL4A,"CUL4A, GGNBP2, VAPB, MRPS18A, WDR74",9.11768281444241e-05,2.2540066242218018,8,3,-0.19322307407855988,12.548775672912598
1003,ANKZF1,"ANKZF1, B4GALT7, EHMT2, NAA25, CCAR2",0.010501021572633619,6.524497032165527,4,1,-1.8658450841903687,11.202409744262695
1004,PCNT,"PCNT, ACLY, GPAT4, MRPL35, DHCR7",0.0095304295310962,10.158474922180176,0,6,-3.10536789894104,12.223094940185547
1005,STK4,"STK4, PHF14, COX4I1, PPP1R12A, VPS11",0.011067690461531221,15.65038013458252,12,1,1.2980360984802246,12.24584674835205
1006,ANXA2,"ANXA2, PPP3CA, EEF1B2, ZFP36L2, EIF4B",0.0005509825528727564,4.988218307495117,4,8,1.7720547914505005,14.298486709594727
1007,MED29,"MED29, ZDHHC20, NCOA3, PPP1R9B, MICU2",0.00835591512123577,4.291038990020752,0,3,-0.7060030102729797,12.481758117675781
1008,STX6,"STX6, BMI1, CASP2, HDAC8, NEPRO",0.0005745120569100272,4.036705493927002,1,6,0.2906327545642853,12.547127723693848
1009,RPL36A,"RPL36A, OSBPL3, EMC4, DPH6, TMEM131",0.0037941325260099057,4.904753684997559,0,9,0.846881091594696,10.96147632598877
1010,DDIT3,"DDIT3, CCNT1, ALYREF, GTF2I, SLMAP",0.003421582045419786,3.505117177963257,8,4,3.332045078277588,11.135396003723145
1011,NFYC,"NFYC, TMEM18, KIDINS220, HNRNPH3, FKBP8",0.0026186377201479222,6.555474758148193,1,0,-2.0032756328582764,10.90010929107666
1012,EXOSC4,"EXOSC4, ACSL3, FDFT1, PRPF4B, KATNA1",0.0017009870626943635,8.667998313903809,4,6,0.005510630551725626,13.729778289794922
1013,PKN2,"PKN2, RPAIN, PHGDH, AGO3, DYNC1LI2",0.0007911795732532285,5.7856950759887695,21,8,0.444080114364624,11.105701446533203
1014,PRCP,"PRCP, KPNA1, KLHDC10, EIF4EBP2, PAXBP1",0.0024068721838124856,4.643106460571289,14,9,2.981104850769043,10.827033042907715
1015,SMC1A,"SMC1A, PTOV1, PRPF6, CCNB1IP1, PSMD3",3.235306805124726e-05,2.377777338027954,24,4,3.864920139312744,9.95288372039795
1016,CHAC2,"CHAC2, ANKRD10, SECISBP2L, NFAT5, YY1",0.0011186318377719127,3.9103329181671143,13,9,0.3830772042274475,12.952301979064941
1017,UTP20,"UTP20, TRMT1, IGHMBP2, MCU, DCTN1",0.006473554798254111,7.896025657653809,0,3,-3.4138400554656982,10.646163940429688
1018,RIOK1,"RIOK1, NT5C3B, SLTM, IFRD2, PNRC2",0.004658841799379605,9.719620704650879,15,1,-1.9417341947555542,10.445382118225098
1019,CALM3,"CALM3, MRFAP1, SCAND1, HSBP1, TCF25",0.00010196118416150651,2.3690268993377686,2,8,0.8796764016151428,14.258092880249023
1020,MAP4K4,"MAP4K4, EPS15, FBXW9, DAD1, NDUFB2",0.00485001901968243,4.5212273597717285,5,4,2.3799819946289062,11.145575523376465
1021,POLA2,"POLA2, XPO5, LRRC42, DHDDS, ABCF2",0.0062715932219342034,6.699024677276611,0,6,-2.12673282623291,12.621509552001953
1022,VPS16,"VPS16, CHMP3, MCRIP2, KLHL8, GALK1",0.01100690590943494,10.580062866210938,3,3,-2.943542718887329,10.257468223571777
1023,CDR2,"CDR2, LANCL1, PCIF1, SNX14, ATRN",0.004100996474495978,8.209829330444336,4,8,-0.14414837956428528,9.517661094665527
1024,MND1,"MND1, ELP6, RWDD1, SSBP3, CDC5L",0.003161777105008255,9.288023948669434,0,6,-3.2284023761749268,11.717228889465332
1025,SNX4,"SNX4, ATP6V1C1, WSB2, COPS7B, BAZ2A",0.0014186330142471146,12.245911598205566,11,7,3.181931972503662,11.590808868408203
1026,FOXO3,"FOXO3, EHBP1L1, NFKB1, UBB, COPE",0.0019941254671586948,3.960292339324951,4,9,1.6356608867645264,13.010171890258789
1027,RNF13,"RNF13, IGF1R, CCT5, SEC11C, MSI2",0.004128447562539461,7.213960647583008,3,8,0.12485406547784805,9.63254165649414
1028,ATP6V0C,"ATP6V0C, RAB2A, SDHA, TTC3, AAK1",0.0026304024721665576,7.6008195877075195,0,3,-0.46135908365249634,9.757585525512695
1029,POP7,"POP7, TRIT1, SIAH2, AAR2, PGLS",0.003950015490256824,7.988334655761719,16,9,-3.5260276794433594,10.96056079864502
1030,PYCR1,"PYCR1, SPR, RSRP1, CXORF38, FBH1",0.00022156949635096607,2.6557199954986572,1,3,0.33451464772224426,12.177087783813477
1031,HNRNPA0,"HNRNPA0, CYB5R3, CDCA5, TIMM23B, FBXO5",2.3529504037270734e-05,2.634880781173706,5,6,0.2771003842353821,13.977910041809082
1032,BIRC6,"BIRC6, EIF5, LRBA, MAPKAPK2, ERGIC2",0.008241208789054075,9.761455535888672,5,6,-0.9581516981124878,11.84884262084961
1033,PDLIM5,"PDLIM5, WTAP, ATOX1, HERC2, TOP1",0.006351985694061545,9.905089378356934,8,8,0.6930614709854126,10.242033004760742
1034,BABAM2,"BABAM2, NABP1, IER3, RABAC1, SLC2A1",0.07269538311914948,7.224607944488525,14,4,3.3326549530029297,11.735311508178711
1035,HNRNPA1,"HNRNPA1, R3HDM1, SSR2, SRSF5, CFL1",7.549049211957694e-05,3.6225271224975586,1,8,0.36791113018989563,14.101739883422852
1036,COX6A1,"COX6A1, SRPK2, CHURC1, ATP6V0D1, JMJD1C",0.0028735406805516883,4.777002334594727,3,4,3.3086323738098145,12.03903579711914
1037,TMEM138,"TMEM138, CHD1, DCXR, CARHSP1, CMSS1",0.0006480417570264982,7.499634742736816,4,0,0.2191680669784546,13.855116844177246
1038,RER1,"RER1, CWC15, MLXIP, TMEM109, FNBP4",0.005374530880513257,4.7933759689331055,0,6,0.6734280586242676,14.127029418945312
1039,PFDN5,"PFDN5, EEF1D, BTF3, RPS10, CST3",0.0007970619492625461,9.709075927734375,2,8,-0.14491909742355347,8.721765518188477
1040,ACO1,"ACO1, MAD2L1BP, RCL1, DDX28, DDX19A",0.00734806803163934,8.52211856842041,3,1,-1.8943538665771484,10.792703628540039
1041,PPP1CB,"PPP1CB, CALM3, RHOA, ERGIC3, ARIH1",0.003329424821273809,7.84946346282959,25,0,-1.539074420928955,10.746725082397461
1042,MGA,"MGA, RNPEPL1, ERG28, CCNY, SEC11C",0.006059827685598767,4.081326484680176,4,4,2.5185999870300293,11.843292236328125
1043,ABCD4,"ABCD4, PHYH, HPS3, GET1, TMEM87B",0.002038243287228577,5.1987175941467285,0,1,0.0005988773773424327,10.23628044128418
1044,POLR1E,"POLR1E, RAB10, SLC35C2, IK, PTEN",0.0029235408766308886,6.2596540451049805,5,1,-1.4876552820205688,10.340326309204102
1045,ZMYND19,"ZMYND19, ARHGAP35, EPS15, SUCLG1, YES1",0.0007696108612190636,4.124662399291992,4,6,-0.9161274433135986,13.259669303894043
1046,ESD,"ESD, TOMM22, ZNF207, PPP1R14B, RAB5C",0.010020627531872673,8.92934513092041,5,4,4.295360088348389,11.206839561462402
1047,TRIM38,"TRIM38, OSBPL9, IFNGR1, SERBP1, LSM2",0.0046509986313671816,6.2505717277526855,2,1,1.0467709302902222,11.9589204788208
1048,FASTKD5,"FASTKD5, OTUD4, CCDC6, MFN1, TMEM138",0.003053933544837431,8.4866361618042,35,1,-2.210508346557617,11.115714073181152
1049,IER2,"IER2, PEX6, FAM210A, PDCD11, FAM8A1",0.006538260934356606,11.91429615020752,3,9,-1.4739962816238403,11.50101089477539
1050,GOLGB1,"GOLGB1, SQSTM1, RNF5, CEP57, ATM",0.015088294463899858,4.999179840087891,51,4,2.7667653560638428,12.013447761535645
1051,SMIM20,"SMIM20, CREBZF, SELENOF, TAF1, XIAP",0.004593155267275558,4.5084919929504395,16,4,2.8535654544830322,10.7744722366333
1052,ZNF226,"ZNF226, SEC16A, KCTD9, SCAMP2, PRR13",0.0005696100769022624,4.893967151641846,0,3,0.2526000142097473,13.971725463867188
1053,SPPL2A,"SPPL2A, RAB14, PGP, PSTK, UQCC2",0.00085490531335417,2.5895817279815674,1,9,1.9114116430282593,9.881804466247559
1054,JOSD2,"JOSD2, CCDC115, LASP1, SC5D, CPNE1",0.015377511284357978,6.417098045349121,0,5,3.237053394317627,9.522989273071289
1055,PSMB6,"PSMB6, RSRC2, ZNHIT1, NDUFB3, RNF220",0.003442170361452398,5.458893775939941,0,0,-0.44093945622444153,10.866880416870117
1056,UBE3C,"UBE3C, ATE1, VPS53, PPT1, COPS6",0.0053117855364138685,5.82745885848999,3,4,0.2774001359939575,12.622466087341309
1057,PPM1G,"PPM1G, NCAPG2, PFAS, TSR1, SNRNP25",0.0011607888658386896,17.648685455322266,5,7,4.216125011444092,8.670672416687012
1058,MED29,"MED29, PGRMC2, EMC2, RPA1, POP4",0.003948054698253719,4.462234020233154,0,0,2.488241672515869,9.699336051940918
1059,RFXANK,"RFXANK, NUP205, AKAP1, NSD3, IMP4",1.3725544021741262e-05,1.91374671459198,0,5,1.2833547592163086,11.769148826599121
1060,TMX4,"TMX4, STK38, R3HDM4, FAM174C, VDAC1",0.00010882395617237714,2.75317120552063,3,0,0.11251600831747055,11.030981063842773
1061,SYPL1,"SYPL1, BOLA2, PTTG1IP, NDUFAF6, ZFR",8.333366013200052e-05,3.6087141036987305,20,3,1.4919763803482056,14.0118989944458
1062,MRPL44,"MRPL44, TRIM52, BRCC3, PABPN1, PRKACA",0.011453966486143084,8.8431978225708,0,5,3.9387431144714355,9.36159896850586
1063,CTSD,"CTSD, ANLN, REV3L, ADK, EFHD2",0.010532394244683312,4.515229225158691,11,4,2.7151739597320557,12.048358917236328
1064,VPS4B,"VPS4B, ZZEF1, TOX4, EIF4EBP2, LENG1",0.00700885101510202,9.627622604370117,1,8,-0.15161700546741486,9.838788986206055
1065,PGS1,"PGS1, NTPCR, SIN3B, ING5, DNTTIP1",0.02170204589037604,10.91186237335205,0,1,-2.2506706714630127,11.101653099060059
1066,TRAK1,"TRAK1, NMT2, TMEM80, RANGRF, MCRIP1",0.011002984325428728,7.319563388824463,0,0,2.5805678367614746,10.668874740600586
1067,ECH1,"ECH1, MAN1A2, MCPH1, SND1, POLR2G",0.0134226016572614,14.279083251953125,20,3,-0.945871889591217,11.291119575500488
1068,ZNF32,"ZNF32, LIX1L, YIF1A, HSPH1, GPALPP1",0.02451970399883921,8.253567695617676,0,6,-0.9097796678543091,13.164987564086914
1069,RBM8A,"RBM8A, TSEN54, PRKAR1A, VPS29, DEGS1",2.6470692041929576e-05,1.8022431135177612,1,1,-1.9338949918746948,11.884757995605469
1070,WBP4,"WBP4, CSNK2B, TPI1, PPIL1, AFF1",0.0005186294848215091,2.834219217300415,14,4,2.5899219512939453,12.60757827758789
1071,MTMR14,"MTMR14, GMNN, VAMP3, NBR1, ARHGEF7",0.0030598159208467483,6.823878765106201,0,0,1.7339391708374023,13.607766151428223
1072,PBK,"PBK, IKZF5, NHLRC3, MPDU1, C15ORF61",0.026759908862387695,5.868072986602783,0,5,3.035212278366089,10.865127563476562
1073,EMC2,"EMC2, SLC25A24, SAP30, AGPAT2, ZNF121",0.004754920607531794,12.425786972045898,1,1,-2.7332537174224854,10.754077911376953
1074,HMGCS1,"HMGCS1, MLEC, TSPAN4, OGG1, FAM161A",0.033069737528382465,9.137453079223633,0,6,-0.37722882628440857,13.503050804138184
1075,GPAA1,"GPAA1, C1D, MRPL14, COPE, ARFGAP3",0.006349044506056886,8.956327438354492,3,4,4.243320465087891,11.098862648010254
1076,ZCCHC8,"ZCCHC8, PDIA4, MRPS22, FDPS, G3BP2",0.0021333416993792134,7.6638665199279785,5,6,-2.0345795154571533,12.223798751831055
1077,MIER1,"MIER1, PRXL2A, ACTR10, NR1D2, USO1",0.0010362785736414653,3.4059369564056396,11,9,-0.7842394709587097,13.92235279083252
1078,ZNF260,"ZNF260, L3MBTL2, NUDCD2, METTL1, RABIF",0.009129447566461045,12.4139404296875,0,5,4.052883625030518,9.354140281677246
1079,TRA2A,"TRA2A, COG5, PAIP2, CWF19L2, NDUFA12",0.0009088270934395821,4.845209121704102,1,1,0.7961764931678772,12.129119873046875
1080,RNASET2,"RNASET2, AAK1, CHD9, ATP5IF1, EIF4G2",0.002030400119216154,15.539194107055664,14,8,-0.0552697628736496,8.93160629272461
1081,RPRD2,"RPRD2, TBCB, FKBP3, RBIS, GLUD1",0.026167749677449715,7.491827964782715,4,3,0.2013516128063202,13.795761108398438
1082,EIF2D,"EIF2D, ECI2, PGPEP1, IMPA1, SLC50A1",0.009286310926709517,8.641799926757812,0,5,3.6021382808685303,9.031259536743164
1083,COQ7,"COQ7, CHMP7, PFDN1, AP1AR, B3GAT3",0.002118635759355919,4.633518695831299,8,0,0.30702823400497437,12.163536071777344
1084,MRPS18A,"MRPS18A, TXNL4B, PAK4, DNAJC30, BYSL",2.058831603261189e-05,1.9276909828186035,1,3,-2.2224581241607666,10.592406272888184
1085,ZNF644,"ZNF644, IRF2BP2, EEF1AKMT1, SEPTIN2, METTL9",0.0038402111380828946,4.74248743057251,0,6,0.22503161430358887,12.013884544372559
1086,NRAS,"NRAS, CYB5R1, KRT10, TRAPPC1, UQCC1",0.0007411793771740281,2.993534564971924,4,6,-0.5141157507896423,13.117992401123047
1087,MRPL20,"MRPL20, CSNK2B, TUBA1C, SMAP2, ZNF148",0.0006794144290761925,3.968102216720581,9,3,-0.3963448703289032,13.965253829956055
1088,UBE2A,"UBE2A, SFT2D2, EGLN2, YIPF4, TMF1",0.00018529484429350703,2.941663980484009,1,1,-2.430651903152466,10.394420623779297
1089,KRT10,"KRT10, CENPF, SLC20A2, HMGB2, HDDC2",0.0005872572049302154,3.6043944358825684,4,3,-2.7903261184692383,10.251777648925781
1090,TMEM160,"TMEM160, ACADVL, CD46, RNF166, ARF1",0.00399511370632826,14.105836868286133,0,1,-2.5143160820007324,10.508442878723145
1091,AZIN1,"AZIN1, ATN1, TAF12, SIKE1, CSTF3",0.0034627586774850097,4.170825958251953,0,5,3.203864574432373,9.850553512573242
1092,SEPTIN6,"SEPTIN6, EIF6, CUL5, PRKD3, HS2ST1",0.0001284318762034361,2.4565837383270264,21,0,1.2061617374420166,14.399765014648438
1093,HEATR6,"HEATR6, ATAD5, TBC1D7, GTF3A, MPI",0.0028539327605206295,4.834561824798584,0,9,-0.6444453597068787,14.200176239013672
1094,NUTF2,"NUTF2, YME1L1, PPP1CA, SNX9, WHAMM",0.00020294197232146008,3.0474793910980225,6,3,-0.5180566906929016,12.213072776794434
1095,POMP,"POMP, SRSF11, SNRPB2, MRPL1, LSM3",1.8627524029506e-05,1.735686182975769,10,4,3.576420307159424,10.050436019897461
1096,ZRANB3,"ZRANB3, STIM1, TCTN1, KIDINS220, NMT2",0.017739285252099026,7.685173511505127,0,3,0.6218922138214111,10.013145446777344
1097,SLIRP,"SLIRP, CMTM6, EPC1, OCIAD1, SLC3A2",7.549049211957694e-05,2.557661771774292,16,0,1.3484399318695068,12.16274642944336
1098,SYF2,"SYF2, TACC1, NUDCD2, ALKBH7, BRK1",0.005442178204620411,11.400015830993652,4,6,-2.921454429626465,12.335657119750977
1099,PMAIP1,"PMAIP1, PPIL2, TRNT1, SNIP1, MBIP",0.00195589002309813,5.706396579742432,0,6,-0.614015519618988,13.892583847045898
1100,SSB,"SSB, HNRNPH3, DNAJC9, NDUFB3, DHX15",0.0007892187812501226,15.875751495361328,9,5,3.1808149814605713,9.361740112304688
1101,GNB1,"GNB1, NME4, VRK3, PSIP1, MRPL41",0.00019019682430127178,2.5644397735595703,2,6,0.13002909719944,14.260672569274902
1102,SERINC1,"SERINC1, ADD1, SNRNP70, PCGF5, SFT2D2",0.0008068659092780756,3.0932443141937256,9,1,0.9383202195167542,11.566892623901367
1103,TGFB1,"TGFB1, RHOG, NDFIP1, TLE4, QTRT1",0.010024549115878885,12.137420654296875,36,6,-1.0286582708358765,10.89200496673584
1104,ERP29,"ERP29, EIF2S3, PHF21A, SSB, NDUFB2",0.003644131937772305,8.004791259765625,6,6,-2.7093100547790527,12.771653175354004
1105,ATP6V0B,"ATP6V0B, NDUFS7, CDK1, SQSTM1, NDUFC1",0.009293173698720387,6.337565898895264,9,4,3.8917348384857178,11.210420608520508
1106,MCM10,"MCM10, ATG10, NUCB1, AGPAT2, NUP98",0.0012676520300079607,5.018180847167969,13,9,-2.8740956783294678,10.719229698181152
1107,EEF1E1,"EEF1E1, PSMD11, CCNB1, DCTPP1, TFRC",0.010393178012462794,9.326604843139648,23,4,4.009607791900635,10.933671951293945
1108,LARP1,"LARP1, SMURF1, ZNF512, LARP7, TMEM263",0.0012402009419644783,4.802489280700684,6,6,-0.49912750720977783,12.387206077575684
1109,PFN1,"PFN1, RPS17, UBE2G1, CLN3, ST7L",9.019643214287114e-05,2.7242562770843506,14,6,0.41523489356040955,11.763126373291016
1110,ASCC2,"ASCC2, ADAT1, GBA2, ARFRP1, GIT1",0.009877489715645943,8.115096092224121,0,5,3.639716863632202,9.387279510498047
1111,RSRC2,"RSRC2, GALK2, APRT, ISCU, SNRNP40",0.00010686316416927125,3.099834680557251,0,0,-0.6349480748176575,14.108004570007324
1112,PNMA1,"PNMA1, CBLL1, TLNRD1, POC1B, EHD4",0.021915772218714585,9.195728302001953,0,6,2.453603982925415,9.765488624572754
1113,TMEM50A,"TMEM50A, TMBIM4, HSD17B10, PSMD9, NANS",0.0001284318762034361,2.414227247238159,1,0,0.03572748973965645,10.222251892089844
1114,SDF2,"SDF2, SLU7, C1D, TMEM179B, MCUB",0.005195118412229067,4.775631904602051,10,9,1.133035659790039,12.821573257446289
1115,TMEM134,"TMEM134, NMD3, IFT88, SPTY2D1, CFAP36",0.0006382377970109687,3.1903252601623535,1,1,-0.06611406058073044,14.62415599822998
1116,MFGE8,"MFGE8, JUND, TSPAN4, GLG1, MSI2",0.006667673206561594,6.3824639320373535,0,3,0.21074040234088898,9.99099063873291
1117,EMD,"EMD, MAF1, AUP1, PPP2R2A, STAG2",8.137286812889462e-05,2.6190364360809326,9,0,0.6199228763580322,13.738289833068848
1118,CSK,"CSK, PRKCA, TNIP1, CTNNB1, TAF1D",0.03711877301479614,8.06568431854248,51,9,1.7004497051239014,13.828192710876465
1119,ZNF248,"ZNF248, TRAM2, TMEM199, ZNF579, NDUFA10",0.010405923160482982,7.9031662940979,2,6,-3.009695529937744,11.967642784118652
1120,XRCC4,"XRCC4, UQCC1, SMIM12, TET1, RRS1",0.0005813748289208977,5.104616165161133,6,1,0.40818488597869873,12.623200416564941
1121,CANT1,"CANT1, P3H1, TANGO2, COQ5, STK19",0.01868732818560073,10.011357307434082,2,5,3.9680864810943604,9.103075981140137
1122,MED17,"MED17, ZFP91, HTRA2, TTC32, DNAJC5",0.0007166694771352045,2.899923086166382,0,6,0.6183284521102905,14.597880363464355
1123,GGPS1,"GGPS1, BRIX1, DDX1, IMMT, TAF1",0.004050015882415225,7.130728244781494,6,5,4.040900707244873,10.071395874023438
1124,CTNNBIP1,"CTNNBIP1, IER5, GKAP1, POC1B, G2E3",0.012322597343518994,8.28581714630127,0,6,-0.13314703106880188,10.065924644470215
1125,UBQLN1,"UBQLN1, SCAF1, FDX1, LYRM7, TRMT13",0.011989262702990992,11.11219310760498,24,1,-2.354102611541748,10.376411437988281
1126,PNP,"PNP, GAMT, ATP5PF, LDHA, EEF1E1",0.0001058827681677183,1.9315892457962036,30,5,3.6354708671569824,9.383746147155762
1127,ABHD5,"ABHD5, THOC1, HNRNPUL2, ARFGEF2, NFE2L3",0.0050245295079588545,12.159517288208008,0,0,-2.0421242713928223,10.730891227722168
1128,IL17RA,"IL17RA, FUS, TBRG1, NFKB1, KPNA2",0.007130420119294586,9.67812442779541,5,1,-0.15553604066371918,12.1015043258667
1129,HERPUD2,"HERPUD2, DCUN1D4, QDPR, SPOP, PDLIM7",0.011547104106290612,8.960780143737793,9,8,0.4708667993545532,9.968424797058105
1130,GPI,"GPI, MARF1, ACTR1A, SOCS4, HIRIP3",0.05544237428382072,8.292420387268066,0,5,3.448157787322998,9.476434707641602
1131,CNP,"CNP, GPCPD1, RLF, SNW1, SNX17",0.0022441264475546964,4.711301326751709,42,1,1.1993478536605835,12.874866485595703
1132,CDC6,"CDC6, NOM1, BOP1, YDJC, KHSRP",0.0009068663014364762,6.243252754211426,4,6,3.0592167377471924,9.273463249206543
1133,DENND4C,"DENND4C, TSG101, SCARB2, MACF1, ECHS1",0.007576500300001177,11.46392822265625,0,3,1.2129324674606323,13.368114471435547
1134,PLP2,"PLP2, CDK13, TTC17, FAM133B, CNOT4",0.034597194498801956,5.031292915344238,6,4,2.750328779220581,11.872304916381836
1135,RLF,"RLF, RAB28, MTR, NCOR2, SUPT16H",0.0007009831411103573,4.610764026641846,3,1,0.872357189655304,12.325520515441895
1136,LRRC47,"LRRC47, SCAMP4, SLC35C2, HSPA9, NABP2",0.001281377574029702,3.952678918838501,6,5,3.4686484336853027,9.480586051940918
1137,NMT2,"NMT2, CAPZB, SDCCAG8, JAK1, GADD45A",0.005356883752485304,5.894406795501709,21,0,-1.1248009204864502,10.971323013305664
1138,EHMT1,"EHMT1, SEC31A, VPS53, MAP3K2, CNP",0.0016676535986415632,4.525861740112305,4,1,1.7538753747940063,11.783061027526855
1139,ACACA,"ACACA, EIF3F, YBX1, PPIL1, PICALM",0.004277467754775509,8.984686851501465,0,3,-0.3727288544178009,10.039965629577637
1140,COA3,"COA3, SH3GLB1, LRCH3, NBDY, MICU2",0.0002009811803183542,4.801303863525391,7,8,-0.04869760572910309,9.83146858215332
1141,C12ORF4,"C12ORF4, DMAC2, MYCBP, ZNF33B, HPS1",0.011693183110522002,15.842350006103516,2,1,-1.9651449918746948,10.918540954589844
1142,CLOCK,"CLOCK, RSBN1, COX20, CAMK2G, BNIP2",0.015974572449303722,4.877120018005371,1,9,0.7259684801101685,14.81446361541748
1143,SEC63,"SEC63, BZW2, RHOT1, PIGT, DPM3",0.005231393064286527,6.005393028259277,4,9,1.5409080982208252,12.403108596801758
1144,GXYLT1,"GXYLT1, ZDHHC5, BIN3, ATP6V1D, COPS3",0.0024705979239134273,4.5963287353515625,27,5,2.548184871673584,9.515684127807617
1145,TRIR,"TRIR, CUTA, GNPTAB, TDRD3, CES2",0.00037058968858701407,2.6417675018310547,49,1,-0.4425704777240753,12.326485633850098
1146,TRAPPC1,"TRAPPC1, AFF4, CAMTA1, UBE3A, CENPF",0.0014990254863744563,4.499851703643799,27,4,1.4375299215316772,12.816725730895996
1147,RAC1,"RAC1, ERC1, SRSF6, ATP5ME, ADO",0.012787305048255091,11.826506614685059,5,4,3.6624321937561035,11.704113960266113
1148,SREK1IP1,"SREK1IP1, NEK2, ALG2, NDUFAF5, USP10",0.01450005686296809,6.423178672790527,3,5,3.6744604110717773,9.653377532958984
1149,PPP6R3,"PPP6R3, GOLPH3, TNFRSF1A, LCORL, GYG1",0.027337362107302383,7.710385799407959,14,3,1.6467499732971191,14.107695579528809
1150,GPKOW,"GPKOW, SVIP, EDEM1, KCTD5, AVL9",0.007817677716383201,6.592052459716797,10,3,0.6981704831123352,10.409820556640625
1151,RPS6KB2,"RPS6KB2, CDC34, TMEM242, ABCE1, PNN",0.0001911772203028247,3.406292200088501,12,6,3.5068366527557373,9.137028694152832
1152,CEP152,"CEP152, ZNF12, BAK1, RPE, MLLT11",0.0002656873164208487,3.591933250427246,4,3,0.43654558062553406,14.104818344116211
1153,BLOC1S2,"BLOC1S2, PPP4R3A, MRPL16, BCLAF1, GALNT2",0.00525590296432535,5.243719577789307,0,5,3.780514717102051,9.991434097290039
1154,SRM,"SRM, UFM1, FAM174C, TXNL4A, OAZ2",0.005076490496041161,6.986669063568115,5,5,3.9544925689697266,10.349390029907227
1155,EXOC3,"EXOC3, TRAPPC5, TMED5, ASH2L, NDUFA8",2.2549108035717786e-05,2.072634220123291,1,9,1.0952847003936768,13.176004409790039
1156,USPL1,"USPL1, DYNLL2, RABEP2, TRAPPC2B, MGAT1",0.024177545794297234,8.676054954528809,0,6,-0.4260501563549042,13.007933616638184
1157,SLC39A1,"SLC39A1, MXD4, RFC3, MRPL38, GLOD4",0.0001264710842003302,2.5694961547851562,16,1,1.7632434368133545,13.379374504089355
1158,ASXL1,"ASXL1, RNF145, B4GALT5, CALU, UFD1",0.0002764716724379311,2.926076650619507,16,0,-0.9258275628089905,12.547802925109863
1159,TIMM9,"TIMM9, DPM1, DDI2, CYB5B, MRPL14",0.00042549186467397913,2.4998791217803955,5,5,4.091701507568359,10.615582466125488
1160,CKLF,"CKLF, SIVA1, GADD45A, G3BP1, PNP",9.803960015529472e-05,2.6255993843078613,4,9,1.7726067304611206,12.789772033691406
1161,TNRC18,"TNRC18, PPM1K, XRN1, SELENOT, SNX13",0.016022611853379817,5.099663257598877,7,9,-0.530500054359436,12.840688705444336
1162,MVB12A,"MVB12A, THAP11, NT5C3B, GFPT1, RIOK1",0.01588633680916396,9.524521827697754,0,1,-2.2648274898529053,10.665420532226562
1163,ARHGEF7,"ARHGEF7, NKTR, FAF1, NSA2, NIPBL",0.010450040980552865,12.18625545501709,5,6,-0.9223697781562805,11.747053146362305
1164,IP6K2,"IP6K2, CRLS1, CDK5RAP3, UBR4, UBN2",0.005074529704038055,11.234659194946289,0,6,-3.2014472484588623,12.060151100158691
1165,SELENOF,"SELENOF, ELP4, CNPY3, CFAP36, ATP5F1E",0.0009774548135482884,4.052927494049072,0,6,0.06128229945898056,10.233024597167969
1166,FAAP100,"FAAP100, MTG2, SNX8, TUBGCP2, FANCD2",4.4117820069882625e-05,2.040613889694214,0,6,0.606460452079773,10.878915786743164
1167,RUVBL1,"RUVBL1, PIP4P1, LSM12, GPATCH4, CHEK1",1.078435601708242e-05,1.9535326957702637,13,9,1.25633704662323,12.075037956237793
1168,SMS,"SMS, RAB3GAP1, IDH1, SENP6, SH3KBP1",0.005994141153494719,6.433070659637451,25,1,0.10695866495370865,11.083187103271484
1169,SCAP,"SCAP, ZNHIT2, ALG2, NUBP1, HSPBP1",0.005118647524107938,6.5166015625,0,5,3.366917133331299,9.938873291015625
1170,SLC25A17,"SLC25A17, ECT2, GUF1, INCENP, SLC16A1",0.00017941246828418936,7.524665355682373,28,7,4.124940872192383,9.157621383666992
1171,PPP2R5C,"PPP2R5C, TMED9, PHF3, CAPN10, POLR2L",0.004301977654814332,3.084916830062866,2,4,2.358358144760132,11.627542495727539
1172,ANAPC1,"ANAPC1, UBALD2, FBH1, HERC2, EIF1B",0.0011421613418091836,6.448056697845459,0,3,-2.814929246902466,10.00461483001709
1173,CLN8,"CLN8, NISCH, ZMYM5, SKI, ABRAXAS1",0.00876179906587869,7.3752875328063965,0,0,2.966536283493042,10.15729808807373
1174,PPP6R3,"PPP6R3, B4GALT1, CAPZA2, NUDC, ATP1B3",0.006903948642935855,5.2098069190979,4,9,1.0978636741638184,11.70341682434082
1175,MICOS10,"MICOS10, NDUFA3, LSM4, NIPBL, VBP1",0.005799042349185683,11.122758865356445,4,6,-0.9164426326751709,11.627745628356934
1176,CPEB4,"CPEB4, CD59, LRRC40, FUT8, PUS3",0.008304934529155017,11.94644546508789,10,3,0.11356887966394424,10.594758987426758
1177,ARL2,"ARL2, CYB5R3, PIN1, NDUFV1, CNOT6L",0.00040784473664602606,3.7199342250823975,30,3,1.7239556312561035,13.385115623474121
1178,NUS1,"NUS1, C8ORF82, IKZF5, MED1, RBM10",0.02380695610571022,9.747735023498535,1,6,-2.31896710395813,11.942131042480469
1179,HNRNPH1,"HNRNPH1, ITPR1, USP24, SMURF1, EEF1D",0.0047313911034945234,7.694407939910889,0,4,3.6006178855895996,11.902155876159668
1180,TMEM259,"TMEM259, CHMP3, NENF, TPM4, EPB41L2",0.0060412001615692615,9.336847305297852,6,3,2.043142318725586,13.568227767944336
1181,CNPPD1,"CNPPD1, RPAIN, STK26, TFCP2, MRPL12",4.8039404076094415e-05,2.6611952781677246,0,1,0.8738687038421631,12.428359031677246
1182,TTF2,"TTF2, TMEM177, SENP1, TRMU, SYMPK",8.333366013200052e-05,2.250246524810791,3,5,2.9441816806793213,9.875672340393066
1183,ARPC5,"ARPC5, ANKRD17, RNF113A, GCLM, MPV17",0.00018627524029506,2.854466676712036,13,1,0.03726368770003319,12.098589897155762
1184,WASF1,"WASF1, MRPL23, SEC11A, FAM133B, CALM3",0.00029117761246122534,4.033633232116699,0,1,1.6097668409347534,14.052308082580566
1185,NAA15,"NAA15, TCEAL9, MRPS16, ZWINT, MRPL44",3.9215840062117894e-05,2.589205503463745,20,3,0.584614098072052,14.029156684875488
1186,DDHD1,"DDHD1, TAF10, TAF7, FARS2, SEC61G",0.00032843266052023733,2.858259439468384,47,4,1.8881500959396362,13.438154220581055
1187,PRPF38B,"PRPF38B, PPP6R2, EEF1AKMT1, KDM4A, CHUK",0.0011931419338899367,3.459000587463379,0,1,0.43487533926963806,11.870763778686523
1188,SLAIN2,"SLAIN2, NUP160, SAFB, COPB1, RAB4A",0.007747089204271389,12.224652290344238,4,6,-2.5482804775238037,12.625290870666504
1189,EIF4EBP2,"EIF4EBP2, KXD1, STK3, SURF1, RPS19BP1",0.00043725661669261447,3.4190423488616943,0,3,-0.345893532037735,12.653136253356934
1190,PPM1G,"PPM1G, SMIM30, PSMD11, IRAK1, PDXP",0.0009990235255824534,4.474066734313965,0,5,3.616363048553467,9.560446739196777
1191,TMEM167B,"TMEM167B, CARHSP1, ZDHHC6, SMARCA1, PPWD1",0.015505943160561414,7.906959533691406,0,4,2.9772868156433105,9.991902351379395
1192,STXBP5,"STXBP5, MCL1, ARID5B, VASP, UBR3",0.018446150769218704,4.850144863128662,16,4,2.689089775085449,12.082681655883789
1193,RHBDD2,"RHBDD2, SH2B3, CLK3, EXOC1, SPA17",0.05443354679822274,6.309348106384277,0,0,-0.11983062326908112,12.983800888061523
1194,RPS6KB2,"RPS6KB2, RAB1B, ANAPC16, CCNC, PTOV1",0.0001539221722438127,2.447831869125366,23,9,-0.39501893520355225,14.340503692626953
1195,RSBN1,"RSBN1, WASHC5, SURF6, SMAD2, SLC12A2",0.013939270350079804,4.311919212341309,20,4,2.4599132537841797,12.787734985351562
1196,MTG1,"MTG1, FAM32A, PAAF1, NFIL3, COLGALT1",0.011544162918285954,11.940132141113281,0,6,-2.8536171913146973,12.255424499511719
1197,NFE2L2,"NFE2L2, ADD1, POC1A, NAMPT, CD151",0.012784363860250432,5.76558780670166,27,4,2.570284605026245,12.311372756958008
1198,NSMAF,"NSMAF, USP10, U2AF2, GAPVD1, NUP58",4.4117820069882625e-05,2.7217676639556885,3,3,0.4199814796447754,11.915748596191406
1199,RIOK2,"RIOK2, MRPL1, NSUN4, DESI1, MCM5",0.00321667928109522,11.677202224731445,8,7,4.172104835510254,8.932239532470703
1200,ENDOD1,"ENDOD1, NOP14, GEMIN7, PKNOX1, RLIM",0.0030333452288048186,4.997835636138916,5,3,0.21942193806171417,10.906911849975586
1201,ERG28,"ERG28, FBXO25, AK2, PDLIM7, ARL8B",0.0007666696732144048,3.7804198265075684,5,6,-0.09801138192415237,14.21630573272705
1202,TFDP2,"TFDP2, MPHOSPH8, CFLAR, TMED2, LEPROT",0.008721602829815019,5.537447929382324,20,4,2.5313405990600586,11.294001579284668
1203,SMIM20,"SMIM20, EPM2AIP1, PNISR, FAF1, CERS2",0.00010490237216616536,2.784895181655884,8,4,1.0593349933624268,14.644437789916992
1204,KIAA0319L,"KIAA0319L, EFR3A, BIRC2, BMPR1A, CREBBP",0.009419644782920717,5.416347503662109,15,4,1.33247971534729,14.255924224853516
1205,PRORP,"PRORP, NCBP1, STYXL1, GLG1, HMGB1",4.901980007764736e-05,2.4492478370666504,1,6,0.02895946614444256,14.052722930908203
1206,PSMG4,"PSMG4, SRPRA, ST7L, CPSF2, ZUP1",4.4117820069882625e-05,2.221574544906616,0,6,-2.331944465637207,10.499606132507324
1207,PBK,"PBK, UFD1, LONP1, DESI2, PTCD2",0.0009000035294256056,3.8343350887298584,15,5,3.889592409133911,10.036094665527344
1208,CSTB,"CSTB, DDX24, ATP1A1, DRAP1, BTF3",0.0001098043521739301,4.018008232116699,9,3,1.065212607383728,13.424753189086914
1209,CIZ1,"CIZ1, PSRC1, GAPVD1, DHCR24, EPM2AIP1",2.058831603261189e-05,1.8923925161361694,3,5,3.9382822513580322,9.389765739440918
1210,ABRACL,"ABRACL, LYRM1, PSMA4, NPRL3, TMEM38B",0.0004588253287267793,3.576120376586914,12,6,0.22848956286907196,10.252799034118652
1211,ADO,"ADO, TMEM80, MXRA7, ASPSCR1, NCKAP5L",0.0004950999807842384,2.827455997467041,2,1,-0.5830374956130981,12.305251121520996
1212,TMEM223,"TMEM223, DPP7, ATP6V1H, SMAP1, C1ORF43",0.004052957070419884,12.024075508117676,3,1,-2.3122611045837402,11.338325500488281
1213,UBQLN2,"UBQLN2, USE1, ZMYM5, CRYZL1, SUCO",0.006912772206949832,4.310195446014404,0,0,-0.3970467150211334,13.47665786743164
1214,GDI1,"GDI1, RAB28, PEX6, USP47, DPM3",0.009326507162773187,6.222530364990234,0,9,1.1010932922363281,10.287657737731934
1215,EIF2S3,"EIF2S3, TMEM14C, CSNK2B, CHCHD2, ANAPC11",6.470613610249452e-05,2.6794750690460205,0,4,-0.6004951596260071,13.727996826171875
1216,DDX52,"DDX52, PCID2, TRAM1, FAM13B, BTN2A1",0.00301373730877376,5.536617279052734,12,3,0.3483162820339203,10.08983039855957
1217,<SPECIAL>,"<SPECIAL>, HMGCS1, LAPTM4B, TFRC, ZMYND19",0.0010303961976321477,71.52188110351562,14,2,1.4739631414413452,11.07851791381836
1218,PREPL,"PREPL, VAMP2, DYNC1H1, NONO, ISCU",0.008710818473797937,12.352140426635742,18,0,-0.5539945363998413,11.049723625183105
1219,RPS15A,"RPS15A, SNRNP27, RPL28, RPS13, MT-CO2",7.352970011647104e-05,2.4347994327545166,3,8,-0.32474902272224426,13.812838554382324
1220,CASP3,"CASP3, FBXO33, MPDU1, TRABD, RNF34",0.0073676759516703985,8.584676742553711,2,3,-2.9355123043060303,10.735514640808105
1221,RPS12,"RPS12, RPS15A, RPLP1, MT-CO3, RPL11",0.0010647100576865007,9.825338363647461,0,8,-0.05632089823484421,9.112504005432129
1222,TIMM44,"TIMM44, SMARCC1, PPP3CC, DFFA, SUCLG2",0.003903936878183836,11.81312370300293,2,3,-3.407472848892212,11.570122718811035
1223,SEC23A,"SEC23A, TM9SF4, RABGGTA, ZNF766, YIPF4",0.01520202040008,7.54534912109375,0,5,3.4518256187438965,9.583403587341309
1224,RAD23B,"RAD23B, DNM2, THOC2, CNDP2, AHSA1",7.941207612578873e-05,2.3874049186706543,1,1,-2.662531614303589,10.596839904785156
1225,ATP6V1C1,"ATP6V1C1, ZNF282, USP46, GSR, THOC2",0.0011264750057843364,3.470669746398926,0,5,3.7616002559661865,9.455347061157227
1226,CCNB2,"CCNB2, PIK3CB, STIM2, SMAGP, SRPRA",0.006073553229620508,9.219490051269531,5,1,-2.412160873413086,10.971308708190918
1227,CD151,"CD151, PKMYT1, TPM3, JAK1, FAM216A",0.004382370126941674,7.562199592590332,0,9,1.691327452659607,10.848322868347168
1228,NDUFAF3,"NDUFAF3, HSPA9, ROMO1, FBXL20, PDS5A",0.00047647245675473237,2.72802472114563,9,1,1.4187695980072021,12.239119529724121
1229,PPP6R2,"PPP6R2, MAP7D1, SLC20A2, DENR, VGLL4",0.0015588296424691862,4.088756561279297,24,9,-0.009372825734317303,14.212920188903809
1230,PEX13,"PEX13, ADAR, BRWD3, OSGIN2, MRTO4",1.5686336024847157e-05,2.0513463020324707,0,1,0.45510658621788025,11.73295783996582
1231,PARP14,"PARP14, POLD4, RNF139, TOP2A, ARF1",0.008652975109706312,8.990049362182617,8,0,-0.14248697459697723,9.862128257751465
1232,EXOSC1,"EXOSC1, TUBGCP3, PPP1R9B, ZBTB37, ABRACL",0.0013078482660716317,4.618722438812256,4,3,0.12666308879852295,13.820613861083984
1233,USB1,"USB1, C17ORF49, ATP2C1, SSBP3, RNF115",0.001432358558268856,5.642373085021973,32,1,1.5761798620224,12.364143371582031
1234,DCAF10,"DCAF10, ARID2, SCLT1, TNFRSF1A, TUBGCP3",0.010821611065141432,6.260932445526123,1,6,2.5192532539367676,9.651294708251953
1235,JARID2,"JARID2, MNAT1, TAF7, PACS1, TMEM63A",0.003401974125388727,6.279626846313477,15,0,1.881601333618164,12.925556182861328
1236,MSMO1,"MSMO1, NT5C, TARBP1, SCFD1, ZNF451",0.004695116451437065,3.956317663192749,8,4,3.114025592803955,11.47375774383545
1237,PTK7,"PTK7, ATAD1, SPATA33, CEBPB, LYRM4",0.009934352683736014,10.662226676940918,3,0,0.479319304227829,10.920849800109863
1238,CCT3,"CCT3, HSPA4, MRPL40, IGF2BP1, SLC25A1",0.0006588261130435805,18.777191162109375,9,7,3.974064826965332,9.336725234985352
1239,BTAF1,"BTAF1, TMEM107, WBP1, ERGIC2, TLE3",0.00837944462527304,4.542436122894287,6,9,1.8055651187896729,11.268190383911133
1240,DYNLL1,"DYNLL1, DDX24, BLOC1S1, NDUFB1, TALDO1",0.004165702610598473,8.610125541687012,28,3,-1.423985242843628,12.429156303405762
1241,NUDT22,"NUDT22, MKRN2, UNKL, ZFX, EXOSC3",0.005284334448370386,7.8012590408325195,0,6,-2.3571813106536865,12.216015815734863
1242,C9ORF85,"C9ORF85, TMX3, CFAP410, GNL1, PCID2",0.0005901983929348742,4.700859546661377,3,3,1.1857988834381104,13.747466087341309
1243,OGG1,"OGG1, IPP, CNP, NCKAP5L, THAP3",0.01693830171883027,7.528711795806885,0,1,0.04044310748577118,10.116222381591797
1244,WDR5,"WDR5, KIF23, TMEM185B, C17ORF75, PPP1R8",0.003311777693245856,19.519344329833984,0,7,3.9707677364349365,8.878199577331543
1245,MAPK8,"MAPK8, GPR108, RNF11, CCDC14, CES2",0.00035098176855595514,3.7735142707824707,1,6,-1.282940149307251,13.703591346740723
1246,POGZ,"POGZ, PPIG, ITSN1, LSM14A, USP47",0.0006274534409938863,5.4177117347717285,10,8,-0.4860210120677948,13.00827693939209
1247,TACC1,"TACC1, BNIP3L, RESF1, ISCU, NBEAL1",3.4313860054353156e-05,2.8047053813934326,8,0,1.0991674661636353,13.22177791595459
1248,RCAN1,"RCAN1, USP6NL, EXOC5, BORCS5, KLHDC3",0.020077529715802806,9.409708023071289,0,0,2.9640934467315674,10.181665420532227
1249,HPRT1,"HPRT1, CCSER2, USP15, TXNDC17, ATM",0.002174518331444437,3.1971096992492676,7,9,1.235369324684143,14.623102188110352
1250,SLC30A9,"SLC30A9, MRPS2, CLN3, GPR108, GPR107",0.004912764363781819,8.616472244262695,0,6,-2.522402048110962,12.568225860595703
1251,B2M,"B2M, TMSB10, <SPECIAL>, CLDND1, CTU2",8.039247212734167e-05,3.491713523864746,0,8,-0.38315102458000183,12.775452613830566
1252,NNT,"NNT, GON4L, RPL10, PPP4C, TMEM267",5.882376009317683e-06,2.0753588676452637,0,8,-0.5325381755828857,14.390504837036133
1253,RAPGEF6,"RAPGEF6, ATP5F1A, PCLAF, KAT5, CCNL1",0.0011254946097827834,3.6498143672943115,12,1,1.0184710025787354,12.974398612976074
1254,WDR74,"WDR74, AKR1A1, GNG5, RBM15B, CLIP1",6.372574010094157e-05,2.168550491333008,17,4,-0.860970675945282,14.076337814331055
1255,TRIM26,"TRIM26, HMBS, CINP, TUG1, ARFIP2",0.009767685363472013,10.08658504486084,0,3,-3.2054905891418457,10.231463432312012
1256,TMEM109,"TMEM109, AP1S2, HINT2, POMP, PSMC1",0.00018725563629661292,3.7275917530059814,5,8,1.0097686052322388,12.322953224182129
1257,RIF1,"RIF1, SMAGP, PSMD13, SRM, MRPL21",8.725524413821231e-05,2.6266119480133057,0,1,-2.105274200439453,11.283243179321289
1258,PPP2R5E,"PPP2R5E, SRSF6, UBE2A, ARIH2, ZFC3H1",0.0009549057055125706,2.8321566581726074,30,9,0.19273632764816284,14.536176681518555
1259,DENND10,"DENND10, TP53I3, JOSD1, RFX5, BANP",0.014088290542315852,8.894128799438477,0,1,-0.037686191499233246,10.161125183105469
1260,SC5D,"SC5D, GIGYF1, CPOX, WBP1L, CDCA3",0.02129518154973157,6.934787750244141,1,5,3.1892597675323486,9.707328796386719
1261,SOS1,"SOS1, SIAH1, HNRNPM, GRIPAP1, PPP2R1B",0.001954909627096577,3.6430320739746094,0,6,2.3942017555236816,9.574612617492676
1262,CDC37,"CDC37, DNPH1, MGST3, MAPK6, HNRNPUL1",0.0005686296809007094,4.449673652648926,10,3,-3.276841402053833,11.621782302856445
1263,DMTF1,"DMTF1, PHTF2, TEX264, RTTN, KIF3A",0.05415217314577704,11.054275512695312,0,1,0.989022433757782,12.436920166015625
1264,LPGAT1,"LPGAT1, ZFYVE16, GPCPD1, PPP1R11, G3BP2",0.002789226624418135,5.348816394805908,4,6,-0.9475550055503845,13.710009574890137
1265,MPHOSPH8,"MPHOSPH8, SIRT2, SLC12A2, LENG1, PLEC",0.01870497531362868,8.906712532043457,4,9,1.9823616743087769,10.55595588684082
1266,ATP1A1,"ATP1A1, BZW2, EFHD2, TMEM50A, PRKAB2",0.007214734175428139,12.688220024108887,0,3,-0.5632603168487549,11.309324264526367
1267,ELP3,"ELP3, MAN1B1, ASF1B, BRD1, PEX1",0.004752959815528688,7.401644706726074,0,5,3.356844663619995,9.557628631591797
1268,CPSF7,"CPSF7, RAB35, SMIM30, MAP2K5, MAN2C1",0.003662759461801811,11.11440372467041,0,1,-2.928846836090088,10.15074348449707
1269,PTMA,"PTMA, S100A10, RPL35A, RPS15A, RPL39",0.0001264710842003302,3.743532419204712,9,8,1.176987886428833,11.792458534240723
1270,STXBP3,"STXBP3, TRIM37, TPGS2, DAZAP1, CCDC6",0.004779430507570618,4.434066295623779,0,6,-1.1048460006713867,13.953370094299316
1271,IDH2,"IDH2, ATXN10, FAM13B, PPP3CC, PPP1CC",0.009888274071663027,5.702732086181641,0,9,1.5813781023025513,12.72242546081543
1272,CRNKL1,"CRNKL1, ARMC1, EIF3D, DCXR, COA8",3.4313860054353156e-05,2.1134819984436035,5,1,-0.3231971561908722,12.782415390014648
1273,HSPA8,"HSPA8, TXN, TNRC6B, COQ7, ZNF638",0.0005431393848603328,8.296464920043945,2,4,3.056236982345581,11.711936950683594
1274,RNASEK,"RNASEK, RPL17, PKIG, ARFGEF1, CCNB2",0.00018137326028729524,2.8856570720672607,11,4,1.5618650913238525,13.24182415008545
1275,LSM1,"LSM1, ARMCX3, ARFGAP3, GPCPD1, NANS",0.0014421625182843853,5.102935791015625,2,3,0.16979700326919556,11.707200050354004
1276,NEK1,"NEK1, PCMTD1, NOC3L, KATNA1, ARMC1",0.012531421691849771,11.367856979370117,4,6,-1.4629669189453125,12.109225273132324
1277,LRRC8A,"LRRC8A, RCBTB1, BET1, HMGCL, ZCCHC8",0.017970658708465523,10.345671653747559,0,6,0.07479539513587952,10.215304374694824
1278,PSMD2,"PSMD2, ANKRD10, DUT, RAB11A, FKBP4",0.014108878858348464,7.285330772399902,23,4,4.083317279815674,11.118242263793945
1279,LNPEP,"LNPEP, BIRC6, B9D1, ITFG2, ACADVL",0.0038598190581139533,4.252552509307861,9,0,2.319847583770752,11.12631893157959
1280,DCXR,"DCXR, ATXN10, RHEB, TRIM38, DDX46",0.0013441229181290907,4.078524112701416,2,3,0.1817445456981659,14.42233657836914
1281,ASCC2,"ASCC2, C9ORF85, ATRX, AQR, MEPCE",0.012348087639559371,12.42270278930664,7,3,1.327365756034851,13.590897560119629
1282,SEC14L1,"SEC14L1, SHISA5, MRPL23, RRM2, TMEM160",0.00037843285659943765,2.6364636421203613,32,1,1.770137906074524,12.561297416687012
1283,ZNF574,"ZNF574, NCL, DHX8, RNF41, PPP2R3B",0.007259832391499575,6.704273223876953,0,6,0.5421309471130371,10.74860668182373
1284,STX16,"STX16, B4GALT7, EIF3H, WDR43, FAM136A",0.01591967027321676,8.762920379638672,0,3,0.6674175262451172,10.525867462158203
1285,IMPDH1,"IMPDH1, FDXR, UTP23, NUDT9, LCLAT1",0.00904807469833215,9.319436073303223,3,6,-2.523404598236084,11.8989896774292
1286,GPR108,"GPR108, SOAT1, LUC7L3, SLC30A9, SLC7A5",0.0029627567166930066,8.108622550964355,9,6,-2.1091179847717285,12.441363334655762
1287,CDK5,"CDK5, ZBTB8A, POLR1C, PRMT5, SPDL1",4.607861207298852e-05,2.1181752681732178,2,3,1.1953253746032715,14.203079223632812
1288,POGZ,"POGZ, BTRC, ABI2, APEX1, MAP4",0.006059827685598767,8.98463249206543,12,0,-1.3736062049865723,10.898420333862305
1289,BACH1,"BACH1, UBIAD1, COQ4, THRAP3, RNF170",8.725524413821231e-05,2.3863842487335205,1,5,-1.0302720069885254,13.326377868652344
1290,FAM32A,"FAM32A, ALYREF, ASPM, DAXX, PCBP1",1.1764752018635367e-05,1.747294545173645,0,0,-0.8018407821655273,12.4263916015625
1291,RHOA,"RHOA, ORC3, UFSP2, MYBBP1A, CLINT1",8.529445213510641e-05,2.6389412879943848,1,6,-2.1217522621154785,11.320844650268555
1292,ZNF91,"ZNF91, DNAJC1, COX6B1, ETS2, TOMM7",0.010045137431911497,10.036428451538086,1,4,0.8779133558273315,10.046741485595703
1293,DENND5A,"DENND5A, ORAI1, CRTC3, ATP2B1, IFT52",0.014601037651128043,10.126449584960938,1,3,1.2408086061477661,10.026559829711914
1294,ACTL6A,"ACTL6A, ZMAT2, GLTP, BCKDHB, ORMDL3",0.009590233687190931,14.285526275634766,0,3,-3.238693952560425,11.62227725982666
1295,PIGU,"PIGU, APLP2, MCOLN1, NHLRC2, FLCN",0.02411382005419629,7.121457099914551,1,3,1.3862133026123047,14.26760196685791
1296,GUSB,"GUSB, USP24, SERBP1, USP4, SNX27",0.002077459127290695,4.297713756561279,3,9,0.670935869216919,14.013229370117188
1297,GABPB1,"GABPB1, YY1AP1, CHMP1B, PLSCR1, SFSWAP",0.00013431425221275376,2.8273894786834717,9,0,0.790841817855835,12.989974021911621
1298,NIPSNAP1,"NIPSNAP1, BTAF1, HPS3, PNPLA8, RETREG3",0.01669516351044514,6.502388954162598,0,1,0.929234504699707,12.564482688903809
1299,BOD1L1,"BOD1L1, LSM6, MEAF6, UBQLN1, IMP4",0.0008764740253883349,3.136533260345459,18,9,1.771498203277588,13.766770362854004
1300,NME1,"NME1, MRPL12, SEC31A, YRDC, NDUFA2",0.0002470597923913427,2.866159439086914,2,4,3.1166248321533203,11.635321617126465
1301,YKT6,"YKT6, AAGAB, STK19, ASL, COQ5",0.003201973341071926,10.521954536437988,0,5,3.9928207397460938,9.390308380126953
1302,ATOX1,"ATOX1, BRWD1, CDK2AP2, FNTA, INTS10",6.960811611025925e-05,2.474668025970459,0,9,1.5863735675811768,12.5607271194458
1303,SNX6,"SNX6, CDK2AP2, NDUFB2, PRKCA, ASAP1",0.006427476186181122,8.361234664916992,24,0,-0.2871297001838684,10.33588695526123
1304,VPS4A,"VPS4A, MTF2, TOMM40, GOT2, MRPS22",4.509821607143557e-05,2.13643741607666,21,0,-0.6876387596130371,14.204482078552246
1305,SLC25A44,"SLC25A44, SH2B3, ZNHIT1, ARL1, NQO2",3.8235444060564946e-05,2.289137363433838,2,0,-0.7463381290435791,14.162176132202148
1306,RIPK1,"RIPK1, DSTYK, CDC5L, SNAPC2, CCDC14",0.013620641649575096,13.006407737731934,0,6,-2.7277486324310303,12.118866920471191
1307,MYDGF,"MYDGF, SCAND1, HIGD2A, EZR, PNISR",0.0012529460899846666,7.0434699058532715,16,3,-0.4267262816429138,11.453898429870605
1308,PIP5K1C,"PIP5K1C, GPR137, DNAJC30, MORF4L1, PIP4K2B",0.0007607872972050871,3.6385929584503174,0,1,0.012880689464509487,10.343664169311523
1309,GOLGA7,"GOLGA7, ORMDL3, NAPA, ABHD11, ORAI2",0.009818665955552766,13.339001655578613,0,3,-3.314450263977051,11.617030143737793
1310,DCUN1D4,"DCUN1D4, LONP2, VPS4B, ARL3, NR1H2",0.0170314393389778,7.461401462554932,2,9,1.6840739250183105,10.494502067565918
1311,TWF2,"TWF2, SHISA5, MRPS15, PPM1B, NBDY",0.038634465233196996,8.92813491821289,1,1,0.6812206506729126,12.192060470581055
1312,BOD1L1,"BOD1L1, TTC17, PBK, ZNF91, ZC3HAV1",0.0049480586198377245,3.4340226650238037,7,4,2.702775001525879,11.559021949768066
1313,CSK,"CSK, MTR, MZT2A, TRAM1, ETFA",5.9804156094729785e-05,2.2627103328704834,3,9,-0.7915905714035034,14.290388107299805
1314,PBRM1,"PBRM1, RBM28, PDCD6IP, CCNC, MLF2",7.843168012423579e-05,2.159801721572876,31,9,-0.5196689963340759,13.592748641967773
1315,TFCP2,"TFCP2, SCO2, CASP6, UBL5, PRKAR2A",4.705900807454147e-05,2.6701228618621826,2,4,0.013179013505578041,11.907906532287598
1316,GRK2,"GRK2, COP1, HDAC8, SLMAP, PRKAR1B",0.015066725751865694,5.61861515045166,2,9,0.8559056520462036,13.796380043029785
1317,PSMC4,"PSMC4, AKIRIN2, MPHOSPH9, KIF22, PLEKHJ1",0.008857877874030879,7.288175106048584,10,9,1.6842341423034668,13.82005786895752
1318,GPR137,"GPR137, TBC1D10B, PROSER1, PCGF6, GFM2",0.0016029474625390689,3.6403980255126953,0,1,-0.7635685801506042,12.763956069946289
1319,RPS3,"RPS3, RPL11, MT-CO3, RPS23, RPL21",0.00012058870819101251,5.170828342437744,0,8,3.7751755714416504,9.88158893585205
1320,INTS10,"INTS10, SH3GLB2, SUPT20H, VPS4B, INTS8",0.009727489127408343,14.827947616577148,0,3,-2.693251132965088,10.333620071411133
1321,PDCD5,"PDCD5, MRPL28, P4HA1, EDC3, ARSK",0.005962768481445026,9.372074127197266,0,4,4.433940887451172,11.360176086425781
1322,MAPKAP1,"MAPKAP1, TMEM181, DNAJC3, USP24, UPF2",0.002047066851242554,3.900662422180176,9,9,1.8864432573318481,13.9345064163208
1323,ZNF652,"ZNF652, DLGAP4, KIDINS220, FKBP4, YTHDF2",0.0007921599692547814,3.406581401824951,12,9,-0.2520342469215393,13.351347923278809
1324,PKM,"PKM, DBI, FABP5, ARPC3, ELF1",0.0013088286620731846,4.870844841003418,0,1,0.09937337785959244,11.696861267089844
1325,ALMS1,"ALMS1, RIT1, COMMD4, CLK4, CABIN1",0.006158847681755615,7.89073371887207,2,0,1.915770411491394,10.961894035339355
1326,PPM1D,"PPM1D, SCYL2, TMEM101, RDX, STYX",0.004450017451048827,6.995168209075928,1,1,0.0011418863432481885,11.23433780670166
1327,CEP162,"CEP162, USP13, TCTN3, TFPT, RPP38",0.0013117698500778434,3.8553497791290283,5,5,3.198955535888672,9.627900123596191
1328,GPATCH2L,"GPATCH2L, LAMTOR3, ORMDL2, DYM, COPS8",0.022692245851944518,7.439860820770264,0,9,1.2247313261032104,11.888983726501465
1329,CNOT2,"CNOT2, GSTM3, ADAM17, VPS54, MTA2",0.003880407374146565,4.896620273590088,0,3,-0.19906224310398102,11.99557113647461
1330,PHC3,"PHC3, TRPC4AP, CD59, MOB1A, MRPL12",0.0030598159208467483,4.490808486938477,5,6,2.396449565887451,12.06053352355957
1331,KLHL42,"KLHL42, NUCKS1, LAMTOR2, FLYWCH2, MYADM",0.0012715736140141726,5.012857913970947,15,6,-0.3829393982887268,13.053112030029297
1332,WASHC3,"WASHC3, TM2D1, RIT1, ERGIC1, FAM89B",0.005586296416848694,4.94196081161499,4,0,1.450823426246643,10.8114652633667
1333,TUBGCP3,"TUBGCP3, VPS41, PRPF8, KIAA1143, GTF2A2",0.00036960929258546114,3.4818167686462402,8,3,-3.4841113090515137,11.151750564575195
1334,MRPL18,"MRPL18, WDR83OS, C1QBP, EBPL, ELF1",0.001398044698214503,4.223281383514404,4,0,-0.4564763307571411,12.242230415344238
1335,PABPN1,"PABPN1, SCFD1, KPNA2, REPS1, CCDC107",0.000130392668206542,3.1786186695098877,16,6,-0.2054925560951233,14.42082405090332
1336,SETD4,"SETD4, PROSER1, STK32C, GEMIN2, NCLN",0.0019480468550857062,14.162453651428223,0,7,4.446441650390625,8.921724319458008
1337,ACAD8,"ACAD8, ECH1, TMBIM4, CCS, CEP290",0.006646104494527429,4.8181538581848145,4,0,1.6431280374526978,9.982423782348633
1338,THAP1,"THAP1, SORD, SUPT16H, MAP2K7, DIAPH3",3.1372672049694314e-05,2.201808214187622,8,5,3.4873807430267334,9.631153106689453
1339,ADNP2,"ADNP2, DPH5, MTX2, NIPSNAP3A, PPP4R1",0.009286310926709517,9.729453086853027,7,5,4.152344703674316,8.94848918914795
1340,MRPL20,"MRPL20, EIF6, SEPTIN2, OXSM, TMEM199",0.0005117667128106385,2.354644775390625,14,6,1.5475220680236816,13.883783340454102
1341,MMGT1,"MMGT1, ERI3, RUNX1, CBX4, MORF4L2",0.023822642441735067,7.753831386566162,0,6,0.032330166548490524,12.257980346679688
1342,SNRPG,"SNRPG, PFDN4, EMC6, CWC15, CDC27",0.00041568790465844964,2.9130430221557617,5,3,1.3175830841064453,13.247037887573242
1343,STK4,"STK4, TGFB1, PTTG1, HNRNPF, UBE2D3",0.006562770834395429,8.651031494140625,23,3,-0.7375981211662292,11.18930721282959
1344,B9D1,"B9D1, UTP15, WDR62, FAM83D, CCHCR1",0.009957882187773286,5.362387657165527,0,0,2.1276636123657227,9.094565391540527
1345,TBRG4,"TBRG4, USB1, LMF2, ETNK1, SAP30",0.010423570288510936,9.908921241760254,5,1,-2.361501693725586,10.81041431427002
1346,KMT2E,"KMT2E, ANAPC11, PSMG1, MYL12B, IFT22",0.0087490539178585,12.384859085083008,8,1,-0.3282906711101532,11.200920104980469
1347,ANAPC4,"ANAPC4, UBXN4, EIF3D, FAM161A, POU2F1",0.017076537555049235,6.203176498413086,6,6,0.8948675394058228,12.788657188415527
1348,ABI1,"ABI1, TAF1D, VKORC1, RAP1A, RNF115",0.0003637269165761434,2.6517481803894043,10,1,-2.26785945892334,10.954788208007812
1349,SCAND1,"SCAND1, PAFAH1B1, TMF1, KNSTRN, ATP5MG",0.008891211338083679,11.220063209533691,3,3,-1.004481554031372,12.101723670959473
1350,COQ9,"COQ9, DHX15, STT3B, MOCS2, GLO1",0.003966682222283225,5.906851768493652,5,5,3.6200499534606934,9.441349983215332
1351,DDX31,"DDX31, DESI2, TFAM, NSL1, MYO19",0.005672571264985353,11.715057373046875,1,7,4.066869258880615,9.130535125732422
1352,GNPTG,"GNPTG, KIAA1143, SNUPN, GSR, RCE1",0.014413782014831431,9.808636665344238,2,3,-3.2394371032714844,10.42231559753418
1353,CCT2,"CCT2, KMT2A, TMED10, CALM2, S100A10",0.00015490256824536567,2.1106889247894287,20,4,1.8567543029785156,13.623329162597656
1354,DUSP12,"DUSP12, TSR3, AKT1, VPS29, RSL24D1",0.0021686359554351194,6.632155895233154,16,1,0.08601619303226471,12.646142959594727
1355,SMARCE1,"SMARCE1, SLC25A39, HELZ, EIF5, BIRC2",0.00029215800846277827,2.560675621032715,2,9,1.8920018672943115,10.994658470153809
1356,SBDS,"SBDS, MIIP, COX19, TP53BP1, ELF2",0.0006901987850932748,3.4217469692230225,6,0,0.7337643504142761,13.110350608825684
1357,PEX1,"PEX1, ARPP19, CCNQ, MIF4GD, ATF6B",0.01643633896603516,10.573044776916504,0,6,-2.284662961959839,12.27519416809082
1358,ARHGEF12,"ARHGEF12, HIF1A, ARPC1B, SMDT1, DSTN",0.008915721238122502,12.0266752243042,3,6,-1.0042743682861328,11.897656440734863
1359,FABP5,"FABP5, ST13, GNAS, DLST, CALM2",0.0068529680508551015,9.076156616210938,0,6,-0.40258029103279114,10.297656059265137
1360,FAM98B,"FAM98B, ESS2, UBFD1, SMIM13, RBM12",0.004771587339558194,6.812361717224121,0,5,4.207806587219238,9.234095573425293
1361,B9D1,"B9D1, EIF4B, EIF5B, TACC1, TAOK1",0.005767669677135988,9.650379180908203,4,0,-0.8882426619529724,11.437569618225098
1362,ZCCHC8,"ZCCHC8, MRPS22, LRRC8A, HMCES, FDFT1",0.004222565578688544,6.92030143737793,9,6,-2.0346219539642334,12.16899585723877
1363,GPCPD1,"GPCPD1, GPATCH2L, TLN1, STX12, SNX13",0.01949027251087259,7.50724983215332,1,9,2.332458257675171,9.886720657348633
1364,NUDCD2,"NUDCD2, NME6, ABR, SRA1, ADRM1",0.0035598178816387514,4.6530961990356445,0,4,2.7938804626464844,12.343795776367188
1365,ARPC2,"ARPC2, FLNA, NFAT5, CCNY, SCFD1",0.0018902034909940824,3.216876745223999,19,4,3.4718081951141357,12.045486450195312
1366,GGPS1,"GGPS1, XPR1, HECTD4, ORC2, WIPF2",0.028917760461805733,7.008936882019043,0,4,-0.3170151114463806,13.418425559997559
1367,PFKL,"PFKL, LIMD1, QDPR, BTAF1, MLLT6",0.01158239836234652,8.15144157409668,0,3,-0.18095318973064423,9.939244270324707
1368,ZCCHC8,"ZCCHC8, LRRC8A, PPAT, MRPS22, DHX33",0.008447091949380193,9.868762016296387,8,6,-2.4439613819122314,12.19009780883789
1369,DCAF17,"DCAF17, PHF6, RPAP1, STIL, LEO1",4.0196236063670835e-05,2.4253017902374268,1,5,4.313427448272705,8.866472244262695
1370,SLC38A1,"SLC38A1, RNF166, RING1, BRAT1, FGFR1",0.01766673594798411,8.748921394348145,1,8,3.5071513652801514,8.68315601348877
1371,ROCK2,"ROCK2, B3GALT6, ANKRD50, KIF9, PIGG",0.021367730853846485,6.791419506072998,2,9,1.5884095430374146,9.801340103149414
1372,FBXW7,"FBXW7, ANKRD28, PLD3, YLPM1, PIK3CA",0.016855948454699822,7.291250705718994,3,4,2.142103433609009,10.01613712310791
1373,UGGT1,"UGGT1, WWP1, BTG3, MAT2B, PRPSAP2",0.0037539362899462352,5.742191791534424,6,1,-0.4240502417087555,12.445712089538574
1374,TKT,"TKT, AP2S1, HECTD1, MGST3, SYNCRIP",0.004972568519876548,6.524853229522705,3,4,3.952908992767334,11.590790748596191
1375,BAD,"BAD, USP36, APOO, CHP1, NSMAF",0.0006078455209628273,3.7766528129577637,13,1,-2.7885897159576416,10.125324249267578
1376,ZNF292,"ZNF292, PICALM, GABARAPL2, CPEB4, ARL6IP1",0.0009529449135094647,3.50346302986145,5,1,1.591294288635254,12.858734130859375
1377,ANKS3,"ANKS3, ARMT1, BRIP1, ACADSB, MFSD8",0.004775508923564406,5.7850236892700195,0,1,0.07700168341398239,12.057491302490234
1378,TMEM256,"TMEM256, SNX6, PRKAR1A, PGRMC1, AHCYL1",4.4117820069882625e-05,1.8414514064788818,29,9,1.2466444969177246,12.24107837677002
1379,CXORF38,"CXORF38, RHNO1, ZMYM5, ABRAXAS1, NRBF2",0.021701065494374488,7.305619239807129,8,0,2.0587658882141113,10.074650764465332
1380,UROS,"UROS, SF3B6, ACY1, ST7L, RPF2",1.9607920031058947e-05,2.1992416381835938,1,6,0.5283509492874146,12.581820487976074
1381,ITFG2,"ITFG2, TMEM259, AZIN1, MCRIP2, PLEKHJ1",1.3725544021741262e-05,1.9578701257705688,0,6,-1.1618777513504028,13.45131778717041
1382,ITGAE,"ITGAE, HERC2, TBC1D22A, SRSF2, MLF2",0.003253934329154232,5.314717769622803,4,9,1.5885064601898193,12.571704864501953
1383,IFI35,"IFI35, ZHX3, TBC1D22A, VEZT, ISG15",0.009724547939403683,10.094505310058594,8,8,-0.13955162465572357,9.087193489074707
1384,TTF2,"TTF2, PIGG, AAMDC, PPM1B, PIK3C2A",0.00795003117659285,9.629743576049805,1,3,-3.559990167617798,11.210746765136719
1385,GPR107,"GPR107, DYRK1A, ZMYND8, HDAC7, GINM1",0.005479433252679422,4.815546035766602,0,0,1.8279589414596558,10.710919380187988
1386,CSTB,"CSTB, MT-ND6, SET, EIF3F, NDUFB8",7.941207612578873e-05,2.639216184616089,2,4,1.8965486288070679,11.6240873336792
1387,RNF220,"RNF220, PSMA2, CLIC4, ATP6V0B, TLE5",0.0057049243330366,11.08415412902832,1,0,-3.111722230911255,11.34535026550293
1388,MON1B,"MON1B, PPP4R2, DNAH14, PSMD6, GGH",0.009157879050506081,12.062698364257812,3,6,-3.2245216369628906,12.105684280395508
1389,POLR3H,"POLR3H, NT5DC2, MAPK6, FAM210B, CINP",1.2745148020188314e-05,2.3440213203430176,0,3,-0.9712885618209839,13.27810001373291
1390,UBB,"UBB, RAN, DENND5A, TMOD3, YWHAG",0.0060372785775630496,10.901148796081543,10,8,0.20839904248714447,9.681511878967285
1391,TMED2,"TMED2, NDUFB3, EFHD2, MGAT5, VPS4B",0.008887289754077467,12.526565551757812,0,3,-0.7865763902664185,11.614002227783203
1392,ERAL1,"ERAL1, SRP19, USP1, QDPR, EXOSC8",0.0006362770050078628,4.2514238357543945,21,1,0.1683218777179718,12.171587944030762
1393,GSTZ1,"GSTZ1, HAUS8, RSBN1L, SETD3, VPS72",0.020300079608155327,5.614561557769775,0,4,1.4532824754714966,10.373320579528809
1394,BTF3,"BTF3, MED19, KLHL20, TRAPPC2B, ARPC3",0.0124078917956541,12.268017768859863,3,0,2.4514009952545166,13.156631469726562
1395,RTN3,"RTN3, PNMA1, PSME2, GUCD1, GTPBP6",0.012313773779505018,12.158629417419434,0,0,-0.3111668527126312,10.447920799255371
1396,SIRT2,"SIRT2, BIRC2, MORC3, EPHX1, WEE1",0.004025505982376401,5.156764030456543,1,9,2.224052906036377,11.953756332397461
1397,MPST,"MPST, G3BP1, COX20, TEN1, WASF2",0.00630688747799011,4.671224117279053,3,6,0.44408178329467773,14.504498481750488
1398,PSMA7,"PSMA7, ARPC2, SLC25A5, COX8A, NAMPT",0.00018333405229040115,3.4352874755859375,0,8,0.771628737449646,14.602067947387695
1399,RXRB,"RXRB, HSPA5, MRM3, PPIL2, TTC3",0.002938246816654183,4.538986682891846,0,3,0.6902259588241577,12.453425407409668
1400,PIK3CB,"PIK3CB, STIM2, RIF1, TRPC4AP, RPAIN",6.568653210404746e-05,3.204669952392578,1,6,4.473142147064209,9.184988021850586
1401,HSP90B1,"HSP90B1, NDFIP1, GNAI2, ADK, CCNL1",0.00905493747034302,5.750475883483887,49,4,3.7043063640594482,11.806037902832031
1402,TOMM40,"TOMM40, PPA1, ASPM, PPP2CB, THRAP3",0.004404919234977392,9.424853324890137,8,5,4.197914123535156,9.934288024902344
1403,RPL36A,"RPL36A, ARPC1B, FAF1, MED13L, TRAPPC8",0.012643186836026808,14.27900218963623,5,0,-1.1929740905761719,10.89592170715332
1404,ODC1,"ODC1, LRRC41, ACADVL, ABI2, VPS37A",0.0015705943944878216,4.5500311851501465,8,1,-1.9841903448104858,10.274806022644043
1405,ETFDH,"ETFDH, SFI1, ZFAND2B, ACAP3, ATM",0.01578045404099624,9.240835189819336,4,0,2.5204310417175293,10.445747375488281
1406,TMEM14A,"TMEM14A, SH3GLB2, TRAPPC2B, ARAF, HEATR6",0.0029304036486417595,4.388552665710449,2,3,-0.44458305835723877,12.425695419311523
1407,ATP5PB,"ATP5PB, DHX38, ERCC6, COMMD8, C15ORF61",0.005301981576398339,6.834524154663086,0,6,-2.8223578929901123,12.667614936828613
1408,CDK7,"CDK7, EBAG9, PITPNA, ALAS1, RAB7A",0.012995149000584317,5.07658052444458,0,4,1.809165120124817,10.381974220275879
1409,TRIM27,"TRIM27, HLTF, MRPS25, TUG1, NUP54",0.002491186239946039,16.91377067565918,14,7,3.323572874069214,11.961170196533203
1410,EXOC1,"EXOC1, TGIF2, CTBS, TSEN34, SLC30A9",0.007528460895925082,5.544928073883057,6,9,2.3783440589904785,10.181361198425293
1411,CHAF1B,"CHAF1B, RALY, FAM174C, R3HDM4, DPY30",0.00022647147635873082,2.2405874729156494,10,4,3.6343798637390137,10.543046951293945
1412,TAF1D,"TAF1D, KIF5B, POLR1D, USP47, ELF2",0.004743155855513159,5.318586826324463,0,6,0.9123622179031372,10.380410194396973
1413,TP53I13,"TP53I13, TM2D3, NFKBIB, POP4, PWP1",0.011197102733736211,14.094588279724121,1,1,-2.2551076412200928,11.118423461914062
1414,CFLAR,"CFLAR, BRD2, RTN4, ATP5PD, CCDC85B",0.0002568637524068722,2.4448838233947754,2,6,-0.25047919154167175,13.53671646118164
1415,GNPTG,"GNPTG, BRD7, RNF214, MCM3AP, DDX50",0.007841207220420473,13.644157409667969,0,3,-2.928713083267212,10.200098991394043
1416,PRKRA,"PRKRA, MRPL2, ATG5, LUC7L, UNC119",0.017811834556213945,12.389973640441895,50,1,-2.758359909057617,10.12549877166748
1417,FBH1,"FBH1, MYNN, ANAPC1, ING2, SMARCD2",0.004152957462578284,6.962780475616455,4,3,-2.902165651321411,10.034841537475586
1418,PPP6R2,"PPP6R2, CD46, CRYZL1, CAPNS1, TEAD1",0.0059019839293487425,8.129901885986328,1,8,1.1447373628616333,9.714625358581543
1419,ZNF512,"ZNF512, ARFRP1, AMZ2, CDS2, RAP2C",0.004772567735559747,5.073397159576416,0,9,1.3523836135864258,10.66435432434082
1420,MLLT10,"MLLT10, PAFAH1B1, VPS13C, TRAPPC1, UBR5",0.009204938058580622,14.202461242675781,21,3,0.32957470417022705,13.838276863098145
1421,WIPF2,"WIPF2, CCDC186, IFT88, LYPLA2, MPHOSPH9",0.012112792599186663,9.235734939575195,0,0,0.3038140833377838,9.728857040405273
1422,CDK11B,"CDK11B, C1ORF50, PHF6, COQ4, MPDU1",0.0027627559323762053,7.011312007904053,3,1,-2.1317267417907715,10.759831428527832
1423,HSDL2,"HSDL2, IMPA1, ATXN7, PWP1, MIF4GD",0.009737293087423873,15.196864128112793,1,1,-2.270362138748169,11.31318187713623
1424,MRPL44,"MRPL44, NDUFAF1, ING5, TRIM52, CFAP20",0.006082376793634485,9.088340759277344,0,5,4.009013652801514,9.395705223083496
1425,BRD2,"BRD2, ELF1, TMED2, PAIP2, TRMT112",0.004308840426825203,9.16549015045166,2,0,-0.9635957479476929,10.694509506225586
1426,DNTTIP2,"DNTTIP2, ME2, GSS, CORO1C, RPE",1.470594002329421e-05,1.866402268409729,3,3,-0.04806052893400192,13.97232437133789
1427,ZNF512,"ZNF512, PARL, NR2C1, NUP50, CENPM",0.014284369742626441,17.186147689819336,10,6,-2.7774808406829834,12.327932357788086
1428,TRIT1,"TRIT1, NUP188, PSMC3IP, VPS11, INTS7",0.013122600480786199,6.491408348083496,2,3,-3.1583666801452637,11.01594066619873
1429,PAIP2,"PAIP2, GLG1, ZNF706, RESF1, OXLD1",0.001600986670535963,5.949893951416016,17,0,-2.523732900619507,12.824198722839355
1430,RUFY1,"RUFY1, TRMT61A, GRAMD1A, ADIPOR1, PI4KB",0.008823564013976526,10.603989601135254,4,3,-3.602975368499756,11.08157730102539
1431,ATXN7L3B,"ATXN7L3B, USP22, ATP13A3, ZRANB3, GLB1",0.000705885121118122,3.4134912490844727,0,3,1.2531267404556274,14.085552215576172
1432,ARID1B,"ARID1B, UBC, RPL7, RPL36AL, SSBP1",0.000298040384472096,2.7138333320617676,4,3,-1.8105429410934448,12.59360408782959
1433,RNF220,"RNF220, ZMYM4, NCOA4, ERCC1, GRB2",0.002547068812034557,3.9214653968811035,21,3,-0.26307713985443115,13.42393970489502
1434,SEPTIN2,"SEPTIN2, PIAS1, SDCCAG8, HELLS, TBC1D31",0.007475519511841223,11.7161226272583,9,0,-1.1686668395996094,11.107455253601074
1435,PRMT2,"PRMT2, RNF170, MYC, ATP6AP2, EMC4",0.0027225596963125344,4.120782375335693,45,0,0.36118772625923157,13.237255096435547
1436,KIF2C,"KIF2C, RBBP8, IRGQ, ZBED4, ILKAP",0.004550017843207228,9.007266998291016,1,3,-3.4091196060180664,11.04524040222168
1437,USP10,"USP10, LAMTOR1, ATP2A2, CDC37, PCGF6",0.00511276514809862,13.241707801818848,11,3,-0.9490652680397034,10.85055160522461
1438,NCOA1,"NCOA1, GABARAP, RPLP0, PARD3, OXR1",0.0010843179777175597,7.6364874839782715,0,8,-1.0660120248794556,14.048462867736816
1439,QSER1,"QSER1, GDE1, VRK1, CRCP, MED16",0.010345138608386699,13.329934120178223,1,6,-2.1943581104278564,12.347729682922363
1440,BCL10,"BCL10, ATP6V0E1, TAGLN2, PIGT, EDC4",0.0028755014725547943,6.340093612670898,8,9,0.7406991124153137,9.95996379852295
1441,CUTA,"CUTA, CYCS, PRRC2C, DAD1, KLHL8",0.007631402476088142,9.692362785339355,0,4,4.348733425140381,11.491097450256348
1442,RRAGC,"RRAGC, MPV17, CASP8AP2, SDHAF3, SGTA",8.725524413821231e-05,2.9599356651306152,1,6,-1.969963550567627,12.177448272705078
1443,UBE2K,"UBE2K, KMT2C, ANKRD11, PICALM, TRIM44",0.0003078443444876254,3.5893616676330566,23,1,1.1912609338760376,10.937405586242676
1444,C6ORF47,"C6ORF47, SLC7A6OS, SMAD4, SENP2, CDK2",0.008571602241577417,8.202001571655273,2,6,0.6481781601905823,10.011186599731445
1445,CALM3,"CALM3, NDUFB4, POMP, ABCF3, ATP6V1F",0.005296099200389021,7.9699554443359375,1,3,1.4475173950195312,14.077839851379395
1446,TMEM126A,"TMEM126A, NDUFS8, DVL1, DSG2, GHITM",0.002457852775893239,9.488861083984375,7,0,-1.900001049041748,11.690134048461914
1447,AIFM1,"AIFM1, AHCTF1, ZBTB7A, TRUB2, CEP95",0.0002862756324534606,2.2536754608154297,8,5,3.7990036010742188,9.824377059936523
1448,AMDHD2,"AMDHD2, E2F6, TRMT6, LRRC41, TM9SF2",0.005651982948952741,11.577500343322754,0,5,3.4835145473480225,9.914438247680664
1449,ATL2,"ATL2, PPP2R2D, TBL3, NEK4, LEMD3",0.010635335824846373,11.34332275390625,0,1,-2.2573578357696533,11.267966270446777
1450,SPRED2,"SPRED2, GPBP1L1, LASP1, MED28, GPAA1",0.001189220349883725,3.7414824962615967,44,9,0.8531849980354309,10.089219093322754
1451,TMBIM4,"TMBIM4, SEM1, MPHOSPH8, UQCRFS1, GEMIN5",4.509821607143557e-05,2.7157607078552246,8,1,1.6851806640625,12.963369369506836
1452,NR1H2,"NR1H2, CNOT1, SLC1A5, SP3, NT5C3A",0.0061206122376950495,6.556545734405518,2,9,1.6071537733078003,13.651825904846191
1453,SRPRA,"SRPRA, FNIP1, RNF13, CLDND1, HMGB2",0.004953940995847042,5.566495418548584,14,1,1.5503236055374146,12.366278648376465
1454,RNF13,"RNF13, ZNF91, NCOR2, PCF11, GRK2",0.00688237993090169,5.639979839324951,0,4,2.180867910385132,11.555403709411621
1455,PRKD2,"PRKD2, DLGAP5, SAP30BP, NRBP1, VTI1B",0.0033068757132380913,6.083535194396973,4,6,-0.3014121651649475,9.876216888427734
1456,KIF1C,"KIF1C, CWF19L1, CEP55, MSTO1, ELAC2",0.020062823775779514,8.536395072937012,0,9,1.3013875484466553,10.0975980758667
1457,CC2D1A,"CC2D1A, C11ORF54, MUS81, QRSL1, INTS8",0.0018970662630049529,5.263679504394531,0,3,1.289215087890625,12.47732925415039
1458,BTBD7,"BTBD7, ATF6, CEP57, MAN1A2, CEPT1",4.0196236063670835e-05,2.5969672203063965,8,6,0.637302577495575,12.812816619873047
1459,KANSL1,"KANSL1, EIF4G2, TCF25, SAP18, NSD3",0.0021833418954584137,4.179437637329102,4,6,-1.1734371185302734,12.078605651855469
1460,C12ORF4,"C12ORF4, PIGG, SENP1, CDKN3, ZNF384",3.9215840062117894e-05,2.0898752212524414,3,6,-0.3658648729324341,13.453714370727539
1461,<SPECIAL>,"<SPECIAL>, SRM, LAPTM4B, TFRC, SLC20A1",0.0010470629296585477,71.74422454833984,19,2,1.2568604946136475,14.273128509521484
1462,GNL2,"GNL2, NEK2, TOR3A, LASP1, C1GALT1",0.015803003149031956,10.495490074157715,0,1,-2.3342978954315186,10.556647300720215
1463,LYSMD3,"LYSMD3, RNF2, STK16, GTF2A1, C5ORF15",0.011966713594955275,7.602038860321045,0,5,3.5230138301849365,9.84471607208252
1464,DPP3,"DPP3, TENT4B, ZNF714, SPAST, TNFAIP8L1",0.0049411958478268545,9.661317825317383,0,3,-3.3111562728881836,10.848212242126465
1465,TMEM141,"TMEM141, SREK1, MIB1, MEAF6, CHPT1",0.0035676610496511753,5.415579795837402,23,1,-1.8117711544036865,10.377148628234863
1466,SYMPK,"SYMPK, PDLIM1, SPRTN, RAB5B, PPP2R3B",0.009320624786763869,12.817461967468262,0,3,-0.5596550703048706,10.639299392700195
1467,ATP13A2,"ATP13A2, TM9SF1, NUP205, TNIP2, ARMC10",0.008149051564908097,9.993780136108398,1,6,-2.2639877796173096,12.034390449523926
1468,MID1IP1,"MID1IP1, PPP1R18, COPS5, RSL1D1, MRPL44",3.235306805124726e-05,2.184166669845581,9,6,-0.4514518678188324,13.272675514221191
1469,PPP1R16A,"PPP1R16A, KIF3A, RCL1, GPKOW, NAGK",0.031912870246549985,9.984722137451172,2,1,1.5259716510772705,13.139697074890137
1470,KRIT1,"KRIT1, N4BP1, MRPL28, DDX24, PRKD3",0.0003333346405280021,4.233538627624512,4,6,-2.5501697063446045,12.725058555603027
1471,PPM1A,"PPM1A, GET3, MAPK6, PSMF1, MCTS1",9.607880815218883e-05,2.2692294120788574,9,3,1.038070559501648,13.507095336914062
1472,GPN1,"GPN1, OSGEP, BABAM1, KLF16, METTL8",0.006650026078533641,15.037848472595215,0,5,4.274891376495361,8.87891674041748
1473,MMAB,"MMAB, ACP1, SPCS3, GPAA1, LBR",0.0004970607727873442,4.244986057281494,11,6,-1.8280565738677979,11.957023620605469
1474,DGCR6L,"DGCR6L, TFCP2, TRPC4AP, MRPS18C, STK26",7.4510096118024e-05,3.223843574523926,0,1,-0.7707647085189819,13.255989074707031
1475,REEP4,"REEP4, CAMKK2, APEH, SMARCD1, DNAJC19",0.006157867285754062,10.598028182983398,0,3,-3.385896921157837,11.274890899658203
1476,NDUFAF2,"NDUFAF2, CBX1, SLC20A1, IL10RB, GOLGA7",0.00026372652441774284,2.8442585468292236,14,3,-1.3428699970245361,13.545945167541504
1477,SLC4A7,"SLC4A7, ZDHHC20, RER1, MED10, GTF2H5",0.000130392668206542,3.6364214420318604,3,8,-0.7676303386688232,12.206972122192383
1478,KANSL2,"KANSL2, TST, JMJD4, GNPAT, KHDC4",0.017883403464327312,11.124011039733887,0,1,-2.4968645572662354,10.308161735534668
1479,CHST12,"CHST12, LSM3, DNAJC7, MRPS24, NSMCE2",0.012284361899458428,7.2192158699035645,1,4,4.524537086486816,11.504928588867188
1480,LRRCC1,"LRRCC1, KAT2A, CEP44, DNAJC17, POGLUT1",0.005768650073137541,9.000572204589844,1,3,-2.92507266998291,10.931665420532227
1481,OAZ1,"OAZ1, PDLIM1, COX4I1, HTATSF1, RPLP0",0.005739238193090954,3.591540813446045,16,4,2.8232524394989014,11.651580810546875
1482,APLP2,"APLP2, HNRNPF, TMEM98, SELENOS, RTRAF",0.0006401985890140745,3.191173791885376,9,4,-1.3069961071014404,13.785935401916504
1483,DPP8,"DPP8, ITFG2, CHD8, RBM10, SP3",0.008982388166228103,12.168357849121094,27,6,-2.344911575317383,11.223624229431152
1484,DNTTIP2,"DNTTIP2, RACK1, RWDD4, RPS21, RPS17",8.823564013976525e-05,2.9289536476135254,3,1,0.6722002625465393,12.836857795715332
1485,RAP2C,"RAP2C, METTL1, NLN, FAF2, FBXO38",0.013700053725700885,9.884095191955566,0,3,-2.9561352729797363,10.266655921936035
1486,CAMLG,"CAMLG, B3GALNT2, WTAP, AIP, RNF4",6.470613610249452e-05,2.047576904296875,0,6,1.2764685153961182,12.366159439086914
1487,MICOS10,"MICOS10, PSME4, EYA3, RBBP5, PPIL4",0.0002588245444099781,2.7650187015533447,18,1,1.4535083770751953,12.402841567993164
1488,ZMYM3,"ZMYM3, POLR3F, SPRYD4, PSTK, ZNF512B",0.021102043537425636,7.970459461212158,0,0,2.349832773208618,9.051763534545898
1489,TIMM17A,"TIMM17A, WDR82, FOXK2, GGCT, EIF3G",0.005452962560637493,7.162220001220703,4,9,-2.8795104026794434,12.378510475158691
1490,DDX39A,"DDX39A, FOXK1, LPCAT1, GGPS1, TMEM263",0.002604912176126181,3.424561023712158,4,9,1.6962224245071411,13.76003646850586
1491,CD99,"CD99, IGF1R, NRDE2, AGPS, TFPT",0.014130447570382629,11.525900840759277,1,3,0.50719153881073,13.819165229797363
1492,RAP2B,"RAP2B, GNPTAB, NECAP2, NCOR2, TRIR",5.882376009317684e-05,2.7955896854400635,17,1,-2.2543630599975586,10.879522323608398
1493,AHSA1,"AHSA1, OGFOD1, GDI2, INTS14, NDUFA1",0.002494127427950698,8.70741081237793,5,1,0.936410129070282,12.262283325195312
1494,NPRL2,"NPRL2, ALS2, ZNF507, CREB3, MIB2",0.008743171541849185,6.423722267150879,3,0,2.650714635848999,9.899693489074707
1495,FAM133B,"FAM133B, ASH1L, MRPL16, DDX3X, AP2S1",0.006525515786336417,11.488448143005371,12,6,-1.5643730163574219,12.310798645019531
1496,HIGD2A,"HIGD2A, BLOC1S1, UBL5, PRDX1, IK",9.607880815218883e-05,2.7476906776428223,0,8,1.1794440746307373,14.554515838623047
1497,MTR,"MTR, MEN1, GNPTAB, CKAP5, HILPDA",3.0392276048141366e-05,2.039407968521118,6,6,-0.083933986723423,12.351707458496094
1498,MPP1,"MPP1, POLR2J, RNF216, BAD, TGOLN2",0.020855964141035847,6.487112522125244,1,3,-0.7954227328300476,12.579527854919434
1499,ERCC1,"ERCC1, CBX6, AKAP8L, TTC1, TAF1",0.006522574598331758,5.775304794311523,11,1,0.5193706154823303,11.95974349975586
1500,PPP1R15A,"PPP1R15A, ANKZF1, TMA16, PDIA3, ATL2",0.014109859254350017,10.105435371398926,0,6,0.39767220616340637,9.96125602722168
1501,RBM48,"RBM48, SH2B1, FMR1, MRNIP, SMARCD2",0.003815701238044071,4.950146675109863,1,5,3.6257998943328857,9.354880332946777
1502,PDE12,"PDE12, FAIM, CLK3, MOSMO, ZFC3H1",0.007596108220032235,10.162043571472168,0,6,-2.55461049079895,11.97535228729248
1503,CLN3,"CLN3, LRP5, TWF1, SLC35A3, TTF1",0.012563774759901019,5.220528602600098,0,6,2.4053866863250732,9.611196517944336
1504,PNMA1,"PNMA1, CEP164, STYX, GMEB1, CORO1C",0.001467652814324762,2.9143495559692383,0,6,2.4169864654541016,9.641829490661621
1505,DBN1,"DBN1, ING3, TMEM263, AP1M1, CKAP5",0.0015225549904117272,4.358508110046387,1,6,-0.6674409508705139,12.718647956848145
1506,ARFRP1,"ARFRP1, CBL, SUPT20H, VRK1, TMX4",0.004671586947399793,4.4159674644470215,1,9,-0.03649040684103966,12.376291275024414
1507,AGPAT3,"AGPAT3, API5, PRPSAP2, GALK1, TRIM4",0.006147082929736979,9.748779296875,2,3,-2.605048418045044,10.004595756530762
1508,CCNT1,"CCNT1, SPTY2D1, ZNF268, GINS2, UBE2A",0.0065588492503892174,8.827210426330566,6,1,-2.5648887157440186,10.426443099975586
1509,TAGLN2,"TAGLN2, DYNLL1, MYL12B, WDR83OS, HNRNPH3",0.0005451001768634387,3.079249382019043,6,6,-1.377482295036316,12.987399101257324
1510,SPCS3,"SPCS3, PPP1CA, NDUFA7, PSMB7, RBIS",6.960811611025925e-05,2.3293073177337646,4,6,-0.05325668677687645,11.943897247314453
1511,ATG4C,"ATG4C, KMT2A, CTDSPL2, ETFDH, UBE3B",0.027887364264173584,7.462305068969727,0,6,-0.8000896573066711,12.78742790222168
1512,ABCD4,"ABCD4, DUSP11, SMYD2, MSL1, COMMD7",0.011757889246624497,8.778373718261719,0,1,-2.075453281402588,10.273458480834961
1513,ROCK1,"ROCK1, BTF3, MAP4K4, TFDP2, ANKHD1",0.000632355421001651,3.127734661102295,18,4,2.944171667098999,12.518816947937012
1514,RBIS,"RBIS, SLTM, CARS2, PCNA, PSPC1",0.0022019694194879195,3.988859176635742,4,1,1.1665735244750977,12.030802726745605
1515,ITGB3BP,"ITGB3BP, STAT1, CKAP2, TYMS, PUM2",0.004633351503339229,11.126128196716309,3,3,-3.379756212234497,11.449328422546387
1516,ATXN7L3B,"ATXN7L3B, RRAGC, ATP13A3, PHF13, MFN2",2.7451088043482524e-05,1.9783713817596436,1,1,-1.0431197881698608,12.797125816345215
1517,NIN,"NIN, RBM3, RBMX, CASP3, SORBS3",0.01879811293377621,6.240854740142822,2,9,-0.34701263904571533,13.88485336303711
1518,RAB5IF,"RAB5IF, RER1, ZFAND2B, PCSK7, IMP3",7.745128412268283e-05,2.674974203109741,0,6,-0.49620321393013,13.648795127868652
1519,SURF1,"SURF1, BIRC2, EIF4EBP2, UBTF, SHMT2",0.00019215761630437766,4.103679656982422,4,0,2.6523544788360596,12.55638313293457
1520,PIGL,"PIGL, SLC7A6, WDR13, ZNF512, PRPSAP2",0.010590237608774936,6.959947109222412,0,0,2.3662643432617188,10.225027084350586
1521,DHX38,"DHX38, GDAP2, HSF2, LMNB2, SNAP23",0.010563766916733006,12.55477237701416,0,1,-2.3335728645324707,10.267783164978027
1522,RPRD1B,"RPRD1B, RBL2, RPUSD2, NDUFA13, SDCBP",0.009122584794450174,12.679518699645996,17,6,-0.29744747281074524,12.864481925964355
1523,GADD45A,"GADD45A, HLTF, NCBP3, DHCR24, CERS5",0.0003215698885093667,3.0370848178863525,9,0,-1.0670421123504639,12.155303955078125
1524,LPGAT1,"LPGAT1, ARF4, ERCC1, RBBP4, HIBCH",0.00036764850058235523,3.9040985107421875,57,3,1.7787578105926514,13.082199096679688
1525,RNPEPL1,"RNPEPL1, PDLIM7, HMGN4, ERG28, OARD1",0.008148071168906545,7.713804721832275,1,3,-0.4510694444179535,9.788854598999023
1526,RPL27A,"RPL27A, DYNLL1, PTMA, NAP1L4, PDE7A",6.764732410715336e-05,2.5594022274017334,0,8,4.182498931884766,9.201187133789062
1527,JKAMP,"JKAMP, EPN2, CDCA3, RNF19A, GNA12",0.016943203698838033,8.548871994018555,0,6,0.8289854526519775,10.183382987976074
1528,BMI1,"BMI1, POLR3D, DDAH2, SNRPD3, EIF2B2",0.00932748755877474,5.804385662078857,53,6,2.6548712253570557,10.043777465820312
1529,CASP8AP2,"CASP8AP2, TMEM230, RGS10, ACSL3, HSPA9",0.0029117761246122533,9.643192291259766,14,6,-2.0237226486206055,11.491829872131348
1530,DDAH2,"DDAH2, IFT81, RANBP6, METTL6, IPO8",0.028036384456409633,7.840830326080322,0,1,0.5600850582122803,10.41741943359375
1531,PUS7,"PUS7, NOL12, UBIAD1, MOB4, SF3A1",1.6666732026400104e-05,1.7496713399887085,0,3,2.1868131160736084,12.959824562072754
1532,NSMCE2,"NSMCE2, YWHAQ, LRRFIP2, ARPC1B, GNB1",0.004197075282648168,8.680731773376465,3,0,-0.1870402842760086,10.049821853637695
1533,SPRED2,"SPRED2, DCTPP1, BMP2K, RAD23A, PNPLA8",0.00019411840830748357,3.982747793197632,12,0,1.0264695882797241,11.77568531036377
1534,HSD17B10,"HSD17B10, RAP2C, LSM1, VPS53, CENPU",0.004758842191538006,4.067936897277832,26,4,2.7497544288635254,12.131903648376465
1535,MDH2,"MDH2, LASP1, WHAMM, ARL2BP, REV1",0.009215722414597704,6.977945804595947,0,3,0.052958760410547256,12.762293815612793
1536,ARL3,"ARL3, PHF21A, LCORL, EDEM1, NAGK",0.07409048662935933,13.106243133544922,0,3,1.4341022968292236,13.135516166687012
1537,CLNS1A,"CLNS1A, SVIP, HDAC1, CLTB, SSNA1",0.004786293279581489,4.7932257652282715,28,4,3.8893113136291504,11.569717407226562
1538,COPE,"COPE, CCND3, CIB1, WTAP, LRBA",0.0034833469935176215,9.425016403198242,2,8,0.3950326442718506,9.716136932373047
1539,MXI1,"MXI1, BSG, MAP4K4, UNKL, USP34",0.013198090972905776,10.137451171875,0,3,0.29693031311035156,10.256704330444336
1540,<SPECIAL>,"<SPECIAL>, HMGCS1, LAPTM4B, ZMYND19, SLC20A1",0.001093141541731536,71.3175048828125,1,2,-1.890374779701233,10.44650650024414
1541,NMT2,"NMT2, GIT1, PLSCR1, FGFRL1, SERINC1",0.04530311883576014,8.785719871520996,0,1,0.8902360200881958,12.507150650024414
1542,ZMYM5,"ZMYM5, COQ7, TRPT1, MRPS14, ARFIP1",0.001059808077678736,5.7696661949157715,2,3,-2.5366475582122803,12.173338890075684
1543,TMEM179B,"TMEM179B, BNIP3, MKNK2, PPP1R2, NAPA",0.002343146443711544,4.417350769042969,12,1,2.138303756713867,10.399092674255371
1544,RCBTB1,"RCBTB1, CMTR2, CASP2, QRSL1, WASHC2C",0.006320613022011851,6.063656806945801,0,3,0.8614798784255981,10.314083099365234
1545,ACAD9,"ACAD9, UBE2B, DCAF12, USP34, ATAD3A",0.0009451017454970412,3.624458074569702,3,9,-0.7842441201210022,14.155465126037598
1546,GPX4,"GPX4, SH3KBP1, ATM, ATP5MF, JARID2",0.0003147071164984961,5.24375581741333,7,0,0.5796430110931396,11.795157432556152
1547,HNRNPK,"HNRNPK, SLC2A4RG, SNRNP27, USE1, WSB1",0.003964721430280119,7.166922569274902,0,0,1.1909600496292114,12.985560417175293
1548,NDUFA3,"NDUFA3, ATP5MC2, MTRR, YTHDF1, SMARCD1",4.901980007764736e-05,1.9344674348831177,3,3,2.791672706604004,9.72034740447998
1549,NIT2,"NIT2, PPIL3, MCOLN1, LPGAT1, SNX13",0.006314730646002534,14.518538475036621,2,3,-2.610865831375122,12.306296348571777
1550,ANKFY1,"ANKFY1, MON1A, HMGN3, ZC3HAV1, WDHD1",0.0021274593233698955,3.3307812213897705,2,4,2.480727434158325,12.326288223266602
1551,UBE2G2,"UBE2G2, ALMS1, ANAPC15, PRKDC, USO1",6.078455209628273e-05,2.0546839237213135,56,3,0.6759054064750671,13.948953628540039
1552,HUWE1,"HUWE1, GLUD1, OTUB1, FAM162A, CPSF6",0.0023323620876944617,12.047645568847656,28,8,1.2441761493682861,9.902267456054688
1553,MAGED2,"MAGED2, TP53I13, CREBZF, CETN2, FBXO11",0.015685355628845602,10.066472053527832,3,0,-0.2814994752407074,9.813350677490234
1554,STK38L,"STK38L, SLC35B1, LGALS8, GIPC1, AGPS",0.0016803987466617516,5.197990417480469,0,0,-0.6284438371658325,12.8299560546875
1555,NRBF2,"NRBF2, MVB12A, ZNF397, CTDSP2, LRP6",0.013866721045964887,8.206816673278809,0,0,0.8959740400314331,9.742682456970215
1556,ZCCHC17,"ZCCHC17, AKR7A2, FBXO5, CSNK2B, KPNA6",0.0018686347789599175,2.9826743602752686,1,5,3.629934787750244,9.340337753295898
1557,FADS3,"FADS3, GTF2H1, DDX28, UBE2Q1, C1ORF52",0.0033813858093561153,5.43813943862915,0,5,3.863096237182617,9.577240943908691
1558,NRM,"NRM, FHOD1, ZNF143, GUCD1, ARL8A",0.0021686359554351194,6.140900611877441,0,6,0.5144456624984741,14.181175231933594
1559,MICOS13,"MICOS13, NDUFA1, PA2G4, AFF4, ROCK2",0.008600033725622453,10.185009002685547,24,4,-0.9583943486213684,12.255654335021973
1560,USF2,"USF2, SEM1, UNKL, SAP130, CRYZL1",0.002458833171894792,4.690623760223389,2,9,2.371490716934204,10.10310173034668
1561,EZR,"EZR, RNH1, KAT6B, UQCR11, DHCR24",0.0010637296616849477,5.485911846160889,6,3,0.0934145525097847,13.67556095123291
1562,CGGBP1,"CGGBP1, ATP11A, PPCS, NME7, BLOC1S6",0.013221620476943047,14.40300178527832,6,3,-3.259601593017578,10.537322044372559
1563,MYSM1,"MYSM1, ZNF664, RAD50, INO80, SYNRG",0.010764748097051361,10.774182319641113,13,1,-1.9802736043930054,11.594390869140625
1564,POLG,"POLG, MIPEP, B4GALT4, ACADSB, ASL",0.02542460950827258,5.359704971313477,9,1,2.492236375808716,9.53516674041748
1565,SNRPD3,"SNRPD3, KHDRBS1, VPS28, TMED2, SENP6",0.008777485401903536,11.369263648986816,19,0,-0.9799126982688904,11.758084297180176
1566,EIF4B,"EIF4B, TRAP1, MCUR1, MCM6, TRNAU1AP",3.333346405280021e-05,2.32212495803833,1,6,0.7415493130683899,12.616146087646484
1567,KIF16B,"KIF16B, PRIM2, STX8, TPGS2, TBCD",0.0033343268012815735,3.925081491470337,0,1,-0.4768103063106537,12.129592895507812
1568,ACADSB,"ACADSB, CAAP1, SGO1, LRRC57, FCF1",0.0033411895732924444,4.301733016967773,0,5,3.4152672290802,9.478628158569336
1569,TRAPPC12,"TRAPPC12, SNUPN, TRAPPC13, MPC1, PHGDH",0.01996870575963043,7.807250022888184,2,5,3.0214693546295166,9.857996940612793
1570,RBBP4,"RBBP4, SGTA, UBXN1, GOLGB1, LRPPRC",0.0006715712610637688,3.9557945728302,1,6,-0.9673231244087219,14.09949016571045
1571,TMEM60,"TMEM60, YDJC, DDX46, TFRC, C1ORF131",2.450990003882368e-05,1.9811186790466309,13,3,0.9822546243667603,14.633427619934082
1572,SSR4,"SSR4, ARRDC1, ATRX, GPATCH8, STXBP4",0.014793195267432422,12.287778854370117,23,6,-0.0463363379240036,11.279812812805176
1573,TCF7L2,"TCF7L2, RABAC1, HDAC8, MNAT1, ANKRD26",0.03859524939313488,5.225874900817871,4,4,2.9964799880981445,12.437581062316895
1574,RPRD2,"RPRD2, UNC119, FLII, SAP18, NR2C2",0.004480409727096969,5.216938018798828,4,9,1.5028862953186035,10.91510009765625
1575,TACC1,"TACC1, BNIP2, PHGDH, CREBRF, ATF5",0.021576555202177262,6.087403297424316,1,4,-1.1681742668151855,13.525824546813965
1576,NUP42,"NUP42, QRSL1, MED16, PDCD11, TFDP1",1.9607920031058947e-05,1.9363350868225098,6,5,3.684727430343628,9.375663757324219
1577,TTC9C,"TTC9C, ZBTB21, COG7, PELO, ENTPD6",0.03385699551762948,7.143734455108643,1,5,3.802860736846924,9.570408821105957
1578,KDELR1,"KDELR1, CIAO2B, TMEM63A, NDUFS8, DNAJC2",4.215702806677673e-05,2.397725820541382,1,1,-0.6248472929000854,12.5457181930542
1579,ELP2,"ELP2, ACBD6, LIG1, HEXD, FDX1",0.009132388754465703,10.832860946655273,11,1,-2.0810625553131104,10.315483093261719
1580,DECR1,"DECR1, UBA3, TMEM170A, ATP13A3, HSF1",0.012864756332377774,5.756688117980957,9,5,3.1400935649871826,10.365981101989746
1581,BCKDHB,"BCKDHB, BRAP, FAAP100, CNPPD1, CFLAR",0.027943246836262103,7.834537982940674,0,3,0.6352518796920776,13.675850868225098
1582,NUP42,"NUP42, KAT5, HDHD2, SOX12, RPP30",0.009297095282726599,11.369641304016113,3,1,-1.933632731437683,10.442968368530273
1583,CEP192,"CEP192, CCT3, VCP, NOL6, RIDA",3.4313860054353156e-05,1.8485822677612305,2,6,3.430662155151367,10.19030475616455
1584,HNRNPH1,"HNRNPH1, USB1, PTDSS1, CMTM6, RSL1D1",6.862772010870631e-06,1.6945849657058716,0,6,2.107247829437256,13.260376930236816
1585,MRPL13,"MRPL13, EBNA1BP2, MRPL16, TRAPPC3, CCDC14",0.008084345428805604,8.031294822692871,10,4,4.0978169441223145,10.948225021362305
1586,MECP2,"MECP2, RNF13, GPATCH8, ACSL3, G3BP2",0.03889034858960231,9.016945838928223,5,4,4.015266418457031,11.566472053527832
1587,WDR1,"WDR1, PINX1, FANCI, SUGP2, NDUFB7",0.00019803999231369536,2.4087677001953125,0,1,0.22134990990161896,11.587592124938965
1588,ZNF33A,"ZNF33A, THUMPD1, PIEZO1, SUZ12, PDLIM7",0.0016225553825701276,4.559660911560059,0,6,0.8369752168655396,11.570548057556152
1589,RRM1,"RRM1, NADSYN1, DHRS4L2, SLC25A24, EMC2",0.011019651057455128,13.088464736938477,9,1,-2.2946531772613525,10.93093490600586
1590,PDSS1,"PDSS1, MUS81, NTPCR, CDT1, BMS1",0.002527460892003498,6.484970569610596,13,5,3.692986488342285,9.302428245544434
1591,ZFP36L2,"ZFP36L2, SLC25A3, EIF3K, AKAP9, ZCCHC7",0.0026313828681681106,13.281745910644531,8,8,-0.0855785459280014,9.062543869018555
1592,RUNX1,"RUNX1, THAP1, YEATS4, ETFB, EMC6",0.0037598186659555527,7.605988025665283,17,6,-1.3183058500289917,11.75690746307373
1593,RAC1,"RAC1, TMUB1, LAMTOR1, ANKRD28, PSTK",0.004182369342624873,9.638205528259277,11,1,1.7863998413085938,13.604391098022461
1594,THRA,"THRA, RASA1, EPN2, NFIL3, SP100",0.10051411966321437,10.338242530822754,0,9,1.174999475479126,11.767129898071289
1595,PTPRA,"PTPRA, RAB2A, SHTN1, MYDGF, SUMO1",0.000371570084588567,6.91022253036499,6,8,0.6523669958114624,11.691985130310059
1596,TRMT11,"TRMT11, FAM133B, GPATCH4, GLG1, RSRC2",0.001971576359122977,3.4346256256103516,1,9,1.2350186109542847,13.238389015197754
1597,CDK7,"CDK7, KIF2C, SURF2, ELAC2, CRKL",0.00018529484429350703,3.155825614929199,1,3,-2.911203622817993,11.818291664123535
1598,PLEKHF2,"PLEKHF2, WHAMM, AGO2, NOP58, SCNM1",5.490217608696505e-05,2.502678394317627,20,6,-0.8562359809875488,12.530858993530273
1599,ZFC3H1,"ZFC3H1, CAMTA1, PHIP, GPANK1, TSC22D1",0.014991235259746117,4.311712741851807,16,4,2.512681245803833,11.665849685668945
1600,IQGAP1,"IQGAP1, PUM3, MAP3K20, KRT10, SMCHD1",0.0026902066282612873,6.726649284362793,3,1,1.1660776138305664,10.395566940307617
1601,BAK1,"BAK1, GOLT1B, CDK2, NELFA, DCTN6",0.001967654775116765,4.239775657653809,0,6,1.7409155368804932,10.263617515563965
1602,KCTD13,"KCTD13, ARAF, PURB, KIN, FAM234A",0.036686418378111284,9.509742736816406,0,5,3.9186017513275146,9.443705558776855
1603,CCDC124,"CCDC124, SERINC1, PRIM2, ESD, PWP1",0.000335295432531108,2.827367067337036,1,0,0.19771675765514374,14.051902770996094
1604,DEXI,"DEXI, RIC8A, TSEN2, YEATS4, UBXN2B",9.901999615684768e-05,2.1892709732055664,0,1,-0.26980915665626526,10.229564666748047
1605,ARMC6,"ARMC6, THAP4, FAM174C, MAP3K20, RFC1",0.001150004509821607,4.798746585845947,0,6,-2.4909558296203613,12.587636947631836
1606,MED27,"MED27, PBX2, CSE1L, TPST2, ARHGAP11A",0.008068659092780756,6.5410871505737305,1,1,-2.2868144512176514,10.19883918762207
1607,MTERF4,"MTERF4, KLHDC3, NRBF2, ANKFY1, CKAP2",4.901980007764736e-05,2.3747737407684326,0,3,0.7008017301559448,12.51099681854248
1608,PDSS2,"PDSS2, ZFAND3, GKAP1, PPID, CHMP1A",0.0003421582045419786,2.6086606979370117,0,1,-1.057936191558838,12.716707229614258
1609,TMED10,"TMED10, CPNE1, DSTN, POLDIP2, COA7",0.0065363001423535,2.975186586380005,5,4,3.11329984664917,11.437359809875488
1610,ZFYVE16,"ZFYVE16, FCF1, LAP3, EEF2K, IK",0.018188306620810276,8.683540344238281,3,5,3.37713885307312,9.640758514404297
1611,SRA1,"SRA1, ARID1A, SPG11, BCL10, CYTH2",0.0001431378162267303,2.4106991291046143,22,9,1.0420887470245361,13.981940269470215
1612,RNF24,"RNF24, CDK9, MAP3K20, ZNF451, PRXL2A",0.010340236628378935,8.623455047607422,23,1,-1.8827569484710693,10.93297290802002
1613,CLIC1,"CLIC1, FABP5, SIRT6, MAGT1, SIVA1",0.000614708292973698,14.169061660766602,3,8,-3.5180246829986572,10.64144515991211
1614,RBM8A,"RBM8A, C11ORF58, TALDO1, RSL24D1, PPP1CA",0.006004925509511802,8.11429214477539,4,4,3.891146421432495,11.573450088500977
1615,EMC3,"EMC3, ASAH1, SNRPG, COX7A2L, GNB2",0.002300009019643214,9.431466102600098,7,0,-1.2851673364639282,10.69920539855957
1616,CCT6A,"CCT6A, ARID5A, FNDC3A, TCHP, ATF1",0.0017568696347828815,4.786799430847168,2,3,-2.8981668949127197,10.719903945922852
1617,CDC42SE2,"CDC42SE2, ING1, TMED9, MTDH, TFDP2",0.0016754967666539869,4.074920177459717,4,0,-0.2626851499080658,9.880780220031738
1618,PDPK1,"PDPK1, CXORF38, SLC38A10, PEX2, BORCS5",0.007300028627563245,6.150387763977051,0,0,2.365302085876465,10.214163780212402
1619,TGS1,"TGS1, SLC31A1, YIPF2, SPAG7, CDK10",0.015538296228612662,10.176558494567871,1,3,-3.4658989906311035,10.965963363647461
1620,KPNA3,"KPNA3, CNST, DCTPP1, DNPH1, CDK16",3.333346405280021e-05,2.1278762817382812,8,4,1.7963917255401611,11.56628131866455
1621,PLEKHB2,"PLEKHB2, C1ORF50, PTPN11, BET1L, ARL16",9.509841215063589e-05,2.593388319015503,10,1,-2.5828568935394287,10.088191032409668
1622,PGAM5,"PGAM5, WDHD1, TMEM177, MON1A, SCLY",0.005108843564092408,7.202459812164307,0,5,2.5916340351104736,9.060811996459961
1623,UQCR10,"UQCR10, SCAF8, YME1L1, SH3GLB1, NBDY",0.0004941195847826854,5.756870746612549,5,1,-0.05570332333445549,9.83520221710205
1624,EIF5A2,"EIF5A2, APOOL, ATAD1, METTL16, NCLN",0.0007421597731755811,3.2506802082061768,0,0,1.7409920692443848,10.989781379699707
1625,MRM3,"MRM3, COPS7A, MIPEP, ENO2, ATE1",0.007996109788665839,6.778146266937256,0,1,0.41555681824684143,10.151632308959961
1626,IMP4,"IMP4, PIGP, AAMP, CFAP298, DENND4C",0.0070715963592014085,8.167069435119629,13,3,-2.7971150875091553,10.721068382263184
1627,EXOC4,"EXOC4, MXD4, SSBP1, PIP5K1A, TMEM134",0.0032784442291930557,6.470273494720459,5,3,-1.6628791093826294,11.186009407043457
1628,GPBP1L1,"GPBP1L1, NUBPL, SETD5, MAPK8, POLK",0.002990207804736489,9.110906600952148,0,1,-3.438819169998169,10.867208480834961
1629,HLCS,"HLCS, COMMD10, ATE1, IFRD1, EHD1",0.004040211922399696,11.86704158782959,4,8,1.3705459833145142,10.086740493774414
1630,DHRS7B,"DHRS7B, TASOR2, COQ10B, OFD1, SH3GLB2",0.008098070972827344,11.572299003601074,2,3,-3.1565213203430176,11.494887351989746
1631,USP34,"USP34, IER2, CSNK1G2, NEK7, SELENOW",0.006654928058541406,10.697317123413086,6,3,0.023218732327222824,11.038812637329102
1632,DDX21,"DDX21, RSRC2, RBPJ, TMEM63A, ABI2",0.006365711238083286,6.0537919998168945,2,3,0.010162518359720707,12.7407808303833
1633,MND1,"MND1, ELP6, TOPBP1, XPNPEP1, AP5M1",0.01805693355660218,12.893660545349121,1,6,-3.1149239540100098,11.843999862670898
1634,PPIL4,"PPIL4, PRMT2, N4BP2L2, NDUFB11, NOSIP",0.002826481672477147,9.991658210754395,4,0,-2.1977720260620117,10.099709510803223
1635,NFAT5,"NFAT5, GNAQ, KYAT3, RBM3, YWHAQ",0.004845117039674666,10.769550323486328,0,6,-0.9939653277397156,10.991016387939453
1636,WDR20,"WDR20, ERGIC1, MTREX, RPRD2, RAD23A",0.0023627543637426028,3.9600260257720947,1,4,3.086374521255493,12.293008804321289
1637,STK38L,"STK38L, MIB2, MALSU1, CEBPG, CERS5",0.002265695159588861,5.434069633483887,4,1,0.566005527973175,10.960755348205566
1638,ZNF511,"ZNF511, MPHOSPH10, DIMT1, CCNB1IP1, LRFN4",0.0007607872972050871,9.72885513305664,17,7,3.6287014484405518,9.361920356750488
1639,POLD4,"POLD4, DSTN, DNAJB9, CAMTA1, MKLN1",0.05285118765171628,8.655144691467285,0,9,1.4827170372009277,14.273506164550781
1640,BRAF,"BRAF, PRR13, SOD2, UQCRQ, ATE1",0.009243173502641186,7.280385971069336,8,6,-0.8681368231773376,11.201306343078613
1641,EIF2A,"EIF2A, ANP32E, UMPS, LARP7, NUDT3",0.005347079792469774,9.07282829284668,36,1,0.5768545269966125,11.440427780151367
1642,TMEM126B,"TMEM126B, YIPF3, USP40, RAD51, DDX10",0.01300985494060761,11.517213821411133,0,3,-3.4074063301086426,10.55981159210205
1643,CTNNA1,"CTNNA1, TRAM1, NDUFAF3, NDUFAB1, RAP1A",0.00046470770473609703,3.772916078567505,5,6,-0.7848185300827026,12.988730430603027
1644,FIS1,"FIS1, ZFP36L1, ERBIN, CUTA, DAD1",0.0008107874932842874,4.0384626388549805,4,6,-0.7447659373283386,11.4592924118042
1645,WDR20,"WDR20, SPTAN1, MAP2K4, ATXN7, CCDC186",0.04610802395303511,11.637765884399414,0,0,-0.848977267742157,11.309741973876953
1646,TEX264,"TEX264, EDF1, PBK, NET1, PAXX",7.25493041149181e-05,2.4008331298828125,10,1,0.7311899065971375,13.69228744506836
1647,<SPECIAL>,"<SPECIAL>, HMGCS1, RPL8, SRM, RPS14",0.001151965301824713,71.49440002441406,0,2,0.8109462857246399,13.429448127746582
1648,NOC4L,"NOC4L, CYREN, INTS4, MRPL49, IDH3A",0.004364722998913721,6.558927059173584,25,6,-2.4159979820251465,12.034210205078125
1649,ELOVL1,"ELOVL1, MBD4, BDH2, GTF2F1, TTC1",0.0027000105882768167,3.843935251235962,14,3,0.6124520301818848,12.967172622680664
1650,DDX42,"DDX42, U2SURP, MRPL44, NELFCD, CDIPT",0.001339220938121326,4.358191967010498,14,6,1.8595470190048218,14.009150505065918
1651,MCOLN1,"MCOLN1, AKAP8, CCDC112, OGFOD3, C16ORF87",0.0008519641253495111,3.060288190841675,0,5,3.4663803577423096,9.49765396118164
1652,KIF23,"KIF23, ERAL1, PIAS4, TBL3, NELFB",0.015513786328573838,8.497186660766602,0,1,1.2332987785339355,11.332332611083984
1653,RTCB,"RTCB, MFSD1, ZC3H14, SLC12A2, MORC3",0.017847128812269852,6.209271430969238,0,4,1.4800517559051514,11.533161163330078
1654,FNIP1,"FNIP1, USP32, MED13, PPP6R2, ACADVL",0.003773544209977294,9.683755874633789,0,8,0.06352110952138901,9.228644371032715
1655,COPG1,"COPG1, ZNF621, RBM15B, PPP2R5C, TJAP1",0.0023656955517472617,5.215716361999512,0,1,-1.8930447101593018,10.286755561828613
1656,TANK,"TANK, CNTRL, TFDP2, NUDT4, NFATC3",0.0071421848713132206,6.042182445526123,11,4,1.784397840499878,13.98000431060791
1657,CKLF,"CKLF, CLIC4, DYRK1A, NHP2, TACC1",0.010787297205087079,12.4757080078125,9,0,1.986950397491455,12.42403793334961
1658,PGAP2,"PGAP2, C17ORF75, SNRNP35, UBLCP1, PROSER1",0.016603986682300714,8.57476806640625,0,1,-2.1931684017181396,10.472865104675293
1659,TBC1D23,"TBC1D23, NKAPD1, EXOSC5, ZBTB40, NAPG",0.006401985890140746,12.212188720703125,20,6,-3.248805046081543,11.68240737915039
1660,TMUB2,"TMUB2, RPP25L, CHMP6, PNMA1, TDP2",0.012384362291616829,7.565957069396973,0,6,-1.9818178415298462,12.04140567779541
1661,KIDINS220,"KIDINS220, PA2G4, SETD2, TUBB4B, ARHGAP5",0.005340217020458904,4.344660758972168,1,4,2.26255464553833,11.6011962890625
1662,AP3S1,"AP3S1, AP3B1, NDUFS4, RBM4B, ZMYND11",0.0036774654018251053,5.996964931488037,13,9,0.2904708683490753,13.154964447021484
1663,TMEM38B,"TMEM38B, YIPF2, DHTKD1, DEXI, PIN4",2.6470692041929576e-05,2.0048699378967285,0,1,0.12595707178115845,12.584477424621582
1664,TNIP1,"TNIP1, STX8, BRPF1, RPUSD2, ZNF318",0.006308848269993216,7.196578025817871,0,3,0.9659232497215271,10.472579002380371
1665,ITGB1,"ITGB1, C4ORF3, NEDD8, EPC1, ZBED1",0.0014598096463123386,2.9472126960754395,5,9,1.6411316394805908,12.42758560180664
1666,PPP3CA,"PPP3CA, SLC25A5, NCOA1, MYL6, NPC2",0.001096082729736195,12.869060516357422,5,8,0.8197770118713379,10.509345054626465
1667,ACLY,"ACLY, PDPK1, NBAS, HGS, ZNRD2",2.843148404503547e-05,1.930023431777954,34,3,-0.7382541298866272,13.388020515441895
1668,TALDO1,"TALDO1, APC, SREBF1, NADK, ELK4",0.0009990235255824534,5.1600189208984375,0,6,-2.2739760875701904,12.713665008544922
1669,MEAF6,"MEAF6, RBM5, PRKDC, RNF220, NENF",0.004076486574457154,4.815835952758789,25,1,0.19784210622310638,13.36107349395752
1670,SNRPE,"SNRPE, PAAF1, GPATCH11, PEX1, PAQR4",0.0020715767512813777,5.009862899780273,0,1,-0.06827061623334885,11.449492454528809
1671,SAMD8,"SAMD8, FAM229B, ZGPAT, TST, COIL",0.01850497452931188,10.10962963104248,0,0,0.3492233157157898,9.7882719039917
1672,AGPS,"AGPS, LRRC40, RABL3, AGPAT5, KIF11",0.006274534409938862,4.028649806976318,2,5,3.3545799255371094,9.944649696350098
1673,RPF2,"RPF2, POLR1A, UCHL5, MTHFS, VAC14",0.006474535194255664,11.387211799621582,0,3,-3.2603633403778076,12.055255889892578
1674,NBPF1,"NBPF1, EIF3D, EPC1, OSTC, MRPS18C",0.00569512037302107,11.027764320373535,10,1,-0.06840868294239044,11.242358207702637
1675,TST,"TST, PSMC1, MTMR4, SLC39A7, DLGAP5",0.010447099792548206,5.299577236175537,5,1,0.6032477617263794,13.691622734069824
1676,POLA2,"POLA2, AGBL5, SAPCD2, VBP1, ZNF655",0.01701183141894674,7.841300964355469,0,5,4.050777912139893,9.295010566711426
1677,TMEM218,"TMEM218, C11ORF54, FKBP3, WASHC2C, THADA",0.001299024702057655,3.751485586166382,0,1,0.6864516139030457,12.9248628616333
1678,NDUFAB1,"NDUFAB1, BLVRB, CHORDC1, DDT, SCAND1",0.0023480484237193085,8.444734573364258,2,6,-0.8915848135948181,11.747004508972168
1679,ARRB2,"ARRB2, DAP, AMMECR1, ZNF580, ATP5F1D",0.006235318569876745,9.058314323425293,1,1,-1.7622350454330444,10.487703323364258
1680,STAT1,"STAT1, COMMD2, PPIE, CLCC1, ABHD10",3.1372672049694314e-05,2.177980661392212,10,3,0.18391665816307068,14.604068756103516
1681,CIRBP,"CIRBP, ABCB7, EXOSC6, SNX14, ETHE1",0.010656904536880537,8.613859176635742,4,4,2.2958791255950928,10.638883590698242
1682,RB1CC1,"RB1CC1, CIB1, FGD6, HECTD1, VPS37A",0.0017274577547362932,3.262824535369873,6,4,2.4917759895324707,11.609745979309082
1683,UNK,"UNK, SPRTN, CBLL1, RALGPS2, TENT4B",0.0015186334064055153,4.142874240875244,0,3,0.6598157286643982,10.82321548461914
1684,OSBPL11,"OSBPL11, GTPBP8, EIF2AK2, TIMM50, RBM10",0.010694159584939548,12.245513916015625,5,6,-2.4119205474853516,11.767182350158691
1685,NISCH,"NISCH, HERPUD2, ZC3H8, GBA2, RELA",0.003906878066188495,5.914651870727539,3,0,-0.33221912384033203,12.233635902404785
1686,ECPAS,"ECPAS, ZNF830, RNMT, MRPL10, SUDS3",0.019738312699265487,5.021265506744385,0,5,3.36887788772583,10.05146598815918
1687,UBL3,"UBL3, FERMT2, ARID4A, BRAF, TRADD",0.032613853387660346,9.266356468200684,0,1,-0.013201527297496796,10.347792625427246
1688,SYMPK,"SYMPK, YBEY, CDC26, PEX26, CEP164",0.015080451295887434,10.833239555358887,50,3,-3.0339503288269043,11.192968368530273
1689,PRCP,"PRCP, NAT10, DHX15, MDP1, BUD31",0.00566472809697293,7.961581230163574,0,6,-2.0742621421813965,11.847273826599121
1690,ELOVL5,"ELOVL5, ANKRD10, UBAC2, FAAP20, PPHLN1",3.235306805124726e-05,2.190525770187378,3,1,-2.8713104724884033,10.902493476867676
1691,NUDT3,"NUDT3, UBXN2B, LYRM4, UBE2N, MCM7",0.000539217800854121,2.561304807662964,3,4,2.0758132934570312,11.19189739227295
1692,FARS2,"FARS2, UTP25, LAMTOR1, DAAM1, KMT2A",0.008004933352679815,10.23574161529541,2,0,-0.9139158725738525,10.921870231628418
1693,MRPL40,"MRPL40, TRAP1, PKMYT1, ZBTB8OS, CHD4",0.00014117702422362442,4.786928176879883,13,8,4.2401275634765625,8.574957847595215
1694,ACTR3,"ACTR3, CCDC107, STMN1, RBMX, CALR",0.0014000054902176086,6.194929122924805,0,1,1.2870583534240723,13.957741737365723
1695,RSBN1L,"RSBN1L, ILKAP, MTA3, STARD3, KBTBD2",0.005042176635986808,4.973017692565918,4,9,1.7418512105941772,11.102611541748047
1696,FAF1,"FAF1, REXO1, FBXL5, DIS3L2, ARPC2",0.012902011380436786,13.526632308959961,0,6,-0.989703357219696,11.237516403198242
1697,HNRNPL,"HNRNPL, TXNRD1, COPA, RELCH, TMOD3",0.0024774606959242977,3.78981351852417,7,4,3.1831507682800293,12.151561737060547
1698,SEC61A1,"SEC61A1, GYG1, RNF6, MRPL9, GCN1",0.00999611763183385,12.349063873291016,10,1,-2.583129644393921,10.435874938964844
1699,CDC45,"CDC45, MCRIP2, ATL2, SPNS1, FBXL15",0.019900078039521724,3.9996159076690674,8,5,3.472689628601074,10.439942359924316
1700,TNRC6B,"TNRC6B, SLC25A5, RPL4, NUMA1, ZNF322",0.0001058827681677183,2.940260171890259,1,3,1.366981029510498,12.93519401550293
1701,IVNS1ABP,"IVNS1ABP, GPCPD1, UBAC2, SCLT1, PPHLN1",0.0054598253326483635,12.36436653137207,8,8,-0.1029834896326065,9.161243438720703
1702,FLYWCH2,"FLYWCH2, RNF6, KATNA1, BTG3, PURB",0.009129447566461045,5.969751834869385,0,1,0.8128982782363892,10.263893127441406
1703,BCL10,"BCL10, BTBD7, CDC5L, CIR1, CCDC59",0.0011402005498060777,3.222001314163208,19,9,2.5947325229644775,10.590932846069336
1704,CPEB4,"CPEB4, COASY, CEBPZ, KHDC4, CS",0.0019392232910717298,11.29139518737793,1,5,3.9103543758392334,8.933819770812988
1705,TBCA,"TBCA, UBAC1, NDUFB8, PPP2R1A, SRP19",0.0025000098039600154,3.8627965450286865,29,4,2.0462124347686768,10.102422714233398
1706,DAD1,"DAD1, FNDC3A, RAP1GDS1, ACYP2, GMDS",0.03290012902011381,7.607287883758545,1,8,0.309146910905838,10.055899620056152
1707,TMEM230,"TMEM230, BRD8, USP3, YWHAB, CIRBP",0.003480405805512963,9.188324928283691,19,6,-1.3085845708847046,12.03493595123291
1708,DDAH2,"DDAH2, MCM7, G3BP2, CHD9, CCT3",0.0038039364860254356,9.443724632263184,8,8,0.43920475244522095,10.180662155151367
1709,BCR,"BCR, AP2A1, ACTR1B, MMAB, WDR5",0.014937313479660704,11.076906204223633,0,6,-2.750443458557129,12.61805534362793
1710,ACTG1,"ACTG1, RPL23, COX6A1, SFPQ, NDUFB11",0.0004960803767857913,3.135765552520752,3,4,0.9815191030502319,14.512170791625977
1711,EIF4A1,"EIF4A1, ANKRD28, CHD7, MAP2K4, TFDP2",0.010676512456911596,13.666173934936523,5,0,-2.620267391204834,10.16865348815918
1712,SDCBP,"SDCBP, RFK, LY6E, RTRAF, HSP90AA1",0.010126510300040392,10.252848625183105,0,1,-1.0622870922088623,11.060909271240234
1713,PRPF40A,"PRPF40A, LSM2, ILF3, HEBP2, TMEM147",0.006254926489907804,7.495316028594971,2,4,4.327820301055908,11.10637092590332
1714,UBE2S,"UBE2S, KAT5, CHMP1A, NDUFB2, XRCC4",0.0008764740253883349,3.8495330810546875,1,1,-1.4731980562210083,10.94540023803711
1715,LAMTOR4,"LAMTOR4, RBX1, C1D, KTN1, BLVRA",0.00011862791618790662,2.2170534133911133,7,9,0.9626702070236206,11.737712860107422
1716,BMS1,"BMS1, INTS8, DEF8, SGO2, STX12",0.00019313801230593061,3.637129545211792,4,1,0.06421133875846863,12.075312614440918
1717,UBE2I,"UBE2I, RBM26, KDELR2, RNF7, TIMM13",0.019090270942238988,9.234993934631348,4,4,4.451046466827393,11.215168952941895
1718,DCAF6,"DCAF6, NRDC, GTF3C6, FAM177A1, STRAP",0.0007519637331911106,3.427705764770508,93,9,0.7479751110076904,14.448824882507324
1719,VPS13C,"VPS13C, RHOC, STX6, HMGA1, EFCAB11",0.004423546759006898,5.617976665496826,0,3,1.6556742191314697,13.988611221313477
1720,TMEM242,"TMEM242, CTNNBL1, RITA1, LRCH4, IQCB1",0.011906909438860545,13.492454528808594,0,6,-2.2831125259399414,12.249382019042969
1721,MRE11,"MRE11, UBAP1, FAH, SUCO, TMEM30A",0.002156871203416484,2.901385545730591,1,9,1.6046223640441895,11.467119216918945
1722,CKS2,"CKS2, ECHDC1, TPGS2, DAZAP1, ACTR2",0.0010911807497284304,3.282407283782959,8,1,1.279812216758728,12.030421257019043
1723,ASH1L,"ASH1L, PIBF1, TOR2A, LIG1, PHC3",0.006890223098914113,6.624509811401367,0,1,-0.16689670085906982,10.12684440612793
1724,FNBP4,"FNBP4, LSM2, CORO1B, DCTN3, MAGOH",0.0026549123722053813,5.007729530334473,11,6,-0.9194821119308472,11.338098526000977
1725,EFR3A,"EFR3A, TRAM1, SLC2A1, USP24, RAB1A",0.008299052153145699,5.213173866271973,21,4,2.9110562801361084,12.25985336303711
1726,CKS2,"CKS2, TRIP12, WASHC5, AAAS, VPS29",0.0073598327836579755,6.283040523529053,0,5,3.251276969909668,10.225821495056152
1727,UNC45A,"UNC45A, UBL4A, SLC25A15, NUP43, ANAPC4",0.009215722414597704,7.615267276763916,3,5,3.997124671936035,9.047208786010742
1728,HEXD,"HEXD, RFX7, RAB22A, G2E3, TM7SF2",0.005819630665218295,6.227799415588379,0,6,-0.10453508049249649,10.302846908569336
1729,HIPK3,"HIPK3, RTF2, USF3, AIMP1, C16ORF87",0.0014784371703418446,3.241971731185913,7,6,0.3517543077468872,12.030900955200195
1730,ZMYND11,"ZMYND11, KRT10, TMEM141, AP3S1, PTTG1",0.0004039231526398143,3.651132106781006,26,8,0.20313860476016998,11.784996032714844
1731,PHB2,"PHB2, ELP5, BFAR, VASP, YIPF6",0.002491186239946039,6.0244317054748535,0,0,-1.2897512912750244,11.159095764160156
1732,PCNT,"PCNT, RBM18, HMGXB3, WDR77, SART3",0.0010480433256601007,5.479501724243164,4,5,4.1268157958984375,9.322644233703613
1733,TTF2,"TTF2, XXYLT1, TEX10, GTF3C2, TBC1D7",5.5882572088517995e-05,2.040888786315918,10,5,2.609893798828125,9.667519569396973
1734,DAD1,"DAD1, ERP29, DNAJB12, NTHL1, CDKN2D",0.0035960925336962104,6.045044898986816,6,6,-0.02916644513607025,10.903773307800293
1735,CASP2,"CASP2, APPL1, DNAJA1, IGF2R, QDPR",9.019643214287114e-05,2.1181766986846924,0,4,2.1594762802124023,11.437871932983398
1736,GOLGA1,"GOLGA1, ELMOD2, C1GALT1, TIMM9, CMC1",0.008539249173526171,7.617883205413818,3,1,-2.8057727813720703,10.878308296203613
1737,ERAL1,"ERAL1, MANEA, GATB, BRWD3, TTC5",0.017024576566966928,11.98760986328125,22,1,-1.9182294607162476,11.204363822937012
1738,<SPECIAL>,"<SPECIAL>, HMGCS1, ZMYND19, TFRC, BACH1",0.0010519649096663124,70.83207702636719,6,2,-0.21462643146514893,9.083776473999023
1739,ERCC2,"ERCC2, UPF3B, FMR1, RAD17, PPP6R1",0.0050255099039604074,10.762552261352539,0,7,4.4101996421813965,8.951578140258789
1740,TRMT112,"TRMT112, SELENOW, SNAPC2, RILPL2, NT5C2",0.005499041172710481,9.025446891784668,0,3,-1.1205480098724365,11.420175552368164
1741,ING3,"ING3, SMIM10L1, TMEM263, CEP95, SLC25A36",0.00038725642061341415,2.8045248985290527,4,4,3.342452049255371,10.531438827514648
1742,BLCAP,"BLCAP, VMA21, NAE1, ITGAV, TMF1",0.009443174286957987,12.55091381072998,1,1,-2.9299774169921875,10.29738712310791
1743,PRMT5,"PRMT5, SSH1, CRYZ, GMPR2, PRR11",0.011912791814869862,9.022010803222656,3,6,-2.7343685626983643,12.007328033447266
1744,SFXN5,"SFXN5, CD164, DEGS1, MTR, CCNB1",0.010735336217004773,4.266290664672852,3,4,2.705153465270996,11.154483795166016
1745,CLPX,"CLPX, ALG3, ENTPD4, GPN3, ZNRF1",0.0006529437370342628,3.9742836952209473,0,6,-0.4755035638809204,12.976134300231934
1746,FGFRL1,"FGFRL1, ZNF268, KAT6B, UPF2, EMD",0.024287350146471164,8.213869094848633,2,9,0.2601297199726105,10.49648666381836
1747,GORASP2,"GORASP2, CKS1B, OBI1, PPP1R9B, ATP6V1G1",0.00010098078815995357,2.0833609104156494,14,3,1.7908337116241455,13.802769660949707
1748,CLIC1,"CLIC1, HSBP1, ATP5PF, UQCRFS1, ATP6V1G1",4.705900807454147e-05,2.2815005779266357,1,8,0.2358640432357788,11.770817756652832
1749,MSH3,"MSH3, PRPF4B, ZNF32, STX17, FAM199X",0.00021862830834630724,2.9333035945892334,0,1,1.2236082553863525,11.644892692565918
1750,UQCRQ,"UQCRQ, GLG1, ZNF638, SYF2, CTSC",0.004743155855513159,10.52359390258789,8,0,-1.5873101949691772,10.382156372070312
1751,ZYX,"ZYX, STK3, AFF4, NUSAP1, NSF",0.006243161737889168,9.435179710388184,0,8,-0.16845977306365967,9.098038673400879
1752,MED15,"MED15, NPLOC4, NIF3L1, SP3, UBE4A",0.014602998443131149,5.586309909820557,1,5,3.4649879932403564,9.333122253417969
1753,HMGN1,"HMGN1, RHOC, PRRC2B, PAIP2, PTTG1IP",0.012595147431950714,4.451016902923584,28,4,2.948575735092163,11.858484268188477
1754,REXO4,"REXO4, DFFA, SLC25A32, TOE1, CMTR2",0.011545143314287507,9.079941749572754,0,3,-3.433900833129883,11.17878532409668
1755,ETHE1,"ETHE1, MOSMO, RUFY2, MEA1, DCK",0.012685343864093585,8.00861930847168,0,9,-0.5648171901702881,12.972935676574707
1756,ABCC4,"ABCC4, PWWP2A, TIMM9, FANCI, BZW2",0.00010392197616461241,2.011049509048462,5,5,3.552172899246216,9.531233787536621
1757,TMEM230,"TMEM230, ECH1, FAM13B, TOMM22, EML4",0.010482394048604113,12.413589477539062,2,0,-0.4770284593105316,11.460437774658203
1758,ACAD8,"ACAD8, PPIL1, TTF2, UQCC3, CDCA8",2.7451088043482524e-05,1.779822826385498,2,3,1.4088430404663086,14.374186515808105
1759,WASF1,"WASF1, ITCH, ACP1, LSM14A, FAM133B",0.008458856701398829,6.066766738891602,0,4,4.254161357879639,11.215816497802734
1760,TCF7L2,"TCF7L2, SMIM26, FBXL20, PTPN2, KLF3",0.009600037647206459,10.748302459716797,19,1,-1.8591883182525635,10.094724655151367
1761,CAD,"CAD, CHORDC1, SUN1, EMC3, RSBN1",0.00011372593618014189,2.953904390335083,3,9,0.5298847556114197,11.773956298828125
1762,ENOSF1,"ENOSF1, ZCCHC7, FBXL6, JRK, KAT6B",0.008317679677175204,5.517266273498535,2,4,2.642371892929077,12.518289566040039
1763,SUCLG1,"SUCLG1, CBX4, STAU1, ATG101, DEXI",0.010895140765257903,10.502671241760254,10,6,-2.100303888320923,11.754900932312012
1764,TRMT61A,"TRMT61A, RPE, SLC7A1, GTF3C2, ELMOD2",0.011243181345809199,8.17651081085205,3,3,-3.665371894836426,11.152040481567383
1765,CERS6,"CERS6, ITFG1, SNX3, CAMSAP1, TOP2A",0.0075902258440229175,5.463548183441162,3,3,0.9896330237388611,14.189897537231445
1766,YEATS2,"YEATS2, TIAL1, RNF126, GTF2B, NCBP2AS2",2.7451088043482524e-05,1.9103206396102905,7,3,1.8190226554870605,12.951773643493652
1767,WIPF2,"WIPF2, TBL1XR1, SIRT2, STX17, LRIF1",3.4313860054353156e-05,1.8837802410125732,9,1,0.09134773164987564,14.612979888916016
1768,TMX4,"TMX4, VOPP1, GLTP, PRKAR1B, VPS41",0.006451005690218393,8.8103666305542,2,3,0.822924017906189,13.638376235961914
1769,DPP3,"DPP3, DUSP14, PDSS1, AKAP1, MNT",0.0014382409342781736,8.141176223754883,1,5,3.949212074279785,9.522913932800293
1770,NEMP1,"NEMP1, TOR1AIP2, THAP7, C8ORF33, CDC6",0.00011176514417703599,2.00437068939209,25,0,2.6247546672821045,12.426407814025879
1771,MICAL3,"MICAL3, ATP5PO, PPP1CA, BRAF, EEF2",0.007786305044333507,11.632464408874512,0,3,0.48521485924720764,13.813384056091309
1772,XPO7,"XPO7, ACTR2, DDX18, KANSL2, MRPL20",0.0010156902576088534,5.957294464111328,1,3,-2.0654196739196777,10.896101951599121
1773,BABAM2,"BABAM2, PDLIM5, EIF3M, GTF3A, ATOX1",0.0020725571472829307,9.285589218139648,3,8,0.21826380491256714,9.481247901916504
1774,PTAR1,"PTAR1, PPP1CB, PAXBP1, COX8A, CLK1",0.001598045482531304,4.241941928863525,5,1,-1.7735252380371094,10.303638458251953
1775,WDR3,"WDR3, TAF5L, CLPTM1L, SIAH1, HDGF",9.803960015529472e-05,2.4344499111175537,22,5,2.9918324947357178,9.59913444519043
1776,CMAS,"CMAS, TYW3, DPAGT1, BORCS8, TMEM126B",0.002789226624418135,11.866983413696289,1,7,3.785520315170288,9.262970924377441
1777,CDK11B,"CDK11B, HTATSF1, CHIC2, RBM22, CAPN1",0.003105894532919737,4.10807466506958,9,9,1.7735828161239624,10.817493438720703
1778,MTLN,"MTLN, SURF1, CALM3, TCF20, ATRX",0.0189941921340868,7.123162269592285,0,9,1.6286612749099731,10.521363258361816
1779,DNAJB9,"DNAJB9, RING1, TMEM170A, FUT8, CHD9",0.0067049282546206065,4.555522918701172,6,9,1.7880209684371948,13.69660758972168
1780,ARHGEF12,"ARHGEF12, HERC4, CCNH, DBI, FUT8",0.01291965850846474,16.233301162719727,5,3,-1.208324909210205,11.04872989654541
1781,CEBPZ,"CEBPZ, TOMM7, GAPDH, MEF2A, PUM3",0.008485327393440758,8.331860542297363,0,3,-0.17678242921829224,10.818060874938965
1782,ECH1,"ECH1, DDX42, PRKAR1A, CIB1, PDZD8",0.004262761814752215,10.690569877624512,10,3,-0.6451464891433716,10.72126579284668
1783,RAB35,"RAB35, SIRT7, MAN2C1, PRMT6, MIEF1",0.010979454821391456,11.518693923950195,0,3,-3.1048343181610107,10.17075252532959
1784,SERGEF,"SERGEF, ELOB, COX6C, VPS13C, PPP1R12A",0.007470617531833458,8.557478904724121,5,6,-1.1120799779891968,11.489178657531738
1785,ZBTB44,"ZBTB44, RABL3, KLHDC4, CEP250, GGA2",0.013806916889870156,10.148954391479492,0,6,-2.1004769802093506,12.071094512939453
1786,PGP,"PGP, LYRM2, TM2D3, TMEM183A, TRABD",0.00010196118416150651,2.4482452869415283,25,5,3.242548942565918,9.99722671508789
1787,XXYLT1,"XXYLT1, MRPS27, TIMELESS, KDM5B, MEAF6",0.009043172718324386,10.615513801574707,3,7,4.343750476837158,8.882579803466797
1788,FARSB,"FARSB, RBFA, MRPL14, GRWD1, BRI3",0.011636320142431931,8.717554092407227,1,3,-2.889862537384033,11.092501640319824
1789,COX6A1,"COX6A1, CUL4A, PPP1R12A, ARF4, RPA3",0.007214734175428139,5.694908142089844,20,4,2.261960983276367,11.527671813964844
1790,TNFRSF1A,"TNFRSF1A, PDCD6, RCN1, SLMAP, UBE2N",0.003807858070031647,6.104848861694336,8,8,-0.21345701813697815,9.192598342895508
1791,VKORC1,"VKORC1, ABHD14B, IVNS1ABP, COMMD1, ADAR",7.058851211181221e-05,2.9605154991149902,7,3,0.5867328643798828,14.692068099975586
1792,AGPAT3,"AGPAT3, TBL2, NME6, BAD, API5",0.009868666151631967,11.774309158325195,8,1,-2.677131175994873,10.199235916137695
1793,DDX39B,"DDX39B, TPX2, ATF6B, PRKD3, UBE2V1",0.007001988243091149,8.410568237304688,8,4,4.11655330657959,10.334376335144043
1794,LARP1B,"LARP1B, MSMO1, CRTAP, RAB27A, NXT1",0.009837293479582274,5.761214733123779,8,4,2.9373929500579834,9.746792793273926
1795,DNAJB9,"DNAJB9, HBP1, LRCH3, CAMLG, COPS9",0.002711775340295452,4.879154205322266,0,1,-0.12826141715049744,12.132808685302734
1796,MRPL45,"MRPL45, TRUB1, CDT1, POLR3H, TIMM29",0.0037441323299307054,11.914834022521973,0,5,3.0909597873687744,9.042248725891113
1797,STARD7,"STARD7, ACO2, CDC123, CDK11B, SDCBP",0.0038931525221667534,11.699323654174805,0,9,-2.5626463890075684,10.504015922546387
1798,PRDX2,"PRDX2, TMEM258, CAMTA1, KMT2E, TOMM7",0.0047068812034557,5.983253479003906,1,6,0.11168034374713898,10.228633880615234
1799,MLLT10,"MLLT10, RGS10, RTN4, ATP1A1, HIPK2",0.0096304299232546,10.790547370910645,18,3,-0.861584484577179,11.255489349365234
1800,SCFD1,"SCFD1, PTBP1, RNF145, ORAI1, CYREN",0.00030196196847830775,2.7016422748565674,2,6,-0.0586695671081543,10.798025131225586
1801,EIF3F,"EIF3F, EWSR1, SLC5A3, C14ORF119, ELP2",0.004425507551010004,7.4347991943359375,1,1,-0.09429872781038284,11.296303749084473
1802,RUVBL1,"RUVBL1, MSL2, TM7SF3, INTS11, AHCY",0.0033196208612582797,8.867138862609863,8,0,-2.9000604152679443,11.77692985534668
1803,JMJD1C,"JMJD1C, TUBA1A, ERC1, UBB, RPL36AL",0.0067000262746128416,9.049884796142578,6,8,-0.333930104970932,9.60830020904541
1804,NSD3,"NSD3, HSPA8, SUMO2, OPA1, PLEKHA1",0.001449025290295256,5.038995742797852,16,3,0.1832210123538971,10.153210639953613
1805,FERMT2,"FERMT2, DNAJB9, ZKSCAN1, SCAF8, POLR3GL",0.0047931560515923595,10.40119457244873,4,8,-0.21260662376880646,9.284436225891113
1806,LAMP2,"LAMP2, PRKAR2A, POLR2E, SNRPF, EIF1B",0.0014431429142859383,10.964760780334473,10,8,-1.020739197731018,11.99478816986084
1807,CHURC1,"CHURC1, MRPL54, PRPF4B, NSF, PIM3",0.001317652226087161,3.7737090587615967,0,6,-0.0447414331138134,13.012200355529785
1808,NME7,"NME7, TMX4, CXORF38, SRGAP2, NDUFA2",0.016915752610794553,7.2333478927612305,0,0,2.612283706665039,10.087653160095215
1809,LRCH3,"LRCH3, C8ORF82, EIF2B2, GSS, PHGDH",0.00028333444444880176,4.493894577026367,2,6,0.23506495356559753,11.762044906616211
1810,GSTCD,"GSTCD, FZR1, TAF13, WRAP53, MRPL35",0.000519609880823062,3.5382957458496094,0,3,1.2852163314819336,13.063154220581055
1811,ERO1A,"ERO1A, FKBP15, BRMS1, PSEN1, KDM3A",0.01667555559041408,10.839920997619629,0,8,3.116196870803833,9.072912216186523
1812,EIF3M,"EIF3M, SF3B1, ATOX1, ENY2, BRWD1",0.008410817297322735,8.805487632751465,8,4,4.257762432098389,11.141385078430176
1813,GPR137,"GPR137, NUDT16L1, C15ORF61, DCK, ACD",0.008840230746002925,11.472940444946289,0,1,-2.3492541313171387,10.343154907226562
1814,CD320,"CD320, PRCC, CHP1, NELFA, CDK5",0.013875544609978863,14.80461597442627,1,1,-2.6396067142486572,10.351521492004395
1815,EIF4G2,"EIF4G2, ZNF609, RPS27L, METTL2A, ENKD1",0.008836309161996713,12.89516830444336,2,3,-1.4803165197372437,11.176116943359375
1816,TMEM218,"TMEM218, GNL1, MTERF4, SLC25A38, RALA",0.010119647528029522,10.303053855895996,2,3,-3.2020668983459473,10.376800537109375
1817,DLST,"DLST, STT3A, NUDT2, NKIRAS2, FANCM",0.012479460703767466,8.27421760559082,8,6,-3.0343103408813477,12.156913757324219
1818,ZMYND19,"ZMYND19, ARV1, TRAF4, DDX31, EIF2AK2",0.001748046070768905,4.90208101272583,4,6,-2.441859245300293,12.104045867919922
1819,HELZ,"HELZ, PRPF6, KMT2A, YIPF4, PURA",0.0023676563437503677,6.064757347106934,2,8,1.3186109066009521,9.55823802947998
1820,ARHGAP17,"ARHGAP17, TOMM40, MRPL57, VPS26A, TOR1AIP1",0.0010911807497284304,4.839947700500488,4,8,-0.014985248446464539,11.868269920349121
1821,<SPECIAL>,"<SPECIAL>, SDHA, EMC4, ARL8B, PMF1",0.0006245122529892274,9.14704418182373,0,8,0.08044112473726273,9.650162696838379
1822,SLC48A1,"SLC48A1, CPOX, TIMM23B, DDX59, PES1",0.0102951384123075,6.774315357208252,0,6,0.934562623500824,10.226375579833984
1823,ELP4,"ELP4, SMDT1, KPNA2, EIF2S2, ECPAS",0.00022843226836183672,3.1495893001556396,9,8,-0.08091383427381516,13.074346542358398
1824,ZNRF1,"ZNRF1, RUSC1, FBXO45, NKAP, MIS18A",2.941188004658842e-05,2.2039647102355957,15,9,-0.09569252282381058,13.655779838562012
1825,WASHC4,"WASHC4, SCAF4, RASA1, UBXN7, NCBP2",0.010683375228922466,8.633760452270508,17,3,-2.9572432041168213,11.171150207519531
1826,SLC7A6,"SLC7A6, SREBF1, CASC3, CLN3, ELK4",0.008973564602214126,7.919386386871338,0,6,-2.478440999984741,12.558686256408691
1827,RHBDD2,"RHBDD2, DHRS4, LENG1, NCOA6, MRPL9",0.0019274585390530944,7.136241912841797,1,1,-1.3367807865142822,13.314212799072266
1828,SMARCE1,"SMARCE1, SRP72, GGNBP2, SLC25A37, RNASEH2C",0.00767748108816113,6.928572177886963,39,4,4.201772689819336,11.219877243041992
1829,SMG6,"SMG6, HMGCS1, KRAS, INTS6, SNAPIN",0.009915725159706509,5.2502055168151855,21,9,-0.9223084449768066,14.119460105895996
1830,EHBP1,"EHBP1, ADK, COMMD7, CLP1, SRSF6",0.023456954733155816,9.121437072753906,4,9,1.4753940105438232,9.94698429107666
1831,UCK1,"UCK1, ACOT8, SP1, C1ORF174, DDX23",0.014032407970227334,10.254166603088379,0,1,-2.0990004539489746,11.30897045135498
1832,PTTG1IP,"PTTG1IP, ZC3HAV1, TUBGCP3, RCC1, PPCDC",0.0002872560284550136,3.079840898513794,0,3,0.4713720381259918,10.226184844970703
1833,PLEKHM2,"PLEKHM2, CEP162, LLPH, APOO, TGIF2",0.001099023917740854,5.6420087814331055,17,1,-0.5891056656837463,12.906575202941895
1834,DNAJC25,"DNAJC25, POLR2H, APTX, TSNAX, VHL",0.008484346997439206,24.208375930786133,1,7,4.181616306304932,8.830082893371582
1835,MRPS14,"MRPS14, ATP5MF, SRSF10, COQ7, TRPT1",0.0016951046866850459,5.88163948059082,3,0,2.0464231967926025,11.881686210632324
1836,MIOS,"MIOS, PPP1R12C, PLP2, MBNL1, CLTA",0.008958858662190832,10.503105163574219,0,1,0.3281373083591461,10.672616958618164
1837,DPH3,"DPH3, ARF5, RNF181, CTNNA1, PAK2",0.0026333436601712165,7.892768859863281,9,0,-2.0459930896759033,10.11275863647461
1838,ZNF24,"ZNF24, PAPOLA, ANLN, OXA1L, INTS10",0.011619653410405531,5.536391735076904,9,4,2.85492205619812,12.508047103881836
1839,BRAT1,"BRAT1, COMMD4, CSNK1G3, TTPAL, DNAJC11",0.012053968839093487,8.304387092590332,0,6,-2.8059325218200684,11.996481895446777
1840,BRI3,"BRI3, GPAA1, ERCC1, CYTH2, STK24",5.784336409162389e-05,2.3861465454101562,2,6,-1.233039140701294,13.700180053710938
1841,UAP1,"UAP1, ARMT1, RPE, DYRK1A, BRIP1",9.803960015529473e-06,1.832504391670227,0,8,1.1553549766540527,12.929373741149902
1842,MON1A,"MON1A, ATXN2L, HNRNPL, ZNF445, RRP12",0.008410817297322735,5.657857418060303,5,5,4.09947395324707,9.484024047851562
1843,EXOSC4,"EXOSC4, TSEN54, NUDT2, ELL, UQCC3",0.010494158800622747,13.240177154541016,0,6,-2.288872003555298,11.937599182128906
1844,ACAP3,"ACAP3, ARMC8, SRA1, CCDC82, TATDN1",0.0003960799846273907,3.154923915863037,1,9,1.0811630487442017,13.180335998535156
1845,CEP135,"CEP135, FKBP1A, ABI1, RPS6KA3, SVIP",0.011052984521507927,6.409748554229736,20,0,1.3769899606704712,10.709165573120117
1846,RPAIN,"RPAIN, ZNF106, GUF1, PIGF, TMED4",0.004992176439907608,3.420382261276245,3,5,3.3307173252105713,10.502520561218262
1847,RPS20,"RPS20, RPL38, RPS16, RPL7, PPP3CA",0.012350048431562477,4.379624843597412,0,4,3.28306245803833,11.984906196594238
1848,PCSK7,"PCSK7, TMBIM4, COP1, XPC, SPTBN1",0.009525527551088436,4.202231407165527,17,4,3.0133399963378906,12.135964393615723
1849,SMARCAD1,"SMARCAD1, RPGRIP1L, DYNLL2, INTS7, ZFX",0.00223530288354072,7.368305683135986,0,0,2.8258728981018066,9.941267967224121
1850,MORC3,"MORC3, NCOR1, ATF4, FNTA, PAXBP1",8.823564013976525e-05,2.6273365020751953,11,3,-0.045496392995119095,10.2317476272583
1851,MPHOSPH8,"MPHOSPH8, FYTTD1, PAIP2, UQCRFS1, NDUFB11",0.004774528527562853,11.81409740447998,17,0,-2.036147117614746,10.953557968139648
1852,UBA1,"UBA1, CNOT8, MAPK3, SAV1, ORMDL1",0.018007913756524534,7.553544998168945,12,5,3.663116216659546,9.520636558532715
1853,NCOA5,"NCOA5, AACS, SIRT6, SAP130, PTRH1",0.00466374377938737,5.1390700340271,0,5,2.887343406677246,9.871047019958496
1854,CBX1,"CBX1, PRELID3B, DTYMK, GNB2, MRPL51",3.235306805124726e-05,1.8196258544921875,8,5,3.710585355758667,9.841898918151855
1855,RNPEPL1,"RNPEPL1, ZRANB3, TRAPPC10, ATP6V1H, PLEKHF2",0.0083657190812513,5.206235885620117,1,9,1.7226155996322632,12.6166353225708
1856,GOLPH3L,"GOLPH3L, CDCA4, POC5, ZFR, CHCHD6",0.009164741822516951,13.277134895324707,0,3,-3.588555335998535,11.155372619628906
1857,RAF1,"RAF1, USP32, CWC27, MSRB2, NRBF2",0.003584327781677575,3.305558204650879,9,0,-0.26436349749565125,12.317094802856445
1858,NPTN,"NPTN, RAP2B, TPM4, PDLIM1, TMEM107",0.05545413903583936,10.080732345581055,3,1,1.2075663805007935,12.966723442077637
1859,SNX5,"SNX5, NGRN, SEC62, NUP214, UBL5",0.0005676492848991565,3.085655927658081,11,4,-0.9284632802009583,13.236551284790039
1860,IFNGR1,"IFNGR1, SERP1, HMG20A, DESI2, DCAF8",0.007598069012035341,11.383338928222656,2,1,-1.8275827169418335,11.86190414428711
1861,HIGD2A,"HIGD2A, NKTR, NONO, CWC27, KANSL1",0.008386307397283911,6.135311126708984,0,3,0.05930015817284584,10.468767166137695
1862,ARFGAP2,"ARFGAP2, TSR2, OGA, EIF3K, ARF4",0.004971588123874995,13.272269248962402,2,6,-2.088287830352783,12.039721488952637
1863,ZMYND19,"ZMYND19, EIF3B, DTL, CDC45, LRPPRC",3.1372672049694314e-05,2.7687017917633057,10,5,2.094728946685791,11.223240852355957
1864,WDR3,"WDR3, ELP1, TBRG4, SPDL1, CLPTM1L",0.0003568641445652728,2.986422300338745,17,5,3.716189384460449,9.161995887756348
1865,ANKRD13A,"ANKRD13A, THRA, ICE1, ANKFY1, PHAX",0.0035735434256604927,7.860701560974121,1,4,2.5894956588745117,12.754694938659668
1866,GGCX,"GGCX, NTHL1, PRRC2B, ATAD3A, XPR1",0.0006088259169643802,4.972751140594482,4,6,0.648800253868103,12.199148178100586
1867,UBAC2,"UBAC2, PNKD, SLC25A1, FAM168B, SLC39A3",0.0007392185851709223,2.169901132583618,13,4,3.25187349319458,10.392605781555176
1868,HEXIM1,"HEXIM1, CCDC14, REV1, NEK7, LRP10",0.01271377534813862,6.49977445602417,2,9,0.5368792414665222,13.993321418762207
1869,HSP90B1,"HSP90B1, CENPC, CORO1B, SREK1, UFM1",7.4510096118024e-05,2.160254716873169,0,9,2.0745649337768555,13.021312713623047
1870,C5ORF15,"C5ORF15, LMBR1L, SETD3, MRPL23, CASC3",0.018501052945305668,8.389404296875,0,5,3.0595340728759766,10.010712623596191
1871,STIP1,"STIP1, PSMC3, MAGOHB, SMARCD1, TMED8",0.0016421633026011866,3.495476007461548,6,5,4.044935703277588,9.868480682373047
1872,TBC1D23,"TBC1D23, RWDD4, NKAPD1, EXOSC5, EIF2B4",0.0103118051443339,12.678784370422363,0,6,-2.753113031387329,12.148859024047852
1873,ASL,"ASL, RXRB, AP3M1, FN3KRP, SMG5",0.003630406393750564,4.717864990234375,1,6,2.7873759269714355,9.502832412719727
1874,MLH1,"MLH1, KIF3B, PISD, CENPW, IFT80",0.01604025898140777,7.514040946960449,4,5,4.058456897735596,9.130656242370605
1875,RMI1,"RMI1, ABCB10, BPNT1, SVIP, ABI1",0.0023921662437891913,4.249191761016846,0,1,-0.6320184469223022,13.017938613891602
1876,ILK,"ILK, KMT2C, STX8, LPIN2, XPR1",0.09165918297718814,10.554717063903809,1,6,-1.1813369989395142,13.335125923156738
1877,BRIP1,"BRIP1, POM121, SBF1, MTA1, ARMT1",0.015714767508892193,8.231587409973145,0,3,-3.073235511779785,10.369463920593262
1878,GNL3L,"GNL3L, KMT2B, RTKN2, RRAGC, ACOT7",0.011517692226244025,9.79336166381836,0,5,3.9627695083618164,9.075287818908691
1879,SAMD8,"SAMD8, ZDHHC7, THAP1, MPLKIP, SNRPB2",0.010731414632998561,14.453882217407227,0,6,-2.46342396736145,12.17860221862793
1880,AK2,"AK2, THUMPD1, ZNF593, SDHA, TFG",0.01248044109976902,9.503703117370605,7,4,4.5299859046936035,11.190057754516602
1881,RNF40,"RNF40, SLC27A4, TSEN2, C11ORF24, SCARB1",0.0008568661053572759,3.4376912117004395,0,9,1.2729594707489014,13.018141746520996
1882,DDT,"DDT, CLPP, UBE2I, FASTKD5, THOC2",2.6470692041929576e-05,2.1610641479492188,0,0,0.21708807349205017,14.39677619934082
1883,HGH1,"HGH1, BRMS1L, ARL17A, FAM98B, MPV17L2",0.0248157835913082,8.177400588989258,0,9,1.2621679306030273,10.416152000427246
1884,FBXO11,"FBXO11, MAPK8, PGLS, NBAS, STAT3",0.009770626551476673,11.81505012512207,41,6,-0.45884430408477783,11.56248664855957
1885,DOCK7,"DOCK7, PHYKPL, WDFY2, SRPRB, PPP2R5C",0.0003441189965450845,2.5383284091949463,0,1,1.3634663820266724,11.488633155822754
1886,AGGF1,"AGGF1, PAIP2, CMPK1, ARL6IP6, MYSM1",0.0005725512649069212,5.793188571929932,7,0,-0.6553990840911865,12.969465255737305
1887,MAGOH,"MAGOH, MED10, DCTN6, NUDT21, PDRG1",9.509841215063589e-05,2.7133991718292236,22,3,-0.8895449042320251,12.960345268249512
1888,RBM25,"RBM25, PHF14, CNBP, CAMTA1, PTPN4",0.01168926152651579,6.199275016784668,12,4,4.074131965637207,11.675666809082031
1889,RNASEH2C,"RNASEH2C, RSRC2, RXRA, RANGRF, UAP1",0.0001578437562500245,3.0958306789398193,3,3,-1.1437163352966309,13.797222137451172
1890,USP38,"USP38, ATP6V1C1, BRCC3, IQGAP1, SCO1",0.00974317546343319,10.503986358642578,4,6,-0.4616296589374542,13.581052780151367
1891,PANK2,"PANK2, SDHAF2, TAGLN2, MYL12B, CCDC90B",0.0038558974741077414,3.7693262100219727,0,5,3.7309601306915283,9.839974403381348
1892,UPF3B,"UPF3B, KCTD3, UGGT1, RAC3, NUP43",0.0026607947482146987,4.988886833190918,0,5,4.433436870574951,9.070125579833984
1893,NR2C2AP,"NR2C2AP, NRAS, STAT1, CALCOCO2, IRF2BP1",0.007259832391499575,7.730072498321533,4,1,1.4168846607208252,13.153800010681152
1894,SKA3,"SKA3, DSCC1, PLK4, ARHGEF7, COQ4",0.002791187416421241,7.662827014923096,2,5,2.578420400619507,9.221231460571289
1895,IFT88,"IFT88, KDM2A, TMEM170A, ATP5PF, PMVK",0.006625516178494818,7.811108112335205,4,1,2.0842480659484863,11.652113914489746
1896,RAD1,"RAD1, DHTKD1, PGPEP1, ZNF562, TMEM129",0.009889254467664579,9.817174911499023,14,1,-2.73241925239563,10.047907829284668
1897,ZNF507,"ZNF507, TUBG1, IRGQ, GNPAT, MTRR",0.007466695947827246,4.903318881988525,0,3,0.9248214364051819,12.5707426071167
1898,CCNB1IP1,"CCNB1IP1, TASOR2, SCAMP2, DPY30, OFD1",0.007630422080086589,5.604570388793945,1,9,1.5530542135238647,12.412619590759277
1899,UBALD1,"UBALD1, AUP1, PAFAH1B2, TBP, DENND10",0.01084416017317715,7.312934875488281,1,5,3.4059534072875977,9.220364570617676
1900,ORAI1,"ORAI1, CWF19L1, SPSB3, RAB8B, STYXL1",0.02371381848556269,8.927398681640625,0,1,0.15858078002929688,10.474180221557617
1901,COX20,"COX20, AIMP1, UBL7, MIER1, GLUD1",2.3529504037270734e-05,1.9121274948120117,9,3,-1.1339401006698608,11.52437686920166
1902,TAF6,"TAF6, MPI, ZXDC, PAIP1, COMMD8",0.007840226824418919,10.094383239746094,7,6,-3.043177604675293,12.447102546691895
1903,CMIP,"CMIP, TSPAN3, CENPS, VPS29, AMMECR1",0.004705900807454147,4.175999164581299,1,4,2.428995370864868,11.128151893615723
1904,NDUFA12,"NDUFA12, SMIM20, MAP3K20, CCT5, PHF3",0.00017941246828418936,2.5524699687957764,5,1,1.4020214080810547,12.429906845092773
1905,ZNF598,"ZNF598, MFHAS1, KAT5, WDR62, IREB2",0.009501998047051164,8.46768569946289,0,1,-1.9584356546401978,10.453245162963867
1906,EFHD2,"EFHD2, GPATCH8, WDR83OS, SUMO2, BRK1",0.0061215926336966025,13.778014183044434,3,3,-3.0088815689086914,11.460211753845215
1907,TNRC6A,"TNRC6A, SIK3, RPL18, FAU, TRIO",0.0011656908458464543,10.770352363586426,1,8,-0.22308003902435303,14.115248680114746
1908,MAN1B1,"MAN1B1, NIT1, FADS3, RCL1, PIGK",0.00328334620920082,4.638397216796875,2,5,2.899627923965454,9.342181205749512
1909,SETD1A,"SETD1A, SLC25A1, SUCLG1, AP2S1, BOD1L1",4.901980007764736e-05,1.863410472869873,6,4,1.759650707244873,12.691696166992188
1910,ARHGAP17,"ARHGAP17, SUCLG2, PLD3, INSIG2, SECISBP2",0.012430440903689818,6.4957380294799805,0,9,1.9979726076126099,9.9732084274292
1911,POLR3H,"POLR3H, DDX39A, MAGOH, EGLN2, DAP3",0.002450990003882368,5.539735794067383,16,5,3.279550075531006,9.228100776672363
1912,ZNF121,"ZNF121, TMEM33, PRIM1, BYSL, SPART",0.001581378750504904,10.21921157836914,14,7,4.265279293060303,8.574374198913574
1913,MITD1,"MITD1, VPS4A, ZCCHC10, MORC2, TMEM33",8.823564013976526e-06,2.3166704177856445,1,0,3.2621309757232666,9.969531059265137
1914,CPSF3,"CPSF3, RPAP2, SEC31A, DICER1, TUBG1",0.005968650857454343,7.7538299560546875,9,3,-3.641901969909668,11.318312644958496
1915,SRRT,"SRRT, FTH1, PPDPF, ZMAT2, RPS24",2.941188004658842e-05,1.8501951694488525,4,8,3.5143680572509766,9.416396141052246
1916,NBPF1,"NBPF1, DYNC2LI1, PMM1, FUBP3, SIAH1",0.0063441425260491215,5.365289688110352,0,6,0.3292752802371979,10.181560516357422
1917,GSTK1,"GSTK1, ROMO1, LEO1, PGAM1, CCND3",0.007163753583347385,13.556703567504883,4,1,-0.9854657649993896,10.23670482635498
1918,PSMC4,"PSMC4, MYC, HNRNPM, HECTD4, OST4",0.0038578582661108474,11.342330932617188,11,1,-0.7420084476470947,11.405448913574219
1919,CEP295,"CEP295, DHX8, SLC35F2, FCF1, HDHD2",0.01906380025019706,10.71977424621582,0,5,3.873703718185425,8.933810234069824
1920,TARBP2,"TARBP2, CRCP, NEPRO, RMDN3, ZW10",0.00529904038839368,8.702152252197266,0,6,-2.05515193939209,12.076918601989746
1921,NOC2L,"NOC2L, CDYL, MIIP, TPX2, METTL17",1.470594002329421e-05,2.027169704437256,3,1,1.1490066051483154,13.279082298278809
1922,CCDC91,"CCDC91, ZNF652, ZNF609, TWF2, RUFY2",0.002153930015411825,8.462430953979492,6,8,0.6480928063392639,9.95218276977539
1923,WIPF2,"WIPF2, R3HCC1L, KLHL18, SLC27A5, XPOT",1.8627524029506e-05,2.0290024280548096,4,3,0.43429598212242126,12.401599884033203
1924,SMAD5,"SMAD5, HPF1, TAF12, CHID1, BCL2L13",0.011328475797944305,10.523390769958496,0,3,-3.5724077224731445,11.351635932922363
1925,DMWD,"DMWD, PUS3, ELAC2, CCDC43, ZNF322",0.005977474421468319,8.34890079498291,1,5,3.0908052921295166,10.200318336486816
1926,ATP5F1C,"ATP5F1C, RHOG, GABARAPL2, CENPF, TRAPPC1",0.0006225514609861215,5.013636112213135,5,6,-0.19982098042964935,12.636066436767578
1927,CALM2,"CALM2, TPM3, HSPA5, SUMO2, COX7A2",0.0003921584006211789,2.7567734718322754,1,4,2.841493606567383,12.101349830627441
1928,BPTF,"BPTF, PTTG1, ARHGEF7, TGFB1, VPS13C",0.004187271322632638,6.433297634124756,12,6,-0.3556257486343384,12.882722854614258
1929,RBM27,"RBM27, COX6B1, TAF1D, SIVA1, CCS",0.004807861991615653,12.239789009094238,4,0,-1.7235054969787598,10.567008018493652
1930,AHSA1,"AHSA1, PPP1R10, SUPT6H, TEX10, LEMD2",3.4313860054353156e-05,1.878743290901184,9,9,1.2896777391433716,11.829758644104004
1931,B2M,"B2M, RPS8, RPS13, RPL21, TMSB10",0.0028539327605206295,11.884160041809082,7,8,1.2038377523422241,13.411335945129395
1932,DCTD,"DCTD, C17ORF80, FKBP15, SLC4A2, PFKL",0.005872572049302154,7.104762077331543,1,6,-2.2077078819274902,11.388128280639648
1933,HDAC7,"HDAC7, SEC23A, BARD1, CUL2, ACADM",0.01344220957729246,10.449201583862305,3,4,3.3661954402923584,12.155962944030762
1934,MAN2B1,"MAN2B1, VPS54, SAPCD2, YAE1, TMEM9B",0.02694716449868431,8.743151664733887,3,9,1.1904950141906738,10.426779747009277
1935,FAM53C,"FAM53C, GPATCH8, BTN2A1, UNC119, DYNC2LI1",0.026459907685912495,7.416808605194092,0,6,0.5986152291297913,12.23712158203125
1936,XPNPEP1,"XPNPEP1, RXRB, TOPBP1, ELP6, RNF20",0.0019637331911105532,3.3417251110076904,30,3,0.28613927960395813,11.762420654296875
1937,FIBP,"FIBP, ATP11A, NSRP1, PCBP2, SLC38A1",0.00020784395232922482,2.566189765930176,2,9,0.22105048596858978,12.45221996307373
1938,UBE2D2,"UBE2D2, RBMX, FAM13B, TEDC1, SRSF8",0.0002950991964674371,3.3673579692840576,0,3,-2.5357284545898438,9.959927558898926
1939,CNDP2,"CNDP2, ADIPOR2, PNPLA6, CEP290, TJAP1",0.01804222761657889,6.563455581665039,0,9,1.108263373374939,10.085823059082031
1940,BAG6,"BAG6, SUN1, WASHC3, FYTTD1, SAMD4B",3.0392276048141366e-05,2.2465972900390625,2,6,-0.7026045918464661,13.095062255859375
1941,BNIP3L,"BNIP3L, WASHC1, CDK11B, WDR45, RAP2B",0.016099082741500948,6.1907806396484375,9,1,-0.19916322827339172,12.45319652557373
1942,HMGB2,"HMGB2, SDHA, CCNI, NEDD8, STK16",0.0005068647328028737,2.760917901992798,27,4,2.8174643516540527,11.398444175720215
1943,REPS1,"REPS1, TSPAN14, PPP2R1A, SCFD1, SNRNP70",1.7647128027953052e-05,2.2236719131469727,8,1,1.669906497001648,13.864435195922852
1944,CPSF1,"CPSF1, ZNF268, ZNF714, DAG1, HAUS8",0.02174812450244903,7.9529500007629395,0,9,1.151585578918457,10.269240379333496
1945,MED15,"MED15, GGPS1, WDR43, MRPS16, FHL3",5.9804156094729785e-05,2.8777616024017334,3,9,0.28582558035850525,13.359728813171387
1946,NR2C2AP,"NR2C2AP, DDX56, GOLT1B, OGFOD1, RMI2",0.008764740253883348,6.758530616760254,2,1,-2.6083297729492188,10.569239616394043
1947,OGFOD1,"OGFOD1, NAXE, TRIP11, DNM2, ATP6V0E2",0.0008617680853650406,4.576286315917969,6,1,-2.525273084640503,10.63953971862793
1948,A1BG,"A1BG, CUL5, ZWILCH, BTF3, SUGP1",0.03914034956999831,5.266693115234375,0,6,0.8759128451347351,10.793510437011719
1949,GPBP1L1,"GPBP1L1, PDAP1, BLOC1S6, PAXBP1, TFRC",5.294138408385915e-05,3.0664727687835693,5,3,1.1910847425460815,14.58874797821045
1950,EIF3H,"EIF3H, MRPL47, PTTG1, ZNF267, PCNX4",0.007379440703689034,11.333039283752441,12,9,-2.9839437007904053,12.631808280944824
1951,ARL2,"ARL2, PHF20L1, CHD4, CYB5R3, FKBP4",0.0010813767897129008,4.942439079284668,3,8,0.8989755511283875,10.960891723632812
1952,NT5DC2,"NT5DC2, MAPK6, MITD1, BCL7B, NUP98",0.00021470672434009545,2.6118502616882324,8,6,0.5797281861305237,14.055289268493652
1953,EXOC7,"EXOC7, RNF4, NTMT1, PAGR1, CSTF3",5.000019607920031e-05,2.4741718769073486,11,0,-0.4811447262763977,13.01501750946045
1954,TIMM10,"TIMM10, PPIP5K2, TK1, LAGE3, SCYL2",0.0002549029604037663,2.938493013381958,0,6,-0.025906870141625404,11.805636405944824
1955,HPF1,"HPF1, CMTM6, TAF12, NDUFB9, DEK",0.002830403256483359,11.25310230255127,3,3,-3.6534154415130615,11.314800262451172
1956,PRRC2C,"PRRC2C, C19ORF53, MORF4L2, CDK6, SDCBP",0.0006647084890528983,4.394353866577148,4,1,-0.13475990295410156,11.892125129699707
1957,SC5D,"SC5D, RMDN1, SNAPC3, DR1, RFC4",0.014401036866811242,8.336649894714355,26,6,-2.4133307933807373,12.565112113952637
1958,SCCPDH,"SCCPDH, DTWD1, GLMN, ADAM9, BCOR",0.00985592100361178,9.338949203491211,0,6,-2.4742321968078613,12.538446426391602
1959,ARPC1B,"ARPC1B, USP34, GNB2, OSBPL8, GSTO1",0.0085323864015153,12.584310531616211,17,6,-1.1940444707870483,11.379132270812988
1960,MDN1,"MDN1, PTTG1, ATP5F1C, HIGD1A, KRT10",0.00016862811226710692,2.954563617706299,63,4,1.2245090007781982,11.773704528808594
1961,CAMTA1,"CAMTA1, SNU13, JAK1, RBM6, TOMM7",0.016644182918364385,14.48100757598877,4,3,-1.1114883422851562,11.766207695007324
1962,CHD4,"CHD4, NDUFV1, TXN2, MEAF6, NOP58",0.007549049211957694,6.647268295288086,8,5,3.9574310779571533,11.037720680236816
1963,OCIAD1,"OCIAD1, C19ORF53, TOP2A, TUT4, WAC",0.0003450993925466374,3.3029260635375977,19,0,0.30267128348350525,11.62800121307373
1964,PGM3,"PGM3, SMAGP, MAPK12, SLC25A1, DLGAP5",7.843168012423579e-05,2.0318830013275146,7,4,3.5544869899749756,9.539411544799805
1965,HERC2,"HERC2, ARF4, MYC, MRPL43, CDC20",0.01189220349883725,6.895793437957764,41,4,3.3128910064697266,9.889098167419434
1966,LLPH,"LLPH, POLR1D, TACC1, RTN3, TTC14",0.0036490339177800697,8.092153549194336,20,3,-0.590498685836792,10.750042915344238
1967,FUNDC1,"FUNDC1, SCARB1, HMG20B, SPATS2, SMG5",0.00015196138024070683,2.457568407058716,8,6,0.28461953997612,14.302000999450684
1968,DLST,"DLST, CCDC138, SDHAF1, KNL1, PURB",0.0003460797885481904,2.996818780899048,0,6,2.2341043949127197,9.818926811218262
1969,ARPP19,"ARPP19, CRBN, UBALD2, CIAO2B, COX16",0.0033549151173141857,4.054925441741943,10,4,2.9456167221069336,11.185503005981445
1970,MICU1,"MICU1, CNPY3, MAP3K20, CLDND1, METTL16",0.03420797728618544,9.898358345031738,3,9,-0.03258335590362549,12.02885627746582
1971,MRPL54,"MRPL54, KRT10, ESYT2, PES1, NAP1L4",0.0022921658516307907,6.689136981964111,17,6,-2.1932616233825684,12.116425514221191
1972,RHBDD2,"RHBDD2, PACS1, HOMER3, HPS1, ARFGEF2",0.029401095690571335,4.913175582885742,0,9,1.9440733194351196,13.94852066040039
1973,ATF2,"ATF2, TSG101, SMIM29, VPS4B, CDK11B",0.015084372879893646,5.695549488067627,2,4,2.4257075786590576,13.205645561218262
1974,GAPDH,"GAPDH, EIF4G3, PPP1R15A, CD58, UBL3",0.00529217761638281,10.049595832824707,22,8,-0.22289696335792542,9.392778396606445
1975,CD63,"CD63, POLR2L, CTBS, SDR39U1, CCDC82",0.009052976678339915,10.633245468139648,15,0,-0.4543299674987793,9.942252159118652
1976,UBE2L6,"UBE2L6, SLC3A2, WAC, RAP1GDS1, RABGAP1",0.0017931442868403405,8.168469429016113,12,8,-0.24429191648960114,9.393278121948242
1977,AAK1,"AAK1, CDKN2D, NDUFA6, CCDC124, TBRG1",0.0015715747904893745,3.510359048843384,3,4,3.913738965988159,11.69043254852295
1978,RTN4,"RTN4, ASH1L, PGK1, NUCKS1, SEPTIN7",0.005075510100039608,10.828353881835938,0,1,-0.9382295608520508,10.82174015045166
1979,FEN1,"FEN1, YWHAQ, ZNF706, SPCS1, PXMP2",0.0019019682430127178,7.607895851135254,2,0,-2.1480209827423096,11.890687942504883
1980,ZRANB3,"ZRANB3, COX6B1, UQCRB, TERF2IP, POLR2L",0.004397076066964969,7.3788933753967285,1,8,-1.7880449295043945,11.905120849609375
1981,EP300,"EP300, ITFG1, PTRHD1, BAZ1A, ASXL1",0.00033235424452644915,2.664381265640259,0,9,-0.4612199068069458,13.998953819274902
1982,C1QBP,"C1QBP, CUEDC2, UBR4, CCDC32, IP6K2",0.0010098078815995357,3.627000331878662,7,6,-0.2784634530544281,12.986656188964844
1983,POLE2,"POLE2, ZNF749, CISD3, LARP1, PSMC4",2.941188004658842e-05,2.0216410160064697,0,1,1.106623649597168,12.270030975341797
1984,SWAP70,"SWAP70, STAT6, TRAPPC1, ZFAND2A, ORMDL1",0.00044608018070659103,3.2538068294525146,17,3,-0.6165913939476013,12.228425025939941
1985,VPS13C,"VPS13C, ETS2, SMDT1, CORO1C, M6PR",8.823564013976526e-06,2.6385657787323,4,1,0.5971968173980713,12.329779624938965
1986,NOP10,"NOP10, SRPK2, ZNF609, DBI, GTF2A1",0.013882407381989733,10.436002731323242,18,6,3.1857500076293945,11.12000846862793
1987,CREB1,"CREB1, APH1A, PUF60, THOC2, GDI1",0.00030588355248451957,4.171392917633057,6,3,-0.601026177406311,9.845481872558594
1988,XBP1,"XBP1, ITPR2, PMAIP1, MYO9A, MYH9",0.0030196196847830778,13.923751831054688,51,8,-0.10579729080200195,8.955670356750488
1989,FH,"FH, FAM91A1, NOL11, TXNDC9, BCL2L12",0.00011372593618014189,2.191164016723633,3,6,1.0768098831176758,11.98494815826416
1990,CHM,"CHM, UBE2W, SLK, DNAJC9, TRNAU1AP",0.0004441193887034851,2.8025121688842773,7,9,1.5708222389221191,11.591333389282227
1991,NBEAL1,"NBEAL1, IMPDH2, ATP6V0B, ELOC, BAZ1A",0.002381381887772109,4.538415431976318,2,1,-1.5018720626831055,11.10025691986084
1992,CEP57,"CEP57, AGAP3, CNOT6, BOP1, CD2AP",0.008929446782144244,14.596858978271484,3,6,-2.726633310317993,11.69664192199707
1993,PRRC2B,"PRRC2B, TRIP11, CLOCK, DPY30, HSD17B12",6.078455209628273e-05,2.43107533454895,12,1,1.066158652305603,14.024182319641113
1994,TMEM87B,"TMEM87B, ERCC5, RABIF, RBM7, EFHC1",0.011957890030941299,9.652473449707031,0,1,-2.8219010829925537,10.516011238098145
1995,PPP1R8,"PPP1R8, INTS13, NSDHL, SLC19A1, ASH2L",0.0003813740446040965,5.6066155433654785,2,7,0.3468112647533417,10.28847885131836
1996,UBE2D3,"UBE2D3, EXOC4, PGAM1, ATP11B, CRBN",0.0026853046482535224,6.495473384857178,1,8,-3.014394998550415,11.357398986816406
1997,TOB1,"TOB1, CDKN1B, PIBF1, PKN2, CCT5",0.0017264773587347402,4.861630916595459,3,3,0.874164879322052,14.281188011169434
1998,ATP11A,"ATP11A, CNTRL, MRPL43, CRTAP, OFD1",0.0017431440907611402,5.576002597808838,4,3,0.22026991844177246,11.915263175964355
1999,OSBPL3,"OSBPL3, MANF, FCF1, BCL2L13, STRAP",0.026942262518676544,7.836400508880615,0,1,0.7047868967056274,12.244196891784668
2000,NOL12,"NOL12, CDCA2, LIAS, DLGAP4, EEA1",0.003100012156910419,5.4491119384765625,12,3,-3.13053560256958,11.398950576782227
2001,NGRN,"NGRN, NUCKS1, EIF3H, ELOVL1, XRCC6",0.004778450111569065,11.997064590454102,3,6,-3.036529779434204,12.06026554107666
2002,UBN2,"UBN2, TMEM147, ITCH, SNX9, TXN2",0.0030598159208467483,5.808224201202393,23,6,-1.156846523284912,13.868751525878906
2003,HADH,"HADH, PDS5A, IFNGR1, SEC61G, AGTRAP",0.006793163894760371,11.542947769165039,1,3,-3.128793954849243,10.945352554321289
2004,LRRC59,"LRRC59, VPS26C, COX7A2, TBCA, TAOK3",0.0022019694194879195,7.259058952331543,21,9,2.137575626373291,10.087481498718262
2005,RPS6KB1,"RPS6KB1, ADNP2, MAT2A, TNPO3, DMWD",0.00518923603621975,8.303147315979004,15,5,3.9202942848205566,9.57565689086914
2006,PRKACA,"PRKACA, ACP2, C12ORF76, LIX1L, FBXO38",0.02098733720524394,8.079232215881348,0,5,3.3892574310302734,9.408699035644531
2007,GNG5,"GNG5, ARGLU1, NQO1, LAMP1, UBR3",7.745128412268283e-05,2.432253837585449,1,4,1.0788477659225464,11.909847259521484
2008,GABPA,"GABPA, DESI2, FOXK1, MFSD12, EBAG9",0.008626504417664382,10.52668571472168,0,1,-2.242457628250122,10.670832633972168
2009,FKBP15,"FKBP15, GNPAT, RBMX2, KHDC4, CYB5R1",0.0011588280738355837,4.33294677734375,0,6,1.0831016302108765,12.885831832885742
2010,ZNF746,"ZNF746, DEF8, ZNF771, NUP54, DIMT1",0.0020715767512813777,13.431550025939941,0,7,1.0255250930786133,12.358572959899902
2011,NDUFB4,"NDUFB4, MTDH, YWHAQ, ZNF84, CAP1",0.017705951788046227,10.24545669555664,0,1,0.8579703569412231,10.360034942626953
2012,PCMTD2,"PCMTD2, PTEN, HIPK1, ORAI2, SLC39A6",0.01981968556739438,6.503672122955322,3,0,2.987150192260742,10.238008499145508
2013,EIF1AX,"EIF1AX, NBAS, ANKRD36C, HSPA8, CHD7",0.0018784387389754469,9.05225658416748,3,8,-0.1038174033164978,9.136635780334473
2014,BNIP2,"BNIP2, TCAIM, RNF168, LAGE3, RXRA",2.6470692041929576e-05,2.251330614089966,0,8,-0.32889583706855774,13.111054420471191
2015,CDK2AP2,"CDK2AP2, TGFB1, KANSL1, EXOC6, ATRX",0.006212769461841027,3.4366278648376465,30,4,3.0961806774139404,11.797609329223633
2016,<SPECIAL>,"<SPECIAL>, HMGCS1, LAPTM4B, ZMYND19, SLC19A1",0.0009872587735638178,69.11639404296875,1,2,2.710331439971924,12.394296646118164
2017,EIF4H,"EIF4H, NDFIP1, ATP6V0A1, CAPRIN1, ATF7IP",0.0006107867089674862,3.4125428199768066,2,1,1.784452199935913,13.274953842163086
2018,NOB1,"NOB1, C5ORF24, NIT2, IPO9, ILKAP",6.862772010870631e-05,2.698162078857422,8,3,1.2326399087905884,14.15732192993164
2019,SH3GLB1,"SH3GLB1, COA3, MIEN1, YME1L1, PSMD6",0.0006098063129659332,3.3169631958007812,20,6,-0.17337320744991302,13.817668914794922
2020,CRLS1,"CRLS1, CHCHD4, POLR1B, CPSF3, SEC13",1.1764752018635367e-05,1.5688725709915161,24,4,3.629606008529663,9.95895767211914
2021,SEPTIN8,"SEPTIN8, UIMC1, CLN6, WRAP73, DPCD",0.006647084890528982,8.422758102416992,0,1,-2.7884087562561035,10.810567855834961
2022,TMEM208,"TMEM208, AHSA1, EIF4E, TCOF1, CD320",5.686296809007094e-05,2.4224798679351807,6,1,1.5235352516174316,12.577901840209961
2023,NT5DC1,"NT5DC1, STX7, RYBP, PNKD, LPCAT1",0.0002686285044255075,3.223738670349121,1,3,-0.9715923070907593,13.15056324005127
2024,BRWD3,"BRWD3, OSBPL2, CDK6, AIDA, ATMIN",0.011761810830630708,4.71762752532959,0,4,1.4916870594024658,11.54318618774414
2025,ATP6AP2,"ATP6AP2, CMTM6, WAC, RNF220, TMEM165",0.00466374377938737,8.686339378356934,7,0,-0.9872244596481323,11.01594352722168
2026,AURKB,"AURKB, ERICH1, SPG7, AURKAIP1, LAGE3",0.00015196138024070683,3.5534276962280273,9,1,-0.19821122288703918,12.216862678527832
2027,IRGQ,"IRGQ, MKNK1, COQ2, MGRN1, DPM1",0.0005000019607920031,3.586517572402954,2,3,0.04762324318289757,14.369781494140625
2028,GAK,"GAK, TMA16, PMM2, TMEM106C, NRBP1",0.009928470307726697,10.434874534606934,0,6,-2.2850024700164795,11.247780799865723
2029,RFC3,"RFC3, FXN, PRPF19, EEFSEC, RNF4",0.0010441217416538888,3.220343828201294,10,0,2.4435808658599854,10.405448913574219
2030,MYL6B,"MYL6B, GNL3, FLOT2, FAN1, UBE2A",0.00014215742022517734,2.2415363788604736,52,4,2.609957218170166,10.126779556274414
2031,ZNF770,"ZNF770, TSR3, BCL7A, TUBGCP3, MAP3K11",0.006860811218867525,13.097155570983887,1,3,-3.085517168045044,10.255273818969727
2032,ISG15,"ISG15, ATP5F1E, CD99, MRTFB, DYNC1LI2",0.007861795536453085,5.191009521484375,24,4,3.350210189819336,12.080098152160645
2033,CTU2,"CTU2, AP5B1, RNF126, KIF22, TIMM8B",0.0020705963552798247,8.464713096618652,34,1,-2.623433828353882,10.403373718261719
2034,FBRS,"FBRS, TTF1, NR2C1, TMED1, MTMR2",0.006508849054310017,6.5306477546691895,0,5,3.2721312046051025,9.459781646728516
2035,SET,"SET, HES1, PABPC1, ATP5PF, SERP1",0.00012941227220498905,6.281673431396484,0,8,1.4202122688293457,12.313545227050781
2036,ABRACL,"ABRACL, N4BP2L2, SH2B1, ADD3, NOP2",0.0002156871203416484,3.0707290172576904,1,6,-0.17930622398853302,13.615474700927734
2037,ATAD5,"ATAD5, TERF2, CBX1, ATG3, CEP55",0.004030407962384166,7.5073957443237305,4,3,-2.965003490447998,10.082596778869629
2038,CXORF38,"CXORF38, UQCRFS1, ZNF655, CFAP36, TBC1D14",4.313742406832968e-05,2.085422992706299,0,1,-0.9108094573020935,12.758281707763672
2039,FDXR,"FDXR, MRPL38, CPSF4, AIMP2, THOC5",0.00023725583237581323,2.4268782138824463,3,5,4.03935432434082,9.243449211120605
2040,ITPRID2,"ITPRID2, CLN8, RER1, CNOT6L, MED10",0.01619320075765003,13.689908981323242,3,3,-3.1113719940185547,11.143424987792969
2041,CHAMP1,"CHAMP1, C6ORF62, SMC1A, PSMD13, BAX",0.004479429331095416,7.974987030029297,13,1,-0.8742311596870422,11.36887264251709
2042,CD99,"CD99, PSMB10, PWWP2A, TANK, UBA2",0.0001450986082298362,3.007704019546509,16,8,-3.0443153381347656,10.65900993347168
2043,METAP1,"METAP1, EAPP, BAX, NEMF, MYCBP2",0.001488241130357374,7.494800567626953,10,6,-3.01776385307312,12.521269798278809
2044,NCOA3,"NCOA3, DIS3L2, PIGL, TMEM131L, KDM6B",0.05454040996239201,9.93127155303955,0,1,0.34857502579689026,12.24410629272461
2045,ATP5MC2,"ATP5MC2, SELENOW, SIN3B, OSGEP, LRRC75A",0.004588253287267793,7.523212909698486,0,6,0.384977787733078,11.747297286987305
2046,CNDP2,"CNDP2, TUT7, SMIM27, DDHD1, ELOVL5",0.010061804163937899,4.974069118499756,2,1,-0.16991016268730164,12.837377548217773
2047,KTN1,"KTN1, EIF5, LRBA, ANKRD12, GPKOW",0.006809830626786772,9.186944007873535,2,3,1.150633454322815,13.974827766418457
2048,CSK,"CSK, SYNJ2, RPRD2, MZT2A, TRMT11",0.007127478931289927,13.12299633026123,0,6,-1.636258602142334,11.585392951965332
2049,XBP1,"XBP1, CAST, TAOK1, CCNY, SMDT1",0.0033421699692939974,3.807581901550293,21,4,3.444523572921753,12.105863571166992
2050,BCL7C,"BCL7C, HPRT1, L3MBTL2, HOOK2, MYBBP1A",0.005760806905125118,12.615793228149414,5,3,-3.4855151176452637,10.637872695922852
2051,NCAPG,"NCAPG, CANX, EXOSC8, TIPRL, TOPBP1",1.9607920031058947e-05,1.8031127452850342,7,5,2.7270359992980957,9.67072582244873
2052,CHMP2B,"CHMP2B, FNIP1, BCL2L1, CRELD2, ARMCX3",0.0001578437562500245,2.67281174659729,20,1,0.8197036981582642,12.139890670776367
2053,ZNF706,"ZNF706, PSME2, MAGED2, PIAS1, LSM4",0.009238271522633422,14.857085227966309,3,0,1.178534746170044,11.413609504699707
2054,USO1,"USO1, UBTF, BDH2, MTFMT, DCTN3",0.011827497362734756,8.248991966247559,11,3,-3.320582151412964,11.032691955566406
2055,MTHFD1L,"MTHFD1L, ELOVL1, CNOT1, GSTCD, FZR1",0.00019411840830748357,2.5674068927764893,4,6,0.16074584424495697,14.146846771240234
2056,RBM22,"RBM22, PRORP, ATG10, BAG5, NELFE",0.008366699477252852,10.464547157287598,0,6,-2.653714656829834,12.2322359085083
2057,NPLOC4,"NPLOC4, RASA2, CD55, HMGN2, SORT1",0.0016431436986027396,7.531189918518066,2,3,-0.20811986923217773,13.837162971496582
2058,TSPYL1,"TSPYL1, TACC1, PCSK7, ANKRD17, TCEAL9",0.011119651449613528,7.193268299102783,4,6,1.3649863004684448,11.282855987548828
2059,RILPL2,"RILPL2, ABR, SNX6, SYNJ2, TOMM5",0.0028402072164988882,4.781008720397949,6,1,1.7156219482421875,13.128693580627441
2060,RCN1,"RCN1, RALGAPA1, SHKBP1, KDM6B, ELP4",0.020376550496276458,6.483217239379883,3,4,3.6256728172302246,12.131583213806152
2061,PARP4,"PARP4, DPH6, GLO1, SLC4A7, GPX4",0.0011392201538045247,3.0945017337799072,2,6,-0.4038737416267395,13.483722686767578
2062,HMGCR,"HMGCR, RHBDD2, COPRS, CDC25B, MFN2",0.015374570096353318,11.675893783569336,1,1,-1.93440580368042,11.810800552368164
2063,CCNDBP1,"CCNDBP1, BDH2, STK38, WEE1, EIF4EBP2",0.008428464425350687,5.3820061683654785,0,9,1.1383506059646606,12.63902759552002
2064,BMS1,"BMS1, C11ORF54, PHRF1, SERTAD2, ZBTB24",0.008205914532998168,13.584992408752441,0,3,-3.158780574798584,10.358749389648438
2065,EIF4E2,"EIF4E2, SLC20A2, DHX36, PDCD10, MED30",0.00810297295283511,13.023275375366211,1,1,-1.9283913373947144,10.493997573852539
2066,C9ORF40,"C9ORF40, ARHGEF12, DNM1L, RNASEK, EIF2AK1",0.00030588355248451957,2.601170539855957,1,4,2.2554259300231934,11.494793891906738
2067,ITM2C,"ITM2C, CD164, MBNL1, KDM4B, GNAQ",0.03473543033502092,8.243850708007812,2,6,-0.5590828657150269,12.727126121520996
2068,STK4,"STK4, CCNH, EEF1AKMT1, ZNF609, IGHMBP2",0.010370628904427076,12.496625900268555,0,1,-0.5436874032020569,11.07347297668457
2069,RBM19,"RBM19, COG1, BOP1, ZBTB41, ZNF226",0.019984392095655275,10.102289199829102,0,3,-3.4385828971862793,11.791272163391113
2070,FOXO3,"FOXO3, SBDS, NDUFA6, PET100, HNRNPA0",0.008201012552990404,10.756877899169922,22,0,-1.4460633993148804,11.842093467712402
2071,TAF5L,"TAF5L, RNPC3, CASD1, WDR3, TBCD",0.012452990011725536,7.471462249755859,0,9,2.4320762157440186,11.078885078430176
2072,PPP5C,"PPP5C, SELENOI, DIS3L, TXLNA, TAF6",0.00039117800461962597,3.5769035816192627,0,6,0.4777984619140625,12.05231761932373
2073,MTIF3,"MTIF3, IDH3B, CHCHD7, RBMX, TEX264",0.0042833501307848265,7.4420695304870605,2,1,-1.6295499801635742,10.536781311035156
2074,AP5B1,"AP5B1, FDX2, SAAL1, EID2, DNAJC30",0.00023921662437891914,2.8122055530548096,0,1,0.527908980846405,11.90878963470459
2075,GLO1,"GLO1, EMC4, RFX5, CLPB, MCM8",0.00016568692426244808,2.2854483127593994,0,4,3.169926404953003,9.961923599243164
2076,NDUFS1,"NDUFS1, SCCPDH, WHAMM, AGO2, CDCA5",3.333346405280021e-05,1.8015570640563965,25,9,1.776431918144226,13.313200950622559
2077,FASTK,"FASTK, DCAF8, DDX23, ING1, PRIM2",0.00047157047674696763,3.2185091972351074,0,6,2.8955001831054688,10.765421867370605
2078,ZNF496,"ZNF496, ANKRD16, UPF3B, TPD52L2, IDH3B",0.015130451491966635,7.272416591644287,7,5,3.7346737384796143,9.796295166015625
2079,TRAPPC2,"TRAPPC2, EIF1B, NUP133, MFSD11, MAVS",0.006891203494915666,7.01812744140625,0,1,1.8495820760726929,13.342697143554688
2080,PPP2R1A,"PPP2R1A, ARID5B, FAM234A, EIF2B2, NIPBL",0.00013725544021741263,2.8291430473327637,25,3,0.592018187046051,12.1633882522583
2081,DUSP14,"DUSP14, METTL4, HAGHL, AP3M2, INTS5",0.001412750638237797,6.073867321014404,0,5,4.110304832458496,9.44512939453125
2082,TIPIN,"TIPIN, GEMIN4, MEX3D, SLC5A6, EIF4ENIF1",0.006217671441848791,8.344623565673828,0,1,-2.174010992050171,10.903267860412598
2083,PRMT2,"PRMT2, TACC1, ZFAND5, TMEM165, ZMYND8",0.00932454637077008,11.640018463134766,11,0,-1.1090317964553833,11.69099235534668
2084,MXRA7,"MXRA7, DNTTIP1, CEP170, ZDHHC12, CREBBP",0.06305907081988557,6.109294414520264,0,9,2.7382655143737793,10.32140064239502
2085,NOB1,"NOB1, C5ORF24, SMAP2, PPP1CB, FAM210A",0.005599041564868882,15.136734962463379,7,3,-3.4379498958587646,11.218414306640625
2086,COX7A2L,"COX7A2L, PRMT2, CELF1, HES1, EEF1B2",0.0031333456209632193,3.789954900741577,7,4,2.6198627948760986,11.526084899902344
2087,SUN1,"SUN1, CLUAP1, CHORDC1, SKI, GTPBP10",0.008606896497633324,12.182750701904297,1,6,-3.2123429775238037,11.721853256225586
2088,LMNB1,"LMNB1, TMX1, MDH2, TRMT112, METRN",0.002139224075388531,8.55212116241455,3,3,-2.8302695751190186,11.05235481262207
2089,WBP1L,"WBP1L, ENTPD4, TSPYL4, ELMOD3, GIGYF1",0.007965717512617697,5.696310997009277,0,6,2.0297982692718506,9.94031047821045
2090,UBE2Q1,"UBE2Q1, FADS3, PMM2, LRIG2, RANBP3",0.010863768093208208,8.437141418457031,0,1,-1.525193214416504,11.271454811096191
2091,ZNF33A,"ZNF33A, SNRNP27, SLC39A10, AK2, MCRS1",0.00037451127259322583,2.956153392791748,7,9,-0.02715522050857544,14.063119888305664
2092,RTCB,"RTCB, EDF1, ARL6IP6, NDUFS2, RHOC",0.0006676496770575571,3.15641188621521,42,6,0.2058202624320984,12.770429611206055
2093,PHB2,"PHB2, MASTL, PPP1R2, PIAS1, MAPK1",0.0002862756324534606,2.8951034545898438,33,6,0.24910585582256317,13.853873252868652
2094,CWC25,"CWC25, POLR2B, PIK3CB, MFSD1, NKAP",0.0017882423068325758,4.465147018432617,0,9,-0.17526984214782715,13.227025985717773
2095,ANAPC5,"ANAPC5, NBDY, YTHDC1, POLR3GL, PGD",0.019308899250585296,9.571898460388184,28,4,3.940558910369873,11.467111587524414
2096,PTTG1,"PTTG1, PPA1, CCNI, LY6E, MACF1",0.003440209569449292,10.811763763427734,0,6,-2.330735206604004,12.708512306213379
2097,FAM120A,"FAM120A, SMC3, CDK4, GABPA, WDR20",0.005921591849379801,5.119356155395508,12,1,0.6687284708023071,14.672259330749512
2098,RING1,"RING1, TARDBP, CTDSPL2, SUMO1, COG4",0.0017715755748061758,6.030153751373291,5,1,-1.2456787824630737,12.193916320800781
2099,MRPL10,"MRPL10, MED15, PPP2CB, ZYG11B, CREBZF",0.000744120565178687,3.939999580383301,0,9,3.2980027198791504,9.541009902954102
2100,SMIM12,"SMIM12, BTG3, OSBPL9, RO60, SUB1",0.006608849446468418,11.559179306030273,2,1,-1.6606866121292114,10.92776107788086
2101,WHAMM,"WHAMM, SCNM1, AGO2, PLEKHF2, CDT1",0.01028533445229197,15.466702461242676,1,3,-3.0833897590637207,10.33830451965332
2102,RAPGEF1,"RAPGEF1, CYB5A, SMURF1, NSRP1, COQ2",0.012853971976360692,6.559114456176758,0,9,1.1629000902175903,10.216094017028809
2103,LENG1,"LENG1, TBC1D15, NEK7, PWWP2A, SENP5",0.06725124412252598,10.875513076782227,0,3,0.79596346616745,14.655478477478027
2104,NR2F6,"NR2F6, DYNLL2, POLB, AIMP2, UBE2Q1",0.00023137345636649556,3.6065597534179688,3,5,3.720524787902832,9.490052223205566
2105,POLDIP2,"POLDIP2, YIF1A, GLB1, TAGLN2, COASY",7.745128412268283e-05,2.8330352306365967,0,3,0.884777307510376,13.513725280761719
2106,TLE5,"TLE5, SEC61B, C11ORF58, ZDHHC20, CALM3",0.0030441295848219014,5.398562431335449,0,1,0.6118251085281372,14.646756172180176
2107,TPR,"TPR, NONO, AMFR, RRAGA, LDB1",0.00038921721261652006,3.4726667404174805,1,0,0.6960694789886475,14.673977851867676
2108,MXD4,"MXD4, PPID, NOSIP, PPP1CC, PPIL2",5.1960988082306205e-05,1.881515622138977,7,1,0.23236176371574402,11.612872123718262
2109,TMEM59,"TMEM59, TNIP2, CHD4, RPLP0, RPL22",0.0007088263091227808,2.673241138458252,0,4,3.079599618911743,11.638473510742188
2110,NAP1L1,"NAP1L1, SMIM26, PPDPF, PPIH, C1ORF50",3.333346405280021e-05,2.4413909912109375,27,1,2.424238681793213,9.698397636413574
2111,ADSL,"ADSL, DDX55, TRAM2, DHRS7B, NDUFA10",2.6470692041929576e-05,1.7753852605819702,18,0,1.3952224254608154,13.983660697937012
2112,NUSAP1,"NUSAP1, GSTK1, CHCHD3, POP4, RNF13",0.008250032353068051,11.520305633544922,3,0,-2.0309362411499023,10.965729713439941
2113,BRCA2,"BRCA2, MYO9B, HDAC3, TMED7, SQSTM1",0.008341209181212476,9.40494155883789,46,6,-0.9830331802368164,12.375929832458496
2114,C19ORF53,"C19ORF53, STARD7, PWWP2A, MGRN1, CBX1",3.8235444060564946e-05,2.18953800201416,2,3,1.0633018016815186,12.472003936767578
2115,SLC4A7,"SLC4A7, SGK3, PSME4, ANKRD10, LSM6",0.004677469323409111,8.159378051757812,14,8,0.6195971369743347,10.055404663085938
2116,MAP4K5,"MAP4K5, CCSER2, SPAG9, FOXO3, NFE2L2",0.011347103321973811,9.193922996520996,12,0,-0.18377909064292908,11.339033126831055
2117,RNF2,"RNF2, ZC3H7B, ATG4D, B3GALNT2, ERCC8",0.0017568696347828815,6.67331075668335,5,6,-2.257453680038452,11.426857948303223
2118,ATP5MC3,"ATP5MC3, MGST3, PLP2, SLC39A9, ELK3",0.009122584794450174,9.676268577575684,1,1,0.21905161440372467,11.341289520263672
2119,EML4,"EML4, GNAI2, TAOK1, DNAJC14, ABCD4",0.04852077851285691,9.87863540649414,1,3,0.9210438132286072,13.319046020507812
2120,ZBED4,"ZBED4, IRGQ, ZBTB8A, CAPN15, MKNK1",0.010755924533037385,7.602184295654297,0,3,-3.23050594329834,10.743144989013672
2121,CCNY,"CCNY, PPP1R18, GADD45GIP1, PCBD1, SCARB2",0.00045294295271746163,3.090341329574585,5,3,1.1495579481124878,13.777874946594238
2122,TUBB4B,"TUBB4B, ELF1, SDCBP, ATRX, PRDX6",0.0017460852787657992,7.258484363555908,14,8,-0.1308695673942566,8.941627502441406
2123,ZNF146,"ZNF146, PPIE, ARFIP1, CRK, IPO5",0.004105898454503743,5.255255222320557,8,0,2.2537994384765625,10.706191062927246
2124,GRPEL1,"GRPEL1, GTF2A1, SMS, KRIT1, NME1",4.4117820069882625e-05,1.726595401763916,7,4,3.853487491607666,11.742206573486328
2125,MCRIP1,"MCRIP1, WDR20, C6ORF62, METTL5, GCSH",2.2549108035717786e-05,2.3941454887390137,2,8,0.6628177165985107,14.692713737487793
2126,GABARAPL2,"GABARAPL2, CCS, CPOX, BANF1, KLHL42",0.006739242114674959,4.044764995574951,1,5,3.5497801303863525,10.261496543884277
2127,VEZT,"VEZT, SLC12A2, F2R, PIBF1, SDCCAG8",0.02472460676316378,8.461970329284668,1,4,3.703960657119751,11.95538330078125
2128,RAB7A,"RAB7A, ROCK2, GNB1, RAP2C, STX16",4.509821607143557e-05,2.232149124145508,10,4,1.633158802986145,13.522104263305664
2129,KPNA4,"KPNA4, SHTN1, EIF3D, COP1, CDC20",0.00533237385244648,11.498385429382324,0,3,-0.9131285548210144,11.069314002990723
2130,ASB3,"ASB3, HNRNPUL2, AP1B1, ZNF292, PDZD8",0.009907881991694085,7.3722686767578125,4,0,0.42120739817619324,9.783126831054688
2131,ZNRF1,"ZNRF1, GPN3, ENTPD4, SDHA, PAF1",0.012088282699147839,11.527714729309082,3,6,-3.039088249206543,12.37212085723877
2132,RAB8A,"RAB8A, RAB14, SPEN, PSMD1, NDUFA10",0.0012029458939054663,3.4340152740478516,17,4,3.0133628845214844,10.076855659484863
2133,<SPECIAL>,"<SPECIAL>, HMGCS1, SRM, ZMYND19, TFRC",0.0011284357977874423,72.64617919921875,17,2,3.6382296085357666,11.912525177001953
2134,JTB,"JTB, EIF3L, ZRANB3, TUBB4B, CDKN2AIP",0.0038715838101325887,7.415782451629639,0,6,-1.5563980340957642,11.729620933532715
2135,SAE1,"SAE1, NSMCE4A, MAPK1IP1L, PAF1, SLAIN2",0.0011647104498449014,3.1517529487609863,5,6,0.4928607642650604,13.896627426147461
2136,TAB2,"TAB2, TJP2, DOCK7, MKNK2, ARMC8",0.020050078627759326,7.080465793609619,0,4,2.4318346977233887,10.031067848205566
2137,FGFRL1,"FGFRL1, FECH, PET117, CAPN10, DDX59",0.00510296118808309,4.8364763259887695,0,3,0.9643834233283997,14.227669715881348
2138,FKBP5,"FKBP5, KANSL1, NUP153, N4BP2L2, UBR3",0.010820630669139878,12.813499450683594,12,0,-1.300968050956726,12.533235549926758
2139,NDUFAB1,"NDUFAB1, PKN2, SMC6, SDCCAG8, RNASEH2B",0.0051735497001949024,5.279891014099121,10,3,2.7152888774871826,12.686501502990723
2140,RBM42,"RBM42, RIOX2, FAM193A, SNRNP40, CSNK2A1",2.3529504037270734e-05,2.5430612564086914,20,6,3.153839588165283,9.431256294250488
2141,MFSD8,"MFSD8, WDR75, PACSIN3, CCDC117, GDAP2",0.0008009835332687579,4.149853229522705,0,1,0.006736159324645996,14.575568199157715
2142,MORN2,"MORN2, NAT10, MALSU1, SRPRB, LDB1",0.002748049992352911,19.580524444580078,3,7,4.218758583068848,8.526185989379883
2143,CETN2,"CETN2, THADA, IMMT, YLPM1, HAUS2",0.004493154875117158,9.9906587600708,1,1,-2.2510836124420166,10.437066078186035
2144,DDT,"DDT, MYDGF, GLUL, KMT2A, TMEM35B",8.823564013976525e-05,3.672755718231201,12,8,0.30546462535858154,12.952690124511719
2145,NUBP1,"NUBP1, ALG1, DHX16, HSPBP1, RNF214",0.0015392217224381272,3.588793992996216,0,1,-0.49680614471435547,12.915599822998047
2146,RAP1B,"RAP1B, RNF145, EFR3A, VOPP1, SMDT1",0.0003264718685171314,4.645611763000488,16,3,0.7658085227012634,12.34518051147461
2147,TRAPPC5,"TRAPPC5, ADAR, RBBP6, NDUFC1, IK",0.011989262702990992,5.74849796295166,7,5,3.507575035095215,10.036345481872559
2148,WNK1,"WNK1, WDR3, PLCXD1, MTG2, ERBIN",0.004759822587539559,6.737384796142578,6,6,-0.9655382037162781,13.020013809204102
2149,EIF3M,"EIF3M, STAU2, COX7A2L, PIN1, SRP14",8.039247212734167e-05,2.3888938426971436,18,3,-0.16607359051704407,14.379631042480469
2150,PTGES3,"PTGES3, WASHC1, CYTH2, SNRNP27, CES2",0.007289244271546163,8.088654518127441,0,0,-0.27676770091056824,10.054931640625
2151,EHD4,"EHD4, FUOM, MOSMO, ITGAE, CCDC124",0.0061147298616857325,7.870230674743652,1,8,-0.40092360973358154,9.587778091430664
2152,NELFB,"NELFB, RBBP5, PTRH2, NHP2, ARFGAP3",0.006033356993556838,5.2712507247924805,0,4,3.4545087814331055,11.955370903015137
2153,IRAK1,"IRAK1, NDUFB4, MIDN, ZNF428, KDM2A",0.0010696120376942654,3.1708531379699707,2,4,2.4605772495269775,11.973169326782227
2154,ROMO1,"ROMO1, PSMA7, VPS13C, CLINT1, KRTCAP2",0.009030427570304197,12.32750415802002,8,1,-0.6387045383453369,10.8233003616333
2155,VKORC1L1,"VKORC1L1, ATP5F1D, CREBBP, SF1, RPAP2",0.0031107965129275016,9.440269470214844,10,3,-3.620594024658203,11.261713981628418
2156,VDAC3,"VDAC3, ENO2, NEMF, SSBP3, MAF1",4.705900807454147e-05,2.756726026535034,3,3,-0.3784545361995697,13.64281177520752
2157,LRCH4,"LRCH4, SHC1, NMT2, UBXN2A, ALMS1",0.019382428950701767,9.177749633789062,0,0,0.3595409095287323,9.795476913452148
2158,PSMD8,"PSMD8, NCOR1, STAU2, AGBL5, CDK13",0.010277491284279546,9.240035057067871,4,3,-0.7693793177604675,11.846492767333984
2159,METTL2B,"METTL2B, AMDHD2, FRYL, USP1, JTB",0.007483362679853647,10.844000816345215,0,1,-1.3613643646240234,12.164030075073242
2160,AP2B1,"AP2B1, R3HDM4, PIN4, KIF5B, ARL2",0.004411782006988263,4.402748107910156,16,5,2.528257369995117,11.676617622375488
2161,AZI2,"AZI2, METTL2A, PHAX, DCAF16, SLC25A23",0.01425005588257209,12.046838760375977,1,6,-3.124326705932617,12.194467544555664
2162,TNPO3,"TNPO3, SARNP, DHX30, E2F6, AEN",0.01678437954658646,10.558540344238281,0,6,-2.777120590209961,12.6699800491333
2163,BSCL2,"BSCL2, DHCR7, MACF1, AAR2, CSNK1A1",0.00698532151106475,6.559972763061523,0,1,1.956986427307129,11.460739135742188
2164,CCNY,"CCNY, SCAND1, TCF25, LAMTOR4, EIF3M",0.006235318569876745,11.236686706542969,3,1,-1.4291372299194336,10.958232879638672
2165,GNB2,"GNB2, PI4KA, MYL12B, SUN1, VTI1B",0.00711865536727595,12.186271667480469,2,0,-1.0528690814971924,11.660504341125488
2166,TST,"TST, NSMCE2, TCF7L2, RFX7, CYP20A1",0.06544731547966855,11.13531494140625,0,9,0.7537539601325989,13.888564109802246
2167,STXBP5,"STXBP5, MICU1, MGST3, GCC2, BACH1",0.008276503045109981,10.219635963439941,12,0,0.07995113730430603,11.108134269714355
2168,PARP14,"PARP14, NIN, BACH1, EIF3J, ZNF576",0.002547068812034557,4.834188938140869,8,4,3.149101972579956,12.325114250183105
2169,MIS18BP1,"MIS18BP1, PABPC4, CHURC1, EIF3M, AIP",0.0005186294848215091,3.111337423324585,14,4,0.15026968717575073,12.38150691986084
2170,CHD6,"CHD6, CCT6A, CEP70, NRM, PNPLA2",0.049269801058043364,9.89122486114502,0,3,0.17182904481887817,14.366922378540039
2171,ZMAT3,"ZMAT3, MRPL1, RCAN1, UGGT1, CSTB",5.294138408385915e-05,2.297060251235962,3,3,-1.2688637971878052,13.648382186889648
2172,FBXW7,"FBXW7, LEPROT, NSD3, CHD9, SCAPER",0.003625504413742799,4.205875396728516,17,4,3.464533805847168,12.054489135742188
2173,CDC25B,"CDC25B, EFCAB14, ATG7, CYB561D2, VPS45",0.01506574535586414,10.352458953857422,1,0,-0.30895164608955383,9.723713874816895
2174,AFF4,"AFF4, CEP170, ASXL1, VOPP1, DENND5A",0.04527566774771666,8.344563484191895,0,9,0.36469730734825134,13.38166332244873
2175,MAN1B1,"MAN1B1, THUMPD3, CRTAP, VPS37A, SINHCAF",0.007510813767897129,8.496064186096191,0,1,-2.554823637008667,10.021513938903809
2176,CDKN2D,"CDKN2D, MRPL54, MPC2, ATP6V0A1, PRKDC",6.274534409938863e-05,2.475590944290161,5,3,0.36956557631492615,14.701902389526367
2177,SMAD2,"SMAD2, ZMAT2, BCKDHB, CCNG1, ANXA11",4.313742406832968e-05,2.3840622901916504,16,3,0.12604869902133942,13.042808532714844
2178,SMIM29,"SMIM29, TRRAP, TM2D3, UBE2W, NUDT16L1",0.010852983737191126,7.751670837402344,2,0,1.8147497177124023,10.643506050109863
2179,DDX20,"DDX20, SHQ1, BOP1, ERI1, FTSJ3",0.00012058870819101251,3.2245426177978516,9,6,0.12213034182786942,14.656898498535156
2180,MAPK8,"MAPK8, SSR2, NFE2L2, RRAGA, LUC7L3",0.00602747461754752,9.955208778381348,22,1,-1.3071417808532715,10.716761589050293
2181,PGP,"PGP, PQBP1, GADD45A, TRIR, MED15",0.0006549045290373688,4.14774227142334,13,3,-0.17264500260353088,13.65571117401123
2182,BTG3,"BTG3, GLS, TP53I13, MYO9B, VEZT",0.019917725167549676,8.154404640197754,4,0,1.2701854705810547,10.628268241882324
2183,STK38,"STK38, IER3IP1, LARP7, USP9X, CERT1",0.007886305436491908,5.38877534866333,5,0,2.90794038772583,10.159027099609375
2184,DDIT3,"DDIT3, NR1D2, SLC20A2, OSGIN2, DBI",0.0017911834948372346,3.8744120597839355,0,9,1.4375293254852295,10.916622161865234
2185,MAP1LC3B,"MAP1LC3B, DDT, SYF2, GLG1, PPP2R5C",0.012110831807183557,13.558222770690918,4,3,-1.0824755430221558,10.498764991760254
2186,ARHGAP17,"ARHGAP17, BCAP29, UFL1, KRR1, SMIM29",0.008787289361919066,5.500335216522217,7,9,2.2451064586639404,13.802702903747559
2187,CISD3,"CISD3, TP53I3, CBFB, PKIG, SMC1A",1.7647128027953052e-05,2.3662824630737305,5,1,1.081552505493164,14.003796577453613
2188,UBXN6,"UBXN6, DMAP1, GLT8D1, CLCN3, ARL1",0.00011568672818324778,2.5013229846954346,0,6,1.2375980615615845,12.670604705810547
2189,TSNAX,"TSNAX, ARNT, FPGS, DPM3, ANKLE2",0.012887305440413492,14.48926067352295,0,3,-3.1235437393188477,10.363105773925781
2190,PSMB7,"PSMB7, ZC3H15, CLPTM1L, DEF8, ECSIT",2.843148404503547e-05,2.5477914810180664,2,8,0.6053634881973267,13.333723068237305
2191,SUCLG1,"SUCLG1, TRAK1, STAU1, PPP1R18, PPP6R3",0.0002950991964674371,2.9708986282348633,10,6,-0.0693482905626297,10.827598571777344
2192,FAF1,"FAF1, FAIM, RTRAF, CHEK1, CIRBP",0.0033892289773685387,6.135248184204102,1,3,0.14663642644882202,14.234941482543945
2193,ATP6V0B,"ATP6V0B, SON, WASL, PRPF4B, USP32",5.1960988082306205e-05,2.12079119682312,13,4,1.1778711080551147,11.645513534545898
2194,NAA10,"NAA10, TIMM44, ELAVL1, JPT2, TERF2",0.007981403848642543,8.699503898620605,4,7,4.380979537963867,8.950543403625488
2195,CLIP1,"CLIP1, RFX5, UTP11, TSC22D4, STMP1",0.005928454621390672,9.671209335327148,7,1,-2.7474942207336426,10.17953109741211
2196,EXOC7,"EXOC7, UBE3A, RAP1GDS1, RPN2, TMEM208",0.0006117671049690391,2.9649851322174072,25,0,0.4351768493652344,12.050139427185059
2197,SERINC1,"SERINC1, HDHD2, GRB2, RNF220, TAF7",0.014221624398527054,6.834310054779053,3,6,-0.1841549575328827,12.77882194519043
2198,SERF2,"SERF2, RPL22, ATP5F1E, HNRNPC, RPS10",0.0011264750057843364,4.274511337280273,0,8,-0.3584054410457611,12.574305534362793
2199,TRPT1,"TRPT1, GPR108, DTD1, MYSM1, SLC30A9",0.000576472848913133,5.633630752563477,5,0,0.10535489767789841,11.97464370727539
2200,PPTC7,"PPTC7, KAT2A, PAXX, KIF2C, GPN3",2.058831603261189e-05,1.8567625284194946,5,4,1.2994961738586426,14.23624324798584
2201,MT-CO3,"MT-CO3, ACTB, RPS15, RPS8, RPL12",0.00014803979623449504,2.7830874919891357,0,8,3.6893036365509033,9.671966552734375
2202,RBPJ,"RBPJ, VPS13D, NSMCE2, PTMS, TFDP2",0.009467684186996811,12.796578407287598,10,0,-1.457030177116394,11.781245231628418
2203,TRMT2A,"TRMT2A, TARDBP, GSTM3, CENPA, MT-ATP6",5.490217608696505e-05,1.862020492553711,4,0,3.2984652519226074,9.490392684936523
2204,RIOK1,"RIOK1, PRKCA, KIF14, COX7B, DDX42",0.00038039364860254356,3.5131704807281494,39,1,2.236046314239502,9.957073211669922
2205,TRMT112,"TRMT112, ZNF33B, UBIAD1, USF3, ERP29",0.004975509707881207,6.780585289001465,0,6,0.3630669116973877,14.043603897094727
2206,FTSJ1,"FTSJ1, ACOT13, MRPL46, TMEM120B, ATF7",0.008237287205047863,8.092864036560059,0,3,-2.9680428504943848,11.749175071716309
2207,MRPS18B,"MRPS18B, TYMS, ANAPC13, AMMECR1, PSMA3",5.9804156094729785e-05,1.9454913139343262,4,9,1.404943585395813,14.45048999786377
2208,GPATCH4,"GPATCH4, SUCLA2, COX8A, KDM2A, NEDD8",0.006398064306134534,16.323040008544922,0,0,-2.76623272895813,11.4503755569458
2209,CCDC28A,"CCDC28A, WDR48, ZHX1, CRCP, NAA35",0.010085333667975168,15.894309997558594,0,7,4.089171886444092,8.80263900756836
2210,CNOT8,"CNOT8, BACH1, CDC25B, CDK13, MAX",0.021316750261765733,5.4839301109313965,7,4,2.1718015670776367,11.552421569824219
2211,ATP5F1D,"ATP5F1D, ACTB, LSM6, RPLP2, ARL17A",5.39217800854121e-05,2.095041513442993,0,8,1.077394962310791,13.386072158813477
2212,ERG28,"ERG28, KHDC4, CFAP410, CSTB, ING1",0.00018333405229040115,2.592214345932007,4,1,-1.0106655359268188,12.655941009521484
2213,LSM14B,"LSM14B, VPS37A, TRIM52, AP1AR, RER1",0.011417691834085624,14.744956970214844,4,5,4.09754753112793,9.280912399291992
2214,HMGXB4,"HMGXB4, NUP107, MAGEF1, PIGP, UPF1",0.02003537268773603,10.053919792175293,6,1,-2.8155221939086914,10.61443042755127
2215,PPRC1,"PPRC1, CLCN7, PNKD, NEK2, GOLGA2",0.008818662033968762,18.656766891479492,1,7,4.281076431274414,8.746515274047852
2216,HP1BP3,"HP1BP3, COX5A, TMA7, FKBP5, PCM1",0.004412762402989816,7.904829978942871,17,3,-0.5456912517547607,11.795374870300293
2217,WDR83,"WDR83, PI4K2B, STX2, SUPV3L1, UBALD1",0.0026627555402178047,5.254994869232178,0,1,0.9570395350456238,10.627044677734375
2218,CDKAL1,"CDKAL1, RPL36A, TTC17, TSG101, PLEKHB2",0.002559813960054745,4.393155574798584,1,4,3.2257649898529053,11.919841766357422
2219,PRKDC,"PRKDC, COMT, FAM8A1, FDPS, CDV3",0.006646104494527429,6.943997859954834,0,5,3.9095358848571777,10.477974891662598
2220,STK3,"STK3, HEBP2, CORO1B, HES4, PDIA3",0.012373577935599747,6.836334705352783,5,4,2.7368714809417725,12.230550765991211
2221,PPP2R1A,"PPP2R1A, UBE2N, NME4, ACSL3, BDP1",0.0002480401883928957,3.425894260406494,26,9,3.2696614265441895,10.645065307617188
2222,CCNB1IP1,"CCNB1IP1, SMAP1, MLX, VDAC2, HDAC1",3.5294256055906104e-05,1.7534645795822144,61,4,1.1495946645736694,14.530866622924805
2223,BLOC1S4,"BLOC1S4, ARIH1, XIAP, PMPCB, NFYB",0.024791273691269378,5.384943962097168,15,4,2.458232879638672,11.440807342529297
2224,RNPS1,"RNPS1, MRPS16, VPS28, UFC1, SEPTIN9",0.008786308965917514,11.916055679321289,8,3,-0.7428003549575806,11.221649169921875
2225,TM7SF3,"TM7SF3, USP12, MRFAP1, ARHGDIA, PIP4P1",0.0023264797116851438,6.766443252563477,1,0,2.4441425800323486,10.705169677734375
2226,MRPS27,"MRPS27, PWP1, MRPL12, TMEM205, RAB3GAP2",9.313762014753e-05,2.187509775161743,3,3,0.8642061948776245,13.92003345489502
2227,ANKRD54,"ANKRD54, INTS1, TTF2, ZNF12, DPP3",0.00015882415225157746,4.418549537658691,6,5,3.086768865585327,10.372169494628906
2228,LPCAT3,"LPCAT3, EDEM1, MTMR4, SMARCD2, EIF2B2",0.0031921693810563964,4.685441970825195,0,3,1.1503814458847046,10.908891677856445
2229,CKLF,"CKLF, RNF220, TMEM63A, PSMB5, SIVA1",0.0010735336217004773,5.573731422424316,26,3,-3.2503676414489746,10.917805671691895
2230,RHOG,"RHOG, LRRFIP1, BMPR1A, CHMP1B, MGA",0.020952042949188034,8.152609825134277,9,4,3.48008131980896,12.381999015808105
2231,PIK3CB,"PIK3CB, PCIF1, DPP7, MYH10, POLR2J3",0.00041568790465844964,4.7589263916015625,3,8,0.298613041639328,13.933976173400879
2232,NFATC2IP,"NFATC2IP, MRPS23, SLC39A7, CIAO2B, PPIG",0.004466684183075228,8.064749717712402,21,0,-2.362234354019165,10.481221199035645
2233,LAPTM4B,"LAPTM4B, PPP1CC, STAT6, RHEB, CNOT4",0.0017794187428185992,3.5005874633789062,16,9,-0.1662100851535797,13.131241798400879
2234,GNA12,"GNA12, TRAPPC2B, RRAGC, FBXO9, RACK1",1.9607920031058947e-05,1.8505052328109741,0,6,-0.9264051914215088,13.28620719909668
2235,CASP6,"CASP6, ACSL3, SNX9, HDAC1, PHIP",0.0023941270357922973,10.688660621643066,26,1,-2.113805055618286,10.994436264038086
2236,FBXW7,"FBXW7, SERP1, GOT2, SNX2, UXT",0.005868650465295942,9.200591087341309,0,1,-1.1689162254333496,11.368098258972168
2237,PSMF1,"PSMF1, RHOQ, CHKA, TNRC18, BLOC1S2",0.02235008764740254,8.203394889831543,0,9,1.2124494314193726,10.697702407836914
2238,POLR2J3,"POLR2J3, WDR55, PPP1R8, ZNF580, ADPGK",0.01924615390648591,5.021559715270996,0,5,4.214423179626465,11.0650053024292
2239,FDPS,"FDPS, SNRPC, ATP11B, NSD3, ARF1",0.0071451260593178795,12.061430931091309,1,6,-2.353820562362671,12.629859924316406
2240,GOLGA5,"GOLGA5, CPSF2, GTF3C5, EHMT2, AKAP17A",0.012569657135910337,8.430635452270508,0,1,-2.0780467987060547,11.610456466674805
2241,LY6E,"LY6E, RPL23, SET, MTA2, RBM42",0.0005166686928184032,4.161699295043945,8,8,2.4552884101867676,11.897692680358887
2242,GTF3A,"GTF3A, CDT1, ILF2, GPBP1, KLHL8",0.009679449723332248,9.070941925048828,2,4,4.192652225494385,11.224419593811035
2243,PEX14,"PEX14, RRAGA, PDLIM7, TMEM141, SKIL",0.029673645779003055,8.953601837158203,4,5,3.0468392372131348,9.665082931518555
2244,PSMG1,"PSMG1, HAUS4, ZNF644, CDK17, METTL9",9.705920415374178e-05,2.207634687423706,10,1,1.5411611795425415,12.66568374633789
2245,DMAC2L,"DMAC2L, MED15, GGPS1, VAMP7, MRPL52",0.0001803928642857423,2.4405369758605957,1,1,0.057136885821819305,11.938962936401367
2246,CASP2,"CASP2, XBP1, BIRC6, ORC5, WASHC5",0.007983364640645649,15.181829452514648,5,1,2.034822702407837,12.639720916748047
2247,TNPO1,"TNPO1, TBRG4, MOB1A, OGT, SPART",6.862772010870631e-05,2.284982204437256,8,1,0.8073685169219971,11.72700023651123
2248,SPC24,"SPC24, MRPL40, TIMM8A, KIF14, SKA3",2.450990003882368e-05,1.9142849445343018,6,5,3.0088562965393066,9.273390769958496
2249,DDX5,"DDX5, CALM2, UBC, MT-CO3, RPL19",0.0006382377970109687,6.652141571044922,0,8,-0.0662686675786972,8.799163818359375
2250,RBM39,"RBM39, UQCRQ, GNG5, WSB1, ZMYM6",0.008702975305785513,7.057558059692383,0,9,1.6447196006774902,10.842690467834473
2251,TUBA1C,"TUBA1C, CMIP, SMAP2, CBFB, CERT1",7.4510096118024e-05,2.7315120697021484,7,8,1.0682220458984375,14.101288795471191
2252,TNPO1,"TNPO1, DSN1, HEXD, KNTC1, PPHLN1",0.0006598065090451335,3.142542839050293,0,1,0.9639968276023865,13.099172592163086
2253,JUN,"JUN, CALM2, COX6A1, RNPC3, UBB",0.005111784752097067,9.718430519104004,24,3,-0.14807061851024628,11.203033447265625
2254,POLDIP2,"POLDIP2, CDKN1B, CORO1B, CHURC1, CSNK2A1",0.005830415021235377,11.373167037963867,3,6,-3.55024790763855,11.521003723144531
2255,BLVRA,"BLVRA, CRBN, GNAI3, CNTRL, MORF4L2",0.006289240349962157,7.557883262634277,13,9,1.9197704792022705,13.244800567626953
2256,ISCU,"ISCU, RSRC2, ITPRID2, ARMC1, UCHL3",2.549029604037663e-05,2.335707187652588,0,1,0.906579852104187,14.129108428955078
2257,BCL7B,"BCL7B, CLK3, INO80, RTTN, FCGRT",0.0019029486390142705,4.176299571990967,7,0,0.08022607117891312,13.888792991638184
2258,WRAP53,"WRAP53, PIGL, PRPSAP2, NSMCE4A, PAF1",0.0022196165475158727,3.7141482830047607,1,3,0.6648680567741394,13.309350967407227
2259,RNF168,"RNF168, ATAD1, C19ORF25, FANCI, DHX37",0.007017674579115996,7.629952907562256,8,3,-3.10916805267334,10.184473991394043
2260,DIS3,"DIS3, DDX39A, OTUD4, FASTKD5, ACSL3",0.0030225608727877363,7.2866902351379395,33,1,-2.200223207473755,11.167545318603516
2261,ZDHHC6,"ZDHHC6, RETREG2, MRPL19, BANP, CEBPG",0.009063761034356998,9.17710018157959,2,3,-3.4164464473724365,11.13803768157959
2262,VPS13C,"VPS13C, NDUFS6, CDCA7, FKBP1A, NABP1",5.000019607920031e-05,2.3763234615325928,2,4,0.878343403339386,13.46712875366211
2263,NECAP1,"NECAP1, TNRC18, TP53I3, RRAGA, ZBTB44",0.08562680637963287,12.863518714904785,0,6,-0.3383057415485382,14.37984561920166
2264,NIT1,"NIT1, ESS2, ARFGAP3, CRELD2, FGD6",0.010610825924807549,10.576607704162598,5,1,-2.5314245223999023,10.05022144317627
2265,CYP20A1,"CYP20A1, TUT7, CCDC28A, UBR5, HCFC1R1",0.021060866905360413,8.045149803161621,0,9,2.1760051250457764,10.027612686157227
2266,AP2M1,"AP2M1, MACF1, MTHFD1L, MBD4, EMG1",0.004203938054659038,10.054162979125977,5,3,-2.9974281787872314,12.339402198791504
2267,UCHL3,"UCHL3, GOLGB1, CDC37, CLSPN, DDIAS",1.8627524029506e-05,2.116492748260498,6,5,4.0835466384887695,9.561673164367676
2268,RER1,"RER1, BOD1L1, MED10, EXOC5, SLC38A6",6.470613610249452e-05,2.3468070030212402,0,3,1.0995454788208008,14.065731048583984
2269,HAUS8,"HAUS8, MAP1S, FAM98B, AMDHD2, MTG2",0.00022647147635873082,2.7877001762390137,0,1,2.3837833404541016,10.100915908813477
2270,ZBED4,"ZBED4, HNRNPK, BICD2, USP24, LAMTOR3",0.00019607920031058945,2.494971990585327,4,3,0.4337042272090912,12.023900985717773
2271,C9ORF40,"C9ORF40, IDH3B, SLC25A4, ERCC3, RPL35",6.568653210404746e-05,2.431684970855713,30,9,1.2087411880493164,11.921277046203613
2272,ATP5PF,"ATP5PF, ATP1B3, NAMPT, BCKDHB, COG1",0.0040627610304354135,4.377954483032227,7,4,2.7469708919525146,12.567521095275879
2273,ABHD2,"ABHD2, XRN1, RBM6, MAX, DYRK1A",0.017865756336299356,5.246075630187988,10,4,2.922679901123047,12.2949800491333
2274,SMC1A,"SMC1A, PFDN6, TMEM183A, DPY19L4, STXBP3",4.313742406832968e-05,1.9676311016082764,9,9,-0.004640575032681227,12.08979320526123
2275,SAYSD1,"SAYSD1, UCHL5, AKIRIN1, DESI2, ACAT2",0.00013529464821430672,2.152597665786743,0,3,0.7109736800193787,12.915560722351074
2276,ATF6B,"ATF6B, RALA, RPS13, THOC2, TPX2",0.00388530935415433,6.077574729919434,12,5,4.1449151039123535,9.617314338684082
2277,NIT1,"NIT1, CDK2, TMEM35B, FLAD1, ARPC5L",0.00035000137255440216,2.7497916221618652,2,1,-1.6090904474258423,10.256107330322266
2278,SAMD1,"SAMD1, ASPSCR1, PAK1IP1, UBALD2, PPP6C",0.0056823752250008824,9.851908683776855,3,1,-2.1951804161071777,10.45959758758545
2279,ESF1,"ESF1, SUMO1, GTF2I, MRPL51, TPGS1",0.0017205949827254225,8.204931259155273,2,3,-3.0070035457611084,10.802288055419922
2280,ANKRD54,"ANKRD54, GCN1, APOOL, C6ORF47, ALKBH4",3.9215840062117894e-05,2.306466579437256,0,3,0.9445874691009521,12.126038551330566
2281,RUFY3,"RUFY3, ZNF280D, IFI35, TBC1D22A, ARL6IP5",0.034983470523413815,8.282054901123047,7,9,-0.22492924332618713,12.323606491088867
2282,NUDT5,"NUDT5, TBC1D4, TACC3, ALG13, EEF1E1",7.745128412268283e-05,2.2961294651031494,7,3,2.5508759021759033,11.165760040283203
2283,C12ORF57,"C12ORF57, PKP4, RBM6, GRN, COX14",0.003769622625971082,3.2824249267578125,7,4,2.842672348022461,11.590303421020508
2284,ASXL1,"ASXL1, SIN3A, CALU, APOO, SPATS2",0.00803042364872019,9.635160446166992,1,1,-2.553236961364746,10.547704696655273
2285,KAT7,"KAT7, KBTBD2, STK3, TOP3A, ORC4",0.01415103588641524,14.394540786743164,0,1,-0.005191484931856394,11.266838073730469
2286,PCM1,"PCM1, ADD3, ARHGEF12, NDUFB2, COPS9",0.0009049055094333703,3.4002528190612793,4,6,-2.532684803009033,12.692699432373047
2287,CDCA2,"CDCA2, TRAPPC10, LIAS, NT5DC1, PNKD",0.007619637724069506,9.754300117492676,0,3,-3.0671465396881104,11.382258415222168
2288,MRPL36,"MRPL36, ZNF746, PSMD11, SOX12, ZNF771",0.0028568739485252885,18.52303123474121,1,7,0.5072522759437561,13.9777193069458
2289,DDX1,"DDX1, MLXIP, URM1, THAP11, FANCL",0.01071082631696595,6.838784217834473,2,1,-0.4999310374259949,12.191246032714844
2290,MRPL22,"MRPL22, LAMP1, SEPHS2, ARV1, RBM7",1.2745148020188314e-05,1.9923876523971558,4,1,0.7498746514320374,12.660019874572754
2291,MT2A,"MT2A, ERC1, IER3, OXR1, HSPA8",0.001378436778183444,10.076126098632812,1,8,-0.11922124028205872,8.833145141601562
2292,CDCA4,"CDCA4, SLC25A38, NEK7, EXT2, DENND10",0.019236349946470378,8.084512710571289,0,6,0.5841723084449768,10.505613327026367
2293,MKRN1,"MKRN1, GRWD1, SSX2IP, PEX26, WIPI2",0.00015000058823760092,2.0333824157714844,8,4,1.655966877937317,13.91957950592041
2294,TSPYL4,"TSPYL4, SYVN1, ELMOD3, METTL21A, OSGEP",0.006741202906678065,7.257734298706055,0,6,-2.180913209915161,11.168946266174316
2295,RPL15,"RPL15, RPL9, MT-ND3, MT-ATP6, RPS9",2.843148404503547e-05,2.141139507293701,0,8,4.061473369598389,9.419055938720703
2296,TAF1D,"TAF1D, ITSN1, CSNK2B, GOSR1, PSMC5",0.0026117749481370514,6.123770236968994,2,0,-0.49115991592407227,10.415059089660645
2297,NDUFA12,"NDUFA12, GNB2, NFATC3, IER2, EMD",0.00013431425221275376,2.9171104431152344,8,1,0.15022526681423187,13.989334106445312
2298,TMED10,"TMED10, AEN, MCM6, HDDC2, SNAPC5",3.9215840062117894e-05,1.7805917263031006,0,6,2.914935350418091,9.367156982421875
2299,TUBGCP2,"TUBGCP2, ABHD11, USE1, ISCA2, FLII",0.013259855921003611,6.744946479797363,0,5,3.3129591941833496,9.500731468200684
2300,REEP5,"REEP5, NDUFB3, HMG20A, UTP23, NBEAL1",0.004429429135016216,9.139344215393066,1,6,-2.5622751712799072,12.217732429504395
2301,CHD1,"CHD1, IER3IP1, APC, VPS37B, THOC1",6.372574010094157e-05,2.15579891204834,4,1,-0.8614839315414429,11.967641830444336
2302,ZNF384,"ZNF384, AP5M1, ZBTB17, TARBP2, RSAD1",0.011467692030164824,6.990066051483154,0,1,0.37431296706199646,10.593575477600098
2303,ERCC6,"ERCC6, FGFRL1, NUP155, PACSIN2, COPS3",0.009974548919799686,8.063129425048828,0,3,-3.0343284606933594,10.482951164245605
2304,SDCBP,"SDCBP, SAR1A, CUTA, TAX1BP1, MBNL2",0.0043598210189059565,7.20369815826416,7,8,-1.4080381393432617,10.398848533630371
2305,PLCXD1,"PLCXD1, FAM98A, PHF13, CENPA, GTF3C3",0.005391197612539657,5.248145580291748,0,1,-1.7538033723831177,11.351203918457031
2306,C15ORF40,"C15ORF40, TMEM70, ARFIP2, TRIM41, PUS7L",0.010440237020537336,14.573843955993652,1,3,-3.3985702991485596,10.679365158081055
2307,NSRP1,"NSRP1, COMMD4, GNB2, DCTN2, SMC5",0.004842175851670007,3.189631700515747,24,4,2.5043389797210693,13.124227523803711
2308,CREB3,"CREB3, SMARCA1, TMEM167B, ICE2, SDE2",6.666692810560042e-05,2.872453212738037,2,1,-0.8648422956466675,12.6206636428833
2309,CZIB,"CZIB, KDELR1, TAOK1, ENSA, BAD",0.0024049113918093797,8.736706733703613,42,0,1.1508454084396362,13.741074562072754
2310,BRMS1,"BRMS1, NDUFS1, DPY30, GLO1, TOP1",4.117663206522378e-05,1.8812991380691528,12,9,-0.5530731081962585,13.484615325927734
2311,UBE3C,"UBE3C, RHOC, RNASEK, CAPZA2, DDX18",0.011735340138588778,14.409323692321777,0,0,-1.1200746297836304,11.586068153381348
2312,B2M,"B2M, RPS13, TMSB10, RPLP2, RPL10",0.00024117741638202502,12.192207336425781,0,8,3.0587193965911865,11.8897705078125
2313,TSC22D1,"TSC22D1, MTCH1, YBX3, KMT5B, PPIB",0.005930415413393778,11.303577423095703,8,6,-0.3666701912879944,9.638317108154297
2314,MYH10,"MYH10, ARF4, SIRT7, PET100, ZMYND8",0.00013627504421585967,4.34144926071167,0,3,-0.19256004691123962,14.552900314331055
2315,SRP68,"SRP68, PRKDC, TGIF1, MANF, ARHGAP5",0.00571472829305213,10.366742134094238,10,1,-1.3039286136627197,11.258207321166992
2316,BCAP31,"BCAP31, ELOC, ARF4, IMPDH2, PPA1",0.00036862889658390816,3.7006897926330566,1,3,1.5223313570022583,13.941408157348633
2317,SEC61G,"SEC61G, DSTN, HIGD2A, ZNF638, ZNF397",0.011666712418480073,12.575971603393555,0,0,0.9173354506492615,13.197380065917969
2318,REX1BD,"REX1BD, MOB1A, XRN2, MCM7, RB1",0.0016323593425856572,3.161450147628784,10,6,0.7802244424819946,12.2467041015625
2319,NOL11,"NOL11, RRP1B, SCCPDH, MRPS2, CXORF38",0.0070706159631998555,6.3155364990234375,11,5,3.6375484466552734,9.499972343444824
2320,PRR3,"PRR3, ATP6V0E2, DOCK7, NDUFS6, ATPAF2",0.0034137388774073624,4.282289028167725,0,4,0.7915938496589661,10.6886568069458
2321,KLHDC3,"KLHDC3, POLR3E, SCO1, UBXN4, NFKBIL1",5.1960988082306205e-05,1.92463219165802,0,6,-0.9931598901748657,13.62508773803711
2322,DRAP1,"DRAP1, RB1CC1, EWSR1, BUD31, REEP5",0.00010098078815995357,2.5900113582611084,2,6,-0.6766443252563477,12.671305656433105
2323,UQCRC1,"UQCRC1, INO80B, ANKS6, BIN3, ZNF668",0.00020980474433233073,2.503432035446167,0,3,2.6854724884033203,10.194070816040039
2324,STXBP5,"STXBP5, MED13L, NSMCE2, VPS13C, ASAP1",0.024850097451362553,5.530803680419922,10,4,3.040680408477783,11.486579895019531
2325,ANKRD12,"ANKRD12, SLC33A1, TULP4, PSMA3, ARHGAP5",0.005619629880901493,9.138787269592285,7,8,1.0449509620666504,9.992549896240234
2326,PPP2R2D,"PPP2R2D, RABL3, ATXN7L3, ARF3, CDC5L",1.7647128027953052e-05,1.7450867891311646,1,9,1.1925289630889893,12.123867988586426
2327,SPCS1,"SPCS1, AUP1, RNF115, PABPC4, ANKHD1",9.607880815218883e-05,2.4039769172668457,5,9,1.8106974363327026,13.375679969787598
2328,DYNC2LI1,"DYNC2LI1, NF2, ZMAT5, AARSD1, PGGT1B",0.011943184090918003,7.5147175788879395,0,6,-3.2047603130340576,12.265472412109375
2329,VPS26B,"VPS26B, COG6, SMIM27, PTS, PPP1R16A",6.960811611025925e-05,2.3338921070098877,5,0,0.9215277433395386,13.224949836730957
2330,SRSF3,"SRSF3, EEF2, TRIM13, NSMCE2, SHARPIN",0.0018980466590065059,5.362054347991943,3,0,-0.2643528878688812,10.101420402526855
2331,NUB1,"NUB1, RO60, LRPPRC, CLCN3, BTG1",3.5294256055906104e-05,2.337536334991455,24,6,-0.37662267684936523,12.013236999511719
2332,CSNK1G3,"CSNK1G3, UBL5, TIMM17A, SLC39A9, EZR",0.0077372852442558595,11.495766639709473,0,0,-0.38523614406585693,11.025384902954102
2333,ALKBH4,"ALKBH4, BTBD2, CEP152, KLF6, KLHL23",0.00015000058823760092,2.8885440826416016,0,3,0.21154505014419556,14.387323379516602
2334,ALKBH2,"ALKBH2, ANKLE2, SRGAP2C, TRAPPC10, WDR11",0.017422617343597426,6.355332851409912,2,9,1.4709601402282715,12.987933158874512
2335,FNIP2,"FNIP2, EMC6, RAB8A, SPEN, YAF2",0.00826277750108824,4.7793354988098145,1,9,1.601790189743042,10.786757469177246
2336,R3HDM4,"R3HDM4, TTF2, USP48, GTF3C2, BNIP3",0.004203938054659038,10.851606369018555,9,3,-3.6546630859375,11.34472370147705
2337,TBL3,"TBL3, COX15, RNF8, IQCB1, KPNA5",0.002793148208424347,6.338058948516846,4,1,-1.9662754535675049,11.639228820800781
2338,PPWD1,"PPWD1, UBE2O, CXXC1, TMEM101, MED23",0.01769320664002604,7.3036651611328125,0,5,3.191986083984375,9.439725875854492
2339,NUB1,"NUB1, XRN2, RLF, SUGP2, AMFR",0.0004392174086957204,2.5090172290802,23,9,1.159263014793396,10.771233558654785
2340,EPB41L2,"EPB41L2, CCNL1, CAPZB, DAZAP2, CDK17",0.012636324064015938,14.40585994720459,4,6,-0.7512757778167725,11.60055160522461
2341,TMEM80,"TMEM80, ITFG2, ARMCX6, TIMMDC1, PRKAA1",0.0002196087043478602,2.8562920093536377,14,0,1.4849618673324585,13.222210884094238
2342,C19ORF12,"C19ORF12, TMEM123, PSMC1, SUPV3L1, FAM210A",0.006382377970109687,6.560105800628662,1,6,-0.4616434574127197,11.38730525970459
2343,RPS2,"RPS2, RPL29, MT-ND3, FTH1, ATP5F1A",0.0010147098616073004,4.7476677894592285,1,8,1.0890194177627563,14.08520793914795
2344,GPR137,"GPR137, BARD1, PAK4, LMNB2, NOP16",0.009472586167004577,7.913790702819824,0,3,-2.573068380355835,10.04556655883789
2345,MRPL55,"MRPL55, TOMM40, PPP2R3C, SLF1, NDUFS8",0.00040784473664602606,2.899339437484741,0,6,-0.4144284427165985,11.74199390411377
2346,RHOG,"RHOG, POC5, KRTCAP2, HECTD4, RFC1",0.005845120961258671,12.49794864654541,3,1,-1.1184380054473877,11.672579765319824
2347,TMEM219,"TMEM219, GOLGA4, SETD2, CMIP, SDF2L1",0.0008098070972827344,3.0743472576141357,24,1,1.5805002450942993,12.34248161315918
2348,RFC4,"RFC4, PHF14, PDS5A, NDUFA11, UBR5",0.007785324648331954,10.48219108581543,13,6,-2.3430938720703125,12.648577690124512
2349,RNF220,"RNF220, TMED10, CIAO2B, CHMP2A, GNPTAB",0.00010686316416927125,2.7533626556396484,32,1,-1.8977246284484863,11.034154891967773
2350,CYB5R4,"CYB5R4, GALK2, PRDX4, MRPS22, DSCC1",2.3529504037270734e-05,2.1978654861450195,1,1,-0.4139691889286041,13.513544082641602
2351,SRGAP2,"SRGAP2, GLRX, RAB27A, COX6C, CDC27",0.0037755050019804,7.176848411560059,9,8,-0.8840712308883667,11.711481094360352
2352,HDAC8,"HDAC8, TANK, CCDC107, HSPA8, BABAM2",0.002413734955823356,7.858547687530518,7,8,-0.26478463411331177,10.012964248657227
2353,PSMB3,"PSMB3, SF3B5, NCOA2, FNBP1, MAN1A1",0.0010627492656833948,3.7254703044891357,0,1,-0.14712069928646088,11.146673202514648
2354,PPIL1,"PPIL1, RGS10, WDR83OS, REEP3, CUTA",0.0067068890466237124,8.874591827392578,2,6,-2.3704535961151123,12.473474502563477
2355,MED16,"MED16, ATF1, DCPS, SLC35C2, MED6",0.005101980792081537,6.212379455566406,0,5,3.3025810718536377,9.862813949584961
2356,NUDT15,"NUDT15, OGFOD3, HNRNPC, THADA, TIMELESS",0.005616688692896835,8.687298774719238,1,1,-1.9455082416534424,10.310364723205566
2357,HNRNPLL,"HNRNPLL, ARL5B, EXOC5, SLC50A1, MRPL1",0.0017803991388201522,3.487609624862671,6,6,2.458759069442749,9.58273983001709
2358,SNRPD2,"SNRPD2, MYNN, PCM1, CAMKK2, P4HB",0.015159863372013223,7.676429271697998,8,5,3.670299530029297,9.900196075439453
2359,SMAP2,"SMAP2, CMIP, CSNK2B, TUBA1C, TUBB2A",0.012361813183581111,6.745901584625244,0,4,4.452879428863525,11.46181583404541
2360,NDUFA1,"NDUFA1, CCDC88A, CHD9, UBE2O, HTRA2",0.009170624198526269,9.56826400756836,0,0,-0.2564230263233185,10.052947998046875
2361,VDAC2,"VDAC2, ACTR2, CSNK1A1, RNPC3, STOML2",0.008594151349613137,6.214244365692139,0,4,4.433584690093994,11.656326293945312
2362,CLPTM1L,"CLPTM1L, CKS2, POLR2B, ATM, MLLT6",0.008375523041266828,11.932927131652832,20,3,-0.2757439613342285,10.77000904083252
2363,EMC3,"EMC3, BLVRB, MARCKSL1, ANKRD17, FBL",0.0022176557555127667,8.413712501525879,5,6,-0.6703796982765198,13.792315483093262
2364,CD99,"CD99, MBNL1, TLE4, HECTD4, TBCB",0.009195134098565092,4.086253643035889,11,4,2.493915319442749,11.7310152053833
2365,PSMD8,"PSMD8, CD164, BTBD7, GALNT2, ATF6",0.0005980415609472978,6.213960647583008,2,6,-1.198315978050232,12.281554222106934
2366,RNASEH2C,"RNASEH2C, SMARCE1, TRMT2A, FBXW2, CDC45",6.666692810560042e-05,3.0751452445983887,2,3,1.2621557712554932,13.683714866638184
2367,NDUFA12,"NDUFA12, RAB11A, ARPC4, ZMYND8, IMPDH2",0.0006647084890528983,4.076375484466553,19,3,1.8732624053955078,13.024800300598145
2368,MVB12A,"MVB12A, RFK, RBM45, TIMM29, TIMM44",0.005306883556406104,8.888781547546387,0,7,4.203075885772705,9.02364444732666
2369,PHKG2,"PHKG2, AMMECR1, WRAP73, MIER1, PEMT",0.008077482656794732,10.955825805664062,4,1,-1.8873646259307861,10.790582656860352
2370,CSNK2A2,"CSNK2A2, ZNFX1, ORC6, CHPT1, ODC1",8.823564013976526e-06,2.8556511402130127,13,5,3.9328205585479736,9.338810920715332
2371,UBR2,"UBR2, GUK1, NT5C, ZNF638, HERC1",0.00014117702422362442,2.5616579055786133,10,3,-2.8865344524383545,11.853038787841797
2372,PIK3C2A,"PIK3C2A, TFCP2, TIA1, WBP2, USP48",0.008554935509551017,6.748611927032471,12,9,2.6371219158172607,10.636842727661133
2373,SLC30A5,"SLC30A5, PGS1, FAM76A, DHRS4, INSIG2",0.010740238197012537,10.214583396911621,1,3,1.9762294292449951,11.87251091003418
2374,MAPK12,"MAPK12, ZNF777, PIK3R2, STK32C, ENTR1",0.00011176514417703599,2.675299882888794,9,7,2.261810779571533,13.223711967468262
2375,FBRS,"FBRS, RPL36A, TMEM129, TIMM23, MT-ND5",0.011871615182804638,10.412965774536133,0,1,3.2401537895202637,11.613489151000977
2376,TMEM138,"TMEM138, MFN1, GTF2I, SRRM1, BAZ1A",0.0015686336024847156,11.890534400939941,3,1,-2.1994214057922363,11.050976753234863
2377,GABPB1,"GABPB1, TIMM29, DDX55, LAMTOR3, GTF2B",0.009951019415762414,12.170295715332031,0,3,-3.475945234298706,11.279596328735352
2378,DUSP12,"DUSP12, AP5B1, CHCHD4, CTU2, KATNAL1",0.015242216636143672,8.75744342803955,9,1,-2.623689889907837,10.235915184020996
2379,SNX27,"SNX27, BSDC1, MANBAL, BICD2, ZXDC",0.0023578523837348383,4.162051200866699,0,3,1.4575046300888062,12.489236831665039
2380,SNX5,"SNX5, NDUFA7, TK1, SPG7, MRPS6",1.8627524029506e-05,2.135347843170166,0,9,0.8676177263259888,12.358728408813477
2381,CHD2,"CHD2, CIT, EZR, KDM2A, AFF1",0.0042147224106761205,5.434433937072754,3,4,2.4751412868499756,11.740968704223633
2382,RNF220,"RNF220, PPP1CB, VASP, BCLAF1, CHMP2A",5.000019607920031e-05,2.8103837966918945,5,8,0.7809128761291504,12.252910614013672
2383,GRHPR,"GRHPR, RAF1, CLOCK, TRIP11, HSD17B4",0.0073647347636657395,5.120759963989258,0,9,1.3736978769302368,12.608222961425781
2384,ZNF32,"ZNF32, RAB2A, TMEM14A, CD59, CHAC2",0.012197106655320217,6.643100738525391,5,0,1.4214509725570679,10.221064567565918
2385,FLCN,"FLCN, GTF3C6, RBBP4, PDIA4, METAP2",6.078455209628273e-05,2.2591238021850586,1,6,0.14314861595630646,12.371260643005371
2386,VAMP3,"VAMP3, DCAF13, ZNF622, SDF2, CFDP1",0.012112792599186663,6.419161796569824,2,3,0.048709020018577576,14.700370788574219
2387,INCENP,"INCENP, SNAPC4, C9ORF40, GTF2H4, EEF1AKMT4",0.011563770838317012,9.904228210449219,0,5,2.400393486022949,9.027666091918945
2388,<SPECIAL>,"<SPECIAL>, HMGCS1, TFRC, HLA-C, SRM",0.00115098490582316,71.7522201538086,23,2,-0.9373911619186401,11.740466117858887
2389,TLE5,"TLE5, COMT, EWSR1, DDX3X, TMOD3",0.00044902136871124987,2.406327247619629,5,4,2.7511777877807617,12.128384590148926
2390,LAMTOR1,"LAMTOR1, NKTR, EIF1AX, JTB, HIGD2A",0.0008794152133929937,6.361522197723389,0,8,-1.9755085706710815,12.309004783630371
2391,TMEM203,"TMEM203, SSBP4, CAPN1, NPAT, GOPC",0.00022647147635873082,2.5216758251190186,9,9,1.3324462175369263,12.238035202026367
2392,PLEKHF2,"PLEKHF2, WHAMM, AGO2, SPRED2, CCNB1",0.00019411840830748357,3.3363940715789795,5,3,-0.6058376431465149,13.973066329956055
2393,<SPECIAL>,"<SPECIAL>, HMGCS1, TFRC, SLC20A1, SNRPC",0.0011588280738355837,71.4946517944336,14,2,0.9658327102661133,10.791929244995117
2394,SLC6A6,"SLC6A6, ZNFX1, PDXDC1, RPS6KA3, FOXJ3",0.021796163906525123,9.196002960205078,0,9,2.1044342517852783,10.148123741149902
2395,EFHC1,"EFHC1, CXORF38, PCMTD2, DEDD, NRDE2",0.03448444895862337,7.150549411773682,0,0,0.20066939294338226,13.303313255310059
2396,ADAM10,"ADAM10, SMDT1, YTHDF2, ACTN1, TERF1",0.0025000098039600154,6.033346176147461,5,3,0.4384787380695343,11.685953140258789
2397,TARDBP,"TARDBP, TFDP2, DNAJC8, BAZ1A, SELENOK",0.004277467754775509,12.216819763183594,0,0,-1.3405485153198242,11.578283309936523
2398,EGLN1,"EGLN1, RHNO1, HSD17B4, CYB5R3, WRAP53",0.00982945031156985,5.672069072723389,3,5,2.865785598754883,9.940104484558105
2399,SLC25A17,"SLC25A17, FAU, BCS1L, EXOSC3, RPL32",5.000019607920031e-05,2.008096933364868,1,5,3.0793910026550293,9.75684928894043
2400,USP6NL,"USP6NL, MYL12B, MAP4K5, RHNO1, USP12",0.012805932572284597,7.306793689727783,0,0,-0.1698969304561615,10.264371871948242
2401,RWDD1,"RWDD1, RRP7A, ATP5MF, TSSC4, PDCD4",3.5294256055906104e-05,1.860156774520874,28,4,2.3657100200653076,13.156169891357422
2402,CLIC4,"CLIC4, ATM, ZNF749, NDUFB2, TMED9",0.009541213887113284,11.202098846435547,26,0,-1.2563594579696655,10.689403533935547
2403,CHCHD6,"CHCHD6, CIAPIN1, NOM1, NUDCD1, TRMT2A",0.00022058910034941314,2.8890931606292725,6,5,1.7502110004425049,12.173016548156738
2404,RALB,"RALB, STARD3NL, KLHL23, DPH3, HLTF",0.0005637277008929447,3.6162407398223877,6,3,-3.1813955307006836,10.875066757202148
2405,TUBE1,"TUBE1, ZFYVE21, RBM3, SNRPB2, PPP1R37",0.0032823658131992672,4.695615768432617,0,6,0.2989725172519684,10.71396541595459
2406,ALYREF,"ALYREF, SDHD, DCAF8, CPSF6, TMEM87A",0.00017058890427021283,2.3581292629241943,8,3,-2.9522945880889893,10.203988075256348
2407,MCM4,"MCM4, AP3M1, EXOC3, NSUN2, ERVK3-1",0.006353946486064651,6.519290924072266,1,6,2.8080103397369385,9.550684928894043
2408,SUPT6H,"SUPT6H, EXOC5, FANCL, BCAS2, NISCH",0.007670618316150259,6.501285552978516,1,0,0.09142502397298813,10.382462501525879
2409,ING5,"ING5, WHAMM, PIKFYVE, JOSD2, KLHL18",0.014199075290491336,5.05972146987915,0,9,2.2991271018981934,11.26479721069336
2410,ZNF207,"ZNF207, RASA1, SLC38A1, DCTN3, CCT2",0.1237955835120922,13.800929069519043,0,0,-0.18288156390190125,11.937368392944336
2411,MYL12B,"MYL12B, CDK13, EPC1, HIPK2, SPTAN1",0.0016578496386260339,3.551438331604004,24,4,2.0217344760894775,10.081371307373047
2412,MXI1,"MXI1, RPL23, MYDGF, RXYLT1, FHOD1",2.450990003882368e-05,2.476041078567505,1,0,0.509901225566864,11.754303932189941
2413,ZC3H4,"ZC3H4, CAAP1, NAT9, AAMP, TIMM8B",0.0014362801422750677,3.789795398712158,0,6,-0.5018236637115479,13.086109161376953
2414,B2M,"B2M, RPL35A, RPL34, RPS8, RPS27",6.666692810560042e-05,3.9648900032043457,0,8,-0.43749523162841797,13.30489444732666
2415,ATXN2,"ATXN2, HDAC7, DDOST, RREB1, ZFAND6",0.023043227620500473,8.935128211975098,3,9,2.1932437419891357,10.0716552734375
2416,SMDT1,"SMDT1, PRXL2A, PPCS, ATP6V1H, CCNB1IP1",0.0034882489735253864,2.8043038845062256,5,4,2.966167688369751,11.645018577575684
2417,GEMIN4,"GEMIN4, LRP8, SMG9, RTKN2, SRD5A3",0.0006598065090451335,4.244977951049805,0,5,3.911846399307251,9.098852157592773
2418,TMED3,"TMED3, NCOR1, PTMS, BLVRB, SSBP4",0.005852964129271095,10.850125312805176,15,3,-3.6386308670043945,11.145892143249512
2419,URM1,"URM1, ISCA1, MT-ND6, SOD2, CTSC",0.004256879438742897,11.366819381713867,19,1,-2.2150464057922363,10.419866561889648
2420,MRPL40,"MRPL40, RBL1, HDAC2, ZNF770, AP2A1",0.00858924936960537,9.411977767944336,10,5,4.085659027099609,9.60863971710205
2421,HERC4,"HERC4, SUPT3H, ISG15, ATP2B1, ST13",0.0010647100576865007,5.870896339416504,10,8,-1.5472444295883179,10.338374137878418
2422,RPUSD4,"RPUSD4, QTRT2, CDC37, WRNIP1, CYSTM1",0.0002509813763975545,2.67130970954895,0,5,3.1878862380981445,9.419894218444824
2423,IER2,"IER2, SRSF5, SNTB2, FAF1, MYCBP2",0.008763759857881796,8.999595642089844,11,0,-0.24977056682109833,10.220681190490723
2424,AFF1,"AFF1, KMT2E, CMTM6, CHD6, TMEM98",0.0086490535257001,15.771625518798828,2,3,-3.1621761322021484,11.165457725524902
2425,WASHC3,"WASHC3, WRAP53, RNF11, SMIM29, CDC42SE2",0.04245408805524727,11.438920974731445,0,3,1.009230375289917,13.538297653198242
2426,CEBPZ,"CEBPZ, DIAPH1, TMEM63A, ACAA2, PAQR4",0.011421613418091836,8.195250511169434,8,1,-1.8898283243179321,10.621749877929688
2427,RPS18,"RPS18, RPS8, CST3, RPS19, RPL26",0.00011568672818324778,4.22230863571167,1,8,1.0138018131256104,13.977975845336914
2428,ACTN1,"ACTN1, SRFBP1, BDP1, ENOSF1, CDK6",0.0031294240369570078,7.553308963775635,19,1,-1.909482479095459,11.49395751953125
2429,NR1D2,"NR1D2, ALG13, EID2, PAXBP1, BDH2",0.00024215781238357798,5.263280391693115,5,3,1.6543428897857666,10.680329322814941
2430,UBE2D3,"UBE2D3, BORCS5, SLC25A26, CD63, DPP8",0.0093637622108322,12.298664093017578,0,0,-0.7285622954368591,11.556462287902832
2431,HOOK2,"HOOK2, ATP6AP1, CHM, STXBP3, ARF6",0.05770708904740803,12.641797065734863,1,1,0.7599722743034363,13.004181861877441
2432,PPIL2,"PPIL2, CMTR2, TMEM222, DEF8, DYRK4",0.0029460899846666063,5.096928596496582,0,3,1.0130822658538818,10.08405590057373
2433,GET1,"GET1, EFHC1, RABIF, PAXX, UNK",0.004449037055047274,5.8703083992004395,0,1,-3.2214202880859375,10.904791831970215
2434,TRUB2,"TRUB2, DCXR, RNASEH2C, MKNK2, METTL3",0.0011852987658775133,4.348480224609375,1,3,-2.9458470344543457,11.054967880249023
2435,PPP6C,"PPP6C, TARDBP, ARHGAP12, NAA50, VPS13C",0.0016284377585794455,3.1612915992736816,4,9,1.7206284999847412,10.538084983825684
2436,GPI,"GPI, SYPL1, TUBA1B, ESYT2, FH",0.0001911772203028247,2.4986212253570557,0,6,-0.478562593460083,13.077497482299805
2437,MIGA1,"MIGA1, ERO1A, KDM4B, ASB8, SLC2A4RG",0.018543209973372443,5.1675639152526855,0,9,0.19765564799308777,13.221358299255371
2438,RAB4A,"RAB4A, KMT2A, SOD1, NIP7, BABAM2",0.00328334620920082,11.047791481018066,24,0,-3.11299467086792,10.240972518920898
2439,MORC3,"MORC3, TUBGCP4, POLR3B, MCM3AP, RXYLT1",2.2549108035717786e-05,1.83000910282135,0,3,0.0402655303478241,14.169204711914062
2440,PPIB,"PPIB, TXN, EPB41, PDLIM5, SCD",0.011138278973643034,13.28138256072998,3,3,-0.692673921585083,10.945444107055664
2441,PAIP2,"PAIP2, NRDC, AP2S1, NIN, KATNBL1",0.0030245216647908422,4.846092224121094,6,6,0.9440566897392273,14.08045768737793
2442,CCDC186,"CCDC186, SLC5A3, PTAR1, XPO4, NUDCD3",0.006257867677912463,6.065922737121582,0,9,1.7425107955932617,10.974431037902832
2443,CCS,"CCS, TRIAP1, ASPM, RBM27, THOC3",0.007110812199263527,12.160064697265625,0,0,1.7022031545639038,13.860310554504395
2444,ATP5MG,"ATP5MG, MT-ND5, COX7A2, PDCD2, BRK1",0.0008911799654116291,3.961568832397461,1,6,-2.0724549293518066,12.434538841247559
2445,GLI4,"GLI4, UTP6, SASS6, C5ORF22, CARNMT1",0.0032225616571045375,27.995845794677734,3,7,4.422033786773682,8.839319229125977
2446,GAK,"GAK, DPP8, HDAC2, POLB, CPSF6",0.011063768877525009,6.677071571350098,0,5,3.510272741317749,8.973345756530762
2447,SMIM29,"SMIM29, UFL1, ATG4C, SLF1, CYB5A",0.0019009878470111648,4.945721626281738,7,8,0.5520995259284973,14.49741268157959
2448,RICTOR,"RICTOR, SLC38A2, PEA15, FAM222B, HNRNPD",0.011761810830630708,5.293981552124023,0,9,-0.9356368184089661,13.43547248840332
2449,VPS26A,"VPS26A, ITPA, SMIM19, AZIN1, SMG7",3.1372672049694314e-05,2.1406428813934326,0,6,-0.6263242959976196,13.140403747558594
2450,RPL32,"RPL32, RPS27A, RPS24, RPS14, RPL10A",0.00020294197232146008,7.189040184020996,0,8,1.0731513500213623,14.461926460266113
2451,PDXDC1,"PDXDC1, CDK11B, TOB2, HIF1A, TMEM18",0.024008917682030124,7.38084602355957,4,9,-0.6723535656929016,14.287571907043457
2452,TAB2,"TAB2, PIK3C3, TATDN2, RFC1, TBRG1",0.015237314656135906,5.753572463989258,0,3,0.5689408779144287,14.150312423706055
2453,NELFB,"NELFB, SMC2, BRIX1, CDC5L, ZBTB11",7.156890811336515e-05,1.9658535718917847,6,5,3.4814517498016357,9.594789505004883
2454,CREBBP,"CREBBP, TLK1, UROS, MTFP1, NUMB",0.0028019717724383233,4.577664375305176,7,9,1.8637030124664307,13.45330810546875
2455,RPP40,"RPP40, PUS1, E2F6, HIRA, SPRYD4",0.0014833391503496092,10.736907005310059,0,7,2.9368093013763428,11.397644996643066
2456,CKAP5,"CKAP5, MED16, METTL17, DBN1, ZDHHC24",5.784336409162389e-05,2.3625433444976807,1,6,-1.9331814050674438,12.120996475219727
2457,EXOSC1,"EXOSC1, CEBPG, NTHL1, ETFDH, PPIE",0.004381389730940121,11.046545028686523,8,3,-2.6068146228790283,11.974886894226074
2458,PFKP,"PFKP, PEX16, ANKLE2, SERTAD2, ZNF281",0.0007019635371119103,3.2131738662719727,0,3,0.045366037636995316,14.569904327392578
2459,ZFX,"ZFX, NUDT22, GUK1, PSMA1, MT-ND6",0.001321573810093373,7.99729061126709,9,0,-2.031358242034912,11.571427345275879
2460,SP1,"SP1, RPRD1A, DNAJC4, STK26, TLK1",0.00032843266052023733,4.629960536956787,7,1,1.1317943334579468,14.359994888305664
2461,ZYX,"ZYX, RABGAP1, BACH1, UMAD1, SERINC1",0.014099074898332935,9.894309997558594,0,0,0.33916470408439636,9.814111709594727
2462,AGPAT5,"AGPAT5, DCAF12, NOM1, ATAD3A, BPNT1",0.0020725571472829307,11.871955871582031,0,7,4.062678813934326,8.8547945022583
2463,NDUFA5,"NDUFA5, DGUOK, PSMC3, UQCRC2, CSNK2A1",0.012771618712230244,7.442687034606934,18,4,4.462673664093018,11.529465675354004
2464,EYA3,"EYA3, PPIL4, ZNF518A, RILPL2, UBE2F",8.92160361413182e-05,3.0940003395080566,1,0,2.1384828090667725,11.38619613647461
2465,RRAGC,"RRAGC, GNA12, GABARAP, RAP2A, GMFB",0.0023147149596665084,4.659688472747803,0,6,0.06939400732517242,10.490738868713379
2466,PACSIN3,"PACSIN3, IMPA1, RPP25L, MFF, TNFAIP8L1",0.012150047647245676,9.415091514587402,1,5,3.738382339477539,9.305031776428223
2467,UBE2D2,"UBE2D2, ZCCHC17, PARN, ATG101, NSFL1C",0.003459817489480351,3.4487907886505127,8,9,0.2771329879760742,12.595426559448242
2468,GTF3C5,"GTF3C5, HECTD4, LAMTOR5, SRD5A3, SCFD1",0.0022000086274848135,5.8311967849731445,1,6,-2.022721767425537,11.588393211364746
2469,RBM33,"RBM33, PIK3CA, HACD3, TTC19, C4ORF3",0.003780406981988165,3.7213165760040283,2,4,2.429277181625366,11.529070854187012
2470,UBL5,"UBL5, CD63, ATP6V0B, PPP1R15A, EIF3E",0.0002990207804736489,5.98798942565918,5,8,-0.3588417172431946,9.432552337646484
2471,DNAH14,"DNAH14, PNPLA8, NFIL3, STIM1, TRIM13",0.011512790246236259,5.443659782409668,5,9,1.7953327894210815,11.5007905960083
2472,RPS2,"RPS2, DERL1, ZNFX1, COX7B, RPL30",0.00010882395617237714,2.5979206562042236,0,8,0.9380127191543579,14.205703735351562
2473,TMEM259,"TMEM259, DUSP14, TBRG1, ZCCHC9, KIF22",0.003661779065800258,8.189146041870117,7,8,3.0806140899658203,8.710779190063477
2474,GLG1,"GLG1, ITFG1, ZNF91, PCMTD1, LRBA",0.02004811783575622,6.455426216125488,15,4,3.718719720840454,11.815977096557617
2475,QTRT2,"QTRT2, FBXL3, MSL2, RBL2, TATDN3",0.006590221922438911,12.015890121459961,0,6,-2.756727695465088,12.485640525817871
2476,ALG5,"ALG5, POLG, GNPTAB, MAP3K4, SNAP23",0.007194145859395527,10.091187477111816,7,1,-2.2100613117218018,10.658849716186523
2477,TRIR,"TRIR, EFHD2, ZRANB2, RPRD1A, ACER3",3.235306805124726e-05,2.076936960220337,5,4,-0.6920133233070374,13.394962310791016
2478,RUNX1,"RUNX1, HNRNPH3, SLC7A6OS, COX10, CEP295",6.666692810560042e-05,2.173814058303833,0,6,-2.0073182582855225,12.093193054199219
2479,SPCS1,"SPCS1, C15ORF40, PET100, NDUFB4, CELF1",0.003345111157298656,12.265817642211914,14,0,-3.2622196674346924,11.178516387939453
2480,COMT,"COMT, TNFRSF1A, PRPF6, NUDT4, USP8",0.002457852775893239,4.235112190246582,15,9,2.0976858139038086,10.373063087463379
2481,COP1,"COP1, PSMA7, CDK13, SF3B2, FIS1",0.009208859642586834,13.509102821350098,1,3,-0.9677177667617798,11.121105194091797
2482,SHKBP1,"SHKBP1, CD58, EFR3A, MED13L, STX7",0.030794238408778072,8.608016967773438,5,9,1.0164587497711182,13.77888011932373
2483,SEC61A1,"SEC61A1, CALU, SRSF8, IST1, AAMP",2.941188004658842e-05,2.2495920658111572,4,1,1.2651848793029785,12.395722389221191
2484,NTHL1,"NTHL1, UBE2S, ABL2, RANBP1, IGF2BP1",3.235306805124726e-05,1.7023364305496216,79,3,4.374005317687988,9.071731567382812
2485,PHF20L1,"PHF20L1, TXN2, ARL2, HSD17B12, RER1",9.019643214287114e-05,3.3043007850646973,0,3,-0.8613700270652771,12.862839698791504
2486,CCNB1IP1,"CCNB1IP1, DPM2, GRWD1, CCT3, DNAAF5",0.00030588355248451957,2.413273334503174,14,5,3.895449638366699,9.86808967590332
2487,RABGAP1,"RABGAP1, IFRD1, ABI1, MSH3, LPIN1",0.027851089612116128,6.914936065673828,0,9,0.20854663848876953,12.534319877624512
2488,PMAIP1,"PMAIP1, UBL5, SUMO2, CLTA, ATP5F1E",0.000501962752795109,8.305758476257324,0,8,1.8086296319961548,13.086191177368164
2489,HSPBP1,"HSPBP1, LDAH, FMR1, MOV10, INTS4",0.004541194279193252,13.774561882019043,1,5,3.7556138038635254,9.348917007446289
2490,SAP18,"SAP18, DGUOK, KIF20B, NFYB, IMPDH1",2.156871203416484e-05,2.177854061126709,2,6,0.5163313150405884,11.875588417053223
2491,YIPF5,"YIPF5, BCOR, GOLGA2, NIPSNAP3A, FBXO25",0.0021833418954584137,6.275750637054443,2,5,3.806908130645752,9.525077819824219
2492,HNRNPA1,"HNRNPA1, MT-ND4L, EHMT1, UQCRB, CDIPT",0.008007874540684473,10.99493408203125,1,4,3.2279257774353027,11.774263381958008
2493,KPNA5,"KPNA5, WDR45B, DENND6A, NXF1, INO80",0.004662763383385817,7.335452556610107,5,0,-0.17481370270252228,9.863870620727539
2494,HINT3,"HINT3, TTC9C, MRPL39, AGPAT1, HEATR1",0.0075814022800089415,6.2530317306518555,3,5,3.489589214324951,9.384034156799316
2495,DNTTIP2,"DNTTIP2, THUMPD3, NR2F6, FGD6, SRPK1",0.008897093714092997,9.027810096740723,1,1,-2.277036190032959,10.06574535369873
2496,CNOT6L,"CNOT6L, PRELID3B, CYB5R3, GTF2A2, TMEM131L",0.0005137275048137444,3.010711193084717,1,9,0.7678797245025635,12.035844802856445
2497,COMMD10,"COMMD10, TRPM7, RALGPS2, SPTBN1, RAP1GDS1",0.005593159188859564,4.802199363708496,26,4,3.507596492767334,12.319453239440918
2498,MAT2B,"MAT2B, WWP1, CHMP4B, ZMYND8, HSD17B10",4.4117820069882625e-05,2.504265308380127,4,1,1.8620086908340454,13.166457176208496
2499,EIF2B3,"EIF2B3, SLC16A1, DPM2, INCENP, RBM4",1.8627524029506e-05,1.6736143827438354,7,5,3.1955246925354004,9.524532318115234
2500,NDUFA5,"NDUFA5, METTL26, PSMA5, PPP6R2, XRN2",8.431405613355346e-05,2.145212411880493,27,4,2.825057029724121,12.600156784057617
2501,NUP88,"NUP88, PPP1R16A, C3ORF38, HDAC3, LSM8",0.0003813740446040965,2.6210412979125977,21,1,2.5040762424468994,11.217750549316406
2502,TSPYL1,"TSPYL1, RSRC1, PLEKHO1, SNX17, NME7",0.006804928646779007,9.654191970825195,20,8,0.07730761915445328,9.4491605758667
2503,STAG2,"STAG2, SEC14L1, YY1, SMAP1, SVBP",0.005047078615994572,5.053467750549316,142,3,2.1726043224334717,9.616779327392578
2504,RANGRF,"RANGRF, LRCH4, SEL1L, GABARAP, NIPAL3",0.011828477758736309,9.407608032226562,0,0,0.17380186915397644,10.249603271484375
2505,GNB1,"GNB1, PDLIM1, ARF1, RSRC2, CCNC",0.007212773383425033,13.759353637695312,19,0,-1.194706678390503,11.231500625610352
2506,TMEM80,"TMEM80, LIX1L, ARMCX6, AP1M1, ZNF397",0.008783367777912854,7.494760990142822,1,0,0.5820955038070679,9.816118240356445
2507,ARL4A,"ARL4A, POLR2J, LGALS8, CNBP, GNG5",8.529445213510641e-05,2.8055074214935303,8,8,-0.47853317856788635,13.371441841125488
2508,KIAA0319L,"KIAA0319L, MBNL1, PCGF5, MTA2, NDUFA1",0.005995121549496272,2.9351561069488525,1,4,2.785665273666382,11.64218807220459
2509,LONP1,"LONP1, MSL1, CLPB, GFER, LMNB2",0.000297059988470543,2.7467458248138428,11,5,2.796686887741089,9.798176765441895
2510,EDEM3,"EDEM3, CTPS1, MARK2, NCAPH, SASS6",0.008307875717159675,8.95493221282959,1,6,-2.2472734451293945,12.40117073059082
2511,RBM6,"RBM6, RNF130, ANKS3, EIF5, PISD",0.007637284852097459,11.372042655944824,3,6,-1.1946673393249512,11.656107902526855
2512,MRPS25,"MRPS25, CFAP298, PPIE, IPO5, TM9SF2",0.000521570672826168,9.568371772766113,5,7,2.9964756965637207,11.908544540405273
2513,PTPN23,"PTPN23, ATPAF2, XRCC1, VEGFB, USP42",0.013317699285095236,10.20544719696045,3,6,-2.454742908477783,12.317106246948242
2514,INTS4,"INTS4, SETDB1, ATG13, TMEM128, CDK9",0.011522594206251789,5.584262847900391,0,6,1.3797043561935425,10.88828182220459
2515,FAM3A,"FAM3A, TST, NBR1, TMX3, EGLN2",0.05613747504892176,5.915259838104248,0,9,2.043269157409668,10.15150260925293
2516,RSPRY1,"RSPRY1, WDR46, LIG1, ATAD2, NUF2",4.4117820069882625e-05,2.3972785472869873,17,1,0.3718874454498291,11.366613388061523
2517,RAD51C,"RAD51C, CCNQ, PEX1, ZNF426, LAP3",0.004451978243051933,5.618046283721924,15,6,-1.8937156200408936,11.847023010253906
2518,ANKRD39,"ANKRD39, ZNF226, MARCKSL1, EXT2, C6ORF47",0.004039231526398143,11.658857345581055,0,6,-2.4213860034942627,11.670772552490234
2519,RPL36,"RPL36, RPL18, FAU, RPL13A, RPL26",6.960811611025925e-05,3.1342015266418457,0,8,0.7729734778404236,12.659728050231934
2520,DPCD,"DPCD, SNAPC2, ATF2, MDH1, SNAPC5",0.01391770163804564,7.6222825050354,0,5,3.3393566608428955,10.425496101379395
2521,SON,"SON, ATP5MF, PCBP2, SSR2, RPL5",0.006477476382260323,6.514183044433594,7,4,4.049880504608154,11.424190521240234
2522,RIPK1,"RIPK1, DBNL, PHF21A, COMT, CMPK1",0.01081768948113522,5.085967063903809,24,1,0.10313461720943451,13.305530548095703
2523,DIS3,"DIS3, COPS7B, NSUN5, AGO1, EIF2B1",8.529445213510641e-05,2.0484843254089355,25,5,3.6097915172576904,8.955252647399902
2524,JMJD4,"JMJD4, C11ORF68, ING3, TCAF1, KDM2B",0.010535335432687972,13.084343910217285,0,4,2.8635034561157227,12.689157485961914
2525,PKNOX1,"PKNOX1, PIN1, LRRC57, BROX, ALAS1",0.006639241722516559,12.646982192993164,0,3,-3.1034650802612305,10.890929222106934
2526,XBP1,"XBP1, SCLT1, TNFRSF1A, GPCPD1, LRRFIP1",0.008819642429970314,5.5169501304626465,11,4,2.5613656044006348,11.498778343200684
2527,SAMD8,"SAMD8, ASCC1, THAP1, MED29, NT5DC1",0.011537300146275083,6.403709411621094,0,0,2.5764071941375732,9.924281120300293
2528,ZBED5,"ZBED5, ITFG2, OGFR, ZNF668, FAM83D",0.009141212318479681,6.835134029388428,5,0,2.5313262939453125,10.378219604492188
2529,PPIB,"PPIB, EIF3F, KMT2C, CCDC112, MED7",0.005412766324573822,8.290770530700684,12,1,-1.1907408237457275,10.918044090270996
2530,BCKDHB,"BCKDHB, A1BG, SPG11, MID1IP1, STX7",0.0021049102153341778,6.464453220367432,15,3,-0.40924397110939026,9.576643943786621
2531,KDM6A,"KDM6A, FKBP11, USP32, TRIM38, MYADM",0.10364844568017914,12.694314002990723,0,3,0.12650521099567413,14.036785125732422
2532,METAP2,"METAP2, ZC3H15, ARPP19, R3HCC1L, BCL7B",0.014399076074808137,5.956767559051514,1,6,0.20732757449150085,12.1786527633667
2533,INO80,"INO80, SNTB2, WDR45B, SMG7, PPIF",0.003966682222283225,6.393788814544678,4,0,0.10234810411930084,13.980596542358398
2534,PRMT1,"PRMT1, EZR, HMGN3, C4ORF48, SQSTM1",0.0018147129988745055,2.844360113143921,26,4,3.1221742630004883,11.97956371307373
2535,SCARB1,"SCARB1, TMEM214, NAB1, LYSMD3, INSIG2",0.01970595963121424,13.508567810058594,0,1,1.1307560205459595,9.82571029663086
2536,FAM91A1,"FAM91A1, GCFC2, BABAM1, DBF4, CCDC66",0.011051023729504821,12.416034698486328,2,6,-3.375981330871582,11.809776306152344
2537,TRAPPC1,"TRAPPC1, DSTN, NDUFS6, HMGA1, MCEE",0.009246114690645846,11.384990692138672,0,1,-0.26624390482902527,11.706131935119629
2538,TRMT112,"TRMT112, ARL3, ANKRD12, TMED9, PAK2",0.007241204867470068,7.806243419647217,19,8,-0.03149981424212456,9.755529403686523
2539,TMEM131,"TMEM131, NDUFC1, ANAPC1, PLEKHB2, GNB2",0.00113431817379676,4.723587989807129,26,3,-3.0244247913360596,9.98392105102539
2540,RUFY3,"RUFY3, GET1, ELP4, MDN1, RRAGA",0.0001284318762034361,2.448680877685547,6,6,-1.0478191375732422,14.077439308166504
2541,PTTG1,"PTTG1, CNBP, EIF3H, RAB11A, STXBP5",0.0008313758093168993,3.8448641300201416,0,9,1.913805603981018,13.120068550109863
2542,TSPAN13,"TSPAN13, TMEM134, PPIF, RAB5A, UBQLN1",0.0012960835140529963,5.650680065155029,9,0,1.9467684030532837,12.724794387817383
2543,DUSP12,"DUSP12, NCOA4, ETFRF1, PIK3R4, NEK2",0.0049490390158392775,4.010821342468262,0,5,3.3611624240875244,9.935368537902832
2544,PRKAR1B,"PRKAR1B, PSMB7, MZT2A, MRPL41, FKBP8",0.015582414048682543,6.30061149597168,3,4,4.476153373718262,11.56527328491211
2545,SOS1,"SOS1, SRPK2, BANF1, CDKAL1, TTC31",0.007791207024341272,10.044938087463379,1,1,-0.6579322218894958,10.33630084991455
2546,CCNY,"CCNY, SLIRP, PNPLA8, TUT7, EIF3D",0.0038686426221279297,9.883359909057617,4,3,-2.415658473968506,10.276285171508789
2547,ZC3HC1,"ZC3HC1, BUB1B, CLPB, UBFD1, DLAT",0.010147098616073004,6.641259670257568,0,9,2.4455647468566895,9.142437934875488
2548,XPR1,"XPR1, BRCA2, CMPK1, CHURC1, PDIA4",0.0035607982776403044,10.875593185424805,16,6,-1.3046659231185913,12.02636432647705
2549,ABI2,"ABI2, CSDE1, POLR2L, SMIM26, CCT8",0.007207871403417269,11.03921890258789,3,0,-0.9915326237678528,11.372382164001465
2550,ELP5,"ELP5, DTD1, CLTA, CCNC, ACOT13",7.352970011647104e-05,2.150230884552002,3,6,-1.203542947769165,13.6195707321167
2551,SMURF1,"SMURF1, SPEN, XAB2, GPKOW, CIR1",0.009772587343479779,9.9812593460083,0,6,-2.5132334232330322,12.247596740722656
2552,GEMIN7,"GEMIN7, RHOT2, SCYL2, SCCPDH, CCNQ",5.098059208075326e-05,1.7368143796920776,0,6,0.6393235921859741,14.012091636657715
2553,NOC2L,"NOC2L, RESF1, IK, MTPN, GADD45A",0.0035225628335797394,9.79494857788086,3,0,-1.6988502740859985,11.458553314208984
2554,TMPO,"TMPO, SEM1, BOD1L1, EEF1AKMT2, SLC35C2",1.5686336024847157e-05,2.378011465072632,10,0,1.6296714544296265,12.703072547912598
2555,HEBP2,"HEBP2, COX6C, NHP2, PGRMC1, PTMS",0.008368660269255958,3.485755681991577,5,4,3.5626208782196045,11.212981224060059
2556,GLS,"GLS, VPS37B, MMP24OS, EIF2S2, OFD1",0.002570598316071828,3.897599220275879,2,9,1.5843316316604614,12.446849822998047
2557,UBE2L3,"UBE2L3, DDX46, RHEB, PPP1CC, SNRNP70",0.004814724763626524,6.131103038787842,1,4,3.7728679180145264,11.159048080444336
2558,TANGO2,"TANGO2, FLAD1, THUMPD3, LTV1, LCORL",0.00048431562476715595,4.482965469360352,0,1,0.5630944967269897,13.430153846740723
2559,ILK,"ILK, PIK3C2A, ATRN, CEP192, YEATS2",0.004007858854348448,4.9710774421691895,3,9,1.5824812650680542,11.680761337280273
2560,NHLRC2,"NHLRC2, ACTR1B, PRPF38B, HUS1, TLNRD1",0.0033774642253499034,6.1924920082092285,0,6,0.7978546619415283,9.670696258544922
2561,AP1S2,"AP1S2, FBXL5, RELCH, TAOK3, TSC22D1",0.0034264840254275507,9.025044441223145,0,6,0.10429073870182037,9.879931449890137
2562,CDC25B,"CDC25B, CCDC186, MYDGF, RNF139, ZNF581",0.0023588327797363913,4.630547046661377,1,1,0.8573213815689087,12.606358528137207
2563,FAF1,"FAF1, LIMA1, NRDE2, GMFB, TRIM73",0.019748116659281018,8.520545959472656,7,6,-0.18537461757659912,10.13860034942627
2564,YWHAQ,"YWHAQ, TIMM9, PAXX, U2SURP, SLIRP",0.00606767085361119,10.591065406799316,1,0,-2.56884765625,10.528825759887695
2565,PSMB6,"PSMB6, GSK3B, MT1X, RHOG, HECTD4",0.008820622825971866,12.950957298278809,6,3,1.6525908708572388,11.917373657226562
2566,RPS2,"RPS2, RPL29, RPS23, RPS15, RPL36",0.000724512645147628,9.268278121948242,0,8,4.185859680175781,9.892558097839355
2567,SLC30A5,"SLC30A5, SRBD1, ITGB1BP1, RPUSD4, CAMSAP1",0.0007705912572206166,2.651585340499878,3,3,-3.0382866859436035,10.967167854309082
2568,MNAT1,"MNAT1, MRPL11, NUSAP1, CHD6, PAXX",0.015845160177098732,12.591225624084473,10,0,2.4089879989624023,12.134740829467773
2569,NAPA,"NAPA, RHOT1, MTFP1, PCF11, HERC4",0.020937337009164742,5.986119270324707,6,3,-0.4911503195762634,12.454891204833984
2570,MOB1A,"MOB1A, MSMO1, SGK3, NSMCE1, CDC27",0.00031862870050470784,3.201413154602051,8,6,-2.193711996078491,12.122036933898926
2571,MED25,"MED25, RAB2B, RAB5C, DGCR6L, KLHL21",0.00017156930027176578,2.331721544265747,2,8,-0.950552225112915,12.868302345275879
2572,NISCH,"NISCH, COX18, USP42, SSX2IP, C1ORF35",0.02159910431021298,5.1976823806762695,0,4,1.8572499752044678,9.92755126953125
2573,RNF214,"RNF214, MRNIP, POLR1D, NUP88, MZT1",1.6666732026400104e-05,1.9301605224609375,0,3,1.2607439756393433,12.533278465270996
2574,KCTD13,"KCTD13, TIMM23, EXTL2, TRPC4AP, STK26",0.017752030400119218,10.927362442016602,0,1,-2.6908555030822754,10.061176300048828
2575,SPTAN1,"SPTAN1, ATP2B1, MAP4K4, SUPT4H1, SELENOW",0.010186314456135123,14.245719909667969,13,6,-1.2592781782150269,12.151991844177246
2576,SMC2,"SMC2, SDF2L1, PSMA2, PFDN2, RESF1",0.004608841603300405,11.458620071411133,1,0,-2.676232099533081,10.678860664367676
2577,ARID1B,"ARID1B, TRIO, IMMP2L, PNRC1, MT1X",0.0021313809073761074,10.010214805603027,47,8,-0.11120622605085373,8.859500885009766
2578,MRPL37,"MRPL37, MZT1, PPIE, MRPS25, MPHOSPH10",0.001115690649767254,31.4716854095459,37,7,4.119399547576904,8.788618087768555
2579,REXO4,"REXO4, MYO9B, MRPS21, METAP2, IDI1",0.003987270538315837,10.590319633483887,29,3,-3.7056844234466553,11.344706535339355
2580,RPS5,"RPS5, RPL14, JARID2, TAF1D, MICU1",0.0014911823183620329,5.082945823669434,7,3,-0.42098820209503174,10.564343452453613
2581,GPBP1L1,"GPBP1L1, FAM20B, GCFC2, UBE2I, NPIPB5",0.020473609700430197,7.197829723358154,2,4,4.034144878387451,11.280332565307617
2582,RAPGEF1,"RAPGEF1, RPRD2, PLSCR1, STX8, OSBPL3",0.046252142165263396,8.448630332946777,4,9,1.0355836153030396,13.27434253692627
2583,ANXA11,"ANXA11, GLG1, RICTOR, ACAP2, SEPTIN9",0.005929435017392225,11.02341079711914,21,0,0.22805902361869812,13.70324420928955
2584,USP42,"USP42, MAN1B1, PRKRA, MPHOSPH9, ACO1",0.007067674775195197,6.688147068023682,0,5,3.710822343826294,9.758064270019531
2585,COA8,"COA8, DNTTIP2, TOX4, IDH3B, HIGD1A",0.00016274573625778925,2.4628779888153076,24,9,1.7980761528015137,13.976728439331055
2586,STXBP4,"STXBP4, GON4L, STX10, ADIPOR1, EXOSC7",0.001619614194565469,3.7689931392669678,11,3,-0.15475702285766602,14.423407554626465
2587,BCL2L12,"BCL2L12, NR1H2, HTRA2, ZNF394, OSBPL11",0.013451033141306436,9.154300689697266,0,6,-2.295747995376587,11.628249168395996
2588,TGFB1,"TGFB1, NDFIP1, CCDC85B, CHCHD2, RRAS2",0.0001598045482531304,2.839419364929199,22,6,-1.3605300188064575,12.217720985412598
2589,DR1,"DR1, NBR1, TM2D1, SLC30A9, ABT1",0.0207236106808262,7.868331432342529,0,3,0.12261449545621872,14.215972900390625
2590,SMYD2,"SMYD2, ZFYVE21, TCTN3, DTD2, FOXM1",0.016823595386648574,5.36061429977417,0,3,1.2440541982650757,9.84239673614502
2591,FBXO21,"FBXO21, NFYC, PPP1R15B, TSC22D2, SAP30BP",0.015425550688434072,10.645988464355469,0,6,-2.2509524822235107,11.582646369934082
2592,PPP2R3B,"PPP2R3B, NUP155, EXOSC7, PRCC, ANAPC4",1.470594002329421e-05,2.0242838859558105,0,3,3.685579776763916,9.548896789550781
2593,LRRC47,"LRRC47, PICALM, ZFAND6, CHURC1, NDUFB6",0.005524531468750858,11.492910385131836,7,3,-3.367269277572632,10.794896125793457
2594,CDC34,"CDC34, GSS, PAIP2, UNC45A, SHMT1",0.0075049313918878115,8.403667449951172,1,1,-2.2772796154022217,10.69647216796875
2595,STK38,"STK38, TMX4, CHD9, FAM174C, SREK1",0.0019362821030670708,6.325715065002441,2,3,-0.32796257734298706,11.747190475463867
2596,RPS24,"RPS24, MED7, RPL37, RPL19, PRMT3",0.00014117702422362442,2.9740233421325684,0,8,-0.909544825553894,13.283995628356934
2597,SCRIB,"SCRIB, FAM234A, CDCA5, GPAA1, GTPBP1",0.0008509837293479583,3.6342384815216064,6,1,-0.38097262382507324,13.626778602600098
2598,SUPT4H1,"SUPT4H1, HUWE1, ZC3H18, MTPN, RNPS1",0.004643155463354759,9.430937767028809,7,6,-1.5557018518447876,11.8656587600708
2599,DCAF17,"DCAF17, PHF6, RBM12B, STIL, EBAG9",0.00011470633218169483,2.353623390197754,6,5,4.306920528411865,9.256016731262207
2600,TNRC18,"TNRC18, NSRP1, TBC1D15, SP3, PPP1R15B",0.0039902117263204955,4.083076477050781,1,9,2.7433056831359863,10.759261131286621
2601,WASF2,"WASF2, DDX1, FAM177A1, COX16, NT5DC1",4.0196236063670835e-05,2.471809148788452,11,9,1.9506943225860596,12.736241340637207
2602,ORAI2,"ORAI2, ACTR8, RNF4, TMEM9, PARN",0.013652014321624792,6.535820484161377,0,1,0.5731932520866394,12.110875129699707
2603,CACUL1,"CACUL1, TLE3, MBD2, AFTPH, GPSM2",0.0016833399346664105,5.9730095863342285,0,0,-0.5622841119766235,10.028242111206055
2604,SRP9,"SRP9, DEK, NDUFC2, COPE, BSG",0.00551178632073067,5.418847560882568,2,4,3.175323009490967,11.340408325195312
2605,DNAJA1,"DNAJA1, YWHAE, ANKRD28, C5ORF24, EPB41",0.0010166706536104064,5.395543575286865,0,0,1.9741363525390625,10.88592529296875
2606,MAGOH,"MAGOH, C15ORF40, ARHGAP17, BCAP29, STARD3NL",6.274534409938863e-05,2.2294185161590576,9,6,0.6219887733459473,14.78132152557373
2607,KLHDC2,"KLHDC2, FAM89B, TBCD, RAMAC, CCDC82",0.019786352103341582,8.318018913269043,0,9,1.1290347576141357,10.579805374145508
2608,SRCAP,"SRCAP, CEP57, C1ORF35, ANTKMT, MRM2",2.843148404503547e-05,1.9894243478775024,0,6,-1.94438636302948,12.06832218170166
2609,PNKP,"PNKP, ARL2BP, TTC1, COMTD1, POLD2",0.00085490531335417,3.1738314628601074,0,4,3.4516408443450928,11.497309684753418
2610,GPATCH8,"GPATCH8, HS2ST1, DENND10, SETD4, TUG1",0.007471597927835011,8.707098007202148,5,6,1.1762288808822632,13.880433082580566
2611,MYL12B,"MYL12B, BNIP3L, MLLT10, TAGLN2, LUC7L3",0.002030400119216154,9.6703519821167,3,3,-1.6961194276809692,10.937455177307129
2612,FBRSL1,"FBRSL1, ZDHHC5, BIN3, MRPL30, BBS4",0.006994145075078726,6.228930950164795,6,3,-2.9439964294433594,11.82104778289795
2613,RFC3,"RFC3, PRIM1, PPP1R14B, TUBGCP3, FAF2",0.004814724763626524,6.809808254241943,20,3,2.5327212810516357,9.631268501281738
2614,SLC35E1,"SLC35E1, PEX14, POLR1C, ALG12, CEP70",0.01775301079612077,9.226583480834961,1,6,-2.6075403690338135,12.081791877746582
2615,ALG8,"ALG8, PPIE, AVEN, TIMMDC1, GLRX2",0.00030392276048141366,4.578908443450928,20,7,4.085960388183594,8.960428237915039
2616,HIPK3,"HIPK3, CLK4, HMOX2, RNPEPL1, MAD2L2",0.012065733591112121,10.429935455322266,0,6,-2.5533499717712402,12.006989479064941
2617,CCNH,"CCNH, CNPY3, CHD6, ARMC8, CIRBP",0.008378464229271488,6.7842206954956055,0,9,1.0715126991271973,10.378471374511719
2618,TMEM160,"TMEM160, LSG1, AKAP8, SHMT1, PTGES2",0.0006558849250389217,3.2349417209625244,3,1,0.4225519001483917,11.415401458740234
2619,ERCC4,"ERCC4, BLOC1S1, ACACA, LRRC42, NAA38",0.005519629488743093,5.994190216064453,0,3,0.027016449719667435,9.964794158935547
2620,OCIAD1,"OCIAD1, FKBP1A, LRCH4, YJU2, CMTM6",0.0047568813995349,7.590054035186768,0,0,3.8663456439971924,11.615666389465332
2621,RPS10,"RPS10, DDX5, CST3, S100A10, RPS6",0.0006803948250777455,15.020364761352539,1,8,-0.0009799121180549264,8.732927322387695
2622,BRD2,"BRD2, SLC39A6, BSG, LRP10, CSNK1D",0.000130392668206542,2.6980199813842773,7,6,-0.4679848253726959,13.769009590148926
2623,RPAIN,"RPAIN, MRPL52, LRRFIP2, MRPS18C, MYC",0.017788305052176673,7.803642272949219,32,4,3.9815149307250977,11.195662498474121
2624,RBM22,"RBM22, NDUFC1, SENP6, RELA, MFSD1",0.0024676567359087683,6.827536582946777,6,8,0.0008796705515123904,9.509523391723633
2625,COX6A1,"COX6A1, SEM1, APLP2, EEF1B2, SSR2",0.0004392174086957204,5.179091930389404,7,4,1.4536117315292358,10.975029945373535
2626,SCAMP4,"SCAMP4, MAVS, RNF34, OTUD5, MIS12",0.013906917282028556,9.09168529510498,0,1,-2.602012872695923,10.601876258850098
2627,IMMP1L,"IMMP1L, C1ORF35, MAN2B1, D2HGDH, FER",0.010327491480358747,12.155902862548828,1,1,-2.419342041015625,10.881974220275879
2628,ZNF12,"ZNF12, PDIA6, NOC2L, TFG, CIB1",0.0008421601653339817,5.251179218292236,0,3,-3.1181650161743164,12.122133255004883
2629,KATNA1,"KATNA1, ZNF706, EXOSC5, KDM1A, KCTD20",1.5686336024847157e-05,2.0074808597564697,15,3,2.58640718460083,9.560656547546387
2630,HADH,"HADH, RABIF, XRCC4, TRMT13, TMEM9",0.010415727120498512,10.579524040222168,0,5,4.265490531921387,9.332710266113281
2631,GEMIN7,"GEMIN7, HSD17B11, TTC21B, SUPT4H1, SCYL2",0.002270597139596626,9.860700607299805,4,6,-1.1794087886810303,12.65215015411377
2632,TIMM8B,"TIMM8B, TOMM6, SRSF10, CAPZA1, RAB27A",0.00033235424452644915,3.511995315551758,3,3,-0.46624866127967834,13.189335823059082
2633,BCLAF1,"BCLAF1, PTBP3, BUD23, ZNF511, TRIM73",0.010251020592237616,5.40653133392334,0,5,3.304858684539795,10.413589477539062
2634,CEP55,"CEP55, RETREG2, DNAJC30, COX10, ACY1",0.010579453252757854,5.471853256225586,0,5,2.9376988410949707,9.448450088500977
2635,SOAT1,"SOAT1, BRIP1, HAUS3, TUBE1, ZFYVE27",0.01482946991948988,6.48858118057251,0,9,2.1205995082855225,10.107810974121094
2636,SELENOT,"SELENOT, MDM4, VPS29, ATP2B1, VAPA",0.01110396511358868,13.562335968017578,6,3,-3.2414891719818115,10.823811531066895
2637,TRPT1,"TRPT1, USP6NL, DAP, RPN1, FAN1",0.0064804175702649815,5.231696605682373,7,9,1.9054877758026123,10.072757720947266
2638,CLK4,"CLK4, POC1B, TET2, NUDT22, NAPA",0.03847760187294852,6.715331554412842,0,9,3.7587320804595947,10.41174602508545
2639,NCOA3,"NCOA3, MAT2B, IMPDH2, RABEP1, KLC1",0.007972580284628567,12.439656257629395,9,1,-1.346185326576233,10.378409385681152
2640,UBA1,"UBA1, MED13, AP1S2, LRPAP1, PIAS1",0.03404327075792454,5.05017614364624,1,4,2.8854405879974365,12.389763832092285
2641,TXLNA,"TXLNA, CENPX, NSUN2, ENY2, RPN2",3.5294256055906104e-05,1.822919487953186,4,5,3.381920099258423,10.355420112609863
2642,EMC3,"EMC3, MRPL16, SLC20A1, ZNF749, DHRS4L2",0.003701975301863929,3.3661117553710938,32,5,3.705885648727417,9.920892715454102
2643,SLC5A3,"SLC5A3, LRIF1, IFT88, RNF139, SYNJ2",0.01108043560955141,12.431211471557617,1,1,-2.61629056930542,10.174667358398438
2644,TRMO,"TRMO, TWF1, KLHL20, PACC1, RIC8A",0.006616692614480841,8.109766006469727,2,0,0.5311460494995117,10.146902084350586
2645,FDFT1,"FDFT1, STMP1, TOMM6, LEPROTL1, NDUFC1",0.0482668559484547,6.993009090423584,1,5,3.3341736793518066,11.478752136230469
2646,STK38,"STK38, NXT1, FAM174C, RPLP0, PPP3R1",0.0007539245251942165,6.851346969604492,9,8,-0.8892820477485657,11.266315460205078
2647,TARBP1,"TARBP1, RASA2, TENT2, FNBP1, ZNF148",0.036871713222404796,7.352666854858398,43,9,1.7506438493728638,12.670018196105957
2648,ZNF121,"ZNF121, ZMYM2, DEXI, TAF1B, TAF6",0.0044304095310177686,6.051084518432617,1,3,0.2975149154663086,10.269383430480957
2649,HMG20B,"HMG20B, EIPR1, BLVRA, RAB1B, NAA20",0.0006715712610637688,3.0819880962371826,0,1,0.717646062374115,13.076091766357422
2650,HNRNPA0,"HNRNPA0, DCAF5, SNRPD2, SEPTIN2, KIF5B",0.009026505986297985,12.89910888671875,2,0,4.049921035766602,11.713061332702637
2651,PMS2,"PMS2, POLA2, MRPL44, PSMA2, NDUFS3",0.004341193494876451,7.615260124206543,0,5,4.046117305755615,9.321817398071289
2652,MED7,"MED7, CES2, SRA1, GFER, COMMD8",0.0002529421684006604,4.1900105476379395,14,6,-1.2510395050048828,13.7684965133667
2653,CD46,"CD46, NDUFA1, ACTN4, CGGBP1, SINHCAF",0.004566684575233629,3.9509334564208984,16,4,2.624333620071411,12.194318771362305
2654,MBIP,"MBIP, C11ORF54, CLPTM1L, RANGRF, KLHL18",0.0062588480739140155,15.814900398254395,0,3,-3.204843759536743,10.239645004272461
2655,GTF2H2,"GTF2H2, MARK4, ATN1, RPP38, FARSB",0.0004019623606367084,3.707092523574829,1,5,3.937802314758301,10.072333335876465
2656,G3BP2,"G3BP2, ACSL3, ZNF638, CEP57, BRK1",6.960811611025925e-05,2.834320545196533,22,6,-0.879054605960846,13.127008438110352
2657,SLC25A6,"SLC25A6, OGFOD1, VSIG10, APEX1, CHEK1",0.007403950603727858,8.581440925598145,4,4,-1.979767918586731,9.97479248046875
2658,RAB5C,"RAB5C, SETX, AZIN1, NSF, PPHLN1",0.0075039509958862586,5.163422107696533,2,4,2.5681424140930176,12.250405311584473
2659,KRAS,"KRAS, SNX14, LYPLAL1, DYNC1LI2, CEP290",0.021124592645461356,4.437234878540039,1,4,2.795994520187378,11.685338020324707
2660,<SPECIAL>,"<SPECIAL>, ZMYND19, TFRC, SLC19A1, RANBP1",0.0011215730257765717,72.12918853759766,14,2,-1.3928683996200562,12.593300819396973
2661,SELENOS,"SELENOS, SUCLA2, POLR2J, NUDC, CYB5A",0.005912768285365825,12.188326835632324,4,0,-0.9832924008369446,11.376141548156738
2662,TCF7,"TCF7, ATP5IF1, CHD9, EIF4G2, BCLAF1",0.0004990215647904502,3.764354705810547,0,0,-1.0903657674789429,10.554140090942383
2663,GKAP1,"GKAP1, FAM13B, SP1, NRM, UQCC1",0.013703975309707097,7.713068008422852,0,1,-0.09122264385223389,10.138273239135742
2664,PSRC1,"PSRC1, SEPTIN11, GSTK1, EMC9, BRK1",0.002883344640567218,6.641015529632568,0,1,-0.08797306567430496,10.605963706970215
2665,GIPC1,"GIPC1, MOB2, ZBTB37, C2ORF68, TAPT1",0.013471621457339048,11.223188400268555,0,6,-2.206042528152466,11.976367950439453
2666,LMO4,"LMO4, ARID1A, POU2F1, NSMCE3, ATE1",0.00085490531335417,2.731661081314087,11,4,2.2332987785339355,13.034570693969727
2667,CCDC85B,"CCDC85B, ZDHHC20, TYMS, USP15, SSR3",0.0019529488350934709,5.823106288909912,7,0,-0.8778730630874634,12.816704750061035
2668,BOP1,"BOP1, DCAF12, ATAD3A, YDJC, NOM1",3.9215840062117894e-05,4.506614685058594,9,7,4.436093330383301,8.877429008483887
2669,RAB18,"RAB18, NTHL1, CHKA, CTBP1, SUGT1",0.008786308965917514,9.933664321899414,17,6,-2.910475015640259,12.089173316955566
2670,GCC2,"GCC2, AVL9, PHB2, NDUFAB1, PPP6R2",0.008858858270032431,5.156376838684082,26,9,1.0609573125839233,11.783113479614258
2671,PIK3R2,"PIK3R2, UFD1, DNAAF5, C17ORF58, SLC25A1",0.00033039345252334324,16.080078125,12,7,4.382293224334717,8.591693878173828
2672,NUP155,"NUP155, ABHD16A, TMEM186, YRDC, BMS1",1.8627524029506e-05,2.300736904144287,0,5,3.871490240097046,9.195440292358398
2673,KPNB1,"KPNB1, BFAR, MRPS18B, NELFE, GLG1",0.0009107878854426881,3.3138740062713623,1,9,0.5932785868644714,12.298789024353027
2674,LRIF1,"LRIF1, RPP40, TRAPPC4, SMNDC1, NRDE2",0.0001725496962733187,2.5106539726257324,28,3,-3.373116970062256,10.795731544494629
2675,GOLGA7,"GOLGA7, KIAA1586, SEC63, DGCR8, SCAF4",1.6666732026400104e-05,2.8652212619781494,6,0,0.3690999150276184,13.379809379577637
2676,ATXN7L3B,"ATXN7L3B, YTHDF2, TAF7, ZMAT2, UNC50",3.9215840062117894e-05,1.9874351024627686,13,9,0.10220200568437576,12.857027053833008
2677,DDHD1,"DDHD1, TMEM129, DENND6A, HTT, COG7",0.01010592198400778,7.093675136566162,1,9,2.444488763809204,10.226529121398926
2678,PIP5K1A,"PIP5K1A, GLOD4, MRPL3, PMPCB, CYB561D2",0.00029313840446433125,3.4772350788116455,5,3,-1.141200065612793,13.957734107971191
2679,SUPT16H,"SUPT16H, RTN3, MCM3, TRIR, APRT",0.007280420707532187,8.019598960876465,0,4,4.068741321563721,11.25471305847168
2680,TMEM120B,"TMEM120B, RBM4B, ZNF414, VAMP7, HYOU1",0.002380401491770556,3.1922523975372314,0,3,2.2472989559173584,10.226692199707031
2681,RBM12,"RBM12, CCNC, UAP1, SGTA, CCNB1IP1",0.0001058827681677183,2.5951826572418213,1,3,0.5894843339920044,13.704485893249512
2682,ZNF148,"ZNF148, MCUB, IL6ST, AKAP9, PRDX4",0.012685343864093585,11.345733642578125,33,0,-1.2003401517868042,13.655787467956543
2683,SNRPF,"SNRPF, XBP1, SMIM26, TSC22D1, CFLAR",0.008345130765218688,10.17445182800293,13,0,-1.5589827299118042,10.387819290161133
2684,FLYWCH2,"FLYWCH2, IPO8, HEATR5A, CDK12, KMT2D",0.011626516182416401,14.632706642150879,3,5,4.197688102722168,9.301679611206055
2685,NAA15,"NAA15, TERF2IP, SLC38A1, ATP1A1, PRRC2B",0.007415715355746493,12.463985443115234,0,3,-1.1351184844970703,10.698092460632324
2686,VAPA,"VAPA, SIAH1, IK, LAMTOR5, PDHX",8.627484813665935e-05,2.515514373779297,1,6,0.9008271098136902,11.90153694152832
2687,NELFB,"NELFB, TBL3, PPP5C, AASDH, ARHGAP19",0.006942184086996419,7.272762775421143,12,6,-0.9975618720054626,13.56696605682373
2688,MAP2K4,"MAP2K4, AURKA, MALSU1, DNAJB11, PILRB",1.8627524029506e-05,2.0497961044311523,11,6,0.4355400800704956,9.329117774963379
2689,VPS26A,"VPS26A, VASP, RBPJ, ANXA6, PHF21A",0.0032421695771355967,11.562615394592285,15,0,1.46942138671875,13.357268333435059
2690,C15ORF40,"C15ORF40, TERF1, LYPLA2, EMD, MRPS31",0.020485374452448833,6.105674743652344,22,5,3.0445809364318848,10.953989028930664
2691,DAAM1,"DAAM1, MAPK8, LEPROTL1, RASA1, ILF2",0.0026245200961572397,8.899589538574219,2,8,-0.31792154908180237,9.456929206848145
2692,UQCC1,"UQCC1, LRRC8A, CDK16, PUF60, SMIM12",4.0196236063670835e-05,2.2051172256469727,0,0,-0.06390795111656189,10.027714729309082
2693,ANKRD39,"ANKRD39, DIS3L, CEP295, KCTD5, TXNDC9",0.00013333385621120084,2.160607099533081,2,6,-1.8791122436523438,12.019591331481934
2694,OGT,"OGT, ACBD6, EHMT1, CGGBP1, PPHLN1",6.176494809783567e-05,2.8948261737823486,15,9,1.5316741466522217,13.920957565307617
2695,TMEM87A,"TMEM87A, VPS41, RCOR3, NFE2L2, MAN1A1",0.021077533637386812,7.681773662567139,11,4,3.183201313018799,9.417927742004395
2696,TMEM230,"TMEM230, PDCD6, AIDA, CAPN1, PDRG1",0.0001078435601708242,2.4933741092681885,1,6,1.7080042362213135,13.216263771057129
2697,TSC22D1,"TSC22D1, USP47, SIVA1, RRBP1, MRPL20",0.005199039996235279,8.543895721435547,11,0,-2.4306726455688477,10.010652542114258
2698,PSMA2,"PSMA2, HSPH1, DUT, EIF2S3, CCT2",0.011185337981717575,7.6173834800720215,22,4,3.6376590728759766,10.93091106414795
2699,TXNRD2,"TXNRD2, RINT1, CLUH, PKMYT1, UTP25",0.00018725563629661292,2.613626003265381,2,9,1.308401346206665,10.857804298400879
2700,MZT1,"MZT1, TUG1, NUP54, CENPJ, TRIM27",0.003700994905862376,22.150609970092773,2,7,4.302234649658203,8.791377067565918
2701,PRCP,"PRCP, STX10, HERPUD2, RRAGA, VASP",0.02098341562123773,9.643024444580078,16,9,1.6539846658706665,10.444271087646484
2702,ALKBH7,"ALKBH7, BAX, CCT4, CLSTN1, PIAS1",0.003583347385676022,4.452859878540039,23,6,1.1758395433425903,12.330109596252441
2703,YDJC,"YDJC, GLUD1, GRK2, MFSD1, COPE",0.010561806124729902,4.565594673156738,0,1,0.4491080343723297,13.709444046020508
2704,GTPBP8,"GTPBP8, NSUN2, PDCD11, NCLN, EFTUD2",0.0005117667128106385,3.808114767074585,14,7,-1.1422741413116455,13.893969535827637
2705,C1ORF52,"C1ORF52, GALE, OAZ1, CPSF1, QTRT2",0.0011480437178185013,4.428574085235596,0,5,3.3763091564178467,10.099185943603516
2706,RITA1,"RITA1, LYPLA1, PPIH, PPAT, C1ORF35",2.3529504037270734e-05,1.8012267351150513,5,5,3.9523770809173584,9.656732559204102
2707,TRMT112,"TRMT112, CAMTA1, PML, ABHD12, EIF2AK1",0.010673571268906936,12.321124076843262,1,0,0.3075296878814697,10.99065113067627
2708,TTC8,"TTC8, EDEM1, PRRC1, SCYL1, SELENOW",0.0058235522492245066,7.361927032470703,0,6,0.38902604579925537,10.383752822875977
2709,SNRPC,"SNRPC, QKI, SNW1, CHCHD3, C12ORF57",0.0075892454480213645,4.453146457672119,28,4,3.1612460613250732,11.694053649902344
2710,FBXL5,"FBXL5, SOS2, LRRC59, SDHB, MRPS24",0.007384342683696799,8.599145889282227,4,6,-2.391317129135132,12.424633979797363
2711,SLIRP,"SLIRP, GSK3B, GSTO1, TAOK3, ATP1A1",0.005211785144255468,10.737707138061523,7,9,-1.0020478963851929,11.836905479431152
2712,PPM1B,"PPM1B, LARP1B, NXT1, PGK1, PPP3R1",0.004305899238820544,4.195394515991211,19,4,3.118591785430908,10.96069049835205
2713,<SPECIAL>,"<SPECIAL>, RPL8, SLC19A1, SLC25A12, RANBP1",0.0009529449135094647,70.1888427734375,13,2,0.18413770198822021,9.76982593536377
2714,ZNF267,"ZNF267, SNX14, RNF11, TTC21B, GATAD2A",7.745128412268283e-05,3.0616040229797363,4,6,-0.49273815751075745,12.447059631347656
2715,COX15,"COX15, IMPA1, BAZ1A, EIF3J, CREBZF",0.0006843164090839572,5.2282891273498535,4,1,-1.6839555501937866,11.152704238891602
2716,CNPY3,"CNPY3, EIF5A, PJA2, WDR70, UVRAG",0.004694136055435512,8.50467300415039,10,0,1.1061575412750244,14.383091926574707
2717,CASP3,"CASP3, FBXO33, SIN3A, SLC30A7, PRR14L",0.011938282110910239,8.926647186279297,0,1,-2.680224895477295,10.56789493560791
2718,ATP6V0C,"ATP6V0C, IFRD2, RAP1B, PPP6R2, ARFGEF1",5.9804156094729785e-05,2.4591732025146484,10,1,1.7517223358154297,13.662176132202148
2719,GPATCH8,"GPATCH8, TM2D2, TSR1, TCHP, GCDH",0.010840238589170938,13.470705032348633,4,6,0.050842225551605225,10.790987968444824
2720,DPM1,"DPM1, KPNA4, NDUFS3, CENPO, GLB1",0.004676488927407558,5.771390914916992,6,5,2.923851251602173,9.545614242553711
2721,BRK1,"BRK1, MT1X, HNRNPA2B1, SFT2D3, TPR",0.0066196338024855,10.811177253723145,1,3,0.04089314490556717,10.935853004455566
2722,WDR70,"WDR70, STAT1, SH3GLB1, WAC, NDUFB4",0.00548531562868874,9.008152961730957,47,0,-0.5306757688522339,11.574627876281738
2723,RAPGEF1,"RAPGEF1, STK38, PHTF2, PPP3R1, SMAD2",0.004796097239597018,4.692317008972168,2,9,2.7316861152648926,10.661127090454102
2724,PJA2,"PJA2, DCXR, MACF1, MDM4, TECR",0.00045588414072212047,3.753525972366333,2,6,-0.8645175099372864,14.219340324401855
2725,COP1,"COP1, SEPTIN6, ATXN2, ARF6, ATP1A1",0.006807869834783666,13.478889465332031,21,3,-0.9056864976882935,11.586793899536133
2726,PPP1R9B,"PPP1R9B, EPB41, GSTO1, RAD23B, POLR2K",0.00016274573625778925,2.223623752593994,22,5,3.992840528488159,10.13326358795166
2727,CD55,"CD55, SYNJ2, RNF19A, SORT1, BAZ2B",0.04259428468346935,7.416236400604248,1,9,-0.10235355794429779,13.699067115783691
2728,MED13L,"MED13L, DSTN, GLO1, MKLN1, HUWE1",0.0026098141561339454,5.7575907707214355,1,8,-0.39251428842544556,9.525483131408691
2729,HSPA5,"HSPA5, C4ORF48, BANF1, RGP1, TPM3",0.000334315036529555,3.1860811710357666,0,3,0.35629603266716003,13.956232070922852
2730,NDUFA3,"NDUFA3, PUM2, CDKN2D, EPC2, PSMB10",0.05034039349173918,10.245135307312012,2,1,1.336380124092102,12.514758110046387
2731,OSER1,"OSER1, FAM193A, DCAF10, GPATCH2L, CUEDC2",0.007207871403417269,6.557041645050049,1,3,0.1570831537246704,10.905949592590332
2732,PHF21A,"PHF21A, PRRC2B, CMSS1, XPR1, OXLD1",2.3529504037270734e-05,2.1953630447387695,25,8,-0.06545866280794144,12.861525535583496
2733,DDX39A,"DDX39A, CCNA2, PUDP, MAN1A2, CLASRP",8.235326413044756e-05,2.1824982166290283,27,0,1.5840296745300293,11.74347972869873
2734,EIF2S2,"EIF2S2, ACBD5, TIMM22, FIS1, ILVBL",0.006551986478378347,7.787951469421387,0,4,4.285116195678711,11.571035385131836
2735,BAG6,"BAG6, GPR108, SCAMP3, TRIM37, PEPD",3.333346405280021e-05,1.9193891286849976,8,9,1.84734308719635,13.883770942687988
2736,NUBP2,"NUBP2, RALBP1, NCLN, FAM216A, CLPB",2.7451088043482524e-05,2.0046794414520264,0,5,2.639458417892456,9.642297744750977
2737,METTL14,"METTL14, TMEM214, AP3M1, ASL, ATP13A1",0.0130892670167334,11.702682495117188,0,6,-0.8369560837745667,10.953551292419434
2738,CDK6,"CDK6, IQGAP1, CORO1B, HNRNPH1, ROMO1",0.00025588335640531925,2.723452091217041,27,1,1.0095959901809692,13.159663200378418
2739,ABI1,"ABI1, KRI1, WDR45B, ARHGAP17, NENF",0.005417668304581587,8.652913093566895,1,0,0.2557491958141327,10.844284057617188
2740,MFSD14A,"MFSD14A, SMIM29, KAT8, ANKRD39, PCID2",0.003322562049262938,3.750230550765991,2,0,-0.30167052149772644,13.503093719482422
2741,GSTM3,"GSTM3, RHOA, MTA2, ZDHHC17, RHOQ",0.008088267012811816,8.950075149536133,15,3,-0.2858400046825409,9.80296802520752
2742,GRN,"GRN, PCBP1, HIGD2A, RGS10, ARPC5",0.0004519625567159087,4.872483730316162,3,8,0.6464616060256958,12.968379020690918
2743,SH3GLB2,"SH3GLB2, ASB8, IDH1, CAMSAP1, FBXW2",0.005085314060055138,4.789121150970459,1,3,0.20976226031780243,12.032939910888672
2744,TPM3,"TPM3, MGAT5, SRP14, RERE, PABPC1",0.012956913556523751,13.318159103393555,0,3,-0.3601548969745636,10.103696823120117
2745,EPC1,"EPC1, STK4, DPM3, RAB29, MRPL51",0.00043039384468174387,2.529426097869873,21,1,1.2676397562026978,12.533164978027344
2746,TAOK1,"TAOK1, CHMP2A, LCOR, HP1BP3, ELOVL1",0.0001970595963121424,3.4463534355163574,15,8,1.018587589263916,12.605231285095215
2747,POGZ,"POGZ, TMED9, CCT6A, MRPL33, CCSER2",0.0016205945905670219,4.405567169189453,4,0,-1.0471245050430298,12.64013957977295
2748,PRR11,"PRR11, TXNL1, GTPBP3, NEMP1, RMND5A",2.156871203416484e-05,2.035220146179199,0,5,0.9569327235221863,11.731221199035645
2749,MDC1,"MDC1, MLLT1, SEH1L, RBSN, USP5",0.005801003141188789,7.39917516708374,0,1,-2.1108272075653076,11.007960319519043
2750,ZRANB2,"ZRANB2, NUDT1, CHMP2B, GHITM, PTBP3",0.012448088031717772,5.1005401611328125,12,4,3.9402577877044678,11.583123207092285
2751,ZNF746,"ZNF746, TMEM41A, MCM2, CPSF2, TRIM27",0.002751971576359123,16.241975784301758,20,7,4.364571571350098,8.982129096984863
2752,ERG28,"ERG28, TOR1AIP2, AZI2, ARL8A, THRA",0.00014411821222828325,2.3518431186676025,0,6,-2.495734930038452,12.53549861907959
2753,PHC3,"PHC3, STK3, RAD23A, PARP1, NSF",0.0024088329758155916,4.889393329620361,0,4,3.311690330505371,11.433444023132324
2754,TBL1XR1,"TBL1XR1, LSM6, POLR2D, TPM3, POLR2K",0.007553951191965459,8.728699684143066,98,1,0.3332442343235016,10.416257858276367
2755,CDK17,"CDK17, CAPZB, TRMT13, EIF3F, KIF3A",0.009648077051282554,10.380697250366211,10,6,-0.9851927757263184,11.49843978881836
2756,NDUFB11,"NDUFB11, ATG5, UQCRQ, TRIR, UQCRC2",2.941188004658842e-05,2.976731061935425,2,4,-0.3242728114128113,11.732819557189941
2757,NR1H2,"NR1H2, KMT5B, SGK3, SNX1, MTHFD1L",0.01867458303758054,6.7927727699279785,0,9,2.6410470008850098,9.911200523376465
2758,YIPF6,"YIPF6, SH2B3, EMC3, GOPC, SHC1",0.0055294334487586225,5.9024481773376465,1,0,2.0229718685150146,10.7545166015625
2759,RBL2,"RBL2, MIER1, IDI1, TRMT11, CAT",0.009674547743324484,5.471118450164795,4,6,-0.42716559767723083,12.85222053527832
2760,RAB11FIP1,"RAB11FIP1, AAGAB, TTI2, CEBPZOS, ARHGAP11A",0.0017794187428185992,3.3690223693847656,2,3,2.7152345180511475,9.56638240814209
2761,NOP2,"NOP2, JPT2, ELP5, TAF5L, RPP21",0.010839258193169384,7.016927242279053,4,6,-2.5560736656188965,12.545708656311035
2762,TCTN3,"TCTN3, USF3, NOP14, AGPAT5, HMCES",0.006201985105823944,6.669046878814697,9,5,2.594085693359375,9.523805618286133
2763,RPF1,"RPF1, RING1, DMAC2, PBX2, ATP5MG",0.0001950988043090365,2.459251880645752,0,1,0.3344770669937134,13.693744659423828
2764,FGD6,"FGD6, MANEA, EIF4B, PRRC1, R3HDM4",0.013106914144761351,4.922553539276123,0,5,3.8397228717803955,10.08939266204834
2765,RMND1,"RMND1, POC5, ZNF260, CAPRIN1, TMEM161A",0.0004147075086568967,4.13557243347168,0,5,4.215126991271973,9.108390808105469
2766,CDC5L,"CDC5L, CDK5RAP2, TASOR, DRG1, SMAD4",3.333346405280021e-05,2.3292641639709473,6,6,1.3997917175292969,12.646422386169434
2767,FOXN2,"FOXN2, LRCH3, UBE2J1, BRD2, NT5C",0.010652002556872773,12.177753448486328,3,6,-1.4272059202194214,11.767219543457031
2768,BCCIP,"BCCIP, VASP, WDR83OS, PRXL2C, POLR1D",0.005053941388005443,11.1105375289917,3,0,-2.634089469909668,11.983412742614746
2769,MPRIP,"MPRIP, RRM2, TMED9, EIF4A3, LAMP2",0.0053098247444107625,4.494091987609863,8,9,-0.11080510169267654,12.85472583770752
2770,WSB2,"WSB2, TPI1, CCHCR1, RIOK2, BRK1",0.0006980419531056985,2.692157506942749,8,5,3.053823471069336,9.29034423828125
2771,RANBP1,"RANBP1, CISD2, NUCKS1, BCL2L1, NELFB",3.5294256055906104e-05,2.434466600418091,5,1,0.7722266316413879,12.196053504943848
2772,FANCA,"FANCA, CENPJ, DEPDC1B, GATB, TRIM27",0.0032078557170812433,18.44867706298828,1,7,4.018203258514404,8.696691513061523
2773,KIAA0319L,"KIAA0319L, RFX7, MCUB, SKA2, SPAG7",0.0036735438178188934,6.410334587097168,19,9,1.6416093111038208,13.014001846313477
2774,RTTN,"RTTN, ESYT1, ODR4, ASF1B, NSRP1",0.015623590680747767,8.603126525878906,0,6,-2.4581522941589355,12.038151741027832
2775,ARL6IP5,"ARL6IP5, ITFG1, BAP1, CHML, MED24",0.009891215259667685,11.393646240234375,0,3,-0.687320351600647,11.618010520935059
2776,IL10RB,"IL10RB, PDLIM7, METTL23, LRRC28, TNRC18",0.004824528723642053,3.8325576782226562,1,9,2.007814645767212,14.0630521774292
2777,GOLGB1,"GOLGB1, SEC11A, STMN1, GMPR2, MRPL33",0.0041392319185565435,8.046751976013184,7,6,-2.071621894836426,12.317559242248535
2778,NIPBL,"NIPBL, NOP10, COX5B, PRPF6, NKTR",0.001171573221855772,7.934393882751465,15,8,-2.584148406982422,10.6451997756958
2779,STK35,"STK35, SFXN4, USP38, RPUSD4, GTPBP3",0.0003794132526009906,2.4387168884277344,0,3,0.32902470231056213,14.152385711669922
2780,TBCC,"TBCC, PRKAR1A, RC3H1, MAPKAPK3, FMC1",0.009994156839830744,5.348695278167725,20,4,3.1477363109588623,11.425171852111816
2781,ANKRD10,"ANKRD10, NSUN4, WDR48, PTCD2, CRCP",0.0012735344060172786,13.050869941711426,19,7,0.5096801519393921,10.154912948608398
2782,DBR1,"DBR1, EIF5A2, CEP192, PKD1, HIF1AN",0.025305001196083123,7.8177618980407715,0,9,1.319322109222412,10.558801651000977
2783,YWHAQ,"YWHAQ, NDUFB4, GLS, TLE5, SEM1",4.313742406832968e-05,4.251504898071289,3,1,0.833217203617096,12.299783706665039
2784,NDUFAB1,"NDUFAB1, SPCS1, EPB41, SNRPD3, ILF2",0.001322554206094926,5.710422515869141,2,0,-1.091761827468872,12.445967674255371
2785,ABR,"ABR, ASCC3, SCD, PICALM, TRIM33",0.0020725571472829307,6.096526145935059,44,3,0.601787269115448,14.20058536529541
2786,BABAM2,"BABAM2, BMPR1A, PMAIP1, HIF1A, MKNK2",0.00672943815465943,5.677121162414551,10,4,3.438246250152588,12.319799423217773
2787,MAP3K3,"MAP3K3, CERS2, RTTN, GGA1, PSKH1",0.008916701634124056,6.8577070236206055,2,9,1.1046565771102905,10.230337142944336
2788,ATOX1,"ATOX1, FNIP1, OSER1, FGFR1, PGRMC1",0.015300060000235295,6.706060886383057,14,9,1.8692978620529175,13.668988227844238
2789,MDP1,"MDP1, PSMD9, SPAST, LRWD1, TENT4B",0.006273554013937309,9.221274375915527,0,1,-2.6826465129852295,10.702574729919434
2790,CBX1,"CBX1, GABARAPL2, PICALM, ERH, MYO19",0.003942172322244401,11.49748706817627,1,3,1.960435152053833,14.13011360168457
2791,RPN1,"RPN1, SMC6, DGKD, THOC2, ZNF430",0.006973556759046114,11.08651065826416,6,3,-3.589197874069214,11.112727165222168
2792,CCSAP,"CCSAP, TP53RK, FAN1, RAMAC, CFAP410",0.014489272506951008,7.973174571990967,0,3,-2.985971212387085,11.1001558303833
2793,RALGDS,"RALGDS, ATRX, HYAL2, WDR59, RBM6",0.011164749665684964,6.244558334350586,0,0,1.7770582437515259,10.849980354309082
2794,WAC,"WAC, SLMAP, ZNF580, PPP2R2A, EDC4",0.01484907783952094,4.208607196807861,21,4,2.9266979694366455,11.34886646270752
2795,EIF3F,"EIF3F, EBPL, ARPC4, GDI1, PRXL2C",0.0008470621453417464,4.070373058319092,12,3,0.06718973070383072,11.131861686706543
2796,CSK,"CSK, EIF4E2, MED30, RPLP0, MYDGF",0.0001245102921972243,3.126166582107544,3,8,-0.8596987724304199,12.729724884033203
2797,QTRT2,"QTRT2, NADK2, GALE, FANCD2, MRS2",0.0053853152365303395,6.484604358673096,10,6,-2.0333237648010254,11.973502159118652
2798,RPAP1,"RPAP1, GMDS, RPN2, ANKRD16, SMAP2",0.013171620280863846,5.445812225341797,0,6,-0.4682282507419586,13.673478126525879
2799,ZNF664,"ZNF664, LEMD3, BRMS1L, KAT8, ARHGAP11A",0.0036343279777567754,4.032366752624512,1,5,3.1350455284118652,9.369606971740723
2800,MRPL18,"MRPL18, EIF1B, PTTG1IP, RTF2, KIAA0232",0.020924591861144554,8.356757164001465,8,4,4.466658115386963,11.170892715454102
2801,RAP1B,"RAP1B, PJA2, GNAI2, RNF220, UVRAG",0.009378468150855494,10.378437042236328,63,0,-0.8721745610237122,12.354533195495605
2802,MCM3AP,"MCM3AP, LSM3, ZFR, TACC3, WTAP",9.803960015529473e-06,1.5081875324249268,1,4,-0.1313038021326065,13.765541076660156
2803,MT-ND4L,"MT-ND4L, RPSA, ANXA2, ANXA5, HNRNPA1",0.0006049043329581685,10.9074125289917,1,8,4.0844011306762695,9.39034652709961
2804,NUBP1,"NUBP1, DLGAP5, UFSP2, COMT, UBE2E3",0.0038617798501170593,6.9736127853393555,15,6,-2.185868263244629,11.121687889099121
2805,DNAJB6,"DNAJB6, MGAT5, RPL36AL, ENO2, ARPC1B",0.002286283475621473,4.616397857666016,3,4,3.4344043731689453,12.042189598083496
2806,ATP5PF,"ATP5PF, SLTM, RPS5, NUP93, TUBA1C",0.002006870615178883,4.1102728843688965,6,4,3.1768832206726074,12.141525268554688
2807,SWAP70,"SWAP70, PSMB3, COPA, DCAF17, PPRC1",0.0035725630296589398,8.748775482177734,0,3,-0.1401819884777069,10.187066078186035
2808,CMAS,"CMAS, DHX29, PSPC1, ADAL, GATAD1",0.00017549088427797757,2.241248369216919,3,5,2.8701834678649902,10.043900489807129
2809,SREK1,"SREK1, CGGBP1, ATP11A, MRPL43, RRAGA",0.0018980466590065059,4.275343894958496,2,1,-0.02046191692352295,13.141581535339355
2810,NRBF2,"NRBF2, NUMB, HDAC2, PNRC2, CEP350",0.0034921705575315983,6.986119270324707,8,3,-2.7322728633880615,12.181461334228516
2811,HIBCH,"HIBCH, UQCRC2, ANLN, CAPNS1, CBFB",0.0018941250750002941,5.216513633728027,32,3,-0.32048434019088745,11.89441204071045
2812,DENND4B,"DENND4B, MARK4, ODF2, PANK3, XRCC4",0.0059010035333471895,4.189675331115723,0,0,2.1434152126312256,10.528393745422363
2813,TRAK1,"TRAK1, MMP24OS, MRPS24, ADD3, C6ORF62",0.002859815136529947,8.59484577178955,3,8,0.1872265487909317,9.401987075805664
2814,PIK3CA,"PIK3CA, SPG21, UBE3C, CIR1, OSBPL3",0.010882395617237715,8.802288055419922,2,3,2.276144027709961,13.032604217529297
2815,RETREG2,"RETREG2, ATL2, LAMTOR3, ORC3, GKAP1",0.012195145863317111,7.340170383453369,0,0,2.4842400550842285,9.771693229675293
2816,PSMD12,"PSMD12, MRPL4, BOLA3, GMNN, DAZAP1",0.0052451186083082675,6.223100662231445,6,5,3.912210464477539,10.780417442321777
2817,POMP,"POMP, SCD, ACO2, STAT3, GNAS",1.7647128027953052e-05,2.788804769515991,10,1,0.33579349517822266,11.7424898147583
2818,TROAP,"TROAP, RPE, TRAP1, RNF20, DDX54",6.862772010870631e-06,1.6771862506866455,0,5,3.0889947414398193,10.004273414611816
2819,VASP,"VASP, ZNHIT1, TMEM131, LAPTM4B, CLTB",0.0015196138024070683,2.9814248085021973,22,4,2.6261532306671143,11.614542007446289
2820,LUC7L2,"LUC7L2, HNRNPA0, STAT3, YIPF4, TRMT112",0.003998054894332919,5.888281345367432,11,9,2.0813868045806885,13.125682830810547
2821,RFX5,"RFX5, ASCC1, CREB3, C6ORF89, SDE2",0.018693210561610045,10.348998069763184,0,1,0.3517369031906128,10.042319297790527
2822,ADD3,"ADD3, DLG1, ANKRD26, ANKRD28, FOXN3",0.023797152145694687,5.266233921051025,7,4,3.000577211380005,12.037408828735352
2823,TMA7,"TMA7, COX6B1, PRPF39, COX7A2, MAPK3",0.00354609233761701,6.951267242431641,0,1,-0.8182694315910339,11.927824020385742
2824,MRPL55,"MRPL55, FAM120A, COX7B, TTC4, MTR",8.627484813665935e-05,2.2929465770721436,17,9,0.11566011607646942,13.99851131439209
2825,DCXR,"DCXR, HNRNPA0, POLR1D, PSMC3, XXYLT1",2.6470692041929576e-05,2.0926921367645264,2,4,0.7232708930969238,13.803448677062988
2826,PRKAR1A,"PRKAR1A, PHF5A, OGT, GPATCH2L, MGAT1",0.010190236040141333,10.897945404052734,13,1,-1.1923986673355103,11.222049713134766
2827,SLC35F6,"SLC35F6, SLC20A1, POP5, RAB5B, SMARCAD1",0.006883360326903243,13.446558952331543,0,3,-3.379470109939575,11.7346773147583
2828,LMBRD1,"LMBRD1, TTC17, PSPC1, AP1S2, PTEN",0.01563731622476951,6.711825847625732,13,9,2.0466809272766113,13.018221855163574
2829,PIN1,"PIN1, CIB1, MRM3, KMT2C, MACROD1",0.00921768320660081,11.120577812194824,0,3,-1.143568754196167,11.500646591186523
2830,CLCC1,"CLCC1, ARL17A, FAM98B, ZNF444, KMT5A",0.009450037058968859,6.3453450202941895,0,1,-2.0677719116210938,10.163898468017578
2831,FAM162A,"FAM162A, RAB11A, TMEM179B, ARIH1, IFNGR2",0.0011402005498060777,3.3665966987609863,22,4,0.37200039625167847,14.76884937286377
2832,ERBIN,"ERBIN, HMOX2, AP2M1, SON, SPCS2",0.0001598045482531304,3.165018320083618,0,6,1.0267817974090576,14.671195983886719
2833,RIPK1,"RIPK1, OBI1, D2HGDH, PATL1, PDPR",0.020117725951866477,7.462812423706055,0,0,2.144049644470215,10.646409034729004
2834,TMEM69,"TMEM69, TAMM41, PCIF1, PRKACA, JMJD8",0.005072568912034949,7.040052890777588,6,1,-2.233985662460327,10.98855209350586
2835,PIK3CA,"PIK3CA, IFI35, DDIT3, HTT, VPS35",0.01823830681688948,6.4609222412109375,0,3,1.0980950593948364,14.121745109558105
2836,SPTAN1,"SPTAN1, RBL2, VOPP1, ENO2, DAAM1",0.05837375832846403,10.801331520080566,0,8,3.5425965785980225,8.690791130065918
2837,JPT1,"JPT1, EIF5B, FADD, ASCC2, ATP6V1F",0.006439240938199758,6.953441619873047,7,4,3.8107924461364746,11.468851089477539
2838,MXI1,"MXI1, LGALS8, FBRS, COQ7, SH2B3",0.07968364581821889,5.8498053550720215,0,9,3.4264678955078125,8.812722206115723
2839,UBE2H,"UBE2H, CENPQ, FLOT2, SNX6, PFKP",0.04015603982760717,8.302279472351074,0,6,-0.9176518321037292,12.57192325592041
2840,OTUB1,"OTUB1, PPA2, RNASEH2C, WDR74, SDHD",0.00019902038831524829,4.2054924964904785,21,8,-1.0576096773147583,14.105852127075195
2841,NSMCE4A,"NSMCE4A, NUP160, RPP21, N4BP1, RALY",0.00013725544021741263,2.6360747814178467,19,6,0.2407265603542328,12.82159423828125
2842,NEU1,"NEU1, PIP5K1A, UROD, C14ORF119, CDK5RAP2",0.0022225577355205316,4.959880828857422,5,9,1.2158535718917847,9.690227508544922
2843,SHOC2,"SHOC2, TJP2, CWF19L2, RSU1, LANCL1",0.01801967850854317,12.302203178405762,1,8,-0.3259179890155792,9.436108589172363
2844,CCNH,"CCNH, PPP3CC, NUCB1, RAP1A, EIF4A3",0.009661802595304296,4.123129844665527,4,4,2.7075490951538086,11.527420043945312
2845,RAB5A,"RAB5A, PIP5K1A, POLR2H, MRPL3, HIBADH",0.005834336605241589,11.663077354431152,1,3,-3.172478199005127,10.931626319885254
2846,FLNA,"FLNA, INO80E, ALKBH7, STXBP3, HPS1",0.0021058906113357308,5.681759357452393,0,6,-1.9884270429611206,12.023102760314941
2847,DNAJC16,"DNAJC16, FANCD2, GALE, USP6NL, RHOT2",0.013742210753767662,9.0206937789917,0,6,-2.3310909271240234,12.251845359802246
2848,CDK9,"CDK9, DNAJC13, PLK1, GOT2, TOB2",0.008925525198138032,8.606106758117676,1,1,-1.9046791791915894,11.00436782836914
2849,ZMYM4,"ZMYM4, ME2, ADAM17, NDUFS4, NDUFS8",0.00021764791234475428,2.457159996032715,6,4,2.2513952255249023,11.289151191711426
2850,ATG101,"ATG101, CBX4, THAP1, SAE1, ZFAND2B",0.004424527155008451,9.951743125915527,1,0,-1.866461992263794,11.375596046447754
2851,PACC1,"PACC1, MGRN1, TIMM9, AKT2, TXNDC15",0.002992168596739595,5.307806015014648,0,0,2.4596035480499268,10.281039237976074
2852,SF3B6,"SF3B6, GNAS, LAMTOR5, FNBP4, PCNT",0.003327464029270703,8.298646926879883,2,6,-2.6480040550231934,12.135590553283691
2853,PDLIM2,"PDLIM2, ARHGEF1, CDC25B, MYDGF, ANKRD28",0.006866693594876842,6.570923328399658,12,9,2.0988402366638184,10.647933006286621
2854,HOOK2,"HOOK2, MPHOSPH8, GRK6, PEA15, NDUFAF2",0.005610806316887517,5.472910404205322,6,9,1.236439824104309,11.761011123657227
2855,PARP4,"PARP4, NOP58, LCORL, MEAF6, PSME4",0.00043039384468174387,3.326509952545166,10,6,-1.3211476802825928,13.242626190185547
2856,CNP,"CNP, NCOA6, LPCAT1, RABAC1, ZYG11B",0.004125506374534802,4.442616939544678,0,0,2.082535982131958,11.063066482543945
2857,VPS13A,"VPS13A, ATP6V0E2, ATRN, LANCL1, SNX13",0.04770901062357107,9.608661651611328,0,9,-0.010283317416906357,9.997214317321777
2858,<SPECIAL>,"<SPECIAL>, HMGCS1, LAPTM4B, SLC25A12, SRM",0.001096082729736195,72.28447723388672,3,2,-0.06875966489315033,8.885437965393066
2859,DGKZ,"DGKZ, DALRD3, SLC25A36, BET1L, PI4KB",0.006443162522205969,5.36331844329834,0,4,2.131218433380127,10.800703048706055
2860,MRPS10,"MRPS10, SLAIN2, TRAPPC8, CCNK, NSMCE4A",0.00022549108035717786,3.1418588161468506,1,6,-0.11496525257825851,13.741530418395996
2861,CLN8,"CLN8, ZZEF1, SFXN5, PIP4P1, KPNA4",0.00442060557100224,4.258973121643066,0,3,-0.13772156834602356,13.58447551727295
2862,FLOT2,"FLOT2, DENND6A, RNF138, BLCAP, MR1",0.005652963344954294,5.840607643127441,0,9,3.0716469287872314,10.251581192016602
2863,OSBPL8,"OSBPL8, MRPL51, YY1, KLC1, ACO2",0.00030392276048141366,3.0979340076446533,19,3,-0.9784876704216003,13.93533992767334
2864,TBPL1,"TBPL1, GOLGA2, MXRA7, SYNJ2BP, KLHL20",0.004854920999690195,8.735251426696777,0,0,2.267186403274536,10.11706829071045
2865,MAN2B1,"MAN2B1, DDX46, PPP1CC, RUNDC1, RACGAP1",0.004187271322632638,5.709841251373291,0,3,0.8435459136962891,13.459230422973633
2866,HINT2,"HINT2, PTTG1, FBXO7, SLC25A36, NUDT3",0.0002882364244565665,5.23059606552124,19,6,1.1385024785995483,12.256011962890625
2867,RBBP4,"RBBP4, METAP2, PCNP, LPGAT1, ALKBH7",0.014518684386997596,6.3408355712890625,13,4,4.536746501922607,11.446507453918457
2868,PET100,"PET100, SENP6, DDIT3, PHACTR4, ACTR10",0.010409844744489194,10.313345909118652,5,6,-2.2704899311065674,12.9100923538208
2869,IFNGR2,"IFNGR2, CHCHD1, EIF4E2, AP1G1, ESYT1",0.013018678504621586,4.766175270080566,1,5,2.918146848678589,11.223237037658691
2870,RALGDS,"RALGDS, MAP3K3, CDCA7, RP9, RTCB",0.015912807501205887,9.586711883544922,4,6,-2.533358335494995,11.959789276123047
2871,TATDN1,"TATDN1, SMG7, MFSD4B, CZIB, RCOR1",7.549049211957694e-05,2.5650739669799805,7,0,0.8769646883010864,12.885265350341797
2872,RPS19,"RPS19, UBE2Q1, RPL32, LTV1, TPT1",0.000298040384472096,2.472585678100586,6,5,3.960556983947754,10.315712928771973
2873,CTNNBIP1,"CTNNBIP1, TNFAIP8L1, ETFRF1, GET1, ARCN1",2.941188004658842e-05,2.423088312149048,1,1,-1.1740798950195312,12.921638488769531
2874,SEC61G,"SEC61G, CDK5RAP3, NCOA3, MCL1, SMURF1",0.03776093239581332,7.732921600341797,5,9,0.137881800532341,12.728973388671875
2875,CD99,"CD99, IMMP2L, MT-ND3, ASAH1, MT-ND1",0.0002676481084239546,3.667285919189453,0,8,-0.4833885729312897,10.126212120056152
2876,DNAAF2,"DNAAF2, BSDC1, ALDH16A1, IP6K2, PGGT1B",0.04156192769383409,16.75127410888672,0,5,4.3188371658325195,9.134777069091797
2877,VPS13A,"VPS13A, NAA50, TOP1, SCAMP1, SOAT1",0.0034107976894027035,5.065751552581787,1,0,0.7552390098571777,14.543739318847656
2878,ARPC3,"ARPC3, MYL6, OST4, SELENOK, COPE",0.0010441217416538888,7.585967540740967,5,8,-0.07990381866693497,12.681431770324707
2879,AQR,"AQR, TUSC2, IFT20, PACC1, BRWD1",0.0029245212726324416,7.997547626495361,4,3,-3.643317937850952,11.62987995147705
2880,HEATR6,"HEATR6, SLC25A44, EIF2A, CPSF4, ECT2",0.0007019635371119103,3.064608335494995,0,6,-0.4039772152900696,11.923151016235352
2881,MCCC2,"MCCC2, BRCA1, POLG, MIPEP, C4ORF46",0.011541221730281295,10.001717567443848,8,1,-1.949788212776184,11.409234046936035
2882,NPRL3,"NPRL3, ST7L, ERVK3-1, YEATS4, JMJD6",0.017758893172130086,9.884087562561035,5,6,-2.2171075344085693,12.334898948669434
2883,DDIAS,"DDIAS, DDRGK1, TARDBP, CREBZF, PPP6C",0.0018480464629273055,4.180258750915527,5,5,3.9529192447662354,11.315942764282227
2884,DCK,"DCK, YLPM1, NIPBL, THADA, ZMYND8",0.0009147094694488998,4.894625186920166,4,3,2.5315966606140137,9.880596160888672
2885,FZR1,"FZR1, WAPL, SIAH1, RFX1, CCDC32",0.002954913548680583,3.9522249698638916,0,6,0.1360473334789276,11.956612586975098
2886,USP32,"USP32, RNF220, FNDC3A, EHMT1, UBE3A",0.013622602441578202,5.845008373260498,6,9,0.8868054151535034,14.719595909118652
2887,DCP1A,"DCP1A, BFAR, RNF4, STYXL1, ZFAND2B",0.013318679681096788,10.062243461608887,0,6,-2.1465632915496826,11.800734519958496
2888,MICOS10,"MICOS10, AURKAIP1, HNRNPA0, IFT20, ARPC2",0.008320620865179864,4.74542760848999,0,4,2.9069573879241943,11.857151985168457
2889,FNBP1,"FNBP1, COP1, NBEAL1, DIS3L2, RBM6",0.03332169930078157,8.536038398742676,6,9,1.0262287855148315,14.511979103088379
2890,CEBPG,"CEBPG, TMEM183A, EXOSC5, SPATC1L, THOC3",2.549029604037663e-05,1.704128384590149,8,5,3.9282009601593018,9.92539119720459
2891,SLC30A7,"SLC30A7, COMMD4, JMY, TXNDC15, BCOR",0.002938246816654183,3.9985830783843994,0,0,2.2758231163024902,10.649287223815918
2892,POLR2D,"POLR2D, PIF1, C8ORF76, NDUFAF4, TRMT61B",5.490217608696505e-05,2.174313545227051,8,5,3.3975887298583984,9.693445205688477
2893,AHCY,"AHCY, CPNE1, APPL1, SAFB, CHCHD1",4.215702806677673e-05,2.6279470920562744,32,9,0.049390487372875214,14.61060905456543
2894,PHGDH,"PHGDH, UBE2H, MTA2, GPBP1, CEP57",0.00040686434064447313,2.826594114303589,17,9,1.3958806991577148,12.286115646362305
2895,PPP1R12A,"PPP1R12A, ZC3HAV1, OSBPL8, MRPL51, BZW1",0.0009382389734861706,3.6897151470184326,5,3,-3.0102312564849854,11.276044845581055
2896,CHD9,"CHD9, ITM2C, PTTG1, ARPC5, CCDC88A",0.003956878262267695,7.322566986083984,32,6,-0.6131306886672974,10.90402603149414
2897,MED15,"MED15, GPX4, UQCRFS1, CFAP20, CSTB",0.0013107894540762906,6.946188449859619,0,0,-1.0667985677719116,12.288190841674805
2898,ARMC1,"ARMC1, EWSR1, SPCS3, AGTRAP, STRN3",0.004895117235753866,12.97949504852295,2,1,-1.3453335762023926,11.296401977539062
2899,TLN1,"TLN1, TMEM50A, SNX6, SF3B2, ARHGDIA",7.25493041149181e-05,3.027939796447754,7,3,1.124157190322876,13.456382751464844
2900,JOSD2,"JOSD2, POLK, DRAM2, SCNM1, NGRN",0.00017058890427021283,2.891047954559326,23,3,-0.18096600472927094,13.839787483215332
2901,MXRA7,"MXRA7, RIC8A, CDIPT, CRTC3, PEX2",0.009557880619139683,6.8397536277771,0,0,1.9693504571914673,9.994622230529785
2902,JADE1,"JADE1, WASL, HMMR, ARFGAP3, TSN",0.006456888066227711,6.024550914764404,2,5,4.03878116607666,11.235198974609375
2903,KANSL1,"KANSL1, PRELID3B, PDCD2, ETS2, PPP1R12A",0.01379809332585618,4.207862854003906,25,4,2.2839133739471436,11.747870445251465
2904,TRAPPC1,"TRAPPC1, ARL13B, KRTCAP2, PSME3, FLYWCH2",0.0019392232910717298,4.613622665405273,29,1,1.5821900367736816,13.367380142211914
2905,ENSA,"ENSA, CDC42SE2, IL6ST, TMEM63A, SRSF7",0.007520617727912658,8.815787315368652,8,0,-0.32218196988105774,11.91390323638916
2906,PUF60,"PUF60, GRK6, PSMA2, MPC2, EEF1E1",0.0032088361130827962,5.7301836013793945,32,4,2.6465094089508057,12.263128280639648
2907,ARL1,"ARL1, TMEM245, NQO2, CMC1, HPS5",0.0133559347291558,12.794173240661621,1,1,-2.2103757858276367,11.112312316894531
2908,HPS3,"HPS3, DNAJC13, CEP164, CNST, PRKD3",0.007531402083929741,5.777886390686035,0,5,3.0499610900878906,9.847676277160645
2909,FNDC3A,"FNDC3A, DUT, CCT6A, UBR2, PIAS1",0.008021600084706215,12.183616638183594,5,0,-1.6239237785339355,12.2344388961792
2910,CD151,"CD151, CEBPZ, IDH2, RHEB, DYNC1H1",9.019643214287114e-05,2.336850166320801,19,3,1.1140344142913818,13.300257682800293
2911,CASP8AP2,"CASP8AP2, E2F6, DCP2, MRS2, CLPX",0.0018549092349381762,27.3812313079834,6,7,4.294313430786133,8.682544708251953
2912,RBM17,"RBM17, NDUFB6, NUCB1, NUTF2, ZMYM4",0.0077294420762434365,7.756139278411865,5,4,4.296205520629883,11.603424072265625
2913,TIMM23,"TIMM23, ZNHIT3, MRFAP1L1, MXI1, NHP2",0.0025539315840454276,8.205364227294922,7,1,-2.3753859996795654,10.11863899230957
2914,DYNC1I2,"DYNC1I2, RAB29, PGD, PIAS2, HPS1",0.0047402146675085,5.133445739746094,11,4,2.579601526260376,11.134605407714844
2915,METTL9,"METTL9, HSPA9, CHURC1, SSR2, SEPHS2",2.3529504037270734e-05,2.614868402481079,0,6,0.2684917747974396,12.235513687133789
2916,TUSC2,"TUSC2, MRPL34, GTF3C2, RPS6KB2, UBE2J2",6.568653210404746e-05,2.2513954639434814,16,3,0.8054031729698181,13.643241882324219
2917,LARP7,"LARP7, SREK1, EP400, EAPP, TBL1X",0.022823618916152612,4.623148441314697,0,4,2.3643062114715576,11.372156143188477
2918,ZNF644,"ZNF644, EHMT1, APOO, LLPH, DYNLT1",0.0011470633218169483,4.246457099914551,1,3,-0.6374148726463318,12.812469482421875
2919,SLC25A26,"SLC25A26, MRPS25, ACAD9, PPA1, UQCR11",0.0017754971588123875,5.405425548553467,0,6,0.23866130411624908,10.691089630126953
2920,MYO9B,"MYO9B, COPS6, WDFY2, ECHS1, SETD5",0.011683379150506473,13.30573558807373,7,6,-0.9125900864601135,14.312289237976074
2921,RDX,"RDX, ATXN10, PTEN, NDUFAF3, CSPP1",0.005928454621390672,6.556990623474121,8,4,3.1400067806243896,12.161083221435547
2922,ZBTB17,"ZBTB17, ACADVL, CCNQ, TXNDC9, MRNIP",0.0011107886697594893,3.5385055541992188,0,6,0.6364381313323975,13.043048858642578
2923,RBMX,"RBMX, ING1, GUCD1, TMEM101, FASTK",0.010999062741422516,8.994832992553711,0,6,0.7638193368911743,10.0152006149292
2924,TAF1D,"TAF1D, RO60, NSMCE1, KIF5B, CALCOCO2",0.0002950991964674371,2.7603440284729004,7,9,0.7765587568283081,12.046113014221191
2925,ATP6V1F,"ATP6V1F, NDUFB7, TAOK1, SOD1, MRFAP1L1",0.000130392668206542,2.6951467990875244,6,4,0.9467843174934387,14.662500381469727
2926,ITGB1,"ITGB1, CCT8, HIF1A, SPAG9, C4ORF3",0.0073588523876564225,11.995661735534668,32,0,-1.3072739839553833,11.314164161682129
2927,DKC1,"DKC1, TWF2, PLD3, CHPT1, C1D",0.006328456190024275,8.217153549194336,23,6,-0.22896642982959747,11.630655288696289
2928,RABGGTA,"RABGGTA, GMEB1, SNAPC5, SLC35E1, STAM",0.004194134094643509,4.854748249053955,2,6,-0.3186095952987671,14.521313667297363
2929,RPS3A,"RPS3A, EIF1, ACTB, RPL24, RPS20",0.00011274554017858893,3.6516757011413574,0,8,-0.364439994096756,14.030677795410156
2930,KMT2C,"KMT2C, KPNA5, IL10RB, MYSM1, MAP3K3",0.008099051368828897,6.620988845825195,0,0,1.8413546085357666,10.97825813293457
2931,NSRP1,"NSRP1, SMIM26, PTPN2, PSPC1, SPOP",0.01646967243008796,5.122166633605957,7,4,2.6001265048980713,11.22077465057373
2932,SUPT16H,"SUPT16H, ABCE1, UBE2L3, NDC1, UTP25",3.8235444060564946e-05,2.4329042434692383,14,5,3.704641580581665,9.238024711608887
2933,SMIM7,"SMIM7, CLIC1, WDR83OS, OSTC, MTDH",0.0004960803767857913,3.3190605640411377,6,3,1.1135826110839844,13.629037857055664
2934,TCTN1,"TCTN1, ATPAF2, CHMP7, PNPLA8, RRAGA",0.08149541762908874,7.008943557739258,0,5,3.9429404735565186,9.242234230041504
2935,SURF6,"SURF6, STAT1, PAXX, SNRNP70, NIPBL",0.00013333385621120084,2.3738324642181396,3,4,0.04971003904938698,12.649893760681152
2936,DYNC1LI1,"DYNC1LI1, ACAP2, CDC42SE1, BNIP3L, NDUFA12",0.00017549088427797757,2.423590898513794,9,1,0.6015738248825073,12.394538879394531
2937,IER2,"IER2, CLTC, CDC42SE1, SLTM, XRN1",0.004465703787073675,5.2181196212768555,9,4,2.99981689453125,11.841886520385742
2938,SAR1A,"SAR1A, FBXO45, GUSB, BIRC2, APH1A",0.010459844940568395,4.802088260650635,5,5,3.3770222663879395,10.383440971374512
2939,PUM1,"PUM1, GAR1, KPNB1, EIF3G, PPP1R2",0.00949415487903874,12.763642311096191,11,1,1.1509511470794678,12.831416130065918
2940,HSP90AB1,"HSP90AB1, KLF6, SF3A3, DDIT3, HIBADH",0.047609010231412674,6.937366008758545,1,3,-0.09228239953517914,9.75692367553711
2941,FNIP1,"FNIP1, POLR3GL, CORO1B, DDX5, SPTBN1",0.004188251718634191,3.139132261276245,21,4,2.9094810485839844,12.461151123046875
2942,POM121C,"POM121C, DCTN1, TRNT1, IDH1, TMEM248",0.013181424240879376,15.955154418945312,14,3,-2.9313032627105713,10.959805488586426
2943,GMCL1,"GMCL1, UBE2H, YBX3, PSMA7, RPS27L",0.002858834740528394,9.956743240356445,3,1,1.427420973777771,12.62590503692627
2944,SKP2,"SKP2, ZNF587, C5ORF22, E2F1, SMG8",0.0042843305267863795,7.292511463165283,10,3,-3.309065341949463,11.160198211669922
2945,ZNF91,"ZNF91, FERMT2, BBX, PDCD4, CCSER2",0.03515896140769179,10.839030265808105,0,3,0.8295062184333801,13.311409950256348
2946,ZNF195,"ZNF195, CNOT11, BRK1, RAVER1, MIOS",0.003866681830124824,7.8671112060546875,1,1,1.6769331693649292,13.143888473510742
2947,IFNGR1,"IFNGR1, TMEM59, WEE1, PAGR1, ARFGEF1",0.0003607857285714846,2.2794301509857178,4,4,3.7427256107330322,11.555054664611816
2948,PEF1,"PEF1, SURF2, FAM3C, ERGIC1, SNRNP27",0.006886301514907902,9.020174026489258,5,3,-3.5173633098602295,11.11924934387207
2949,CCNY,"CCNY, FIS1, MSL3, HMGB1, RAB2A",0.0038362895540766826,11.819340705871582,1,3,-0.8961836695671082,11.099469184875488
2950,STK3,"STK3, PRKAR1A, ETS2, RSL1D1, PRPF4B",0.004834332683657583,5.065314769744873,8,9,1.138142704963684,11.947999000549316
2951,INTS8,"INTS8, PRPF39, UNG, EFL1, CLPTM1L",0.013301032553068836,11.007303237915039,0,3,-2.98783540725708,10.163440704345703
2952,KANSL1,"KANSL1, SAP18, SON, NDFIP1, RBM25",0.005261785340334668,7.803065299987793,35,6,-0.48472508788108826,11.223832130432129
2953,EIF4E2,"EIF4E2, CYTH2, TSPAN14, PABPN1, NUP98",6.568653210404746e-05,2.767704486846924,2,6,-0.06507903337478638,9.751477241516113
2954,TSC22D2,"TSC22D2, AKIRIN1, UFD1, STIP1, SNF8",0.008613759269644194,6.372227668762207,25,5,3.359468698501587,9.613971710205078
2955,TMED1,"TMED1, NCSTN, TYW1, KLF16, BCKDHA",0.007745128412268283,13.184680938720703,0,6,-2.129365921020508,11.455413818359375
2956,<SPECIAL>,"<SPECIAL>, SRM, ZMYND19, LAPTM4B, TFRC",0.0010284354056290417,71.25336456298828,6,2,1.6986640691757202,14.255817413330078
2957,ZDHHC4,"ZDHHC4, FRA10AC1, HADH, ZBTB37, PTPA",0.00691571339495449,5.341968059539795,0,4,1.540034294128418,10.145009994506836
2958,ELOC,"ELOC, NAA16, SBDS, CBX6, GOT1",0.007260812787501128,4.7701897621154785,2,9,0.3531549274921417,11.906606674194336
2959,TMF1,"TMF1, CEP295, PURA, ZBTB8OS, CCM2",2.549029604037663e-05,2.220449447631836,35,3,1.381217360496521,12.32583236694336
2960,CHD8,"CHD8, RSF1, MDH1, DPP8, SMIM19",0.002136282887383872,9.728927612304688,9,0,-2.1711061000823975,11.102972984313965
2961,PRC1,"PRC1, TOLLIP, AFMID, MOSMO, RPA2",0.0061951223338130735,8.886585235595703,0,6,-2.519676685333252,12.052902221679688
2962,DTL,"DTL, UBE2G1, SMIM19, BIVM, C16ORF87",0.0040647218224385195,9.889512062072754,4,6,-2.4993457794189453,11.660943031311035
2963,CINP,"CINP, MRPL11, EDC4, NAT10, SLC30A5",0.00397844697430186,5.102961540222168,1,5,4.334236145019531,9.069473266601562
2964,PIGC,"PIGC, OSGEP, KCTD13, TMEM181, SPOP",0.009069643410366314,14.82774543762207,0,1,-2.271737813949585,11.064906120300293
2965,SELENOS,"SELENOS, ANP32A, ENSA, NUDC, SEC11A",0.001432358558268856,6.207106113433838,8,0,0.17118480801582336,10.854473114013672
2966,ZNF280D,"ZNF280D, GALNT10, TP53BP1, CCSER2, CD55",0.08061012003968643,10.615104675292969,0,9,1.493927001953125,12.298389434814453
2967,TMF1,"TMF1, FADS1, HNRNPK, WDR43, NAMPT",3.1372672049694314e-05,1.8788057565689087,8,0,0.164353609085083,12.568720817565918
2968,ZCCHC10,"ZCCHC10, ENSA, POGZ, HSP90AA1, PGAM1",0.001247063713975349,6.905467987060547,10,0,-0.21157237887382507,12.16087818145752
2969,ECSIT,"ECSIT, WDR73, TFIP11, GFOD2, POLA2",0.020109882783854054,11.831846237182617,0,1,-2.0502469539642334,11.288564682006836
2970,MCM2,"MCM2, ACADVL, RABEP1, OSBPL9, SAMD1",0.00485982297969796,11.820984840393066,10,1,-2.712606430053711,10.012734413146973
2971,<SPECIAL>,"<SPECIAL>, HMGCS1, SRM, ZMYND19, SLC20A1",0.001055886493672524,71.26075744628906,6,2,1.4489153623580933,9.97863483428955
2972,CHMP1A,"CHMP1A, MED11, TENT4B, PPM1D, MIB2",0.02150890787807011,8.063155174255371,1,5,3.245020627975464,9.824577331542969
2973,LMBRD1,"LMBRD1, SELENOT, TMEM63A, YDJC, NPIPB5",0.024980490119569095,8.900074005126953,1,9,1.1154000759124756,13.96385383605957
2974,TLE5,"TLE5, PABPC4, SHKBP1, NDUFB5, ENO2",0.00024019702038047207,3.419212818145752,3,6,0.006145833060145378,13.361660957336426
2975,PIK3CB,"PIK3CB, C12ORF4, OTUD6B, ACTR3, SOX12",0.0009607880815218883,2.8687188625335693,11,4,0.970982015132904,10.846118927001953
2976,PDE12,"PDE12, FAIM, QTRT2, TATDN2, VKORC1L1",0.0015500060784552096,3.974348545074463,1,6,-2.492494583129883,12.032422065734863
2977,EXOSC7,"EXOSC7, PRRC2B, RBX1, ANP32E, LEPROT",0.005253942172322244,10.276323318481445,7,3,-3.0325491428375244,10.134061813354492
2978,SNRPD1,"SNRPD1, DDX5, NOP53, BTF3, NBAS",0.003248051953144914,4.480169296264648,2,4,3.2458655834198,12.131580352783203
2979,SNRNP48,"SNRNP48, PPP1R37, PNO1, CUL2, GTF2E2",0.0037107988658779054,10.138802528381348,1,8,3.3679585456848145,8.873659133911133
2980,PAXBP1,"PAXBP1, ALG13, NCBP3, DHCR24, MRPL1",0.008049051172749696,10.861924171447754,0,3,-3.1537692546844482,10.80805492401123
2981,RAB5B,"RAB5B, MRM3, HAT1, IFNAR1, DDX52",0.01409711410632983,12.467032432556152,3,3,-3.3452091217041016,11.55002212524414
2982,BLZF1,"BLZF1, VPS13D, METTL6, CARNMT1, KLHL21",0.02527460892003498,9.188759803771973,2,1,0.6758880019187927,10.628716468811035
2983,GABARAPL1,"GABARAPL1, INSIG2, ANAPC4, CDK9, MTO1",0.013209855724924412,6.380417346954346,0,1,1.2473584413528442,9.631755828857422
2984,ARL6IP6,"ARL6IP6, C2ORF69, ARF3, RNF40, ARHGAP11A",0.005145118216149867,6.349289417266846,0,5,3.0463852882385254,9.361246109008789
2985,PSME3,"PSME3, HEATR1, AURKA, MRPL15, ASPM",8.431405613355346e-05,3.002620220184326,32,5,4.199902057647705,9.081592559814453
2986,TXNDC5,"TXNDC5, MRPL23, PTPRA, NDUFS3, ARID1A",0.00373236757791207,7.785608291625977,8,1,-1.603135585784912,10.852517127990723
2987,RPP21,"RPP21, ANXA6, NUSAP1, ELOC, ELP5",0.0027264812803187463,6.876405715942383,2,0,-2.4826481342315674,12.471050262451172
2988,PUS7L,"PUS7L, ADSL, PSMC3, PPM1K, ERH",0.00036176612457303756,2.361786127090454,0,4,2.9947545528411865,12.404568672180176
2989,EFTUD2,"EFTUD2, PPM1G, MRPL15, WDR12, PFAS",0.0006392181930125216,15.356169700622559,23,7,4.29705286026001,8.736621856689453
2990,TMEM208,"TMEM208, SAFB, AHCTF1, SLC33A1, DPF2",4.117663206522378e-05,1.8810882568359375,8,0,-0.38662323355674744,13.416744232177734
2991,RNASEH2C,"RNASEH2C, CCDC6, FXR1, TRIM37, SHPRH",0.00011078474817548304,2.6871910095214844,10,3,-0.2657569348812103,9.402302742004395
2992,CDK7,"CDK7, CACYBP, RFXANK, ENDOG, HNRNPAB",0.01559417880070118,12.284133911132812,1,4,2.9426774978637695,10.571420669555664
2993,POLR2J3,"POLR2J3, TAF1D, TBCB, CMTM6, KIF5B",8.725524413821231e-05,4.128485679626465,4,6,-0.39218956232070923,12.848929405212402
2994,VPS37B,"VPS37B, PSMD6, DNAH14, EPM2AIP1, ZNF267",0.0005794140369177918,3.541135549545288,13,6,-0.3530060052871704,14.24475383758545
2995,NKIRAS2,"NKIRAS2, XPO4, RBM27, CETN2, RAB9A",0.0023313816916929087,4.736706256866455,0,0,1.096776008605957,14.357098579406738
2996,DNAJC8,"DNAJC8, TCEAL8, MTHFS, PRCC, GAMT",4.8039404076094415e-05,1.7090227603912354,0,4,3.4661686420440674,10.118685722351074
2997,SPEN,"SPEN, HTT, SLC25A36, RB1, ZNF644",0.0013911819262036323,4.354439735412598,12,6,-1.4130809307098389,11.364458084106445
2998,NCAPH2,"NCAPH2, TEX261, NDUFS7, NDUFS3, MIIP",0.003144129976980302,7.364809036254883,2,1,-1.8291386365890503,10.917137145996094
2999,PEPD,"PEPD, POLR2M, CYBC1, CXXC1, CKS1B",0.017258891211338084,5.778676509857178,0,1,1.1922855377197266,12.60765552520752
3000,RBM8A,"RBM8A, ITPR1, PMAIP1, FNBP1, NCOA2",0.0053108051404123155,10.481035232543945,21,8,-0.17255070805549622,9.137579917907715
3001,ACTR2,"ACTR2, SNX6, CKS1B, TGFBR1, REEP5",0.0007882383852485696,4.102032661437988,5,0,0.40959906578063965,12.718213081359863
3002,MFSD10,"MFSD10, MINDY2, MMS19, CSNK1G1, FADS3",0.007531402083929741,6.234404563903809,0,9,1.9887396097183228,10.197466850280762
3003,RPS19BP1,"RPS19BP1, RAD21, TCP1, PSMB2, MRPS34",0.008206894928999722,7.912232398986816,0,4,4.173882484436035,11.0716552734375
3004,AP2A2,"AP2A2, LLPH, AMFR, RXRA, ZNF268",0.028765799081565027,7.717337608337402,0,6,-0.8499793410301208,13.80841064453125
3005,RPAP3,"RPAP3, BTG3, ABHD2, YY1, FNIP2",0.0022970678316385556,8.68524169921875,47,3,-3.6093502044677734,11.046446800231934
3006,HMGCL,"HMGCL, GRWD1, VCPIP1, DPH2, RTL10",0.01361868085757199,7.823473930358887,2,3,-3.0140769481658936,11.034096717834473
3007,SVIP,"SVIP, SMAGP, PIK3CB, RNF115, YBEY",4.509821607143557e-05,2.611705780029297,5,6,-0.559868335723877,12.255111694335938
3008,STAM,"STAM, COMMD1, ANKRD11, MKI67, DAD1",0.0011637300538433484,8.271461486816406,0,3,0.9416640996932983,12.566535949707031
3009,HDAC8,"HDAC8, CTDSPL2, ARPC3, TP53BP1, CREBZF",0.008014737312695345,10.066877365112305,1,0,-0.3547573387622833,9.969818115234375
3010,UROD,"UROD, PPP1R18, PMVK, GAS2L1, AP2M1",0.007198067443401739,7.260612487792969,13,9,-1.179429054260254,10.320518493652344
3011,SH3KBP1,"SH3KBP1, ACADVL, RAB7A, KAT6A, NPEPPS",0.0009637292695265472,3.2228119373321533,14,1,0.4712362587451935,11.782010078430176
3012,PABPN1,"PABPN1, NDUFS3, PTBP1, MRPS15, STMP1",0.01016572614010251,6.415788173675537,17,4,4.103716850280762,11.662531852722168
3013,PHB2,"PHB2, ZMYND8, ARF4, NDUFC1, PET100",0.004029427566382613,5.785002708435059,5,4,4.263476848602295,11.333046913146973
3014,GNB1,"GNB1, PPP1R18, SKP1, RBM3, UBXN1",0.010928474229310703,12.08522891998291,3,3,-1.1263242959976196,10.43780517578125
3015,TSPAN14,"TSPAN14, STX8, USP24, FUNDC2, ZBTB1",0.019776548143326054,5.659740924835205,1,9,1.8090713024139404,14.014533996582031
3016,GTF2B,"GTF2B, BRWD1, AARSD1, PPIB, NPTN",0.0030617767128498542,8.918224334716797,2,3,1.415149450302124,13.770485877990723
3017,GART,"GART, PPID, RNF8, KIF23, PCCB",9.803960015529473e-06,2.2075002193450928,0,5,4.340297222137451,8.86670970916748
3018,FGD6,"FGD6, KAT5, PEAK1, ZNF672, ZMYND8",0.000537257008851015,2.1475579738616943,1,4,3.09594988822937,11.422286033630371
3019,LRPAP1,"LRPAP1, SRSF1, CDKN1B, ZYX, CDC42SE1",0.013471621457339048,13.89281177520752,8,3,0.9252651929855347,13.102468490600586
3020,KMT2D,"KMT2D, E2F6, PSPH, ORC6, SPC25",8.529445213510641e-05,2.632033109664917,12,5,3.9078729152679443,9.198480606079102
3021,C7ORF50,"C7ORF50, CASP6, HMG20B, ASPSCR1, STAM",0.00583139541723693,5.179396629333496,0,5,3.6496267318725586,10.06549072265625
3022,MPRIP,"MPRIP, AVL9, TMEM243, TMEM87A, HLCS",0.018433405621198516,6.698333263397217,0,4,3.9238343238830566,11.177672386169434
3023,VAT1,"VAT1, TPX2, SNRPG, MTF1, CHD9",0.002009811803183542,7.589962482452393,1,9,0.7174687385559082,14.83187198638916
3024,MID1IP1,"MID1IP1, WBP1, CREB1, BLCAP, DENND4A",0.08279248153914329,11.048298835754395,0,6,-0.2389664202928543,12.802141189575195
3025,FRYL,"FRYL, RBM25, AP2S1, PRR13, UXT",0.00013235346020964788,3.551487922668457,10,8,-0.4728913903236389,9.800985336303711
3026,SMIM20,"SMIM20, ABHD13, NUDT16L1, GGPS1, TMEM131",0.0032304048251169614,5.494186878204346,1,1,0.6264275312423706,12.49798583984375
3027,ZNF426,"ZNF426, XRCC1, PAQR4, SGSM3, ORC5",0.0050127647559402196,6.942168235778809,1,5,3.575340986251831,9.30531120300293
3028,ADGRA3,"ADGRA3, DCP1A, SLAIN2, THAP7, GLYR1",0.0020519688312503185,4.972113609313965,1,0,0.8135585784912109,13.711387634277344
3029,ANAPC10,"ANAPC10, PRPF38A, WASHC3, SDF2, PNN",0.000130392668206542,2.738485336303711,7,6,0.17801156640052795,13.814218521118164
3030,SPART,"SPART, UBE2H, TGIF1, XPR1, HIPK2",0.016247122537735442,4.846691131591797,18,4,2.87136173248291,12.223936080932617
3031,SRRM1,"SRRM1, SLC3A2, TXNRD1, MT-ND5, ZNF207",0.006940223294993313,9.427166938781738,4,4,3.7116713523864746,11.72219467163086
3032,BCLAF1,"BCLAF1, EIF2AK1, PPP1CB, NUDT5, HIGD1A",5.5882572088517995e-05,2.0782811641693115,14,3,1.036603331565857,13.542495727539062
3033,YIPF3,"YIPF3, EIF4A2, MRPL33, MAPKAPK3, SKP1",0.0001970595963121424,2.5603060722351074,0,3,-0.6321248412132263,13.415191650390625
3034,PSMC6,"PSMC6, SMS, BUB3, TRAF3, FAM210A",7.25493041149181e-05,2.3276784420013428,12,4,2.9617154598236084,10.344018936157227
3035,SUZ12,"SUZ12, MRPS24, ASH2L, RCE1, PSMB2",3.9215840062117894e-05,1.8634783029556274,15,5,3.5000014305114746,9.298135757446289
3036,EXOSC8,"EXOSC8, RAB7A, GPI, SSBP3, WASF2",0.0003333346405280021,2.380765914916992,2,4,3.0283100605010986,11.370285987854004
3037,NOP16,"NOP16, PRDX4, OXA1L, BARD1, GMDS",0.004424527155008451,10.698535919189453,12,0,-0.8001624941825867,10.488516807556152
3038,SERTAD2,"SERTAD2, EZH1, WDR45, PRKCA, USE1",0.008057874736763674,7.37119197845459,8,0,-0.13098366558551788,9.949376106262207
3039,GLYR1,"GLYR1, DNAJA1, EIF1B, GNPTG, USP15",5.39217800854121e-05,2.1497702598571777,13,0,1.0242964029312134,12.260504722595215
3040,RPL23A,"RPL23A, RPS6, RPL13, RPS9, GMPS",0.0008539249173526171,3.801642894744873,4,4,2.9461750984191895,11.663224220275879
3041,MICOS10,"MICOS10, POC5, MLLT10, ANAPC16, HOOK2",0.015250059804156094,5.762281894683838,0,3,1.667494773864746,14.097941398620605
3042,NKTR,"NKTR, PABPC1, THAP5, USP34, PACC1",0.01338534660920239,12.994956016540527,0,3,-1.1846091747283936,11.754378318786621
3043,ZNF791,"ZNF791, ZNF32, SP1, PCMT1, TCOF1",3.9215840062117894e-05,2.553972005844116,1,1,1.5912220478057861,13.497272491455078
3044,UBE2D3,"UBE2D3, FKBP1A, HERC1, RAPGEF6, TCEA1",0.007750030392276048,7.762738227844238,5,4,3.9880757331848145,11.348931312561035
3045,PPAN,"PPAN, TSR1, ASPM, RAD51C, EPS15",0.000556864928882074,2.4589250087738037,8,5,4.383495330810547,9.68077564239502
3046,SPCS2,"SPCS2, ROMO1, KRTCAP2, ATP5F1C, KRT10",0.0002941188004658842,4.1226701736450195,7,9,-0.9290246367454529,13.890944480895996
3047,ZFP91,"ZFP91, NDUFAF7, NEK2, YEATS4, GATAD1",0.010211804752175499,7.386013984680176,0,5,3.7895588874816895,9.191879272460938
3048,ELOB,"ELOB, RPP25L, CAT, UQCRB, INTS12",0.010820630669139878,10.837159156799316,0,6,-0.9622194170951843,14.064833641052246
3049,FAM114A2,"FAM114A2, CLCC1, STARD3, SMARCA1, RBSN",0.016210847885677983,6.512547016143799,0,5,3.4196131229400635,9.750259399414062
3050,TSC2,"TSC2, RANBP1, CNOT8, GALNT2, WRN",6.372574010094157e-05,2.000610113143921,6,9,0.16760817170143127,12.181509017944336
3051,DDIT4,"DDIT4, ACSL4, TBL2, SMURF2, HCFC1R1",0.01475986180337962,7.325288772583008,0,9,1.2162117958068848,10.371302604675293
3052,NDUFB5,"NDUFB5, RCN1, ACSL3, RAB5IF, RB1",0.005802963933191895,5.686072826385498,4,9,1.7556874752044678,13.455353736877441
3053,ANKRD10,"ANKRD10, QSOX2, NDUFA10, SIRT6, MAPRE1",0.013999074506174535,8.121781349182129,6,5,3.55222225189209,9.769412994384766
3054,ELOB,"ELOB, LACTB2, CEP44, NR2F6, MTA1",0.006243161737889168,6.61536169052124,0,1,-0.5128505229949951,10.408267974853516
3055,TBC1D23,"TBC1D23, PNKD, GOLGA2, POLRMT, ZCCHC3",0.0030019725567551245,21.548431396484375,3,7,4.255451202392578,8.709619522094727
3056,BORCS5,"BORCS5, MED19, HOMER3, LACTB, ADAM9",0.0075843434680136,6.784398078918457,1,0,1.9979145526885986,10.47458267211914
3057,NDUFC1,"NDUFC1, RRBP1, UAP1, REV3L, TANK",0.002045106059239448,5.674835205078125,6,0,-2.9137356281280518,11.221141815185547
3058,SMARCD2,"SMARCD2, STXBP4, CD320, ARL5A, MYNN",0.0014362801422750677,4.274962425231934,5,3,0.12647119164466858,12.843914985656738
3059,SUPT4H1,"SUPT4H1, RTRAF, API5, MRPL52, PAXX",0.006439240938199758,11.960225105285645,1,3,-0.3596605658531189,11.550387382507324
3060,HNRNPF,"HNRNPF, SREK1, BRWD1, VMP1, NME7",0.00132059341409182,5.841892719268799,17,3,0.740922212600708,12.335249900817871
3061,TMEM128,"TMEM128, SREK1, CEP78, ALG2, SMARCA1",0.011342201341966047,11.59359359741211,2,3,-3.1218998432159424,10.444568634033203
3062,JADE1,"JADE1, MAPK3, SDHAF1, FBXW9, COG4",0.02180890905454531,12.57075023651123,3,5,4.038204669952393,9.438450813293457
3063,PAQR4,"PAQR4, MMS19, CD58, TMEM185B, RPL10A",0.014446135082882679,6.753602981567383,0,8,0.9318068027496338,10.091365814208984
3064,CDC34,"CDC34, FN3KRP, MCCC2, SART3, CISD3",2.6470692041929576e-05,2.689664125442505,7,1,1.5943459272384644,14.257123947143555
3065,PDCL,"PDCL, PPP6R1, GTF2E2, TMEM60, G6PD",0.012134361311220828,8.393141746520996,0,3,-3.2387282848358154,12.002850532531738
3066,ACTR1B,"ACTR1B, MOB1B, FAM91A1, ST7L, OCEL1",0.003681386985831317,5.070195198059082,0,6,2.3570690155029297,9.659740447998047
3067,CTDSPL2,"CTDSPL2, MED15, GPATCH11, GOT2, CETN2",0.0009274546174690881,4.013615608215332,0,5,3.6149144172668457,9.10058879852295
3068,TNRC6B,"TNRC6B, OSBPL3, SRSF1, LRCH1, DNAJB14",0.00016470652826089513,3.1070358753204346,1,6,-1.731567144393921,13.066099166870117
3069,ARL4A,"ARL4A, RAB5C, BACH1, ZNF207, ATPAF1",0.005227471480280315,4.520089149475098,0,1,-0.526269793510437,13.156391143798828
3070,LETM1,"LETM1, EIF4G1, WBP11, HIGD1A, STMP1",0.0017402029027564815,4.282288551330566,9,6,-1.678528070449829,12.0447359085083
3071,MAFG,"MAFG, AP5M1, CRK, ZNF592, BLOC1S5",0.005832375813238483,8.780680656433105,2,3,-3.0944693088531494,11.69212818145752
3072,MICU2,"MICU2, KAT6A, TMEM131, AK2, ING1",0.002605892572127734,3.7957053184509277,8,4,2.1147453784942627,11.628196716308594
3073,MTPN,"MTPN, EBPL, DDX39B, SAMM50, SF3B1",1.6666732026400104e-05,1.813212275505066,0,4,4.377009391784668,10.840729713439941
3074,SEPTIN6,"SEPTIN6, MARCKSL1, SCD, EFHD2, STAU2",0.00303040404080016,8.094813346862793,0,3,-0.36344048380851746,12.269148826599121
3075,SERF2,"SERF2, HSP90AA1, FTL, UBE2G1, HNRNPUL1",0.0004029427566382613,2.740335464477539,2,4,3.085744857788086,11.892228126525879
3076,MOB1B,"MOB1B, ADAM9, SASS6, BCOR, TXLNA",0.010651022160871219,12.285882949829102,5,6,-3.098215341567993,12.368502616882324
3077,BCL2L13,"BCL2L13, ETFDH, ZNF430, GTPBP6, COQ7",0.03195698806661987,8.852409362792969,0,3,-0.0828549787402153,14.134239196777344
3078,SMG6,"SMG6, PNPLA2, GLO1, HTT, HINT2",0.006649045682532088,9.933334350585938,3,8,0.08880002796649933,9.435096740722656
3079,TRIOBP,"TRIOBP, CNPY3, TBC1D22A, FNIP2, RELCH",0.06247867638696623,12.094805717468262,0,1,0.6651370525360107,12.080728530883789
3080,NUSAP1,"NUSAP1, PRPF38B, F2R, STAT1, HSD17B11",0.00036176612457303756,3.2089991569519043,1,1,-0.6126629114151001,11.864712715148926
3081,CD164,"CD164, TRAF3, LAMTOR5, RTRAF, ARPC5",0.002861775928533053,8.18090534210205,13,6,-0.7041201591491699,12.357306480407715
3082,MRPL47,"MRPL47, WBP2, MECP2, PCNX4, HBP1",0.002882364244565665,6.271356105804443,0,8,0.059677064418792725,9.88204288482666
3083,GEMIN7,"GEMIN7, UBL4A, DUSP11, LRRCC1, RMND5B",0.009897097635677003,17.224458694458008,0,5,4.256955146789551,8.901415824890137
3084,RBM26,"RBM26, DCXR, ATXN10, CAPZB, ATP5ME",0.0008254934333075816,4.1189494132995605,2,3,-1.2294340133666992,10.857112884521484
3085,TUBB,"TUBB, RBM10, SLC30A9, DR1, TM2D1",0.0006098063129659332,4.046280860900879,8,6,0.5853704214096069,11.815485000610352
3086,SNRPF,"SNRPF, NDUFS6, PICALM, ANKRD11, GABARAPL2",0.0095470962631226,7.81276798248291,1,4,3.968406915664673,10.977629661560059
3087,HSD17B12,"HSD17B12, TMEM98, PARP4, SPAG5, DARS2",0.007714736136220142,5.8711137771606445,0,0,2.102123260498047,10.070514678955078
3088,BLOC1S1,"BLOC1S1, WSB1, ACACA, MINDY3, ATP5PD",0.009343173894799587,9.542730331420898,0,6,-1.156075358390808,12.56989860534668
3089,RPL36A,"RPL36A, CALM2, C9ORF85, SMYD2, PES1",0.009857881795614885,15.169625282287598,0,6,-0.6129162311553955,13.156270980834961
3090,MRPL20,"MRPL20, CHCHD3, HNRNPF, MTF2, BRD2",2.3529504037270734e-05,2.022526502609253,4,4,1.0042935609817505,14.134543418884277
3091,PCBP2,"PCBP2, TNRC6B, CDK5RAP3, AGO1, ZMYM4",0.00016274573625778925,2.366185188293457,0,6,-0.19080351293087006,13.80180549621582
3092,CIB1,"CIB1, OGFOD1, RAB11FIP1, RCC2, AURKA",4.705900807454147e-05,2.05745792388916,15,5,4.310935020446777,9.318248748779297
3093,AEBP2,"AEBP2, TRMT61B, HARS2, NCAPH2, SRP9",0.010644159388860349,9.025494575500488,0,1,0.49702391028404236,10.120847702026367
3094,PCBP1,"PCBP1, NEDD8, EMC8, ANKRD17, TBC1D14",0.006966693987035243,7.708481311798096,5,6,0.19264216721057892,14.574997901916504
3095,PDE12,"PDE12, FANCD2, MCEE, LRRC40, ERO1A",6.862772010870631e-06,1.719423770904541,0,6,1.0335750579833984,14.703225135803223
3096,PDCD2,"PDCD2, CUEDC2, CHCHD3, RHOG, ASXL2",0.0022029498154894724,4.586507797241211,6,9,2.8093717098236084,10.539793968200684
3097,LMNB1,"LMNB1, RPS6KB2, TMX1, DTNBP1, BCKDK",0.006887281910909455,9.88224983215332,1,3,-3.0410830974578857,11.182507514953613
3098,RPS17,"RPS17, KCTD20, TAF12, RPL41, TMCO1",6.862772010870631e-06,2.3538756370544434,0,8,4.113646984100342,9.27522087097168
3099,SLC20A1,"SLC20A1, LRRC47, IDH3A, ECI2, GNPNAT1",0.011325534609939647,8.689193725585938,7,5,4.305116176605225,8.99558162689209
3100,LUZP1,"LUZP1, MRPS26, CLINT1, ARHGAP12, NAXE",0.00014215742022517734,3.24458909034729,6,8,-0.16075079143047333,14.367081642150879
3101,NSMCE3,"NSMCE3, NR1H2, PNPLA2, ANKRD13C, RAB29",0.02530107961207691,6.367921352386475,0,9,1.280592918395996,14.457117080688477
3102,ARHGDIA,"ARHGDIA, COMMD8, RHEB, PAXX, NDUFS5",9.803960015529472e-05,3.0320863723754883,0,4,1.6727705001831055,12.355367660522461
3103,TSFM,"TSFM, RABEPK, PPCDC, CUEDC2, TIPRL",0.008551013925544805,4.762537479400635,0,6,2.5211853981018066,9.501282691955566
3104,BLOC1S6,"BLOC1S6, UHMK1, NRBP1, MPHOSPH9, SLC38A10",0.015725551864909273,6.0724196434021,7,4,2.853658676147461,12.162410736083984
3105,PES1,"PES1, SLC48A1, COX11, RBM12, SRD5A3",0.018582425813434562,10.75976276397705,1,6,-2.2728984355926514,12.09253978729248
3106,ROMO1,"ROMO1, PCM1, FUS, CWF19L2, KRTCAP2",0.001229416585947396,5.595117092132568,4,6,-2.0714757442474365,11.868575096130371
3107,JUND,"JUND, SMYD4, PHF14, VPS13A, PHGDH",0.016591241534280526,15.373946189880371,5,1,-0.3892703354358673,11.498832702636719
3108,JOSD2,"JOSD2, PIGL, PEX19, DNAJC24, TFB2M",0.012358871995576453,17.041664123535156,0,3,-3.518340587615967,10.640275001525879
3109,CRYZL1,"CRYZL1, KMT2C, HNRNPDL, RSRC2, USF2",0.0002470597923913427,3.6372838020324707,5,0,-1.1279783248901367,11.330842018127441
3110,TOE1,"TOE1, RFK, QRSL1, KEAP1, MED14",0.004845117039674666,4.891434192657471,0,5,3.0949769020080566,9.492584228515625
3111,PARK7,"PARK7, TTC3, HNRNPDL, IER3, JUND",0.0018803995309785528,11.884864807128906,41,8,-0.09887360781431198,8.835188865661621
3112,N4BP2L2,"N4BP2L2, SFXN1, CDK2AP2, GNB2, RICTOR",0.005301981576398339,4.089006423950195,4,4,3.1602466106414795,11.662434577941895
3113,KLF3,"KLF3, PAXX, SEPTIN7, NCOR1, UBE2H",0.0022176557555127667,3.2123804092407227,6,4,2.843838930130005,12.111897468566895
3114,FNTA,"FNTA, LRP10, MRPL19, ZDHHC6, AMD1",0.009545135471119494,9.694352149963379,10,3,-3.630401849746704,11.280179977416992
3115,GATAD1,"GATAD1, SDHAF2, PPP1R37, SLC38A10, METAP1",0.01016866732810717,12.140901565551758,1,6,-2.9240052700042725,12.438161849975586
3116,HJURP,"HJURP, APEX2, ASB3, ZNF445, RBM12B",0.008977486186220338,8.17461109161377,1,3,-2.951796770095825,10.847894668579102
3117,EIF5,"EIF5, DCAF12, ZNF622, SLC30A5, PRPF39",0.004935313471817537,8.230049133300781,0,4,3.262939929962158,11.914048194885254
3118,HSDL2,"HSDL2, PWP1, CREBZF, CHML, THOC3",8.92160361413182e-05,2.6648201942443848,0,6,-1.1168941259384155,13.923355102539062
3119,MANEA,"MANEA, FDX1, D2HGDH, TRAPPC2, CDK11B",0.004254918646739791,4.086867332458496,0,3,1.3151662349700928,14.156692504882812
3120,ADAL,"ADAL, TAF5, ECT2, CDC42, MASTL",0.00014117702422362442,3.019979953765869,2,6,-0.23501136898994446,13.190540313720703
3121,TMEM245,"TMEM245, MRPS7, CMC1, SMARCC2, CLINT1",4.313742406832968e-05,4.0133233070373535,2,1,-2.9548916816711426,10.578309059143066
3122,RFX7,"RFX7, PDCD5, TRIP12, CLIC4, LMO4",0.00539904078055208,4.106157302856445,21,3,1.758973240852356,13.237443923950195
3123,JADE1,"JADE1, KAT6B, SLC3A2, PRDX4, FOXO3",0.006763752014713784,7.091089725494385,5,0,-2.9361488819122314,10.235067367553711
3124,SHMT1,"SHMT1, SQSTM1, ANAPC5, TMX2, FAM118B",3.8235444060564946e-05,1.9523301124572754,23,4,0.8788406848907471,12.181729316711426
3125,STK3,"STK3, RAD21, RPS19BP1, RAD23A, MTCH1",0.0011588280738355837,4.529439449310303,0,6,-1.0091350078582764,12.566862106323242
3126,SEC24A,"SEC24A, CENPQ, HINT3, ERI1, C12ORF43",0.0030333452288048186,5.172657489776611,0,3,0.2356339693069458,10.873289108276367
3127,CAPN1,"CAPN1, PTPN11, SYF2, ATRX, WBP1",0.0040676630104431784,12.617837905883789,34,3,-3.5169565677642822,11.801429748535156
3128,MAP3K7,"MAP3K7, KDM3B, CAMLG, ATG101, DYRK1A",0.0005705904729038153,3.220318078994751,1,0,0.790004312992096,11.86221694946289
3129,CD151,"CD151, ELP5, VRK1, GOLGB1, PKN2",0.0027245204883156403,5.299091339111328,26,6,-2.1915924549102783,12.41372013092041
3130,TEX264,"TEX264, YES1, LAGE3, SOD1, CDYL",6.274534409938863e-05,2.4143240451812744,5,6,-1.6975493431091309,12.204100608825684
3131,NFKBIB,"NFKBIB, THOC3, CCS, RBM27, GADD45GIP1",2.843148404503547e-05,2.434727191925049,6,0,2.5885119438171387,9.490527153015137
3132,ALDH16A1,"ALDH16A1, SLC39A3, IGF2BP1, SLC52A2, POLR3K",0.005380413256522575,8.460442543029785,2,5,3.9279019832611084,9.857758522033691
3133,COX7A2,"COX7A2, WDR83OS, FUS, TPI1, UBA52",0.00010490237216616536,2.797220468521118,6,8,-0.16670508682727814,14.160844802856445
3134,TMUB1,"TMUB1, CDK11B, DNAJC19, TSEN54, DYNC1LI2",0.0002843148404503547,4.2472028732299805,4,8,0.03732147067785263,13.970128059387207
3135,RBM7,"RBM7, MFSD11, TMED5, PTOV1, TXNDC15",0.0067029674626175005,5.036970615386963,2,1,2.2972218990325928,9.931964874267578
3136,MED13,"MED13, PCSK7, RAB1B, VPS53, BTG3",0.002286283475621473,3.497899293899536,28,9,-0.5937482714653015,13.590036392211914
3137,OSBPL9,"OSBPL9, RNMT, IFI35, ADRM1, HELZ",0.00013137306420809493,3.1461234092712402,1,3,-0.7581566572189331,13.246798515319824
3138,DNAJA2,"DNAJA2, ABCF1, RPSA, UBE2L3, CCT5",2.549029604037663e-05,1.9722298383712769,9,5,4.159032344818115,9.549520492553711
3139,TMEM107,"TMEM107, SPTAN1, CDK13, IFT88, LAMTOR1",0.023510876513241227,9.391301155090332,18,9,2.7486610412597656,10.18307113647461
3140,RNF138,"RNF138, LMNB2, HAUS6, VTI1B, MED24",0.015537315832611108,5.235995292663574,23,5,3.0886287689208984,12.061753273010254
3141,CMC1,"CMC1, SHOC2, TMEM245, ATR, SRPRA",0.003011776516770654,5.199065208435059,5,9,1.2856974601745605,10.569737434387207
3142,NFKBIL1,"NFKBIL1, UNC45A, C11ORF24, ZNF7, LEMD3",0.005845120961258671,6.796963214874268,0,5,3.5955874919891357,9.55849838256836
3143,ZBTB7A,"ZBTB7A, ANP32E, FIP1L1, MKRN1, LSM14A",0.0001284318762034361,2.6990878582000732,82,1,1.8915841579437256,12.800177574157715
3144,KIAA1586,"KIAA1586, MCOLN1, BAG2, BLOC1S5, UBIAD1",0.011624555390413295,10.924240112304688,1,3,-3.177440643310547,11.66229248046875
3145,CRCP,"CRCP, NEPRO, PXMP2, TARBP2, TAF9B",0.008987290146235867,8.908255577087402,0,6,-2.149449348449707,12.219937324523926
3146,SACM1L,"SACM1L, NADSYN1, TATDN2, USP9X, EMD",0.014397115282805031,7.472969055175781,2,9,3.524193286895752,8.71465015411377
3147,GTF3C6,"GTF3C6, USP3, MANF, TULP4, PIM3",4.705900807454147e-05,2.636234998703003,1,0,-0.20294830203056335,10.835360527038574
3148,UBE2M,"UBE2M, DNAJC21, DHX16, UQCRC1, CNBP",1.078435601708242e-05,1.6745197772979736,0,1,4.432864189147949,9.044469833374023
3149,HAUS2,"HAUS2, P3H1, PDPR, CD58, DNAJB9",0.002150008431405613,5.836871147155762,0,1,-2.199549436569214,10.444928169250488
3150,HDHD2,"HDHD2, CNN2, EED, SNRPB, C18ORF21",0.010886317201243927,10.800703048706055,0,1,0.3726593852043152,10.541420936584473
3151,PNN,"PNN, YWHAH, PPP1R8, GPR108, PRIM1",0.006771595182726207,7.242283821105957,2,4,3.884800672531128,11.75605297088623
3152,SURF1,"SURF1, APMAP, NUBP2, ZBED4, CERS2",0.005610806316887517,4.616849899291992,1,3,-0.9429996609687805,14.167376518249512
3153,<SPECIAL>,"<SPECIAL>, HMGCS1, LAPTM4B, SLC25A12, RANBP1",0.0009901999615684767,69.28841400146484,0,2,1.6452134847640991,9.907577514648438
3154,ABHD2,"ABHD2, ZBTB1, EXOC2, PKD1, DLGAP4",0.013013776524613822,5.45701789855957,0,9,1.3070248365402222,12.378348350524902
3155,HDGFL2,"HDGFL2, TYW3, CLPTM1, ITGB3BP, CIAO1",5.098059208075326e-05,2.041787624359131,8,5,3.5486631393432617,9.431681632995605
3156,REEP3,"REEP3, GOLGA7, ATP6AP1, SEC61G, MID1IP1",0.010051019807920815,5.658772945404053,7,4,2.525902032852173,11.252211570739746
3157,ARMT1,ARMT1,9.803960015529473e-07,1.6011950969696045,0,1,0.19229969382286072,14.11601448059082
3158,TBCD,"TBCD, RAB5B, ZWINT, SLC35F6, C9ORF85",5.1960988082306205e-05,2.4915032386779785,0,6,-0.5600791573524475,12.683032989501953
3159,SETX,"SETX, RPS19BP1, SNAPC3, PRDX3, TRIM41",1.8627524029506e-05,1.9958406686782837,10,3,0.9628205299377441,12.890313148498535
3160,BAZ1A,"BAZ1A, CD55, HPF1, CCDC174, TXNDC15",4.313742406832968e-05,2.0953447818756104,1,0,0.417182058095932,12.03786849975586
3161,RSF1,"RSF1, BAX, NDUFB2, TMED10, CCNL1",0.004835313079659136,7.742453098297119,16,9,1.516480565071106,11.919310569763184
3162,POLR3E,"POLR3E, CHMP4B, RBBP6, DDX3X, SINHCAF",0.002195106647477049,8.34640121459961,7,3,-3.0596702098846436,10.429898262023926
3163,GSPT1,"GSPT1, SRM, TXNL4A, SQLE, NFATC3",0.007493166639869176,8.093886375427246,23,5,3.98443341255188,10.766092300415039
3164,MTMR2,"MTMR2, NADK2, RAB2B, PSMD1, PPWD1",0.009097094498409798,12.441080093383789,0,6,-2.764450788497925,12.356062889099121
3165,TRRAP,"TRRAP, SLU7, ISCA1, TAF1, MRPL10",0.001192161537888384,6.434659004211426,2,0,-0.36535346508026123,12.81699275970459
3166,BLOC1S2,"BLOC1S2, SPG7, TAF3, LAGE3, CREB3L2",0.003987270538315837,3.893474817276001,4,9,2.745981216430664,10.649242401123047
3167,PWWP2A,"PWWP2A, CYTH2, ZNF268, TRAPPC4, COPS3",0.011110827885599552,8.397196769714355,14,5,3.6840908527374268,10.051027297973633
3168,SAMD1,"SAMD1, FBH1, MTMR4, NARS2, MED7",0.000427452656677085,3.1152350902557373,0,1,0.998876690864563,9.804912567138672
3169,ASNSD1,"ASNSD1, ISOC1, COQ7, AGK, PAAF1",0.00047647245675473237,2.472280263900757,0,6,2.4216055870056152,9.834914207458496
3170,PIAS2,"PIAS2, FUNDC2, COX19, ARID4A, DCAF11",0.004694136055435512,5.133151054382324,3,9,-0.23028503358364105,13.323813438415527
3171,FOXM1,"FOXM1, LIG3, ALG1, PYCR1, SUPT4H1",5.490217608696505e-05,2.0422511100769043,2,6,-1.0036612749099731,14.098703384399414
3172,SLC9B2,"SLC9B2, NCKAP5L, POGK, LRRFIP2, PCYT1A",0.008419640861336711,10.854557037353516,5,1,-2.2272584438323975,10.138421058654785
3173,SPRTN,"SPRTN, PDRG1, CCT8, YIPF4, METTL2B",6.470613610249452e-05,2.5665392875671387,1,4,2.3013195991516113,10.183882713317871
3174,JUN,"JUN, SIK3, PNRC1, TNRC6A, TRIO",0.0011803967858697484,14.83220386505127,12,8,-0.09536381810903549,8.75615119934082
3175,EHBP1L1,"EHBP1L1, NDFIP1, DOCK7, BAK1, GGH",0.0006186298769799097,4.016601085662842,6,3,0.7816745638847351,13.974590301513672
3176,DDX10,"DDX10, MSANTD3, SEC16A, KRI1, NUDT21",0.00018627524029506,2.471214532852173,2,9,0.06740021705627441,12.94891357421875
3177,CAPZA1,"CAPZA1, MIDN, ZNF148, SORT1, TMEM98",0.001563731622476951,8.192424774169922,0,8,0.06557653844356537,9.275693893432617
3178,TSC22D4,"TSC22D4, EIF2AK4, CDCA4, POLDIP3, PRPSAP2",0.008140228000894121,7.596358776092529,0,0,0.09427062422037125,10.062623023986816
3179,FKBP4,"FKBP4, ROMO1, RBM25, ACTR2, EEA1",0.0025176569319879686,5.727035045623779,5,9,1.215915322303772,13.476556777954102
3180,TRAPPC1,"TRAPPC1, CENPF, CEBPG, SLC12A2, TGFB1",0.000984317585559159,4.4049530029296875,12,1,-0.558263897895813,12.447275161743164
3181,CTSC,"CTSC, FBXO42, TMEM11, CYB5A, MPP1",0.020215765552021772,5.945080280303955,1,9,1.4961122274398804,14.444509506225586
3182,FAHD1,"FAHD1, SUMF2, SMARCAL1, YARS2, PPID",0.0016902027066772812,4.711461544036865,1,5,3.918050765991211,9.749433517456055
3183,NADSYN1,"NADSYN1, PIGL, EIF2AK4, PGRMC2, TXNDC11",0.003946093906250613,7.150609493255615,0,0,0.37088754773139954,10.349886894226074
3184,DYRK1A,"DYRK1A, PPP1CB, PGLS, KHDRBS1, NHP2",0.005571590476825399,7.978747844696045,5,0,-2.718010425567627,10.74907112121582
3185,DHRS4L2,"DHRS4L2, NDUFS3, CTR9, SLC39A3, NBR1",0.000483335228765603,3.8668713569641113,4,1,0.5636570453643799,11.677640914916992
3186,SEC61G,"SEC61G, ZNF638, LRRCC1, MKLN1, ANAPC16",0.006749046074690489,5.488434791564941,15,3,0.2758976221084595,10.747897148132324
3187,BNIP3L,"BNIP3L, NAA38, TMEM98, BRD2, PGAM5",0.007868658308463955,12.442510604858398,20,0,-1.1533725261688232,11.412335395812988
3188,PKP4,"PKP4, CUL1, UBE2D3, CCDC88A, TRIR",9.509841215063589e-05,2.1634786128997803,5,0,-0.0004681916325353086,12.193512916564941
3189,BAG2,"BAG2, LDB1, FDX2, PDCD11, MBD3",0.0010078470895964298,17.995759963989258,3,7,1.6184074878692627,12.550423622131348
3190,VGLL4,"VGLL4, PPP3CC, TRA2B, BTG3, FXR1",0.0033029541292318794,3.9092214107513428,6,4,2.224478244781494,13.004265785217285
3191,MPV17,"MPV17, RCC2, TRIM73, CASP8AP2, HNRNPA2B1",0.005912768285365825,12.197049140930176,0,6,-2.022564172744751,10.971414566040039
3192,ZNF33A,"ZNF33A, DRAM2, FADS3, MGA, CENPQ",0.026670692826246376,7.53869104385376,0,1,1.68739652633667,12.717479705810547
3193,ABCD4,"ABCD4, EFHC1, MOB2, DUSP11, NPRL2",0.004736293083502288,6.2619309425354,0,1,2.4339563846588135,9.896442413330078
3194,ATP5MC1,"ATP5MC1, MBD4, SLIRP, ELOVL1, LUC7L3",5.686296809007094e-05,3.035679340362549,1,0,0.6640479564666748,13.318913459777832
3195,WDR4,"WDR4, LSG1, TTC27, FAM120AOS, ILKAP",8.039247212734167e-05,2.3527894020080566,0,5,3.171668291091919,9.518866539001465
3196,CRTAP,"CRTAP, AGPAT2, NFATC3, SINHCAF, SMIM27",0.008367679873254406,4.6939239501953125,2,1,-0.8648618459701538,12.552129745483398
3197,CCT3,"CCT3, DPH3, ARL2BP, AGO2, REV1",0.00012352989619567135,3.6155335903167725,3,1,2.0812935829162598,10.508468627929688
3198,YWHAE,"YWHAE, FOXO3, TMEM14C, CCNI, RPL36A",0.00346962144949588,13.574957847595215,0,4,3.3381099700927734,11.978028297424316
3199,DENND6A,"DENND6A, SMIM20, BAZ2B, BRIX1, FLOT2",0.007088263091227808,8.429651260375977,0,0,-0.1239790990948677,10.48874568939209
3200,TANK,"TANK, SLC25A37, WDR74, CCDC167, DMTF1",2.7451088043482524e-05,2.7068324089050293,4,6,-1.2011557817459106,13.762539863586426
3201,GSS,"GSS, SART3, FN3KRP, UNC45A, UBXN2B",0.013497111753379426,10.17444896697998,0,1,-2.2067272663116455,10.663060188293457
3202,JPT1,"JPT1, ATP6V1F, PNP, MYH9, CALM3",0.002865697512539265,7.497389793395996,3,4,4.021173000335693,11.42080307006836
3203,MIER1,"MIER1, MDH1, SKI, GTPBP1, TTC21B",0.001135298569798313,3.3006174564361572,1,6,-0.043023429811000824,12.289405822753906
3204,CENPE,"CENPE, EXOSC1, ATP11A, RNF141, CGGBP1",0.0022196165475158727,4.644033432006836,5,3,-0.3337905704975128,13.07287883758545
3205,DDAH2,"DDAH2, PTBP2, COP1, CAPZB, LEPROTL1",0.012447107635716218,13.573077201843262,11,6,-0.8448984622955322,11.556073188781738
3206,RNF13,"RNF13, CDKN1B, ARHGAP1, TMEM245, RAP1A",0.003514719665567316,3.971301794052124,2,9,1.446893334388733,13.626164436340332
3207,CDC6,"CDC6, DCUN1D5, RANBP1, PAM16, NPM3",1.6666732026400104e-05,2.3576347827911377,17,7,4.444676876068115,8.923428535461426
3208,ERCC5,"ERCC5, DUSP11, KBTBD2, FMC1, CTNNBIP1",0.013569661057494343,7.407458782196045,2,5,3.244877338409424,9.847076416015625
3209,POU2F1,"POU2F1, ANKRD28, MLLT10, ASAH1, BNIP3L",0.010452982168557523,12.783705711364746,2,3,-0.2298378050327301,11.456120491027832
3210,TGOLN2,"TGOLN2, NEK7, FXN, EIF3G, RFC3",0.007309832587578775,10.94481372833252,17,1,-1.1881135702133179,10.310617446899414
3211,NUP155,"NUP155, EHBP1L1, CYB561A3, VCPIP1, AHSA1",0.0005352962168479092,3.3950164318084717,0,3,-0.18234339356422424,12.379636764526367
3212,PEX3,"PEX3, EAF1, COQ5, MTRF1L, OGFR",0.01419417331048357,7.452059745788574,0,1,-2.408423900604248,10.57332992553711
3213,MT2A,"MT2A, EMP3, COX6B1, HSPE1, ZFP36L2",0.0012696128220110667,8.959521293640137,2,8,-0.09967850148677826,8.859902381896973
3214,EEF1A1,"EEF1A1, RPS14, RPS12, MYL6, MT-CO2",0.000315687512500049,3.8542418479919434,0,8,3.3573367595672607,11.639244079589844
3215,MICAL3,"MICAL3, KTN1, REV3L, CYBC1, IL6ST",0.04014427507558853,9.319042205810547,2,1,0.717132568359375,10.417350769042969
3216,COX14,"COX14, EML4, KANSL1, KAT6B, RNPS1",0.010575531668751642,10.391056060791016,16,0,-1.1890449523925781,10.4275541305542
3217,ATP13A2,"ATP13A2, PHKG2, WRAP73, PIGS, PEMT",0.0007568657131988753,3.4506678581237793,4,5,3.502652645111084,9.674529075622559
3218,ILKAP,"ILKAP, GOSR1, VEZT, MYH9, MRPL17",0.012844168016345163,4.219688415527344,6,4,2.424755573272705,11.640715599060059
3219,RHOT2,"RHOT2, NDUFAF6, MPV17, UTP3, FADS1",0.007410813375738729,6.419034004211426,18,5,3.968189239501953,9.958786964416504
3220,CEP135,"CEP135, SKI, PEX16, PTS, CLN8",0.011450044902136872,7.311350345611572,1,0,0.6053428053855896,9.714414596557617
3221,RNPS1,"RNPS1, PHF3, EIF6, GOLGB1, UCP2",0.00017745167628108345,4.878848552703857,4,8,3.095616102218628,12.502766609191895
3222,EHMT1,"EHMT1, MAP3K2, SEC31A, ECI2, TERF2IP",0.004533351111180828,6.4624342918396,6,1,0.6742081642150879,11.160184860229492
3223,SNRNP70,"SNRNP70, CYC1, BCAP31, CMSS1, ACADVL",0.005729434233075424,5.212070465087891,3,4,3.8143045902252197,11.231689453125
3224,ZFYVE16,"ZFYVE16, MRPS15, TASOR2, NBDY, BAD",0.006287279557959051,7.789573669433594,2,1,1.2637948989868164,11.749429702758789
3225,SEC62,"SEC62, MARK3, NDUFA6, STXBP3, BORCS7",0.00943337032694246,14.625730514526367,24,0,-1.3475828170776367,11.863205909729004
3226,COPS4,"COPS4, PDRG1, ZNF445, ATXN3, FUBP1",0.016545162922207538,11.683134078979492,0,3,-2.9709389209747314,10.784272193908691
3227,YEATS4,"YEATS4, FAM174C, ALG9, CCNT1, PEPD",0.007632382872089695,5.232547760009766,9,5,3.565544843673706,10.008986473083496
3228,TCF7L2,"TCF7L2, PTEN, KDM2A, TLK1, EXOC6",0.019205957670422238,7.000056266784668,19,6,-0.06322269141674042,10.064798355102539
3229,TMED4,"TMED4, AMDHD2, CMIP, DDX24, METTL2B",0.00041568790465844964,5.233056545257568,4,3,0.9125233292579651,13.900626182556152
3230,TULP4,"TULP4, PI4KA, FAF1, MARCKSL1, KDM4B",0.012338283679543842,6.55064582824707,4,9,1.2959601879119873,10.578442573547363
3231,AKR1A1,"AKR1A1, VDAC1, TMEM165, CNP, ASXL1",0.0010176510496119593,3.455470561981201,21,3,1.4416604042053223,13.663982391357422
3232,WASHC2C,"WASHC2C, STAM, SLC25A32, ARNT, STX5",0.02323538523680485,5.362483501434326,0,9,1.702669620513916,11.739391326904297
3233,LRRCC1,"LRRCC1, DNAJC17, FAHD1, POLD1, MAIP1",0.004328448346856262,6.087052822113037,0,4,2.443883180618286,12.349946975708008
3234,CLK1,"CLK1, TNFAIP8, NR1H2, FNIP1, WDR70",0.023798132541696243,6.4886884689331055,0,1,1.1133018732070923,12.123336791992188
3235,BPTF,"BPTF, BNIP1, WSB2, RTRAF, TAOK2",0.0023166757516696144,4.229885101318359,0,6,0.38965511322021484,12.250447273254395
3236,TRIOBP,"TRIOBP, DCAF11, RNPEPL1, KDM3B, ERV3-1",0.005033353071972831,4.124892234802246,0,9,2.4821040630340576,12.629857063293457
3237,TBC1D22A,"TBC1D22A, ASAH1, BABAM2, ASH1L, TMBIM4",0.006303946289985451,7.286773681640625,3,3,2.101698398590088,13.375325202941895
3238,DAP3,"DAP3, PSMC2, COQ9, PRORP, HEATR1",2.941188004658842e-05,1.866777777671814,1,6,-1.2153836488723755,13.719693183898926
3239,VASP,"VASP, TEX261, PPP1CA, ATG13, ACAA2",0.0027970697924305584,4.67194938659668,0,1,0.43426766991615295,12.194589614868164
3240,PRPF8,"PRPF8, WBP2, STK35, NOLC1, NUP85",0.000259804940411531,2.40510892868042,1,3,0.593429684638977,13.330737113952637
3241,SUGP2,"SUGP2, NELFB, NOP14, NUDT14, JMJD6",8.823564013976526e-06,1.8324871063232422,0,6,0.6592591404914856,13.814468383789062
3242,CDC45,"CDC45, MRPL15, PPM1G, WDR4, BRIX1",5.1960988082306205e-05,5.007564544677734,1,7,4.390918254852295,8.897760391235352
3243,RNF170,"RNF170, UBIAD1, ZBTB11, MCOLN1, ISY1",0.01671575182647775,10.5764741897583,0,6,-2.8157894611358643,11.96971321105957
3244,MANEA,"MANEA, DGAT1, PBRM1, TPRA1, PACSIN3",0.001248044109976902,4.005984783172607,2,1,0.7213538885116577,14.568883895874023
3245,SLC25A24,"SLC25A24, FUCA1, BACH1, OSTF1, SLC7A6",0.014384370134784842,7.5068135261535645,0,0,0.16269682347774506,9.944441795349121
3246,METTL23,"METTL23, DMTF1, UBE2V1, RBM4, HSPA4",0.020056941399770194,8.214944839477539,5,4,4.449682712554932,11.574176788330078
3247,HOOK2,"HOOK2, PET100, PLEKHF2, CHMP3, JOSD2",0.019714783195228215,6.607404708862305,0,9,1.7548315525054932,10.119183540344238
3248,ITSN1,"ITSN1, REX1BD, KIF2A, RMI1, GOLGB1",0.00036764850058235523,2.3471462726593018,6,9,1.2520387172698975,11.082571983337402
3249,FAM210A,"FAM210A, ADNP2, COQ2, KIF2C, GOSR2",0.010479452860599453,8.212048530578613,1,3,-3.18599534034729,11.277734756469727
3250,SLC25A11,"SLC25A11, BSG, YWHAH, CIAO2B, SEC61G",0.00369903411385927,9.724893569946289,0,0,-2.5918757915496826,10.214393615722656
3251,CCNL1,"CCNL1, DAZAP2, CCND3, SELENOW, CAPZB",0.010826513045149196,10.653480529785156,10,6,-0.7106634378433228,11.359210014343262
3252,BACH1,"BACH1, NAA38, TBL1X, USP33, DIP2A",0.004964725351864125,3.4219281673431396,4,4,2.8652970790863037,11.661944389343262
3253,ECHDC1,"ECHDC1, ZNF766, PRKRIP1, GOLPH3, METTL21A",0.008760818669877136,10.673142433166504,0,1,-2.3935484886169434,10.907249450683594
3254,SLC25A46,"SLC25A46, SLC30A7, CDIPT, C5ORF15, CERK",0.02443931152671187,10.120505332946777,0,0,-0.005285076331347227,10.262473106384277
3255,EHMT1,"EHMT1, RALB, EXOC5, ATP6AP1, DLGAP4",0.002213734171506555,4.388321876525879,16,9,1.2640321254730225,11.671558380126953
3256,ORMDL2,"ORMDL2, PNPLA8, SPRED2, PEX2, MAPK14",0.011119651449613528,5.398969650268555,1,9,1.339599370956421,12.005789756774902
3257,TRIM38,"TRIM38, GMDS, TBCB, UVRAG, SS18",0.03237463676328142,7.955256462097168,0,9,1.5290855169296265,14.40990161895752
3258,TCOF1,"TCOF1, CALM3, ATG101, NSMCE2, SLAIN2",0.010343177816383593,12.417596817016602,31,1,-0.9220264554023743,11.90301513671875
3259,NLN,"NLN, RPUSD2, KLHL18, WARS2, GEMIN6",0.000130392668206542,2.673367500305176,1,3,0.8128107786178589,12.325460433959961
3260,ALG13,"ALG13, BIRC2, MPP1, BLOC1S6, NUP58",0.0034823665975160685,3.702349901199341,7,0,1.710572600364685,11.47297477722168
3261,CD151,"CD151, GNB2, PKN2, CDKN1B, C9ORF78",0.0021666751634320134,7.9091973304748535,16,8,3.0826735496520996,8.641282081604004
3262,FNDC3A,"FNDC3A, RPF1, ELOC, SNU13, LRBA",0.005280412864364174,13.920907974243164,9,0,-1.9120774269104004,11.114391326904297
3263,BNIP3L,"BNIP3L, SF3B2, FLNA, EPB41, RRM2",0.006826497358813172,11.418220520019531,2,0,-0.2986690402030945,10.040647506713867
3264,ZC3H8,"ZC3H8, RHNO1, RPS6KB1, DNAJB14, TMCO3",0.014257899050584511,9.984695434570312,0,3,-2.8462202548980713,11.967493057250977
3265,CMTR2,"CMTR2, AASDHPPT, THAP5, TLK1, ORC5",2.843148404503547e-05,2.202695369720459,5,3,-3.3085086345672607,11.325140953063965
3266,NNT,"NNT, C5ORF15, CUTC, MPC1, CEP104",0.012481421495770572,10.81225299835205,10,3,-3.5875072479248047,11.025435447692871
3267,HNRNPH1,"HNRNPH1, NAMPT, EDF1, DIP2B, CSDE1",0.0007941207612578873,6.9755940437316895,11,8,-2.840588331222534,12.297199249267578
3268,NME7,"NME7, CNOT2, HECTD1, CFDP1, XPO1",0.030073647347636658,6.824813365936279,4,4,4.210149765014648,11.136090278625488
3269,PEX19,"PEX19, VPS26A, TMEM165, FBH1, SH2B1",0.003104914136918184,4.042205810546875,17,5,3.830883026123047,9.512150764465332
3270,MTIF3,"MTIF3, NCOR2, CDC42SE2, HIPK2, TAOK3",0.01813144365272021,6.488858699798584,36,9,0.08641776442527771,11.272010803222656
3271,COG4,"COG4, CCDC18, PDPR, PSMD10, NELFE",0.008570621845575865,11.39776611328125,1,1,-2.18393874168396,10.762347221374512
3272,MCUB,"MCUB, MRFAP1, CERS6, BRK1, PHB2",0.00037451127259322583,4.603515625,63,8,-0.6023955345153809,14.109210968017578
3273,IPP,"IPP, C9ORF78, SFPQ, UBE2S, CHCHD6",0.012464754763744172,6.101978778839111,36,9,-0.4096294343471527,14.453543663024902
3274,ATP5F1E,"ATP5F1E, SNRPD2, RSRP1, CD99, NFAT5",0.0005794140369177918,7.429702281951904,4,8,2.3672568798065186,12.500048637390137
3275,LAPTM4B,"LAPTM4B, MCM6, RPL26, PSMC2, PSMG1",8.92160361413182e-05,2.109513759613037,43,5,3.463371515274048,9.542858123779297
3276,CCDC25,"CCDC25, MVB12A, ECH1, OSTF1, APEX1",0.004246095082725815,11.623708724975586,6,0,-1.7236855030059814,10.813956260681152
3277,CNTRL,"CNTRL, AP3B1, CNOT10, ZC3HAV1, GPATCH8",0.016058886505437277,4.320080280303955,8,4,2.2692737579345703,11.512679100036621
3278,TMEM131L,"TMEM131L, AP3S1, DNTTIP2, UBE3C, HIGD1A",0.0034147192734089154,6.0425004959106445,1,1,1.031813621520996,10.891315460205078
3279,ZBTB1,"ZBTB1, NFE2L2, MARK3, TRAF3IP1, FGFRL1",0.006860811218867525,6.105624675750732,0,9,1.0642666816711426,10.831767082214355
3280,STAG1,"STAG1, NDUFB8, GLYR1, MEAF6, NOP58",0.005887277989325449,11.102548599243164,12,0,-0.926218569278717,10.859162330627441
3281,PHF21A,"PHF21A, POLR2L, LEPROTL1, OAZ1, KMT2A",9.901999615684768e-05,3.2254343032836914,3,4,1.6957640647888184,14.397387504577637
3282,PLSCR1,"PLSCR1, ZNF394, NDUFB3, MAP2K1, U2AF2",0.010344158212385147,5.019708156585693,1,9,0.15525731444358826,12.657760620117188
3283,SEC31A,"SEC31A, REXO2, ORMDL1, SPCS3, NDUFA5",0.00021274593233698956,1.9470906257629395,12,4,2.7460010051727295,9.884936332702637
3284,HMGXB3,"HMGXB3, BRWD3, ABCB7, CHMP6, MTFR1",0.007783363856328849,10.90720272064209,0,1,-2.238393545150757,12.250948905944824
3285,MAPKAPK2,"MAPKAPK2, NDUFB8, SMIM27, CENPW, FAM120A",5.784336409162389e-05,2.3332576751708984,21,1,-1.688777208328247,10.451406478881836
3286,LSM2,"LSM2, TMEM147, NUCB1, CCDC167, PNKD",2.450990003882368e-05,1.882900357246399,0,6,-0.26389387249946594,13.524441719055176
3287,DPP9,"DPP9, D2HGDH, TM9SF4, ZNF652, RPA3",0.0001078435601708242,2.5965116024017334,1,3,-2.849754810333252,10.689431190490723
3288,TMEM222,"TMEM222, SLC25A32, PCBD2, CEP135, INO80C",0.012516715751826477,6.925582408905029,1,5,3.085418939590454,9.897791862487793
3289,SPPL2B,"SPPL2B, ALKBH4, FZR1, GGA3, KIF1C",0.011457888070149296,6.586059093475342,0,9,1.5483648777008057,9.589573860168457
3290,MYL12B,"MYL12B, SYF2, VAMP2, ATP6V0C, GNAS",0.00039509958862583773,3.042722463607788,0,4,0.384507417678833,13.896285057067871
3291,POLA2,"POLA2, SRD5A3, VPS26C, BUB3, ABCF2",2.843148404503547e-05,1.9764482975006104,0,4,-1.2597525119781494,13.587995529174805
3292,REX1BD,"REX1BD, MOB1A, NAGK, ATXN7L3B, DSG2",0.008038266816732614,11.35634708404541,4,6,-2.063985586166382,11.791075706481934
3293,SCP2,"SCP2, U2SURP, PDCD2, PHF3, POLD2",0.0037157008458856703,3.250650644302368,5,3,-0.2227252572774887,12.859317779541016
3294,NETO2,"NETO2, SMIM29, SMIM19, SPECC1L, SLC25A36",0.00024117741638202502,4.392503261566162,9,0,0.3610441982746124,14.253816604614258
3295,PFDN6,"PFDN6, RSL1D1, ACLY, AP2A1, PYURF",1.078435601708242e-05,1.6501206159591675,4,4,3.846393585205078,9.360816955566406
3296,OGA,"OGA, IL6ST, B4GALT1, FKBP5, RILPL2",0.037809952195890964,7.881097316741943,13,6,-0.7283961176872253,13.137048721313477
3297,AP2A1,"AP2A1, FDFT1, STRAP, ARF1, RGS10",0.0007735324452252754,6.205534934997559,0,6,0.5383262038230896,14.048895835876465
3298,SQLE,"SQLE, ORMDL1, TAF9, RELCH, PHYKPL",0.007889246624496566,7.212546348571777,2,8,0.026759058237075806,9.529420852661133
3299,TMEM97,"TMEM97, GMPS, TSEN15, GOSR2, COPRS",7.058851211181221e-05,3.2254719734191895,34,5,4.208992958068848,9.454998970031738
3300,RNF166,"RNF166, FNIP2, NUCB1, PSMD8, ARPC5L",0.00290393295659983,5.423613548278809,39,1,0.7943418622016907,11.12770938873291
3301,CORO1B,"CORO1B, NCOA1, TMEM68, UGP2, CALR",0.00037255048059012,2.8162920475006104,0,5,3.09957218170166,9.29403018951416
3302,ERAL1,"ERAL1, LRRC47, TELO2, GAR1, COX15",5.098059208075326e-05,1.8134337663650513,0,4,1.1732430458068848,12.894954681396484
3303,BIRC2,"BIRC2, SURF1, FAM13B, CDK2AP2, PEPD",0.006954929235016608,4.337092399597168,8,9,2.0073444843292236,13.329033851623535
3304,SCOC,"SCOC, AP2M1, CHCHD1, TAOK3, ATG12",0.006658849642547618,5.6111297607421875,4,3,0.10063378512859344,12.029396057128906
3305,CCNY,"CCNY, BIRC6, DDT, MYADM, SELENOW",0.00592453303738446,8.542619705200195,11,3,-1.0704345703125,10.205948829650879
3306,MAN2A1,"MAN2A1, LRRFIP2, NCOA3, WDR33, KDM6A",0.039295252138243676,7.036988258361816,0,9,0.3411290943622589,13.416972160339355
3307,PSME2,"PSME2, SLC3A2, UBE2B, ARIH1, PUM2",0.008298071757144145,11.780871391296387,16,0,-1.345848560333252,11.401301383972168
3308,PKNOX1,"PKNOX1, DIS3, ITGB3BP, SART1, THOC3",0.014809861999458822,4.0841546058654785,4,5,3.8066391944885254,9.806453704833984
3309,HIPK2,"HIPK2, SUZ12, PAIP1, NCOR1, NGDN",0.0011039258977486187,4.19133996963501,32,6,0.059534281492233276,14.571678161621094
3310,PRPF8,"PRPF8, HDDC2, WBP2, PHYKPL, COX16",0.0002362754363742603,3.238197088241577,6,3,0.7471150755882263,14.172616958618164
3311,EPN2,"EPN2, SON, SNX3, TGIF1, METTL1",0.004488252895109393,14.47775936126709,0,8,1.2752488851547241,9.972692489624023
3312,UBN1,"UBN1, TMEM250, MAPK3, MTG2, TPR",0.008243169581057181,8.877638816833496,0,5,3.7536511421203613,9.484752655029297
3313,GPATCH8,"GPATCH8, MTMR12, MACF1, DROSHA, RHOC",0.014228487170537924,15.898954391479492,0,6,-1.0648666620254517,11.506223678588867
3314,SACS,"SACS, METTL23, ERF, WTAP, METTL9",0.013918682034047192,6.851798057556152,1,5,3.2417001724243164,10.056160926818848
3315,WASF2,"WASF2, ANKRD28, PIAS1, KMT2C, PLD3",0.011772595186647791,13.616767883300781,11,0,-0.6045020818710327,11.554986953735352
3316,MICU2,"MICU2, SDHC, NCOA3, BNIP2, TMEM141",0.007673559504154918,8.11420726776123,5,8,1.2898494005203247,9.543118476867676
3317,UXT,"UXT, AEBP2, BRAF, INSIG2, PIP4K2B",0.012311812987501912,15.526338577270508,0,1,-0.3880816102027893,11.206981658935547
3318,SLC38A2,"SLC38A2, RAP1GDS1, CTSC, UXT, CAMTA1",0.007354930803650211,12.630139350891113,11,0,-1.333013653755188,11.707849502563477
3319,COX8A,"COX8A, TPM3, ARV1, KPNB1, FTH1",1.5686336024847157e-05,1.7221343517303467,0,8,0.43764084577560425,14.024619102478027
3320,FAM161A,"FAM161A, TMEM214, BIN3, NAT10, RRN3",0.02366479868548504,7.042853355407715,0,9,2.520263910293579,10.565203666687012
3321,NTPCR,"NTPCR, PTBP1, HNRNPDL, LARP4B, CLN5",6.078455209628273e-05,2.1389153003692627,14,4,2.4635446071624756,12.64365005493164
3322,U2SURP,"U2SURP, SCP2, MTPN, PHF3, POLR2I",0.018761838281718752,9.369179725646973,5,4,4.5509562492370605,11.302352905273438
3323,NIPAL3,"NIPAL3, FAM20B, YAE1, ZNF672, CEP83",0.02409715332216989,8.338876724243164,0,6,-2.6863365173339844,12.187183380126953
3324,NOL9,"NOL9, RNF26, UBALD1, TBP, ABHD13",0.008010815728689133,6.737364292144775,2,3,-0.34897950291633606,12.72754192352295
3325,RNF220,"RNF220, KDELR1, FKBP11, SLC38A1, CCT2",0.002832364048486465,8.784327507019043,0,8,-0.2133626639842987,9.208412170410156
3326,ATF2,"ATF2, GRK2, CYB561D2, ALKBH5, ITGB1",0.0072912050635492685,4.500739097595215,5,5,3.6005029678344727,10.46634292602539
3327,PGAM1,"PGAM1, MEF2A, PSME2, SMCHD1, ZNF561",0.005124529900117255,7.222719192504883,32,3,-0.3463763892650604,10.39590072631836
3328,PPP1R8,"PPP1R8, POMGNT1, CSTF1, FADD, ZNF84",0.009109839646429986,8.589285850524902,0,3,-2.7890727519989014,10.165072441101074
3329,TIMM22,"TIMM22, FASN, ASPM, FBH1, TOMM5",7.4510096118024e-05,1.9793541431427002,10,5,3.1924731731414795,9.602799415588379
3330,GPN1,"GPN1, CDK16, STAM, BMI1, RINT1",0.0003068639484860725,2.682821035385132,7,5,3.8864364624023438,9.306042671203613
3331,PHF3,"PHF3, UBE2H, PHGDH, NSD3, PARP1",0.0030990317609088662,5.054299354553223,1,4,2.0857162475585938,12.131507873535156
3332,MPHOSPH8,"MPHOSPH8, DNAJA3, RPF1, P3H1, AGPAT1",0.0002156871203416484,1.943932294845581,3,4,2.8672003746032715,11.222677230834961
3333,ZFAND2B,"ZFAND2B, DCTN4, EXOC7, XAB2, WDR11",0.007945129196585085,7.99783992767334,1,0,2.0469717979431152,10.890249252319336
3334,TRAF7,"TRAF7, RFWD3, HAGHL, THAP5, PEX13",0.01585398374111271,8.251293182373047,0,3,-3.2038373947143555,10.673564910888672
3335,JPT1,"JPT1, MTCH1, RALA, ATP6V1F, HPRT1",0.0002862756324534606,2.6443514823913574,24,3,0.3787885308265686,13.538890838623047
3336,CEP135,"CEP135, DIPK2A, MTPAP, AACS, SGO2",0.01387456421397731,9.276976585388184,3,3,-3.0048022270202637,10.423198699951172
3337,STYX,"STYX, RYK, HSPA13, MTR, MRPL55",0.011981419534978568,14.526780128479004,7,1,-1.959945559501648,11.13728141784668
3338,UCKL1,"UCKL1, ARNT, MAU2, UPF2, TNFAIP8L1",0.018226542064870843,7.613379001617432,0,4,3.0593149662017822,9.954614639282227
3339,HMCES,"HMCES, TAF8, WBP11, VMP1, NFIL3",0.0026617751442162517,8.603926658630371,5,6,-1.9639135599136353,12.200896263122559
3340,MTRES1,"MTRES1, ZMYM6, MYSM1, VKORC1, PINX1",2.156871203416484e-05,1.6978387832641602,3,1,0.13033682107925415,12.604047775268555
3341,EDF1,"EDF1, EEF2, GPX4, GTF3C6, CSNK1A1",0.006551986478378347,10.558526992797852,13,6,-0.7621966004371643,11.246100425720215
3342,ARIH1,"ARIH1, ATP5F1D, GRB2, TAF12, SMAD5",0.002976482260714748,10.130189895629883,13,0,-3.666604518890381,11.189294815063477
3343,MRPL20,"MRPL20, LSM5, PAPOLA, PRMT2, MRPL10",0.0004107859246506849,3.469144344329834,0,3,-0.7663483619689941,14.120144844055176
3344,AGAP3,"AGAP3, EXT2, AGL, ZBTB37, BLOC1S4",0.00012549068819877726,3.190897226333618,19,4,0.7473717331886292,14.783288955688477
3345,UBE3C,"UBE3C, RAB29, SLC5A3, CNIH1, DEF8",0.013915740846042534,3.9322454929351807,5,4,2.813143730163574,12.439873695373535
3346,PGD,"PGD, LRCH3, SPAG5, DNAJB9, TPI1",3.8235444060564946e-05,2.379497528076172,11,6,-1.1519405841827393,13.548210144042969
3347,RPL17,"RPL17, EEF2, OAZ1, DDX5, BTG1",0.04192467421440869,7.98626708984375,1,4,3.236360788345337,11.817435264587402
3348,CSTF1,"CSTF1, MFSD4B, WASL, HMMR, CZIB",0.018503013737308775,9.35777473449707,1,1,-2.364122152328491,10.246026039123535
3349,NSA2,"NSA2, ARIH2, TPP1, RYBP, FBXL5",0.009567684579155212,10.686878204345703,7,3,1.6793816089630127,14.382579803466797
3350,RALY,"RALY, ZC3H15, FAM13B, SDHD, SSU72",0.0035647198616465163,9.247062683105469,23,8,0.6680445075035095,9.636015892028809
3351,WAC,"WAC, TMEM165, RAP2C, TPR, NONO",0.01412750638237797,6.454092025756836,4,4,4.076535701751709,11.148056030273438
3352,PRDX5,"PRDX5, GNB2, CTSC, ANKRD28, PSIP1",0.009616704379232859,13.301128387451172,20,0,-0.6738082766532898,11.018608093261719
3353,TMPO,"TMPO, PDSS1, CCT8, CUL5, SHCBP1",0.0004029427566382613,2.7448320388793945,38,5,4.119767665863037,9.653907775878906
3354,KNTC1,"KNTC1, COPB1, INTS11, SPC25, UBXN2B",0.008184345820964004,6.085542678833008,0,5,3.559492826461792,9.681970596313477
3355,CENPV,"CENPV, ALDH9A1, SUMF2, ACTR3, NASP",0.00329315016921635,5.359755516052246,4,3,2.1269357204437256,12.339736938476562
3356,SMARCD2,"SMARCD2, TSPYL4, COPA, MTMR4, VOPP1",0.001190200745885278,3.176269054412842,1,1,-0.22991856932640076,12.531220436096191
3357,SFI1,"SFI1, NDUFA6, COX19, AP1M1, REXO2",0.029473644994686254,10.062042236328125,0,1,0.9539336562156677,11.946990966796875
3358,RCBTB1,"RCBTB1, GPR107, SMIM8, VPS26C, ACOX1",0.003548053129620116,5.7222580909729,0,1,0.19821766018867493,10.934550285339355
3359,HSBP1,"HSBP1, LSM7, MTDH, PPP4R1, MT-ND5",0.005877474029309919,7.242167949676514,1,4,4.114133834838867,11.316508293151855
3360,KDM3B,"KDM3B, CDC42BPA, LAMTOR2, PRR14L, TMEM11",2.549029604037663e-05,2.0332753658294678,0,8,1.1442975997924805,14.633342742919922
3361,MRPS30,"MRPS30, FXN, FAM217B, CDCA3, LIMA1",2.2549108035717786e-05,2.5620954036712646,25,1,1.0361980199813843,12.73598861694336
3362,STAT1,"STAT1, TCEAL9, SUMO2, PPP1CC, GPBP1",0.007259832391499575,4.5400848388671875,2,4,4.35361909866333,11.239428520202637
3363,DDX39A,"DDX39A, EXOC7, RAB5C, EMSY, HNRNPH3",3.1372672049694314e-05,2.008559226989746,26,4,1.3322746753692627,12.494278907775879
3364,XPR1,"XPR1, SUPT4H1, TTC1, CYSTM1, PNRC2",0.009607880815218883,9.80649471282959,34,6,-0.8694996237754822,11.092423439025879
3365,HDAC7,"HDAC7, ABCE1, CCNB1IP1, UAP1, HELLS",0.004081388554464919,5.438449859619141,7,5,4.387528419494629,11.101083755493164
3366,BRPF1,"BRPF1, TTI2, MAPRE1, GMPR2, TAMM41",0.0022215773395189787,2.867949962615967,0,5,3.0554702281951904,10.011953353881836
3367,SUMF2,"SUMF2, ZNF37A, CDC6, POLR2D, RPL7L1",1.8627524029506e-05,1.7908867597579956,1,1,4.337366580963135,9.073494911193848
3368,RFC2,"RFC2, SDHB, PLEKHA3, APPL1, TRAPPC8",0.004418644778999134,8.818819999694824,1,6,-2.3676202297210693,12.371859550476074
3369,RPS27,"RPS27, MT-CO1, EEF1A1, RPLP1, RPL41",0.0011402005498060777,19.633562088012695,3,8,3.1516380310058594,11.755058288574219
3370,SMDT1,"SMDT1, RAB11B, ATP2B1, NFATC3, TMEM131",0.01754712763579465,7.623937129974365,5,1,1.0696663856506348,11.142346382141113
3371,JUND,"JUND, EIF4G2, RCHY1, CEP192, MRPL15",0.00023137345636649556,2.8907313346862793,8,1,0.5709226727485657,12.173428535461426
3372,UQCC3,"UQCC3, CISD1, TSEN54, MIF4GD, GRPEL1",0.005556884536802105,4.666088104248047,4,9,2.2835264205932617,13.790373802185059
3373,GABARAP,"GABARAP, BIRC6, GNAS, USP34, PCLAF",0.0061117886736810735,7.900166988372803,0,6,-0.11326403170824051,10.584429740905762
3374,CIB1,"CIB1, CPSF1, RSRP1, RNF130, SEPTIN7",0.01059121800477649,11.42783260345459,0,1,0.7401053309440613,11.215788841247559
3375,DHX15,"DHX15, PRCP, BLOC1S6, PNPO, KLHDC10",0.0005127471088121914,2.9164342880249023,0,0,2.9411168098449707,10.454595565795898
3376,WASL,"WASL, LIMS1, PPIL4, MFSD4B, TTC19",0.0006039239369566155,4.8013153076171875,4,0,1.6682535409927368,13.480269432067871
3377,PRMT2,"PRMT2, MRPS10, MAGOH, RHOBTB3, ZXDC",6.862772010870631e-05,2.592257022857666,3,0,-0.9373101592063904,13.14094066619873
3378,ACSL4,"ACSL4, MTA2, PKIG, MYL6B, ZRANB3",0.020449099800391373,10.175910949707031,8,8,-0.3651163876056671,9.561266899108887
3379,NDUFB3,"NDUFB3, SELENOF, TOP1, PAK2, REEP5",0.007806893360366119,8.104506492614746,1,4,4.621217727661133,11.380158424377441
3380,FIBP,"FIBP, RAP2B, SREK1, HINT2, RAB3GAP2",0.0015754963744955862,4.142482280731201,9,9,-0.11264915764331818,12.312667846679688
3381,EXOSC5,"EXOSC5, DDX59, MED17, CD46, SRSF2",0.005291197220381257,14.643179893493652,1,6,-2.7190706729888916,12.049891471862793
3382,SCAPER,"SCAPER, PPP1R15A, RPL23, CTSB, SNRPE",0.001354907274146173,11.186014175415039,82,8,3.959690809249878,9.878654479980469
3383,SERINC1,"SERINC1, BCKDHB, PLSCR1, UCK1, FAM210A",0.01357554343350366,9.371297836303711,0,3,1.4412988424301147,9.962364196777344
3384,KDM2A,"KDM2A, NPTN, MASTL, SCOC, ATP6V1E1",0.002906874144604489,3.5817880630493164,8,4,2.518261671066284,11.849604606628418
3385,PELO,"PELO, DCUN1D1, ZGPAT, RANBP6, REEP4",0.017472617539676626,10.831866264343262,0,3,-3.512834310531616,11.615697860717773
3386,ZNF280D,"ZNF280D, DDIT3, SLMAP, MGAT1, RNPC3",0.002758834348369994,9.618968963623047,11,8,1.3396540880203247,10.422889709472656
3387,DTL,"DTL, TRABD, KRTCAP2, GABARAP, PAM16",0.0014666724183232092,4.406070232391357,0,3,0.7024345993995667,10.773770332336426
3388,YIPF2,"YIPF2, RNF26, C6ORF120, PGPEP1, NUP160",0.00017353009227487166,3.4415478706359863,2,3,-0.21074296534061432,13.793266296386719
3389,RO60,"RO60, LANCL1, MRPS7, PCNX4, DNAJA2",0.0024980490119569094,4.351892948150635,6,3,0.6475903987884521,12.150742530822754
3390,FOXP1,"FOXP1, EXOC4, HSPA5, ERGIC2, CPSF7",5.882376009317684e-05,2.469034194946289,2,9,-0.11029534041881561,13.310127258300781
3391,MRPS14,"MRPS14, AFF1, HMGN2, POLR2J, UBE3C",0.0029872666167318302,8.361929893493652,1,0,1.7560648918151855,12.926630973815918
3392,ZCRB1,"ZCRB1, DHFR, MFF, CNDP2, PSMG2",4.607861207298852e-05,2.424483060836792,9,0,-0.7075486779212952,13.414063453674316
3393,NCBP2,"NCBP2, TFG, NSRP1, ANAPC15, PDLIM7",0.0009794156055513944,3.3137869834899902,9,9,3.1218299865722656,10.74188232421875
3394,CHKA,"CHKA, CCNL2, MSH3, IDH3G, BLVRA",0.004516684379154428,5.355968952178955,8,9,1.532353162765503,12.083537101745605
3395,EXOSC1,"EXOSC1, PKIG, MAN2C1, PCMTD2, SERTAD2",0.01775987356813164,6.365718841552734,3,9,0.21508798003196716,12.393731117248535
3396,SPTBN1,"SPTBN1, ATP6V0E1, COX6C, DDX5, UQCR11",0.00011078474817548304,2.9738755226135254,14,8,-0.38456976413726807,13.769482612609863
3397,PPP3R1,"PPP3R1, NME7, GSTM3, CHIC2, MLLT6",0.006534339350350394,4.412554740905762,7,9,2.6610605716705322,10.785202026367188
3398,TAF1B,"TAF1B, TOR1AIP1, DMAC2, PHF23, INTS12",0.011843183698759602,12.831720352172852,0,6,-0.28454160690307617,11.30101490020752
3399,VIRMA,"VIRMA, TP53BP1, G3BP2, SRFBP1, FOXK1",6.666692810560042e-05,2.136362314224243,0,0,-0.8122518658638,14.155069351196289
3400,TRABD,"TRABD, EIF2A, SPC25, TOPBP1, MTR",0.0007921599692547814,2.857606887817383,15,5,2.3335652351379395,13.009648323059082
3401,LSM14A,"LSM14A, PSPC1, ITCH, CES2, CSE1L",0.007278459915529081,16.356300354003906,0,3,-0.5160084366798401,10.770784378051758
3402,SEC23IP,"SEC23IP, HDHD2, ARHGAP19, NCOR2, GDAP2",0.01086768967721442,6.585928916931152,0,9,1.4995042085647583,9.846335411071777
3403,PHAX,"PHAX, ANKRD13A, COMMD2, THAP7, CERS2",3.627465205745905e-05,2.3184545040130615,1,3,-0.018083088099956512,11.98347282409668
3404,BICD2,"BICD2, DPY19L4, MRPS17, BSDC1, NOL4L",0.013632406401593732,11.78452205657959,4,3,-3.190115213394165,10.48641586303711
3405,GPATCH1,"GPATCH1, ZNF33B, MYCBP, PYCR1, C12ORF4",0.0034294252134322097,8.387425422668457,2,1,-1.9697117805480957,10.528541564941406
3406,HSPB1,"HSPB1, MAP1LC3B, GPR108, TRMT11, NDUFA11",0.004695116451437065,9.134871482849121,10,6,-0.49142369627952576,9.791722297668457
3407,CNPY3,"CNPY3, SOS1, IP6K2, NAA38, REEP5",0.0007754932372283813,3.5487732887268066,0,0,-0.5391314029693604,12.480535507202148
3408,JUNB,"JUNB, HLA-C, SERF2, RPS10, ACTG1",0.0005705904729038153,12.261123657226562,10,8,1.6241638660430908,11.397102355957031
3409,TFCP2,"TFCP2, SPATS2, EIF3H, MRPL12, UNC119",0.0009362781814830646,3.5542244911193848,19,9,1.2985602617263794,10.501200675964355
3410,PHPT1,"PHPT1, CEP70, PRDM2, ATP5MC1, SNRPB2",0.003553935505629434,4.492364883422852,6,6,-0.6734565496444702,12.487198829650879
3411,SLC25A39,"SLC25A39, FUS, MEF2A, UBR5, HERC1",0.005009823567935561,5.3721771240234375,2,9,1.3807475566864014,12.81146240234375
3412,ROCK2,"ROCK2, CTDNEP1, PPP2R5C, DHRS4, NSMCE2",0.007531402083929741,9.507500648498535,3,3,-0.6986147165298462,10.911964416503906
3413,NKTR,"NKTR, MRM2, NDUFAF5, MANEA, TNFAIP8",0.0029872666167318302,4.0353779792785645,0,1,0.32172542810440063,11.904054641723633
3414,CDK10,"CDK10, TERF1, MTX2, MNT, AASDHPPT",0.0003735308765916729,2.4738035202026367,0,3,0.02910022623836994,14.636428833007812
3415,DCTN3,"DCTN3, RABGAP1, PTCD3, PUM2, RPRD2",0.004166683006600026,9.22617244720459,1,0,-1.7232342958450317,11.440942764282227
3416,POU2F1,"POU2F1, SF3B1, PCCA, PI4KA, AP1S2",0.0027617755363746523,8.056600570678711,23,8,-0.06733185797929764,9.167247772216797
3417,RAP1GDS1,"RAP1GDS1, PHF21A, SEM1, USP15, BAX",0.0023666759477488147,4.387084484100342,36,0,0.7529599070549011,11.323570251464844
3418,NPAT,"NPAT, TCF25, MAU2, PUM2, SPG21",0.0018264777508931408,3.2848129272460938,4,6,0.5866274833679199,12.451602935791016
3419,FAM53C,"FAM53C, CDK5RAP2, SLC25A11, MRPL13, APIP",0.010757885325040491,13.040506362915039,3,3,-3.4043734073638916,11.435174942016602
3420,IRAK1,"IRAK1, GTF2F1, MRPS18C, CCNF, GEMIN2",0.00039117800461962597,2.9703752994537354,12,5,3.868568181991577,10.169025421142578
3421,ISY1,"ISY1, BTG3, NDUFB4, SCAF11, LONP2",0.0036549162937893876,11.707304954528809,1,6,-1.2750434875488281,10.8684720993042
3422,PPM1F,"PPM1F, RRP36, EIF3E, MRPS11, DCUN1D5",6.372574010094157e-05,2.0351970195770264,27,5,3.6157724857330322,9.971624374389648
3423,PUSL1,"PUSL1, COQ4, PUS7, TTC5, C17ORF58",0.0071480672473225385,7.949190139770508,1,1,-2.008938789367676,10.74094009399414
3424,GZF1,"GZF1, TINF2, SRF, FZR1, CIT",0.017614774959901804,8.867420196533203,0,9,1.4394477605819702,9.932465553283691
3425,LUC7L3,"LUC7L3, LAMTOR4, CCDC14, PTPMT1, ATP6V1D",1.5686336024847157e-05,3.280592441558838,0,6,0.538877546787262,12.22982120513916
3426,HIBCH,"HIBCH, EXOSC6, XPR1, PIM3, EIF4H",0.0029990313687504656,8.249652862548828,14,6,-0.2004636973142624,11.613786697387695
3427,HERC4,"HERC4, RITA1, STAT3, GPN2, UBXN8",0.007754932372283813,10.918949127197266,10,1,-0.8629488945007324,10.319503784179688
3428,PRR13,"PRR13, SLAIN2, N4BP1, TBC1D15, SF1",0.004229428350699414,9.515311241149902,21,6,-2.4918951988220215,12.690206527709961
3429,LPCAT1,"LPCAT1, ABCF1, TRIM8, BTF3, CASD1",0.009784352095498414,10.870266914367676,0,0,-0.4876587688922882,10.15898609161377
3430,CEP295,"CEP295, FLAD1, DHX9, NCSTN, FANCA",0.0034480527374617155,9.320281982421875,12,5,3.97031307220459,8.94809341430664
3431,MYL6,"MYL6, PNKP, UBXN1, RNF213, ZXDC",0.0018892230949925295,5.074380397796631,5,0,1.810351014137268,11.114108085632324
3432,PRELID3B,"PRELID3B, STXBP4, SMIM13, DCUN1D4, MTA1",0.004775508923564406,10.460000038146973,3,3,-3.00124454498291,10.497982025146484
3433,POFUT1,"POFUT1, ADD1, CDK13, MDM2, MPP1",0.01506574535586414,6.399783134460449,7,1,-0.11723294109106064,11.211369514465332
3434,SCAF8,"SCAF8, TNFAIP8, NAPA, BIRC6, SPCS2",0.00551864909274154,9.22098445892334,0,3,-0.4051971435546875,12.360045433044434
3435,TMED3,"TMED3, GABARAPL1, SLC2A1, IRAK4, RBPJ",0.0030333452288048186,3.80996036529541,13,9,-0.722202479839325,12.289454460144043
3436,TNPO2,"TNPO2, DNMT1, ISCU, CBFB, CCDC59",0.002151969223408719,5.337858200073242,2,3,-0.9086495637893677,10.079720497131348
3437,PRDX5,"PRDX5, RALGAPA1, RSRP1, ZNF444, TXNRD1",0.00539217800854121,7.658337593078613,1,3,-0.16719548404216766,10.74263858795166
3438,RPL18A,"RPL18A, PFN1, SERF2, RPS4X, RPS28",0.0008588268973603818,11.170344352722168,0,8,4.178056240081787,9.333744049072266
3439,SSBP1,"SSBP1, KDELR2, DAAM1, LPGAT1, RBM26",0.0005872572049302154,4.042847156524658,21,8,-0.4697721600532532,12.679046630859375
3440,PPP6R2,"PPP6R2, RACK1, FAF1, ECH1, DGKZ",0.01694516449084114,4.538121223449707,6,4,2.6752445697784424,11.619516372680664
3441,EFCAB11,"EFCAB11, JPT2, <SPECIAL>, GSTO1, MRPL1",0.0017460852787657992,4.6648640632629395,22,4,2.76297664642334,11.689231872558594
3442,TMEM185B,"TMEM185B, NCLN, THAP4, ALG8, ZNF746",0.003255895121157338,26.137454986572266,0,7,-0.25620779395103455,11.635542869567871
3443,WASHC5,"WASHC5, ZNF426, GPKOW, PIGF, ACADSB",0.0023549111957301794,3.813154458999634,0,1,-0.5646182298660278,12.220121383666992
3444,BCR,"BCR, JKAMP, GCLC, SUDS3, NPRL3",0.0075872846560182585,8.525460243225098,0,6,-2.367530584335327,12.620862007141113
3445,HNRNPL,"HNRNPL, STRN4, FZR1, SRA1, EFTUD2",0.012704951784124644,4.269237041473389,4,5,3.1970057487487793,9.62489128112793
3446,YLPM1,"YLPM1, FGFR1OP2, GRINA, DCK, DRAP1",0.00017941246828418936,2.69655704498291,2,3,1.1231160163879395,14.128202438354492
3447,RAF1,"RAF1, TRIP11, DENND4B, RRN3, FARSB",0.0002941188004658842,2.754347801208496,3,3,-0.1291201412677765,13.739587783813477
3448,ATP1B3,"ATP1B3, STAG1, GNG5, CDK13, RBM25",0.009500037255048058,11.99315071105957,7,3,-2.2244579792022705,9.940537452697754
3449,PDHA1,"PDHA1, PRR3, TMEM129, MED21, DPM1",0.008603955309628665,10.978896141052246,0,5,3.99340558052063,9.548737525939941
3450,PHB2,"PHB2, DCUN1D4, ARF4, VPS29, TXNDC17",0.0024460880238746036,6.600896835327148,6,3,-0.19652852416038513,12.879443168640137
3451,LAMTOR2,"LAMTOR2, CLSTN1, PHC3, LY6E, CALM3",0.007265714767508892,11.039097785949707,4,6,-1.1948277950286865,10.949158668518066
3452,SPTAN1,"SPTAN1, AP2M1, DDT, DDX31, ATP5MC1",0.0009539253095110177,3.5524682998657227,17,9,2.126729965209961,13.779935836791992
3453,DRAP1,"DRAP1, HLTF, DHCR24, PSMB4, RCAN1",7.352970011647104e-05,2.4019150733947754,6,0,-0.7503388524055481,14.105305671691895
3454,<SPECIAL>,"<SPECIAL>, HMGCS1, ZMYND19, COX6A1, RPL8",0.0010186314456135121,70.79296112060547,0,2,2.228973865509033,11.85046672821045
3455,CDKAL1,"CDKAL1, FRYL, NR3C1, EPC1, RBMX",0.009272585382687775,4.5789594650268555,0,4,3.1580657958984375,11.885876655578613
3456,GRN,"GRN, ANKRD17, RNASET2, HNRNPA3, STMN1",0.0006166690849768038,3.8281359672546387,5,6,0.6557849645614624,13.422567367553711
3457,RAB5IF,"RAB5IF, ACSL3, NME4, NDUFB5, EIF4H",0.0002009811803183542,3.1957852840423584,23,1,-0.6406136155128479,12.655932426452637
3458,IMMT,"IMMT, LIMS1, DDX1, DDRGK1, FAM177A1",0.00013333385621120084,4.485793590545654,13,8,-0.031061867251992226,13.719968795776367
3459,MKLN1,"MKLN1, PRDX5, CLASP1, DSTN, NDUFB11",0.0023196169396742733,3.342700958251953,1,9,2.069284200668335,13.661980628967285
3460,CS,"CS, IFNGR1, RNF13, RPRD2, PSMD7",0.001357848462150832,5.239823341369629,4,6,2.9230165481567383,9.677363395690918
3461,SRPRB,"SRPRB, EHMT2, INTS8, ACTR8, PGGT1B",0.00884513272601069,11.983013153076172,0,5,3.8123466968536377,8.983229637145996
3462,RNF166,"RNF166, PPP3CC, POLR2L, RBM6, SMAP1",0.012619657331989538,5.29716682434082,32,4,2.8997304439544678,12.324027061462402
3463,PDE7A,"PDE7A, CAPN1, GPSM2, KDM5A, PUM1",0.004682371303416876,10.501468658447266,0,8,0.7689552307128906,10.379414558410645
3464,DGCR8,"DGCR8, GLE1, MYO19, TXNRD2, ATMIN",0.010746120573021855,6.920779705047607,0,3,2.274303674697876,9.359972953796387
3465,TMEM245,"TMEM245, NDUFS6, SMARCC2, CLINT1, SMS",0.0035196216455750805,4.2621965408325195,16,9,0.19671306014060974,13.388625144958496
3466,CELF1,"CELF1, RUNX1, CDC42SE1, PJA2, ELP4",0.009813763975545002,8.539229393005371,29,0,1.980187177658081,10.006681442260742
3467,MOV10,"MOV10, PRKD2, KCTD5, GPKOW, RCL1",0.01398436856615124,7.347179412841797,0,9,2.306159734725952,10.044734001159668
3468,MAP2K2,"MAP2K2, HSPA4, PSPH, SARNP, INTS1",0.0002480401883928957,3.08597469329834,1,5,3.9639666080474854,10.81143856048584
3469,CHSY1,"CHSY1, TMUB2, TSC1, CYB5R1, MMAB",0.00551178632073067,6.300413608551025,0,6,2.5068907737731934,9.876296997070312
3470,NEMF,"NEMF, ENO2, PRR13, IDH2, FDFT1",0.0002950991964674371,3.63576602935791,3,6,-0.17274780571460724,13.061951637268066
3471,MAP2K5,"MAP2K5, NDUFS8, PAIP2, DDRGK1, DYNC1H1",0.002604912176126181,8.87852668762207,10,0,-0.7472480535507202,11.075448989868164
3472,ATXN10,"ATXN10, FGFR1, BRI3, TRIM38, PPP6R2",0.0005127471088121914,3.281048536300659,1,6,-0.39039090275764465,10.13351058959961
3473,ATP5IF1,"ATP5IF1, LCOR, CDC42SE2, TMEM63A, WAC",0.009699057643363308,10.041525840759277,14,0,-0.03983001410961151,10.679118156433105
3474,TPD52L2,"TPD52L2, ARL6IP5, KAT8, LRRFIP2, CLK1",0.004143153502562755,5.939728260040283,0,0,-0.3385562300682068,10.323803901672363
3475,CRIPT,"CRIPT, IFT22, RAD17, ILVBL, PTPN1",0.01023239306820811,9.10727310180664,0,3,-2.911903142929077,10.178899765014648
3476,AGPAT3,"AGPAT3, RHOBTB3, AGO2, MSL2, ATAD3A",0.00020000078431680124,3.2710413932800293,25,3,-0.557820737361908,13.322503089904785
3477,PPP1R11,"PPP1R11, LGMN, NARF, PDCL3, MTLN",0.011533378562268872,10.225502967834473,0,0,-0.3162587285041809,9.838911056518555
3478,DCTN4,"DCTN4, PRKRA, TTPAL, ZDHHC6, PHAX",0.014555939435056607,6.611917972564697,0,5,3.712553024291992,9.569802284240723
3479,THOC1,"THOC1, BMP2K, DDX54, GTF2H2, MRPL50",0.008058855132765226,12.129463195800781,0,5,4.259029388427734,9.469728469848633
3480,MRPL44,"MRPL44, PRR14L, SMIM26, SYS1, SETD2",0.0015402021184396802,7.386238098144531,2,3,0.7774194478988647,13.788331031799316
3481,IDH2,"IDH2, HS2ST1, CDC26, ACSL4, FRG1",0.000707845913121228,3.70754075050354,7,6,0.560616672039032,12.215665817260742
3482,TMEM243,"TMEM243, AVL9, FANCI, RUNDC1, MPRIP",0.005586296416848694,7.314826488494873,0,3,-3.1091811656951904,10.14936637878418
3483,CXXC1,"CXXC1, PTDSS1, ELOVL1, NPLOC4, WRAP53",0.012091223887152499,11.163633346557617,0,3,-3.3895397186279297,11.805624961853027
3484,DPP7,"DPP7, MAPK1, HMGB3, ATP2A2, RREB1",0.005937278185404649,6.2309675216674805,30,4,-2.330263614654541,10.863560676574707
3485,SRPRB,"SRPRB, EMG1, PDZD11, IPO11, ZBTB43",0.0171814399272154,8.965324401855469,0,3,-3.1472015380859375,12.124375343322754
3486,ZNHIT1,"ZNHIT1, TMEM63A, RAP1A, PHIP, RNF220",0.008328464033192286,6.500738143920898,9,4,3.047095775604248,12.19283390045166
3487,ATXN3,"ATXN3, LEPROTL1, PFKP, CEP135, ASAH1",0.02028537366813203,8.44676685333252,3,0,2.1567254066467285,10.568960189819336
3488,ARL8A,"ARL8A, PKN2, FBXL3, ZNF512, NOL10",0.008655916297710972,9.54412841796875,0,6,-2.677399158477783,12.529603958129883
3489,NUP188,"NUP188, RFWD3, APEX2, TMEM70, TRMT61B",0.00011078474817548304,2.6964287757873535,0,8,3.9559311866760254,8.795254707336426
3490,DCAF8,"DCAF8, LASP1, GDE1, MAP2K7, ACTR1B",0.008485327393440758,5.512186050415039,3,6,2.753077507019043,9.538315773010254
3491,GDF11,"GDF11, BTBD1, EBP, SCYL1, SAFB2",0.009151996674496763,9.35649585723877,0,6,-2.294022560119629,11.25758171081543
3492,NIPSNAP3A,"NIPSNAP3A, TRMT2A, EFTUD2, TRAPPC10, DPY30",0.014512802010988278,10.875303268432617,3,3,-3.398925304412842,11.427045822143555
3493,<SPECIAL>,"<SPECIAL>, SRM, ZMYND19, RPL8, BACH1",0.0010509845136647594,70.90089416503906,0,2,-2.694671154022217,12.188261032104492
3494,ANGEL2,"ANGEL2, DPP9, TDG, FAM104A, PTGES2",0.0005882376009317683,2.657634735107422,12,5,3.197251796722412,9.408720970153809
3495,ZKSCAN1,"ZKSCAN1, CDK17, MAPK1, DDX39A, BDP1",0.0009647096655281001,4.199145793914795,57,1,0.9150546789169312,12.160420417785645
3496,PIGT,"PIGT, STAM2, PET117, TEDC1, ZNF430",0.010532394244683312,3.6928012371063232,59,3,1.314095139503479,11.367021560668945
3497,SF3B3,"SF3B3, NUP54, FARSA, MRPL38, RFC3",0.00215883199541959,18.92212677001953,18,7,4.271505355834961,8.94800090789795
3498,CCNY,"CCNY, KMT2A, LRRC59, HIPK2, SLIRP",0.005328452268440268,11.925687789916992,22,9,2.29180908203125,13.803487777709961
3499,TOMM20,"TOMM20, PA2G4, DLGAP4, LDLR, SPAST",0.006366691634084839,6.118042469024658,0,4,4.105831623077393,11.118924140930176
3500,SWAP70,"SWAP70, MAPK8, SCAMP2, CWF19L2, WASF1",0.0459893960368472,8.160685539245605,134,9,-0.40786081552505493,13.524638175964355
3501,SDHB,"SDHB, NOP10, SLIRP, TMEM80, DDX3X",0.0014225545982533266,6.461826801300049,13,6,-1.3218576908111572,11.677054405212402
3502,PKM,"PKM, HSCB, UBE2D3, HPCAL1, CACUL1",0.00292059968862623,5.472597599029541,1,1,0.7292157411575317,12.99626636505127
3503,TMEM161B,"TMEM161B, CLUAP1, SLC4A1AP, LEMD2, RPUSD2",0.0013715740061725733,4.604221820831299,0,3,-0.9803465604782104,13.392330169677734
3504,GEMIN7,"GEMIN7, RP9, NCBP2AS2, SSX2IP, MPP1",0.0005049039407997679,3.197991371154785,0,9,-0.8208409547805786,13.920675277709961
3505,ZCCHC9,"ZCCHC9, NET1, MAP1S, CASP8AP2, UBXN8",0.001341181730124432,3.6998727321624756,2,5,4.070838928222656,9.195591926574707
3506,ZMYND11,"ZMYND11, TRAF4, COX6B1, AP3B1, AP3S1",0.00017549088427797757,2.522942543029785,17,4,2.825352191925049,12.757840156555176
3507,SECISBP2,"SECISBP2, GCSH, HTT, RAB8A, TDRD3",0.0016803987466617516,3.9754886627197266,11,9,2.055514335632324,13.242488861083984
3508,ZNF280D,"ZNF280D, GTF2E1, GOSR1, CYTH2, CEBPB",0.008432386009356899,3.974067449569702,3,4,2.4213078022003174,12.059845924377441
3509,TMEM106C,"TMEM106C, GTF2H4, DAXX, GLRX2, PLK1",9.019643214287114e-05,2.2561209201812744,11,4,0.3078446090221405,12.473981857299805
3510,ANKRD13C,"ANKRD13C, ALG13, PPP1R11, TINF2, PGP",0.006961792007027479,5.684446334838867,1,9,1.0016483068466187,14.700199127197266
3511,NSUN5,"NSUN5, GADD45A, PSMC3, DGUOK, HIBCH",0.0009451017454970412,4.788583278656006,12,6,-2.4221529960632324,12.001265525817871
3512,BRD1,"BRD1, NDUFC1, LACTB2, FGD6, ESS2",0.0002843148404503547,3.3688321113586426,0,0,-0.25394508242607117,12.210627555847168
3513,ZBTB8A,"ZBTB8A, ABR, PSPC1, KCTD10, TMEM184C",0.0017372617147518225,4.5025410652160645,0,6,2.94667911529541,9.439522743225098
3514,CHMP4B,"CHMP4B, KDM6A, AAK1, KDM6B, TGIF1",0.04335801316867909,11.061771392822266,1,4,2.4018826484680176,13.67090892791748
3515,PCNX1,"PCNX1, COX17, ATXN2, TPM4, GNB1",0.003769622625971082,8.738958358764648,9,0,-0.6633797287940979,10.938663482666016
3516,NFE2L2,"NFE2L2, SENP6, EPB41, TLN1, U2AF2",0.004456880223059698,9.194559097290039,13,0,1.2752292156219482,13.283763885498047
3517,HSD17B4,"HSD17B4, SPPL2A, TASOR2, UQCR11, PSMD7",2.450990003882368e-05,2.2362585067749023,20,4,0.07643675804138184,14.050616264343262
3518,GTF2H4,"GTF2H4, MRPL4, DGCR8, CCDC14, IWS1",0.00027451088043482525,2.6752264499664307,4,5,1.1149977445602417,12.235564231872559
3519,MYNN,"MYNN, ASPSCR1, PIGK, PGGT1B, EFCAB11",0.009954940999768626,7.239916801452637,0,5,3.4710724353790283,9.32837200164795
3520,NABP1,"NABP1, MRPL20, BLOC1S1, SMAP2, CMIP",0.0038421719300860005,5.776523113250732,0,4,-0.6935471296310425,13.741827011108398
3521,ACTN1,"ACTN1, RFX7, UMAD1, F2R, PSMB2",0.0034607978854819038,5.768249034881592,16,0,1.5949102640151978,12.915196418762207
3522,GIT2,"GIT2, FAM193A, ABHD14B, CKLF, MED30",0.022711853771975578,8.057100296020508,5,6,2.7284045219421387,9.714370727539062
3523,B2M,"B2M, RPL10, TMSB10, RPLP1, RPL41",0.0009107878854426881,14.243556022644043,1,8,-0.03539864346385002,8.753844261169434
3524,SELENOO,"SELENOO, IP6K2, CCNQ, CDK5RAP3, UBR4",0.0011049062937501717,3.097081422805786,0,6,-0.4117225408554077,13.04327392578125
3525,ALKBH7,"ALKBH7, TUBA1C, SF3B6, MRPS10, CUTA",0.0024000094118016148,7.670049667358398,1,0,-2.7655739784240723,12.350043296813965
3526,HNRNPD,"HNRNPD, UQCRFS1, HDAC1, PSMA6, PAIP2",0.00835591512123577,6.523212432861328,8,4,3.9011926651000977,11.278870582580566
3527,IER5,"IER5, ITSN1, TMEM63A, RBPJ, ITGB1",0.012921619300467846,15.191793441772461,64,0,-0.7608055472373962,11.137334823608398
3528,SNRNP25,"SNRNP25, SMIM20, BAZ2B, CERS2, RPF1",0.003212757697089008,5.3491291999816895,1,9,3.09250545501709,10.475481033325195
3529,AKAP13,"AKAP13, TGIF1, CHD9, KAT6A, TFCP2",0.014852019027525597,6.157174587249756,3,4,3.575805425643921,12.27513313293457
3530,SAP30,"SAP30, PRDM2, COA3, SMC3, ZFR",0.0012784363860250433,6.470305442810059,3,1,0.7488290071487427,11.619327545166016
3531,ATG12,"ATG12, PRPSAP2, PLEKHF2, ITGB1BP1, ACACA",0.0013529464821430673,5.805683135986328,14,3,-0.14253193140029907,12.500744819641113
3532,KIF22,"KIF22, MTR, NFX1, FANCA, CNBP",6.470613610249452e-05,2.1845016479492188,10,9,-0.30782026052474976,13.521391868591309
3533,HRAS,"HRAS, KDM6B, TFPT, RPAP2, SPART",0.002038243287228577,8.075860977172852,13,6,-2.051220417022705,12.376351356506348
3534,EZR,"EZR, ENOSF1, ARFGEF1, CERS6, COX14",0.0015862807305126686,3.480036497116089,14,4,3.775128126144409,11.19085693359375
3535,CD55,"CD55, WAC, LMAN2, MRPL57, DYNC1H1",0.0029470703806681593,7.743125915527344,16,0,-0.7847644686698914,10.822908401489258
3536,CHMP3,"CHMP3, DUT, DESI2, TFCP2, SCNM1",0.00021078514033388366,2.60526180267334,10,9,0.6102164387702942,14.684786796569824
3537,UBA3,"UBA3, GGA3, FOXP1, INO80B, ABCD4",0.014567704187075243,5.7176833152771,0,1,2.8926353454589844,9.87276840209961
3538,GATAD2B,"GATAD2B, DDX23, DYNC1I2, COMT, TUBB4B",0.0029480507766697123,6.648046016693115,11,1,1.0895413160324097,12.619980812072754
3539,CCNB1IP1,"CCNB1IP1, MLF2, PSMD3, NDUFAF5, MED15",1.9607920031058947e-05,1.8743540048599243,8,8,4.150484561920166,9.146387100219727
3540,NSMCE3,"NSMCE3, TCF25, IFNGR2, COMMD7, MTA3",0.006981399927058538,8.662793159484863,12,1,-1.7034803628921509,10.968669891357422
3541,LEPROTL1,"LEPROTL1, ARF1, PDLIM5, VMP1, SNRPB2",0.007347087635637787,10.691055297851562,3,9,-1.4709250926971436,11.688569068908691
3542,MED11,"MED11, PIK3C3, MAP2K4, ZDHHC16, NAGPA",0.031656006494143116,9.529169082641602,0,1,0.7157487869262695,12.67254638671875
3543,DHRS4,"DHRS4, TLE3, RABGEF1, IFT88, CDK5RAP2",0.011683379150506473,7.285280704498291,0,9,1.5811045169830322,10.661430358886719
3544,PIK3C2A,"PIK3C2A, DCAF6, CYB561A3, GDI1, BCKDHB",0.06388946623320091,11.114195823669434,0,1,0.9095390439033508,12.20326042175293
3545,CCDC138,"CCDC138, EIF2B4, EXOSC6, TRAPPC11, SNX8",0.005658845720963612,7.544441223144531,0,3,-2.8447327613830566,12.286184310913086
3546,SPAG9,"SPAG9, CLSTN1, PARP14, HDAC2, TAPBP",0.006326495398021169,3.5942397117614746,2,4,2.479936361312866,11.738381385803223
3547,CERT1,"CERT1, CDC27, ABL2, DCAF10, ST3GAL3",0.010661806516888302,5.06174898147583,20,9,-1.2513020038604736,13.819628715515137
3548,DOCK7,"DOCK7, HLCS, NCOA3, PKN1, ARMCX3",0.010991219573410092,6.598067760467529,9,4,3.519304037094116,11.086912155151367
3549,SCAND1,"SCAND1, GDI2, YME1L1, NDUFAF8, CLNS1A",7.4510096118024e-05,2.519627809524536,13,3,-0.5312371253967285,14.427546501159668
3550,NUDT1,"NUDT1, PPT1, GFM1, RPL17, MRPL21",5.000019607920031e-05,2.4220640659332275,5,5,3.3316915035247803,9.536724090576172
3551,DCTN4,"DCTN4, MFSD4B, BRD2, SSX2IP, ZNF106",0.00139706430221295,3.88470458984375,4,1,-0.45337721705436707,12.110940933227539
3552,FBRSL1,"FBRSL1, NAPG, MALSU1, ACOT13, RTCA",0.011172592833697387,9.219062805175781,4,3,-2.927312135696411,11.701820373535156
3553,DDA1,"DDA1, HNRNPLL, ARL5B, CHERP, SEC11A",9.607880815218883e-05,2.742703914642334,6,0,1.1535842418670654,12.295915603637695
3554,SAV1,"SAV1, MPV17, NFYC, DECR1, ZNHIT6",9.509841215063589e-05,2.3725674152374268,2,6,0.03843509405851364,14.357757568359375
3555,CREBZF,"CREBZF, CCSER2, MR1, RDH11, SP100",0.0029255016686339946,4.938010215759277,5,0,0.3069729208946228,10.54101276397705
3556,ZNF791,"ZNF791, SLC50A1, ZNF32, DVL3, ANKRD50",0.014497115674963432,9.340532302856445,0,1,-1.937606930732727,11.114757537841797
3557,EFHC1,"EFHC1, RUFY2, CBLL1, TAPT1, DLGAP4",0.009158859446507633,6.504983425140381,0,6,2.0667033195495605,9.979330062866211
3558,PARP4,"PARP4, SH3KBP1, EDEM1, CCDC28A, MTMR4",0.01124710292981541,8.380745887756348,0,1,1.058289647102356,9.848333358764648
3559,EHBP1,"EHBP1, SF3B5, MRPL46, PRDX5, SKP2",3.4313860054353156e-05,2.8083741664886475,7,4,3.600820779800415,9.771493911743164
3560,UBE4B,"UBE4B, OSBPL9, FNBP1, GLG1, ATP2C1",0.009885332883658367,6.297793388366699,1,9,1.0500800609588623,14.365863800048828
3561,RCC1,"RCC1, TMEM138, WDR36, SDHAF3, ORC4",0.0060392393695661555,9.205881118774414,1,1,-2.840290069580078,10.56494426727295
3562,RWDD4,"RWDD4, MTHFD2, ANKRD11, ASCC3, NKAPD1",0.00655982964639077,14.470686912536621,0,6,-1.0752534866333008,11.536791801452637
3563,LRRC59,"LRRC59, QDPR, SDHB, HDLBP, ZC3H13",2.7451088043482524e-05,2.26956844329834,13,6,0.9923184514045715,12.884033203125
3564,PSMA3,"PSMA3, UBE2K, FAAP20, TMEM203, FAF2",2.450990003882368e-05,2.3599562644958496,9,3,0.07377889752388,14.692427635192871
3565,RPA3,"RPA3, TAPT1, SMCHD1, PNKP, AIDA",0.0005156882968168502,2.964423418045044,4,0,-1.5397096872329712,12.2654447555542
3566,VMP1,"VMP1, TAX1BP1, BRWD1, ANLN, SQSTM1",0.0005049039407997679,2.665172815322876,15,4,2.994288444519043,11.905348777770996
3567,BSDC1,"BSDC1, RPLP0, GUCD1, SMIM12, C19ORF25",8.039247212734167e-05,2.158256769180298,15,0,3.4507625102996826,10.34227180480957
3568,ANXA2,"ANXA2, BIRC5, TMEM179B, CALM1, MT-ND3",0.0002578441484084251,2.9672141075134277,16,8,0.006598816718906164,9.97241497039795
3569,NFAT5,"NFAT5, MCM6, SGO1, TFRC, GRHPR",2.941188004658842e-05,1.7454935312271118,39,5,3.853188991546631,9.249238967895508
3570,ABCD4,"ABCD4, RPN1, PSMC3, ERGIC2, LDB1",3.1372672049694314e-05,2.2205615043640137,6,3,-0.19667865335941315,13.257403373718262
3571,SAP30BP,"SAP30BP, TCF25, AKAP9, NENF, NEK1",0.00015000058823760092,2.5482430458068848,24,6,-0.6061496734619141,13.764959335327148
3572,LGMN,"LGMN, RAMAC, TMEM107, CCDC186, NCOA6",0.014856921007533363,8.865316390991211,0,9,1.6092370748519897,10.33028793334961
3573,PEPD,"PEPD, NECAP1, TRIM37, BAG6, STX16",9.803960015529472e-05,2.967427968978882,1,0,-1.8280858993530273,10.30420207977295
3574,EEF2,"EEF2, SLC25A12, DNAJC4, MT-ND5, RPRD1A",0.0067794383507386305,8.725004196166992,0,8,-0.1719343662261963,9.442349433898926
3575,IER3IP1,"IER3IP1, SMC3, DPH3, C1ORF50, SUPT6H",6.764732410715336e-05,2.1687679290771484,2,1,1.3361186981201172,14.35772705078125
3576,TTC3,"TTC3, NSUN3, HSPA5, DESI1, MBNL1",0.012313773779505018,14.832051277160645,0,1,1.799519419670105,12.6462984085083
3577,BAZ1B,"BAZ1B, MLLT6, NECAP2, NCOR2, COPS6",0.023676563437503677,7.335328578948975,2,3,0.7380620837211609,12.426115989685059
3578,ING5,"ING5, UNK, INF2, PGS1, METTL1",0.0004421585967003792,2.60921049118042,1,1,2.1148035526275635,10.287814140319824
3579,RNF130,"RNF130, PRKAB2, SKI, PUM3, VPS53",0.04990901925105588,10.830678939819336,0,6,-0.7118563652038574,14.215723037719727
3580,C19ORF53,"C19ORF53, ZC3HAV1, RSF1, ZWINT, GADD45GIP1",0.0001637261322593422,3.067243814468384,1,3,0.0019356005359441042,11.956463813781738
3581,DDX18,"DDX18, NDUFAF3, PDCD5, RAB6A, MRPS6",0.000260785336413084,3.035264015197754,19,3,0.9269520044326782,14.376822471618652
3582,SERINC3,"SERINC3, CWF19L2, COX16, EMC7, RBCK1",3.4313860054353156e-05,3.248657464981079,0,1,0.18995261192321777,9.847013473510742
3583,RPLP0,"RPLP0, HSPB1, MKLN1, RPS10, RPL14",0.003288248189208585,6.800123691558838,0,4,3.0540361404418945,11.542131423950195
3584,CFAP20,"CFAP20, DCTN4, C12ORF76, TM2D3, PPP2CB",0.0009490233295032529,3.667656183242798,4,1,0.5494489669799805,12.01664924621582
3585,YWHAZ,"YWHAZ, GPCPD1, EZH2, SPA17, TNPO2",0.0074304212957697876,6.990159034729004,46,0,1.3262035846710205,11.146584510803223
3586,CLIC1,"CLIC1, ATP6V0C, RPS19BP1, TCF25, RAD23A",0.0012764755940219373,4.232639789581299,0,4,3.242168426513672,11.96546745300293
3587,CHD7,"CHD7, SRSF11, PPP1R12A, RPS2, OSBPL8",0.004105898454503743,8.430849075317383,7,8,-1.4001439809799194,11.454840660095215
3588,GINS4,"GINS4, KMT2B, NIF3L1, UNC45A, ZBTB8OS",0.007053949231173456,13.45724105834961,0,5,3.962822198867798,8.86172103881836
3589,UTP20,"UTP20, IPO5, GART, MRPL36, MRPL35",0.00022156949635096607,10.483702659606934,18,7,3.1856560707092285,9.355122566223145
3590,MOB4,"MOB4, CNPY3, U2AF2, EGLN2, ABHD14B",0.018643210365530846,5.240833282470703,12,4,2.540221929550171,11.929484367370605
3591,SNRPB2,"SNRPB2, MFSD10, GNB1, LSM3, XPR1",0.020757924540880553,7.745383262634277,5,4,4.413075923919678,11.597968101501465
3592,CNPY3,"CNPY3, BCAP31, TAF7, BRD2, ARPC4",0.0002137263283385425,3.8237762451171875,24,8,-0.9504699110984802,12.982069969177246
3593,NFIL3,"NFIL3, RNF149, BLVRA, IRAK4, MED4",0.000390197608618073,3.4165444374084473,6,6,-2.3489415645599365,12.415489196777344
3594,RBMX,"RBMX, MRPL47, LAMP1, RPRD2, DNAH14",0.0020539296232534245,7.582057476043701,24,6,-0.5436438322067261,9.762198448181152
3595,ORMDL3,"ORMDL3, ARIH2, SCARB1, ATP11B, ANXA7",0.0014656920223216562,4.1060309410095215,0,3,1.2356116771697998,13.329022407531738
3596,WNK1,"WNK1, POLD4, PDCL3, STAT3, HNRNPA0",0.0012421617339675843,8.903328895568848,11,3,-2.3518195152282715,11.857085227966309
3597,ILF2,"ILF2, SRSF11, ANKRD28, SF3B2, HMGB1",0.002449029211879262,6.197611331939697,0,0,-0.3385550081729889,10.473210334777832
3598,CUL4B,"CUL4B, ERO1A, CMTR2, NAA60, KIF3B",0.008134345624884803,8.589544296264648,0,3,-3.5219526290893555,10.910820007324219
3599,ARRB2,"ARRB2, EPB41, TRA2A, MAP2K5, CCT8",0.003913740838199366,9.219688415527344,5,8,0.17839419841766357,9.252859115600586
3600,TRIM41,"TRIM41, PRKRIP1, TRIM26, TRIM52, PEX19",0.010477492068596347,6.403247356414795,1,9,2.41916561126709,10.490279197692871
3601,TGFB1,"TGFB1, ATP5F1C, LYRM2, SNX17, SRPK1",2.156871203416484e-05,2.3133983612060547,69,9,1.6333390474319458,13.43388557434082
3602,SMAGP,"SMAGP, RRN3, IFT20, NSUN3, GCDH",0.009807881599535684,4.814168930053711,2,5,2.980607271194458,10.922555923461914
3603,SH3GLB1,"SH3GLB1, GDE1, UBE2I, GOLT1B, TMEM38B",0.012583382679932078,6.99687385559082,1,5,3.3711986541748047,9.93364143371582
3604,PPIA,"PPIA, HSPB1, SNRPD2, EZR, NOP10",0.008323562053184522,10.5029878616333,2,0,-0.31597310304641724,10.933083534240723
3605,PKN2,"PKN2, FOXN2, UBE2H, PIK3CA, UBL3",0.03300110980827376,6.974799156188965,5,9,2.178091287612915,13.75031566619873
3606,SEPTIN11,"SEPTIN11, NCAPG, CWC22, TOR1A, RHOA",0.007480421491848988,12.664546966552734,2,1,-1.6389471292495728,10.745858192443848
3607,GTPBP10,"GTPBP10, PHRF1, CENPW, SCAMP3, BAZ2B",0.0008941211534162879,5.3158278465271,4,3,-2.7200446128845215,10.048768043518066
3608,<SPECIAL>,"<SPECIAL>, SRM, TFRC, LAPTM4B, SLC19A1",0.0009872587735638178,69.49374389648438,9,2,-3.7387022972106934,11.403067588806152
3609,POC1B,"POC1B, PDK1, TP53I3, LIMK2, ING1",0.011012788285444256,6.969394683837891,1,0,2.4508450031280518,9.668597221374512
3610,RABGEF1,"RABGEF1, WDR83OS, G3BP2, MCM7, TPI1",0.0001078435601708242,5.944027423858643,15,6,0.5210263133049011,12.237737655639648
3611,PCM1,"PCM1, ARHGEF12, CCNH, PPP1CC, THAP5",2.549029604037663e-05,2.433415651321411,0,3,-0.22596539556980133,12.268514633178711
3612,FAM200B,"FAM200B, ACTN4, MRPL32, SNAP23, NSL1",2.549029604037663e-05,2.1105430126190186,5,0,0.8687282800674438,12.611787796020508
3613,TSC22D4,"TSC22D4, PSMC5, PCNX4, CSK, PDCD4",0.006892183890917219,9.358752250671387,0,1,0.8539687395095825,13.305283546447754
3614,KCTD9,"KCTD9, ZNF318, LEMD2, TRAPPC13, TAF1B",0.008641210357687678,7.149556636810303,0,6,-3.029294729232788,12.42309856414795
3615,SBDS,"SBDS, ELOC, CCDC85B, CKLF, ZNF706",6.568653210404746e-05,2.8282623291015625,22,3,0.8426406383514404,14.752514839172363
3616,TMEM106B,"TMEM106B, PSMD12, DNAJB6, MAPRE1, TLK2",6.274534409938863e-05,3.084198236465454,3,3,0.8265424370765686,13.74088191986084
3617,TNFRSF1A,"TNFRSF1A, TRPM7, BNIP2, SH3GLB1, LMAN1",0.005462766520653022,8.024883270263672,14,6,-0.6488592624664307,12.966323852539062
3618,VPS45,"VPS45, TRMT1L, DDX27, TCOF1, CORO1C",3.5294256055906104e-05,2.1181228160858154,2,6,2.5594940185546875,10.62574291229248
3619,NDUFS2,"NDUFS2, C12ORF57, COPS8, RNASEK, RRP7A",0.0025166765359864156,3.5704948902130127,1,4,2.611509084701538,11.854202270507812
3620,BIRC2,"BIRC2, KPNA4, STT3B, UBTF, SHMT2",0.0009607880815218883,3.941149950027466,4,0,-3.4076690673828125,11.803962707519531
3621,UBTF,"UBTF, PUF60, APH1A, TRAPPC10, KPNA4",3.1372672049694314e-05,2.393906593322754,31,3,0.40953317284584045,11.949142456054688
3622,INTS10,"INTS10, VPS4B, PSMD6, DNAH14, ERG28",0.0018892230949925295,4.7655930519104,9,9,1.2279393672943115,10.379264831542969
3623,CMTM6,"CMTM6, TGFBR1, B4GALT1, CDC42SE2, ANXA11",0.0010068666935948768,3.418154001235962,6,1,0.5350205898284912,13.280621528625488
3624,C4ORF46,"C4ORF46, NCK1, MDM4, XPNPEP1, SEC23IP",0.008813760053960996,6.62973690032959,0,9,1.9126182794570923,10.38536548614502
3625,NOL11,"NOL11, ADAM9, TTLL12, RBM42, XRCC1",5.294138408385915e-05,2.2869412899017334,13,6,-1.130966067314148,13.323145866394043
3626,LDHA,"LDHA, SCD, ACAD9, PFDN1, UBN2",0.004759822587539559,12.385281562805176,0,6,-0.8149077296257019,10.751731872558594
3627,MRGBP,"MRGBP, UTP18, GATC, NET1, CLSPN",0.00022451068435562493,2.522367238998413,20,5,3.76543927192688,9.383703231811523
3628,TM7SF3,"TM7SF3, UBE2B, UQCRFS1, PI4KA, MSL2",0.002636284848175875,7.764547824859619,1,0,-2.7457973957061768,11.511090278625488
3629,SF3B6,"SF3B6, CUEDC2, RBM28, GTF2E2, SDHAF1",0.0004441193887034851,3.247852087020874,2,6,-0.06730896979570389,13.935603141784668
3630,TRAPPC3,"TRAPPC3, CORO1B, PET100, EDC3, ATP6V0C",0.0025029509919646743,6.813241004943848,0,9,-1.3716706037521362,13.471044540405273
3631,BNIP3L,"BNIP3L, PAK2, ACAP2, TACC1, NDUFA12",0.0015892219185173276,6.134629249572754,15,0,-1.5536092519760132,11.204524040222168
3632,HDGFL2,"HDGFL2, MTRR, DMWD, ZNF322, MSTO1",0.0050166863399464315,7.2913594245910645,0,3,-3.182548761367798,10.22557258605957
3633,ARID5B,"ARID5B, SNRPE, HERPUD1, HMGN2, ARHGAP17",0.0039274663822211064,7.856851577758789,99,0,-2.466456174850464,12.243027687072754
3634,FAM32A,"FAM32A, SECISBP2, DNAH14, SLTM, MAPK1IP1L",0.010303961976321475,4.899202346801758,9,4,2.7653353214263916,12.639593124389648
3635,HIRA,"HIRA, TP53BP1, PIK3R2, FGFR1OP2, MECP2",0.0005068647328028737,3.2696619033813477,8,0,-0.31860947608947754,14.401954650878906
3636,RELCH,"RELCH, NSMCE3, MCRIP1, SAP130, ESRRA",0.02348244502919619,8.283426284790039,0,9,0.48262137174606323,10.379525184631348
3637,BZW2,"BZW2, NOP16, STYX, THOP1, PGD",2.156871203416484e-05,1.9217181205749512,3,5,3.902900218963623,9.629239082336426
3638,PABPC4,"PABPC4, IMP3, PPP1R15B, MIS18BP1, PCSK7",0.018425562453186092,7.163120746612549,11,4,4.393285274505615,11.5740327835083
3639,PWP1,"PWP1, SMAP2, LSM4, HSDL2, ASAH1",0.005011784359938667,13.185864448547363,9,1,-0.6285144686698914,11.008110046386719
3640,RNF8,"RNF8, POLD3, FBXL15, RNF146, PPIP5K2",0.012177498735289158,10.808295249938965,0,1,-2.0165181159973145,11.419843673706055
3641,AHCTF1,"AHCTF1, MAP1LC3B, ENY2, ATOX1, ZNF428",0.00010000039215840062,2.2620131969451904,1,1,1.0788227319717407,13.121143341064453
3642,CHCHD1,"CHCHD1, MBD4, COPB1, NAGPA, SAFB",0.005796101161181024,6.93303108215332,21,9,2.263103485107422,13.545416831970215
3643,ZFP36L2,"ZFP36L2, SLC25A3, COX8A, JUND, GABARAP",0.001524515782414833,13.148324012756348,14,8,-0.1256289929151535,8.933150291442871
3644,UBE2N,"UBE2N, POLR1D, MRPS6, RCL1, PYCR3",0.0006941203690994867,3.0375876426696777,2,9,1.429189682006836,14.211666107177734
3645,MAP3K4,"MAP3K4, CAPN10, KLHL7, PAQR3, TRIM37",0.004115702414519273,3.894700765609741,0,9,3.120331287384033,9.43654727935791
3646,METTL5,"METTL5, SARAF, CHEK1, SMCHD1, SSR2",0.003100012156910419,9.082324028015137,45,3,-0.7962412238121033,11.625007629394531
3647,TMX1,"TMX1, CDC26, MDH2, TAF5, SLC25A23",0.0030568747328420898,8.496710777282715,8,3,-0.6849620938301086,11.244851112365723
3648,TMEM123,"TMEM123, MT-ND5, TONSL, ELOB, MYL12B",0.00013529464821430672,2.47361159324646,21,4,0.5588141679763794,14.579242706298828
3649,STX17,"STX17, TMEM97, ZBTB8OS, LRIF1, RNF139",0.005168647720187138,7.015697479248047,0,1,-2.486663818359375,10.204915046691895
3650,GNAQ,"GNAQ, NDFIP1, SMC4, FBXL4, PAGR1",0.003778446189985059,5.441149711608887,0,1,-0.09313943982124329,10.32850170135498
3651,ARIH2,"ARIH2, DOHH, DCAF12, FAM91A1, MKNK2",0.002621578908152581,4.52517557144165,4,3,-0.583096981048584,12.092926979064941
3652,PTP4A2,"PTP4A2, BPTF, ACTR3, TNFAIP8, ROMO1",0.004901980007764736,6.795677185058594,5,4,4.057125091552734,11.376250267028809
3653,MNAT1,"MNAT1, FNDC3A, RPL4, NAA38, VPS26A",0.0005794140369177918,3.395843982696533,3,1,2.8125240802764893,11.8453950881958
3654,RCCD1,"RCCD1, G3BP2, POLE2, DSN1, ABCB8",0.001188239953882172,3.808873176574707,0,5,3.9573633670806885,9.320542335510254
3655,JMJD1C,"JMJD1C, MT-ND4, PLEKHA5, RPL18, TANK",5.686296809007094e-05,2.1872706413269043,13,9,1.7500770092010498,14.077606201171875
3656,CDKN3,"CDKN3, CNOT8, SPCS2, CREM, CLK3",0.0028137365244569586,8.8904390335083,5,0,2.8693137168884277,8.947412490844727
3657,HECTD4,"HECTD4, ATP6V1B2, AXIN1, VKORC1, ATP6V0E2",0.004259820626747556,6.983194828033447,3,9,0.518125593662262,10.840270042419434
3658,PIH1D1,"PIH1D1, STK4, PRKD3, DDX39B, CEP63",0.002373538719759685,3.4515578746795654,5,6,-0.5214115381240845,12.197860717773438
3659,PSMA1,"PSMA1, TBCA, ZFAND6, PRDX3, JTB",0.0004215702806677673,2.637268304824829,8,6,0.2089059203863144,11.111089706420898
3660,HDGFL2,"HDGFL2, YAF2, EMC6, PYM1, CCDC93",0.004178447758618661,6.4701032638549805,8,0,2.253840208053589,10.485013008117676
3661,C9ORF85,"C9ORF85, PREP, FKBP15, PMM1, PSMF1",0.02122263224561665,10.193035125732422,0,5,3.6228766441345215,9.393959045410156
3662,RPL7,"RPL7, RPS17, RPL4, RPL22, GABARAP",0.00010098078815995357,2.9121055603027344,1,8,3.4675402641296387,10.593862533569336
3663,EXOSC8,"EXOSC8, LAGE3, INO80E, POC5, DUS1L",8.627484813665935e-05,2.7513585090637207,7,9,-0.6243915557861328,12.166092872619629
3664,BCAP29,"BCAP29, SMIM10L1, DDA1, SENP1, ANKRD39",1.7647128027953052e-05,1.9517525434494019,3,0,-0.12106384336948395,12.8507080078125
3665,PGLS,"PGLS, TMED2, MCUB, ROCK2, TMBIM4",8.137286812889462e-05,2.8125393390655518,10,3,-0.3548654019832611,14.41195297241211
3666,ZNF26,"ZNF26, OSGIN2, ZBTB8A, DHODH, NAGPA",0.003779426585986612,3.74965763092041,0,1,1.3581061363220215,12.281593322753906
3667,SIAH2,"SIAH2, RPE, VMA21, SF3A1, UIMC1",2.843148404503547e-05,2.227465867996216,0,3,1.414365291595459,13.119441032409668
3668,CIZ1,"CIZ1, C8ORF76, RRP36, WSB2, BACH1",0.00564512017694187,6.729200839996338,0,9,1.638812780380249,13.637307167053223
3669,FBXL4,"FBXL4, AMFR, ZFAND2B, DCAF11, RNF4",0.002377460303765897,4.851143836975098,0,0,0.15337608754634857,10.520523071289062
3670,CCDC92,"CCDC92, TSPYL1, PUM3, HINT2, ABCC5",0.0032676598731759734,8.919143676757812,3,8,-0.11999750137329102,9.908809661865234
3671,PTMS,"PTMS, FDFT1, MAN1A1, GRK2, KLF3",0.010417687912501618,11.999897003173828,10,6,-0.974850058555603,11.321470260620117
3672,RETREG2,"RETREG2, MRPS11, ERICH1, ING1, FAM53C",0.0026529515802022753,3.89213228225708,3,0,-0.8860188126564026,12.588615417480469
3673,PSPH,"PSPH, PGRMC1, PPM1A, STAT6, CNOT2",0.0017823599308232582,5.705061912536621,2,9,-3.270622491836548,11.962692260742188
3674,NKAPD1,"NKAPD1, PRDX5, UBE2E3, BUD31, MRPL33",0.0009284350134706411,7.729079246520996,1,6,-1.1484243869781494,13.36219310760498
3675,UBXN4,"UBXN4, NFE2L2, MARK3, NDUFA6, PTBP2",0.005690218393013306,8.509751319885254,6,4,4.026429653167725,11.716239929199219
3676,RNASEH1,"RNASEH1, MAU2, DRG2, ARFIP2, BRCA2",0.004814724763626524,5.60221004486084,0,3,0.5941339135169983,14.76304817199707
3677,ANAPC11,"ANAPC11, ELF2, FBXW11, TSPYL1, TRIM44",0.010885336805242373,5.909219264984131,9,4,2.473090171813965,11.730585098266602
3678,ABCF3,"ABCF3, MAP7D1, OSBPL2, ADH5, INTS4",0.015144177035988377,8.311808586120605,0,5,3.731675863265991,9.667298316955566
3679,PDCD5,"PDCD5, FBXL4, MTCH1, EEFSEC, PHF6",0.00727159714351821,5.600632667541504,0,3,-0.26372596621513367,12.11353874206543
3680,CCNI,"CCNI, NAMPT, UGP2, SARAF, EDC4",0.014026525594218017,4.319920539855957,5,4,2.9739034175872803,12.00185775756836
3681,AP1S2,"AP1S2, PCCA, CD164, TOMM20, CCDC91",0.007158851603339621,9.891500473022461,0,8,-0.13942290842533112,8.988566398620605
3682,STK25,"STK25, ZHX1, WDR43, TSR2, ZNF511",0.0001450986082298362,2.1461265087127686,23,9,1.618145227432251,14.487489700317383
3683,PRH1,"PRH1, MIIP, FKBP11, SIAH2, VPS13D",0.023553033541308006,8.222895622253418,0,0,-0.31068331003189087,10.31705379486084
3684,CRY1,"CRY1, NPIPB5, CACUL1, KRTCAP2, ATP5F1C",0.005850022941266436,4.148617267608643,13,9,1.7551853656768799,10.98409366607666
3685,FAM89B,"FAM89B, RHBDD2, CUX1, PCMTD1, ACACA",0.05166392809383566,10.034612655639648,0,1,0.951809287071228,12.435188293457031
3686,RPL36A,"RPL36A, GRN, DHRS7, FAM13B, CHD9",0.003626484809744352,7.732255458831787,10,3,-0.6474536061286926,10.404571533203125
3687,RAD51,"RAD51, AFF1, LCOR, HNRNPAB, FOXO3",0.03547366852419029,10.360835075378418,0,1,0.761399507522583,11.760825157165527
3688,UBR7,"UBR7, TRAF7, PDCD7, POLR3D, FAM216A",0.006977478343052326,14.974609375,1,7,4.452235698699951,8.99850845336914
3689,SF1,"SF1, UXT, MYH10, POLR2J, CMTM6",5.9804156094729785e-05,2.293489694595337,34,1,1.8086282014846802,13.842954635620117
3690,SNAPIN,"SNAPIN, TMEM181, RAB9A, ATG4C, DPP8",8.725524413821231e-05,2.4622015953063965,8,0,0.7364044785499573,12.493256568908691
3691,TOE1,"TOE1, TRA2B, LEPROT, PSME2, SHKBP1",0.0027735402883932877,10.466328620910645,6,3,-3.389033317565918,11.546093940734863
3692,ALYREF,"ALYREF, RPL9, UFD1, SMIM15, NACA",2.058831603261189e-05,1.8066414594650269,0,8,4.160851001739502,9.479843139648438
3693,C19ORF25,"C19ORF25, PCGF5, LIMS1, CCT2, ARL16",0.022987345048411954,7.133075714111328,4,6,0.1480148434638977,12.402129173278809
3694,CWC15,"CWC15, PIN1, MLLT11, NDUFV1, CNOT6L",0.009553959035133472,5.664064884185791,5,4,4.253036975860596,11.168785095214844
3695,PIN1,"PIN1, TRPC4AP, ALAS1, TARS2, TUG1",7.058851211181221e-05,2.300781726837158,3,3,-0.06475162506103516,13.853545188903809
3696,SUN1,"SUN1, ERG28, TLE3, TMEM107, FBXO21",0.017608892583892487,5.976267337799072,0,3,1.0858254432678223,14.431129455566406
3697,SEC63,"SEC63, RAD23A, MOB2, RPS19BP1, KPNB1",0.00016470652826089513,2.298053503036499,10,9,1.0284197330474854,13.332030296325684
3698,CEP250,"CEP250, HSPA9, TRMT10C, DPP3, ZNF593",0.0015029470703806682,19.320331573486328,4,7,1.3833954334259033,10.016934394836426
3699,PSMC2,"PSMC2, ITFG2, SAR1B, NUFIP2, ARF4",0.0008264738293091346,3.8364152908325195,25,1,0.250791072845459,10.86864948272705
3700,SUPT4H1,"SUPT4H1, MTIF3, LAP3, BDP1, ARFGEF1",0.009631410319256154,7.929131984710693,11,1,2.216731309890747,9.577609062194824
3701,TSC22D2,"TSC22D2, ARL2, HERPUD1, TMEM41A, PRMT1",0.000985297981560712,3.038449287414551,9,4,3.2069225311279297,12.026248931884766
3702,ZCCHC9,"ZCCHC9, MFHAS1, ARFRP1, MMAB, VPS4A",0.0022225577355205316,2.451378107070923,44,4,2.4948854446411133,9.858807563781738
3703,TATDN2,"TATDN2, STRADB, DAAM1, CAAP1, USP25",0.006792183498758818,4.615989685058594,0,3,1.2306699752807617,13.053982734680176
3704,PIAS1,"PIAS1, BRWD1, PDCD7, ERCC1, TMEM258",6.274534409938863e-05,2.765308380126953,13,6,-0.28887441754341125,13.167553901672363
3705,ASAH1,"ASAH1, BAX, SPC24, DDT, NFE2L2",0.0019392232910717298,5.404747009277344,16,9,1.1591519117355347,14.008210182189941
3706,WASF1,"WASF1, TSPAN13, MYH9, KANSL1, TMEM35B",0.046105082765030454,5.053850173950195,7,4,3.076138734817505,11.438990592956543
3707,ARID4B,"ARID4B, HEXD, FBXO28, TMEM9, MBD6",0.0007872579892470166,5.301678657531738,3,6,0.3818607032299042,11.853326797485352
3708,RCAN1,"RCAN1, ZNF32, THRA, ADIPOR2, AP1M1",0.018679485017588305,6.7801337242126465,1,0,3.132503032684326,9.790942192077637
3709,SCO2,"SCO2, SLC31A1, HAUS8, ALG14, CHAMP1",6.176494809783567e-05,2.088914155960083,0,1,-0.687544584274292,13.449156761169434
3710,ATP5MC2,"ATP5MC2, COX6C, RHOQ, DENND4A, DHFR",0.004855901395691748,6.673901081085205,0,6,-0.9068014621734619,10.842430114746094
3711,TAF9,"TAF9, CPSF7, PHC3, SPAG7, HSD17B12",0.0002117655363354366,3.4725050926208496,6,3,-0.29100772738456726,12.449634552001953
3712,MED7,"MED7, SHMT1, D2HGDH, ZNF766, ZNF33B",0.0013117698500778434,4.477006435394287,0,5,3.678391695022583,9.542213439941406
3713,CYC1,"CYC1, MACF1, TMEM219, SPTSSA, IQGAP1",0.009579449331173847,13.132835388183594,20,1,-0.6350721716880798,11.277290344238281
3714,PNPLA6,"PNPLA6, CEP70, UCHL5, TMEM35B, SRP68",0.008241208789054075,6.064415454864502,0,1,0.7256275415420532,10.182113647460938
3715,ZMYM4,"ZMYM4, RFC3, TMPO, UCP2, SLU7",4.4117820069882625e-05,2.2260732650756836,28,4,0.9606835842132568,12.182450294494629
3716,ATF6B,"ATF6B, SOAT1, SLC30A9, TBC1D15, CPNE3",0.017845168020266745,6.440923690795898,11,9,2.280660390853882,13.786457061767578
3717,NUDC,"NUDC, C1ORF122, FIBP, DPY30, UBE2J2",0.004973548915878101,7.609854221343994,1,3,0.6735292077064514,14.736837387084961
3718,SSR2,"SSR2, RASA1, CLIC1, MYDGF, DYM",0.001452946874301468,8.467700004577637,1,8,-1.442926287651062,10.011096000671387
3719,IARS2,"IARS2, GANAB, BCL2L12, ICE2, TMA16",0.008313758093168993,6.511443614959717,0,6,2.6056134700775146,9.356416702270508
3720,AMFR,"AMFR, SLC19A1, TCF20, DDI2, SMU1",0.00849611174945784,9.336989402770996,0,1,-2.1898529529571533,10.583066940307617
3721,PAICS,"PAICS, RANBP1, WDR12, CTPS1, TTF2",4.4117820069882625e-05,2.977810859680176,11,1,4.356652736663818,8.862510681152344
3722,MYL12B,"MYL12B, PHKB, TRA2B, PPP6C, SLTM",0.00022156949635096607,2.3538126945495605,5,4,1.5674006938934326,14.527740478515625
3723,STAU2,"STAU2, STMP1, ATXN2, SF3B1, ZNHIT1",0.0047196263514758885,9.984424591064453,1,3,-0.6111842393875122,11.085906982421875
3724,KPNA6,"KPNA6, TMBIM6, AGK, RBFOX2, ERC1",8.431405613355346e-05,2.1059041023254395,0,8,0.22518007457256317,14.302494049072266
3725,TPRKB,"TPRKB, PHF6, TFRC, RANBP1, BDP1",0.0031686398770191257,9.851223945617676,9,1,-0.7182610034942627,10.823573112487793
3726,ARPC5,"ARPC5, EIF3L, NUP88, TAOK3, NSA2",0.0026284416801634516,6.044930934906006,9,6,-1.646453619003296,11.619242668151855
3727,LYAR,"LYAR, FMC1, GATAD2B, SPEN, METAP2",0.03688543876642653,5.575824737548828,3,6,-0.40607088804244995,12.432703971862793
3728,PPP1R37,"PPP1R37, DCTN5, METAP1, SELENOI, TUBE1",0.009007878462268479,6.610063076019287,0,6,-3.070960760116577,12.486384391784668
3729,FBXO3,"FBXO3, CEP63, KIAA0586, ABRACL, SOS1",0.0019019682430127178,6.349094390869141,8,3,-1.3731474876403809,12.835697174072266
3730,IER2,"IER2, FAM120A, MT-ND1, UBB, MCM3",5.39217800854121e-05,2.488072395324707,3,8,-0.2609008848667145,9.229984283447266
3731,NKTR,"NKTR, PSMD2, NT5DC1, NAMPT, SLC4A1AP",0.01065788493288209,13.494359016418457,2,3,1.3854321241378784,12.78803825378418
3732,MCU,"MCU, NUP98, WBP1, SOAT1, TCF12",0.014217702814520842,8.966081619262695,1,0,-0.47168368101119995,9.858490943908691
3733,UQCRH,"UQCRH, RER1, VDAC2, ANAPC11, FAM76A",0.0039147212342009186,9.144207954406738,4,9,4.376183032989502,11.282438278198242
3734,IRF2BP2,"IRF2BP2, TIMM13, NDUFB11, UBALD2, HSPB1",0.004246095082725815,8.45429515838623,5,0,-1.0870658159255981,10.489505767822266
3735,RASA2,"RASA2, SMIM26, DCXR, NAMPT, TMEM230",0.0063333581700320395,9.563196182250977,4,3,-0.7074556350708008,10.947592735290527
3736,NUF2,"NUF2, MRPL46, DHX40, VAMP7, PKNOX1",0.00031372672049694315,3.2088797092437744,16,5,2.9170913696289062,10.95932388305664
3737,NOM1,"NOM1, CTNNBIP1, MRPL44, TBC1D10B, XPO6",0.009491213691034082,12.128767013549805,0,1,-2.2009313106536865,10.61748218536377
3738,SLIRP,"SLIRP, COX6C, TAOK3, IKZF5, ERLIN1",0.00892160361413182,12.897141456604004,1,6,-0.9006310105323792,11.221761703491211
3739,APLP2,"APLP2, ZFAND2B, YBX3, SMCHD1, ZC3H13",5.9804156094729785e-05,2.1813976764678955,1,0,0.7368085384368896,13.679306030273438
3740,ATRX,"ATRX, GNB1, NOSIP, ITGB1, LSM4",0.01003925505590218,11.914689064025879,31,0,-0.2363906353712082,11.04268741607666
3741,ELOA,"ELOA, TBC1D13, FAF2, CRCP, CLN5",0.005284334448370386,15.632640838623047,1,7,4.091982364654541,8.855310440063477
3742,YIPF6,"YIPF6, ATG101, SCAMP3, NSMCE4A, ANTKMT",0.004759822587539559,5.0198893547058105,28,5,3.598559617996216,10.32652473449707
3743,HSPH1,"HSPH1, ANXA11, ELOB, ELF2, RNH1",5.5882572088517995e-05,2.720064401626587,0,6,0.03856927528977394,12.186361312866211
3744,SRFBP1,"SRFBP1, AURKA, WDR55, CCDC51, ZMYM3",0.00024215781238357798,2.0942535400390625,12,5,3.4982593059539795,9.48572063446045
3745,NFKBIB,"NFKBIB, RBM27, TRIAP1, YME1L1, FNIP1",0.00021666751634320135,2.7217886447906494,5,6,-0.18268926441669464,13.063756942749023
3746,TMED2,"TMED2, SLC25A3, PTPN11, SRRM2, RFXANK",0.0034627586774850097,10.057679176330566,2,0,-3.2349677085876465,11.840302467346191
3747,ATG3,"ATG3, MXRA7, USP32, CANX, MARK4",0.00984317585559159,9.797428131103516,5,4,-2.895803213119507,11.448174476623535
3748,NSUN4,"NSUN4, CDCA5, DPH2, PUS7, TTC4",0.00021764791234475428,5.732697486877441,5,7,-0.3892119526863098,13.018660545349121
3749,SERINC1,"SERINC1, TOP2B, POLR2J, MRPS11, AKIRIN2",0.006528456974341076,10.054000854492188,3,3,-1.0569390058517456,11.162979125976562
3750,SBF1,"SBF1, PEF1, EHD1, ASB3, KLF3",0.033988368581837576,8.596821784973145,0,6,-0.18365925550460815,13.083813667297363
3751,PDCD11,"PDCD11, AGO2, PSMC1, ESF1, MAGOHB",0.0047176655594727826,9.459195137023926,15,3,-1.386979579925537,11.832060813903809
3752,RCBTB1,"RCBTB1, BAP1, SEC23B, MPZL1, USP7",0.012996129396585869,9.025997161865234,0,1,-2.063518762588501,10.738859176635742
3753,NKTR,"NKTR, CUX1, NR3C1, MGME1, CCDC32",0.0004588253287267793,3.005225419998169,0,1,-2.1414365768432617,10.878905296325684
3754,WDR45,"WDR45, RECQL, BOD1, NR1D2, ITPA",0.009216702810599258,6.486940860748291,6,6,-0.47176313400268555,13.106833457946777
3755,CAD,"CAD, MCM5, RIOK2, NSUN4, TMEM33",0.0017000066666928105,16.365039825439453,13,7,4.281036853790283,8.580306053161621
3756,CCDC137,"CCDC137, ATP5PB, RSL1D1, FBXO5, CIAO1",0.001319613018090267,3.9853975772857666,6,6,1.1809653043746948,9.748268127441406
3757,SUMF2,"SUMF2, THOC5, PCGF3, RLIM, ARL6IP6",0.007751010788277601,9.830819129943848,0,6,-2.701265335083008,12.146452903747559
3758,NCOA7,"NCOA7, SSR2, OGDH, MYCBP2, HEXB",0.01040494276448143,11.28398609161377,1,1,-0.3326016366481781,10.063738822937012
3759,EIF3A,"EIF3A, RPAP1, EIF2S3, MED31, PRADC1",8.627484813665935e-05,1.9187519550323486,0,5,3.598257541656494,10.085582733154297
3760,CUL3,"CUL3, ZRANB3, SLC35A3, PSRC1, CTR9",0.011673575190490943,10.439082145690918,6,6,-2.3147943019866943,12.015048027038574
3761,GNAI2,"GNAI2, C4ORF3, PPM1F, TTPAL, NOM1",0.011516711830242471,11.530023574829102,1,1,-1.0783945322036743,12.06584358215332
3762,RAPGEF1,"RAPGEF1, DENND5A, UBAP1, CEP290, TRMT10C",0.005996101945497825,6.472810745239258,2,1,3.1356658935546875,8.620223999023438
3763,ABHD13,"ABHD13, METTL6, ZNF143, PCYT1A, ELP1",0.00401178043835466,5.2409892082214355,0,5,3.324557304382324,9.272811889648438
3764,CTPS1,"CTPS1, UQCRB, ESCO1, PACSIN2, ITPRID2",7.843168012423579e-05,2.3283393383026123,4,3,1.4294596910476685,13.229497909545898
3765,TAF9,"TAF9, PHRF1, KIF2C, ABT1, TXNDC17",0.00010882395617237714,2.020705223083496,5,4,4.543436050415039,11.2189359664917
3766,TOP1,"TOP1, CBX4, LCLAT1, RNF13, FRA10AC1",0.0012607892579970903,4.454751014709473,0,0,-0.046464111655950546,10.597321510314941
3767,PDE4DIP,"PDE4DIP, SNAP47, SMURF1, LIN54, DMWD",0.004159820234589155,6.514484882354736,0,6,0.18456575274467468,10.97176742553711
3768,WRAP53,"WRAP53, ELAC2, MSTO1, KIF1C, INTS5",0.0017794187428185992,4.641505241394043,0,3,-0.6920685768127441,10.676735877990723
3769,ENSA,"ENSA, SDHC, UPF2, SMG6, TMEM109",0.003477464617508304,3.835969924926758,8,4,2.8639440536499023,11.554454803466797
3770,ZXDC,"ZXDC, NMT2, PAF1, PBK, MTMR14",0.010129451488045052,6.462197303771973,0,0,2.1962356567382812,10.714763641357422
3771,SDCBP,"SDCBP, CDC42, PKM, CDK2, RCC2",0.007179439919372233,6.9138569831848145,2,6,-0.8194072246551514,12.316511154174805
3772,CDC42SE2,"CDC42SE2, TLE5, USP47, TUBA1C, SF3B6",0.0016343201345887632,4.856076717376709,0,0,0.7399846911430359,12.328010559082031
3773,LACTB,"LACTB, PIGBOS1, UBXN7, RC3H2, ZCCHC10",0.0059010035333471895,5.237523078918457,0,0,2.2584285736083984,10.739667892456055
3774,NDUFC1,"NDUFC1, FKBP11, MT-ND6, TAF7, SSNA1",0.006953948839015055,12.506969451904297,5,1,-1.1549978256225586,11.76089859008789
3775,MON2,"MON2, NDUFB5, AHCTF1, POLR2D, TWF2",0.0034509939254663744,4.12311315536499,34,4,3.0956430435180664,11.740558624267578
3776,USF3,"USF3, ZDHHC24, CPSF4, AGPAT5, PSMD4",0.011628476974419507,13.748048782348633,0,1,-2.0857198238372803,11.264122009277344
3777,EAF1,"EAF1, STRADA, TADA3, IMMP1L, METTL14",0.00481668555562963,5.10761022567749,0,5,3.0461161136627197,9.755051612854004
3778,DOLK,"DOLK, SLC27A4, POFUT1, TIMM22, MSANTD3",0.0017058890427021282,3.451117753982544,0,5,3.260443687438965,10.275717735290527
3779,RPL8,"RPL8, RPL10A, RPS21, JUN, RPS12",0.000555884532880521,13.778515815734863,12,8,0.19709375500679016,9.111288070678711
3780,TAF1D,"TAF1D, MTX1, ELF2, EIF4A1, PRR13",0.0030235412687892893,9.533827781677246,2,0,0.09300969541072845,14.431802749633789
3781,PARP1,"PARP1, HERPUD1, CDKN1B, PHGDH, CCT5",0.006548064894372135,12.119498252868652,1,8,-0.08159572631120682,9.043335914611816
3782,COMTD1,"COMTD1, EXOC7, MRPS18B, SECISBP2, KDM3B",0.011048082541500163,15.156667709350586,1,6,-2.24250864982605,11.617980003356934
3783,PRPF31,"PRPF31, RABL6, CYREN, CHMP7, NOC4L",0.006819634586802301,10.329524993896484,11,6,-2.328350067138672,11.994839668273926
3784,NDUFA2,"NDUFA2, GABPB1, TBCD, AFTPH, PIGT",0.00018921642829971882,2.64518141746521,0,9,-0.3121028542518616,14.294096946716309
3785,NCOA4,"NCOA4, TCAIM, IGF2R, LRRC75A, NUDT3",8.333366013200052e-05,2.230591297149658,4,1,1.1207937002182007,12.496294975280762
3786,NTMT1,"NTMT1, DIDO1, MTX1, MEN1, OARD1",0.011666712418480073,15.484491348266602,1,6,-2.276980400085449,11.791501998901367
3787,RNF181,"RNF181, TMEM165, WAC, VPS13A, RESF1",0.005376491672516363,4.876798629760742,29,4,2.675584554672241,11.098884582519531
3788,PDCD6IP,"PDCD6IP, AVEN, RNF168, MON1A, COMTD1",6.666692810560042e-05,2.011441230773926,15,4,2.6155619621276855,10.855677604675293
3789,PHF5A,"PHF5A, SYF2, GTF2A2, MAP2K1, FBXW5",0.0012117694579194427,4.323008060455322,11,3,1.8834971189498901,13.582216262817383
3790,LRRCC1,"LRRCC1, MRPL34, VAPA, NCBP3, MRPL1",0.0002588245444099781,2.982616662979126,15,3,2.3602986335754395,13.561529159545898
3791,SLC25A12,"SLC25A12, VPS13C, CCDC91, ATP6V0A1, RBFOX2",0.015700061568868898,13.245001792907715,0,0,0.7777950763702393,13.652737617492676
3792,UBL5,"UBL5, ARFGEF1, TGFB1, IFNGR1, XRCC4",0.0044353115110255335,9.11037540435791,12,1,0.004602627828717232,11.126060485839844
3793,PPAN,"PPAN, CERS2, RPS6, NDUFB5, ETF1",0.0022441264475546964,6.462441444396973,0,5,2.5719738006591797,9.420775413513184
3794,KRT10,"KRT10, NSD3, CPEB4, CCDC88A, NDFIP1",0.012964756724536175,14.07042407989502,11,1,-0.5357963442802429,11.631420135498047
3795,XRCC4,"XRCC4, AKIRIN2, SOS1, TPM4, FAM32A",0.0061196318416934965,4.628482341766357,0,4,2.448453903198242,11.6725492477417
3796,MTREX,"MTREX, DNAJC16, FANCD2, XRRA1, GALE",0.005136294652135891,8.317649841308594,3,6,-2.4605772495269775,12.140645980834961
3797,C4ORF48,"C4ORF48, NDUFA3, BLOC1S1, ANKRD11, SNRPD1",7.352970011647104e-05,3.296797275543213,4,8,-1.0396045446395874,13.90857982635498
3798,MRPL51,"MRPL51, CWC22, NARS2, FAM98C, PPP1R12A",0.010299059996313711,9.330284118652344,1,4,4.423706531524658,11.203389167785645
3799,HMGCL,"HMGCL, ATRX, NPLOC4, UBE4B, PCGF5",0.003946093906250613,7.587319850921631,3,3,1.0283544063568115,14.048635482788086
3800,MAT2B,"MAT2B, EPHX1, RPS6KA3, HMG20B, PDXDC1",0.01172553617857325,8.328245162963867,1,8,0.7888822555541992,9.88741683959961
3801,CNOT8,"CNOT8, STX8, ZNF32, RTTN, CWC25",0.01605986690143883,6.22424840927124,0,3,0.6874857544898987,14.03459644317627
3802,CTNNB1,"CTNNB1, OCIAD1, BIRC5, ZNF148, DRG1",0.004815705159628077,8.910664558410645,23,6,-2.2216548919677734,13.020966529846191
3803,CYB5A,"CYB5A, MPRIP, ATP6V1H, FOXO3, DDX3X",0.001039219761646124,2.8340494632720947,3,6,-0.6060253977775574,13.947799682617188
3804,SMARCC2,"SMARCC2, FANCG, CRBN, ZDHHC24, TLN1",0.010106902380009334,5.631045818328857,21,5,2.834538459777832,10.469733238220215
3805,STARD3NL,"STARD3NL, JPT1, DDA1, TSR3, CCS",9.313762014753e-05,2.424044370651245,4,0,-0.3208542764186859,13.812411308288574
3806,SUMO2,"SUMO2, GTF3C6, TRMT10C, TMUB2, BLOC1S6",0.0003813740446040965,6.896928310394287,0,4,2.880662441253662,12.43722152709961
3807,MAP4K4,"MAP4K4, CLTA, DEK, BAZ2B, PIP4K2A",0.011422593814093388,6.900372505187988,1,4,3.871861696243286,11.166996002197266
3808,NBEAL1,"NBEAL1, ITSN1, NUCB2, RPRD2, GNAI2",0.019360860238667604,7.185023784637451,2,9,-0.4004009962081909,14.41186809539795
3809,CDK5,"CDK5, ACTR8, ATXN7L3, TWNK, POLR2D",0.007854932764442213,6.450747489929199,3,1,1.8407500982284546,13.608189582824707
3810,MRPL12,"MRPL12, DDX55, ZDHHC3, TOMM70, PPIL2",0.001488241130357374,10.861723899841309,1,7,3.990647554397583,8.90243148803711
3811,ATP1B3,"ATP1B3, IMP4, ATP6V0C, KMT2A, SKP1",0.004354919038898192,11.114801406860352,31,3,-1.6647099256515503,11.2601957321167
3812,RBM7,"RBM7, VPS51, SERF2, RPL6, RPL27",0.0018862819069878705,3.184166431427002,0,4,3.1714534759521484,11.460413932800293
3813,NT5C2,"NT5C2, CHURC1, ILF2, SPEN, UGP2",4.901980007764736e-05,2.1520557403564453,4,4,-0.49203577637672424,13.935412406921387
3814,LEPROT,"LEPROT, CNPPD1, GTF2A2, PNP, ACIN1",9.803960015529472e-05,2.7602365016937256,10,6,-0.8835071325302124,14.358217239379883
3815,ING1,"ING1, RACGAP1, TMEM41A, PHF20L1, GPN2",0.011861811222789108,5.070809841156006,0,5,4.1015400886535645,9.799790382385254
3816,CISD1,"CISD1, MTERF3, MRPL46, ZNF92, UTP20",3.333346405280021e-05,2.0782687664031982,1,3,0.15109007060527802,11.705453872680664
3817,COX19,"COX19, CLPX, POLDIP2, SSBP4, ADIPOR1",7.941207612578873e-05,2.3107693195343018,13,9,1.6699392795562744,10.569657325744629
3818,DEDD2,"DEDD2, WHAMM, TTC1, CAND1, ARL2BP",0.003949035094255271,4.725010871887207,1,3,0.14224176108837128,14.314159393310547
3819,CTDSPL2,"CTDSPL2, ISCA1, SLC27A4, EPM2AIP1, TM2D3",0.007131400515296139,4.637880325317383,0,4,2.7514123916625977,11.90421199798584
3820,PCBD2,"PCBD2, PHF10, MED24, PDK1, ZMYM6",0.016163788877603443,9.271791458129883,0,1,-2.3017144203186035,10.456014633178711
3821,SUMO2,"SUMO2, WDR6, PPIL3, MICOS13, SNX13",0.000966670457531206,9.646100997924805,3,6,0.21063724160194397,12.603586196899414
3822,ILRUN,"ILRUN, DCPS, OCEL1, FAM91A1, SLC35F6",0.00595100372942639,7.47945499420166,4,3,-3.142475128173828,11.436012268066406
3823,SGSM3,"SGSM3, SNU13, CCDC22, PNISR, ADK",0.006881399534900137,8.691913604736328,48,3,-0.19337278604507446,11.12933349609375
3824,SRSF6,"SRSF6, REPS1, MFSD14B, RNF220, PPP1R18",0.002823540484472488,5.293204307556152,1,3,-0.02051084116101265,11.215888977050781
3825,COQ3,"COQ3, EEF1AKMT4, BRD2, MNAT1, SPINDOC",0.013602994521547142,8.196919441223145,17,4,4.544524192810059,11.278719902038574
3826,YY1AP1,"YY1AP1, ZGPAT, FAM210B, UBE2O, POMGNT1",0.004536292299185487,8.747673034667969,0,5,3.245901584625244,9.414047241210938
3827,SFXN4,"SFXN4, SNRNP25, DDX41, DNAJC7, LMNB1",0.000353922956560614,3.204599142074585,18,5,3.9176042079925537,9.039097785949707
3828,HSPA8,"HSPA8, HSP90AA1, TNRC6B, ARPC2, MARCKSL1",0.0009647096655281001,8.97867202758789,0,8,3.280150890350342,12.088156700134277
3829,AP2A2,"AP2A2, UFD1, CYB5R4, ORC4, AKAP8L",0.0041480554825705195,3.75312876701355,12,9,0.46360984444618225,13.46740436553955
3830,COX16,"COX16, STIM2, PIK3CA, VPS41, ST3GAL3",0.011685339942509579,5.085435390472412,19,9,-1.0430362224578857,13.70910358428955
3831,AAMP,"AAMP, STRN4, SLAIN2, TUBGCP3, TATDN1",0.0192775265785356,12.003594398498535,5,5,4.145395278930664,9.376059532165527
3832,CS,"CS, SYVN1, KNTC1, SAFB2, METTL21A",0.0045706061592398406,7.481279373168945,1,6,-2.152916431427002,11.257049560546875
3833,ZNF621,"ZNF621, NUDT2, KATNA1, STX17, GTF2A1",0.003053933544837431,4.24506950378418,0,5,2.0396738052368164,13.996356010437012
3834,PNPLA8,"PNPLA8, STRN3, LONP2, NME7, LAMP2",0.02930893846642536,7.601757049560547,1,9,1.0854096412658691,14.041496276855469
3835,RPA2,"RPA2, SHOC2, SPCS3, RAB18, LUC7L2",0.00010196118416150651,2.3725337982177734,2,6,0.022749241441488266,14.067744255065918
3836,VTI1B,"VTI1B, CWC22, NCAPG, RP9, BORCS7",0.0067774775587355245,10.579989433288574,4,6,-2.5931344032287598,11.322763442993164
3837,MRPS18C,"MRPS18C, CRNKL1, CCZ1, ALKBH2, SRP9",6.862772010870631e-06,1.6741806268692017,0,1,0.379273921251297,14.122906684875488
3838,NMT2,"NMT2, PPM1A, SLC25A32, NFYB, NT5DC2",0.014946137043674682,8.465522766113281,1,3,-3.3368210792541504,11.571410179138184
3839,PML,"PML, ALMS1, FLII, DENND6A, INO80",0.020416746732340126,7.160799503326416,2,9,3.0291502475738525,9.628867149353027
3840,KIAA2013,"KIAA2013, LIG1, GALNT1, ZNF512B, MRPL58",0.005724532253067659,8.07918643951416,0,5,4.159748554229736,9.098051071166992
3841,ANTKMT,"ANTKMT, MRPS10, CCNK, DEK, ELP4",0.00010000039215840062,2.831472396850586,0,6,-1.1415910720825195,13.914700508117676
3842,FASTK,"FASTK, PPP4R3A, UQCC1, GATAD2A, UBR7",9.803960015529473e-06,1.8594733476638794,0,1,-0.9514314532279968,13.279997825622559
3843,NOP16,"NOP16, R3HCC1L, PPP4R1, MZT2B, CCNI",0.005667669284977588,7.450329303741455,2,6,-0.7287850379943848,14.012529373168945
3844,ARL2BP,"ARL2BP, NPM1, CAND1, PNISR, PAPOLA",0.0006784340330746395,3.435344696044922,14,4,2.731144905090332,11.618216514587402
3845,NSMCE3,"NSMCE3, VGLL4, TRPM7, RNF111, MCPH1",0.006494143114286722,5.632559299468994,3,4,0.24688774347305298,13.69435977935791
3846,MAP4K5,"MAP4K5, IMPDH2, ACAP2, SLC38A2, FBXO11",0.007170616355358256,10.083614349365234,0,0,-0.7909181714057922,11.173007011413574
3847,ZFYVE9,"ZFYVE9, PPP1R18, HES4, CDKN2D, PTEN",0.04163153580994435,8.89660930633545,11,9,-1.0320667028427124,14.051819801330566
3848,SGK3,"SGK3, PPP2R2A, TXNL1, PCSK7, TBCK",0.00402844717038106,5.069071292877197,23,9,0.8847805261611938,10.553926467895508
3849,D2HGDH,"D2HGDH, USP45, TXLNG, RAMAC, MSRB2",0.004468644975078334,4.238582611083984,0,9,2.616701602935791,10.296112060546875
3850,SLC2A1,"SLC2A1, STX8, USP24, MRPL23, TSPAN14",0.0002774520684394841,3.415195941925049,5,1,-0.32624390721321106,13.302987098693848
3851,MAP2K4,"MAP2K4, TRA2A, SETD5, UBE2L6, CHD7",0.009546115867121048,14.82967758178711,17,0,-0.7452548742294312,11.353327751159668
3852,MRPS18B,"MRPS18B, VMP1, MAK16, GTF3A, ZNF394",0.0027264812803187463,10.255573272705078,0,9,2.9232349395751953,10.595396995544434
3853,NOP56,"NOP56, DGKD, RAB27A, TCEAL9, MED13",0.004183349738626426,4.2608642578125,17,9,1.285158634185791,12.267501831054688
3854,CLN8,"CLN8, USP12, NCBP3, ITPRID2, PIP4P1",0.005103941584084643,5.848751544952393,0,4,2.811598300933838,10.986720085144043
3855,PHYKPL,"PHYKPL, SYS1, EIF4A3, ELF1, PLIN3",0.0009588272895187824,3.4342591762542725,7,9,1.4810847043991089,12.276679992675781
3856,SIAH1,"SIAH1, RNF4, GOLGA7, CCNK, TAF1D",0.0038353091580751297,5.488324165344238,8,6,-2.0059266090393066,11.665281295776367
3857,RBM7,"RBM7, EXOC2, DCAF10, TUBA1C, PGLS",0.0003568641445652728,4.528331756591797,7,0,0.2136077731847763,12.15628433227539
3858,SPRTN,"SPRTN, DTD1, LACTB2, UBXN7, METRN",0.010255922572245382,11.38945198059082,0,3,-3.242063283920288,11.518654823303223
3859,ZNF330,"ZNF330, KBTBD2, ZNF830, GAR1, TCEA2",0.009777489323487543,9.355585098266602,0,1,-3.046513080596924,10.47542953491211
3860,ATP5F1C,"ATP5F1C, RAB5C, SURF6, CAPNS1, C4ORF3",0.005586296416848694,10.658341407775879,0,3,-1.7795426845550537,12.487443923950195
3861,TMED10,"TMED10, CHMP2A, BDH2, ARIH1, RPN1",5.1960988082306205e-05,2.561220169067383,12,3,1.2868050336837769,14.210315704345703
3862,COX19,"COX19, ACER3, UBA3, ATP6AP2, PPP3R1",0.009742195067431637,5.734526634216309,22,4,2.077826976776123,11.567926406860352
3863,HSPA9,"HSPA9, SRSF4, POLD3, NOL7, GFOD2",0.0060402197655677085,7.494013786315918,1,5,3.902811288833618,9.41351318359375
3864,CERS6,"CERS6, ARF1, TMEM258, PGK1, CDC42",0.002119616155357472,7.306807518005371,9,1,-0.020327746868133545,10.473530769348145
3865,MCU,"MCU, MAIP1, FAM104A, ISG20L2, UTP25",0.0171981066592418,9.806002616882324,0,3,-3.1803486347198486,11.6929349899292
3866,MYL12B,"MYL12B, RGS10, ARPC5, HNRNPA3, ANKRD17",0.00011960831218945957,3.42126202583313,6,6,-0.6781343221664429,13.070364952087402
3867,TIMM10,"TIMM10, HSF1, ZC3H15, TRAP1, ZSWIM8",1.8627524029506e-05,1.5948745012283325,4,4,2.3007664680480957,13.079574584960938
3868,RALGAPA1,"RALGAPA1, PDS5B, CSTF2, ABI2, PNPO",0.008273561857105321,10.401583671569824,15,0,-1.226072907447815,12.345599174499512
3869,WASF2,"WASF2, PPP6R2, SHISA5, TPM4, ATRAID",0.0002578441484084251,3.1052985191345215,23,1,0.8852304816246033,13.104598045349121
3870,FBXL20,"FBXL20, IK, STX4, GATAD2A, BRIX1",6.470613610249452e-05,2.3476779460906982,6,0,0.4068252444267273,11.585092544555664
3871,EIF5A,"EIF5A, MORN2, AP1S1, YRDC, TCAF1",0.005619629880901493,4.662919044494629,2,4,3.414691209793091,11.04324722290039
3872,TRAP1,"TRAP1, ING1, CDC16, BTN2A1, ZNF639",0.0001764712802795305,2.7720255851745605,1,5,3.504824161529541,9.363225936889648
3873,CCDC117,"CCDC117, BRIP1, WDR75, MRRF, ARMT1",0.0031107965129275016,4.8294477462768555,1,1,-2.4472851753234863,10.186927795410156
3874,C8ORF76,"C8ORF76, NDUFAF6, TRAM2, SPPL2B, ARL5A",0.008407876109318075,9.203996658325195,1,5,4.093478679656982,9.543604850769043
3875,PDLIM2,"PDLIM2, USP15, NENF, RB1CC1, PRKDC",0.005858846505280413,4.074573516845703,66,4,2.863569498062134,11.710766792297363
3876,MYL12B,"MYL12B, ANXA11, ARIH1, DYNC1H1, PPP6R3",0.003275503041188397,12.879515647888184,10,8,-0.16763706505298615,9.700542449951172
3877,FLCN,"FLCN, MFSD5, TFPT, GPR107, TMEM192",0.01186573280679532,8.655340194702148,5,6,-2.0958168506622314,12.169529914855957
3878,HDGF,"HDGF, TRIM28, LONP2, CAPRIN1, ATP6V0A1",0.00916768301052161,6.6700639724731445,8,4,4.067209720611572,11.656646728515625
3879,ATP2A2,"ATP2A2, ETS2, COMT, UBE4B, PSMD7",0.000650982945031157,3.333472728729248,18,6,-0.9594513773918152,14.191967964172363
3880,DEDD,"DEDD, GCLC, TJAP1, HUS1, SLC35A4",0.007899050584512096,4.335704803466797,0,1,2.4866607189178467,9.62575912475586
3881,LIMA1,"LIMA1, SSR4, IFNGR1, SEC62, ADD1",0.005783356013160836,5.8695831298828125,20,4,2.6722874641418457,12.598967552185059
3882,ETS2,"ETS2, RAP1GDS1, EXOC6, ESYT2, RFX7",0.04593253306875713,7.418379306793213,5,9,1.5531071424484253,12.506929397583008
3883,AP5M1,"AP5M1, ZC3H4, MRM3, MOGS, WDR55",7.352970011647104e-05,2.809931516647339,1,6,3.4960904121398926,9.492932319641113
3884,THRAP3,"THRAP3, PPP4C, PAXX, LYRM2, NELFCD",0.0001392162322205185,2.4823551177978516,0,1,1.0205551385879517,11.707736015319824
3885,RAPGEF6,"RAPGEF6, TPGS1, BAZ2B, ITSN1, TRIM56",0.037505049039407996,8.516480445861816,1,9,-0.20754237473011017,13.351859092712402
3886,TIMM8B,"TIMM8B, NGLY1, OCIAD1, CFAP410, RPL13A",0.0016480456786105043,2.280410051345825,5,4,2.8834173679351807,12.213007926940918
3887,ATM,"ATM, SMAP1, ARL6IP5, EFHD2, CHD6",0.04681292867815168,10.115777015686035,7,9,0.1039244681596756,14.044289588928223
3888,RBM6,"RBM6, RAB5C, TMEM256, NONO, MAP4K4",0.00820003215698885,12.3834867477417,4,0,0.12616413831710815,11.595047950744629
3889,NUBP2,"NUBP2, BLOC1S4, MORN2, NUP54, RCOR3",0.01056474731273456,12.953381538391113,7,1,-2.70819354057312,10.630083084106445
3890,HIBCH,"HIBCH, GNB1, CAPNS1, DGUOK, PSMC3",0.0002490205843944486,2.940629720687866,0,6,0.4890325367450714,11.49826717376709
3891,TFCP2,"TFCP2, RNF130, SCO2, BUD13, DHX37",0.001432358558268856,3.8049445152282715,0,3,-0.04329456761479378,14.650784492492676
3892,TP53I13,"TP53I13, MRPL49, COMTD1, KDM3B, PIM3",7.745128412268283e-05,2.874619483947754,11,1,0.7288897633552551,12.782413482666016
3893,CIRBP,"CIRBP, PPP1R15A, UFL1, GSE1, THAP7",2.6470692041929576e-05,2.1781821250915527,17,8,1.6478973627090454,12.943479537963867
3894,RNF181,"RNF181, MAP3K4, COG2, GSK3A, PRPF4",2.450990003882368e-05,2.395162582397461,1,3,-1.0743855237960815,13.395774841308594
3895,FGFR1OP2,"FGFR1OP2, POMP, C6ORF62, PIAS2, ARID4B",0.0011813771818713014,6.4856858253479,0,1,0.26445725560188293,10.37805461883545
3896,YBX1,"YBX1, HSPA8, SUMO2, NPM1, HSP90AA1",0.01827164028094228,8.951171875,1,4,3.223412275314331,11.725135803222656
3897,PSMB10,"PSMB10, KLF6, KRTCAP2, BMPR2, C1ORF122",5.784336409162389e-05,3.6494343280792236,8,3,2.4597790241241455,9.692841529846191
3898,MRPS15,"MRPS15, MAPK1, KPNA2, PABPN1, REPS1",0.00500296079592469,7.980534076690674,37,5,3.7985024452209473,10.291748046875
3899,TMEM259,"TMEM259, SSBP4, RFXANK, NDUFC1, BIRC2",3.1372672049694314e-05,2.2565572261810303,4,8,0.5904802083969116,12.315284729003906
3900,SYNCRIP,"SYNCRIP, LRRFIP1, TMPO, TM9SF4, UBLCP1",0.004854920999690195,4.961592197418213,0,5,3.876981735229492,10.789674758911133
3901,BAK1,"BAK1, TBCC, YAF2, VPS35, GOLGB1",0.0164000643139777,6.281652927398682,0,3,0.69792240858078,12.550568580627441
3902,IER3IP1,"IER3IP1, ARPC1A, COX16, CHCHD2, CFLAR",0.0005245118608308268,4.521704196929932,4,3,-3.6221983432769775,10.991241455078125
3903,TMEM167B,"TMEM167B, LRRC8D, LIMK2, ACD, MED23",0.02005498060776709,8.852444648742676,0,1,-2.2654802799224854,10.14443302154541
3904,SKP1,"SKP1, HELZ, SF1, KDELR2, SNX3",0.0015647120184785039,7.993786811828613,0,3,-3.192155599594116,12.143438339233398
3905,HNRNPU,"HNRNPU, CCDC107, SCFD1, LRBA, PDIA6",0.0001539221722438127,4.106080055236816,8,8,0.6802747249603271,11.97704792022705
3906,EHBP1L1,"EHBP1L1, GBF1, PEA15, PRKAR1B, TPRN",0.012835344452331185,7.132851600646973,1,9,0.8006963729858398,10.767509460449219
3907,RYK,"RYK, LYPLA2, HPS1, BORCS7, GRPEL1",0.0009117682814442409,3.5428292751312256,2,1,-1.928013563156128,11.387264251708984
3908,GNAQ,"GNAQ, RABGAP1, TMEM258, PPIB, SRPK2",0.00010490237216616536,2.5113773345947266,12,8,-0.0655759945511818,13.312357902526855
3909,IKBIP,"IKBIP, HNRNPA0, ERH, SLC39A6, AFTPH",0.0013676524221663613,4.897956371307373,4,9,2.242372751235962,13.754298210144043
3910,ZBTB1,"ZBTB1, ZNF280D, CBX3, SPPL3, MORF4L2",0.0031353064129663252,4.862448692321777,0,9,1.4613196849822998,13.245137214660645
3911,SELENOT,"SELENOT, HP1BP3, TRMT1L, ZNF431, HMGB1",4.117663206522378e-05,2.28550124168396,0,6,1.462105631828308,12.86253547668457
3912,NABP2,"NABP2, ANKRD11, NENF, AUP1, CREBBP",0.005174530096196455,12.869412422180176,19,3,-3.066906452178955,11.629598617553711
3913,TBC1D10B,"TBC1D10B, NUP35, FNIP1, ZNF598, C12ORF4",0.005893160365334766,5.619959354400635,0,1,-1.8083285093307495,10.594239234924316
3914,IP6K1,"IP6K1, LACTB, USP39, GTPBP6, USP6NL",0.007687285048176659,7.275802135467529,8,0,-2.0136635303497314,11.850190162658691
3915,EIF4E,"EIF4E, TMEM208, NDUFB8, PSMB10, VAPA",0.010152980992082321,15.084410667419434,9,3,-2.7922141551971436,10.640504837036133
3916,DDOST,"DDOST, SMG1, VPS8, NOL7, DGCR6L",0.009765724571468909,12.808096885681152,21,1,-0.6641465425491333,11.242656707763672
3917,WBP1L,"WBP1L, ORC2, DPH7, LGALS8, WBP1",0.036974654802567855,8.805755615234375,0,9,3.4270706176757812,8.68520450592041
3918,ZNF292,"ZNF292, SAAL1, COX6C, CD63, MARCKSL1",0.003014717704775313,6.1121439933776855,17,4,2.4605977535247803,12.308568954467773
3919,SEPTIN7,"SEPTIN7, MFGE8, ARL17A, ZNF444, RTN3",0.008887289754077467,8.016133308410645,2,1,0.4687023162841797,10.52261734008789
3920,MRFAP1,"MRFAP1, ROCK2, EIF1B, PGLS, TMED2",0.007002968639092702,5.901288986206055,28,4,2.414533853530884,10.960503578186035
3921,SENP6,"SENP6, PFDN5, THAP6, MYBL2, BTF3",7.156890811336515e-05,2.3717572689056396,0,8,1.4390389919281006,11.95815658569336
3922,IFT20,"IFT20, KRIT1, FBXO3, AQR, BRMS1",0.009859842587617991,12.651542663574219,2,3,-3.4277260303497314,11.670234680175781
3923,NOLC1,"NOLC1, PPIF, BBX, GLOD4, AAMP",0.0005186294848215091,4.746030330657959,7,3,0.45567086338996887,13.858611106872559
3924,E2F6,"E2F6, PHF13, MPHOSPH10, OGFOD1, EXOC3",0.0010254942176243828,7.806583404541016,9,7,4.274282932281494,8.759990692138672
3925,CDC40,"CDC40, SLC35F5, SIN3A, PIP5K1C, COX20",0.009586312103184719,7.619933605194092,2,5,3.340127944946289,9.379234313964844
3926,GCAT,"GCAT, PPAT, ZKSCAN5, B4GALT2, ZNF746",0.0017735363668092816,6.047307968139648,1,0,1.394788384437561,11.385659217834473
3927,SERTAD2,"SERTAD2, PDE7A, ATP11B, PHF23, ERG28",0.0022911854556292377,3.252610445022583,5,3,1.2001795768737793,12.782943725585938
3928,ATP6AP2,"ATP6AP2, SEPTIN2, NKAP, FKBP5, NDUFB11",0.00844611155337864,12.29475212097168,0,0,-2.956052541732788,10.011659622192383
3929,SHTN1,"SHTN1, TLE4, MGAT5, VWA8, MEF2A",0.02162949658626112,6.359127044677734,4,8,1.9334012269973755,12.980916023254395
3930,DDX1,"DDX1, MRPL10, ISCA1, SLU7, NUDT16L1",0.00037843285659943765,3.2772154808044434,1,3,-0.8924525380134583,12.499771118164062
3931,VPS51,"VPS51, EPB41L2, ACACA, PRRC2B, FAM193A",0.009501017651049612,12.756460189819336,3,6,-1.390053391456604,11.784527778625488
3932,PGP,"PGP, GGPS1, INTS10, PPP1R15B, MED15",0.002752951972360676,2.9923555850982666,0,0,1.9595561027526855,10.884831428527832
3933,IL6ST,"IL6ST, BNIP3L, TUT4, HSBP1, CHMP2A",0.007701010592198401,11.657599449157715,25,0,1.141013503074646,11.093713760375977
3934,PTOV1,"PTOV1, TXNRD1, PRPF38B, RNF6, CKLF",4.509821607143557e-05,2.2131388187408447,10,9,1.1304072141647339,13.040435791015625
3935,IDH2,"IDH2, ROCK1, SOD2, KMT2C, ACADVL",0.029107957286107003,4.7502055168151855,52,4,2.9638473987579346,12.381989479064941
3936,TARBP1,"TARBP1, PSMB2, XRN1, TAF15, TRIM44",0.001038239365644571,6.700313568115234,4,8,0.028808070346713066,9.801350593566895
3937,TMEM50A,"TMEM50A, MPHOSPH8, ABI2, FKBP11, MIIP",0.003815701238044071,4.60281229019165,1,1,0.49073705077171326,11.765358924865723
3938,SDF2L1,"SDF2L1, TIMM8B, TOMM6, ACTN4, ORC1",0.00876866183788956,7.043956756591797,2,4,4.578339099884033,11.22476577758789
3939,CUL4A,"CUL4A, PIAS1, FANCG, RAD50, COX8A",0.006317671834007192,8.664798736572266,7,0,1.933570384979248,10.77985954284668
3940,RPS8,"RPS8, RPS15, RPL26, RPL12, ACTB",0.00010490237216616536,3.3625025749206543,0,8,0.9377358555793762,11.766857147216797
3941,FKTN,"FKTN, ZCRB1, AK6, BAZ2B, STK40",0.010550041372711266,10.349520683288574,0,3,-3.268254041671753,11.389299392700195
3942,WDR5,"WDR5, DCAF10, LAPTM4B, ATF6B, PPP1R2",0.005305903160404551,6.055683612823486,5,6,-1.1183421611785889,13.790167808532715
3943,ENOX2,"ENOX2, ZBED1, MFSD1, MIER1, PPP1R18",0.00831277769716744,5.949934005737305,0,9,-0.026521237567067146,13.39423942565918
3944,CCNT2,"CCNT2, TRIM37, LLPH, APOO, PFDN2",0.00024117741638202502,2.9678027629852295,16,0,-0.641649067401886,12.621935844421387
3945,GPN1,"GPN1, DRG2, ABHD14A, CHST12, DDX11",0.006463750838238582,9.863225936889648,0,6,-2.5067498683929443,12.333915710449219
3946,AGAP3,"AGAP3, RP9, EXT2, CMAS, ELF1",2.156871203416484e-05,2.3355159759521484,3,6,-1.191692590713501,13.643875122070312
3947,FMR1,"FMR1, PTRH2, USP13, METTL8, MTMR9",0.017746148024109898,8.5140380859375,0,5,3.560537338256836,9.576746940612793
3948,GNG5,"GNG5, P4HB, ISCA2, ATP5PD, C11ORF58",0.005888258385327002,6.6535210609436035,1,1,0.03516726940870285,11.105101585388184
3949,TUT4,"TUT4, SCAF11, ZNF668, DUS4L, PCGF6",0.007224538135443668,9.699393272399902,5,0,1.8590084314346313,10.229979515075684
3950,RPL36A,"RPL36A, CALM1, PABPC1, GPX4, HSPA8",3.235306805124726e-05,2.8087451457977295,13,8,0.8143835067749023,13.42430305480957
3951,MAP3K2,"MAP3K2, TNFRSF1A, SMIM8, RBM4B, HPCAL1",0.014627508343169972,7.608642101287842,0,1,0.8417388200759888,10.24000072479248
3952,WASHC2C,"WASHC2C, NFIC, RAB11A, MAP3K2, CEP70",0.018696151749614705,7.227383136749268,3,6,-1.1922415494918823,13.776837348937988
3953,ARPC5,"ARPC5, SCO2, PCBP1, ATP1B3, RGS10",0.0010872591657222184,4.765036582946777,3,8,0.6637886762619019,13.690350532531738
3954,RPRD2,"RPRD2, UBE2H, AGO3, CDC73, LAMP2",0.007561794359977882,11.374231338500977,1,6,-1.5121687650680542,11.79530143737793
3955,DTWD1,"DTWD1, UGDH, RNF40, JMY, AP3M1",0.00432452676285005,5.040631294250488,0,5,2.939713954925537,10.363920211791992
3956,GALK1,"GALK1, HSPA13, AGPAT3, UNC45A, SSB",0.0050235491119573015,9.374260902404785,2,5,3.2735519409179688,9.739310264587402
3957,BCLAF1,"BCLAF1, PPP1CB, GRB2, CIAO2B, KDELR1",0.008306895321158123,7.845263957977295,18,4,3.880129098892212,11.411365509033203
3958,COPS8,"COPS8, COPZ1, CHUK, POLR2H, PIP5K1A",9.607880815218883e-05,2.4195432662963867,31,3,1.1007459163665771,13.777409553527832
3959,EDF1,"EDF1, CENPW, COG8, TARS2, CSNK1A1",0.00843924878136777,13.043569564819336,5,9,-1.4847997426986694,10.702042579650879
3960,MYO9B,"MYO9B, NFU1, PSMD4, INF2, KATNA1",4.313742406832968e-05,2.282899856567383,0,1,-0.8969565629959106,12.589435577392578
3961,UBE2B,"UBE2B, APEX1, PPIG, RLF, RFC1",0.00022549108035717786,4.540081977844238,5,1,1.479953646659851,13.81216812133789
3962,SLC25A38,"SLC25A38, TGS1, MAN1A2, ZBTB24, LY6E",0.0016088298385483865,5.928569316864014,2,3,-3.43235182762146,10.59933090209961
3963,NDUFA9,"NDUFA9, SQSTM1, MAGI3, HNRNPK, CAPN1",0.0055304138447601755,11.617374420166016,7,3,-3.514695882797241,11.61282730102539
3964,CCNL1,"CCNL1, ABCD3, EIF3L, CEP95, KDM2B",0.012967697912540833,8.122026443481445,3,0,2.2134180068969727,10.44347095489502
3965,TMEM38B,"TMEM38B, NPAT, LYRM1, EXOSC9, PPFIBP1",0.011347103321973811,10.129732131958008,5,6,-2.045412540435791,11.799914360046387
3966,PRKAG1,"PRKAG1, SLC11A2, CDK12, ARHGAP17, ELAVL1",0.008347091557221792,7.9625325202941895,6,6,-2.2380781173706055,12.053781509399414
3967,GRWD1,"GRWD1, MRPL36, PHGDH, UBR2, HNRNPAB",1.1764752018635367e-05,1.7645858526229858,1,3,0.9565274715423584,11.693273544311523
3968,SMDT1,"SMDT1, VAPA, HIPK3, PKM, RPL17",0.0013098090580747376,7.137814044952393,1,6,-2.4584639072418213,12.043871879577637
3969,ODC1,"ODC1, PRMT1, CDC37, TMEM14B, MAP4",0.00791669771254005,6.197975158691406,0,4,3.711080551147461,11.34412956237793
3970,PCM1,"PCM1, COPA, FBXL5, CPSF6, PSMB6",5.784336409162389e-05,2.7261524200439453,23,9,0.9391099214553833,12.5281343460083
3971,ROCK2,"ROCK2, TCF25, PPFIBP1, TAOK3, UBE3A",0.009289252114714175,10.45726203918457,30,1,1.1009522676467896,11.20024585723877
3972,NDUFB11,"NDUFB11, RACK1, ACTG1, PPP2R1A, RPL7",1.078435601708242e-05,2.0631144046783447,1,8,4.410933971405029,8.99295425415039
3973,TAF13,"TAF13, CENPQ, NF2, REXO4, HDAC7",0.029023643229973452,5.995030879974365,0,4,3.1465485095977783,10.348187446594238
3974,NT5DC1,"NT5DC1, SAP18, EEA1, CKS2, PNKD",0.003287267793207032,7.973209857940674,0,8,-0.2835029661655426,9.492825508117676
3975,MZT2B,"MZT2B, ZNF431, UBR2, PAXX, CYC1",0.0017539284467782226,4.908492088317871,0,0,0.9492570757865906,12.1163969039917
3976,TSC2,"TSC2, SLC35B1, FBXO5, STK25, MALSU1",0.014269663802603147,8.80832290649414,4,6,-2.64213490486145,12.171002388000488
3977,NFE2L2,"NFE2L2, PSMA6, DDX51, RBX1, HSPA4",1.1764752018635367e-05,2.2601022720336914,0,4,4.288612365722656,8.784656524658203
3978,PLD3,"PLD3, MRPL10, PARP14, SSB, TLN1",0.0021451064513978487,8.71432876586914,2,0,-1.6197824478149414,10.561529159545898
3979,CHD4,"CHD4, COX15, POLG, NEPRO, GLRX2",0.0004921587927795795,2.354700803756714,6,5,2.848126173019409,9.42743968963623
3980,TAGLN2,"TAGLN2, RSL24D1, DHRS7B, CERS6, GLS",0.010493178404621195,14.440268516540527,0,1,1.5829799175262451,12.686713218688965
3981,IL6ST,"IL6ST, IGF2BP3, RALGDS, ODC1, TBCA",0.0072931658555523745,14.22572135925293,4,0,-2.4322500228881836,11.92522144317627
3982,SEPHS1,"SEPHS1, EFTUD2, ANKS6, LAS1L, RAF1",0.008233365621041652,9.75916862487793,10,3,-3.34450101852417,11.443991661071777
3983,CDCA7,"CDCA7, RCC2, SUN1, MINDY2, XRCC2",8.235326413044756e-05,2.301497459411621,7,9,3.0937695503234863,9.425384521484375
3984,REPIN1,"REPIN1, NUP93, PRPF18, RFK, PRH1",0.008451993929387959,8.092019081115723,1,6,-2.7592434883117676,12.649064064025879
3985,SLC4A7,"SLC4A7, RAB11A, ZDHHC20, MED10, OCIAD1",0.00107451401770203,4.312829494476318,0,0,0.054235149174928665,12.803936958312988
3986,XPA,"XPA, RPF1, GLB1, DYNLL2, COQ9",0.0035392295656061397,6.590396881103516,0,5,4.029345989227295,9.924883842468262
3987,NAP1L1,"NAP1L1, HERPUD1, RABGEF1, RNF187, CD55",0.012602990599963138,5.9883880615234375,8,4,3.5957834720611572,12.269340515136719
3988,ELOB,"ELOB, NDUFV1, IER5, NFATC3, ATP11A",1.6666732026400104e-05,2.2173306941986084,1,3,-0.1744185835123062,14.626382827758789
3989,WHAMM,"WHAMM, CENPK, TARDBP, PLEKHF2, RBM27",0.00039804077663049657,3.8082821369171143,1,3,0.23767320811748505,11.740199089050293
3990,CANT1,"CANT1, UPF3A, NTHL1, TTL, GDF11",0.0005284334448370385,3.2182512283325195,0,6,0.5368013381958008,10.419729232788086
3991,TRMT2A,"TRMT2A, MAN1B1, RCL1, NIPSNAP3A, SURF6",0.007852971972439107,7.415069103240967,0,3,2.4139389991760254,9.527822494506836
3992,PSME2,"PSME2, ATP6V0E1, ARPC3, DDX5, CCDC88A",1.9607920031058947e-05,2.471752405166626,0,8,-0.01510319672524929,11.918112754821777
3993,EIF4G1,"EIF4G1, MRPS26, EIF5B, MRPS34, ATP6V1A",5.784336409162389e-05,2.168464422225952,14,4,3.2260849475860596,9.339258193969727
3994,DIPK2A,"DIPK2A, C4ORF46, SHARPIN, CHMP4A, ANKLE2",0.007798069796352143,10.327882766723633,5,5,3.4220404624938965,9.519524574279785
3995,FKBP5,"FKBP5, PITRM1, PYM1, NPLOC4, CCDC115",0.00787061910046706,9.260631561279297,0,3,-0.26284849643707275,10.516504287719727
3996,NHLRC3,"NHLRC3, C9ORF78, CCNB2, PSMD13, CLINT1",0.013999074506174535,6.630194664001465,5,4,3.9863882064819336,11.611684799194336
3997,EZH1,"EZH1, UBA2, HIBCH, PAXBP1, LYPLA2",0.03212071419887921,8.891615867614746,0,3,1.235954999923706,14.0849609375
3998,MT-ND4L,"MT-ND4L, RBM39, ARPC3, PPP1R12A, RPSA",0.0028911878085796415,7.325398921966553,2,8,0.5850932002067566,11.360394477844238
3999,EPC2,"EPC2, PUS1, MRPL44, AHCYL1, SLC25A23",3.7255048059012e-05,2.230257511138916,0,3,-0.11362263560295105,14.655279159545898
4000,SCP2,"SCP2, U2SURP, ERCC6L2, SNRPB2, ZMYM2",0.0013127502460793963,4.152352333068848,8,6,-2.7378227710723877,12.623588562011719
4001,RBCK1,"RBCK1, PHYKPL, ARL5A, NPIPB5, SMARCC2",0.002002949031172671,5.297156810760498,2,3,1.4074815511703491,14.04283618927002
4002,ZCRB1,"ZCRB1, FUBP1, MFF, HIRIP3, GUSB",2.549029604037663e-05,2.5977115631103516,0,3,1.672410249710083,13.93404769897461
4003,GHITM,"GHITM, PPIG, GSTO1, WDR1, WNK1",3.7255048059012e-05,2.497455596923828,2,6,-0.7577807903289795,12.608613014221191
4004,TDP1,"TDP1, CRKL, RPP38, ATMIN, TAF12",1.3725544021741262e-05,1.852176308631897,0,3,2.534209728240967,9.413565635681152
4005,C6ORF120,"C6ORF120, METTL6, MFSD8, ANKS6, COMMD5",0.0038313875740689177,7.810186386108398,1,5,3.4542877674102783,9.226210594177246
4006,ISCU,"ISCU, NOSIP, RBPJ, ABI2, ANXA6",0.00013725544021741263,3.6691019535064697,2,6,-2.7597992420196533,11.974588394165039
4007,MED23,"MED23, ALS2, ABCD4, NFATC3, MAN1B1",0.010661806516888302,8.255217552185059,0,1,-2.5594191551208496,10.027243614196777
4008,GAPVD1,"GAPVD1, TMEM50B, U2AF2, NSMAF, NME6",0.0002774520684394841,2.8461790084838867,4,9,-0.5569093227386475,13.47534465789795
4009,LARP4B,"LARP4B, COX20, GCSH, HEATR1, SUGP2",0.0010460825336569947,5.025432586669922,1,1,0.6669169664382935,12.309356689453125
4010,RHOC,"RHOC, ARHGEF12, NDUFA3, RAD21, PRMT2",0.011649065290452119,4.786083698272705,14,4,2.6669936180114746,11.888205528259277
4011,FAM104B,"FAM104B, RBM19, DHPS, SLC4A2, SARS2",0.008103953348836661,7.08544397354126,4,5,3.819425344467163,9.667572975158691
4012,EVL,"EVL, PRKCA, CD55, SP100, UXT",0.003287267793207032,10.507486343383789,52,8,-0.1580181121826172,8.786466598510742
4013,AHI1,"AHI1, HNRNPC, RERE, PEBP1, PPP3CA",0.0020235373472052834,14.574996948242188,27,8,-0.14553429186344147,9.036457061767578
4014,PNPLA2,"PNPLA2, FBXW11, HTT, STK38, RAPGEF1",0.007098067051243338,6.899257659912109,0,0,1.9307231903076172,9.974090576171875
4015,RB1CC1,"RB1CC1, UBE2A, ERCC5, PDCL3, DDX18",7.941207612578873e-05,2.6311686038970947,6,1,0.1514594852924347,12.90356159210205
4016,SLTM,"SLTM, RAD23A, RBCK1, VPS29, AVL9",0.0015833395425080099,3.3917553424835205,0,9,0.35819366574287415,13.509276390075684
4017,SCO1,"SCO1, OSBP, ERF, EIF2S2, RNF214",6.372574010094157e-05,2.2837045192718506,6,3,2.690002918243408,9.373032569885254
4018,MRPL33,"MRPL33, GRK6, DNAJC4, CLTB, TM7SF3",0.01212847893521151,5.687108516693115,7,4,2.4084737300872803,10.221183776855469
4019,TXNDC11,"TXNDC11, ALDH16A1, AMZ2, AFG3L2, COX14",0.0036519751057847286,7.6475348472595215,8,1,-2.0252981185913086,10.988126754760742
4020,TRMT112,"TRMT112, ARFIP1, MAPK3, NEDD8, SEPTIN7",0.005072568912034949,4.890610694885254,0,1,1.2786080837249756,12.116249084472656
4021,RELCH,"RELCH, STAT6, NDFIP1, PDIA6, ZFAND2A",0.007099047447244891,12.121286392211914,0,3,-0.8067344427108765,10.810091018676758
4022,UBC,"UBC, SLC25A6, RPL36AL, RPLP0, ANXA11",2.843148404503547e-05,2.86694073677063,0,8,-0.20730836689472198,14.552199363708496
4023,MARK3,"MARK3, NFE2L2, TSC22D2, NDUFA6, PPP4R3A",0.00031274632449539017,3.196265459060669,148,9,1.3079553842544556,11.949578285217285
4024,RNPEPL1,"RNPEPL1, ERG28, ARHGEF2, TNIP2, GALNT1",0.0024284408958466504,4.682787895202637,0,9,1.7560077905654907,10.56693172454834
4025,ARL14EP,"ARL14EP, STX18, RFK, PEX16, RCN2",0.004619625959317488,10.322128295898438,10,6,-2.92032527923584,11.2559814453125
4026,MYC,"MYC, SPAG7, SINHCAF, KAT6A, SMIM30",0.00014019662822207146,3.156238079071045,22,1,0.9434691667556763,13.482696533203125
4027,CUX1,"CUX1, ZNF638, VPS13D, RNF19A, FOXJ3",0.008909838862113184,4.119113445281982,4,4,-0.6893327832221985,14.421080589294434
4028,NR2C2,"NR2C2, SSX2IP, UBQLN2, TRAPPC1, SAMD4B",0.0058235522492245066,6.550778388977051,9,0,-0.0027608436066657305,11.250616073608398
4029,SHC1,"SHC1, POR, SSU72, LIX1L, SNRPC",0.007486303867858305,6.368635654449463,0,3,0.7535948753356934,10.165993690490723
4030,NR1D2,"NR1D2, RNF126, SRRT, SEPHS2, THRA",5.098059208075326e-05,2.5560390949249268,1,3,-0.7387400269508362,13.192801475524902
4031,TMEM50B,"TMEM50B, POLR2G, USP10, DDX6, WASF1",0.0001392162322205185,2.505662679672241,2,1,0.21369440853595734,12.390213966369629
4032,TERF1,"TERF1, DCTN3, RAB10, UGCG, RNF126",0.0153520209883176,7.358301162719727,20,4,4.199492454528809,11.108896255493164
4033,MRPL54,"MRPL54, RILPL2, ALG13, CDV3, MRPL12",7.4510096118024e-05,2.8859095573425293,8,6,-0.18721941113471985,14.133036613464355
4034,RNF220,"RNF220, GTF2A2, TALDO1, C11ORF58, BSG",0.006061788477601873,10.654534339904785,5,0,-1.8123972415924072,10.274759292602539
4035,RCCD1,"RCCD1, HELLS, DPM1, ISOC1, GTPBP10",0.00039117800461962597,2.2377328872680664,4,4,1.8367873430252075,11.883267402648926
4036,BLVRA,"BLVRA, CCDC115, TRAF4, TARBP1, NUP214",0.012799069800273727,6.458016872406006,0,9,1.0752931833267212,13.253129005432129
4037,CALM3,"CALM3, RPL36A, POLD3, DEK, NSMCE2",0.006372574010094157,8.793061256408691,0,1,-0.3831656575202942,11.64615535736084
4038,TMEM35B,"TMEM35B, TNFRSF1A, MGAT1, PPP2R1A, DDIT3",0.005590218000854906,8.931161880493164,40,3,-3.4891111850738525,10.67389965057373
4039,BRD2,"BRD2, ARPC4, ORC6, NDUFS3, ERGIC3",5.5882572088517995e-05,2.714413642883301,25,6,-0.6312859654426575,13.913654327392578
4040,POP5,"POP5, SLC35F6, PGGT1B, KEAP1, TFDP1",1.1764752018635367e-05,2.066884756088257,0,6,-3.3944218158721924,11.619939804077148
4041,PLRG1,"PLRG1, ARL6IP4, SHMT1, SNRPG, POLR2E",0.00483335228765603,10.18406867980957,11,1,-1.8221051692962646,10.320589065551758
4042,SKP1,"SKP1, SARAF, WDR83OS, OSER1, CCDC6",4.607861207298852e-05,2.3106324672698975,0,1,1.1755008697509766,14.161670684814453
4043,TBCB,"TBCB, FOXO3, AMFR, CACYBP, CCSER2",0.008858858270032431,11.431876182556152,13,0,-1.093912959098816,10.337438583374023
4044,ENO1,"ENO1, PPP4C, PAFAH1B1, NKTR, PNISR",0.005407864344566057,10.406877517700195,2,1,-1.5634468793869019,11.21975326538086
4045,METTL5,"METTL5, EIF2B4, PHKG2, INTS13, ZNF3",0.00016078494425468334,2.155996084213257,1,6,-0.08176421374082565,12.456925392150879
4046,PHIP,"PHIP, RBM8A, PRDX5, ASCC3, RILPL2",0.011036317789481527,5.277292728424072,8,9,-0.4586482048034668,13.25096607208252
4047,RHNO1,"RHNO1, MRPS27, HIBCH, ZC3H8, MRPL49",0.0017235361707300812,6.515466213226318,6,6,-2.4487338066101074,12.047607421875
4048,SRSF11,"SRSF11, SDCBP, MRPS11, EHBP1, KPNA4",0.00010196118416150651,2.7465221881866455,21,0,-0.1295083910226822,12.230939865112305
4049,NUP107,"NUP107, PHF5A, PPID, MTRF1L, COX15",0.009777489323487543,10.131885528564453,8,1,-2.1599555015563965,11.048542022705078
4050,SMCHD1,"SMCHD1, RPS6KB2, BTF3, HEBP2, SRSF9",2.843148404503547e-05,2.36407470703125,11,8,-0.37289175391197205,13.660737991333008
4051,NKTR,"NKTR, SPTBN1, SOS1, LDB1, TXN",0.011504947078223837,14.84719467163086,1,1,-0.46999087929725647,11.566028594970703
4052,TMEM123,"TMEM123, NSRP1, RBM8A, CTSC, SFXN4",0.004375507354930803,8.392525672912598,7,6,0.5557398200035095,11.437520980834961
4053,AK2,"AK2, TFG, SSR2, SUZ12, CHD7",0.007914736920536944,15.020811080932617,11,9,-3.163461685180664,12.195693016052246
4054,ACAP3,"ACAP3, SUPT20H, TRAPPC2B, SLC38A6, STARD3NL",0.006315711042004086,7.230847358703613,1,0,-0.15374447405338287,9.810972213745117
4055,EIF4G1,"EIF4G1, NFIL3, SKA3, SRP9, WBP11",0.0038637406421201653,7.273970127105713,2,9,3.4386298656463623,11.151071548461914
4056,NDUFA5,"NDUFA5, DAAM1, TIMM13, NFE2L2, MRPL40",0.0001725496962733187,3.0321919918060303,18,6,-0.639975905418396,12.13853931427002
4057,WDR70,"WDR70, GHITM, RPRD2, VPS13A, TMEM141",0.0046460966513594175,8.270182609558105,1,0,-1.5045197010040283,10.416070938110352
4058,MBNL1,"MBNL1, OARD1, FKBP1A, EMP3, EIF4A2",0.009255918650661376,9.451809883117676,1,3,-0.3359081447124481,9.862883567810059
4059,TCP1,"TCP1, MRPS34, RAD23A, POLR2F, NSF",0.0005598061168867329,3.6641855239868164,0,1,-0.2325955629348755,12.704010009765625
4060,MIEF1,"MIEF1, PKN2, C9ORF78, PAPOLA, PRDX2",7.4510096118024e-05,2.7096095085144043,3,6,1.9870775938034058,14.09300422668457
4061,GDF11,"GDF11, RCBTB1, ATP5PO, SLC25A32, DRG2",0.003942172322244401,6.338257789611816,0,6,0.569232165813446,10.267087936401367
4062,BTG3,"BTG3, ASNSD1, CTNNBIP1, RP9, TPD52L2",0.003442170361452398,4.592004776000977,1,4,1.3202158212661743,10.369721412658691
4063,MCFD2,"MCFD2, NDUFB10, DDX46, HNRNPF, ATXN10",0.004738253875505394,9.376129150390625,5,6,-1.7345030307769775,12.278816223144531
4064,GRN,"GRN, STK3, ZBTB1, UBL3, KLHL7",0.08147679010505923,9.412245750427246,10,9,0.8628934621810913,12.109373092651367
4065,SPCS1,"SPCS1, D2HGDH, ZNF346, LRRC59, GPN1",4.901980007764737e-06,2.329730272293091,0,6,1.5759422779083252,14.252633094787598
4066,FLOT2,"FLOT2, DUSP22, RNF138, MIA2, GALK2",0.007396107435715434,6.153332710266113,2,9,3.4336845874786377,9.968649864196777
4067,NADK,"NADK, NIPA2, DBNL, LRCH3, YIPF6",0.03935211510633375,10.494547843933105,1,3,-0.06108374148607254,14.122010231018066
4068,STK24,"STK24, CTPS1, CHD4, CRELD2, DHX15",1.6666732026400104e-05,2.0185794830322266,4,9,-0.6596983075141907,14.263737678527832
4069,ZCCHC17,"ZCCHC17, DCTN4, NSFL1C, UBAP2, DSG2",0.00016862811226710692,1.9635345935821533,11,5,3.500408411026001,9.701844215393066
4070,NDUFB2,"NDUFB2, FAM162A, CIR1, RAB8A, PHPT1",0.0002009811803183542,3.04451060295105,2,0,-0.8414878249168396,12.950377464294434
4071,DDX3X,"DDX3X, TAOK3, ANKRD11, PRDX2, FKBP5",0.007226498927446774,9.805647850036621,2,1,-0.25991377234458923,11.08521842956543
4072,SNRNP27,"SNRNP27, SENP5, NAA15, ABT1, MAGI3",0.0007529441291926635,3.8639891147613525,1,6,1.3714028596878052,14.215713500976562
4073,TGOLN2,"TGOLN2, STXBP4, RNF111, BAG3, TNFRSF1A",0.024238330346393517,7.053698539733887,1,6,-1.095062255859375,13.96894645690918
4074,LIMA1,"LIMA1, FBXW7, HERC1, TSPYL1, LY6E",0.05304628645602532,9.287629127502441,2,9,-0.4229576885700226,13.492753028869629
4075,KDELR1,"KDELR1, TMEM63A, GALK2, ALMS1, CIAO2B",0.0005539237408774152,3.41156005859375,1,4,2.3109781742095947,12.041738510131836
4076,GFM2,"GFM2, ARSK, GSTCD, MTFP1, SSRP1",5.294138408385915e-05,2.0426440238952637,0,3,1.2676142454147339,14.218183517456055
4077,MAP3K2,"MAP3K2, TNFRSF1A, CCDC22, STAM2, LACTB2",0.0187441911536908,8.76073169708252,1,1,0.46291759610176086,10.280117988586426
4078,SSH1,"SSH1, HIPK1, IFNAR2, MFSD14A, EIF1AD",0.01667555559041408,5.145021438598633,0,9,3.103994369506836,10.013937950134277
4079,RAB21,"RAB21, RBM39, TTC17, KMT2A, NFE2L2",0.0013637308381601496,5.815264701843262,24,3,2.389803171157837,13.268436431884766
4080,RRN3,"RRN3, MKI67, FEN1, LMNB2, KIF20B",0.00152353538641328,2.788179874420166,13,5,3.5245234966278076,10.046571731567383
4081,RFWD3,"RFWD3, NCLN, MCM10, METTL2B, PAXIP1",7.647088812112989e-05,2.6725378036499023,4,3,0.7389652729034424,13.974580764770508
4082,CES2,"CES2, LAMTOR1, TM2D1, NUP98, EXOC1",0.006064729665606532,6.785354137420654,6,9,1.1385676860809326,9.7101469039917
4083,NECAP1,"NECAP1, EIF2B1, TGIF2, CEP162, BAG6",2.450990003882368e-05,2.096651315689087,2,1,-2.0689828395843506,11.636178970336914
4084,LRP6,"LRP6, C1ORF52, RBM6, ACTN4, TMEM43",0.006917674186957596,10.065933227539062,3,0,-1.6828848123550415,10.493398666381836
4085,VKORC1,"VKORC1, STK38, UAP1, TMEM69, NDRG3",0.01438338973878329,4.469188690185547,0,5,3.7640597820281982,10.861185073852539
4086,RNPEP,"RNPEP, BUD31, MINDY3, CAPZA2, SLK",0.0036745242138204464,8.135974884033203,6,6,-2.802449941635132,11.946852684020996
4087,RAMAC,"RAMAC, TOB2, DAP, GBF1, CENPV",0.009123565190451727,5.535386085510254,1,9,2.691358804702759,10.715008735656738
4088,APC,"APC, RESF1, NBEAL1, ATRAID, RAB1A",0.008543170757532383,6.2231831550598145,7,6,2.1475934982299805,13.358537673950195
4089,TSFM,"TSFM, XXYLT1, B4GALT5, RAD18, BABAM1",0.0018058894348605289,4.045173168182373,2,6,-0.562612771987915,13.6112642288208
4090,SGK3,"SGK3, TMEM219, EXOC1, LMAN2, HTATSF1",0.0028480503845113117,4.058804512023926,18,4,2.774116039276123,12.456585884094238
4091,CCDC14,"CCDC14, DDX27, BCOR, YIPF5, MRPL52",0.005152961384162291,6.69545841217041,5,5,3.8556487560272217,10.07613468170166
4092,COPS5,"COPS5, PEX19, ADIPOR1, NUMA1, CDC40",0.010458864544566841,8.407529830932617,10,3,-3.6720032691955566,10.925844192504883
4093,AVL9,"AVL9, TIAL1, SNX15, MYL6B, WASHC4",2.7451088043482524e-05,2.8055622577667236,21,0,1.2182592153549194,14.128957748413086
4094,PABPC4,"PABPC4, IMP3, SMC3, MIS18BP1, CENPX",0.005527472656755517,7.3494873046875,3,4,4.232782363891602,11.587885856628418
4095,YDJC,"YDJC, AP5B1, AGPAT5, MRPS23, ALYREF",1.470594002329421e-05,1.8530462980270386,8,5,4.4249067306518555,9.204055786132812
4096,NCOA4,"NCOA4, TSPAN4, SPAG7, COX16, RBCK1",0.004159820234589155,4.176280498504639,23,3,-1.0585049390792847,13.187509536743164
4097,INTS8,"INTS8, NUP133, UNG, PRPF39, UGGT1",0.0025892258401013337,6.232856750488281,0,3,-3.1306042671203613,10.19617748260498
4098,ARHGDIA,"ARHGDIA, CD59, BRK1, TBCA, RNASEK",0.00013137306420809493,2.248013496398926,5,4,2.811730146408081,12.170385360717773
4099,CCT6A,"CCT6A, ENSA, GNB2, ARIH2, PHF20L1",0.00019803999231369536,2.575146198272705,24,9,0.9720207452774048,13.915382385253906
4100,SUPV3L1,"SUPV3L1, IMP3, MIS18BP1, PTRH2, CDK4",0.0022078517954972374,5.78383731842041,4,1,-1.8370108604431152,10.339975357055664
4101,ATP6V1E1,"ATP6V1E1, MRPS36, HSD17B4, MYL6B, TACC3",5.686296809007094e-05,2.199687957763672,6,9,-0.4812016487121582,13.915202140808105
4102,PDAP1,"PDAP1, ETFA, SUPT16H, SMG1, PLEKHJ1",8.725524413821231e-05,2.131192445755005,5,4,0.8089602589607239,11.580427169799805
4103,DIS3,"DIS3, OTUD4, DDX39A, PPM1K, CLTC",0.001191181141886831,5.110622406005859,26,1,-2.1330065727233887,11.15993881225586
4104,PDHX,"PDHX, RBM14, DNAJC2, COA6, AP5B1",0.01276377554421782,7.715399742126465,0,1,-2.673677682876587,10.137213706970215
4105,RFK,"RFK, TFPT, GYG1, HERC2, DAPK3",0.012785344256251985,8.937897682189941,14,5,3.4140751361846924,9.7481689453125
4106,CUEDC2,"CUEDC2, EPC2, EIF4G2, AHCYL1, POMP",0.00022745187236028377,3.3780879974365234,5,6,-0.9156057238578796,12.293341636657715
4107,RHNO1,"RHNO1, TRIOBP, DCBLD2, UTP23, MAP3K11",0.007400029019721646,4.940663814544678,2,0,1.9465372562408447,10.952733039855957
4108,COMTD1,"COMTD1, LRRFIP1, TKT, PSMA7, GPS1",0.0024313820838513093,8.154056549072266,0,0,-0.9530099034309387,10.861064910888672
4109,RNPC3,"RNPC3, UQCRC1, CNPY2, STOML2, CMPK1",0.007065713983192091,6.533391952514648,18,4,4.047482490539551,11.747316360473633
4110,SUPV3L1,"SUPV3L1, MED13, PPP1CA, TMEM123, VPS13C",0.011299063917897718,5.927010536193848,2,1,-0.2998591661453247,11.263212203979492
4111,NME1,"NME1, CCT5, MRPL40, YRDC, PSMD3",2.6470692041929576e-05,4.574158191680908,61,4,4.199687957763672,8.759980201721191
4112,STK40,"STK40, DEPDC1B, URM1, DDRGK1, NLN",0.0022431460515531434,2.977786064147949,13,5,2.973167657852173,9.50800609588623
4113,RFC3,"RFC3, PRIM1, IPP, OXA1L, SCAF8",0.008556896301554123,12.428874969482422,15,3,-2.6422548294067383,10.063241004943848
4114,TAGLN2,"TAGLN2, EEF1B2, CALM1, RPL22, SF3B2",0.0022421656555515904,3.052563190460205,2,4,2.6258583068847656,12.545282363891602
4115,PDCD6,"PDCD6, HS2ST1, MRPL54, MRPL14, KAT5",3.5294256055906104e-05,1.9840091466903687,3,9,0.3048361539840698,12.25445556640625
4116,MICAL3,"MICAL3, EHD4, RPL22L1, ITGAE, ARID5B",0.0019068702230204825,3.8098320960998535,6,3,0.2652336359024048,12.792556762695312
4117,HERC4,"HERC4, COQ4, ING1, DNAJC9, SART1",0.00013137306420809493,2.4592461585998535,5,0,0.5287016034126282,12.214057922363281
4118,FTL,"FTL, DNAJC8, MT-ND1, REEP5, CNPY3",0.0002009811803183542,5.055611610412598,13,8,0.5970028638839722,13.172226905822754
4119,TRMT11,"TRMT11, SEPTIN2, HNRNPH3, PRDX6, PPP5C",0.0002549029604037663,3.0169754028320312,0,6,1.0022426843643188,12.690535545349121
4120,CCDC25,"CCDC25, NDE1, BCAT1, CTNNBIP1, CEP70",0.007247087243479386,7.187483787536621,0,3,0.8271302580833435,10.158472061157227
4121,PHTF2,"PHTF2, RARS2, ANKZF1, KAT8, ATF1",0.005763748093129777,7.947793006896973,16,9,3.6129355430603027,8.749029159545898
4122,ZFP91,"ZFP91, SKP2, GPR107, B4GALT3, CASC3",1.2745148020188314e-05,1.7476825714111328,3,6,2.6402134895324707,9.420635223388672
4123,SLC12A2,"SLC12A2, BRK1, HECTD4, ABR, RUFY3",0.0030804042368793604,11.179902076721191,4,8,0.5707837343215942,10.004008293151855
4124,FCF1,"FCF1, HSBP1, PDLIM1, TMED10, FMR1",0.00014215742022517734,2.4958133697509766,2,6,-0.3760274648666382,10.686683654785156
4125,MUS81,"MUS81, DDX52, MGME1, PARP2, MIEF1",0.004396095670963416,13.57598876953125,9,5,3.5935683250427246,8.847362518310547
4126,ADK,"ADK, JAK1, PLP2, TNRC6B, SSR4",0.00527256969635175,7.553830623626709,12,1,-0.2725260257720947,11.108134269714355
4127,WASF1,"WASF1, FAF2, RHOG, TMBIM6, HMGB3",0.004395115274961863,8.137109756469727,5,1,1.0439023971557617,12.6615629196167
4128,RUFY3,"RUFY3, SPSB3, RHOG, SMURF2, NDUFA10",0.011635339746430377,5.312161445617676,43,9,1.4877135753631592,12.499618530273438
4129,INTS11,"INTS11, TP53RK, CCSAP, TM7SF3, SLC25A1",0.00837944462527304,9.684675216674805,5,3,-2.9648563861846924,11.381542205810547
4130,SRPK2,"SRPK2, DYNC1LI2, DDX46, ATF6B, CPNE3",0.009761802987462697,10.199112892150879,2,3,-3.1047377586364746,11.524310111999512
4131,CLK4,"CLK4, TUBGCP2, NIPAL3, RIT1, ZFYVE9",0.013124561272789305,6.179403305053711,16,0,1.8430620431900024,10.575445175170898
4132,RBL1,"RBL1, CBX5, PACC1, BORCS8, PPA2",0.010705924336958184,11.515981674194336,0,3,-3.4728972911834717,11.661473274230957
4133,GCAT,"GCAT, KNTC1, NACC1, SNX15, TONSL",0.004715704767469677,6.095993995666504,0,5,2.705014944076538,9.039678573608398
4134,ANKFY1,"ANKFY1, STARD3NL, RHNO1, RCAN1, PIP4P1",0.0026980497962737107,6.40411376953125,0,0,0.34550148248672485,10.923096656799316
4135,MGA,"MGA, PDXK, ARL8B, SENP5, THUMPD1",0.00011078474817548304,2.8861660957336426,14,3,1.047895908355713,14.62459945678711
4136,C12ORF57,"C12ORF57, CDC42SE2, MYCBP2, DNAJC9, CCT8",8.137286812889462e-05,2.684934377670288,3,0,-0.3138565421104431,10.587122917175293
4137,CAND1,"CAND1, NDUFA8, RALA, MINDY2, DNAH14",3.1372672049694314e-05,2.3758130073547363,1,3,0.23416262865066528,14.007680892944336
4138,ACTR10,"ACTR10, TTC21B, RYK, CLINT1, LSM1",0.025756963752799032,6.223405361175537,0,4,2.7380950450897217,11.22539234161377
4139,TM9SF4,"TM9SF4, SAMM50, D2HGDH, CBLL1, CNOT8",6.862772010870631e-05,2.6684248447418213,0,3,-2.7328665256500244,11.850701332092285
4140,PPP2R3B,"PPP2R3B, ANAPC4, PPP3CC, MAP3K11, CNOT8",0.015805944337036616,9.325384140014648,0,3,-2.8371222019195557,11.921429634094238
4141,BARD1,"BARD1, KDM3A, STK26, CCP110, ACTR1A",0.012458872387734854,6.8950700759887695,0,9,2.093421459197998,10.029243469238281
4142,NOP2,"NOP2, CAPNS1, TTC3, TIMM13, FNIP2",0.003025502060792395,7.927613735198975,37,6,-2.3495006561279297,12.800911903381348
4143,RNF115,"RNF115, PIGC, CHD3, DPP8, ADD1",0.024085388570151255,8.266866683959961,23,9,2.7160637378692627,9.948657989501953
4144,ARPC2,"ARPC2, MCEE, MOV10, BARD1, CD99",0.013895152530009922,13.302958488464355,1,3,-0.3633517324924469,11.021899223327637
4145,GGA2,"GGA2, CCDC14, ZNF286A, GLA, C12ORF4",0.006051984517586343,6.563450336456299,0,9,1.866987705230713,9.66502571105957
4146,RO60,"RO60, ACBD6, USP48, GIGYF2, TNPO1",0.00025196177239910744,2.9274444580078125,29,5,3.156341791152954,9.462218284606934
4147,BIN3,"BIN3, MKRN2, RBM12B, ARMT1, PRMT7",0.006937282106988655,7.199243068695068,0,5,3.7244226932525635,9.404303550720215
4148,OSBPL11,"OSBPL11, SNX6, PSMB2, OSTF1, CNTRL",0.0019196153710406708,7.603324890136719,9,6,-0.24284444749355316,12.772757530212402
4149,LIMS1,"LIMS1, CNPY3, BAZ1A, ATF4, TAF7",0.0005078451288044267,3.0853798389434814,21,9,2.105365753173828,13.08340072631836
4150,C17ORF49,"C17ORF49, ZFYVE9, TMEM243, AIP, IFRD1",0.000501962752795109,4.398693084716797,46,1,1.0680068731307983,11.755051612854004
4151,MED27,"MED27, TM2D2, RB1CC1, LRIF1, GON4L",0.0037980541100161177,3.5375635623931885,35,5,3.2721548080444336,10.098122596740723
4152,PGRMC2,"PGRMC2, RPA1, HIRA, RRM1, NABP1",0.004724528331483653,7.331220626831055,4,0,-2.259249448776245,10.940176963806152
4153,TBC1D15,"TBC1D15, WIPI2, DGCR6L, ZWINT, EXOC3",4.509821607143557e-05,2.0748257637023926,3,9,-0.9604223966598511,14.087713241577148
4154,JMJD6,"JMJD6, SCAMP1, DR1, TM2D1, RNF187",0.0103784720724395,9.531845092773438,3,6,-2.1428720951080322,12.524938583374023
4155,PMPCA,"PMPCA, MDM4, UQCRC2, UGP2, LONP2",0.006365711238083286,9.384660720825195,27,3,-2.8558738231658936,11.827093124389648
4156,BAG2,"BAG2, KIF20A, KIF18A, SPATC1L, MCCC2",0.0018451052749226468,4.472405910491943,25,5,4.2983784675598145,9.09235668182373
4157,MRPL51,"MRPL51, VPS37B, ATF6B, MRPL47, UBE2V2",0.0013843191541927616,5.557354927062988,29,6,-0.398307740688324,9.642679214477539
4158,ZDHHC20,"ZDHHC20, EEA1, TMEM259, OSBPL9, NT5DC1",0.0001725496962733187,2.839632034301758,2,9,0.730968177318573,13.627298355102539
4159,TMEM19,"TMEM19, MCU, ISG15, PIGT, SRCAP",6.372574010094157e-05,2.3288793563842773,0,6,0.4247837960720062,12.264361381530762
4160,EIF2AK2,"EIF2AK2, TYK2, YES1, MKRN1, EPS15",0.0016529476586182692,2.8935489654541016,6,9,2.085242509841919,12.303738594055176
4161,DPM3,"DPM3, DIP2A, TTC3, CCDC59, MLLT11",0.018872623029894234,6.817808628082275,0,9,-0.993485152721405,13.986337661743164
4162,LONP2,"LONP2, CKLF, CENPU, CDK5RAP2, DDIT3",0.0038706034141310357,2.838434934616089,6,4,2.936721086502075,12.427119255065918
4163,RNF113A,"RNF113A, VBP1, TRAF4, YES1, DHX9",0.004224526370691649,8.62291145324707,8,8,0.47201570868492126,9.671159744262695
4164,CHCHD7,"CHCHD7, CLINT1, RMND5A, ETAA1, PPP1R16A",0.0009568664975156766,2.8525314331054688,0,1,-1.898735523223877,10.484407424926758
4165,KIF3A,"KIF3A, GTF3C5, TRIM56, NDUFS5, CCND3",0.006242181341887615,10.245404243469238,0,6,-1.8032854795455933,13.12043571472168
4166,ARPC2,"ARPC2, SLC25A3, ARHGEF12, EBPL, CLCN3",7.647088812112989e-05,2.949885129928589,6,3,0.6359903812408447,14.79942798614502
4167,AFTPH,"AFTPH, USE1, NUP98, ABCC4, RIT1",0.0021480476394025077,3.636101007461548,0,3,2.455066204071045,9.594264030456543
4168,CIT,"CIT, RNMT, RPN1, PTBP2, CDC42SE1",0.011942203694916451,4.002255916595459,10,4,2.8854243755340576,11.790911674499512
4169,TENT2,"TENT2, PHF20, NIPBL, TBCB, LTA4H",0.011104945509590234,12.116943359375,3,6,-0.5653677582740784,11.418648719787598
4170,HIGD1A,"HIGD1A, PSMC5, ATP6AP2, RDX, SNRPA",0.012302009027486382,7.012725830078125,23,4,4.0239434242248535,11.322041511535645
4171,POP4,"POP4, SMARCB1, NDUFAF4, EIF2A, ENOSF1",0.0002872560284550136,2.871877908706665,15,1,-2.532007932662964,10.99400806427002
4172,NCBP1,"NCBP1, CIR1, RSF1, FAM98A, HSPA14",0.0027794226644026056,4.528557300567627,0,4,4.305168151855469,11.65584945678711
4173,PCIF1,"PCIF1, CLINT1, TMEM245, STIM2, CCNB2",0.0011441221338122894,4.479247570037842,6,0,-2.120877981185913,11.103588104248047
4174,NCOR1,"NCOR1, GTF3A, EIF3L, PRDX6, BDH2",0.005732375421080083,13.572914123535156,1,3,-0.6395573019981384,11.052143096923828
4175,DNAJC3,"DNAJC3, CPT2, UPF2, CDCA8, ANAPC7",0.009105918062423774,8.92507266998291,10,3,-2.8841450214385986,10.863200187683105
4176,PAIP2,"PAIP2, SNRPB, SENP6, NDUFB11, HAUS4",0.00022156949635096607,3.884234666824341,3,4,1.0492764711380005,13.001327514648438
4177,KIF2C,"KIF2C, ARL2, CCDC25, NCBP3, WDR83OS",0.0021647143714289075,4.724114418029785,0,0,2.2237515449523926,9.780051231384277
4178,XXYLT1,"XXYLT1, RBMX, PSMB5, BRI3, NDUFA3",0.007892187812501226,9.431720733642578,1,3,-1.3354629278182983,11.427430152893066
4179,CPSF3,"CPSF3, TUSC2, TEX10, MSANTD3, TTC9C",0.003122561264946137,6.231404781341553,4,3,-3.5982091426849365,11.544509887695312
4180,SNX3,"SNX3, ANKRD28, ATP5F1C, KLHL20, REPS1",0.005201000788238385,4.269155025482178,8,8,-0.5128514170646667,12.14245319366455
4181,SWAP70,"SWAP70, PIAS2, METTL15, UPF2, SKIL",0.007251989223487151,4.428164005279541,0,9,1.9678013324737549,12.918949127197266
4182,ERGIC2,"ERGIC2, TMEM9, EZR, MGME1, MTCH1",3.5294256055906104e-05,2.0338985919952393,0,1,1.2412773370742798,12.643844604492188
4183,MARK3,"MARK3, PRRC1, FBXO25, HLCS, CDK10",0.01342946442927227,7.4294915199279785,0,1,0.8284551501274109,10.372685432434082
4184,RRN3,"RRN3, VAPB, LIG1, MED21, RNF6",0.01200887062302205,7.3703179359436035,0,6,0.18805411458015442,10.718986511230469
4185,CWC25,"CWC25, EXOC2, LASP1, GOLPH3, PSMD7",0.019685371315181627,6.134230136871338,10,4,3.9293136596679688,11.387863159179688
4186,P4HB,"P4HB, RBSN, LIN54, RPP14, ERBIN",0.00550198236071514,5.83817195892334,1,3,0.3187762200832367,10.186747550964355
4187,DENR,"DENR, PHC3, KIDINS220, CD151, HMGB3",0.00551178632073067,3.9894073009490967,2,4,2.859177827835083,12.63170051574707
4188,LRRC58,"LRRC58, HNRNPA0, ADD1, CTNNA1, GALK1",0.004888254463742995,11.917484283447266,1,3,-3.0262906551361084,10.228635787963867
4189,GNPAT,"GNPAT, KANSL2, DDHD1, RAB11FIP1, G3BP2",0.0020137333871897535,5.948814392089844,1,1,-0.8224774599075317,12.378021240234375
4190,TIMM23B,"TIMM23B, MIB2, GOLT1B, PIGH, USPL1",0.003867662226126377,5.19204044342041,0,6,0.6680998802185059,13.523163795471191
4191,PHF14,"PHF14, REV3L, FKBP5, ANP32E, MSI2",0.005649041760948082,4.744043350219727,4,4,2.9273619651794434,11.720974922180176
4192,WAC,"WAC, CWC15, PHF20L1, HAT1, ELF2",0.005055902180008549,4.538716793060303,27,3,0.7310214638710022,13.211536407470703
4193,UQCRC1,"UQCRC1, CNPY2, LIMD1, CAPN1, NGDN",5.9804156094729785e-05,2.42080020904541,1,4,1.0951656103134155,13.951251029968262
4194,OTULIN,"OTULIN, PSMB5, DTYMK, COPS5, TMEM14B",0.0024990294079584624,4.680267810821533,5,5,3.703709840774536,9.753972053527832
4195,HSD17B11,"HSD17B11, UVRAG, CHMP1B, DHRS7, TAF7",0.00396178024227546,10.526577949523926,0,8,-0.23101848363876343,9.187249183654785
4196,RRP1,"RRP1, ELK3, KMT2D, RNF24, SLU7",0.0059019839293487425,11.329034805297852,0,1,-2.319458246231079,10.349902153015137
4197,ACTR2,"ACTR2, PPP4R3A, ITGAV, TRMT112, ISCA1",0.003143149580978749,9.654031753540039,9,1,-1.762496829032898,10.171353340148926
4198,UBXN6,"UBXN6, GLT8D1, ENKD1, FOXRED1, NSDHL",0.009313762014752999,10.259078979492188,0,3,-3.1971383094787598,10.329843521118164
4199,CWF19L2,"CWF19L2, TRPC4AP, TUBGCP2, EIF2AK2, LRPPRC",0.000724512645147628,3.124999761581421,6,9,1.0627697706222534,13.684267044067383
4200,GIT2,"GIT2, WHAMM, ARFGAP3, HDAC7, MBTPS1",0.026367750461766516,6.9364824295043945,2,9,2.740774154663086,10.779708862304688
4201,EDRF1,"EDRF1, VPS26C, NUP35, CMTR1, TBC1D13",0.002943148796661948,3.8059351444244385,0,1,2.6371028423309326,9.841533660888672
4202,ASB8,"ASB8, CERS5, FBXO5, MOB2, NAPG",0.0028000109804352173,5.746458530426025,0,6,0.5712577700614929,11.742265701293945
4203,PCNX1,"PCNX1, GPBP1, ABI2, SLC38A2, COX17",0.00901474123427935,15.392248153686523,7,0,-0.7030922174453735,11.543030738830566
4204,MARK3,"MARK3, CAPZB, SDCBP, WDR83OS, CDK11B",0.014793195267432422,15.180702209472656,15,9,0.12264182418584824,11.21706771850586
4205,MT-ND4L,"MT-ND4L, CALM2, PPIB, ATP5MC2, ARPC1B",0.001060788473680289,3.789783000946045,0,4,2.392702341079712,11.954360008239746
4206,ARL6IP4,"ARL6IP4, TAF7, FTL, SRSF5, PNRC1",6.176494809783567e-05,2.6145355701446533,4,8,0.3126201629638672,14.661633491516113
4207,OGG1,"OGG1, WASHC2C, RESF1, MED17, KCTD13",0.024664802607069047,6.984246253967285,1,6,-0.17470990121364594,12.962247848510742
4208,ARMC8,"ARMC8, CUTA, SMC4, MOB1A, LAMP1",0.00010196118416150651,2.437129259109497,7,4,1.481131911277771,14.263469696044922
4209,EEF2K,"EEF2K, PACS1, VKORC1L1, FBXO25, NAA38",0.009007878462268479,6.069635391235352,0,1,0.6115526556968689,10.595439910888672
4210,DYM,"DYM, RBPJ, MAGED2, EIF3K, TAX1BP1",0.011361809261997105,14.75241756439209,16,9,-0.5897252559661865,11.519333839416504
4211,BANF1,"BANF1, NSD3, SOS1, UBE2H, RNPS1",0.006831399338820937,5.869167327880859,3,4,4.43420934677124,11.581461906433105
4212,ORAI2,"ORAI2, LRRFIP2, FOXO3, NEDD1, BSDC1",0.0024686371319103213,5.620635509490967,0,0,0.3179914653301239,10.2051362991333
4213,MKLN1,"MKLN1, ANKRD17, RGS10, CSK, ARPC5",5.490217608696505e-05,2.571345090866089,17,1,1.019614338874817,12.241259574890137
4214,HPCAL1,"HPCAL1, CWC15, CD46, ZFYVE9, RPAP2",0.005423550680590904,5.756458282470703,1,9,1.7357919216156006,13.0557222366333
4215,PCNA,"PCNA, NAA50, EZH2, RALA, BMS1",0.0004794136447593912,2.710597276687622,9,5,3.52377986907959,10.460575103759766
4216,STARD3,"STARD3, CMSS1, OSTM1, GTPBP1, RBMXL1",0.013218679288938388,7.802466869354248,0,9,2.4576804637908936,10.462286949157715
4217,PRDX2,"PRDX2, CSNK2B, TMEM63A, RRBP1, ANP32A",0.004275506962772403,7.135471343994141,9,3,-2.959035634994507,11.301307678222656
4218,GAPDH,"GAPDH, RAB7A, PI4KA, ZRANB3, SRSF7",0.0005715708689053682,3.527863025665283,6,4,-0.6532739400863647,12.855384826660156
4219,C9ORF85,"C9ORF85, SPDL1, CMC4, CLPB, EIF2B3",0.006104925901670203,7.220500469207764,10,5,3.1884055137634277,9.761702537536621
4220,FARS2,"FARS2, RASA1, TBCK, MAPK8, CBX3",0.0028353052364911233,7.813019275665283,0,8,-0.6885409355163574,11.623811721801758
4221,RPLP2,"RPLP2, RPL32, RPL26, RPS18, TPT1",5.098059208075326e-05,2.8017377853393555,0,8,1.6810108423233032,14.152569770812988
4222,KDM5C,"KDM5C, RNF41, LRRC57, FAH, OSBPL2",0.011178475209706705,7.369321823120117,0,3,-2.8994274139404297,10.78337287902832
4223,UCP2,"UCP2, DNAJB1, ZDHHC17, FAM204A, IDH3G",0.010187294852136675,9.755176544189453,1,8,-0.46155938506126404,9.644570350646973
4224,NDUFS7,"NDUFS7, MRPL20, TMEM219, RNF181, EIF3L",0.0011000043137424067,4.803257942199707,14,0,1.261678695678711,14.170690536499023
4225,ICMT,"ICMT, BYSL, RIOX2, NFXL1, NFIL3",0.00745787238381327,6.342278003692627,0,9,-1.5879698991775513,12.125865936279297
4226,PUF60,"PUF60, PCNT, TRIM27, FOXRED1, SMAD1",0.004439233095031745,3.6078755855560303,11,4,2.9404008388519287,12.321747779846191
4227,PPP1R10,"PPP1R10, CMC1, TRMT112, HMG20B, DOCK7",0.00011960831218945957,2.9655063152313232,0,8,0.66314697265625,13.266119003295898
4228,MYCBP,"MYCBP, CFL1, EXOSC10, SLC12A2, DMAC2",4.0196236063670835e-05,2.5009188652038574,0,6,0.17513617873191833,11.827814102172852
4229,MAZ,"MAZ, LYPLA1, HDDC2, YIPF5, ARL5A",0.007112772991266632,6.489503860473633,16,5,3.9629735946655273,11.026192665100098
4230,TST,"TST, ANAPC1, KHDC4, MCCC2, C12ORF43",0.0094970960670434,11.302966117858887,1,1,-2.5531797409057617,10.153633117675781
4231,C1ORF174,"C1ORF174, PPID, FASTK, HNRNPA3, DDX23",6.274534409938863e-05,2.8131651878356934,14,6,0.298605352640152,14.070059776306152
4232,MGAT1,"MGAT1, XRN1, RALGPS2, CRTAP, EPHX1",0.01521182436009553,6.123439311981201,1,4,3.487920045852661,12.375328063964844
4233,TBC1D1,"TBC1D1, TOB2, NIPAL3, SHISA5, FMR1",0.01665790846238613,6.931401252746582,0,1,-0.6386250853538513,12.431197166442871
4234,BNIP3L,"BNIP3L, RAB7A, WDR45B, MFGE8, ZNHIT1",0.0023686367397519207,7.667206287384033,10,0,-0.6665726900100708,10.79124641418457
4235,TAF7,"TAF7, PDZD8, ETHE1, PRMT2, TXNDC11",0.011731418554582568,6.457734107971191,7,0,2.7806344032287598,10.1111478805542
4236,ITSN1,"ITSN1, UBE2T, MICOS13, SEC11A, PRMT2",0.004604920019294193,9.917153358459473,11,0,-2.209088087081909,10.079459190368652
4237,SBDS,"SBDS, ANP32A, RPS6KB2, ARL6IP4, SELENOF",0.004862764167702619,12.529060363769531,4,0,-1.7179971933364868,11.451744079589844
4238,PLEKHF2,"PLEKHF2, WHAMM, MSL3, HOOK2, HEXB",0.0027804030604041585,4.000349998474121,0,4,1.5468496084213257,10.871784210205078
4239,MT-CO1,"MT-CO1, RPL11, RPS24, RPLP1, RPL10",5.000019607920031e-05,2.5680322647094727,1,5,3.6476833820343018,9.971480369567871
4240,TRIP12,"TRIP12, TMEM186, TM9SF3, CPEB4, ACTR3",0.0032804050211961617,3.334855079650879,2,4,3.1337668895721436,11.554659843444824
4241,GALNT1,"GALNT1, NDUFA5, COX20, CKAP5, DAP3",4.4117820069882625e-05,1.70291268825531,13,5,3.664586067199707,10.302993774414062
4242,CSNK1A1,"CSNK1A1, HNRNPK, AKT1, SSX2IP, PRKDC",0.0004117663206522379,3.7443978786468506,9,1,1.0326324701309204,11.762529373168945
4243,PDZD8,"PDZD8, FECH, CHEK1, MRPL44, EEFSEC",0.01313338483680328,10.628335952758789,0,3,-2.790684938430786,10.43350601196289
4244,LCMT1,"LCMT1, KTI12, RSL24D1, HNRNPDL, COX14",0.002190204667469284,10.124231338500977,3,1,-2.0056228637695312,10.445719718933105
4245,MLEC,"MLEC, ITPA, ZNF431, BTF3L4, PRPS1",0.004389232898952545,3.9479598999023438,7,5,3.3375802040100098,10.518113136291504
4246,NME1,"NME1, REEP5, DNAJC8, SPTAN1, EPC1",0.00036764850058235523,5.6856770515441895,6,8,0.7483595013618469,11.674455642700195
4247,KRAS,"KRAS, EPS15, RNF130, ZNF292, RABGAP1",0.013976525398138815,4.4340949058532715,36,4,2.714735746383667,11.279427528381348
4248,CCNH,"CCNH, STK4, ARHGEF7, VPS13C, ARHGEF12",0.0023225581276789323,10.74609088897705,12,8,-0.07465378195047379,9.037590980529785
4249,PHYH,"PHYH, CBLL1, YBEY, FAM168B, GKAP1",0.019703018443209583,8.968070030212402,0,6,0.23938482999801636,9.86778736114502
4250,COPRS,"COPRS, WDR4, MCUR1, TTF2, INTS1",9.705920415374178e-05,2.329575777053833,0,5,3.6860156059265137,9.636914253234863
4251,RSRC2,"RSRC2, ISCU, ABI2, STARD3NL, SRSF2",0.0003088247404891784,3.0512123107910156,13,1,0.7214452028274536,12.277854919433594
4252,RPRD1B,"RPRD1B, COASY, IFNGR2, IMPA1, TRIM41",0.0178961486123475,11.501402854919434,0,9,4.204616546630859,11.607498168945312
4253,CIAO2A,"CIAO2A, MOB2, ENOPH1, VPS13C, BRD9",0.0002568637524068722,2.971376895904541,2,6,0.15289369225502014,12.729869842529297
4254,OSTM1,"OSTM1, NFATC2IP, CNOT1, ZUP1, OAT",0.015513786328573838,8.201972961425781,3,5,4.2139716148376465,9.101400375366211
4255,SRA1,"SRA1, ARHGDIA, PCBP2, RPL17, BCL10",0.0036843281738359757,9.929000854492188,1,6,-2.748755693435669,12.769722938537598
4256,MIS18A,"MIS18A, CNOT6, PRMT7, COPS7B, LETM1",0.009313762014752999,8.178857803344727,0,6,-2.2176361083984375,12.34445858001709
4257,DTD2,"DTD2, RFWD3, SLC25A39, CGGBP1, PSMG2",0.0016490260746120573,6.577235221862793,6,3,-3.2165095806121826,10.643851280212402
4258,RPL13A,"RPL13A, RPL6, RPS26, CD63, NFKBIA",0.0009215722414597704,12.679298400878906,0,8,0.13069060444831848,9.061513900756836
4259,CLTB,"CLTB, NBDY, RPA3, ADI1, EP400",0.0034882489735253864,6.257195949554443,7,1,1.9862781763076782,12.677201271057129
4260,DHFR,"DHFR, RSU1, CBX1, LENG8, UBA2",0.0038745249981372476,4.1496381759643555,3,1,0.9433699250221252,10.269698143005371
4261,MBD2,"MBD2, CLK4, WSB1, TRIOBP, OGFR",0.03057757089243487,8.878808975219727,6,6,-0.04687675088644028,12.619017601013184
4262,BIRC5,"BIRC5, CNPY3, KRI1, COPZ1, CDS2",0.0008431405613355346,2.9769816398620605,5,9,1.053985834121704,13.077059745788574
4263,POLQ,"POLQ, ATAD2, LAPTM4B, PGAM5, VIRMA",0.0001392162322205185,12.217854499816895,3,6,2.8000710010528564,9.545781135559082
4264,TUBA1B,"TUBA1B, ALDOA, HSPB1, DLG1, CLASP1",0.0021068710073372837,13.029058456420898,12,8,0.010342095047235489,8.853799819946289
4265,HMGA1,"HMGA1, SRSF2, ITGB1, C4ORF3, AKAP9",0.0061961027298146265,6.410684585571289,1,4,4.560075759887695,11.281702041625977
4266,GRB2,"GRB2, PJA2, ANXA11, ATP6V1F, HERC4",4.0196236063670835e-05,2.2571349143981934,15,1,0.3074817955493927,11.613572120666504
4267,NAE1,"NAE1, AP3S1, GNB2, TMA16, COA5",0.0003362758285326609,2.715529441833496,21,1,1.0811060667037964,11.590937614440918
4268,SMAP2,"SMAP2, ARL6IP4, CCDC93, NRBF2, UTP23",0.006887281910909455,6.651489734649658,1,0,-0.3683479130268097,10.423737525939941
4269,CCDC34,"CCDC34, RBMXL1, MPC1, RPS27, ZPR1",3.4313860054353156e-05,2.0352988243103027,0,8,3.719562292098999,9.541890144348145
4270,PPP2R2A,"PPP2R2A, MRPL57, RNF181, PSIP1, RBPJ",0.0003049031564829666,2.829038381576538,14,9,-0.05445738881826401,13.438370704650879
4271,MAPKAPK2,"MAPKAPK2, ACTR8, TSPAN17, CEP152, NCLN",8.725524413821231e-05,2.184497117996216,2,3,-0.12295796722173691,12.99219036102295
4272,SMDT1,"SMDT1, COPS9, RAP1B, PEX16, MAZ",0.0012205930219334193,4.353158473968506,5,3,1.443158507347107,12.582083702087402
4273,NCAPH,"NCAPH, RABL3, FAM8A1, ACY1, SASS6",0.00018921642829971882,2.711395025253296,1,6,-0.033055633306503296,12.765585899353027
4274,PHACTR4,"PHACTR4, SELENOW, ROMO1, CTPS1, POLR2A",0.0044353115110255335,2.831343173980713,6,4,2.9199743270874023,12.455841064453125
4275,ARRB2,"ARRB2, MAPK8, PTBP2, DNAJA1, ATP5MC3",0.0033009933372287734,5.363548755645752,1,6,-1.8230098485946655,11.876261711120605
4276,NCAPD3,"NCAPD3, ZNF260, NDUFAF1, CEP57L1, TUBGCP4",0.010670630080902278,7.325276851654053,0,3,1.7269386053085327,9.240848541259766
4277,AGO1,"AGO1, ADPGK, FAM53C, ITGB3BP, SLC20A1",0.0009627488735249942,3.662766695022583,4,3,-3.0126750469207764,11.07848072052002
4278,ATP2A2,"ATP2A2, PDCD6, CEP162, DPP7, MKNK1",7.647088812112989e-05,2.1673800945281982,5,1,2.0599911212921143,13.097025871276855
4279,MSI2,"MSI2, CCNY, TAF9, CALR, TRUB2",0.005653943740955847,11.11811351776123,0,3,-2.0833446979522705,12.739579200744629
4280,PKD1,"PKD1, SPAG9, BLVRA, ARL2BP, ASH1L",0.019685371315181627,6.1276164054870605,1,9,1.918582797050476,12.709569931030273
4281,MRTFB,"MRTFB, SNX3, JAK1, RETREG3, WDR55",0.010086314063976722,11.002710342407227,1,3,0.6600646376609802,13.8321533203125
4282,COPZ1,"COPZ1, JOSD2, ANKS1A, TRMT11, CHMP5",0.008896113318091443,9.664506912231445,5,3,2.060429096221924,13.371641159057617
4283,PLEKHO1,"PLEKHO1, DDX17, RBBP7, ZNF518A, OSTC",0.00033039345252334324,5.192376136779785,4,8,1.4036996364593506,11.674318313598633
4284,TRIR,"TRIR, MRPL3, FAM120A, MTR, RANBP9",0.0018647131949537058,3.9870667457580566,0,3,0.39517420530319214,14.532106399536133
4285,MOV10,"MOV10, FBH1, CASP6, GDE1, RBL1",0.003218640073098326,5.44851541519165,3,6,-0.8023179769515991,14.339881896972656
4286,EGLN1,"EGLN1, HIPK1, ABCD3, WDR45, STK38",0.0219549880587767,7.67423677444458,5,9,1.961962103843689,12.867050170898438
4287,MR1,"MR1, MRPL10, ZC3H7A, CUL4A, KPNA5",0.010309844352330793,6.281001567840576,2,0,1.9221386909484863,10.790305137634277
4288,SELENOK,"SELENOK, CD63, GSTK1, UBXN1, PRDX5",0.008290228589131723,9.093489646911621,1,3,-0.04596102982759476,10.772493362426758
4289,ECH1,"ECH1, ADAM17, MGAT1, PLIN3, SERINC1",0.0023500092157224144,3.7112369537353516,0,9,1.1324347257614136,13.09089183807373
4290,RBM6,"RBM6, GADD45GIP1, KRTCAP2, EIF4G2, TSC22D1",0.01072749304899235,13.385231018066406,0,3,0.7482286691665649,10.958361625671387
4291,SNRPD3,"SNRPD3, PAIP2, SENP6, TRA2A, SCYL2",0.0018500072549304115,3.6544759273529053,4,0,1.2047497034072876,14.176877975463867
4292,RCN1,"RCN1, SEPTIN7, RABGEF1, RPF1, NTPCR",0.0007754932372283813,3.464599132537842,0,1,-1.9994111061096191,11.062931060791016
4293,A1BG,"A1BG, RUFY2, PEA15, DMTF1, GLTP",0.013456915517315754,6.81983757019043,3,9,1.4519221782684326,10.178520202636719
4294,KDM6B,"KDM6B, RICTOR, ATP5F1D, HELZ, MRPS21",0.0035353079815999278,9.123605728149414,11,6,-1.1157727241516113,13.834848403930664
4295,SNRNP25,"SNRNP25, MT-ND6, TRAPPC4, C11ORF24, ACOT13",6.862772010870631e-06,1.903728723526001,0,5,3.9480435848236084,9.753349304199219
4296,RAB7A,"RAB7A, PLD3, GNB1, HNRNPR, CCT3",0.00013725544021741263,4.4381232261657715,12,6,0.39118877053260803,13.793707847595215
4297,ZNF121,"ZNF121, RRP36, RRP1, DIS3, CRTAP",0.0001431378162267303,2.3545479774475098,32,5,3.4003536701202393,9.352469444274902
4298,PPP4R2,"PPP4R2, STT3B, USP48, TIA1, TCERG1",1.5686336024847157e-05,2.465451717376709,3,0,-0.154306098818779,14.179047584533691
4299,IFT88,"IFT88, NMD3, TP53BP2, KPNA3, BCLAF1",0.0005303942368401445,2.537842035293579,1,9,0.16698437929153442,12.819296836853027
4300,DAXX,"DAXX, TRMT11, CLPX, FIS1, SHPRH",0.000408825132647579,3.807291030883789,12,6,-2.2447550296783447,12.776050567626953
4301,PSMG1,"PSMG1, RSPRY1, LIG1, NUF2, E2F3",0.005110804356095514,4.4760565757751465,22,1,2.7305703163146973,9.491242408752441
4302,PMPCB,"PMPCB, ATAD1, ARL16, PUS7L, BSDC1",3.9215840062117894e-05,2.753795623779297,0,3,0.5093311667442322,14.077280044555664
4303,COX6A1,"COX6A1, XRCC6, NCOA7, ATP6V0A1, VPS29",0.00533237385244648,4.204497337341309,1,4,3.175062656402588,11.982168197631836
4304,NXF1,"NXF1, MSL2, LSM12, MGME1, VPS25",2.058831603261189e-05,2.1703827381134033,0,0,0.08020637929439545,10.337366104125977
4305,RPL9,"RPL9, IER3IP1, RPL14, SEPHS2, NR1D2",3.333346405280021e-05,2.4593169689178467,3,8,0.6009694337844849,11.935822486877441
4306,SLC30A5,"SLC30A5, SCAMP3, ZC3H8, NUMA1, MSTO1",0.013530445217432225,14.030375480651855,0,3,-3.5867650508880615,10.540833473205566
4307,CEP95,"CEP95, PPID, NOC2L, SFI1, TMEM165",0.00047353126875007354,3.170658588409424,18,0,-1.0070828199386597,12.906396865844727
4308,TAOK2,"TAOK2, SC5D, KCTD10, SASS6, FIBP",9.215722414597704e-05,2.1833128929138184,4,6,0.8150203227996826,11.916004180908203
4309,HMGB1,"HMGB1, TCF7, GRN, CHMP1B, PRKAR1A",0.007096106259240232,6.804032325744629,4,6,-0.12977270781993866,9.275874137878418
4310,FXR1,"FXR1, BAG3, PFKL, TMEM208, POLD2",0.00013137306420809493,2.3943026065826416,1,1,1.3838084936141968,12.340203285217285
4311,PXMP2,"PXMP2, STK19, TBC1D9B, IDE, NFE2L3",0.0023156953556680614,6.671742916107178,0,6,-2.1485815048217773,12.288681983947754
4312,ERH,"ERH, C6ORF62, SELENOS, ATP6AP2, CNBP",0.00021666751634320135,1.9199100732803345,2,4,2.962418794631958,12.187518119812012
4313,FBXO34,"FBXO34, CTSA, NME7, CWF19L2, CES2",0.04413056521790282,8.731352806091309,1,1,0.3661983609199524,12.18669605255127
4314,TUBE1,"TUBE1, METAP1, TAF6, MPI, SELENOI",3.9215840062117894e-05,2.5927698612213135,5,6,-0.7807682156562805,13.65068244934082
4315,THAP12,"THAP12, FANCD2, DLAT, XRCC2, AIFM1",6.078455209628273e-05,2.941683292388916,21,5,3.880643367767334,9.479294776916504
4316,LATS1,"LATS1, CDC26, MRPL43, DPP8, UPF2",0.01257750030392276,7.134894847869873,9,5,3.787769317626953,10.071974754333496
4317,DMXL1,"DMXL1, DAPK3, EPB41L2, LSG1, SF3B3",0.0003460797885481904,4.04027795791626,1,3,1.514533281326294,13.732964515686035
4318,PSMB1,"PSMB1, SLC25A4, MRPL21, MRPS33, HERC4",0.003703936093867035,5.192273139953613,33,4,3.036947727203369,11.927063941955566
4319,METTL6,"METTL6, ATP5PB, STX6, SCAP, ANLN",0.0012794167820265963,4.598924160003662,1,6,-0.3105473220348358,14.467509269714355
4320,GSTK1,"GSTK1, RNF130, BACH1, LEPROT, ZNF148",0.010647100576865007,12.930562973022461,0,1,-1.5460753440856934,11.068117141723633
4321,COMMD8,"COMMD8, NUP98, MCU, MDM2, CTBS",0.01387848579798352,8.584747314453125,12,9,1.5993818044662476,10.477669715881348
4322,NACA,"NACA, SERF2, RPS20, MT-ND1, EEF1B2",0.0028911878085796415,3.782335042953491,0,4,2.7724733352661133,11.571527481079102
4323,BRI3BP,"BRI3BP, UMPS, FAM8A1, CHEK1, TMEM184C",0.007757873560288472,6.165452003479004,1,1,-1.660096526145935,10.810527801513672
4324,VDAC1,"VDAC1, PSAP, GUK1, TCF12, MPHOSPH8",0.00034804058055129625,3.486654758453369,9,8,-0.29418909549713135,13.919598579406738
4325,NSRP1,"NSRP1, CIR1, GDI1, TXNDC17, TMEM165",0.0005705904729038153,3.136031150817871,5,0,1.4392017126083374,14.439627647399902
4326,PHKG2,"PHKG2, ZFAND2B, ACSF3, FN3KRP, WRAP73",6.470613610249452e-05,2.009213447570801,0,1,-1.8150227069854736,11.771787643432617
4327,LGMN,"LGMN, MTERF3, TCHP, TSPAN13, MXD4",0.01214514566723791,8.226308822631836,0,3,-2.9897665977478027,10.8155517578125
4328,SDHB,"SDHB, AHCY, NGRN, BCL7C, APPL1",0.001003925505590218,4.495269775390625,6,5,0.8547254800796509,12.191004753112793
4329,SAP18,"SAP18, IMPDH2, RAB7A, JPT1, MAP4K5",0.0015951042945266452,3.629720449447632,0,4,2.4667651653289795,11.805294036865234
4330,<SPECIAL>,"<SPECIAL>, HMGCS1, ZMYND19, TFRC, RANBP1",0.0010058862975933238,71.30474090576172,7,2,2.0583372116088867,10.69007682800293
4331,MT-ATP6,"MT-ATP6, RPL15, RPS17, RPL6, RPL29",0.0001725496962733187,3.0757076740264893,0,8,1.3150290250778198,11.904335975646973
4332,CCDC92,"CCDC92, PSEN1, YEATS4, NOSIP, TPST2",0.006004925509511802,8.299494743347168,3,9,1.4970430135726929,12.052746772766113
4333,SLC39A3,"SLC39A3, NADSYN1, DMAC1, C6ORF62, GCSH",0.00045392334871901456,2.9450035095214844,1,1,1.2342416048049927,12.56334400177002
4334,TRAF3,"TRAF3, GNA12, ILK, ENTPD4, SYVN1",0.021310867885756413,8.026357650756836,0,6,2.106931209564209,10.044304847717285
4335,ORMDL3,"ORMDL3, NDUFA3, VPS13A, NIFK, PPP2R2D",0.008780426589908196,11.371575355529785,0,6,-0.6108689308166504,11.144700050354004
4336,GNPDA1,"GNPDA1, BAK1, SRSF4, PPP1R35, COASY",0.006152965305746297,7.643880367279053,12,6,-2.111710548400879,12.746484756469727
4337,INTS1,"INTS1, WDR12, ANKRD54, ZNF207, OFD1",0.003441189965450845,8.477038383483887,14,3,-3.279500722885132,12.073928833007812
4338,TLE3,"TLE3, AGO1, RNF11, COG6, EPS15L1",0.0067745363707308656,5.617197036743164,2,9,2.1597228050231934,12.994025230407715
4339,NF1,"NF1, SORT1, PDCD4, CIRBP, CAPZA1",0.0027294224683234052,10.076345443725586,6,8,-0.03800730034708977,9.1847505569458
4340,NMT2,"NMT2, HUS1, CDKAL1, LRCH3, SOS1",0.06414534958960623,10.6296968460083,0,9,1.6654900312423706,13.840542793273926
4341,CALM1,"CALM1, CALM2, RPS28, SAT1, RPL24",0.0004607861207298852,14.120660781860352,3,8,-0.07211393862962723,8.830610275268555
4342,SH2B1,"SH2B1, KIFC1, MTMR4, BRD1, CCDC22",0.02247459793959976,10.334885597229004,5,1,0.9818133115768433,9.882033348083496
4343,KIF3A,"KIF3A, EPHX1, PDLIM2, VTI1B, ORAI1",0.02302263930446786,5.400363922119141,2,4,2.3327717781066895,11.87680721282959
4344,ERI1,"ERI1, SOCS4, USP38, TEX261, BAP1",0.007962776324613037,7.031098365783691,0,1,0.3555622696876526,9.929708480834961
4345,TOMM5,"TOMM5, UBE2L3, ZZEF1, RFNG, AAK1",0.0006156886889752509,2.7765588760375977,0,4,2.190176486968994,12.521883964538574
4346,RBM17,"RBM17, FUS, STIM2, GPBP1L1, NFRKB",0.00020686355632767187,2.5171895027160645,1,1,0.39953920245170593,12.258764266967773
4347,SCAF11,"SCAF11, PTPMT1, CDK5RAP2, ATP6V0C, CDC5L",9.607880815218883e-05,2.7321226596832275,8,3,-0.9956545233726501,14.160222053527832
4348,EZH2,"EZH2, CDCA7, RTCB, EMSY, KIDINS220",0.01504221585182687,9.428423881530762,1,0,-0.2518770098686218,10.53254222869873
4349,STXBP5,"STXBP5, ARPC3, NUP188, NDUFA1, TNIP1",6.372574010094157e-05,2.702183246612549,18,3,0.6065326929092407,13.622818946838379
4350,FKBP4,"FKBP4, ECPAS, ATXN2, WDR74, PHTF2",0.0024784410919258507,3.3344404697418213,17,4,3.6043126583099365,11.90246868133545
4351,MCM3AP,"MCM3AP, CHCHD6, DMAP1, TUBGCP3, ACAP3",4.4117820069882625e-05,2.317354202270508,2,1,0.8440685868263245,12.662420272827148
4352,OGT,"OGT, NBAS, UBXN4, XBP1, KNL1",0.006179435997788227,7.4324049949646,3,1,0.9122083187103271,10.191004753112793
4353,PAFAH1B3,"PAFAH1B3, NUDCD2, NADSYN1, PGRMC1, CHD1",7.156890811336515e-05,2.3062732219696045,0,6,0.5021786093711853,14.679924964904785
4354,SLC39A3,"SLC39A3, KIF9, POC1B, APEX1, YIF1B",0.0050980592080753255,5.279975891113281,0,1,1.068104863166809,12.90664291381836
4355,UGP2,"UGP2, NDUFB9, USP33, TBL1X, FDFT1",0.002420597727834227,5.339636325836182,4,6,-1.0550950765609741,13.507001876831055
4356,SMG1,"SMG1, REX1BD, USP13, NUBPL, PMM1",0.024391272122635775,7.1650919914245605,0,1,1.2920993566513062,12.44617748260498
4357,OSER1,"OSER1, SERBP1, PAICS, CDK4, LARP1B",0.00038725642061341415,2.563612461090088,1,9,-0.37667128443717957,13.428987503051758
4358,GPATCH4,"GPATCH4, ZC3H8, ZSWIM7, RNF6, OAZ1",0.00012058870819101251,2.452821731567383,1,3,1.9492871761322021,9.913919448852539
4359,PPP3CC,"PPP3CC, ISCA2, ITFG2, NIPAL3, SUCO",0.016471633222091067,7.2178497314453125,0,0,0.5589078068733215,10.076274871826172
4360,SDHAF3,"SDHAF3, MAPK1, MRPL33, RCC1, DMXL1",0.0032411891811340438,11.27709674835205,13,3,-3.323096752166748,10.545348167419434
4361,HADHA,"HADHA, RBIS, POLR2G, IK, CSK",0.01609712194949784,6.880344867706299,25,4,4.054466247558594,11.605649948120117
4362,UTP4,"UTP4, CDK11A, FBXO28, POP4, EP300",0.006330416982027381,10.966983795166016,9,1,-2.690911293029785,10.654192924499512
4363,ATG4B,"ATG4B, ZNF428, EIF5, ERGIC3, CMTM6",0.0006019631449535097,4.9825334548950195,8,0,-1.2230913639068604,13.639937400817871
4364,INO80E,"INO80E, QDPR, SHARPIN, HELZ, SLC27A4",0.027947168420268315,9.625544548034668,0,9,2.368242025375366,10.539156913757324
4365,XPOT,"XPOT, MDH2, SAP18, STK11, REXO2",0.00038627602461186123,3.2109076976776123,8,5,4.115979194641113,10.5708646774292
4366,RANBP1,"RANBP1, ENY2, SPTSSA, CLCN3, HMGCS1",0.018711838085639552,10.922511100769043,2,5,4.358432292938232,9.185623168945312
4367,TSR2,"TSR2, UGCG, CUL3, COX14, PHF20",0.00016470652826089513,2.303654670715332,10,9,-0.35868874192237854,13.429000854492188
4368,NLE1,"NLE1, CPSF2, MRPL41, HMGCR, GPATCH4",1.3725544021741262e-05,1.8865864276885986,0,5,4.054757118225098,9.546018600463867
4369,SMAP1,"SMAP1, ABI1, MPC1, ANKRD26, C2ORF68",0.04825607159243762,9.806622505187988,2,6,-0.423908531665802,13.180209159851074
4370,APIP,"APIP, BCKDHA, OGFOD1, CRIPT, TFRC",0.00011372593618014189,1.8669129610061646,26,5,3.1788032054901123,9.576701164245605
4371,ATP5PF,"ATP5PF, ARGLU1, AKAP8, HDAC3, MYCBP",0.00023235385236804851,2.9958550930023193,0,5,3.245795965194702,9.257486343383789
4372,COG2,"COG2, NOL10, SUCLA2, CHM, TATDN3",0.01148631955419433,12.744207382202148,0,6,-3.292991876602173,10.38481330871582
4373,RRAS2,"RRAS2, TMEM222, TOE1, QRSL1, CHTOP",0.0015470648904505509,3.4407482147216797,1,5,3.395745277404785,9.383097648620605
4374,EBPL,"EBPL, MRPL47, UBE2V2, PIK3C2A, LRPPRC",0.00779708940035059,6.612654685974121,13,5,4.556283950805664,11.164098739624023
4375,SDCCAG8,"SDCCAG8, RRAGA, FGFR1, ZFAND5, ACBD5",0.002621578908152581,5.793778419494629,8,1,0.9481605887413025,9.733805656433105
4376,CCNB1IP1,"CCNB1IP1, DHX29, SNRNP40, SNX5, POLR1A",3.7255048059012e-05,2.019740581512451,4,3,1.2080490589141846,14.642468452453613
4377,CUL4A,"CUL4A, GLG1, PIAS1, COX8A, PDS5B",0.0030607963168483012,7.73228120803833,6,1,-1.65876305103302,10.460282325744629
4378,MRPL49,"MRPL49, TRIM25, GADD45A, ZNF131, SCAMP1",0.013134365232804835,7.418915748596191,4,5,3.225585699081421,9.857780456542969
4379,CMTM6,"CMTM6, MICU1, OCIAD1, MYH10, POLR2J3",0.006438260542198205,5.901217937469482,7,4,3.8695802688598633,11.503374099731445
4380,ZNF121,"ZNF121, SLC29A1, PKMYT1, DNAAF5, GTF2E1",0.005979435213471425,14.264161109924316,6,7,4.477536201477051,8.978687286376953
4381,BRD2,"BRD2, ESS2, ATG5, PMM2, MGAT4B",8.823564013976526e-06,1.9816343784332275,3,3,0.6321483850479126,12.791492462158203
4382,GMDS,"GMDS, ZNF397, ADGRA3, UBE2L6, GNPTG",0.014959862587696422,8.665771484375,2,0,-0.08676252514123917,10.462580680847168
4383,PNISR,"PNISR, ACIN1, SPCS1, SEPTIN7, CERS6",7.941207612578873e-05,3.216564655303955,12,6,2.141645669937134,13.754539489746094
4384,RAD50,"RAD50, ZFAND5, ZNF706, UBE2D3, GPCPD1",0.0022804010996121554,9.479737281799316,6,0,-0.5688263177871704,12.635873794555664
4385,TMEM208,"TMEM208, CHD8, OBI1, TMEM183A, TIMM17A",0.00020392236832301303,15.056255340576172,12,7,4.312294960021973,8.953007698059082
4386,TPP2,"TPP2, TASOR, LARP1B, TSR1, CKAP5",0.00995298020776552,12.079486846923828,2,9,-2.8253769874572754,12.00346565246582
4387,TAF2,"TAF2, MRPS28, TMEM69, TRMT13, EMC1",0.008728465601825889,9.261470794677734,2,5,4.236163139343262,9.178728103637695
4388,KANSL1,"KANSL1, NAA40, PKM, UFC1, WDR5",0.00894121153416288,11.774310111999512,0,6,-1.0351507663726807,11.926753044128418
4389,NRAS,"NRAS, SENP2, WBP1L, SMAD4, RUFY1",0.008766701045886454,7.26804256439209,0,3,-3.662985324859619,11.188627243041992
4390,CDC5L,"CDC5L, PTPMT1, CCDC14, CDK5RAP2, SEPTIN7",0.002567657128067169,8.139665603637695,1,9,2.4102063179016113,13.711383819580078
4391,WDR46,"WDR46, GCDH, CEBPG, EXOSC1, AMD1",0.004494135271118711,9.356197357177734,17,3,-3.1269466876983643,10.931900978088379
4392,<SPECIAL>,"<SPECIAL>, HMGCS1, TFRC, ZMYND19, SLC19A1",0.001131376985792101,71.09479522705078,10,2,0.1362813264131546,12.520936012268066
4393,DNM2,"DNM2, FKBP1A, CLK1, ANKFY1, TTK",0.0037843285659943764,7.444133758544922,1,0,1.6589611768722534,12.917919158935547
4394,BOP1,"BOP1, RBM19, NQO1, LCORL, TRMT112",0.00810297295283511,11.683988571166992,31,3,-3.4174609184265137,12.070157051086426
4395,TXLNG,"TXLNG, RNASEH2C, TSC2, HBS1L, NAPG",1.470594002329421e-05,2.0561766624450684,5,6,-0.06695500016212463,14.663511276245117
4396,DCAF15,"DCAF15, CIAO2A, PNKD, LENG8, LDLR",0.0015960846905281982,4.231420993804932,1,3,0.7348634004592896,13.974515914916992
4397,SRP9,"SRP9, ZBTB7A, PRPF8, MGAT4B, TSC1",8.431405613355346e-05,2.627950429916382,2,3,0.8394579887390137,13.172770500183105
4398,CDR2,"CDR2, ATP6V0E2, FGFRL1, CAPN15, PDCD4",0.014183388954466488,8.171318054199219,2,9,1.1457690000534058,10.270506858825684
4399,SMAP2,"SMAP2, MFGE8, WDR70, FGFR1, SEC14L1",0.02560108078855211,4.423627853393555,11,4,3.1096112728118896,11.87697982788086
4400,DUSP11,"DUSP11, POLR3C, SDHB, ERBIN, CTCF",8.725524413821231e-05,2.3076961040496826,0,1,-0.23308183252811432,14.470940589904785
4401,COQ2,"COQ2, MSRB2, TCAF1, NCOA5, FBXL12",0.009456899830979729,6.488481521606445,0,5,3.4400739669799805,9.364898681640625
4402,DCAF6,"DCAF6, HMGB3, RSPRY1, LIG1, PPHLN1",0.009692194871352436,11.241392135620117,3,1,-2.4068377017974854,10.197721481323242
4403,TM9SF3,"TM9SF3, CEP104, XRCC5, EIF2D, NME7",0.0037931521300083528,10.144593238830566,1,3,-3.0186734199523926,10.295827865600586
4404,TMX3,"TMX3, ILRUN, GIT2, HOOK2, ILKAP",0.016061827693441937,10.506409645080566,6,3,-3.3036980628967285,11.051414489746094
4405,MGAT5,"MGAT5, SPAG9, KDELR2, RBM45, PPP2R5C",0.009183369346546457,11.103352546691895,4,6,-0.9677175879478455,11.710312843322754
4406,C17ORF75,"C17ORF75, ZNF444, ZNF746, ALG8, AVEN",0.0030451099808234544,22.83275604248047,0,7,0.0566832609474659,14.403100967407227
4407,NDUFB1,"NDUFB1, CDK9, SEC62, GNB2, SNRPD3",0.0019451056670810474,5.390811443328857,8,1,0.4038914144039154,11.243890762329102
4408,TALDO1,"TALDO1, SCAF11, MAP1LC3B, PI4KA, POLD4",0.007023556955125314,10.841449737548828,18,3,1.8256133794784546,14.229880332946777
4409,SMIM30,"SMIM30, SFT2D2, YIPF4, JPT1, GALK2",0.004045113902407461,4.509539604187012,5,9,0.37279656529426575,13.22704792022705
4410,KRT10,"KRT10, COPS7B, OPA3, CENPF, PRMT7",0.0005029431487966619,3.291421890258789,12,5,1.9757914543151855,11.42335033416748
4411,MCM2,"MCM2, NCAPD2, TUG1, ALG9, GPATCH11",0.0001803928642857423,2.624696969985962,3,5,3.9428036212921143,9.221744537353516
4412,DCUN1D4,"DCUN1D4, SUN1, SSR2, KMT2C, PDLIM7",0.019790273687347794,8.205510139465332,4,9,0.9058513641357422,10.620528221130371
4413,BNIP3L,"BNIP3L, UCHL3, SNX2, MSTO1, APLP2",3.8235444060564946e-05,2.3368513584136963,4,3,0.9641593098640442,14.575247764587402
4414,ARF5,"ARF5, MORF4L2, CCNA2, RBPJ, NDUFB3",0.0002509813763975545,2.7499282360076904,9,1,2.0092036724090576,13.245525360107422
4415,RPL6,"RPL6, RPL27A, URB1, RPL37, PTMA",9.411801614908293e-05,2.3861892223358154,2,5,3.25297474861145,9.550521850585938
4416,ARHGAP5,"ARHGAP5, HSDL2, MRPL22, MIA3, TARDBP",0.0001245102921972243,3.1155223846435547,20,6,-0.48936936259269714,13.790404319763184
4417,ZNF277,"ZNF277, SYNJ2BP, FBXO33, INTS14, YIF1B",0.0007166694771352045,3.528884172439575,0,1,0.30078601837158203,14.701634407043457
4418,NDUFC1,"NDUFC1, MLXIP, CDK2AP1, NUDT21, SNRPE",4.8039404076094415e-05,2.8300328254699707,14,3,1.6638081073760986,14.221356391906738
4419,GTPBP10,"GTPBP10, TENT4A, CLUAP1, RC3H1, EIF2D",0.0013127502460793963,6.04587984085083,3,3,-3.6875693798065186,11.460840225219727
4420,MED16,"MED16, FBXO5, NEPRO, SLC2A4RG, SLC35B1",0.005486296024690293,12.081789016723633,4,6,-2.711313247680664,11.855788230895996
4421,MTHFS,"MTHFS, DAG1, DTD2, METTL2B, AMDHD2",3.5294256055906104e-05,2.626309633255005,0,3,1.1499680280685425,13.652763366699219
4422,DPCD,"DPCD, KIF11, NDUFS1, C1ORF50, NAGPA",0.00015294177624225979,2.496419906616211,2,1,2.0863523483276367,9.501049041748047
4423,RASSF1,"RASSF1, GID4, ZNF587, HAUS2, CAD",0.0015931435025235393,4.291257858276367,1,0,1.3677000999450684,11.35088062286377
4424,MAT2B,"MAT2B, MICU1, PKN2, PNRC1, MAP4K5",0.032268753995113704,9.832475662231445,1,4,1.86803138256073,12.600767135620117
4425,UNG,"UNG, PSMB4, ZNF580, C22ORF39, RNF115",0.002882364244565665,8.360895156860352,7,3,-0.5144901871681213,12.920223236083984
4426,FAF1,"FAF1, SORT1, PGAP2, ABCB8, ANKRD13C",0.016734379350507256,7.777102470397949,1,9,0.9793214797973633,10.08867359161377
4427,WASF2,"WASF2, NSMAF, DYRK1A, LSM3, NIN",0.005696100769022623,12.915367126464844,27,0,-0.6623600721359253,11.403757095336914
4428,CHD3,"CHD3, MRPS34, PSMB1, YWHAQ, LSM8",0.00011960831218945957,2.498849391937256,9,1,0.6890347599983215,13.574560165405273
4429,TACC3,"TACC3, GLRX5, RPL27, CARS2, CDC40",8.627484813665935e-05,2.256218671798706,10,9,1.6791151762008667,12.407389640808105
4430,ACBD6,"ACBD6, TMPO, PPHLN1, TNPO1, FAAP20",0.008107874932842873,6.329355239868164,9,4,4.016639232635498,11.089849472045898
4431,EIF3D,"EIF3D, EZR, COX7A2L, ARF6, COX6B1",0.004761783379542665,12.006865501403809,6,3,-1.0126441717147827,10.620850563049316
4432,MEA1,"MEA1, GLUD1, TMEM258, RNF10, NUFIP2",0.005583355228844035,5.011012077331543,3,1,0.9324398636817932,10.881011009216309
4433,FTH1,"FTH1, HNRNPA1, RPS21, MT-ND4L, RPS9",4.4117820069882625e-05,2.6146576404571533,0,8,3.9323654174804688,9.499322891235352
4434,UBR5,"UBR5, PJA2, ATP6V0C, CLIP1, POLR2G",0.009233369542625658,10.511144638061523,14,6,-1.2008349895477295,14.038333892822266
4435,RNASEK,"RNASEK, NUCKS1, COX6C, ICAM3, PTMS",0.0001970595963121424,3.780573606491089,8,8,-3.08954119682312,11.136490821838379
4436,AHCYL1,"AHCYL1, EPS15, FBXL20, REX1BD, LAMP1",0.0028774622645579002,5.299007415771484,11,6,-2.2838785648345947,12.564974784851074
4437,SSR2,"SSR2, MRPS7, TCTN3, USF3, LTV1",0.010670630080902278,10.27424144744873,2,4,-1.3721193075180054,9.961530685424805
4438,WDR4,"WDR4, CCT4, STAG2, ELOC, PSMA4",4.901980007764736e-05,1.7945995330810547,12,4,3.0418894290924072,11.386523246765137
4439,MCRIP1,"MCRIP1, MED13, RAB1A, NDUFAF3, CELF1",7.058851211181221e-05,1.9911384582519531,11,9,1.6625703573226929,14.202069282531738
4440,OTUD6B,"OTUD6B, C12ORF4, NUP35, NDUFA4, FBXO45",0.00013235346020964788,2.6250386238098145,0,5,3.011298418045044,9.177350044250488
4441,LSM3,"LSM3, NSMCE2, KHDRBS1, PIGU, EDEM1",0.0011284357977874423,4.915263652801514,0,1,1.1039763689041138,10.29443645477295
4442,NUDT2,"NUDT2, ADH5, ATF2, PRDX6, BBIP1",0.005330413060443374,12.25195026397705,0,6,-3.217195510864258,12.190414428710938
4443,NOL9,"NOL9, RPAP3, TM2D2, CDK2AP1, BNIP3",0.011981419534978568,10.437981605529785,25,3,-3.479278802871704,10.936922073364258
4444,SUN1,"SUN1, KMT5B, MPC2, CHORDC1, PWP1",6.372574010094157e-05,2.614265203475952,4,6,-0.4391712546348572,13.798284530639648
4445,SORBS3,"SORBS3, TGIF2, CES2, CCDC6, SLF2",0.010329452272361853,8.56357479095459,0,9,3.2246205806732178,9.626437187194824
4446,RBM26,"RBM26, SCD, TCF25, BLVRB, CHD2",0.004847077831677771,9.215374946594238,5,6,-1.7920854091644287,12.473687171936035
4447,GSK3B,"GSK3B, PAFAH1B1, PHYH, ANKIB1, TRA2B",0.0072186557594343505,9.296623229980469,8,6,1.0468522310256958,9.941696166992188
4448,UQCRC1,"UQCRC1, PPP6R2, GEMIN7, DBNDD2, ANAPC5",0.002751971576359123,5.4051971435546875,8,1,0.7290758490562439,12.922391891479492
4449,CMSS1,"CMSS1, FBXL20, EXOC6, LAMTOR2, RAB6A",0.0025068725759708863,6.135645389556885,17,4,-0.5702002644538879,13.6293306350708
4450,NUP54,"NUP54, NPTN, MORN2, CCDC32, C1ORF50",0.008428464425350687,11.51648235321045,3,1,-2.4281582832336426,10.420642852783203
4451,CLK1,"CLK1, CTSC, RNF13, ECH1, ARPC1B",0.005641198592935659,4.373493671417236,81,4,2.511908531188965,11.622452735900879
4452,SSR2,"SSR2, SPNS1, COX8A, NDUFB7, AGO3",0.0058245326452260595,10.039520263671875,0,6,-1.5887714624404907,10.751724243164062
4453,RNF111,"RNF111, OS9, NOSIP, MRPL23, ACAP2",0.010346119004388253,5.359462261199951,15,4,2.309178113937378,11.542631149291992
4454,NFU1,"NFU1, BCKDHA, ASPSCR1, MCM2, NFE2L1",0.0017656931987968581,7.279937744140625,0,1,-2.21893572807312,10.302971839904785
4455,ATP6V1C1,"ATP6V1C1, SNX4, OSBP, ZBTB21, ANKLE2",0.002971580280706983,5.67753791809082,0,5,4.0400919914245605,10.638290405273438
4456,ERCC4,"ERCC4, ZBED4, KPNB1, MZT2B, MRPL3",0.008299052153145699,8.200270652770996,0,4,1.3096712827682495,11.334148406982422
4457,B4GALT4,"B4GALT4, GCLC, SLC7A5, MTHFD1, EDEM3",0.01009905921199691,12.033086776733398,21,6,-2.5344390869140625,12.654056549072266
4458,DBNDD2,"DBNDD2, MAP2K7, EPS15, CIB1, ATP5PF",0.0017529480507766698,7.211324691772461,0,6,-0.2555750906467438,14.111695289611816
4459,REXO2,"REXO2, ZC3H13, ARL6IP4, SGK3, INTS8",0.0024764802999227447,6.393821716308594,4,4,3.8218417167663574,11.773687362670898
4460,RAB21,"RAB21, RAB4A, SLC30A9, ILRUN, SPCS3",0.004101976870497531,3.954047441482544,4,5,3.6806352138519287,9.931337356567383
4461,MED7,"MED7, COQ10B, ARMCX3, ZZEF1, USF3",0.017771638320150274,9.06508731842041,2,9,2.7412970066070557,9.748038291931152
4462,KDM2A,"KDM2A, VPS37B, GRK6, PTEN, TRAF3",0.013160835924846764,9.780113220214844,14,9,1.3487690687179565,10.089347839355469
4463,GTF2A1,"GTF2A1, OGDH, MLH1, BRMS1, MKNK2",0.018886348573915974,10.19958209991455,0,3,-3.3754892349243164,11.524879455566406
4464,MDC1,"MDC1, LDB1, GSTCD, FDX2, TTI2",0.0018107914148682935,22.6224308013916,2,7,4.484259605407715,8.867024421691895
4465,PACSIN3,"PACSIN3, CCDC92, ENDOV, SRGAP2, PRXL2A",0.040045255079431685,11.258145332336426,0,3,1.473154067993164,13.947375297546387
4466,PPP1R2,"PPP1R2, KLHL20, ACACA, UROS, TMEM43",0.00981964635155432,5.3223876953125,0,0,1.8314247131347656,10.294717788696289
4467,CD55,"CD55, CDC42SE2, SPTAN1, RALGAPA1, LRBA",0.02749226467554775,4.7503743171691895,8,4,2.783557653427124,11.978399276733398
4468,EIF2D,"EIF2D, AURKA, STT3A, GMPPA, PRC1",0.00023823622837736619,2.48534893989563,8,9,2.357274055480957,13.470683097839355
4469,GADD45GIP1,"GADD45GIP1, ZC3HAV1, CD164, NIPBL, PPP1R12A",0.0003460797885481904,4.349582672119141,17,6,-1.036685585975647,12.512917518615723
4470,ALG2,"ALG2, CARNMT1, UGCG, SZT2, HAGHL",0.003620602433735034,6.063581943511963,6,3,-3.4337193965911865,10.769676208496094
4471,PSMB10,"PSMB10, ACACA, DLST, LANCL1, STK4",0.005484335232687187,12.689800262451172,19,3,-0.9331663250923157,10.542684555053711
4472,NMT2,"NMT2, TMEM80, DIPK2A, KDSR, ARMCX6",0.007485323471856753,6.570161819458008,8,0,2.057197093963623,10.894591331481934
4473,GLMP,"GLMP, TLNRD1, RAE1, NBPF1, TANGO2",0.011851026866772026,6.164017200469971,1,1,-1.8887958526611328,10.453367233276367
4474,MRTFB,"MRTFB, ZNF281, SUPT3H, CEP135, JTB",0.0006862772010870631,3.486381769180298,15,3,0.8590378761291504,13.49752140045166
4475,CDK11B,"CDK11B, BLOC1S4, MBTPS1, MTIF3, TRAPPC2L",6.862772010870631e-05,3.7197906970977783,1,1,1.0065335035324097,12.241174697875977
4476,SFXN1,"SFXN1, CCNY, CCDC91, HCFC1R1, SMURF2",0.006086298377640697,11.166424751281738,4,3,-2.821511745452881,11.158613204956055
4477,PDLIM1,"PDLIM1, NDUFB9, RTN4, IFI35, FCF1",0.006878458346895478,6.919605731964111,0,1,0.027063248679041862,10.274128913879395
4478,PARP14,"PARP14, EIF3D, ATP6V0D1, ASH1L, ME2",0.000408825132647579,2.543705940246582,3,4,2.162745952606201,11.925639152526855
4479,LRP5,"LRP5, PHF3, ZHX1, CLN3, ELK4",0.007542186439946823,10.100985527038574,2,6,-2.453857660293579,12.808446884155273
4480,BMPR2,"BMPR2, BPTF, RAF1, PSAT1, TANK",0.0006431397770187334,4.304247856140137,1,3,-2.873656749725342,11.048087120056152
4481,HECTD4,"HECTD4, NDUFB10, CSDE1, STK4, TAF6",0.007256891203494916,7.363314628601074,1,1,0.8514468669891357,11.839821815490723
4482,UTP25,"UTP25, MAIP1, ZNF579, TBC1D31, FOXM1",0.0007039243291150161,3.6607441902160645,1,9,2.1678848266601562,13.980331420898438
4483,KDM3A,"KDM3A, ARMCX6, TUT7, NHLRC3, DALRD3",0.03180796787438382,7.572420597076416,0,9,2.390763998031616,10.518780708312988
4484,NCOR1,"NCOR1, RPS15A, MT-CO2, RPS18, NUCKS1",0.001188239953882172,6.81598424911499,4,8,0.8901644349098206,10.16758918762207
4485,COX16,"COX16, NT5DC1, EEA1, CDKAL1, ZCRB1",0.0006480417570264982,5.306643009185791,0,3,1.4564969539642334,13.986184120178223
4486,NOP10,"NOP10, PHIP, CLOCK, MAPK14, PAFAH1B1",0.008972584206212574,8.710155487060547,2,3,-0.9108613133430481,11.88719654083252
4487,IPO5,"IPO5, BIRC6, ASAP1, LUC7L3, UBE2L3",0.0034107976894027035,3.812638521194458,12,5,3.3839564323425293,11.306194305419922
4488,SDCBP,"SDCBP, ERLIN1, NFE2L2, COX17, SYNGR2",0.009670626159318272,13.250033378601074,17,3,-1.1649115085601807,11.04377269744873
4489,BRCA1,"BRCA1, NOP10, PCM1, LNPEP, UBE3C",0.0033068757132380913,6.634181022644043,18,1,0.7568273544311523,9.625685691833496
4490,NDUFS4,"NDUFS4, BRD4, TMOD3, SACS, TRIM33",0.006831399338820937,4.223458290100098,7,4,2.7474756240844727,11.717482566833496
4491,GANAB,"GANAB, RAB10, ENTPD4, TRNT1, RANGAP1",9.019643214287114e-05,2.6910932064056396,5,6,1.143046498298645,13.531506538391113
4492,HIPK2,"HIPK2, PKM, ZBED5, SYNGR2, TRUB1",0.009029447174302645,5.919650077819824,3,0,1.7819966077804565,10.63171672821045
4493,MIPEP,"MIPEP, CRY1, PPFIA1, UBFD1, TOR1A",0.010091216043984486,10.033477783203125,0,1,-2.2185230255126953,11.210236549377441
4494,IDH3A,"IDH3A, INTS4, RSAD1, PHF14, ALKBH7",0.0023637347597441558,6.881716728210449,38,6,-2.1677658557891846,11.88921070098877
4495,RBM39,"RBM39, MYCBP2, HNRNPF, BOD1, CLIC4",0.005078451288044267,6.547275543212891,19,4,4.383877277374268,11.540092468261719
4496,BLM,"BLM, RHEB, DCTN1, FAM120A, TLK1",0.001966674379115212,6.932517051696777,15,3,-0.20134888589382172,10.451766014099121
4497,PPP1R2,"PPP1R2, DDX18, ITSN2, PHF3, SINHCAF",0.00019902038831524829,2.443134307861328,3,3,-0.2312414050102234,13.785223960876465
4498,ABR,"ABR, LYAR, FNIP1, SCD, LONP2",0.008797093321934596,11.245170593261719,22,3,-2.826639175415039,11.01852035522461
4499,ZFP36L2,"ZFP36L2, NFKBIA, SMYD3, CST3, FTH1",0.0013911819262036323,16.2180233001709,2,8,0.3040009140968323,8.953282356262207
4500,SRFBP1,"SRFBP1, HDAC3, DPH7, ECT2, PSMD10",0.009375526962850834,6.772952079772949,0,1,-2.0734639167785645,11.054576873779297
4501,GNG10,"GNG10, SUPT5H, FAM76B, TRMT10C, RBM4B",0.008195130176981086,11.883742332458496,1,1,-2.772864818572998,10.577313423156738
4502,DENND10,"DENND10, AP2A1, ANKRD17, RPS27L, COIL",0.004569625763238288,6.5373735427856445,0,6,0.023444218561053276,12.21965217590332
4503,SFSWAP,"SFSWAP, AK6, ARFGEF1, PPP1R16A, EEF1E1",0.0002754912764363782,2.2650880813598633,2,5,2.9637930393218994,9.81230354309082
4504,HOOK3,"HOOK3, NUMB, REST, AEBP2, ESYT2",0.013053972760677494,7.3009257316589355,23,9,0.5727239847183228,12.250794410705566
4505,NSF,"NSF, UBE2H, RB1CC1, PKN2, CLIP1",0.009617684775234413,10.656065940856934,11,6,-1.5584763288497925,12.304496765136719
4506,AASDH,"AASDH, NABP2, DYRK4, FEM1B, CCDC107",0.02292656049631567,8.282349586486816,0,1,0.44162723422050476,10.089607238769531
4507,RSF1,"RSF1, GTF3C6, APLP2, LSM5, TUBA1C",0.00013627504421585967,2.4029078483581543,11,9,1.6346559524536133,12.383854866027832
4508,SKI,"SKI, SMIM10L1, SLC39A4, TCP1, TCOF1",6.372574010094157e-05,2.8754212856292725,0,0,2.918074131011963,9.371980667114258
4509,LAP3,"LAP3, RPL26L1, PIEZO1, DAP3, UBA6",0.0013284365821042436,2.8939974308013916,17,0,1.904494047164917,11.671661376953125
4510,DPM1,"DPM1, NCAPG, GPALPP1, SEC61G, SGO2",0.0003254914725155785,2.7489235401153564,29,5,3.8075954914093018,10.036757469177246
4511,DPYSL2,"DPYSL2, UBE2S, EWSR1, TBL1X, RCN1",0.004542174675194805,9.153794288635254,21,8,-0.1890888512134552,9.202922821044922
4512,VPS11,"VPS11, EID2, ENKD1, ALG1, CCT2",0.010053960995925475,7.585719108581543,0,3,-1.0071501731872559,14.21324348449707
4513,ARIH2,"ARIH2, TBRG1, DYNC1LI2, NDUFS1, MRPL34",0.0002764716724379311,2.814938545227051,2,0,-2.6055378913879395,11.902535438537598
4514,TMEM30A,"TMEM30A, BCKDHA, NFE2L1, DPF2, NUP35",0.004250997062733579,7.012936115264893,24,1,-2.0726141929626465,10.578890800476074
4515,PNRC2,"PNRC2, FXR1, DYNLT1, TAOK3, ZNF644",0.020418707524343233,8.90132999420166,3,4,4.415460109710693,11.616683006286621
4516,KEAP1,"KEAP1, DEAF1, SLC52A2, PRPF18, SEC22C",0.008381405417276146,8.468348503112793,0,6,-2.1195127964019775,13.060017585754395
4517,SLC39A9,"SLC39A9, DCAF1, SNX27, PCMTD2, SHC1",0.02252753932368362,10.400849342346191,3,3,-2.7967450618743896,10.339644432067871
4518,MAP1LC3B,"MAP1LC3B, KDELR2, NSD3, ANXA5, NDUFA3",0.010825532649147644,11.131668090820312,17,3,-0.9645350575447083,11.346023559570312
4519,NAB1,"NAB1, RWDD3, SCARB1, DPY19L4, RAB5B",0.00023921662437891914,2.963982582092285,0,3,1.7851026058197021,12.781176567077637
4520,ZMPSTE24,"ZMPSTE24, KMT2A, TRAM1, ADSL, GMCL1",0.00020196157631990715,2.7858121395111084,5,3,0.8948801159858704,13.745904922485352
4521,ARF1,"ARF1, FUS, KIF2A, NENF, MT-ND6",0.004556880615218099,5.346822738647461,1,6,0.3045886754989624,10.341697692871094
4522,EFCAB14,"EFCAB14, DAP, TMEM134, ELP2, ZNF580",0.0026196181161494752,4.713949203491211,4,9,3.0400102138519287,9.67560863494873
4523,EIF5A,"EIF5A, PPP1R12A, GMPS, TM7SF3, POMP",0.0052372754402958445,8.598969459533691,1,0,-0.7206283807754517,11.388338088989258
4524,ARGLU1,"ARGLU1, EIF3L, XPC, CHERP, ALMS1",4.901980007764736e-05,1.9594086408615112,2,4,0.8177516460418701,13.751848220825195
4525,PNKP,"PNKP, UBE2G1, BRD2, ATP6V1B2, DCP1A",0.0006578457170420276,4.182947158813477,0,6,-1.827476143836975,11.701135635375977
4526,PRCP,"PRCP, MBNL1, WASHC1, STAU2, BRWD1",0.003254914725155785,6.238640308380127,0,3,-0.505641520023346,11.56270980834961
4527,PPP2R5D,"PPP2R5D, SRD5A1, PIGQ, ADAL, MTERF3",0.016494182330126783,5.701335430145264,0,5,2.7685513496398926,9.121389389038086
4528,PHPT1,"PHPT1, TBCA, FUS, MDM2, NFIL3",0.00021470672434009545,2.9186646938323975,5,8,-0.10398267954587936,13.036996841430664
4529,HMBOX1,"HMBOX1, DNM1L, DBNL, SHKBP1, EIF3J",0.0001098043521739301,3.218961000442505,6,1,0.19519998133182526,12.411469459533691
4530,HMGB3,"HMGB3, ARHGAP35, HES4, NEK7, ZNF217",0.012504950999807843,6.077396392822266,3,9,1.4089992046356201,13.269647598266602
4531,LTN1,"LTN1, SMYD2, DUSP11, POC1B, ABCD4",0.009830430707571402,9.271559715270996,0,1,-1.9251726865768433,10.599749565124512
4532,UBE2N,"UBE2N, DDX39A, NDUFB5, EIF4H, RCN1",0.0005500021568712034,3.8431670665740967,24,1,1.4384307861328125,14.21369743347168
4533,AGL,"AGL, MALSU1, DDX23, TET1, SMIM12",0.0001784320722826364,2.332854747772217,31,5,4.141806125640869,9.590554237365723
4534,RPS26,"RPS26, DNAJC1, EIF3I, MZT2A, GPATCH4",5.294138408385915e-05,1.972942590713501,13,5,3.5387728214263916,10.17382526397705
4535,MRPS34,"MRPS34, LRRC58, TOR3A, SLC3A2, PSMB2",9.019643214287114e-05,2.170039653778076,1,5,3.992487907409668,9.735262870788574
4536,PTBP3,"PTBP3, LRRC8A, MED7, MARK4, MCRS1",0.007227479323448327,6.6461334228515625,1,1,0.847894549369812,10.410150527954102
4537,ASF1A,"ASF1A, XRCC4, SLU7, IWS1, GDI2",0.016175553629622075,12.598172187805176,6,5,4.032637119293213,9.432684898376465
4538,REPIN1,"REPIN1, MMS22L, KLHL20, COX14, GTSE1",0.00013333385621120084,2.3147189617156982,4,6,-0.7935655117034912,14.27204704284668
4539,ATP5F1D,"ATP5F1D, TLE5, RNF130, SEC61B, CHD9",0.0024813822799305096,4.313081741333008,4,9,0.37729883193969727,14.238898277282715
4540,PDXP,"PDXP, CENPS, CENPO, DCLRE1A, KLHL18",0.00293726642065263,5.189189910888672,7,4,3.9778037071228027,11.211989402770996
4541,PGK1,"PGK1, LUC7L3, LAMTOR4, DAZAP2, IMP3",0.00722845971944988,7.713932991027832,0,4,4.541128635406494,11.26109504699707
4542,MTHFS,"MTHFS, NPLOC4, C11ORF68, ZNRF1, KLHL21",0.005035313863975937,5.3956685066223145,0,5,4.076108932495117,9.410011291503906
4543,PLEKHO1,"PLEKHO1, CYBC1, TMEM179B, PTPN2, MPST",0.007182381107376892,5.774509429931641,3,4,2.685783863067627,10.77286434173584
4544,NDRG3,"NDRG3, ALYREF, LATS1, SLC25A32, C19ORF25",0.0028117757324538526,5.122768402099609,3,5,3.4847018718719482,10.203364372253418
4545,CDK16,"CDK16, DCAF15, PGM3, CSK, PPP4R1",0.005880415217314578,11.71689510345459,0,1,-2.290151357650757,11.077101707458496
4546,GLYR1,"GLYR1, HIPK1, CXORF38, ATRX, TTC4",0.008448072345381747,9.07770824432373,7,1,-0.10459575057029724,11.167741775512695
4547,HSP90B1,"HSP90B1, SRSF2, SRSF7, PSMB1, PSMB6",4.705900807454147e-05,1.970523715019226,0,4,2.725647449493408,12.92858600616455
4548,SETD5,"SETD5, ATRAID, WTAP, ATF5, SLC39A10",0.015171628124031859,4.409817695617676,1,4,2.720222234725952,11.61317253112793
4549,C12ORF43,"C12ORF43, HAX1, CKLF, LRRC40, WDR36",0.004903940799767842,6.165184020996094,10,1,2.1702115535736084,12.825504302978516
4550,TARDBP,"TARDBP, PPP2CB, MTMR4, HSDL2, EDEM1",0.008378464229271488,11.280933380126953,13,1,-2.277534008026123,10.880017280578613
4551,PRDX5,"PRDX5, QTRT1, NUDT3, MAPK1IP1L, ZNF33A",0.0001392162322205185,2.8592960834503174,0,6,-0.46407219767570496,13.286911964416504
4552,CSDE1,"CSDE1, NDUFB10, RTRAF, ZNF207, HNRNPF",0.0005892179969333213,3.88358736038208,3,6,-1.3335100412368774,12.536408424377441
4553,VPS16,"VPS16, PELP1, VCPIP1, ESRRA, THOC6",4.509821607143557e-05,2.0937509536743164,6,3,2.3079166412353516,9.633355140686035
4554,NPM1,"NPM1, BTG1, SRBD1, MECP2, AVL9",0.017125557355126882,6.437859058380127,0,3,0.7724974155426025,10.460493087768555
4555,MAPKAP1,"MAPKAP1, ACAT2, FIP1L1, CENPM, PKD1",0.010019647135871121,6.0965704917907715,3,8,3.4879605770111084,8.713447570800781
4556,HAT1,"HAT1, NT5DC2, NOB1, ACTL6A, NSL1",0.006681398750583336,5.9637885093688965,26,5,3.2683537006378174,11.092781066894531
4557,PRPF6,"PRPF6, NKAP, C1ORF174, PPID, TSTD2",0.00011568672818324778,2.2708818912506104,5,6,2.3406989574432373,9.669395446777344
4558,NDUFB6,"NDUFB6, CKLF, CENPX, PRPF38B, SPRTN",0.00010882395617237714,2.547412872314453,0,3,1.3929764032363892,13.062662124633789
4559,RILPL2,"RILPL2, PSMA5, CDK17, CDK6, KIF5B",0.004189232114635744,4.161327838897705,5,1,1.882569432258606,13.297746658325195
4560,GPBP1,"GPBP1, TAF15, RALY, RPLP1, RPL28",0.0004509821607143557,2.3830013275146484,11,4,2.276864528656006,12.881757736206055
4561,TMA7,"TMA7, NDUFB4, ATAD1, PRDX5, EEF1B2",0.0012490245059784547,3.1409339904785156,9,4,3.2802236080169678,11.251337051391602
4562,LYRM1,"LYRM1, GRIPAP1, BTN2A1, PDE7A, NT5C2",0.022778520700081177,10.443168640136719,0,6,0.5634430646896362,10.046201705932617
4563,PSEN1,"PSEN1, MID1IP1, GNG5, PEA15, ETHE1",0.008757877481872478,6.975128173828125,4,9,1.2011469602584839,10.431964874267578
4564,CHP1,"CHP1, RUSC1, DPCD, NUP58, MRPL4",0.0008009835332687579,3.300279378890991,4,3,0.6338618993759155,13.049323081970215
4565,CENPU,"CENPU, TLN1, ANKRD16, HNRNPR, ASAH1",0.002306871791654085,7.126444339752197,14,9,1.524899959564209,10.83020305633545
4566,HINT2,"HINT2, ZNF267, ST3GAL3, DMTF1, RSBN1L",0.004472566559084545,7.092230796813965,3,9,0.902775228023529,14.36470890045166
4567,SEC62,"SEC62, ILF2, NME7, EIF3G, EZR",0.0029627567166930066,5.768718242645264,4,3,-1.059730052947998,10.401785850524902
4568,EHD4,"EHD4, POLR1E, DEDD, DYNC1LI2, FUOM",0.009378468150855494,5.687705039978027,9,9,2.520474910736084,9.869751930236816
4569,AGTRAP,"AGTRAP, CLIP1, ACP1, RFX7, TNFRSF1A",0.006316691438005639,11.174253463745117,6,6,-1.494384765625,11.84475326538086
4570,MTR,"MTR, LMNB1, IGHMBP2, TTI1, ETS2",4.901980007764736e-05,2.5029616355895996,28,3,1.7449039220809937,12.488105773925781
4571,CLK1,"CLK1, KDM2A, MLF2, ZNF148, BNIP3",0.009571606163161423,13.05990982055664,20,3,-2.648801803588867,9.95786190032959
4572,B4GALT5,"B4GALT5, BABAM1, CDK6, SHMT2, PRKAA1",0.0018784387389754469,3.2081799507141113,13,4,3.057990074157715,9.990740776062012
4573,IMP3,"IMP3, SEC31A, PABPC4, CANX, COPS6",0.00022941266436338965,2.768486261367798,28,1,1.8229469060897827,12.651701927185059
4574,TXNL1,"TXNL1, NPAT, SGK3, PLEKHA3, SERINC3",0.00025196177239910744,3.164923667907715,0,6,0.35717153549194336,12.10546875
4575,TMEM120B,"TMEM120B, C11ORF24, POLR3E, BIN3, ZFPM1",0.01290005058843368,7.2617034912109375,0,3,-3.141796112060547,10.715469360351562
4576,SPTLC1,"SPTLC1, DDHD2, TXLNG, ZNF639, FDPS",0.0037519754979431293,7.585824489593506,5,6,-1.9401129484176636,12.063278198242188
4577,NET1,"NET1, SSB, PSMA2, TCP1, NDUFB3",0.0002882364244565665,3.962766408920288,29,8,3.3905022144317627,11.791987419128418
4578,SNAPC5,"SNAPC5, RPS6KB1, BOP1, PPIL3, VAMP7",0.00037058968858701407,3.322291612625122,0,6,-2.930119037628174,11.927767753601074
4579,MANF,"MANF, TACC1, TBCA, NBDY, LUC7L2",0.00047353126875007354,2.769044876098633,21,1,1.6492153406143188,13.102631568908691
4580,SH2B1,"SH2B1, MMS19, INTS1, ADRM1, RPL6",6.274534409938863e-05,2.6805214881896973,0,3,0.6189119815826416,13.183212280273438
4581,GTF2E2,"GTF2E2, TRAPPC13, BUD31, ADD1, POLR2E",0.004625508335326805,11.451316833496094,36,6,-1.6927337646484375,11.640506744384766
4582,RFXANK,"RFXANK, ERGIC1, RBM26, SQSTM1, DCTN5",0.00287059949254703,6.964602470397949,2,6,-2.5585203170776367,12.732211112976074
4583,FKBP8,"FKBP8, SMAP2, CIB1, NBEAL1, ITGB1",0.007842187616422025,12.150750160217285,15,0,-2.0962634086608887,11.861568450927734
4584,RBM26,"RBM26, DCUN1D5, KTI12, PARPBP, CCNC",1.7647128027953052e-05,2.039809226989746,2,5,3.7168800830841064,9.466217994689941
4585,TTC31,"TTC31, RPRD2, EFCAB11, CCNL1, NOA1",0.05065215942023302,11.144306182861328,0,3,-0.10688316822052002,14.569296836853027
4586,TMBIM6,"TMBIM6, FBXL20, NDUFAF3, IK, ALG9",0.002978443052717854,2.98245906829834,1,4,2.6700780391693115,12.335890769958496
4587,HSPA8,"HSPA8, COX6A1, ARPC2, TNRC6B, ASAP1",0.0009058859054349233,9.983186721801758,2,4,-2.6571342945098877,12.509491920471191
4588,NCAPG2,"NCAPG2, POC1A, CDK8, NUP42, TIMM23",8.431405613355346e-05,2.25233793258667,0,5,3.853616714477539,9.530839920043945
4589,CUL3,"CUL3, SEPTIN11, IER3IP1, TOP1, NAXE",4.901980007764736e-05,2.461308479309082,23,1,0.3620483875274658,12.374248504638672
4590,SRGAP2,"SRGAP2, SCAMP2, PHTF2, FER, PRXL2A",0.0018451052749226468,3.9537806510925293,2,4,3.196430206298828,10.55748462677002
4591,SART1,"SART1, TTF1, CLN3, YTHDF3, DCTN5",0.00013725544021741263,2.2810709476470947,1,6,0.10200485587120056,14.43543529510498
4592,CCDC107,"CCDC107, SNX17, SLC2A1, USP24, STX8",0.0007754932372283813,8.485776901245117,5,1,-1.825502872467041,11.554120063781738
4593,CDV3,"CDV3, COMT, FDPS, CDK6, PDIA4",0.01627947560578669,8.292397499084473,42,4,4.300346374511719,11.57816219329834
4594,PDRG1,"PDRG1, CUX1, MED11, SRRM2, SPRTN",0.006132376989713685,12.964193344116211,3,3,-3.062795400619507,11.361117362976074
4595,CAST,"CAST, TXNDC15, RAP1GDS1, RC3H2, GADD45A",0.024201075298334502,10.476847648620605,4,0,0.03821447864174843,10.153549194335938
4596,ERCC5,"ERCC5, TUBGCP5, ZNF714, ETFRF1, WDR18",0.006794144290761924,9.013090133666992,2,3,-3.1117568016052246,10.780207633972168
4597,TMBIM4,"TMBIM4, CHD7, TAOK3, ASAH1, EIF3D",0.00839218977329323,14.20750617980957,2,3,-0.9952228665351868,11.631032943725586
4598,ATP6V0A2,"ATP6V0A2, INIP, MTFR1L, TAF1B, UBE2O",0.002979423448719407,4.909767150878906,0,5,3.545614719390869,9.230313301086426
4599,ATG4D,"ATG4D, INTS1, TRAM2, LCORL, DYNC1I2",0.019351056278652072,7.732264518737793,21,6,1.8635280132293701,9.811686515808105
4600,XRCC5,"XRCC5, TBL1XR1, ODC1, SCAND1, MACF1",0.00705198843917035,10.620118141174316,12,1,-1.2057006359100342,10.959494590759277
4601,REV3L,"REV3L, UBL5, STAT3, CALM3, HDAC1",0.00292059968862623,5.885381698608398,51,6,-0.8985417485237122,13.768950462341309
4602,CTDSPL2,"CTDSPL2, ABCD3, TAF1, ACAP3, URM1",0.0010107882776010887,5.938696384429932,1,0,0.5720856189727783,13.618946075439453
4603,CREBZF,"CREBZF, MCTS1, NAA50, EIF4H, RNF19A",0.0020500080392472125,3.9232330322265625,11,3,1.001695156097412,10.99947452545166
4604,PRKAR1A,"PRKAR1A, UNC119, C12ORF57, KDM6A, CSK",0.05842473892054478,10.455229759216309,0,1,0.18322999775409698,12.07382583618164
4605,ZBTB8OS,"ZBTB8OS, PCCA, PIN4, ASXL1, OSBPL9",0.00044313899270193214,2.4767868518829346,1,4,3.027897834777832,11.090581893920898
4606,RAD21,"RAD21, RNF166, ABHD12, ACADVL, MTDH",0.025235393079972863,7.243676662445068,0,3,-0.840154230594635,13.02259349822998
4607,PFKL,"PFKL, TIMM17B, ASB3, USP22, SAFB2",0.007605912180047765,5.742589950561523,8,3,-0.6096706986427307,12.337352752685547
4608,ILVBL,"ILVBL, PMVK, VPS45, MMS19, HPS1",0.010490237216616535,6.6998820304870605,0,9,2.801788568496704,9.837489128112793
4609,RSRP1,"RSRP1, PJA2, FNDC3A, JARID2, G3BP1",0.007007870619100467,12.014491081237793,18,0,-1.1805706024169922,11.722504615783691
4610,STK38,"STK38, SSX2IP, GGA1, AP1G1, FAM174C",0.00020392236832301303,4.300451278686523,3,3,0.506491482257843,10.759608268737793
4611,<SPECIAL>,"<SPECIAL>, RANBP1, SLC25A12, SLC19A1, RPL8",0.0010656904536880537,71.28623962402344,1,2,3.1106929779052734,10.419903755187988
4612,METTL2A,"METTL2A, CCDC77, ZDHHC16, TAF5, POLR1A",0.022568715955748848,7.670505046844482,0,9,2.1192171573638916,9.098051071166992
4613,MUS81,"MUS81, GOLPH3L, ZCCHC3, QRSL1, DHCR7",0.00011960831218945957,2.2209830284118652,1,3,-3.6390278339385986,11.358935356140137
4614,POLR3C,"POLR3C, TFRC, DCAF1, C2ORF69, BBS7",0.0003176483045031549,3.2276666164398193,1,3,1.7972322702407837,14.091222763061523
4615,PSMA1,"PSMA1, NAE1, AKAP9, UQCRFS1, OCIAD1",0.0028029521684398762,7.923687934875488,10,0,0.574238657951355,13.190214157104492
4616,HSPH1,"HSPH1, CCSAP, IDE, ORC5, SPATC1L",0.0009313762014752999,3.6597344875335693,0,3,0.19211098551750183,11.07603645324707
4617,MTLN,"MTLN, MYDGF, RAB2A, PLD3, HNRNPA0",0.0036039357017086343,7.448784828186035,5,9,2.127584218978882,11.111010551452637
4618,MEAF6,"MEAF6, RNF7, DYRK1A, MRPL43, NOP58",0.00019411840830748357,2.331798553466797,15,1,0.834388792514801,13.006635665893555
4619,TMEM115,"TMEM115, TMEM223, ARL3, TSPYL4, PBK",0.01246083317973796,10.786429405212402,1,6,-2.297332286834717,11.344581604003906
4620,USP12,"USP12, TIMMDC1, INTS11, MRPL27, TBRG1",0.000689218389091722,3.5018205642700195,1,9,2.7976415157318115,10.709123611450195
4621,UBR3,"UBR3, TNRC6A, MBNL2, GRN, PCBP1",0.0010000039215840061,9.394253730773926,4,8,0.2330731302499771,10.718443870544434
4622,TMEM243,"TMEM243, ZNF326, STAG2, G6PD, KNOP1",7.156890811336515e-05,2.3244893550872803,10,3,-1.1546269655227661,13.432257652282715
4623,MFSD1,"MFSD1, SAFB2, PRORP, RHBDD2, ELOVL1",0.012100047451166475,6.084428787231445,57,6,-0.7003316879272461,13.192240715026855
4624,PSMB2,"PSMB2, CCT5, TCP1, MRPS34, C9ORF78",0.006571594398409405,6.622621536254883,1,5,3.8719780445098877,10.890777587890625
4625,MFHAS1,"MFHAS1, RSPRY1, GMCL1, KTI12, GFER",0.00013627504421585967,2.2378015518188477,0,1,1.0801702737808228,12.335479736328125
4626,ARF4,"ARF4, GGA1, WASF1, CKS1B, ZNF511",0.00012058870819101251,2.6706478595733643,17,3,0.43944159150123596,14.521803855895996
4627,ATP13A3,"ATP13A3, PSMF1, CYP20A1, PKMYT1, IKZF5",0.024352056282573656,5.655654430389404,2,4,2.1503634452819824,10.156723976135254
4628,BBX,"BBX, KDELR1, NDUFB4, BTG3, TNKS2",0.0006598065090451335,3.318392515182495,26,3,1.7503286600112915,13.708942413330078
4629,TCTN3,"TCTN3, UCHL3, HEATR3, IGF2BP3, NAE1",1.3725544021741262e-05,1.8932089805603027,3,9,-0.941246509552002,14.070544242858887
4630,MT-ND5,"MT-ND5, HSPA8, ZNF638, HERC1, RPL4",0.0027970697924305584,5.7305073738098145,1,4,-0.3607625365257263,9.918192863464355
4631,DDRGK1,"DDRGK1, DDX1, ATG5, PGP, NPM3",0.00020980474433233073,2.475531578063965,7,4,3.4566760063171387,10.02479362487793
4632,ZNF32,"ZNF32, MSL2, CHMP7, EGLN1, HIPK3",0.0076568927721285185,8.4274320602417,1,0,1.0155658721923828,9.913445472717285
4633,TRA2A,"TRA2A, LEPROTL1, POLR1B, SNX3, ERCC2",0.008478464621429888,13.489834785461426,0,0,-0.9160563349723816,11.209561347961426
4634,SFT2D2,"SFT2D2, GRINA, TSPAN4, SERP1, PIGP",0.004271585378766192,4.549468517303467,0,9,2.0591602325439453,13.4223051071167
4635,TM7SF3,"TM7SF3, MSL2, ABRAXAS1, EGLN1, PIP4P1",0.00778728544033506,8.4932222366333,1,0,-1.153173804283142,11.394062995910645
4636,EIF4G2,"EIF4G2, PDCD6IP, MAP4K4, CCDC85B, PICALM",0.00017353009227487166,2.6579272747039795,9,3,2.0077812671661377,13.136281967163086
4637,NCOA5,"NCOA5, MTRR, RHNO1, EGLN1, GGA3",0.007821599300389413,4.653685092926025,0,3,2.740238904953003,9.683728218078613
4638,ARL6IP4,"ARL6IP4, NDUFB9, TPR, USP47, TRMT1",8.725524413821231e-05,2.7878522872924805,0,8,-0.7101351022720337,12.958200454711914
4639,NABP1,"NABP1, WSB1, CIR1, APC, CCDC88A",0.0038196228220502824,3.4015636444091797,10,4,3.1261744499206543,11.871491432189941
4640,CERS5,"CERS5, ITGB3BP, AZIN1, ANKRD54, INTS1",0.00928729132271107,10.429730415344238,0,3,-3.4430551528930664,11.497572898864746
4641,KLHDC2,"KLHDC2, RABGGTB, NEPRO, CISD1, DDX27",0.00031372672049694315,3.4549612998962402,5,6,-1.8738749027252197,12.65622329711914
4642,PILRB,"PILRB, ASNSD1, HMG20A, ISOC1, MIB2",0.00143039776626575,5.234138011932373,3,6,-1.2039040327072144,13.72892951965332
4643,STAM,"STAM, CMTM3, GDF11, DYRK4, MUS81",0.03219228310699258,9.656878471374512,0,6,-0.09665378928184509,10.446687698364258
4644,TMEM35B,"TMEM35B, MAP3K2, NUMB, NDUFA2, WDR74",0.0066323789505056885,9.062118530273438,5,6,-0.6034119725227356,11.76275634765625
4645,EIF4G1,"EIF4G1, PPAT, YIPF5, DPM1, PDXK",9.509841215063589e-05,2.1570701599121094,50,5,4.083859443664551,9.65623664855957
4646,PAPOLA,"PAPOLA, ATP5MG, RSL24D1, SF3B5, ATP6V0C",0.004546096259201017,10.338069915771484,8,0,-1.0566164255142212,11.659789085388184
4647,TRPC4AP,"TRPC4AP, STK26, ZC3H7A, NUDT5, EPM2AIP1",0.00015882415225157746,3.1815896034240723,0,0,-0.8292773962020874,14.159123420715332
4648,MYH9,"MYH9, BRAF, CSDE1, RTRAF, DDX46",0.0009578468935172294,4.404975891113281,7,1,-1.6301403045654297,10.280473709106445
4649,AP1M1,"AP1M1, UGP2, TOR1AIP2, RAD21, BAX",0.009109839646429986,3.973830461502075,12,4,2.809291362762451,12.081277847290039
4650,PSMA3,"PSMA3, SYNJ2, BUB3, UBE2K, DDX24",0.013266718693014483,8.700788497924805,5,4,3.9712347984313965,11.332802772521973
4651,SEC62,"SEC62, PCLAF, TMEM14C, CSTB, POLR2L",0.00032941305652179026,3.828260898590088,2,3,0.9862812161445618,13.455119132995605
4652,DOHH,"DOHH, NAA15, UBAC1, SMARCA5, RANBP1",3.8235444060564946e-05,3.5919477939605713,5,1,0.8170129060745239,12.300817489624023
4653,CELF1,"CELF1, MSRB2, BOLA2, HMGXB4, ITSN1",0.005931395809395331,8.875445365905762,2,0,-2.436671018600464,10.464484214782715
4654,LAMTOR4,"LAMTOR4, EIF5B, FBXO11, CCDC85B, RAD23A",0.010253961780242276,13.510091781616211,1,9,-1.4022852182388306,12.761573791503906
4655,TENT2,"TENT2, PTTG1IP, NDUFS5, ALG3, C17ORF49",0.0048235483276405,9.613423347473145,16,6,-1.325788974761963,12.373865127563477
4656,RPA3,"RPA3, BTBD7, CNIH1, EIF5, HDAC7",0.020101059219840078,6.522102355957031,0,6,-0.2655766010284424,12.178744316101074
4657,TTL,"TTL, MTA2, MOCS2, SLIRP, HMG20B",0.00978337169949686,10.369135856628418,5,6,3.23624587059021,11.659869194030762
4658,MT-CYB,"MT-CYB, PFDN5, RPS7, RACK1, RPL24",4.901980007764736e-05,2.3990671634674072,0,8,4.045195579528809,9.83198070526123
4659,MIER2,"MIER2, UBE2H, FOXP4, OGFOD1, SEC11C",0.01103043541347221,6.515157222747803,0,9,1.3751981258392334,9.992655754089355
4660,POLE3,"POLE3, AP2B1, CHMP4B, ARL6IP4, RPL7L1",0.00015490256824536567,2.7242043018341064,9,0,0.22009962797164917,12.57663631439209
4661,RNF121,"RNF121, CIAO3, UBQLN4, ZHX3, AP1AR",0.010583374836764066,5.883714199066162,0,6,-2.8272316455841064,12.252705574035645
4662,RNF220,"RNF220, EEA1, KDELR1, TMED10, CIAO2B",0.001077455205706689,3.6811535358428955,26,3,0.040644045919179916,11.677534103393555
4663,TRAM1,"TRAM1, EEF2, COA5, GTPBP1, RAB1A",0.0007745128412268283,4.074582576751709,0,6,-2.064619779586792,13.016274452209473
4664,TMEM59,"TMEM59, ZC3HAV1, MBNL1, ELOB, PPIB",0.013219659684939941,13.840648651123047,6,3,1.8424321413040161,11.822183609008789
4665,IMPDH1,"IMPDH1, LCLAT1, UTP23, UBE2J2, POGLUT1",2.7451088043482524e-05,2.7479801177978516,0,3,-2.6656761169433594,12.305706024169922
4666,GTF2H4,"GTF2H4, MRPL16, MRPL42, C9ORF40, SUMF2",0.007638265248099012,6.618190765380859,11,9,4.164494514465332,11.172219276428223
4667,EIF2B2,"EIF2B2, SDAD1, UBE3B, ECD, WAPL",0.008875525002058831,12.419979095458984,8,6,-2.8792850971221924,12.295619010925293
4668,ERCC6,"ERCC6, PMS2, TMEM184C, SMIM8, ZBTB8A",0.005029431487966619,4.165205001831055,0,5,3.3522534370422363,9.620625495910645
4669,FASTKD5,"FASTKD5, TTC31, CEP70, PPP1R9B, PNPLA6",0.017835364060251217,8.236191749572754,0,6,0.16126084327697754,10.25771713256836
4670,CAP1,"CAP1, LRCH3, SH3GLB1, ARID4A, MIEN1",0.0001598045482531304,3.9463884830474854,3,6,0.33118128776550293,14.244077682495117
4671,RBM22,"RBM22, KMT5B, MFSD10, ELOC, SRSF10",4.0196236063670835e-05,2.646843194961548,0,6,-1.9838556051254272,10.681090354919434
4672,SUMO2,"SUMO2, EMP3, CLIC1, TFPT, ZNF7",4.215702806677673e-05,2.670661449432373,3,6,-0.06484325975179672,13.936573028564453
4673,TBCD,"TBCD, SAFB, SPOP, SHLD2, MYC",1.8627524029506e-05,2.098283290863037,21,6,-0.6973578929901123,13.61115550994873
4674,COX7A2,"COX7A2, NDUFA5, HACL1, SRSF3, NUB1",0.002995109784744254,5.298300266265869,0,6,0.236764594912529,14.524827003479004
4675,BROX,"BROX, CHMP3, TM9SF4, B3GALNT2, CENPW",1.2745148020188314e-05,1.8108272552490234,4,8,3.877723217010498,9.320940017700195
4676,GOLPH3L,"GOLPH3L, ZNF260, WDR48, TIMM29, GEMIN4",0.0016823595386648575,4.920961380004883,0,5,3.609257221221924,9.174844741821289
4677,NFX1,"NFX1, VPS4B, SUN1, TNIP2, NRBP1",0.015399079996392142,7.752769947052002,2,9,1.5345988273620605,10.888638496398926
4678,WDR5,"WDR5, ZCCHC3, DSN1, SPC24, CLPX",0.0021666751634320134,35.56827926635742,18,7,4.337072849273682,8.685547828674316
4679,SPA17,"SPA17, SMARCD2, INTS8, WRAP73, UBFD1",0.013277503049031565,6.305412769317627,0,5,2.703731060028076,10.393336296081543
4680,KCMF1,"KCMF1, PIAS4, DIAPH1, ARGLU1, MIER1",0.0022607931795810966,3.65869140625,4,1,-0.9546864628791809,12.539055824279785
4681,TXNDC5,"TXNDC5, MED30, MRPL39, PDSS2, SACS",0.006075514021623614,6.687148094177246,3,1,-1.920100212097168,10.675004005432129
4682,CHD2,"CHD2, USP40, ZNF430, ARAF, PMS1",0.01288338385640728,9.091638565063477,1,0,3.125648021697998,10.156856536865234
4683,RAB6A,"RAB6A, HDAC2, MED13, ARHGAP11A, TUFM",9.509841215063589e-05,2.3379502296447754,0,1,0.7786782383918762,14.184083938598633
4684,NDUFB11,"NDUFB11, MAP4, NME1, HMGB2, NPM1",0.0003931387966227319,2.50626277923584,1,4,2.340038537979126,12.906933784484863
4685,CBX5,"CBX5, MMP24OS, MRPL18, EZR, DGKH",4.901980007764736e-05,3.252713203430176,9,3,0.061925046145915985,14.227785110473633
4686,CLTB,"CLTB, RPS21, RPS6KB1, RNF170, MFSD5",0.00013627504421585967,2.366703510284424,2,4,0.8107065558433533,14.745572090148926
4687,FAIM,"FAIM, USP46, RTCA, TBP, CASP8AP2",0.006520613806328652,11.321208953857422,0,7,4.296444416046143,8.839424133300781
4688,NCSTN,"NCSTN, MTA2, ITSN1, SMAD1, ANKRD36C",0.06208063561033573,12.225831031799316,0,6,0.23953251540660858,12.114930152893066
4689,MLLT11,"MLLT11, UBE3C, IRAK4, TMEM141, NDUFS4",0.008842191538006031,6.413475513458252,8,4,2.6043176651000977,10.688579559326172
4690,SEM1,"SEM1, NDUFB4, CAP1, APLP2, NDUFB9",0.007328460111608281,6.331314563751221,9,4,4.116408824920654,10.71673583984375
4691,CNTRL,"CNTRL, ZZEF1, SFXN5, CBFB, LSM6",0.0026705987082302285,3.812946081161499,10,9,1.6963648796081543,13.925019264221191
4692,PDCD2L,"PDCD2L, PNPO, TRUB1, CSTF2, POLE2",0.009139251526476575,6.631072044372559,1,0,2.334388017654419,9.056191444396973
4693,MON2,"MON2, SSB, DNAJB6, WNK1, ARRB2",0.00557845324883627,12.19079303741455,8,8,-0.13427124917507172,9.035499572753906
4694,BLVRB,"BLVRB, HNRNPC, DNAJB6, MLLT10, PI4KA",0.002823540484472488,7.160136699676514,4,3,2.012183427810669,13.30396842956543
4695,COX7B,"COX7B, ATP5F1D, MYL12A, BTF3, PFN1",0.005060804160016314,8.004806518554688,1,4,3.76279616355896,11.341301918029785
4696,SIAH2,"SIAH2, NAE1, PYCR2, STX4, UBE2E3",0.00015196138024070683,2.8559257984161377,1,3,-0.13065454363822937,12.104866981506348
4697,GHITM,"GHITM, PRMT2, LAMTOR5, DYM, ZRANB2",4.313742406832968e-05,3.3360390663146973,9,3,-0.18540059030056,13.025012016296387
4698,NOL9,"NOL9, EIF3I, DNAJC9, MTCH2, HSPA4",5.098059208075326e-05,2.0613458156585693,3,5,3.325986862182617,9.263663291931152
4699,<SPECIAL>,"<SPECIAL>, LAPTM4B, TFRC, SLC25A12, RBIS",0.000984317585559159,70.31675720214844,17,2,0.7102594375610352,13.168517112731934
4700,PFAS,"PFAS, CDK5, ABRAXAS2, INTS1, VSIG10",0.0063431621300475685,5.215856552124023,0,3,2.476430892944336,9.498747825622559
4701,GPSM2,"GPSM2, EPS15L1, ANKRD28, WASF1, STXBP3",0.010217687128184817,6.589761734008789,0,9,1.66266667842865,10.551544189453125
4702,MED8,"MED8, CENPT, FAM104A, CETN3, TCTN3",0.005419629096584692,7.159374237060547,4,3,-3.0384955406188965,11.32768726348877
4703,NDUFAF4,"NDUFAF4, TRMT6, BCCIP, TOMM70, TAF2",0.002340205255706885,6.722820281982422,0,5,4.125691890716553,8.978974342346191
4704,RANGAP1,"RANGAP1, CALM3, DNAJA1, PPP6R3, AP2S1",0.0028862858285718766,4.812469482421875,1,9,0.4120903015136719,13.252346992492676
4705,GPR108,"GPR108, SOAT1, RNF187, SLC30A9, TBC1D15",0.0039009956901791772,9.001884460449219,12,6,-2.541752815246582,12.710291862487793
4706,GHITM,"GHITM, ANKRD39, PDRG1, FECH, HNRNPL",0.009863764171624203,9.39857292175293,0,5,3.753152370452881,9.241832733154297
4707,SFXN5,"SFXN5, PSMC3IP, SCAP, INTS7, ELP3",0.01023925584021898,12.770939826965332,0,3,-3.3005943298339844,11.000099182128906
4708,NIN,"NIN, C1GALT1, DAZAP1, RAC1, PCNX1",0.0020941258593170954,4.137880325317383,12,1,-0.6043726205825806,12.323556900024414
4709,TACC1,"TACC1, SMIM20, PSMA1, EPM2AIP1, CSTB",0.006329436586025828,13.760281562805176,3,0,-2.3296453952789307,10.091736793518066
4710,GPX4,"GPX4, TMEM245, AHSA1, MRPS7, TIAL1",0.005569629684822293,9.962850570678711,1,8,-1.404026985168457,10.063145637512207
4711,SDHD,"SDHD, CSNK2A2, HS2ST1, RUVBL2, PROSER1",2.058831603261189e-05,1.651151180267334,16,4,2.9708774089813232,10.517008781433105
4712,RSBN1L,"RSBN1L, RPL36A, USP7, DHX29, PIGX",3.7255048059012e-05,2.0749592781066895,7,1,1.04446542263031,12.325509071350098
4713,C4ORF3,"C4ORF3, DYRK1A, ARL6IP4, METTL15, HDAC8",0.003514719665567316,4.342957973480225,3,1,0.41186800599098206,10.675129890441895
4714,CSK,"CSK, PRPF4B, RBIS, USP16, GALNT10",0.00037451127259322583,3.396796226501465,5,1,-0.9896854758262634,13.221426963806152
4715,TFB2M,"TFB2M, POC5, PSPC1, ATMIN, TXNRD2",5.686296809007094e-05,2.0877349376678467,2,3,-0.33383694291114807,12.732784271240234
4716,AKIRIN1,"AKIRIN1, FLOT2, SNF8, SRM, SLC39A3",2.2549108035717786e-05,2.173898220062256,9,5,3.6164333820343018,9.743013381958008
4717,ZNF598,"ZNF598, CDC27, SLC39A10, PHF20, DCAF12",0.00015098098423915388,2.0870490074157715,10,4,3.0488502979278564,10.776130676269531
4718,TAGLN2,"TAGLN2, TMEM59, FBXO11, TMED9, SUN1",0.004093153306483555,11.808063507080078,9,6,-1.4851038455963135,11.9572172164917
4719,ATP5F1D,"ATP5F1D, PARK7, COX7B, SUMO2, FAF1",7.058851211181221e-05,3.5372512340545654,2,8,3.0479438304901123,9.641287803649902
4720,CLPX,"CLPX, VMA21, BORCS5, NDUFB9, SIAH2",0.00022647147635873082,2.591017246246338,12,1,1.9559142589569092,13.503133773803711
4721,PTBP3,"PTBP3, LUC7L3, EIF3J, AP3B1, CDC34",0.0007303950211569457,2.383702278137207,30,5,3.2706291675567627,10.052701950073242
4722,SELENOW,"SELENOW, RPUSD3, NOP14, COPG1, TTF1",0.005648061364946529,6.524730682373047,6,6,-1.1051915884017944,13.717833518981934
4723,RPS10,"RPS10, PLK4, TIMM22, ESCO2, PMPCA",3.333346405280021e-05,2.21419358253479,8,5,0.28570565581321716,12.059086799621582
4724,NDUFA13,"NDUFA13, CERS6, SNRPB, SPCS1, ZCCHC7",0.0038784465821434595,10.191506385803223,7,8,-0.1713200807571411,9.099645614624023
4725,ATOX1,"ATOX1, YAF2, P4HB, COX7A2L, BNIP3",0.00040588394464292015,4.090065956115723,22,3,0.1126914992928505,14.107626914978027
4726,MRPL43,"MRPL43, ACTR10, UBQLN1, GATAD2B, AP3S1",0.0009323565974768529,3.0354020595550537,20,1,-0.17310024797916412,12.26973819732666
4727,NAP1L1,"NAP1L1, CLTC, TMEM230, SYNJ2, ADAM10",0.007181400711375339,9.755331039428711,37,6,-0.979349672794342,11.118040084838867
4728,THOC3,"THOC3, ROCK2, MAP2K5, ELOB, LSM3",0.0022196165475158727,9.631710052490234,5,0,-2.016815423965454,11.255496978759766
4729,ARL3,"ARL3, STX10, PIGN, RELA, HMOX2",0.007565715943984094,7.195794105529785,1,8,0.04294360801577568,9.565447807312012
4730,RIOK2,"RIOK2, TMEM33, LBR, ZNF121, DCP2",0.0036892301538437406,19.71217918395996,22,7,4.271470069885254,8.57702350616455
4731,MRPL50,"MRPL50, ATP5IF1, SLC25A5, STMP1, LIMS1",0.004099035682492872,9.069708824157715,19,0,-1.405873417854309,11.185940742492676
4732,POC1A,"POC1A, DNAAF5, PSMA2, TMEM14C, POP1",0.01804222761657889,7.749024868011475,0,4,4.450008869171143,11.184797286987305
4733,TMEM218,"TMEM218, MRPL16, AGO2, DDX46, WAC",0.00018137326028729524,3.2471132278442383,14,3,0.19706806540489197,14.077213287353516
4734,MSL3,"MSL3, PLEKHF2, BCL7C, SCNM1, WHAMM",6.568653210404746e-05,3.1948344707489014,9,3,1.664290428161621,13.968281745910645
4735,KANSL1,"KANSL1, TNFAIP8, EIF4ENIF1, CPEB4, ACTR3",0.011022592245459786,16.993358612060547,16,3,-1.251861333847046,11.97592830657959
4736,ATAD2,"ATAD2, PNPLA6, NUF2, RRN3, CARS2",0.006785320726747948,6.384136199951172,2,5,3.178647041320801,9.730836868286133
4737,ELMOD2,"ELMOD2, MNT, TRMU, TBC1D7, GIT1",0.00036764850058235523,3.4523656368255615,0,3,0.8523313999176025,14.69241714477539
4738,LRCH3,"LRCH3, KRT10, NEMF, WWP1, OGA",0.0053078639524076566,7.772921562194824,3,1,-0.030486639589071274,12.373395919799805
4739,MRPS30,"MRPS30, PDLIM2, EBAG9, RIOK1, LEPROT",9.11768281444241e-05,1.9896928071975708,9,4,2.2937769889831543,11.643553733825684
4740,PIGL,"PIGL, GALK1, MRPL52, POLR3C, SQSTM1",0.0014049074702253733,3.8229730129241943,1,3,1.8380285501480103,13.518200874328613
4741,MGA,"MGA, DOCK7, KXD1, THOC3, SLC30A9",0.0029147173126169122,3.264740228652954,22,5,2.7905681133270264,11.349555969238281
4742,MIB1,"MIB1, MPRIP, SPAG7, MLLT11, NAE1",0.007929442860560238,5.529495716094971,1,4,1.4185755252838135,13.404561996459961
4743,PKMYT1,"PKMYT1, SCARB2, CENPJ, TCEAL8, SLC27A4",0.006854928842858207,5.0563812255859375,0,9,-0.11225824058055878,12.934971809387207
4744,PSMB7,"PSMB7, MZT2A, MRPL41, TRAM1, DHRS7",0.0032323656171200674,5.700737953186035,0,4,2.6615793704986572,12.947710990905762
4745,KLHL20,"KLHL20, ZFPM1, BLVRB, MED19, MSRB2",0.015832415029078544,7.4617228507995605,5,4,2.744274616241455,9.96837043762207
4746,TMEM30A,"TMEM30A, MORC3, MAP7D1, CLNS1A, SRPK1",0.005147079008152973,5.26745080947876,26,5,3.2066729068756104,10.837737083435059
4747,ATG4D,"ATG4D, RNF2, B3GALNT2, TTC33, ZC3H7B",0.01685790924670293,10.638794898986816,4,6,-2.2501912117004395,11.293206214904785
4748,POMP,"POMP, DYNLL1, AEBP2, CIB1, SNX17",0.0018402032949148821,6.579626560211182,2,8,-1.004317045211792,10.826765060424805
4749,KDELR1,"KDELR1, ABRAXAS1, KLHL23, MRPS36, NCBP3",6.666692810560042e-05,1.9870481491088867,24,3,1.2812135219573975,13.902143478393555
4750,SMARCC1,"SMARCC1, VDAC3, EIF4A2, YWHAG, MAF1",0.006065710061608085,7.257737159729004,11,4,4.336935043334961,11.017380714416504
4751,PJA2,"PJA2, BMPR1A, TMEM98, KLF3, NPTN",0.005327471872438715,5.000818252563477,6,6,-0.8159129023551941,14.027892112731934
4752,STK24,"STK24, ZFYVE21, CLCN7, BPTF, TM2D1",0.007263753975505786,8.254939079284668,2,4,4.3282060623168945,11.416937828063965
4753,MTHFD1L,"MTHFD1L, OSTC, PPHLN1, MOV10, DRAM2",0.011027494225467551,5.04455041885376,2,5,3.6524710655212402,10.105175971984863
4754,RSL24D1,"RSL24D1, EMD, SLC38A1, FASTKD2, YME1L1",0.0002656873164208487,2.5050783157348633,2,4,1.148473858833313,10.779047966003418
4755,PAAF1,"PAAF1, PINX1, TBC1D31, REXO1, SNRPA",4.901980007764736e-05,1.9666306972503662,4,5,3.303199529647827,9.681120872497559
4756,ITSN1,"ITSN1, ATP6V0B, CHMP2A, SLC3A2, NDUFS7",0.00529904038839368,10.415135383605957,9,0,-1.0976073741912842,11.335904121398926
4757,MARF1,"MARF1, NRBF2, HOMER3, TMEM43, EGLN1",0.005176490888199561,5.5557637214660645,0,0,1.2015748023986816,9.659164428710938
4758,HSCB,"HSCB, SAYSD1, STK40, TP53RK, FKTN",0.00639022113812211,6.519677639007568,0,3,0.4220408499240875,10.849987983703613
4759,MORF4L1,"MORF4L1, GSTK1, CNBP, SON, SF1",0.021426554613939663,6.6418843269348145,19,6,-0.8135145902633667,13.261258125305176
4760,COA5,"COA5, C6ORF89, MORC2, RARS2, TRAF4",0.012989266624574999,11.036176681518555,16,6,-2.5472514629364014,11.715008735656738
4761,CLTA,"CLTA, MAP4K4, XRCC6, FABP5, SNX3",2.3529504037270734e-05,1.9163113832473755,8,4,-0.7978698015213013,14.344198226928711
4762,ELOB,"ELOB, CENPJ, NFE2L2, PRKAB2, TMEM186",0.010187294852136675,12.432733535766602,5,3,-0.9621272683143616,11.32532024383545
4763,TIPRL,"TIPRL, CLTC, PHF3, SEPTIN2, IK",0.0047196263514758885,11.95327091217041,4,0,-1.4430400133132935,11.429574012756348
4764,AP1G1,"AP1G1, MLXIP, PRPS1, CLK3, MFSD8",0.000130392668206542,2.7443366050720215,1,3,-0.9374764561653137,12.923333168029785
4765,SFT2D3,"SFT2D3, VAC14, MTG2, GINS4, SMARCAL1",0.00026274612841618985,3.3683271408081055,0,3,0.8015646934509277,12.96492862701416
4766,SDHB,"SDHB, DNAJB6, MBD4, JOSD2, AHCY",5.490217608696505e-05,2.415597915649414,19,9,1.7852798700332642,13.764263153076172
4767,ANP32E,"ANP32E, TOMM5, EIF4A3, LSM14A, NAP1L4",0.007502970599884706,9.021859169006348,0,4,4.202939510345459,11.154793739318848
4768,RPL36AL,"RPL36AL, RPL10A, FOXP1, MT1X, COX7C",0.004902960403766289,5.280248641967773,13,4,3.1172094345092773,12.237945556640625
4769,CEPT1,"CEPT1, EEFSEC, R3HCC1L, ELMOD3, EIF2B5",0.007342185655630022,5.692244052886963,2,6,2.4256746768951416,9.716352462768555
4770,SEC62,"SEC62, PSMD4, SMS, SRSF6, FAM174C",2.3529504037270734e-05,1.9176400899887085,14,9,0.4788544774055481,14.062300682067871
4771,SMIM12,"SMIM12, POC1B, HMG20A, DBI, ZNF277",0.0025068725759708863,5.352476596832275,0,1,-0.6401189565658569,10.125750541687012
4772,ARHGEF12,"ARHGEF12, DIP2B, RRP36, TRAPPC1, PDLIM1",0.012994168604582763,13.001349449157715,1,6,-0.33695313334465027,12.683937072753906
4773,SEPTIN6,"SEPTIN6, PPP1R18, ZMYM2, BLVRB, AP1S2",0.0004578449327252264,3.9702725410461426,2,8,-0.3417859673500061,9.875739097595215
4774,CEP57,"CEP57, CCDC127, FECH, GRAMD1A, PPP2CA",7.941207612578873e-05,1.9009724855422974,33,9,1.3506778478622437,11.30649471282959
4775,C6ORF120,"C6ORF120, SNUPN, FLYWCH2, USP46, MTG1",0.004989235251902949,5.611210823059082,4,5,3.7905025482177734,9.312860488891602
4776,NISCH,"NISCH, YEATS2, SNX14, SNTB2, ZBTB7A",0.0001911772203028247,2.7248518466949463,13,6,-1.0294780731201172,13.886972427368164
4777,SUMO2,"SUMO2, CLIC1, ARPC2, EIF3E, COX6A1",0.0015568688504660803,12.55237102508545,7,4,3.249258279800415,11.942509651184082
4778,UBAP2,"UBAP2, CBL, SUPT20H, DCTN4, ARFIP1",0.001450986082298362,3.9972991943359375,2,0,0.3365212380886078,14.015090942382812
4779,TOP2B,"TOP2B, LARP1, C1ORF122, VDAC2, COA1",0.006601006278455994,7.092297077178955,20,4,4.08713960647583,10.844204902648926
4780,UNK,"UNK, RABIF, MLST8, EFHC1, TMEM134",0.007970619492625461,11.481621742248535,0,3,-3.3131461143493652,10.800896644592285
4781,GLS,"GLS, SMDT1, C19ORF53, NDUFA13, PSMD4",0.002523539307997286,5.483364582061768,0,1,0.5482548475265503,10.274954795837402
4782,XRCC2,"XRCC2, WDHD1, RANBP1, ACTR2, PCNX3",2.156871203416484e-05,4.306227207183838,15,1,0.718879222869873,12.495054244995117
4783,RHOC,"RHOC, GPCPD1, TRPM7, WBP1, TAF10",0.01076082651304515,7.9182024002075195,58,3,2.420964241027832,13.101668357849121
4784,EMC2,"EMC2, PRKCSH, TEX261, PTS, SOCS4",0.02808148267248107,5.9742231369018555,0,5,3.7711117267608643,9.359419822692871
4785,TYMS,"TYMS, TFDP2, MCUB, UQCRQ, WASF2",5.9804156094729785e-05,2.9309515953063965,13,8,0.6974058151245117,12.830991744995117
4786,RPL22L1,"RPL22L1, COX7C, ISCA1, GLS, NDUFB9",4.117663206522378e-05,2.244486093521118,6,1,0.39885032176971436,12.27702522277832
4787,CCND3,"CCND3, PPP6R2, ITSN2, NRDC, FGFR1",0.00057549245291158,3.4756054878234863,23,1,-1.7226091623306274,10.458046913146973
4788,NDUFS7,"NDUFS7, CARHSP1, NABP1, TAF1, LMAN2",0.0029862862207302773,5.197948932647705,0,3,0.7431387901306152,10.283638954162598
4789,CLPX,"CLPX, WDR46, FARSA, MCM2, CPSF2",0.0016147122145577042,25.779205322265625,17,7,4.268407821655273,8.62624454498291
4790,MOV10,"MOV10, TMEM192, FH, HRAS, FBXO25",0.00014117702422362442,3.1411471366882324,2,6,-1.1339311599731445,14.081134796142578
4791,RAPGEF6,"RAPGEF6, IER5, MGAT1, ASAH1, ARFGEF1",0.012887305440413492,6.086425304412842,6,9,1.5944976806640625,12.858448028564453
4792,HSP90AB1,"HSP90AB1, ERGIC3, RPL17, NAA38, IMPDH2",0.012233381307377675,5.585704803466797,6,3,-0.21936281025409698,9.713634490966797
4793,MYC,"MYC, NOP58, MRPL2, PRKRA, NFU1",0.0036882497578421877,9.380812644958496,20,1,-1.7658214569091797,12.724579811096191
4794,RUNX1,"RUNX1, IMPDH2, RSRP1, HERC4, CHURC1",0.00214902803540406,3.768057346343994,19,6,-1.2458715438842773,13.077522277832031
4795,ELOC,"ELOC, SBDS, ANP32A, NIFK, RFXANK",0.016823595386648574,7.106265068054199,20,4,4.4852166175842285,11.17223834991455
4796,BTBD1,"BTBD1, GDF11, HDAC8, MED1, RAB5IF",0.0020872630873062245,6.850492477416992,1,6,-2.136643409729004,11.378739356994629
4797,SFT2D2,"SFT2D2, GDI2, SMC4, TRMT112, YIPF4",7.549049211957694e-05,2.5037524700164795,10,1,1.031941533088684,11.738040924072266
4798,ARL6IP5,"ARL6IP5, ELOC, BCKDHA, LSM5, EIF2S3",0.0007794148212345931,3.104614019393921,0,1,-1.0771962404251099,12.699453353881836
4799,PHACTR4,"PHACTR4, STAG1, UQCRB, WDR6, CD99",0.003104914136918184,5.02879524230957,0,4,3.150055170059204,12.031614303588867
4800,DBI,"DBI, UQCR11, EIF4B, MACF1, ARPC2",0.007840226824418919,12.015016555786133,1,4,3.457176685333252,12.011792182922363
4801,NME4,"NME4, PSMA5, RAB5IF, NDUFB5, EIF4H",0.006941203690994866,8.78455638885498,7,4,4.404698848724365,11.604698181152344
4802,SRSF9,"SRSF9, SMCHD1, ABCC5, USP1, SCAND1",4.0196236063670835e-05,2.384962797164917,5,9,0.9739663600921631,11.927962303161621
4803,DOHH,"DOHH, HEATR5A, CIC, TMEM214, METTL14",0.0211069455174334,12.333877563476562,1,3,-3.253591299057007,12.124346733093262
4804,SRPRA,"SRPRA, DAD1, IGF1R, ELF2, ARL4A",0.006823556170808513,3.2292122840881348,4,4,3.160867691040039,12.228290557861328
4805,LMAN2,"LMAN2, TOB2, TMEM161B, TMEM129, SIN3B",0.023286365828885602,9.89132308959961,1,5,4.060438632965088,9.564288139343262
4806,SEPTIN9,"SEPTIN9, NDUFS8, TRAF7, RSAD1, ZFX",0.00010882395617237714,2.425445318222046,0,1,1.0317405462265015,12.883037567138672
4807,FAM177A1,"FAM177A1, PPIF, KLC1, ANAPC1, GLOD4",0.00012941227220498905,2.895339250564575,10,3,-0.04690394923090935,14.614900588989258
4808,MTF1,"MTF1, HINT3, ENDOG, VAT1, MACROD1",0.014660841807222774,9.5900239944458,3,6,-3.0435431003570557,12.28976821899414
4809,SCCPDH,"SCCPDH, PRPF18, GLMN, NPEPPS, DDX49",0.0021853026874615196,4.252049922943115,1,6,-0.14165237545967102,12.637262344360352
4810,C2ORF68,"C2ORF68, SYNGR2, UBE2Q2, ARL8B, HDAC7",0.0003941191926242848,2.8571252822875977,0,9,1.9074715375900269,13.637869834899902
4811,MGAT5,"MGAT5, UQCC3, KDELR2, STAT3, BRWD1",0.004108839642508402,9.008675575256348,1,0,-0.2941425144672394,11.543818473815918
4812,FGFR1,"FGFR1, VPS53, MGAT1, RABEP1, KIDINS220",0.019816744379389722,6.698917388916016,1,9,0.051614534109830856,14.685378074645996
4813,DUSP22,"DUSP22, USE1, ALMS1, ZFX, MIIP",0.028053051188436033,7.401926517486572,0,9,3.0126705169677734,9.758129119873047
4814,ZNF292,"ZNF292, ASAH1, BACH1, TNFAIP8, ZNF148",0.006315711042004086,4.434821605682373,9,4,3.030761480331421,12.20905590057373
4815,MAGOHB,"MAGOHB, CDKN1B, PLSCR1, CUL3, ATP6V0E1",0.006152965305746297,12.561203956604004,31,3,-0.3433936536312103,11.059296607971191
4816,CHD4,"CHD4, TMEM131, RPL27A, PTMA, REPIN1",0.00010294158016305947,2.5224320888519287,9,8,1.8886216878890991,13.54951000213623
4817,RABEP2,"RABEP2, PREP, BRK1, NR2C2AP, RDH14",0.010762787305048255,9.700996398925781,0,6,-0.020739838480949402,10.31118106842041
4818,EXOSC8,"EXOSC8, NDUFA7, TK1, EIF4G1, SRSF7",0.0027941286044259,5.60484504699707,21,6,-1.2301429510116577,10.608077049255371
4819,ARF4,"ARF4, RAB7A, SSR3, MPHOSPH8, OSTC",0.007696108612190636,15.401554107666016,29,0,-1.7604275941848755,10.21471118927002
4820,POLQ,"POLQ, ATAD2, SRPK1, PGAM5, VIRMA",0.0002156871203416484,27.222017288208008,3,7,4.342820644378662,8.930588722229004
4821,ARL13B,"ARL13B, KIAA1191, TOP3A, SDHAF3, RCC1",0.011404946686065436,10.310978889465332,0,3,-3.236527919769287,10.466687202453613
4822,THAP1,"THAP1, CREB3, CERS5, RNF19A, RBMXL1",0.007596108220032235,7.561332702636719,1,6,1.0364307165145874,9.959737777709961
4823,UTP6,"UTP6, DNM1L, FASN, PPP2CA, METAP2",0.007351009219643999,12.645503997802734,18,3,-3.638437271118164,11.352861404418945
4824,FAM120B,"FAM120B, MYH9, SEPTIN9, WASHC2C, RBM39",0.01439025251079416,16.081220626831055,3,1,-0.589745044708252,11.39461612701416
4825,MGAT5,"MGAT5, AHCYL1, SUMO1, ATF6, USP22",0.000707845913121228,3.116978645324707,23,9,-0.6398229002952576,12.903109550476074
4826,EPC1,"EPC1, GLUL, TAOK1, FLNA, CIAO2B",0.015677512460833178,13.38794994354248,4,6,-0.7956215739250183,11.773486137390137
4827,HIPK3,"HIPK3, MAD2L2, CDC27, DNPH1, LARP1",0.015053980603845505,7.303844928741455,26,4,4.538212299346924,11.24228572845459
4828,TACC1,"TACC1, SETD5, POU2F1, PET100, RBM3",0.004707861599457253,9.083633422851562,6,0,-1.076176643371582,10.3579740524292
4829,CUX1,"CUX1, TMEM161A, ZMYM6, POLR3H, TEDC1",0.013037306028651092,8.298113822937012,0,9,1.1643404960632324,10.561824798583984
4830,CEP95,"CEP95, AAMDC, IQCB1, PNKP, RANBP1",0.012894168212424362,6.7873640060424805,1,5,3.327505111694336,10.103572845458984
4831,CENPF,"CENPF, PTTG1, KRT10, TGFB1, ATP5F1C",0.006900027058929643,8.737252235412598,28,4,4.067776203155518,11.650020599365234
4832,MAP3K20,"MAP3K20, NRDC, DUSP11, STMP1, TECR",0.01348534700136079,6.472384929656982,3,4,4.0452375411987305,11.574870109558105
4833,POLB,"POLB, DHRS7B, TBC1D22A, CANT1, STAM2",0.01820203216483202,8.242898941040039,0,1,-0.005281556397676468,10.14975357055664
4834,RNF20,"RNF20, BECN1, RXRB, PLA2G12A, MIGA1",0.009194153702563539,14.237295150756836,1,6,-2.7351505756378174,11.813678741455078
4835,MAP4K5,"MAP4K5, CACUL1, ARPC4, BCAP31, PPP2R5A",0.016721634202487068,5.578611373901367,0,6,0.5750056505203247,12.316448211669922
4836,COQ9,"COQ9, GDF11, PCBD2, PRRC1, ZBED5",0.0069970862630833845,4.631124019622803,0,9,2.619349956512451,10.317733764648438
4837,ROMO1,"ROMO1, ACTR3, SETD5, ASAH1, RWDD1",0.0005911787889364272,2.856456756591797,2,3,1.4548993110656738,14.034615516662598
4838,DCAF6,"DCAF6, EXOC6, HMGN3, STAT1, ATP6AP2",0.005673551660986906,9.920405387878418,3,6,-2.32635498046875,11.787732124328613
4839,CRTAP,"CRTAP, CERT1, RTTN, CCDC92, ARL6IP6",0.007316695359589645,5.313274383544922,3,6,-0.15539154410362244,12.706968307495117
4840,SCAMP3,"SCAMP3, FLOT1, MAP3K7, NSMCE1, TMEM70",0.00024509900038823684,2.455362319946289,1,6,-0.8363657593727112,13.071261405944824
4841,SAE1,"SAE1, RAP1A, NOSIP, SRSF2, UTP15",0.0036755046098219993,8.64478874206543,1,0,-2.1714894771575928,12.0316801071167
4842,MBD6,"MBD6, FAM91A1, NFYB, SACM1L, RAB5B",0.009981411691810556,8.837348937988281,0,6,0.0008640610612928867,10.209095001220703
4843,ATP6V0A1,"ATP6V0A1, PSMB6, CHURC1, SIRT1, GPR107",0.00024313820838513093,2.725998878479004,1,6,0.1494651883840561,10.2214994430542
4844,GRN,"GRN, ANKRD12, TNFAIP8L1, CIRBP, GPATCH8",0.010041215847905285,10.367781639099121,1,3,1.0919744968414307,13.367422103881836
4845,SH2B1,"SH2B1, SRSF9, MMS19, PDCD4, FRA10AC1",0.009580429727175401,7.278146266937256,0,1,-0.2683779299259186,10.347575187683105
4846,RNMT,"RNMT, DSTN, BIRC2, RAB3GAP1, NSMCE4A",0.0031529535409942785,5.157108783721924,10,6,-0.36944448947906494,10.541886329650879
4847,ANLN,"ANLN, KLHL21, ASAH1, FBXO38, GRK6",0.002309812979658744,3.1076819896698,11,4,2.8285841941833496,11.68018913269043
4848,COMMD5,"COMMD5, USP22, PGGT1B, OAZ2, RMND5A",0.00815689473292052,10.822174072265625,1,6,-2.327218532562256,11.91305923461914
4849,EIF4G2,"EIF4G2, NT5C, PTS, UBA52, DYNLL2",0.0001245102921972243,2.399867296218872,11,6,-1.1503396034240723,13.83891487121582
4850,CNPY3,"CNPY3, TRMT112, STXBP5, CYB5A, SPTBN1",0.0019970666551633537,4.744966983795166,30,0,-0.003053192049264908,11.626823425292969
4851,DDX11,"DDX11, ZBTB21, INIP, SEC16A, VPS13A",0.0050951180200706665,6.109809875488281,3,6,-2.5793261528015137,12.473807334899902
4852,UTP18,"UTP18, RNF40, ZWINT, SCARB1, PHF12",0.010297099204310605,13.704883575439453,0,3,-3.326122283935547,10.47457218170166
4853,GPATCH4,"GPATCH4, SLC25A1, RUVBL1, IPO5, VDAC1",0.006981399927058538,9.254036903381348,19,5,4.380537986755371,10.685471534729004
4854,NOP2,"NOP2, PMM2, GPKOW, KIFC1, LAMP2",0.007982384244644097,7.687866687774658,3,1,0.2070862203836441,10.170130729675293
4855,NCSTN,"NCSTN, SLC25A24, PGRMC2, EMC2, NAA60",0.004528449131173063,5.681183815002441,0,0,2.899928092956543,9.272994041442871
4856,CCDC91,"CCDC91, ZNF609, CMSS1, CHCHD1, RAD21",0.00016274573625778925,3.268791675567627,2,6,0.3696598410606384,11.944365501403809
4857,ACO2,"ACO2, TSEN34, CDC123, MPP1, RAP2C",4.509821607143557e-05,2.582444190979004,2,6,0.621454119682312,12.228278160095215
4858,FRYL,"FRYL, ANKRD11, TCF25, BRI3, NIPBL",0.0038607994541155063,6.698902130126953,4,1,1.0408563613891602,10.58117389678955
4859,RPL29,"RPL29, RHOA, CIRBP, NIN, RPS26",0.004157859442586049,5.891584873199463,4,8,-0.5909814834594727,10.100225448608398
4860,BIVM,"BIVM, C16ORF87, TRMT1L, KCTD3, THOC5",0.010722591068984584,8.785841941833496,1,6,-2.737640142440796,12.266682624816895
4861,NAF1,"NAF1, NDUFAB1, MRPL16, TANGO2, MRPS12",0.0055313942407617285,7.808383941650391,0,4,3.954075574874878,11.735085487365723
4862,MT-ND4L,"MT-ND4L, CALM2, HSP90AA1, COX5B, ARPC1B",5.1960988082306205e-05,3.6485815048217773,1,8,0.06566065549850464,12.418390274047852
4863,NSD3,"NSD3, ITSN2, PIM3, ATP6AP2, USP33",0.00867552421774203,14.067657470703125,8,6,-1.347461223602295,12.095833778381348
4864,AFMID,"AFMID, MTRES1, NOL11, ZBTB11, STX17",0.00638335836611124,11.398237228393555,9,5,4.203970432281494,9.431266784667969
4865,COA8,"COA8, ZNF830, NR2C2, PDCD7, PGLS",0.004990215647904502,7.732914924621582,4,0,-2.8130438327789307,10.57777214050293
4866,NUDCD3,"NUDCD3, ARPC1B, UGCG, HSPA8, CENPM",0.0020686355632767188,5.086602210998535,2,0,-0.5546331405639648,9.850728988647461
4867,SLU7,"SLU7, TAF1, MRPL10, UBAP1, PPP6C",0.00035980533256993165,2.435145854949951,0,0,1.8110686540603638,10.587584495544434
4868,GNA12,"GNA12, ACTR2, RWDD1, MKI67, TLE4",0.007915717316538496,5.44658088684082,0,6,0.16322442889213562,10.232677459716797
4869,COMMD2,"COMMD2, UBE2Q2, SLC2A4RG, RUVBL1, ABCC4",0.0023196169396742733,3.672373056411743,1,3,0.5100902915000916,10.8876371383667
4870,RAP1GDS1,"RAP1GDS1, LAMTOR2, RAP2B, PLSCR1, PDS5B",0.03554131584829744,9.749701499938965,1,1,0.3549470007419586,11.713146209716797
4871,ACTR3,"ACTR3, BPTF, KTN1, RBX1, PRDX5",0.0033009933372287734,5.647154331207275,22,6,0.0020139566622674465,13.569913864135742
4872,FKBP3,"FKBP3, MAT2A, DNAJC7, NDUFB2, MRPS24",0.008071600280785416,7.286306858062744,20,4,4.494352340698242,11.636927604675293
4873,DAZAP2,"DAZAP2, CD59, EPS15, NF1, KANSL1",0.017524578527758933,4.274261474609375,7,4,3.0057573318481445,12.307024002075195
4874,BNIP3,"BNIP3, IFNGR2, YAF2, MGST3, SMC5",0.000614708292973698,4.56702184677124,12,3,-0.8442954421043396,13.39136028289795
4875,RBL2,"RBL2, FBXO11, ARPP19, ARHGDIA, PDAP1",0.0003774524605978847,3.4978489875793457,9,6,0.625360906124115,13.325919151306152
4876,LGALS1,"LGALS1, OAZ1, RPL36A, RPL22, RPL4",0.0009627488735249942,12.324460983276367,2,8,-0.09536264836788177,8.709268569946289
4877,HBS1L,"HBS1L, DCLRE1C, UROS, DPM3, FUNDC1",0.009306899242742129,14.133359909057617,0,3,-3.0621047019958496,10.233277320861816
4878,SNRNP70,"SNRNP70, EXOSC5, ZNF512, EIF2B4, SDHAF1",4.607861207298852e-05,2.5146000385284424,0,3,0.8110631108283997,12.33861255645752
4879,MTX2,"MTX2, SURF1, GON4L, PREP, STX10",7.058851211181221e-05,2.546867609024048,11,1,-0.8058089017868042,13.305950164794922
4880,RNF7,"RNF7, TMEM123, SLC25A5, TUFM, GGCT",2.6470692041929576e-05,3.025017738342285,0,8,-0.797611653804779,13.260848045349121
4881,CCDC138,"CCDC138, GMFB, HBS1L, PRCC, BIRC2",0.008211796909007486,7.149258613586426,1,5,3.7164440155029297,9.100798606872559
4882,MCL1,"MCL1, ARPC3, FLNB, PCNX1, ARPC1B",0.011771614790646237,13.434532165527344,9,0,-0.11748527735471725,10.589892387390137
4883,NDUFS4,"NDUFS4, HUWE1, PSMF1, RBM5, ELP4",0.00875199510586316,4.681124210357666,24,4,3.0149588584899902,11.082860946655273
4884,LRP10,"LRP10, OSBPL9, AMD1, SPPL3, CNOT2",0.004386291710947886,4.977993965148926,1,9,1.5304235219955444,12.625325202941895
4885,COX6C,"COX6C, HMGN2, SOX4, PPP1R15A, NOP53",0.001229416585947396,13.953628540039062,11,8,-0.056012313812971115,8.715087890625
4886,RPL23A,"RPL23A, RPS6, RPL10, B2M, RPL41",0.0003921584006211789,17.56131935119629,0,8,0.20232722163200378,9.157200813293457
4887,GADD45GIP1,"GADD45GIP1, DUS1L, COX4I1, AASDH, PHF20L1",0.004325507158851603,5.878397464752197,0,4,4.361067295074463,11.200326919555664
4888,MPZL1,"MPZL1, SNAPC2, USP7, SLC16A1, RLIM",0.0014029466782222676,3.981219530105591,0,6,-1.1330584287643433,14.04772663116455
4889,MIS18BP1,"MIS18BP1, ZNF770, POLE, MRPL4, MRPL40",4.0196236063670835e-05,2.379469633102417,17,5,4.020203113555908,9.507143020629883
4890,CCT5,"CCT5, CHML, SF3B1, ZDHHC3, MTRR",2.450990003882368e-05,2.552567481994629,5,8,4.307734966278076,8.837821006774902
4891,GRK2,"GRK2, RNF13, ARL4A, MYH9, ASCC3",0.008192188988976428,9.431852340698242,12,4,2.253854513168335,11.592926979064941
4892,RAB29,"RAB29, RAB8B, NSMCE3, METTL15, SCARB2",0.018959878274032445,9.689770698547363,4,8,-0.21042931079864502,9.21711540222168
4893,GNB2,"GNB2, CDC42SE1, TOMM5, SLC38A1, CCT6A",0.0006068651249612743,3.313913345336914,18,3,1.5868308544158936,12.876254081726074
4894,TMEM50A,"TMEM50A, CDK13, PPP1R18, GEMIN4, SRSF5",0.01660888866230848,12.455906867980957,6,5,1.128057599067688,11.341885566711426
4895,HNRNPD,"HNRNPD, CCT3, SRSF5, TRAPPC3, ERCC1",0.004294134486801909,6.772853374481201,13,5,3.6184592247009277,10.327775955200195
4896,POLR3D,"POLR3D, LPCAT3, SELENOO, CASP2, TRIM52",0.015079470899885882,10.704475402832031,0,6,-2.5156490802764893,12.593520164489746
4897,ATP6AP2,"ATP6AP2, OSTF1, PKN1, PSMB2, TOMM22",0.0073588523876564225,4.770886421203613,7,9,1.1104017496109009,11.789261817932129
4898,VPS53,"VPS53, CREBBP, SUCLG2, ANKRD26, RB1",0.01271377534813862,3.9260904788970947,12,4,3.051389694213867,11.293084144592285
4899,BRPF1,"BRPF1, TSEN15, METTL14, NFS1, CDCA4",0.005063745348020973,6.313955307006836,0,5,3.517632484436035,9.165807723999023
4900,MED30,"MED30, PDSS2, TFRC, TMOD3, GDI1",0.00015588296424691862,2.9320180416107178,1,3,-0.5627018213272095,13.89034652709961
4901,CIAO2A,"CIAO2A, TRIM13, IKBKB, BTF3L4, SRP14",0.010781414829077761,12.905996322631836,0,0,-1.0368479490280151,10.54786491394043
4902,FAM133B,"FAM133B, ZFR, CIT, SF3B2, GOLGB1",0.0040735453864524955,7.206462383270264,0,3,1.142478346824646,13.580293655395508
4903,MRPS9,"MRPS9, MRPS22, VDAC1, EIF3J, NTHL1",0.0012127498539209957,3.214406728744507,9,5,3.380059242248535,9.997634887695312
4904,INTS13,"INTS13, KDM2B, SFI1, GTPBP8, PKD1",0.014482409734940136,7.284689903259277,1,6,-2.3235838413238525,11.970280647277832
4905,HSPA14,"HSPA14, FAHD1, GMEB1, VTA1, WRNIP1",0.009764744175467355,6.4348931312561035,0,6,-2.533078670501709,12.021188735961914
4906,ADAM10,"ADAM10, FBXW11, ITGB1, CDC42SE1, RBIS",0.012195145863317111,5.260334014892578,16,4,2.480881929397583,11.811796188354492
4907,DDX23,"DDX23, APAF1, DPF2, NFE2L1, NRM",0.002608833760132393,6.283849239349365,16,1,-1.957397222518921,10.663293838500977
4908,CRK,"CRK, RHOT2, SMC4, PGS1, CNST",0.011153965309667882,4.665251731872559,6,5,3.2589149475097656,9.723777770996094
4909,UBE2D3,"UBE2D3, HSBP1, SHMT2, FKBP1A, CSNK1A1",0.0005892179969333213,2.5153355598449707,4,4,1.1741048097610474,12.001042366027832
4910,AP3M1,"AP3M1, DOHH, DCAF12, MPRIP, ATP13A1",0.0033549151173141857,7.160365581512451,4,6,-3.0762581825256348,12.483607292175293
4911,EIPR1,"EIPR1, C6ORF62, UBA6, VTI1B, RABGGTB",0.00018921642829971882,2.3629508018493652,3,9,0.9929506182670593,11.670293807983398
4912,PFAS,"PFAS, SCLY, PALB2, PGAM5, DNAJC25",0.0066696339985647,6.381415843963623,0,4,3.069345712661743,11.245559692382812
4913,NMT1,"NMT1, RCC2, TFAM, ARL1, ARL8A",0.00019902038831524829,3.727951765060425,5,8,0.6723772287368774,13.474448204040527
4914,MGST3,"MGST3, TKT, CNN2, CLK3, NDUFB4",0.00023921662437891914,3.196669340133667,16,8,0.15700621902942657,11.973587989807129
4915,GOLGA1,"GOLGA1, THAP3, JMJD8, FADD, ZNF346",0.005404923156561398,6.366223335266113,0,6,0.25561851263046265,10.559479713439941
4916,PIK3C3,"PIK3C3, KDM4B, WASHC4, STX10, UBE2D1",0.0025382452480205804,4.36962366104126,15,3,0.5977714657783508,12.930960655212402
4917,DDX23,"DDX23, SP1, HMG20A, TXN, ING1",0.002749030388354464,8.654457092285156,6,1,-1.8762015104293823,11.020844459533691
4918,BLVRB,"BLVRB, ERBIN, NCOR1, KDELR2, PI4KA",0.007888266228495014,14.092704772949219,18,1,-1.6962343454360962,10.190295219421387
4919,LRP10,"LRP10, ADRM1, SECISBP2L, TCP1, TMBIM4",0.000743140169177134,3.0091395378112793,3,9,1.678585171699524,13.8654203414917
4920,SIL1,"SIL1, ZFC3H1, ATP6V1B2, NSRP1, RAB14",0.005882376009317684,6.2185845375061035,6,5,4.121511459350586,10.528679847717285
4921,<SPECIAL>,"<SPECIAL>, HMGCS1, LAPTM4B, SLC20A1, SLC19A1",0.001059808077678736,71.57733917236328,4,2,3.772613286972046,10.154473304748535
4922,ABHD2,"ABHD2, EIF4A2, ERGIC3, RUNX1, RPN2",0.006363750446080181,6.164004802703857,13,4,1.9037820100784302,10.774186134338379
4923,NUMA1,"NUMA1, DNAJC8, ETS2, IER5, RNF13",0.012252008831407183,5.6021270751953125,10,9,0.4356066882610321,12.021322250366211
4924,PDXK,"PDXK, MRPL14, TOMM5, PSMD7, LAPTM4B",1.8627524029506e-05,1.6252528429031372,0,5,3.3837006092071533,9.421027183532715
4925,RPUSD3,"RPUSD3, KLHDC4, ADO, SSH1, HILPDA",0.010116706340024862,12.461921691894531,0,6,-2.20169997215271,11.509150505065918
4926,EPB41,"EPB41, OXSR1, BCKDHB, GPANK1, GSTO1",0.010281412868285758,9.924772262573242,2,3,-0.6711869239807129,11.910889625549316
4927,NPLOC4,"NPLOC4, ASCC2, FASTKD5, ZBTB24, TRMT13",0.005501001964713587,5.115655422210693,0,3,0.25240224599838257,14.127049446105957
