ctrl_idx_local,cell_idx_global,cell_barcode,UMI_count,mitopercent
0,281203,AAACCCAGTATGCGGA-18-k562,19701.0,0.12704939
1,281299,AAACGAAAGCCGCTTG-7-k562,11159.0,0.06819607
2,281302,AAACGAAAGCGCATCC-33-k562,10873.0,0.14007173
3,281389,AAACGAAGTGAGCTCC-9-k562,12122.0,0.06104603
4,281502,AAACGCTAGTGCGACA-5-k562,14635.0,0.089716434
5,281560,AAACGCTGTACTTCCC-42-k562,2899.0,0.03794412
6,281630,AAACGCTTCGATGCTA-16-k562,11224.0,0.104151815
7,281756,AAAGAACCAGGTTTAC-40-k562,18630.0,0.06881374
8,281791,AAAGAACGTGAATGTA-26-k562,18099.0,0.10011603
9,281802,AAAGAACGTGTTTGCA-17-k562,13669.0,0.11185895
10,281943,AAAGGATCAGTCAGTT-34-k562,12831.0,0.13935001
11,282042,AAAGGATTCTAACGCA-1-k562,9745.0,0.07839918
12,282046,AAAGGATTCTATCGGA-1-k562,9315.0,0.09983897
13,282311,AAAGGTACAAAGACTA-12-k562,16323.0,0.11976965
14,282337,AAAGGTACAGCTACCG-10-k562,16405.0,0.09539775
15,282353,AAAGGTACATTCAGGT-12-k562,23451.0,0.05530681
16,282429,AAAGGTATCGTCTCAC-5-k562,15758.0,0.118352585
17,282433,AAAGGTATCTAGAACC-32-k562,13185.0,0.085020855
18,282477,AAAGTCCAGGCTTTCA-40-k562,19945.0,0.086237155
19,282511,AAAGTCCCAAGCTCTA-2-k562,16262.0,0.10982659
20,282574,AAAGTCCGTCTAGATC-13-k562,13423.0,0.10467108
21,282708,AAAGTGACAAATCGTC-8-k562,12674.0,0.074641
22,282941,AAATGGACAGAGTAAT-10-k562,17852.0,0.13130182
23,283081,AAATGGATCTGTCCGT-33-k562,19726.0,0.106711954
24,283171,AACAAAGCAGACCAGA-9-k562,14299.0,0.102174975
25,283232,AACAAAGGTGTCATCA-43-k562,10992.0,0.09661572
26,283389,AACAACCCAGGCAATG-9-k562,14791.0,0.12737475
27,283552,AACAAGAAGTGCACTT-30-k562,5191.0,0.17164323
28,283577,AACAAGACACTTTATC-16-k562,15852.0,0.09998738
29,283733,AACACACAGTAGCAAT-6-k562,20225.0,0.07377008
30,283754,AACACACCACAGCGCT-44-k562,16513.0,0.11076122
31,283908,AACAGGGAGATAGCAT-44-k562,24784.0,0.10046805
32,284005,AACAGGGCAGTGCCTG-25-k562,5603.0,0.084776014
33,284267,AACCAACGTTCCATTT-34-k562,30268.0,0.103607774
34,284298,AACCAACTCGCATTGA-28-k562,15691.0,0.09170862
35,284399,AACCACACAGGCACAA-14-k562,23048.0,0.122136414
36,284726,AACCCAAAGCTGTTAC-42-k562,16243.0,0.1267623
37,284751,AACCCAAAGTGGACGT-4-k562,15054.0,0.11584961
38,284753,AACCCAAAGTTACGTC-1-k562,6168.0,0.12726977
39,284822,AACCCAAGTCGGCTAC-27-k562,9389.0,0.12440089
40,284835,AACCCAAGTTGGCTAT-22-k562,15480.0,0.1253876
41,284933,AACCTGACAAAGGGCT-31-k562,12723.0,0.12261259
42,284957,AACCTGACAGACGCTC-11-k562,22163.0,0.09709877
43,284996,AACCTGAGTATGGTTC-47-k562,14457.0,0.08279726
44,285072,AACCTGATCGGTGCAC-4-k562,19751.0,0.0582249
45,285079,AACCTGATCTCGTGAA-35-k562,13203.0,0.118154965
46,285083,AACCTGATCTGGGCGT-16-k562,14480.0,0.12071823
47,285379,AACGAAAGTCATCGGC-18-k562,16050.0,0.13308412
48,285456,AACGGGAAGAACCGCA-47-k562,7036.0,0.117111996
49,285596,AACGGGAGTTATTCTC-29-k562,9996.0,0.09643857
50,285626,AACGGGATCCTAGCCT-13-k562,14008.0,0.110436894
51,285656,AACGGGATCTGCAGCG-29-k562,11786.0,0.10945189
52,285670,AACGTCAAGACCAGCA-12-k562,20601.0,0.15484685
53,285827,AACGTCATCAAGAGTA-39-k562,15554.0,0.12909862
54,285917,AACTTCTCAATTGCAC-44-k562,15451.0,0.104459256
55,285928,AACTTCTCACTCGATA-2-k562,9965.0,0.113697946
56,286526,AAGACTCCAATAGTGA-36-k562,12767.0,0.11678546
57,286585,AAGACTCGTGACGTCC-25-k562,8258.0,0.15657544
58,286638,AAGACTCTCTCATTTG-25-k562,8494.0,0.114080526
59,286648,AAGACTCTCTTGATTC-43-k562,16730.0,0.08565451
60,286728,AAGATAGCATCCGGCA-43-k562,12874.0,0.111853346
61,287149,AAGCCATCATGGCACC-31-k562,16613.0,0.071570456
62,287161,AAGCCATGTACGCTTA-6-k562,11421.0,0.101129495
63,287207,AAGCCATTCAACTCTT-16-k562,10385.0,0.11429947
64,287349,AAGCGAGGTACGTGTT-10-k562,9432.0,0.12044105
65,287568,AAGCGTTGTTGACGGA-39-k562,22609.0,0.12105799
66,287812,AAGGAATGTTTGGCTA-25-k562,13916.0,0.09851969
67,287830,AAGGAATTCCATTCAT-40-k562,22315.0,0.09486892
68,288127,AAGTACCCAAAGGTTA-24-k562,18649.0,0.1890718
69,288217,AAGTACCGTCTGCATA-44-k562,10766.0,0.11034739
70,288236,AAGTACCGTTCGGCCA-37-k562,14604.0,0.13434675
71,288375,AAGTCGTCAGAGTTCT-25-k562,15263.0,0.1078425
72,288408,AAGTCGTGTATCGAAA-31-k562,8271.0,0.099020675
73,288522,AAGTGAAAGCTATCTG-32-k562,8540.0,0.06428572
74,288554,AAGTGAACAAGAGGTC-38-k562,24807.0,0.08783811
75,288762,AAGTTCGCACGTCGTG-36-k562,11206.0,0.11484919
76,288774,AAGTTCGCAGTGTGCC-3-k562,19332.0,0.08586799
77,288882,AATAGAGAGAAACCAT-11-k562,16724.0,0.121203065
78,288891,AATAGAGAGAGGCGTT-43-k562,10400.0,0.12653846
79,288896,AATAGAGAGATGTAGT-43-k562,18491.0,0.076956354
80,288910,AATAGAGAGCGTTACT-6-k562,14838.0,0.108303
81,288993,AATAGAGGTCAGACGA-2-k562,10186.0,0.10023562
82,289214,AATCACGGTTTGAACC-5-k562,16741.0,0.112418614
83,289219,AATCACGTCACACGAT-9-k562,13655.0,0.089124866
84,289241,AATCACGTCCTAGCCT-43-k562,13335.0,0.11196101
85,289249,AATCACGTCTAGCAAC-6-k562,11928.0,0.09389672
86,289288,AATCGACAGGGCGAAG-8-k562,13988.0,0.09636831
87,289295,AATCGACAGGTGCTGA-6-k562,21511.0,0.0933011
88,289391,AATCGACGTCACCGCA-47-k562,16358.0,0.13962588
89,289393,AATCGACGTCACGTGC-9-k562,22942.0,0.08473542
90,289396,AATCGACGTCCCTGTT-16-k562,16101.0,0.10856468
91,289428,AATCGACTCCATAAGC-2-k562,9735.0,0.079609655
92,289779,AATGAAGGTACAAAGT-13-k562,9713.0,0.107072994
93,289789,AATGAAGGTATGGTAA-18-k562,16099.0,0.15733896
94,289835,AATGAAGTCATTGTGG-33-k562,13433.0,0.14538822
95,289903,AATGACCAGCTATCCA-37-k562,24966.0,0.109068334
96,289913,AATGACCAGGGTCAAC-19-k562,22724.0,0.087396584
97,290093,AATGCCAAGGATGGCT-27-k562,11489.0,0.13125598
98,290134,AATGCCACAGTCTCTC-43-k562,12370.0,0.12910266
99,290172,AATGCCAGTGCTATTG-11-k562,18961.0,0.08881388
100,290344,AATGGAAGTGAGCAGT-28-k562,16923.0,0.08467766
101,290405,AATGGAATCGGATTAC-33-k562,22039.0,0.07486728
102,290441,AATGGCTAGGCGATAC-43-k562,13519.0,0.13011317
103,290494,AATGGCTCAGCCTACG-18-k562,20341.0,0.11115481
104,290674,AATTCCTCAACTTGCA-10-k562,10742.0,0.09560603
105,290707,AATTCCTCATTCCTCG-11-k562,17197.0,0.11298482
106,290787,AATTCCTTCCACGTAA-40-k562,14552.0,0.11668499
107,290814,AATTCCTTCGCTCTAC-20-k562,20429.0,0.124479905
108,291630,ACACAGTAGCTGACTT-8-k562,15259.0,0.102038145
109,291647,ACACAGTAGTCCCGAC-43-k562,13687.0,0.081318036
110,291777,ACACAGTTCCCAGGAC-17-k562,17694.0,0.088561095
111,291803,ACACAGTTCTCCAATT-39-k562,14510.0,0.13845624
112,291943,ACACCAAGTGTCATCA-33-k562,12340.0,0.1054295
113,291976,ACACCAATCCTTCGAC-38-k562,6768.0,0.054521278
114,292073,ACACGCGCAGCTAACT-32-k562,19410.0,0.07614632
115,292148,ACACGCGGTTTACCAG-24-k562,12397.0,0.098894894
116,292267,ACACTGACACTCTGCT-43-k562,15151.0,0.0912811
117,292787,ACAGCCGTCTCGGCTT-2-k562,17033.0,0.0767334
118,292802,ACAGGGAAGAGTACCG-8-k562,17141.0,0.090018086
119,292839,ACAGGGACAAGGTCAG-7-k562,13940.0,0.10581062
120,292981,ACATCCCAGACATGCG-25-k562,26004.0,0.11840486
121,293137,ACATCCCTCCATTGCC-11-k562,21594.0,0.07219598
122,293147,ACATCCCTCGATCCAA-26-k562,10724.0,0.114789255
123,293159,ACATCCCTCTGAGTCA-29-k562,17828.0,0.08542742
124,293210,ACATCGAAGTCTCTGA-20-k562,12311.0,0.12021769
125,293373,ACATGCAAGATTGGGC-22-k562,12197.0,0.122981064
126,293510,ACATGCAGTTTCCCAC-17-k562,16570.0,0.11351841
127,293529,ACATGCATCCTGGGTG-45-k562,15215.0,0.09674663
128,293566,ACATGCATCTTCCACG-15-k562,17595.0,0.13367434
129,293733,ACATTTCTCTCAGAAC-37-k562,18662.0,0.0808595
130,293934,ACCAAACTCGTGGAAG-28-k562,11325.0,0.05907285
131,294164,ACCACAAAGTGAGCCA-31-k562,10727.0,0.09713806
132,294169,ACCACAAAGTGTTCAC-18-k562,22599.0,0.09819019
133,294366,ACCATTTAGTTAGTGA-48-k562,12598.0,0.120812826
134,294559,ACCCAAAAGTTTGGCT-25-k562,17656.0,0.07510195
135,294590,ACCCAAACAGGCGTTC-1-k562,11105.0,0.08977938
136,294597,ACCCAAACATACATCG-3-k562,12156.0,0.103734784
137,294669,ACCCAAATCCAACCAA-8-k562,16741.0,0.087449975
138,294722,ACCCTCAAGACTTCCA-31-k562,16220.0,0.1365598
139,294796,ACCCTCACACTGTCGG-11-k562,18108.0,0.10608571
140,294803,ACCCTCACAGCTAACT-24-k562,3884.0,0.16271885
141,294955,ACCCTTGAGTTAGTAG-12-k562,28961.0,0.11674321
142,295000,ACCCTTGCATGACGAG-46-k562,8729.0,0.13621262
143,295063,ACCCTTGTCACTCCGT-38-k562,14114.0,0.07269378
144,295104,ACCCTTGTCTACACAG-32-k562,10240.0,0.08427735
145,295257,ACCGTTCTCACATCAG-9-k562,9151.0,0.11725494
146,295308,ACCTACCAGAGGCGGA-8-k562,29778.0,0.10124925
147,295349,ACCTACCCAATACCCA-38-k562,16167.0,0.11010082
148,295481,ACCTACCTCTGAGATC-8-k562,11552.0,0.12257618
149,295484,ACCTACCTCTTACTGT-6-k562,12995.0,0.09819161
150,295510,ACCTGAAAGCTACAAA-17-k562,14931.0,0.10180162
151,295567,ACCTGAACACTGTCCT-40-k562,34857.0,0.100582376
152,295726,ACCTGTCCAACCGTAT-40-k562,12723.0,0.077654645
153,295874,ACCTGTCTCTTTGGAG-9-k562,13942.0,0.10385884
154,295910,ACGATCAAGTATTGCC-37-k562,18703.0,0.11233492
155,295985,ACGATCAGTGAGGCAT-38-k562,14164.0,0.11352725
156,296140,ACGATGTCAGCTCTGG-4-k562,25877.0,0.0777138
157,296172,ACGATGTGTCACTTAG-18-k562,8379.0,0.15168874
158,296193,ACGATGTGTTCTTCAT-35-k562,8342.0,0.068928316
159,296308,ACGCACGCAAGCACAG-38-k562,21762.0,0.11823362
160,296487,ACGGAAGCACGCACCA-36-k562,8967.0,0.1303669
161,296603,ACGGAAGTCTGCATAG-40-k562,22666.0,0.075090446
162,296609,ACGGGTCAGAAACTCA-29-k562,15470.0,0.109049775
163,296686,ACGGGTCCAGGCGATA-27-k562,13082.0,0.108622536
164,296832,ACGGTCGAGCGAACTG-38-k562,8397.0,0.14588544
165,296883,ACGGTCGCAGAATCGG-18-k562,17993.0,0.112654924
166,296913,ACGGTCGGTAATGATG-14-k562,17686.0,0.113705754
167,296952,ACGGTCGGTTTACCAG-39-k562,16483.0,0.10489596
168,296958,ACGGTCGTCAAGCTTG-45-k562,21527.0,0.10600641
169,297020,ACGGTTAAGCGTTCAT-41-k562,20065.0,0.11069026
170,297054,ACGGTTAAGTCTAACC-23-k562,13543.0,0.14738241
171,297061,ACGGTTAAGTTCCGGC-44-k562,12756.0,0.08396049
172,297096,ACGGTTACAGTAACCT-32-k562,8387.0,0.09896268
173,297116,ACGGTTAGTACTGGGA-28-k562,7710.0,0.09260701
174,297208,ACGTAACAGAAGGATG-25-k562,12926.0,0.10823147
175,297313,ACGTAACGTGATATAG-23-k562,26109.0,0.060438927
176,297361,ACGTAACTCGATACTG-16-k562,13487.0,0.065767035
177,297608,ACGTAGTAGGTTTGAA-31-k562,17989.0,0.07782534
178,297694,ACGTAGTGTGATCATC-12-k562,11677.0,0.1303417
179,297772,ACGTCCTAGAGCGACT-14-k562,14142.0,0.0877528
180,297894,ACGTCCTGTCACATTG-13-k562,29547.0,0.11280333
181,298071,ACGTTCCCAGCCTACG-43-k562,19376.0,0.102239884
182,298086,ACGTTCCCATGGACAG-12-k562,20230.0,0.094513096
183,298127,ACGTTCCGTGTCATTG-41-k562,10637.0,0.13819686
184,298162,ACGTTCCTCATCAGTG-26-k562,12530.0,0.091939345
185,298237,ACTACGAAGTGGCAGT-32-k562,9900.0,0.089696966
186,298262,ACTACGACACGTCGTG-16-k562,10118.0,0.11573433
187,298356,ACTACGATCTAACACG-32-k562,9488.0,0.080628164
188,298411,ACTATCTAGTTGCGAG-18-k562,18121.0,0.107830696
189,298414,ACTATCTCAAAGGCGT-7-k562,13752.0,0.08544212
190,298470,ACTATCTGTAGTGATA-25-k562,8507.0,0.10685318
191,298615,ACTATGGCAACAACAA-5-k562,15471.0,0.12442634
192,298743,ACTATGGTCTTTACAC-29-k562,14316.0,0.082215704
193,299012,ACTCCCACACCTGAAT-13-k562,24720.0,0.08563916
194,299130,ACTCCCATCGAGAAGC-6-k562,11470.0,0.07925022
195,299137,ACTCCCATCGTAACTG-7-k562,19658.0,0.07849222
196,299165,ACTCTCGAGATACGAT-1-k562,15602.0,0.07011922
197,299181,ACTCTCGAGCTTCTAG-47-k562,9060.0,0.16898455
198,299256,ACTCTCGGTAATGTGA-16-k562,17513.0,0.08108263
199,299265,ACTCTCGGTAGGTCAG-28-k562,9151.0,0.10938695
200,299423,ACTGATGCATAGCACT-10-k562,16246.0,0.068878494
201,299542,ACTGCAAAGCACCCAC-38-k562,16330.0,0.096815675
202,299655,ACTGCAAGTCTGATAC-19-k562,15772.0,0.10055795
203,299665,ACTGCAAGTTACCTGA-46-k562,12216.0,0.12516372
204,299678,ACTGCAATCACACGAT-11-k562,13877.0,0.10773222
205,299679,ACTGCAATCACAGTGT-37-k562,20253.0,0.098108925
206,299742,ACTGTCCAGCAAATCA-36-k562,11559.0,0.10191193
207,299818,ACTGTCCCAGCGGTTC-28-k562,9413.0,0.12429619
208,299821,ACTGTCCCAGGCTCTG-17-k562,25792.0,0.1019696
209,300062,ACTGTGAGTGACATCT-41-k562,15972.0,0.10850238
210,300232,ACTTAGGCATACCACA-45-k562,5939.0,0.09782792
211,300235,ACTTAGGCATCGAGCC-6-k562,11638.0,0.1237326
212,300280,ACTTAGGGTTAGGGAC-6-k562,12536.0,0.1056956
213,300309,ACTTAGGTCCAGCAAT-8-k562,13669.0,0.094886236
214,300352,ACTTATCAGACTTAAG-8-k562,13066.0,0.13118017
215,300407,ACTTATCCAAGACGAC-5-k562,17626.0,0.1043345
216,300441,ACTTATCCAGGTTCGC-30-k562,13313.0,0.0893112
217,300533,ACTTATCTCGCTAAAC-6-k562,12640.0,0.111787975
218,300534,ACTTATCTCGCTAATG-35-k562,16608.0,0.10615366
219,300544,ACTTATCTCGTGGTAT-6-k562,17559.0,0.082407884
220,300553,ACTTATCTCTTCTGGC-36-k562,22838.0,0.14038007
221,300589,ACTTCCGAGTACCATC-47-k562,10104.0,0.1209422
222,300680,ACTTCCGGTGACCTGC-19-k562,15028.0,0.12124035
223,300763,ACTTCCGTCTTGCAAG-48-k562,13031.0,0.09600184
224,301010,ACTTTCACAAATGGTA-21-k562,8940.0,0.118344516
225,301013,ACTTTCACAATCGCGC-48-k562,14767.0,0.108011104
226,301050,ACTTTCACATGGAACG-46-k562,14773.0,0.093481354
227,301096,ACTTTCAGTTTGTTGG-12-k562,17875.0,0.09605595
228,301147,ACTTTGTAGAGTATAC-15-k562,19653.0,0.10151122
229,301190,ACTTTGTAGTCTTCCC-30-k562,14980.0,0.08731642
230,301253,ACTTTGTCATTCACAG-43-k562,11406.0,0.11537787
231,301339,ACTTTGTTCCCATTCG-13-k562,12258.0,0.088758364
232,301387,AGAAATGAGCATGTTC-33-k562,19090.0,0.12388685
233,301476,AGAAATGCATCCTTCG-39-k562,17975.0,0.089235045
234,301685,AGAACAACATTACGGT-10-k562,16431.0,0.0898302
235,301757,AGAACAATCCCAAGCG-30-k562,29435.0,0.08248684
236,301817,AGAACCTAGCGTTGTT-46-k562,14573.0,0.13065258
237,301863,AGAACCTCACTGGACC-48-k562,20509.0,0.106294796
238,302021,AGAAGCGAGGACTGGT-5-k562,14717.0,0.11510498
239,302062,AGAAGCGCACGTGTGC-2-k562,9244.0,0.106880136
240,302141,AGAAGCGTCATTCACT-3-k562,11450.0,0.14873363
241,302257,AGAAGTACACTAACGT-37-k562,14478.0,0.17744164
242,302293,AGAAGTAGTACACGTT-6-k562,20887.0,0.09335951
243,302372,AGAAGTATCTCTCGAC-13-k562,13712.0,0.092327885
244,302384,AGACAAAAGAATTGCA-4-k562,13357.0,0.11185146
245,302572,AGACACTAGCCTTGAT-42-k562,17194.0,0.08886821
246,302643,AGACACTCATGGAACG-35-k562,13727.0,0.10679682
247,302722,AGACACTTCCTACCGT-6-k562,20832.0,0.09096582
248,302970,AGACCATAGGTGCGAT-22-k562,31717.0,0.08052464
249,302989,AGACCATCAATACAGA-43-k562,21733.0,0.09616712
250,303284,AGACCCGTCATTATCC-1-k562,15618.0,0.06966321
251,303374,AGACTCACACAGTATC-11-k562,15319.0,0.08701612
252,303427,AGACTCAGTGACTCTA-23-k562,14483.0,0.115790926
253,303444,AGACTCAGTTGGGATG-45-k562,12705.0,0.15545061
254,303592,AGAGAATGTACGGGAT-46-k562,13421.0,0.12562402
255,303626,AGAGAATGTTGCATCA-17-k562,21560.0,0.11456401
256,303656,AGAGAATTCGATCCAA-27-k562,18263.0,0.08952527
257,303690,AGAGAGCAGATCCCGC-45-k562,19865.0,0.11190536
258,303737,AGAGAGCCACCAGACC-30-k562,16253.0,0.09161386
259,303760,AGAGAGCCAGTTCCAA-27-k562,14877.0,0.07972037
260,303811,AGAGAGCGTTCCGTTC-9-k562,21135.0,0.12609416
261,303840,AGAGAGCTCCGATGCG-42-k562,13172.0,0.12146978
262,304014,AGAGCAGTCAGAGCAG-15-k562,10250.0,0.14302438
263,304122,AGAGCCCCAACGGCTC-21-k562,10819.0,0.14400591
264,304198,AGAGCCCGTTAATGAG-22-k562,14987.0,0.11002869
265,304266,AGATAGAAGAGCAGTC-24-k562,12910.0,0.1070488
266,304304,AGATAGAAGTCTTCCC-19-k562,21270.0,0.092853785
267,304449,AGATAGATCGTCTCAC-11-k562,12878.0,0.14482063
268,304453,AGATAGATCTATCGCC-21-k562,17738.0,0.12103958
269,304595,AGATCCAGTGGCTGCT-4-k562,13209.0,0.09962904
270,304757,AGATCGTCATCCAATG-31-k562,13723.0,0.09414851
271,304763,AGATCGTCATTGAGCT-8-k562,14695.0,0.12990813
272,304774,AGATCGTGTCACTCGG-44-k562,10703.0,0.104082964
273,304822,AGATCGTTCCACTGAA-22-k562,14216.0,0.1370287
274,304880,AGATGAAAGGGTGAAA-22-k562,18826.0,0.075640075
275,304917,AGATGAACACATGTTG-20-k562,13643.0,0.11537052
276,305187,AGATGCTGTTCAGCGC-12-k562,17132.0,0.102206394
277,305229,AGATGCTTCGGTTCAA-33-k562,14390.0,0.07095205
278,305235,AGATGCTTCGTTACCC-5-k562,6900.0,0.07666667
279,305238,AGATGCTTCTACTGAG-42-k562,15297.0,0.11544748
280,305324,AGCATCACACTAGTAC-18-k562,13291.0,0.123767965
281,305364,AGCATCAGTATCGTAC-20-k562,12881.0,0.13376291
282,305365,AGCATCAGTATTAAGG-4-k562,16110.0,0.12836747
283,305383,AGCATCAGTGATGTAA-31-k562,9534.0,0.08286134
284,305503,AGCCAATAGTGCAGGT-24-k562,12000.0,0.14508334
285,305585,AGCCAATGTCGCCACA-39-k562,14325.0,0.08446772
286,305616,AGCCAATTCAGATGCT-36-k562,17037.0,0.1084111
287,305719,AGCCACGCACAGGATG-46-k562,15961.0,0.095420085
288,305746,AGCCACGCATGTTACG-30-k562,13313.0,0.12469015
289,305749,AGCCACGGTAACAGTA-47-k562,12097.0,0.11333388
290,305774,AGCCACGGTCGGCACT-28-k562,11673.0,0.14083783
291,305799,AGCCACGGTTCAAACC-27-k562,7368.0,0.13992943
292,306068,AGCGATTAGAAGATCT-2-k562,12153.0,0.11544475
293,306074,AGCGATTAGAGAGTGA-22-k562,13957.0,0.11349144
294,306081,AGCGATTAGATTTGCC-29-k562,17655.0,0.081903145
295,306101,AGCGATTAGGTAAGAG-23-k562,11434.0,0.13626027
296,306164,AGCGATTCAGTTCCAA-17-k562,17123.0,0.11201308
297,306381,AGCGCCAGTCGCAGTC-12-k562,14604.0,0.08997535
298,306440,AGCGCCATCCTTATCA-3-k562,17038.0,0.09678366
299,306455,AGCGCCATCTGTAACG-39-k562,19592.0,0.10698244
300,306582,AGCGCTGGTAGTTCCA-5-k562,13843.0,0.11290905
301,306649,AGCGCTGTCGGCACTG-11-k562,17769.0,0.091395125
302,306737,AGCGTATCAGGCGAAT-18-k562,10579.0,0.14472067
303,306791,AGCGTATGTTGGAGGT-25-k562,6823.0,0.10420636
304,307056,AGCTACACAGTTTGGT-36-k562,15078.0,0.09954901
305,307074,AGCTACAGTACTAACC-15-k562,15561.0,0.12724118
306,307507,AGCTTCCTCGCTTGAA-48-k562,18624.0,0.13445017
307,307643,AGGAAATGTACTTCCC-30-k562,12950.0,0.12710425
308,307714,AGGAAATTCGTGGACC-46-k562,9427.0,0.11817121
309,307768,AGGAATAAGGATATAC-17-k562,9528.0,0.093094036
310,307817,AGGAATACACTACTTT-3-k562,12275.0,0.105498984
311,307858,AGGAATAGTATGATCC-19-k562,23668.0,0.11331756
312,307883,AGGAATAGTGTGCCTG-2-k562,8642.0,0.13469104
313,307911,AGGAATATCCTGTAGA-33-k562,16200.0,0.12080247
314,307937,AGGACGAAGACGACGT-29-k562,12686.0,0.11185559
315,308099,AGGACGATCCTCGCAT-17-k562,15471.0,0.087906405
316,308225,AGGACTTGTCGCTCGA-40-k562,19994.0,0.086125836
317,308227,AGGACTTGTCGGCACT-17-k562,13507.0,0.12119642
318,308273,AGGACTTTCATCGCCT-26-k562,9970.0,0.12647943
319,308497,AGGAGGTTCGCAACAT-44-k562,23371.0,0.11257541
320,308679,AGGATAATCCGAGCTG-10-k562,19464.0,0.11883477
321,308752,AGGATCTAGTCATACC-34-k562,19571.0,0.11772521
322,308908,AGGCATTAGAAAGTCT-44-k562,22603.0,0.073308855
323,309070,AGGCATTTCCGAGATT-48-k562,15442.0,0.100569874
324,309143,AGGCCACAGTGCACTT-5-k562,18071.0,0.103425376
325,309168,AGGCCACCACCTGCTT-31-k562,9982.0,0.11831296
326,309311,AGGCTGCAGCGTGTTT-26-k562,18777.0,0.096394524
327,309487,AGGGAGTAGACTTGTC-1-k562,12004.0,0.08405531
328,309495,AGGGAGTAGATTTGCC-9-k562,14101.0,0.094035886
329,309531,AGGGAGTAGTTACTCG-42-k562,12230.0,0.099100575
330,309605,AGGGAGTGTGGGCTTC-3-k562,13105.0,0.09782526
331,309673,AGGGCCTAGAGGTGCT-38-k562,16275.0,0.117296465
332,309772,AGGGCCTGTATGTGTC-16-k562,13416.0,0.12738521
333,309811,AGGGCCTTCCAACCAA-37-k562,15860.0,0.10510719
334,309851,AGGGCTCAGAGAGCAA-8-k562,18625.0,0.08166443
335,309902,AGGGCTCCACGTGAGA-26-k562,18829.0,0.08322269
336,309972,AGGGCTCTCAAACCCA-14-k562,16523.0,0.11614113
337,310052,AGGGTCCAGGCATGCA-14-k562,14749.0,0.095938705
338,310077,AGGGTCCAGTTTCAGC-35-k562,24663.0,0.14710295
339,310091,AGGGTCCCAACTGTGT-34-k562,18075.0,0.14047027
340,310204,AGGGTCCTCCGGCAAC-8-k562,10671.0,0.059132226
341,310338,AGGGTGAGTCGGCTAC-30-k562,13870.0,0.09365537
342,310591,AGGGTTTGTTGCATCA-41-k562,18662.0,0.08568213
343,310608,AGGGTTTTCATGCAGT-46-k562,20281.0,0.09728317
344,310629,AGGGTTTTCGGTAGAG-6-k562,11420.0,0.13362522
345,310742,AGGTAGGCATGACAGG-12-k562,21460.0,0.07656104
346,310859,AGGTCATAGAGTCAAT-4-k562,16299.0,0.10288975
347,310885,AGGTCATAGTACTGGG-7-k562,13832.0,0.11437247
348,310942,AGGTCATGTACGTTCA-1-k562,7681.0,0.09126416
349,311023,AGGTCATTCTTTGCAT-34-k562,13129.0,0.0977226
350,311102,AGGTCTACAGCGTAGA-8-k562,15262.0,0.06218058
351,311213,AGGTCTATCTTCGTAT-29-k562,19093.0,0.085423976
352,311446,AGGTTACAGTCGCCAC-45-k562,17791.0,0.06761846
353,311504,AGGTTACCATCGAACT-19-k562,17088.0,0.1252926
354,311516,AGGTTACGTACCTAGT-8-k562,11058.0,0.0902514
355,311595,AGGTTACTCTCATTGT-45-k562,29529.0,0.101459585
356,311970,AGTAACCTCGGCTGAC-28-k562,19997.0,0.08366255
357,312003,AGTACCAAGCCATTTG-43-k562,10234.0,0.09927692
358,312033,AGTACCAAGTCATGCT-11-k562,11291.0,0.13692321
359,312078,AGTACCACATGAGATA-28-k562,11664.0,0.096107684
360,312088,AGTACCAGTAACGGTG-44-k562,39240.0,0.124108054
361,312121,AGTACCATCAAGAGTA-28-k562,9017.0,0.08373073
362,312306,AGTACTGGTCTGTTAG-37-k562,21081.0,0.09027086
363,312348,AGTACTGTCATCTATC-6-k562,19407.0,0.092080176
364,312475,AGTAGCTCATGCGGTC-23-k562,13883.0,0.12893467
365,312511,AGTAGCTGTGCTGTCG-36-k562,16709.0,0.07516907
366,312555,AGTAGCTTCGGACGTC-3-k562,16462.0,0.13692139
367,312630,AGTAGTCCAATCTCTT-26-k562,14925.0,0.086164154
368,312809,AGTCAACAGGGATCGT-9-k562,16830.0,0.10695187
369,313036,AGTCACACAAGCCCAC-7-k562,11891.0,0.08636784
370,313078,AGTCACAGTAACTTCG-8-k562,10684.0,0.09238113
371,313321,AGTCATGTCCCGATCT-10-k562,10630.0,0.13254939
372,313368,AGTCTCCAGAGTGTGC-5-k562,19142.0,0.082332045
373,313455,AGTCTCCCATACAGGG-37-k562,17334.0,0.071593404
374,313597,AGTGACTCAATACAGA-26-k562,9328.0,0.13400514
375,313714,AGTGACTTCTGTTGGA-38-k562,18096.0,0.087146334
376,313731,AGTGATCAGCGTCTCG-15-k562,14606.0,0.10043818
377,314035,AGTGCCGGTCATGACT-17-k562,9780.0,0.16155419
378,314426,AGTTAGCTCACCCTTG-1-k562,14598.0,0.090149336
379,314481,AGTTCCCAGCCTCTGG-37-k562,10690.0,0.10411599
380,314501,AGTTCCCAGGTACCTT-7-k562,22704.0,0.08791403
381,314735,AGTTCGACACAACATC-45-k562,18688.0,0.1286387
382,314794,AGTTCGAGTCTAACGT-18-k562,13829.0,0.13782631
383,314872,ATACCGAAGACATACA-35-k562,19060.0,0.10047219
384,314963,ATACCGACATAGGTTC-41-k562,12485.0,0.11077293
385,315018,ATACCGAGTGTAGCAG-35-k562,17408.0,0.14654182
386,315439,ATACTTCTCTCTATGT-41-k562,18862.0,0.09702046
387,315660,ATAGAGAAGACTTAAG-35-k562,22752.0,0.11418776
388,315662,ATAGAGAAGAGCACTG-36-k562,12454.0,0.115384616
389,315833,ATAGAGATCGTCGCTT-20-k562,8049.0,0.1495838
390,315966,ATAGGCTGTCTTACAG-1-k562,13706.0,0.05866044
391,316026,ATAGGCTTCTAAGAAG-29-k562,15310.0,0.11613324
392,316430,ATCACAGTCTTTGATC-13-k562,14216.0,0.10030951
393,316434,ATCACGAAGAATGTTG-47-k562,14607.0,0.07783939
394,316501,ATCACGACAGAGGGTT-37-k562,16096.0,0.11431412
395,316738,ATCACTTGTAGTCACT-7-k562,10915.0,0.103435636
396,316793,ATCACTTTCATCGACA-21-k562,18082.0,0.08682668
397,316859,ATCAGGTAGCGAGTCA-27-k562,9662.0,0.107845165
398,317010,ATCAGGTTCCATGATG-16-k562,14192.0,0.11513529
399,317145,ATCATTCCAGCTTCCT-7-k562,24759.0,0.11753302
400,317179,ATCATTCGTCAGCTTA-23-k562,16565.0,0.12097797
401,317231,ATCATTCTCCATTGGA-37-k562,17147.0,0.10176707
402,317372,ATCCACCCAGTTGCGC-10-k562,11106.0,0.14190528
403,317524,ATCCATTAGTGGCGAT-44-k562,13516.0,0.10742823
404,317581,ATCCATTGTATGGTAA-20-k562,21270.0,0.1790315
405,317595,ATCCATTGTCTTACAG-16-k562,11470.0,0.10505667
406,317767,ATCCCTGGTATGTGTC-19-k562,12341.0,0.10088324
407,318198,ATCCTATTCGAAGTGG-34-k562,19555.0,0.101559706
408,318202,ATCCTATTCGCAGAGA-7-k562,15786.0,0.1009122
409,318238,ATCGATGAGAGGTGCT-27-k562,13439.0,0.07738671
410,318258,ATCGATGAGGACAACC-31-k562,9025.0,0.108919665
411,318330,ATCGATGGTAGGATAT-27-k562,10073.0,0.09182964
412,318579,ATCGCCTTCATTTGTC-16-k562,21783.0,0.10246523
413,318678,ATCGGATCAAGCTCTA-2-k562,10274.0,0.09470508
414,318850,ATCGGCGAGTAGAATC-43-k562,17497.0,0.11510545
415,318905,ATCGGCGCATTGAGGG-48-k562,11424.0,0.14311975
416,318936,ATCGGCGGTCTACGAT-6-k562,22211.0,0.09243168
417,318965,ATCGGCGTCAAGCGTT-46-k562,12908.0,0.12635575
418,319027,ATCGTAGAGCCTTTCC-17-k562,20506.0,0.081732176
419,319138,ATCGTAGGTGGGAGAG-21-k562,11362.0,0.09619785
420,319289,ATCGTCCCACTCACTC-39-k562,17595.0,0.10161978
421,319431,ATCGTGAAGCGACAGT-30-k562,8091.0,0.098380916
422,319547,ATCGTGAGTCCTTAAG-36-k562,12575.0,0.102584496
423,319610,ATCGTGATCTCTTAAC-20-k562,12842.0,0.10426725
424,319704,ATCTCTACACGTAGAG-6-k562,11834.0,0.10402231
425,319812,ATCTCTATCCTCCACA-16-k562,11067.0,0.09731635
426,319853,ATCTTCAAGCTAATCC-7-k562,11286.0,0.111199714
427,319904,ATCTTCACACTGGACC-33-k562,16763.0,0.095329
428,320060,ATGAAAGAGGATACAT-3-k562,11232.0,0.088141024
429,320070,ATGAAAGAGGGTCACA-19-k562,13876.0,0.07977803
430,320137,ATGAAAGCATGACGGA-3-k562,23660.0,0.08026204
431,320211,ATGAAAGTCGGTCATA-6-k562,16129.0,0.13106826
432,320373,ATGACCATCAAGTCTG-9-k562,13501.0,0.08799348
433,320465,ATGAGGGAGGGACACT-43-k562,14976.0,0.13187768
434,320629,ATGAGGGTCTCATTAC-18-k562,20819.0,0.10034104
435,320666,ATGAGTCAGGGCATGT-33-k562,12130.0,0.092333056
436,320749,ATGAGTCGTCAGGAGT-29-k562,10893.0,0.11842468
437,320906,ATGATCGCAACAAGAT-42-k562,16675.0,0.10350825
438,320952,ATGATCGCATCTCATT-5-k562,17632.0,0.09289927
439,320991,ATGATCGGTGTAAATG-6-k562,10837.0,0.14099844
440,321004,ATGATCGTCAAGGCTT-12-k562,12803.0,0.12731391
441,321135,ATGCATGCAATGGCCC-17-k562,12347.0,0.10779946
442,321173,ATGCATGCATGCCATA-24-k562,13898.0,0.09742409
443,321211,ATGCATGGTGTAACGG-37-k562,13246.0,0.08447833
444,321362,ATGCCTCCAGCCGTTG-41-k562,13380.0,0.11113603
445,321596,ATGCGATGTAATGTGA-9-k562,14331.0,0.14618659
446,321740,ATGGAGGAGTCGAAGC-15-k562,18290.0,0.09857846
447,321774,ATGGAGGCACTGAATC-10-k562,12724.0,0.10224772
448,321903,ATGGATCAGAGGATCC-13-k562,13123.0,0.08725139
449,322004,ATGGATCGTAGTATAG-19-k562,18190.0,0.10439802
450,322073,ATGGATCTCGACACCG-17-k562,16490.0,0.11352335
451,322101,ATGGGAGAGAATAACC-22-k562,10621.0,0.10507485
452,322180,ATGGGAGCATACCACA-15-k562,17751.0,0.09852966
453,322297,ATGGGTTAGCATCTTG-25-k562,6907.0,0.13594903
454,322408,ATGGGTTTCACCTCAC-42-k562,11538.0,0.13633212
455,322501,ATGGTTGAGTAGACAT-19-k562,12868.0,0.14213553
456,322508,ATGGTTGAGTGGATTA-22-k562,12906.0,0.13869518
457,322741,ATGTCCCCAGTAGTTC-43-k562,20708.0,0.09580839
458,322907,ATGTCTTAGGGCAACT-28-k562,10640.0,0.10968045
459,322928,ATGTCTTCAACATACC-31-k562,9628.0,0.12515579
460,322930,ATGTCTTCAACCTAAC-17-k562,11690.0,0.08751069
461,323112,ATTACCTAGGATCATA-24-k562,13063.0,0.1078619
462,323123,ATTACCTAGTAAGCAT-45-k562,8453.0,0.11924761
463,323153,ATTACCTCACATAGCT-38-k562,32309.0,0.086229846
464,323302,ATTACTCAGCATTGTC-22-k562,18646.0,0.099002466
465,323611,ATTATCCGTTGCTCAA-37-k562,24754.0,0.086167894
466,323689,ATTCACTAGCCTCTGG-25-k562,14764.0,0.0888648
467,323724,ATTCACTCAACTGAAA-27-k562,15933.0,0.100294985
468,323736,ATTCACTCAATGTGGG-31-k562,13981.0,0.060796797
469,323760,ATTCACTCAGGACGAT-42-k562,9948.0,0.121330924
470,323783,ATTCACTGTAGATGTA-23-k562,15482.0,0.13602893
471,323826,ATTCACTTCAGCCTTC-20-k562,13910.0,0.1465133
472,323938,ATTCAGGCACCCAAGC-45-k562,22739.0,0.11376929
473,323965,ATTCAGGGTAATACCC-19-k562,14827.0,0.12200715
474,324178,ATTCATCGTGGCTACC-32-k562,13311.0,0.07888213
475,324337,ATTCCATGTAGATTAG-40-k562,14012.0,0.1423066
476,324380,ATTCCATTCAAGATAG-43-k562,19069.0,0.10829094
477,324426,ATTCCCGAGAAATCCA-43-k562,13831.0,0.1280457
478,324521,ATTCCCGCAGGACTAG-42-k562,15834.0,0.09062776
479,324700,ATTCCTACACTGCGTG-31-k562,8720.0,0.11961009
480,324709,ATTCCTACAGTCGGAA-23-k562,18714.0,0.109009296
481,324889,ATTCGTTCACGCACCA-46-k562,14652.0,0.063199565
482,324925,ATTCGTTGTACAAGTA-14-k562,8224.0,0.08742704
483,324935,ATTCGTTGTATACGGG-16-k562,6159.0,0.1529469
484,325157,ATTCTACGTGTCTTAG-10-k562,12763.0,0.108986914
485,325547,ATTGGGTCACGACGAA-27-k562,9014.0,0.09818061
486,325637,ATTGGGTTCGCTAGCG-43-k562,21745.0,0.08829616
487,325730,ATTGTTCCAATATCCG-45-k562,13075.0,0.100420654
488,325762,ATTGTTCCATTAGGCT-18-k562,11381.0,0.08197874
489,326288,ATTTCTGAGTGTGTTC-13-k562,19006.0,0.10680838
490,326360,ATTTCTGGTAGTTACC-24-k562,12067.0,0.13565923
491,326524,CAAAGAACACACCGCA-8-k562,12311.0,0.11518154
492,326545,CAAAGAACATGGCACC-43-k562,15380.0,0.08563069
493,326825,CAACAGTAGAAATTGC-41-k562,23279.0,0.11826109
494,327074,CAACCAACACTTGACA-16-k562,16074.0,0.09929078
495,327172,CAACCAATCCCGATCT-22-k562,25907.0,0.09472343
496,327179,CAACCAATCGGTGTTA-36-k562,16344.0,0.120533526
497,327259,CAACCTCCACGCCAGT-46-k562,30345.0,0.12964244
498,327381,CAACCTCTCTGTCGCT-11-k562,9223.0,0.106581375
499,327551,CAACGATTCATTTGGG-44-k562,21691.0,0.09054446
500,327618,CAACGGCAGCCGATAG-33-k562,33766.0,0.08135402
501,327675,CAACGGCCACGGCACT-2-k562,10240.0,0.11435547
502,327824,CAAGACTAGCTCGGCT-25-k562,10985.0,0.11005917
503,327862,CAAGACTCAATGACCT-8-k562,22734.0,0.08265153
504,327903,CAAGACTGTACGCTAT-35-k562,21862.0,0.094456136
505,327935,CAAGACTGTTTACACG-24-k562,22412.0,0.082946636
506,328082,CAAGAGGGTCCCTAAA-2-k562,8222.0,0.109827295
507,328151,CAAGAGGTCGCAGTTA-19-k562,11782.0,0.103038535
508,328181,CAAGCTAAGAAGGTAG-3-k562,26459.0,0.117691524
509,328198,CAAGCTAAGGAACGTC-42-k562,11890.0,0.1098402
510,328399,CAAGGGAAGTGGTGAC-41-k562,15055.0,0.119960144
511,328567,CAATACGAGGCATTTC-37-k562,15190.0,0.11395655
512,328648,CAATACGGTAACCCGC-16-k562,15018.0,0.0880277
513,328653,CAATACGGTACGCTTA-20-k562,23367.0,0.10536227
514,328698,CAATACGTCAAACCCA-16-k562,14545.0,0.107459605
515,328761,CAATCGAAGATCACTC-10-k562,11760.0,0.10212585
516,329002,CAATGACGTAATGCTC-13-k562,17286.0,0.09041999
517,329160,CAATTTCCAGCAGGAT-3-k562,13954.0,0.09717644
518,329163,CAATTTCCAGCTTCCT-23-k562,14374.0,0.14087936
519,329252,CAATTTCTCCGGTAGC-14-k562,29292.0,0.12658747
520,329363,CACAACACATTCACCC-24-k562,22252.0,0.06691533
521,329407,CACAACATCACGAGGA-14-k562,18820.0,0.09899043
522,329469,CACACAAAGCCGTTAT-37-k562,15604.0,0.09580877
523,329568,CACACAAGTCGGAACA-17-k562,13606.0,0.1267823
524,329622,CACACAATCTCGTCGT-32-k562,10205.0,0.10289074
525,329726,CACAGATCATTGGCAT-16-k562,22187.0,0.05548294
526,329761,CACAGATGTGGTCAAG-44-k562,12493.0,0.112863205
527,329916,CACAGGCGTAGTGATA-46-k562,20933.0,0.11116419
528,329987,CACAGGCTCGACCTAA-20-k562,12809.0,0.1073464
529,330198,CACCAAAAGAGTCAGC-47-k562,7262.0,0.1016249
530,330513,CACCGTTGTGTGCCTG-33-k562,19811.0,0.091161475
531,330645,CACGAATCAACTGCCG-31-k562,12706.0,0.08547143
532,330662,CACGAATCACCTGAAT-14-k562,14636.0,0.10385351
533,330696,CACGAATCATCGTCCT-46-k562,9886.0,0.0947805
534,330891,CACGGGTGTACCTAGT-3-k562,17666.0,0.103192575
535,330892,CACGGGTGTACGGCAA-46-k562,13960.0,0.12915473
536,331048,CACGTGGCACCTCGTT-31-k562,8930.0,0.099664055
537,331106,CACGTGGGTGTGGACA-31-k562,9494.0,0.1124921
538,331127,CACGTGGTCCAACACA-44-k562,10327.0,0.12481844
539,331163,CACGTGGTCTAAGGAA-33-k562,15918.0,0.10629476
540,331239,CACGTTCCAAGGATGC-36-k562,16245.0,0.10175438
541,331486,CACTAAGGTCTTACAG-16-k562,13022.0,0.08531716
542,331527,CACTAAGTCCGATGCG-21-k562,13872.0,0.11115917
543,331631,CACTGAACAGGACATG-34-k562,12081.0,0.11414618
544,331838,CACTGGGGTCCAGTTA-29-k562,10451.0,0.1039135
545,331873,CACTGGGGTTGGCCTG-1-k562,16318.0,0.086285084
546,332012,CACTGTCGTACCGGAA-13-k562,17786.0,0.08354886
547,332070,CACTGTCTCGCCGAGT-14-k562,16219.0,0.12084592
548,332104,CACTTCGAGCTCCATA-43-k562,16002.0,0.08805149
549,332218,CACTTCGGTTAGGCTT-14-k562,11151.0,0.09138194
550,332257,CACTTCGTCGGAATTC-18-k562,18855.0,0.14579687
551,332295,CAGAGCCAGCAACAGC-23-k562,14354.0,0.104779154
552,332404,CAGAGCCGTATCAGGG-33-k562,11178.0,0.06620147
553,332411,CAGAGCCGTCCACGCA-37-k562,9434.0,0.120839514
554,332526,CAGATACAGGACGGAG-35-k562,13695.0,0.07374954
555,332538,CAGATACAGTACTCGT-8-k562,14974.0,0.066582076
556,332630,CAGATACGTGCACGCT-17-k562,15708.0,0.11459129
557,332684,CAGATACTCGTGCATA-8-k562,11653.0,0.08143826
558,332796,CAGATCAGTAACCCGC-20-k562,14617.0,0.1343641
559,332847,CAGATCAGTTAAGGAT-11-k562,12039.0,0.11255088
560,332895,CAGATCATCTCTCCGA-21-k562,11224.0,0.123039916
561,332928,CAGATTGAGGACACTG-46-k562,12558.0,0.12462176
562,333004,CAGATTGGTAGACACG-19-k562,10865.0,0.1350207
563,333139,CAGCAATAGGTGCGAT-2-k562,14088.0,0.08162975
564,333143,CAGCAATAGTCGCTAT-44-k562,20036.0,0.10800559
565,333180,CAGCAATCAGTAGAGC-13-k562,17057.0,0.1311485
566,333345,CAGCACGCAAATTGCC-18-k562,27451.0,0.07333066
567,333602,CAGCAGCGTAGGACCA-18-k562,17623.0,0.06644726
568,333603,CAGCAGCGTAGGAGGG-33-k562,11678.0,0.120054804
569,333670,CAGCAGCTCGACATAC-24-k562,15094.0,0.08321187
570,333859,CAGCCAGTCCCGATCT-40-k562,20332.0,0.12276215
571,333872,CAGCCAGTCGGAGCAA-30-k562,11955.0,0.102133
572,333961,CAGCGTGCATCTCATT-29-k562,7337.0,0.08395802
573,334051,CAGCGTGTCGCTTTAT-2-k562,9753.0,0.092176765
574,334116,CAGGCCAAGGTATCTC-34-k562,20139.0,0.09935945
575,334182,CAGGCCACAGTGGTGA-24-k562,15528.0,0.095504895
576,334302,CAGGGCTAGGAGAATG-32-k562,8760.0,0.09577625
577,334350,CAGGGCTCAGCACAGA-43-k562,20258.0,0.12829499
578,334356,CAGGGCTCATCAGTGT-40-k562,12624.0,0.09165082
579,334388,CAGGGCTGTGTCCACG-5-k562,19406.0,0.10682263
580,334571,CAGGTATGTCCTTTGC-41-k562,18851.0,0.10476898
581,334597,CAGGTATGTTAGGGAC-15-k562,20352.0,0.10062893
582,334657,CAGGTATTCTTCTCAA-23-k562,15727.0,0.10936606
583,334728,CAGTGCGCACGCTGTG-1-k562,12822.0,0.09834659
584,334749,CAGTGCGCATACCACA-46-k562,12046.0,0.1137307
585,334783,CAGTGCGGTCTAGTGT-5-k562,17718.0,0.12106332
586,334916,CAGTTAGAGTTCCAGT-10-k562,11026.0,0.08108108
587,335041,CAGTTAGTCGCCGATG-41-k562,13542.0,0.1004283
588,335064,CAGTTCCAGAAATTCG-16-k562,28075.0,0.11116652
589,335093,CAGTTCCAGGGAGGGT-25-k562,8971.0,0.108683534
590,335252,CAGTTCCTCCTAGCCT-25-k562,15417.0,0.092300706
591,335323,CATAAGCAGGTAGTCG-11-k562,17202.0,0.121148705
592,335370,CATAAGCCAGTGACCC-34-k562,20299.0,0.11276417
593,335467,CATAAGCTCTCGTCGT-29-k562,11833.0,0.056790333
594,335548,CATACAGCAGTGACCC-23-k562,15646.0,0.117601946
595,335706,CATACCCCACCAGCTG-40-k562,17794.0,0.1008767
596,335718,CATACCCCAGCCGGTT-45-k562,14313.0,0.16411653
597,335723,CATACCCCAGGATGAC-38-k562,15074.0,0.10581133
598,335964,CATACTTGTCTGTGTA-11-k562,19107.0,0.097084835
599,335997,CATACTTTCACGATAC-23-k562,19253.0,0.1264738
600,336026,CATACTTTCTCTGACC-34-k562,35293.0,0.1072734
601,336382,CATCAAGTCGTAATGC-47-k562,8343.0,0.12357665
602,336425,CATCCACAGGCCGCTT-22-k562,11537.0,0.10227962
603,336462,CATCCACCACAGCGCT-39-k562,16673.0,0.0936844
604,336467,CATCCACCACGCTGAC-24-k562,17994.0,0.041291542
605,336572,CATCCACTCGGCTTGG-14-k562,15640.0,0.08861893
606,336591,CATCCCAAGAAATCCA-26-k562,10874.0,0.11844768
607,336670,CATCCCACATACTGAC-20-k562,13098.0,0.0557337
608,336724,CATCCCAGTTTACTGG-30-k562,9030.0,0.12978959
609,336854,CATCCGTCAGTCAGCC-41-k562,13560.0,0.12853983
610,336876,CATCCGTGTAATGCGG-32-k562,5900.0,0.120847456
611,336918,CATCCGTGTTCGGTTA-7-k562,10931.0,0.123319
612,336929,CATCCGTTCAAGTGTC-11-k562,16619.0,0.09350743
613,336932,CATCCGTTCAGACTGT-12-k562,17491.0,0.1178892
614,336939,CATCCGTTCATTTGCT-47-k562,8828.0,0.0969642
615,337051,CATCGCTCAGTCAGAG-47-k562,8140.0,0.10995086
616,337062,CATCGCTCATCGAGCC-11-k562,14669.0,0.09946145
617,337071,CATCGCTCATTGCCTC-30-k562,17466.0,0.09945036
618,337134,CATCGCTTCAGAGTGG-14-k562,19092.0,0.11324115
619,337159,CATCGCTTCTGCCTGT-38-k562,17322.0,0.10414502
620,337282,CATCGGGGTGGCAACA-31-k562,10755.0,0.09688517
621,337474,CATCGTCGTACCAATC-35-k562,8445.0,0.12705743
622,337500,CATCGTCGTTCAACGT-41-k562,15017.0,0.0960911
623,337505,CATCGTCGTTCGGCTG-25-k562,8622.0,0.11203897
624,337536,CATCGTCTCGTTACCC-12-k562,15525.0,0.11491143
625,337756,CATGCAAAGTCTGCGC-4-k562,13568.0,0.10178361
626,337889,CATGCAATCCGATAAC-7-k562,18287.0,0.089954615
627,337893,CATGCAATCCTCACGT-46-k562,18353.0,0.09900289
628,337968,CATGCCTCACATAGCT-25-k562,15826.0,0.086440034
629,338119,CATGCGGAGCAGCCCT-32-k562,10548.0,0.14343952
630,338154,CATGCGGCAAACAGGC-28-k562,11216.0,0.038338087
631,338155,CATGCGGCAAAGGTTA-26-k562,14252.0,0.10209093
632,338168,CATGCGGCAATGCAGG-43-k562,16101.0,0.10968263
633,338317,CATGCTCAGGAGTCTG-6-k562,10241.0,0.114051364
634,338319,CATGCTCAGGCACGAT-25-k562,19164.0,0.08030683
635,338466,CATGCTCTCCAGTGCG-16-k562,10011.0,0.120667264
636,338503,CATGGATAGAATCGTA-8-k562,4936.0,0.120948136
637,338515,CATGGATAGATTCGCT-31-k562,10304.0,0.11995342
638,339421,CATTCTAGTGTCCGTG-19-k562,16095.0,0.11233302
639,339598,CATTGAGCATGGAACG-24-k562,25570.0,0.112553775
640,339716,CATTGCCAGGATATGT-1-k562,8018.0,0.103891246
641,339905,CATTGTTAGGGCAAGG-14-k562,16177.0,0.10255301
642,340137,CATTTCACAAATAAGC-3-k562,12830.0,0.12104443
643,340147,CATTTCACAAGGTACG-27-k562,10622.0,0.1092073
644,340152,CATTTCACAATTTCCT-34-k562,15593.0,0.12428654
645,340242,CATTTCATCACATACG-42-k562,12475.0,0.11623246
646,340247,CATTTCATCAGACATC-29-k562,25768.0,0.09469109
647,340599,CCAATGAGTCAGGAGT-28-k562,11126.0,0.10956319
648,340763,CCAATTTCAGAACTCT-38-k562,20408.0,0.10677186
649,340818,CCAATTTGTTCCCAAA-48-k562,15773.0,0.12787676
650,340890,CCACAAAAGAAGAACG-1-k562,12271.0,0.085975066
651,341165,CCACACTGTAGGAGGG-37-k562,16866.0,0.10458911
652,341189,CCACACTGTGCTGCAC-16-k562,13662.0,0.09171424
653,341468,CCACGAGAGAGGTGCT-10-k562,6289.0,0.14708221
654,341624,CCACGAGTCGTAGTGT-9-k562,11217.0,0.10323616
655,341826,CCACGTTTCTGGACTA-48-k562,19652.0,0.09128842
656,341852,CCACTTGAGCATGTTC-35-k562,21131.0,0.09355923
657,341887,CCACTTGCAACGTAAA-17-k562,15425.0,0.07850891
658,341901,CCACTTGCACAGTATC-22-k562,16302.0,0.09324009
659,342085,CCATAAGAGGTTCTTG-38-k562,15455.0,0.10902621
660,342103,CCATAAGCAAGAGGTC-43-k562,12639.0,0.09992879
661,342140,CCATAAGCATAGCTGT-42-k562,9517.0,0.08941893
662,342156,CCATAAGGTACCGTGC-27-k562,14651.0,0.07985803
663,342303,CCATCACAGTTAGTGA-38-k562,19748.0,0.079653636
664,342354,CCATCACGTATTGCCA-8-k562,8638.0,0.09898125
665,342711,CCCATTGCATCCTTCG-41-k562,15434.0,0.11170144
666,342961,CCCGAAGTCGACCACG-45-k562,23457.0,0.08121243
667,342973,CCCGAAGTCGGTAACT-15-k562,11621.0,0.09921694
668,343009,CCCGGAAAGCGGACAT-27-k562,11953.0,0.10005856
669,343252,CCCTAACCAGCCGTCA-28-k562,14149.0,0.08834547
670,343275,CCCTAACGTACTCGTA-6-k562,18431.0,0.0862677
671,343354,CCCTAACTCGGTCAGC-46-k562,17992.0,0.14989996
672,343506,CCCTCAAGTGGGCTTC-34-k562,18219.0,0.08496624
673,343572,CCCTCAATCTTCCTAA-20-k562,13828.0,0.06761643
674,343705,CCCTCTCGTGGAACCA-40-k562,14381.0,0.11897643
675,343918,CCCTGATTCAGTCAGT-6-k562,19106.0,0.08117869
676,344069,CCCTTAGGTCGTATGT-9-k562,22217.0,0.11410181
677,344202,CCGAACGCAAAGGCTG-43-k562,15034.0,0.1342956
678,344216,CCGAACGCACAAAGCG-7-k562,16862.0,0.08883881
679,344296,CCGAACGGTTCCTACC-32-k562,15169.0,0.09024985
680,344315,CCGAACGTCATGCCAA-43-k562,17014.0,0.11849065
681,344525,CCGATCTTCGCACGGT-42-k562,10185.0,0.12390771
682,344692,CCGATGGTCCATTCAT-27-k562,13998.0,0.08015431
683,344725,CCGCAAGAGAGCAACC-15-k562,20106.0,0.1071322
684,344779,CCGCAAGCAAGCGAGT-44-k562,22195.0,0.094300516
685,344934,CCGGACAAGATGTTAG-34-k562,17230.0,0.072838075
686,345023,CCGGACACATTGGCAT-44-k562,16798.0,0.121323965
687,345283,CCGGGTAGTTCGCGTG-15-k562,8026.0,0.1338151
688,345423,CCGGTAGGTAGCTTAC-20-k562,13215.0,0.11358305
689,345451,CCGGTAGGTTAGGAGC-32-k562,10448.0,0.09264931
690,345504,CCGGTAGTCTTCGATT-28-k562,6665.0,0.095573895
691,345803,CCGTAGGGTCCCTCAT-11-k562,17818.0,0.10697048
692,345855,CCGTAGGTCGAATCCA-38-k562,19865.0,0.08356406
693,345995,CCGTGAGGTACGATTC-29-k562,8159.0,0.11496507
694,346049,CCGTGAGTCAAGCTGT-26-k562,8733.0,0.11072942
695,346053,CCGTGAGTCACAGTGT-41-k562,10182.0,0.08613239
696,346594,CCTAAGAGTCTACTGA-32-k562,9468.0,0.06632869
697,346648,CCTAAGATCGGCATAT-31-k562,6925.0,0.09747292
698,346735,CCTACGTCACTGTGAT-31-k562,19060.0,0.08593914
699,346783,CCTACGTGTGGTCAAG-37-k562,10387.0,0.108982384
700,346819,CCTACGTTCCGCATAA-35-k562,17142.0,0.11638082
701,346830,CCTACGTTCGCCGAAC-46-k562,15221.0,0.1518297
702,346881,CCTATCGAGGAATGTT-8-k562,11698.0,0.111813985
703,346940,CCTATCGCATCTTCGC-17-k562,16297.0,0.1033319
704,346952,CCTATCGGTAGGCAGT-33-k562,5315.0,0.113828786
705,346977,CCTATCGGTGGCTACC-10-k562,13861.0,0.11471034
706,347212,CCTCAACTCTTGCAGA-39-k562,19665.0,0.107449785
707,347252,CCTCACAAGTCAATCC-34-k562,14755.0,0.11324975
708,347405,CCTCAGTAGAGTTCGG-32-k562,6672.0,0.07913669
709,347456,CCTCAGTCAAGTGGCA-10-k562,7129.0,0.14518166
710,347530,CCTCAGTGTCGATGCC-38-k562,14555.0,0.109034695
711,347585,CCTCAGTTCTACCTTA-20-k562,5628.0,0.17324094
712,347615,CCTCATGAGCCTCATA-27-k562,10558.0,0.092725895
713,347620,CCTCATGAGCTGAGCA-28-k562,9263.0,0.12047932
714,347911,CCTCCAAGTCTTACAG-12-k562,23686.0,0.08215824
715,348009,CCTCCTCAGCCTGACC-12-k562,16876.0,0.10506044
716,348206,CCTCTAGAGCCATATC-2-k562,11965.0,0.10288341
717,348242,CCTCTAGAGTGTAGAT-41-k562,12292.0,0.1288643
718,348354,CCTCTAGTCCTTCACG-1-k562,8373.0,0.061268363
719,348431,CCTCTCCAGTAGCAAT-28-k562,16199.0,0.109266005
720,348571,CCTCTCCTCCAACTAG-27-k562,10653.0,0.0928377
721,348803,CCTGTTGAGACAGCTG-11-k562,19396.0,0.08120231
722,348896,CCTGTTGCATGTGACT-43-k562,12142.0,0.12213803
723,348931,CCTGTTGGTGTCCCTT-20-k562,16349.0,0.115664564
724,348999,CCTTCAGAGACCCTTA-26-k562,17227.0,0.10030766
725,349167,CCTTCAGTCTGCTTTA-19-k562,11625.0,0.12894623
726,349207,CCTTGTGAGGACTGGT-15-k562,16782.0,0.102014065
727,349473,CCTTTGGCAGGCACAA-11-k562,11595.0,0.11073738
728,349483,CCTTTGGCATGCACTA-32-k562,7938.0,0.08327035
729,349816,CGAAGTTAGTATGTAG-30-k562,13904.0,0.11126295
730,349895,CGAAGTTGTGACTCTA-40-k562,16002.0,0.095863014
731,350006,CGAATTGAGTGGTTAA-10-k562,20446.0,0.09532427
732,350020,CGAATTGCAAGGTCTT-44-k562,13213.0,0.14818738
733,350207,CGACAGCCAAACTGCT-48-k562,15279.0,0.13934158
734,350250,CGACAGCCATGCAGGA-10-k562,20934.0,0.12114264
735,350361,CGAGAAGAGAACTTCC-34-k562,12512.0,0.11844629
736,350389,CGAGAAGAGGCTGTAG-7-k562,20926.0,0.10025805
737,350459,CGAGAAGGTAGGAGGG-26-k562,10618.0,0.09983048
738,350641,CGAGGAACATCGGATT-19-k562,8500.0,0.08894118
739,350643,CGAGGAACATGACTCA-47-k562,8421.0,0.11993825
740,350811,CGAGGCTCATCCTTGC-29-k562,10117.0,0.115745775
741,350960,CGAGTGCAGGTGAGCT-33-k562,16346.0,0.11311636
742,351027,CGAGTGCGTATACGGG-17-k562,11874.0,0.11529392
743,351157,CGAGTTAAGGTGGGTT-39-k562,14248.0,0.14717855
744,351241,CGAGTTAGTAGGTAGC-21-k562,31003.0,0.1679515
745,351336,CGATCGGAGAAATCCA-31-k562,9008.0,0.086367674
746,351338,CGATCGGAGACTCTTG-24-k562,13620.0,0.09353891
747,351578,CGATGCGCAAGTGTCT-12-k562,16991.0,0.058560416
748,351767,CGATGGCAGGTAGGCT-21-k562,21954.0,0.081033066
749,351957,CGCAGGTCAACTAGAA-44-k562,16920.0,0.072222225
750,352033,CGCAGGTGTCCAGGTC-27-k562,17093.0,0.12648453
751,352341,CGCATGGAGCTGAAGC-40-k562,15599.0,0.124943905
752,352361,CGCATGGAGTAGACCG-34-k562,5043.0,0.19809636
753,352362,CGCATGGAGTATGGCG-28-k562,10405.0,0.12301778
754,352432,CGCATGGGTAGTCCTA-42-k562,8807.0,0.13375723
755,352485,CGCATGGTCCGTTGGG-28-k562,10720.0,0.11725746
756,352555,CGCCAGAAGTCCCAGC-36-k562,20418.0,0.10402586
757,352604,CGCCAGAGTACGATCT-46-k562,13134.0,0.09235572
758,352658,CGCCAGATCGCCTTTG-20-k562,25613.0,0.103658296
759,352661,CGCCAGATCGTCGCTT-15-k562,7676.0,0.10369984
760,352993,CGCGTGAGTGCCGAAA-11-k562,13584.0,0.099160776
761,353039,CGCGTGATCGAGAACG-36-k562,10194.0,0.08573671
762,353709,CGGAGAACATAATGCC-28-k562,12016.0,0.0892976
763,353796,CGGAGAATCGACGTCG-32-k562,8830.0,0.096375994
764,354010,CGGCAGTTCTTTACAC-5-k562,16464.0,0.10477405
765,354058,CGGGACTAGTGGACGT-47-k562,5204.0,0.12125288
766,354099,CGGGACTCAGCTAACT-12-k562,16009.0,0.12849022
767,354125,CGGGACTGTAGACTGG-11-k562,12232.0,0.10636037
768,354148,CGGGACTGTGAACCGA-20-k562,19178.0,0.115079775
769,354152,CGGGACTGTGAGATCG-3-k562,10913.0,0.13012004
770,354200,CGGGACTTCCTCTCTT-20-k562,12475.0,0.14725451
771,354395,CGGGCATTCAGTGATC-26-k562,19815.0,0.1119354
772,354539,CGGGTCAGTAGTCACT-10-k562,8800.0,0.12159091
773,354743,CGGGTGTGTGCCTTCT-39-k562,14947.0,0.073794074
774,354840,CGGTCAGAGTACAACA-41-k562,20221.0,0.14524505
775,354911,CGGTCAGGTACACTCA-8-k562,13675.0,0.11634369
776,354980,CGGTCAGTCCATCTCG-9-k562,11648.0,0.10448146
777,355009,CGGTCAGTCTTCACGC-25-k562,10385.0,0.08878189
778,355053,CGTAAGTAGTAGGATT-35-k562,13245.0,0.13499434
779,355054,CGTAAGTAGTAGGCCA-37-k562,18989.0,0.13718468
780,355141,CGTAAGTGTGCTCTCT-28-k562,11097.0,0.11642786
781,355143,CGTAAGTGTGGCACTC-42-k562,11506.0,0.13697201
782,355204,CGTAAGTTCGTGGGAA-35-k562,19706.0,0.092408404
783,355324,CGTAATGGTCATCTAG-42-k562,10247.0,0.13438079
784,355409,CGTAATGTCTTCGACC-30-k562,11810.0,0.109060116
785,355530,CGTAGTAGTGAGAACC-5-k562,10178.0,0.13686383
786,355895,CGTCCATCAGACTGCC-43-k562,21857.0,0.13949764
787,355969,CGTCCATTCATGCCCT-13-k562,12149.0,0.091365546
788,356075,CGTGAATCAACGGCTC-31-k562,13410.0,0.09254288
789,356168,CGTGAATGTTACGGAG-30-k562,7826.0,0.12790698
790,356242,CGTGATAAGCATGTTC-5-k562,14434.0,0.109255925
791,356250,CGTGATAAGCTAGATA-17-k562,11777.0,0.09892163
792,356314,CGTGATACAGCTCCTT-13-k562,11889.0,0.07578434
793,356372,CGTGATAGTTGTCATG-23-k562,11566.0,0.14058447
794,356417,CGTGATATCGCGGACT-47-k562,5510.0,0.11506352
795,356478,CGTGCTTAGGTCGAGT-46-k562,14036.0,0.17846964
796,356510,CGTGCTTCACAAGTGG-36-k562,9644.0,0.09767731
797,356529,CGTGCTTCAGAGAAAG-42-k562,8473.0,0.09477163
798,356652,CGTGTCTAGAGTTCGG-13-k562,11790.0,0.090754874
799,356658,CGTGTCTAGCCACTCG-33-k562,6664.0,0.1122449
800,356821,CGTGTCTTCCCGAGTG-8-k562,9614.0,0.09767006
801,357034,CGTTAGATCCATCACC-44-k562,12412.0,0.12141476
802,357149,CGTTCTGCACGAAGAC-7-k562,15457.0,0.09633176
803,357193,CGTTCTGGTATCGATC-20-k562,13471.0,0.10786133
804,357447,CGTTGGGTCATATGGC-21-k562,10111.0,0.12461676
805,357467,CGTTGGGTCGAACGCC-9-k562,15516.0,0.1279969
806,357470,CGTTGGGTCGAGTCTA-45-k562,18693.0,0.088749796
807,357628,CTAACCCGTGCCGTAC-5-k562,19858.0,0.08943499
808,357665,CTAACCCTCCCGATCT-42-k562,5655.0,0.041556146
809,357753,CTAACTTAGTCTCTGA-9-k562,16939.0,0.09917941
810,357756,CTAACTTAGTTGTACC-40-k562,13037.0,0.09442356
811,357932,CTAAGTGAGCCATCCG-12-k562,16753.0,0.1362144
812,358240,CTACAGAGTGAGTTTC-33-k562,13258.0,0.17151909
813,358273,CTACAGATCATAGACC-5-k562,12879.0,0.112896964
814,358407,CTACATTGTAGTGATA-9-k562,17102.0,0.097357035
815,358432,CTACATTGTGCTAGCC-24-k562,11735.0,0.13387303
816,358544,CTACCCACAACACAGG-23-k562,17778.0,0.11621105
817,358725,CTACCTGAGTTCATCG-32-k562,7740.0,0.098966405
818,358966,CTACGGGGTCAAAGCG-41-k562,16452.0,0.093119375
819,359314,CTAGACAAGTCGTTAC-31-k562,14082.0,0.09089618
820,359368,CTAGACACATACGCAT-8-k562,12387.0,0.09921692
821,359467,CTAGACATCTAAGCCA-41-k562,16923.0,0.10606866
822,359644,CTAGGTATCCTAGAGT-3-k562,18630.0,0.11588835
823,359828,CTATAGGGTTCGAACT-24-k562,22350.0,0.102192394
824,359877,CTATAGGTCTAGTTCT-18-k562,15230.0,0.09435325
825,359978,CTATCCGCATGTTCGA-30-k562,16247.0,0.10543485
826,359996,CTATCCGGTCCAGGTC-5-k562,22857.0,0.12665704
827,360218,CTATCTAGTTCTTGCC-46-k562,12056.0,0.08327804
828,360230,CTATCTATCAGGGATG-22-k562,9531.0,0.106704436
829,360247,CTATCTATCCTGGGAC-3-k562,12149.0,0.13466129
830,360342,CTCAACCCAATCGAAA-8-k562,12227.0,0.10272348
831,360358,CTCAACCCAGCAGACA-9-k562,11266.0,0.13145748
832,360638,CTCAAGATCTAGCCTC-23-k562,22920.0,0.089179754
833,360662,CTCAATTAGAGGGTGG-8-k562,11569.0,0.12222318
834,360726,CTCAATTCAGAGTCTT-46-k562,10178.0,0.13706033
835,360978,CTCACTGTCACACCCT-46-k562,14308.0,0.101831146
836,361098,CTCAGAACAGCTCTGG-22-k562,17259.0,0.10713251
837,361110,CTCAGAACATGAAGCG-30-k562,11711.0,0.12962173
838,361170,CTCAGAATCATAGGCT-46-k562,8054.0,0.12043705
839,361465,CTCAGTCCACCCTGTT-43-k562,17312.0,0.101836875
840,361817,CTCATGCAGCCGCACT-11-k562,20071.0,0.06820786
841,362090,CTCATTAGTATCCTTT-43-k562,11643.0,0.10212145
842,362301,CTCCAACGTCCCGGTA-30-k562,14557.0,0.11953013
843,362325,CTCCAACGTTAGCTAC-32-k562,13047.0,0.08768299
844,362363,CTCCAACTCGAGAGAC-10-k562,12387.0,0.094453864
845,362378,CTCCAACTCTAAGCCA-36-k562,15651.0,0.09686282
846,362379,CTCCAACTCTACCACC-34-k562,21140.0,0.10676443
847,362468,CTCCACACAGACAATA-39-k562,19166.0,0.11035167
848,362527,CTCCACAGTGCCCTTT-24-k562,12789.0,0.085620455
849,362566,CTCCACATCAGATGCT-24-k562,13100.0,0.08564886
850,362685,CTCCATGCACTGTGTA-36-k562,14750.0,0.097152546
851,362700,CTCCATGCAGGTGACA-42-k562,13783.0,0.08343612
852,362717,CTCCATGCATTGACAC-40-k562,19690.0,0.104774
853,362724,CTCCATGGTAGAATGT-30-k562,11264.0,0.10866477
854,362731,CTCCATGGTCATAAAG-25-k562,21720.0,0.08899631
855,362733,CTCCATGGTCCCACGA-25-k562,12276.0,0.049120236
856,362813,CTCCCAAAGACGCTCC-10-k562,10684.0,0.08807563
857,362906,CTCCCAACATCTTCGC-45-k562,9589.0,0.090624675
858,362930,CTCCCAAGTCAGATTC-26-k562,14747.0,0.05899505
859,362942,CTCCCAAGTCTGTCCT-30-k562,16657.0,0.10253947
860,363035,CTCCCTCAGCACGATG-1-k562,16640.0,0.07704327
861,363196,CTCCCTCTCGTAGCCG-42-k562,11766.0,0.10691824
862,363202,CTCCCTCTCTACTCAT-17-k562,17293.0,0.1186029
863,363230,CTCCGATAGATACTGA-40-k562,4228.0,0.11991485
864,363267,CTCCGATCAAAGAACT-46-k562,17947.0,0.09645066
865,363495,CTCCTCCGTAGATCGG-16-k562,7581.0,0.061205644
866,363554,CTCCTCCTCCATGATG-16-k562,11200.0,0.10294643
867,363605,CTCCTTTAGATAGGGA-19-k562,17727.0,0.12015569
868,363766,CTCCTTTTCCACCCTA-45-k562,16830.0,0.09405823
869,363844,CTCGAGGCAAATGGAT-2-k562,10865.0,0.089369535
870,363936,CTCGAGGTCAAGATAG-16-k562,14597.0,0.10673426
871,363983,CTCTCAGAGCAACCAG-7-k562,14204.0,0.10532244
872,364018,CTCTCAGAGTATTAGG-12-k562,20866.0,0.096137255
873,364120,CTCTCAGGTTTACTTC-21-k562,12075.0,0.094824016
874,364255,CTCTCGACATGGCCAC-36-k562,12884.0,0.09003415
875,364350,CTCTCGATCGGCGATC-42-k562,9078.0,0.13075568
876,364394,CTCTGGTAGTCATCGT-24-k562,13270.0,0.09449887
877,364413,CTCTGGTCAACTGCCG-36-k562,12416.0,0.12878543
878,364600,CTGAATGAGGCTCTAT-18-k562,16851.0,0.0865824
879,364647,CTGAATGCACTGTCGG-40-k562,22027.0,0.11504063
880,364673,CTGAATGGTACGTGAG-24-k562,15585.0,0.11831889
881,364752,CTGAATGTCGGACGTC-36-k562,17188.0,0.077786826
882,364818,CTGAGCGAGTACAGAT-4-k562,9781.0,0.13505776
883,364824,CTGAGCGAGTCTGGTT-45-k562,6704.0,0.16229117
884,364874,CTGAGCGCATTCACAG-15-k562,10116.0,0.12396204
885,365009,CTGAGGCCACAAGCCC-6-k562,11564.0,0.12832929
886,365096,CTGAGGCTCAAGGAGC-15-k562,11224.0,0.11528867
887,365192,CTGATCCCAACGTAAA-46-k562,12212.0,0.07197838
888,365271,CTGATCCGTTCGGACC-31-k562,15555.0,0.08781742
889,365393,CTGCAGGCACAGGATG-47-k562,11943.0,0.14636189
890,365437,CTGCAGGGTAGTTAGA-15-k562,12383.0,0.1443915
891,365528,CTGCAGGTCTATACGG-47-k562,3302.0,0.003634161
892,365625,CTGCATCCAGAATTCC-39-k562,17153.0,0.09001341
893,365801,CTGCCATAGGTAAGTT-26-k562,12608.0,0.113420054
894,365911,CTGCCATGTGGTACAG-20-k562,11006.0,0.12465928
895,365943,CTGCCATTCCGTGCGA-38-k562,17785.0,0.085802644
896,365964,CTGCCATTCTGGCCAG-18-k562,16508.0,0.10273807
897,365969,CTGCCATTCTTTGGAG-40-k562,17337.0,0.111495644
898,366109,CTGCCTATCCATTTCA-37-k562,15165.0,0.124365315
899,366160,CTGCGAGAGGCAGCTA-3-k562,10273.0,0.1358902
900,366471,CTGCTCAGTTAGGGAC-42-k562,12752.0,0.09120138
901,366536,CTGGACGAGATCGCCC-43-k562,10025.0,0.089276806
902,366547,CTGGACGAGCGAAACC-24-k562,11514.0,0.12992878
903,366552,CTGGACGAGGAGAGTA-35-k562,12911.0,0.16892572
904,366745,CTGGCAGAGCGTGCTC-47-k562,3778.0,0.116728425
905,366801,CTGGCAGCACTTTATC-29-k562,12764.0,0.0926042
906,366899,CTGGCAGTCCATCGTC-11-k562,19817.0,0.105212696
907,366955,CTGGTCTAGCATCCCG-47-k562,11244.0,0.10787976
908,366974,CTGGTCTAGGTGATCG-29-k562,11079.0,0.097752504
909,367019,CTGGTCTCATGCCATA-3-k562,13344.0,0.113009594
910,367067,CTGGTCTGTGTGATGG-33-k562,11241.0,0.12134152
911,367103,CTGGTCTTCGATAACC-4-k562,10768.0,0.09732541
912,367188,CTGTACCCAATCAGCT-48-k562,26463.0,0.11604882
913,367262,CTGTACCGTTATGTGC-18-k562,23546.0,0.10914805
914,367281,CTGTACCTCATTTGTC-1-k562,6866.0,0.08811535
915,367303,CTGTACCTCGTTGCCT-47-k562,8902.0,0.10817794
916,367454,CTGTAGAGTTGTTTGG-38-k562,15274.0,0.12426346
917,367596,CTGTATTGTAAGATTG-19-k562,10480.0,0.13778625
918,367690,CTGTATTTCGTAGAGG-43-k562,12200.0,0.11221311
919,367756,CTGTCGTCAAACGAGC-7-k562,9031.0,0.10840438
920,367847,CTGTCGTGTTACCGTA-43-k562,9530.0,0.081532
921,367873,CTGTCGTTCATCTGTT-43-k562,16476.0,0.100024275
922,367883,CTGTCGTTCCCTCTTT-46-k562,16154.0,0.08610871
923,367991,CTGTGAACAGCGACCT-24-k562,17876.0,0.09549116
924,367999,CTGTGAACATCGGCCA-7-k562,18493.0,0.086735524
925,368511,CTTAGGAAGACACACG-2-k562,17848.0,0.08673241
926,368621,CTTAGGAGTCATCCGG-16-k562,15007.0,0.112880655
927,368749,CTTCAATAGTCGCCCA-31-k562,12491.0,0.086622365
928,368911,CTTCCGAAGCCTAGGA-11-k562,9592.0,0.10383653
929,369005,CTTCCGAGTAACAGTA-8-k562,16205.0,0.09515581
930,369096,CTTCCGATCGCTTGAA-39-k562,12467.0,0.08478383
931,369132,CTTCCTTAGCCTGAAG-31-k562,15098.0,0.119353555
932,369173,CTTCCTTCAAATTAGG-14-k562,8479.0,0.097653024
933,369202,CTTCCTTCATCCCGTT-28-k562,9451.0,0.063908584
934,369222,CTTCCTTGTAGATGTA-43-k562,14777.0,0.08695947
935,369225,CTTCCTTGTATCACCA-8-k562,13718.0,0.07005394
936,369261,CTTCCTTTCAAAGAAC-39-k562,13377.0,0.11445018
937,369266,CTTCCTTTCACTGCTC-42-k562,3272.0,0.027811736
938,369272,CTTCCTTTCCAAGAGG-41-k562,11173.0,0.07759778
939,369276,CTTCCTTTCCATCTGC-25-k562,7858.0,0.12064139
940,369392,CTTCGGTCACGTGTGC-19-k562,19903.0,0.13555746
941,369566,CTTCTAAAGTATGGCG-38-k562,23794.0,0.10645541
942,369647,CTTCTAAGTCCGTACG-6-k562,9951.0,0.09777912
943,369691,CTTCTAATCATTCGGA-45-k562,15348.0,0.09857962
944,369871,CTTCTCTGTGCCGGTT-15-k562,15690.0,0.09279796
945,369875,CTTCTCTGTGGGTATG-43-k562,10832.0,0.10210487
946,370029,CTTGAGACATCCGAAT-4-k562,14737.0,0.08054557
947,370127,CTTGAGATCTTGAACG-45-k562,13412.0,0.10512973
948,370131,CTTGATTAGACTCTAC-33-k562,13407.0,0.09830686
949,370249,CTTGATTGTGTATTGC-7-k562,10168.0,0.097757675
950,370301,CTTGATTTCTAGAGCT-18-k562,13624.0,0.14533177
951,370322,CTTTCAAAGAGAGCAA-47-k562,7425.0,0.12107744
952,370405,CTTTCAAGTATGAGGC-8-k562,9658.0,0.094843656
953,370576,CTTTCGGCAGGCGATA-20-k562,13025.0,0.12721689
954,370588,CTTTCGGCATCGTGGC-28-k562,10571.0,0.077665314
955,370816,GAAACCTGTCACTCTC-39-k562,21817.0,0.112022735
956,370817,GAAACCTGTCAGCGTC-32-k562,10582.0,0.096484594
957,370884,GAAACCTTCGACGCGT-32-k562,11566.0,0.09597095
958,370899,GAAACCTTCTCTGCCA-29-k562,11717.0,0.13143297
959,370943,GAAATGAAGGTGCTAG-1-k562,9096.0,0.11653474
960,370948,GAAATGAAGTGAACAT-28-k562,12296.0,0.105156146
961,370983,GAAATGACATGCAGGA-19-k562,14570.0,0.09025395
962,371018,GAAATGAGTCTTCGAA-15-k562,13854.0,0.13606179
963,371117,GAACACTAGCCTCTGG-46-k562,13015.0,0.104878984
964,371322,GAACGTTAGACGCCAA-11-k562,15562.0,0.12948208
965,371408,GAACGTTCATGATCTG-42-k562,12665.0,0.104303196
966,371512,GAACTGTAGCGAGTAC-33-k562,16343.0,0.10187848
967,371529,GAACTGTAGTAAGGGA-44-k562,18763.0,0.12236849
968,371537,GAACTGTAGTGAGTTA-24-k562,28350.0,0.15132275
969,371583,GAACTGTCAGGTATGG-5-k562,21585.0,0.117627986
970,371638,GAACTGTGTTACAGCT-40-k562,20342.0,0.10470947
971,371715,GAAGAATAGGCAGGGA-14-k562,21655.0,0.10214731
972,371736,GAAGAATCAAGCTCTA-16-k562,17690.0,0.07461843
973,371938,GAAGCCCCACCTCTGT-32-k562,14708.0,0.07404134
974,372147,GAAGCGACATATGGCT-14-k562,15151.0,0.09827734
975,372214,GAAGCGATCATGGATC-23-k562,11010.0,0.1400545
976,372235,GAAGCGATCGGCGATC-15-k562,8920.0,0.1396861
977,372306,GAAGGACCAAGTCATC-9-k562,14802.0,0.12565869
978,372313,GAAGGACCACACACTA-32-k562,15535.0,0.08374638
979,372379,GAAGGACGTGGAATGC-13-k562,17981.0,0.1025527
980,372422,GAAGGACTCCGCACTT-1-k562,6606.0,0.09203754
981,372442,GAAGGACTCTCGCCTA-46-k562,15484.0,0.08479721
982,372446,GAAGGGTAGAAATCCA-15-k562,15706.0,0.11715268
983,372542,GAAGGGTCATGTGTCA-48-k562,8556.0,0.12517531
984,372548,GAAGGGTGTACAGAGC-40-k562,24339.0,0.099963024
985,372750,GAAGTAACATGGTACT-28-k562,16102.0,0.06763135
986,372830,GAAGTAATCGAACTCA-30-k562,16258.0,0.07436339
987,372894,GAATAGAAGGATACGC-43-k562,13810.0,0.07639392
988,372914,GAATAGAAGTGGCGAT-7-k562,16519.0,0.095707975
989,372978,GAATAGAGTATGCGGA-32-k562,10949.0,0.08740524
990,373049,GAATAGATCCTCACTG-26-k562,13488.0,0.104314946
991,373399,GAATCGTTCACGAGGA-48-k562,27000.0,0.12451852
992,373656,GACAGCCAGCTATCCA-40-k562,25710.0,0.09058732
993,373667,GACAGCCAGGTGGTTG-39-k562,14787.0,0.12105227
994,373763,GACAGCCGTGATCGTT-23-k562,15884.0,0.11489549
995,373795,GACAGCCTCCAAGCAT-1-k562,10661.0,0.07588407
996,373814,GACAGCCTCGCTTGAA-6-k562,15332.0,0.104487345
997,373830,GACAGCCTCTGCAGCG-34-k562,17749.0,0.10704829
998,373834,GACAGCCTCTTCGCTG-37-k562,12080.0,0.13327815
999,373921,GACATCACAGGAATCG-23-k562,11245.0,0.17847933
1000,374019,GACATCATCCTCTAGC-7-k562,19273.0,0.11280029
1001,374125,GACCAATCAGCGAACA-31-k562,10761.0,0.14004275
1002,374179,GACCAATGTGGCCACT-12-k562,26441.0,0.08006505
1003,374194,GACCAATGTTCGGCGT-46-k562,27314.0,0.12502746
1004,374220,GACCAATTCGACCATA-8-k562,16700.0,0.07053892
1005,374275,GACCCAGAGGTCGTCC-5-k562,29087.0,0.10843332
1006,374414,GACCCAGTCCGTCAAA-30-k562,15080.0,0.099734746
1007,374620,GACCCTTTCGACATTG-42-k562,15120.0,0.0978836
1008,374690,GACCGTGAGTAGGCCA-43-k562,13252.0,0.11537881
1009,374744,GACCGTGGTAGCTGTT-18-k562,20885.0,0.08752693
1010,374835,GACCGTGTCTCAACGA-25-k562,15495.0,0.11384317
1011,374840,GACCGTGTCTCTCGCA-24-k562,13379.0,0.1326706
1012,374974,GACCTTCGTGCAGATG-32-k562,6715.0,0.12926285
1013,375174,GACGCTGTCATGTCTT-32-k562,13511.0,0.071053214
1014,375180,GACGCTGTCCCAGGAC-46-k562,15305.0,0.09402156
1015,375319,GACGTTAGTACGTAGG-8-k562,10208.0,0.10305642
1016,375349,GACGTTAGTGAGATTA-23-k562,17699.0,0.09825414
1017,375355,GACGTTAGTGGGCTTC-28-k562,12046.0,0.13979745
1018,375413,GACGTTATCGTTTACT-15-k562,4825.0,0.06715026
1019,375414,GACGTTATCTAAGCCA-9-k562,17119.0,0.10432852
1020,375502,GACTATGCAGCGACCT-31-k562,19120.0,0.07986402
1021,375570,GACTATGGTTGTATGC-27-k562,24660.0,0.09902676
1022,375668,GACTCAAAGTGCCAGA-7-k562,23208.0,0.07579283
1023,375682,GACTCAACAAGTTGGG-43-k562,2974.0,0.17753866
1024,375877,GACTCTCAGTACGTCT-3-k562,8447.0,0.120161004
1025,375904,GACTCTCCACATAACC-17-k562,20988.0,0.09715075
1026,375930,GACTCTCCATGAAGCG-12-k562,18027.0,0.116214566
1027,375969,GACTCTCGTGTGAATA-31-k562,11856.0,0.08974359
1028,376083,GACTGATCAAATCAGA-28-k562,14166.0,0.10341663
1029,376196,GACTGATTCGGAAGGT-20-k562,12308.0,0.12731557
1030,376332,GACTTCCGTCACAATC-2-k562,21681.0,0.10746737
1031,376465,GAGAAATAGGTTCCGC-34-k562,14787.0,0.121931426
1032,376506,GAGAAATCAGACACAG-46-k562,13002.0,0.09806184
1033,376548,GAGAAATGTGACTCGC-11-k562,14445.0,0.09477328
1034,376595,GAGAAATTCCCTCGTA-43-k562,10728.0,0.09013796
1035,376942,GAGACTTGTCACTAGT-44-k562,16541.0,0.10591862
1036,377035,GAGAGGTAGGAGCTGT-21-k562,14888.0,0.13453788
1037,377206,GAGAGGTTCGTTCCCA-37-k562,9895.0,0.14593229
1038,377307,GAGATGGCAGTGTATC-3-k562,18690.0,0.08619583
1039,377378,GAGATGGTCACCCTGT-26-k562,8231.0,0.19037785
1040,377505,GAGCCTGCATAATGCC-5-k562,18865.0,0.12531142
1041,377549,GAGCCTGGTGAGATCG-46-k562,10063.0,0.122826196
1042,377618,GAGCCTGTCGTTGTAG-28-k562,6887.0,0.11688689
1043,377718,GAGCTGCCACCACATA-45-k562,26636.0,0.08811383
1044,377917,GAGGCAAAGTTCATCG-21-k562,19291.0,0.108237
1045,378018,GAGGCAATCAGAGCAG-40-k562,14622.0,0.12036657
1046,378040,GAGGCAATCCGTCACT-43-k562,17995.0,0.11480967
1047,378197,GAGGCCTGTGCCCGTA-27-k562,10496.0,0.08850991
1048,378467,GAGGGATTCCACCTCA-42-k562,14232.0,0.14390106
1049,378482,GAGGGATTCGTGGACC-27-k562,11425.0,0.071947485
1050,378550,GAGGGTAAGTTGCCCG-16-k562,16290.0,0.06875384
1051,378602,GAGGGTACATGGCGCT-6-k562,13769.0,0.06652626
1052,378622,GAGGGTAGTCATCTAG-9-k562,7996.0,0.14357178
1053,379326,GAGTGTTCACGCTATA-45-k562,19246.0,0.11851814
1054,379388,GAGTGTTGTGAATGAT-23-k562,15714.0,0.11893853
1055,379426,GAGTGTTTCCGCACGA-31-k562,9440.0,0.11705509
1056,379459,GAGTTACAGATCGCTT-30-k562,14047.0,0.077952586
1057,379681,GAGTTGTAGCGACTTT-14-k562,18343.0,0.12484326
1058,379769,GAGTTGTGTCAACCAT-29-k562,8894.0,0.12738925
1059,379834,GAGTTGTTCGCGAAGA-36-k562,16276.0,0.07434259
1060,380014,GAGTTTGTCGCATTGA-48-k562,14593.0,0.1259508
1061,380102,GATAGAACAGGATGAC-19-k562,14748.0,0.13147545
1062,380116,GATAGAACATTCAGGT-40-k562,37598.0,0.10460663
1063,380143,GATAGAAGTCGCAACC-42-k562,11775.0,0.14462845
1064,380154,GATAGAAGTGGACTGA-3-k562,12702.0,0.11171469
1065,380479,GATCACAAGGATAATC-39-k562,16798.0,0.08518872
1066,380688,GATCAGTAGGGTACAC-15-k562,9960.0,0.040261045
1067,380726,GATCAGTCAGAGAAAG-30-k562,12916.0,0.11187674
1068,380852,GATCATGAGCTGAAAT-47-k562,3283.0,0.11696619
1069,380948,GATCATGGTCTTCCGT-2-k562,12320.0,0.11306818
1070,381039,GATCCCTAGCCAGACA-41-k562,15654.0,0.10176313
1071,381216,GATCGTAAGAATCGAT-37-k562,12185.0,0.15863767
1072,381452,GATGACTAGGTGGGTT-15-k562,16404.0,0.10918069
1073,381556,GATGACTTCACGATCA-10-k562,18387.0,0.07325828
1074,381578,GATGACTTCGAGCCAC-18-k562,18160.0,0.09212555
1075,381623,GATGAGGAGGAACGTC-40-k562,12620.0,0.11354992
1076,381625,GATGAGGAGGATACCG-15-k562,11075.0,0.077200904
1077,381645,GATGAGGAGTCGCCAC-11-k562,13725.0,0.117012754
1078,381733,GATGAGGGTCTCGCGA-27-k562,13005.0,0.08473664
1079,381951,GATGATCGTTGGTACT-48-k562,15927.0,0.098637536
1080,382034,GATGCTAAGGCAGTCA-10-k562,13451.0,0.106832206
1081,382202,GATGGAGAGCGCACAA-17-k562,9309.0,0.09399506
1082,382298,GATGGAGGTGATACCT-45-k562,23087.0,0.10819942
1083,382630,GATTCGACAATGAGCG-6-k562,15873.0,0.085743085
1084,382711,GATTCGATCAAGGACG-48-k562,14747.0,0.10408897
1085,382746,GATTCGATCTTAGCTT-18-k562,20202.0,0.107712105
1086,382756,GATTCTTAGAGGACTC-14-k562,15270.0,0.07956778
1087,382833,GATTCTTGTAACCAGG-3-k562,21615.0,0.1271802
1088,382857,GATTCTTGTGAGCTCC-11-k562,11166.0,0.112573884
1089,383189,GATTTCTAGGTATAGT-10-k562,13218.0,0.10553791
1090,383211,GATTTCTCAATTGCTG-17-k562,10867.0,0.10499678
1091,383234,GATTTCTCAGGCGAAT-46-k562,13011.0,0.0864653
1092,383293,GATTTCTGTGCCCACA-37-k562,17784.0,0.10003374
1093,383480,GCAACATGTCCCAAAT-31-k562,12855.0,0.10517308
1094,383713,GCAACCGTCAACTGAC-35-k562,17830.0,0.10403814
1095,383733,GCAACCGTCGACCTAA-48-k562,16195.0,0.08681692
1096,383747,GCAACCGTCTAAGAAG-9-k562,13730.0,0.12308813
1097,383787,GCACATAAGTGCAAAT-28-k562,9190.0,0.10805223
1098,383871,GCACATAGTGGCGTAA-29-k562,9078.0,0.090879045
1099,383959,GCACGGTAGCCGGAAT-25-k562,18270.0,0.11111111
1100,383981,GCACGGTAGGTCGCCT-7-k562,16366.0,0.10766222
1101,384041,GCACGGTGTAGAGACC-27-k562,12669.0,0.07972216
1102,384104,GCACGGTTCGCGTCGA-34-k562,5755.0,0.104083404
1103,384231,GCACGTGGTCCACAGC-43-k562,12026.0,0.12597705
1104,384480,GCACTAATCCCTTGGT-29-k562,14679.0,0.09482935
1105,384593,GCAGCCACATCGTTCC-27-k562,7918.0,0.103308916
1106,384691,GCAGCTGAGCAAACAT-2-k562,15921.0,0.088436656
1107,384755,GCAGCTGCACGGCGTT-36-k562,8682.0,0.115180835
1108,384831,GCAGCTGGTTGCGGCT-41-k562,23423.0,0.09588866
1109,384839,GCAGCTGTCACGTCCT-30-k562,11597.0,0.10597568
1110,385180,GCAGTTACATGACGGA-28-k562,15105.0,0.08652764
1111,385272,GCAGTTATCGTAGCCG-43-k562,12609.0,0.1318106
1112,385334,GCATCGGCAACGACTT-26-k562,16057.0,0.060472067
1113,385812,GCATGATGTTAAGCAA-31-k562,11662.0,0.08754931
1114,385831,GCATGATTCACGATCA-45-k562,23799.0,0.11181142
1115,385928,GCATTAGCAAATGAAC-41-k562,12186.0,0.1251436
1116,385974,GCATTAGGTACTCGAT-46-k562,13437.0,0.14192156
1117,386095,GCCAACGAGCGTCTGC-36-k562,5947.0,0.1092988
1118,386168,GCCAACGCAGGTTCCG-12-k562,15218.0,0.06748587
1119,386221,GCCAACGTCACTTATC-25-k562,12139.0,0.14712909
1120,386266,GCCAACGTCTGTAACG-48-k562,13023.0,0.105505645
1121,386293,GCCAGCAAGCTAATGA-7-k562,14040.0,0.12628205
1122,386317,GCCAGCAAGTAAACTG-10-k562,19415.0,0.09755344
1123,386362,GCCAGCACATCCGAAT-27-k562,11523.0,0.11325176
1124,386378,GCCAGCAGTACTAACC-6-k562,14180.0,0.08843441
1125,386428,GCCAGCATCAAGTGTC-39-k562,15725.0,0.13685215
1126,386486,GCCAGGTAGCGACCCT-17-k562,15994.0,0.06252345
1127,386650,GCCAGGTTCTACTGAG-12-k562,15858.0,0.09326523
1128,386835,GCCAGTGTCGAAGCCC-43-k562,10133.0,0.1156617
1129,386997,GCCATGGGTGACAGCA-4-k562,12152.0,0.11915734
1130,387119,GCCATTCCAAGGTACG-2-k562,9961.0,0.12026905
1131,387202,GCCATTCGTTCAAAGA-7-k562,18741.0,0.09167067
1132,387239,GCCATTCTCGATAACC-46-k562,9719.0,0.06368968
1133,387357,GCCCAGACATGCACTA-1-k562,10177.0,0.13127641
1134,387403,GCCCAGAGTTGGCCGT-24-k562,16387.0,0.10758528
1135,387424,GCCCAGATCCTTCTAA-15-k562,11585.0,0.11005611
1136,387541,GCCCGAACATGAAGCG-18-k562,20740.0,0.11817744
1137,387598,GCCCGAATCCATAAGC-11-k562,14440.0,0.07783934
1138,387678,GCCGATGAGTCGAGGT-14-k562,19960.0,0.1513026
1139,387679,GCCGATGAGTCGAGGT-17-k562,24548.0,0.065219164
1140,387742,GCCGATGGTACCGCGT-48-k562,15731.0,0.10870256
1141,387787,GCCGATGGTTGTAAAG-44-k562,14160.0,0.11814972
1142,387913,GCCGTGACAGCTGTTA-3-k562,18400.0,0.09793478
1143,387969,GCCGTGAGTGGACTGA-31-k562,8530.0,0.13423212
1144,388046,GCCTGTTAGCCGAATG-23-k562,35282.0,0.11444929
1145,388090,GCCTGTTCAAGTGACG-2-k562,9660.0,0.11511387
1146,388250,GCGAGAAAGGGCAACT-46-k562,11219.0,0.12282734
1147,388297,GCGAGAACAGCGAGTA-43-k562,13659.0,0.11669961
1148,388538,GCGATCGTCAGACTGT-47-k562,3241.0,0.11940759
1149,388558,GCGATCGTCGAGTTGT-24-k562,5430.0,0.08913444
1150,388705,GCGGAAAGTTAGTCGT-35-k562,16198.0,0.11495246
1151,388878,GCGGATCGTGAGAACC-44-k562,8887.0,0.11927535
1152,388914,GCGGATCTCATTCATC-42-k562,14257.0,0.10984078
1153,388920,GCGGATCTCCTTCTTC-38-k562,33552.0,0.084823556
1154,388938,GCGTGCAAGAAGCCTG-25-k562,9024.0,0.08743351
1155,388999,GCGTGCACAGAAGTTA-28-k562,9251.0,0.104313046
1156,389122,GCGTGCATCGAGGCAA-14-k562,15859.0,0.107194655
1157,389214,GCGTTTCCACCCGTAG-41-k562,11485.0,0.11493252
1158,389217,GCGTTTCCACGCTATA-41-k562,11080.0,0.086191334
1159,389251,GCGTTTCGTACAACGG-34-k562,12760.0,0.09670846
1160,389335,GCGTTTCTCTCGGTAA-8-k562,11154.0,0.08490228
1161,389336,GCGTTTCTCTCGTCGT-13-k562,10538.0,0.107705444
1162,389349,GCTACAAAGAAGTGTT-17-k562,11786.0,0.09825216
1163,389503,GCTACAAGTTTGGAGG-18-k562,12295.0,0.14753965
1164,389751,GCTCAAAAGAGCATTA-35-k562,15362.0,0.12101289
1165,389866,GCTCAAAGTGATCATC-42-k562,19190.0,0.116206355
1166,389934,GCTGAATAGAAGCTGC-29-k562,9612.0,0.118497714
1167,390120,GCTGAATTCTCATGCC-17-k562,19345.0,0.098268285
1168,390540,GCTTCACAGCAGGTCA-22-k562,8449.0,0.07444668
1169,390618,GCTTCACCATGGAGAC-24-k562,13879.0,0.10951798
1170,390659,GCTTCACGTTGTGCCG-16-k562,12486.0,0.12590101
1171,390910,GCTTTCGAGGCATGGT-9-k562,12692.0,0.055074062
1172,391002,GCTTTCGGTGTTGACT-16-k562,10920.0,0.11135531
1173,391302,GGAACCCTCTTAGCAG-44-k562,15398.0,0.13482271
1174,391321,GGAAGTGAGATTGCGG-24-k562,32342.0,0.13821037
1175,391348,GGAAGTGAGTGCAGCA-46-k562,14101.0,0.13920999
1176,391485,GGAAGTGTCTAACGGT-43-k562,14304.0,0.1369547
1177,391618,GGAATCTGTCACTACA-31-k562,18237.0,0.0676098
1178,391626,GGAATCTGTCTAATCG-42-k562,21657.0,0.08496098
1179,391726,GGAATGGAGCCGATCC-45-k562,12919.0,0.09164796
1180,391844,GGAATGGGTGAAAGTT-32-k562,12208.0,0.08723788
1181,391982,GGACGTCCAAGTATAG-33-k562,20717.0,0.08929864
1182,392034,GGACGTCGTCGACGCT-20-k562,10526.0,0.13262399
1183,392059,GGACGTCGTTGAATCC-47-k562,7941.0,0.16370735
1184,392231,GGAGAACGTATAATGG-25-k562,16651.0,0.056513123
1185,392371,GGAGATGCAACTACGT-25-k562,16469.0,0.083125874
1186,392411,GGAGATGCAGGCGTTC-22-k562,12714.0,0.14078969
1187,392427,GGAGATGGTACGGTTT-42-k562,12295.0,0.1342009
1188,392721,GGAGGATAGTCGGGAT-24-k562,24225.0,0.12123839
1189,392749,GGAGGATCACGACGAA-45-k562,31857.0,0.10939511
1190,392931,GGAGGTACAAGGCAAC-39-k562,23822.0,0.08122744
1191,393017,GGAGGTAGTTAGAAGT-17-k562,11293.0,0.12680422
1192,393255,GGATCTATCCCTAGGG-35-k562,19148.0,0.11510341
1193,393289,GGATCTATCTAGGCAT-28-k562,12801.0,0.10249199
1194,393437,GGATGTTGTTATTCCT-2-k562,12590.0,0.09070691
1195,393769,GGCAGTCCATACACCA-5-k562,16429.0,0.04845091
1196,393795,GGCAGTCGTCCACATA-2-k562,12318.0,0.11381718
1197,393806,GGCAGTCGTCGTGGTC-17-k562,8888.0,0.08955896
1198,394090,GGCTGTGAGAAGAACG-27-k562,6714.0,0.13345249
1199,394094,GGCTGTGAGACGACGT-40-k562,13096.0,0.12904704
1200,394316,GGCTTGGAGCGGACAT-40-k562,16427.0,0.103001155
1201,394406,GGCTTGGCATTGAAGA-25-k562,11390.0,0.117822655
1202,394475,GGCTTGGTCCGATAGT-18-k562,11900.0,0.10067227
1203,394523,GGCTTTCAGCAACCAG-20-k562,17767.0,0.09979175
1204,394612,GGCTTTCGTATGCTAC-24-k562,15714.0,0.0927835
1205,394685,GGCTTTCTCCTACCGT-35-k562,16169.0,0.06951574
1206,394801,GGGAAGTCAGTGACCC-27-k562,11780.0,0.07071307
1207,394909,GGGAAGTTCTCGCGTT-25-k562,20960.0,0.084541984
1208,395002,GGGACAACATGTGCTA-42-k562,11532.0,0.119753726
1209,395024,GGGACAAGTATGGAGC-9-k562,13262.0,0.13406727
1210,395259,GGGACCTTCCATTGTT-39-k562,16775.0,0.09204173
1211,395638,GGGAGATTCATCGCCT-7-k562,9913.0,0.11429436
1212,395828,GGGAGTAGTTGTAAAG-42-k562,9661.0,0.144395
1213,395857,GGGAGTATCGCAACAT-13-k562,15191.0,0.10427227
1214,395942,GGGATCCCAAGATCCT-6-k562,16557.0,0.10249441
1215,396058,GGGATCCTCATCCTGC-42-k562,17381.0,0.09959151
1216,396107,GGGATCCTCTTGGTGA-17-k562,15736.0,0.091128625
1217,396148,GGGATGAAGTCATGGG-16-k562,12011.0,0.116976105
1218,396177,GGGATGACACCGTGGT-7-k562,18890.0,0.0917946
1219,396239,GGGATGAGTCGATTTG-20-k562,11785.0,0.15366992
1220,396243,GGGATGAGTCTTGCTC-25-k562,17830.0,0.10123388
1221,396353,GGGCCATAGCGTTGTT-20-k562,15343.0,0.12917943
1222,396381,GGGCCATCAAAGGCAC-31-k562,12158.0,0.08874815
1223,396404,GGGCCATCACGACTAT-8-k562,13516.0,0.09707014
1224,396415,GGGCCATCAGATCCAT-10-k562,19774.0,0.07616062
1225,396421,GGGCCATCAGGTGTGA-4-k562,18204.0,0.10871237
1226,396447,GGGCCATGTCAAGGCA-28-k562,12029.0,0.09377338
1227,396568,GGGCGTTAGTCTACCA-36-k562,12998.0,0.07524235
1228,396626,GGGCGTTCATAATGAG-47-k562,6449.0,0.13769576
1229,396739,GGGCTACAGAGCAACC-31-k562,8698.0,0.13819268
1230,397189,GGGTAGACAGACTGCC-10-k562,11140.0,0.10664273
1231,397298,GGGTAGATCGTCAGAT-5-k562,9134.0,0.08857018
1232,397606,GGGTCACCAGCATCTA-28-k562,11043.0,0.08213348
1233,397820,GGGTCTGGTAACGCGA-5-k562,24205.0,0.101012185
1234,397837,GGGTCTGGTATTGCCA-6-k562,8951.0,0.14735784
1235,397896,GGGTCTGTCGAGATGG-20-k562,17364.0,0.10423865
1236,398396,GGGTTATCAGGCACAA-46-k562,12264.0,0.11138291
1237,398497,GGGTTATTCTGGCTGG-19-k562,15854.0,0.11549136
1238,398522,GGGTTTAAGCTCATAC-16-k562,19818.0,0.1157029
1239,398751,GGTAACTCATAATCGC-23-k562,19662.0,0.11041603
1240,398778,GGTAACTGTCATTCCC-35-k562,10701.0,0.09017849
1241,398888,GGTAATCAGATGTAGT-42-k562,16455.0,0.07389851
1242,398906,GGTAATCAGGACTATA-2-k562,22371.0,0.09950382
1243,398957,GGTAATCCAGCTACTA-11-k562,20133.0,0.09566384
1244,399033,GGTAATCTCGACCACG-11-k562,15227.0,0.12307086
1245,399067,GGTAGAGAGAGTCCGA-14-k562,4639.0,0.08859668
1246,399095,GGTAGAGAGGTTGCCC-3-k562,12831.0,0.10349934
1247,399104,GGTAGAGCAAACAGGC-10-k562,11252.0,0.10664771
1248,399325,GGTCACGCATTGAAAG-47-k562,8779.0,0.13509512
1249,399506,GGTCTGGCAGCGCGTT-10-k562,8510.0,0.115628675
1250,399623,GGTCTGGTCTCGTCGT-21-k562,9591.0,0.13220727
1251,399712,GGTGAAGCAGGCAATG-45-k562,16315.0,0.12816426
1252,399964,GGTGATTGTTGGGACA-24-k562,21024.0,0.09517694
1253,400198,GGTGGCTTCTCCTGTG-32-k562,11007.0,0.11047515
1254,400240,GGTGTCGAGTTGTACC-11-k562,23013.0,0.09255638
1255,400329,GGTGTCGGTCTAGTGT-20-k562,14347.0,0.169234
1256,400358,GGTGTCGTCACACCGG-41-k562,9777.0,0.11005421
1257,400441,GGTGTTACAAGTAGTA-24-k562,15301.0,0.1637148
1258,400498,GGTGTTAGTCAACATC-28-k562,13428.0,0.06843908
1259,400586,GGTTAACAGCCATATC-44-k562,19419.0,0.12837942
1260,400935,GGTTCTCTCAGACTGT-1-k562,9403.0,0.08656812
1261,400978,GGTTGTAAGAGGTTAT-47-k562,7302.0,0.12544508
1262,400985,GGTTGTAAGATACTGA-15-k562,7034.0,0.05075348
1263,401085,GGTTGTAGTACCATAC-45-k562,18783.0,0.075866476
1264,401194,GTAACACAGCTCCATA-27-k562,16033.0,0.09318281
1265,401212,GTAACACAGTAAGCAT-33-k562,15772.0,0.10131879
1266,401308,GTAACACGTCTAATCG-22-k562,7895.0,0.068144396
1267,401315,GTAACACGTGCTTCAA-46-k562,11407.0,0.09345139
1268,401345,GTAACACTCCAAGCCG-39-k562,15238.0,0.12232576
1269,401356,GTAACACTCGCCGAAC-34-k562,14127.0,0.106038086
1270,401401,GTAACCAAGCGGCTCT-11-k562,17149.0,0.08117092
1271,401500,GTAACCAGTCAACCAT-8-k562,9806.0,0.08025698
1272,401616,GTAAGTCAGCACAAAT-34-k562,22632.0,0.10215624
1273,401740,GTAAGTCGTTTGGCTA-47-k562,6165.0,0.14257908
1274,401813,GTAATCGAGTTGTCGT-23-k562,13884.0,0.084269665
1275,401874,GTAATCGGTCGACTGC-9-k562,14412.0,0.1110186
1276,401896,GTAATCGGTGTCACAT-22-k562,11231.0,0.109429255
1277,402277,GTACAACCATTCAGGT-33-k562,16750.0,0.10549254
1278,402457,GTACAGTCACTACCCT-27-k562,14842.0,0.09452904
1279,402469,GTACAGTCAGGCTACC-34-k562,16079.0,0.10025499
1280,402599,GTAGAAAAGAGCACTG-8-k562,13539.0,0.08885442
1281,402601,GTAGAAAAGAGTCACG-1-k562,10307.0,0.099446975
1282,402656,GTAGAAACACCTGCTT-48-k562,25179.0,0.08828786
1283,402790,GTAGAGGAGAGGCCAT-34-k562,20001.0,0.09864507
1284,402811,GTAGAGGAGGCTCCCA-5-k562,15211.0,0.114851095
1285,402862,GTAGAGGCAGCGAGTA-19-k562,15264.0,0.12821017
1286,403032,GTAGATCAGTAGTCTC-13-k562,15421.0,0.117113024
1287,403075,GTAGATCCAGCGAGTA-26-k562,10228.0,0.118107155
1288,403113,GTAGATCGTGAGGATC-18-k562,14673.0,0.097594224
1289,403298,GTAGCTAGTCACCGAC-48-k562,19393.0,0.086061984
1290,403389,GTAGGAGAGCAGCACA-32-k562,8726.0,0.11482924
1291,403445,GTAGGAGCACCTGATA-19-k562,18788.0,0.12577178
1292,403461,GTAGGAGCAGGTCCCA-11-k562,13961.0,0.1187594
1293,403552,GTAGGAGTCGAACCAT-30-k562,10556.0,0.11282683
1294,403650,GTAGGTTCAGCATCTA-41-k562,16094.0,0.13035914
1295,403655,GTAGGTTCAGCTGAAG-16-k562,33668.0,0.12504455
1296,403725,GTAGGTTTCACCCATC-43-k562,14698.0,0.116818614
1297,403768,GTAGGTTTCTCTGAGA-20-k562,13277.0,0.13007456
1298,403911,GTAGTACGTGCGACAA-26-k562,16894.0,0.098614894
1299,404060,GTATTGGCACGCGCAT-25-k562,11162.0,0.10652213
1300,404157,GTATTGGTCAGTGTTG-12-k562,23964.0,0.10761976
1301,404276,GTATTTCCATGCAGCC-18-k562,15125.0,0.09580165
1302,404459,GTCAAACCAGACAAGC-20-k562,21199.0,0.09203264
1303,404521,GTCAAACGTTGATCGT-4-k562,12490.0,0.12810248
1304,404676,GTCAAGTGTATTGCCA-33-k562,13024.0,0.09482494
1305,404952,GTCACGGTCCGACATA-25-k562,14261.0,0.07552065
1306,405109,GTCACTCGTTTCCCAC-45-k562,21048.0,0.107041046
1307,405541,GTCATCCTCGTCTAAG-7-k562,15779.0,0.10209773
1308,405650,GTCATGACAGCAATTC-15-k562,14728.0,0.08263172
1309,405688,GTCATGAGTCACTTAG-32-k562,10574.0,0.08681672
1310,405864,GTCATTTCACCGTCTT-39-k562,19478.0,0.06874423
1311,405965,GTCATTTTCGCCCAGA-27-k562,8861.0,0.12684798
1312,406498,GTCCTCAGTGATCGTT-31-k562,11042.0,0.07915233
1313,406718,GTCGAATTCCATAGGT-30-k562,7680.0,0.118489586
1314,406768,GTCGCGAAGCATACTC-36-k562,11482.0,0.11470127
1315,406904,GTCGCGATCAGGAAGC-15-k562,7738.0,0.1354355
1316,407046,GTCGTAACATGAGGGT-48-k562,9888.0,0.09890777
1317,407295,GTCGTTCTCCACTGGG-22-k562,9825.0,0.09251908
1318,407307,GTCGTTCTCGACGACC-39-k562,13908.0,0.10497555
1319,407344,GTCTACCAGCAACTTC-8-k562,9965.0,0.10356247
1320,407464,GTCTACCGTCGCATGC-2-k562,9217.0,0.114679396
1321,407528,GTCTACCTCTAGAACC-42-k562,12793.0,0.11412491
1322,407571,GTCTAGAAGGTTCCGC-17-k562,8354.0,0.1220972
1323,407725,GTCTCACAGAGAGTTT-35-k562,11077.0,0.14011014
1324,408032,GTCTGTCGTCTCAGAT-14-k562,11771.0,0.13116983
1325,408059,GTCTGTCTCACTGAAC-6-k562,6961.0,0.11219652
1326,408141,GTCTTTAAGTCTAACC-30-k562,8458.0,0.10983684
1327,408229,GTCTTTAGTGGCTTAT-16-k562,8022.0,0.102218896
1328,408293,GTCTTTATCTTACACT-15-k562,11589.0,0.12373803
1329,408384,GTGACGCCAGTTGTTG-36-k562,19453.0,0.10183519
1330,408569,GTGAGCCCACTCCCTA-29-k562,11516.0,0.13485585
1331,408608,GTGAGCCGTCCAGCGT-2-k562,5859.0,0.115890086
1332,408666,GTGAGCCTCCTGATAG-33-k562,11636.0,0.11395669
1333,408685,GTGAGCCTCTCACCCA-40-k562,12640.0,0.13560127
1334,408779,GTGAGGACATGTACGT-25-k562,10643.0,0.11641455
1335,408857,GTGAGGATCGTAACTG-37-k562,17175.0,0.10783115
1336,408878,GTGAGTTAGACGCCAA-34-k562,13844.0,0.10278821
1337,408890,GTGAGTTAGCGACTAG-35-k562,16514.0,0.085563764
1338,408982,GTGAGTTGTCATCTAG-30-k562,17462.0,0.08698889
1339,409033,GTGAGTTTCCACACCT-37-k562,12373.0,0.08284167
1340,409045,GTGAGTTTCCTACCAC-29-k562,9547.0,0.115219444
1341,409058,GTGAGTTTCGGCTTCT-2-k562,11175.0,0.109888144
1342,409225,GTGATGTTCACCTTGC-26-k562,12490.0,0.09815852
1343,409279,GTGCACGAGAGTCCGA-3-k562,13129.0,0.091933884
1344,409366,GTGCACGCATGCCGGT-32-k562,11142.0,0.09962305
1345,409373,GTGCACGGTAATACCC-39-k562,19368.0,0.089993805
1346,409400,GTGCACGGTGACCGAA-23-k562,14944.0,0.13771413
1347,409454,GTGCACGTCGTAACTG-8-k562,11566.0,0.07323188
1348,409617,GTGCAGCGTTACGGAG-13-k562,12158.0,0.10692548
1349,409681,GTGCGTGAGAAGAGCA-18-k562,12434.0,0.0780119
1350,409763,GTGCGTGCATGATAGA-13-k562,13210.0,0.14231643
1351,409792,GTGCGTGGTCTGATAC-20-k562,17440.0,0.10263761
1352,409836,GTGCGTGTCCTATTTG-18-k562,16521.0,0.09678591
1353,409885,GTGCTGGAGGCACGAT-46-k562,12056.0,0.13246517
1354,409939,GTGCTGGCATAACAGA-32-k562,9459.0,0.12326884
1355,409959,GTGCTGGGTCAACATC-33-k562,12711.0,0.10966879
1356,410009,GTGCTGGTCACAATGC-9-k562,19733.0,0.11361679
1357,410036,GTGCTGGTCCGGACGT-41-k562,19318.0,0.13112123
1358,410094,GTGCTTCAGCGTGTCC-36-k562,12449.0,0.14410797
1359,410113,GTGCTTCAGTGCCTCG-16-k562,13525.0,0.08103512
1360,410178,GTGCTTCGTCGAAACG-17-k562,13064.0,0.09001837
1361,410296,GTGGAAGAGCTGACAG-32-k562,4819.0,0.10251089
1362,410386,GTGGAAGGTCCAATCA-25-k562,8994.0,0.058928173
1363,410424,GTGGAAGTCATATGGC-22-k562,9221.0,0.11029173
1364,410462,GTGGAGAAGAATACAC-39-k562,22149.0,0.08596325
1365,410503,GTGGAGAAGTTCTACG-11-k562,11959.0,0.08211389
1366,410572,GTGGAGAGTCGTCATA-21-k562,13271.0,0.098334715
1367,410576,GTGGAGAGTGAAGCGT-1-k562,3804.0,0.12644584
1368,410625,GTGGAGATCGATACGT-35-k562,17095.0,0.12682071
1369,410709,GTGGCGTCAAGATTGA-6-k562,13862.0,0.091184534
1370,410774,GTGGCGTGTCGTCAGC-17-k562,12972.0,0.110314526
1371,410906,GTGGGAACAGACCATT-19-k562,14423.0,0.09249116
1372,410929,GTGGGAAGTACAGGTG-30-k562,10669.0,0.09579155
1373,411026,GTGGGAATCTCCAATT-21-k562,17690.0,0.123120405
1374,411061,GTGGTTAAGGGTTGCA-24-k562,11866.0,0.13239507
1375,411463,GTGTAACTCTATTGTC-22-k562,20662.0,0.17074823
1376,411490,GTGTCCTAGCACCTGC-22-k562,12528.0,0.15692848
1377,412080,GTGTTAGCACCAGCCA-4-k562,12381.0,0.0776997
1378,412434,GTTACAGAGGAGGTTC-4-k562,11249.0,0.08747444
1379,412435,GTTACAGAGGATAATC-30-k562,16970.0,0.0847967
1380,412592,GTTACAGTCGTGCTCT-30-k562,15960.0,0.07619048
1381,412705,GTTACCCGTACAGCGA-44-k562,6617.0,0.031434186
1382,412890,GTTACGACACGAGGAT-15-k562,14497.0,0.13092364
1383,413068,GTTAGACAGTAGTCTC-35-k562,16658.0,0.10157282
1384,413202,GTTAGACTCCTCTAGC-21-k562,14077.0,0.106272645
1385,413207,GTTAGACTCGAGCCAC-40-k562,16608.0,0.1124157
1386,413272,GTTAGTGCAAGCTCTA-31-k562,11171.0,0.11914779
1387,413299,GTTAGTGCAGCTTTGA-3-k562,23851.0,0.08267997
1388,413561,GTTATGGGTTGTGTTG-11-k562,9937.0,0.17953105
1389,413676,GTTCATTCACCGAATT-34-k562,26381.0,0.12073083
1390,413718,GTTCATTGTAGGCTCC-7-k562,8307.0,0.1597448
1391,413744,GTTCATTGTGCCTACG-14-k562,11974.0,0.0952898
1392,413790,GTTCATTTCCTTGACC-16-k562,11192.0,0.1336669
1393,413864,GTTCCGTAGTAGCAAT-3-k562,15281.0,0.08461488
1394,414040,GTTCGCTAGCTCTATG-43-k562,15627.0,0.106354386
1395,414182,GTTCGCTTCCTCACGT-27-k562,12230.0,0.08920687
1396,414306,GTTCTATCAGTCAGAG-28-k562,10524.0,0.11393006
1397,414335,GTTCTATGTCCTTAAG-18-k562,14901.0,0.14119858
1398,414451,GTTGAACAGGGATGTC-12-k562,21966.0,0.10074661
1399,414477,GTTGAACCAAACGGCA-5-k562,23005.0,0.1255814
1400,414511,GTTGAACCAGCTGTTA-39-k562,15079.0,0.11671861
1401,414556,GTTGAACGTCAGTCCG-2-k562,14106.0,0.11080391
1402,414610,GTTGAACTCACCCTCA-13-k562,12164.0,0.120108515
1403,414654,GTTGCGGAGACTCAAA-38-k562,16965.0,0.12985559
1404,414768,GTTGCGGGTCTGTGTA-22-k562,11736.0,0.1206544
1405,414798,GTTGCGGTCAGACTGT-28-k562,15756.0,0.10027926
1406,414883,GTTGCTCCAAACTGCT-47-k562,9518.0,0.08531204
1407,414902,GTTGCTCCAGACCGCT-14-k562,11056.0,0.093885675
1408,415223,GTTGTAGTCTTCTGTA-12-k562,20178.0,0.13346219
1409,415277,GTTGTCCCAAAGACTA-13-k562,12200.0,0.14057377
1410,415409,GTTGTCCTCGGAACTT-15-k562,24613.0,0.10002844
1411,415485,GTTGTGACAAGTTGGG-9-k562,14071.0,0.13119182
1412,415504,GTTGTGACACTGGCGT-42-k562,11681.0,0.11480182
1413,415608,GTTGTGATCCCACAGG-6-k562,23377.0,0.12593575
1414,415651,GTTTACTAGAGTACCG-18-k562,13206.0,0.11737089
1415,415656,GTTTACTAGCAGCCTC-37-k562,13420.0,0.114083454
1416,416037,TAACACGAGAGCAGTC-15-k562,21354.0,0.08977241
1417,416057,TAACACGAGCGAACTG-8-k562,10737.0,0.10421906
1418,416353,TAACCAGGTTCGCGTG-19-k562,11199.0,0.14304848
1419,416484,TAACGACCAGACACAG-47-k562,7696.0,0.13695426
1420,416541,TAACGACGTTGAGAGC-16-k562,15517.0,0.08358575
1421,416542,TAACGACGTTTACCAG-11-k562,19081.0,0.1021959
1422,416601,TAACGACTCTTCGACC-23-k562,12920.0,0.11493808
1423,416618,TAACTTCAGCAGCAGT-25-k562,7426.0,0.13156477
1424,416662,TAACTTCCAACAACAA-43-k562,13416.0,0.12611806
1425,416714,TAACTTCGTACAACGG-33-k562,15302.0,0.09580447
1426,416888,TAAGCACCACGAAGAC-13-k562,13505.0,0.12439837
1427,417014,TAAGCACTCGGTCTGG-7-k562,14074.0,0.093718916
1428,417036,TAAGCCAAGAAATGGG-13-k562,8843.0,0.09872215
1429,417158,TAAGCCACATGACAAA-7-k562,14830.0,0.1118004
1430,417175,TAAGCCAGTATTGAGA-23-k562,14135.0,0.13356915
1431,417189,TAAGCCAGTCTCAAGT-1-k562,10959.0,0.08915047
1432,417263,TAAGCGTAGCACTCGC-34-k562,12019.0,0.11814627
1433,417311,TAAGCGTCAATACGCT-14-k562,10100.0,0.11485148
1434,417379,TAAGCGTGTGGCGCTT-7-k562,18918.0,0.109948196
1435,417406,TAAGCGTTCCACACCT-45-k562,5486.0,0.14764856
1436,417498,TAAGTCGCAAAGCAAT-43-k562,12765.0,0.13834704
1437,417518,TAAGTCGCACTGTCCT-23-k562,18095.0,0.13456756
1438,417552,TAAGTCGGTAGGTAGC-32-k562,13363.0,0.06495547
1439,417685,TAATCTCAGTGTGTTC-5-k562,12623.0,0.1040957
1440,417706,TAATCTCCACAGACGA-40-k562,19146.0,0.07004074
1441,417745,TAATCTCCATGAATCC-22-k562,17012.0,0.09305196
1442,417772,TAATCTCGTCTGCCTT-12-k562,23323.0,0.063971184
1443,417891,TAATTCCCAAATGCGG-30-k562,11444.0,0.10520797
1444,417985,TAATTCCTCAATGCAC-31-k562,12272.0,0.10413951
1445,418016,TAATTCCTCGTTGCCT-15-k562,20939.0,0.08114046
1446,418262,TACACCCAGGTACTGG-47-k562,6104.0,0.13826999
1447,418286,TACACCCCACAAATCC-6-k562,12978.0,0.108491294
1448,418351,TACACCCGTGCGTGCT-7-k562,11924.0,0.10122442
1449,418865,TACCCACAGTAACCTC-35-k562,13324.0,0.111152805
1450,418912,TACCCACCAGAGTTGG-7-k562,10905.0,0.111233376
1451,419060,TACCCGTAGTGAATAC-17-k562,11469.0,0.14918476
1452,419180,TACCCGTTCGCCCAGA-7-k562,12551.0,0.06939686
1453,419444,TACCGGGCATAGAATG-5-k562,23929.0,0.115006894
1454,419515,TACCGGGTCATCGCCT-48-k562,14703.0,0.116030745
1455,419615,TACCTCGCAACACTAC-8-k562,17494.0,0.09631874
1456,419647,TACCTCGCAGCAAGAC-45-k562,25700.0,0.11680934
1457,419686,TACCTCGGTCCCACGA-19-k562,15358.0,0.10821722
1458,419888,TACCTGCGTCCGAAGA-29-k562,9689.0,0.12034266
1459,420002,TACGCTCAGGAGCAAA-6-k562,15431.0,0.098697424
1460,420013,TACGCTCAGGTTCACT-5-k562,17625.0,0.11960284
1461,420151,TACGCTCTCTGCAGCG-15-k562,10431.0,0.14686991
1462,420195,TACGGGCAGGTAAGGA-40-k562,13529.0,0.09912041
1463,420356,TACGGTAAGAAGTATC-34-k562,12155.0,0.11674208
1464,420492,TACGGTAGTTGTTTGG-39-k562,21832.0,0.09440271
1465,420523,TACGGTATCGAAGCAG-26-k562,14943.0,0.12005621
1466,420670,TACGTCCGTTAAGTCC-17-k562,14076.0,0.11565786
1467,420744,TACTGCCAGATTGACA-20-k562,12083.0,0.11801705
1468,420775,TACTGCCAGTCAGCGA-10-k562,11570.0,0.12938635
1469,420803,TACTGCCCAGACAAGC-47-k562,8640.0,0.11018518
1470,420814,TACTGCCCATAGCTGT-18-k562,34395.0,0.11024858
1471,420904,TACTGCCTCTCCGAAA-14-k562,19022.0,0.09425928
1472,420938,TACTTACAGCTTAAGA-31-k562,11447.0,0.13750328
1473,421010,TACTTACGTACAAGCG-14-k562,14403.0,0.09414706
1474,421168,TACTTCACACGCGGTT-18-k562,14803.0,0.13281092
1475,421284,TACTTCATCTCTCCGA-1-k562,15319.0,0.08558
1476,421370,TACTTGTCATAATCCG-2-k562,6066.0,0.04220244
1477,421392,TACTTGTGTACCCGCA-17-k562,14019.0,0.108067624
1478,421520,TAGACCACAAAGGATT-25-k562,12896.0,0.10538151
1479,421531,TAGACCACAAGTAGTA-16-k562,11990.0,0.12468724
1480,421591,TAGACCAGTGGCAGAT-14-k562,18926.0,0.09574131
1481,421651,TAGACCATCTACGGTA-37-k562,32785.0,0.111941434
1482,421847,TAGACTGTCTAAACGC-15-k562,14315.0,0.108557455
1483,421876,TAGAGTCAGGGAGGTG-37-k562,16036.0,0.10588676
1484,421883,TAGAGTCAGTAACCGG-35-k562,14270.0,0.088016815
1485,421941,TAGAGTCCAGTCGTTA-32-k562,9714.0,0.110047355
1486,421955,TAGAGTCCATTCTCCG-35-k562,12512.0,0.11373082
1487,421965,TAGAGTCGTAGGTCAG-28-k562,11760.0,0.10595238
1488,421998,TAGAGTCTCAAGAAAC-10-k562,21117.0,0.1312213
1489,422086,TAGATCGCAACCACGC-41-k562,20089.0,0.08487232
1490,422239,TAGCACAAGCCAAGTG-23-k562,21091.0,0.12645204
1491,422337,TAGCACAGTCCAAATC-48-k562,17228.0,0.12433248
1492,422379,TAGCACATCAAGAATG-32-k562,15199.0,0.07618922
1493,422413,TAGCACATCGGTCTAA-22-k562,14346.0,0.09849435
1494,422466,TAGGAGGAGGTGCCAA-48-k562,17496.0,0.12825789
1495,422468,TAGGAGGAGGTGGTTG-24-k562,12294.0,0.14071906
1496,422495,TAGGAGGCAATGGCAG-26-k562,9722.0,0.08568196
1497,422661,TAGGGTTAGGAGTACC-29-k562,3220.0,0.053416148
1498,422683,TAGGGTTCAAATGAAC-22-k562,18106.0,0.09240031
1499,422755,TAGGGTTGTCGCAGTC-17-k562,12045.0,0.11149855
1500,422761,TAGGGTTGTGACACGA-24-k562,15206.0,0.13271077
1501,422942,TAGGTACCAGCCTTCT-8-k562,15103.0,0.098523475
1502,423006,TAGGTACGTGTAGTGG-31-k562,5887.0,0.106845595
1503,423113,TAGGTTGAGTGCAACG-6-k562,17720.0,0.0986456
1504,423190,TAGGTTGGTCTTAGTG-13-k562,14250.0,0.116842106
1505,423425,TAGTGCATCAGGAAAT-5-k562,15380.0,0.09063719
1506,423512,TATACCTCAATAGGGC-32-k562,8301.0,0.12058788
1507,423575,TATACCTGTCACCACG-43-k562,18846.0,0.11519686
1508,423622,TATACCTTCCCATTCG-18-k562,20342.0,0.12225936
1509,423658,TATATCCAGCCAGACA-2-k562,13263.0,0.07765965
1510,423673,TATATCCAGGTGAGCT-22-k562,13009.0,0.13029441
1511,423715,TATATCCCACGGTGAA-38-k562,15150.0,0.107722774
1512,423725,TATATCCCAGTAGATA-44-k562,15541.0,0.06891449
1513,423814,TATATCCTCCTTCTTC-11-k562,18019.0,0.09334591
1514,423821,TATATCCTCGTGCTCT-46-k562,9547.0,0.12244684
1515,423895,TATCAGGCAAATAGCA-18-k562,12703.0,0.11146973
1516,423898,TATCAGGCAACACGTT-46-k562,9128.0,0.12138475
1517,423941,TATCAGGCATGAATAG-46-k562,14831.0,0.099318996
1518,424050,TATCCTAAGCATACTC-41-k562,13491.0,0.12904899
1519,424070,TATCCTAAGGGCGAAG-6-k562,16534.0,0.10850369
1520,424143,TATCCTAGTAATGCTC-19-k562,24232.0,0.08270056
1521,424282,TATCGCCCAAATAGCA-25-k562,17802.0,0.0897652
1522,424336,TATCGCCGTACACTCA-32-k562,10556.0,0.085733235
1523,424349,TATCGCCGTCGAGATG-14-k562,10682.0,0.154091
1524,424366,TATCGCCGTGGATGAC-20-k562,10928.0,0.09919473
1525,424368,TATCGCCGTGTAAACA-38-k562,14180.0,0.10719323
1526,424460,TATCTGTAGCGCTGCT-9-k562,15382.0,0.09192563
1527,424471,TATCTGTAGGCGAAGG-31-k562,15242.0,0.098740324
1528,424515,TATCTGTCACCCTTGT-16-k562,21896.0,0.099881254
1529,424525,TATCTGTCAGATGCGA-34-k562,14065.0,0.1670814
1530,424590,TATCTGTGTCTTCAAG-44-k562,11715.0,0.120017074
1531,424598,TATCTGTGTGGTCTCG-11-k562,12455.0,0.12870333
1532,424640,TATCTGTTCCCTTCCC-5-k562,16762.0,0.113709584
1533,424652,TATCTGTTCCTTTGAT-45-k562,16447.0,0.08080501
1534,424788,TATCTTGGTACCGTCG-45-k562,27240.0,0.10187224
1535,424998,TATGTTCGTCTTTCAT-2-k562,7427.0,0.10004039
1536,425109,TATTCCAAGGTTAGTA-35-k562,18381.0,0.11038572
1537,425150,TATTCCACAGGTACGA-26-k562,13565.0,0.093770735
1538,425392,TATTGCTGTTCACGAT-4-k562,19723.0,0.082086906
1539,425472,TATTGGGAGCAGGCAT-30-k562,9155.0,0.10846532
1540,425630,TATTGGGTCTCTATAC-20-k562,14226.0,0.090608746
1541,425711,TATTTCGCACCCAAGC-21-k562,21321.0,0.05145162
1542,425790,TATTTCGGTGGCTCTG-27-k562,11804.0,0.12411047
1543,425864,TCAAGACAGCCTTTCC-20-k562,17085.0,0.1006731
1544,426051,TCAAGCAAGCACTTTG-11-k562,16658.0,0.099471726
1545,426059,TCAAGCAAGCGTGTTT-43-k562,13673.0,0.12286989
1546,426406,TCAAGTGTCACTGTCC-43-k562,15216.0,0.10055205
1547,426442,TCAAGTGTCGGACTGC-8-k562,19020.0,0.09805468
1548,426451,TCAAGTGTCGTTCTCG-14-k562,12323.0,0.14347155
1549,426546,TCAATCTCAGTCGGAA-9-k562,10695.0,0.11117344
1550,426704,TCAATTCCACATATGC-15-k562,22075.0,0.0793658
1551,426709,TCAATTCCACGCGTGT-5-k562,20731.0,0.10366119
1552,426717,TCAATTCCAGAGTCTT-15-k562,23655.0,0.08184316
1553,426864,TCACAAGAGGTAGACC-19-k562,10902.0,0.12667401
1554,426944,TCACAAGGTCCAAAGG-31-k562,9840.0,0.10711382
1555,427036,TCACACCAGAAGCGAA-34-k562,16374.0,0.12794675
1556,427137,TCACACCGTCCCACGA-13-k562,22361.0,0.085461296
1557,427227,TCACATTAGAATTGCA-20-k562,21727.0,0.097252265
1558,427395,TCACATTTCATTCCTA-4-k562,19839.0,0.1005091
1559,427501,TCACGCTCAAGATCCT-9-k562,10137.0,0.09115123
1560,427553,TCACGCTGTAGGCAGT-45-k562,14767.0,0.12758178
1561,427623,TCACGCTTCGCCAACG-1-k562,14413.0,0.06736974
1562,427668,TCACGGGAGCTCGACC-39-k562,9138.0,0.09980302
1563,427911,TCACTATCACTAGAGG-30-k562,12225.0,0.119100206
1564,428002,TCACTATTCATTCACT-20-k562,19934.0,0.058091704
1565,428110,TCACTCGCAGCGTACC-2-k562,11659.0,0.10875718
1566,428177,TCACTCGTCAGAGTTC-33-k562,38265.0,0.06951522
1567,428196,TCACTCGTCGAATCCA-12-k562,17797.0,0.13446087
1568,428339,TCAGCAAGTCACCGAC-26-k562,10062.0,0.103856094
1569,428362,TCAGCAAGTTACGATC-23-k562,13398.0,0.09538737
1570,428550,TCAGCCTGTCCGGCAT-30-k562,11540.0,0.12738301
1571,428558,TCAGCCTGTCTACACA-21-k562,14825.0,0.13794267
1572,428680,TCAGGGCAGTGGATAT-33-k562,9379.0,0.108540356
1573,428817,TCAGGGCTCGAAGCAG-8-k562,16772.0,0.091819696
1574,428959,TCAGGTAGTAGTATAG-7-k562,15592.0,0.10338635
1575,429174,TCAGTCCTCACGGTCG-41-k562,13378.0,0.12363582
1576,429206,TCAGTCCTCTTCCGTG-35-k562,11519.0,0.13942182
1577,429208,TCAGTGAAGACCGCCT-16-k562,16814.0,0.09480195
1578,429246,TCAGTGAAGGGACTGT-20-k562,21002.0,0.11275116
1579,429254,TCAGTGAAGTGGTCAG-35-k562,9413.0,0.059917137
1580,429291,TCAGTGACAGCTCATA-35-k562,17670.0,0.099377476
1581,429343,TCAGTGAGTGTCACAT-5-k562,13878.0,0.12732382
1582,429348,TCAGTGAGTTAAACAG-14-k562,18880.0,0.0967161
1583,429354,TCAGTGAGTTGTCATG-38-k562,17613.0,0.07636405
1584,429429,TCAGTTTAGCTCGCAC-8-k562,16198.0,0.08328189
1585,429502,TCAGTTTCATCAGTGT-36-k562,13490.0,0.11601186
1586,429611,TCAGTTTTCGTTGCCT-43-k562,20338.0,0.107631035
1587,429866,TCATATCCAATTGCCA-27-k562,13060.0,0.09892803
1588,429915,TCATATCGTAGTCCTA-8-k562,12283.0,0.116339654
1589,429937,TCATATCGTGGTCCCA-38-k562,17632.0,0.12080309
1590,429962,TCATATCTCCATTCGC-10-k562,11622.0,0.089571506
1591,429992,TCATATCTCTGCTAGA-41-k562,12677.0,0.114459254
1592,430055,TCATCATAGTTGTCGT-15-k562,6047.0,0.045146354
1593,430063,TCATCATCAAGATCCT-36-k562,15359.0,0.14779608
1594,430093,TCATCATCAGGGAGAG-33-k562,13558.0,0.09499926
1595,430174,TCATCATTCAGCTTGA-47-k562,9970.0,0.1110331
1596,430321,TCATCCGCATGGAGAC-30-k562,10940.0,0.08418647
1597,430474,TCATGAGAGTGGTTAA-26-k562,8413.0,0.07547843
1598,430504,TCATGAGCACGTTCGG-20-k562,13120.0,0.117759146
1599,430517,TCATGAGCAGCGTGCT-7-k562,24938.0,0.11087497
1600,430617,TCATGAGTCGCCGATG-18-k562,20785.0,0.11306231
1601,430656,TCATGCCAGCGAGTCA-24-k562,14903.0,0.10870294
1602,430738,TCATGCCGTAGGTCAG-31-k562,10589.0,0.057134762
1603,430825,TCATGCCTCTGATTCT-17-k562,14999.0,0.08840589
1604,431006,TCATGGATCGAACGCC-39-k562,23076.0,0.13009188
1605,431193,TCATGTTTCATCCTGC-9-k562,13831.0,0.07909768
1606,431394,TCATTACTCAGGAAGC-48-k562,3361.0,0.16750968
1607,431554,TCATTCAGTCAGACTT-41-k562,12623.0,0.106868416
1608,431561,TCATTCAGTCTGATCA-14-k562,14140.0,0.09144272
1609,431641,TCATTGTAGCAGCACA-30-k562,10074.0,0.0993647
1610,431669,TCATTGTAGGTTCCAT-10-k562,18954.0,0.1011396
1611,431689,TCATTGTCAACGTTAC-33-k562,20728.0,0.0892995
1612,431719,TCATTGTCATGACACT-34-k562,15933.0,0.09678027
1613,431766,TCATTGTGTTGCTAGT-29-k562,13568.0,0.09411851
1614,431923,TCATTTGGTAGACGTG-43-k562,15609.0,0.114100836
1615,432039,TCCACCAAGGACAACC-31-k562,11369.0,0.098073706
1616,432121,TCCACCAGTCAGCTTA-32-k562,9061.0,0.09976824
1617,432196,TCCACGTAGAATTGTG-16-k562,13492.0,0.09242514
1618,432363,TCCACGTTCCGTATGA-9-k562,12630.0,0.11171813
1619,432402,TCCAGAAAGCAGGCTA-10-k562,9439.0,0.108274184
1620,432477,TCCAGAAGTAAGATCA-31-k562,14031.0,0.07048678
1621,432871,TCCATGCGTATCCTCC-23-k562,16561.0,0.11738422
1622,432906,TCCATGCGTTGCTCAA-22-k562,18309.0,0.115680814
1623,432990,TCCCACAAGAGGCGTT-2-k562,14250.0,0.090175435
1624,433139,TCCCACATCCAGCTCT-8-k562,14299.0,0.08979649
1625,433291,TCCCAGTCATTGAGCT-24-k562,13137.0,0.065540075
1626,433669,TCCGAAACAAGCCCAC-3-k562,20676.0,0.07665893
1627,433716,TCCGAAAGTAGCACGA-41-k562,14451.0,0.10089267
1628,433782,TCCGAAATCCCTGGTT-22-k562,17666.0,0.089324124
1629,433887,TCCGATCCAGGAATAT-6-k562,10019.0,0.15330872
1630,433993,TCCGGGAAGAAGTATC-24-k562,13918.0,0.12451502
1631,434021,TCCGGGAAGGCATCAG-37-k562,13099.0,0.10191618
1632,434070,TCCGGGACACTAAACC-15-k562,13265.0,0.063399926
1633,434117,TCCGGGAGTCGCTTGG-9-k562,18098.0,0.0766383
1634,434236,TCCGTGTCATGTCTAG-25-k562,8512.0,0.1018562
1635,434400,TCCTAATCACGATAGG-34-k562,11077.0,0.102284014
1636,434428,TCCTAATGTAGCTTGT-44-k562,12892.0,0.12752095
1637,434524,TCCTCCCAGACTACCT-23-k562,17396.0,0.1140492
1638,434630,TCCTCCCGTCCCGCAA-18-k562,25746.0,0.1018799
1639,434724,TCCTCGAAGGCATGGT-43-k562,17048.0,0.096316285
1640,434814,TCCTCGAGTGGCAACA-7-k562,19012.0,0.10172523
1641,434869,TCCTCGATCGCTGACG-27-k562,12946.0,0.07392245
1642,435093,TCCTGCAAGCCTGTGC-16-k562,14200.0,0.11528169
1643,435141,TCCTGCACACCATTCC-45-k562,17877.0,0.11500811
1644,435265,TCCTGCATCTTGGGCG-20-k562,19040.0,0.114338234
1645,435445,TCCTTCTTCTAGTTCT-29-k562,11351.0,0.097083956
1646,435475,TCCTTTCAGCGAATGC-37-k562,25343.0,0.096279055
1647,435851,TCGAACATCTCAAAGC-42-k562,16459.0,0.1088766
1648,436002,TCGAAGTGTGGGATTG-1-k562,14931.0,0.13381556
1649,436106,TCGACCTAGGGCTAAC-1-k562,17769.0,0.07338624
1650,436120,TCGACCTAGTGGTGAC-36-k562,11431.0,0.12431108
1651,436483,TCGATTTAGGTTGCCC-39-k562,15002.0,0.103319556
1652,436761,TCGCACTGTATGACAA-18-k562,16344.0,0.12524474
1653,436870,TCGCAGGAGAAAGCGA-25-k562,11457.0,0.10779436
1654,436999,TCGCAGGGTTTGTTGG-34-k562,17084.0,0.10184968
1655,437022,TCGCAGGTCGGATTAC-25-k562,13274.0,0.07156848
1656,437029,TCGCAGGTCGTTGTAG-9-k562,14622.0,0.10757762
1657,437067,TCGCTCAAGGCAATGC-37-k562,13926.0,0.07575758
1658,437217,TCGCTCATCATGCATG-31-k562,8239.0,0.08811749
1659,437234,TCGCTCATCGATGCAT-21-k562,16956.0,0.123967916
1660,437261,TCGCTTGAGAATCGAT-32-k562,8447.0,0.09731266
1661,437308,TCGCTTGAGTTGGGAC-5-k562,11511.0,0.10364
1662,437343,TCGCTTGCAGCGACCT-36-k562,17178.0,0.11765049
1663,437463,TCGGATAAGATCACTC-34-k562,15708.0,0.10663356
1664,437488,TCGGATAAGGTTACAA-7-k562,12115.0,0.09153941
1665,437509,TCGGATACAATGCTCA-42-k562,10919.0,0.11786794
1666,437796,TCGGGACTCATTCACT-26-k562,8631.0,0.13103928
1667,437815,TCGGGACTCGCTTGCT-11-k562,14142.0,0.11250177
1668,437922,TCGGGCACAGGCTTGC-18-k562,14035.0,0.07288921
1669,438428,TCGTAGAAGATGTTCC-30-k562,8616.0,0.0909935
1670,438618,TCGTCCAAGCTAATCC-17-k562,10609.0,0.09689886
1671,438654,TCGTCCACAAAGGCTG-5-k562,18631.0,0.092104554
1672,438880,TCGTGCTCAATCTCTT-33-k562,9786.0,0.16533823
1673,439013,TCGTGGGAGAGTCAAT-5-k562,12719.0,0.11486752
1674,439110,TCGTGGGGTAGGACCA-8-k562,5920.0,0.08597973
1675,439165,TCGTGGGTCAACTGGT-39-k562,11737.0,0.08315583
1676,439169,TCGTGGGTCAGAATAG-32-k562,7598.0,0.11608318
1677,439236,TCTAACTAGGCCTGCT-41-k562,13698.0,0.1283399
1678,439403,TCTACATAGAAACCCG-2-k562,9254.0,0.09098768
1679,439469,TCTACATCACCCTATC-22-k562,15386.0,0.09502145
1680,439509,TCTACATGTAGCACGA-36-k562,15835.0,0.09276918
1681,439532,TCTACATGTGCTAGCC-13-k562,17959.0,0.112032965
1682,439645,TCTACCGAGGGTCACA-14-k562,15479.0,0.08844241
1683,439670,TCTACCGCAACTCATG-43-k562,11902.0,0.1094774
1684,439769,TCTACCGGTTGCTCAA-11-k562,15435.0,0.08869453
1685,439801,TCTACCGTCTACGCGG-33-k562,22092.0,0.09894985
1686,439828,TCTATACAGAGGTCAC-5-k562,33775.0,0.09960029
1687,439915,TCTATACGTACAGAAT-43-k562,13279.0,0.118683636
1688,440052,TCTATCACAACCTATG-12-k562,24570.0,0.11147741
1689,440097,TCTATCAGTCCAACGC-7-k562,15378.0,0.10541033
1690,440155,TCTATCATCCTATGGA-22-k562,18607.0,0.09695276
1691,440165,TCTATCATCGGCTTCT-9-k562,15990.0,0.092182614
1692,440198,TCTCACGAGCAACCAG-4-k562,11419.0,0.12820737
1693,440322,TCTCACGGTTGGAGGT-24-k562,13779.0,0.1190217
1694,440415,TCTCAGCAGTCAGAGC-45-k562,13113.0,0.12132998
1695,440465,TCTCAGCCATAACTCG-46-k562,15014.0,0.086852275
1696,440662,TCTCCGAGTAGATCCT-45-k562,13863.0,0.116425015
1697,440673,TCTCCGAGTCATACCA-42-k562,19872.0,0.14356884
1698,441124,TCTGGCTAGCGTGAAC-5-k562,16848.0,0.095322885
1699,441346,TCTGTCGAGGGTCTTT-34-k562,15526.0,0.11155481
1700,441507,TCTTAGTAGACAACTA-13-k562,12893.0,0.117195375
1701,441581,TCTTAGTCACATGTTG-15-k562,13768.0,0.10495351
1702,441626,TCTTAGTGTACTCCGG-33-k562,9434.0,0.13673945
1703,441665,TCTTAGTGTTAAGTCC-25-k562,11179.0,0.09160032
1704,441868,TCTTCCTGTGTCCACG-1-k562,15492.0,0.08507617
1705,441917,TCTTCCTTCGACATAC-24-k562,12235.0,0.093502246
1706,441949,TCTTGCGAGAGGATCC-20-k562,12330.0,0.12084347
1707,442116,TCTTGCGGTTGTCCCT-33-k562,16750.0,0.10155224
1708,442184,TCTTTGAAGCTTACGT-6-k562,11363.0,0.08334067
1709,442313,TCTTTGATCAACTTTC-30-k562,10664.0,0.117310576
1710,442399,TGAACGTAGGCATGGT-17-k562,21090.0,0.10573731
1711,442601,TGAATCGAGTGGTGAC-47-k562,25396.0,0.12072767
1712,442622,TGAATCGCACATTGTG-17-k562,10938.0,0.09151582
1713,442751,TGAATCGTCTCGGTAA-5-k562,13082.0,0.12230546
1714,443264,TGACCCTGTGACACGA-39-k562,14247.0,0.1514003
1715,443277,TGACCCTGTTGCATAC-28-k562,15579.0,0.094550356
1716,443301,TGACCCTTCGACACTA-33-k562,13578.0,0.09743703
1717,443325,TGACGCGAGATCACTC-25-k562,19130.0,0.08907475
1718,443500,TGACGCGTCCGCGAGT-36-k562,12802.0,0.11857522
1719,443733,TGAGACTAGACTGAGC-14-k562,6811.0,0.12362355
1720,443750,TGAGACTAGCGTCTCG-6-k562,8894.0,0.11041151
1721,443788,TGAGACTCAATCCTAG-13-k562,18357.0,0.10388408
1722,443885,TGAGACTTCATTACGG-45-k562,17744.0,0.12167493
1723,443907,TGAGACTTCGGTCTAA-44-k562,12995.0,0.11796845
1724,443993,TGAGCATCACCAATTG-3-k562,22675.0,0.10813671
1725,444083,TGAGCATTCCCGTAAA-26-k562,10743.0,0.10360234
1726,444088,TGAGCATTCCTCATAT-12-k562,15308.0,0.11640972
1727,444242,TGAGCGCGTCATGACT-35-k562,11284.0,0.0972173
1728,444276,TGAGCGCTCAATCTTC-6-k562,9537.0,0.13568208
1729,444334,TGAGGAGAGATGGGCT-30-k562,18966.0,0.101022884
1730,444354,TGAGGAGAGTCGAAAT-40-k562,17106.0,0.1059862
1731,444362,TGAGGAGCAAATTGGA-8-k562,18634.0,0.07051626
1732,444376,TGAGGAGCACGAAGAC-42-k562,20023.0,0.13284722
1733,444390,TGAGGAGCAGCGACCT-24-k562,15605.0,0.12963794
1734,445198,TGATCAGCATCGGATT-4-k562,19918.0,0.109850384
1735,445221,TGATCAGGTCGTCAGC-48-k562,11457.0,0.10788164
1736,445248,TGATCAGGTTCCTACC-44-k562,13935.0,0.061930392
1737,445325,TGATCTTAGAGAGAAC-38-k562,14021.0,0.11789459
1738,445492,TGATCTTTCCTTTAGT-42-k562,26614.0,0.10851432
1739,445556,TGATGCAAGGCACTCC-33-k562,25445.0,0.10383179
1740,445605,TGATGCACAGCGGATA-12-k562,14037.0,0.10735912
1741,445628,TGATGCACATGTCTAG-35-k562,24439.0,0.11236139
1742,445657,TGATGCAGTGCCGGTT-18-k562,12441.0,0.11815771
1743,445708,TGATGCATCGGAACTT-43-k562,14047.0,0.12187656
1744,445740,TGATGGTAGAGCCCAA-7-k562,13096.0,0.08017715
1745,445804,TGATGGTCACCGTCGA-22-k562,10597.0,0.08153251
1746,445807,TGATGGTCACGAGAAC-25-k562,10374.0,0.08000771
1747,445854,TGATGGTGTGGAAGTC-43-k562,11177.0,0.14010915
1748,445913,TGATGGTTCTTCGGAA-20-k562,11249.0,0.13503422
1749,446316,TGCACGGAGGAAAGTG-26-k562,11523.0,0.11698342
1750,446328,TGCACGGAGTCGAAAT-12-k562,19628.0,0.14525168
1751,446342,TGCACGGCAATACCTG-18-k562,22161.0,0.16538063
1752,446491,TGCACGGTCTTTGCGC-12-k562,15529.0,0.092021376
1753,446557,TGCAGATCAGAGGTTG-43-k562,9394.0,0.1266766
1754,446640,TGCAGATTCATCCTGC-32-k562,8777.0,0.09627435
1755,446642,TGCAGATTCATGGAGG-20-k562,13172.0,0.12944125
1756,446667,TGCAGATTCTGAGAAA-42-k562,10658.0,0.14355414
1757,446849,TGCAGGCTCTCGTCAC-38-k562,18442.0,0.11143043
1758,447135,TGCATCCCATATACCG-31-k562,21181.0,0.08299892
1759,447323,TGCATGACAATAGTCC-21-k562,12616.0,0.1363348
1760,447366,TGCATGAGTAGATGTA-31-k562,14982.0,0.12101188
1761,447399,TGCATGAGTTGATGTC-9-k562,12078.0,0.08743169
1762,447457,TGCCGAGAGACTCATC-34-k562,16861.0,0.13267303
1763,447525,TGCCGAGCACCATTCC-36-k562,22001.0,0.10063179
1764,447695,TGCGACGAGGTGATAT-29-k562,9751.0,0.12511538
1765,447892,TGCGATAAGCTATCCA-10-k562,12741.0,0.1353112
1766,447939,TGCGATACAGACACAG-7-k562,6587.0,0.1220586
1767,447962,TGCGATAGTAACGTTC-2-k562,12054.0,0.07823129
1768,448043,TGCGATATCTCTATAC-11-k562,15315.0,0.12340842
1769,448104,TGCGGCAAGTGCTACT-10-k562,16944.0,0.0993272
1770,448112,TGCGGCACAAACGAGC-33-k562,16285.0,0.10156586
1771,448127,TGCGGCACACATGTTG-38-k562,29507.0,0.08642017
1772,448264,TGCGGGTAGATGACAT-35-k562,11543.0,0.068613015
1773,448438,TGCGGGTTCTAAACGC-16-k562,12286.0,0.101986
1774,448517,TGCTCCACACAGCCTG-16-k562,15053.0,0.11565801
1775,448590,TGCTCCAGTGATGTAA-37-k562,25226.0,0.10425751
1776,448669,TGCTCGTAGACCTGGA-48-k562,15187.0,0.1288602
1777,448746,TGCTCGTCAGACCCGT-24-k562,14311.0,0.10998533
1778,448853,TGCTCGTTCTGAGCAT-25-k562,13423.0,0.08396037
1779,448864,TGCTGAAAGACGACGT-46-k562,9858.0,0.13258268
1780,448880,TGCTGAAAGCTCGGCT-13-k562,17200.0,0.10180233
1781,448943,TGCTGAACATATCTGG-6-k562,13657.0,0.109248005
1782,448987,TGCTGAAGTGTACAGG-46-k562,11944.0,0.100217685
1783,449005,TGCTGAAGTTTCGTTT-17-k562,21725.0,0.14927503
1784,449027,TGCTGAATCCTGGGAC-40-k562,14732.0,0.10046158
1785,449064,TGCTTCGAGCAAGCCA-21-k562,8036.0,0.13825287
1786,449160,TGCTTCGGTCGTGGTC-12-k562,21868.0,0.12552588
1787,449240,TGCTTCGTCTGTCAGA-41-k562,18368.0,0.15864547
1788,449253,TGCTTGCAGATAACGT-38-k562,17033.0,0.13250749
1789,449307,TGCTTGCCAAGAGTTA-32-k562,8972.0,0.08002675
1790,449438,TGCTTGCTCTGAGAGG-25-k562,3780.0,0.14708994
1791,449451,TGGAACTAGACAGCGT-35-k562,15430.0,0.13920933
1792,449661,TGGAGAGAGAAAGCGA-25-k562,12601.0,0.079596855
1793,450084,TGGATCAAGCACTCTA-10-k562,20470.0,0.09516365
1794,450149,TGGATCACAGGCATTT-44-k562,16340.0,0.105507955
1795,450195,TGGATCAGTGAATATG-21-k562,17764.0,0.10650754
1796,450229,TGGATCATCACTCGAA-28-k562,13104.0,0.11240842
1797,450243,TGGATCATCCTTCTTC-12-k562,17126.0,0.10428588
1798,450349,TGGATGTCAGGGTCTC-39-k562,17059.0,0.06735448
1799,450397,TGGATGTGTGTTGAGG-1-k562,15099.0,0.098019734
1800,450413,TGGATGTTCAGAGTGG-28-k562,9137.0,0.14983036
1801,450455,TGGCGTGAGAAATGGG-24-k562,20858.0,0.09420846
1802,450561,TGGCGTGGTACGGCAA-28-k562,12498.0,0.11433829
1803,450580,TGGCGTGGTGAGATTA-11-k562,12814.0,0.078507885
1804,450615,TGGCGTGTCCCAGTGG-45-k562,11568.0,0.13208853
1805,450625,TGGCGTGTCCTTGAAG-14-k562,10738.0,0.08539765
1806,450641,TGGCGTGTCTGCGAGC-47-k562,6778.0,0.13322514
1807,450692,TGGGAAGAGTGGTGGT-19-k562,13275.0,0.13642184
1808,450861,TGGGAGAAGCAGTCTT-13-k562,13037.0,0.17910562
1809,450956,TGGGAGAGTCAAACGG-12-k562,13810.0,0.12013034
1810,451243,TGGGATTTCGCTAGCG-38-k562,4426.0,0.066877544
1811,451247,TGGGATTTCGTTCTCG-47-k562,6732.0,0.11215092
1812,451272,TGGGCGTAGCAGCACA-24-k562,13952.0,0.10421445
1813,451288,TGGGCGTAGGTAAGAG-34-k562,11727.0,0.14300333
1814,451387,TGGGCGTGTGGACCAA-11-k562,23741.0,0.11730761
1815,451432,TGGGCGTTCTAGAACC-23-k562,14797.0,0.102723524
1816,451545,TGGGCTGGTAGTGCGA-35-k562,11556.0,0.14935964
1817,451623,TGGGCTGTCCTTCTGG-28-k562,14443.0,0.110849544
1818,451894,TGGTACACACCTTCGT-27-k562,14514.0,0.1030729
1819,451928,TGGTACACATCTAGAC-11-k562,17842.0,0.1313754
1820,452083,TGGTAGTCACAGCGCT-43-k562,20444.0,0.08731168
1821,452092,TGGTAGTCACGCCACA-11-k562,7258.0,0.10870764
1822,452460,TGGTTAGCAATCTGCA-32-k562,16170.0,0.07557204
1823,452497,TGGTTAGCAGTAGTTC-14-k562,17049.0,0.09091442
1824,452714,TGTAACGCATGCTGCG-29-k562,11742.0,0.113949925
1825,452773,TGTAACGTCACCCATC-31-k562,12489.0,0.116582595
1826,452777,TGTAACGTCAGAACCT-2-k562,11630.0,0.11074807
1827,453137,TGTACAGCAGTGACCC-1-k562,14848.0,0.10472791
1828,453151,TGTACAGCATGTGTCA-35-k562,18814.0,0.108004674
1829,453347,TGTAGACGTAGAATGT-4-k562,15616.0,0.12275871
1830,453432,TGTAGACTCTTGCAAG-32-k562,11170.0,0.0992838
1831,453457,TGTCAGAAGGCCCAAA-6-k562,11689.0,0.12883908
1832,453551,TGTCAGAGTGTCGATT-3-k562,12554.0,0.095507406
1833,453761,TGTCCACGTTGACTGT-35-k562,18674.0,0.0685445
1834,453813,TGTCCCAAGAGGATGA-16-k562,16771.0,0.0892016
1835,453831,TGTCCCAAGGCTGAAC-42-k562,11914.0,0.11943932
1836,453857,TGTCCCACAATACCCA-39-k562,13658.0,0.1506077
1837,453990,TGTCCCATCTACTTCA-25-k562,10970.0,0.088605285
1838,454054,TGTCCTGAGTGTGTTC-16-k562,9851.0,0.14942646
1839,454065,TGTCCTGCAACCGCTG-3-k562,21317.0,0.09466623
1840,454077,TGTCCTGCACAGCTTA-24-k562,15685.0,0.12183615
1841,454478,TGTGATGCAGGCATTT-48-k562,18971.0,0.08344315
1842,454507,TGTGATGGTACTGCCG-11-k562,12232.0,0.110121
1843,454717,TGTGCGGGTACCCGCA-30-k562,10705.0,0.09631014
1844,454770,TGTGCGGTCACCCTCA-28-k562,11424.0,0.11896008
1845,454839,TGTGGCGAGCTCAGAG-7-k562,18410.0,0.08413906
1846,454849,TGTGGCGAGGTGCTTT-35-k562,8987.0,0.13875598
1847,454922,TGTGGCGGTACCGGAA-28-k562,11389.0,0.102379486
1848,454976,TGTGGCGTCGCTATTT-19-k562,8466.0,0.13879046
1849,455002,TGTGTGAAGCAACAGC-22-k562,15174.0,0.10827731
1850,455119,TGTGTGAGTTACCGTA-47-k562,6122.0,0.14766416
1851,455122,TGTGTGAGTTCGGTAT-12-k562,7928.0,0.10973764
1852,455171,TGTTACTAGACTAGAT-41-k562,16462.0,0.13242619
1853,455256,TGTTACTGTAACGATA-47-k562,8777.0,0.11758004
1854,455387,TGTTCATAGTCAGAGC-17-k562,10866.0,0.12654151
1855,455496,TGTTCATTCAAGGTGG-27-k562,9874.0,0.12963338
1856,455604,TGTTCCGCAAGCCCAC-18-k562,10896.0,0.12986417
1857,455692,TGTTCCGTCATCGCCT-11-k562,10021.0,0.12773177
1858,455817,TGTTCTACAAGCACAG-6-k562,16178.0,0.07806898
1859,456005,TGTTGAGCAATAGTAG-17-k562,9389.0,0.072744705
1860,456037,TGTTGAGCATCTGCGG-7-k562,17180.0,0.06705471
1861,456237,TGTTGGACATTCACAG-24-k562,14090.0,0.097303055
1862,456340,TGTTGGATCTTAGTTC-31-k562,8465.0,0.11246309
1863,456351,TGTTTGTAGATACTGA-20-k562,10407.0,0.12702988
1864,456407,TGTTTGTCACCAACAT-47-k562,9196.0,0.113092646
1865,456604,TTAATCCCAAGAAATC-6-k562,22746.0,0.11267915
1866,456755,TTACAGGAGACTACGG-47-k562,6300.0,0.095396824
1867,456760,TTACAGGAGCACTAAA-7-k562,15924.0,0.10003768
1868,456916,TTACAGGTCCATTGTT-39-k562,13523.0,0.08001183
1869,456918,TTACAGGTCCCATTTA-35-k562,18640.0,0.070118025
1870,456951,TTACAGGTCTGGACTA-32-k562,10595.0,0.09174139
1871,456966,TTACCATAGATGAAGG-40-k562,16017.0,0.03490042
1872,457046,TTACCATCATCAACCA-26-k562,14061.0,0.11442998
1873,457071,TTACCATGTCATAGTC-16-k562,13227.0,0.10607091
1874,457084,TTACCATGTCTTCTAT-42-k562,12169.0,0.12753719
1875,457102,TTACCATGTTAACCTG-48-k562,35727.0,0.12237243
1876,457144,TTACCATTCCTCTAAT-8-k562,10484.0,0.08069439
1877,457335,TTACCGCTCGAGAACG-17-k562,16434.0,0.0947426
1878,457451,TTACGCCGTAACTTCG-16-k562,21531.0,0.0878733
1879,457638,TTACGTTGTAGGTGCA-7-k562,18503.0,0.07620386
1880,457920,TTACTGTTCGCCGATG-37-k562,13933.0,0.13048159
1881,457998,TTAGGCACAAGTGATA-38-k562,40406.0,0.09654507
1882,458147,TTAGGGTAGAACTTCC-27-k562,8539.0,0.103056565
1883,458401,TTAGTCTAGGTTCAGG-39-k562,12787.0,0.07124423
1884,458657,TTATTGCCAGGCTACC-28-k562,7950.0,0.09610063
1885,458960,TTCAATCTCTGTAAGC-4-k562,19324.0,0.10820741
1886,459086,TTCACCGGTGGAGGTT-42-k562,10268.0,0.12962602
1887,459232,TTCACGCGTACCTATG-45-k562,13170.0,0.12710707
1888,459250,TTCACGCGTCGACTGC-25-k562,6648.0,0.12123947
1889,459389,TTCAGGACAATAACGA-30-k562,23929.0,0.101759374
1890,459484,TTCAGGATCACTTGGA-27-k562,12997.0,0.10286989
1891,459515,TTCAGGATCGTCCATC-37-k562,11398.0,0.102649584
1892,459536,TTCATGTAGAATAGTC-8-k562,6861.0,0.089782834
1893,459565,TTCATGTAGGGAGTTC-33-k562,9734.0,0.08711732
1894,459644,TTCATGTGTAGTCGGA-4-k562,11311.0,0.0650694
1895,459751,TTCATTGAGATGGCGT-32-k562,6961.0,0.11866111
1896,459816,TTCATTGCACAACATC-36-k562,14843.0,0.13420467
1897,459832,TTCATTGCAGTGCCTG-19-k562,24419.0,0.09893935
1898,460091,TTCCAATTCCGATGTA-33-k562,14747.0,0.11582017
1899,460111,TTCCAATTCGTTCTAT-15-k562,14128.0,0.09796149
1900,460148,TTCCACGAGCGATGGT-15-k562,21834.0,0.1060273
1901,460225,TTCCACGGTAAGCAAT-6-k562,18241.0,0.1121649
1902,460303,TTCCACGTCGTTGTAG-2-k562,12618.0,0.098589316
1903,460315,TTCCACGTCTTGGATG-13-k562,11812.0,0.121994585
1904,460421,TTCCGGTGTAGTCCTA-48-k562,13254.0,0.12864041
1905,460517,TTCCGTGAGACTGGGT-44-k562,11427.0,0.12050407
1906,460649,TTCCGTGTCAAAGGTA-10-k562,8483.0,0.1304963
1907,460682,TTCCGTGTCGGTAAGG-47-k562,6212.0,0.08950418
1908,460739,TTCCTAACAAAGGGTC-13-k562,13954.0,0.124767095
1909,460827,TTCCTAAGTCGTACTA-13-k562,10439.0,0.19149344
1910,460961,TTCCTCTCAGAACGCA-23-k562,15376.0,0.12688605
1911,461089,TTCCTCTTCTGAATCG-13-k562,12701.0,0.09007165
1912,461257,TTCCTTCGTTCCGCAG-7-k562,14861.0,0.10026243
1913,461311,TTCGATTAGAGAGAAC-19-k562,11269.0,0.109148994
1914,461377,TTCGATTCACTAAACC-10-k562,3406.0,0.1280094
1915,461731,TTCGGTCAGGAGGGTG-42-k562,13045.0,0.12518206
1916,461837,TTCGGTCGTGTCATCA-39-k562,19659.0,0.1175543
1917,461880,TTCGGTCTCGTAACTG-17-k562,11575.0,0.10609071
1918,461909,TTCTAACAGAGTGTGC-3-k562,15607.0,0.10194144
1919,462033,TTCTAACTCCCGAGGT-13-k562,23304.0,0.088825956
1920,462109,TTCTAGTAGTACAGAT-23-k562,19147.0,0.108215384
1921,462268,TTCTCTCAGACGCAGT-44-k562,12295.0,0.12297682
1922,462288,TTCTCTCAGGAGACCT-22-k562,10925.0,0.1017849
1923,462370,TTCTCTCGTATGTCTG-23-k562,24761.0,0.08549736
1924,462377,TTCTCTCGTCCGTACG-45-k562,11931.0,0.100913584
1925,462598,TTCTGTAGTTCAAGTC-41-k562,15620.0,0.11715749
1926,462635,TTCTGTATCGTGCGAC-23-k562,16783.0,0.1135673
1927,463090,TTGAACGAGTTCATGC-9-k562,20714.0,0.09742203
1928,463245,TTGAACGTCTCGCTCA-30-k562,9872.0,0.13047002
1929,463311,TTGACCCCACAGCATT-29-k562,10817.0,0.105574556
1930,463322,TTGACCCCAGAATTCC-44-k562,12284.0,0.08572126
1931,463771,TTGATGGGTACAGAGC-28-k562,6784.0,0.0938974
1932,463782,TTGATGGGTATGAAAC-13-k562,12231.0,0.09933775
1933,463907,TTGCATTAGGTACAGC-6-k562,14431.0,0.0863419
1934,463915,TTGCATTAGTACTGGG-7-k562,17328.0,0.102204524
1935,463949,TTGCATTCAGACGGAT-28-k562,8243.0,0.12070848
1936,463965,TTGCATTCATGCCGCA-23-k562,12925.0,0.12649903
1937,464062,TTGCATTTCTACGCAA-40-k562,22478.0,0.09996441
1938,464183,TTGCCTGGTGAACGGT-43-k562,10771.0,0.13109274
1939,464290,TTGCGTCAGCGCCTAC-30-k562,14574.0,0.094071634
1940,464298,TTGCGTCAGGTAGACC-43-k562,8097.0,0.1364703
1941,464424,TTGCGTCTCCGTCCTA-45-k562,19061.0,0.1390798
1942,464543,TTGCTGCCATATCTCT-22-k562,14327.0,0.11314302
1943,464581,TTGCTGCGTTAGCTAC-27-k562,13698.0,0.08745802
1944,464612,TTGCTGCTCCCATAAG-45-k562,19870.0,0.0994464
1945,464858,TTGGGATAGCTGAGTG-39-k562,14630.0,0.13062201
1946,464867,TTGGGATAGGCTCTCG-2-k562,12623.0,0.09173731
1947,464880,TTGGGATAGTACAGAT-12-k562,13501.0,0.12576847
1948,464901,TTGGGATCACCATAAC-23-k562,13598.0,0.11876746
1949,464972,TTGGGATTCAGTGGGA-25-k562,14412.0,0.11594505
1950,464992,TTGGGATTCGCTAAAC-15-k562,9647.0,0.114232406
1951,465016,TTGGGCGAGATACAGT-26-k562,8977.0,0.11774535
1952,465110,TTGGGCGCATCGTTCC-34-k562,13503.0,0.10538399
1953,465188,TTGGGCGTCCACTGAA-34-k562,9786.0,0.1277335
1954,465305,TTGGGTACATACATCG-41-k562,11437.0,0.12319664
1955,465601,TTGGTTTTCCTCTGCA-47-k562,9112.0,0.101733975
1956,465646,TTGTGGAAGCTCCCTT-29-k562,18106.0,0.082735
1957,465670,TTGTGGAAGTTGTACC-5-k562,24814.0,0.08201016
1958,465921,TTGTGTTCATGACTGT-27-k562,7254.0,0.11304108
1959,466075,TTGTTCAAGGGCCCTT-9-k562,11521.0,0.10849752
1960,466154,TTGTTCAGTCACCGCA-9-k562,25700.0,0.1359533
1961,466255,TTGTTGTAGAGATCGC-1-k562,7278.0,0.12256114
1962,466349,TTGTTGTGTAGGGAGG-36-k562,9841.0,0.12458084
1963,466528,TTGTTTGCAGACCGCT-31-k562,14751.0,0.08589248
1964,466629,TTGTTTGTCTACGCGG-42-k562,11511.0,0.13057075
1965,466714,TTTACCACAGAGTTCT-22-k562,17959.0,0.08491564
1966,466725,TTTACCACAGGCCTGT-39-k562,16078.0,0.092922
1967,466758,TTTACCAGTGAGGAAA-9-k562,11975.0,0.10572025
1968,466782,TTTACCATCAACGTGT-15-k562,19624.0,0.11134325
1969,466786,TTTACCATCATAGGCT-30-k562,14363.0,0.09190281
1970,466812,TTTACCATCGGTGTAT-46-k562,22018.0,0.0778454
1971,466836,TTTACGTAGCAATTCC-23-k562,24547.0,0.08999063
1972,466871,TTTACGTAGTAAATGC-45-k562,23550.0,0.07787686
1973,467327,TTTAGTCGTAACGCGA-10-k562,17746.0,0.08204666
1974,467405,TTTAGTCTCGCAGTGC-19-k562,23794.0,0.10931327
1975,467421,TTTAGTCTCTCTCCGA-24-k562,16959.0,0.11168111
1976,467627,TTTATGCTCTCCTGAC-34-k562,13695.0,0.13420956
1977,467868,TTTCAGTAGCCTCACG-19-k562,15607.0,0.103222914
1978,467873,TTTCAGTAGCTCCACG-23-k562,15192.0,0.120589785
1979,467931,TTTCAGTCACTCAAGT-37-k562,7874.0,0.12103124
1980,468114,TTTCATGAGTGGATTA-9-k562,17285.0,0.035753544
1981,468208,TTTCATGGTCTTCAAG-31-k562,8424.0,0.13046059
1982,468272,TTTCATGTCGTGAGAG-47-k562,8158.0,0.121108115
1983,468330,TTTCCTCAGTTGCCCG-12-k562,29251.0,0.11209873
1984,468392,TTTCCTCGTATCACGT-2-k562,22239.0,0.08390665
1985,468430,TTTCCTCGTTCACGAT-33-k562,8476.0,0.12163757
1986,468484,TTTCCTCTCTGACCCT-39-k562,19672.0,0.103751525
1987,468664,TTTCGATTCAGGGTAG-42-k562,9772.0,0.112566516
1988,468675,TTTCGATTCCGTGTGG-48-k562,19604.0,0.10084677
1989,468766,TTTGACTCACAAATGA-2-k562,9605.0,0.1087975
1990,468984,TTTGATCCACACGGAA-27-k562,3790.0,0.076253295
1991,469037,TTTGATCGTCTGCCTT-42-k562,17629.0,0.06767259
1992,469047,TTTGATCGTTAATCGC-30-k562,6942.0,0.08801498
1993,469073,TTTGATCTCATGGGAG-46-k562,13199.0,0.1482688
1994,469177,TTTGGAGCACTGTGAT-1-k562,8863.0,0.10594607
1995,469215,TTTGGAGGTCCCTGAG-32-k562,4406.0,0.14866091
1996,469216,TTTGGAGGTCGCACAC-5-k562,13569.0,0.080698654
1997,469242,TTTGGAGGTTGCATAC-7-k562,17290.0,0.08976287
1998,469458,TTTGGTTTCCCGTGTT-19-k562,21310.0,0.09967151
1999,469607,TTTGTTGGTCGGCCTA-1-k562,15446.0,0.12119643
