row,kind,unit,max_dev,q_max,accepted_as
281203,integer_multiple,0.5131100008349914,8.350605253326648e-05,575.0000835060525,integer_multiple
281299,integer_multiple,0.9172628611861003,5.628932296986022e-05,356.9999514761303,integer_multiple
281302,integer_multiple,0.9345793960022611,6.031854792354352e-05,310.0000603185479,integer_multiple
281389,integer_multiple,0.8376612175941476,2.9936567926824864e-05,191.00000409422807,integer_multiple
281502,integer_multiple,0.6926166324355182,4.328615622739562e-05,289.9999973994931,integer_multiple
281560,integer_multiple,3.5063115382474934,1.3762867325795014e-05,59.999986237132674,integer_multiple
281630,integer_multiple,0.9009008486974117,5.0381226685658476e-05,280.0000503812267,integer_multiple
281756,integer_multiple,0.544988847202851,8.096923318134941e-05,436.9999834427573,integer_multiple
281791,integer_multiple,0.5602240987024653,3.907628726551593e-05,409.99999384116853,integer_multiple
281802,integer_multiple,0.7410152034180932,7.165691260979656e-05,324.0000716569126,integer_multiple
281943,integer_multiple,0.7905137745029363,6.838263664121769e-05,439.99993161736336,integer_multiple
282042,integer_multiple,1.0405826468242683,2.697807991580703e-05,155.00002650204596,integer_multiple
282046,integer_multiple,1.0876659505808484,3.591108418277145e-05,239.00003591108418,integer_multiple
282311,integer_multiple,0.6197322905707685,9.494226759443336e-05,434.9999050577324,integer_multiple
282337,integer_multiple,0.6188118162109378,5.871543754665254e-05,339.99994128456245,integer_multiple
282353,integer_multiple,0.4324698515655862,0.00010677431890826483,373.9998932256811,integer_multiple
282429,integer_multiple,0.6419308794302179,6.275059220683943e-05,410.99995485358045,integer_multiple
282433,integer_multiple,0.7686985864635585,3.0085406294233508e-05,262.0000208487148,integer_multiple
282477,integer_multiple,0.5078720630007688,5.446039466505681e-05,385.0000235368743,integer_multiple
282511,integer_multiple,0.6264094043640355,4.170379585843875e-05,417.00003389593076,integer_multiple
282574,integer_multiple,0.7543184657755222,4.262291929535422e-05,251.0000426229193,integer_multiple
282708,integer_multiple,0.800000017275307,3.5917125359219426e-05,191.99998936976613,integer_multiple
282941,integer_multiple,0.5674081146214742,0.00010436340147634837,563.9999885979294,integer_multiple
283081,integer_multiple,0.514191700927802,5.733799315521537e-05,448.00005733799316,integer_multiple
283171,integer_multiple,0.7086670325860112,4.309993983042659e-05,342.00001099937566,integer_multiple
283232,integer_multiple,0.9219138848833449,3.645920224926158e-05,244.9999681748236,integer_multiple
283389,integer_multiple,0.6831067252675211,0.00010533086532404923,432.00000020387364,integer_multiple
283552,integer_multiple,1.9747234346948195,1.3211390893275166e-05,228.9999913789013,integer_multiple
283577,integer_multiple,0.6387327292431568,7.473594899920499e-05,335.0000092662489,integer_multiple
283733,integer_multiple,0.5003001961181456,2.7842724534821173e-05,335.0000274009768,integer_multiple
283754,integer_multiple,0.6133839908157344,7.723886545818459e-05,407.00007723886546,integer_multiple
283908,integer_multiple,0.4077471345947634,9.705980176022422e-05,518.0000593389896,integer_multiple
284005,integer_multiple,1.8443378135591095,2.4794074334977267e-05,94.99997520592567,integer_multiple
284267,integer_multiple,0.3349410627636266,0.0001414698924691038,692.9998585301075,integer_multiple
284298,integer_multiple,0.6453278186937683,4.030620510775407e-05,343.99998394800724,integer_multiple
284399,integer_multiple,0.4377900312954795,9.735032517710351e-05,622.9999026496748,integer_multiple
284726,integer_multiple,0.6233636901803261,5.156068016276549e-05,460.99994843931984,integer_multiple
284751,integer_multiple,0.6721333287890648,4.463216885142174e-05,374.9999578282905,integer_multiple
284753,integer_multiple,1.6630635407308796,6.464242682113763e-05,258.9999353575732,integer_multiple
284822,integer_multiple,1.0768898257379285,4.837313574057589e-05,239.0000212981842,integer_multiple
284835,integer_multiple,0.6552650480372225,3.5469777799335134e-05,407.9999960649953,integer_multiple
284933,integer_multiple,0.797829917324998,5.037458294054886e-05,311.9999652842912,integer_multiple
284957,integer_multiple,0.45777071592871554,9.457916314659087e-05,471.99990542083685,integer_multiple
284996,integer_multiple,0.6992028596457753,3.250095693374533e-05,222.99999745204016,integer_multiple
285072,integer_multiple,0.5131626266722571,5.611558560758567e-05,257.0000561155856,integer_multiple
285079,integer_multiple,0.7655794590532192,6.673234693721497e-05,297.99997230427306,integer_multiple
285083,integer_multiple,0.6993985446123923,4.181974151151735e-05,400.9999605221008,integer_multiple
285379,integer_multiple,0.6302785744692486,0.00010558990862818973,475.0000560603241,integer_multiple
285456,integer_multiple,1.4374011790824,4.111014246177547e-05,180.00004111014246,integer_multiple
285596,integer_multiple,1.0145074472808406,3.030413930105169e-05,215.0000243652748,integer_multiple
285626,integer_multiple,0.7226477929519133,3.2887404699977196e-05,356.00002164237515,integer_multiple
285656,integer_multiple,0.8585164715084764,3.795662260586141e-05,258.99998149123263,integer_multiple
285670,integer_multiple,0.4905327742349928,0.00012743793786285096,649.9998743916378,integer_multiple
285827,integer_multiple,0.6516356263787711,0.00011913742497426938,438.999880862575,integer_multiple
285917,integer_multiple,0.6574189458146985,5.4677552668636054e-05,307.99994532244733,integer_multiple
285928,integer_multiple,1.0203040582806033,2.4202919348681462e-05,273.9999793398898,integer_multiple
286526,integer_multiple,0.7927699302568605,8.873889782989863e-05,327.00008873889783,integer_multiple
286585,integer_multiple,1.2294074181461967,7.867907953595932e-05,312.00007867907954,integer_multiple
286638,integer_multiple,1.195600338897949,3.5897489539138405e-05,229.99996410251046,integer_multiple
286648,integer_multiple,0.6049972774679986,3.2476119429247774e-05,340.00001046028893,integer_multiple
286728,integer_multiple,0.784682983092204,5.141698136412742e-05,287.99994858301864,integer_multiple
287149,integer_multiple,0.6099048370207981,5.565986367628284e-05,279.0000527109692,integer_multiple
287161,integer_multiple,0.8894423426683639,5.162641605238605e-05,275.00005162641605,integer_multiple
287207,integer_multiple,0.9828009562498734,4.425328555157648e-05,262.0000345442061,integer_multiple
287349,integer_multiple,1.071352070334718,2.4426071149719064e-05,247.99997972431393,integer_multiple
287568,integer_multiple,0.4527140422093109,0.00014580646507056372,543.9998541935349,integer_multiple
287812,integer_multiple,0.7291819404319891,4.909378424144961e-05,307.00002679544207,integer_multiple
287830,integer_multiple,0.45298058607572994,7.014159439222567e-05,419.9999725130329,integer_multiple
288127,integer_multiple,0.5490282399581794,0.00016081424291769508,791.0000068306862,integer_multiple
288217,integer_multiple,0.9504800112891261,6.239518734219018e-05,347.99993760481266,integer_multiple
288236,integer_multiple,0.6948304477802805,0.00012326223009040405,485.0001232622301,integer_multiple
288375,integer_multiple,0.6644960058901151,4.771862086272449e-05,357.99995228137914,integer_multiple
288408,integer_multiple,1.2202562586780767,2.397324509217924e-05,208.00000652050238,integer_multiple
288522,integer_multiple,1.1930327720629128,1.4505804088571495e-05,110.00000321636074,integer_multiple
288554,integer_multiple,0.40723240954143636,7.74069954445622e-05,482.00002725739483,integer_multiple
288762,integer_multiple,0.9057971672841495,6.043373412012443e-05,263.9999395662659,integer_multiple
288774,integer_multiple,0.5229578777093445,6.270052580248375e-05,420.0000627005258,integer_multiple
288882,integer_multiple,0.6044121995398913,0.00010957696821378704,442.0001095769682,integer_multiple
288891,integer_multiple,0.9730467079673335,4.0558651676292357e-05,292.0000405586517,integer_multiple
288896,integer_multiple,0.5454942195016834,7.835736988681674e-05,296.0000783573699,integer_multiple
288910,integer_multiple,0.6837607444412487,5.746264037043147e-05,394.0000294293383,integer_multiple
288993,integer_multiple,0.9947279006245059,4.987959286495425e-05,207.99995012040714,integer_multiple
289214,integer_multiple,0.6031363279072574,3.543258145555228e-05,412.99997675721687,integer_multiple
289219,integer_multiple,0.7418396642731403,5.772869576503581e-05,272.00005772869577,integer_multiple
289241,integer_multiple,0.7580351008594048,5.605087147841914e-05,291.99999730178024,integer_multiple
289249,integer_multiple,0.8520791408129637,6.536758442621249e-05,247.99993463241557,integer_multiple
289288,integer_multiple,0.7255841056937122,4.858944697616607e-05,335.000048589447,integer_multiple
289295,integer_multiple,0.4705439932130738,0.0001129090857148185,475.9998870909143,integer_multiple
289391,integer_multiple,0.6195786970372101,9.007301372321308e-05,496.00000950987453,integer_multiple
289393,integer_multiple,0.440509213660766,6.057043805185458e-05,415.99994550666156,integer_multiple
289396,integer_multiple,0.6297228929362623,6.021322673177565e-05,419.99993978677327,integer_multiple
289428,integer_multiple,1.0434056422870162,2.3985796588021913e-05,153.0000239857966,integer_multiple
289779,integer_multiple,1.0438413546976102,2.6521731115281e-05,240.00000726338038,integer_multiple
289789,integer_multiple,0.628219679788992,0.00011138118435383149,507.0000059187776,integer_multiple
289835,integer_multiple,0.7531821021100787,9.435497997856146e-05,422.00007042249683,integer_multiple
289903,integer_multiple,0.4064544922540011,8.217437618895929e-05,572.9999869895329,integer_multiple
289913,integer_multiple,0.4470872333814762,6.466312524366913e-05,409.9999909821903,integer_multiple
290093,integer_multiple,0.8848774272338213,3.280375113945411e-05,344.00000375885327,integer_multiple
290134,integer_multiple,0.8199409520693328,7.134532694408335e-05,388.9999463749326,integer_multiple
290172,integer_multiple,0.5343307579270469,5.2223088260916484e-05,369.99999956701384,integer_multiple
290344,integer_multiple,0.597692875859057,2.8534394601820168e-05,308.9999775926338,integer_multiple
290405,integer_multiple,0.46032038129087,4.790315523450772e-05,391.00004503554646,integer_multiple
290441,integer_multiple,0.7494566441117062,6.995938377940547e-05,354.0000699593838,integer_multiple
290494,integer_multiple,0.49763622767865945,8.638093186164042e-05,526.0000863809319,integer_multiple
290674,integer_multiple,0.9441979358921382,3.5515579611455905e-05,213.9999644844204,integer_multiple
290707,integer_multiple,0.5894488808147982,6.180750762041498e-05,438.0000401851343,integer_multiple
290787,integer_multiple,0.6960395803970251,7.487699690500449e-05,416.9999251230031,integer_multiple
290814,integer_multiple,0.4960563825191876,4.655225473015889e-05,515.9999634727861,integer_multiple
291630,integer_multiple,0.6632619724656591,6.266721828751542e-05,371.0000626672183,integer_multiple
291647,integer_multiple,0.7390437072903462,3.6414530853789984e-05,226.99996358546915,integer_multiple
291777,integer_multiple,0.5727376976790873,6.919091413237766e-05,396.00006919091413,integer_multiple
291803,integer_multiple,0.6978367316250881,4.735311540571274e-05,415.0000473531154,integer_multiple
291943,integer_multiple,0.8203445310046447,5.120080373899327e-05,298.99994879919626,integer_multiple
291976,integer_multiple,1.5439246138139269,2.9569372514970382e-05,181.00002956937251,integer_multiple
292073,integer_multiple,0.5223295695115494,4.628463881317657e-05,323.0000462846388,integer_multiple
292148,integer_multiple,0.816526484812168,5.2938667636226455e-05,274.99994706133236,integer_multiple
292267,integer_multiple,0.6704659358839636,7.285284937097458e-05,310.99995710696436,integer_multiple
292787,integer_multiple,0.5937184549438683,6.285792579774352e-05,273.0000628579258,integer_multiple
292802,integer_multiple,0.5897269153632626,7.16862729177592e-05,346.0000716862729,integer_multiple
292839,integer_multiple,0.7246377078892203,7.004921860698232e-05,352.0000700492186,integer_multiple
292981,integer_multiple,0.3902591310475067,0.0001561544016794869,814.0001561544017,integer_multiple
293137,integer_multiple,0.46899916303251477,5.4006848472454294e-05,350.0000540068485,integer_multiple
293147,integer_multiple,0.9459842848145007,3.655121761880764e-05,268.00002050046777,integer_multiple
293159,integer_multiple,0.5690872030950904,3.990697953781819e-05,368.99996781307476,integer_multiple
293210,integer_multiple,0.8233841170995896,4.221163661100036e-05,305.9999612971414,integer_multiple
293373,integer_multiple,0.8314624809760183,3.2341963560611475e-05,366.00001445906304,integer_multiple
293510,integer_multiple,0.6112469342356205,5.944969359461538e-05,399.0000594496936,integer_multiple
293529,integer_multiple,0.6660006355960658,5.90375645685981e-05,355.00003980846844,integer_multiple
293566,integer_multiple,0.577167256110428,8.736539786013964e-05,511.99991263460214,integer_multiple
293733,integer_multiple,0.5425052844909367,3.150866641021821e-05,341.0000257638146,integer_multiple
293934,integer_multiple,0.8985533116081873,1.9230471281161954e-05,178.9999950760365,integer_multiple
294164,integer_multiple,0.9443762883591663,4.307784712409557e-05,214.99995692215288,integer_multiple
294169,integer_multiple,0.447247198634314,7.101610071913456e-05,433.0000710161007,integer_multiple
294366,integer_multiple,0.8054772507113704,6.299292044786853e-05,349.99993700707955,integer_multiple
294559,integer_multiple,0.5745474991735615,5.350622689093143e-05,297.99999649565086,integer_multiple
294590,integer_multiple,0.9112448590074169,3.0490992060094868e-05,220.00001778985774,integer_multiple
294597,integer_multiple,0.8336112081949101,4.0285247052906925e-05,281.00004028524705,integer_multiple
294669,integer_multiple,0.6048874574694282,5.440286025759633e-05,334.99999488299227,integer_multiple
294722,integer_multiple,0.6253517767338455,8.407427537804324e-05,495.0000840742754,integer_multiple
294796,integer_multiple,0.5586904090477001,7.869284473827065e-05,400.00007869284474,integer_multiple
294803,integer_multiple,2.609603549268884,2.654820967507021e-05,124.00001965841722,integer_multiple
294955,integer_multiple,0.3494670507740194,0.00016444188736386423,753.0001325332522,integer_multiple
295000,integer_multiple,1.1642798930453184,3.416188728522229e-05,261.0000332234696,integer_multiple
295063,integer_multiple,0.7181328161147319,3.195444281800519e-05,222.99997532577083,integer_multiple
295104,integer_multiple,0.9916700072402401,2.0450157421691983e-05,191.9999907326299,integer_multiple
295257,integer_multiple,1.1435106445103502,2.460674764392934e-05,208.00002460674764,integer_multiple
295308,integer_multiple,0.34025182811208293,8.41680866869865e-05,673.9999158319133,integer_multiple
295349,integer_multiple,0.6268806570508015,8.730233224696349e-05,411.00008730233225,integer_multiple
295481,integer_multiple,0.8794300588798447,7.758598809459727e-05,325.0000775859881,integer_multiple
295484,integer_multiple,0.7794839205798847,5.3137753297960444e-05,315.00004805326677,integer_multiple
295510,integer_multiple,0.6784720689680827,7.551764619506685e-05,329.0000189938534,integer_multiple
295567,integer_multiple,0.291205582916493,4.260754838014691e-05,787.9999982355959,integer_multiple
295726,integer_multiple,0.808211444247428,6.0269576664495617e-05,369.99998497299543,integer_multiple
295874,integer_multiple,0.728279100742907,1.3785988073777844e-05,331.0000105499395,integer_multiple
295910,integer_multiple,0.541008438728938,9.52670072251749e-05,464.0000952670072,integer_multiple
295985,integer_multiple,0.7126059202132782,2.7753088545523497e-05,332.0000225359851,integer_multiple
296140,integer_multiple,0.39129757983717467,0.00012305851726068795,456.99987694148274,integer_multiple
296172,integer_multiple,1.2062725643367398,3.502361730056691e-05,272.99997556236934,integer_multiple
296193,integer_multiple,1.238390154659836,2.7426068584190944e-05,273.0000274260686,integer_multiple
296308,integer_multiple,0.46609188325332496,9.89187435607164e-05,555.0000156244745,integer_multiple
296487,integer_multiple,1.131733708857916,7.094425438936014e-05,291.0000709442544,integer_multiple
296603,integer_multiple,0.4471272553828232,6.831939651874563e-05,365.9999316806035,integer_multiple
296609,integer_multiple,0.6538512411149429,5.606974724514657e-05,391.00005606974725,integer_multiple
296686,integer_multiple,0.7785736871466846,4.187102922514896e-05,339.0000292165765,integer_multiple
296832,integer_multiple,1.2051095857592542,3.117130293617265e-05,270.0000154706462,integer_multiple
296883,integer_multiple,0.5620504110898943,8.892257591242014e-05,476.0000889225759,integer_multiple
296913,integer_multiple,0.5741846686278703,5.574533477670229e-05,456.99995806520843,integer_multiple
296952,integer_multiple,0.6136852082734519,4.613427051936014e-05,331.9999567075153,integer_multiple
296958,integer_multiple,0.46926326523695067,8.941329053868685e-05,495.00008138104033,integer_multiple
297020,integer_multiple,0.5039560837813993,4.684365890739173e-05,481.00003726046003,integer_multiple
297054,integer_multiple,0.7469375933923686,7.350646370696268e-05,398.0000526240045,integer_multiple
297061,integer_multiple,0.7966223195167141,2.4515564817306768e-05,252.00001127813,integer_multiple
297096,integer_multiple,1.2084592452698373,1.1184282755039021e-05,198.00001096751149,integer_multiple
297116,integer_multiple,1.3126804469097144,2.5437851263632183e-05,143.00002543785126,integer_multiple
297208,integer_multiple,0.784929365513049,8.106915004191251e-05,320.99991893084996,integer_multiple
297313,integer_multiple,0.38720664116943737,0.00010109756090059818,306.0001010975609,integer_multiple
297361,integer_multiple,0.7525020578789277,3.1327718360785184e-05,257.99998550803116,integer_multiple
297608,integer_multiple,0.5638250308430683,4.7628091806473094e-05,285.0000476280918,integer_multiple
297694,integer_multiple,0.8670770838046552,8.430958951066714e-05,331.9999156904105,integer_multiple
297772,integer_multiple,0.7187522955602581,5.599365249508992e-05,260.0000559936525,integer_multiple
297894,integer_multiple,0.3430296362206792,0.00013844512568539358,778.9999843955504,integer_multiple
298071,integer_multiple,0.5220296648844425,9.271867673987799e-05,419.00009271867674,integer_multiple
298086,integer_multiple,0.5003502748756582,0.00012309224746331893,450.99987690775254,integer_multiple
298127,integer_multiple,0.9489467106057149,6.0792397164277645e-05,320.99993920760284,integer_multiple
298162,integer_multiple,0.8089306807387459,5.3727965479311024e-05,263.00001531617966,integer_multiple
298237,integer_multiple,1.0227039983246784,2.880062828580776e-05,229.0000288006283,integer_multiple
298262,integer_multiple,0.9994003517860461,5.597221615971648e-05,241.9999954122342,integer_multiple
298356,integer_multiple,1.0657571722074255,2.1369845711660673e-05,200.00001623226086,integer_multiple
298411,integer_multiple,0.5584096748535382,7.3939851574778e-05,480.999968809946,integer_multiple
298414,integer_multiple,0.7372455999096281,6.451096527371192e-05,264.0000645109653,integer_multiple
298470,integer_multiple,1.1913270829110485,2.7848193155932677e-05,225.00000364706537,integer_multiple
298615,integer_multiple,0.6544931033110302,7.436354815126833e-05,430.99992563645185,integer_multiple
298743,integer_multiple,0.706813653985025,3.416308084069897e-05,267.0000167971417,integer_multiple
299012,integer_multiple,0.40950039793056736,5.031174481473499e-05,470.00001597920283,integer_multiple
299130,integer_multiple,0.8812902205833122,1.9266624974534352e-05,175.00001926662497,integer_multiple
299137,integer_multiple,0.5143768208556387,5.328771459289783e-05,398.0000273316299,integer_multiple
299165,integer_multiple,0.6498148047512801,2.335828948218932e-05,264.9999992548222,integer_multiple
299181,integer_multiple,1.1203227494715948,5.907829444140589e-05,338.99997925901766,integer_multiple
299256,integer_multiple,0.5782686445579451,4.4445844309848326e-05,333.0000131731175,integer_multiple
299265,integer_multiple,1.1081559503181826,3.8227767220178066e-05,262.9999664793094,integer_multiple
299423,integer_multiple,0.6230529267574271,5.372803590830699e-05,238.000007838927,integer_multiple
299542,integer_multiple,0.6230141338822786,7.503661629471026e-05,404.0000750366163,integer_multiple
299655,integer_multiple,0.6408202723529395,6.475839433051078e-05,377.9999358084474,integer_multiple
299665,integer_multiple,0.8291187096508845,7.394494804202623e-05,341.99992605505196,integer_multiple
299678,integer_multiple,0.728650504174137,5.066303396006333e-05,307.99994933696604,integer_multiple
299679,integer_multiple,0.49937578325719156,9.369355524313505e-05,476.99990630644476,integer_multiple
299742,integer_multiple,0.8798170253283601,4.552113676936642e-05,297.00000243631985,integer_multiple
299818,integer_multiple,1.0785158545676716,4.480841064946617e-05,237.00001095087063,integer_multiple
299821,integer_multiple,0.39197240254011695,0.00014872373969865293,546.0001487237397,integer_multiple
300062,integer_multiple,0.6332320253747842,8.145774768308911e-05,447.0000814577477,integer_multiple
300232,integer_multiple,1.7021277967721076,1.4846855592054453e-05,109.99999792956257,integer_multiple
300235,integer_multiple,0.8736677220431808,3.707895399429617e-05,361.000037078954,integer_multiple
300280,integer_multiple,0.8064516429929226,7.154050439339699e-05,323.9999284594956,integer_multiple
300309,integer_multiple,0.7432181314947972,3.0173666857535864e-05,281.99996982633314,integer_multiple
300352,integer_multiple,0.7763975483863147,6.047659837804531e-05,420.9999395234016,integer_multiple
300407,integer_multiple,0.5752747256795074,5.731717664048119e-05,399.00002011866053,integer_multiple
300441,integer_multiple,0.7640003517512519,5.634468391235714e-05,309.0000563446839,integer_multiple
300533,integer_multiple,0.8040524547718632,7.441044857614543e-05,348.9999255895514,integer_multiple
300534,integer_multiple,0.6094959167941356,5.513687705160919e-05,385.9999830268017,integer_multiple
300544,integer_multiple,0.5776340674233725,5.082371512799e-05,367.00001875633205,integer_multiple
300553,integer_multiple,0.4456129271702338,0.00010740978478906982,697.0000626564286,integer_multiple
300589,integer_multiple,1.000400229434889,3.9035498417661074e-05,266.0000343555579,integer_multiple
300680,integer_multiple,0.6734006749532739,6.282091584353111e-05,419.00006282091584,integer_multiple
300763,integer_multiple,0.7807010140414606,5.121437465049894e-05,319.00004350128916,integer_multiple
301010,integer_multiple,1.130326589158618,4.433169638673462e-05,207.00001911247304,integer_multiple
301013,integer_multiple,0.6875687870339798,6.139198632126863e-05,360.00000555318775,integer_multiple
301050,integer_multiple,0.685447937618961,5.197754546770739e-05,347.00005197754547,integer_multiple
301096,integer_multiple,0.5663797516035453,9.748438964152228e-05,376.99990251561036,integer_multiple
301147,integer_multiple,0.5166623556902195,5.290089421805533e-05,475.9999470991058,integer_multiple
301190,integer_multiple,0.6763611530548292,6.561172909869128e-05,280.0000656117291,integer_multiple
301253,integer_multiple,0.8906305143861969,7.004319752468291e-05,265.0000700431975,integer_multiple
301339,integer_multiple,0.8282260212349066,3.8256997584085184e-05,223.00003825699758,integer_multiple
301387,integer_multiple,0.5307574574911538,0.00017768691941455472,527.9998223130806,integer_multiple
301476,integer_multiple,0.5628728884151643,8.249102012314324e-05,372.0000824910201,integer_multiple
301685,integer_multiple,0.6164087653908071,4.896497802064914e-05,351.000048964978,integer_multiple
301757,integer_multiple,0.3436307921621554,0.0001623658432663433,594.0001623658433,integer_multiple
301817,integer_multiple,0.6948304477802805,5.7224330760163866e-05,399.9999614849738,integer_multiple
301863,integer_multiple,0.4946821615629974,5.4089992005401655e-05,508.99997413101465,integer_multiple
302021,integer_multiple,0.6892273748792178,5.01271436519346e-05,439.99994987285635,integer_multiple
302062,integer_multiple,1.095890436142987,4.2118587401773766e-05,271.9999878401613,integer_multiple
302141,integer_multiple,0.8832361842245849,6.656732057308545e-05,416.0000665673206,integer_multiple
302257,integer_multiple,0.700280115290054,3.9083386525362585e-05,582.0000039500466,integer_multiple
302293,integer_multiple,0.48440230033844267,5.4633757031297137e-05,449.00005463375703,integer_multiple
302372,integer_multiple,0.7470491154638468,3.589664098058165e-05,272.00001483300156,integer_multiple
302384,integer_multiple,0.7577479029955837,5.057075611603068e-05,377.0000505707561,integer_multiple
302572,integer_multiple,0.588720082286546,4.03546146685585e-05,411.9999816638406,integer_multiple
302643,integer_multiple,0.7406309759112853,7.108347512030377e-05,341.9999289165249,integer_multiple
302722,integer_multiple,0.4859794929503359,4.391693397565177e-05,442.99998323571003,integer_multiple
302970,integer_multiple,0.3189487193575934,0.00018957389386287105,548.0001895738939,integer_multiple
302989,integer_multiple,0.4648568110396155,9.010521620211875e-05,414.9999098947838,integer_multiple
303284,integer_multiple,0.6548788333864436,9.56079060756565e-05,385.0000956079061,integer_multiple
303374,integer_multiple,0.6601095949042565,3.9422439442660107e-05,277.00003942243944,integer_multiple
303427,integer_multiple,0.6986167498971443,4.390589703007208e-05,352.99998457275854,integer_multiple
303444,integer_multiple,0.7979572267404983,7.049932730751607e-05,400.99996806722424,integer_multiple
303592,integer_multiple,0.7523888298641905,6.049653177342407e-05,329.9999625635057,integer_multiple
303626,integer_multiple,0.46882331095932317,0.00011104722284471791,539.9999706720384,integer_multiple
303656,integer_multiple,0.5553396276041299,7.571828041363915e-05,398.9999242817196,integer_multiple
303690,integer_multiple,0.5094762618252057,8.225195074373914e-05,528.9999567918071,integer_multiple
303737,integer_multiple,0.6218132712100441,3.0460917656682795e-05,356.9999977853419,integer_multiple
303760,integer_multiple,0.6779201129137328,4.773776120714501e-05,275.99996105869093,integer_multiple
303811,integer_multiple,0.48211361115955775,4.71832448170062e-05,613.9999633804883,integer_multiple
303840,integer_multiple,0.7691715757084054,7.204203967603462e-05,329.0000154157311,integer_multiple
304014,integer_multiple,0.9873618380406676,4.135664138971151e-05,303.9999652204743,integer_multiple
304122,integer_multiple,0.9374707598218563,7.576536944498002e-05,371.00007576536944,integer_multiple
304198,integer_multiple,0.6774609214241111,9.233648074769008e-05,377.0000278700444,integer_multiple
304266,integer_multiple,0.782656406807586,3.712697440505508e-05,275.0000371269744,integer_multiple
304304,integer_multiple,0.47598648911197766,6.573695537781532e-05,430.0000657369554,integer_multiple
304449,integer_multiple,0.7887057341966023,6.921627431211164e-05,498.0000632216587,integer_multiple
304453,integer_multiple,0.570190436205956,6.490131642067354e-05,506.0000649013164,integer_multiple
304595,integer_multiple,0.7681671253205239,4.575219750790893e-05,287.0000235679819,integer_multiple
304757,integer_multiple,0.7375719100060577,2.5430769227341443e-05,259.0000159507659,integer_multiple
304763,integer_multiple,0.6905599733359513,9.157436613804748e-05,458.00009157436614,integer_multiple
304774,integer_multiple,0.9464320565726839,3.9455874656368906e-05,225.00000381303758,integer_multiple
304822,integer_multiple,0.7103786730919813,0.00010191850344654085,408.9999342103503,integer_multiple
304880,integer_multiple,0.5373166813548544,4.690726490252928e-05,256.9999823137004,integer_multiple
304917,integer_multiple,0.7406309759112853,6.985617540067324e-05,341.00006323511246,integer_multiple
305187,integer_multiple,0.591611004468145,7.634432228087462e-05,401.9999236556777,integer_multiple
305229,integer_multiple,0.7037297314601257,3.689915894256046e-05,235.9999929943141,integer_multiple
305235,integer_multiple,1.467351512631093,3.1134244494523955e-05,152.9999688657555,integer_multiple
305238,integer_multiple,0.6627783478104046,6.0919320731045445e-05,405.00006091932073,integer_multiple
305324,integer_multiple,0.7642922517972758,6.111438563038973e-05,313.99993888561437,integer_multiple
305364,integer_multiple,0.7857928234096448,6.884237677695637e-05,372.99999492839527,integer_multiple
305365,integer_multiple,0.6305170524281108,6.0632485030964745e-05,482.0000022920222,integer_multiple
305383,integer_multiple,1.0646226064528206,4.5192862984322346e-05,180.00004519286298,integer_multiple
305503,integer_multiple,0.8474575933339866,8.951527314593477e-05,378.99997162083696,integer_multiple
305585,integer_multiple,0.705716296804315,4.678732153706733e-05,257.99995321267846,integer_multiple
305616,integer_multiple,0.5936479716798938,4.6143570500589703e-05,375.0000367830647,integer_multiple
305719,integer_multiple,0.6335128017580128,5.788091647218607e-05,328.99995235383176,integer_multiple
305746,integer_multiple,0.7613247160479663,3.931096853193594e-05,395.0000306468144,integer_multiple
305749,integer_multiple,0.8359107264111322,4.980922619779449e-05,293.0000498092262,integer_multiple
305774,integer_multiple,0.8662508533737882,5.606510137567966e-05,316.0000100997688,integer_multiple
305799,integer_multiple,1.3835086052883543,3.897781945738643e-05,218.00003897781946,integer_multiple
306068,integer_multiple,0.83257017208819,3.5899525840932256e-05,370.00000312560275,integer_multiple
306074,integer_multiple,0.7237984765970151,5.950106580598913e-05,325.00005772975794,integer_multiple
306081,integer_multiple,0.5748448451371925,5.440504435227922e-05,327.00005440504435,integer_multiple
306101,integer_multiple,0.8851124727521168,5.536010118589729e-05,370.0000022159463,integer_multiple
306164,integer_multiple,0.5913310753650872,7.02418262790161e-05,438.00002297463374,integer_multiple
306381,integer_multiple,0.6934812599789576,5.564466874830032e-05,292.99994435533125,integer_multiple
306440,integer_multiple,0.5940006091938871,3.7880616361007924e-05,374.0000377832831,integer_multiple
306455,integer_multiple,0.5168225983692214,0.0001146327490459953,456.99988536725095,integer_multiple
306582,integer_multiple,0.7311545355557245,2.945010683674809e-05,337.9999810949249,integer_multiple
306649,integer_multiple,0.5705808513073871,7.697714386267762e-05,374.00007697714386,integer_multiple
306737,integer_multiple,0.9677731694817678,6.802443124342972e-05,330.00006802443124,integer_multiple
306791,integer_multiple,1.4883167817141418,3.5084106798422e-05,154.00001012522333,integer_multiple
307056,integer_multiple,0.6760411433308467,7.440035989247917e-05,344.9999284977547,integer_multiple
307074,integer_multiple,0.6507028267108779,5.117506037777275e-05,472.9999937903389,integer_multiple
307507,integer_multiple,0.5423287688707054,8.984327598682285e-05,627.0000492026257,integer_multiple
307643,integer_multiple,0.7829014467593092,2.862953658677725e-05,352.9999713704634,integer_multiple
307714,integer_multiple,1.0743446080062198,4.951543985498574e-05,240.99995048456015,integer_multiple
307768,integer_multiple,1.0751532512924022,2.424425889557824e-05,194.9999967729439,integer_multiple
307817,integer_multiple,0.8252868296365996,3.846834076171035e-05,276.99997811452505,integer_multiple
307858,integer_multiple,0.4270766389765731,0.00013180327800910163,582.0000459015054,integer_multiple
307883,integer_multiple,1.1742603030390584,4.042821424832255e-05,274.00001055884695,integer_multiple
307911,integer_multiple,0.6246876164879173,6.082144363972475e-05,422.00006082144364,integer_multiple
307937,integer_multiple,0.8003841505925409,8.542774048692081e-05,309.0000854277405,integer_multiple
308099,integer_multiple,0.6543646123384719,5.012513494762061e-05,318.99995717660374,integer_multiple
308225,integer_multiple,0.5071765818167336,6.0699291395849286e-05,385.999982314066,integer_multiple
308227,integer_multiple,0.7496252661120564,9.956441351732792e-05,313.99991651940815,integer_multiple
308273,integer_multiple,1.0207206322925007,6.818732839519726e-05,322.0000681873284,integer_multiple
308497,integer_multiple,0.4321708328261052,8.588602992176675e-05,563.9999460241371,integer_multiple
308679,integer_multiple,0.5187798280906115,7.342474759752804e-05,558.9999265752524,integer_multiple
308752,integer_multiple,0.5166089753582025,5.744498892568117e-05,563.9999855267998,integer_multiple
308908,integer_multiple,0.44674765156983376,8.913833858059661e-05,375.0000891383386,integer_multiple
309070,integer_multiple,0.6558237636391966,8.109394349276045e-05,324.9999189060565,integer_multiple
309143,integer_multiple,0.5615453956241647,5.27448556795207e-05,435.0000527448557,integer_multiple
309168,integer_multiple,1.0218679492856404,3.86160747325448e-05,272.00003055916767,integer_multiple
309311,integer_multiple,0.5397236539934893,5.0737811363887886e-05,460.99994926218864,integer_multiple
309487,integer_multiple,0.8460952872047481,6.004683120863774e-05,240.9999399531688,integer_multiple
309495,integer_multiple,0.7204610153021916,4.973179497369529e-05,312.9999701115624,integer_multiple
309531,integer_multiple,0.8276090239433334,3.307551895659344e-05,241.99996692448104,integer_multiple
309605,integer_multiple,0.7744133783682672,5.371808248355592e-05,251.99996639040316,integer_multiple
309673,integer_multiple,0.622781299376409,4.673778227015646e-05,430.00003527770923,integer_multiple
309772,integer_multiple,0.7545461197018908,7.804671940903063e-05,401.9999219532806,integer_multiple
309811,integer_multiple,0.6405739802562747,5.618484101432841e-05,338.99998210282274,integer_multiple
309851,integer_multiple,0.5465974112763861,4.9169475374810645e-05,383.00004085204205,integer_multiple
309902,integer_multiple,0.5378946622341012,4.0592982657017274e-05,360.999961839021,integer_multiple
309972,integer_multiple,0.611209575964069,7.1590792117604e-05,365.00004012277816,integer_multiple
310052,integer_multiple,0.6853069973946988,2.4536036960398633e-05,286.0000192740074,integer_multiple
310077,integer_multiple,0.41108274185023963,0.0001506082761579819,842.0000921240517,integer_multiple
310091,integer_multiple,0.5597536998125932,9.853656757741192e-05,599.0000160390176,integer_multiple
310204,integer_multiple,0.9493069755223217,3.10637105656042e-05,184.00003106371057,integer_multiple
310338,integer_multiple,0.7288098045501203,4.155742374223337e-05,298.99998341880985,integer_multiple
310591,integer_multiple,0.5415651579066761,4.84768618207454e-05,385.000006678782,integer_multiple
310608,integer_multiple,0.4996253243930164,7.216962740130839e-05,457.0000721696274,integer_multiple
310629,integer_multiple,0.8884939863668456,6.89507795073041e-05,366.0000689507795,integer_multiple
310742,integer_multiple,0.47087636049092263,6.983459087450683e-05,319.00001978381766,integer_multiple
310859,integer_multiple,0.620462807347224,6.531045306701344e-05,375.000024521472,integer_multiple
310885,integer_multiple,0.7315823928126125,3.3729898859746754e-05,319.00003372989886,integer_multiple
310942,integer_multiple,1.314060426200826,2.191912646765104e-05,149.00001059177583,integer_multiple
311023,integer_multiple,0.7710694427126488,3.5115163996124465e-05,305.00003052224486,integer_multiple
311102,integer_multiple,0.6645401556790852,2.4113252734991875e-05,218.00001074238136,integer_multiple
311213,integer_multiple,0.528876692350323,6.545479760688977e-05,358.00002618142935,integer_multiple
311446,integer_multiple,0.5684724909412777,4.729873325004519e-05,215.00003271230025,integer_multiple
311504,integer_multiple,0.5921014022028985,8.596392314075274e-05,477.0000349737412,integer_multiple
311516,integer_multiple,0.91558325696232,6.274535297734474e-05,232.99993725464702,integer_multiple
311595,integer_multiple,0.34305325141559095,0.00014350378751259996,642.999998415399,integer_multiple
311970,integer_multiple,0.5065086739219622,0.00010589653481929417,387.9998941034652,integer_multiple
312003,integer_multiple,0.9921618950328049,7.242888779046552e-05,253.0000724288878,integer_multiple
312033,integer_multiple,0.9017945623940029,5.724185177768959e-05,343.9999701610657,integer_multiple
312078,integer_multiple,0.8708525054428592,3.374952896706418e-05,247.99996625047103,integer_multiple
312088,integer_multiple,0.25730753073387097,0.00020810958619676967,991.9998283094349,integer_multiple
312121,integer_multiple,1.1223344262184,3.318890981063305e-05,156.0000331889098,integer_multiple
312306,integer_multiple,0.48000764933358836,6.247841491813233e-05,443.0000624784149,integer_multiple
312348,integer_multiple,0.5218662415110382,5.8750806886109785e-05,397.9999412491931,integer_multiple
312475,integer_multiple,0.7281200552763312,5.4303327885918407e-05,420.0000428149145,integer_multiple
312511,integer_multiple,0.6048874574694282,7.058025795458889e-05,267.00007058025795,integer_multiple
312555,integer_multiple,0.6147792774045084,8.899802378437016e-05,520.9999110019762,integer_multiple
312630,integer_multiple,0.6799946395802257,6.503587187012272e-05,232.99993496412813,integer_multiple
312809,integer_multiple,0.6001680549525084,0.00011637693961574769,448.9998836230604,integer_multiple
313036,integer_multiple,0.8544817351337664,3.3427948409325836e-05,220.0000334279484,integer_multiple
313078,integer_multiple,0.9455370799172058,3.32802316620473e-05,209.99996671976834,integer_multiple
313321,integer_multiple,0.954107480556537,6.109654543706711e-05,339.00006109654544,integer_multiple
313368,integer_multiple,0.5284295463441139,7.085226206982043e-05,344.0000143572073,integer_multiple
313455,integer_multiple,0.5849663595269854,5.45506458138334e-05,286.0000545506458,integer_multiple
313597,integer_multiple,1.0870745967564481,7.913143519999721e-05,307.0000791314352,integer_multiple
313714,integer_multiple,0.5598476938640511,4.71801863852761e-05,331.9999793058354,integer_multiple
313731,integer_multiple,0.6934332135304502,4.446352505738105e-05,293.00002724072283,integer_multiple
314035,integer_multiple,1.0353038895448132,8.913685195466314e-05,354.99991086314805,integer_multiple
314426,integer_multiple,0.6921372814367831,2.65773888656895e-05,297.99999054712174,integer_multiple
314481,integer_multiple,0.9562972508146692,5.137223340057062e-05,323.99998859149974,integer_multiple
314501,integer_multiple,0.447147266798577,6.402979281006083e-05,486.0000068926721,integer_multiple
314735,integer_multiple,0.5430061196031153,6.840873300006933e-05,521.999998850984,integer_multiple
314794,integer_multiple,0.7348078267642542,6.59747425970636e-05,458.9999939957772,integer_multiple
314872,integer_multiple,0.5301102447466876,5.271348652513552e-05,429.9999472865135,integer_multiple
314963,integer_multiple,0.8130080871816053,4.242954770461438e-05,304.0000209196975,integer_multiple
315018,integer_multiple,0.5809900493101292,0.00011115225885305335,628.0000016883923,integer_multiple
315439,integer_multiple,0.5356186854288074,0.00010423367660905569,446.99995097218823,integer_multiple
315660,integer_multiple,0.4474072678423719,0.00011328405207677861,602.0001132840521,integer_multiple
315662,integer_multiple,0.81433224280219,4.160158783861334e-05,345.99995839841216,integer_multiple
315833,integer_multiple,1.2597631187454017,6.538762312402469e-05,272.0000653876231,integer_multiple
315966,integer_multiple,0.743162855497727,3.367590085190386e-05,223.00003169036117,integer_multiple
316026,integer_multiple,0.6612006818242607,9.57698061370138e-05,419.0000251370297,integer_multiple
316430,integer_multiple,0.712453726788269,7.169317893840343e-05,303.99992830682106,integer_multiple
316434,integer_multiple,0.6913239463239299,3.9916261670214226e-05,208.00003991626167,integer_multiple
316501,integer_multiple,0.6290099511279611,6.514861081541312e-05,415.999987997729,integer_multiple
316738,integer_multiple,0.9289363033171921,4.5630016529685236e-05,283.00004563001653,integer_multiple
316793,integer_multiple,0.5588465440359268,8.035291892838359e-05,359.9999196470811,integer_multiple
316859,integer_multiple,1.0493178972586905,4.030724332437785e-05,229.00001104039302,integer_multiple
317010,integer_multiple,0.7118956978969311,2.8320846354290552e-05,345.0000050592296,integer_multiple
317145,integer_multiple,0.41044161306958155,0.00023976093655164732,678.0002397609366,integer_multiple
317179,integer_multiple,0.6100164398172174,8.035065542344455e-05,373.00006841811233,integer_multiple
317231,integer_multiple,0.5900401118432667,8.413258774453425e-05,408.99991586741226,integer_multiple
317372,integer_multiple,0.9144110112242303,7.67632414522268e-05,381.00007676324145,integer_multiple
317524,integer_multiple,0.7496813727679984,4.8667079198594365e-05,331.9999624107122,integer_multiple
317581,integer_multiple,0.4762358331640968,0.00011342898363864151,792.9999514292738,integer_multiple
317595,integer_multiple,0.887626437429201,5.2610653085594095e-05,257.0000526106531,integer_multiple
317767,integer_multiple,0.8192020487577251,5.959924868648159e-05,282.0000595992487,integer_multiple
318198,integer_multiple,0.5177323471785649,6.20142458274131e-05,377.9999379857542,integer_multiple
318202,integer_multiple,0.6407791966531061,5.862500592002107e-05,344.0000586250059,integer_multiple
318238,integer_multiple,0.7537499305736053,2.5490307066888818e-05,265.0000014382346,integer_multiple
318258,integer_multiple,1.1215792232057777,2.6671806466538328e-05,221.00001738987643,integer_multiple
318330,integer_multiple,1.0062387571506695,4.5577579157907167e-05,201.99995442242084,integer_multiple
318579,integer_multiple,0.46427416120020354,6.16880412565024e-05,574.9999868483352,integer_multiple
318678,integer_multiple,0.9966114924730511,3.090233995806102e-05,235.9999927076529,integer_multiple
318850,integer_multiple,0.5787706933413972,6.962241729979723e-05,454.9999492656043,integer_multiple
318905,integer_multiple,0.8859750442356135,2.4635296568931153e-05,337.0000191440421,integer_multiple
318936,integer_multiple,0.45562242694046917,0.00011214006690352107,577.9998878599331,integer_multiple
318965,integer_multiple,0.7838219756525499,5.2184402818511444e-05,372.00004331806855,integer_multiple
319027,integer_multiple,0.49292651684995364,5.721269968717024e-05,412.9999627357614,integer_multiple
319138,integer_multiple,0.8930166595974824,4.016382646909733e-05,261.9999752114211,integer_multiple
319289,integer_multiple,0.5752416285013222,3.373483940549704e-05,306.99999287284993,integer_multiple
319431,integer_multiple,1.2578616587247236,1.845133466815696e-05,210.99999525170068,integer_multiple
319547,integer_multiple,0.810569865885622,2.8900547874854965e-05,275.0000289005479,integer_multiple
319610,integer_multiple,0.787215555358308,4.3613602372261084e-05,287.00000431378174,integer_multiple
319704,integer_multiple,0.8556515719257539,5.092339620205166e-05,304.0000509233962,integer_multiple
319812,integer_multiple,0.9174311997336909,6.0945274185542075e-05,209.99993905472581,integer_multiple
319853,integer_multiple,0.8982304861719241,5.001472908361393e-05,274.99996118346064,integer_multiple
319904,integer_multiple,0.6052536330903068,5.9409980167401955e-05,358.00005940998017,integer_multiple
320060,integer_multiple,0.9022827350667797,2.3471591504176104e-05,210.99999170999206,integer_multiple
320070,integer_multiple,0.7314219081504331,4.112484620577561e-05,236.0000411248462,integer_multiple
320137,integer_multiple,0.42744176489861563,3.6407163918283914e-05,436.00001900791796,integer_multiple
320211,integer_multiple,0.6275100147704074,8.219591268243676e-05,523.9999178040873,integer_multiple
320373,integer_multiple,0.7512019429935792,3.938398128866538e-05,274.99998127002397,integer_multiple
320465,integer_multiple,0.6766815236928702,5.042514180786384e-05,409.9999705102152,integer_multiple
320629,integer_multiple,0.4865706023527978,0.00012852187245471214,473.00012852187245,integer_multiple
320666,integer_multiple,0.8357709911430444,3.85004807696987e-05,257.9999806056397,integer_multiple
320749,integer_multiple,0.9317059333910631,7.995565783858183e-05,286.00005755771895,integer_multiple
320906,integer_multiple,0.6048509162441527,4.502213664636656e-05,405.9999642158964,integer_multiple
320952,integer_multiple,0.5732301570961396,4.029939401561933e-05,372.0000351654928,integer_multiple
320991,integer_multiple,0.9338813204281095,6.113610260172209e-05,392.0000099232243,integer_multiple
321004,integer_multiple,0.7898270374071371,4.901970078208251e-05,415.0000131803953,integer_multiple
321135,integer_multiple,0.8264461969185383,6.0828172593119234e-05,304.00005153377765,integer_multiple
321173,integer_multiple,0.728650504174137,3.756475021532424e-05,306.00001890921675,integer_multiple
321211,integer_multiple,0.7624856870516404,5.0457464908504335e-05,254.99996530456878,integer_multiple
321362,integer_multiple,0.7555152079973981,3.7709959144649474e-05,312.00003770995914,integer_multiple
321596,integer_multiple,0.7077642160765039,5.3552459604588876e-05,540.9999652122826,integer_multiple
321740,integer_multiple,0.5517850572367237,4.2688675705448986e-05,402.000002217259,integer_multiple
321774,integer_multiple,0.7950389861855944,4.947039246872009e-05,312.00004947039247,integer_multiple
321903,integer_multiple,0.7711884172971905,3.42390450214225e-05,227.00000691301997,integer_multiple
322004,integer_multiple,0.5558643363241268,6.16136139228729e-05,406.0000248442865,integer_multiple
322073,integer_multiple,0.6120325228242725,5.099904240069009e-05,433.0000125887946,integer_multiple
322101,integer_multiple,0.9660902142933461,5.432980066188975e-05,333.00005432980066,integer_multiple
322180,integer_multiple,0.5710696856086462,5.975822665504893e-05,390.0000370191029,integer_multiple
322297,integer_multiple,1.4708046742844734,5.630752494312219e-05,191.99994369247506,integer_multiple
322408,integer_multiple,0.8791207894853005,5.92157369396773e-05,327.00004629000324,integer_multiple
322501,integer_multiple,0.7885191673796739,6.636602265075453e-05,417.00003781271744,integer_multiple
322508,integer_multiple,0.7816774333043401,8.464119122209013e-05,394.0000846411912,integer_multiple
322741,integer_multiple,0.48759081323136977,7.595853003294906e-05,384.99992404146997,integer_multiple
322907,integer_multiple,0.9558402149513878,3.793029011944782e-05,295.99998882662607,integer_multiple
322928,integer_multiple,1.0537407876581293,3.037457733512383e-05,267.999992074043,integer_multiple
322930,integer_multiple,0.8703220089582155,2.803330492895384e-05,218.99999983738226,integer_multiple
323112,integer_multiple,0.7771818802093304,9.068238580312027e-05,333.0000906823858,integer_multiple
323123,integer_multiple,1.2072920880471145,2.754971251306415e-05,211.00002666888147,integer_multiple
323153,integer_multiple,0.3137451545039531,8.713618115052668e-05,646.9999377184777,integer_multiple
323302,integer_multiple,0.5448997541369642,2.794048438659047e-05,409.99998386153044,integer_multiple
323611,integer_multiple,0.40834657698828064,7.065778117976151e-05,431.0000706577812,integer_multiple
323689,integer_multiple,0.6872851557063472,9.323973574737465e-05,305.00009323973575,integer_multiple
323724,integer_multiple,0.6352433087182171,4.105279836608133e-05,371.0000325631515,integer_multiple
323736,integer_multiple,0.7329227881444443,3.756014561417942e-05,191.00000280742475,integer_multiple
323760,integer_multiple,1.0154346318716008,4.9734858748706756e-05,239.00004973485875,integer_multiple
323783,integer_multiple,0.654964651076066,9.178376598129034e-05,431.999908216234,integer_multiple
323826,integer_multiple,0.7283852078657082,6.314229409554173e-05,387.9999368577059,integer_multiple
323938,integer_multiple,0.44464208483813417,0.000120403341270503,593.9998795966587,integer_multiple
323965,integer_multiple,0.6813845940938046,5.043956235795122e-05,343.99994956043764,integer_multiple
324178,integer_multiple,0.7599362317730435,4.209404283983531e-05,224.99995790595716,integer_multiple
324337,integer_multiple,0.7257947611418659,3.925326660692008e-05,474.9999607467334,integer_multiple
324380,integer_multiple,0.5305884442508993,5.87798717788246e-05,463.99997380833383,integer_multiple
324426,integer_multiple,0.7317429955699609,5.60066438879403e-05,324.00002115065274,integer_multiple
324521,integer_multiple,0.6388551707862227,6.851490365988866e-05,346.99993148509634,integer_multiple
324700,integer_multiple,1.1592858378316335,3.01991619267028e-05,232.0000080604987,integer_multiple
324709,integer_multiple,0.540569773630035,8.893621679817443e-05,469.9999110637832,integer_multiple
324889,integer_multiple,0.694058933437976,4.5916426103076446e-05,189.9999540835739,integer_multiple
324925,integer_multiple,1.233045664859548,3.369396912944467e-05,142.0000291239041,integer_multiple
324935,integer_multiple,1.6471751735825317,3.1258000007028386e-05,222.99998606266402,integer_multiple
325157,integer_multiple,0.7948492982206088,3.2356636069152955e-05,309.9999934876253,integer_multiple
325547,integer_multiple,1.1257457340096726,4.122562626207582e-05,203.00000086432505,integer_multiple
325637,integer_multiple,0.46375735118678924,4.998485107421402e-05,451.99999540660446,integer_multiple
325730,integer_multiple,0.7756748421317297,3.896941885273009e-05,241.00000507609968,integer_multiple
325762,integer_multiple,0.8919811397909937,3.0049510399976498e-05,208.0000300495104,integer_multiple
326288,integer_multiple,0.5319432186596307,4.813731123931575e-05,444.99995186268876,integer_multiple
326360,integer_multiple,0.8381526489766604,3.775087891710882e-05,387.0000046989292,integer_multiple
326524,integer_multiple,0.8248784567448187,6.0521569196225755e-05,296.9999394784308,integer_multiple
326545,integer_multiple,0.6584578491585218,6.788321621797877e-05,264.0000678832162,integer_multiple
326825,integer_multiple,0.4349339115578961,0.00012607241933437763,525.9998739275807,integer_multiple
327074,integer_multiple,0.6301197542852522,8.481745260269236e-05,410.00002439177825,integer_multiple
327172,integer_multiple,0.3921722038718972,0.00012566198751073898,526.0000533129695,integer_multiple
327179,integer_multiple,0.6190034058678849,2.484704947391947e-05,468.00002371269704,integer_multiple
327259,integer_multiple,0.3366323711156066,0.0001698251488733149,810.0001698251489,integer_multiple
327381,integer_multiple,1.1002310646877713,4.922834838794188e-05,191.9999507716516,integer_multiple
327551,integer_multiple,0.46602669483175096,8.406991793208363e-05,402.9999743706771,integer_multiple
327618,integer_multiple,0.2998860280201471,0.0001750458777678432,547.0001750458778,integer_multiple
327675,integer_multiple,0.9921618950328049,7.242888779046552e-05,253.0000724288878,integer_multiple
327824,integer_multiple,0.9242143793473152,6.719285232748007e-05,253.00006719285233,integer_multiple
327862,integer_multiple,0.444998225792751,3.3743067376690306e-05,477.9999662569326,integer_multiple
327903,integer_multiple,0.4627058823606908,5.322730748957838e-05,480.9999467726925,integer_multiple
327935,integer_multiple,0.4521204261507146,8.019773486012127e-05,373.99992802727616,integer_multiple
328082,integer_multiple,1.2351778776752034,2.138146959396181e-05,240.99999662356728,integer_multiple
328151,integer_multiple,0.8592541659084014,4.2456667983969965e-05,293.000042456668,integer_multiple
328181,integer_multiple,0.3839803086576719,7.962516099269124e-05,703.9999695327465,integer_multiple
328198,integer_multiple,0.8495454904257616,4.4717990107301375e-05,240.9999628276251,integer_multiple
328399,integer_multiple,0.671456428494316,4.789730786569635e-05,438.99998296812527,integer_multiple
328567,integer_multiple,0.6674675651592011,8.307672084129081e-05,394.99991692327916,integer_multiple
328648,integer_multiple,0.6751283074937513,3.3953232872363515e-05,315.00001112626813,integer_multiple
328653,integer_multiple,0.4321521809061891,9.893917967929156e-05,507.9999010608203,integer_multiple
328698,integer_multiple,0.6952651915856958,8.224033541637255e-05,346.0000822403354,integer_multiple
328761,integer_multiple,0.8588851713162025,4.581174738405025e-05,280.9999541882526,integer_multiple
329002,integer_multiple,0.5869233599788412,4.2699986579464166e-05,390.9999994622118,integer_multiple
329160,integer_multiple,0.7252682735667635,8.703512713736927e-05,275.00008703512714,integer_multiple
329163,integer_multiple,0.704175798346355,8.777606916510194e-05,475.99991222393083,integer_multiple
329252,integer_multiple,0.3462963132766544,0.00020263105886897392,915.0002026310589,integer_multiple
329363,integer_multiple,0.45635010694376565,5.0142033217071e-05,314.9999498579668,integer_multiple
329407,integer_multiple,0.5436555207769679,8.437730633659157e-05,455.99994291897565,integer_multiple
329469,integer_multiple,0.6495193296543574,6.247302658834997e-05,285.0000166019934,integer_multiple
329568,integer_multiple,0.7412349038578838,5.533062306994907e-05,421.00004464471226,integer_multiple
329622,integer_multiple,0.9923588979202363,4.8195657285532434e-05,215.00004819565729,integer_multiple
329726,integer_multiple,0.4578755089213567,6.561542102190288e-05,329.999934384579,integer_multiple
329761,integer_multiple,0.8075587519342219,3.5812904997101214e-05,273.9999898550828,integer_multiple
329916,integer_multiple,0.48250903339668666,8.329330114520417e-05,514.9999167066989,integer_multiple
329987,integer_multiple,0.789951753015624,6.49720209366933e-05,315.00006497202094,integer_multiple
330198,integer_multiple,1.3947002207906412,2.6424937658475756e-05,140.99997357506234,integer_multiple
330513,integer_multiple,0.5102822193343627,5.263477785888426e-05,413.00000006997885,integer_multiple
330645,integer_multiple,0.7997441527197401,2.3065382208642404e-05,246.00000350481918,integer_multiple
330662,integer_multiple,0.6931447616255099,9.73046769559005e-05,337.9999938276818,integer_multiple
330696,integer_multiple,1.0222858100628327,3.9573220419697464e-05,189.00000441116237,integer_multiple
330891,integer_multiple,0.572344309732116,0.00012723200688924408,452.0001272320069,integer_multiple
330892,integer_multiple,0.7259527696041616,7.996368549356703e-05,369.9999553790299,integer_multiple
331048,integer_multiple,1.133786735708744,4.0272557981779755e-05,220.00004027255798,integer_multiple
331106,integer_multiple,1.0668943325795837,3.654864545410419e-05,209.99996345135455,integer_multiple
331127,integer_multiple,0.9824147680722248,6.67700206236077e-05,303.0000667700206,integer_multiple
331163,integer_multiple,0.635647120159066,6.624623495099513e-05,369.00001895434934,integer_multiple
331239,integer_multiple,0.6228977608199167,4.51593962793595e-05,353.9999970828051,integer_multiple
331486,integer_multiple,0.7772423662948812,2.974663041754866e-05,240.9999758713189,integer_multiple
331527,integer_multiple,0.7294477713663099,3.2849747242380545e-05,317.00002160839955,integer_multiple
331631,integer_multiple,0.8381526489766604,4.109845383482025e-05,340.9999968589046,integer_multiple
331838,integer_multiple,0.9741841366676735,2.5524868433990378e-05,270.0000175594853,integer_multiple
331873,integer_multiple,0.6187736071353801,6.763196117276493e-05,300.0000375071553,integer_multiple
332012,integer_multiple,0.5691843784599481,3.941927980122273e-05,323.9999740836497,integer_multiple
332070,integer_multiple,0.6286144763054411,0.00011172405237402927,501.0001117240524,integer_multiple
332104,integer_multiple,0.6340751811305756,5.4456139707781404e-05,326.0000544561397,integer_multiple
332218,integer_multiple,0.9090082285875981,4.647690073511512e-05,218.9999886735378,integer_multiple
332257,integer_multiple,0.535991852833269,6.613343487060774e-05,581.9999705311341,integer_multiple
332295,integer_multiple,0.7033338332139902,7.625112624509711e-05,343.00002270585327,integer_multiple
332404,integer_multiple,0.9070294964062124,2.9457853457870442e-05,136.00002945785346,integer_multiple
332411,integer_multiple,1.0751532512924022,3.479032125142112e-05,258.9999896040533,integer_multiple
332526,integer_multiple,0.7398091611747507,2.2594019128518994e-05,318.00002259401913,integer_multiple
332538,integer_multiple,0.6794863286439679,3.239436531998763e-05,207.99998592308464,integer_multiple
332630,integer_multiple,0.6456194532440861,2.858328674903987e-05,335.99997590612014,integer_multiple
332684,integer_multiple,0.8681308187350353,3.326905681433345e-05,213.99998418419267,integer_multiple
332796,integer_multiple,0.6938180271274689,0.00010898668085701502,439.00010898668086,integer_multiple
332847,integer_multiple,0.8385040492922862,5.88762808320098e-05,296.00005887628083,integer_multiple
332895,integer_multiple,0.9023642605472117,7.892541435694511e-05,323.99992107458564,integer_multiple
332928,integer_multiple,0.8043111902770598,3.6495648998879915e-05,318.9999945107449,integer_multiple
333004,integer_multiple,0.9306654754771795,4.614125890611831e-05,330.9999538587411,integer_multiple
333139,integer_multiple,0.7198387672738903,4.993792356344784e-05,256.00001356235333,integer_multiple
333143,integer_multiple,0.5049230124475668,6.645593856546839e-05,467.9999353632433,integer_multiple
333180,integer_multiple,0.595628102946168,0.00013789053537038853,591.0001378905354,integer_multiple
333345,integer_multiple,0.36847340850680094,6.581407018302343e-05,472.0000658140702,integer_multiple
333602,integer_multiple,0.5755064723525765,3.167621215993677e-05,291.000025448214,integer_multiple
333603,integer_multiple,0.8649770659302929,7.836249466208756e-05,313.99992163750534,integer_multiple
333670,integer_multiple,0.6716818986206704,5.6875517771004525e-05,346.0000376601927,integer_multiple
333859,integer_multiple,0.49862874884534025,8.808697299400592e-05,598.0000849507122,integer_multiple
333872,integer_multiple,0.8473857984101114,4.3154123488875484e-05,264.0000431541235,integer_multiple
333961,integer_multiple,1.3808339686967348,3.1992315712159325e-05,131.0000319923157,integer_multiple
334051,integer_multiple,1.0318852360839468,2.8721883978732876e-05,205.00001649502195,integer_multiple
334116,integer_multiple,0.5026136105292416,5.259614704300475e-05,473.00004985268777,integer_multiple
334182,integer_multiple,0.6522731817773328,6.870468649822215e-05,346.9999312953135,integer_multiple
334302,integer_multiple,1.1575413239287635,2.1475815373150908e-05,174.99999292453333,integer_multiple
334350,integer_multiple,0.49845484270542406,6.778208864943736e-05,590.9999322179114,integer_multiple
334356,integer_multiple,0.8041170814027359,4.019419102974098e-05,232.00003682489398,integer_multiple
334388,integer_multiple,0.5206435499430728,0.00013004168778252279,480.9998699583122,integer_multiple
334571,integer_multiple,0.5372877719784419,5.722082588022204e-05,462.99996403125493,integer_multiple
334597,integer_multiple,0.49657371360378616,6.791527846417011e-05,417.00004073542857,integer_multiple
334657,integer_multiple,0.6453278186937683,2.8876653544784858e-05,320.0000150555994,integer_multiple
334728,integer_multiple,0.7886435786324977,3.058034633340867e-05,312.00000834685096,integer_multiple
334749,integer_multiple,0.8373806151045248,4.450967216484969e-05,246.00004450967216,integer_multiple
334783,integer_multiple,0.5728033187782972,4.430163596680359e-05,480.99995569836403,integer_multiple
334916,integer_multiple,0.9195402831150528,3.814608385255269e-05,209.99996185391615,integer_multiple
335041,integer_multiple,0.746993301473751,7.499492232909688e-05,290.00007499492233,integer_multiple
335064,integer_multiple,0.3611281884508773,0.00011516946165102127,718.9998848305383,integer_multiple
335093,integer_multiple,1.129305428100358,4.750598566261033e-05,249.00004750598566,integer_multiple
335252,integer_multiple,0.6578947861097543,6.570395660787653e-05,319.0000062346856,integer_multiple
335323,integer_multiple,0.590353607008109,0.00010388399812200078,473.0001038839981,integer_multiple
335370,integer_multiple,0.49825608564819623,8.106574040311898e-05,583.999970322939,integer_multiple
335467,integer_multiple,0.8602890710668113,2.1823633119311125e-05,163.9999902576861,integer_multiple
335548,integer_multiple,0.646914263611345,4.6581739809425926e-05,417.0000465817398,integer_multiple
335706,integer_multiple,0.5710044177581955,4.4457639802431004e-05,401.99995681677314,integer_multiple
335718,integer_multiple,0.7138777895342935,5.721086694165933e-05,522.000029745234,integer_multiple
335723,integer_multiple,0.6719527420947482,5.9268090637942805e-05,353.00000750883567,integer_multiple
335964,integer_multiple,0.5296330152045184,6.104729541789311e-05,436.00003271376505,integer_multiple
335997,integer_multiple,0.5266484118642896,0.00014573351256785827,556.0001457335126,integer_multiple
336026,integer_multiple,0.28710058914860526,0.00012125250964345469,864.000088576301,integer_multiple
336382,integer_multiple,1.213297759214392,4.0317083488616845e-05,212.00003046371089,integer_multiple
336425,integer_multiple,0.8870753250216702,6.178352009555965e-05,376.9999382164799,integer_multiple
336462,integer_multiple,0.6078657785905557,5.828931045925856e-05,329.00005828931046,integer_multiple
336467,integer_multiple,0.5685048849529155,0.0002161527614816805,774.9997838472385,integer_multiple
336572,integer_multiple,0.6486766560674423,8.29807255513515e-05,320.00008298072555,integer_multiple
336591,integer_multiple,0.9358913756796705,5.142028430782375e-05,294.9999485797157,integer_multiple
336670,integer_multiple,0.7754342875892029,7.150890257889841e-05,434.9999673508806,integer_multiple
336724,integer_multiple,1.1243535828946893,9.469866483868827e-05,290.99990530133516,integer_multiple
336854,integer_multiple,0.7499062345946296,7.15025053636964e-05,399.99992849749464,integer_multiple
336876,integer_multiple,1.729804249704552,4.606478340463127e-05,172.00002093045583,integer_multiple
336918,integer_multiple,0.9306654754771795,2.6907890941174628e-05,340.9999786557197,integer_multiple
336929,integer_multiple,0.6101653835450176,5.3239820203998534e-05,340.999986058101,integer_multiple
336932,integer_multiple,0.5801810188978264,7.145944448438968e-05,479.0000714594445,integer_multiple
336939,integer_multiple,1.1461317744871826,4.656747790932059e-05,199.0000465674779,integer_multiple
337051,integer_multiple,1.2422360395589866,3.541939861406718e-05,204.00002126100242,integer_multiple
337062,integer_multiple,0.6903216803707247,3.141286561003653e-05,302.9999991170899,integer_multiple
337071,integer_multiple,0.5782352493008811,7.641376913625209e-05,457.0000395438086,integer_multiple
337134,integer_multiple,0.5295488190416029,7.791766080345042e-05,492.0000779176608,integer_multiple
337159,integer_multiple,0.5856172590847541,9.601504223155644e-05,425.99990398495777,integer_multiple
337282,integer_multiple,0.9416196228564158,4.708776529582792e-05,231.99996398842413,integer_multiple
337474,integer_multiple,1.1981787730840026,4.4533792674883443e-05,247.0000277501039,integer_multiple
337500,integer_multiple,0.6728569674482319,3.622297151650855e-05,354.9999813040762,integer_multiple
337505,integer_multiple,1.1763322339090074,2.9859886637950694e-05,223.00002985988664,integer_multiple
337536,integer_multiple,0.651763019321838,6.13326982943363e-05,367.0000297365025,integer_multiple
337756,integer_multiple,0.747439967482251,2.7176267650474983e-05,244.99999795989783,integer_multiple
337889,integer_multiple,0.555555599980626,9.521395196543381e-05,323.99990478604803,integer_multiple
337893,integer_multiple,0.5510552694278734,5.7662715789774666e-05,376.00004306867754,integer_multiple
337968,integer_multiple,0.6410667481471389,4.29760964379966e-05,303.99995702390356,integer_multiple
338119,integer_multiple,0.9617233686456471,4.4195994973961206e-05,321.0000040018755,integer_multiple
338154,integer_multiple,0.9035056438285483,1.549736923323053e-05,151.00000383685264,integer_multiple
338155,integer_multiple,0.7104796031179303,6.25021210680643e-05,315.99993749787893,integer_multiple
338168,integer_multiple,0.6264094043640355,7.131000830895573e-05,370.9999286899917,integer_multiple
338317,integer_multiple,0.9876543274171768,3.2645194778524456e-05,279.999978553687,integer_multiple
338319,integer_multiple,0.5280946483742447,5.5012274003729544e-05,316.99994608596484,integer_multiple
338466,integer_multiple,1.0125557499138438,5.4869330199380784e-05,271.9999845788915,integer_multiple
338503,integer_multiple,2.0517029164341727,2.1059222433450486e-05,136.99999470939954,integer_multiple
338515,integer_multiple,0.9868746882432655,7.361728188470806e-05,291.9999263827181,integer_multiple
339421,integer_multiple,0.62648788044587,9.951456320322905e-05,362.0000355505329,integer_multiple
339598,integer_multiple,0.3951163287218399,8.976489118595055e-05,628.0000897648912,integer_multiple
339716,integer_multiple,1.2639029049236077,2.751622690766453e-05,196.0000275162269,integer_multiple
339905,integer_multiple,0.626802113535487,4.572573368477606e-05,364.9999542742663,integer_multiple
340137,integer_multiple,0.7895152330699295,1.983366564672906e-05,336.99999895715683,integer_multiple
340147,integer_multiple,0.9562058350988913,5.803448962637958e-05,249.99994196551037,integer_multiple
340152,integer_multiple,0.6483822690692223,7.801265553553094e-05,451.99993979918594,integer_multiple
340242,integer_multiple,0.8123477221227837,2.2586189984963312e-05,274.99999803669346,integer_multiple
340247,integer_multiple,0.3927575428443913,6.901803709524756e-05,481.00003797651686,integer_multiple
340599,integer_multiple,0.9112448590074169,2.785765019552855e-05,288.0000278576502,integer_multiple
340763,integer_multiple,0.4959579845533727,0.00011208810263951818,488.99988791189736,integer_multiple
340818,integer_multiple,0.643832061377707,0.00011216562677418551,424.0001121656268,integer_multiple
340890,integer_multiple,0.8274719901257577,3.0708998167483514e-05,236.9999880152156,integer_multiple
341165,integer_multiple,0.601069959737282,0.0001523663967191169,594.9998476336033,integer_multiple
341189,integer_multiple,0.7429972458042804,4.326780185692769e-05,271.99995673219814,integer_multiple
341468,integer_multiple,1.6323865249115108,2.331385010734266e-05,192.99999325912796,integer_multiple
341624,integer_multiple,0.9022827350667797,2.910065856553956e-05,205.00001832186848,integer_multiple
341826,integer_multiple,0.5147475348973723,7.12675866338941e-05,326.0000531461912,integer_multiple
341852,integer_multiple,0.4787437989447964,5.4923032848819275e-05,525.000009373483,integer_multiple
341887,integer_multiple,0.6557807332710899,3.268223451868835e-05,276.00000324065314,integer_multiple
341901,integer_multiple,0.620270417245797,9.593864928092444e-05,340.0000959386493,integer_multiple
342085,integer_multiple,0.6555656968830157,3.9263992334781506e-05,465.99996073600767,integer_multiple
342103,integer_multiple,0.8017960615950734,3.0004414270479174e-05,264.0000020436744,integer_multiple
342140,integer_multiple,1.0705492277860615,3.6469676075512325e-05,235.00002609052834,integer_multiple
342156,integer_multiple,0.6925207917265443,5.324345639223793e-05,241.0000532434564,integer_multiple
342303,integer_multiple,0.5133733738353667,4.720109239997328e-05,427.0000472010924,integer_multiple
342354,integer_multiple,1.1763322339090074,1.748014561542277e-05,206.99999912893796,integer_multiple
342711,integer_multiple,0.6554798480263452,5.765992483475202e-05,374.00003062134914,integer_multiple
342961,integer_multiple,0.43042232250357704,5.588175662296635e-05,379.9999932640209,integer_multiple
342973,integer_multiple,0.8719916075114444,4.414739268554513e-05,221.00004414739269,integer_multiple
343009,integer_multiple,0.8469551975413578,6.863698595793721e-05,285.00006796017294,integer_multiple
343252,integer_multiple,0.7164863616242438,2.717591077328052e-05,285.0000199764375,integer_multiple
343275,integer_multiple,0.548787186971099,3.723161151469867e-05,395.9999830415865,integer_multiple
343354,integer_multiple,0.5619556326072335,0.00013884081397463888,618.999861159186,integer_multiple
343506,integer_multiple,0.5564521200526541,5.167530997596259e-05,314.99994832469,integer_multiple
343572,integer_multiple,0.7339449398959538,3.6550112639588406e-05,188.00000129226208,integer_multiple
343705,integer_multiple,0.7042253685423079,3.7287526481577515e-05,371.0000372875265,integer_multiple
343918,integer_multiple,0.5315473912629575,4.5413687189466145e-05,362.9999798613229,integer_multiple
344069,integer_multiple,0.4541945070225091,6.464391361760136e-05,539.0000453436849,integer_multiple
344202,integer_multiple,0.6729475066193825,6.44260464071067e-05,402.0000544262842,integer_multiple
344216,integer_multiple,0.6003842902371797,5.448924332540628e-05,345.00000542814064,integer_multiple
344296,integer_multiple,0.6674230395659552,6.892055932894436e-05,325.00006892055933,integer_multiple
344315,integer_multiple,0.5958410613848127,0.00010610385464815408,448.0000252271211,integer_multiple
344525,integer_multiple,0.9919650303552291,4.33865148465884e-05,284.99995661348515,integer_multiple
344692,integer_multiple,0.725689430203442,5.2222155545678106e-05,269.99994777784445,integer_multiple
344725,integer_multiple,0.5023358573326435,6.0380181253094634e-05,451.0000358660725,integer_multiple
344779,integer_multiple,0.45560160424356066,8.266068914508651e-05,459.00008266068915,integer_multiple
344934,integer_multiple,0.5871991079626178,7.912322871561628e-05,259.9999208767713,integer_multiple
345023,integer_multiple,0.6018657674150213,6.409155969322455e-05,442.9999886246694,integer_multiple
345283,integer_multiple,1.2666243724429835,5.1640339336245233e-05,263.9999716246646,integer_multiple
345423,integer_multiple,0.7648183406028447,6.06679478210026e-05,341.9999393320522,integer_multiple
345451,integer_multiple,0.9704968478158414,4.469778758675602e-05,209.9999553022124,integer_multiple
345504,integer_multiple,1.5163003126873809,2.0867695170068146e-05,140.0000205849454,integer_multiple
345803,integer_multiple,0.5678591877553539,7.441823612452936e-05,437.0000159161382,integer_multiple
345855,integer_multiple,0.5090872289325163,8.680729246179908e-05,322.99991319270754,integer_multiple
345995,integer_multiple,1.2382367287006706,4.883414942469244e-05,207.99995116585058,integer_multiple
346049,integer_multiple,1.156470356118712,6.328785582354612e-05,213.00006328785582,integer_multiple
346053,integer_multiple,0.9948268237572236,2.5216339722078374e-05,223.00000756330925,integer_multiple
346594,integer_multiple,1.0796804914251152,2.0512740775302518e-05,173.9999888282939,integer_multiple
346648,integer_multiple,1.4654163002526701,2.0304270890392218e-05,168.0000144468649,integer_multiple
346735,integer_multiple,0.5318300429409647,5.3784072804319294e-05,356.0000400793212,integer_multiple
346783,integer_multiple,0.9795278326163548,3.60454879455574e-05,240.00000992127488,integer_multiple
346819,integer_multiple,0.5910514799975045,4.4562271455106384e-05,384.99998205737444,integer_multiple
346830,integer_multiple,0.6666221795201349,7.260453526214405e-05,459.0000627368888,integer_multiple
346881,integer_multiple,0.8653513835717692,6.027952809972703e-05,275.0000602795281,integer_multiple
346940,integer_multiple,0.6210023361540079,3.975238530529168e-05,341.9999735966404,integer_multiple
346952,integer_multiple,1.912045868311486,2.0549603135577854e-05,127.99997945039686,integer_multiple
346977,integer_multiple,0.7293945812943149,4.096894792837702e-05,401.0000409689479,integer_multiple
347212,integer_multiple,0.5188067599132068,6.695426912983748e-05,539.999975290293,integer_multiple
347252,integer_multiple,0.6895600735132883,2.7276779491103298e-05,377.99997847010866,integer_multiple
347405,integer_multiple,1.5234612310847013,1.6738895688206412e-05,116.0000010332244,integer_multiple
347456,integer_multiple,1.4212621811376105,6.244319470738446e-05,247.9999375568053,integer_multiple
347530,integer_multiple,0.6936736613068366,4.7565019116291296e-05,326.00003988573127,integer_multiple
347585,integer_multiple,1.7998559149885422,6.62806254752013e-05,219.00006628062548,integer_multiple
347615,integer_multiple,0.9578544223957335,4.136773878826716e-05,257.0000413677388,integer_multiple
347620,integer_multiple,1.0933740884861634,2.1720532799918146e-05,251.00001551118703,integer_multiple
347911,integer_multiple,0.42744176489861563,7.401844152354897e-05,395.9999259815585,integer_multiple
348009,integer_multiple,0.6015761591433706,6.362457622799411e-05,374.9999363754238,integer_multiple
348206,integer_multiple,0.8463817327527958,5.782889587635509e-05,304.9999421711041,integer_multiple
348242,integer_multiple,0.8246062226585554,4.227610327234288e-05,333.9999577238967,integer_multiple
348354,integer_multiple,1.2150667593527198,1.7324132386420388e-05,106.99998938122008,integer_multiple
348431,integer_multiple,0.6251172507701239,5.8037203416461125e-05,424.9999784408133,integer_multiple
348571,integer_multiple,0.9544716118345592,2.4362234569252905e-05,207.00002436223457,integer_multiple
348803,integer_multiple,0.5243288847198347,5.77571590270054e-05,370.00005019749335,integer_multiple
348896,integer_multiple,0.8336112081949101,2.8742984028440333e-05,288.9999722018358,integer_multiple
348931,integer_multiple,0.6223162140536941,7.395358065309665e-05,331.00003203636396,integer_multiple
348999,integer_multiple,0.5893447192077124,7.407772102396848e-05,441.000074077721,integer_multiple
349167,integer_multiple,0.8705493302447521,5.0935749868585845e-05,347.99997090676544,integer_multiple
349207,integer_multiple,0.6027000860130238,9.163580119775361e-05,415.0000916358012,integer_multiple
349473,integer_multiple,0.8747375800161313,7.611806944396449e-05,305.99992388193056,integer_multiple
349483,integer_multiple,1.276650058742927,1.8541954702300245e-05,147.99999062945022,integer_multiple
349816,integer_multiple,0.7291819404319891,5.713687141906121e-05,369.0000053864195,integer_multiple
349895,integer_multiple,0.6312732892646794,5.1620019235087966e-05,343.9999828301115,integer_multiple
350006,integer_multiple,0.49473107277286393,4.263686489025531e-05,446.99999911961737,integer_multiple
350020,integer_multiple,0.7654037224498328,4.0155987704793006e-05,426.99996837892877,integer_multiple
350207,integer_multiple,0.6629101684212935,4.6881983223556745e-05,423.00001935173947,integer_multiple
350250,integer_multiple,0.48538981382973284,9.143133632960598e-05,577.9999792442192,integer_multiple
350361,integer_multiple,0.8091923804347548,6.532390247571129e-05,335.9999413529294,integer_multiple
350389,integer_multiple,0.48390996174832296,0.0001210353587453028,448.00012103535875,integer_multiple
350459,integer_multiple,0.9530163085743667,2.9209110564920593e-05,239.99999761591627,integer_multiple
350641,integer_multiple,1.1940299615517118,2.882120953984213e-05,154.00000968907702,integer_multiple
350643,integer_multiple,1.2016343002131988,3.0489759268448324e-05,234.0000100794939,integer_multiple
350811,integer_multiple,1.0022049212628248,1.9721245521964192e-05,263.9999851199513,integer_multiple
350960,integer_multiple,0.621195199686131,6.251313743632636e-05,415.00006251313744,integer_multiple
351027,integer_multiple,0.854920061076924,4.752871760160815e-05,268.0000249286748,integer_multiple
351157,integer_multiple,0.7129108581299708,4.7988611868277076e-05,483.00000604330603,integer_multiple
351241,integer_multiple,0.3271608799613387,0.0002050325213076576,1086.000041957107,integer_multiple
351336,integer_multiple,1.1301988537645486,4.022815195980911e-05,188.00004022815196,integer_multiple
351338,integer_multiple,0.7409054154767098,3.848286709740023e-05,259.9999621088546,integer_multiple
351578,integer_multiple,0.6081615085902954,3.90449461207254e-05,235.00003538885193,integer_multiple
351767,integer_multiple,0.46157397391782007,7.014310662611933e-05,372.00000949602156,integer_multiple
351957,integer_multiple,0.5991970734206357,4.5962821872080895e-05,392.0000227915701,integer_multiple
352033,integer_multiple,0.5933309780198747,0.00010576283557384158,519.0001057628356,integer_multiple
352341,integer_multiple,0.6477942420572828,5.208181613625129e-05,400.00005208181614,integer_multiple
352361,integer_multiple,2.021018538600965,2.3486707988240596e-05,255.000023486708,integer_multiple
352362,integer_multiple,0.973899512140877,5.408271596252234e-05,273.99994591728404,integer_multiple
352432,integer_multiple,1.1514104546298305,8.320459852484419e-05,295.0000832045985,integer_multiple
352485,integer_multiple,0.9484967344046908,4.792487050053751e-05,317.0000479248705,integer_multiple
352555,integer_multiple,0.49527022666663817,0.00014039729563819492,456.99985960270436,integer_multiple
352604,integer_multiple,0.7697043935865857,2.655670589035708e-05,260.0000102174249,integer_multiple
352658,integer_multiple,0.3954601355562085,8.759377499245602e-05,538.9999251817385,integer_multiple
352661,integer_multiple,1.3190873123773974,2.4797684972099887e-05,192.99999039864315,integer_multiple
352993,integer_multiple,0.7443799562571053,4.60046524608515e-05,306.99998289230695,integer_multiple
353039,integer_multiple,0.9955201367164614,2.4035271493971777e-05,231.00002340546288,integer_multiple
353709,integer_multiple,0.8428860233355349,2.5320062832179246e-05,281.00002532006283,integer_multiple
353796,integer_multiple,1.1437720639380613,2.2946817225033556e-05,189.00000181282218,integer_multiple
354010,integer_multiple,0.6172077630937648,5.8235489689195674e-05,356.0000582354897,integer_multiple
354058,integer_multiple,1.9496977550809413,1.0600042209318872e-05,129.99999838629626,integer_multiple
354099,integer_multiple,0.6329514432500398,7.070494177696673e-05,425.00006117169073,integer_multiple
354125,integer_multiple,0.8296690364039967,7.049524253943673e-05,334.99992950475746,integer_multiple
354148,integer_multiple,0.527120386620496,0.00011564269823338691,490.0000566113193,integer_multiple
354152,integer_multiple,0.927643858781124,5.7411361524373206e-05,323.99997125337563,integer_multiple
354200,integer_multiple,0.8108327741302193,6.37101137499485e-05,393.00006371011375,integer_multiple
354395,integer_multiple,0.512058994930637,8.806830919638742e-05,535.9999119316908,integer_multiple
354539,integer_multiple,1.1534025948114897,3.671305350394505e-05,233.9999632869465,integer_multiple
354743,integer_multiple,0.6770480364160765,4.8001411727227605e-05,279.9999956494889,integer_multiple
354840,integer_multiple,0.5000250610543054,0.00010596886011171591,660.0000162073082,integer_multiple
354911,integer_multiple,0.740466436678666,5.044741166670974e-05,364.00004840048365,integer_multiple
354980,integer_multiple,0.867302675099483,4.166612390577029e-05,259.99995907520275,integer_multiple
355009,integer_multiple,0.9775171411227351,2.7515006109979367e-05,171.0000275150061,integer_multiple
355053,integer_multiple,0.7678721605916228,6.467983371294395e-05,350.00000589382506,integer_multiple
355054,integer_multiple,0.5337603786612155,7.325686101467e-05,583.9999406407574,integer_multiple
355141,integer_multiple,0.9106639600422055,3.239319963199705e-05,291.00003102660634,integer_multiple
355143,integer_multiple,0.8811349219086277,9.044834621363407e-05,367.0000904483462,integer_multiple
355204,integer_multiple,0.5135052579500157,5.457890358684381e-05,395.99994856659646,integer_multiple
355324,integer_multiple,0.9895111989806524,3.2398917170439745e-05,290.0000216667989,integer_multiple
355409,integer_multiple,0.8574122500395521,4.9562636263544846e-05,277.00004956263626,integer_multiple
355530,integer_multiple,0.9977052311821344,4.056557887111012e-05,317.00003933514444,integer_multiple
355895,integer_multiple,0.4639726047124096,0.00012416297636264062,693.0000253109416,integer_multiple
355969,integer_multiple,0.8352125939669607,4.899456601492602e-05,255.00004899456601,integer_multiple
356075,integer_multiple,0.7544892295948,5.887485150424254e-05,282.0000588748515,integer_multiple
356168,integer_multiple,1.2934938116994168,6.989331262730047e-05,228.99993010668737,integer_multiple
356242,integer_multiple,0.6991051268870715,7.531289469397962e-05,395.0000753128947,integer_multiple
356250,integer_multiple,0.8584428067860416,2.9835550861889715e-05,280.0000228982011,integer_multiple
356314,integer_multiple,0.8537522323335557,2.1509292764676502e-05,186.99999056937486,integer_multiple
356372,integer_multiple,0.8732861527367516,4.5269657533708596e-05,335.99999825202593,integer_multiple
356417,integer_multiple,1.8284878249401364,1.2063542008888817e-05,123.00001043809925,integer_multiple
356478,integer_multiple,0.7269554728228738,0.0001764066925034058,663.0001764066925,integer_multiple
356510,integer_multiple,1.0524099831888585,5.4343639646958763e-05,221.00005434363965,integer_multiple
356529,integer_multiple,1.192748093403725,2.056539210570918e-05,165.00001603235168,integer_multiple
356652,integer_multiple,0.8577800663934355,4.3718162146433315e-05,214.9999934275136,integer_multiple
356658,integer_multiple,1.5204500158123335,2.7525761709057406e-05,162.9999724742383,integer_multiple
356821,integer_multiple,1.0518565002473215,2.9609691040377584e-05,207.99997039030896,integer_multiple
357034,integer_multiple,0.8159935329827558,3.608520870557186e-05,333.000012290798,integer_multiple
357149,integer_multiple,0.6539794950453205,9.180497937677501e-05,343.0000918049794,integer_multiple
357193,integer_multiple,0.752445442957081,4.4015865682922595e-05,340.9999559841343,integer_multiple
357447,integer_multiple,0.999799980624047,5.4251964996865354e-05,277.9999944842831,integer_multiple
357467,integer_multiple,0.6515506703952072,8.98380549756439e-05,392.000089838055,integer_multiple
357470,integer_multiple,0.542034804881716,4.208423493423652e-05,409.0000405968538,integer_multiple
357628,integer_multiple,0.5111690399449016,6.658632366907113e-05,390.99993341367633,integer_multiple
357665,integer_multiple,1.7885889151323475,3.739351922149581e-05,205.00003739351922,integer_multiple
357753,integer_multiple,0.5987306951066071,8.725937175313447e-05,364.00008725937175,integer_multiple
357756,integer_multiple,0.7779679360143209,5.500968205751633e-05,293.00005500968206,integer_multiple
357932,integer_multiple,0.6048509162441527,6.993533878585367e-05,536.9999390740056,integer_multiple
358240,integer_multiple,0.7740537139120333,6.830807575397557e-05,512.0000211924339,integer_multiple
358273,integer_multiple,0.7855458960941699,3.810057893360863e-05,336.00003810057893,integer_multiple
358407,integer_multiple,0.5920662908338139,9.786445059489779e-05,418.0000978644506,integer_multiple
358432,integer_multiple,0.8648275599807014,5.4212438726608525e-05,336.0000346747864,integer_multiple
358544,integer_multiple,0.5689253198698749,9.89064323562161e-05,462.99990109356764,integer_multiple
358725,integer_multiple,1.310787762337534,2.295883139424859e-05,161.00000651410195,integer_multiple
358966,integer_multiple,0.6143260594366408,3.871053965553983e-05,322.9999638392258,integer_multiple
359314,integer_multiple,0.7212925685158205,5.5229282395430346e-05,259.999987970694,integer_multiple
359368,integer_multiple,0.8188666967363306,5.968266947320444e-05,267.0000596826695,integer_multiple
359467,integer_multiple,0.5986231619549109,6.549350399609466e-05,416.999934506496,integer_multiple
359644,integer_multiple,0.5434192136494954,6.23397547769855e-05,473.9999382881926,integer_multiple
359828,integer_multiple,0.4523250088649834,9.971584057666405e-05,456.9999475828348,integer_multiple
359877,integer_multiple,0.6644518572721615,4.690456341904792e-05,348.9999680786227,integer_multiple
359978,integer_multiple,0.6244146504824417,7.379148985364736e-05,406.99992620851015,integer_multiple
359996,integer_multiple,0.4445234767937807,9.865158745014924e-05,643.999932019412,integer_multiple
360218,integer_multiple,0.8394895775201888,3.096288855886087e-05,242.00000224733677,integer_multiple
360230,integer_multiple,1.0712373771223367,4.08292709437319e-05,245.99995917072906,integer_multiple
360247,integer_multiple,0.8377315392181162,6.370604711491978e-05,399.9999451528086,integer_multiple
360342,integer_multiple,0.8279516534444591,5.2918263833134915e-05,250.00002487827717,integer_multiple
360358,integer_multiple,0.9017945623940029,6.638294547656187e-05,336.0000663829455,integer_multiple
360638,integer_multiple,0.441267308471433,5.625428912026109e-05,463.0000277338805,integer_multiple
360662,integer_multiple,0.8775778916167457,4.005193176226385e-05,326.00002238312226,integer_multiple
360726,integer_multiple,0.9960159496785921,4.656752770415551e-05,293.9999534324723,integer_multiple
360978,integer_multiple,0.7109847505239357,3.445200451324126e-05,332.9999655479955,integer_multiple
361098,integer_multiple,0.5855143881198465,8.352472889328055e-05,329.99993357489336,integer_multiple
361110,integer_multiple,0.8634833231564956,5.6762800625165255e-05,369.99998902293106,integer_multiple
361170,integer_multiple,1.2597631187454017,3.5712616920591245e-05,204.00003529526037,integer_multiple
361465,integer_multiple,0.5863383464493742,9.522498942260427e-05,428.0000952249894,integer_multiple
361817,integer_multiple,0.5043373379688492,4.795601194018673e-05,309.000020284278,integer_multiple
362090,integer_multiple,0.8720675946214722,3.82811894041879e-05,234.00002554768366,integer_multiple
362301,integer_multiple,0.6959426360963518,6.341093529727004e-05,490.0000174137556,integer_multiple
362325,integer_multiple,0.7776050081813723,3.67610601870183e-05,253.99996898810184,integer_multiple
362363,integer_multiple,0.8218278009990626,3.766749949818404e-05,267.9999623325005,integer_multiple
362378,integer_multiple,0.6476683337117002,0.00010305236105523363,353.00010305236106,integer_multiple
362379,integer_multiple,0.48030743538341575,8.559326772683562e-05,467.9999144067323,integer_multiple
362468,integer_multiple,0.5284015784394483,9.458878486157118e-05,467.00009458878486,integer_multiple
362527,integer_multiple,0.7959248899721275,3.429336732096999e-05,272.0000260352402,integer_multiple
362566,integer_multiple,0.7723796592290307,4.931802956775755e-05,236.0000099446363,integer_multiple
362685,integer_multiple,0.6874269654108885,3.148720097101432e-05,329.9999753778678,integer_multiple
362700,integer_multiple,0.7336217908962688,3.987378838132827e-05,277.00000839040297,integer_multiple
362717,integer_multiple,0.514668085310946,4.850250593335659e-05,384.00003484770764,integer_multiple
362724,integer_multiple,0.8994424119173007,7.258907584173357e-05,261.99992741092416,integer_multiple
362731,integer_multiple,0.4677487376126779,9.3630604453665e-05,439.99990636939555,integer_multiple
362733,integer_multiple,0.8261731847157963,5.96655709443894e-05,213.99994033442906,integer_multiple
362813,integer_multiple,0.9484967344046908,2.8130820254546052e-05,217.00000800504625,integer_multiple
362906,integer_multiple,1.0594342354002777,5.0189511114240304e-05,175.00005018951111,integer_multiple
362930,integer_multiple,0.6870491343495903,3.751407527374795e-05,193.00003751407527,integer_multiple
362942,integer_multiple,0.6076811127063971,7.83742113981134e-05,384.00000759859745,integer_multiple
363035,integer_multiple,0.6069434274871987,6.94018087870063e-05,312.9999305981912,integer_multiple
363196,integer_multiple,0.8611780015669572,5.164605374829989e-05,318.00005164605375,integer_multiple
363202,integer_multiple,0.58695783768052,0.00010361765663446931,454.00010361765663,integer_multiple
363230,integer_multiple,2.396357643572507,1.861280459536374e-05,102.9999813871954,integer_multiple
363267,integer_multiple,0.5631582000598934,3.559140486686374e-05,412.9999956871222,integer_multiple
363495,integer_multiple,1.3572204478397978,2.5784261524108842e-05,319.00001100346446,integer_multiple
363554,integer_multiple,0.9061253696564028,7.835874464490189e-05,273.00007835874464,integer_multiple
363605,integer_multiple,0.5730330141878952,7.6934809925433e-05,477.0000763898665,integer_multiple
363766,integer_multiple,0.6021919556557938,5.702551001718348e-05,354.99997611682204,integer_multiple
363844,integer_multiple,0.9316191208027775,4.841894323703855e-05,219.00004841894324,integer_multiple
363936,integer_multiple,0.6931927998899983,4.4138073889143925e-05,296.9999761954692,integer_multiple
363983,integer_multiple,0.712149278459722,4.487914105766322e-05,317.9999676988504,integer_multiple
364018,integer_multiple,0.4850131403547562,9.973817759600934e-05,451.9999002618224,integer_multiple
364120,integer_multiple,0.8401949308537805,3.6877594311590656e-05,245.00000863741397,integer_multiple
364255,integer_multiple,0.7879600099601277,2.7194799770313693e-05,235.99998471899295,integer_multiple
364350,integer_multiple,1.1111111843684536,4.1358684029546566e-05,222.00004135868403,integer_multiple
364394,integer_multiple,0.7636502615901709,7.044339798767396e-05,294.000070443398,integer_multiple
364413,integer_multiple,0.8184646377217552,2.3099066737586327e-05,372.99998567680797,integer_multiple
364600,integer_multiple,0.6006367129739717,7.635727411070548e-05,294.9999236427259,integer_multiple
364647,integer_multiple,0.45920006003621816,9.255712944877814e-05,587.9999292072154,integer_multiple
364673,integer_multiple,0.6495615090505018,9.801279691146192e-05,463.00007303219616,integer_multiple
364752,integer_multiple,0.5923819888366179,4.689049467287987e-05,315.9999531095053,integer_multiple
364818,integer_multiple,1.0334848780879389,4.3458122661377274e-05,302.00004345812266,integer_multiple
364824,integer_multiple,1.5105740308381457,4.11076775321817e-05,222.99998253534912,integer_multiple
364874,integer_multiple,1.0009007135429226,7.088155166457e-05,259.00007088155166,integer_multiple
365009,integer_multiple,0.8744316524612932,6.211469781192136e-05,392.0000621146978,integer_multiple
365096,integer_multiple,0.90260851773962,2.0053638365880033e-05,284.99999092776903,integer_multiple
365192,integer_multiple,0.8282945651294524,2.8283005789830895e-05,171.99998096892628,integer_multiple
365271,integer_multiple,0.6496459694050497,4.271498772823179e-05,314.00003063494313,integer_multiple
365393,integer_multiple,0.8476731049769313,6.82066764454703e-05,405.00004164774106,integer_multiple
365437,integer_multiple,0.8161932498072723,7.870277272559179e-05,351.9999212972273,integer_multiple
365528,integer_multiple,3.0950169085431822,2.8895217667468387e-05,203.99997110478233,integer_multiple
365625,integer_multiple,0.590911795561723,6.66929145722861e-05,338.0000666929146,integer_multiple
365801,integer_multiple,0.8040524547718632,8.189085644971783e-05,300.99991810914355,integer_multiple
365911,integer_multiple,0.9197095081651929,6.142701406020024e-05,242.99996002367632,integer_multiple
365943,integer_multiple,0.5703531051693296,5.3983369866728026e-05,354.0000200388149,integer_multiple
365964,integer_multiple,0.6119202518486921,5.713526695672044e-05,370.0000499494687,integer_multiple
365969,integer_multiple,0.5837711808868069,6.446006131000104e-05,489.9999355399387,integer_multiple
366109,integer_multiple,0.668359917822868,6.295806196021658e-05,438.00000654168764,integer_multiple
366160,integer_multiple,0.9872642326965619,3.4910705892343685e-05,373.00002649836046,integer_multiple
366471,integer_multiple,0.7947230646611656,3.4819546755215924e-05,285.00002998747453,integer_multiple
366536,integer_multiple,1.0109179148954448,3.5879225805501846e-05,223.0000358792258,integer_multiple
366547,integer_multiple,0.8830021583011523,6.84391337699708e-05,341.0000519960722,integer_multiple
366552,integer_multiple,0.7833307197582082,8.503234221279854e-05,524.0000850323422,integer_multiple
366745,integer_multiple,2.677376104995033,1.1473064041922498e-05,113.99999141548082,integer_multiple
366801,integer_multiple,0.7951022199620629,5.8135450188956383e-05,249.99999235207054,integer_multiple
366899,integer_multiple,0.511744578920521,0.00011856013145461475,441.99988143986855,integer_multiple
366955,integer_multiple,0.9057971672841495,3.213815776348383e-05,271.0000316331148,integer_multiple
366974,integer_multiple,0.9165062631065538,4.307319275653754e-05,245.99999723399722,integer_multiple
367019,integer_multiple,0.7576904900064682,5.2480650339248314e-05,306.9999676712168,integer_multiple
367067,integer_multiple,0.9001709807176488,4.551901130867009e-05,245.0000455190113,integer_multiple
367103,integer_multiple,0.9419743663235003,3.0072540610603937e-05,262.9999770332144,integer_multiple
367188,integer_multiple,0.3823653226428524,6.268366399808656e-05,630.9999924114051,integer_multiple
367262,integer_multiple,0.42901886756868735,0.00011880734393798775,538.9999792341148,integer_multiple
367281,integer_multiple,1.4808233364552732,2.2046672143005708e-05,111.00000884947369,integer_multiple
367303,integer_multiple,1.1364928823555744,3.261954958588831e-05,185.99999136804277,integer_multiple
367454,integer_multiple,0.6652474063814047,9.010698107658754e-05,461.000047956022,integer_multiple
367596,integer_multiple,0.9679604880048845,2.3533214402959857e-05,326.9999972735784,integer_multiple
367690,integer_multiple,0.8275405057501508,6.08538977076023e-05,326.0000608538977,integer_multiple
367756,integer_multiple,1.1237217097749372,3.8409335132882916e-05,220.99999857980978,integer_multiple
367847,integer_multiple,1.0610080240857682,4.871645947446268e-05,161.99995128354053,integer_multiple
367873,integer_multiple,0.6146281264530021,4.720128049484629e-05,378.9999669104327,integer_multiple
367883,integer_multiple,0.626095683282912,7.034325983568124e-05,308.99992965674016,integer_multiple
367991,integer_multiple,0.5652591369994735,6.678406879245813e-05,383.0000667840688,integer_multiple
367999,integer_multiple,0.5473753204480022,4.374058670464365e-05,351.99998188828715,integer_multiple
368511,integer_multiple,0.5667649234258366,3.605145917617847e-05,336.0000360514592,integer_multiple
368621,integer_multiple,0.6748549530186427,5.797184633138386e-05,344.000034192508,integer_multiple
368749,integer_multiple,0.8124797326764956,2.9307469105788186e-05,263.0000240218549,integer_multiple
368911,integer_multiple,1.0614584254498522,3.078924646615633e-05,274.99998509297603,integer_multiple
369005,integer_multiple,0.6269985764107883,4.872381288123506e-05,334.0000487238129,integer_multiple
369096,integer_multiple,0.8128099091823857,3.497395150020566e-05,261.9999974196701,integer_multiple
369132,integer_multiple,0.6718172152248711,9.824597191254725e-05,420.0000982459719,integer_multiple
369173,integer_multiple,1.1943150682151604,2.8555461568657847e-05,179.00002855546157,integer_multiple
369202,integer_multiple,1.0734220836044042,1.672879503189506e-05,120.00001158490991,integer_multiple
369222,integer_multiple,0.6854949538007006,4.03458869016049e-05,266.00000011485525,integer_multiple
369225,integer_multiple,0.7395356202155595,4.6904975221195855e-05,228.99997673544866,integer_multiple
369261,integer_multiple,0.7591861441884369,5.395902928739815e-05,362.9999991624679,integer_multiple
369266,integer_multiple,3.1938678937369964,1.3267390301052728e-05,98.9999867326097,integer_multiple
369272,integer_multiple,0.9056330304979154,3.045669983237076e-05,178.0000040600443,integer_multiple
369276,integer_multiple,1.2918228178568107,3.759726931207297e-05,247.0000375972693,integer_multiple
369392,integer_multiple,0.5099179529972612,8.326516780243765e-05,593.0000199854084,integer_multiple
369566,integer_multiple,0.4263664338587902,0.00013139228781255952,540.0000941235693,integer_multiple
369647,integer_multiple,1.0211375331376988,4.1103994647073705e-05,241.00000480962834,integer_multiple
369691,integer_multiple,0.6601966734015303,5.2930909021142725e-05,269.000052930909,integer_multiple
369871,integer_multiple,0.6466632780557635,2.168441211836125e-05,361.00001035367154,integer_multiple
369875,integer_multiple,0.9341428819083253,3.4474733041633954e-05,230.9999950914448,integer_multiple
370029,integer_multiple,0.6879944240368755,5.780846555580865e-05,348.00005780846556,integer_multiple
370127,integer_multiple,0.7537499305736053,3.552446878529736e-05,289.0000355244688,integer_multiple
370131,integer_multiple,0.7576331836557207,3.96907098831889e-05,256.00002193838765,integer_multiple
370249,integer_multiple,0.9962142855585338,7.139013297319252e-05,233.00007139013297,integer_multiple
370301,integer_multiple,0.7422251970330818,5.5805621968829655e-05,395.0000399047823,integer_multiple
370322,integer_multiple,1.360174229003723,3.626262943612346e-05,188.00002302308374,integer_multiple
370405,integer_multiple,1.0493178972586905,3.8094933330512504e-05,223.00001494601594,integer_multiple
370576,integer_multiple,0.7763373028089157,7.737200814972311e-05,378.99995874207036,integer_multiple
370588,integer_multiple,0.9588646973790755,3.08083278923732e-05,182.9999691916721,integer_multiple
370816,integer_multiple,0.4653543571751143,0.00010864815209288281,555.000090728947,integer_multiple
370817,integer_multiple,0.9584051940198225,2.2434458742282004e-05,253.99998883673373,integer_multiple
370884,integer_multiple,0.8774237946164138,5.463421854301487e-05,250.99998843641933,integer_multiple
370899,integer_multiple,0.8661758809940254,5.473377484577213e-05,362.000011007034,integer_multiple
370943,integer_multiple,1.111728606587575,4.572419481974066e-05,268.99996999097493,integer_multiple
370948,integer_multiple,0.821557650606203,3.2357529335058643e-05,270.9999847114726,integer_multiple
370983,integer_multiple,0.6944443942064917,4.9380761538486695e-05,311.99995061923846,integer_multiple
371018,integer_multiple,0.7291286554716614,6.490006904869006e-05,431.99993509993095,integer_multiple
371117,integer_multiple,0.7774236250181957,3.753894151259374e-05,277.9999624610585,integer_multiple
371322,integer_multiple,0.6505757122995746,0.0001333161006868977,450.0001333161007,integer_multiple
371408,integer_multiple,0.797829917324998,4.137490719813286e-05,274.99999401658073,integer_multiple
371512,integer_multiple,0.6182762477881637,5.813292597167674e-05,399.00002622962074,integer_multiple
371529,integer_multiple,0.5388221399965584,9.306790536811604e-05,487.0000121341658,integer_multiple
371537,integer_multiple,0.3577817796480578,0.0002679378867469495,1044.9997320621133,integer_multiple
371583,integer_multiple,0.47087636049092263,0.00012874570899157334,614.0000338893701,integer_multiple
371638,integer_multiple,0.49895223042547265,6.69131287622804e-05,399.0000213252482,integer_multiple
371715,integer_multiple,0.46704968313503953,5.432755321521654e-05,525.9999591117383,integer_multiple
371736,integer_multiple,0.5742505846822719,6.766239684452557e-05,328.00004951767227,integer_multiple
371938,integer_multiple,0.6879944240368755,6.667539477689388e-05,239.00006667539478,integer_multiple
372147,integer_multiple,0.667111393701937,5.1814739379096864e-05,307.0000454571051,integer_multiple
372214,integer_multiple,0.9210647617862011,4.704035023905817e-05,318.99995295964976,integer_multiple
372235,integer_multiple,1.1364928823555744,3.2131075101915485e-05,240.9999752672831,integer_multiple
372306,integer_multiple,0.6863889125532218,7.829067760667385e-05,444.00006744421387,integer_multiple
372313,integer_multiple,0.6516356263787711,3.6552253845911764e-05,276.99997986311166,integer_multiple
372379,integer_multiple,0.5636343788834502,5.129940248593812e-05,392.99999753181095,integer_multiple
372422,integer_multiple,1.542495753473782,1.3722139129868083e-05,127.99998755734217,integer_multiple
372442,integer_multiple,0.6525711201833935,6.679050761704275e-05,296.0000667905076,integer_multiple
372446,integer_multiple,0.6442884176936987,7.446346177175656e-05,409.0000703512154,integer_multiple
372542,integer_multiple,1.184413158602596,3.75460688246676e-05,234.99996245393118,integer_multiple
372548,integer_multiple,0.41609452078209147,5.846582359936292e-05,620.0000530487101,integer_multiple
372750,integer_multiple,0.6304375558993338,3.785684299373315e-05,258.000037856843,integer_multiple
372830,integer_multiple,0.624180743782457,6.062766075842774e-05,292.99995162595235,integer_multiple
372894,integer_multiple,0.733137851783223,3.3387760026926117e-05,214.00003338776003,integer_multiple
372914,integer_multiple,0.6131208081871241,3.474289113114537e-05,355.00001576545924,integer_multiple
372978,integer_multiple,0.9264406932984971,3.77516267349165e-05,238.00003775162673,integer_multiple
373049,integer_multiple,0.7494566441117062,4.266500587846167e-05,318.0000426650059,integer_multiple
373399,integer_multiple,0.3746160032989274,0.00021319402901553985,741.000213194029,integer_multiple
373656,integer_multiple,0.39398001565695917,8.136109471479358e-05,509.0000813610947,integer_multiple
373667,integer_multiple,0.6826870346281917,5.89529640251385e-05,404.00000684614565,integer_multiple
373763,integer_multiple,0.6373892085601683,9.850000208189158e-05,421.0000338320031,integer_multiple
373795,integer_multiple,0.956114307061372,3.081583376740582e-05,167.99997775037977,integer_multiple
373814,integer_multiple,0.6626027353823969,5.686740013288727e-05,386.00005686740013,integer_multiple
373830,integer_multiple,0.570711073659687,6.426184836527682e-05,460.0000455055293,integer_multiple
373834,integer_multiple,0.8429570941406288,8.790248273271573e-05,382.00008790248273,integer_multiple
373921,integer_multiple,0.9066182905887551,6.659398735564537e-05,403.99993340601264,integer_multiple
374019,integer_multiple,0.5255689974853456,3.787295912616173e-05,471.0000378729591,integer_multiple
374125,integer_multiple,0.9417969286189668,8.085577042038494e-05,344.0000808557704,integer_multiple
374179,integer_multiple,0.383097682042802,5.4307529808284016e-05,482.0000138213892,integer_multiple
374194,integer_multiple,0.3708235857508073,0.00011034210263005662,738.9998896578974,integer_multiple
374220,integer_multiple,0.6056568338114866,4.86367248413444e-05,274.00004863672484,integer_multiple
374275,integer_multiple,0.3477777377068035,8.266466898021463e-05,731.0000479961029,integer_multiple
374414,integer_multiple,0.6729022364212982,4.9050148788865044e-05,377.9999532512072,integer_multiple
374620,integer_multiple,0.6709608598049863,4.156090389528799e-05,384.00003171068215,integer_multiple
374690,integer_multiple,0.7627764958991952,6.864874586653968e-05,331.0000407106386,integer_multiple
374744,integer_multiple,0.483746209448913,5.403021486927173e-05,345.9999940104869,integer_multiple
374835,integer_multiple,0.651720488282266,9.870313607507342e-05,405.0000987031361,integer_multiple
374840,integer_multiple,0.7582075888175549,6.374548377152678e-05,408.00006374548377,integer_multiple
374974,integer_multiple,1.5204500158123335,1.682988445850242e-05,208.99998809040548,integer_multiple
375174,integer_multiple,0.7486711028118265,3.515022353894892e-05,226.00003515022354,integer_multiple
375180,integer_multiple,0.6625588351734566,6.992868537736285e-05,329.9999300713146,integer_multiple
375319,integer_multiple,0.9899029208490286,7.118191851418487e-05,241.0000711819185,integer_multiple
375349,integer_multiple,0.570776282510287,7.28430915160061e-05,366.9999271569085,integer_multiple
375355,integer_multiple,0.8469551975413578,7.270804889003557e-05,362.0000431737849,integer_multiple
375413,integer_multiple,2.1367520340524835,1.584833557899401e-05,71.00000458703896,integer_multiple
375414,integer_multiple,0.5909467392278839,7.140858315324294e-05,398.99994942672504,integer_multiple
375502,integer_multiple,0.5306729257294678,4.115666914117355e-05,314.99996486245135,integer_multiple
375570,integer_multiple,0.41032371140564416,7.181418817481244e-05,590.0000255313498,integer_multiple
375668,integer_multiple,0.43614794917155747,8.317271851865371e-05,362.9999168272815,integer_multiple
375682,integer_multiple,3.51370347733242,3.059226207824395e-05,133.00003059226208,integer_multiple
375877,integer_multiple,1.202067656492754,2.6381592007851395e-05,229.00000078545094,integer_multiple
375904,integer_multiple,0.4820903776967158,6.883328012463608e-05,444.0000688332801,integer_multiple
375930,integer_multiple,0.5627145338164857,6.842753975888627e-05,498.99993157246024,integer_multiple
375969,integer_multiple,0.8555783525605836,2.668505551639555e-05,232.99998684129173,integer_multiple
376083,integer_multiple,0.7145920022945697,5.511224301812945e-05,334.00000989204875,integer_multiple
376196,integer_multiple,0.8232485954793609,7.22286441146025e-05,354.00006603696266,integer_multiple
376332,integer_multiple,0.4668098466606118,4.730905152428022e-05,523.000013154872,integer_multiple
376465,integer_multiple,0.6840881504620261,4.067125087203749e-05,404.9999954318917,integer_multiple
376506,integer_multiple,0.7787555057380554,4.061628237650439e-05,287.0000406162824,integer_multiple
376548,integer_multiple,0.7018036012637657,3.329855002220938e-05,322.99996670145,integer_multiple
376595,integer_multiple,0.9437523000803901,5.272800257216659e-05,205.00005272800257,integer_multiple
376942,integer_multiple,0.6127075625337424,7.127888142122174e-05,436.0000712788814,integer_multiple
377035,integer_multiple,0.6798558575324071,9.914633824337216e-05,377.99990085366176,integer_multiple
377206,integer_multiple,1.0212417416688382,4.510628866682964e-05,318.99996632548533,integer_multiple
377307,integer_multiple,0.540628221423865,6.486537915861845e-05,349.0000495872465,integer_multiple
377378,integer_multiple,1.247193827433206,5.220150865170581e-05,350.00005220150865,integer_multiple
377505,integer_multiple,0.5362505554959819,0.00010806558304921055,570.000108065583,integer_multiple
377549,integer_multiple,1.005227236137593,5.337141544714541e-05,276.99994662858455,integer_multiple
377618,integer_multiple,1.4705881947591204,2.9843286171171712e-05,193.99999549581003,integer_multiple
377718,integer_multiple,0.37999700301480716,7.008932632857068e-05,534.0000131265235,integer_multiple
377917,integer_multiple,0.5243288847198347,4.111063174150331e-05,435.9999925518483,integer_multiple
378018,integer_multiple,0.6909417151082875,9.979703708040688e-05,379.0000997970371,integer_multiple
378040,integer_multiple,0.5616399630519026,6.313386705869561e-05,471.00004218914574,integer_multiple
378197,integer_multiple,0.9659035424983992,4.2181218475434434e-05,188.00000390429489,integer_multiple
378467,integer_multiple,0.7099752163852261,0.00010389793061449382,403.9998961020694,integer_multiple
378482,integer_multiple,0.8851124727521168,4.379698268053289e-05,175.99995620301732,integer_multiple
378550,integer_multiple,0.6211565478413031,4.442182074626544e-05,332.0000360614852,integer_multiple
378602,integer_multiple,0.7429420806987522,4.580448975843865e-05,248.00004580448976,integer_multiple
378622,integer_multiple,1.2722645637498047,5.9825144148817344e-05,281.00005982514415,integer_multiple
379326,integer_multiple,0.5263712652295058,0.00011119477750298756,483.99994394412033,integer_multiple
379388,integer_multiple,0.6443298752733666,4.9952518963891634e-05,436.00002314849087,integer_multiple
379426,integer_multiple,1.0725010812532842,4.75769481909083e-05,262.0000475769482,integer_multiple
379459,integer_multiple,0.7213445859970642,5.460154255843008e-05,280.00005460154256,integer_multiple
379681,integer_multiple,0.5518459192171096,0.0001122846064163241,550.0001122846064,integer_multiple
379769,integer_multiple,1.144426646725379,2.8749349979761973e-05,278.0000086091591,integer_multiple
379834,integer_multiple,0.6217745562967697,6.166134238583254e-05,279.0000616613424,integer_multiple
380014,integer_multiple,0.6947821610196255,8.13150131762086e-05,387.00001032660936,integer_multiple
380102,integer_multiple,0.6873796941851409,4.7665584702372144e-05,463.99998964240984,integer_multiple
380116,integer_multiple,0.2691935121179687,0.00020842361936956877,836.9997915763806,integer_multiple
380143,integer_multiple,0.8616233473425388,7.691918654018082e-05,359.9999471474949,integer_multiple
380154,integer_multiple,0.799616180448427,0.00010115794236753572,342.00010115794237,integer_multiple
380479,integer_multiple,0.6054734742581621,5.092099684134155e-05,525.9999958902771,integer_multiple
380688,integer_multiple,1.0149193432069357,2.2931270464709996e-05,125.00002293127046,integer_multiple
380726,integer_multiple,0.7876495963981531,5.502790713762806e-05,313.9999932270962,integer_multiple
380852,integer_multiple,3.093102288678643,1.551496654883522e-05,70.00001551496655,integer_multiple
380948,integer_multiple,0.8265145652151125,6.237327795588499e-05,310.99993762672204,integer_multiple
381039,integer_multiple,0.6459531285123337,6.400245274562621e-05,338.0000164512347,integer_multiple
381216,integer_multiple,0.838574403168823,9.534624723528395e-05,452.00007549567005,integer_multiple
381452,integer_multiple,0.6192717466951441,5.804000653597541e-05,434.9999632513413,integer_multiple
381556,integer_multiple,0.5512983397806042,3.574401051764653e-05,269.0000355344631,integer_multiple
381578,integer_multiple,0.5591902726419772,7.80144917484904e-05,374.00007801449175,integer_multiple
381623,integer_multiple,0.8029549084315848,4.945947284795693e-05,287.00000226337835,integer_multiple
381625,integer_multiple,0.9150804845410581,3.3751771425727384e-05,174.00000560328056,integer_multiple
381645,integer_multiple,0.7385524515991907,8.594933746053357e-05,340.00008594933746,integer_multiple
381733,integer_multiple,0.7787555057380554,4.1414058358668626e-05,215.99995858594164,integer_multiple
381951,integer_multiple,0.6346385335731075,7.243469391937651e-05,332.0000347495386,integer_multiple
382034,integer_multiple,0.7530120924389253,3.10032216361833e-05,332.00003100322164,integer_multiple
382202,integer_multiple,1.0853050203627523,3.619953392330899e-05,188.99996380046608,integer_multiple
382298,integer_multiple,0.4374453056954368,0.0001008621563869383,549.9998991378436,integer_multiple
382630,integer_multiple,0.6387327292431568,2.9571146342277643e-05,303.9999859919037,integer_multiple
382711,integer_multiple,0.6901311709222254,7.748640234694903e-05,299.0000129483189,integer_multiple
382746,integer_multiple,0.5013285318590845,6.377273160751429e-05,466.0000637727316,integer_multiple
382756,integer_multiple,0.6610695907708156,4.078915023342233e-05,244.99998852624287,integer_multiple
382833,integer_multiple,0.46902114054940985,0.00010761505313894304,539.9999010640495,integer_multiple
382857,integer_multiple,0.9053870221785784,2.856201160739147e-05,305.9999743979409,integer_multiple
383189,integer_multiple,0.7652280033383545,6.413160366491866e-05,305.00006413160366,integer_multiple
383211,integer_multiple,0.9337068120821286,3.566599443161067e-05,249.99996433400557,integer_multiple
383234,integer_multiple,0.7788161514073872,4.5388878930907595e-05,233.00003464235303,integer_multiple
383293,integer_multiple,0.569540957910638,5.24492756426298e-05,394.9999720553645,integer_multiple
383480,integer_multiple,0.7859164063215553,4.307721548002519e-05,268.0000430772155,integer_multiple
383713,integer_multiple,0.5674724856331269,5.752325751018361e-05,443.0000130411089,integer_multiple
383733,integer_multiple,0.6239859763242261,6.298361319068135e-05,299.0000335019127,integer_multiple
383747,integer_multiple,0.7368653100772324,0.00010977816754120795,341.00001361709104,integer_multiple
383787,integer_multiple,1.0997470357749115,2.6625101526178696e-05,204.99997994432962,integer_multiple
383871,integer_multiple,1.133658284138807,4.049763563784836e-05,194.00004049763564,integer_multiple
383959,integer_multiple,0.5531890973836996,0.00012137053687411026,445.0001213705369,integer_multiple
383981,integer_multiple,0.6220066179420234,3.601751342330317e-05,396.9999700287424,integer_multiple
384041,integer_multiple,0.7999359672630003,3.455324090850809e-05,205.9999654467591,integer_multiple
384104,integer_multiple,1.7534631968859646,2.5717996152252454e-05,130.99998220037725,integer_multiple
384231,integer_multiple,0.8450942324467562,3.665367131588937e-05,362.99997009410146,integer_multiple
384480,integer_multiple,0.6916107772637456,4.306053884306493e-05,324.0000094626433,integer_multiple
384593,integer_multiple,1.2823800880021945,2.8201707237940354e-05,169.00001653053621,integer_multiple
384691,integer_multiple,0.6392227457196669,3.005339681294572e-05,328.99998186441906,integer_multiple
384755,integer_multiple,1.164551070416859,4.313291114499407e-05,210.99995686708886,integer_multiple
384831,integer_multiple,0.43656681356708943,5.23367567097921e-05,520.9999736990333,integer_multiple
384839,integer_multiple,0.8751969002822871,3.749113676576599e-05,291.99999992715306,integer_multiple
385180,integer_multiple,0.6715917268475253,4.837797791878984e-05,289.9999516220221,integer_multiple
385272,integer_multiple,0.8052179175973228,7.862008493475514e-05,360.99992137991507,integer_multiple
385334,integer_multiple,0.629881528731867,3.8317442459856466e-05,217.00003301681232,integer_multiple
385812,integer_multiple,0.8682817030940472,4.2036590969019016e-05,237.00001490844747,integer_multiple
385831,integer_multiple,0.4244482294812562,0.00011748010365408845,546.9999049925232,integer_multiple
385928,integer_multiple,0.8307718235271259,5.526331847249821e-05,332.0000153406655,integer_multiple
385974,integer_multiple,0.7541478231319817,4.996854659111705e-05,455.0000106003928,integer_multiple
386095,integer_multiple,1.7018379054619315,2.0965269925454777e-05,140.99997903473007,integer_multiple
386168,integer_multiple,0.6648052774662327,3.385375833886428e-05,225.999987472218,integer_multiple
386221,integer_multiple,0.8377315392181162,7.330736917765535e-05,375.9999266926308,integer_multiple
386266,integer_multiple,0.7782101057167552,5.6375051116219765e-05,251.00005637505112,integer_multiple
386293,integer_multiple,0.7190623239645679,6.166946980101784e-05,375.99996847182564,integer_multiple
386317,integer_multiple,0.521702835684729,4.939174942819591e-05,405.0000132731244,integer_multiple
386362,integer_multiple,0.8798170253283601,3.915079599892124e-05,285.0000221874058,integer_multiple
386378,integer_multiple,0.7156146924344983,3.926818200739035e-05,267.0000249894765,integer_multiple
386428,integer_multiple,0.6441223528338935,0.00012530419218137467,485.0001253041922,integer_multiple
386486,integer_multiple,0.6309944532568826,4.271381547482633e-05,208.00000708140357,integer_multiple
386650,integer_multiple,0.6394270602118726,3.347748560145192e-05,340.0000023748719,integer_multiple
386835,integer_multiple,0.9982032544894743,1.6915060967903628e-05,223.9999860492379,integer_multiple
386997,integer_multiple,0.8313242849832057,3.182335365181643e-05,356.00002300186713,integer_multiple
387119,integer_multiple,1.0163634450484489,2.7728175012953216e-05,293.9999756893677,integer_multiple
387202,integer_multiple,0.5408914246658157,5.247590860335549e-05,416.9999475240914,integer_multiple
387239,integer_multiple,1.0463534140045672,2.1802472183196642e-05,178.99999287351628,integer_multiple
387357,integer_multiple,0.9961150556663426,4.5153480016324465e-05,394.00004515348,integer_multiple
387403,integer_multiple,0.6166748934851717,4.0839791154212435e-05,412.99998082390755,integer_multiple
387424,integer_multiple,0.8724481344736221,2.810840311440188e-05,282.9999730289738,integer_multiple
387541,integer_multiple,0.48790016134453135,0.00012896221653591056,548.9998710377835,integer_multiple
387598,integer_multiple,0.7026912910073285,3.365785715914171e-05,211.99998995883743,integer_multiple
387678,integer_multiple,0.508517691896792,0.0001261730618580259,661.0001261730619,integer_multiple
387679,integer_multiple,0.41313779545593243,5.162666280966732e-05,380.00001461827196,integer_multiple
387742,integer_multiple,0.6436248956677801,4.185040342008506e-05,364.99996184654714,integer_multiple
387787,integer_multiple,0.7144898076930049,6.919831707818958e-05,369.99994626033174,integer_multiple
387913,integer_multiple,0.5499642798897602,8.739216548292461e-05,358.9999814994017,integer_multiple
387969,integer_multiple,1.1845533897640408,2.3542894865613562e-05,267.0000164730129,integer_multiple
388046,integer_multiple,0.28700170451080553,0.00010599464178540074,929.0001059946418,integer_multiple
388090,integer_multiple,1.048877720028216,5.624046411867312e-05,260.9999437595359,integer_multiple
388250,integer_multiple,0.9000090272264357,3.705805539766516e-05,269.9999629419446,integer_multiple
388297,integer_multiple,0.7396996566744083,0.00010609833356056697,346.00010609833356,integer_multiple
388538,integer_multiple,3.113324811226034,7.898703202613433e-06,79.0000078987032,integer_multiple
388558,integer_multiple,1.8649756545751146,2.519598741912432e-05,112.9999817946103,integer_multiple
388705,integer_multiple,0.6234802901869858,8.321401776356652e-05,407.99991678598224,integer_multiple
388878,integer_multiple,1.1380448887008578,3.740908130112075e-05,204.9999625909187,integer_multiple
388914,integer_multiple,0.7113893634837681,3.9418539529378904e-05,327.00000251079655,integer_multiple
388920,integer_multiple,0.30237972329378193,0.00012499020073164502,669.9998877711371,integer_multiple
388938,integer_multiple,1.1239742592279625,3.627263299676997e-05,145.00002933047804,integer_multiple
388999,integer_multiple,1.095170243482868,3.438271576783336e-05,220.99996561728423,integer_multiple
389122,integer_multiple,0.6369832107360756,3.905643228563349e-05,409.9999892233737,integer_multiple
389214,integer_multiple,0.8812902205833122,4.3000073787879955e-05,281.0000430000738,integer_multiple
389217,integer_multiple,0.9144110112242303,1.8430062141305825e-05,217.00001143200265,integer_multiple
389251,integer_multiple,0.7922674502658361,5.998064153800442e-05,303.99994001935846,integer_multiple
389335,integer_multiple,0.9116601391308714,3.0065469900364405e-05,227.0000300654699,integer_multiple
389336,integer_multiple,0.9601536563157624,3.2214811909625496e-05,274.0000119075379,integer_multiple
389349,integer_multiple,0.8602890710668113,3.330594611838933e-05,266.99997119724856,integer_multiple
389503,integer_multiple,0.8243343554003564,5.6333970576361025e-05,400.99999182759694,integer_multiple
389751,integer_multiple,0.6588483597016437,8.924171135049619e-05,372.00005346899553,integer_multiple
389866,integer_multiple,0.5283457808101715,7.349078009610821e-05,468.999975634754,integer_multiple
389934,integer_multiple,1.0524099831888585,3.5024800780547594e-05,278.0000011185859,integer_multiple
390120,integer_multiple,0.5246865401454198,4.667893747978269e-05,452.00001368844204,integer_multiple
390540,integer_multiple,1.1976048421079477,2.358884145792217e-05,141.99997641115854,integer_multiple
390618,integer_multiple,0.7293945812943149,6.654190656263381e-05,339.00002720843554,integer_multiple
390659,integer_multiple,0.8113590290498752,3.3098331641667755e-05,350.0000202947504,integer_multiple
390910,integer_multiple,0.8001920736879058,3.899536210383303e-05,167.0000389953621,integer_multiple
391002,integer_multiple,0.9263548062528398,4.082800307969592e-05,252.00001555496732,integer_multiple
391302,integer_multiple,0.6560388335467762,7.681031752326817e-05,422.00003176755655,integer_multiple
391321,integer_multiple,0.31306740113903747,0.00024773436132363713,990.0002477343613,integer_multiple
391348,integer_multiple,0.7160759407328567,7.749269155965521e-05,421.00007749269156,integer_multiple
391485,integer_multiple,0.7064142929450737,8.333379116720607e-05,423.00001778832376,integer_multiple
391618,integer_multiple,0.556730877812347,4.462258496573668e-05,285.0000344368461,integer_multiple
391626,integer_multiple,0.46672268285670454,7.209884222447727e-05,392.9999279011578,integer_multiple
391726,integer_multiple,0.784498324959852,2.634733881734519e-05,251.99998837481428,integer_multiple
391844,integer_multiple,0.8290499168188965,3.3296382412117964e-05,245.0000265227789,integer_multiple
391982,integer_multiple,0.4895481452622309,2.7858636343580656e-05,444.00001443351454,integer_multiple
392034,integer_multiple,0.9594166875300022,9.103650199904223e-05,347.000091036502,integer_multiple
392059,integer_multiple,1.2776286582031657,5.3864350206822564e-05,329.0000538643502,integer_multiple
392231,integer_multiple,0.6087539468360708,2.588569627448578e-05,230.99999809379028,integer_multiple
392371,integer_multiple,0.6148171034472087,5.613824748706975e-05,282.99996925422215,integer_multiple
392411,integer_multiple,0.7937768097475716,5.5769962841623055e-05,374.0000492074706,integer_multiple
392427,integer_multiple,0.821895344857247,5.05754309472195e-05,323.0000060182289,integer_multiple
392721,integer_multiple,0.4190938879892371,9.116119588270521e-05,646.9999764162172,integer_multiple
392749,integer_multiple,0.3185118862387502,9.515140266103117e-05,749.9999048485973,integer_multiple
392931,integer_multiple,0.4247547224660096,5.949416740236302e-05,448.9999475012357,integer_multiple
393017,integer_multiple,0.8975049234021392,4.604096145044423e-05,307.9999990505604,integer_multiple
393255,integer_multiple,0.5282620198669965,0.00010812304731189215,475.0001081230473,integer_multiple
393289,integer_multiple,0.7920165301174584,4.802237560852518e-05,265.99999752624313,integer_multiple
393437,integer_multiple,0.8043758261766232,4.443650317398351e-05,241.99995556349683,integer_multiple
393769,integer_multiple,0.6176270792087802,3.465209712771866e-05,169.99996534790287,integer_multiple
393795,integer_multiple,0.8203445310046447,4.49994500968387e-05,314.0000151908127,integer_multiple
393806,integer_multiple,1.1358473412607677,3.667406144813867e-05,195.00003667406145,integer_multiple
394090,integer_multiple,1.5001501296161424,3.939964392429829e-05,212.99996060035608,integer_multiple
394094,integer_multiple,0.7729169305206702,5.28681005675935e-05,424.99994713189943,integer_multiple
394316,integer_multiple,0.6148548822495538,5.145907113046633e-05,461.99995744991793,integer_multiple
394406,integer_multiple,0.8893632854055105,5.272190850291736e-05,297.9999999068472,integer_multiple
394475,integer_multiple,0.8521517805151025,5.7854255800293686e-05,206.9999421457442,integer_multiple
394523,integer_multiple,0.5690872030950904,8.047182717518808e-05,413.9999195281728,integer_multiple
394612,integer_multiple,0.6461618141629711,7.543248472074993e-05,327.0000093566376,integer_multiple
394685,integer_multiple,0.6272345377631636,3.6512144333755714e-05,266.0000149033345,integer_multiple
394801,integer_multiple,0.872752622048953,6.806741504306046e-05,475.00006806741504,integer_multiple
394909,integer_multiple,0.48199740332038016,4.9220582980069594e-05,358.000049220583,integer_multiple
395002,integer_multiple,0.8766547297305782,5.257454904494807e-05,299.99994742545096,integer_multiple
395024,integer_multiple,0.761150872557783,6.625769236734413e-05,398.00006625769237,integer_multiple
395259,integer_multiple,0.6049972774679986,3.942232297049486e-05,345.0000347552087,integer_multiple
395638,integer_multiple,1.0254306687619734,2.4841120165319808e-05,260.00000644469395,integer_multiple
395828,integer_multiple,1.0465724877445883,2.6967586620685324e-05,298.9999730324134,integer_multiple
395857,integer_multiple,0.667289469919765,5.6412887829537794e-05,313.99994358711217,integer_multiple
395942,integer_multiple,0.6108735825271753,5.5968572382880666e-05,364.0000045715932,integer_multiple
396058,integer_multiple,0.5823094092490925,6.341587612723742e-05,370.99999607584317,integer_multiple
396107,integer_multiple,0.6423845542812311,4.31919053198726e-05,343.0000431919053,integer_multiple
396148,integer_multiple,0.8442381565201856,5.851951300428482e-05,285.0000207441101,integer_multiple
396177,integer_multiple,0.5347593676628641,4.435936000390939e-05,404.0000123110798,integer_multiple
396239,integer_multiple,0.8574858739129082,3.063552490800703e-05,382.99998452458016,integer_multiple
396243,integer_multiple,0.5666685515562379,5.4913968881464825e-05,415.999957346766,integer_multiple
396353,integer_multiple,0.658804954115023,3.3486446966435324e-05,375.99998641386594,integer_multiple
396381,integer_multiple,0.833055653143929,3.681222457885269e-05,256.0000340652913,integer_multiple
396404,integer_multiple,0.748839336380629,5.205744190561745e-05,341.0000520574419,integer_multiple
396415,integer_multiple,0.5114304985545605,4.3259814901830396e-05,338.9999567401851,integer_multiple
396421,integer_multiple,0.5551546448479515,7.606374106217118e-05,453.9999777084676,integer_multiple
396447,integer_multiple,0.8421762346233117,5.809625793062878e-05,300.00005809625793,integer_multiple
396568,integer_multiple,0.7816163715066746,2.6775536582590576e-05,228.999992201271,integer_multiple
396626,integer_multiple,1.5683814859082983,4.016596372480308e-05,167.99995983403628,integer_multiple
396739,integer_multiple,1.1702749946614686,1.883818831061035e-05,265.99998272882004,integer_multiple
397189,integer_multiple,0.9082652384306416,5.7073771017712716e-05,287.9999536768591,integer_multiple
397298,integer_multiple,1.1153244646178921,3.374555612367658e-05,167.00003374555612,integer_multiple
397606,integer_multiple,0.9162543966096776,4.178568110546621e-05,222.9999582143189,integer_multiple
397820,integer_multiple,0.4182175240400828,9.923205971062998e-05,532.9999982438892,integer_multiple
397837,integer_multiple,1.1405109492422092,5.55913126163432e-05,293.0000555913126,integer_multiple
397896,integer_multiple,0.5812939843008033,6.1004928795682645e-05,384.00001022820163,integer_multiple
398396,integer_multiple,0.8258320856775491,5.854191095977512e-05,290.00005854191096,integer_multiple
398497,integer_multiple,0.640409854951969,7.71100455949636e-05,396.00006455752987,integer_multiple
398522,integer_multiple,0.5116921826088608,6.41653006141496e-05,522.0000334568261,integer_multiple
398751,integer_multiple,0.5146415879949106,0.00010596564112574924,481.9998940343589,integer_multiple
398778,integer_multiple,0.9457159031527077,4.957900355861966e-05,203.00004957900356,integer_multiple
398888,integer_multiple,0.6144015468359405,5.511744313935196e-05,221.00005511744314,integer_multiple
398906,integer_multiple,0.45411194976451863,5.5958735970307316e-05,513.0000092671935,integer_multiple
398957,integer_multiple,0.5032712793452979,7.87654826126527e-05,497.9999212345174,integer_multiple
399033,integer_multiple,0.6645401556790852,6.770200488404043e-05,417.99998639406795,integer_multiple
399067,integer_multiple,2.1786492782166036,1.8319166642299933e-05,93.9999955435653,integer_multiple
399095,integer_multiple,0.7900766907080844,3.884604046788809e-05,277.99996115395953,integer_multiple
399104,integer_multiple,0.9035056438285483,3.498059265893971e-05,292.9999694194045,integer_multiple
399325,integer_multiple,1.1544678013376615,2.2430912054005603e-05,243.00002243091205,integer_multiple
399506,integer_multiple,1.1914690641375576,5.3988057885590024e-05,259.0000146932761,integer_multiple
399623,integer_multiple,1.0620221186495453,4.4034166251094575e-05,286.9999732358802,integer_multiple
399712,integer_multiple,0.620462807347224,9.884855211339527e-05,462.0000988485521,integer_multiple
399964,integer_multiple,0.48351217630236454,0.00012520948729388692,419.0001252094873,integer_multiple
400198,integer_multiple,0.9187798127347665,5.158165893703881e-05,264.9999876911029,integer_multiple
400240,integer_multiple,0.44072276589493986,0.00010160478120724292,428.00002856702736,integer_multiple
400329,integer_multiple,0.7032348476474067,8.90152805368416e-05,516.9999109847195,integer_multiple
400358,integer_multiple,1.0318852360839468,6.607713976336527e-05,229.00006607713976,integer_multiple
400441,integer_multiple,0.6667110897801958,0.00013152047648645748,576.0001265561397,integer_multiple
400498,integer_multiple,0.7536363083599917,2.6811456791620003e-05,218.00001251453725,integer_multiple
400586,integer_multiple,0.5213492806425181,0.00012714877806274671,502.00004041505235,integer_multiple
400935,integer_multiple,1.0773539748537178,2.7759622156509067e-05,200.99997224037784,integer_multiple
400978,integer_multiple,1.384657929770696,3.57630904375128e-05,195.00001026719445,integer_multiple
400985,integer_multiple,1.44822587321623,1.4142562307029038e-05,97.99999948508326,integer_multiple
401085,integer_multiple,0.5395489707970936,5.5517262410376134e-05,257.9999444827376,integer_multiple
401194,integer_multiple,0.6314725773243092,4.0420343879077336e-05,319.0000402490558,integer_multiple
401212,integer_multiple,0.6433764684125242,6.017289820192673e-05,323.0000601728982,integer_multiple
401308,integer_multiple,1.2943308594648273,2.940979825893919e-05,156.999989589059,integer_multiple
401315,integer_multiple,0.8885730072553272,3.742436604170507e-05,238.99999599423862,integer_multiple
401345,integer_multiple,0.6646726120724047,6.022207315936612e-05,373.00003842746065,integer_multiple
401356,integer_multiple,0.7173601114929566,4.064059336883474e-05,324.99997556792806,integer_multiple
401401,integer_multiple,0.5911213742336279,7.751848221460023e-05,316.0000775184822,integer_multiple
401500,integer_multiple,1.0341261543933626,1.6642283782175582e-05,189.99999861200638,integer_multiple
401616,integer_multiple,0.44690740679949115,4.5978278706115816e-05,477.0000098324999,integer_multiple
401740,integer_multiple,1.643385394275326,4.290737462042671e-05,190.00004290737462,integer_multiple
401813,integer_multiple,0.7292350208934597,3.5571104632481365e-05,271.0000299989727,integer_multiple
401874,integer_multiple,0.704026994841386,7.969195604573542e-05,354.9999568569396,integer_multiple
401896,integer_multiple,0.9010632181425112,3.99241307320608e-05,279.9999909126565,integer_multiple
402277,integer_multiple,0.6027363872044661,4.904419870399579e-05,382.00000370044205,integer_multiple
402457,integer_multiple,0.6832467791802054,3.518491533327506e-05,317.9999756008136,integer_multiple
402469,integer_multiple,0.6302388801188828,6.216828580818401e-05,424.9999378317142,integer_multiple
402599,integer_multiple,0.7479991638679033,7.445641440995132e-05,266.00000532847497,integer_multiple
402601,integer_multiple,0.9806805672044012,4.768011905298408e-05,235.00004768011905,integer_multiple
402656,integer_multiple,0.4011875389054439,6.6172696023159e-05,501.0000333060272,integer_multiple
402790,integer_multiple,0.5060729173384143,5.084690852186213e-05,462.99999889750194,integer_multiple
402811,integer_multiple,0.6641870893473225,6.304491216724273e-05,357.00006304491217,integer_multiple
402862,integer_multiple,0.6627344429645043,0.00010473619175854765,475.99989526380824,integer_multiple
403032,integer_multiple,0.6563402152899745,4.653643406982155e-05,420.00004653643407,integer_multiple
403075,integer_multiple,0.9930486208525292,2.0603592389534242e-05,285.0000186938851,integer_multiple
403113,integer_multiple,0.688562979306969,5.353739268798563e-05,295.0000435671934,integer_multiple
403298,integer_multiple,0.520779104244106,5.2057620962386864e-05,341.00005205762096,integer_multiple
403389,integer_multiple,1.1603620669192396,3.906914591311761e-05,195.99996855088398,integer_multiple
403445,integer_multiple,0.5384159615378515,0.00014891424780216767,519.0001489142478,integer_multiple
403461,integer_multiple,0.7263219238653023,4.903604971673303e-05,383.9999536776244,integer_multiple
403552,integer_multiple,0.9596927993357875,5.077418273913281e-05,269.0000151525425,integer_multiple
403650,integer_multiple,0.6266842084144657,0.00010086447520052388,462.9998991355248,integer_multiple
403655,integer_multiple,0.3015772207240595,0.00028120105321249866,1018.0002812010532,integer_multiple
403725,integer_multiple,0.6881364945941806,8.710720021554152e-05,344.0000871072002,integer_multiple
403768,integer_multiple,0.7652866095051695,7.05773451272762e-05,304.9999294226549,integer_multiple
403911,integer_multiple,0.5997361011114523,7.683983176320908e-05,376.00007683983176,integer_multiple
404060,integer_multiple,0.9097525325013485,3.803039109584461e-05,291.9999942916528,integer_multiple
404157,integer_multiple,0.42349554627926805,8.619811211474371e-05,599.9999398788586,integer_multiple
404276,integer_multiple,0.6709157429601844,4.956577350867519e-05,327.0000109375508,integer_multiple
404459,integer_multiple,0.47744091487840107,4.879941383251207e-05,427.00004879941383,integer_multiple
404521,integer_multiple,0.8145312361511038,4.849421765129591e-05,408.0000060813074,integer_multiple
404676,integer_multiple,0.7772423662948812,5.1066783953501727e-05,299.00005106678395,integer_multiple
404952,integer_multiple,0.709874316121553,4.466070379294251e-05,212.99998210439702,integer_multiple
405109,integer_multiple,0.48021510222055375,0.00013768062484587062,506.00013768062485,integer_multiple
405541,integer_multiple,0.6416425894238668,6.162631592587786e-05,340.0000616263159,integer_multiple
405650,integer_multiple,0.6884207722197476,6.852277397229045e-05,265.000068522774,integer_multiple
405688,integer_multiple,0.9555662778082123,3.7609338306765494e-05,179.0000376093383,integer_multiple
405864,integer_multiple,0.5233957956226056,8.593278300850216e-05,411.999914067217,integer_multiple
405965,integer_multiple,1.1435106445103502,3.692738431482212e-05,249.99996307261569,integer_multiple
406498,integer_multiple,0.9153318542545409,2.0509447153926885e-05,186.99997949055285,integer_multiple
406718,integer_multiple,1.322751458979554,3.200012099568994e-05,200.0000059843055,integer_multiple
406768,integer_multiple,0.8895214032392369,7.651259096519425e-05,277.00007651259097,integer_multiple
406904,integer_multiple,1.3054831249493462,5.103354283164663e-05,220.99994896645717,integer_multiple
407046,integer_multiple,1.0250102269679011,4.126126745518377e-05,240.99995873873254,integer_multiple
407295,integer_multiple,1.0289124717982259,3.369482078596775e-05,193.99998222854916,integer_multiple
407307,integer_multiple,0.7263746078333723,5.7284538826252174e-05,366.99994702367076,integer_multiple
407344,integer_multiple,1.0204081034126125,2.595329794985446e-05,240.00001844525755,integer_multiple
407464,integer_multiple,1.1003519954558731,4.505053075831711e-05,231.99999083947995,integer_multiple
407528,integer_multiple,0.7934618586528861,6.174326330210533e-05,315.9999997888077,integer_multiple
407571,integer_multiple,1.2141816866912172,3.7243918626472805e-05,206.9999641719798,integer_multiple
407725,integer_multiple,0.912741885907322,5.120894263654918e-05,366.9999648901328,integer_multiple
408032,integer_multiple,0.8587377047745104,6.34570101283316e-05,312.9999365429899,integer_multiple
408059,integer_multiple,1.4624159335620261,2.8090013159953742e-05,208.99997190998684,integer_multiple
408141,integer_multiple,1.2016343002131988,5.2323777367746516e-05,201.99994767622263,integer_multiple
408229,integer_multiple,1.2645422018226924,3.2005625570263874e-05,187.00002864747464,integer_multiple
408293,integer_multiple,0.8778090048697269,5.6740553532108606e-05,310.0000453501705,integer_multiple
408384,integer_multiple,0.5245764449393729,0.00014022885056874657,527.9998597711494,integer_multiple
408569,integer_multiple,0.8808244751233346,6.490675013992586e-05,377.99993509324986,integer_multiple
408608,integer_multiple,1.7346054540709435,2.972203861872913e-05,143.99997430923392,integer_multiple
408666,integer_multiple,0.8704735162498894,5.000609260719102e-05,271.9999827123713,integer_multiple
408685,integer_multiple,0.8025038289527079,5.3321795121519244e-05,373.0000261624192,integer_multiple
408779,integer_multiple,0.9524715911655827,3.845092751930679e-05,266.99997990432456,integer_multiple
408857,integer_multiple,0.5889974684357863,5.5385376356298366e-05,419.9999873011654,integer_multiple
408878,integer_multiple,0.7291286554716614,3.0748230415156286e-05,292.99999925081147,integer_multiple
408890,integer_multiple,0.6122199467817062,4.539944922044015e-05,321.9999546005508,integer_multiple
408982,integer_multiple,0.5783355783061972,8.096473300156504e-05,324.000080964733,integer_multiple
409033,integer_multiple,0.8179290584719963,4.67495227951531e-05,207.9999532504772,integer_multiple
409045,integer_multiple,1.062360629820403,4.4730841381124264e-05,247.00004473084138,integer_multiple
409058,integer_multiple,0.9067827395440282,2.6683451238795897e-05,293.99998966673456,integer_multiple
409225,integer_multiple,0.8109642425682605,4.362117306300206e-05,274.99995637882694,integer_multiple
409279,integer_multiple,0.7735746623198321,4.5038658157636746e-05,259.999957917886,integer_multiple
409366,integer_multiple,0.9078528564192857,3.756671657129118e-05,242.00003744650567,integer_multiple
409373,integer_multiple,0.5248517660278069,4.491987064625391e-05,388.9999656168293,integer_multiple
409400,integer_multiple,0.6760868980807072,9.695946749843642e-05,459.9999030405325,integer_multiple
409454,integer_multiple,0.8770391109053615,2.3899620231304652e-05,153.99999722033445,integer_multiple
409617,integer_multiple,0.8345156017630644,2.963757225415975e-05,325.9999882113572,integer_multiple
409681,integer_multiple,0.815261642232305,3.8712558477982384e-05,239.00003275994078,integer_multiple
409763,integer_multiple,0.7682851671507684,6.024355269573789e-05,416.9999498088562,integer_multiple
409792,integer_multiple,0.5791729368066496,7.525143411157842e-05,395.9999247485659,integer_multiple
409836,integer_multiple,0.6121824698563799,9.558511476370768e-05,344.9999492796733,integer_multiple
409885,integer_multiple,0.8416799952574257,6.0117298971817945e-05,381.000060117299,integer_multiple
409939,integer_multiple,1.0715815992888647,5.0334815114183584e-05,246.0000503348151,integer_multiple
409959,integer_multiple,0.7958615201748206,6.0496868741211074e-05,292.00006049686874,integer_multiple
410009,integer_multiple,0.5136634979700836,9.205764160924446e-05,474.00004760355637,integer_multiple
410036,integer_multiple,0.5236973317265795,7.45977717997448e-05,486.0000697048659,integer_multiple
410094,integer_multiple,0.8117542255610033,5.9409782124930643e-05,389.9999405902179,integer_multiple
410113,integer_multiple,0.7481110662951568,2.953211122758148e-05,262.9999704678888,integer_multiple
410178,integer_multiple,0.7753139696304034,4.041687390099469e-05,267.0000404168739,integer_multiple
410296,integer_multiple,2.093363807045576,1.0946842166958959e-05,119.00001094684217,integer_multiple
410386,integer_multiple,1.1275228710022505,2.0995042476101844e-05,119.99998718589245,integer_multiple
410424,integer_multiple,1.1030223824723968,4.4263602347882625e-05,220.99995923953952,integer_multiple
410462,integer_multiple,0.4565793341937887,6.730390788334262e-05,407.00005641607453,integer_multiple
410503,integer_multiple,0.8491126227096886,2.8126033384978655e-05,255.00002812603338,integer_multiple
410572,integer_multiple,0.7638836473100166,7.162934375060104e-05,303.0000235587942,integer_multiple
410576,integer_multiple,2.675227368648967,1.742264323922882e-05,117.99998257735676,integer_multiple
410625,integer_multiple,0.5921714849128891,9.378565204087863e-05,510.99992999303043,integer_multiple
410709,integer_multiple,0.7318501411677403,5.829867379247844e-05,350.0000526690372,integer_multiple
410774,integer_multiple,0.7797879302886404,4.134785996257051e-05,317.99995865214004,integer_multiple
410906,integer_multiple,0.7008691307164202,3.778606384230443e-05,294.99999053747047,integer_multiple
410929,integer_multiple,0.9499382095619964,2.962752620305764e-05,269.9999703724738,integer_multiple
411026,integer_multiple,0.5737892771599189,5.477771875916915e-05,441.9999796162871,integer_multiple
411061,integer_multiple,0.8532422702958674,4.0743460004932786e-05,354.99999085947786,integer_multiple
411463,integer_multiple,0.4934372911562219,0.00012634979316317185,598.0001263497932,integer_multiple
411490,integer_multiple,0.8080155148213195,6.906093443603822e-05,395.99993093906556,integer_multiple
412080,integer_multiple,0.821557650606203,6.461839615212739e-05,425.99993538160385,integer_multiple
412434,integer_multiple,0.9035873351814063,5.5927867180116664e-05,222.99994407213282,integer_multiple
412435,integer_multiple,0.5955926284868543,5.288206349973734e-05,332.9999547853492,integer_multiple
412592,integer_multiple,0.636577801319041,3.044735416324329e-05,285.99998408266305,integer_multiple
412705,integer_multiple,1.5358623754494933,1.1193385674346246e-05,158.00000928778053,integer_multiple
412890,integer_multiple,0.6983239732962128,7.20462909384878e-05,430.00003601776365,integer_multiple
413068,integer_multiple,0.6102398125870336,6.536970460047087e-05,402.0000653697046,integer_multiple
413202,integer_multiple,0.7198387672738903,6.441594530315342e-05,326.9999355840547,integer_multiple
413207,integer_multiple,0.6088650862664113,4.8384837100456934e-05,396.9999843586789,integer_multiple
413272,integer_multiple,0.9063718141910695,4.14790917773189e-05,323.99998605695487,integer_multiple
413299,integer_multiple,0.42360317869965636,0.00011680896176358146,452.00011680896176,integer_multiple
413561,integer_multiple,1.0193678931703685,0.00013772751941587558,463.0001377275194,integer_multiple
413676,integer_multiple,0.3847337862350414,0.00021860625588487892,806.9997813937441,integer_multiple
413718,integer_multiple,1.2211503790563503,3.0234597716116696e-05,280.0000302345977,integer_multiple
413744,integer_multiple,0.8450942324467562,2.5707699677468554e-05,253.99997429230032,integer_multiple
413790,integer_multiple,0.9071117936804919,4.767408216821423e-05,316.99995232591783,integer_multiple
413864,integer_multiple,0.6619447501849905,3.754152504598096e-05,287.00003754152505,integer_multiple
414040,integer_multiple,0.6478782190399248,5.7159126527039916e-05,334.00000470283413,integer_multiple
414182,integer_multiple,0.8309788406210968,4.208995861176845e-05,235.00002233885894,integer_multiple
414306,integer_multiple,0.9651577353336579,3.21847193447411e-05,253.000020615051,integer_multiple
414335,integer_multiple,0.6794401807872332,9.159495448329835e-05,527.0000397976298,integer_multiple
414451,integer_multiple,0.46076579897296593,6.206372512451708e-05,476.99995095353256,integer_multiple
414477,integer_multiple,0.4411505666386362,7.519557038904168e-05,660.0000296909365,integer_multiple
414511,integer_multiple,0.6721333287890648,7.598134232011944e-05,397.99994649611824,integer_multiple
414556,integer_multiple,0.7190623239645679,6.357763027153851e-05,368.99999190769864,integer_multiple
414610,integer_multiple,0.8331250336876337,0.00010703549401114287,356.000107035494,integer_multiple
414654,integer_multiple,0.5978001083432445,4.9794185542850755e-05,469.99995209226904,integer_multiple
414768,integer_multiple,0.8603630307437797,2.6027794802985227e-05,310.00001677321677,integer_multiple
414798,integer_multiple,0.6438736054337247,5.566244877286408e-05,368.0000024122005,integer_multiple
414883,integer_multiple,1.0620221186495453,1.7539440591463062e-05,189.00000665367477,integer_multiple
414902,integer_multiple,0.9165903401995464,3.537538350428804e-05,212.0000353753835,integer_multiple
415223,integer_multiple,0.5020332664433247,9.654371592660027e-05,663.0000965437159,integer_multiple
415277,integer_multiple,0.8290499168188965,5.9979807531362894e-05,387.99994099958656,integer_multiple
415409,integer_multiple,0.4106439393187692,8.41253281578247e-05,528.9999485939717,integer_multiple
415485,integer_multiple,0.7184424254959093,7.468735611837474e-05,431.9999253126439,integer_multiple
415504,integer_multiple,0.8666262054928218,4.1734460552333985e-05,333.00001188223274,integer_multiple
415608,integer_multiple,0.43316293563957964,0.0001095586159181039,705.000087010327,integer_multiple
415651,integer_multiple,0.7659314057734881,3.111939361133409e-05,363.000027787423,integer_multiple
415656,integer_multiple,0.7556294751676087,3.5743074136007635e-05,371.00003574307414,integer_multiple
416037,integer_multiple,0.4729474241497209,5.890823049981009e-05,409.0000506334664,integer_multiple
416057,integer_multiple,0.946880047406417,3.9066840827217675e-05,282.9999609331592,integer_multiple
416353,integer_multiple,0.9063718141910695,6.63365216269085e-05,390.9999336634784,integer_multiple
416484,integer_multiple,1.3147514144535137,7.624052130950076e-05,243.0000762405213,integer_multiple
416541,integer_multiple,0.6528267498258673,4.4115843849112935e-05,293.9999911873116,integer_multiple
416542,integer_multiple,0.5339313421724446,7.8673103928395e-05,388.99992186761904,integer_multiple
416601,integer_multiple,0.7838219756525499,3.844077873793594e-05,361.9999810888785,integer_multiple
416618,integer_multiple,1.3664936004404615,3.3365707196253425e-05,170.00001469467344,integer_multiple
416662,integer_multiple,0.7546601146219677,8.114596397490459e-05,327.0000109650434,integer_multiple
416714,integer_multiple,0.6628222538156212,4.547542968680318e-05,348.0000137196612,integer_multiple
416888,integer_multiple,0.7523322186001971,5.715295782238172e-05,307.9999428470422,integer_multiple
417014,integer_multiple,0.7189589407973279,4.740585330864633e-05,237.99997066270006,integer_multiple
417036,integer_multiple,1.165908758006455,3.151029875425593e-05,281.00003151029875,integer_multiple
417158,integer_multiple,0.6856359097435339,6.68141688038304e-05,341.0000668141688,integer_multiple
417175,integer_multiple,0.7155122323726609,9.022548800885488e-05,392.00000697517174,integer_multiple
417189,integer_multiple,0.927643858781124,2.2213936802017997e-05,247.00000157133294,integer_multiple
417263,integer_multiple,0.8453085884844297,4.468743190955138e-05,323.9999553125681,integer_multiple
417311,integer_multiple,1.0025062792402801,5.5474929354204505e-05,256.99994452507065,integer_multiple
417379,integer_multiple,0.537085788034762,7.126683391334154e-05,524.9999461070753,integer_multiple
417406,integer_multiple,1.8477458267440536,2.288887813506335e-05,189.00002288887814,integer_multiple
417498,integer_multiple,0.7915776912605814,7.030197059521015e-05,342.9999460647873,integer_multiple
417518,integer_multiple,0.5590340103000195,0.00010486617566130008,496.99992645154316,integer_multiple
417552,integer_multiple,0.7582075888175549,2.259984486840949e-05,165.00002095561246,integer_multiple
417685,integer_multiple,0.8001920736879058,6.516735356854042e-05,340.00006516735357,integer_multiple
417706,integer_multiple,0.530363350333663,6.6211178506137e-05,355.000062727704,integer_multiple
417745,integer_multiple,0.5958055346322346,6.931232871920656e-05,343.9999306876713,integer_multiple
417772,integer_multiple,0.43567289891673794,4.4570550500111494e-05,312.9999794298062,integer_multiple
417891,integer_multiple,0.8857396663697699,3.102179607594735e-05,276.0000111862932,integer_multiple
417985,integer_multiple,0.824946331255925,3.858207583107287e-05,278.0000062321938,integer_multiple
418016,integer_multiple,0.48264878832061364,5.6536254589900636e-05,331.9999434637454,integer_multiple
418262,integer_multiple,1.6652789172673725,3.5433582667110386e-05,187.00003543358267,integer_multiple
418286,integer_multiple,0.7825338994612685,4.431615079170115e-05,348.9999641522239,integer_multiple
418351,integer_multiple,0.8499064563224639,6.20376654296706e-05,263.00006203766543,integer_multiple
418865,integer_multiple,0.7595322019165102,3.5022361117853507e-05,307.00002990117827,integer_multiple
418912,integer_multiple,0.9281603878639287,5.245701240141898e-05,262.99995478795336,integer_multiple
419060,integer_multiple,0.8843297006674387,7.36032664576669e-05,381.00007360326646,integer_multiple
419180,integer_multiple,0.8071677020432045,4.785741521118325e-05,186.0000478574152,integer_multiple
419444,integer_multiple,0.42304766729946375,0.00010502801228540193,636.9998949719877,integer_multiple
419515,integer_multiple,0.6913717313006235,7.570306649995473e-05,362.9999242969335,integer_multiple
419615,integer_multiple,0.5833285062071777,9.295589239854962e-05,397.9999070441076,integer_multiple
419647,integer_multiple,0.3941663522404752,8.488639474535375e-05,654.0000579855911,integer_multiple
419686,integer_multiple,0.6585012456625229,4.458454100131348e-05,403.000044584541,integer_multiple
419888,integer_multiple,1.0489877554712996,5.185430973142502e-05,296.00005185430973,integer_multiple
420002,integer_multiple,0.6559527627507835,8.876580341166118e-05,355.0000887658034,integer_multiple
420013,integer_multiple,0.5764353034344682,4.5682946449687734e-05,473.99999271344655,integer_multiple
420151,integer_multiple,0.976371784250664,3.949376949208272e-05,293.999998177801,integer_multiple
420195,integer_multiple,0.7497938000692569,4.910041684524913e-05,324.99995089958315,integer_multiple
420356,integer_multiple,0.8347941262768862,5.964091923260639e-05,281.9999682526249,integer_multiple
420492,integer_multiple,0.46315595213804994,7.752072269795462e-05,459.0000775207227,integer_multiple
420523,integer_multiple,0.6778741081015647,4.668588718459432e-05,404.9999533141128,integer_multiple
420670,integer_multiple,0.7162297859181791,4.046030210247409e-05,329.0000404603021,integer_multiple
420744,integer_multiple,0.8379419724869097,5.0504520174854406e-05,312.9999494954798,integer_multiple
420775,integer_multiple,0.8760402861234607,6.242462660566162e-05,337.99997619616323,integer_multiple
420803,integer_multiple,1.1712345291308408,2.039175670631721e-05,223.99999567544427,integer_multiple
420814,integer_multiple,0.29403980758268966,9.410981840574095e-05,785.9999772667495,integer_multiple
420904,integer_multiple,0.5329354048150836,8.557710611967195e-05,402.9999144228939,integer_multiple
420938,integer_multiple,0.8915834387594459,3.359984347639511e-05,449.99999695112206,integer_multiple
421010,integer_multiple,0.7030865323508453,4.858281951669596e-05,335.99999564508425,integer_multiple
421168,integer_multiple,0.6835736838655277,7.897921960875465e-05,409.9999706890387,integer_multiple
421284,integer_multiple,0.6620325193315554,3.6714602458687295e-05,312.9999791582502,integer_multiple
421370,integer_multiple,1.6761649347117065,1.3864987451484012e-05,75.00001386498745,integer_multiple
421392,integer_multiple,0.7217610903167317,0.00010349578116120028,335.00010349578116,integer_multiple
421520,integer_multiple,0.7849909664327722,4.372565146582019e-05,301.99998925089267,integer_multiple
421531,integer_multiple,0.8475293910480267,4.227765759878821e-05,327.99997198703574,integer_multiple
421591,integer_multiple,0.5363368146614456,9.611090126782074e-05,402.9999720081735,integer_multiple
421651,integer_multiple,0.3088516735398866,0.00010627784814687402,898.9999263327943,integer_multiple
421847,integer_multiple,0.7079144657285049,0.00010230566493873994,379.00010230566494,integer_multiple
421876,integer_multiple,0.6305568507403958,5.668592757501756e-05,348.0000374601847,integer_multiple
421883,integer_multiple,0.7116424609565837,3.439101524804755e-05,222.00002102618532,integer_multiple
421941,integer_multiple,1.0417750731146382,5.1892694528987704e-05,249.00005189269453,integer_multiple
421955,integer_multiple,0.810504036874407,6.85000292719451e-05,280.0000685000293,integer_multiple
421965,integer_multiple,0.8616974710322602,5.166931180156098e-05,287.9999749147732,integer_multiple
421998,integer_multiple,0.4798234230833344,6.590675195639051e-05,610.9999948413404,integer_multiple
422086,integer_multiple,0.5027399888844548,6.901619263999237e-05,388.00001347838617,integer_multiple
422239,integer_multiple,0.4795242641727923,8.885998732921507e-05,634.9999819277185,integer_multiple
422337,integer_multiple,0.587820354956689,6.790597268491183e-05,537.9999703635431,integer_multiple
422379,integer_multiple,0.6667554970157052,5.2640613290577676e-05,241.00000626935827,integer_multiple
422413,integer_multiple,0.7057661151526554,6.743283910282116e-05,327.9999325671609,integer_multiple
422466,integer_multiple,0.579105826364792,7.552854515324725e-05,504.0000210629254,integer_multiple
422468,integer_multiple,0.8197393046210832,5.487732761366715e-05,364.9999451226724,integer_multiple
422495,integer_multiple,1.0397172024742647,2.5245826776654212e-05,190.99999016442123,integer_multiple
422661,integer_multiple,3.2237265891131313,6.314545103691671e-06,64.9999936854549,integer_multiple
422683,integer_multiple,0.5589402511200452,4.7459440452257695e-05,358.0000077926614,integer_multiple
422755,integer_multiple,0.8392078188455024,3.1188218628130926e-05,267.9999864078304,integer_multiple
422761,integer_multiple,0.6649377549567157,0.00011321994116997303,478.00010325502126,integer_multiple
422942,integer_multiple,0.6704659358839636,5.854482463973909e-05,351.00005854482464,integer_multiple
423006,integer_multiple,1.7223561732773711,1.4244006365515816e-05,140.0000119744244,integer_multiple
423113,integer_multiple,0.572344309732116,8.118932453271555e-05,407.0000298424832,integer_multiple
423190,integer_multiple,0.7096728391685775,2.9398520581480625e-05,341.99998628637417,integer_multiple
423425,integer_multiple,0.6608948517904116,2.9047481575616985e-05,358.9999721643295,integer_multiple
423512,integer_multiple,1.2268433209942726,3.094462684316568e-05,206.00000879538996,integer_multiple
423575,integer_multiple,0.5371723231543328,0.00010124008110778959,490.0001012400811,integer_multiple
423622,integer_multiple,0.4974134361276932,7.837555824607989e-05,580.0000783755582,integer_multiple
423658,integer_multiple,0.7652280033383545,5.6105494138591894e-05,229.00005610549414,integer_multiple
423673,integer_multiple,0.7798487172451545,7.864513014510521e-05,411.00007864513015,integer_multiple
423715,integer_multiple,0.6685385252151186,4.093455174825067e-05,352.99999195901415,integer_multiple
423725,integer_multiple,0.6510417151224636,4.3830298466218665e-05,217.99999242882626,integer_multiple
423814,integer_multiple,0.5629046078386204,3.141009841556297e-05,331.9999952745371,integer_multiple
423821,integer_multiple,1.0579770729829325,4.5424289055517875e-05,262.00004542428906,integer_multiple
423895,integer_multiple,0.7961149057241871,4.556311603209906e-05,270.99995443688397,integer_multiple
423898,integer_multiple,1.118568168955862,3.086786219341775e-05,228.00002942718993,integer_multiple
423941,integer_multiple,0.6823143761015579,7.606131640613967e-05,280.0000760613164,integer_multiple
424050,integer_multiple,0.7508634721142083,5.006168413501655e-05,405.00005006168414,integer_multiple
424070,integer_multiple,0.6129328468802981,7.461849310175239e-05,489.00000364144194,integer_multiple
424143,integer_multiple,0.4165972466007751,9.995373494575688e-05,465.00009995373495,integer_multiple
424282,integer_multiple,0.5709391994368406,3.80954553236279e-05,348.9999754210866,integer_multiple
424336,integer_multiple,0.9598771291239523,2.3568065117274273e-05,209.999995787358,integer_multiple
424349,integer_multiple,0.9485866284169717,6.41374605834244e-05,434.99998866725593,integer_multiple
424366,integer_multiple,0.9260973976986314,3.8052898133855706e-05,232.00003805289813,integer_multiple
424368,integer_multiple,0.7131650996298466,7.353561596801228e-05,377.9999770853865,integer_multiple
424460,integer_multiple,0.6592826758427986,4.493386413173539e-05,317.9999638906703,integer_multiple
424471,integer_multiple,0.6626027353823969,5.408289638353381e-05,361.9999459171036,integer_multiple
424515,integer_multiple,0.46080828898307313,7.108693557711376e-05,480.0000710869356,integer_multiple
424525,integer_multiple,0.721709060249103,8.544446563973906e-05,601.0000854444656,integer_multiple
424590,integer_multiple,0.8679802805824733,2.007281835858521e-05,289.9999814694015,integer_multiple
424598,integer_multiple,0.8123477221227837,5.375423086206865e-05,362.99998291643374,integer_multiple
424640,integer_multiple,0.6047046161910491,4.953674192620383e-05,447.999999161126,integer_multiple
424652,integer_multiple,0.6153846485701021,7.28448844427021e-05,285.0000136154689,integer_multiple
424788,integer_multiple,0.37212073294150927,9.402766272614826e-05,587.0000673469575,integer_multiple
424998,integer_multiple,1.372683514730833,2.4149074377532997e-05,169.00001579216763,integer_multiple
425109,integer_multiple,0.5504789501614179,5.5690589078949415e-05,456.99996207163747,integer_multiple
425150,integer_multiple,0.7466586631946674,7.448295713174957e-05,297.00007448295713,integer_multiple
425392,integer_multiple,0.5133997587594584,6.578271344892528e-05,369.00006195010735,integer_multiple
425472,integer_multiple,1.1066844054336982,4.9604019267235344e-05,232.00004960401927,integer_multiple
425630,integer_multiple,0.7104290354109702,6.077038796092893e-05,318.00006077038796,integer_multiple
425711,integer_multiple,0.4755564388201847,3.123293748785727e-05,306.9999790822201,integer_multiple
425790,integer_multiple,0.8556515719257539,3.918608547337499e-05,309.0000391860855,integer_multiple
425864,integer_multiple,0.5929087976664775,7.136922141626201e-05,376.0000713692214,integer_multiple
426051,integer_multiple,0.6071645538130184,6.372557839995352e-05,376.9999362744216,integer_multiple
426059,integer_multiple,0.7375719100060577,6.347752207602753e-05,339.9999365224779,integer_multiple
426406,integer_multiple,0.6637462336197077,6.389120051153441e-05,359.00001824890626,integer_multiple
426442,integer_multiple,0.5310956312233343,4.88198079438007e-05,430.00002109024103,integer_multiple
426451,integer_multiple,0.8207485250103222,2.6724797180577298e-05,385.99997501694094,integer_multiple
426546,integer_multiple,0.9435742365422378,2.6883172154157364e-05,268.9999799277649,integer_multiple
426704,integer_multiple,0.45920006003621816,8.399975735073895e-05,378.99991600024265,integer_multiple
426709,integer_multiple,0.48945226164130284,4.0244159606572794e-05,513.000028283489,integer_multiple
426717,integer_multiple,0.4276611235583587,2.9302534642283717e-05,436.99999951072374,integer_multiple
426864,integer_multiple,0.9262690378508871,4.3459824667024805e-05,276.99996762940543,integer_multiple
426944,integer_multiple,1.0294421048014024,3.91359756406473e-05,235.00003205291577,integer_multiple
427036,integer_multiple,0.6199628047403125,8.903185795361424e-05,484.00008903185795,integer_multiple
427137,integer_multiple,0.45224307710429557,8.942675970047276e-05,424.0000894267597,integer_multiple
427227,integer_multiple,0.466243986277341,5.575965130333316e-05,454.00000127899773,integer_multiple
427395,integer_multiple,0.5095022638983122,5.4294184621994646e-05,410.99996945057876,integer_multiple
427501,integer_multiple,0.999899989715973,3.911212556317878e-05,196.00003911212556,integer_multiple
427553,integer_multiple,0.6839944990149937,4.474604017445927e-05,440.000033013229,integer_multiple
427623,integer_multiple,0.704622286831056,6.5801125941789e-05,228.00006580112594,integer_multiple
427668,integer_multiple,1.1055832093033418,5.0730669528320504e-05,186.99994926933047,integer_multiple
427911,integer_multiple,0.8307718235271259,5.5751949219029484e-05,293.99997916416777,integer_multiple
428002,integer_multiple,0.5080268377232998,4.578645658170899e-05,332.9999580901985,integer_multiple
428110,integer_multiple,0.8687342065238942,6.151526736175583e-05,271.00006151526736,integer_multiple
428177,integer_multiple,0.2642706396860608,9.659778652348905e-05,593.0000965977865,integer_multiple
428196,integer_multiple,0.584282770538707,5.359865741638714e-05,551.9999635044737,integer_multiple
428339,integer_multiple,1.0063399253529708,3.846203881607835e-05,209.9999810395337,integer_multiple
428362,integer_multiple,0.7548309116970443,3.3895031236852446e-05,253.99996610496876,integer_multiple
428550,integer_multiple,0.8775778916167457,3.3940943012567004e-05,332.0000269707815,integer_multiple
428558,integer_multiple,0.6929526221963019,0.0003729221546109329,1110.0003729221546,integer_multiple
428680,integer_multiple,1.08412841382266,3.773079104973931e-05,240.00002450514125,integer_multiple
428817,integer_multiple,0.6027363872044661,9.822076390264556e-05,346.0000982207639,integer_multiple
428959,integer_multiple,0.6506181154771844,5.191197544718307e-05,363.00005191197545,integer_multiple
429174,integer_multiple,0.7551728695738658,0.00010811745119099214,411.0001081174512,integer_multiple
429206,integer_multiple,0.8888888987024961,6.719146659861508e-05,384.9999328085334,integer_multiple
429208,integer_multiple,0.6006006024439577,4.2373166706966003e-05,334.9999929598708,integer_multiple
429246,integer_multiple,0.4819045231048958,7.592965386038486e-05,482.00006781033693,integer_multiple
429254,integer_multiple,1.0783996497473358,1.3993564564884764e-05,101.00000766211633,integer_multiple
429291,integer_multiple,0.5742505846822719,5.918031985174821e-05,369.00005918031985,integer_multiple
429343,integer_multiple,0.7303001695129551,4.819063269678736e-05,438.99997552566936,integer_multiple
429348,integer_multiple,0.5386480176306062,5.947314116383495e-05,364.0000458113668,integer_multiple
429354,integer_multiple,0.5750762469227438,3.314794608400007e-05,296.00002360697226,integer_multiple
429429,integer_multiple,0.6263309320685774,3.5811145949082857e-05,285.00003581114595,integer_multiple
429502,integer_multiple,0.7501875611552106,4.3900425680476474e-05,329.9999560995743,integer_multiple
429611,integer_multiple,0.4982065232908954,9.730571690624856e-05,477.9999026942831,integer_multiple
429866,integer_multiple,0.7785736871466846,7.939144296642553e-05,304.99992060855703,integer_multiple
429915,integer_multiple,0.8274719901257577,8.014497063868475e-05,307.9999959110185,integer_multiple
429937,integer_multiple,0.5769341372353639,8.283315537482849e-05,518.9999171668446,integer_multiple
429962,integer_multiple,0.871383710112781,2.5954471396971712e-05,235.999998066975,integer_multiple
429992,integer_multiple,0.7971303051260417,5.05818115357215e-05,322.00005058181154,integer_multiple
430055,integer_multiple,1.6758840490673963,1.0521996124168709e-05,62.99999990645024,integer_multiple
430063,integer_multiple,0.6582411801872817,7.051516871570129e-05,527.9999837979686,integer_multiple
430093,integer_multiple,0.744546217243052,6.719375448938081e-05,295.0000671937545,integer_multiple
430174,integer_multiple,1.0178117089265892,5.008198951372833e-05,220.0000288399445,integer_multiple
430321,integer_multiple,0.9303191258915585,5.5890132273361814e-05,227.99994410986773,integer_multiple
430474,integer_multiple,1.2128562575538966,3.117920772410798e-05,423.0000311792077,integer_multiple
430504,integer_multiple,0.7723796592290307,5.3500517765314726e-05,358.00005350051777,integer_multiple
430517,integer_multiple,0.40587709752862483,0.00015289533757822937,643.0001528953376,integer_multiple
430617,integer_multiple,0.48704458983441323,0.00010424884112580912,497.0001042488411,integer_multiple
430656,integer_multiple,0.6781959682204453,4.0203469183097695e-05,378.99997910640815,integer_multiple
430738,integer_multiple,0.9578544223957335,2.985160230650763e-05,238.99999278799885,integer_multiple
430825,integer_multiple,0.6745817429635129,4.188880981814691e-05,318.99999122807446,integer_multiple
431006,integer_multiple,0.44052861838649743,0.0001311255573455128,687.0000105940927,integer_multiple
431193,integer_multiple,0.7325470589634414,2.3501728804831146e-05,224.9999764982712,integer_multiple
431394,integer_multiple,3.008423617802342,2.239671607640048e-05,131.00002239671608,integer_multiple
431554,integer_multiple,0.8010895383273392,6.238856968820983e-05,286.9999376114303,integer_multiple
431561,integer_multiple,0.7162297859181791,3.5652269218644506e-05,296.9999977244258,integer_multiple
431641,integer_multiple,1.005530483479562,4.555533934080813e-05,210.0000370125325,integer_multiple
431669,integer_multiple,0.533361796853273,7.256508263253636e-05,444.000045958509,integer_multiple
431689,integer_multiple,0.4875432439737064,3.865563502358782e-05,390.99996733005906,integer_multiple
431719,integer_multiple,0.6373080106997526,6.620747112151548e-05,335.00004086193513,integer_multiple
431766,integer_multiple,0.7461573463556137,5.196650880634479e-05,264.9999503000466,integer_multiple
431923,integer_multiple,0.649983755723895,7.742667031607198e-05,405.0000774266703,integer_multiple
432039,integer_multiple,0.8890469768355475,2.6504177867536782e-05,253.99999270336104,integer_multiple
432121,integer_multiple,1.1179429399888157,2.433779027910532e-05,195.00002176829616,integer_multiple
432196,integer_multiple,0.7519926938466648,6.0469137395102734e-05,255.0000604691374,integer_multiple
432363,integer_multiple,0.8019889540833736,5.1624817501760845e-05,308.0000516248175,integer_multiple
432402,integer_multiple,1.0763104349053267,2.8741360694084506e-05,219.99998823236405,integer_multiple
432477,integer_multiple,0.721969534223334,4.596679747237431e-05,192.00004596679747,integer_multiple
432871,integer_multiple,0.6129328468802981,7.6062536209065e-05,405.9999389096893,integer_multiple
432906,integer_multiple,0.5590027875880972,6.579992015076641e-05,419.99993420007985,integer_multiple
432990,integer_multiple,0.7099752163852261,4.20640536162864e-05,304.9999615331668,integer_multiple
433139,integer_multiple,0.7116424609565837,3.638953197082628e-05,272.00000806205907,integer_multiple
433291,integer_multiple,0.7732158020182976,4.385239569160149e-05,218.9999561476043,integer_multiple
433669,integer_multiple,0.48885419374295064,5.345635247522296e-05,287.99999677770836,integer_multiple
433716,integer_multiple,0.697739279828016,5.174873211899467e-05,377.0000425789384,integer_multiple
433782,integer_multiple,0.5735260350223961,7.878911850411896e-05,362.0000787891185,integer_multiple
433887,integer_multiple,1.0143016509559803,5.161312697055109e-05,371.9999937778006,integer_multiple
433993,integer_multiple,0.7263219238653023,3.53997626234559e-05,378.9999836977039,integer_multiple
434021,integer_multiple,0.7717240602447936,5.678505925743593e-05,276.00005678505926,integer_multiple
434070,integer_multiple,0.7645845156780767,3.7930260305074626e-05,154.9999620697397,integer_multiple
434117,integer_multiple,0.5593466900625979,4.8498873923108476e-05,313.9999986136418,integer_multiple
434236,integer_multiple,1.1963152561633745,4.771375196810368e-05,216.00004771375197,integer_multiple
434400,integer_multiple,0.9154993382207657,6.922309313495134e-05,287.00006922309313,integer_multiple
434428,integer_multiple,0.785237497780358,6.388084466379951e-05,353.00001350335674,integer_multiple
434524,integer_multiple,0.5855486461978819,5.049604942541919e-05,425.0000504960494,integer_multiple
434630,integer_multiple,0.3938093224624504,8.08971816468329e-05,577.0000121125704,integer_multiple
434724,integer_multiple,0.5917860444613523,7.16245540388627e-05,355.99992837544596,integer_multiple
434814,integer_multiple,0.5315473912629575,0.00013495453094947152,441.99986504546905,integer_multiple
434869,integer_multiple,0.7819830923292828,4.8760847050743905e-05,207.99995123915295,integer_multiple
435093,integer_multiple,0.7121999990796035,4.761551383580809e-05,389.99995827851757,integer_multiple
435141,integer_multiple,0.5671506103041363,0.00013866031940779067,523.0001386603194,integer_multiple
435265,integer_multiple,0.5307292645121436,5.3454563243349185e-05,407.99999698956776,integer_multiple
435445,integer_multiple,0.8942144177610826,3.886771770567066e-05,255.00000739557768,integer_multiple
435475,integer_multiple,0.4016064406977034,8.461268612336426e-05,571.000038450933,integer_multiple
435851,integer_multiple,0.6157635240768314,0.00013848730333165804,437.00013848730333,integer_multiple
436002,integer_multiple,0.678564112644647,4.649672888490386e-05,469.9999535032711,integer_multiple
436106,integer_multiple,0.5699629338352047,6.182241580177106e-05,288.0000240346015,integer_multiple
436120,integer_multiple,0.8867607490075504,6.371023846440949e-05,285.0000200262256,integer_multiple
436483,integer_multiple,0.6751738376275376,3.2070750393131675e-05,355.00001782975943,integer_multiple
436761,integer_multiple,0.6208094955656623,5.606733884633286e-05,411.99999489786,integer_multiple
436870,integer_multiple,0.8847208213954162,3.475561157983975e-05,275.00000130304943,integer_multiple
436999,integer_multiple,0.5937536977448372,4.545195076843811e-05,327.9999903329464,integer_multiple
437022,integer_multiple,0.7631257820719917,3.828705021646783e-05,214.9999760817558,integer_multiple
437029,integer_multiple,0.6930967247239347,5.809496667552594e-05,422.00002786257573,integer_multiple
437067,integer_multiple,0.7273256651993912,0.00013445425747704576,609.0001344542575,integer_multiple
437217,integer_multiple,1.2274457321332797,2.70360184515539e-05,150.00000295412735,integer_multiple
437234,integer_multiple,0.5983008440603418,9.930474618613516e-05,421.0000993047462,integer_multiple
437261,integer_multiple,1.2012011604178758,3.685896427896296e-05,204.00000541572118,integer_multiple
437308,integer_multiple,0.8794300588798447,4.889862924528643e-05,267.999994807013,integer_multiple
437343,integer_multiple,0.5897965618932772,8.994559937036684e-05,385.99991005440063,integer_multiple
437463,integer_multiple,0.6459113847465529,7.074798088524403e-05,393.9999292520191,integer_multiple
437488,integer_multiple,0.8404773892546759,3.585931267480191e-05,290.9999641406873,integer_multiple
437509,integer_multiple,0.9252405738524313,5.088127539920606e-05,265.9999491187246,integer_multiple
437796,integer_multiple,1.1726079340854134,5.437283675746585e-05,266.99994562716324,integer_multiple
437815,integer_multiple,0.7157683940014169,7.041652042971691e-05,353.99994195057667,integer_multiple
437922,integer_multiple,0.7209284901582527,6.623242290970666e-05,208.0000662324229,integer_multiple
438428,integer_multiple,1.1766090729488192,2.2569667990524067e-05,170.99998770319232,integer_multiple
438618,integer_multiple,0.9550187516766876,5.3572202716622996e-05,210.99994642779728,integer_multiple
438654,integer_multiple,0.5433306250513081,7.78796761551348e-05,352.99995661565305,integer_multiple
438880,integer_multiple,1.0354111335619254,3.797252415438379e-05,351.00000207702243,integer_multiple
439013,integer_multiple,0.7949125253149458,5.9398028042778606e-05,363.99994060197196,integer_multiple
439110,integer_multiple,1.712915286068194,2.4482615600618374e-05,106.0000244826156,integer_multiple
439165,integer_multiple,0.861846060189891,3.575806272237969e-05,219.00003575806272,integer_multiple
439169,integer_multiple,1.3283742085963652,2.9509296695096054e-05,201.0000295092967,integer_multiple
439236,integer_multiple,0.7408505241022445,4.4743267892499716e-05,349.0000030281554,integer_multiple
439403,integer_multiple,1.0920607465725838,3.702407164496435e-05,169.0000315155764,integer_multiple
439469,integer_multiple,0.6585880420771953,5.9662446119546075e-05,304.9999403375539,integer_multiple
439509,integer_multiple,0.6404918911063694,4.8819863366134086e-05,350.00002645743,integer_multiple
439532,integer_multiple,0.5636661137618029,5.9860858613092205e-05,480.00005357790013,integer_multiple
439645,integer_multiple,0.6562971715006903,6.848860942909596e-05,351.00004777628783,integer_multiple
439670,integer_multiple,0.8491126227096886,3.529555448267274e-05,278.0000097605453,integer_multiple
439769,integer_multiple,0.6565557472315071,5.9038297820279695e-05,337.0000590382978,integer_multiple
439801,integer_multiple,0.45888402674649037,0.00014071366007328834,504.9998592863399,integer_multiple
439828,integer_multiple,0.30009303030347095,6.278468174514273e-05,697.9999444371011,integer_multiple
439915,integer_multiple,0.7619628141116344,4.184317594990716e-05,345.0000228441415,integer_multiple
440052,integer_multiple,0.4114718328085484,8.468177583154102e-05,563.9999543223166,integer_multiple
440097,integer_multiple,0.6578082236003413,7.401299484399715e-05,377.99992598700516,integer_multiple
440155,integer_multiple,0.545315749953781,8.696817997133621e-05,372.99991303182003,integer_multiple
440165,integer_multiple,0.6346788709391341,5.149958030870039e-05,347.0000079904278,integer_multiple
440198,integer_multiple,0.887626437429201,0.00010692755165564449,356.00010692755166,integer_multiple
440322,integer_multiple,0.7345919355611372,4.337707116519596e-05,389.9999749738804,integer_multiple
440415,integer_multiple,0.7694083286915441,5.437496446347723e-05,343.9999770581166,integer_multiple
440465,integer_multiple,0.6755387224703565,4.40326506634392e-05,261.00001996165236,integer_multiple
440662,integer_multiple,0.7299802776454215,7.794563930474396e-05,350.0000779456393,integer_multiple
440673,integer_multiple,0.5114304985545605,9.793728577278671e-05,612.0000845334058,integer_multiple
441124,integer_multiple,0.6017571164075958,4.5638914400569774e-05,369.0000024720084,integer_multiple
441346,integer_multiple,0.6541078575141255,0.00011303039616450405,338.99988696960384,integer_multiple
441507,integer_multiple,0.7848677667192039,6.779201169138105e-05,310.0000677920117,integer_multiple
441581,integer_multiple,0.7371369815510529,6.224260951626093e-05,330.0000568712213,integer_multiple
441626,integer_multiple,1.0801468760294142,2.1484514959979606e-05,273.9999997391834,integer_multiple
441665,integer_multiple,0.9065361282489369,3.472760283784737e-05,213.00003324809023,integer_multiple
441868,integer_multiple,0.6546644072565335,4.449497930636426e-05,284.9999770420986,integer_multiple
441917,integer_multiple,0.8288437718614146,4.8718291054683505e-05,236.9999689728957,integer_multiple
441949,integer_multiple,0.8206137418635417,0.00010347023430767877,333.0001034702343,integer_multiple
442116,integer_multiple,0.6047777406373628,5.418994280148581e-05,369.0000511971014,integer_multiple
442184,integer_multiple,0.8906305143861969,3.4423045576659206e-05,194.0000107570555,integer_multiple
442313,integer_multiple,0.9519276074040574,4.473817801908808e-05,235.0000442382404,integer_multiple
442399,integer_multiple,0.4791567484181804,0.00011523865384788223,513.9998847613462,integer_multiple
442601,integer_multiple,0.398994547829864,8.496593682139064e-05,719.9999150340632,integer_multiple
442622,integer_multiple,0.9273857035718909,2.066782874976525e-05,193.99998426688248,integer_multiple
442751,integer_multiple,0.7739937593010561,0.0001035103902040646,354.0001035103902,integer_multiple
443264,integer_multiple,0.7271141022763983,4.824583834306395e-05,502.0000169976934,integer_multiple
443277,integer_multiple,0.6505334085907261,3.436796356481864e-05,351.0000048989684,integer_multiple
443301,integer_multiple,0.7446016410931217,5.3697032626587315e-05,252.00005369703263,integer_multiple
443325,integer_multiple,0.5291285457405503,4.6447496686141676e-05,423.9999640261827,integer_multiple
443500,integer_multiple,0.7903263788318214,6.566881961589388e-05,315.9999343311804,integer_multiple
443733,integer_multiple,1.4845605699413436,4.6703562333050286e-05,212.99995329643767,integer_multiple
443750,integer_multiple,1.1375270458043707,3.092185548325688e-05,206.99996907814452,integer_multiple
443788,integer_multiple,0.5521506349880905,3.330300913262363e-05,433.9999772407757,integer_multiple
443885,integer_multiple,0.5709065678831349,0.00011239880353741682,428.00011239880354,integer_multiple
443907,integer_multiple,0.7791802809419307,6.193762192197028e-05,318.99999341430185,integer_multiple
443993,integer_multiple,0.4460502388381542,5.246663133107177e-05,564.0000386878602,integer_multiple
444083,integer_multiple,0.9421518202419532,5.429573218407313e-05,245.00005429573218,integer_multiple
444088,integer_multiple,0.6623393515155953,0.0001402886629762179,439.000140288663,integer_multiple
444242,integer_multiple,0.8961375835975823,3.8772033803979866e-05,241.9999612279662,integer_multiple
444276,integer_multiple,1.0705492277860615,5.641501007858096e-05,319.9999435849899,integer_multiple
444334,integer_multiple,0.5345307334665356,0.00013438569681056833,445.9998656143032,integer_multiple
444354,integer_multiple,0.5920662908338139,4.148298876316403e-05,404.99995851701124,integer_multiple
444362,integer_multiple,0.5423581867379417,6.47542521505784e-05,316.00006475425215,integer_multiple
444376,integer_multiple,0.503778332677137,6.618443057959666e-05,557.9999972647399,integer_multiple
444390,integer_multiple,0.6483402180750519,8.109062611083573e-05,433.0000810906261,integer_multiple
445198,integer_multiple,0.5083625521269853,7.605314527836526e-05,467.00004895630525,integer_multiple
445221,integer_multiple,0.8834703514971346,4.373906261889715e-05,280.00000717041775,integer_multiple
445248,integer_multiple,0.7246377078892203,3.832101108969255e-05,214.0000383210111,integer_multiple
445325,integer_multiple,0.7230658450337191,5.0963485705324274e-05,330.9999490365143,integer_multiple
445492,integer_multiple,0.37972275353569435,0.00011567505725906813,579.9999141578111,integer_multiple
445556,integer_multiple,0.396841164221573,0.00018091441927481355,560.9998190855807,integer_multiple
445605,integer_multiple,0.7229090251053392,4.550013534299069e-05,300.00004550013534,integer_multiple
445628,integer_multiple,0.414473422912611,6.299196189729628e-05,626.9999518357323,integer_multiple
445657,integer_multiple,0.8102415000543556,9.946966707730098e-05,316.9999005303329,integer_multiple
445708,integer_multiple,0.7228567549676143,6.758059379308179e-05,429.0000408828438,integer_multiple
445740,integer_multiple,0.7772423662948812,2.6475437920225886e-05,215.00000773850027,integer_multiple
445804,integer_multiple,0.9566631896517918,3.524973368485007e-05,189.00000239965524,integer_multiple
445807,integer_multiple,0.9842519609422342,2.9026822261357665e-05,221.0000026017489,integer_multiple
445854,integer_multiple,0.9043226016336596,7.590838345095108e-05,318.0000386794409,integer_multiple
445913,integer_multiple,0.9037505014601781,6.020781080451343e-05,382.0000602078108,integer_multiple
446316,integer_multiple,0.8801267455035988,5.555075301799661e-05,275.000055550753,integer_multiple
446328,integer_multiple,0.5176519269044554,0.00010219944579148432,664.9998978005542,integer_multiple
446342,integer_multiple,0.45856836618423724,0.00022678362677197583,760.9997732163732,integer_multiple
446491,integer_multiple,0.6507028267108779,0.00011152585261697823,346.9998884741474,integer_multiple
446557,integer_multiple,1.0753844384850262,3.7061883119804406e-05,268.00001991070513,integer_multiple
446640,integer_multiple,1.1570056449883435,3.490148887408395e-05,207.0000128203606,integer_multiple
446642,integer_multiple,0.7656968019136059,8.61571504060521e-05,341.00000346846355,integer_multiple
446667,integer_multiple,0.9479571090909629,6.358970739483993e-05,307.0000635897074,integer_multiple
446849,integer_multiple,0.5489679501129554,9.607678538259279e-05,457.9999039232146,integer_multiple
447135,integer_multiple,0.4765990146763211,4.139645528766778e-05,424.99999992495367,integer_multiple
447323,integer_multiple,0.807363108685292,6.141413240356997e-05,385.0000200898264,integer_multiple
447366,integer_multiple,0.6753562701151683,9.914470166449973e-05,456.99990085529834,integer_multiple
447399,integer_multiple,0.8405480380552545,5.284557570917059e-05,228.9999871836673,integer_multiple
447457,integer_multiple,0.6018657674150213,0.00014117230091414967,516.0001411723009,integer_multiple
447525,integer_multiple,0.4598547379790348,7.256496030549897e-05,538.9999274350397,integer_multiple
447695,integer_multiple,1.039176987528162,4.604375209282807e-05,256.9999539562479,integer_multiple
447892,integer_multiple,0.7938397852190151,0.00011335899330333632,418.0001133589933,integer_multiple
447939,integer_multiple,1.544640103445157,3.3750133411558636e-05,165.99999285011341,integer_multiple
447962,integer_multiple,0.8420343755655868,2.5848327112498737e-05,224.00000354758313,integer_multiple
448043,integer_multiple,0.6612006818242607,9.0986184659414e-05,372.00006719108325,integer_multiple
448104,integer_multiple,0.5969792870412602,5.301913654420787e-05,426.00001081419725,integer_multiple
448112,integer_multiple,0.6213495746811581,3.946842170421405e-05,374.99996924503864,integer_multiple
448127,integer_multiple,0.3422196063561023,0.00015268822983216523,576.0001526882298,integer_multiple
448264,integer_multiple,0.8842514188762302,6.554444485118438e-05,265.00006554444485,integer_multiple
448438,integer_multiple,0.8237232369783564,4.822836211815229e-05,302.0000482283621,integer_multiple
448517,integer_multiple,0.6756756496846711,0.0001057060717926106,423.0001057060718,integer_multiple
448590,integer_multiple,0.4002882211904752,6.325231856862956e-05,597.9999837668213,integer_multiple
448669,integer_multiple,0.6649377549567157,5.895628078178561e-05,349.0000589562808,integer_multiple
448746,integer_multiple,0.706613860061232,4.76404383107365e-05,366.0000476404383,integer_multiple
448853,integer_multiple,0.7555152079973981,4.314658769999369e-05,262.9999974959858,integer_multiple
448864,integer_multiple,1.0275379338728863,2.6409410850192216e-05,259.00002640941085,integer_multiple
448880,integer_multiple,0.5885815020576887,0.00010123866684352834,376.00010123866684,integer_multiple
448943,integer_multiple,0.7428317557254954,5.010212191791652e-05,356.9999551693642,integer_multiple
448987,integer_multiple,0.84940118992912,2.8468129528391728e-05,223.00002224001264,integer_multiple
449005,integer_multiple,0.4714979919783613,0.00017209310055932292,661.9998279068994,integer_multiple
449027,integer_multiple,0.6871907230886423,5.0672948930241546e-05,318.00004247442,integer_multiple
449064,integer_multiple,1.2611930611845281,4.61446325630277e-05,235.99998956387307,integer_multiple
449160,integer_multiple,0.46373584502412035,8.535409818932749e-05,651.9999590346893,integer_multiple
449240,integer_multiple,0.5525167152815794,9.691916460496941e-05,608.0000244308447,integer_multiple
449253,integer_multiple,0.5954152680201101,0.00010054223730548983,507.0001005422373,integer_multiple
449307,integer_multiple,1.1294329829968877,2.7396528281542487e-05,155.99999799989973,integer_multiple
449438,integer_multiple,2.6932400324630996,1.814568366853564e-05,133.00001814568367,integer_multiple
449451,integer_multiple,0.6562541288299975,8.136864585139847e-05,463.0000447422721,integer_multiple
449661,integer_multiple,0.8044404643916404,2.3819908079758534e-05,214.99999141895606,integer_multiple
450084,integer_multiple,0.494388727912316,0.00016380660616732712,454.99983619339383,integer_multiple
450149,integer_multiple,0.6213109674746189,6.515429066666911e-05,421.00006515429067,integer_multiple
450195,integer_multiple,0.5703855848228486,7.67667556260676e-05,444.0000767667556,integer_multiple
450229,integer_multiple,0.7751937656351243,7.726681411668324e-05,315.0000772668141,integer_multiple
450243,integer_multiple,0.5907721233893672,7.74741440636717e-05,396.00007747414406,integer_multiple
450349,integer_multiple,0.5932605593751903,3.319635513321373e-05,252.00001758910653,integer_multiple
450397,integer_multiple,0.6690752580025785,6.805413244137526e-05,373.00006805413244,integer_multiple
450413,integer_multiple,1.1091393112503096,7.015868010284976e-05,325.9999298413199,integer_multiple
450455,integer_multiple,0.48423805137105363,7.066794375987229e-05,438.99992933205624,integer_multiple
450561,integer_multiple,0.8098478201411531,3.502236054941932e-05,321.0000126189236,integer_multiple
450580,integer_multiple,0.7895776322583886,3.755909821734349e-05,215.00003755909822,integer_multiple
450615,integer_multiple,0.8748141255800073,5.578893774327298e-05,346.00005578893774,integer_multiple
450625,integer_multiple,0.9424182051896856,5.142162913784887e-05,238.00005142162914,integer_multiple
450641,integer_multiple,1.4912018495012265,4.949374832108333e-05,175.99997194569377,integer_multiple
450692,integer_multiple,0.7597051514210937,3.3080239120408805e-05,414.99999105027587,integer_multiple
450861,integer_multiple,0.7795448032223703,0.00011719494170847611,500.9999264521693,integer_multiple
450956,integer_multiple,0.7312079861337613,5.206498707366336e-05,333.0000017850186,integer_multiple
451243,integer_multiple,2.298322391025747,1.0325312615577786e-05,53.000010325312616,integer_multiple
451247,integer_multiple,1.5062508625638067,2.432809506558442e-05,167.00002432809507,integer_multiple
451272,integer_multiple,0.7235366986593147,7.284718645905741e-05,313.0000555252228,integer_multiple
451288,integer_multiple,0.8641548759537486,8.771114153205417e-05,349.99991228885847,integer_multiple
451387,integer_multiple,0.42627559494943984,9.258720496063688e-05,645.0000216050147,integer_multiple
451432,integer_multiple,0.6838074124698674,5.094899790947238e-05,322.0000212343679,integer_multiple
451545,integer_multiple,0.8773469187068561,4.607081586982531e-05,370.00001851987696,integer_multiple
451623,integer_multiple,0.702641866917903,8.920982133986399e-05,384.00008920982134,integer_multiple
451894,integer_multiple,0.6980315507904513,5.88110451076318e-05,289.9999548527687,integer_multiple
451928,integer_multiple,0.5687635000989981,7.619156986038433e-05,570.0000761915699,integer_multiple
452083,integer_multiple,0.49509853711406004,9.994058757456514e-05,396.0000999405876,integer_multiple
452092,integer_multiple,1.4070634954183776,2.5545333016907534e-05,196.00000268529945,integer_multiple
452460,integer_multiple,0.6274706788438986,2.1960993962011344e-05,244.9999918734624,integer_multiple
452497,integer_multiple,0.5930494645435803,7.851450874341026e-05,347.99992148549126,integer_multiple
452714,integer_multiple,0.861846060189891,5.710486783527813e-05,313.00004485200054,integer_multiple
452773,integer_multiple,0.8108327741302193,6.491179078693676e-05,313.0000649117908,integer_multiple
452777,integer_multiple,0.870700967453276,5.3118891230496956e-05,274.9999652774059,integer_multiple
453137,integer_multiple,0.6817561444948731,8.87577158437125e-05,350.00001029987993,integer_multiple
453151,integer_multiple,0.539083566899674,3.6353438403580185e-05,494.00003354820416,integer_multiple
453347,integer_multiple,0.6484243211361603,8.184835382962774e-05,409.9999205492408,integer_multiple
453432,integer_multiple,0.9073587068130253,3.1630570617835474e-05,276.9999683694294,integer_multiple
453457,integer_multiple,0.8651266950362055,4.14701334534584e-05,337.99999124619376,integer_multiple
453551,integer_multiple,0.80619152397567,4.7056418623014906e-05,255.00003922657086,integer_multiple
453761,integer_multiple,0.5416237812963665,3.5598565546024474e-05,285.99998996473096,integer_multiple
453813,integer_multiple,0.603281863820446,6.239606756253124e-05,313.99993760393244,integer_multiple
453831,integer_multiple,0.8489684661922474,7.433370279841256e-05,323.0000743337028,integer_multiple
453857,integer_multiple,0.7433285848369435,0.00010899663107011293,490.9999442062496,integer_multiple
453990,integer_multiple,0.9215740302669851,2.7515299109381886e-05,216.9999856547222,integer_multiple
454054,integer_multiple,1.0269048960132925,3.5786895011824527e-05,298.0000235508346,integer_multiple
454065,integer_multiple,0.47508198079759517,7.794951261530514e-05,470.9999220504874,integer_multiple
454077,integer_multiple,0.6435420660831348,8.714730267911364e-05,421.0000871473027,integer_multiple
454478,integer_multiple,0.533589479909162,6.533098536465332e-05,333.99993466901464,integer_multiple
454507,integer_multiple,0.8284317696112115,4.170954360915857e-05,329.9999582904564,integer_multiple
454717,integer_multiple,0.9524715911655827,6.53238816994417e-05,276.0000653238817,integer_multiple
454770,integer_multiple,0.8867607490075504,4.896700454537495e-05,300.9999759013807,integer_multiple
454839,integer_multiple,0.5508124220326673,4.870283981972534e-05,398.0000487028398,integer_multiple
454849,integer_multiple,1.1265067296293136,4.179737675258366e-05,232.0000027722591,integer_multiple
454922,integer_multiple,0.8892050681979086,2.3731281089567346e-05,287.00001248535034,integer_multiple
454976,integer_multiple,1.2012011604178758,5.99573445185797e-05,283.9999676620107,integer_multiple
455002,integer_multiple,0.6671559109732293,5.9389105331320025e-05,382.99994061089467,integer_multiple
455119,integer_multiple,1.6592002944329565,3.060659729214876e-05,190.00001033386746,integer_multiple
455122,integer_multiple,1.278118658808859,3.967265743654025e-05,192.99998768358557,integer_multiple
455171,integer_multiple,0.6143260594366408,9.527100667128252e-05,485.00003227657334,integer_multiple
455256,integer_multiple,1.1547344100461452,3.6585850097026196e-05,235.99997431100954,integer_multiple
455387,integer_multiple,0.9311854617022103,3.975366325903451e-05,281.0000079813475,integer_multiple
455496,integer_multiple,1.028171894771941,4.426936723689323e-05,297.9999578331823,integer_multiple
455604,integer_multiple,0.9339683499597269,3.88420800163658e-05,326.00003884208,integer_multiple
455692,integer_multiple,1.0112246601513202,4.768523007214753e-05,306.9999523147699,integer_multiple
455817,integer_multiple,0.6265664087897195,7.351884261197483e-05,338.9999520960016,integer_multiple
456005,integer_multiple,1.0858942565161431,3.317106964573213e-05,140.99996682893035,integer_multiple
456037,integer_multiple,0.5904233283920267,3.3909129570020013e-05,242.99996857559705,integer_multiple
456237,integer_multiple,0.7183391820299093,4.61583545643407e-05,306.99995972358965,integer_multiple
456340,integer_multiple,1.201056974347661,2.972501755493795e-05,228.00002400121306,integer_multiple
456351,integer_multiple,0.9711565617201404,3.852454909747394e-05,282.0000331272002,integer_multiple
456407,integer_multiple,1.1018069651258438,2.739874403800968e-05,212.00002739874404,integer_multiple
456604,integer_multiple,0.4464484544190075,0.00013005767516460764,721.9999488303351,integer_multiple
456755,integer_multiple,1.604621355209429,1.1915729970723987e-05,100.99999337091306,integer_multiple
456760,integer_multiple,0.6360109526342603,7.66932911915319e-05,344.00004723430743,integer_multiple
456916,integer_multiple,0.7478312194791078,3.895924763241965e-05,210.00003895924763,integer_multiple
456918,integer_multiple,0.543744220038792,5.589524809579416e-05,298.99995639565327,integer_multiple
456951,integer_multiple,0.9543806308994319,2.5075359658899288e-05,198.00002072093332,integer_multiple
456966,integer_multiple,0.6360917936145544,4.7724319585995545e-05,289.0000477243196,integer_multiple
457046,integer_multiple,0.7210325046874723,7.322649685193028e-05,304.9999800333082,integer_multiple
457071,integer_multiple,0.7669888254557146,5.4982857534469076e-05,325.00000400029813,integer_multiple
457084,integer_multiple,0.8323622105512742,7.601986197869337e-05,362.000076019862,integer_multiple
457102,integer_multiple,0.2842685495698432,0.00023472597285945085,934.0002347259729,integer_multiple
457144,integer_multiple,0.9673050098056452,3.5886513558125444e-05,194.00002354878282,integer_multiple
457335,integer_multiple,0.6146281264530021,4.70769298885898e-05,355.9999892421776,integer_multiple
457451,integer_multiple,0.46972617156911795,5.542616312936843e-05,413.99998804682787,integer_multiple
457638,integer_multiple,0.5474353177181057,8.428479429767322e-05,299.9999157152057,integer_multiple
457920,integer_multiple,0.7294477713663099,9.56617627707601e-05,428.00009566176277,integer_multiple
457998,integer_multiple,0.2507271228709689,0.00015262957720096892,963.0001526295772,integer_multiple
458147,integer_multiple,1.1893434432110919,2.9764055540226764e-05,195.00002154542088,integer_multiple
458401,integer_multiple,0.7920791233406939,5.73854388790096e-05,270.0000573854389,integer_multiple
458657,integer_multiple,1.2797542503558565,1.9465855160660794e-05,135.0000080845346,integer_multiple
458960,integer_multiple,0.5237796617715027,0.00010965182787003869,503.99989034817213,integer_multiple
459086,integer_multiple,0.9868746882432655,4.206281124652378e-05,287.0000372199848,integer_multiple
459232,integer_multiple,0.7697636758016686,6.934447634421304e-05,372.99999970908806,integer_multiple
459250,integer_multiple,1.5260185937844164,2.71415772203909e-05,171.00000113477392,integer_multiple
459389,integer_multiple,0.4241781338721918,6.497364125834793e-05,566.0000393786783,integer_multiple
459484,integer_multiple,0.782656406807586,4.9943834198984405e-05,285.0000499438342,integer_multiple
459515,integer_multiple,0.8893632854055105,4.530787208523179e-05,282.99999379083476,integer_multiple
459536,integer_multiple,1.4836794345981192,1.7270867004981483e-05,106.99999385270273,integer_multiple
459565,integer_multiple,1.0387451859280592,1.7536235617399143e-05,195.99999060297134,integer_multiple
459644,integer_multiple,0.899685048423156,5.096409009297531e-05,178.0000509640901,integer_multiple
459751,integer_multiple,1.4669209420969003,1.8495554158448613e-05,165.00001208958446,integer_multiple
459816,integer_multiple,0.6819422011124633,0.00012625207904193303,417.99987374792096,integer_multiple
459832,integer_multiple,0.4136675724269093,0.00014678504783205426,551.0001467850478,integer_multiple
460091,integer_multiple,0.6860592502916494,3.6217120282344695e-05,321.0000134466118,integer_multiple
460111,integer_multiple,0.7174116006724215,3.651174597507634e-05,333.00000777210204,integer_multiple
460148,integer_multiple,0.4644681483841777,0.00011341474629489312,547.999934265234,integer_multiple
460225,integer_multiple,0.5549390061845544,0.0001253467817150522,469.9999544276191,integer_multiple
460303,integer_multiple,0.800000017275307,2.3866686490237043e-05,302.9999853384324,integer_multiple
460315,integer_multiple,0.8557980193237091,4.453262582160278e-05,301.0000231718992,integer_multiple
460421,integer_multiple,0.7623113088053227,6.11906452832045e-05,423.9999388093547,integer_multiple
460517,integer_multiple,0.885661213609376,2.4696715883010256e-05,327.99999406555895,integer_multiple
460649,integer_multiple,1.2025012293508177,4.205710237670246e-05,245.99998054528223,integer_multiple
460682,integer_multiple,1.6283993610027854,1.5842899358631257e-05,101.00000581564292,integer_multiple
460739,integer_multiple,0.7247953019978162,7.440627518917609e-05,388.9999255937248,integer_multiple
460827,integer_multiple,0.9801998943335206,9.920435968524544e-05,507.0000992043597,integer_multiple
460961,integer_multiple,0.6606764786603161,6.0758233445312726e-05,451.9999735251009,integer_multiple
461089,integer_multiple,0.7988497173063203,3.390843608030991e-05,270.99999846218134,integer_multiple
461257,integer_multiple,0.6817097337941481,4.110398401735438e-05,328.9999602229386,integer_multiple
461311,integer_multiple,0.8975049234021392,2.846606813022845e-05,240.99998790085294,integer_multiple
461377,integer_multiple,2.9976017667221653,1.1655744856398087e-05,92.99999461181817,integer_multiple
461731,integer_multiple,0.7738141190800498,6.0256349740939186e-05,347.00006025634974,integer_multiple
461837,integer_multiple,0.5153045212552951,7.184656141134838e-05,540.0000440335216,integer_multiple
461880,integer_multiple,0.8723720203154325,5.596320625045337e-05,273.99994403679375,integer_multiple
461909,integer_multiple,0.6481301756671732,5.4714160739877116e-05,389.9999761975837,integer_multiple
462033,integer_multiple,0.4332755705120286,9.772481729442006e-05,476.0000977248173,integer_multiple
462109,integer_multiple,0.5289046233840906,7.207085383242884e-05,443.9999839434855,integer_multiple
462268,integer_multiple,0.8241985456929722,8.606030718283364e-05,307.0000479057942,integer_multiple
462288,integer_multiple,0.9302324906784579,4.973932647089896e-05,239.00004973932647,integer_multiple
462370,integer_multiple,0.40913179809834044,0.00012553923716041027,426.00012553923716,integer_multiple
462377,integer_multiple,0.8453085884844297,2.9142680034510704e-05,262.99997085731997,integer_multiple
462598,integer_multiple,0.6476263991365344,5.2998198441400746e-05,405.00005299819844,integer_multiple
462635,integer_multiple,0.6028454390177473,9.558337262660643e-05,433.0000955833726,integer_multiple
463090,integer_multiple,0.4891889241765319,0.00011962654099306747,397.000119626541,integer_multiple
463245,integer_multiple,1.030078355116231,6.157202611234425e-05,305.0000517921977,integer_multiple
463311,integer_multiple,0.9385265552107696,3.972064237700579e-05,230.00002546821483,integer_multiple
463322,integer_multiple,0.8224361117577063,3.3530803790426944e-05,360.9999704637098,integer_multiple
463771,integer_multiple,1.4992503563996245,3.0191241989996342e-05,146.999969808758,integer_multiple
463782,integer_multiple,0.8343763006930452,6.354731249302858e-05,273.9999984088817,integer_multiple
463907,integer_multiple,0.7035811699870644,9.933935092476531e-05,324.0000993393509,integer_multiple
463915,integer_multiple,0.5838734195151063,4.541095165677689e-05,470.99995458904834,integer_multiple
463949,integer_multiple,1.2341108510801533,3.481570337271478e-05,235.00001114367024,integer_multiple
463965,integer_multiple,0.7819830923292828,7.531302281904573e-05,322.9999246869772,integer_multiple
464062,integer_multiple,0.45160998229525634,9.098920918404474e-05,512.0000392389368,integer_multiple
464183,integer_multiple,0.941708273713872,5.895552465062792e-05,347.00004573575967,integer_multiple
464290,integer_multiple,0.6936256093996326,4.340848641959383e-05,309.00003700831456,integer_multiple
464298,integer_multiple,1.245795493944258,3.2384731667889355e-05,233.99996761526833,integer_multiple
464424,integer_multiple,0.5353605925025622,8.077594043243153e-05,664.9999192240596,integer_multiple
464543,integer_multiple,0.7056166644725533,4.354754815949491e-05,361.999998381106,integer_multiple
464581,integer_multiple,0.7415096462467582,8.709300846021506e-05,264.00008709300846,integer_multiple
464612,integer_multiple,0.5115613123947934,6.480048307366815e-05,433.0000648004831,integer_multiple
464858,integer_multiple,0.6908462715846854,4.322710759652182e-05,438.9999567728924,integer_multiple
464867,integer_multiple,0.8020532919718872,3.135463512649039e-05,260.99998640832916,integer_multiple
464880,integer_multiple,0.74956895269039,8.882522052999775e-05,352.00008882522053,integer_multiple
464901,integer_multiple,0.7438261792202125,4.697656078178625e-05,324.00000386210917,integer_multiple
464972,integer_multiple,0.702641866917903,6.723777420347687e-05,385.0000672377742,integer_multiple
464992,integer_multiple,1.057305959594554,6.347144545770789e-05,282.00006347144546,integer_multiple
465016,integer_multiple,1.1280315677005686,5.3736417157779215e-05,245.99994626358284,integer_multiple
465110,integer_multiple,0.7497375855156424,2.2443165022423273e-05,307.000016780753,integer_multiple
465188,integer_multiple,1.0315658946446498,3.545381198932773e-05,303.99999696919497,integer_multiple
465305,integer_multiple,0.8842514188762302,3.0515852870394156e-05,317.00001027686477,integer_multiple
465601,integer_multiple,1.1127182933291864,5.252979073588904e-05,222.00005252979074,integer_multiple
465646,integer_multiple,0.5626829113937722,6.301770679328911e-05,365.0000630177068,integer_multiple
465670,integer_multiple,0.4082965892249561,4.749690572225518e-05,468.9999525030943,integer_multiple
465921,integer_multiple,1.3962579688701575,2.515059105689943e-05,190.9999749819882,integer_multiple
466075,integer_multiple,0.8794300588798447,5.264480196842669e-05,267.999994807013,integer_multiple
466154,integer_multiple,0.39547573112567,0.000100313362736415,690.0000637973991,integer_multiple
466255,integer_multiple,1.3885031234106244,4.261880997091794e-05,217.00004261880997,integer_multiple
466349,integer_multiple,1.0282776749375147,4.4090652266959296e-05,239.99998449904686,integer_multiple
466528,integer_multiple,0.6842752681997344,6.462873699319971e-05,334.00001083289595,integer_multiple
466629,integer_multiple,0.8781944061096768,4.890280720815099e-05,341.0000073357131,integer_multiple
466714,integer_multiple,0.5643977789264534,2.6186114240545066e-05,333.0000198560395,integer_multiple
466725,integer_multiple,0.6313530210143897,7.411867380824333e-05,353.0000741186738,integer_multiple
466758,integer_multiple,0.8491847051830899,6.772233930973925e-05,284.99999554695626,integer_multiple
466782,integer_multiple,0.5183764510679134,6.938820104096521e-05,511.00001982698984,integer_multiple
466786,integer_multiple,0.7058159349560255,6.070291379955961e-05,285.9999392970862,integer_multiple
466812,integer_multiple,0.45947440529220507,4.915744113986875e-05,412.0000429443138,integer_multiple
466836,integer_multiple,0.41225210432912607,0.00010299215136910789,539.0001029921514,integer_multiple
466871,integer_multiple,0.43070029650440705,7.484010987468537e-05,319.99996281967236,integer_multiple
467327,integer_multiple,0.5691195630391075,8.222156156989513e-05,312.00008222156157,integer_multiple
467405,integer_multiple,0.4258943641722215,7.284708510724158e-05,571.9999480587222,integer_multiple
467421,integer_multiple,0.5971931874148196,6.136790915434176e-05,437.9999404867339,integer_multiple
467627,integer_multiple,0.743162855497727,8.243970506782716e-05,394.00008243970507,integer_multiple
467868,integer_multiple,0.64800414342412,7.6868467829172e-05,366.00007686846783,integer_multiple
467873,integer_multiple,0.6704210315320672,8.133920357522584e-05,424.9999186607964,integer_multiple
467931,integer_multiple,1.2933264934729887,3.173792424604471e-05,207.99996826207575,integer_multiple
468114,integer_multiple,0.58695783768052,4.0896934336842605e-05,228.9999900457081,integer_multiple
468208,integer_multiple,1.2014898233328186,1.7879577114854328e-05,240.99999886233397,integer_multiple
468272,integer_multiple,1.2476606679346345,5.5797637827481594e-05,238.00005579763783,integer_multiple
468330,integer_multiple,0.3452085034581275,0.00010871764175135468,685.999910596282,integer_multiple
468392,integer_multiple,0.45622515617455917,0.00014541717132487975,471.0001454171713,integer_multiple
468430,integer_multiple,1.2012011604178758,2.6700246024802254e-05,251.99998910610125,integer_multiple
468484,integer_multiple,0.5156765916614159,9.447198016232505e-05,396.9999057741257,integer_multiple
468664,integer_multiple,1.0431880035906353,3.144756240658353e-05,230.0000167216134,integer_multiple
468675,integer_multiple,0.5162355915726361,6.036048102942004e-05,381.00003439572987,integer_multiple
468766,integer_multiple,1.0545186214690045,4.9981536193399734e-05,228.9999500184638,integer_multiple
468984,integer_multiple,2.686006030045091,7.264984112964612e-06,62.00000687861405,integer_multiple
469037,integer_multiple,0.5732958925185261,7.712534358006451e-05,453.0000771253436,integer_multiple
469047,integer_multiple,1.4639144853192,3.266216504016484e-05,139.99999981973576,integer_multiple
469073,integer_multiple,0.7652866095051695,7.566109883327954e-05,488.0000139265119,integer_multiple
469177,integer_multiple,1.1425960552392689,4.0439008273551735e-05,224.0000298516376,integer_multiple
469215,integer_multiple,2.3089355249591836,2.0847886133879e-05,153.00002084788613,integer_multiple
469216,integer_multiple,0.7458233885003893,3.1765504331815464e-05,196.00002136226854,integer_multiple
469242,integer_multiple,0.5839075005244969,0.00010375845300814035,360.000103758453,integer_multiple
469458,integer_multiple,0.4741358947448379,6.15016160736559e-05,429.9999915317245,integer_multiple
469607,integer_multiple,0.6595870219879397,9.72536683434555e-05,425.99995154894106,integer_multiple
