n_a,n_b,truncated_b,spearman_full,spearman_fed,top200_overlap,top2046_overlap,kept_set_overlap,same_position_share,cell,row,len_new,len_deployed,n_new_genes_in_seq,n_deployed_genes_in_seq_deployed_tokens
3536,3536,True,0.8590411213757899,0.8602970157858031,0.475,0.9051808406647116,0.9051808406647116,0.0019550342130987292,0,281203,2048,2048,959,619
2565,2565,True,0.8152588620398135,0.8606038242854954,0.64,0.9305962854349951,0.9305962854349951,0.002932551319648094,1,281299,2048,2048,706,626
2871,2871,True,0.8334134940139143,0.8299356121432259,0.595,0.9115347018572825,0.9115347018572825,0.0004887585532746823,2,281302,2048,2048,822,628
2963,2963,True,0.8216831563860731,0.8215151505452679,0.565,0.907624633431085,0.907624633431085,0.0,3,281389,2048,2048,783,607
3335,3335,True,0.8481845284217239,0.8397576515167303,0.555,0.8993157380254154,0.8993157380254154,0.001466275659824047,4,281502,2048,2048,863,604
1014,1014,False,0.7733900601533836,0.7733900601533836,0.625,1.0,1.0,0.006903353057199211,5,281560,1016,1016,416,243
2862,2862,True,0.8307310605712145,0.8373092810307526,0.555,0.9178885630498533,0.9178885630498533,0.0024437927663734115,6,281630,2048,2048,816,612
3543,3543,True,0.8538743003287332,0.860751424727688,0.555,0.9110459433040078,0.9110459433040078,0.0024437927663734115,7,281756,2048,2048,866,592
3617,3617,True,0.8636095802972119,0.8421620152516501,0.535,0.8958944281524927,0.8958944281524927,0.0019550342130987292,8,281791,2048,2048,941,598
2885,2885,True,0.8057872545059366,0.8526625331837417,0.505,0.9159335288367546,0.9159335288367546,0.0009775171065493646,9,281802,2048,2048,814,599
3207,3207,True,0.863961093795055,0.8535892049501029,0.605,0.9071358748778103,0.9071358748778103,0.0004887585532746823,10,281943,2048,2048,819,604
2708,2708,True,0.821240101227658,0.8414602106988317,0.53,0.9242424242424242,0.9242424242424242,0.0,11,282042,2048,2048,795,660
2531,2531,True,0.8101461551563452,0.8467111382711751,0.61,0.9296187683284457,0.9296187683284457,0.0009775171065493646,12,282046,2048,2048,785,642
3301,3301,True,0.8586318912858951,0.8656337632989272,0.585,0.906158357771261,0.906158357771261,0.0019550342130987292,13,282311,2048,2048,895,598
3305,3305,True,0.8450991550324152,0.8554473159749129,0.58,0.8998044965786901,0.8998044965786901,0.002932551319648094,14,282337,2048,2048,927,616
4104,4104,True,0.8847024371835804,0.8285788424165255,0.53,0.9095796676441837,0.9095796676441837,0.0019550342130987292,15,282353,2048,2048,967,692
3322,3322,True,0.8563412009127648,0.8595090878003957,0.595,0.9090909090909091,0.9090909090909091,0.0009775171065493646,16,282429,2048,2048,903,627
3161,3161,True,0.8420267146876506,0.8366333813626522,0.58,0.9071358748778103,0.9071358748778103,0.0009775171065493646,17,282433,2048,2048,847,567
3648,3648,True,0.8619383215866464,0.8651933251272036,0.575,0.8988269794721407,0.8988269794721407,0.0019550342130987292,18,282477,2048,2048,954,637
3376,3376,True,0.8526896689699844,0.8506214702938493,0.535,0.9032258064516129,0.9032258064516129,0.0,19,282511,2048,2048,855,580
3065,3065,True,0.8406711332118478,0.8459408739788735,0.56,0.9105571847507331,0.9105571847507331,0.0004887585532746823,20,282574,2048,2048,845,612
3070,3070,True,0.8337726846057532,0.8314979605086331,0.555,0.9134897360703812,0.9134897360703812,0.0,21,282708,2048,2048,825,608
3685,3685,True,0.8798834460347933,0.8500210141993111,0.555,0.8993157380254154,0.8993157380254154,0.0004887585532746823,22,282941,2048,2048,943,605
3666,3666,True,0.8634871515810195,0.8664778522959458,0.535,0.9002932551319648,0.9002932551319648,0.0009775171065493646,23,283081,2048,2048,960,622
3136,3136,True,0.8397241027420237,0.8472117750487459,0.58,0.9086021505376344,0.9086021505376344,0.0004887585532746823,24,283171,2048,2048,875,614
2580,2580,True,0.7796410795575178,0.8562251405615696,0.545,0.9301075268817204,0.9301075268817204,0.0009775171065493646,25,283232,2048,2048,816,634
3138,3138,True,0.8368065008508968,0.8508682591960808,0.585,0.907624633431085,0.907624633431085,0.0004887585532746823,26,283389,2048,2048,875,594
1839,1839,False,0.8508904389070263,0.8508904389070263,0.67,1.0,1.0,0.002175095160413268,27,283552,1841,1841,721,485
3402,3402,True,0.8551269763901359,0.8431311120172983,0.59,0.896871945259042,0.896871945259042,0.0019550342130987292,28,283577,2048,2048,907,598
3998,3998,True,0.8871854229964399,0.8468840516834834,0.56,0.9100684261974584,0.9100684261974584,0.0019550342130987292,29,283733,2048,2048,954,670
3317,3317,True,0.8381029488625081,0.8517693703308717,0.555,0.9056695992179863,0.9056695992179863,0.0004887585532746823,30,283754,2048,2048,872,574
3892,3892,True,0.8758727843185231,0.8684437617713172,0.57,0.9213098729227761,0.9213098729227761,0.001466275659824047,31,283908,2048,2048,990,654
2067,2067,True,0.8434891635653488,0.8365247951405087,0.615,0.9946236559139785,0.9946236559139785,0.0004887585532746823,32,284005,2048,2048,830,607
4288,4288,True,0.8911923008252886,0.853370558018091,0.53,0.9154447702834799,0.9154447702834799,0.0004887585532746823,33,284267,2048,2048,1018,688
3447,3447,True,0.8609391170162478,0.836947738516361,0.57,0.8978494623655914,0.8978494623655914,0.0004887585532746823,34,284298,2048,2048,917,602
3876,3876,True,0.8730583666047138,0.8603191557501928,0.54,0.9144672531769306,0.9144672531769306,0.001466275659824047,35,284399,2048,2048,984,668
3338,3338,True,0.8475381195194516,0.8464104346347057,0.525,0.9051808406647116,0.9051808406647116,0.0,36,284726,2048,2048,893,601
3245,3245,True,0.8545642879478036,0.8546281788718016,0.495,0.9046920821114369,0.9046920821114369,0.0004887585532746823,37,284751,2048,2048,855,588
1829,1829,False,0.7789886812986354,0.7789886812986354,0.625,1.0,1.0,0.002186987424822307,38,284753,1831,1831,723,496
2472,2472,True,0.7987303707027047,0.8490429936961347,0.56,0.9393939393939394,0.9393939393939394,0.0,39,284822,2048,2048,831,624
3302,3302,True,0.8380944644748751,0.8429403882232644,0.585,0.9012707722385142,0.9012707722385142,0.0004887585532746823,40,284835,2048,2048,836,593
3049,3049,True,0.8379290346652031,0.8438413466622664,0.565,0.9144672531769306,0.9144672531769306,0.001466275659824047,41,284933,2048,2048,800,604
3827,3827,True,0.8708074497478159,0.8542203930521945,0.515,0.9105571847507331,0.9105571847507331,0.0004887585532746823,42,284957,2048,2048,953,661
3117,3117,True,0.8368882662608947,0.8488685195117792,0.515,0.906158357771261,0.906158357771261,0.001466275659824047,43,284996,2048,2048,911,624
3926,3926,True,0.8870454959475083,0.8443854044808865,0.555,0.9100684261974584,0.9100684261974584,0.0009775171065493646,44,285072,2048,2048,989,670
3036,3036,True,0.8395718418387333,0.8519629782774348,0.56,0.9105571847507331,0.9105571847507331,0.0024437927663734115,45,285079,2048,2048,858,616
3068,3068,True,0.8168051830965193,0.8382725218302012,0.57,0.9139784946236559,0.9139784946236559,0.0009775171065493646,46,285083,2048,2048,825,608
3068,3068,True,0.8342182275183592,0.8675210947061892,0.59,0.9173998044965787,0.9173998044965787,0.0009775171065493646,47,285379,2048,2048,871,603
1987,1987,False,0.7483457359130984,0.7483457359130984,0.59,1.0,1.0,0.0005032712632108706,48,285456,1989,1989,917,556
2768,2768,True,0.8261062123250149,0.8332939282065868,0.54,0.9217986314760508,0.9217986314760508,0.0004887585532746823,49,285596,2048,2048,767,615
3205,3205,True,0.856154834388263,0.8407752779790756,0.58,0.9042033235581622,0.9042033235581622,0.001466275659824047,50,285626,2048,2048,892,595
2906,2906,True,0.8244954811583255,0.8444612096051439,0.555,0.9081133919843597,0.9081133919843597,0.001466275659824047,51,285656,2048,2048,816,633
3583,3583,True,0.867932262169482,0.8662807303352489,0.53,0.9090909090909091,0.9090909090909091,0.0,52,285670,2048,2048,950,596
3269,3269,True,0.8461639359009476,0.8629993214299243,0.575,0.9042033235581622,0.9042033235581622,0.0,53,285827,2048,2048,867,606
2933,2933,True,0.8130654043630411,0.870299264233416,0.515,0.9198435972629521,0.9198435972629521,0.0004887585532746823,54,285917,2048,2048,834,606
2752,2752,True,0.841000927763362,0.8375669358285615,0.595,0.9188660801564027,0.9188660801564027,0.0009775171065493646,55,285928,2048,2048,812,647
2985,2985,True,0.8329678574831424,0.8457526373825284,0.545,0.9154447702834799,0.9154447702834799,0.0009775171065493646,56,286526,2048,2048,827,615
2366,2366,True,0.817216177239848,0.8514066131469731,0.62,0.9437927663734116,0.9437927663734116,0.001466275659824047,57,286585,2048,2048,793,632
2520,2520,True,0.8144464098502577,0.8342344993203026,0.64,0.9403714565004888,0.9403714565004888,0.0009775171065493646,58,286638,2048,2048,786,650
3316,3316,True,0.8366976520073818,0.8541358623274592,0.555,0.9002932551319648,0.9002932551319648,0.0024437927663734115,59,286648,2048,2048,905,593
2916,2916,True,0.8198057801413822,0.8446569516893695,0.555,0.9154447702834799,0.9154447702834799,0.001466275659824047,60,286728,2048,2048,861,615
3564,3564,True,0.8687004288455862,0.8570558779356187,0.595,0.896871945259042,0.896871945259042,0.0004887585532746823,61,287149,2048,2048,950,646
3086,3086,True,0.856756583165668,0.8366304364481456,0.585,0.9095796676441837,0.9095796676441837,0.0004887585532746823,62,287161,2048,2048,822,613
2760,2760,True,0.8217922922272833,0.8498882597571421,0.625,0.9222873900293255,0.9222873900293255,0.0004887585532746823,63,287207,2048,2048,734,648
2498,2498,True,0.8059882999940773,0.8525900422953494,0.565,0.9325513196480938,0.9325513196480938,0.0004887585532746823,64,287349,2048,2048,834,655
3672,3672,True,0.8529736999237193,0.8523151541114651,0.505,0.9056695992179863,0.9056695992179863,0.0004887585532746823,65,287568,2048,2048,869,584
3149,3149,True,0.8405006309814962,0.8449749858725218,0.61,0.9046920821114369,0.9046920821114369,0.0009775171065493646,66,287812,2048,2048,850,625
3535,3535,True,0.8645998320994588,0.8709761539432148,0.575,0.9193548387096774,0.9193548387096774,0.0019550342130987292,67,287830,2048,2048,988,620
3434,3434,True,0.8541164864399464,0.8576745309361978,0.54,0.8983382209188661,0.8983382209188661,0.0024437927663734115,68,288127,2048,2048,842,577
2821,2821,True,0.8481965111903818,0.8573970237207442,0.615,0.9261974584555229,0.9261974584555229,0.0009775171065493646,69,288217,2048,2048,737,599
3335,3335,True,0.8687334062530736,0.8422302586039153,0.535,0.8983382209188661,0.8983382209188661,0.001466275659824047,70,288236,2048,2048,891,596
3518,3518,True,0.8733123955390418,0.8555617683580672,0.6,0.8993157380254154,0.8993157380254154,0.003421309872922776,71,288375,2048,2048,901,604
2339,2339,True,0.790851839349457,0.842055501384786,0.605,0.946236559139785,0.946236559139785,0.0004887585532746823,72,288408,2048,2048,830,648
2463,2463,True,0.7997564715809317,0.8349638314395916,0.585,0.9364613880742912,0.9364613880742912,0.0009775171065493646,73,288522,2048,2048,787,633
3933,3933,True,0.8901920843440361,0.8666501693688244,0.58,0.9217986314760508,0.9217986314760508,0.0024437927663734115,74,288554,2048,2048,996,689
2821,2821,True,0.8292065223109032,0.8431749616198735,0.545,0.9198435972629521,0.9198435972629521,0.0009775171065493646,75,288762,2048,2048,812,629
3730,3730,True,0.8696771121239716,0.8488907736300609,0.535,0.8988269794721407,0.8988269794721407,0.0009775171065493646,76,288774,2048,2048,979,644
3241,3241,True,0.8462473938896379,0.865764591020375,0.545,0.9051808406647116,0.9051808406647116,0.0004887585532746823,77,288882,2048,2048,928,626
2555,2555,True,0.7960437084268518,0.8508184877561872,0.565,0.9320625610948191,0.9320625610948191,0.0,78,288891,2048,2048,843,642
3450,3450,True,0.8519037470527243,0.8547922192288577,0.515,0.9017595307917888,0.9017595307917888,0.0004887585532746823,79,288896,2048,2048,963,607
3417,3417,True,0.8591791477716251,0.833805311921965,0.525,0.8914956011730205,0.8914956011730205,0.0,80,288910,2048,2048,885,602
2681,2681,True,0.8139251927829716,0.8445232349796234,0.595,0.9271749755620723,0.9271749755620723,0.0,81,288993,2048,2048,791,639
3396,3396,True,0.8606070308863588,0.8601418476475009,0.53,0.9051808406647116,0.9051808406647116,0.0019550342130987292,82,289214,2048,2048,927,599
3228,3228,True,0.8544486134019896,0.8451975716487645,0.545,0.9007820136852395,0.9007820136852395,0.0009775171065493646,83,289219,2048,2048,870,599
3019,3019,True,0.8362190496574896,0.843915138768208,0.565,0.9095796676441837,0.9095796676441837,0.0009775171065493646,84,289241,2048,2048,868,612
2970,2970,True,0.8385955664994457,0.8456624831324395,0.535,0.9164222873900293,0.9164222873900293,0.0024437927663734115,85,289249,2048,2048,808,609
3307,3307,True,0.8539030378959982,0.8415961205749726,0.6,0.907624633431085,0.907624633431085,0.0009775171065493646,86,289288,2048,2048,854,605
3894,3894,True,0.8812689430496923,0.8491064397035912,0.535,0.9139784946236559,0.9139784946236559,0.0009775171065493646,87,289295,2048,2048,980,634
3255,3255,True,0.8295368242877017,0.845714660538826,0.56,0.9017595307917888,0.9017595307917888,0.0,88,289391,2048,2048,860,572
3937,3937,True,0.8788820836740016,0.8504723869673008,0.535,0.9159335288367546,0.9159335288367546,0.0004887585532746823,89,289393,2048,2048,1021,664
3365,3365,True,0.8495017998323537,0.8615175289414915,0.58,0.9007820136852395,0.9007820136852395,0.0004887585532746823,90,289396,2048,2048,889,583
2705,2705,True,0.8131830009298772,0.8316124551540058,0.585,0.9178885630498533,0.9178885630498533,0.0004887585532746823,91,289428,2048,2048,808,619
2699,2699,True,0.8274840764282615,0.8416012086356929,0.565,0.9227761485826002,0.9227761485826002,0.0004887585532746823,92,289779,2048,2048,793,647
3085,3085,True,0.8265989192787255,0.8681853666431435,0.55,0.9193548387096774,0.9193548387096774,0.0004887585532746823,93,289789,2048,2048,835,595
2994,2994,True,0.8354968591907944,0.8605413508652536,0.58,0.9149560117302052,0.9149560117302052,0.0009775171065493646,94,289835,2048,2048,837,607
4201,4201,True,0.897065718696881,0.8436321046711691,0.55,0.9217986314760508,0.9217986314760508,0.0004887585532746823,95,289903,2048,2048,986,683
3852,3852,True,0.8666878243616284,0.8415136425081944,0.49,0.9139784946236559,0.9139784946236559,0.0004887585532746823,96,289913,2048,2048,972,613
2931,2931,True,0.8629634158884177,0.862610371199979,0.6,0.9217986314760508,0.9217986314760508,0.0019550342130987292,97,290093,2048,2048,821,641
3039,3039,True,0.8556423574026891,0.84644174401263,0.595,0.907624633431085,0.907624633431085,0.0,98,290134,2048,2048,838,610
3686,3686,True,0.8633588087942122,0.8459046888846903,0.535,0.9046920821114369,0.9046920821114369,0.0009775171065493646,99,290172,2048,2048,923,604
3654,3654,True,0.8769871489366249,0.8370980737205126,0.53,0.9032258064516129,0.9032258064516129,0.0019550342130987292,100,290344,2048,2048,945,606
3941,3941,True,0.8815878220549966,0.8538322122483684,0.555,0.9095796676441837,0.9095796676441837,0.0004887585532746823,101,290405,2048,2048,1015,659
2970,2970,True,0.812289249461175,0.8622707933891917,0.55,0.9071358748778103,0.9071358748778103,0.0004887585532746823,102,290441,2048,2048,812,627
3797,3797,True,0.8867580352794363,0.8499751701951466,0.59,0.916911045943304,0.916911045943304,0.0,103,290494,2048,2048,1013,650
2950,2950,True,0.83765992172897,0.8316846123448264,0.525,0.9115347018572825,0.9115347018572825,0.001466275659824047,104,290674,2048,2048,778,619
3503,3503,True,0.8693059785924847,0.8534314071618375,0.585,0.8934506353861192,0.8934506353861192,0.0019550342130987292,105,290707,2048,2048,959,621
3270,3270,True,0.8577132593519317,0.8635815368177014,0.585,0.906158357771261,0.906158357771261,0.0004887585532746823,106,290787,2048,2048,851,615
3643,3643,True,0.8648950377177141,0.8687687877371186,0.565,0.9027370478983382,0.9027370478983382,0.0004887585532746823,107,290814,2048,2048,954,631
3367,3367,True,0.8497688550084803,0.8503379015291469,0.585,0.8958944281524927,0.8958944281524927,0.0004887585532746823,108,291630,2048,2048,903,587
3010,3010,True,0.8277475635117508,0.8588855039545177,0.555,0.9139784946236559,0.9139784946236559,0.0,109,291647,2048,2048,866,632
3433,3433,True,0.8441687817662145,0.850864340486048,0.54,0.906158357771261,0.906158357771261,0.0,110,291777,2048,2048,905,609
3269,3269,True,0.8628010530586966,0.8537964723763241,0.53,0.9095796676441837,0.9095796676441837,0.0024437927663734115,111,291803,2048,2048,907,596
2948,2948,True,0.8144864524968438,0.8381719674240878,0.52,0.9134897360703812,0.9134897360703812,0.0004887585532746823,112,291943,2048,2048,796,611
2276,2276,True,0.85129586085955,0.8557719202661956,0.655,0.9545454545454546,0.9545454545454546,0.0,113,291976,2048,2048,677,607
3839,3839,True,0.8697868030139235,0.8442866441810456,0.565,0.9051808406647116,0.9051808406647116,0.0019550342130987292,114,292073,2048,2048,954,660
2857,2857,True,0.8164557185377896,0.8545238006744545,0.585,0.9173998044965787,0.9173998044965787,0.0,115,292148,2048,2048,813,617
3119,3119,True,0.8283122289224679,0.8528342325409725,0.555,0.9090909090909091,0.9090909090909091,0.0024437927663734115,116,292267,2048,2048,819,596
3562,3562,True,0.8636624706119697,0.8413896291774691,0.555,0.9046920821114369,0.9046920821114369,0.0004887585532746823,117,292787,2048,2048,927,616
3578,3578,True,0.8657657384638142,0.8496705232095163,0.565,0.9022482893450635,0.9022482893450635,0.001466275659824047,118,292802,2048,2048,915,609
3123,3123,True,0.8371140740383398,0.8570649367918152,0.545,0.9115347018572825,0.9115347018572825,0.0004887585532746823,119,292839,2048,2048,838,603
3903,3903,True,0.8747174073865798,0.8669365768164894,0.52,0.9261974584555229,0.9261974584555229,0.0004887585532746823,120,292981,2048,2048,948,628
3900,3900,True,0.8827969625062482,0.852874701979038,0.53,0.9178885630498533,0.9178885630498533,0.0009775171065493646,121,293137,2048,2048,957,662
2848,2848,True,0.838145159505018,0.8376987510641372,0.575,0.9125122189638318,0.9125122189638318,0.001466275659824047,122,293147,2048,2048,803,608
3566,3566,True,0.8625516541793129,0.849760262109478,0.595,0.8998044965786901,0.8998044965786901,0.0019550342130987292,123,293159,2048,2048,932,626
2773,2773,True,0.8118343237444127,0.8451323621480913,0.535,0.9242424242424242,0.9242424242424242,0.0004887585532746823,124,293210,2048,2048,870,626
2828,2828,True,0.8089030487798643,0.8334571160318018,0.545,0.9173998044965787,0.9173998044965787,0.0009775171065493646,125,293373,2048,2048,809,647
3433,3433,True,0.8659679516382955,0.8504563717427694,0.565,0.8988269794721407,0.8988269794721407,0.0024437927663734115,126,293510,2048,2048,926,593
3210,3210,True,0.8353031076164787,0.853258089234638,0.53,0.9090909090909091,0.9090909090909091,0.0004887585532746823,127,293529,2048,2048,877,603
3586,3586,True,0.8763219134694568,0.8436463716351634,0.55,0.907624633431085,0.907624633431085,0.001466275659824047,128,293566,2048,2048,913,611
3664,3664,True,0.8684668915246134,0.8523985774049522,0.515,0.9022482893450635,0.9022482893450635,0.0004887585532746823,129,293733,2048,2048,976,623
2879,2879,True,0.817502283837423,0.831610634129247,0.56,0.9164222873900293,0.9164222873900293,0.0,130,293934,2048,2048,773,628
2691,2691,True,0.8189705259841776,0.8613242616137883,0.63,0.9208211143695014,0.9208211143695014,0.002932551319648094,131,294164,2048,2048,798,655
3749,3749,True,0.8699756868355929,0.8635273964728977,0.52,0.9173998044965787,0.9173998044965787,0.0,132,294169,2048,2048,1000,636
2958,2958,True,0.826146016511554,0.8335454793160643,0.55,0.9144672531769306,0.9144672531769306,0.0024437927663734115,133,294366,2048,2048,795,623
3510,3510,True,0.8584703472485624,0.8568984728486555,0.58,0.8998044965786901,0.8998044965786901,0.0009775171065493646,134,294559,2048,2048,930,615
2855,2855,True,0.8295140787554061,0.828814805678878,0.595,0.9164222873900293,0.9164222873900293,0.0024437927663734115,135,294590,2048,2048,844,640
3063,3063,True,0.8448042112695003,0.8296280990760732,0.625,0.9090909090909091,0.9090909090909091,0.0,136,294597,2048,2048,819,646
3383,3383,True,0.850849208340575,0.8524945532300859,0.55,0.9037145650048876,0.9037145650048876,0.0009775171065493646,137,294669,2048,2048,919,592
3438,3438,True,0.8612962075206227,0.8640025693996611,0.515,0.8973607038123167,0.8973607038123167,0.0009775171065493646,138,294722,2048,2048,888,612
3515,3515,True,0.8523749083471753,0.8580909763428841,0.55,0.8973607038123167,0.8973607038123167,0.001466275659824047,139,294796,2048,2048,932,599
1566,1566,False,0.8426017602862325,0.8426017602862325,0.51,1.0,1.0,0.001277139208173691,140,294803,1568,1568,689,426
4190,4190,True,0.8916019789735664,0.8400419171090981,0.53,0.9237536656891495,0.9237536656891495,0.0004887585532746823,141,294955,2048,2048,1008,694
2409,2409,True,0.8014511834532085,0.8247865868617704,0.575,0.9413489736070382,0.9413489736070382,0.001466275659824047,142,295000,2048,2048,805,621
3253,3253,True,0.8495538210199979,0.8418029051086231,0.59,0.9022482893450635,0.9022482893450635,0.0009775171065493646,143,295063,2048,2048,877,597
2669,2669,True,0.8052032844995111,0.8453379722532808,0.52,0.9217986314760508,0.9217986314760508,0.0009775171065493646,144,295104,2048,2048,792,620
2547,2547,True,0.8407002612744673,0.8665964908903531,0.64,0.9330400782013685,0.9330400782013685,0.0019550342130987292,145,295257,2048,2048,699,612
4262,4262,True,0.8918354162900907,0.8528705345613143,0.535,0.9154447702834799,0.9154447702834799,0.0019550342130987292,146,295308,2048,2048,1007,680
3349,3349,True,0.8476054378796162,0.8466360424150611,0.59,0.9022482893450635,0.9022482893450635,0.0009775171065493646,147,295349,2048,2048,897,606
3021,3021,True,0.8599501100563899,0.8388352845382995,0.585,0.9159335288367546,0.9159335288367546,0.0019550342130987292,148,295481,2048,2048,838,620
3141,3141,True,0.8445538426708527,0.8576932967216284,0.55,0.9086021505376344,0.9086021505376344,0.0009775171065493646,149,295484,2048,2048,810,599
3129,3129,True,0.8301707736292621,0.8463182718127742,0.525,0.9046920821114369,0.9046920821114369,0.0009775171065493646,150,295510,2048,2048,862,584
4624,4624,True,0.9083452266072773,0.8511454282222171,0.535,0.9105571847507331,0.9105571847507331,0.0004887585532746823,151,295567,2048,2048,1011,666
3545,3545,True,0.8938028578273848,0.8509899670992033,0.625,0.9032258064516129,0.9032258064516129,0.0009775171065493646,152,295726,2048,2048,797,625
3304,3304,True,0.8546964100076585,0.8312182364499513,0.555,0.9012707722385142,0.9012707722385142,0.0009775171065493646,153,295874,2048,2048,868,621
3586,3586,True,0.8580765292703989,0.8487308478464772,0.535,0.9017595307917888,0.9017595307917888,0.0019550342130987292,154,295910,2048,2048,948,621
3048,3048,True,0.8328778925996243,0.8571757819346021,0.55,0.9115347018572825,0.9115347018572825,0.0,155,295985,2048,2048,868,607
4184,4184,True,0.9000323034778933,0.8625451721110123,0.61,0.9193548387096774,0.9193548387096774,0.0004887585532746823,156,296140,2048,2048,994,726
2183,2183,True,0.7693292475602284,0.8364176207698262,0.595,0.9540566959921799,0.9540566959921799,0.0,157,296172,2048,2048,872,630
2540,2540,True,0.8351131908185324,0.853153201913927,0.66,0.9349951124144672,0.9349951124144672,0.0009775171065493646,158,296193,2048,2048,695,588
3777,3777,True,0.8650462671492909,0.8493834564868826,0.535,0.9095796676441837,0.9095796676441837,0.0009775171065493646,159,296308,2048,2048,980,645
2572,2572,True,0.839914772394764,0.8376555711125353,0.545,0.9389051808406648,0.9389051808406648,0.0019550342130987292,160,296487,2048,2048,819,668
4010,4010,True,0.8791774388864366,0.8327253730615747,0.54,0.9149560117302052,0.9149560117302052,0.0,161,296603,2048,2048,1005,688
3336,3336,True,0.8527892885718024,0.8458354326350052,0.56,0.9095796676441837,0.9095796676441837,0.0019550342130987292,162,296609,2048,2048,882,609
3038,3038,True,0.8418829042181659,0.8343794683989731,0.585,0.9105571847507331,0.9105571847507331,0.0009775171065493646,163,296686,2048,2048,806,594
2341,2341,True,0.7974751477930796,0.8536033760528043,0.62,0.9452590420332356,0.9452590420332356,0.0009775171065493646,164,296832,2048,2048,822,636
3512,3512,True,0.870439326175145,0.8511030285314386,0.57,0.9081133919843597,0.9081133919843597,0.0,165,296883,2048,2048,947,601
3483,3483,True,0.8625430782289051,0.8471820748757932,0.515,0.9032258064516129,0.9032258064516129,0.001466275659824047,166,296913,2048,2048,931,593
3350,3350,True,0.8479637417814967,0.8443042918299419,0.555,0.9046920821114369,0.9046920821114369,0.0019550342130987292,167,296952,2048,2048,900,623
3698,3698,True,0.8676657948314139,0.8641048295827071,0.545,0.9051808406647116,0.9051808406647116,0.001466275659824047,168,296958,2048,2048,999,644
3677,3677,True,0.8626985787472041,0.8561790754814009,0.57,0.9037145650048876,0.9037145650048876,0.001466275659824047,169,297020,2048,2048,975,602
2890,2890,True,0.825203274067801,0.8737786610757693,0.565,0.9232649071358748,0.9232649071358748,0.0,170,297054,2048,2048,822,611
3050,3050,True,0.8193169434592913,0.8352881651636984,0.535,0.9022482893450635,0.9022482893450635,0.0009775171065493646,171,297061,2048,2048,786,588
2461,2461,True,0.8189641766352909,0.8404090929519946,0.585,0.9403714565004888,0.9403714565004888,0.0009775171065493646,172,297096,2048,2048,779,639
2406,2406,True,0.8298885609334041,0.8421337130171218,0.58,0.946236559139785,0.946236559139785,0.0,173,297116,2048,2048,816,652
3031,3031,True,0.8295160334079823,0.8343332192072592,0.575,0.916911045943304,0.916911045943304,0.0004887585532746823,174,297208,2048,2048,821,600
3989,3989,True,0.8853309049263685,0.8547629891254661,0.525,0.9173998044965787,0.9173998044965787,0.0004887585532746823,175,297313,2048,2048,1026,684
3040,3040,True,0.8301545958545417,0.8464232806175694,0.54,0.9051808406647116,0.9051808406647116,0.0004887585532746823,176,297361,2048,2048,807,604
3497,3497,True,0.8518572233776005,0.831969222308656,0.555,0.9017595307917888,0.9017595307917888,0.0,177,297608,2048,2048,952,609
3009,3009,True,0.8467510740028449,0.8304946698217861,0.525,0.9134897360703812,0.9134897360703812,0.001466275659824047,178,297694,2048,2048,825,616
3146,3146,True,0.8346196439435226,0.8418921605105216,0.565,0.9012707722385142,0.9012707722385142,0.0009775171065493646,179,297772,2048,2048,864,609
4349,4349,True,0.8963515874823178,0.837574218651421,0.585,0.9134897360703812,0.9134897360703812,0.0004887585532746823,180,297894,2048,2048,1009,682
3613,3613,True,0.8601615729096889,0.864039780616017,0.515,0.8983382209188661,0.8983382209188661,0.0004887585532746823,181,298071,2048,2048,955,610
3889,3889,True,0.8775425107003715,0.8471337290094946,0.55,0.9139784946236559,0.9139784946236559,0.0024437927663734115,182,298086,2048,2048,966,630
2576,2576,True,0.7927928393784763,0.8476612900889042,0.58,0.9335288367546432,0.9335288367546432,0.0004887585532746823,183,298127,2048,2048,812,667
3006,3006,True,0.8323302986961476,0.8343631422829884,0.6,0.9081133919843597,0.9081133919843597,0.0009775171065493646,184,298162,2048,2048,837,615
2553,2553,True,0.7901021638663389,0.8410484548623012,0.57,0.9266862170087976,0.9266862170087976,0.0004887585532746823,185,298237,2048,2048,786,589
2588,2588,True,0.7891086961308627,0.8370397843671926,0.55,0.9261974584555229,0.9261974584555229,0.0004887585532746823,186,298262,2048,2048,827,635
2527,2527,True,0.8102092882303634,0.8474630048388917,0.58,0.9345063538611925,0.9345063538611925,0.001466275659824047,187,298356,2048,2048,843,656
3340,3340,True,0.8432029261504003,0.8684373301474092,0.56,0.9046920821114369,0.9046920821114369,0.0019550342130987292,188,298411,2048,2048,925,585
3193,3193,True,0.8334176439655585,0.8332530400202356,0.535,0.9042033235581622,0.9042033235581622,0.001466275659824047,189,298414,2048,2048,804,576
2511,2511,True,0.835778720759877,0.8496473468348787,0.575,0.9413489736070382,0.9413489736070382,0.0004887585532746823,190,298470,2048,2048,801,643
3231,3231,True,0.8426514582863895,0.8532154323602857,0.56,0.906158357771261,0.906158357771261,0.0,191,298615,2048,2048,897,624
3337,3337,True,0.8595812472275298,0.8431345281836344,0.575,0.896871945259042,0.896871945259042,0.001466275659824047,192,298743,2048,2048,865,608
4151,4151,True,0.8880894641182135,0.844800108046972,0.595,0.9134897360703812,0.9134897360703812,0.0019550342130987292,193,299012,2048,2048,990,649
2920,2920,True,0.8279677945334797,0.8366984737223199,0.525,0.9115347018572825,0.9115347018572825,0.0,194,299130,2048,2048,846,640
3860,3860,True,0.8850355541804239,0.8508013273150408,0.57,0.9066471163245357,0.9066471163245357,0.0009775171065493646,195,299137,2048,2048,1004,652
3453,3453,True,0.8542601979319905,0.8385655922957512,0.585,0.8924731182795699,0.8924731182795699,0.0004887585532746823,196,299165,2048,2048,924,611
2245,2245,True,0.7558857652698209,0.8406356159771422,0.615,0.9496578690127078,0.9496578690127078,0.0009775171065493646,197,299181,2048,2048,805,624
3526,3526,True,0.8591819075145085,0.8485811091358126,0.555,0.9007820136852395,0.9007820136852395,0.0004887585532746823,198,299256,2048,2048,959,596
2720,2720,True,0.8542931758534754,0.827556880808161,0.555,0.9335288367546432,0.9335288367546432,0.0,199,299265,2048,2048,798,627
3468,3468,True,0.854500942697913,0.8369869139865291,0.55,0.8929618768328446,0.8929618768328446,0.0009775171065493646,200,299423,2048,2048,899,603
3306,3306,True,0.8359923445520121,0.8601490736350214,0.525,0.9032258064516129,0.9032258064516129,0.0009775171065493646,201,299542,2048,2048,855,596
3304,3304,True,0.8601835987763231,0.8504938382920844,0.535,0.9017595307917888,0.9017595307917888,0.0009775171065493646,202,299655,2048,2048,914,583
2927,2927,True,0.8339635795191138,0.8456953854790648,0.545,0.9149560117302052,0.9149560117302052,0.0004887585532746823,203,299665,2048,2048,827,607
3110,3110,True,0.8401150065223127,0.8563650208281595,0.535,0.9081133919843597,0.9081133919843597,0.0009775171065493646,204,299678,2048,2048,894,621
3864,3864,True,0.8931183918034744,0.8649092802193933,0.63,0.9071358748778103,0.9071358748778103,0.0,205,299679,2048,2048,986,666
2714,2714,True,0.79367054710745,0.8435751310597743,0.53,0.9222873900293255,0.9222873900293255,0.0,206,299742,2048,2048,769,620
2556,2556,True,0.8112824142178705,0.8521977011206372,0.58,0.9330400782013685,0.9330400782013685,0.0004887585532746823,207,299818,2048,2048,777,644
3978,3978,True,0.8795691846205296,0.8510095119665624,0.52,0.9188660801564027,0.9188660801564027,0.0009775171065493646,208,299821,2048,2048,995,675
3216,3216,True,0.842877540458321,0.8564766150494022,0.515,0.9120234604105572,0.9120234604105572,0.0009775171065493646,209,300062,2048,2048,910,589
1751,1751,False,0.7437631188663787,0.7437631188663787,0.59,1.0,1.0,0.002284408909194746,210,300232,1753,1753,815,475
2676,2676,True,0.8135772615451491,0.8551427563086215,0.59,0.9242424242424242,0.9242424242424242,0.0004887585532746823,211,300235,2048,2048,804,619
2946,2946,True,0.8435763882763496,0.8454960714657298,0.51,0.9198435972629521,0.9198435972629521,0.0004887585532746823,212,300280,2048,2048,844,619
3177,3177,True,0.8439712663628338,0.8385837337776492,0.525,0.9042033235581622,0.9042033235581622,0.0019550342130987292,213,300309,2048,2048,858,609
2997,2997,True,0.8408489143714497,0.8482500365526857,0.555,0.9159335288367546,0.9159335288367546,0.0009775171065493646,214,300352,2048,2048,814,599
3538,3538,True,0.8517768115576007,0.84080531286888,0.535,0.9027370478983382,0.9027370478983382,0.0004887585532746823,215,300407,2048,2048,912,611
3214,3214,True,0.8536254348921883,0.8404478260193935,0.58,0.906158357771261,0.906158357771261,0.001466275659824047,216,300441,2048,2048,802,632
3128,3128,True,0.8468417945005333,0.8380563390326016,0.555,0.9086021505376344,0.9086021505376344,0.0004887585532746823,217,300533,2048,2048,812,603
3466,3466,True,0.8674623074287473,0.85475218178803,0.59,0.9027370478983382,0.9027370478983382,0.0004887585532746823,218,300534,2048,2048,926,592
3641,3641,True,0.8663727453979151,0.8399291078676018,0.58,0.8973607038123167,0.8973607038123167,0.0,219,300544,2048,2048,936,609
4088,4088,True,0.894608477514256,0.8625059823040214,0.57,0.916911045943304,0.916911045943304,0.0004887585532746823,220,300553,2048,2048,942,671
2708,2708,True,0.8300809161117647,0.8321613572000579,0.55,0.9227761485826002,0.9227761485826002,0.001466275659824047,221,300589,2048,2048,811,648
3221,3221,True,0.8351343973506101,0.858178035169112,0.565,0.896871945259042,0.896871945259042,0.0004887585532746823,222,300680,2048,2048,878,587
3066,3066,True,0.8356439649012255,0.8347632486703924,0.58,0.9120234604105572,0.9120234604105572,0.001466275659824047,223,300763,2048,2048,844,627
2373,2373,True,0.7857455755764076,0.8471137792525453,0.585,0.9413489736070382,0.9413489736070382,0.0009775171065493646,224,301010,2048,2048,840,630
3210,3210,True,0.8379243858359885,0.8419819949791414,0.495,0.9066471163245357,0.9066471163245357,0.0,225,301013,2048,2048,888,588
3152,3152,True,0.8291513692757063,0.8419399505920007,0.53,0.9017595307917888,0.9017595307917888,0.0019550342130987292,226,301050,2048,2048,817,598
3570,3570,True,0.8641873446945387,0.8650796499940415,0.57,0.8983382209188661,0.8983382209188661,0.0004887585532746823,227,301096,2048,2048,939,632
3674,3674,True,0.8639474388291236,0.851770561590148,0.525,0.9017595307917888,0.9017595307917888,0.0019550342130987292,228,301147,2048,2048,947,631
3366,3366,True,0.8584537812577319,0.8456373093589022,0.58,0.9022482893450635,0.9022482893450635,0.0039100684261974585,229,301190,2048,2048,890,619
2878,2878,True,0.8363693122845467,0.8183323980418954,0.56,0.9178885630498533,0.9178885630498533,0.0009775171065493646,230,301253,2048,2048,817,610
3126,3126,True,0.8514186672330092,0.8353851789627209,0.6,0.9046920821114369,0.9046920821114369,0.0004887585532746823,231,301339,2048,2048,797,576
3664,3664,True,0.8748787854928798,0.843561225444699,0.56,0.8993157380254154,0.8993157380254154,0.0,232,301387,2048,2048,985,623
3483,3483,True,0.8539894987357924,0.8551245540917286,0.57,0.8988269794721407,0.8988269794721407,0.0,233,301476,2048,2048,924,620
3457,3457,True,0.85362521631443,0.8344766797717044,0.575,0.9022482893450635,0.9022482893450635,0.001466275659824047,234,301685,2048,2048,928,608
4377,4377,True,0.8996973258102011,0.8496651632673007,0.53,0.9149560117302052,0.9149560117302052,0.0004887585532746823,235,301757,2048,2048,1032,699
2959,2959,True,0.8232976021785148,0.8598437274248515,0.58,0.9139784946236559,0.9139784946236559,0.0004887585532746823,236,301817,2048,2048,858,614
3746,3746,True,0.872685032464165,0.8590439017194321,0.58,0.9012707722385142,0.9012707722385142,0.001466275659824047,237,301863,2048,2048,956,656
3276,3276,True,0.8528953818313151,0.8392147462946878,0.56,0.896871945259042,0.896871945259042,0.0009775171065493646,238,302021,2048,2048,908,609
2488,2488,True,0.7904699317594113,0.8444765013523998,0.545,0.9364613880742912,0.9364613880742912,0.001466275659824047,239,302062,2048,2048,814,644
2781,2781,True,0.8174989340641702,0.8314799640576983,0.555,0.9144672531769306,0.9144672531769306,0.0004887585532746823,240,302141,2048,2048,820,617
2947,2947,True,0.831406463164754,0.8696431924414745,0.575,0.9173998044965787,0.9173998044965787,0.0004887585532746823,241,302257,2048,2048,813,603
3639,3639,True,0.8664253709423162,0.8650480919672775,0.54,0.9095796676441837,0.9095796676441837,0.001466275659824047,242,302293,2048,2048,971,646
3350,3350,True,0.8516621285216102,0.8416207310181015,0.595,0.8914956011730205,0.8914956011730205,0.001466275659824047,243,302372,2048,2048,834,587
3031,3031,True,0.8398157797122895,0.8421088292531423,0.515,0.9149560117302052,0.9149560117302052,0.0004887585532746823,244,302384,2048,2048,880,603
3349,3349,True,0.8428265313833839,0.8541216651559153,0.57,0.9032258064516129,0.9032258064516129,0.0009775171065493646,245,302572,2048,2048,881,576
3215,3215,True,0.8584199981779881,0.8418763145319218,0.57,0.9046920821114369,0.9046920821114369,0.0004887585532746823,246,302643,2048,2048,880,585
3954,3954,True,0.8815143308955282,0.8474387390972831,0.565,0.9115347018572825,0.9115347018572825,0.0004887585532746823,247,302722,2048,2048,975,657
4313,4313,True,0.8920681094186411,0.849023113352204,0.535,0.9213098729227761,0.9213098729227761,0.0024437927663734115,248,302970,2048,2048,1011,687
3735,3735,True,0.866557621246885,0.866851809906002,0.55,0.9071358748778103,0.9071358748778103,0.0004887585532746823,249,302989,2048,2048,970,626
3519,3519,True,0.8663586298927796,0.8472597914732881,0.635,0.8914956011730205,0.8914956011730205,0.0009775171065493646,250,303284,2048,2048,865,617
3314,3314,True,0.8474100012874846,0.8468013587807529,0.57,0.8998044965786901,0.8998044965786901,0.0,251,303374,2048,2048,872,596
3155,3155,True,0.8403856317189011,0.8435620979903212,0.55,0.9071358748778103,0.9071358748778103,0.0,252,303427,2048,2048,871,580
2892,2892,True,0.8161109274291485,0.83901682076266,0.565,0.918377321603128,0.918377321603128,0.0009775171065493646,253,303444,2048,2048,770,613
2848,2848,True,0.8153961531481928,0.8600685998469516,0.535,0.9159335288367546,0.9159335288367546,0.0009775171065493646,254,303592,2048,2048,892,620
3565,3565,True,0.8557102842712849,0.8680790888233281,0.55,0.9115347018572825,0.9115347018572825,0.0009775171065493646,255,303626,2048,2048,982,610
3671,3671,True,0.8630372949838855,0.8488312236677954,0.585,0.9032258064516129,0.9032258064516129,0.0009775171065493646,256,303656,2048,2048,937,612
3517,3517,True,0.8563105747998828,0.8630312194078794,0.52,0.9032258064516129,0.9032258064516129,0.0009775171065493646,257,303690,2048,2048,959,621
3379,3379,True,0.8553954774729303,0.8521671602372197,0.585,0.8973607038123167,0.8973607038123167,0.0019550342130987292,258,303737,2048,2048,911,608
3160,3160,True,0.8434148895038936,0.8529522619642179,0.555,0.9115347018572825,0.9115347018572825,0.0004887585532746823,259,303760,2048,2048,887,614
3833,3833,True,0.8685208892537549,0.8556732513548527,0.52,0.9066471163245357,0.9066471163245357,0.001466275659824047,260,303811,2048,2048,936,638
3026,3026,True,0.8332810303939098,0.8391425522513015,0.565,0.916911045943304,0.916911045943304,0.0004887585532746823,261,303840,2048,2048,823,597
2773,2773,True,0.8465583117778261,0.8381233249179122,0.555,0.9222873900293255,0.9222873900293255,0.0009775171065493646,262,304014,2048,2048,794,608
2543,2543,True,0.7836788345806697,0.8486106587457383,0.595,0.9310850439882697,0.9310850439882697,0.0,263,304122,2048,2048,770,642
3190,3190,True,0.8523142987070604,0.8663649524864764,0.56,0.9120234604105572,0.9120234604105572,0.001466275659824047,264,304198,2048,2048,868,601
2914,2914,True,0.8153265854766453,0.8531343612710861,0.525,0.9095796676441837,0.9095796676441837,0.0,265,304266,2048,2048,826,597
3703,3703,True,0.8638416924322823,0.853911490610429,0.54,0.9042033235581622,0.9042033235581622,0.0009775171065493646,266,304304,2048,2048,995,623
3112,3112,True,0.8548787460160387,0.842748296912108,0.56,0.9115347018572825,0.9115347018572825,0.0,267,304449,2048,2048,831,617
3349,3349,True,0.842873985447661,0.857999631894885,0.56,0.9032258064516129,0.9032258064516129,0.0004887585532746823,268,304453,2048,2048,904,587
3200,3200,True,0.8604892527333253,0.8385703384098844,0.595,0.9081133919843597,0.9081133919843597,0.0004887585532746823,269,304595,2048,2048,890,636
3281,3281,True,0.8484882395437413,0.8446307047924188,0.565,0.8983382209188661,0.8983382209188661,0.0004887585532746823,270,304757,2048,2048,871,590
3229,3229,True,0.8490675759190192,0.8374905467960456,0.55,0.9042033235581622,0.9042033235581622,0.0019550342130987292,271,304763,2048,2048,835,603
2768,2768,True,0.8070418621957337,0.8430478943659157,0.59,0.9086021505376344,0.9086021505376344,0.0009775171065493646,272,304774,2048,2048,805,633
2796,2796,True,0.8059140475427756,0.8656982266841565,0.505,0.9286412512218963,0.9286412512218963,0.0,273,304822,2048,2048,824,602
3413,3413,True,0.8465628700390965,0.8621162949843898,0.54,0.9081133919843597,0.9081133919843597,0.0009775171065493646,274,304880,2048,2048,920,614
2972,2972,True,0.8177080946593751,0.8418830749134347,0.53,0.9100684261974584,0.9100684261974584,0.0,275,304917,2048,2048,845,567
3552,3552,True,0.8658973183341888,0.8408890828310073,0.565,0.9056695992179863,0.9056695992179863,0.0,276,305187,2048,2048,899,596
3061,3061,True,0.821585200260775,0.8531736708138266,0.57,0.9051808406647116,0.9051808406647116,0.0004887585532746823,277,305229,2048,2048,834,588
2092,2092,True,0.7900379669990009,0.8038225754315773,0.595,0.9828934506353861,0.9828934506353861,0.0009775171065493646,278,305235,2048,2048,897,609
3111,3111,True,0.822474870974483,0.8616675648830944,0.595,0.9134897360703812,0.9134897360703812,0.0004887585532746823,279,305238,2048,2048,817,614
2917,2917,True,0.8300652571515366,0.8567378568864089,0.54,0.9144672531769306,0.9144672531769306,0.0009775171065493646,280,305324,2048,2048,839,610
2776,2776,True,0.8027556898889865,0.8625266291580252,0.535,0.9213098729227761,0.9213098729227761,0.0004887585532746823,281,305364,2048,2048,815,624
3259,3259,True,0.8549199000227529,0.856046070897691,0.595,0.9012707722385142,0.9012707722385142,0.0,282,305365,2048,2048,876,617
2635,2635,True,0.8111683610722584,0.8365342871409015,0.575,0.9281524926686217,0.9281524926686217,0.0019550342130987292,283,305383,2048,2048,788,643
2861,2861,True,0.8258336973194559,0.8423663667737298,0.52,0.9144672531769306,0.9144672531769306,0.0004887585532746823,284,305503,2048,2048,824,641
3290,3290,True,0.8526544512116127,0.8352962512905933,0.57,0.9027370478983382,0.9027370478983382,0.001466275659824047,285,305585,2048,2048,879,585
3422,3422,True,0.8534715582221833,0.8599672320842482,0.575,0.8998044965786901,0.8998044965786901,0.0024437927663734115,286,305616,2048,2048,903,599
3247,3247,True,0.8418035126073359,0.8596283522364567,0.57,0.9012707722385142,0.9012707722385142,0.0004887585532746823,287,305719,2048,2048,902,589
3057,3057,True,0.8349745655349426,0.8636057043642891,0.545,0.9164222873900293,0.9164222873900293,0.0004887585532746823,288,305746,2048,2048,805,658
2901,2901,True,0.8414361045861611,0.8530754146362513,0.605,0.9149560117302052,0.9149560117302052,0.0019550342130987292,289,305749,2048,2048,851,626
2773,2773,True,0.8234694978089869,0.853661885625708,0.57,0.9188660801564027,0.9188660801564027,0.0,290,305774,2048,2048,835,636
2128,2128,True,0.81164767881866,0.827064875628263,0.595,0.9696969696969697,0.9696969696969697,0.0,291,305799,2048,2048,810,595
2918,2918,True,0.822061114844717,0.8430571879913287,0.575,0.9066471163245357,0.9066471163245357,0.0,292,306068,2048,2048,802,612
2986,2986,True,0.8212103753449529,0.8615069841073818,0.565,0.9149560117302052,0.9149560117302052,0.0,293,306074,2048,2048,839,611
3617,3617,True,0.8696731174861898,0.8516453936134393,0.59,0.9017595307917888,0.9017595307917888,0.0,294,306081,2048,2048,943,632
2809,2809,True,0.8354220829976187,0.8481035657194672,0.535,0.9173998044965787,0.9173998044965787,0.0004887585532746823,295,306101,2048,2048,801,625
3297,3297,True,0.8487944333757365,0.8499587111018633,0.51,0.9081133919843597,0.9081133919843597,0.0,296,306164,2048,2048,902,588
3211,3211,True,0.8553945879706238,0.8540545568683221,0.59,0.9066471163245357,0.9066471163245357,0.001466275659824047,297,306381,2048,2048,899,621
3423,3423,True,0.8584590570424058,0.8592793320929307,0.575,0.9002932551319648,0.9002932551319648,0.0004887585532746823,298,306440,2048,2048,943,619
3651,3651,True,0.8693676943535475,0.8511028804401696,0.52,0.907624633431085,0.907624633431085,0.0009775171065493646,299,306455,2048,2048,965,660
3147,3147,True,0.8342506050961317,0.8431129534296431,0.57,0.9042033235581622,0.9042033235581622,0.001466275659824047,300,306582,2048,2048,858,598
3551,3551,True,0.8620698673534811,0.8408515861205165,0.565,0.9012707722385142,0.9012707722385142,0.0004887585532746823,301,306649,2048,2048,952,611
2515,2515,True,0.8025999034610289,0.8369050868486373,0.545,0.9320625610948191,0.9320625610948191,0.0019550342130987292,302,306737,2048,2048,788,621
2278,2278,True,0.8282134445548981,0.8563527284642021,0.625,0.9486803519061584,0.9486803519061584,0.0009775171065493646,303,306791,2048,2048,822,610
3271,3271,True,0.8492082884646005,0.8445951553512783,0.54,0.9042033235581622,0.9042033235581622,0.001466275659824047,304,307056,2048,2048,839,588
3336,3336,True,0.8538242132741489,0.8509152341294202,0.575,0.9002932551319648,0.9002932551319648,0.0019550342130987292,305,307074,2048,2048,905,588
3362,3362,True,0.8483962120250463,0.8621703527844066,0.555,0.9090909090909091,0.9090909090909091,0.0009775171065493646,306,307507,2048,2048,923,600
3035,3035,True,0.8330247514191987,0.845629188157245,0.51,0.9149560117302052,0.9149560117302052,0.0004887585532746823,307,307643,2048,2048,825,620
2512,2512,True,0.7952741998333849,0.8419365073158425,0.565,0.9286412512218963,0.9286412512218963,0.0004887585532746823,308,307714,2048,2048,811,629
2462,2462,True,0.772236206355462,0.8264565782765014,0.57,0.9335288367546432,0.9335288367546432,0.0,309,307768,2048,2048,728,634
3035,3035,True,0.853036892870506,0.8492074370678876,0.535,0.918377321603128,0.918377321603128,0.0004887585532746823,310,307817,2048,2048,841,624
3740,3740,True,0.8708364068397967,0.8678623253552399,0.53,0.9173998044965787,0.9173998044965787,0.0009775171065493646,311,307858,2048,2048,997,631
2495,2495,True,0.8204813928949749,0.8293543456549156,0.535,0.9379276637341154,0.9379276637341154,0.0004887585532746823,312,307883,2048,2048,797,633
3336,3336,True,0.8456438862964931,0.8643945387251252,0.535,0.9002932551319648,0.9002932551319648,0.001466275659824047,313,307911,2048,2048,876,584
3126,3126,True,0.8507049294271242,0.820042299859143,0.59,0.9164222873900293,0.9164222873900293,0.001466275659824047,314,307937,2048,2048,829,612
3391,3391,True,0.8685037948516545,0.8404140334897624,0.56,0.9032258064516129,0.9032258064516129,0.0004887585532746823,315,308099,2048,2048,919,610
3865,3865,True,0.8730809502985168,0.8531424615321974,0.575,0.907624633431085,0.907624633431085,0.001466275659824047,316,308225,2048,2048,951,649
2837,2837,True,0.8030274533935425,0.8496214080023319,0.545,0.9178885630498533,0.9178885630498533,0.0004887585532746823,317,308227,2048,2048,806,571
2741,2741,True,0.8490975904385393,0.8548207925963696,0.595,0.9237536656891495,0.9237536656891495,0.0019550342130987292,318,308273,2048,2048,788,637
3466,3466,True,0.8624939020523736,0.892323545829722,0.545,0.916911045943304,0.916911045943304,0.0009775171065493646,319,308497,2048,2048,892,611
3491,3491,True,0.8619955574348979,0.871718132209816,0.535,0.9086021505376344,0.9086021505376344,0.001466275659824047,320,308679,2048,2048,963,584
3896,3896,True,0.8936589442918321,0.8362480075043311,0.54,0.9149560117302052,0.9149560117302052,0.0019550342130987292,321,308752,2048,2048,987,636
3669,3669,True,0.8614486985609514,0.8620314931457229,0.58,0.9125122189638318,0.9125122189638318,0.0024437927663734115,322,308908,2048,2048,1013,640
3302,3302,True,0.8538175262858163,0.8487908780342385,0.505,0.9046920821114369,0.9046920821114369,0.0004887585532746823,323,309070,2048,2048,888,592
3767,3767,True,0.898399231227973,0.8577166452420787,0.57,0.9100684261974584,0.9100684261974584,0.0024437927663734115,324,309143,2048,2048,983,653
2904,2904,True,0.8704321302754243,0.8339979140798244,0.625,0.9217986314760508,0.9217986314760508,0.0004887585532746823,325,309168,2048,2048,776,607
3566,3566,True,0.8589976627122545,0.8472441069229162,0.605,0.9027370478983382,0.9027370478983382,0.0009775171065493646,326,309311,2048,2048,944,612
3054,3054,True,0.8268513759353779,0.8247549649232153,0.555,0.9105571847507331,0.9105571847507331,0.0,327,309487,2048,2048,794,616
3247,3247,True,0.8429199624629916,0.8315474996113179,0.525,0.9037145650048876,0.9037145650048876,0.0004887585532746823,328,309495,2048,2048,855,613
2716,2716,True,0.8008922593700597,0.8624232260092154,0.55,0.9198435972629521,0.9198435972629521,0.0009775171065493646,329,309531,2048,2048,815,619
3060,3060,True,0.8343495093470524,0.8462856065264803,0.575,0.9086021505376344,0.9086021505376344,0.0004887585532746823,330,309605,2048,2048,849,637
3414,3414,True,0.8546864561692816,0.8511633226066526,0.57,0.8983382209188661,0.8983382209188661,0.0009775171065493646,331,309673,2048,2048,896,605
3050,3050,True,0.833209866034253,0.8431634610628345,0.52,0.9188660801564027,0.9188660801564027,0.0004887585532746823,332,309772,2048,2048,819,577
3531,3531,True,0.8634863782422297,0.838455202914043,0.565,0.8939393939393939,0.8939393939393939,0.0009775171065493646,333,309811,2048,2048,918,601
3568,3568,True,0.8475729389243898,0.8647124660448811,0.54,0.8924731182795699,0.8924731182795699,0.0004887585532746823,334,309851,2048,2048,877,604
3730,3730,True,0.8731931349728027,0.8316493634465304,0.535,0.906158357771261,0.906158357771261,0.0009775171065493646,335,309902,2048,2048,978,632
3211,3211,True,0.8396259071804355,0.8651034683868348,0.57,0.9120234604105572,0.9120234604105572,0.0,336,309972,2048,2048,881,601
3321,3321,True,0.8471596342312286,0.8400620277074452,0.56,0.8973607038123167,0.8973607038123167,0.001466275659824047,337,310052,2048,2048,889,587
4151,4151,True,0.9023187979895848,0.8570788336388049,0.48,0.918377321603128,0.918377321603128,0.0004887585532746823,338,310077,2048,2048,972,675
3557,3557,True,0.874321621062521,0.8563302861927814,0.555,0.9022482893450635,0.9022482893450635,0.0,339,310091,2048,2048,975,606
2833,2833,True,0.8222173250326997,0.8240182467059245,0.565,0.9139784946236559,0.9139784946236559,0.0009775171065493646,340,310204,2048,2048,790,653
3188,3188,True,0.8455444549534934,0.8508426352047581,0.57,0.9105571847507331,0.9105571847507331,0.002932551319648094,341,310338,2048,2048,844,603
3455,3455,True,0.8524079239047682,0.8582131797147393,0.58,0.9027370478983382,0.9027370478983382,0.0009775171065493646,342,310591,2048,2048,941,615
3602,3602,True,0.8588939598407196,0.855765113097315,0.54,0.907624633431085,0.907624633431085,0.0,343,310608,2048,2048,963,662
2938,2938,True,0.8481251564341782,0.8406592403670241,0.555,0.9198435972629521,0.9198435972629521,0.0009775171065493646,344,310629,2048,2048,783,622
3767,3767,True,0.8738072839813582,0.856296377375961,0.535,0.9095796676441837,0.9095796676441837,0.0004887585532746823,345,310742,2048,2048,1021,640
3540,3540,True,0.8748188530774706,0.8380311477937284,0.565,0.9017595307917888,0.9017595307917888,0.0019550342130987292,346,310859,2048,2048,932,617
3001,3001,True,0.8319375557914185,0.841822668073742,0.56,0.916911045943304,0.916911045943304,0.0004887585532746823,347,310885,2048,2048,853,584
1832,1832,False,0.714018859136371,0.714018859136371,0.58,1.0,1.0,0.0027292576419213972,348,310942,1834,1834,825,528
3041,3041,True,0.8364468901653525,0.8515444509556304,0.545,0.9115347018572825,0.9115347018572825,0.0024437927663734115,349,311023,2048,2048,845,634
3556,3556,True,0.8734086130572918,0.820903148926577,0.575,0.896871945259042,0.896871945259042,0.001466275659824047,350,311102,2048,2048,943,626
3593,3593,True,0.8683997905488725,0.8536761518565349,0.51,0.9120234604105572,0.9120234604105572,0.001466275659824047,351,311213,2048,2048,977,637
3397,3397,True,0.8404519514871529,0.8561691189782008,0.5,0.8993157380254154,0.8993157380254154,0.0004887585532746823,352,311446,2048,2048,955,591
3362,3362,True,0.8522860034269284,0.852024229230891,0.575,0.9027370478983382,0.9027370478983382,0.0004887585532746823,353,311504,2048,2048,936,596
2849,2849,True,0.8252873387261325,0.8391505608421934,0.58,0.9222873900293255,0.9222873900293255,0.0009775171065493646,354,311516,2048,2048,797,659
4328,4328,True,0.8972267863084541,0.8481093940778017,0.515,0.9232649071358748,0.9232649071358748,0.0004887585532746823,355,311595,2048,2048,981,673
3840,3840,True,0.8753639994974096,0.8619290917234647,0.55,0.9105571847507331,0.9105571847507331,0.0009775171065493646,356,311970,2048,2048,955,651
2490,2490,True,0.7683060183238387,0.8509644623647772,0.525,0.9335288367546432,0.9335288367546432,0.0,357,312003,2048,2048,790,663
2704,2704,True,0.7970847049806509,0.8482427420384231,0.55,0.9222873900293255,0.9222873900293255,0.0,358,312033,2048,2048,750,612
2908,2908,True,0.832230117405261,0.8427087098192919,0.555,0.9188660801564027,0.9188660801564027,0.0004887585532746823,359,312078,2048,2048,816,607
4477,4477,True,0.9084401174327749,0.8690685705349125,0.54,0.9198435972629521,0.9198435972629521,0.002932551319648094,360,312088,2048,2048,1013,658
2596,2596,True,0.8485831501590204,0.8432920338050227,0.595,0.9359726295210166,0.9359726295210166,0.001466275659824047,361,312121,2048,2048,823,635
3804,3804,True,0.8734167937261039,0.8597831362988022,0.585,0.9110459433040078,0.9110459433040078,0.001466275659824047,362,312306,2048,2048,979,639
3849,3849,True,0.8773827983648717,0.8493253053146064,0.58,0.8993157380254154,0.8993157380254154,0.0009775171065493646,363,312348,2048,2048,972,655
2958,2958,True,0.8274189328207545,0.8515019676911865,0.56,0.9159335288367546,0.9159335288367546,0.0004887585532746823,364,312475,2048,2048,837,596
3435,3435,True,0.8562530366329739,0.8524420505379482,0.565,0.8998044965786901,0.8998044965786901,0.0009775171065493646,365,312511,2048,2048,927,597
3361,3361,True,0.8550467485342887,0.846304196388806,0.555,0.9032258064516129,0.9032258064516129,0.0009775171065493646,366,312555,2048,2048,910,584
3244,3244,True,0.84197369068087,0.8416376093174361,0.535,0.9037145650048876,0.9037145650048876,0.001466275659824047,367,312630,2048,2048,873,577
3482,3482,True,0.8544141180234661,0.854477022994101,0.545,0.9012707722385142,0.9012707722385142,0.0024437927663734115,368,312809,2048,2048,928,610
3004,3004,True,0.8386964073146224,0.8424810304007274,0.57,0.9139784946236559,0.9139784946236559,0.0004887585532746823,369,313036,2048,2048,825,607
2815,2815,True,0.8249553776927454,0.83846588768479,0.55,0.9115347018572825,0.9115347018572825,0.0004887585532746823,370,313078,2048,2048,826,648
2731,2731,True,0.8254084652358258,0.8368065249765468,0.6,0.9198435972629521,0.9198435972629521,0.0004887585532746823,371,313321,2048,2048,838,612
3713,3713,True,0.8717772708419393,0.851433663010757,0.575,0.9046920821114369,0.9046920821114369,0.002932551319648094,372,313368,2048,2048,978,640
3716,3716,True,0.8747991664464037,0.8530933401298715,0.55,0.8919843597262952,0.8919843597262952,0.0009775171065493646,373,313455,2048,2048,930,627
2450,2450,True,0.7939776221979057,0.839632432829123,0.54,0.9340175953079178,0.9340175953079178,0.0009775171065493646,374,313597,2048,2048,857,634
3501,3501,True,0.8432515737819823,0.8424243795791888,0.53,0.9032258064516129,0.9032258064516129,0.0009775171065493646,375,313714,2048,2048,900,625
3265,3265,True,0.8459431123504262,0.8324726182899855,0.58,0.8983382209188661,0.8983382209188661,0.0004887585532746823,376,313731,2048,2048,869,588
2356,2356,True,0.7739304152447375,0.8569878057752156,0.6,0.9374389051808406,0.9374389051808406,0.0004887585532746823,377,314035,2048,2048,823,628
3182,3182,True,0.8418149558988965,0.8485710408087271,0.53,0.9017595307917888,0.9017595307917888,0.001466275659824047,378,314426,2048,2048,872,637
2480,2480,True,0.791656540520589,0.8570095150741935,0.615,0.9398826979472141,0.9398826979472141,0.0,379,314481,2048,2048,720,643
3891,3891,True,0.871326300263354,0.846332651889439,0.49,0.9173998044965787,0.9173998044965787,0.0009775171065493646,380,314501,2048,2048,974,613
3558,3558,True,0.8620027856315049,0.8515949178192433,0.555,0.8993157380254154,0.8993157380254154,0.0,381,314735,2048,2048,947,617
3167,3167,True,0.8689320114698593,0.8625661024232056,0.565,0.9115347018572825,0.9115347018572825,0.0019550342130987292,382,314794,2048,2048,838,631
3656,3656,True,0.8696725124080651,0.8575994825181018,0.525,0.9081133919843597,0.9081133919843597,0.0009775171065493646,383,314872,2048,2048,944,644
2894,2894,True,0.8123420274292902,0.8511065663409116,0.495,0.9090909090909091,0.9090909090909091,0.0,384,314963,2048,2048,786,612
3320,3320,True,0.8457653065067503,0.8713936238428985,0.545,0.907624633431085,0.907624633431085,0.0019550342130987292,385,315018,2048,2048,904,610
3476,3476,True,0.8520869752358355,0.8629940147338049,0.525,0.9042033235581622,0.9042033235581622,0.0004887585532746823,386,315439,2048,2048,963,606
4022,4022,True,0.8792975461698583,0.8496883363599222,0.54,0.9159335288367546,0.9159335288367546,0.0009775171065493646,387,315660,2048,2048,963,642
2927,2927,True,0.8268585424782763,0.8454721361251474,0.53,0.9213098729227761,0.9213098729227761,0.0004887585532746823,388,315662,2048,2048,830,652
1885,1885,False,0.7333966356528479,0.7333966356528479,0.56,1.0,1.0,0.002122015915119363,389,315833,1887,1887,787,502
3450,3450,True,0.8763923581893619,0.8530723840051698,0.59,0.8949169110459433,0.8949169110459433,0.0,390,315966,2048,2048,849,614
3373,3373,True,0.8530303400590942,0.845060483207166,0.585,0.895405669599218,0.895405669599218,0.001466275659824047,391,316026,2048,2048,877,613
3139,3139,True,0.8461759848474951,0.8602061235316759,0.515,0.9120234604105572,0.9120234604105572,0.0009775171065493646,392,316430,2048,2048,893,617
3096,3096,True,0.8265144817045771,0.849547133870405,0.6,0.907624633431085,0.907624633431085,0.0004887585532746823,393,316434,2048,2048,850,603
3404,3404,True,0.8675355105269942,0.846916330347301,0.575,0.8998044965786901,0.8998044965786901,0.0009775171065493646,394,316501,2048,2048,956,618
2911,2911,True,0.8422110514579713,0.8388291657546376,0.6,0.9100684261974584,0.9100684261974584,0.0024437927663734115,395,316738,2048,2048,820,642
3534,3534,True,0.8618319694914337,0.8395450959974713,0.545,0.9095796676441837,0.9095796676441837,0.0,396,316793,2048,2048,954,623
2633,2633,True,0.8335031746550946,0.85654528756904,0.59,0.9286412512218963,0.9286412512218963,0.0004887585532746823,397,316859,2048,2048,803,659
3158,3158,True,0.8440276835885872,0.8586801087862628,0.565,0.9159335288367546,0.9159335288367546,0.0004887585532746823,398,317010,2048,2048,843,602
4140,4140,True,0.8853458957228524,0.8412151319611133,0.55,0.918377321603128,0.918377321603128,0.0019550342130987292,399,317145,2048,2048,926,678
3286,3286,True,0.8420736869200469,0.8572269474569542,0.545,0.907624633431085,0.907624633431085,0.001466275659824047,400,317179,2048,2048,917,572
3557,3557,True,0.8647931615390343,0.8406007300412902,0.58,0.906158357771261,0.906158357771261,0.0,401,317231,2048,2048,927,609
2768,2768,True,0.8212372966333819,0.8392364005414809,0.575,0.9242424242424242,0.9242424242424242,0.0,402,317372,2048,2048,778,617
3029,3029,True,0.8226949408353628,0.843921165715926,0.585,0.9105571847507331,0.9105571847507331,0.0004887585532746823,403,317524,2048,2048,829,613
3711,3711,True,0.8831980633254497,0.8683365335607535,0.54,0.9086021505376344,0.9086021505376344,0.001466275659824047,404,317581,2048,2048,965,644
2705,2705,True,0.8204080425024893,0.8442424352544986,0.565,0.9237536656891495,0.9237536656891495,0.0019550342130987292,405,317595,2048,2048,815,641
2860,2860,True,0.8240849198125708,0.8616520492312798,0.57,0.9139784946236559,0.9139784946236559,0.0004887585532746823,406,317767,2048,2048,865,642
3518,3518,True,0.8613239665283663,0.8642663224784545,0.565,0.9051808406647116,0.9051808406647116,0.001466275659824047,407,318198,2048,2048,948,597
3393,3393,True,0.8534611247533516,0.8528886395554157,0.53,0.9017595307917888,0.9017595307917888,0.001466275659824047,408,318202,2048,2048,875,611
3307,3307,True,0.8582124753286885,0.8347880764022793,0.565,0.9007820136852395,0.9007820136852395,0.0019550342130987292,409,318238,2048,2048,879,607
2569,2569,True,0.822846625754366,0.8271490771997976,0.59,0.9374389051808406,0.9374389051808406,0.0009775171065493646,410,318258,2048,2048,807,629
2738,2738,True,0.833693045594498,0.8429236342634088,0.6,0.9193548387096774,0.9193548387096774,0.0009775171065493646,411,318330,2048,2048,828,662
3824,3824,True,0.8776604506573991,0.8441790091002562,0.55,0.918377321603128,0.918377321603128,0.0004887585532746823,412,318579,2048,2048,974,662
2803,2803,True,0.8344363378738953,0.8440211608522413,0.595,0.9164222873900293,0.9164222873900293,0.0024437927663734115,413,318678,2048,2048,792,640
3475,3475,True,0.8712894733075611,0.855198754840613,0.54,0.9042033235581622,0.9042033235581622,0.0009775171065493646,414,318850,2048,2048,925,598
2648,2648,True,0.8048245181332663,0.8531085882388948,0.55,0.9222873900293255,0.9222873900293255,0.0009775171065493646,415,318905,2048,2048,848,637
4034,4034,True,0.905094475023774,0.8460845162317855,0.605,0.9188660801564027,0.9188660801564027,0.0004887585532746823,416,318936,2048,2048,948,698
2698,2698,True,0.7961360899308295,0.8634930590571139,0.525,0.9242424242424242,0.9242424242424242,0.0009775171065493646,417,318965,2048,2048,800,607
3601,3601,True,0.8579091791445639,0.8554446596124989,0.59,0.9032258064516129,0.9032258064516129,0.0024437927663734115,418,319027,2048,2048,977,610
2599,2599,True,0.7823288190908798,0.8339942317516054,0.475,0.927663734115347,0.927663734115347,0.0,419,319138,2048,2048,780,618
3541,3541,True,0.8631862209239711,0.8570202749214197,0.605,0.9022482893450635,0.9022482893450635,0.0004887585532746823,420,319289,2048,2048,936,613
2440,2440,True,0.8141945340850846,0.8343807659384778,0.63,0.9428152492668622,0.9428152492668622,0.0004887585532746823,421,319431,2048,2048,776,612
2870,2870,True,0.7923757670290971,0.8540898238000113,0.555,0.9188660801564027,0.9188660801564027,0.0,422,319547,2048,2048,752,640
2875,2875,True,0.8156756349366756,0.8503553147751524,0.54,0.918377321603128,0.918377321603128,0.0,423,319610,2048,2048,852,615
2880,2880,True,0.8313710889923026,0.8449480695318953,0.565,0.9164222873900293,0.9164222873900293,0.0019550342130987292,424,319704,2048,2048,792,619
2825,2825,True,0.8183748000489042,0.836185342572515,0.59,0.9173998044965787,0.9173998044965787,0.0009775171065493646,425,319812,2048,2048,803,631
2872,2872,True,0.8279911376177463,0.8393746188003585,0.565,0.916911045943304,0.916911045943304,0.0004887585532746823,426,319853,2048,2048,817,607
3566,3566,True,0.8712529851570029,0.8525686703254461,0.6,0.8983382209188661,0.8983382209188661,0.0019550342130987292,427,319904,2048,2048,932,642
2943,2943,True,0.8258594677820749,0.8335066428618054,0.545,0.9110459433040078,0.9110459433040078,0.0004887585532746823,428,320060,2048,2048,797,615
3016,3016,True,0.8300091931470204,0.8477811237640032,0.58,0.9081133919843597,0.9081133919843597,0.0,429,320070,2048,2048,859,610
4018,4018,True,0.8826169281314183,0.8443743182841887,0.575,0.9120234604105572,0.9120234604105572,0.0,430,320137,2048,2048,1016,688
3366,3366,True,0.8660529102623324,0.8572584248953079,0.605,0.8998044965786901,0.8998044965786901,0.0004887585532746823,431,320211,2048,2048,914,610
3107,3107,True,0.8379232818258917,0.8502664014832754,0.63,0.9037145650048876,0.9037145650048876,0.0004887585532746823,432,320373,2048,2048,837,615
2983,2983,True,0.8221159065579384,0.8733055738021004,0.56,0.9095796676441837,0.9095796676441837,0.0004887585532746823,433,320465,2048,2048,859,579
3719,3719,True,0.8644058693653792,0.8548120135897311,0.525,0.9037145650048876,0.9037145650048876,0.0009775171065493646,434,320629,2048,2048,950,631
2889,2889,True,0.8143003296933087,0.8371935318206957,0.565,0.9110459433040078,0.9110459433040078,0.0009775171065493646,435,320666,2048,2048,809,639
2793,2793,True,0.8198991141987013,0.8457104304783871,0.6,0.9159335288367546,0.9159335288367546,0.0004887585532746823,436,320749,2048,2048,791,639
3265,3265,True,0.8318687519420995,0.8464968559844209,0.525,0.9051808406647116,0.9051808406647116,0.0004887585532746823,437,320906,2048,2048,904,592
3611,3611,True,0.8687145602145351,0.85592123928749,0.595,0.9027370478983382,0.9027370478983382,0.0009775171065493646,438,320952,2048,2048,971,626
2666,2666,True,0.8076234498744391,0.8580887788124022,0.545,0.9242424242424242,0.9242424242424242,0.001466275659824047,439,320991,2048,2048,793,646
2873,2873,True,0.8214767780995389,0.8563046600192892,0.585,0.9178885630498533,0.9178885630498533,0.001466275659824047,440,321004,2048,2048,775,587
2882,2882,True,0.8092116995684122,0.8369782221899453,0.565,0.9105571847507331,0.9105571847507331,0.0,441,321135,2048,2048,795,599
3141,3141,True,0.8406450062778759,0.8526960372477841,0.535,0.9100684261974584,0.9100684261974584,0.001466275659824047,442,321173,2048,2048,847,574
2983,2983,True,0.8377600256631782,0.8656065390383044,0.615,0.9164222873900293,0.9164222873900293,0.0004887585532746823,443,321211,2048,2048,864,643
3007,3007,True,0.8388655049854723,0.8455264094185114,0.56,0.9071358748778103,0.9071358748778103,0.001466275659824047,444,321362,2048,2048,851,601
3348,3348,True,0.8727665663271684,0.8609523266180636,0.59,0.8978494623655914,0.8978494623655914,0.0,445,321596,2048,2048,863,603
3495,3495,True,0.8597003075989663,0.850652989022352,0.555,0.9095796676441837,0.9095796676441837,0.0004887585532746823,446,321740,2048,2048,931,588
2998,2998,True,0.8312469824032162,0.8380103368145277,0.6,0.9100684261974584,0.9100684261974584,0.0,447,321774,2048,2048,857,621
3125,3125,True,0.8364345674254918,0.8470836776635294,0.58,0.9027370478983382,0.9027370478983382,0.0004887585532746823,448,321903,2048,2048,865,589
3494,3494,True,0.856677036475683,0.8543613721782312,0.55,0.9002932551319648,0.9002932551319648,0.0004887585532746823,449,322004,2048,2048,931,620
3268,3268,True,0.8445060053645759,0.871217849085468,0.51,0.9056695992179863,0.9056695992179863,0.0009775171065493646,450,322073,2048,2048,878,583
2478,2478,True,0.7824777693673227,0.8563971456996676,0.555,0.9310850439882697,0.9310850439882697,0.0004887585532746823,451,322101,2048,2048,737,594
3682,3682,True,0.8786469861690661,0.8413671403219574,0.565,0.8929618768328446,0.8929618768328446,0.0,452,322180,2048,2048,976,641
2191,2191,True,0.8192759192816453,0.8441633745332854,0.635,0.9608993157380255,0.9608993157380255,0.0004887585532746823,453,322297,2048,2048,878,628
2525,2525,True,0.7678813604583786,0.8475276984655007,0.49,0.9330400782013685,0.9330400782013685,0.0009775171065493646,454,322408,2048,2048,807,603
2938,2938,True,0.8320906130586936,0.8434323439957098,0.57,0.9149560117302052,0.9149560117302052,0.0009775171065493646,455,322501,2048,2048,826,582
2763,2763,True,0.8086695163933263,0.863041390315596,0.54,0.9232649071358748,0.9232649071358748,0.0004887585532746823,456,322508,2048,2048,837,617
3532,3532,True,0.8494545151392935,0.8706130015578551,0.55,0.906158357771261,0.906158357771261,0.0,457,322741,2048,2048,970,625
2866,2866,True,0.8371065433546089,0.8323544236767761,0.675,0.9149560117302052,0.9149560117302052,0.0,458,322907,2048,2048,808,621
2772,2772,True,0.8519451874974654,0.8461857228267079,0.6,0.9271749755620723,0.9271749755620723,0.001466275659824047,459,322928,2048,2048,800,654
3027,3027,True,0.8452708046961616,0.8313127908116964,0.555,0.9066471163245357,0.9066471163245357,0.0004887585532746823,460,322930,2048,2048,829,604
3082,3082,True,0.8500195350860519,0.8448175158856973,0.54,0.907624633431085,0.907624633431085,0.0004887585532746823,461,323112,2048,2048,834,582
2304,2304,True,0.7979436952932278,0.8600309105786068,0.565,0.946236559139785,0.946236559139785,0.0009775171065493646,462,323123,2048,2048,809,635
4548,4548,True,0.9014877299080627,0.8464414076347677,0.55,0.9100684261974584,0.9100684261974584,0.0,463,323153,2048,2048,977,711
3561,3561,True,0.8584122554374557,0.8598198174267881,0.535,0.9081133919843597,0.9081133919843597,0.001466275659824047,464,323302,2048,2048,921,606
4052,4052,True,0.8828748505623024,0.8584295176829151,0.545,0.916911045943304,0.916911045943304,0.0004887585532746823,465,323611,2048,2048,991,691
3442,3442,True,0.8643017252574082,0.8460391606592873,0.595,0.8973607038123167,0.8973607038123167,0.0004887585532746823,466,323689,2048,2048,859,591
3344,3344,True,0.8504198830322356,0.8464903366931213,0.57,0.9032258064516129,0.9032258064516129,0.0009775171065493646,467,323724,2048,2048,915,595
3382,3382,True,0.8436513588603668,0.8511316620815206,0.595,0.8973607038123167,0.8973607038123167,0.001466275659824047,468,323736,2048,2048,789,593
2502,2502,True,0.7932249019987769,0.8440984336327751,0.57,0.9310850439882697,0.9310850439882697,0.0004887585532746823,469,323760,2048,2048,828,671
3120,3120,True,0.838181835286469,0.8585514287068585,0.535,0.9125122189638318,0.9125122189638318,0.0009775171065493646,470,323783,2048,2048,859,610
3056,3056,True,0.8388015668132678,0.848365650917762,0.53,0.9144672531769306,0.9144672531769306,0.0004887585532746823,471,323826,2048,2048,826,606
3942,3942,True,0.8770633373001409,0.8636866484028697,0.55,0.9115347018572825,0.9115347018572825,0.001466275659824047,472,323938,2048,2048,966,649
3026,3026,True,0.8285797582454463,0.8589301443969053,0.505,0.9173998044965787,0.9173998044965787,0.0004887585532746823,473,323965,2048,2048,890,609
3046,3046,True,0.8297923411774931,0.8447524305005992,0.535,0.9105571847507331,0.9105571847507331,0.001466275659824047,474,324178,2048,2048,866,610
3310,3310,True,0.857786284881694,0.8253514345648022,0.585,0.9007820136852395,0.9007820136852395,0.0,475,324337,2048,2048,852,586
3499,3499,True,0.855124669428077,0.8678944105623771,0.535,0.9032258064516129,0.9032258064516129,0.0,476,324380,2048,2048,937,588
2977,2977,True,0.8268849079683919,0.85107432609368,0.545,0.9134897360703812,0.9134897360703812,0.0,477,324426,2048,2048,878,604
3194,3194,True,0.8247321232873246,0.8503500646180114,0.52,0.906158357771261,0.906158357771261,0.0009775171065493646,478,324521,2048,2048,858,576
2260,2260,True,0.7942678683098469,0.8746172057434203,0.555,0.9501466275659824,0.9501466275659824,0.0009775171065493646,479,324700,2048,2048,813,646
3464,3464,True,0.8497060654391967,0.8595552346725621,0.555,0.9022482893450635,0.9022482893450635,0.0,480,324709,2048,2048,931,601
3293,3293,True,0.8417161002578814,0.8476861059775371,0.57,0.8973607038123167,0.8973607038123167,0.0009775171065493646,481,324889,2048,2048,890,606
2448,2448,True,0.826267489272321,0.8569290383379551,0.615,0.9384164222873901,0.9384164222873901,0.0,482,324925,2048,2048,817,627
2000,2000,False,0.8016821649205412,0.8016821649205412,0.58,1.0,1.0,0.001,483,324935,2002,2002,900,567
3038,3038,True,0.8265616377278298,0.848179892159845,0.585,0.906158357771261,0.906158357771261,0.0009775171065493646,484,325157,2048,2048,803,621
2600,2600,True,0.8225108064706473,0.8243294312519737,0.605,0.9340175953079178,0.9340175953079178,0.0019550342130987292,485,325547,2048,2048,790,651
3528,3528,True,0.8622129615863843,0.8766481343021181,0.555,0.9130009775171065,0.9130009775171065,0.0024437927663734115,486,325637,2048,2048,979,635
2860,2860,True,0.8163288550836398,0.8606059902859426,0.575,0.9193548387096774,0.9193548387096774,0.0004887585532746823,487,325730,2048,2048,843,613
2908,2908,True,0.8227830394485018,0.8157933553179381,0.565,0.916911045943304,0.916911045943304,0.0004887585532746823,488,325762,2048,2048,810,629
3568,3568,True,0.8583045872015911,0.8512236638389302,0.54,0.9051808406647116,0.9051808406647116,0.0,489,326288,2048,2048,965,629
2729,2729,True,0.8090085230080974,0.8621249207723483,0.535,0.9222873900293255,0.9222873900293255,0.0004887585532746823,490,326360,2048,2048,834,615
3039,3039,True,0.8421521322902745,0.8387734824884572,0.54,0.9164222873900293,0.9164222873900293,0.0004887585532746823,491,326524,2048,2048,818,617
3199,3199,True,0.8262023387497383,0.8480518329648221,0.53,0.9042033235581622,0.9042033235581622,0.001466275659824047,492,326545,2048,2048,896,608
4079,4079,True,0.8838766138235843,0.8466851875387776,0.545,0.9051808406647116,0.9051808406647116,0.0004887585532746823,493,326825,2048,2048,990,682
3308,3308,True,0.8405073054312324,0.8413412839545816,0.555,0.9032258064516129,0.9032258064516129,0.0019550342130987292,494,327074,2048,2048,891,625
4189,4189,True,0.8863938750041815,0.8359154686953507,0.54,0.9173998044965787,0.9173998044965787,0.0024437927663734115,495,327172,2048,2048,1010,667
3430,3430,True,0.8613119508325485,0.8525101074850577,0.57,0.8993157380254154,0.8993157380254154,0.0,496,327179,2048,2048,910,611
4182,4182,True,0.8872204021751324,0.8527572546635125,0.51,0.9173998044965787,0.9173998044965787,0.0009775171065493646,497,327259,2048,2048,948,667
2626,2626,True,0.8205559469494765,0.8312035376389938,0.58,0.9320625610948191,0.9320625610948191,0.0024437927663734115,498,327381,2048,2048,784,642
3694,3694,True,0.8684688021599495,0.8626654655760086,0.555,0.9120234604105572,0.9120234604105572,0.0004887585532746823,499,327551,2048,2048,976,650
4521,4521,True,0.9021368134387729,0.8520404552777472,0.545,0.9086021505376344,0.9086021505376344,0.0004887585532746823,500,327618,2048,2048,980,674
2721,2721,True,0.828009950341809,0.8411669220880318,0.57,0.9247311827956989,0.9247311827956989,0.0009775171065493646,501,327675,2048,2048,805,670
2700,2700,True,0.8024417512875439,0.8688072937693753,0.54,0.916911045943304,0.916911045943304,0.001466275659824047,502,327824,2048,2048,792,642
4021,4021,True,0.8855414925268295,0.8623827986155516,0.6,0.9164222873900293,0.9164222873900293,0.001466275659824047,503,327862,2048,2048,969,692
3943,3943,True,0.8837188636718817,0.8660958475381937,0.545,0.9134897360703812,0.9134897360703812,0.0004887585532746823,504,327903,2048,2048,965,656
3952,3952,True,0.8726562163910606,0.8401692563103709,0.49,0.9173998044965787,0.9173998044965787,0.0004887585532746823,505,327935,2048,2048,978,654
1944,1944,False,0.7606951159556452,0.7606951159556452,0.625,1.0,1.0,0.0,506,328082,1946,1946,816,562
2811,2811,True,0.8207186529848972,0.8435710037362972,0.58,0.9154447702834799,0.9154447702834799,0.0019550342130987292,507,328151,2048,2048,815,617
3973,3973,True,0.8799323849065026,0.8633293742569498,0.58,0.918377321603128,0.918377321603128,0.0,508,328181,2048,2048,975,647
2682,2682,True,0.7929903468783001,0.8518541857300126,0.535,0.9257086999022482,0.9257086999022482,0.0009775171065493646,509,328198,2048,2048,852,627
3166,3166,True,0.8323831330903342,0.85754372483725,0.53,0.9090909090909091,0.9090909090909091,0.0004887585532746823,510,328399,2048,2048,844,604
3377,3377,True,0.8671763594686412,0.8354944258319558,0.57,0.9022482893450635,0.9022482893450635,0.0004887585532746823,511,328567,2048,2048,903,613
3379,3379,True,0.8456926259052311,0.8418001104202858,0.595,0.8895405669599218,0.8895405669599218,0.0019550342130987292,512,328648,2048,2048,900,597
3808,3808,True,0.875687639528533,0.8666180051451966,0.555,0.9193548387096774,0.9193548387096774,0.003421309872922776,513,328653,2048,2048,994,667
3148,3148,True,0.8449890723783167,0.8567253375744451,0.59,0.9037145650048876,0.9037145650048876,0.0004887585532746823,514,328698,2048,2048,927,598
2921,2921,True,0.8313009977199459,0.8495053992217784,0.575,0.9120234604105572,0.9120234604105572,0.001466275659824047,515,328761,2048,2048,832,647
3549,3549,True,0.8601131674807656,0.8536794648153146,0.545,0.9022482893450635,0.9022482893450635,0.0,516,329002,2048,2048,923,601
3307,3307,True,0.847788493310842,0.8476839555495245,0.6,0.9012707722385142,0.9012707722385142,0.0004887585532746823,517,329160,2048,2048,875,625
3175,3175,True,0.8561022859064855,0.8457206431372303,0.555,0.9051808406647116,0.9051808406647116,0.0009775171065493646,518,329163,2048,2048,881,588
4330,4330,True,0.9012719595855408,0.8534971794480866,0.53,0.9164222873900293,0.9164222873900293,0.0004887585532746823,519,329252,2048,2048,1019,708
3896,3896,True,0.8794545435363998,0.8426730266170661,0.565,0.9217986314760508,0.9217986314760508,0.0009775171065493646,520,329363,2048,2048,997,658
3467,3467,True,0.8635316450265141,0.8785289176409231,0.52,0.9007820136852395,0.9007820136852395,0.0004887585532746823,521,329407,2048,2048,829,607
3354,3354,True,0.852048302297861,0.8473803845224162,0.555,0.907624633431085,0.907624633431085,0.0009775171065493646,522,329469,2048,2048,891,616
2842,2842,True,0.8149183922623278,0.8582816814037798,0.545,0.9193548387096774,0.9193548387096774,0.0009775171065493646,523,329568,2048,2048,867,607
2694,2694,True,0.8317056043444166,0.8596213013364861,0.625,0.9261974584555229,0.9261974584555229,0.0004887585532746823,524,329622,2048,2048,821,665
4083,4083,True,0.8899407095569807,0.8257177875985234,0.59,0.9090909090909091,0.9090909090909091,0.0009775171065493646,525,329726,2048,2048,950,695
2803,2803,True,0.8254612191594519,0.8758483175587277,0.575,0.9193548387096774,0.9193548387096774,0.0,526,329761,2048,2048,815,638
3441,3441,True,0.85703165960625,0.882082847633714,0.54,0.9139784946236559,0.9139784946236559,0.0004887585532746823,527,329916,2048,2048,954,628
2969,2969,True,0.8396996220054618,0.8484271073363396,0.585,0.9173998044965787,0.9173998044965787,0.0,528,329987,2048,2048,810,590
2126,2126,True,0.7748119127974995,0.8130178220396493,0.61,0.9672531769305963,0.9672531769305963,0.0019550342130987292,529,330198,2048,2048,892,627
3671,3671,True,0.8636744741691835,0.8527962057623574,0.57,0.9081133919843597,0.9081133919843597,0.0004887585532746823,530,330513,2048,2048,974,627
3039,3039,True,0.8411326480674142,0.8479922766361259,0.61,0.9090909090909091,0.9090909090909091,0.0009775171065493646,531,330645,2048,2048,823,619
3242,3242,True,0.8490611769667673,0.8299020810740514,0.57,0.9017595307917888,0.9017595307917888,0.0009775171065493646,532,330662,2048,2048,908,605
2603,2603,True,0.8040074667456908,0.8328302023512554,0.535,0.9305962854349951,0.9305962854349951,0.0009775171065493646,533,330696,2048,2048,810,652
3542,3542,True,0.8620734271114749,0.8558806573029515,0.55,0.9071358748778103,0.9071358748778103,0.001466275659824047,534,330891,2048,2048,934,636
3107,3107,True,0.8434651859646539,0.8458635811137454,0.545,0.9110459433040078,0.9110459433040078,0.0004887585532746823,535,330892,2048,2048,843,620
2575,2575,True,0.8246585130080276,0.8362464407645621,0.58,0.9305962854349951,0.9305962854349951,0.0004887585532746823,536,331048,2048,2048,806,644
2542,2542,True,0.8182250233793249,0.8484609993327511,0.56,0.9393939393939394,0.9393939393939394,0.0009775171065493646,537,331106,2048,2048,789,629
2652,2652,True,0.8032120156784386,0.8378732442239509,0.51,0.9252199413489736,0.9252199413489736,0.0004887585532746823,538,331127,2048,2048,792,617
3263,3263,True,0.8417635564535845,0.8480237321136209,0.555,0.9042033235581622,0.9042033235581622,0.0009775171065493646,539,331163,2048,2048,887,618
3363,3363,True,0.8543401224547937,0.8584938837823227,0.575,0.9027370478983382,0.9027370478983382,0.001466275659824047,540,331239,2048,2048,922,581
3171,3171,True,0.8503352069732549,0.8492394619911198,0.58,0.9051808406647116,0.9051808406647116,0.0,541,331486,2048,2048,858,602
2944,2944,True,0.8230289343770663,0.8376823065679584,0.555,0.918377321603128,0.918377321603128,0.0004887585532746823,542,331527,2048,2048,839,579
2932,2932,True,0.8171255960674665,0.8392189006503993,0.58,0.9149560117302052,0.9149560117302052,0.0,543,331631,2048,2048,796,625
2823,2823,True,0.8214963465356568,0.8502865930352568,0.59,0.9139784946236559,0.9139784946236559,0.002932551319648094,544,331838,2048,2048,765,645
3377,3377,True,0.8565676519606407,0.8483512569465849,0.585,0.8983382209188661,0.8983382209188661,0.0019550342130987292,545,331873,2048,2048,925,625
3578,3578,True,0.8572068646399269,0.8409505169132924,0.6,0.9071358748778103,0.9071358748778103,0.0004887585532746823,546,332012,2048,2048,922,649
3365,3365,True,0.8538727054103102,0.8538507922148386,0.525,0.9056695992179863,0.9056695992179863,0.0004887585532746823,547,332070,2048,2048,892,569
3392,3392,True,0.8574637156650435,0.838631830042328,0.55,0.8949169110459433,0.8949169110459433,0.0,548,332104,2048,2048,956,592
2844,2844,True,0.8181293110298066,0.8406080691603931,0.58,0.9120234604105572,0.9120234604105572,0.0004887585532746823,549,332218,2048,2048,829,620
3255,3255,True,0.845407094260119,0.8723296597970905,0.555,0.9120234604105572,0.9120234604105572,0.0009775171065493646,550,332257,2048,2048,908,605
3009,3009,True,0.8316188336806221,0.8701943312852812,0.6,0.9159335288367546,0.9159335288367546,0.0,551,332295,2048,2048,848,603
2727,2727,True,0.800056216186549,0.8377875844891706,0.605,0.9193548387096774,0.9193548387096774,0.0004887585532746823,552,332404,2048,2048,782,604
2614,2614,True,0.80826080272537,0.8287127430644731,0.57,0.9301075268817204,0.9301075268817204,0.0009775171065493646,553,332411,2048,2048,769,640
3108,3108,True,0.8328694510437082,0.8404535189343421,0.555,0.9130009775171065,0.9130009775171065,0.0009775171065493646,554,332526,2048,2048,831,620
3492,3492,True,0.8700724428052065,0.8253316455724251,0.565,0.9002932551319648,0.9002932551319648,0.0004887585532746823,555,332538,2048,2048,874,616
3242,3242,True,0.8474542823544262,0.8551547909147215,0.555,0.9027370478983382,0.9027370478983382,0.0004887585532746823,556,332630,2048,2048,858,574
2975,2975,True,0.8386924152267149,0.8385718882337815,0.585,0.9164222873900293,0.9164222873900293,0.0,557,332684,2048,2048,822,616
3017,3017,True,0.8263683050819104,0.8532446055843593,0.545,0.9110459433040078,0.9110459433040078,0.0019550342130987292,558,332796,2048,2048,853,617
2902,2902,True,0.8223908697981424,0.8531923913433669,0.515,0.9154447702834799,0.9154447702834799,0.0004887585532746823,559,332847,2048,2048,809,633
2849,2849,True,0.8424598544645854,0.8353880439018848,0.52,0.9222873900293255,0.9222873900293255,0.0024437927663734115,560,332895,2048,2048,849,596
2842,2842,True,0.8162213096786323,0.8578546951792683,0.52,0.9149560117302052,0.9149560117302052,0.0004887585532746823,561,332928,2048,2048,847,603
2689,2689,True,0.8200918803214132,0.8493374905555838,0.52,0.9198435972629521,0.9198435972629521,0.0004887585532746823,562,333004,2048,2048,820,649
3236,3236,True,0.8461833007979553,0.8491711458177635,0.58,0.8998044965786901,0.8998044965786901,0.0004887585532746823,563,333139,2048,2048,864,611
3588,3588,True,0.8585717635321158,0.8576723535777833,0.555,0.9046920821114369,0.9046920821114369,0.0004887585532746823,564,333143,2048,2048,962,611
3437,3437,True,0.8533247118007212,0.8385866973970878,0.555,0.9007820136852395,0.9007820136852395,0.0004887585532746823,565,333180,2048,2048,864,596
4178,4178,True,0.8936537893416652,0.8418197080879022,0.56,0.9213098729227761,0.9213098729227761,0.0009775171065493646,566,333345,2048,2048,999,684
3470,3470,True,0.8546952151482446,0.8428742696096814,0.53,0.9042033235581622,0.9042033235581622,0.001466275659824047,567,333602,2048,2048,952,605
2734,2734,True,0.8019735905821248,0.8437772070315851,0.55,0.9237536656891495,0.9237536656891495,0.0004887585532746823,568,333603,2048,2048,807,624
3194,3194,True,0.8454048598841811,0.8479028888424726,0.54,0.8983382209188661,0.8983382209188661,0.0,569,333670,2048,2048,824,579
3872,3872,True,0.9025409036593078,0.8515732417734954,0.52,0.9198435972629521,0.9198435972629521,0.0024437927663734115,570,333859,2048,2048,976,653
2902,2902,True,0.8261309090899396,0.8446347495216382,0.6,0.9178885630498533,0.9178885630498533,0.0004887585532746823,571,333872,2048,2048,786,637
2330,2330,True,0.8030590106918248,0.8418957475897914,0.59,0.9452590420332356,0.9452590420332356,0.0,572,333961,2048,2048,846,648
2072,2072,True,0.7586266319091125,0.77320581427757,0.565,0.990713587487781,0.990713587487781,0.001466275659824047,573,334051,2048,2048,931,615
3655,3655,True,0.868447560957741,0.8545346166028784,0.57,0.9056695992179863,0.9056695992179863,0.0024437927663734115,574,334116,2048,2048,962,625
3135,3135,True,0.830485003891848,0.8608055601695305,0.505,0.9134897360703812,0.9134897360703812,0.0,575,334182,2048,2048,852,592
2460,2460,True,0.7995754486319819,0.833060888440661,0.565,0.9359726295210166,0.9359726295210166,0.0,576,334302,2048,2048,833,635
3538,3538,True,0.8667475515851971,0.8600913887054127,0.585,0.9149560117302052,0.9149560117302052,0.001466275659824047,577,334350,2048,2048,975,627
3106,3106,True,0.8389595842382884,0.8163770588474907,0.57,0.906158357771261,0.906158357771261,0.0009775171065493646,578,334356,2048,2048,802,617
3636,3636,True,0.8691507278271461,0.8606270690045675,0.535,0.9027370478983382,0.9027370478983382,0.0024437927663734115,579,334388,2048,2048,955,620
3506,3506,True,0.8505919575985328,0.8430960077539611,0.56,0.9027370478983382,0.9027370478983382,0.0009775171065493646,580,334571,2048,2048,936,636
3877,3877,True,0.8894965075619772,0.8542039858432985,0.54,0.9154447702834799,0.9154447702834799,0.0004887585532746823,581,334597,2048,2048,1006,681
3305,3305,True,0.8447527622863801,0.850954982372885,0.51,0.9042033235581622,0.9042033235581622,0.002932551319648094,582,334657,2048,2048,872,598
3119,3119,True,0.83370524142328,0.832207700924714,0.58,0.9120234604105572,0.9120234604105572,0.0024437927663734115,583,334728,2048,2048,831,615
2727,2727,True,0.7976767785409881,0.849383951804016,0.565,0.9159335288367546,0.9159335288367546,0.0004887585532746823,584,334749,2048,2048,838,594
3656,3656,True,0.8660426878700848,0.8409428632948354,0.585,0.895405669599218,0.895405669599218,0.0019550342130987292,585,334783,2048,2048,917,602
2921,2921,True,0.8354763254559794,0.8249319056033104,0.61,0.9149560117302052,0.9149560117302052,0.0004887585532746823,586,334916,2048,2048,824,623
2830,2830,True,0.8022547430286334,0.8575738553264187,0.52,0.9193548387096774,0.9193548387096774,0.0009775171065493646,587,335041,2048,2048,838,604
4318,4318,True,0.894445429660197,0.8485887969294604,0.55,0.9159335288367546,0.9159335288367546,0.0004887585532746823,588,335064,2048,2048,979,680
2590,2590,True,0.8289553517357402,0.8448892901367817,0.61,0.9389051808406648,0.9389051808406648,0.0004887585532746823,589,335093,2048,2048,774,650
3602,3602,True,0.8755930993624248,0.8420994200569829,0.575,0.8910068426197458,0.8910068426197458,0.001466275659824047,590,335252,2048,2048,901,620
3488,3488,True,0.8573371053911248,0.8568286828500493,0.575,0.8973607038123167,0.8973607038123167,0.0004887585532746823,591,335323,2048,2048,911,619
3759,3759,True,0.8883014796849728,0.8632443565484321,0.56,0.9105571847507331,0.9105571847507331,0.0004887585532746823,592,335370,2048,2048,997,638
2985,2985,True,0.828720141544406,0.843978639023755,0.58,0.9139784946236559,0.9139784946236559,0.0004887585532746823,593,335467,2048,2048,775,602
3315,3315,True,0.8486864313210388,0.8650830197113928,0.51,0.8949169110459433,0.8949169110459433,0.0009775171065493646,594,335548,2048,2048,896,626
3745,3745,True,0.8832961718339143,0.8450375292630126,0.545,0.9032258064516129,0.9032258064516129,0.0009775171065493646,595,335706,2048,2048,956,651
3249,3249,True,0.855456880019398,0.8557606322391689,0.62,0.906158357771261,0.906158357771261,0.0,596,335718,2048,2048,783,614
3303,3303,True,0.8513162011232508,0.845086510208007,0.565,0.9071358748778103,0.9071358748778103,0.0004887585532746823,597,335723,2048,2048,896,605
3740,3740,True,0.8844135364758254,0.8476097611717649,0.525,0.9022482893450635,0.9022482893450635,0.001466275659824047,598,335964,2048,2048,989,621
3441,3441,True,0.8578440377208016,0.8605113499248707,0.495,0.9120234604105572,0.9120234604105572,0.0,599,335997,2048,2048,941,604
4678,4678,True,0.9099815266502693,0.8464361829385498,0.55,0.9125122189638318,0.9125122189638318,0.0004887585532746823,600,336026,2048,2048,1022,695
2125,2125,True,0.7569416354261144,0.8054710991484964,0.59,0.9701857282502444,0.9701857282502444,0.0009775171065493646,601,336382,2048,2048,897,608
2725,2725,True,0.7981187864363781,0.8560525611493672,0.605,0.9217986314760508,0.9217986314760508,0.0009775171065493646,602,336425,2048,2048,749,612
3396,3396,True,0.8483364785016454,0.8503849940940084,0.565,0.9007820136852395,0.9007820136852395,0.0,603,336462,2048,2048,901,625
3589,3589,True,0.8588539681994907,0.8353343414130118,0.545,0.8978494623655914,0.8978494623655914,0.0009775171065493646,604,336467,2048,2048,889,619
3326,3326,True,0.8518571062511208,0.8658511701561998,0.59,0.9037145650048876,0.9037145650048876,0.001466275659824047,605,336572,2048,2048,873,590
3060,3060,True,0.8682601619648306,0.817312904617152,0.59,0.9188660801564027,0.9188660801564027,0.0,606,336591,2048,2048,780,603
2844,2844,True,0.837133221174624,0.8734444727854124,0.735,0.9227761485826002,0.9227761485826002,0.0,607,336670,2048,2048,728,602
2626,2626,True,0.8533834398913189,0.8474030214080163,0.555,0.9310850439882697,0.9310850439882697,0.0004887585532746823,608,336724,2048,2048,801,633
3007,3007,True,0.8257368992530262,0.8560928535667867,0.54,0.9154447702834799,0.9154447702834799,0.0024437927663734115,609,336854,2048,2048,810,624
1977,1977,False,0.7993721205604111,0.7993721205604111,0.635,1.0,1.0,0.0025290844714213456,610,336876,1979,1979,836,553
2815,2815,True,0.8287360170382889,0.8569076106369596,0.58,0.9188660801564027,0.9188660801564027,0.0,611,336918,2048,2048,763,630
3463,3463,True,0.8528476675416216,0.8382187245348972,0.54,0.8983382209188661,0.8983382209188661,0.0,612,336929,2048,2048,928,631
3616,3616,True,0.860068481161469,0.8551538341871124,0.56,0.8919843597262952,0.8919843597262952,0.0019550342130987292,613,336932,2048,2048,925,615
2448,2448,True,0.7810630883501315,0.8352972582051064,0.605,0.9345063538611925,0.9345063538611925,0.0004887585532746823,614,336939,2048,2048,823,616
2171,2171,True,0.7648086433121604,0.8377246722693613,0.58,0.9579667644183774,0.9579667644183774,0.0,615,337051,2048,2048,876,604
3270,3270,True,0.8447246669765601,0.8474481055472489,0.57,0.895405669599218,0.895405669599218,0.002932551319648094,616,337062,2048,2048,879,584
3444,3444,True,0.862532024462425,0.8633925162541485,0.545,0.9012707722385142,0.9012707722385142,0.0,617,337071,2048,2048,956,622
3626,3626,True,0.8639260768636267,0.8546998692804166,0.585,0.9002932551319648,0.9002932551319648,0.0019550342130987292,618,337134,2048,2048,946,623
3519,3519,True,0.8655698550477902,0.8471779478006991,0.57,0.9071358748778103,0.9071358748778103,0.0009775171065493646,619,337159,2048,2048,938,609
2909,2909,True,0.8570931045838012,0.8399552734877221,0.575,0.9164222873900293,0.9164222873900293,0.0,620,337282,2048,2048,842,631
2453,2453,True,0.8247832489148395,0.8490384586692865,0.595,0.9384164222873901,0.9384164222873901,0.0004887585532746823,621,337474,2048,2048,835,636
2954,2954,True,0.808522302739668,0.8761072103799843,0.56,0.918377321603128,0.918377321603128,0.0004887585532746823,622,337500,2048,2048,801,606
2434,2434,True,0.8016528943295158,0.8430193842034437,0.62,0.9413489736070382,0.9413489736070382,0.0004887585532746823,623,337505,2048,2048,799,655
3315,3315,True,0.8494315222429022,0.8527247952678169,0.55,0.9032258064516129,0.9032258064516129,0.0004887585532746823,624,337536,2048,2048,897,610
3200,3200,True,0.848698171625798,0.8371509702312605,0.575,0.9027370478983382,0.9027370478983382,0.001466275659824047,625,337756,2048,2048,836,588
3845,3845,True,0.889463762185599,0.8303151421163402,0.51,0.8983382209188661,0.8983382209188661,0.0019550342130987292,626,337889,2048,2048,954,637
3591,3591,True,0.8615570191181374,0.8408572541146752,0.53,0.906158357771261,0.906158357771261,0.0004887585532746823,627,337893,2048,2048,975,629
3608,3608,True,0.8779230940167255,0.8475045029790036,0.565,0.8924731182795699,0.8924731182795699,0.001466275659824047,628,337968,2048,2048,899,636
2619,2619,True,0.8296741701419067,0.8599456155459948,0.575,0.9320625610948191,0.9320625610948191,0.0004887585532746823,629,338119,2048,2048,788,649
2936,2936,True,0.8282222676276065,0.8227148303666051,0.57,0.9149560117302052,0.9149560117302052,0.0004887585532746823,630,338154,2048,2048,813,629
3121,3121,True,0.8419725062597447,0.8472952087076343,0.55,0.9066471163245357,0.9066471163245357,0.0019550342130987292,631,338155,2048,2048,857,608
3118,3118,True,0.8289794981819735,0.8570822450908933,0.54,0.9105571847507331,0.9105571847507331,0.0009775171065493646,632,338168,2048,2048,887,594
2734,2734,True,0.8292899588383189,0.8516806994969298,0.62,0.9193548387096774,0.9193548387096774,0.0004887585532746823,633,338317,2048,2048,831,650
3758,3758,True,0.871974696628832,0.8464701661843776,0.56,0.9017595307917888,0.9017595307917888,0.001466275659824047,634,338319,2048,2048,972,633
2584,2584,True,0.8030833802298777,0.843535563600804,0.545,0.9296187683284457,0.9296187683284457,0.0004887585532746823,635,338466,2048,2048,808,640
1739,1739,False,0.8082038467078911,0.8082038467078911,0.61,1.0,1.0,0.0,636,338503,1741,1741,758,491
2862,2862,True,0.847326581914567,0.8325049463972304,0.57,0.9222873900293255,0.9222873900293255,0.0,637,338515,2048,2048,773,649
3146,3146,True,0.8268081412548005,0.865213498232442,0.555,0.9120234604105572,0.9120234604105572,0.0,638,339421,2048,2048,869,582
3754,3754,True,0.872421580111784,0.8663734382003505,0.555,0.9203323558162267,0.9203323558162267,0.0009775171065493646,639,339598,2048,2048,1014,625
2451,2451,True,0.8111848467265729,0.8306101170912046,0.62,0.9418377321603129,0.9418377321603129,0.0009775171065493646,640,339716,2048,2048,803,648
3449,3449,True,0.8441657464885064,0.8259980036618891,0.57,0.8998044965786901,0.8998044965786901,0.0019550342130987292,641,339905,2048,2048,899,643
3109,3109,True,0.8506699495522526,0.8288508632930861,0.535,0.9110459433040078,0.9110459433040078,0.001466275659824047,642,340137,2048,2048,828,584
2879,2879,True,0.834933836401126,0.8310365556049758,0.59,0.9232649071358748,0.9232649071358748,0.001466275659824047,643,340147,2048,2048,765,643
3344,3344,True,0.8589281483209497,0.8562875407933926,0.565,0.9022482893450635,0.9022482893450635,0.0,644,340152,2048,2048,886,609
2843,2843,True,0.814801649094614,0.8530706946279335,0.55,0.916911045943304,0.916911045943304,0.0004887585532746823,645,340242,2048,2048,831,637
4190,4190,True,0.8905880012625292,0.8403043842599102,0.585,0.9134897360703812,0.9134897360703812,0.001466275659824047,646,340247,2048,2048,997,679
2772,2772,True,0.8068699206188709,0.8372811618079748,0.555,0.9164222873900293,0.9164222873900293,0.0004887585532746823,647,340599,2048,2048,806,638
3736,3736,True,0.8744247689062844,0.8523912445726787,0.55,0.9125122189638318,0.9125122189638318,0.0004887585532746823,648,340763,2048,2048,964,644
3073,3073,True,0.8216475217727078,0.8600093953222818,0.6,0.9159335288367546,0.9159335288367546,0.0004887585532746823,649,340818,2048,2048,812,610
3012,3012,True,0.829340789606582,0.8393021783993375,0.595,0.9115347018572825,0.9115347018572825,0.002932551319648094,650,340890,2048,2048,773,598
3292,3292,True,0.8573644362177533,0.8692924110361121,0.62,0.9100684261974584,0.9100684261974584,0.0009775171065493646,651,341165,2048,2048,871,589
3122,3122,True,0.8258869607683523,0.8260916108682186,0.555,0.9027370478983382,0.9027370478983382,0.0009775171065493646,652,341189,2048,2048,830,595
2122,2122,True,0.818457952927162,0.8224229642021293,0.625,0.9745845552297165,0.9745845552297165,0.001466275659824047,653,341468,2048,2048,807,587
2736,2736,True,0.8049227958453578,0.8456168569078282,0.55,0.9193548387096774,0.9193548387096774,0.003421309872922776,654,341624,2048,2048,800,624
3686,3686,True,0.8650852047490382,0.8478236060929409,0.575,0.9037145650048876,0.9037145650048876,0.0004887585532746823,655,341826,2048,2048,989,625
3638,3638,True,0.8643359717955643,0.8648072722282404,0.555,0.9090909090909091,0.9090909090909091,0.0,656,341852,2048,2048,983,655
3219,3219,True,0.8400425645344827,0.8554131833046761,0.505,0.9110459433040078,0.9110459433040078,0.0,657,341887,2048,2048,874,577
3323,3323,True,0.8406736525539381,0.8531142652624912,0.52,0.9002932551319648,0.9002932551319648,0.0019550342130987292,658,341901,2048,2048,907,624
3320,3320,True,0.8588460835112385,0.8587254178311662,0.555,0.9017595307917888,0.9017595307917888,0.0024437927663734115,659,342085,2048,2048,914,628
2784,2784,True,0.7968964324906113,0.8585943177217802,0.51,0.9173998044965787,0.9173998044965787,0.0,660,342103,2048,2048,800,585
2252,2252,True,0.7448675485560781,0.8566890597093907,0.565,0.9496578690127078,0.9496578690127078,0.0,661,342140,2048,2048,777,603
3323,3323,True,0.8489037852085007,0.8380683134840151,0.565,0.8973607038123167,0.8973607038123167,0.0009775171065493646,662,342156,2048,2048,872,604
3656,3656,True,0.8728827485650759,0.8607172518050717,0.535,0.906158357771261,0.906158357771261,0.001466275659824047,663,342303,2048,2048,955,603
2620,2620,True,0.8456255287007334,0.8286881157486826,0.555,0.9315738025415444,0.9315738025415444,0.0004887585532746823,664,342354,2048,2048,817,671
3041,3041,True,0.8245568069969934,0.8764403915660794,0.51,0.9071358748778103,0.9071358748778103,0.0009775171065493646,665,342711,2048,2048,887,605
3938,3938,True,0.8757986963159298,0.8570767982122254,0.495,0.9134897360703812,0.9134897360703812,0.0004887585532746823,666,342961,2048,2048,1003,647
2613,2613,True,0.844369431640599,0.8910366875936455,0.62,0.9340175953079178,0.9340175953079178,0.0009775171065493646,667,342973,2048,2048,786,665
2905,2905,True,0.8273961220512488,0.8299730197281111,0.585,0.9213098729227761,0.9213098729227761,0.0004887585532746823,668,343009,2048,2048,833,649
3315,3315,True,0.8508604728970639,0.8380222708941975,0.56,0.895405669599218,0.895405669599218,0.0009775171065493646,669,343252,2048,2048,879,592
3609,3609,True,0.8584078779226759,0.8447203962867585,0.54,0.8988269794721407,0.8988269794721407,0.0004887585532746823,670,343275,2048,2048,963,608
3425,3425,True,0.8447782964841477,0.8619827630014015,0.48,0.8993157380254154,0.8993157380254154,0.0004887585532746823,671,343354,2048,2048,918,600
3577,3577,True,0.8580469727372132,0.8466603604741804,0.565,0.9012707722385142,0.9012707722385142,0.0004887585532746823,672,343506,2048,2048,922,608
3093,3093,True,0.8228230468883238,0.8370117239676311,0.55,0.907624633431085,0.907624633431085,0.0004887585532746823,673,343572,2048,2048,858,610
3198,3198,True,0.8477732531170545,0.8397683077372622,0.585,0.9051808406647116,0.9051808406647116,0.0,674,343705,2048,2048,875,612
3756,3756,True,0.8720228097895313,0.8448767613561474,0.59,0.9032258064516129,0.9032258064516129,0.0004887585532746823,675,343918,2048,2048,966,619
3984,3984,True,0.8902233790293606,0.8459184228818135,0.56,0.9134897360703812,0.9134897360703812,0.0009775171065493646,676,344069,2048,2048,988,684
2958,2958,True,0.8071344592054126,0.8592897123632293,0.575,0.9154447702834799,0.9154447702834799,0.001466275659824047,677,344202,2048,2048,851,602
3378,3378,True,0.8436672380106004,0.847671191686287,0.52,0.8973607038123167,0.8973607038123167,0.0009775171065493646,678,344216,2048,2048,953,633
3402,3402,True,0.8685987944943865,0.8460935306272507,0.6,0.8963831867057673,0.8963831867057673,0.0,679,344296,2048,2048,888,607
3321,3321,True,0.8441555698884157,0.8572062929696012,0.555,0.9046920821114369,0.9046920821114369,0.0,680,344315,2048,2048,928,613
2539,2539,True,0.796442775148443,0.8462665298011964,0.545,0.9286412512218963,0.9286412512218963,0.001466275659824047,681,344525,2048,2048,822,637
3396,3396,True,0.8605261892049932,0.844047733942468,0.57,0.8958944281524927,0.8958944281524927,0.0019550342130987292,682,344692,2048,2048,853,603
3712,3712,True,0.873613551627041,0.855796166252665,0.575,0.9095796676441837,0.9095796676441837,0.001466275659824047,683,344725,2048,2048,1008,634
3687,3687,True,0.8543186725539754,0.8478203968098196,0.47,0.9110459433040078,0.9110459433040078,0.001466275659824047,684,344779,2048,2048,955,630
3400,3400,True,0.8569321336650025,0.8707995426606466,0.56,0.9002932551319648,0.9002932551319648,0.0,685,344934,2048,2048,900,614
3257,3257,True,0.8304212101719214,0.853451872992165,0.555,0.9037145650048876,0.9037145650048876,0.0009775171065493646,686,345023,2048,2048,865,592
2327,2327,True,0.8099325854660592,0.8557971566156676,0.645,0.9452590420332356,0.9452590420332356,0.0019550342130987292,687,345283,2048,2048,816,635
2959,2959,True,0.8291690121146374,0.8504528693771419,0.54,0.916911045943304,0.916911045943304,0.0009775171065493646,688,345423,2048,2048,843,616
2628,2628,True,0.7971595209055623,0.8305636568116267,0.58,0.9286412512218963,0.9286412512218963,0.001466275659824047,689,345451,2048,2048,805,618
2187,2187,True,0.8007003297679777,0.833501352796296,0.645,0.9589442815249267,0.9589442815249267,0.001466275659824047,690,345504,2048,2048,856,643
3636,3636,True,0.8829213136029465,0.8574554737515488,0.59,0.8958944281524927,0.8958944281524927,0.001466275659824047,691,345803,2048,2048,961,634
3618,3618,True,0.8754315582974717,0.859743065917237,0.57,0.9071358748778103,0.9071358748778103,0.0019550342130987292,692,345855,2048,2048,1000,634
2419,2419,True,0.8196921587914693,0.8392954235873522,0.64,0.9418377321603129,0.9418377321603129,0.0009775171065493646,693,345995,2048,2048,834,617
2534,2534,True,0.8222516440924068,0.8498786490683536,0.575,0.9330400782013685,0.9330400782013685,0.0,694,346049,2048,2048,840,681
2518,2518,True,0.7824044139944097,0.8429141061783672,0.485,0.9310850439882697,0.9310850439882697,0.0004887585532746823,695,346053,2048,2048,793,639
2953,2953,True,0.8654345411964186,0.8345095471907095,0.61,0.9149560117302052,0.9149560117302052,0.0004887585532746823,696,346594,2048,2048,755,648
2157,2157,True,0.8021216513265376,0.8375343694429914,0.65,0.9633431085043989,0.9633431085043989,0.0019550342130987292,697,346648,2048,2048,864,616
3709,3709,True,0.8629228750762787,0.8471176234488649,0.55,0.9027370478983382,0.9027370478983382,0.0019550342130987292,698,346735,2048,2048,959,609
2751,2751,True,0.8359682863736654,0.8445006202486256,0.565,0.9208211143695014,0.9208211143695014,0.0019550342130987292,699,346783,2048,2048,820,649
3472,3472,True,0.8606017602219808,0.8503954757253832,0.545,0.9046920821114369,0.9046920821114369,0.0,700,346819,2048,2048,898,619
3257,3257,True,0.848550203421225,0.852056970592243,0.565,0.9066471163245357,0.9066471163245357,0.0004887585532746823,701,346830,2048,2048,819,587
2898,2898,True,0.8263880888984422,0.8305037788693113,0.56,0.9188660801564027,0.9188660801564027,0.0,702,346881,2048,2048,819,621
3159,3159,True,0.8352357084829435,0.8707603285346208,0.585,0.9120234604105572,0.9120234604105572,0.0,703,346940,2048,2048,901,611
1686,1686,False,0.7778046235245714,0.7778046235245714,0.605,1.0,1.0,0.0029655990510083037,704,346952,1688,1688,735,471
3087,3087,True,0.8404842520508198,0.8512431551541552,0.54,0.9178885630498533,0.9178885630498533,0.0,705,346977,2048,2048,854,589
3831,3831,True,0.8806542776604763,0.8497946644809804,0.55,0.8978494623655914,0.8978494623655914,0.0004887585532746823,706,347212,2048,2048,927,632
3458,3458,True,0.8610546457591621,0.8415420446573486,0.58,0.8963831867057673,0.8963831867057673,0.0009775171065493646,707,347252,2048,2048,856,622
2105,2105,True,0.7803444843093335,0.8045783267008881,0.64,0.97702834799609,0.97702834799609,0.0004887585532746823,708,347405,2048,2048,853,605
2300,2300,True,0.8485017634218833,0.8564312833380202,0.575,0.9530791788856305,0.9530791788856305,0.0004887585532746823,709,347456,2048,2048,822,638
3115,3115,True,0.8394199424460558,0.8580135943544575,0.55,0.9134897360703812,0.9134897360703812,0.0004887585532746823,710,347530,2048,2048,845,609
2011,2011,False,0.8590338049189148,0.8590338049189148,0.625,1.0,1.0,0.000994530084535057,711,347585,2013,2013,866,602
2747,2747,True,0.8306782881285977,0.8517701343398638,0.585,0.9213098729227761,0.9213098729227761,0.0009775171065493646,712,347615,2048,2048,817,663
2532,2532,True,0.8049657575369782,0.8442520195307769,0.595,0.9340175953079178,0.9340175953079178,0.001466275659824047,713,347620,2048,2048,790,594
4171,4171,True,0.8871064471147926,0.84676209104401,0.585,0.9144672531769306,0.9144672531769306,0.0004887585532746823,714,347911,2048,2048,982,686
3669,3669,True,0.869208063097259,0.849501586156348,0.51,0.8949169110459433,0.8949169110459433,0.0004887585532746823,715,348009,2048,2048,896,625
2917,2917,True,0.8238776968667743,0.8493710151412803,0.58,0.9149560117302052,0.9149560117302052,0.0024437927663734115,716,348206,2048,2048,795,589
2640,2640,True,0.7856256109895666,0.861265634046026,0.555,0.9266862170087976,0.9266862170087976,0.0,717,348242,2048,2048,824,646
2666,2666,True,0.8364770216142317,0.83256167507791,0.625,0.9237536656891495,0.9237536656891495,0.0004887585532746823,718,348354,2048,2048,751,654
3594,3594,True,0.8951425649566402,0.8639635253718472,0.535,0.9042033235581622,0.9042033235581622,0.001466275659824047,719,348431,2048,2048,909,612
2804,2804,True,0.8288421726964406,0.8471746495323407,0.555,0.9198435972629521,0.9198435972629521,0.0009775171065493646,720,348571,2048,2048,790,645
3756,3756,True,0.8644467795460419,0.83918455551624,0.545,0.8983382209188661,0.8983382209188661,0.003421309872922776,721,348803,2048,2048,940,641
2741,2741,True,0.8044575033123261,0.8505313988958604,0.605,0.9213098729227761,0.9213098729227761,0.0004887585532746823,722,348896,2048,2048,829,614
3174,3174,True,0.8187144222581673,0.8659421858252521,0.545,0.9100684261974584,0.9100684261974584,0.0004887585532746823,723,348931,2048,2048,785,592
3706,3706,True,0.8815856395438756,0.8460849715686352,0.56,0.8934506353861192,0.8934506353861192,0.001466275659824047,724,348999,2048,2048,931,631
2859,2859,True,0.834672238353736,0.8387696730287196,0.55,0.918377321603128,0.918377321603128,0.001466275659824047,725,349167,2048,2048,827,614
3416,3416,True,0.8467477326139655,0.846695744581088,0.52,0.9037145650048876,0.9037145650048876,0.0009775171065493646,726,349207,2048,2048,917,594
3100,3100,True,0.8518338783083824,0.8348274488728787,0.61,0.9037145650048876,0.9037145650048876,0.001466275659824047,727,349473,2048,2048,821,609
2451,2451,True,0.8177086252944095,0.8339230608243978,0.575,0.9384164222873901,0.9384164222873901,0.001466275659824047,728,349483,2048,2048,815,641
3098,3098,True,0.8445130792965431,0.8603557076172311,0.55,0.9086021505376344,0.9086021505376344,0.0009775171065493646,729,349816,2048,2048,844,614
3404,3404,True,0.8579694052796276,0.8592120112532394,0.565,0.8993157380254154,0.8993157380254154,0.0009775171065493646,730,349895,2048,2048,938,627
3838,3838,True,0.8861600365909001,0.8427496942347449,0.555,0.9095796676441837,0.9095796676441837,0.0009775171065493646,731,350006,2048,2048,1011,663
2718,2718,True,0.8010348334713328,0.8649589204276017,0.565,0.9247311827956989,0.9247311827956989,0.0009775171065493646,732,350020,2048,2048,815,608
3242,3242,True,0.8622431942569503,0.8544010935998689,0.575,0.9095796676441837,0.9095796676441837,0.0,733,350207,2048,2048,916,601
3748,3748,True,0.869769768114258,0.8587691063807767,0.565,0.8978494623655914,0.8978494623655914,0.0004887585532746823,734,350250,2048,2048,988,658
3058,3058,True,0.8557366126400723,0.8450212779144967,0.575,0.9208211143695014,0.9208211143695014,0.0004887585532746823,735,350361,2048,2048,845,620
3845,3845,True,0.8723210770546415,0.851487191139626,0.51,0.9144672531769306,0.9144672531769306,0.002932551319648094,736,350389,2048,2048,945,627
2674,2674,True,0.8116183880213175,0.8583145647900532,0.56,0.9208211143695014,0.9208211143695014,0.001466275659824047,737,350459,2048,2048,824,626
2130,2130,True,0.7182704315914684,0.789513246152007,0.575,0.9701857282502444,0.9701857282502444,0.0004887585532746823,738,350641,2048,2048,826,572
2336,2336,True,0.7931285004806097,0.8356464701550504,0.55,0.9403714565004888,0.9403714565004888,0.0004887585532746823,739,350643,2048,2048,858,651
2754,2754,True,0.8417493278146471,0.844542410800444,0.575,0.9247311827956989,0.9247311827956989,0.0,740,350811,2048,2048,805,635
3381,3381,True,0.8539946270492715,0.8456042497197931,0.585,0.9027370478983382,0.9027370478983382,0.0024437927663734115,741,350960,2048,2048,889,607
2769,2769,True,0.8072218749425603,0.8479132308622048,0.545,0.916911045943304,0.916911045943304,0.0004887585532746823,742,351027,2048,2048,813,614
3099,3099,True,0.8345522229654698,0.8539350236910525,0.625,0.9154447702834799,0.9154447702834799,0.0004887585532746823,743,351157,2048,2048,833,619
4039,4039,True,0.8899367245445937,0.8777776801779928,0.53,0.9208211143695014,0.9208211143695014,0.0009775171065493646,744,351241,2048,2048,953,634
2414,2414,True,0.8096904736843149,0.853776793048086,0.55,0.9423264907135875,0.9423264907135875,0.0009775171065493646,745,351336,2048,2048,823,651
2832,2832,True,0.8210160882567453,0.8709375192440366,0.54,0.9139784946236559,0.9139784946236559,0.0004887585532746823,746,351338,2048,2048,845,631
3517,3517,True,0.840020374220679,0.8404360717465209,0.535,0.8885630498533724,0.8885630498533724,0.0019550342130987292,747,351578,2048,2048,812,593
3750,3750,True,0.8619240675217115,0.8658462587641299,0.535,0.9032258064516129,0.9032258064516129,0.0009775171065493646,748,351767,2048,2048,965,629
3460,3460,True,0.8410328839422321,0.8556269631549138,0.575,0.8963831867057673,0.8963831867057673,0.0009775171065493646,749,351957,2048,2048,877,611
3300,3300,True,0.8491571301505004,0.8754224581445524,0.57,0.9081133919843597,0.9081133919843597,0.0004887585532746823,750,352033,2048,2048,857,588
3165,3165,True,0.8365005339447883,0.8645520319257062,0.525,0.9066471163245357,0.9066471163245357,0.0,751,352341,2048,2048,874,598
1777,1777,False,0.8220865493324384,0.8220865493324384,0.595,1.0,1.0,0.0022509848058525606,752,352361,1779,1779,735,473
2664,2664,True,0.8258135360541413,0.8461667495777694,0.56,0.9237536656891495,0.9237536656891495,0.0004887585532746823,753,352362,2048,2048,808,666
2449,2449,True,0.8118787294419606,0.8368536918263298,0.53,0.9398826979472141,0.9398826979472141,0.002932551319648094,754,352432,2048,2048,799,642
2838,2838,True,0.8423928186673924,0.8382482005402616,0.59,0.9232649071358748,0.9232649071358748,0.0009775171065493646,755,352485,2048,2048,798,619
3704,3704,True,0.8658846027712325,0.8600812764386947,0.56,0.9056695992179863,0.9056695992179863,0.0004887585532746823,756,352555,2048,2048,970,619
2865,2865,True,0.8101151072349617,0.8566349397660113,0.53,0.9144672531769306,0.9144672531769306,0.001466275659824047,757,352604,2048,2048,821,626
3846,3846,True,0.8765552997936379,0.8697059699232296,0.57,0.9198435972629521,0.9198435972629521,0.001466275659824047,758,352658,2048,2048,1007,654
2280,2280,True,0.8120282316475553,0.8510479705542691,0.635,0.9496578690127078,0.9496578690127078,0.001466275659824047,759,352661,2048,2048,853,627
3090,3090,True,0.8331558796530308,0.8499178755277893,0.555,0.9090909090909091,0.9090909090909091,0.0004887585532746823,760,352993,2048,2048,828,626
2692,2692,True,0.8105057536624765,0.8414085722489192,0.58,0.9232649071358748,0.9232649071358748,0.0004887585532746823,761,353039,2048,2048,786,640
3020,3020,True,0.8332788407568862,0.8234657410335314,0.585,0.9100684261974584,0.9100684261974584,0.0004887585532746823,762,353709,2048,2048,836,600
2421,2421,True,0.788312435031468,0.8398171399981909,0.6,0.9389051808406648,0.9389051808406648,0.002932551319648094,763,353796,2048,2048,804,626
3577,3577,True,0.8811205700637685,0.8453225593503619,0.605,0.9042033235581622,0.9042033235581622,0.0004887585532746823,764,354010,2048,2048,946,620
1585,1585,False,0.7372015591930781,0.7372015591930781,0.585,1.0,1.0,0.0006309148264984228,765,354058,1587,1587,699,430
3164,3164,True,0.835779472752426,0.8566542987816248,0.545,0.9100684261974584,0.9100684261974584,0.0004887585532746823,766,354099,2048,2048,880,618
2945,2945,True,0.8307307486066838,0.8411587385141527,0.535,0.9130009775171065,0.9130009775171065,0.0009775171065493646,767,354125,2048,2048,854,646
3406,3406,True,0.8519651033856662,0.8615232901905321,0.53,0.9071358748778103,0.9071358748778103,0.0,768,354148,2048,2048,940,605
2750,2750,True,0.8148629371899901,0.8319806753825386,0.595,0.9193548387096774,0.9193548387096774,0.0009775171065493646,769,354152,2048,2048,801,617
2955,2955,True,0.8474884622257305,0.8438463795747125,0.54,0.9159335288367546,0.9159335288367546,0.001466275659824047,770,354200,2048,2048,837,617
3615,3615,True,0.8604382412398804,0.8610242942755516,0.57,0.9056695992179863,0.9056695992179863,0.0004887585532746823,771,354395,2048,2048,945,611
2445,2445,True,0.8057901332996021,0.8273072923742217,0.57,0.9428152492668622,0.9428152492668622,0.0004887585532746823,772,354539,2048,2048,814,605
3279,3279,True,0.8451985851802271,0.8365826838982321,0.535,0.9046920821114369,0.9046920821114369,0.0009775171065493646,773,354743,2048,2048,869,605
3508,3508,True,0.8680898086229858,0.8657876802293378,0.55,0.9149560117302052,0.9149560117302052,0.0009775171065493646,774,354840,2048,2048,985,640
3136,3136,True,0.8356735056823259,0.8455993418199695,0.565,0.9056695992179863,0.9056695992179863,0.0004887585532746823,775,354911,2048,2048,823,595
2834,2834,True,0.8179104343646099,0.839387497463476,0.555,0.9154447702834799,0.9154447702834799,0.0004887585532746823,776,354980,2048,2048,826,624
2814,2814,True,0.8331249915324743,0.8337571679933133,0.58,0.9237536656891495,0.9237536656891495,0.0009775171065493646,777,355009,2048,2048,795,616
2752,2752,True,0.8208249038909765,0.8763432608205276,0.625,0.9242424242424242,0.9242424242424242,0.0019550342130987292,778,355053,2048,2048,770,647
3678,3678,True,0.8740112766832582,0.8595235466891643,0.565,0.8998044965786901,0.8998044965786901,0.0009775171065493646,779,355054,2048,2048,956,619
2769,2769,True,0.8190123119978773,0.8471728787463173,0.55,0.9257086999022482,0.9257086999022482,0.0009775171065493646,780,355141,2048,2048,816,630
2593,2593,True,0.793756030897755,0.8547157062227617,0.585,0.929130009775171,0.929130009775171,0.0,781,355143,2048,2048,785,619
3608,3608,True,0.8575340886579921,0.8681816928923473,0.53,0.9037145650048876,0.9037145650048876,0.001466275659824047,782,355204,2048,2048,962,604
2445,2445,True,0.767009116310251,0.8369970937887999,0.565,0.9374389051808406,0.9374389051808406,0.0004887585532746823,783,355324,2048,2048,781,633
2886,2886,True,0.8339557667692693,0.850180929468567,0.565,0.9149560117302052,0.9149560117302052,0.0019550342130987292,784,355409,2048,2048,806,635
2652,2652,True,0.8165081936443053,0.8338708360336182,0.545,0.9286412512218963,0.9286412512218963,0.0004887585532746823,785,355530,2048,2048,798,634
3743,3743,True,0.8696702889325306,0.8710568645786432,0.575,0.9081133919843597,0.9081133919843597,0.0004887585532746823,786,355895,2048,2048,956,620
3115,3115,True,0.8550591720788672,0.8319120452350012,0.57,0.9120234604105572,0.9120234604105572,0.0009775171065493646,787,355969,2048,2048,834,581
3033,3033,True,0.8172134108411413,0.8431993459569865,0.535,0.9105571847507331,0.9105571847507331,0.001466275659824047,788,356075,2048,2048,848,610
2196,2196,True,0.7732878458415184,0.8396240777499613,0.615,0.956989247311828,0.956989247311828,0.0009775171065493646,789,356168,2048,2048,881,634
3235,3235,True,0.8466116924761543,0.8463123800517726,0.58,0.9032258064516129,0.9032258064516129,0.001466275659824047,790,356242,2048,2048,888,592
2748,2748,True,0.8059408222598737,0.8529387675041634,0.555,0.9227761485826002,0.9227761485826002,0.0009775171065493646,791,356250,2048,2048,808,611
2942,2942,True,0.8178636621425932,0.8265910721171844,0.535,0.9105571847507331,0.9105571847507331,0.0009775171065493646,792,356314,2048,2048,760,593
2543,2543,True,0.7887812311612444,0.8595018871069581,0.56,0.9301075268817204,0.9301075268817204,0.0,793,356372,2048,2048,846,631
1684,1684,False,0.7369070095450735,0.7369070095450735,0.55,1.0,1.0,0.0005938242280285036,794,356417,1686,1686,753,447
3013,3013,True,0.8265075201817828,0.8443795454127277,0.565,0.9100684261974584,0.9100684261974584,0.0019550342130987292,795,356478,2048,2048,793,595
2713,2713,True,0.8393832578038883,0.8298423787928129,0.555,0.9247311827956989,0.9247311827956989,0.0009775171065493646,796,356510,2048,2048,803,639
2187,2187,True,0.7564830491726589,0.8336743111787005,0.56,0.958455522971652,0.958455522971652,0.001466275659824047,797,356529,2048,2048,864,618
2852,2852,True,0.8169724022394028,0.8299681244594085,0.59,0.9149560117302052,0.9149560117302052,0.001466275659824047,798,356652,2048,2048,856,625
2063,2063,True,0.7975965883568412,0.7968969324448969,0.555,0.9926686217008798,0.9926686217008798,0.0004887585532746823,799,356658,2048,2048,891,573
2629,2629,True,0.8230121956832139,0.8386047770047723,0.57,0.9261974584555229,0.9261974584555229,0.0,800,356821,2048,2048,806,654
2960,2960,True,0.8222310744259647,0.8312169382701906,0.55,0.9056695992179863,0.9056695992179863,0.0004887585532746823,801,357034,2048,2048,843,603
3368,3368,True,0.8473182934542586,0.8508069705407072,0.54,0.9012707722385142,0.9012707722385142,0.001466275659824047,802,357149,2048,2048,862,604
2911,2911,True,0.8056187198625496,0.8522142358389274,0.525,0.9139784946236559,0.9139784946236559,0.004887585532746823,803,357193,2048,2048,823,626
2349,2349,True,0.7745658603918204,0.8581977138327085,0.535,0.9389051808406648,0.9389051808406648,0.0,804,357447,2048,2048,858,657
3155,3155,True,0.8477439103180848,0.8603526903015197,0.555,0.9115347018572825,0.9115347018572825,0.0009775171065493646,805,357467,2048,2048,921,602
3464,3464,True,0.8373546082668385,0.8648146909535809,0.5,0.9022482893450635,0.9022482893450635,0.0004887585532746823,806,357470,2048,2048,883,602
3896,3896,True,0.8808114416703772,0.8535339294676996,0.58,0.9134897360703812,0.9134897360703812,0.0009775171065493646,807,357628,2048,2048,973,653
1951,1951,False,0.8289467198571819,0.8289467198571819,0.6,1.0,1.0,0.0010251153254741158,808,357665,1953,1953,845,553
3396,3396,True,0.8585951521350134,0.8620359826550148,0.545,0.8978494623655914,0.8978494623655914,0.001466275659824047,809,357753,2048,2048,935,618
3050,3050,True,0.8396489104173187,0.8522670066302388,0.525,0.9090909090909091,0.9090909090909091,0.001466275659824047,810,357756,2048,2048,801,607
3489,3489,True,0.8710985689671886,0.8529097320359966,0.595,0.8983382209188661,0.8983382209188661,0.001466275659824047,811,357932,2048,2048,926,631
3040,3040,True,0.8801752958779673,0.8665782902703377,0.575,0.9188660801564027,0.9188660801564027,0.0019550342130987292,812,358240,2048,2048,844,606
3007,3007,True,0.8402682933597175,0.8549155117846191,0.585,0.9120234604105572,0.9120234604105572,0.0,813,358273,2048,2048,826,645
3338,3338,True,0.8523766082990599,0.8587274898064646,0.56,0.9042033235581622,0.9042033235581622,0.0,814,358407,2048,2048,906,586
2774,2774,True,0.8050946290024581,0.8376173944617701,0.5,0.9232649071358748,0.9232649071358748,0.0004887585532746823,815,358432,2048,2048,781,601
3453,3453,True,0.8530540283384547,0.8526023780617621,0.545,0.9002932551319648,0.9002932551319648,0.0004887585532746823,816,358544,2048,2048,920,601
2385,2385,True,0.811240414843768,0.850176859717803,0.615,0.9418377321603129,0.9418377321603129,0.0004887585532746823,817,358725,2048,2048,825,639
3274,3274,True,0.8357821601697616,0.8653003541227359,0.53,0.906158357771261,0.906158357771261,0.0019550342130987292,818,358966,2048,2048,898,610
3076,3076,True,0.8310037857858146,0.8459692616620184,0.555,0.9095796676441837,0.9095796676441837,0.0004887585532746823,819,359314,2048,2048,814,607
3032,3032,True,0.8418833304975386,0.8427141977663342,0.56,0.9173998044965787,0.9173998044965787,0.0009775171065493646,820,359368,2048,2048,816,609
3215,3215,True,0.8289479632056469,0.8610833748057163,0.51,0.9042033235581622,0.9042033235581622,0.001466275659824047,821,359467,2048,2048,918,610
3529,3529,True,0.8608520424586623,0.8532086957801172,0.535,0.9081133919843597,0.9081133919843597,0.0,822,359644,2048,2048,939,628
3777,3777,True,0.870437034115421,0.8582302944187759,0.515,0.9149560117302052,0.9149560117302052,0.0004887585532746823,823,359828,2048,2048,968,632
3153,3153,True,0.8356196531570298,0.8599374971918785,0.53,0.9081133919843597,0.9081133919843597,0.0,824,359877,2048,2048,844,554
3438,3438,True,0.8520217426209885,0.8507929896067752,0.575,0.8910068426197458,0.8910068426197458,0.0004887585532746823,825,359978,2048,2048,910,609
4083,4083,True,0.8953366254657328,0.8338141604945647,0.595,0.9134897360703812,0.9134897360703812,0.001466275659824047,826,359996,2048,2048,981,684
2697,2697,True,0.8097534115774111,0.8613931425688292,0.56,0.9188660801564027,0.9188660801564027,0.0,827,360218,2048,2048,799,632
2381,2381,True,0.7719112919564102,0.8578372084594816,0.63,0.9359726295210166,0.9359726295210166,0.0009775171065493646,828,360230,2048,2048,785,617
3187,3187,True,0.8712508461721507,0.8283650780365711,0.62,0.9066471163245357,0.9066471163245357,0.0,829,360247,2048,2048,832,622
2955,2955,True,0.8300739439103695,0.8393499103154212,0.575,0.9139784946236559,0.9139784946236559,0.0009775171065493646,830,360342,2048,2048,858,630
2868,2868,True,0.8349707967378576,0.8350398493288701,0.56,0.9193548387096774,0.9193548387096774,0.0,831,360358,2048,2048,811,639
3865,3865,True,0.8747511937899848,0.8509572525461231,0.535,0.9178885630498533,0.9178885630498533,0.0,832,360638,2048,2048,1006,637
2989,2989,True,0.8461756801169641,0.8373085922352349,0.575,0.918377321603128,0.918377321603128,0.0019550342130987292,833,360662,2048,2048,784,603
2557,2557,True,0.8011468526730606,0.8431209296504377,0.545,0.929130009775171,0.929130009775171,0.0009775171065493646,834,360726,2048,2048,809,644
3164,3164,True,0.8360600743694548,0.8435743643315303,0.595,0.9037145650048876,0.9037145650048876,0.0009775171065493646,835,360978,2048,2048,860,596
3255,3255,True,0.8424736316353583,0.8695244588714173,0.545,0.9090909090909091,0.9090909090909091,0.0004887585532746823,836,361098,2048,2048,921,618
2782,2782,True,0.8192794030858122,0.8491508612676287,0.59,0.9198435972629521,0.9198435972629521,0.0004887585532746823,837,361110,2048,2048,776,623
2327,2327,True,0.8000552763088427,0.8384487659802311,0.535,0.9467253176930597,0.9467253176930597,0.0004887585532746823,838,361170,2048,2048,836,621
3492,3492,True,0.8571649435486807,0.8442634799567995,0.56,0.8993157380254154,0.8993157380254154,0.0019550342130987292,839,361465,2048,2048,925,605
3800,3800,True,0.8684549265222468,0.8527252212122403,0.57,0.9090909090909091,0.9090909090909091,0.0004887585532746823,840,361817,2048,2048,956,648
2945,2945,True,0.8274630145978916,0.8369397950806557,0.57,0.9120234604105572,0.9120234604105572,0.0009775171065493646,841,362090,2048,2048,817,618
3339,3339,True,0.8570329098698207,0.8386539980116411,0.595,0.8973607038123167,0.8973607038123167,0.0019550342130987292,842,362301,2048,2048,859,601
3182,3182,True,0.8355413727775612,0.8427173666968095,0.59,0.906158357771261,0.906158357771261,0.0019550342130987292,843,362325,2048,2048,850,631
2974,2974,True,0.8232999650097786,0.8375037334754215,0.5,0.906158357771261,0.906158357771261,0.0004887585532746823,844,362363,2048,2048,799,593
3356,3356,True,0.8526171836333873,0.8543740261668242,0.555,0.896871945259042,0.896871945259042,0.0009775171065493646,845,362378,2048,2048,871,613
3963,3963,True,0.886925662984387,0.8484653457741388,0.56,0.9100684261974584,0.9100684261974584,0.0024437927663734115,846,362379,2048,2048,971,662
3736,3736,True,0.871283504730465,0.8481007458510628,0.58,0.9095796676441837,0.9095796676441837,0.0009775171065493646,847,362468,2048,2048,945,622
3211,3211,True,0.8554448314839168,0.8282727058051564,0.595,0.9017595307917888,0.9017595307917888,0.0004887585532746823,848,362527,2048,2048,831,614
3177,3177,True,0.8476954475681072,0.846443812133374,0.565,0.9037145650048876,0.9037145650048876,0.0009775171065493646,849,362566,2048,2048,827,591
3208,3208,True,0.8408463389487013,0.8570208393255048,0.59,0.9090909090909091,0.9090909090909091,0.0,850,362685,2048,2048,833,601
3109,3109,True,0.8346640047262346,0.8512175420023321,0.55,0.9134897360703812,0.9134897360703812,0.0009775171065493646,851,362700,2048,2048,845,613
3736,3736,True,0.8677440882803219,0.8575290508876259,0.555,0.9017595307917888,0.9017595307917888,0.0,852,362717,2048,2048,965,614
2971,2971,True,0.8473720664045895,0.8504261490923458,0.615,0.918377321603128,0.918377321603128,0.001466275659824047,853,362724,2048,2048,814,637
3977,3977,True,0.869004616762645,0.8414852533469445,0.575,0.907624633431085,0.907624633431085,0.001466275659824047,854,362731,2048,2048,963,649
2995,2995,True,0.8389126483551679,0.843123383605128,0.575,0.9208211143695014,0.9208211143695014,0.0019550342130987292,855,362733,2048,2048,798,593
2890,2890,True,0.8348425634203266,0.8357598552714958,0.58,0.9139784946236559,0.9139784946236559,0.0009775171065493646,856,362813,2048,2048,795,614
2706,2706,True,0.8334157077686999,0.8319339453618605,0.61,0.9198435972629521,0.9198435972629521,0.0004887585532746823,857,362906,2048,2048,819,643
3374,3374,True,0.8548611314333938,0.8464548754686013,0.605,0.8978494623655914,0.8978494623655914,0.0019550342130987292,858,362930,2048,2048,912,608
3497,3497,True,0.8645889721593992,0.8478871844724574,0.585,0.8998044965786901,0.8998044965786901,0.001466275659824047,859,362942,2048,2048,913,623
3367,3367,True,0.8509975385761328,0.8529850653052383,0.545,0.9037145650048876,0.9037145650048876,0.0004887585532746823,860,363035,2048,2048,909,616
2665,2665,True,0.7898849370067786,0.8631851447366216,0.58,0.9217986314760508,0.9217986314760508,0.0009775171065493646,861,363196,2048,2048,801,630
3744,3744,True,0.8984871898953887,0.8342493172823099,0.525,0.9022482893450635,0.9022482893450635,0.0004887585532746823,862,363202,2048,2048,938,616
1605,1605,False,0.8186868956146313,0.8186868956146313,0.565,1.0,1.0,0.0012461059190031153,863,363230,1607,1607,714,430
3457,3457,True,0.858671169177217,0.8649286000214319,0.56,0.9086021505376344,0.9086021505376344,0.001466275659824047,864,363267,2048,2048,936,631
2303,2303,True,0.8285656010213577,0.8403924704835085,0.61,0.9525904203323559,0.9525904203323559,0.0,865,363495,2048,2048,719,609
2822,2822,True,0.8387104241650765,0.8538405120165505,0.56,0.9213098729227761,0.9213098729227761,0.0024437927663734115,866,363554,2048,2048,846,638
3410,3410,True,0.8458193198805138,0.8644950940704834,0.555,0.9007820136852395,0.9007820136852395,0.0009775171065493646,867,363605,2048,2048,856,606
3457,3457,True,0.8595110722492426,0.8553408969846811,0.56,0.8973607038123167,0.8973607038123167,0.0019550342130987292,868,363766,2048,2048,945,610
2864,2864,True,0.8404571158535046,0.8401056770117463,0.57,0.9110459433040078,0.9110459433040078,0.0004887585532746823,869,363844,2048,2048,821,618
3029,3029,True,0.8224900798401031,0.8663784127583011,0.545,0.9154447702834799,0.9154447702834799,0.0,870,363936,2048,2048,816,557
3165,3165,True,0.8472333580602854,0.846229673072683,0.565,0.9066471163245357,0.9066471163245357,0.0004887585532746823,871,363983,2048,2048,865,615
3696,3696,True,0.8666111636879544,0.8597895799301513,0.525,0.9071358748778103,0.9071358748778103,0.0009775171065493646,872,364018,2048,2048,995,652
3062,3062,True,0.8288372876460655,0.84177130051419,0.545,0.9046920821114369,0.9046920821114369,0.0009775171065493646,873,364120,2048,2048,807,598
3072,3072,True,0.8425970664060981,0.8402402706209592,0.605,0.9090909090909091,0.9090909090909091,0.0,874,364255,2048,2048,849,593
2349,2349,True,0.7770199471007264,0.8452680447637524,0.53,0.9428152492668622,0.9428152492668622,0.0,875,364350,2048,2048,833,626
3005,3005,True,0.8229392090194543,0.8509506942483015,0.565,0.9066471163245357,0.9066471163245357,0.0,876,364394,2048,2048,834,607
3091,3091,True,0.8515749808284018,0.8479025480748182,0.58,0.9100684261974584,0.9100684261974584,0.0004887585532746823,877,364413,2048,2048,814,605
3302,3302,True,0.8457389208757748,0.8527009671155682,0.54,0.9081133919843597,0.9081133919843597,0.0019550342130987292,878,364600,2048,2048,909,564
3902,3902,True,0.8785748617472298,0.8567214084146088,0.54,0.9139784946236559,0.9139784946236559,0.0004887585532746823,879,364647,2048,2048,996,653
3195,3195,True,0.8349926252804114,0.86252314794412,0.53,0.9027370478983382,0.9027370478983382,0.0,880,364673,2048,2048,865,591
3513,3513,True,0.8534811163061227,0.8495708998962866,0.565,0.8963831867057673,0.8963831867057673,0.001466275659824047,881,364752,2048,2048,944,616
2779,2779,True,0.8489437883498265,0.8376827217194012,0.585,0.9257086999022482,0.9257086999022482,0.003421309872922776,882,364818,2048,2048,809,631
2009,2009,False,0.7870538573327914,0.7870538573327914,0.615,1.0,1.0,0.0,883,364824,2011,2011,878,583
2701,2701,True,0.835604291514576,0.8508273294264245,0.615,0.9178885630498533,0.9178885630498533,0.0,884,364874,2048,2048,812,621
2756,2756,True,0.8319614142570082,0.8608410228311104,0.585,0.9242424242424242,0.9242424242424242,0.0,885,365009,2048,2048,797,633
2750,2750,True,0.8201723428868012,0.8495837846153153,0.54,0.9222873900293255,0.9222873900293255,0.0009775171065493646,886,365096,2048,2048,823,624
2824,2824,True,0.8145383923917032,0.8562825247085,0.54,0.9144672531769306,0.9144672531769306,0.0,887,365192,2048,2048,862,633
3312,3312,True,0.857229400711324,0.8494790103943991,0.585,0.9046920821114369,0.9046920821114369,0.0004887585532746823,888,365271,2048,2048,879,598
2752,2752,True,0.8108467484566579,0.8543672275349135,0.56,0.9227761485826002,0.9227761485826002,0.0004887585532746823,889,365393,2048,2048,823,642
2796,2796,True,0.8174147363182581,0.8561699247411464,0.52,0.9213098729227761,0.9213098729227761,0.0004887585532746823,890,365437,2048,2048,828,627
1406,1406,False,0.8595598095308756,0.8595598095308756,0.575,1.0,1.0,0.0007112375533428165,891,365528,1408,1408,581,390
3643,3643,True,0.8642575234198457,0.8557711589623884,0.595,0.8919843597262952,0.8919843597262952,0.0009775171065493646,892,365625,2048,2048,940,608
3027,3027,True,0.8437090282465324,0.8362890735988021,0.55,0.9193548387096774,0.9193548387096774,0.0004887585532746823,893,365801,2048,2048,809,612
2583,2583,True,0.8015907954827063,0.8477775982358935,0.575,0.9271749755620723,0.9271749755620723,0.0,894,365911,2048,2048,866,613
3525,3525,True,0.8574733910533623,0.8562174994450914,0.615,0.896871945259042,0.896871945259042,0.0009775171065493646,895,365943,2048,2048,900,591
3318,3318,True,0.8487262470750794,0.8571609142011308,0.535,0.9066471163245357,0.9066471163245357,0.0,896,365964,2048,2048,920,599
3585,3585,True,0.870559846995805,0.8420751508100319,0.555,0.8998044965786901,0.8998044965786901,0.0019550342130987292,897,365969,2048,2048,952,618
3476,3476,True,0.8797157308680458,0.8380636862962416,0.59,0.8993157380254154,0.8993157380254154,0.0009775171065493646,898,366109,2048,2048,905,620
2712,2712,True,0.8276935155471068,0.8428554363214639,0.58,0.9252199413489736,0.9252199413489736,0.0,899,366160,2048,2048,799,655
2956,2956,True,0.8318360636315641,0.8460986209182407,0.54,0.9139784946236559,0.9139784946236559,0.001466275659824047,900,366471,2048,2048,829,601
2597,2597,True,0.7900414089372721,0.8354762470903615,0.565,0.9271749755620723,0.9271749755620723,0.0009775171065493646,901,366536,2048,2048,765,620
2855,2855,True,0.8295395085000424,0.8366029060295922,0.57,0.9188660801564027,0.9188660801564027,0.0009775171065493646,902,366547,2048,2048,787,574
2767,2767,True,0.8277974021127419,0.8635303346701705,0.595,0.9252199413489736,0.9252199413489736,0.0004887585532746823,903,366552,2048,2048,866,620
1412,1412,False,0.7937077123116781,0.7937077123116781,0.525,1.0,1.0,0.0028328611898017,904,366745,1414,1414,632,370
3160,3160,True,0.8494738205400991,0.845598168025316,0.595,0.9051808406647116,0.9051808406647116,0.0009775171065493646,905,366801,2048,2048,831,625
3846,3846,True,0.8854962221723497,0.8524228301263461,0.545,0.9139784946236559,0.9139784946236559,0.001466275659824047,906,366899,2048,2048,979,639
2782,2782,True,0.8244202863397336,0.8507519504631583,0.535,0.9208211143695014,0.9208211143695014,0.002932551319648094,907,366955,2048,2048,809,660
2862,2862,True,0.8245704364471661,0.8404161051466884,0.61,0.9100684261974584,0.9100684261974584,0.0024437927663734115,908,366974,2048,2048,774,657
3118,3118,True,0.8511615872500161,0.8523857248963379,0.57,0.9095796676441837,0.9095796676441837,0.0,909,367019,2048,2048,859,619
2727,2727,True,0.7991213281269433,0.8473353334522685,0.555,0.9139784946236559,0.9139784946236559,0.0004887585532746823,910,367067,2048,2048,796,615
2981,2981,True,0.8552053570814193,0.8414350926109343,0.605,0.9144672531769306,0.9144672531769306,0.0009775171065493646,911,367103,2048,2048,797,618
4111,4111,True,0.8864643045211088,0.8471646938092912,0.555,0.9159335288367546,0.9159335288367546,0.002932551319648094,912,367188,2048,2048,965,692
3922,3922,True,0.8823558078447571,0.8575067498079726,0.515,0.9144672531769306,0.9144672531769306,0.0004887585532746823,913,367262,2048,2048,980,680
2279,2279,True,0.8227010726859834,0.8536260089915088,0.645,0.9481915933528837,0.9481915933528837,0.0,914,367281,2048,2048,857,637
2345,2345,True,0.7737692217168541,0.8432100239576875,0.56,0.9408602150537635,0.9408602150537635,0.0004887585532746823,915,367303,2048,2048,844,646
3146,3146,True,0.8330266229431719,0.8569636739738626,0.575,0.9066471163245357,0.9066471163245357,0.0024437927663734115,916,367454,2048,2048,853,605
2609,2609,True,0.7935505696772674,0.8285446552586077,0.585,0.9252199413489736,0.9252199413489736,0.0004887585532746823,917,367596,2048,2048,780,622
2732,2732,True,0.8075775940939991,0.8575111938097146,0.515,0.9178885630498533,0.9178885630498533,0.0004887585532746823,918,367690,2048,2048,854,611
2632,2632,True,0.8421711829631817,0.8374531202923626,0.585,0.9340175953079178,0.9340175953079178,0.0,919,367756,2048,2048,791,622
2432,2432,True,0.7807042623871645,0.843037351178441,0.59,0.9374389051808406,0.9374389051808406,0.0004887585532746823,920,367847,2048,2048,828,660
3317,3317,True,0.8431703416420702,0.8485572560784223,0.515,0.8983382209188661,0.8983382209188661,0.0019550342130987292,921,367873,2048,2048,922,600
3316,3316,True,0.8470601778065884,0.8477506876208877,0.52,0.9037145650048876,0.9037145650048876,0.0009775171065493646,922,367883,2048,2048,914,601
3357,3357,True,0.8425699667958106,0.8523345615584125,0.5,0.9032258064516129,0.9032258064516129,0.0004887585532746823,923,367991,2048,2048,934,601
3732,3732,True,0.881321259931969,0.846246701431295,0.57,0.9100684261974584,0.9100684261974584,0.0004887585532746823,924,367999,2048,2048,969,651
3558,3558,True,0.8585541003764869,0.8527851085439339,0.59,0.9012707722385142,0.9012707722385142,0.0019550342130987292,925,368511,2048,2048,960,635
3263,3263,True,0.8463705933484104,0.8472627432131903,0.51,0.9086021505376344,0.9086021505376344,0.0019550342130987292,926,368621,2048,2048,869,598
3009,3009,True,0.8348955567559004,0.8425024023212775,0.575,0.9149560117302052,0.9149560117302052,0.0004887585532746823,927,368749,2048,2048,817,593
2726,2726,True,0.8402393429216851,0.8293124158420855,0.545,0.9271749755620723,0.9271749755620723,0.0019550342130987292,928,368911,2048,2048,817,636
3496,3496,True,0.8550745974427354,0.8369166019053114,0.585,0.8949169110459433,0.8949169110459433,0.001466275659824047,929,369005,2048,2048,889,598
3059,3059,True,0.8355980779076736,0.8262382070257986,0.53,0.9115347018572825,0.9115347018572825,0.0004887585532746823,930,369096,2048,2048,829,572
3273,3273,True,0.8564101093498824,0.8468139030154341,0.595,0.9056695992179863,0.9056695992179863,0.0004887585532746823,931,369132,2048,2048,874,619
2481,2481,True,0.8105993075642931,0.8377836063617539,0.58,0.9393939393939394,0.9393939393939394,0.0,932,369173,2048,2048,836,663
2753,2753,True,0.8397318864250878,0.8354976419660082,0.6,0.9227761485826002,0.9227761485826002,0.0009775171065493646,933,369202,2048,2048,791,647
3259,3259,True,0.8396582670964813,0.8430473915482071,0.55,0.8998044965786901,0.8998044965786901,0.002932551319648094,934,369222,2048,2048,859,597
3197,3197,True,0.8460723112577807,0.8388870167884488,0.575,0.9046920821114369,0.9046920821114369,0.001466275659824047,935,369225,2048,2048,856,622
3105,3105,True,0.8395470369503436,0.8550259262813116,0.555,0.9130009775171065,0.9130009775171065,0.0004887585532746823,936,369261,2048,2048,819,614
1185,1185,False,0.8399528165004077,0.8399528165004077,0.565,1.0,1.0,0.004219409282700422,937,369266,1187,1187,478,291
2810,2810,True,0.8101561709994516,0.8395047873395226,0.56,0.9193548387096774,0.9193548387096774,0.0004887585532746823,938,369272,2048,2048,806,655
2429,2429,True,0.8250728474382386,0.8436266910134256,0.64,0.9437927663734116,0.9437927663734116,0.001466275659824047,939,369276,2048,2048,799,631
3693,3693,True,0.8759103155225354,0.8515366646678956,0.565,0.9090909090909091,0.9090909090909091,0.0009775171065493646,940,369392,2048,2048,962,611
3966,3966,True,0.8852900465138384,0.8605740949150833,0.605,0.9232649071358748,0.9232649071358748,0.0004887585532746823,941,369566,2048,2048,956,631
2778,2778,True,0.8321083128522105,0.8223722250032189,0.59,0.918377321603128,0.918377321603128,0.0,942,369647,2048,2048,777,640
3038,3038,True,0.8170679296113503,0.85050018592582,0.48,0.9159335288367546,0.9159335288367546,0.001466275659824047,943,369691,2048,2048,870,594
3367,3367,True,0.8442173597266511,0.8397436872061478,0.555,0.8988269794721407,0.8988269794721407,0.0004887585532746823,944,369871,2048,2048,880,595
2633,2633,True,0.8039833166925167,0.8477178415179015,0.565,0.9237536656891495,0.9237536656891495,0.0009775171065493646,945,369875,2048,2048,840,637
3297,3297,True,0.8500263746310287,0.8479111992252506,0.58,0.8998044965786901,0.8998044965786901,0.001466275659824047,946,370029,2048,2048,804,597
2976,2976,True,0.8145612704539811,0.8353584679135196,0.56,0.9164222873900293,0.9164222873900293,0.0009775171065493646,947,370127,2048,2048,844,606
3063,3063,True,0.8256680868075815,0.8488518429363499,0.595,0.9105571847507331,0.9105571847507331,0.0009775171065493646,948,370131,2048,2048,798,614
2840,2840,True,0.8494282035362885,0.8356949129852609,0.58,0.9257086999022482,0.9257086999022482,0.0009775171065493646,949,370249,2048,2048,808,649
2953,2953,True,0.8195850922544287,0.853999153482909,0.575,0.916911045943304,0.916911045943304,0.0004887585532746823,950,370301,2048,2048,806,579
2064,2064,True,0.7694673830425826,0.7714101684928562,0.6,0.9926686217008798,0.9926686217008798,0.0019550342130987292,951,370322,2048,2048,930,584
2623,2623,True,0.8247610513561591,0.8400867469230339,0.57,0.9301075268817204,0.9301075268817204,0.0009775171065493646,952,370405,2048,2048,811,649
2902,2902,True,0.8221671584369967,0.8532369395977953,0.545,0.9193548387096774,0.9193548387096774,0.0,953,370576,2048,2048,829,612
2797,2797,True,0.8348842259223148,0.8399684291518862,0.595,0.9217986314760508,0.9217986314760508,0.0009775171065493646,954,370588,2048,2048,800,619
4039,4039,True,0.8840333630934616,0.8430424133718989,0.5,0.9125122189638318,0.9125122189638318,0.001466275659824047,955,370816,2048,2048,950,652
2837,2837,True,0.8443068633673575,0.8356882852040062,0.56,0.9203323558162267,0.9203323558162267,0.0009775171065493646,956,370817,2048,2048,820,635
2990,2990,True,0.8366979709783398,0.843619127922072,0.605,0.9081133919843597,0.9081133919843597,0.0004887585532746823,957,370884,2048,2048,813,638
2996,2996,True,0.85056881707686,0.8297957345476336,0.555,0.9178885630498533,0.9178885630498533,0.0024437927663734115,958,370899,2048,2048,816,622
2473,2473,True,0.8200961155213178,0.8488718888969863,0.56,0.9398826979472141,0.9398826979472141,0.0,959,370943,2048,2048,817,647
2993,2993,True,0.8428196006192352,0.8386501460457303,0.59,0.9198435972629521,0.9198435972629521,0.0009775171065493646,960,370948,2048,2048,835,633
3135,3135,True,0.8307663188877474,0.8360394572756593,0.525,0.9042033235581622,0.9042033235581622,0.001466275659824047,961,370983,2048,2048,874,580
2799,2799,True,0.8407726098513616,0.8713794762002834,0.535,0.9237536656891495,0.9237536656891495,0.0004887585532746823,962,371018,2048,2048,787,626
3066,3066,True,0.8457445639978698,0.8431191237537513,0.525,0.9090909090909091,0.9090909090909091,0.0004887585532746823,963,371117,2048,2048,859,606
3333,3333,True,0.8481506882327259,0.8518605327684001,0.545,0.9032258064516129,0.9032258064516129,0.0024437927663734115,964,371322,2048,2048,890,586
2788,2788,True,0.8038311809593242,0.8524825701970679,0.545,0.9173998044965787,0.9173998044965787,0.0009775171065493646,965,371408,2048,2048,822,626
3326,3326,True,0.8397398471706127,0.8581432306524517,0.53,0.8973607038123167,0.8973607038123167,0.0,966,371512,2048,2048,878,601
3503,3503,True,0.8503707131133635,0.8488583851212298,0.555,0.9037145650048876,0.9037145650048876,0.003421309872922776,967,371529,2048,2048,941,581
4093,4093,True,0.8832163934137138,0.8639427477784982,0.545,0.9237536656891495,0.9237536656891495,0.0009775171065493646,968,371537,2048,2048,969,654
4049,4049,True,0.8957239104240511,0.8309242753429746,0.615,0.916911045943304,0.916911045943304,0.001466275659824047,969,371583,2048,2048,990,660
3514,3514,True,0.8540020276658783,0.8659354469843507,0.54,0.9090909090909091,0.9090909090909091,0.0,970,371638,2048,2048,838,585
3887,3887,True,0.8833120945128947,0.8464484816609794,0.53,0.9173998044965787,0.9173998044965787,0.001466275659824047,971,371715,2048,2048,1004,663
3777,3777,True,0.8766848745380892,0.8301743805134854,0.545,0.8988269794721407,0.8988269794721407,0.0,972,371736,2048,2048,972,634
3310,3310,True,0.8422517816532173,0.8400863895851868,0.56,0.8905180840664711,0.8905180840664711,0.0009775171065493646,973,371938,2048,2048,889,602
3237,3237,True,0.834260819206417,0.850521434776168,0.53,0.9042033235581622,0.9042033235581622,0.0009775171065493646,974,372147,2048,2048,869,585
2548,2548,True,0.7779816716769554,0.8431398306119601,0.585,0.927663734115347,0.927663734115347,0.0004887585532746823,975,372214,2048,2048,782,623
2520,2520,True,0.8309520108968931,0.8404266100554297,0.515,0.9364613880742912,0.9364613880742912,0.0,976,372235,2048,2048,813,650
3194,3194,True,0.8406539583810664,0.8500787076433952,0.565,0.9007820136852395,0.9007820136852395,0.0,977,372306,2048,2048,872,605
3361,3361,True,0.8519535831058912,0.8499196746152238,0.6,0.8978494623655914,0.8978494623655914,0.001466275659824047,978,372313,2048,2048,902,634
3553,3553,True,0.8627089374688119,0.8531726369314254,0.55,0.9037145650048876,0.9037145650048876,0.0004887585532746823,979,372379,2048,2048,936,607
2009,2009,False,0.7770247731317176,0.7770247731317176,0.595,1.0,1.0,0.0029865604778496766,980,372422,2011,2011,854,593
3249,3249,True,0.838284064901889,0.8618271200361699,0.565,0.9032258064516129,0.9032258064516129,0.0024437927663734115,981,372442,2048,2048,884,613
3216,3216,True,0.8395239982729975,0.8521134382895358,0.54,0.9056695992179863,0.9056695992179863,0.0,982,372446,2048,2048,883,596
2312,2312,True,0.7672047098305039,0.8399770504175004,0.575,0.9437927663734116,0.9437927663734116,0.0004887585532746823,983,372542,2048,2048,843,633
3966,3966,True,0.8811777159005385,0.8653427165169788,0.515,0.9188660801564027,0.9188660801564027,0.0004887585532746823,984,372548,2048,2048,971,653
3622,3622,True,0.8700341572750832,0.8577576741203631,0.585,0.8885630498533724,0.8885630498533724,0.0004887585532746823,985,372750,2048,2048,890,608
3387,3387,True,0.8358151583300282,0.8569549428693128,0.515,0.8914956011730205,0.8914956011730205,0.0019550342130987292,986,372830,2048,2048,857,589
2957,2957,True,0.8163519330905704,0.8736792674952092,0.545,0.9100684261974584,0.9100684261974584,0.0004887585532746823,987,372894,2048,2048,824,605
3507,3507,True,0.8633987546936311,0.8578293411912838,0.555,0.9066471163245357,0.9066471163245357,0.0009775171065493646,988,372914,2048,2048,903,631
2950,2950,True,0.8387911843931071,0.8368640218310173,0.585,0.9115347018572825,0.9115347018572825,0.001466275659824047,989,372978,2048,2048,784,646
3116,3116,True,0.8364141252680696,0.8388812249752935,0.58,0.9086021505376344,0.9086021505376344,0.0004887585532746823,990,373049,2048,2048,858,593
4102,4102,True,0.8838412142972993,0.8573767315276035,0.55,0.9164222873900293,0.9164222873900293,0.0004887585532746823,991,373399,2048,2048,998,662
4247,4247,True,0.8931498908724786,0.8436501812931633,0.58,0.9173998044965787,0.9173998044965787,0.0004887585532746823,992,373656,2048,2048,964,688
2988,2988,True,0.8306381338382061,0.8647145785646696,0.58,0.916911045943304,0.916911045943304,0.0,993,373667,2048,2048,871,609
3205,3205,True,0.8332719945931865,0.8550197522925709,0.555,0.9056695992179863,0.9056695992179863,0.0009775171065493646,994,373763,2048,2048,890,608
2798,2798,True,0.8024415859975914,0.8327515917866632,0.555,0.9090909090909091,0.9090909090909091,0.001466275659824047,995,373795,2048,2048,744,642
3376,3376,True,0.8508462356401286,0.8401249874268949,0.575,0.895405669599218,0.895405669599218,0.0009775171065493646,996,373814,2048,2048,867,607
3567,3567,True,0.8574835481424107,0.8502850928812639,0.54,0.9051808406647116,0.9051808406647116,0.0,997,373830,2048,2048,925,606
3065,3065,True,0.849766166406616,0.8089291819256921,0.62,0.9144672531769306,0.9144672531769306,0.001466275659824047,998,373834,2048,2048,794,605
2787,2787,True,0.836817944730646,0.8385102648799039,0.58,0.9208211143695014,0.9208211143695014,0.0,999,373921,2048,2048,785,632
3735,3735,True,0.8740397520573445,0.8513931928178586,0.6,0.9017595307917888,0.9017595307917888,0.0004887585532746823,1000,374019,2048,2048,955,639
2816,2816,True,0.8433001782432568,0.8475738943467274,0.575,0.9203323558162267,0.9203323558162267,0.001466275659824047,1001,374125,2048,2048,819,630
4321,4321,True,0.895415209056962,0.8408836938099425,0.56,0.9198435972629521,0.9198435972629521,0.0004887585532746823,1002,374179,2048,2048,996,646
4082,4082,True,0.8922129861766226,0.8557259862351337,0.535,0.9227761485826002,0.9227761485826002,0.001466275659824047,1003,374194,2048,2048,966,674
3633,3633,True,0.8580553222827247,0.8402494518661691,0.595,0.8949169110459433,0.8949169110459433,0.003421309872922776,1004,374220,2048,2048,904,621
4374,4374,True,0.8943346019180729,0.8439677435935132,0.545,0.9154447702834799,0.9154447702834799,0.0009775171065493646,1005,374275,2048,2048,999,674
3419,3419,True,0.8710239244625528,0.8355369687688071,0.575,0.9012707722385142,0.9012707722385142,0.0009775171065493646,1006,374414,2048,2048,931,608
3260,3260,True,0.8521199815502714,0.854669818580762,0.545,0.9002932551319648,0.9002932551319648,0.001466275659824047,1007,374620,2048,2048,917,617
2857,2857,True,0.8153996768706011,0.8489692576633605,0.53,0.9173998044965787,0.9173998044965787,0.001466275659824047,1008,374690,2048,2048,825,606
3672,3672,True,0.8661322955536694,0.8595030948979098,0.515,0.907624633431085,0.907624633431085,0.0,1009,374744,2048,2048,966,633
3400,3400,True,0.8631454666877313,0.834632481428504,0.5,0.9007820136852395,0.9007820136852395,0.0,1010,374835,2048,2048,922,612
2924,2924,True,0.8150486961119181,0.8463860002708894,0.53,0.9134897360703812,0.9134897360703812,0.0,1011,374840,2048,2048,825,605
2193,2193,True,0.8166345472155931,0.8446011716760843,0.625,0.9604105571847508,0.9604105571847508,0.0004887585532746823,1012,374974,2048,2048,860,644
3202,3202,True,0.8421665339611338,0.837388284994184,0.57,0.9066471163245357,0.9066471163245357,0.0004887585532746823,1013,375174,2048,2048,855,592
3140,3140,True,0.816822884664507,0.8519617595944757,0.505,0.9056695992179863,0.9056695992179863,0.002932551319648094,1014,375180,2048,2048,845,593
2702,2702,True,0.8285275893411396,0.8440279244945111,0.585,0.9213098729227761,0.9213098729227761,0.0009775171065493646,1015,375319,2048,2048,819,636
3319,3319,True,0.8368529754088029,0.854827451386775,0.58,0.9027370478983382,0.9027370478983382,0.0004887585532746823,1016,375349,2048,2048,896,579
2894,2894,True,0.8336927808178193,0.852758298627221,0.575,0.9139784946236559,0.9139784946236559,0.0004887585532746823,1017,375355,2048,2048,794,624
1887,1887,False,0.846933219429728,0.846933219429728,0.63,1.0,1.0,0.0005299417064122947,1018,375413,1889,1889,763,528
3597,3597,True,0.8707513108597826,0.8433504846635009,0.545,0.896871945259042,0.896871945259042,0.0009775171065493646,1019,375414,2048,2048,921,614
3771,3771,True,0.8734108996315223,0.8477929408086118,0.58,0.8993157380254154,0.8993157380254154,0.0004887585532746823,1020,375502,2048,2048,981,641
4052,4052,True,0.8859014785500136,0.8524226620297591,0.575,0.9188660801564027,0.9188660801564027,0.0004887585532746823,1021,375570,2048,2048,1003,689
3998,3998,True,0.8797463337888047,0.8422786478736556,0.605,0.9110459433040078,0.9110459433040078,0.0,1022,375668,2048,2048,995,674
1164,1164,False,0.8738158543346627,0.8738158543346627,0.65,1.0,1.0,0.002577319587628866,1023,375682,1166,1166,434,291
2162,2162,True,0.7836612113544089,0.8509230602461898,0.63,0.9613880742913001,0.9613880742913001,0.0,1024,375877,2048,2048,874,613
3744,3744,True,0.8680938244354443,0.8572312138954309,0.51,0.9110459433040078,0.9110459433040078,0.0004887585532746823,1025,375904,2048,2048,985,631
3739,3739,True,0.8879917429871498,0.8469146260150828,0.61,0.9002932551319648,0.9002932551319648,0.0019550342130987292,1026,375930,2048,2048,971,640
2930,2930,True,0.8315822867548616,0.8390956231654675,0.56,0.9110459433040078,0.9110459433040078,0.0,1027,375969,2048,2048,840,655
3406,3406,True,0.8802377286810612,0.8427392979393119,0.56,0.8963831867057673,0.8963831867057673,0.001466275659824047,1028,376083,2048,2048,894,606
2974,2974,True,0.8462245785070899,0.8382889205625331,0.58,0.9149560117302052,0.9149560117302052,0.001466275659824047,1029,376196,2048,2048,830,600
3917,3917,True,0.8739680642324796,0.8479849631356847,0.515,0.9120234604105572,0.9120234604105572,0.0004887585532746823,1030,376332,2048,2048,957,626
3202,3202,True,0.8455857135640866,0.8561254193163332,0.54,0.9037145650048876,0.9037145650048876,0.001466275659824047,1031,376465,2048,2048,883,613
2840,2840,True,0.7904813223891097,0.8392875955284717,0.54,0.906158357771261,0.906158357771261,0.0004887585532746823,1032,376506,2048,2048,803,619
3231,3231,True,0.8497824322240085,0.8473542935068288,0.595,0.9081133919843597,0.9081133919843597,0.0,1033,376548,2048,2048,831,605
2700,2700,True,0.8123210954258474,0.8375983309237486,0.59,0.9261974584555229,0.9261974584555229,0.0004887585532746823,1034,376595,2048,2048,818,607
3441,3441,True,0.8605232721013772,0.853728444799929,0.57,0.8983382209188661,0.8983382209188661,0.0019550342130987292,1035,376942,2048,2048,892,634
2948,2948,True,0.8330857591586325,0.8749355210549582,0.5,0.918377321603128,0.918377321603128,0.0004887585532746823,1036,377035,2048,2048,853,603
2377,2377,True,0.7897006016249942,0.8586830839345605,0.56,0.9428152492668622,0.9428152492668622,0.0,1037,377206,2048,2048,838,650
3686,3686,True,0.8713778422414855,0.8424151677219789,0.56,0.9051808406647116,0.9051808406647116,0.0024437927663734115,1038,377307,2048,2048,947,618
2423,2423,True,0.8428383191008525,0.8510438713935841,0.595,0.9452590420332356,0.9452590420332356,0.0004887585532746823,1039,377378,2048,2048,779,613
3504,3504,True,0.8573798855833301,0.8620042418297328,0.515,0.9002932551319648,0.9002932551319648,0.0004887585532746823,1040,377505,2048,2048,942,618
2390,2390,True,0.7802311199438245,0.8600001968973774,0.515,0.9398826979472141,0.9398826979472141,0.0009775171065493646,1041,377549,2048,2048,834,630
2237,2237,True,0.8319471147233425,0.8480366274106339,0.615,0.9530791788856305,0.9530791788856305,0.0004887585532746823,1042,377618,2048,2048,873,648
4049,4049,True,0.8859271128934062,0.8666142051732987,0.57,0.9173998044965787,0.9173998044965787,0.0004887585532746823,1043,377718,2048,2048,998,694
3474,3474,True,0.851573079685915,0.8637087455818283,0.51,0.9056695992179863,0.9056695992179863,0.0004887585532746823,1044,377917,2048,2048,933,595
3196,3196,True,0.8459244372120583,0.8554751539403191,0.585,0.9090909090909091,0.9090909090909091,0.0,1045,378018,2048,2048,857,584
3343,3343,True,0.8463898958266318,0.8761182890987934,0.56,0.9022482893450635,0.9022482893450635,0.0004887585532746823,1046,378040,2048,2048,890,598
2747,2747,True,0.8215094512428275,0.8363593066108073,0.62,0.9227761485826002,0.9227761485826002,0.0004887585532746823,1047,378197,2048,2048,829,661
2872,2872,True,0.8103848369474136,0.864710923574892,0.555,0.9217986314760508,0.9217986314760508,0.0,1048,378467,2048,2048,835,593
2815,2815,True,0.8158536293426756,0.8412146062594835,0.605,0.9159335288367546,0.9159335288367546,0.0009775171065493646,1049,378482,2048,2048,806,604
3443,3443,True,0.8474888758077214,0.8397530913101791,0.585,0.8973607038123167,0.8973607038123167,0.0,1050,378550,2048,2048,919,591
3336,3336,True,0.8606855707888107,0.8543032791999668,0.615,0.9007820136852395,0.9007820136852395,0.0024437927663734115,1051,378602,2048,2048,807,601
2123,2123,True,0.7693017438270697,0.8107698173685663,0.56,0.969208211143695,0.969208211143695,0.0009775171065493646,1052,378622,2048,2048,836,617
3474,3474,True,0.843987750113714,0.8638623849560763,0.55,0.9022482893450635,0.9022482893450635,0.0,1053,379326,2048,2048,937,605
3114,3114,True,0.823316866668389,0.8677678710917193,0.525,0.9100684261974584,0.9100684261974584,0.0,1054,379388,2048,2048,826,600
2565,2565,True,0.8132477949567178,0.8377585539497188,0.565,0.9296187683284457,0.9296187683284457,0.0,1055,379426,2048,2048,813,670
3179,3179,True,0.8448404202055311,0.8624228948306881,0.6,0.9042033235581622,0.9042033235581622,0.0004887585532746823,1056,379459,2048,2048,870,613
3563,3563,True,0.8681445321271515,0.8569316505678894,0.545,0.9032258064516129,0.9032258064516129,0.0004887585532746823,1057,379681,2048,2048,946,612
2501,2501,True,0.8021588517590567,0.8444548066007047,0.585,0.9359726295210166,0.9359726295210166,0.0009775171065493646,1058,379769,2048,2048,767,646
3414,3414,True,0.8612339491432824,0.8535865466920105,0.545,0.8998044965786901,0.8998044965786901,0.0019550342130987292,1059,379834,2048,2048,945,597
3137,3137,True,0.839439725839167,0.8459594864659105,0.49,0.9066471163245357,0.9066471163245357,0.0,1060,380014,2048,2048,869,611
2998,2998,True,0.8172830939123283,0.8610393782005907,0.58,0.918377321603128,0.918377321603128,0.0,1061,380102,2048,2048,825,600
4643,4643,True,0.9063036154085925,0.8405550577924596,0.555,0.9115347018572825,0.9115347018572825,0.0004887585532746823,1062,380116,2048,2048,1047,687
2730,2730,True,0.8053380962639761,0.8539851486734613,0.535,0.9198435972629521,0.9198435972629521,0.0004887585532746823,1063,380143,2048,2048,791,628
3161,3161,True,0.8502028424161282,0.8339120433788535,0.56,0.9120234604105572,0.9120234604105572,0.0004887585532746823,1064,380154,2048,2048,842,595
3274,3274,True,0.833137509268238,0.8553318279907711,0.515,0.906158357771261,0.906158357771261,0.0,1065,380479,2048,2048,844,594
2702,2702,True,0.822136055710489,0.8377333123410999,0.605,0.918377321603128,0.918377321603128,0.0,1066,380688,2048,2048,844,651
3074,3074,True,0.8341525080131038,0.8318124536995413,0.595,0.9095796676441837,0.9095796676441837,0.0,1067,380726,2048,2048,793,605
1240,1240,False,0.8127606386068738,0.8127606386068738,0.61,1.0,1.0,0.004838709677419355,1068,380852,1242,1242,546,343
3168,3168,True,0.8616609804305864,0.8413295638613574,0.59,0.9046920821114369,0.9046920821114369,0.001466275659824047,1069,380948,2048,2048,812,592
3102,3102,True,0.8297915067922939,0.866504852382669,0.555,0.9071358748778103,0.9071358748778103,0.0009775171065493646,1070,381039,2048,2048,888,622
2920,2920,True,0.8366080590186104,0.856599674762696,0.64,0.9095796676441837,0.9095796676441837,0.001466275659824047,1071,381216,2048,2048,780,625
3468,3468,True,0.8564064406027585,0.8329425032154059,0.57,0.9032258064516129,0.9032258064516129,0.001466275659824047,1072,381452,2048,2048,912,600
3612,3612,True,0.8564327717609719,0.8369846007041509,0.555,0.9002932551319648,0.9002932551319648,0.0004887585532746823,1073,381556,2048,2048,939,605
3493,3493,True,0.85251702058997,0.8533079402778919,0.56,0.9066471163245357,0.9066471163245357,0.0004887585532746823,1074,381578,2048,2048,888,598
2952,2952,True,0.8242724521328928,0.8446095616899212,0.58,0.9144672531769306,0.9144672531769306,0.0004887585532746823,1075,381623,2048,2048,841,628
2811,2811,True,0.8253363866454787,0.8371739629221183,0.565,0.9134897360703812,0.9134897360703812,0.002932551319648094,1076,381625,2048,2048,803,628
3033,3033,True,0.8329659653888744,0.861679061646271,0.55,0.9095796676441837,0.9095796676441837,0.0009775171065493646,1077,381645,2048,2048,832,623
3206,3206,True,0.8487126120580276,0.8403596586127684,0.595,0.9037145650048876,0.9037145650048876,0.001466275659824047,1078,381733,2048,2048,838,624
3014,3014,True,0.8211530118269579,0.8725516676413632,0.57,0.9164222873900293,0.9164222873900293,0.0009775171065493646,1079,381951,2048,2048,867,623
3189,3189,True,0.8557206511593237,0.8390819150378525,0.64,0.9042033235581622,0.9042033235581622,0.0009775171065493646,1080,382034,2048,2048,875,597
2540,2540,True,0.8089866423189701,0.8300502826160979,0.575,0.9305962854349951,0.9305962854349951,0.0019550342130987292,1081,382202,2048,2048,811,657
3794,3794,True,0.8690141703324856,0.865643362999001,0.545,0.9164222873900293,0.9164222873900293,0.0,1082,382298,2048,2048,989,652
3427,3427,True,0.8517739712235949,0.8404911089592452,0.55,0.9002932551319648,0.9002932551319648,0.0,1083,382630,2048,2048,882,604
3091,3091,True,0.8161815888381944,0.8530863598438029,0.605,0.9110459433040078,0.9110459433040078,0.001466275659824047,1084,382711,2048,2048,795,599
3764,3764,True,0.869299310524249,0.8540114613289302,0.59,0.9037145650048876,0.9037145650048876,0.0019550342130987292,1085,382746,2048,2048,956,625
3244,3244,True,0.8454131534686462,0.8527642761176861,0.565,0.9032258064516129,0.9032258064516129,0.001466275659824047,1086,382756,2048,2048,890,569
3788,3788,True,0.881604614440272,0.8622150723005653,0.585,0.9154447702834799,0.9154447702834799,0.004887585532746823,1087,382833,2048,2048,992,652
2756,2756,True,0.8076217306504174,0.8367236758386537,0.57,0.9154447702834799,0.9154447702834799,0.0004887585532746823,1088,382857,2048,2048,800,626
2990,2990,True,0.8220424945643263,0.863169967667987,0.525,0.9086021505376344,0.9086021505376344,0.001466275659824047,1089,383189,2048,2048,833,632
2822,2822,True,0.8208876216327138,0.8285576530206604,0.495,0.9178885630498533,0.9178885630498533,0.0004887585532746823,1090,383211,2048,2048,803,625
2893,2893,True,0.797227222503121,0.836168545825225,0.48,0.9144672531769306,0.9144672531769306,0.0009775171065493646,1091,383234,2048,2048,804,588
3687,3687,True,0.8786153809891541,0.8424077642092042,0.56,0.9017595307917888,0.9017595307917888,0.0004887585532746823,1092,383293,2048,2048,974,627
3017,3017,True,0.8325478713891894,0.8434550662097374,0.55,0.9071358748778103,0.9071358748778103,0.0009775171065493646,1093,383480,2048,2048,850,602
3511,3511,True,0.8607928043870986,0.8610491086390885,0.57,0.9012707722385142,0.9012707722385142,0.0,1094,383713,2048,2048,950,618
3190,3190,True,0.8398871402267504,0.8640227202963817,0.565,0.9037145650048876,0.9037145650048876,0.0019550342130987292,1095,383733,2048,2048,934,600
3048,3048,True,0.8302659252069639,0.850885837082148,0.57,0.9125122189638318,0.9125122189638318,0.0,1096,383747,2048,2048,855,602
2610,2610,True,0.8302170556700137,0.8466447646186084,0.535,0.9315738025415444,0.9315738025415444,0.0,1097,383787,2048,2048,834,666
2693,2693,True,0.825093297073752,0.8402706206828721,0.655,0.9271749755620723,0.9271749755620723,0.0019550342130987292,1098,383871,2048,2048,694,576
3588,3588,True,0.8619328109656063,0.8518892544948897,0.57,0.8983382209188661,0.8983382209188661,0.0004887585532746823,1099,383959,2048,2048,916,593
3592,3592,True,0.8691790899058721,0.8328730047836674,0.57,0.8949169110459433,0.8949169110459433,0.0009775171065493646,1100,383981,2048,2048,894,629
3096,3096,True,0.8402092326082288,0.8442784819654551,0.58,0.9120234604105572,0.9120234604105572,0.0009775171065493646,1101,384041,2048,2048,836,626
1823,1823,False,0.7895438568814076,0.7895438568814076,0.575,1.0,1.0,0.0016456390565002743,1102,384104,1825,1825,808,481
2775,2775,True,0.8126693547558351,0.8535113276525776,0.59,0.9213098729227761,0.9213098729227761,0.0004887585532746823,1103,384231,2048,2048,827,626
3318,3318,True,0.8520295587190041,0.8311792503162054,0.595,0.8978494623655914,0.8978494623655914,0.0009775171065493646,1104,384480,2048,2048,885,605
2416,2416,True,0.8189381786529938,0.8396754058040611,0.58,0.947702834799609,0.947702834799609,0.0009775171065493646,1105,384593,2048,2048,826,658
3543,3543,True,0.8597967203193165,0.8496137255641772,0.62,0.8895405669599218,0.8895405669599218,0.0004887585532746823,1106,384691,2048,2048,894,615
2522,2522,True,0.8259437452586648,0.849849830278919,0.585,0.9359726295210166,0.9359726295210166,0.0009775171065493646,1107,384755,2048,2048,822,677
3840,3840,True,0.8729415815864788,0.8529729559759631,0.53,0.9178885630498533,0.9178885630498533,0.001466275659824047,1108,384831,2048,2048,960,632
2895,2895,True,0.8234140812867344,0.8465386608759135,0.585,0.9144672531769306,0.9144672531769306,0.0019550342130987292,1109,384839,2048,2048,799,655
3438,3438,True,0.8580853401982752,0.8293702328860468,0.595,0.8963831867057673,0.8963831867057673,0.001466275659824047,1110,385180,2048,2048,882,618
2958,2958,True,0.8448383612307075,0.8390259702466566,0.525,0.9203323558162267,0.9203323558162267,0.0009775171065493646,1111,385272,2048,2048,838,614
3607,3607,True,0.8738094839459984,0.8319401978289342,0.56,0.9002932551319648,0.9002932551319648,0.0004887585532746823,1112,385334,2048,2048,948,642
3006,3006,True,0.8456683366789478,0.8345411518410387,0.555,0.9164222873900293,0.9164222873900293,0.0009775171065493646,1113,385812,2048,2048,829,628
3764,3764,True,0.8679996237072543,0.8715261059470298,0.505,0.9193548387096774,0.9193548387096774,0.0009775171065493646,1114,385831,2048,2048,978,671
2747,2747,True,0.8055507182795377,0.8563788331451434,0.53,0.9188660801564027,0.9188660801564027,0.0,1115,385928,2048,2048,827,654
2934,2934,True,0.8283996622157346,0.861365422923498,0.585,0.9164222873900293,0.9164222873900293,0.0,1116,385974,2048,2048,806,609
1961,1961,False,0.7964542237743849,0.7964542237743849,0.62,1.0,1.0,0.002039775624681285,1117,386095,1963,1963,856,558
3283,3283,True,0.8406876776597123,0.8512933318478887,0.545,0.9022482893450635,0.9022482893450635,0.0009775171065493646,1118,386168,2048,2048,920,601
3002,3002,True,0.8449832368035515,0.8455903831101625,0.625,0.9154447702834799,0.9154447702834799,0.0,1119,386221,2048,2048,762,619
3010,3010,True,0.8303052245035368,0.8521684873362211,0.575,0.9071358748778103,0.9071358748778103,0.0004887585532746823,1120,386266,2048,2048,838,608
3100,3100,True,0.8290018882852489,0.8560947601039807,0.535,0.9086021505376344,0.9086021505376344,0.0009775171065493646,1121,386293,2048,2048,844,619
3746,3746,True,0.8661219805903236,0.8496979821371383,0.58,0.9037145650048876,0.9037145650048876,0.001466275659824047,1122,386317,2048,2048,969,634
2933,2933,True,0.8541983578567232,0.846479111977714,0.57,0.9159335288367546,0.9159335288367546,0.0004887585532746823,1123,386362,2048,2048,868,608
3372,3372,True,0.8531884647736458,0.8362801753928298,0.555,0.8939393939393939,0.8939393939393939,0.001466275659824047,1124,386378,2048,2048,881,568
3346,3346,True,0.8518983962985055,0.8573127668991307,0.59,0.9007820136852395,0.9007820136852395,0.0004887585532746823,1125,386428,2048,2048,877,598
3223,3223,True,0.8318136277200329,0.8551450927978028,0.54,0.9051808406647116,0.9051808406647116,0.0004887585532746823,1126,386486,2048,2048,881,590
3436,3436,True,0.8588172212724906,0.8507822159580084,0.555,0.8993157380254154,0.8993157380254154,0.0004887585532746823,1127,386650,2048,2048,925,601
2546,2546,True,0.8002529879666559,0.8489598294361833,0.53,0.9354838709677419,0.9354838709677419,0.0,1128,386835,2048,2048,822,645
2909,2909,True,0.834490075549514,0.8455750143928928,0.595,0.9164222873900293,0.9164222873900293,0.0004887585532746823,1129,386997,2048,2048,835,623
2559,2559,True,0.7998128679867406,0.8404472806931715,0.585,0.9315738025415444,0.9315738025415444,0.0009775171065493646,1130,387119,2048,2048,798,636
3648,3648,True,0.8693451659098634,0.8526718044912053,0.57,0.9007820136852395,0.9007820136852395,0.0004887585532746823,1131,387202,2048,2048,961,612
2845,2845,True,0.8539393716545749,0.833480011243024,0.565,0.9173998044965787,0.9173998044965787,0.001466275659824047,1132,387239,2048,2048,781,617
2668,2668,True,0.8127544810242541,0.8415729203758316,0.58,0.9237536656891495,0.9237536656891495,0.0004887585532746823,1133,387357,2048,2048,783,631
3351,3351,True,0.8449394271700067,0.8542064724574189,0.575,0.8939393939393939,0.8939393939393939,0.0,1134,387403,2048,2048,924,590
2867,2867,True,0.8305806329470471,0.8447214699457046,0.56,0.9115347018572825,0.9115347018572825,0.0004887585532746823,1135,387424,2048,2048,842,649
3720,3720,True,0.8797740972128909,0.8536246189168588,0.555,0.907624633431085,0.907624633431085,0.001466275659824047,1136,387541,2048,2048,991,619
3266,3266,True,0.8409553146010486,0.8439089937737272,0.53,0.9032258064516129,0.9032258064516129,0.0,1137,387598,2048,2048,845,583
3573,3573,True,0.8898797208019114,0.8655329987694543,0.55,0.9095796676441837,0.9095796676441837,0.0,1138,387678,2048,2048,974,612
3868,3868,True,0.8672350481682335,0.8613609960052886,0.53,0.9178885630498533,0.9178885630498533,0.0019550342130987292,1139,387679,2048,2048,983,658
3110,3110,True,0.8292714107492755,0.8720513320506134,0.53,0.9042033235581622,0.9042033235581622,0.0009775171065493646,1140,387742,2048,2048,894,597
3060,3060,True,0.8215474249867838,0.8566438562878865,0.57,0.9051808406647116,0.9051808406647116,0.0024437927663734115,1141,387787,2048,2048,851,629
3709,3709,True,0.8771929412862776,0.8590677138137555,0.59,0.9017595307917888,0.9017595307917888,0.0004887585532746823,1142,387913,2048,2048,960,639
2339,2339,True,0.7928954516676889,0.8460422345980612,0.61,0.947702834799609,0.947702834799609,0.0,1143,387969,2048,2048,849,631
4550,4550,True,0.9058648949886372,0.8495405981705778,0.545,0.9100684261974584,0.9100684261974584,0.0,1144,388046,2048,2048,1031,695
2715,2715,True,0.8379884908039862,0.845672978845787,0.565,0.9227761485826002,0.9227761485826002,0.0009775171065493646,1145,388090,2048,2048,786,626
2518,2518,True,0.7904473962903269,0.8634521056362443,0.585,0.9286412512218963,0.9286412512218963,0.0004887585532746823,1146,388250,2048,2048,860,652
2953,2953,True,0.8159463561455675,0.844154098059379,0.535,0.9237536656891495,0.9237536656891495,0.0009775171065493646,1147,388297,2048,2048,846,593
1220,1220,False,0.805233888731515,0.805233888731515,0.575,1.0,1.0,0.001639344262295082,1148,388538,1222,1222,571,312
1753,1753,False,0.7694621166491353,0.7694621166491353,0.6,1.0,1.0,0.0005704506560182544,1149,388558,1755,1755,772,487
3265,3265,True,0.843619703153691,0.8601461859372285,0.56,0.8998044965786901,0.8998044965786901,0.0,1150,388705,2048,2048,907,596
2232,2232,True,0.7632147759426987,0.8495914756961174,0.6,0.9525904203323559,0.9525904203323559,0.0,1151,388878,2048,2048,884,628
3051,3051,True,0.8290244233607599,0.8505922808046829,0.55,0.9173998044965787,0.9173998044965787,0.0004887585532746823,1152,388914,2048,2048,853,574
4393,4393,True,0.9052366596128566,0.8612221344603221,0.545,0.9159335288367546,0.9159335288367546,0.0024437927663734115,1153,388920,2048,2048,929,658
2597,2597,True,0.8239811629838911,0.8282637028285514,0.53,0.9286412512218963,0.9286412512218963,0.0004887585532746823,1154,388938,2048,2048,774,632
2515,2515,True,0.8081107558427828,0.8506881301724846,0.545,0.9354838709677419,0.9354838709677419,0.0009775171065493646,1155,388999,2048,2048,797,655
3389,3389,True,0.8564402002722992,0.8376279614012555,0.55,0.8929618768328446,0.8929618768328446,0.001466275659824047,1156,389122,2048,2048,916,592
2641,2641,True,0.7904805850454177,0.8495152926637742,0.575,0.9213098729227761,0.9213098729227761,0.0,1157,389214,2048,2048,805,638
2579,2579,True,0.7888520755912471,0.8509703125569062,0.545,0.929130009775171,0.929130009775171,0.0009775171065493646,1158,389217,2048,2048,851,649
3122,3122,True,0.8415835241008202,0.8392935666310058,0.59,0.8998044965786901,0.8998044965786901,0.0004887585532746823,1159,389251,2048,2048,847,589
2929,2929,True,0.822073328075519,0.8377638779952206,0.62,0.9134897360703812,0.9134897360703812,0.0,1160,389335,2048,2048,785,640
2728,2728,True,0.8167487448162069,0.8248913890725864,0.57,0.9222873900293255,0.9222873900293255,0.0004887585532746823,1161,389336,2048,2048,851,634
2892,2892,True,0.818209240699571,0.8357551688735826,0.545,0.9081133919843597,0.9081133919843597,0.0004887585532746823,1162,389349,2048,2048,821,633
2794,2794,True,0.817371011407742,0.8539011333134999,0.505,0.9173998044965787,0.9173998044965787,0.0,1163,389503,2048,2048,791,602
3206,3206,True,0.8486200185084225,0.8496335249839649,0.555,0.9105571847507331,0.9105571847507331,0.0,1164,389751,2048,2048,883,593
3587,3587,True,0.875221220815247,0.8559025195019747,0.535,0.9046920821114369,0.9046920821114369,0.0009775171065493646,1165,389866,2048,2048,969,609
2650,2650,True,0.8339870377863954,0.84055913269781,0.575,0.9252199413489736,0.9252199413489736,0.0009775171065493646,1166,389934,2048,2048,811,632
3685,3685,True,0.8802072897040571,0.8598998470084247,0.545,0.9042033235581622,0.9042033235581622,0.0004887585532746823,1167,390120,2048,2048,970,639
2114,2114,True,0.7383725378421818,0.7862000908793818,0.57,0.9731182795698925,0.9731182795698925,0.0004887585532746823,1168,390540,2048,2048,850,587
2978,2978,True,0.8225363884485627,0.8623808454883374,0.54,0.9144672531769306,0.9144672531769306,0.001466275659824047,1169,390618,2048,2048,826,578
3109,3109,True,0.8461534109277048,0.8382571774831997,0.55,0.9125122189638318,0.9125122189638318,0.0024437927663734115,1170,390659,2048,2048,814,597
3229,3229,True,0.8494557343470678,0.8481412000537567,0.6,0.8998044965786901,0.8998044965786901,0.0019550342130987292,1171,390910,2048,2048,792,638
2769,2769,True,0.8322888549891487,0.8492916761426478,0.55,0.9227761485826002,0.9227761485826002,0.001466275659824047,1172,391002,2048,2048,835,645
3069,3069,True,0.8238575232233326,0.8673637026991241,0.52,0.9125122189638318,0.9125122189638318,0.0,1173,391302,2048,2048,837,601
4269,4269,True,0.894972986254548,0.8589455654041409,0.525,0.9227761485826002,0.9227761485826002,0.0019550342130987292,1174,391321,2048,2048,1012,672
2895,2895,True,0.8147883209186443,0.8538875313337464,0.565,0.9149560117302052,0.9149560117302052,0.0,1175,391348,2048,2048,849,635
2823,2823,True,0.8082107272182716,0.8654005821147494,0.495,0.9247311827956989,0.9247311827956989,0.0004887585532746823,1176,391485,2048,2048,847,599
3590,3590,True,0.8671120985272099,0.8378565551376258,0.565,0.8993157380254154,0.8993157380254154,0.0019550342130987292,1177,391618,2048,2048,903,621
3769,3769,True,0.8708638071275792,0.8527568334770905,0.53,0.9208211143695014,0.9208211143695014,0.001466275659824047,1178,391626,2048,2048,1011,635
2963,2963,True,0.8154822278514585,0.8470113555279433,0.56,0.9120234604105572,0.9120234604105572,0.0019550342130987292,1179,391726,2048,2048,831,616
3005,3005,True,0.824789552303101,0.8423943100246971,0.54,0.9095796676441837,0.9095796676441837,0.0024437927663734115,1180,391844,2048,2048,829,627
3860,3860,True,0.8764233797108968,0.8539499261982338,0.585,0.9081133919843597,0.9081133919843597,0.001466275659824047,1181,391982,2048,2048,983,677
2679,2679,True,0.839295995520567,0.8646795081825618,0.56,0.9227761485826002,0.9227761485826002,0.0009775171065493646,1182,392034,2048,2048,799,627
2260,2260,True,0.8121854917172893,0.8435083918462171,0.605,0.9501466275659824,0.9501466275659824,0.0009775171065493646,1183,392059,2048,2048,866,613
3448,3448,True,0.8532628477409367,0.841456564778455,0.57,0.9017595307917888,0.9017595307917888,0.0009775171065493646,1184,392231,2048,2048,935,618
3410,3410,True,0.8483232289074998,0.8533482269137809,0.57,0.8949169110459433,0.8949169110459433,0.0004887585532746823,1185,392371,2048,2048,894,599
2777,2777,True,0.8038305400884616,0.857435327729158,0.545,0.9159335288367546,0.9159335288367546,0.0009775171065493646,1186,392411,2048,2048,839,603
2605,2605,True,0.7928739807834422,0.8595481956193693,0.565,0.9266862170087976,0.9266862170087976,0.0004887585532746823,1187,392427,2048,2048,856,634
4075,4075,True,0.8847526670607854,0.8362959895614539,0.545,0.9105571847507331,0.9105571847507331,0.0004887585532746823,1188,392721,2048,2048,960,653
4379,4379,True,0.8935130345061012,0.8560008568190591,0.535,0.9188660801564027,0.9188660801564027,0.0004887585532746823,1189,392749,2048,2048,995,686
3924,3924,True,0.8787673011476095,0.8622205958857003,0.555,0.9159335288367546,0.9159335288367546,0.0009775171065493646,1190,392931,2048,2048,982,680
2645,2645,True,0.8042288006625301,0.8470835936241466,0.53,0.9227761485826002,0.9227761485826002,0.001466275659824047,1191,393017,2048,2048,827,611
3536,3536,True,0.8612831628623417,0.8536552164840465,0.575,0.9071358748778103,0.9071358748778103,0.0,1192,393255,2048,2048,956,603
3044,3044,True,0.8339840274888967,0.846671984086089,0.61,0.907624633431085,0.907624633431085,0.0,1193,393289,2048,2048,819,610
3062,3062,True,0.8367449696375948,0.8406049415117572,0.53,0.9086021505376344,0.9086021505376344,0.001466275659824047,1194,393437,2048,2048,838,623
3403,3403,True,0.8494451480627362,0.84536213782717,0.56,0.9042033235581622,0.9042033235581622,0.0,1195,393769,2048,2048,863,558
2842,2842,True,0.8312850444898693,0.8458130644609372,0.6,0.9193548387096774,0.9193548387096774,0.0009775171065493646,1196,393795,2048,2048,835,612
2430,2430,True,0.808577255037107,0.8502055551721682,0.56,0.9379276637341154,0.9379276637341154,0.0004887585532746823,1197,393806,2048,2048,829,643
1786,1786,False,0.7365848855473159,0.7365848855473159,0.615,1.0,1.0,0.0016797312430011197,1198,394090,1788,1788,835,489
2993,2993,True,0.8311653967710189,0.8519201493971671,0.545,0.9120234604105572,0.9120234604105572,0.0009775171065493646,1199,394094,2048,2048,827,615
3360,3360,True,0.8507519079540128,0.8602726234583308,0.56,0.9042033235581622,0.9042033235581622,0.0019550342130987292,1200,394316,2048,2048,907,595
2785,2785,True,0.8220467098562031,0.8490859208203136,0.59,0.9178885630498533,0.9178885630498533,0.0,1201,394406,2048,2048,785,641
2783,2783,True,0.809450966323969,0.8340291044389784,0.505,0.918377321603128,0.918377321603128,0.0004887585532746823,1202,394475,2048,2048,844,620
3346,3346,True,0.846939094025486,0.866130680916988,0.56,0.9095796676441837,0.9095796676441837,0.0004887585532746823,1203,394523,2048,2048,926,592
3310,3310,True,0.8434131335545496,0.8540889559226565,0.52,0.896871945259042,0.896871945259042,0.0004887585532746823,1204,394612,2048,2048,865,594
3506,3506,True,0.8695140960511671,0.8477215004791626,0.545,0.8988269794721407,0.8988269794721407,0.0009775171065493646,1205,394685,2048,2048,935,640
2918,2918,True,0.8575564146504422,0.8494435619226414,0.565,0.9222873900293255,0.9222873900293255,0.0004887585532746823,1206,394801,2048,2048,712,604
3809,3809,True,0.8750957947112584,0.8536048503835109,0.56,0.9105571847507331,0.9105571847507331,0.0019550342130987292,1207,394909,2048,2048,993,677
2588,2588,True,0.8010728355531219,0.8621166153975951,0.545,0.929130009775171,0.929130009775171,0.0004887585532746823,1208,395002,2048,2048,866,645
2962,2962,True,0.8217594522905289,0.8514627724590966,0.565,0.9120234604105572,0.9120234604105572,0.0009775171065493646,1209,395024,2048,2048,838,613
3526,3526,True,0.8670469818166111,0.8386736774405106,0.59,0.9046920821114369,0.9046920821114369,0.0024437927663734115,1210,395259,2048,2048,926,606
2562,2562,True,0.8082729424744545,0.8393646719708584,0.56,0.9301075268817204,0.9301075268817204,0.0004887585532746823,1211,395638,2048,2048,789,630
2416,2416,True,0.7878465571132127,0.8529521479911494,0.52,0.9403714565004888,0.9403714565004888,0.0004887585532746823,1212,395828,2048,2048,839,636
3246,3246,True,0.8457463111057891,0.8417267509831359,0.57,0.9017595307917888,0.9017595307917888,0.0004887585532746823,1213,395857,2048,2048,898,575
3528,3528,True,0.8768236603732846,0.8416250170720644,0.53,0.9081133919843597,0.9081133919843597,0.0009775171065493646,1214,395942,2048,2048,934,641
3490,3490,True,0.8552783874820468,0.849716789919817,0.58,0.9042033235581622,0.9042033235581622,0.0009775171065493646,1215,396058,2048,2048,946,616
3142,3142,True,0.832935360439433,0.8610727974010643,0.545,0.9134897360703812,0.9134897360703812,0.0004887585532746823,1216,396107,2048,2048,860,582
2914,2914,True,0.8351097273753743,0.8434094927610459,0.545,0.9154447702834799,0.9154447702834799,0.001466275659824047,1217,396148,2048,2048,831,599
3599,3599,True,0.8669913203917893,0.8478480598482531,0.55,0.9081133919843597,0.9081133919843597,0.001466275659824047,1218,396177,2048,2048,974,631
2632,2632,True,0.810297152447467,0.8704659018848032,0.565,0.9271749755620723,0.9271749755620723,0.0,1219,396239,2048,2048,828,625
3500,3500,True,0.8659607217927121,0.8690743955224576,0.545,0.9022482893450635,0.9022482893450635,0.0009775171065493646,1220,396243,2048,2048,954,628
2940,2940,True,0.8184171624975822,0.8730875644468465,0.51,0.9237536656891495,0.9237536656891495,0.0,1221,396353,2048,2048,833,600
3163,3163,True,0.8569076761764315,0.8292136587440457,0.645,0.9042033235581622,0.9042033235581622,0.001466275659824047,1222,396381,2048,2048,832,623
3094,3094,True,0.8352300607396161,0.8350181001524828,0.61,0.9095796676441837,0.9095796676441837,0.0004887585532746823,1223,396404,2048,2048,877,623
3669,3669,True,0.8565478415500859,0.8429736834860211,0.54,0.9046920821114369,0.9046920821114369,0.0,1224,396415,2048,2048,956,627
3604,3604,True,0.8699310689220788,0.8465950537091874,0.56,0.9149560117302052,0.9149560117302052,0.0,1225,396421,2048,2048,915,626
3029,3029,True,0.8377715738457597,0.8438952202193315,0.53,0.9110459433040078,0.9110459433040078,0.0004887585532746823,1226,396447,2048,2048,774,613
3110,3110,True,0.8325230765397635,0.8464035256026949,0.585,0.9022482893450635,0.9022482893450635,0.0009775171065493646,1227,396568,2048,2048,840,591
1851,1851,False,0.7750763356864782,0.7750763356864782,0.545,1.0,1.0,0.0010804970286331713,1228,396626,1853,1853,845,521
2433,2433,True,0.8046894126358407,0.839339261339388,0.58,0.9398826979472141,0.9398826979472141,0.0004887585532746823,1229,396739,2048,2048,786,627
2866,2866,True,0.8299637316245452,0.8373094372156131,0.59,0.9139784946236559,0.9139784946236559,0.0004887585532746823,1230,397189,2048,2048,792,608
2529,2529,True,0.7978221327255363,0.8400620363416109,0.615,0.9325513196480938,0.9325513196480938,0.001466275659824047,1231,397298,2048,2048,776,637
2899,2899,True,0.837089140345808,0.8351603466834172,0.63,0.9154447702834799,0.9154447702834799,0.0009775171065493646,1232,397606,2048,2048,814,616
4057,4057,True,0.8883404864341965,0.8570292995541365,0.56,0.9105571847507331,0.9105571847507331,0.0,1233,397820,2048,2048,991,684
2592,2592,True,0.8420258038681367,0.8314415998653276,0.595,0.9413489736070382,0.9413489736070382,0.001466275659824047,1234,397837,2048,2048,788,615
3113,3113,True,0.8252796551299402,0.8725072700301918,0.57,0.9154447702834799,0.9154447702834799,0.0004887585532746823,1235,397896,2048,2048,886,565
2867,2867,True,0.826115518550118,0.8404875699221354,0.56,0.9217986314760508,0.9217986314760508,0.0,1236,398396,2048,2048,827,653
3301,3301,True,0.8643029090786989,0.8586635038533196,0.545,0.906158357771261,0.906158357771261,0.0004887585532746823,1237,398497,2048,2048,904,603
3875,3875,True,0.8781790249856395,0.8461312268083446,0.55,0.9095796676441837,0.9095796676441837,0.0,1238,398522,2048,2048,956,657
3594,3594,True,0.864083768516579,0.8493394817485154,0.525,0.907624633431085,0.907624633431085,0.0004887585532746823,1239,398751,2048,2048,931,610
2828,2828,True,0.8216994903998383,0.8224312005414666,0.6,0.918377321603128,0.918377321603128,0.001466275659824047,1240,398778,2048,2048,783,629
3153,3153,True,0.8312752633991407,0.8650740969614649,0.505,0.9071358748778103,0.9071358748778103,0.0004887585532746823,1241,398888,2048,2048,906,581
3934,3934,True,0.8690604478655231,0.8349801960502923,0.535,0.9130009775171065,0.9130009775171065,0.001466275659824047,1242,398906,2048,2048,959,667
3710,3710,True,0.8620502135649987,0.8503844217398299,0.56,0.9022482893450635,0.9022482893450635,0.001466275659824047,1243,398957,2048,2048,956,610
3281,3281,True,0.8448612754739082,0.8444095572327048,0.57,0.9037145650048876,0.9037145650048876,0.0004887585532746823,1244,399033,2048,2048,872,579
1824,1824,False,0.8371499160965332,0.8371499160965332,0.605,1.0,1.0,0.0043859649122807015,1245,399067,1826,1826,804,527
3007,3007,True,0.8280337312518437,0.8299394332491583,0.535,0.9100684261974584,0.9100684261974584,0.0009775171065493646,1246,399095,2048,2048,830,613
2872,2872,True,0.8273317427394801,0.8283776708828104,0.565,0.9173998044965787,0.9173998044965787,0.0019550342130987292,1247,399104,2048,2048,823,628
2229,2229,True,0.7547349838533447,0.8404781321770207,0.51,0.9496578690127078,0.9496578690127078,0.0004887585532746823,1248,399325,2048,2048,870,651
2462,2462,True,0.8049002399699234,0.8438820976480819,0.6,0.9393939393939394,0.9393939393939394,0.0009775171065493646,1249,399506,2048,2048,775,631
2596,2596,True,0.8289701241499821,0.8266747679238541,0.55,0.9325513196480938,0.9325513196480938,0.0,1250,399623,2048,2048,805,632
3159,3159,True,0.8267995225328152,0.8603875356251701,0.525,0.9081133919843597,0.9081133919843597,0.0,1251,399712,2048,2048,864,615
3806,3806,True,0.8742289270703828,0.855406738749814,0.58,0.9134897360703812,0.9134897360703812,0.0004887585532746823,1252,399964,2048,2048,962,660
2831,2831,True,0.8380366408516225,0.8561120064605074,0.555,0.9193548387096774,0.9193548387096774,0.001466275659824047,1253,400198,2048,2048,808,627
3922,3922,True,0.8757307868946317,0.8478492126215312,0.545,0.9159335288367546,0.9159335288367546,0.0004887585532746823,1254,400240,2048,2048,970,670
2854,2854,True,0.8146811304873555,0.8685617779135169,0.59,0.9159335288367546,0.9159335288367546,0.0,1255,400329,2048,2048,828,595
2516,2516,True,0.7981195959401465,0.8403417731264629,0.56,0.9349951124144672,0.9349951124144672,0.0009775171065493646,1256,400358,2048,2048,839,639
3246,3246,True,0.8695944496858234,0.8735107282024185,0.605,0.9100684261974584,0.9100684261974584,0.0024437927663734115,1257,400441,2048,2048,814,604
3017,3017,True,0.815410565246417,0.8477808111939483,0.585,0.906158357771261,0.906158357771261,0.0,1258,400498,2048,2048,846,607
3569,3569,True,0.8532331938237127,0.8480737226544135,0.56,0.9066471163245357,0.9066471163245357,0.0,1259,400586,2048,2048,944,599
2666,2666,True,0.8365213884654145,0.851198890113753,0.62,0.9252199413489736,0.9252199413489736,0.0,1260,400935,2048,2048,805,664
2090,2090,True,0.7707827163349987,0.7900357964609326,0.565,0.9814271749755621,0.9814271749755621,0.0004887585532746823,1261,400978,2048,2048,918,625
2196,2196,True,0.7785639282642036,0.8272931448707432,0.57,0.955522971652004,0.955522971652004,0.0004887585532746823,1262,400985,2048,2048,861,608
3548,3548,True,0.83957177455832,0.8527670088930497,0.505,0.9002932551319648,0.9002932551319648,0.001466275659824047,1263,401085,2048,2048,868,588
3292,3292,True,0.8390547674173104,0.8634582739605777,0.525,0.8988269794721407,0.8988269794721407,0.0004887585532746823,1264,401194,2048,2048,884,620
3288,3288,True,0.8406008828209535,0.8521321415666889,0.55,0.8998044965786901,0.8998044965786901,0.001466275659824047,1265,401212,2048,2048,885,639
1981,1981,False,0.7341593315563999,0.7341593315563999,0.55,1.0,1.0,0.0005047955577990914,1266,401308,1983,1983,782,529
2879,2879,True,0.8322253885641417,0.8451844945654989,0.545,0.9193548387096774,0.9193548387096774,0.0009775171065493646,1267,401315,2048,2048,836,634
3323,3323,True,0.8528513921796094,0.8534693070861579,0.58,0.9007820136852395,0.9007820136852395,0.0004887585532746823,1268,401345,2048,2048,907,622
3185,3185,True,0.8422077374755416,0.8424787311485956,0.59,0.9027370478983382,0.9027370478983382,0.0,1269,401356,2048,2048,887,609
3606,3606,True,0.8612296127280045,0.8339220578331157,0.545,0.9022482893450635,0.9022482893450635,0.0,1270,401401,2048,2048,904,604
2609,2609,True,0.802870627267051,0.8371584034106261,0.515,0.9271749755620723,0.9271749755620723,0.0004887585532746823,1271,401500,2048,2048,749,630
3942,3942,True,0.8832785492951256,0.8348675964164004,0.51,0.9134897360703812,0.9134897360703812,0.0004887585532746823,1272,401616,2048,2048,1004,666
1872,1872,False,0.7895751329340778,0.7895751329340778,0.57,1.0,1.0,0.002670940170940171,1273,401740,1874,1874,862,550
2929,2929,True,0.8138329816588217,0.8486469187831235,0.535,0.9164222873900293,0.9164222873900293,0.001466275659824047,1274,401813,2048,2048,834,576
3090,3090,True,0.8260414342407856,0.8506778122452285,0.585,0.9120234604105572,0.9120234604105572,0.0009775171065493646,1275,401874,2048,2048,813,618
2731,2731,True,0.8103964276672508,0.8470796525889902,0.53,0.9208211143695014,0.9208211143695014,0.0,1276,401896,2048,2048,831,604
3429,3429,True,0.8568511542086815,0.8478397874584815,0.575,0.9012707722385142,0.9012707722385142,0.0024437927663734115,1277,402277,2048,2048,926,619
3415,3415,True,0.8559090636079415,0.8531307285075248,0.595,0.8993157380254154,0.8993157380254154,0.0024437927663734115,1278,402457,2048,2048,839,578
3320,3320,True,0.8317323556824759,0.8575964449110286,0.53,0.9002932551319648,0.9002932551319648,0.0024437927663734115,1279,402469,2048,2048,864,568
3287,3287,True,0.8622980468446365,0.8456890238232826,0.58,0.8973607038123167,0.8973607038123167,0.0024437927663734115,1280,402599,2048,2048,882,612
2709,2709,True,0.8251882455667282,0.857037583303461,0.585,0.9203323558162267,0.9203323558162267,0.001466275659824047,1281,402601,2048,2048,809,623
3764,3764,True,0.8670076640309164,0.8762256358516615,0.525,0.9144672531769306,0.9144672531769306,0.0009775171065493646,1282,402656,2048,2048,1004,636
3664,3664,True,0.8695398793512071,0.8655067081287408,0.545,0.9090909090909091,0.9090909090909091,0.0009775171065493646,1283,402790,2048,2048,974,628
3336,3336,True,0.856127049735438,0.8508545171005734,0.55,0.8998044965786901,0.8998044965786901,0.0,1284,402811,2048,2048,907,608
3154,3154,True,0.8478484237397056,0.8572932502444456,0.575,0.9125122189638318,0.9125122189638318,0.0004887585532746823,1285,402862,2048,2048,870,603
3183,3183,True,0.846286521211199,0.8598568959285843,0.56,0.9071358748778103,0.9071358748778103,0.0004887585532746823,1286,403032,2048,2048,903,616
2712,2712,True,0.8245085098443802,0.8320043224166425,0.565,0.9247311827956989,0.9247311827956989,0.001466275659824047,1287,403075,2048,2048,787,620
3011,3011,True,0.820642651091058,0.8625855804417126,0.51,0.9144672531769306,0.9144672531769306,0.0,1288,403113,2048,2048,841,596
3443,3443,True,0.8497499769581529,0.861261391080426,0.52,0.9066471163245357,0.9066471163245357,0.0,1289,403298,2048,2048,966,625
2505,2505,True,0.8071247551532613,0.8426205944443894,0.575,0.9359726295210166,0.9359726295210166,0.0019550342130987292,1290,403389,2048,2048,814,643
3627,3627,True,0.8767567661729304,0.8520053693287865,0.52,0.9066471163245357,0.9066471163245357,0.0019550342130987292,1291,403445,2048,2048,956,636
3122,3122,True,0.8404670088783113,0.8458306878716086,0.51,0.9051808406647116,0.9051808406647116,0.001466275659824047,1292,403461,2048,2048,886,607
2814,2814,True,0.8443153352201564,0.8379923914890614,0.595,0.9227761485826002,0.9227761485826002,0.002932551319648094,1293,403552,2048,2048,832,629
3225,3225,True,0.8400478643911062,0.8572372351688993,0.535,0.9100684261974584,0.9100684261974584,0.0019550342130987292,1294,403650,2048,2048,892,593
4430,4430,True,0.9007483727548924,0.8455843070086433,0.53,0.9100684261974584,0.9100684261974584,0.0,1295,403655,2048,2048,1031,700
2989,2989,True,0.8179531190731678,0.8632853069857609,0.54,0.9125122189638318,0.9125122189638318,0.001466275659824047,1296,403725,2048,2048,857,601
2882,2882,True,0.8190540504385495,0.8333038289790109,0.545,0.916911045943304,0.916911045943304,0.0009775171065493646,1297,403768,2048,2048,849,583
3408,3408,True,0.8558360964304884,0.8350952443105929,0.56,0.9022482893450635,0.9022482893450635,0.0009775171065493646,1298,403911,2048,2048,927,614
3058,3058,True,0.8775003776905238,0.8400714411283037,0.61,0.9208211143695014,0.9208211143695014,0.0019550342130987292,1299,404060,2048,2048,823,607
4098,4098,True,0.8889295386584711,0.8327603354730397,0.57,0.9173998044965787,0.9173998044965787,0.0,1300,404157,2048,2048,1012,687
3219,3219,True,0.8337398667864573,0.8520205701933542,0.535,0.9022482893450635,0.9022482893450635,0.0009775171065493646,1301,404276,2048,2048,890,588
3649,3649,True,0.864250026130358,0.8556989720372027,0.56,0.907624633431085,0.907624633431085,0.0009775171065493646,1302,404459,2048,2048,977,632
3184,3184,True,0.8702380583719417,0.8313277785033242,0.585,0.9203323558162267,0.9203323558162267,0.001466275659824047,1303,404521,2048,2048,851,602
2972,2972,True,0.83720604011219,0.8619431575544788,0.515,0.9213098729227761,0.9213098729227761,0.0004887585532746823,1304,404676,2048,2048,803,593
3236,3236,True,0.8433824012648246,0.8370825405251642,0.545,0.9002932551319648,0.9002932551319648,0.0,1305,404952,2048,2048,870,598
3691,3691,True,0.8678447612530544,0.8617259885142868,0.595,0.9046920821114369,0.9046920821114369,0.0004887585532746823,1306,405109,2048,2048,983,628
3454,3454,True,0.8609184657213457,0.8346373398290488,0.56,0.8983382209188661,0.8983382209188661,0.0,1307,405541,2048,2048,903,620
3279,3279,True,0.8400169376485761,0.8355204901484766,0.585,0.9032258064516129,0.9032258064516129,0.0024437927663734115,1308,405650,2048,2048,884,615
2787,2787,True,0.8269554514588713,0.8410640422482029,0.535,0.9173998044965787,0.9173998044965787,0.0019550342130987292,1309,405688,2048,2048,803,626
3964,3964,True,0.879377123924697,0.8431269470705723,0.55,0.9130009775171065,0.9130009775171065,0.0,1310,405864,2048,2048,921,663
2482,2482,True,0.8098863193876531,0.8419220628543341,0.63,0.9398826979472141,0.9398826979472141,0.0004887585532746823,1311,405965,2048,2048,816,640
2866,2866,True,0.8221169787403096,0.8338194739311082,0.575,0.918377321603128,0.918377321603128,0.0004887585532746823,1312,406498,2048,2048,775,621
2345,2345,True,0.8131107730093741,0.8397688843179525,0.59,0.944770283479961,0.944770283479961,0.0009775171065493646,1313,406718,2048,2048,813,641
2699,2699,True,0.8086471895209063,0.8503933677802881,0.54,0.9261974584555229,0.9261974584555229,0.0009775171065493646,1314,406768,2048,2048,757,596
2124,2124,True,0.7699902597123062,0.8060084190060955,0.6,0.9696969696969697,0.9696969696969697,0.0,1315,406904,2048,2048,878,620
2607,2607,True,0.8096774801600691,0.8390175758653907,0.58,0.9252199413489736,0.9252199413489736,0.0,1316,407046,2048,2048,820,638
2544,2544,True,0.7823305644016443,0.837543394847274,0.54,0.9305962854349951,0.9305962854349951,0.001466275659824047,1317,407295,2048,2048,812,638
3101,3101,True,0.8452193465770949,0.8499800362533562,0.555,0.9105571847507331,0.9105571847507331,0.0,1318,407307,2048,2048,833,623
2864,2864,True,0.8643446207730205,0.8350255407992665,0.595,0.9232649071358748,0.9232649071358748,0.0019550342130987292,1319,407344,2048,2048,823,614
2534,2534,True,0.8158020398630826,0.8463808099092528,0.6,0.9330400782013685,0.9330400782013685,0.0004887585532746823,1320,407464,2048,2048,810,637
2849,2849,True,0.8058350814160986,0.8496191986259433,0.515,0.916911045943304,0.916911045943304,0.0,1321,407528,2048,2048,810,608
2154,2154,True,0.7458070707967827,0.8121305925892437,0.575,0.9623655913978495,0.9623655913978495,0.0004887585532746823,1322,407571,2048,2048,845,617
2537,2537,True,0.7956287793509713,0.8597510689025629,0.585,0.9315738025415444,0.9315738025415444,0.0,1323,407725,2048,2048,832,643
2690,2690,True,0.7963721676688853,0.8567946921942396,0.575,0.9193548387096774,0.9193548387096774,0.0,1324,408032,2048,2048,808,633
2227,2227,True,0.8171199276030586,0.8550966839690904,0.6,0.9525904203323559,0.9525904203323559,0.0004887585532746823,1325,408059,2048,2048,841,656
2544,2544,True,0.8325218117744991,0.8418393406228107,0.565,0.9428152492668622,0.9428152492668622,0.0004887585532746823,1326,408141,2048,2048,788,662
2352,2352,True,0.8045897292007279,0.8393010071563998,0.605,0.9423264907135875,0.9423264907135875,0.0004887585532746823,1327,408229,2048,2048,796,640
2902,2902,True,0.8357997713113342,0.8457561939448763,0.605,0.9149560117302052,0.9149560117302052,0.0004887585532746823,1328,408293,2048,2048,779,627
3754,3754,True,0.8929115547099304,0.8660310647204104,0.6,0.9154447702834799,0.9154447702834799,0.0004887585532746823,1329,408384,2048,2048,897,641
2879,2879,True,0.837207924167586,0.8402130743128012,0.595,0.9237536656891495,0.9237536656891495,0.0,1330,408569,2048,2048,814,641
1898,1898,False,0.7826596040434193,0.7826596040434193,0.63,1.0,1.0,0.001053740779768177,1331,408608,1900,1900,830,523
2783,2783,True,0.8061596231237781,0.8523354501266338,0.605,0.9154447702834799,0.9154447702834799,0.0,1332,408666,2048,2048,807,638
3035,3035,True,0.8552250261557199,0.8502300203961787,0.54,0.9144672531769306,0.9144672531769306,0.0,1333,408685,2048,2048,860,639
2772,2772,True,0.8175926536990062,0.827436399341909,0.575,0.9164222873900293,0.9164222873900293,0.0,1334,408779,2048,2048,810,626
3495,3495,True,0.8611412947557547,0.8450224077576568,0.545,0.907624633431085,0.907624633431085,0.0009775171065493646,1335,408857,2048,2048,934,599
2995,2995,True,0.8381748945376661,0.8683984842933614,0.535,0.9154447702834799,0.9154447702834799,0.001466275659824047,1336,408878,2048,2048,862,624
3300,3300,True,0.8422266488395788,0.8735685747270365,0.555,0.9051808406647116,0.9051808406647116,0.0004887585532746823,1337,408890,2048,2048,929,629
3616,3616,True,0.8660743400313424,0.8486716270286783,0.55,0.9032258064516129,0.9032258064516129,0.002932551319648094,1338,408982,2048,2048,935,620
2978,2978,True,0.8290615249106198,0.8430043791895702,0.51,0.9173998044965787,0.9173998044965787,0.0009775171065493646,1339,409033,2048,2048,822,630
2574,2574,True,0.8212071578524551,0.8471744512430978,0.585,0.9310850439882697,0.9310850439882697,0.0009775171065493646,1340,409045,2048,2048,802,658
2803,2803,True,0.8146282757095655,0.8401248119702878,0.555,0.916911045943304,0.916911045943304,0.0004887585532746823,1341,409058,2048,2048,779,660
3028,3028,True,0.8368637865798959,0.841514628349497,0.555,0.9134897360703812,0.9134897360703812,0.001466275659824047,1342,409225,2048,2048,833,619
3231,3231,True,0.856240470498752,0.8343763705085225,0.565,0.9017595307917888,0.9017595307917888,0.001466275659824047,1343,409279,2048,2048,860,627
2762,2762,True,0.8211434113514255,0.854210097631213,0.595,0.9222873900293255,0.9222873900293255,0.0,1344,409366,2048,2048,824,642
3752,3752,True,0.8750332130092017,0.8389588325119115,0.54,0.9095796676441837,0.9095796676441837,0.0004887585532746823,1345,409373,2048,2048,960,609
2982,2982,True,0.8259609901098668,0.8566215171194791,0.585,0.916911045943304,0.916911045943304,0.0024437927663734115,1346,409400,2048,2048,856,605
3028,3028,True,0.8390087050431071,0.8295715407909496,0.545,0.9105571847507331,0.9105571847507331,0.001466275659824047,1347,409454,2048,2048,806,608
3027,3027,True,0.8569246474251259,0.8552074634715308,0.51,0.9159335288367546,0.9159335288367546,0.0,1348,409617,2048,2048,840,632
2880,2880,True,0.836074924878021,0.8646600846037946,0.63,0.9213098729227761,0.9213098729227761,0.0004887585532746823,1349,409681,2048,2048,803,627
3068,3068,True,0.8395382733119338,0.8451105683866057,0.6,0.9149560117302052,0.9149560117302052,0.0019550342130987292,1350,409763,2048,2048,824,602
3255,3255,True,0.8427889696492112,0.8633415309820008,0.54,0.9100684261974584,0.9100684261974584,0.0009775171065493646,1351,409792,2048,2048,917,599
3268,3268,True,0.8478504861362423,0.8559223292548038,0.555,0.9134897360703812,0.9134897360703812,0.0,1352,409836,2048,2048,906,561
2791,2791,True,0.8225240909928323,0.8477561324543438,0.565,0.9120234604105572,0.9120234604105572,0.001466275659824047,1353,409885,2048,2048,834,627
2597,2597,True,0.8187848358676674,0.8247528833461651,0.59,0.9349951124144672,0.9349951124144672,0.0019550342130987292,1354,409939,2048,2048,800,610
2826,2826,True,0.810661250102111,0.8658976350425956,0.61,0.9198435972629521,0.9198435972629521,0.0004887585532746823,1355,409959,2048,2048,839,620
3861,3861,True,0.8759479371221791,0.8586120220833212,0.6,0.8983382209188661,0.8983382209188661,0.0019550342130987292,1356,410009,2048,2048,973,657
3471,3471,True,0.8465978071426522,0.8578650389412964,0.505,0.9037145650048876,0.9037145650048876,0.0,1357,410036,2048,2048,939,616
2873,2873,True,0.8274868319256607,0.8499921935361864,0.555,0.9198435972629521,0.9198435972629521,0.0024437927663734115,1358,410094,2048,2048,831,616
3076,3076,True,0.8233255693235788,0.8365182726885995,0.58,0.9100684261974584,0.9100684261974584,0.0,1359,410113,2048,2048,848,612
2903,2903,True,0.820364653090491,0.8547696995321392,0.575,0.9130009775171065,0.9130009775171065,0.0009775171065493646,1360,410178,2048,2048,832,617
1723,1723,False,0.8062719895498864,0.8062719895498864,0.665,1.0,1.0,0.002901915264074289,1361,410296,1725,1725,773,483
2585,2585,True,0.8167850474345832,0.823613634529494,0.56,0.9305962854349951,0.9305962854349951,0.001466275659824047,1362,410386,2048,2048,817,640
2488,2488,True,0.807127701878725,0.8441707169220656,0.535,0.9349951124144672,0.9349951124144672,0.001466275659824047,1363,410424,2048,2048,799,650
3878,3878,True,0.8713563844721774,0.8464870445115061,0.555,0.9139784946236559,0.9139784946236559,0.0009775171065493646,1364,410462,2048,2048,1007,665
3007,3007,True,0.8302641483443404,0.8320836439409436,0.565,0.9159335288367546,0.9159335288367546,0.0009775171065493646,1365,410503,2048,2048,788,598
2831,2831,True,0.8046371229582928,0.8564347411124309,0.56,0.9198435972629521,0.9198435972629521,0.0,1366,410572,2048,2048,818,624
1530,1530,False,0.8403463512664723,0.8403463512664723,0.565,1.0,1.0,0.00392156862745098,1367,410576,1532,1532,643,394
3499,3499,True,0.8750499879581937,0.8620380235790663,0.555,0.9012707722385142,0.9012707722385142,0.0009775171065493646,1368,410625,2048,2048,924,605
3359,3359,True,0.8717787341267019,0.8395058924966983,0.625,0.9037145650048876,0.9037145650048876,0.0009775171065493646,1369,410709,2048,2048,874,620
2887,2887,True,0.8225867210385163,0.848324949656268,0.54,0.9149560117302052,0.9149560117302052,0.0009775171065493646,1370,410774,2048,2048,830,614
3099,3099,True,0.8276395078932434,0.8502842927404552,0.53,0.9100684261974584,0.9100684261974584,0.0019550342130987292,1371,410906,2048,2048,873,577
3064,3064,True,0.8699044383160692,0.8337062584786874,0.57,0.9120234604105572,0.9120234604105572,0.0,1372,410929,2048,2048,798,598
3224,3224,True,0.8260654243252452,0.8590312624367736,0.52,0.9110459433040078,0.9110459433040078,0.001466275659824047,1373,411026,2048,2048,873,615
2693,2693,True,0.7944370029285479,0.8447857181583208,0.505,0.9237536656891495,0.9237536656891495,0.0,1374,411061,2048,2048,812,604
3287,3287,True,0.8447217041922822,0.88105251210027,0.55,0.9164222873900293,0.9164222873900293,0.0009775171065493646,1375,411463,2048,2048,817,585
2776,2776,True,0.8258600860612653,0.8605609421912571,0.57,0.9198435972629521,0.9198435972629521,0.0,1376,411490,2048,2048,821,611
3169,3169,True,0.8619892017893084,0.84384942173787,0.565,0.906158357771261,0.906158357771261,0.0009775171065493646,1377,412080,2048,2048,767,601
3003,3003,True,0.8484975123824856,0.8319926388467013,0.535,0.9100684261974584,0.9100684261974584,0.0,1378,412434,2048,2048,802,616
3584,3584,True,0.8647384774585574,0.8514420640771376,0.585,0.8998044965786901,0.8998044965786901,0.0004887585532746823,1379,412435,2048,2048,941,622
3547,3547,True,0.8727789100055243,0.8454496591920923,0.565,0.9022482893450635,0.9022482893450635,0.0,1380,412592,2048,2048,921,597
2261,2261,True,0.8496824254924381,0.8607758400271027,0.68,0.9545454545454546,0.9545454545454546,0.0,1381,412705,2048,2048,768,616
3174,3174,True,0.8565825660717874,0.8539738672940926,0.56,0.9139784946236559,0.9139784946236559,0.0019550342130987292,1382,412890,2048,2048,861,613
3395,3395,True,0.8470160698890064,0.8577207444596996,0.525,0.8958944281524927,0.8958944281524927,0.0,1383,413068,2048,2048,880,617
3168,3168,True,0.849009545224334,0.8484736625227616,0.56,0.9086021505376344,0.9086021505376344,0.0009775171065493646,1384,413202,2048,2048,871,594
3320,3320,True,0.8530489466609316,0.8625232327321223,0.59,0.9095796676441837,0.9095796676441837,0.002932551319648094,1385,413207,2048,2048,916,600
2915,2915,True,0.8437112942605836,0.8383307086014037,0.58,0.9144672531769306,0.9144672531769306,0.0024437927663734115,1386,413272,2048,2048,826,621
3948,3948,True,0.8811870755503941,0.8550409571411863,0.595,0.9193548387096774,0.9193548387096774,0.0019550342130987292,1387,413299,2048,2048,982,653
2601,2601,True,0.8389819492127805,0.8505880752051335,0.56,0.9349951124144672,0.9349951124144672,0.0,1388,413561,2048,2048,800,646
4168,4168,True,0.8925443798872755,0.8549572132346226,0.55,0.9120234604105572,0.9120234604105572,0.0004887585532746823,1389,413676,2048,2048,991,686
2419,2419,True,0.8395798097007608,0.8531486748051041,0.595,0.9521016617790812,0.9521016617790812,0.0004887585532746823,1390,413718,2048,2048,838,647
2962,2962,True,0.8422756370212698,0.8309294123304903,0.57,0.9222873900293255,0.9222873900293255,0.0,1391,413744,2048,2048,839,614
2920,2920,True,0.8548157755662859,0.8387104293118385,0.565,0.9227761485826002,0.9227761485826002,0.0004887585532746823,1392,413790,2048,2048,826,619
3351,3351,True,0.8554737458527123,0.8612090826221368,0.545,0.8958944281524927,0.8958944281524927,0.0004887585532746823,1393,413864,2048,2048,910,608
3206,3206,True,0.8450767448925124,0.852075418534573,0.575,0.9130009775171065,0.9130009775171065,0.002932551319648094,1394,414040,2048,2048,892,609
2976,2976,True,0.8182704434185172,0.8420990408901112,0.585,0.9095796676441837,0.9095796676441837,0.0004887585532746823,1395,414182,2048,2048,778,608
2728,2728,True,0.8239522222887428,0.8389903891130546,0.575,0.9257086999022482,0.9257086999022482,0.0009775171065493646,1396,414306,2048,2048,800,675
3307,3307,True,0.8618905782669751,0.8468476075816178,0.585,0.9032258064516129,0.9032258064516129,0.0004887585532746823,1397,414335,2048,2048,872,563
3867,3867,True,0.8700203287150964,0.8514691736371442,0.52,0.9086021505376344,0.9086021505376344,0.0,1398,414451,2048,2048,1001,636
4010,4010,True,0.9047510779157455,0.8547863769942372,0.58,0.9227761485826002,0.9227761485826002,0.001466275659824047,1399,414477,2048,2048,929,659
3267,3267,True,0.8491257732891784,0.849255163209325,0.52,0.906158357771261,0.906158357771261,0.0024437927663734115,1400,414511,2048,2048,911,616
3169,3169,True,0.843500727612024,0.8553698857673163,0.57,0.9012707722385142,0.9012707722385142,0.0,1401,414556,2048,2048,858,610
2820,2820,True,0.8204866481171279,0.8655671237933006,0.58,0.9139784946236559,0.9139784946236559,0.0,1402,414610,2048,2048,819,623
3381,3381,True,0.8548104885299381,0.8567463169480624,0.57,0.8993157380254154,0.8993157380254154,0.0,1403,414654,2048,2048,912,617
2689,2689,True,0.7868562664921721,0.8553204091869481,0.555,0.9217986314760508,0.9217986314760508,0.001466275659824047,1404,414768,2048,2048,811,644
3501,3501,True,0.8731990280425945,0.8554640250738751,0.555,0.8993157380254154,0.8993157380254154,0.0004887585532746823,1405,414798,2048,2048,919,623
2473,2473,True,0.7884019239893256,0.8476818768056346,0.555,0.9330400782013685,0.9330400782013685,0.0,1406,414883,2048,2048,834,631
2851,2851,True,0.8280780458083794,0.8401729139830222,0.565,0.9115347018572825,0.9115347018572825,0.0004887585532746823,1407,414902,2048,2048,850,623
3582,3582,True,0.8711305007854047,0.8701649634258556,0.6,0.9081133919843597,0.9081133919843597,0.0,1408,415223,2048,2048,948,623
2922,2922,True,0.8184503106585207,0.8359794274921574,0.58,0.9095796676441837,0.9095796676441837,0.0019550342130987292,1409,415277,2048,2048,802,604
3893,3893,True,0.8801791460200732,0.8713845114391476,0.535,0.9173998044965787,0.9173998044965787,0.0004887585532746823,1410,415409,2048,2048,1005,669
2987,2987,True,0.828303089681557,0.8566931470348955,0.545,0.9144672531769306,0.9144672531769306,0.001466275659824047,1411,415485,2048,2048,841,615
2581,2581,True,0.7851654365694337,0.859198266037508,0.525,0.9257086999022482,0.9257086999022482,0.001466275659824047,1412,415504,2048,2048,796,622
4032,4032,True,0.8841038282859864,0.8574097598522602,0.575,0.9134897360703812,0.9134897360703812,0.0004887585532746823,1413,415608,2048,2048,948,671
2920,2920,True,0.8215164079762226,0.861448861813474,0.555,0.9188660801564027,0.9188660801564027,0.0004887585532746823,1414,415651,2048,2048,834,598
3069,3069,True,0.828908595626672,0.8548208111164185,0.54,0.9139784946236559,0.9139784946236559,0.0019550342130987292,1415,415656,2048,2048,797,600
3780,3780,True,0.8725699912548767,0.8560262308682445,0.565,0.9159335288367546,0.9159335288367546,0.001466275659824047,1416,416037,2048,2048,986,667
2788,2788,True,0.8110823361981842,0.8305929865961098,0.62,0.9178885630498533,0.9178885630498533,0.0039100684261974585,1417,416057,2048,2048,787,637
2593,2593,True,0.7945549285145378,0.8496039285685183,0.6,0.9281524926686217,0.9281524926686217,0.0009775171065493646,1418,416353,2048,2048,771,634
2267,2267,True,0.811161923289923,0.8342648362856547,0.56,0.9496578690127078,0.9496578690127078,0.0004887585532746823,1419,416484,2048,2048,867,651
3344,3344,True,0.8449686115598727,0.8421987376890138,0.545,0.8983382209188661,0.8983382209188661,0.0,1420,416541,2048,2048,930,570
3785,3785,True,0.8731121063130968,0.842225105026801,0.525,0.8998044965786901,0.8998044965786901,0.0004887585532746823,1421,416542,2048,2048,901,637
3044,3044,True,0.8308019760286424,0.8464401959144834,0.535,0.9105571847507331,0.9105571847507331,0.0004887585532746823,1422,416601,2048,2048,809,614
2243,2243,True,0.8237602029859372,0.860334361894436,0.64,0.9530791788856305,0.9530791788856305,0.0004887585532746823,1423,416618,2048,2048,866,655
2902,2902,True,0.8327600737478278,0.8594658226434791,0.535,0.9154447702834799,0.9154447702834799,0.0019550342130987292,1424,416662,2048,2048,818,621
3345,3345,True,0.8442247130567199,0.8383031608502878,0.54,0.8905180840664711,0.8905180840664711,0.001466275659824047,1425,416714,2048,2048,875,600
3144,3144,True,0.8405219020397389,0.8557066778297343,0.575,0.9017595307917888,0.9017595307917888,0.0,1426,416888,2048,2048,839,611
3134,3134,True,0.8407088545987682,0.8479750949685679,0.61,0.8998044965786901,0.8998044965786901,0.0009775171065493646,1427,417014,2048,2048,879,581
2343,2343,True,0.8183766544602876,0.8600837532914973,0.62,0.9467253176930597,0.9467253176930597,0.0009775171065493646,1428,417036,2048,2048,729,630
3416,3416,True,0.8567844875152726,0.845191862413696,0.59,0.8929618768328446,0.8929618768328446,0.0009775171065493646,1429,417158,2048,2048,886,583
3055,3055,True,0.8483660003687827,0.860017080466283,0.555,0.9100684261974584,0.9100684261974584,0.0,1430,417175,2048,2048,889,624
2900,2900,True,0.8267788915354787,0.8414846343156165,0.64,0.9110459433040078,0.9110459433040078,0.001466275659824047,1431,417189,2048,2048,747,617
3015,3015,True,0.829761219880157,0.8334552980507567,0.565,0.9086021505376344,0.9086021505376344,0.0024437927663734115,1432,417263,2048,2048,807,608
2558,2558,True,0.7812300246827872,0.8303289554512474,0.57,0.9271749755620723,0.9271749755620723,0.0009775171065493646,1433,417311,2048,2048,804,613
3655,3655,True,0.860876388163249,0.8569058496523599,0.54,0.9012707722385142,0.9012707722385142,0.0004887585532746823,1434,417379,2048,2048,929,608
1748,1748,False,0.7788361460545226,0.7788361460545226,0.565,1.0,1.0,0.0017162471395881006,1435,417406,1750,1750,805,478
2780,2780,True,0.8077013696567628,0.8523827574865905,0.58,0.9213098729227761,0.9213098729227761,0.0,1436,417498,2048,2048,874,605
3323,3323,True,0.842420376295443,0.8620854636701348,0.54,0.895405669599218,0.895405669599218,0.0,1437,417518,2048,2048,909,567
3208,3208,True,0.8320693566514767,0.8235025022344895,0.52,0.8983382209188661,0.8983382209188661,0.0019550342130987292,1438,417552,2048,2048,856,586
2845,2845,True,0.8249176210556209,0.8673835663203247,0.58,0.9217986314760508,0.9217986314760508,0.0004887585532746823,1439,417685,2048,2048,822,619
3758,3758,True,0.8640723187320828,0.8550952687154852,0.585,0.9007820136852395,0.9007820136852395,0.0009775171065493646,1440,417706,2048,2048,955,640
3454,3454,True,0.8549469161824457,0.8376007763506899,0.54,0.9042033235581622,0.9042033235581622,0.0004887585532746823,1441,417745,2048,2048,950,601
4110,4110,True,0.878052056076285,0.8493886768987507,0.58,0.9042033235581622,0.9042033235581622,0.001466275659824047,1442,417772,2048,2048,937,662
2918,2918,True,0.8209479308062656,0.8386654643155085,0.57,0.9095796676441837,0.9095796676441837,0.001466275659824047,1443,417891,2048,2048,803,628
3051,3051,True,0.8458872755321619,0.8358636792424827,0.565,0.907624633431085,0.907624633431085,0.0,1444,417985,2048,2048,807,616
3765,3765,True,0.8721600484758486,0.8607020931943966,0.55,0.9071358748778103,0.9071358748778103,0.0009775171065493646,1445,418016,2048,2048,967,642
1673,1673,False,0.7215191702000064,0.7215191702000064,0.615,1.0,1.0,0.001195457262402869,1446,418262,1675,1675,726,429
3225,3225,True,0.8675684543006132,0.830845142979418,0.545,0.9090909090909091,0.9090909090909091,0.0,1447,418286,2048,2048,823,589
3025,3025,True,0.8432282338756533,0.8493503303713472,0.59,0.9173998044965787,0.9173998044965787,0.0009775171065493646,1448,418351,2048,2048,810,620
3008,3008,True,0.8339781153077217,0.8467743812443396,0.55,0.9125122189638318,0.9125122189638318,0.0,1449,418865,2048,2048,843,609
2778,2778,True,0.8261588779277482,0.845076817076977,0.55,0.9208211143695014,0.9208211143695014,0.0019550342130987292,1450,418912,2048,2048,806,659
2722,2722,True,0.831830593729812,0.8529410896927143,0.58,0.9257086999022482,0.9257086999022482,0.0009775171065493646,1451,419060,2048,2048,813,612
3007,3007,True,0.8459389070036873,0.8551474253247202,0.565,0.9139784946236559,0.9139784946236559,0.0004887585532746823,1452,419180,2048,2048,829,618
4135,4135,True,0.8961158032116505,0.8496775705751417,0.565,0.9125122189638318,0.9125122189638318,0.0019550342130987292,1453,419444,2048,2048,996,678
3056,3056,True,0.8306654721548828,0.859757185981003,0.55,0.9154447702834799,0.9154447702834799,0.0009775171065493646,1454,419515,2048,2048,846,624
3722,3722,True,0.8772228714766286,0.8248190892864177,0.52,0.8963831867057673,0.8963831867057673,0.0019550342130987292,1455,419615,2048,2048,927,621
4050,4050,True,0.8904328878540149,0.85844754760093,0.555,0.9154447702834799,0.9154447702834799,0.001466275659824047,1456,419647,2048,2048,1011,673
3201,3201,True,0.8384970261528203,0.8572729845141482,0.54,0.9071358748778103,0.9071358748778103,0.001466275659824047,1457,419686,2048,2048,881,596
2564,2564,True,0.8186671994058028,0.8384473645713512,0.575,0.9330400782013685,0.9330400782013685,0.0004887585532746823,1458,419888,2048,2048,833,650
3420,3420,True,0.8619267717849696,0.8445726916488747,0.6,0.8939393939393939,0.8939393939393939,0.0,1459,420002,2048,2048,912,607
3533,3533,True,0.8574424067963489,0.8574765352753454,0.585,0.9037145650048876,0.9037145650048876,0.0009775171065493646,1460,420013,2048,2048,848,619
2700,2700,True,0.8163704726007355,0.8521091118984425,0.61,0.9217986314760508,0.9217986314760508,0.0019550342130987292,1461,420151,2048,2048,733,626
3119,3119,True,0.8464157884673086,0.8423642009036753,0.585,0.9120234604105572,0.9120234604105572,0.0004887585532746823,1462,420195,2048,2048,851,577
2922,2922,True,0.8243755494619093,0.8406587857214897,0.515,0.9159335288367546,0.9159335288367546,0.0019550342130987292,1463,420356,2048,2048,821,627
3788,3788,True,0.8711408723472444,0.8527270051095681,0.525,0.9134897360703812,0.9134897360703812,0.0009775171065493646,1464,420492,2048,2048,988,659
3280,3280,True,0.850552077792498,0.8456811242038303,0.555,0.9046920821114369,0.9046920821114369,0.0004887585532746823,1465,420523,2048,2048,890,589
2745,2745,True,0.7985613616010528,0.8682973832642065,0.48,0.929130009775171,0.929130009775171,0.0004887585532746823,1466,420670,2048,2048,823,596
2941,2941,True,0.8379719470691654,0.8472406392746549,0.55,0.9173998044965787,0.9173998044965787,0.0004887585532746823,1467,420744,2048,2048,812,606
2796,2796,True,0.8213614407096415,0.8504994541407014,0.645,0.9198435972629521,0.9198435972629521,0.0,1468,420775,2048,2048,825,634
2501,2501,True,0.8144563197263063,0.8197290725931925,0.6,0.9413489736070382,0.9413489736070382,0.0004887585532746823,1469,420803,2048,2048,810,629
4512,4512,True,0.9061281405007469,0.8514047274351595,0.565,0.9125122189638318,0.9125122189638318,0.0009775171065493646,1470,420814,2048,2048,1039,681
3622,3622,True,0.8551907290477699,0.8447909115194459,0.51,0.9012707722385142,0.9012707722385142,0.0009775171065493646,1471,420904,2048,2048,956,607
2860,2860,True,0.8422629682539611,0.8368076404653122,0.57,0.9252199413489736,0.9252199413489736,0.001466275659824047,1472,420938,2048,2048,760,627
3227,3227,True,0.8338933003996235,0.8476635327733798,0.575,0.9027370478983382,0.9027370478983382,0.0,1473,421010,2048,2048,860,609
3026,3026,True,0.8291515920712648,0.8669028168075118,0.59,0.9159335288367546,0.9159335288367546,0.0,1474,421168,2048,2048,868,621
3437,3437,True,0.8612720542030584,0.847523773354989,0.6,0.8958944281524927,0.8958944281524927,0.0009775171065493646,1475,421284,2048,2048,886,601
2138,2138,True,0.8064027970459694,0.8109067363391687,0.615,0.966275659824047,0.966275659824047,0.0024437927663734115,1476,421370,2048,2048,843,587
3174,3174,True,0.8405418506406616,0.8349419437044713,0.48,0.9046920821114369,0.9046920821114369,0.0009775171065493646,1477,421392,2048,2048,856,588
3115,3115,True,0.8507793136482953,0.845164787283592,0.57,0.9130009775171065,0.9130009775171065,0.0,1478,421520,2048,2048,816,603
2817,2817,True,0.8042915869095543,0.8415924680651479,0.57,0.9115347018572825,0.9115347018572825,0.002932551319648094,1479,421531,2048,2048,788,643
3786,3786,True,0.8791725975489612,0.8460728238996227,0.57,0.8993157380254154,0.8993157380254154,0.0019550342130987292,1480,421591,2048,2048,944,648
4498,4498,True,0.9092078606830083,0.8560524652238123,0.575,0.9164222873900293,0.9164222873900293,0.0004887585532746823,1481,421651,2048,2048,1030,675
3204,3204,True,0.8415557893104696,0.8560910353594245,0.545,0.9046920821114369,0.9046920821114369,0.0009775171065493646,1482,421847,2048,2048,824,583
3383,3383,True,0.8554599061276386,0.8568987230142239,0.55,0.8973607038123167,0.8973607038123167,0.0004887585532746823,1483,421876,2048,2048,911,615
3115,3115,True,0.8288016163981698,0.8568303580313451,0.565,0.9105571847507331,0.9105571847507331,0.0009775171065493646,1484,421883,2048,2048,815,585
2584,2584,True,0.8064601651040734,0.8409886016935157,0.585,0.9271749755620723,0.9271749755620723,0.0009775171065493646,1485,421941,2048,2048,819,653
3063,3063,True,0.8426310538217566,0.8409148444194572,0.58,0.9090909090909091,0.9090909090909091,0.0019550342130987292,1486,421955,2048,2048,828,627
2823,2823,True,0.8199982452169012,0.8508058070458432,0.585,0.9188660801564027,0.9188660801564027,0.0,1487,421965,2048,2048,814,631
3830,3830,True,0.8784913484771678,0.858905592874306,0.54,0.9159335288367546,0.9159335288367546,0.0,1488,421998,2048,2048,971,624
3537,3537,True,0.8578037854673676,0.8674922944521738,0.57,0.9042033235581622,0.9042033235581622,0.001466275659824047,1489,422086,2048,2048,999,625
3489,3489,True,0.8537497138162669,0.8673167767499044,0.53,0.9100684261974584,0.9100684261974584,0.0019550342130987292,1490,422239,2048,2048,925,581
3564,3564,True,0.8688684191088323,0.8531292012365005,0.56,0.895405669599218,0.895405669599218,0.001466275659824047,1491,422337,2048,2048,917,595
3371,3371,True,0.8518979210016833,0.848578073653689,0.515,0.8949169110459433,0.8949169110459433,0.0,1492,422379,2048,2048,893,621
3075,3075,True,0.8256533934647602,0.8540770358595776,0.54,0.9139784946236559,0.9139784946236559,0.0004887585532746823,1493,422413,2048,2048,854,595
3402,3402,True,0.848673378866411,0.8658550170435303,0.52,0.9017595307917888,0.9017595307917888,0.0024437927663734115,1494,422466,2048,2048,913,599
2678,2678,True,0.7986632758222527,0.8588987234196392,0.57,0.9247311827956989,0.9247311827956989,0.0,1495,422468,2048,2048,837,625
2663,2663,True,0.8408484448214699,0.8520611408752204,0.59,0.9301075268817204,0.9301075268817204,0.0009775171065493646,1496,422495,2048,2048,840,661
1515,1515,False,0.8964612043474314,0.8964612043474314,0.52,1.0,1.0,0.0019801980198019802,1497,422661,1517,1517,570,392
3442,3442,True,0.8521414593608252,0.8545612918572213,0.555,0.9081133919843597,0.9081133919843597,0.0009775171065493646,1498,422683,2048,2048,912,586
2707,2707,True,0.8057917403152508,0.8611420975272533,0.525,0.9252199413489736,0.9252199413489736,0.0009775171065493646,1499,422755,2048,2048,820,638
3125,3125,True,0.828067762133787,0.8553057682395108,0.555,0.9081133919843597,0.9081133919843597,0.0004887585532746823,1500,422761,2048,2048,841,582
3487,3487,True,0.8744443928029977,0.8304604093025608,0.585,0.896871945259042,0.896871945259042,0.0019550342130987292,1501,422942,2048,2048,941,623
2030,2030,False,0.8224541536949557,0.8224541536949557,0.575,1.0,1.0,0.0004926108374384236,1502,423006,2032,2032,878,579
3561,3561,True,0.8599430410864922,0.8348506748831248,0.565,0.9037145650048876,0.9037145650048876,0.0009775171065493646,1503,423113,2048,2048,937,630
3177,3177,True,0.8406645334828927,0.8600327161067145,0.55,0.9159335288367546,0.9159335288367546,0.0004887585532746823,1504,423190,2048,2048,821,608
3494,3494,True,0.8738528129887966,0.831174224864537,0.575,0.8949169110459433,0.8949169110459433,0.0009775171065493646,1505,423425,2048,2048,939,629
2461,2461,True,0.8087351597363641,0.818318270107995,0.56,0.9418377321603129,0.9418377321603129,0.0004887585532746823,1506,423512,2048,2048,780,606
3432,3432,True,0.8497106013298696,0.8654980199770534,0.55,0.9046920821114369,0.9046920821114369,0.001466275659824047,1507,423575,2048,2048,921,605
3854,3854,True,0.8801634956794648,0.8469403059423161,0.58,0.9095796676441837,0.9095796676441837,0.0004887585532746823,1508,423622,2048,2048,950,627
2984,2984,True,0.8154862844490939,0.8516968521385458,0.5,0.9159335288367546,0.9159335288367546,0.0024437927663734115,1509,423658,2048,2048,840,633
3058,3058,True,0.8416373960781304,0.8599790134372914,0.565,0.9217986314760508,0.9217986314760508,0.0,1510,423673,2048,2048,807,587
3175,3175,True,0.8350685864928271,0.8459426490944448,0.56,0.9149560117302052,0.9149560117302052,0.0009775171065493646,1511,423715,2048,2048,861,607
3134,3134,True,0.8261487603061252,0.8711711290483174,0.56,0.9100684261974584,0.9100684261974584,0.0004887585532746823,1512,423725,2048,2048,848,591
3770,3770,True,0.8609611240235885,0.8427480670535588,0.535,0.8919843597262952,0.8919843597262952,0.003421309872922776,1513,423814,2048,2048,905,598
2389,2389,True,0.786880371970418,0.8551383599745533,0.555,0.9403714565004888,0.9403714565004888,0.0,1514,423821,2048,2048,861,654
2876,2876,True,0.8363399589998929,0.8632722803252711,0.525,0.9193548387096774,0.9193548387096774,0.0039100684261974585,1515,423895,2048,2048,844,622
2532,2532,True,0.8257255263679802,0.8558286979889704,0.575,0.9315738025415444,0.9315738025415444,0.003421309872922776,1516,423898,2048,2048,761,623
3065,3065,True,0.830596783739722,0.861984991021363,0.52,0.9208211143695014,0.9208211143695014,0.0004887585532746823,1517,423941,2048,2048,846,606
3025,3025,True,0.8377766701443321,0.8517828266339839,0.55,0.906158357771261,0.906158357771261,0.0004887585532746823,1518,424050,2048,2048,850,601
3548,3548,True,0.8771364957480188,0.8434193030804028,0.575,0.9032258064516129,0.9032258064516129,0.0009775171065493646,1519,424070,2048,2048,918,607
3897,3897,True,0.8759761486206213,0.8608489113943305,0.52,0.9232649071358748,0.9232649071358748,0.0004887585532746823,1520,424143,2048,2048,980,672
3642,3642,True,0.8686725843826733,0.8484816621338203,0.565,0.9017595307917888,0.9017595307917888,0.0,1521,424282,2048,2048,916,630
2886,2886,True,0.8343011858460001,0.8336502772049326,0.605,0.9105571847507331,0.9105571847507331,0.0009775171065493646,1522,424336,2048,2048,798,640
2649,2649,True,0.8319940635754799,0.8561972703693927,0.58,0.9296187683284457,0.9296187683284457,0.0004887585532746823,1523,424349,2048,2048,805,635
2584,2584,True,0.8000661145466673,0.853078495218819,0.535,0.9271749755620723,0.9271749755620723,0.0004887585532746823,1524,424366,2048,2048,837,630
3063,3063,True,0.8303730366156225,0.8524571363435303,0.54,0.9110459433040078,0.9110459433040078,0.0,1525,424368,2048,2048,825,606
3365,3365,True,0.8502027589748068,0.8313514226644716,0.56,0.8963831867057673,0.8963831867057673,0.0004887585532746823,1526,424460,2048,2048,908,623
3336,3336,True,0.8546731980646362,0.8540213113560072,0.59,0.9027370478983382,0.9027370478983382,0.0,1527,424471,2048,2048,875,590
3792,3792,True,0.8739266039582597,0.8548719776545771,0.5,0.9237536656891495,0.9237536656891495,0.001466275659824047,1528,424515,2048,2048,987,667
3216,3216,True,0.8579622454256365,0.8548045475777142,0.615,0.9130009775171065,0.9130009775171065,0.001466275659824047,1529,424525,2048,2048,832,604
2844,2844,True,0.8081548058639713,0.8371055924661388,0.605,0.9120234604105572,0.9120234604105572,0.002932551319648094,1530,424590,2048,2048,805,680
2951,2951,True,0.8340732819133442,0.8530363423702154,0.545,0.9105571847507331,0.9105571847507331,0.0009775171065493646,1531,424598,2048,2048,838,617
3444,3444,True,0.8660641511399213,0.8579953946887545,0.53,0.9066471163245357,0.9066471163245357,0.0004887585532746823,1532,424640,2048,2048,946,636
3368,3368,True,0.8453387969624807,0.8445833296477557,0.515,0.8939393939393939,0.8939393939393939,0.0004887585532746823,1533,424652,2048,2048,915,621
4150,4150,True,0.8821919140532605,0.840706629648529,0.53,0.9144672531769306,0.9144672531769306,0.0019550342130987292,1534,424788,2048,2048,992,694
2350,2350,True,0.8384276036180707,0.8394065109042926,0.595,0.9535679374389052,0.9535679374389052,0.0009775171065493646,1535,424998,2048,2048,839,609
3551,3551,True,0.8578266286125805,0.8546835615088725,0.555,0.9037145650048876,0.9037145650048876,0.001466275659824047,1536,425109,2048,2048,941,606
3167,3167,True,0.8406375600544469,0.8429946114955763,0.57,0.9066471163245357,0.9066471163245357,0.0004887585532746823,1537,425150,2048,2048,844,594
3752,3752,True,0.8748599585332397,0.857734182726409,0.58,0.8993157380254154,0.8993157380254154,0.0,1538,425392,2048,2048,974,635
2666,2666,True,0.8316944817617422,0.8261214423213881,0.56,0.9345063538611925,0.9345063538611925,0.0004887585532746823,1539,425472,2048,2048,778,629
3151,3151,True,0.84351261885929,0.8545750925710481,0.57,0.9115347018572825,0.9115347018572825,0.001466275659824047,1540,425630,2048,2048,883,607
3856,3856,True,0.8792188702673193,0.8615152588296913,0.605,0.9110459433040078,0.9110459433040078,0.0019550342130987292,1541,425711,2048,2048,956,642
2682,2682,True,0.805727518238842,0.8567370997105654,0.58,0.927663734115347,0.927663734115347,0.0,1542,425790,2048,2048,793,658
3586,3586,True,0.8599111852190363,0.8426695129971539,0.575,0.9002932551319648,0.9002932551319648,0.0004887585532746823,1543,425864,2048,2048,917,576
3459,3459,True,0.853963481835482,0.8551000748636063,0.55,0.9002932551319648,0.9002932551319648,0.0004887585532746823,1544,426051,2048,2048,893,617
2918,2918,True,0.8141575610092722,0.8660801710900685,0.55,0.9149560117302052,0.9149560117302052,0.0004887585532746823,1545,426059,2048,2048,829,590
3028,3028,True,0.8189662630036995,0.8632168114318268,0.515,0.9144672531769306,0.9144672531769306,0.001466275659824047,1546,426406,2048,2048,861,614
3703,3703,True,0.8745011565849578,0.8523926858080689,0.575,0.9012707722385142,0.9012707722385142,0.0004887585532746823,1547,426442,2048,2048,935,643
2892,2892,True,0.8415422808576096,0.8533041716677437,0.595,0.9198435972629521,0.9198435972629521,0.0,1548,426451,2048,2048,826,602
2775,2775,True,0.8347566739835418,0.8417632633356371,0.565,0.9188660801564027,0.9188660801564027,0.0004887585532746823,1549,426546,2048,2048,847,628
4039,4039,True,0.8859106914154308,0.8340101661759566,0.605,0.9120234604105572,0.9120234604105572,0.0004887585532746823,1550,426704,2048,2048,1000,663
3843,3843,True,0.8745399394523267,0.8559672765689875,0.55,0.9100684261974584,0.9100684261974584,0.0004887585532746823,1551,426709,2048,2048,981,658
4032,4032,True,0.8826597472673811,0.8532113168534058,0.525,0.9178885630498533,0.9178885630498533,0.0004887585532746823,1552,426717,2048,2048,987,640
2505,2505,True,0.7809962279429525,0.8513604974166106,0.535,0.9330400782013685,0.9330400782013685,0.0,1553,426864,2048,2048,833,648
2754,2754,True,0.8469480247347854,0.8396563611357174,0.575,0.9261974584555229,0.9261974584555229,0.0,1554,426944,2048,2048,810,640
3412,3412,True,0.8443603035206539,0.8455415767939272,0.6,0.8944281524926686,0.8944281524926686,0.0,1555,427036,2048,2048,877,622
4025,4025,True,0.8836892587693841,0.8532799124211552,0.565,0.9081133919843597,0.9081133919843597,0.001466275659824047,1556,427137,2048,2048,983,658
3610,3610,True,0.8546210816454282,0.8614330731744899,0.48,0.9110459433040078,0.9110459433040078,0.0019550342130987292,1557,427227,2048,2048,946,622
3840,3840,True,0.8898872828513106,0.850815101254003,0.59,0.9095796676441837,0.9095796676441837,0.0004887585532746823,1558,427395,2048,2048,977,651
2806,2806,True,0.837868869065771,0.8334620841883887,0.56,0.9149560117302052,0.9149560117302052,0.0,1559,427501,2048,2048,825,648
3166,3166,True,0.8585028374381768,0.8564039759587144,0.57,0.9120234604105572,0.9120234604105572,0.001466275659824047,1560,427553,2048,2048,892,615
3162,3162,True,0.8430491857912795,0.8651758280906833,0.635,0.9173998044965787,0.9173998044965787,0.0009775171065493646,1561,427623,2048,2048,792,628
2489,2489,True,0.8103011978930514,0.8571148593273574,0.555,0.9330400782013685,0.9330400782013685,0.0004887585532746823,1562,427668,2048,2048,802,617
2921,2921,True,0.8315276698746918,0.8459038954273064,0.625,0.9149560117302052,0.9149560117302052,0.0024437927663734115,1563,427911,2048,2048,838,618
3760,3760,True,0.8736057004912626,0.8538936336621177,0.585,0.907624633431085,0.907624633431085,0.0024437927663734115,1564,428002,2048,2048,930,639
3053,3053,True,0.8593443695248392,0.8268702828666966,0.56,0.9208211143695014,0.9208211143695014,0.0019550342130987292,1565,428110,2048,2048,828,617
4632,4632,True,0.9115550178068572,0.860942254734669,0.57,0.9134897360703812,0.9134897360703812,0.0019550342130987292,1566,428177,2048,2048,1031,696
3429,3429,True,0.829370263956212,0.8398676360298993,0.55,0.8875855327468231,0.8875855327468231,0.001466275659824047,1567,428196,2048,2048,799,598
2719,2719,True,0.8154423495198129,0.8260050740163246,0.59,0.9247311827956989,0.9247311827956989,0.0,1568,428339,2048,2048,788,614
2951,2951,True,0.82640349212135,0.8567901009391469,0.575,0.9105571847507331,0.9105571847507331,0.0004887585532746823,1569,428362,2048,2048,842,615
2837,2837,True,0.838862160316786,0.84647746886098,0.6,0.9198435972629521,0.9198435972629521,0.0009775171065493646,1570,428550,2048,2048,823,617
3137,3137,True,0.8837991382999921,0.8659498430141946,0.6,0.9173998044965787,0.9173998044965787,0.0004887585532746823,1571,428558,2048,2048,729,638
2513,2513,True,0.7879674454673861,0.8429634774430832,0.57,0.9266862170087976,0.9266862170087976,0.0004887585532746823,1572,428680,2048,2048,808,622
3487,3487,True,0.858932147511326,0.8529313427000702,0.59,0.9012707722385142,0.9012707722385142,0.0024437927663734115,1573,428817,2048,2048,907,597
3474,3474,True,0.8747268623846002,0.8425870013595188,0.59,0.9032258064516129,0.9032258064516129,0.0009775171065493646,1574,428959,2048,2048,938,626
2811,2811,True,0.7928903116947517,0.8591672181921163,0.54,0.9149560117302052,0.9149560117302052,0.0004887585532746823,1575,429174,2048,2048,810,598
2826,2826,True,0.8248653323565249,0.8545969652317448,0.64,0.9130009775171065,0.9130009775171065,0.001466275659824047,1576,429206,2048,2048,758,635
3414,3414,True,0.850357404995471,0.8422785431602082,0.53,0.8978494623655914,0.8978494623655914,0.0004887585532746823,1577,429208,2048,2048,931,577
3627,3627,True,0.860623332658553,0.8540866472416065,0.5,0.9110459433040078,0.9110459433040078,0.0004887585532746823,1578,429246,2048,2048,950,596
2760,2760,True,0.8247624435491276,0.8218109047554352,0.535,0.9213098729227761,0.9213098729227761,0.0,1579,429254,2048,2048,768,613
3526,3526,True,0.8502363454352437,0.8596179822216641,0.5,0.8934506353861192,0.8934506353861192,0.0009775171065493646,1580,429291,2048,2048,919,606
3123,3123,True,0.8412312337227668,0.843331364759648,0.59,0.9130009775171065,0.9130009775171065,0.0009775171065493646,1581,429343,2048,2048,880,604
3728,3728,True,0.8655640537401611,0.8418026998342233,0.565,0.8944281524926686,0.8944281524926686,0.0009775171065493646,1582,429348,2048,2048,953,620
3471,3471,True,0.8516185795302972,0.8534937939000278,0.54,0.9007820136852395,0.9007820136852395,0.0009775171065493646,1583,429354,2048,2048,926,608
3455,3455,True,0.8563595206398609,0.8347780974037066,0.565,0.8939393939393939,0.8939393939393939,0.0019550342130987292,1584,429429,2048,2048,919,621
3060,3060,True,0.8370504739034805,0.8511733140972981,0.595,0.9164222873900293,0.9164222873900293,0.0004887585532746823,1585,429502,2048,2048,818,618
3653,3653,True,0.8676165047883361,0.8742415084096836,0.535,0.9017595307917888,0.9017595307917888,0.0,1586,429611,2048,2048,910,633
3119,3119,True,0.8595307668277739,0.8467773981279781,0.555,0.9130009775171065,0.9130009775171065,0.0,1587,429866,2048,2048,846,634
3040,3040,True,0.84201278813217,0.8449123267590196,0.6,0.9125122189638318,0.9125122189638318,0.0009775171065493646,1588,429915,2048,2048,791,603
3617,3617,True,0.8688626581214318,0.8581595138690539,0.59,0.9046920821114369,0.9046920821114369,0.001466275659824047,1589,429937,2048,2048,895,619
2947,2947,True,0.8259950474823687,0.8278349052356528,0.545,0.9120234604105572,0.9120234604105572,0.0004887585532746823,1590,429962,2048,2048,801,613
2826,2826,True,0.8103637673340864,0.858942733059284,0.52,0.918377321603128,0.918377321603128,0.0019550342130987292,1591,429992,2048,2048,820,613
2053,2053,True,0.8077902755553926,0.8065222413166612,0.63,0.9970674486803519,0.9970674486803519,0.0009775171065493646,1592,430055,2048,2048,887,581
3222,3222,True,0.8394076865779648,0.8600325651884145,0.55,0.9017595307917888,0.9017595307917888,0.001466275659824047,1593,430063,2048,2048,860,623
2915,2915,True,0.8110172894096094,0.862336927370295,0.545,0.9154447702834799,0.9154447702834799,0.0024437927663734115,1594,430093,2048,2048,846,606
2510,2510,True,0.7825703467460023,0.8368024280176173,0.595,0.9320625610948191,0.9320625610948191,0.0019550342130987292,1595,430174,2048,2048,799,623
2877,2877,True,0.8269858906262165,0.8404148783113506,0.57,0.9100684261974584,0.9100684261974584,0.0009775171065493646,1596,430321,2048,2048,777,635
2269,2269,True,0.8070153250991325,0.8664590967819664,0.62,0.9496578690127078,0.9496578690127078,0.0,1597,430474,2048,2048,749,602
2883,2883,True,0.8354888738646516,0.8596456026703453,0.525,0.918377321603128,0.918377321603128,0.0,1598,430504,2048,2048,824,610
4068,4068,True,0.8785706785424443,0.8497021983086799,0.545,0.9188660801564027,0.9188660801564027,0.001466275659824047,1599,430517,2048,2048,972,674
3709,3709,True,0.8674316344955896,0.8579601607932609,0.5,0.906158357771261,0.906158357771261,0.0019550342130987292,1600,430617,2048,2048,954,619
3120,3120,True,0.8259120216556057,0.8634217533774555,0.515,0.9071358748778103,0.9071358748778103,0.0004887585532746823,1601,430656,2048,2048,831,584
2742,2742,True,0.8137522293323631,0.8291183582543642,0.55,0.9217986314760508,0.9217986314760508,0.0009775171065493646,1602,430738,2048,2048,745,594
3074,3074,True,0.8229069443453759,0.8693382356287291,0.525,0.9115347018572825,0.9115347018572825,0.0,1603,430825,2048,2048,831,602
4077,4077,True,0.8910115896342605,0.8393059219498661,0.545,0.9198435972629521,0.9198435972629521,0.0004887585532746823,1604,431006,2048,2048,977,653
3263,3263,True,0.8515305394826254,0.8336189130887935,0.525,0.9066471163245357,0.9066471163245357,0.0004887585532746823,1605,431193,2048,2048,890,601
1051,1051,False,0.7513488460073461,0.7513488460073461,0.54,1.0,1.0,0.0019029495718363464,1606,431394,1053,1053,483,248
2940,2940,True,0.8379258558611891,0.8531521347281285,0.555,0.9159335288367546,0.9159335288367546,0.0004887585532746823,1607,431554,2048,2048,858,600
3158,3158,True,0.8547856141372672,0.8577615024355959,0.545,0.9042033235581622,0.9042033235581622,0.0,1608,431561,2048,2048,879,613
2761,2761,True,0.831588458426414,0.8383500214128384,0.615,0.916911045943304,0.916911045943304,0.001466275659824047,1609,431641,2048,2048,810,646
3716,3716,True,0.8653337197199155,0.8457729347669091,0.54,0.8993157380254154,0.8993157380254154,0.0004887585532746823,1610,431669,2048,2048,946,633
3882,3882,True,0.8834384906522951,0.8499110301930937,0.565,0.9105571847507331,0.9105571847507331,0.0004887585532746823,1611,431689,2048,2048,990,664
3334,3334,True,0.8516616959670854,0.8584408453151791,0.565,0.9007820136852395,0.9007820136852395,0.0,1612,431719,2048,2048,889,609
3210,3210,True,0.8449947309916979,0.8307675358411716,0.575,0.9056695992179863,0.9056695992179863,0.001466275659824047,1613,431766,2048,2048,876,598
3316,3316,True,0.8474563813855686,0.837442484720546,0.52,0.8978494623655914,0.8978494623655914,0.0009775171065493646,1614,431923,2048,2048,886,593
2940,2940,True,0.848697605651327,0.8519921795809448,0.56,0.9149560117302052,0.9149560117302052,0.0009775171065493646,1615,432039,2048,2048,843,638
2658,2658,True,0.8299857394162411,0.824973256772932,0.6,0.9252199413489736,0.9252199413489736,0.0019550342130987292,1616,432121,2048,2048,802,613
3133,3133,True,0.8327073930557132,0.8462019379575645,0.555,0.9066471163245357,0.9066471163245357,0.0009775171065493646,1617,432196,2048,2048,815,595
3045,3045,True,0.8324804087073157,0.8490238735290114,0.575,0.9037145650048876,0.9037145650048876,0.0004887585532746823,1618,432363,2048,2048,812,589
2472,2472,True,0.7776765554851615,0.839563015039373,0.59,0.9364613880742912,0.9364613880742912,0.0004887585532746823,1619,432402,2048,2048,766,650
3104,3104,True,0.8393356987562678,0.8560491620231943,0.525,0.9086021505376344,0.9086021505376344,0.0009775171065493646,1620,432477,2048,2048,857,596
3238,3238,True,0.8319248294297711,0.8522955762782466,0.52,0.9086021505376344,0.9086021505376344,0.0004887585532746823,1621,432871,2048,2048,875,608
3822,3822,True,0.8833712235771762,0.8361059518991655,0.6,0.895405669599218,0.895405669599218,0.0,1622,432906,2048,2048,908,629
3195,3195,True,0.8339289814832914,0.839056538957544,0.535,0.9046920821114369,0.9046920821114369,0.0004887585532746823,1623,432990,2048,2048,897,598
3416,3416,True,0.8628641924277121,0.8443028643552967,0.56,0.8949169110459433,0.8949169110459433,0.0009775171065493646,1624,433139,2048,2048,817,625
3088,3088,True,0.8354301626133941,0.8407946183659591,0.59,0.9178885630498533,0.9178885630498533,0.0024437927663734115,1625,433291,2048,2048,769,600
3774,3774,True,0.8667624232764196,0.8511954644949797,0.535,0.9115347018572825,0.9115347018572825,0.001466275659824047,1626,433669,2048,2048,992,666
3024,3024,True,0.8271348773053883,0.8552235085474053,0.595,0.9120234604105572,0.9120234604105572,0.0,1627,433716,2048,2048,856,611
3414,3414,True,0.8498344849168038,0.8479081212309585,0.59,0.9002932551319648,0.9002932551319648,0.001466275659824047,1628,433782,2048,2048,934,611
2557,2557,True,0.8008383689182503,0.8434529304998409,0.585,0.9296187683284457,0.9296187683284457,0.0004887585532746823,1629,433887,2048,2048,794,652
2820,2820,True,0.8056176780140529,0.8616291909184803,0.525,0.9242424242424242,0.9242424242424242,0.0004887585532746823,1630,433993,2048,2048,843,615
2965,2965,True,0.8323245491308067,0.8603649599014552,0.54,0.9139784946236559,0.9139784946236559,0.001466275659824047,1631,434021,2048,2048,863,654
2976,2976,True,0.8336472197209416,0.8520013899337151,0.56,0.9217986314760508,0.9217986314760508,0.0024437927663734115,1632,434070,2048,2048,829,607
3466,3466,True,0.8574529665506813,0.8493741066764408,0.54,0.9071358748778103,0.9071358748778103,0.001466275659824047,1633,434117,2048,2048,990,618
2748,2748,True,0.8711379488376201,0.8501022375830671,0.585,0.9325513196480938,0.9325513196480938,0.0019550342130987292,1634,434236,2048,2048,775,651
2889,2889,True,0.8364613433776825,0.8485011447645028,0.595,0.9110459433040078,0.9110459433040078,0.0,1635,434400,2048,2048,832,637
2866,2866,True,0.8158496948657239,0.8532659263291056,0.55,0.9125122189638318,0.9125122189638318,0.003421309872922776,1636,434428,2048,2048,845,611
3463,3463,True,0.8530903043882546,0.8437433735347368,0.575,0.9027370478983382,0.9027370478983382,0.0004887585532746823,1637,434524,2048,2048,908,608
4138,4138,True,0.8910765326537026,0.8476492265087208,0.545,0.9217986314760508,0.9217986314760508,0.0009775171065493646,1638,434630,2048,2048,987,667
3295,3295,True,0.8424325261489676,0.8641846025058189,0.56,0.9032258064516129,0.9032258064516129,0.0004887585532746823,1639,434724,2048,2048,915,621
3660,3660,True,0.8669947321663716,0.8546329226811297,0.52,0.9042033235581622,0.9042033235581622,0.0009775171065493646,1640,434814,2048,2048,967,625
3082,3082,True,0.8360110179400752,0.8558065628508557,0.57,0.9090909090909091,0.9090909090909091,0.0004887585532746823,1641,434869,2048,2048,809,610
3269,3269,True,0.8547647657806056,0.8415380984276629,0.565,0.9022482893450635,0.9022482893450635,0.0019550342130987292,1642,435093,2048,2048,885,588
3739,3739,True,0.8901034000814686,0.8496686234788767,0.555,0.9007820136852395,0.9007820136852395,0.0004887585532746823,1643,435141,2048,2048,953,627
3488,3488,True,0.8613694949857865,0.8660160523394127,0.535,0.9066471163245357,0.9066471163245357,0.002932551319648094,1644,435265,2048,2048,967,615
2980,2980,True,0.8462739646944534,0.833013969639529,0.585,0.9164222873900293,0.9164222873900293,0.0009775171065493646,1645,435445,2048,2048,813,627
4219,4219,True,0.8876996636430065,0.8409500071561211,0.575,0.9100684261974584,0.9100684261974584,0.0004887585532746823,1646,435475,2048,2048,950,695
3276,3276,True,0.8420021780556808,0.8611649867329428,0.585,0.9051808406647116,0.9051808406647116,0.0009775171065493646,1647,435851,2048,2048,910,606
3248,3248,True,0.8533176373682684,0.8515247819723682,0.53,0.9071358748778103,0.9071358748778103,0.0,1648,436002,2048,2048,841,602
3488,3488,True,0.8570148919185817,0.8468204092818048,0.545,0.9027370478983382,0.9027370478983382,0.0,1649,436106,2048,2048,955,599
2874,2874,True,0.8282336454299767,0.829390513767626,0.565,0.9110459433040078,0.9110459433040078,0.001466275659824047,1650,436120,2048,2048,827,601
3356,3356,True,0.8463415158180789,0.8480687346188844,0.57,0.8998044965786901,0.8998044965786901,0.0004887585532746823,1651,436483,2048,2048,879,590
3324,3324,True,0.8533879380467221,0.8484661746273384,0.495,0.9066471163245357,0.9066471163245357,0.0,1652,436761,2048,2048,882,572
3006,3006,True,0.850849219966205,0.8505478565398348,0.57,0.9164222873900293,0.9164222873900293,0.0009775171065493646,1653,436870,2048,2048,803,638
3353,3353,True,0.8463772151112268,0.8536867862426879,0.54,0.9056695992179863,0.9056695992179863,0.002932551319648094,1654,436999,2048,2048,937,563
3177,3177,True,0.8512553122593286,0.8328871454354531,0.54,0.9051808406647116,0.9051808406647116,0.0004887585532746823,1655,437022,2048,2048,875,631
3295,3295,True,0.8604802220066281,0.835123019515835,0.575,0.9046920821114369,0.9046920821114369,0.0004887585532746823,1656,437029,2048,2048,882,602
2975,2975,True,0.8348274227364548,0.8560377927989785,0.54,0.9159335288367546,0.9159335288367546,0.0,1657,437067,2048,2048,787,610
2443,2443,True,0.802659127691134,0.8314379986299579,0.595,0.9374389051808406,0.9374389051808406,0.003421309872922776,1658,437217,2048,2048,823,648
3331,3331,True,0.8391611787639428,0.8469045007475121,0.52,0.8988269794721407,0.8988269794721407,0.0009775171065493646,1659,437234,2048,2048,884,595
2547,2547,True,0.8312873904549417,0.8336875397727183,0.555,0.9349951124144672,0.9349951124144672,0.001466275659824047,1660,437261,2048,2048,820,661
2674,2674,True,0.8156336244809766,0.8561955676454955,0.525,0.9271749755620723,0.9271749755620723,0.0004887585532746823,1661,437308,2048,2048,789,631
3505,3505,True,0.8622391635750675,0.8446354714114801,0.54,0.9007820136852395,0.9007820136852395,0.001466275659824047,1662,437343,2048,2048,927,629
3295,3295,True,0.8255751647822848,0.8492055374055939,0.535,0.896871945259042,0.896871945259042,0.0,1663,437463,2048,2048,839,591
2928,2928,True,0.8222177329194926,0.8372819653347963,0.63,0.9110459433040078,0.9110459433040078,0.0019550342130987292,1664,437488,2048,2048,811,614
2588,2588,True,0.7944265035733723,0.8506971606044176,0.565,0.9349951124144672,0.9349951124144672,0.001466275659824047,1665,437509,2048,2048,819,631
2377,2377,True,0.8009796026932143,0.8402586272768434,0.585,0.9418377321603129,0.9418377321603129,0.001466275659824047,1666,437796,2048,2048,841,617
3193,3193,True,0.846285960709909,0.8527145425577011,0.56,0.9037145650048876,0.9037145650048876,0.0,1667,437815,2048,2048,852,605
3096,3096,True,0.8336542559629355,0.8386772914711528,0.55,0.9120234604105572,0.9120234604105572,0.0004887585532746823,1668,437922,2048,2048,889,599
2589,2589,True,0.8324346929093679,0.8415978061649653,0.54,0.9345063538611925,0.9345063538611925,0.0009775171065493646,1669,438428,2048,2048,777,643
2564,2564,True,0.7881185781550405,0.84761312781769,0.555,0.9266862170087976,0.9266862170087976,0.0004887585532746823,1670,438618,2048,2048,816,600
3599,3599,True,0.8644552948771153,0.8485268639829799,0.545,0.8993157380254154,0.8993157380254154,0.0019550342130987292,1671,438654,2048,2048,961,597
2606,2606,True,0.835756422935339,0.8505523293202669,0.61,0.9354838709677419,0.9354838709677419,0.0,1672,438880,2048,2048,790,651
2948,2948,True,0.821052670153784,0.8559747646867437,0.575,0.9159335288367546,0.9159335288367546,0.0004887585532746823,1673,439013,2048,2048,779,626
1973,1973,False,0.8042373062253353,0.8042373062253353,0.62,1.0,1.0,0.0020273694880892043,1674,439110,1975,1975,898,549
2943,2943,True,0.8424034488499049,0.8570992424641121,0.58,0.9173998044965787,0.9173998044965787,0.0,1675,439165,2048,2048,838,636
2101,2101,True,0.7883239946647023,0.8063225170606417,0.61,0.9794721407624634,0.9794721407624634,0.001466275659824047,1676,439169,2048,2048,915,608
3160,3160,True,0.8586455107164385,0.8476430349392252,0.6,0.9095796676441837,0.9095796676441837,0.0019550342130987292,1677,439236,2048,2048,891,615
2525,2525,True,0.8010286704237239,0.8332983554020911,0.59,0.9305962854349951,0.9305962854349951,0.0004887585532746823,1678,439403,2048,2048,810,637
3297,3297,True,0.8486038862745031,0.849683499408419,0.52,0.9017595307917888,0.9017595307917888,0.0004887585532746823,1679,439469,2048,2048,900,614
3437,3437,True,0.8508806678109335,0.8408471870747743,0.565,0.8929618768328446,0.8929618768328446,0.0,1680,439509,2048,2048,890,591
3690,3690,True,0.8828879599283671,0.8550772420459624,0.575,0.9022482893450635,0.9022482893450635,0.002932551319648094,1681,439532,2048,2048,981,625
3231,3231,True,0.8239520928450461,0.8334536059371984,0.545,0.9066471163245357,0.9066471163245357,0.0004887585532746823,1682,439645,2048,2048,835,610
2911,2911,True,0.8280646359540581,0.8370111004236436,0.575,0.9105571847507331,0.9105571847507331,0.0004887585532746823,1683,439670,2048,2048,837,612
3313,3313,True,0.8457479333889232,0.8447675299898013,0.59,0.8978494623655914,0.8978494623655914,0.0019550342130987292,1684,439769,2048,2048,881,596
3904,3904,True,0.875623102430794,0.8526334766175221,0.575,0.9164222873900293,0.9164222873900293,0.001466275659824047,1685,439801,2048,2048,953,646
4696,4696,True,0.9095187990437468,0.8353133734461649,0.515,0.9017595307917888,0.9017595307917888,0.0,1686,439828,2048,2048,1059,680
2824,2824,True,0.8066952429548853,0.8478575617676398,0.54,0.9125122189638318,0.9125122189638318,0.0,1687,439915,2048,2048,856,628
3974,3974,True,0.8809857659789274,0.8496631340893144,0.53,0.9090909090909091,0.9090909090909091,0.0019550342130987292,1688,440052,2048,2048,998,669
3302,3302,True,0.8504563288200858,0.8494618542462107,0.57,0.9007820136852395,0.9007820136852395,0.0009775171065493646,1689,440097,2048,2048,869,598
3555,3555,True,0.8513377553299664,0.8573637494720325,0.535,0.8958944281524927,0.8958944281524927,0.001466275659824047,1690,440155,2048,2048,928,607
3233,3233,True,0.8434480499707938,0.8589751806711095,0.535,0.9022482893450635,0.9022482893450635,0.001466275659824047,1691,440165,2048,2048,891,602
2964,2964,True,0.8711707557936577,0.8563860888821733,0.58,0.9252199413489736,0.9252199413489736,0.0019550342130987292,1692,440198,2048,2048,834,620
2994,2994,True,0.8344167889350278,0.8551267420642865,0.56,0.9139784946236559,0.9139784946236559,0.0009775171065493646,1693,440322,2048,2048,820,592
2831,2831,True,0.8135112537428437,0.8610274905524908,0.57,0.9173998044965787,0.9173998044965787,0.0004887585532746823,1694,440415,2048,2048,874,657
3221,3221,True,0.8430309598212171,0.8570037129555241,0.605,0.9120234604105572,0.9120234604105572,0.0009775171065493646,1695,440465,2048,2048,849,617
2943,2943,True,0.8190166931150071,0.8522455135764295,0.535,0.9213098729227761,0.9213098729227761,0.0004887585532746823,1696,440662,2048,2048,859,595
3508,3508,True,0.8529591772544785,0.8663564696808177,0.56,0.9051808406647116,0.9051808406647116,0.0,1697,440673,2048,2048,910,594
3458,3458,True,0.8530972751666566,0.8483952997335502,0.59,0.8978494623655914,0.8978494623655914,0.0004887585532746823,1698,441124,2048,2048,899,597
3202,3202,True,0.8290879061333722,0.8591068708819221,0.52,0.9100684261974584,0.9100684261974584,0.0009775171065493646,1699,441346,2048,2048,818,612
2897,2897,True,0.8144310723403556,0.8485820474785166,0.605,0.9144672531769306,0.9144672531769306,0.001466275659824047,1700,441507,2048,2048,815,609
3309,3309,True,0.8528393389991823,0.8390828190160046,0.565,0.8924731182795699,0.8924731182795699,0.001466275659824047,1701,441581,2048,2048,886,598
2515,2515,True,0.8123874968296018,0.8537047856525031,0.6,0.9296187683284457,0.9296187683284457,0.002932551319648094,1702,441626,2048,2048,775,646
2845,2845,True,0.8181312647567378,0.8426446101997296,0.58,0.9051808406647116,0.9051808406647116,0.0004887585532746823,1703,441665,2048,2048,819,636
3270,3270,True,0.8334720503028235,0.8587964768259462,0.595,0.8998044965786901,0.8998044965786901,0.0004887585532746823,1704,441868,2048,2048,853,573
3039,3039,True,0.8386883985715924,0.845187602131702,0.55,0.9081133919843597,0.9081133919843597,0.001466275659824047,1705,441917,2048,2048,823,596
2816,2816,True,0.8138904535669887,0.8509859421369235,0.53,0.9217986314760508,0.9217986314760508,0.0009775171065493646,1706,441949,2048,2048,814,614
3418,3418,True,0.8504497253763736,0.8556631948902483,0.52,0.8998044965786901,0.8998044965786901,0.0004887585532746823,1707,442116,2048,2048,898,621
2858,2858,True,0.8273843352618919,0.8461514665044182,0.565,0.9193548387096774,0.9193548387096774,0.0019550342130987292,1708,442184,2048,2048,823,634
2785,2785,True,0.8280468332277904,0.8411958298930483,0.595,0.9173998044965787,0.9173998044965787,0.0009775171065493646,1709,442313,2048,2048,798,643
3725,3725,True,0.8662193359555089,0.8526510434278665,0.53,0.9032258064516129,0.9032258064516129,0.001466275659824047,1710,442399,2048,2048,965,622
3836,3836,True,0.8683805621072678,0.8463038798595555,0.535,0.9217986314760508,0.9217986314760508,0.0009775171065493646,1711,442601,2048,2048,917,630
2618,2618,True,0.7897771756140081,0.8397394727372791,0.545,0.9286412512218963,0.9286412512218963,0.0004887585532746823,1712,442622,2048,2048,834,618
3149,3149,True,0.8581119364267482,0.8430766439231175,0.565,0.9120234604105572,0.9120234604105572,0.0004887585532746823,1713,442751,2048,2048,865,597
3056,3056,True,0.8413263056636378,0.8694488102254393,0.59,0.9164222873900293,0.9164222873900293,0.001466275659824047,1714,443264,2048,2048,733,614
3393,3393,True,0.8569538091485476,0.8501843622180942,0.56,0.8978494623655914,0.8978494623655914,0.0009775171065493646,1715,443277,2048,2048,863,617
3121,3121,True,0.8428218421654324,0.8470496891882052,0.555,0.918377321603128,0.918377321603128,0.0009775171065493646,1716,443301,2048,2048,859,609
3870,3870,True,0.8904138541122771,0.839035684529379,0.53,0.9130009775171065,0.9130009775171065,0.0019550342130987292,1717,443325,2048,2048,952,671
2823,2823,True,0.8061472323570823,0.8512944829869582,0.52,0.9217986314760508,0.9217986314760508,0.0009775171065493646,1718,443500,2048,2048,817,628
2181,2181,True,0.8441560854369068,0.8628959851067788,0.57,0.9648093841642229,0.9648093841642229,0.0,1719,443733,2048,2048,886,652
2547,2547,True,0.8178025378680226,0.8381131240693104,0.6,0.9369501466275659,0.9369501466275659,0.0024437927663734115,1720,443750,2048,2048,807,666
3610,3610,True,0.855231833141501,0.8409208807977723,0.535,0.8988269794721407,0.8988269794721407,0.001466275659824047,1721,443788,2048,2048,943,619
3392,3392,True,0.8442923128785972,0.8590802651808601,0.535,0.9037145650048876,0.9037145650048876,0.001466275659824047,1722,443885,2048,2048,910,609
2914,2914,True,0.8166120374799727,0.8348496391002755,0.53,0.9144672531769306,0.9144672531769306,0.0009775171065493646,1723,443907,2048,2048,832,614
4014,4014,True,0.8793713323451866,0.8509386511388564,0.52,0.916911045943304,0.916911045943304,0.0,1724,443993,2048,2048,976,665
2835,2835,True,0.8432099746756648,0.8392526124119606,0.585,0.9198435972629521,0.9198435972629521,0.0004887585532746823,1725,444083,2048,2048,839,661
3401,3401,True,0.8511270514500245,0.8442262211714446,0.555,0.895405669599218,0.895405669599218,0.0019550342130987292,1726,444088,2048,2048,867,608
2803,2803,True,0.8275624055330252,0.8513535806021711,0.59,0.9173998044965787,0.9173998044965787,0.0009775171065493646,1727,444242,2048,2048,822,625
2757,2757,True,0.8583779769013673,0.8336701150896606,0.61,0.9281524926686217,0.9281524926686217,0.0009775171065493646,1728,444276,2048,2048,836,613
3663,3663,True,0.8768218866093532,0.8448484059004724,0.585,0.9086021505376344,0.9086021505376344,0.003421309872922776,1729,444334,2048,2048,965,621
3540,3540,True,0.8710989622909066,0.8611313679834028,0.565,0.9012707722385142,0.9012707722385142,0.0019550342130987292,1730,444354,2048,2048,937,607
3778,3778,True,0.8740191357291899,0.8461106329849969,0.555,0.9032258064516129,0.9032258064516129,0.0,1731,444362,2048,2048,964,661
3512,3512,True,0.8668295754941782,0.8676201611300722,0.555,0.9051808406647116,0.9051808406647116,0.001466275659824047,1732,444376,2048,2048,953,623
3114,3114,True,0.8301669569225476,0.8673038580679605,0.525,0.9086021505376344,0.9086021505376344,0.0004887585532746823,1733,444390,2048,2048,851,575
3763,3763,True,0.8763202895937032,0.8535703999516653,0.565,0.9022482893450635,0.9022482893450635,0.004887585532746823,1734,445198,2048,2048,961,627
2647,2647,True,0.8012028905493613,0.8548380904787072,0.565,0.9198435972629521,0.9198435972629521,0.0009775171065493646,1735,445221,2048,2048,802,620
2996,2996,True,0.818407095853931,0.8511891326395096,0.53,0.9139784946236559,0.9139784946236559,0.0,1736,445248,2048,2048,860,620
3034,3034,True,0.8246778127004942,0.8564220262600486,0.535,0.9188660801564027,0.9188660801564027,0.0004887585532746823,1737,445325,2048,2048,852,590
4034,4034,True,0.8806469188737894,0.8497174299045983,0.515,0.9159335288367546,0.9159335288367546,0.0,1738,445492,2048,2048,983,663
3998,3998,True,0.8869647637217103,0.8701574466923747,0.565,0.9154447702834799,0.9154447702834799,0.0009775171065493646,1739,445556,2048,2048,1017,671
3004,3004,True,0.8100310044646047,0.8384718814099063,0.52,0.9095796676441837,0.9095796676441837,0.0009775171065493646,1740,445605,2048,2048,821,607
3926,3926,True,0.8790301184824522,0.8592083375384283,0.56,0.9213098729227761,0.9213098729227761,0.0004887585532746823,1741,445628,2048,2048,988,672
2763,2763,True,0.8133472416826587,0.8508010681149379,0.53,0.918377321603128,0.918377321603128,0.0,1742,445657,2048,2048,840,643
3091,3091,True,0.8306628715407242,0.8553892256522849,0.545,0.9090909090909091,0.9090909090909091,0.0004887585532746823,1743,445708,2048,2048,842,593
3107,3107,True,0.8262765115246612,0.8365957089018144,0.57,0.9051808406647116,0.9051808406647116,0.0009775171065493646,1744,445740,2048,2048,773,597
2660,2660,True,0.8021587141228217,0.8386727457311091,0.57,0.9257086999022482,0.9257086999022482,0.0004887585532746823,1745,445804,2048,2048,825,636
2878,2878,True,0.8271663368390082,0.8265121632855149,0.59,0.9144672531769306,0.9144672531769306,0.0004887585532746823,1746,445807,2048,2048,750,617
2522,2522,True,0.7919712515540743,0.8663905217904626,0.54,0.9359726295210166,0.9359726295210166,0.0009775171065493646,1747,445854,2048,2048,808,637
2759,2759,True,0.8305853199307489,0.8568694972789413,0.58,0.9213098729227761,0.9213098729227761,0.0009775171065493646,1748,445913,2048,2048,796,614
2750,2750,True,0.8162970126433315,0.8532429627973767,0.525,0.9188660801564027,0.9188660801564027,0.0004887585532746823,1749,446316,2048,2048,810,618
3786,3786,True,0.8659888391642593,0.8438680128844245,0.535,0.8949169110459433,0.8949169110459433,0.001466275659824047,1750,446328,2048,2048,942,603
3569,3569,True,0.8666355812535483,0.8598693620612338,0.54,0.9105571847507331,0.9105571847507331,0.0024437927663734115,1751,446342,2048,2048,884,609
3353,3353,True,0.8478364761997317,0.8500845460060404,0.585,0.8939393939393939,0.8939393939393939,0.0004887585532746823,1752,446491,2048,2048,895,601
2441,2441,True,0.7856580020427141,0.8379414142006525,0.525,0.9393939393939394,0.9393939393939394,0.0004887585532746823,1753,446557,2048,2048,816,653
2641,2641,True,0.8447046106834856,0.8226564713415722,0.6,0.9364613880742912,0.9364613880742912,0.0019550342130987292,1754,446640,2048,2048,819,628
2804,2804,True,0.8168492088223017,0.8484366683575049,0.515,0.9237536656891495,0.9237536656891495,0.0009775171065493646,1755,446642,2048,2048,837,620
2493,2493,True,0.8027454737313154,0.8665689520845593,0.56,0.9320625610948191,0.9320625610948191,0.001466275659824047,1756,446667,2048,2048,826,646
3661,3661,True,0.874691667171822,0.8414987987326433,0.575,0.906158357771261,0.906158357771261,0.0004887585532746823,1757,446849,2048,2048,968,622
3745,3745,True,0.8676009854236724,0.8459783734774018,0.52,0.9110459433040078,0.9110459433040078,0.0019550342130987292,1758,447135,2048,2048,985,659
3124,3124,True,0.868078186418309,0.8506422512887224,0.54,0.9081133919843597,0.9081133919843597,0.0004887585532746823,1759,447323,2048,2048,845,608
3297,3297,True,0.8593787923690012,0.8423598271087556,0.505,0.9007820136852395,0.9007820136852395,0.0,1760,447366,2048,2048,902,630
3142,3142,True,0.8468262908224142,0.8341776959921294,0.59,0.9071358748778103,0.9071358748778103,0.0009775171065493646,1761,447399,2048,2048,807,614
3507,3507,True,0.8705500230670417,0.8528019726597009,0.555,0.8963831867057673,0.8963831867057673,0.002932551319648094,1762,447457,2048,2048,939,612
3824,3824,True,0.873380825586686,0.8481367377669268,0.545,0.9139784946236559,0.9139784946236559,0.0019550342130987292,1763,447525,2048,2048,1012,676
2770,2770,True,0.8348060445289227,0.8250493682945372,0.615,0.9252199413489736,0.9252199413489736,0.0,1764,447695,2048,2048,792,622
2935,2935,True,0.8308813661115304,0.8524338978648268,0.55,0.9178885630498533,0.9178885630498533,0.0,1765,447892,2048,2048,828,629
2176,2176,True,0.8249305224917334,0.845556246068128,0.6,0.958455522971652,0.958455522971652,0.0004887585532746823,1766,447939,2048,2048,842,645
3099,3099,True,0.8463189476043758,0.8393816534899732,0.575,0.9090909090909091,0.9090909090909091,0.0,1767,447962,2048,2048,807,610
3255,3255,True,0.8438509696227245,0.8505826834581489,0.555,0.9032258064516129,0.9032258064516129,0.0019550342130987292,1768,448043,2048,2048,861,577
3626,3626,True,0.8824415572116193,0.8569288717246404,0.6,0.895405669599218,0.895405669599218,0.0009775171065493646,1769,448104,2048,2048,927,633
3236,3236,True,0.840222792922281,0.8610335569786643,0.545,0.907624633431085,0.907624633431085,0.0004887585532746823,1770,448112,2048,2048,901,603
4160,4160,True,0.8923959848197107,0.8714319475533395,0.54,0.9203323558162267,0.9203323558162267,0.0019550342130987292,1771,448127,2048,2048,984,658
2902,2902,True,0.8327265663409165,0.8491248655154825,0.625,0.9149560117302052,0.9149560117302052,0.001466275659824047,1772,448264,2048,2048,763,607
2995,2995,True,0.8309200220162113,0.8457488436404517,0.56,0.9105571847507331,0.9105571847507331,0.0,1773,448438,2048,2048,823,611
3173,3173,True,0.8304987853923456,0.8474803542766819,0.54,0.9027370478983382,0.9027370478983382,0.0,1774,448517,2048,2048,855,598
4041,4041,True,0.8849730279382484,0.85881136871001,0.55,0.9154447702834799,0.9154447702834799,0.001466275659824047,1775,448590,2048,2048,1022,698
3051,3051,True,0.8266152155297506,0.8618324562581208,0.53,0.9164222873900293,0.9164222873900293,0.0004887585532746823,1776,448669,2048,2048,892,611
2952,2952,True,0.819402614598279,0.8572278266209071,0.555,0.9120234604105572,0.9120234604105572,0.0009775171065493646,1777,448746,2048,2048,849,599
3238,3238,True,0.8411736845212094,0.8410941835286327,0.545,0.9017595307917888,0.9017595307917888,0.0004887585532746823,1778,448853,2048,2048,821,602
2323,2323,True,0.763804778745218,0.856990034486619,0.535,0.947702834799609,0.947702834799609,0.0004887585532746823,1779,448864,2048,2048,869,645
3541,3541,True,0.8647527600392837,0.8377509194660153,0.57,0.9002932551319648,0.9002932551319648,0.0009775171065493646,1780,448880,2048,2048,889,601
3007,3007,True,0.8212419073929634,0.8515349322155337,0.53,0.9125122189638318,0.9125122189638318,0.0024437927663734115,1781,448943,2048,2048,829,609
2739,2739,True,0.796566804403953,0.8392320846484532,0.6,0.9198435972629521,0.9198435972629521,0.0004887585532746823,1782,448987,2048,2048,810,620
3577,3577,True,0.8763353203651033,0.8701346327671756,0.585,0.9154447702834799,0.9154447702834799,0.0004887585532746823,1783,449005,2048,2048,915,594
3360,3360,True,0.8586170816544124,0.848714531122265,0.58,0.9056695992179863,0.9056695992179863,0.0004887585532746823,1784,449027,2048,2048,892,605
2446,2446,True,0.8377725184072438,0.8352169284467589,0.545,0.9433040078201369,0.9433040078201369,0.0009775171065493646,1785,449064,2048,2048,797,641
3853,3853,True,0.8759842765626341,0.8610764419824296,0.535,0.9105571847507331,0.9105571847507331,0.0,1786,449160,2048,2048,1009,643
3596,3596,True,0.8612043030072848,0.8403235270113918,0.55,0.9002932551319648,0.9002932551319648,0.0009775171065493646,1787,449240,2048,2048,914,585
3319,3319,True,0.8527815789729865,0.8670691554977538,0.595,0.9081133919843597,0.9081133919843597,0.0019550342130987292,1788,449253,2048,2048,907,595
2472,2472,True,0.809793455687147,0.8463071091091519,0.535,0.9354838709677419,0.9354838709677419,0.001466275659824047,1789,449307,2048,2048,805,621
1498,1498,False,0.8361980799490911,0.8361980799490911,0.495,1.0,1.0,0.0026702269692923898,1790,449438,1500,1500,631,433
3221,3221,True,0.8460479468329414,0.8546378274004961,0.595,0.907624633431085,0.907624633431085,0.0004887585532746823,1791,449451,2048,2048,890,606
3102,3102,True,0.8422122817408862,0.8291763453867367,0.58,0.9100684261974584,0.9100684261974584,0.0004887585532746823,1792,449661,2048,2048,837,618
3557,3557,True,0.8597258702268076,0.8666399617720515,0.49,0.9066471163245357,0.9066471163245357,0.0004887585532746823,1793,450084,2048,2048,993,613
3359,3359,True,0.8517273616989899,0.8458252267515768,0.54,0.8958944281524927,0.8958944281524927,0.0,1794,450149,2048,2048,903,585
3325,3325,True,0.840163138198845,0.8538485735393889,0.56,0.9081133919843597,0.9081133919843597,0.0009775171065493646,1795,450195,2048,2048,938,602
3232,3232,True,0.8674602444697108,0.8451805074983779,0.56,0.9134897360703812,0.9134897360703812,0.0009775171065493646,1796,450229,2048,2048,829,614
3528,3528,True,0.8647957216796364,0.8565115826220263,0.585,0.895405669599218,0.895405669599218,0.0,1797,450243,2048,2048,958,632
3346,3346,True,0.8559403376297979,0.8676284491126103,0.56,0.9042033235581622,0.9042033235581622,0.0009775171065493646,1798,450349,2048,2048,932,614
3326,3326,True,0.8553565098550817,0.8589479289139043,0.57,0.9056695992179863,0.9056695992179863,0.0004887585532746823,1799,450397,2048,2048,861,615
2501,2501,True,0.8212063801817404,0.8422262082315142,0.555,0.9369501466275659,0.9369501466275659,0.0004887585532746823,1800,450413,2048,2048,811,648
3638,3638,True,0.8634943620579519,0.8631591813251251,0.52,0.9066471163245357,0.9066471163245357,0.0009775171065493646,1801,450455,2048,2048,963,631
3041,3041,True,0.843896491197347,0.8475785086227233,0.575,0.9178885630498533,0.9178885630498533,0.0,1802,450561,2048,2048,803,597
3110,3110,True,0.8302214887907222,0.8284166181266721,0.565,0.8993157380254154,0.8993157380254154,0.0009775171065493646,1803,450580,2048,2048,861,598
2691,2691,True,0.8016917284331753,0.848182593385792,0.57,0.9237536656891495,0.9237536656891495,0.0004887585532746823,1804,450615,2048,2048,842,615
2730,2730,True,0.8301877701814826,0.8443587804223472,0.585,0.9159335288367546,0.9159335288367546,0.0,1805,450625,2048,2048,810,640
1950,1950,False,0.7617246148266827,0.7617246148266827,0.575,1.0,1.0,0.0015384615384615385,1806,450641,1952,1952,843,556
2901,2901,True,0.8212175596337937,0.847095086755011,0.495,0.9193548387096774,0.9193548387096774,0.001466275659824047,1807,450692,2048,2048,838,588
2963,2963,True,0.8452309263358321,0.8605914304154125,0.605,0.9193548387096774,0.9193548387096774,0.0004887585532746823,1808,450861,2048,2048,801,624
2960,2960,True,0.8340223472351922,0.853698365074415,0.545,0.9125122189638318,0.9125122189638318,0.0004887585532746823,1809,450956,2048,2048,846,611
1655,1655,False,0.8348145948615756,0.8348145948615756,0.605,1.0,1.0,0.0012084592145015106,1810,451243,1657,1657,722,460
2065,2065,True,0.7843174086716703,0.7824547028599573,0.585,0.9931573802541545,0.9931573802541545,0.0009775171065493646,1811,451247,2048,2048,917,588
2973,2973,True,0.820412263804097,0.8612616498057437,0.585,0.9130009775171065,0.9130009775171065,0.0019550342130987292,1812,451272,2048,2048,849,634
2936,2936,True,0.8483054566499092,0.8425441010183458,0.545,0.9149560117302052,0.9149560117302052,0.0,1813,451288,2048,2048,819,627
3848,3848,True,0.8808078723281245,0.854322086784526,0.58,0.9208211143695014,0.9208211143695014,0.0009775171065493646,1814,451387,2048,2048,983,648
3040,3040,True,0.8224926668961439,0.8599581860168244,0.525,0.9173998044965787,0.9173998044965787,0.0009775171065493646,1815,451432,2048,2048,852,614
2906,2906,True,0.8469215904715798,0.8425819802774498,0.595,0.9188660801564027,0.9188660801564027,0.0004887585532746823,1816,451545,2048,2048,807,593
3331,3331,True,0.8549483830790829,0.8516112507442206,0.57,0.9012707722385142,0.9012707722385142,0.001466275659824047,1817,451623,2048,2048,871,613
3226,3226,True,0.8451983361580023,0.8635779484505681,0.55,0.9007820136852395,0.9007820136852395,0.001466275659824047,1818,451894,2048,2048,859,582
3429,3429,True,0.8504355120542183,0.8633444180038641,0.53,0.8958944281524927,0.8958944281524927,0.0009775171065493646,1819,451928,2048,2048,915,615
3594,3594,True,0.8563906542348667,0.8540077501029367,0.6,0.9037145650048876,0.9037145650048876,0.001466275659824047,1820,452083,2048,2048,969,631
2375,2375,True,0.8338805820811762,0.8462364218087042,0.615,0.9486803519061584,0.9486803519061584,0.0024437927663734115,1821,452092,2048,2048,821,669
3542,3542,True,0.8694812449757792,0.8351223213185233,0.625,0.8988269794721407,0.8988269794721407,0.0009775171065493646,1822,452460,2048,2048,952,657
3512,3512,True,0.8570779831728823,0.851616628416434,0.57,0.8963831867057673,0.8963831867057673,0.002932551319648094,1823,452497,2048,2048,945,631
2743,2743,True,0.8128210266572099,0.8608217907261981,0.575,0.9164222873900293,0.9164222873900293,0.0009775171065493646,1824,452714,2048,2048,808,611
3002,3002,True,0.8430379209244614,0.8565089711193172,0.54,0.9120234604105572,0.9120234604105572,0.0004887585532746823,1825,452773,2048,2048,842,631
2804,2804,True,0.8175682825681444,0.8446267143618236,0.58,0.916911045943304,0.916911045943304,0.0009775171065493646,1826,452777,2048,2048,827,605
3386,3386,True,0.8589102046715474,0.8439263826904997,0.525,0.9012707722385142,0.9012707722385142,0.0,1827,453137,2048,2048,865,609
3843,3843,True,0.8770138044198947,0.8369011092854327,0.55,0.8993157380254154,0.8993157380254154,0.0004887585532746823,1828,453151,2048,2048,920,663
3402,3402,True,0.8542354920298187,0.8517318231008052,0.555,0.8978494623655914,0.8978494623655914,0.0004887585532746823,1829,453347,2048,2048,878,582
2829,2829,True,0.8147591900783895,0.8263474338604462,0.6,0.918377321603128,0.918377321603128,0.0009775171065493646,1830,453432,2048,2048,796,633
2797,2797,True,0.8353287672161264,0.847922281296123,0.565,0.9261974584555229,0.9261974584555229,0.0004887585532746823,1831,453457,2048,2048,835,637
3008,3008,True,0.8225479593421194,0.8345584463279747,0.535,0.9120234604105572,0.9120234604105572,0.0,1832,453551,2048,2048,840,589
3608,3608,True,0.8619877835766991,0.8499955209130091,0.565,0.8998044965786901,0.8998044965786901,0.0,1833,453761,2048,2048,930,614
3353,3353,True,0.8478184592316479,0.865215951142007,0.58,0.9042033235581622,0.9042033235581622,0.0019550342130987292,1834,453813,2048,2048,922,620
2708,2708,True,0.796811806376803,0.8523812576060952,0.545,0.9198435972629521,0.9198435972629521,0.0,1835,453831,2048,2048,836,599
3162,3162,True,0.8646389252185537,0.8360099067749819,0.55,0.9159335288367546,0.9159335288367546,0.001466275659824047,1836,453857,2048,2048,859,590
2817,2817,True,0.8308963336576182,0.8395054104619607,0.55,0.916911045943304,0.916911045943304,0.0019550342130987292,1837,453990,2048,2048,841,648
2563,2563,True,0.8123096932126548,0.8537283365020584,0.55,0.9330400782013685,0.9330400782013685,0.0019550342130987292,1838,454054,2048,2048,831,652
3862,3862,True,0.8781439741504776,0.867752949925268,0.565,0.9154447702834799,0.9154447702834799,0.001466275659824047,1839,454065,2048,2048,981,687
2978,2978,True,0.8237103621729822,0.883434361896286,0.515,0.9178885630498533,0.9178885630498533,0.001466275659824047,1840,454077,2048,2048,844,582
3610,3610,True,0.8594217106596934,0.8484118062235698,0.52,0.9007820136852395,0.9007820136852395,0.0009775171065493646,1841,454478,2048,2048,958,625
2932,2932,True,0.8219444766430976,0.8380430130614441,0.56,0.9139784946236559,0.9139784946236559,0.0,1842,454507,2048,2048,846,646
2909,2909,True,0.8410540026390106,0.8261309705733385,0.595,0.9154447702834799,0.9154447702834799,0.0019550342130987292,1843,454717,2048,2048,787,618
2816,2816,True,0.8183505750291431,0.8466640700489628,0.555,0.9159335288367546,0.9159335288367546,0.0,1844,454770,2048,2048,818,648
3761,3761,True,0.8743691375095098,0.8375658102693367,0.555,0.8998044965786901,0.8998044965786901,0.001466275659824047,1845,454839,2048,2048,938,651
2427,2427,True,0.8095494482561016,0.8398301804823622,0.585,0.9384164222873901,0.9384164222873901,0.0004887585532746823,1846,454849,2048,2048,821,602
2718,2718,True,0.8144656389126098,0.864028499561663,0.565,0.918377321603128,0.918377321603128,0.0004887585532746823,1847,454922,2048,2048,846,610
2245,2245,True,0.7794003855045807,0.8545426411338348,0.615,0.9472140762463344,0.9472140762463344,0.001466275659824047,1848,454976,2048,2048,838,621
3035,3035,True,0.813262171272028,0.858252628123744,0.525,0.9130009775171065,0.9130009775171065,0.0,1849,455002,2048,2048,832,607
1961,1961,False,0.8099095009490913,0.8099095009490913,0.63,1.0,1.0,0.0005099439061703213,1850,455119,1963,1963,842,551
2434,2434,True,0.8304667217665702,0.8345423962246392,0.59,0.9408602150537635,0.9408602150537635,0.0004887585532746823,1851,455122,2048,2048,799,657
3143,3143,True,0.8241431839956141,0.8616308015800022,0.48,0.9149560117302052,0.9149560117302052,0.0009775171065493646,1852,455171,2048,2048,855,599
2367,2367,True,0.7889984742865701,0.8455558775583443,0.62,0.9423264907135875,0.9423264907135875,0.0004887585532746823,1853,455256,2048,2048,813,648
2511,2511,True,0.7938066657492427,0.855356403660563,0.54,0.9335288367546432,0.9335288367546432,0.0,1854,455387,2048,2048,829,636
2606,2606,True,0.821862669186824,0.8437858010403474,0.57,0.9310850439882697,0.9310850439882697,0.0009775171065493646,1855,455496,2048,2048,800,649
2713,2713,True,0.8103777348112357,0.8442974070549858,0.525,0.9198435972629521,0.9198435972629521,0.001466275659824047,1856,455604,2048,2048,788,626
2501,2501,True,0.7821301231066327,0.847731822412869,0.63,0.9335288367546432,0.9335288367546432,0.001466275659824047,1857,455692,2048,2048,785,636
3472,3472,True,0.8666088670952996,0.8426566548330112,0.57,0.8983382209188661,0.8983382209188661,0.0009775171065493646,1858,455817,2048,2048,923,633
2557,2557,True,0.8347657277637,0.8401053585510134,0.605,0.9364613880742912,0.9364613880742912,0.0004887585532746823,1859,456005,2048,2048,807,639
3598,3598,True,0.8729871207874738,0.8430382636734982,0.55,0.9007820136852395,0.9007820136852395,0.0,1860,456037,2048,2048,943,620
3156,3156,True,0.8317263982720542,0.8504890193292948,0.5,0.9081133919843597,0.9081133919843597,0.0004887585532746823,1861,456237,2048,2048,842,596
2448,2448,True,0.8218574739979604,0.8449373740481384,0.615,0.9403714565004888,0.9403714565004888,0.0004887585532746823,1862,456340,2048,2048,816,636
2412,2412,True,0.770127970922796,0.8454861359271022,0.56,0.9345063538611925,0.9345063538611925,0.0,1863,456351,2048,2048,818,605
2456,2456,True,0.80162885647007,0.851821673182271,0.51,0.9389051808406648,0.9389051808406648,0.0,1864,456407,2048,2048,809,631
3701,3701,True,0.8832835674804097,0.8654079849267157,0.58,0.9164222873900293,0.9164222873900293,0.0039100684261974585,1865,456604,2048,2048,874,624
2017,2017,False,0.7844779404440707,0.7844779404440707,0.605,1.0,1.0,0.0009915716410510659,1866,456755,2019,2019,902,592
3441,3441,True,0.8556101833850817,0.8488374083162222,0.615,0.9012707722385142,0.9012707722385142,0.0019550342130987292,1867,456760,2048,2048,884,595
3070,3070,True,0.8421218909005507,0.8580601311756553,0.53,0.9125122189638318,0.9125122189638318,0.0004887585532746823,1868,456916,2048,2048,876,623
3666,3666,True,0.8625829143019695,0.8360583215205187,0.545,0.8998044965786901,0.8998044965786901,0.0009775171065493646,1869,456918,2048,2048,968,623
2662,2662,True,0.8060594623115778,0.8452836158519945,0.59,0.9266862170087976,0.9266862170087976,0.0004887585532746823,1870,456951,2048,2048,824,658
3704,3704,True,0.8897233522086513,0.8339095153928718,0.595,0.9022482893450635,0.9022482893450635,0.0019550342130987292,1871,456966,2048,2048,931,653
3289,3289,True,0.8581186587236675,0.8443419320674646,0.56,0.9002932551319648,0.9002932551319648,0.001466275659824047,1872,457046,2048,2048,846,595
3112,3112,True,0.8422406953097447,0.8427938017750988,0.565,0.9081133919843597,0.9081133919843597,0.001466275659824047,1873,457071,2048,2048,841,586
2978,2978,True,0.8440750169125391,0.8470037397197326,0.635,0.9149560117302052,0.9149560117302052,0.0004887585532746823,1874,457084,2048,2048,836,604
4571,4571,True,0.9065676904286456,0.8466882055542405,0.54,0.9154447702834799,0.9154447702834799,0.0004887585532746823,1875,457102,2048,2048,1017,676
2879,2879,True,0.8305353518883759,0.8269798311224573,0.6,0.9130009775171065,0.9130009775171065,0.0004887585532746823,1876,457144,2048,2048,783,605
3217,3217,True,0.8334661861811273,0.859105719442878,0.55,0.9115347018572825,0.9115347018572825,0.0009775171065493646,1877,457335,2048,2048,867,584
3849,3849,True,0.8715566517281249,0.851524538111653,0.56,0.9130009775171065,0.9130009775171065,0.0004887585532746823,1878,457451,2048,2048,978,661
3693,3693,True,0.8710434445119659,0.8426441401379468,0.565,0.9012707722385142,0.9012707722385142,0.0009775171065493646,1879,457638,2048,2048,967,635
3130,3130,True,0.8409572223421953,0.8582243034937064,0.56,0.9081133919843597,0.9081133919843597,0.0004887585532746823,1880,457920,2048,2048,855,606
4746,4746,True,0.9126090447484749,0.8670137300265888,0.545,0.9144672531769306,0.9144672531769306,0.0,1881,457998,2048,2048,1037,674
2581,2581,True,0.843536719913971,0.8374695259918089,0.595,0.9315738025415444,0.9315738025415444,0.0,1882,458147,2048,2048,780,652
2956,2956,True,0.8419447602475056,0.8501121323892752,0.59,0.916911045943304,0.916911045943304,0.0004887585532746823,1883,458401,2048,2048,791,596
2556,2556,True,0.852921129385679,0.8402415073616911,0.645,0.9452590420332356,0.9452590420332356,0.0004887585532746823,1884,458657,2048,2048,808,636
3770,3770,True,0.8804125493638079,0.8506698735176782,0.545,0.9051808406647116,0.9051808406647116,0.0004887585532746823,1885,458960,2048,2048,958,607
2511,2511,True,0.7980024244732824,0.8512413379247532,0.59,0.9359726295210166,0.9359726295210166,0.0,1886,459086,2048,2048,828,621
3031,3031,True,0.8372517787300414,0.8325393968900725,0.585,0.9130009775171065,0.9130009775171065,0.001466275659824047,1887,459232,2048,2048,840,611
2154,2154,True,0.830012281304967,0.8509633317330764,0.585,0.9633431085043989,0.9633431085043989,0.0004887585532746823,1888,459250,2048,2048,864,635
3988,3988,True,0.8749539044665994,0.8592367147339988,0.54,0.9164222873900293,0.9164222873900293,0.0009775171065493646,1889,459389,2048,2048,984,654
3096,3096,True,0.8438275365200589,0.8428836859841575,0.605,0.9081133919843597,0.9081133919843597,0.0009775171065493646,1890,459484,2048,2048,821,612
2895,2895,True,0.8280507788519877,0.8448414860942336,0.555,0.9100684261974584,0.9100684261974584,0.0019550342130987292,1891,459515,2048,2048,818,613
2162,2162,True,0.8009769674680483,0.8340014957036778,0.635,0.9594330400782014,0.9594330400782014,0.001466275659824047,1892,459536,2048,2048,867,645
2535,2535,True,0.8066175885728348,0.8504938907167863,0.56,0.9325513196480938,0.9325513196480938,0.001466275659824047,1893,459565,2048,2048,831,653
3003,3003,True,0.841287953891979,0.8442132960748929,0.57,0.9164222873900293,0.9164222873900293,0.001466275659824047,1894,459644,2048,2048,782,611
2241,2241,True,0.8258591393738582,0.8580407252625747,0.575,0.9540566959921799,0.9540566959921799,0.0,1895,459751,2048,2048,816,626
3202,3202,True,0.8425939849609424,0.8567774023169916,0.57,0.9046920821114369,0.9046920821114369,0.0004887585532746823,1896,459816,2048,2048,845,609
4049,4049,True,0.8866797695873044,0.8469953891233803,0.545,0.9178885630498533,0.9178885630498533,0.0009775171065493646,1897,459832,2048,2048,977,667
3088,3088,True,0.8291709425954572,0.8619447414615083,0.54,0.906158357771261,0.906158357771261,0.001466275659824047,1898,460091,2048,2048,889,613
3303,3303,True,0.8523914292339027,0.8463524503172529,0.59,0.8949169110459433,0.8949169110459433,0.0004887585532746823,1899,460111,2048,2048,882,602
3868,3868,True,0.8737461045750757,0.8591115425746204,0.53,0.9139784946236559,0.9139784946236559,0.001466275659824047,1900,460148,2048,2048,987,649
3586,3586,True,0.8687575166925982,0.8507615812967952,0.555,0.9032258064516129,0.9032258064516129,0.0,1901,460225,2048,2048,972,617
2931,2931,True,0.8342042400910877,0.8568975985768669,0.565,0.9159335288367546,0.9159335288367546,0.0009775171065493646,1902,460303,2048,2048,815,611
2883,2883,True,0.8244881164151826,0.8426832459003922,0.555,0.9120234604105572,0.9120234604105572,0.0024437927663734115,1903,460315,2048,2048,818,634
3025,3025,True,0.8504434574151573,0.8621964220630731,0.54,0.9208211143695014,0.9208211143695014,0.001466275659824047,1904,460421,2048,2048,833,600
2773,2773,True,0.8210362781296163,0.8467062048822974,0.54,0.9188660801564027,0.9188660801564027,0.0004887585532746823,1905,460517,2048,2048,846,629
2337,2337,True,0.7846777436337391,0.8609257445079141,0.66,0.9398826979472141,0.9398826979472141,0.0024437927663734115,1906,460649,2048,2048,810,662
1790,1790,False,0.7435901523914059,0.7435901523914059,0.575,1.0,1.0,0.0016759776536312849,1907,460682,1792,1792,824,498
3064,3064,True,0.8369416143655867,0.8578421852418606,0.545,0.907624633431085,0.907624633431085,0.001466275659824047,1908,460739,2048,2048,851,607
2813,2813,True,0.8357892415247044,0.8434969911989847,0.595,0.9139784946236559,0.9139784946236559,0.0009775171065493646,1909,460827,2048,2048,731,612
3412,3412,True,0.8618607594302254,0.8413189545116019,0.55,0.8934506353861192,0.8934506353861192,0.0009775171065493646,1910,460961,2048,2048,912,591
3174,3174,True,0.8507222684794138,0.8410347783026739,0.595,0.9027370478983382,0.9027370478983382,0.001466275659824047,1911,461089,2048,2048,837,608
3323,3323,True,0.8614165033933747,0.8507706867010919,0.52,0.9081133919843597,0.9081133919843597,0.0,1912,461257,2048,2048,882,619
2734,2734,True,0.8077979967035759,0.8448287005169568,0.56,0.918377321603128,0.918377321603128,0.0004887585532746823,1913,461311,2048,2048,846,635
1270,1270,False,0.8267927785120402,0.8267927785120402,0.55,1.0,1.0,0.0,1914,461377,1272,1272,504,323
2764,2764,True,0.8008509774792886,0.8636630034934082,0.54,0.9203323558162267,0.9203323558162267,0.0004887585532746823,1915,461731,2048,2048,820,618
3632,3632,True,0.855111936985703,0.865997396332475,0.505,0.9022482893450635,0.9022482893450635,0.0009775171065493646,1916,461837,2048,2048,897,583
2671,2671,True,0.7961312969448932,0.8624513533213188,0.555,0.9227761485826002,0.9227761485826002,0.0,1917,461880,2048,2048,834,638
3420,3420,True,0.8569608271232462,0.836721574914165,0.56,0.895405669599218,0.895405669599218,0.0009775171065493646,1918,461909,2048,2048,904,569
3948,3948,True,0.8894454145073718,0.873767640702199,0.6,0.9159335288367546,0.9159335288367546,0.0019550342130987292,1919,462033,2048,2048,986,691
3635,3635,True,0.8613548971848203,0.8465989069485288,0.54,0.9042033235581622,0.9042033235581622,0.0,1920,462109,2048,2048,929,610
2981,2981,True,0.8350368438123228,0.8504119939539142,0.58,0.9090909090909091,0.9090909090909091,0.0004887585532746823,1921,462268,2048,2048,836,611
2730,2730,True,0.8129911365458499,0.8383050103163797,0.55,0.9154447702834799,0.9154447702834799,0.0,1922,462288,2048,2048,790,639
3979,3979,True,0.8849603288483378,0.8521870955808944,0.525,0.9134897360703812,0.9134897360703812,0.0004887585532746823,1923,462370,2048,2048,1009,690
2335,2335,True,0.7725722998757523,0.8777547273701861,0.53,0.9467253176930597,0.9467253176930597,0.0,1924,462377,2048,2048,870,677
3235,3235,True,0.8390442588112814,0.8575182848309627,0.555,0.9046920821114369,0.9046920821114369,0.0,1925,462598,2048,2048,878,605
3253,3253,True,0.8452097096323372,0.8704490189073515,0.54,0.9110459433040078,0.9110459433040078,0.0004887585532746823,1926,462635,2048,2048,909,584
3803,3803,True,0.8739366490591353,0.8523511324264459,0.53,0.9042033235581622,0.9042033235581622,0.0009775171065493646,1927,463090,2048,2048,983,650
2865,2865,True,0.863400504853393,0.8421308828076668,0.57,0.9198435972629521,0.9198435972629521,0.0004887585532746823,1928,463245,2048,2048,795,636
2935,2935,True,0.8490883107915902,0.8440570836926815,0.545,0.9164222873900293,0.9164222873900293,0.0009775171065493646,1929,463311,2048,2048,789,645
2751,2751,True,0.8115715202159813,0.8613412586666994,0.525,0.9217986314760508,0.9217986314760508,0.0,1930,463322,2048,2048,820,645
2209,2209,True,0.8015553703051748,0.8417186170612294,0.62,0.956989247311828,0.956989247311828,0.0004887585532746823,1931,463771,2048,2048,816,622
2952,2952,True,0.8306223976871725,0.8571505665537409,0.585,0.9120234604105572,0.9120234604105572,0.001466275659824047,1932,463782,2048,2048,765,620
3424,3424,True,0.870720599567653,0.8410814690464002,0.595,0.9012707722385142,0.9012707722385142,0.0004887585532746823,1933,463907,2048,2048,895,596
3589,3589,True,0.8826611007530913,0.8464983469617117,0.585,0.9012707722385142,0.9012707722385142,0.0004887585532746823,1934,463915,2048,2048,970,616
2361,2361,True,0.8146874614143167,0.8354996207764457,0.59,0.9486803519061584,0.9486803519061584,0.0009775171065493646,1935,463949,2048,2048,844,654
3052,3052,True,0.844701094791345,0.8421564841324474,0.525,0.9120234604105572,0.9120234604105572,0.0004887585532746823,1936,463965,2048,2048,849,605
4007,4007,True,0.8892509580740511,0.8467937092740394,0.515,0.9130009775171065,0.9130009775171065,0.0019550342130987292,1937,464062,2048,2048,978,682
2641,2641,True,0.7929283418955899,0.826844090456391,0.535,0.9261974584555229,0.9261974584555229,0.0009775171065493646,1938,464183,2048,2048,801,611
3316,3316,True,0.8582711386750818,0.8431573832159357,0.615,0.8983382209188661,0.8983382209188661,0.0004887585532746823,1939,464290,2048,2048,884,601
2068,2068,True,0.7447955735348589,0.7552896078642343,0.585,0.990713587487781,0.990713587487781,0.0004887585532746823,1940,464298,2048,2048,937,597
3389,3389,True,0.8302205488349577,0.8476011529549009,0.51,0.9032258064516129,0.9032258064516129,0.0039100684261974585,1941,464424,2048,2048,842,572
3129,3129,True,0.833979215509796,0.8574171078034453,0.575,0.9056695992179863,0.9056695992179863,0.0009775171065493646,1942,464543,2048,2048,893,615
3282,3282,True,0.8530286517728595,0.830881379114533,0.565,0.9007820136852395,0.9007820136852395,0.001466275659824047,1943,464581,2048,2048,853,597
3764,3764,True,0.8674227118554433,0.839166092182162,0.565,0.9002932551319648,0.9002932551319648,0.0,1944,464612,2048,2048,968,621
2999,2999,True,0.8199340149184707,0.8596733022003933,0.51,0.9110459433040078,0.9110459433040078,0.0004887585532746823,1945,464858,2048,2048,818,589
3020,3020,True,0.8298707931876533,0.8420227936513659,0.605,0.9144672531769306,0.9144672531769306,0.003421309872922776,1946,464867,2048,2048,821,623
3068,3068,True,0.8401500853640003,0.8603176005319467,0.535,0.9081133919843597,0.9081133919843597,0.0004887585532746823,1947,464880,2048,2048,826,596
3080,3080,True,0.8488544821264223,0.8505170205146743,0.55,0.9110459433040078,0.9110459433040078,0.001466275659824047,1948,464901,2048,2048,862,578
3148,3148,True,0.8392969455838928,0.851179481872767,0.545,0.9095796676441837,0.9095796676441837,0.0,1949,464972,2048,2048,851,610
2776,2776,True,0.8490441991722478,0.8322344399544096,0.575,0.9188660801564027,0.9188660801564027,0.0,1950,464992,2048,2048,802,636
2452,2452,True,0.7964286253874929,0.8459366361528962,0.61,0.9374389051808406,0.9374389051808406,0.0009775171065493646,1951,465016,2048,2048,815,639
3033,3033,True,0.8389161832415457,0.8566443551627629,0.56,0.9144672531769306,0.9144672531769306,0.0019550342130987292,1952,465110,2048,2048,854,629
2520,2520,True,0.8237142804502746,0.8547608471092023,0.605,0.9320625610948191,0.9320625610948191,0.0009775171065493646,1953,465188,2048,2048,848,663
2769,2769,True,0.8327382906269784,0.86048302383172,0.585,0.9154447702834799,0.9154447702834799,0.0004887585532746823,1954,465305,2048,2048,844,637
2456,2456,True,0.8025784885354864,0.8499750111529455,0.555,0.9379276637341154,0.9379276637341154,0.0009775171065493646,1955,465601,2048,2048,813,664
3773,3773,True,0.8790395284089262,0.8314560731755763,0.575,0.9032258064516129,0.9032258064516129,0.0019550342130987292,1956,465646,2048,2048,932,608
4146,4146,True,0.8910927867903743,0.8515561383925946,0.54,0.9110459433040078,0.9110459433040078,0.0019550342130987292,1957,465670,2048,2048,983,716
2213,2213,True,0.806034302709971,0.8503594142725996,0.545,0.9579667644183774,0.9579667644183774,0.0009775171065493646,1958,465921,2048,2048,852,623
2984,2984,True,0.8437017154718345,0.8411775320823389,0.6,0.916911045943304,0.916911045943304,0.0,1959,466075,2048,2048,777,616
3833,3833,True,0.8907108764547764,0.8866660065431274,0.6,0.9232649071358748,0.9232649071358748,0.0024437927663734115,1960,466154,2048,2048,952,662
2208,2208,True,0.8109395551984891,0.8515741334777339,0.625,0.9545454545454546,0.9545454545454546,0.0,1961,466255,2048,2048,864,654
2593,2593,True,0.8121324876726332,0.8391343234373405,0.595,0.9301075268817204,0.9301075268817204,0.0004887585532746823,1962,466349,2048,2048,815,632
3190,3190,True,0.8557895824427988,0.8671483945378083,0.555,0.9120234604105572,0.9120234604105572,0.0009775171065493646,1963,466528,2048,2048,896,630
2636,2636,True,0.7974958147534619,0.847410610719578,0.545,0.929130009775171,0.929130009775171,0.0,1964,466629,2048,2048,835,611
3693,3693,True,0.8782838338810883,0.8433257738243002,0.55,0.8998044965786901,0.8998044965786901,0.0004887585532746823,1965,466714,2048,2048,957,610
3334,3334,True,0.8565468322108338,0.8685229064261225,0.61,0.9095796676441837,0.9095796676441837,0.0,1966,466725,2048,2048,884,619
2667,2667,True,0.7897334347618133,0.8455350697272392,0.545,0.9261974584555229,0.9261974584555229,0.0,1967,466758,2048,2048,788,622
3730,3730,True,0.8734188091695053,0.8459105078198267,0.565,0.9032258064516129,0.9032258064516129,0.0019550342130987292,1968,466782,2048,2048,929,628
3537,3537,True,0.8805294003269324,0.8363498315134722,0.59,0.896871945259042,0.896871945259042,0.0009775171065493646,1969,466786,2048,2048,907,614
3633,3633,True,0.8622960000174099,0.8751536838559091,0.595,0.9086021505376344,0.9086021505376344,0.0009775171065493646,1970,466812,2048,2048,966,630
3894,3894,True,0.8749465922309351,0.8607925916698662,0.58,0.9110459433040078,0.9110459433040078,0.0004887585532746823,1971,466836,2048,2048,989,661
3807,3807,True,0.8680488513114373,0.8563735609280958,0.54,0.9213098729227761,0.9213098729227761,0.0004887585532746823,1972,466871,2048,2048,973,617
3595,3595,True,0.8653444366979054,0.8512149796467531,0.56,0.9066471163245357,0.9066471163245357,0.001466275659824047,1973,467327,2048,2048,956,621
3680,3680,True,0.8552659563140724,0.858192183950688,0.475,0.9154447702834799,0.9154447702834799,0.0004887585532746823,1974,467405,2048,2048,915,583
3378,3378,True,0.8492579156455967,0.8541173788863317,0.575,0.8988269794721407,0.8988269794721407,0.0,1975,467421,2048,2048,919,600
3282,3282,True,0.8613955212372665,0.8447403941181145,0.6,0.8998044965786901,0.8998044965786901,0.0004887585532746823,1976,467627,2048,2048,865,603
3268,3268,True,0.853300271833442,0.8492754661180365,0.53,0.9042033235581622,0.9042033235581622,0.0009775171065493646,1977,467868,2048,2048,925,600
3483,3483,True,0.8830529827832163,0.8332618069665121,0.64,0.9037145650048876,0.9037145650048876,0.0019550342130987292,1978,467873,2048,2048,905,588
2212,2212,True,0.83188907132543,0.8621259543439159,0.67,0.9579667644183774,0.9579667644183774,0.0039100684261974585,1979,467931,2048,2048,756,638
3522,3522,True,0.8852802873183817,0.8597509338416798,0.635,0.9090909090909091,0.9090909090909091,0.0024437927663734115,1980,468114,2048,2048,933,636
2414,2414,True,0.8254533830553719,0.8526097786601213,0.645,0.946236559139785,0.946236559139785,0.001466275659824047,1981,468208,2048,2048,833,656
2138,2138,True,0.7584342269335539,0.825665774087229,0.575,0.966275659824047,0.966275659824047,0.001466275659824047,1982,468272,2048,2048,850,626
4401,4401,True,0.9074592700501726,0.8557155518337569,0.555,0.9164222873900293,0.9164222873900293,0.0009775171065493646,1983,468330,2048,2048,1026,694
4004,4004,True,0.881710000149822,0.8425443059457262,0.59,0.916911045943304,0.916911045943304,0.0019550342130987292,1984,468392,2048,2048,951,678
2228,2228,True,0.7985728149990469,0.8699771017306859,0.53,0.9540566959921799,0.9540566959921799,0.0,1985,468430,2048,2048,828,651
3709,3709,True,0.8705652120461487,0.8550294717544621,0.52,0.9110459433040078,0.9110459433040078,0.0,1986,468484,2048,2048,917,637
2526,2526,True,0.8047618157287155,0.8520339517334001,0.575,0.9345063538611925,0.9345063538611925,0.0009775171065493646,1987,468664,2048,2048,781,661
3571,3571,True,0.8604538242500963,0.8579223570454116,0.55,0.9027370478983382,0.9027370478983382,0.0009775171065493646,1988,468675,2048,2048,986,632
2591,2591,True,0.8065579170171994,0.8463981312326166,0.57,0.9227761485826002,0.9227761485826002,0.0,1989,468766,2048,2048,827,671
1596,1596,False,0.8478689544451461,0.8478689544451461,0.56,1.0,1.0,0.0012531328320802004,1990,468984,1598,1598,696,419
2997,2997,True,0.8166357710913895,0.8895292205148154,0.535,0.9198435972629521,0.9198435972629521,0.0004887585532746823,1991,469037,2048,2048,840,592
2264,2264,True,0.8256182158277824,0.8436875573163752,0.62,0.9560117302052786,0.9560117302052786,0.0004887585532746823,1992,469047,2048,2048,859,653
2866,2866,True,0.8222527013319593,0.8555206427988294,0.55,0.9227761485826002,0.9227761485826002,0.0009775171065493646,1993,469073,2048,2048,828,610
2523,2523,True,0.8133139143601641,0.8431851526073949,0.61,0.9335288367546432,0.9335288367546432,0.0004887585532746823,1994,469177,2048,2048,787,635
1550,1550,False,0.8043593076451081,0.8043593076451081,0.57,1.0,1.0,0.0012903225806451613,1995,469215,1552,1552,664,426
3234,3234,True,0.8506140980293427,0.8341928555435321,0.59,0.896871945259042,0.896871945259042,0.0004887585532746823,1996,469216,2048,2048,908,612
3530,3530,True,0.8630377129240577,0.8480493543352006,0.565,0.9002932551319648,0.9002932551319648,0.003421309872922776,1997,469242,2048,2048,928,603
3793,3793,True,0.8677517673277548,0.8457259710975115,0.52,0.906158357771261,0.906158357771261,0.0004887585532746823,1998,469458,2048,2048,1001,622
3410,3410,True,0.8534865474246222,0.8312632122757792,0.575,0.896871945259042,0.896871945259042,0.0004887585532746823,1999,469607,2048,2048,856,594
