tf,primary_tf,cutoff,db,n_cells,K,n_targets_in_universe,testable,M_obs,T_obs,best_feature,n_feat_ge2,p_rf,p_cm,p_cm_uncapped,E_M_cm,p_cml,p_cml_uncapped,E_M_cml,p_fake,p_fake_uncapped,p_fakeK,p_fakeK_uncapped,n_okd,okd_min_attainable_p,p_okd,rank_cm,n_rank_cand,rank_frac,n_cand_p_lt_0.05,q_fake_primary,q_cm_primary,q_cml_primary,q_okd_primary,q_fakeK_primary,q_fake_all,q_cm_all,q_cml_all,q_okd_all,q_fakeK_all
AATF,False,0.5,ChIP,100,1,0,False,,,,,,,,,,,,,,,,,,,,,,,,,,,,,,,,
AATF,False,0.5,TRRUST,100,1,2,True,0.0,0.0,4905.0,0.0,1.0,1.0,1.0,4.440892098500626e-15,1.0,1.0,6.661338147750939e-15,1.0,1.0,1.0,1.0,16.0,0.058823529411764705,1.0,55.5,110.0,0.5045454545454545,0.0,,,,,,1.0,1.0,1.0,1.0,1.0
AATF,False,0.25,ChIP,100,2,0,False,,,,,,,,,,,,,,,,,,,,,,,,,,,,,,,,
AATF,False,0.25,TRRUST,100,2,2,True,0.0,0.0,2665.0,0.0,1.0,1.0,1.0,6.661338147750939e-15,1.0,1.0,1.1102230246251564e-14,1.0,1.0,1.0,1.0,33.0,0.029411764705882353,1.0,55.5,110.0,0.5045454545454545,0.0,,,,,,1.0,1.0,1.0,1.0,1.0
AATF,False,0.1,ChIP,100,3,0,False,,,,,,,,,,,,,,,,,,,,,,,,,,,,,,,,
AATF,False,0.1,TRRUST,100,3,2,True,0.0,0.0,245.0,0.0,1.0,1.0,1.0,0.00434310532031734,1.0,1.0,0.0033840947546731593,1.0,1.0,1.0,1.0,46.0,0.02127659574468085,1.0,56.0,110.0,0.509090909090909,0.0,,,,,,1.0,1.0,1.0,1.0,1.0
AATF,False,0.05,ChIP,100,7,0,False,,,,,,,,,,,,,,,,,,,,,,,,,,,,,,,,
AATF,False,0.05,TRRUST,100,7,2,True,0.0,0.0,245.0,0.0,1.0,1.0,1.0,0.012918589683602159,1.0,1.0,0.010884372136894322,1.0,1.0,1.0,1.0,52.0,0.018867924528301886,1.0,56.0,110.0,0.509090909090909,0.0,,,,,,1.0,1.0,1.0,1.0,1.0
AATF,False,0.02,ChIP,100,16,0,False,,,,,,,,,,,,,,,,,,,,,,,,,,,,,,,,
AATF,False,0.02,TRRUST,100,16,2,True,1.0,0.0,4527.0,0.0,1.0,1.0,1.0,0.06586041258449987,1.0,1.0,0.0734567004186408,1.0,1.0,1.0,1.0,56.0,0.017543859649122806,1.0,61.0,110.0,0.5545454545454546,6.0,,,,,,1.0,1.0,1.0,1.0,1.0
AATF,False,0.01,ChIP,100,42,0,False,,,,,,,,,,,,,,,,,,,,,,,,,,,,,,,,
AATF,False,0.01,TRRUST,100,42,2,True,1.0,0.0,4527.0,0.0,1.0,1.0,1.0,0.1959312908839575,1.0,1.0,0.2037802571110762,1.0,1.0,1.0,1.0,63.0,0.015625,1.0,62.0,110.0,0.5636363636363636,6.0,,,,,,1.0,1.0,1.0,1.0,1.0
AATF,False,0.0,ChIP,100,1282,0,False,,,,,,,,,,,,,,,,,,,,,,,,,,,,,,,,
AATF,False,0.0,TRRUST,100,1282,2,True,1.0,0.0,89.0,0.0,1.0,1.0,1.0,1.0103954028799884,1.0,1.0,1.0109591813216845,1.0,1.0,1.0,1.0,73.0,0.013513513513513514,1.0,80.0,110.0,0.7272727272727273,3.0,,,,,,1.0,1.0,1.0,1.0,1.0
ATF4,True,0.5,ChIP,59,0,156,False,0.0,0.0,-1.0,0.0,1.0,1.0,1.0,0.0,1.0,1.0,0.0,1.0,,,,,,,,,,,1.0,1.0,1.0,,,1.0,1.0,1.0,,
ATF4,True,0.5,TRRUST,59,0,11,False,0.0,0.0,-1.0,0.0,1.0,1.0,1.0,0.0,1.0,1.0,0.0,1.0,,,,,,,,,,,1.0,1.0,1.0,,,1.0,1.0,1.0,,
ATF4,True,0.25,ChIP,59,0,156,False,0.0,0.0,-1.0,0.0,1.0,1.0,1.0,0.0,1.0,1.0,0.0,1.0,,,,,,,,,,,1.0,1.0,1.0,,,1.0,1.0,1.0,,
ATF4,True,0.25,TRRUST,59,0,11,False,0.0,0.0,-1.0,0.0,1.0,1.0,1.0,0.0,1.0,1.0,0.0,1.0,,,,,,,,,,,1.0,1.0,1.0,,,1.0,1.0,1.0,,
ATF4,True,0.1,ChIP,59,0,156,False,0.0,0.0,-1.0,0.0,1.0,1.0,1.0,0.0,1.0,1.0,0.0,1.0,,,,,,,,,,,1.0,1.0,1.0,,,1.0,1.0,1.0,,
ATF4,True,0.1,TRRUST,59,0,11,False,0.0,0.0,-1.0,0.0,1.0,1.0,1.0,0.0,1.0,1.0,0.0,1.0,,,,,,,,,,,1.0,1.0,1.0,,,1.0,1.0,1.0,,
ATF4,True,0.05,ChIP,59,1,156,True,0.0,0.0,2665.0,0.0,1.0,1.0,1.0,0.800573516670307,1.0,1.0,0.8614665493071628,1.0,1.0,1.0,1.0,52.0,0.018867924528301886,1.0,153.5,291.0,0.5274914089347079,0.0,1.0,1.0,1.0,1.0,1.0,1.0,1.0,1.0,1.0,1.0
ATF4,True,0.05,TRRUST,59,1,11,True,0.0,0.0,2665.0,0.0,1.0,1.0,1.0,0.053752187345635805,1.0,1.0,0.07638013875395566,1.0,1.0,1.0,1.0,52.0,0.018867924528301886,1.0,55.0,109.0,0.5045871559633027,0.0,1.0,1.0,1.0,1.0,1.0,1.0,1.0,1.0,1.0,1.0
ATF4,True,0.02,ChIP,59,1,156,True,0.0,0.0,2665.0,0.0,1.0,1.0,1.0,0.800573516670307,1.0,1.0,0.8614665493071628,1.0,1.0,1.0,1.0,56.0,0.017543859649122806,1.0,153.5,291.0,0.5274914089347079,0.0,1.0,1.0,1.0,1.0,1.0,1.0,1.0,1.0,1.0,1.0
ATF4,True,0.02,TRRUST,59,1,11,True,0.0,0.0,2665.0,0.0,1.0,1.0,1.0,0.053752187345635805,1.0,1.0,0.07638013875395566,1.0,1.0,1.0,1.0,56.0,0.017543859649122806,1.0,55.0,109.0,0.5045871559633027,0.0,1.0,1.0,1.0,1.0,1.0,1.0,1.0,1.0,1.0,1.0
ATF4,True,0.01,ChIP,59,2,156,True,0.0,0.0,2665.0,0.0,1.0,1.0,1.0,1.004835766575129,1.0,1.0,1.0999175889368826,1.0,1.0,1.0,1.0,63.0,0.015625,1.0,160.0,291.0,0.5498281786941581,0.0,1.0,1.0,1.0,1.0,1.0,1.0,1.0,1.0,1.0,1.0
ATF4,True,0.01,TRRUST,59,2,11,True,0.0,0.0,2665.0,0.0,1.0,1.0,1.0,0.08072108613670123,1.0,1.0,0.10199278821085785,1.0,1.0,1.0,1.0,63.0,0.015625,1.0,55.0,109.0,0.5045871559633027,0.0,1.0,1.0,1.0,1.0,1.0,1.0,1.0,1.0,1.0,1.0
ATF4,True,0.0,ChIP,59,16,156,True,2.0,2.0,48.0,1.0,0.7634923550905304,0.8184818532938467,0.8184818532938467,2.081387786326487,0.7464904645713466,0.7464904645713466,1.9478311815504057,0.009495252373813094,0.009495252373813094,0.7351324337831084,0.7351324337831084,73.0,0.013513513513513514,0.8378378378378378,137.0,291.0,0.47079037800687284,10.0,0.01356464624830442,1.0,1.0,0.9575289575289575,1.0,0.01356464624830442,1.0,1.0,0.9575289575289575,1.0
ATF4,True,0.0,TRRUST,59,16,11,True,0.0,0.0,24.0,0.0,1.0,1.0,1.0,0.39089541395037763,1.0,1.0,0.4429914935378051,1.0,1.0,1.0,1.0,73.0,0.013513513513513514,1.0,58.0,109.0,0.5321100917431193,2.0,1.0,1.0,1.0,1.0,1.0,1.0,1.0,1.0,1.0,1.0
ATF5,False,0.5,ChIP,100,1,0,False,,,,,,,,,,,,,,,,,,,,,,,,,,,,,,,,
ATF5,False,0.5,TRRUST,100,1,3,True,0.0,0.0,2665.0,0.0,1.0,1.0,1.0,0.017065422416367326,1.0,1.0,0.0037807183364861885,1.0,1.0,1.0,1.0,16.0,0.058823529411764705,1.0,55.5,110.0,0.5045454545454545,0.0,,,,,,1.0,1.0,1.0,1.0,1.0
ATF5,False,0.25,ChIP,100,2,0,False,,,,,,,,,,,,,,,,,,,,,,,,,,,,,,,,
ATF5,False,0.25,TRRUST,100,2,3,True,0.0,0.0,2665.0,0.0,1.0,1.0,1.0,0.03384096837651184,1.0,1.0,0.007547142841834771,1.0,1.0,1.0,1.0,33.0,0.029411764705882353,1.0,55.5,110.0,0.5045454545454545,0.0,,,,,,1.0,1.0,1.0,1.0,1.0
ATF5,False,0.1,ChIP,100,4,0,False,,,,,,,,,,,,,,,,,,,,,,,,,,,,,,,,
ATF5,False,0.1,TRRUST,100,4,3,True,0.0,0.0,1725.0,0.0,1.0,1.0,1.0,0.04651666679937805,1.0,1.0,0.02441119552377876,1.0,1.0,1.0,1.0,46.0,0.02127659574468085,1.0,55.5,110.0,0.5045454545454545,0.0,,,,,,1.0,1.0,1.0,1.0,1.0
ATF5,False,0.05,ChIP,100,7,0,False,,,,,,,,,,,,,,,,,,,,,,,,,,,,,,,,
ATF5,False,0.05,TRRUST,100,7,3,True,0.0,0.0,987.0,0.0,1.0,1.0,1.0,0.08265964976026856,1.0,1.0,0.057363653536686265,1.0,1.0,1.0,1.0,52.0,0.018867924528301886,1.0,55.5,110.0,0.5045454545454545,0.0,,,,,,1.0,1.0,1.0,1.0,1.0
ATF5,False,0.02,ChIP,100,28,0,False,,,,,,,,,,,,,,,,,,,,,,,,,,,,,,,,
ATF5,False,0.02,TRRUST,100,28,3,True,0.0,0.0,245.0,0.0,1.0,1.0,1.0,0.2910500205584616,1.0,1.0,0.1717915670724763,1.0,1.0,1.0,1.0,56.0,0.017543859649122806,1.0,59.0,110.0,0.5363636363636364,3.0,,,,,,1.0,1.0,1.0,1.0,1.0
ATF5,False,0.01,ChIP,100,95,0,False,,,,,,,,,,,,,,,,,,,,,,,,,,,,,,,,
ATF5,False,0.01,TRRUST,100,95,3,True,0.0,0.0,51.0,0.0,1.0,1.0,1.0,0.6773654274425253,1.0,1.0,0.5015710761908657,1.0,1.0,1.0,1.0,63.0,0.015625,1.0,63.5,110.0,0.5772727272727273,2.0,,,,,,1.0,1.0,1.0,1.0,1.0
ATF5,False,0.0,ChIP,100,1868,0,False,,,,,,,,,,,,,,,,,,,,,,,,,,,,,,,,
ATF5,False,0.0,TRRUST,100,1868,3,True,1.0,0.0,216.0,0.0,1.0,1.0,1.0,1.0390452315896257,1.0,1.0,1.0203753572794596,1.0,1.0,1.0,1.0,73.0,0.013513513513513514,1.0,81.5,110.0,0.740909090909091,2.0,,,,,,1.0,1.0,1.0,1.0,1.0
BARD1,False,0.5,ChIP,100,0,0,False,,,,,,,,,,,,,,,,,,,,,,,,,,,,,,,,
BARD1,False,0.5,TRRUST,100,0,0,False,,,,,,,,,,,,,,,,,,,,,,,,,,,,,,,,
BARD1,False,0.25,ChIP,100,0,0,False,,,,,,,,,,,,,,,,,,,,,,,,,,,,,,,,
BARD1,False,0.25,TRRUST,100,0,0,False,,,,,,,,,,,,,,,,,,,,,,,,,,,,,,,,
BARD1,False,0.1,ChIP,100,0,0,False,,,,,,,,,,,,,,,,,,,,,,,,,,,,,,,,
BARD1,False,0.1,TRRUST,100,0,0,False,,,,,,,,,,,,,,,,,,,,,,,,,,,,,,,,
BARD1,False,0.05,ChIP,100,0,0,False,,,,,,,,,,,,,,,,,,,,,,,,,,,,,,,,
BARD1,False,0.05,TRRUST,100,0,0,False,,,,,,,,,,,,,,,,,,,,,,,,,,,,,,,,
BARD1,False,0.02,ChIP,100,0,0,False,,,,,,,,,,,,,,,,,,,,,,,,,,,,,,,,
BARD1,False,0.02,TRRUST,100,0,0,False,,,,,,,,,,,,,,,,,,,,,,,,,,,,,,,,
BARD1,False,0.01,ChIP,100,0,0,False,,,,,,,,,,,,,,,,,,,,,,,,,,,,,,,,
BARD1,False,0.01,TRRUST,100,0,0,False,,,,,,,,,,,,,,,,,,,,,,,,,,,,,,,,
BARD1,False,0.0,ChIP,100,0,0,False,,,,,,,,,,,,,,,,,,,,,,,,,,,,,,,,
BARD1,False,0.0,TRRUST,100,0,0,False,,,,,,,,,,,,,,,,,,,,,,,,,,,,,,,,
BDP1,False,0.5,ChIP,100,1,0,False,,,,,,,,,,,,,,,,,,,,,,,,,,,,,,,,
BDP1,False,0.5,TRRUST,100,1,2,True,0.0,0.0,2665.0,0.0,1.0,1.0,1.0,0.0027797081306485394,1.0,1.0,0.0037807183364861885,1.0,1.0,1.0,1.0,16.0,0.058823529411764705,1.0,55.5,110.0,0.5045454545454545,0.0,,,,,,1.0,1.0,1.0,1.0,1.0
BDP1,False,0.25,ChIP,100,1,0,False,,,,,,,,,,,,,,,,,,,,,,,,,,,,,,,,
BDP1,False,0.25,TRRUST,100,1,2,True,0.0,0.0,2665.0,0.0,1.0,1.0,1.0,0.0027797081306485394,1.0,1.0,0.0037807183364861885,1.0,1.0,1.0,1.0,33.0,0.029411764705882353,1.0,55.5,110.0,0.5045454545454545,0.0,,,,,,1.0,1.0,1.0,1.0,1.0
BDP1,False,0.1,ChIP,100,3,0,False,,,,,,,,,,,,,,,,,,,,,,,,,,,,,,,,
BDP1,False,0.1,TRRUST,100,3,2,True,0.0,0.0,1725.0,0.0,1.0,1.0,1.0,0.008846063482075813,1.0,1.0,0.012527478871540267,1.0,1.0,1.0,1.0,46.0,0.02127659574468085,1.0,55.5,110.0,0.5045454545454545,0.0,,,,,,1.0,1.0,1.0,1.0,1.0
BDP1,False,0.05,ChIP,100,6,0,False,,,,,,,,,,,,,,,,,,,,,,,,,,,,,,,,
BDP1,False,0.05,TRRUST,100,6,2,True,0.0,0.0,987.0,0.0,1.0,1.0,1.0,0.020715454324552074,1.0,1.0,0.024893538880074506,1.0,1.0,1.0,1.0,52.0,0.018867924528301886,1.0,55.5,110.0,0.5045454545454545,0.0,,,,,,1.0,1.0,1.0,1.0,1.0
BDP1,False,0.02,ChIP,100,14,0,False,,,,,,,,,,,,,,,,,,,,,,,,,,,,,,,,
BDP1,False,0.02,TRRUST,100,14,2,True,1.0,0.0,4698.0,0.0,1.0,1.0,1.0,0.06225521960108241,1.0,1.0,0.06272503056063825,1.0,1.0,1.0,1.0,56.0,0.017543859649122806,1.0,56.5,110.0,0.5136363636363637,1.0,,,,,,1.0,1.0,1.0,1.0,1.0
BDP1,False,0.01,ChIP,100,68,0,False,,,,,,,,,,,,,,,,,,,,,,,,,,,,,,,,
BDP1,False,0.01,TRRUST,100,68,2,True,1.0,0.0,1137.0,0.0,1.0,1.0,1.0,0.32464204225781346,1.0,1.0,0.3344048538082231,1.0,1.0,1.0,1.0,63.0,0.015625,1.0,62.5,110.0,0.5681818181818182,4.0,,,,,,1.0,1.0,1.0,1.0,1.0
BDP1,False,0.0,ChIP,100,1084,0,False,,,,,,,,,,,,,,,,,,,,,,,,,,,,,,,,
BDP1,False,0.0,TRRUST,100,1084,2,True,2.0,2.0,4459.0,1.0,0.21996753246684986,0.009001125523225477,0.009001125523225477,1.0080091321770526,0.009386605130921216,0.009386605130921216,1.0086724509838119,0.0009995002498750624,0.0009995002498750624,0.26636681659170414,0.26636681659170414,73.0,0.013513513513513514,0.36486486486486486,2.0,110.0,0.01818181818181818,2.0,,,,,,0.01932367149758454,0.5220652803470777,0.5444230975934305,1.0,1.0
BRCA1,False,0.5,ChIP,87,0,0,False,,,,,,,,,,,,,,,,,,,,,,,,,,,,,,,,
BRCA1,False,0.5,TRRUST,87,0,25,False,0.0,0.0,-1.0,0.0,1.0,1.0,1.0,0.0,1.0,1.0,0.0,1.0,,,,,,,,,,,,,,,,1.0,1.0,1.0,,
BRCA1,False,0.25,ChIP,87,0,0,False,,,,,,,,,,,,,,,,,,,,,,,,,,,,,,,,
BRCA1,False,0.25,TRRUST,87,0,25,False,0.0,0.0,-1.0,0.0,1.0,1.0,1.0,0.0,1.0,1.0,0.0,1.0,,,,,,,,,,,,,,,,1.0,1.0,1.0,,
BRCA1,False,0.1,ChIP,87,0,0,False,,,,,,,,,,,,,,,,,,,,,,,,,,,,,,,,
BRCA1,False,0.1,TRRUST,87,0,25,False,0.0,0.0,-1.0,0.0,1.0,1.0,1.0,0.0,1.0,1.0,0.0,1.0,,,,,,,,,,,,,,,,1.0,1.0,1.0,,
BRCA1,False,0.05,ChIP,87,0,0,False,,,,,,,,,,,,,,,,,,,,,,,,,,,,,,,,
BRCA1,False,0.05,TRRUST,87,0,25,False,0.0,0.0,-1.0,0.0,1.0,1.0,1.0,0.0,1.0,1.0,0.0,1.0,,,,,,,,,,,,,,,,1.0,1.0,1.0,,
BRCA1,False,0.02,ChIP,87,1,0,False,,,,,,,,,,,,,,,,,,,,,,,,,,,,,,,,
BRCA1,False,0.02,TRRUST,87,1,25,True,0.0,0.0,1016.0,0.0,1.0,1.0,1.0,0.05650132563089072,1.0,1.0,0.06720326876361549,1.0,1.0,1.0,1.0,56.0,0.017543859649122806,1.0,55.0,109.0,0.5045871559633027,0.0,,,,,,1.0,1.0,1.0,1.0,1.0
BRCA1,False,0.01,ChIP,87,1,0,False,,,,,,,,,,,,,,,,,,,,,,,,,,,,,,,,
BRCA1,False,0.01,TRRUST,87,1,25,True,0.0,0.0,1016.0,0.0,1.0,1.0,1.0,0.05650132563089072,1.0,1.0,0.06720326876361549,1.0,1.0,1.0,1.0,63.0,0.015625,1.0,55.0,109.0,0.5045871559633027,0.0,,,,,,1.0,1.0,1.0,1.0,1.0
BRCA1,False,0.0,ChIP,87,6,0,False,,,,,,,,,,,,,,,,,,,,,,,,,,,,,,,,
BRCA1,False,0.0,TRRUST,87,6,25,True,0.0,0.0,142.0,0.0,1.0,1.0,1.0,0.3720861518800211,1.0,1.0,0.37135181880308527,1.0,1.0,1.0,1.0,73.0,0.013513513513513514,1.0,55.5,109.0,0.5091743119266054,1.0,,,,,,1.0,1.0,1.0,1.0,1.0
BRCA2,False,0.5,ChIP,100,0,0,False,,,,,,,,,,,,,,,,,,,,,,,,,,,,,,,,
BRCA2,False,0.5,TRRUST,100,0,3,False,0.0,0.0,-1.0,0.0,1.0,1.0,1.0,0.0,1.0,1.0,0.0,1.0,,,,,,,,,,,,,,,,1.0,1.0,1.0,,
BRCA2,False,0.25,ChIP,100,0,0,False,,,,,,,,,,,,,,,,,,,,,,,,,,,,,,,,
BRCA2,False,0.25,TRRUST,100,0,3,False,0.0,0.0,-1.0,0.0,1.0,1.0,1.0,0.0,1.0,1.0,0.0,1.0,,,,,,,,,,,,,,,,1.0,1.0,1.0,,
BRCA2,False,0.1,ChIP,100,0,0,False,,,,,,,,,,,,,,,,,,,,,,,,,,,,,,,,
BRCA2,False,0.1,TRRUST,100,0,3,False,0.0,0.0,-1.0,0.0,1.0,1.0,1.0,0.0,1.0,1.0,0.0,1.0,,,,,,,,,,,,,,,,1.0,1.0,1.0,,
BRCA2,False,0.05,ChIP,100,0,0,False,,,,,,,,,,,,,,,,,,,,,,,,,,,,,,,,
BRCA2,False,0.05,TRRUST,100,0,3,False,0.0,0.0,-1.0,0.0,1.0,1.0,1.0,0.0,1.0,1.0,0.0,1.0,,,,,,,,,,,,,,,,1.0,1.0,1.0,,
BRCA2,False,0.02,ChIP,100,0,0,False,,,,,,,,,,,,,,,,,,,,,,,,,,,,,,,,
BRCA2,False,0.02,TRRUST,100,0,3,False,0.0,0.0,-1.0,0.0,1.0,1.0,1.0,0.0,1.0,1.0,0.0,1.0,,,,,,,,,,,,,,,,1.0,1.0,1.0,,
BRCA2,False,0.01,ChIP,100,1,0,False,,,,,,,,,,,,,,,,,,,,,,,,,,,,,,,,
BRCA2,False,0.01,TRRUST,100,1,3,True,0.0,0.0,2762.0,0.0,1.0,1.0,1.0,0.00965391747637312,1.0,1.0,0.009064039408875901,1.0,1.0,1.0,1.0,63.0,0.015625,1.0,56.0,110.0,0.509090909090909,1.0,,,,,,1.0,1.0,1.0,1.0,1.0
BRCA2,False,0.0,ChIP,100,2,0,False,,,,,,,,,,,,,,,,,,,,,,,,,,,,,,,,
BRCA2,False,0.0,TRRUST,100,2,3,True,0.0,0.0,153.0,0.0,1.0,1.0,1.0,0.019176183787594846,1.0,1.0,0.018827350216495505,1.0,1.0,1.0,1.0,73.0,0.013513513513513514,1.0,56.0,110.0,0.509090909090909,1.0,,,,,,1.0,1.0,1.0,1.0,1.0
BRF2,True,0.5,ChIP,100,0,174,False,0.0,0.0,-1.0,0.0,1.0,1.0,1.0,0.0,1.0,1.0,0.0,1.0,,,,,,,,,,,1.0,1.0,1.0,,,1.0,1.0,1.0,,
BRF2,True,0.5,TRRUST,100,0,0,False,,,,,,,,,,,,,,,,,,,,,,,,,,,,,,,,
BRF2,True,0.25,ChIP,100,0,174,False,0.0,0.0,-1.0,0.0,1.0,1.0,1.0,0.0,1.0,1.0,0.0,1.0,,,,,,,,,,,1.0,1.0,1.0,,,1.0,1.0,1.0,,
BRF2,True,0.25,TRRUST,100,0,0,False,,,,,,,,,,,,,,,,,,,,,,,,,,,,,,,,
BRF2,True,0.1,ChIP,100,0,174,False,0.0,0.0,-1.0,0.0,1.0,1.0,1.0,0.0,1.0,1.0,0.0,1.0,,,,,,,,,,,1.0,1.0,1.0,,,1.0,1.0,1.0,,
BRF2,True,0.1,TRRUST,100,0,0,False,,,,,,,,,,,,,,,,,,,,,,,,,,,,,,,,
BRF2,True,0.05,ChIP,100,0,174,False,0.0,0.0,-1.0,0.0,1.0,1.0,1.0,0.0,1.0,1.0,0.0,1.0,,,,,,,,,,,1.0,1.0,1.0,,,1.0,1.0,1.0,,
BRF2,True,0.05,TRRUST,100,0,0,False,,,,,,,,,,,,,,,,,,,,,,,,,,,,,,,,
BRF2,True,0.02,ChIP,100,0,174,False,0.0,0.0,-1.0,0.0,1.0,1.0,1.0,0.0,1.0,1.0,0.0,1.0,,,,,,,,,,,1.0,1.0,1.0,,,1.0,1.0,1.0,,
BRF2,True,0.02,TRRUST,100,0,0,False,,,,,,,,,,,,,,,,,,,,,,,,,,,,,,,,
BRF2,True,0.01,ChIP,100,0,174,False,0.0,0.0,-1.0,0.0,1.0,1.0,1.0,0.0,1.0,1.0,0.0,1.0,,,,,,,,,,,1.0,1.0,1.0,,,1.0,1.0,1.0,,
BRF2,True,0.01,TRRUST,100,0,0,False,,,,,,,,,,,,,,,,,,,,,,,,,,,,,,,,
BRF2,True,0.0,ChIP,100,0,174,False,0.0,0.0,-1.0,0.0,1.0,1.0,1.0,0.0,1.0,1.0,0.0,1.0,,,,,,,,,,,1.0,1.0,1.0,,,1.0,1.0,1.0,,
BRF2,True,0.0,TRRUST,100,0,0,False,,,,,,,,,,,,,,,,,,,,,,,,,,,,,,,,
BRIP1,False,0.5,ChIP,100,0,0,False,,,,,,,,,,,,,,,,,,,,,,,,,,,,,,,,
BRIP1,False,0.5,TRRUST,100,0,2,False,0.0,0.0,-1.0,0.0,1.0,1.0,1.0,0.0,1.0,1.0,0.0,1.0,,,,,,,,,,,,,,,,1.0,1.0,1.0,,
BRIP1,False,0.25,ChIP,100,0,0,False,,,,,,,,,,,,,,,,,,,,,,,,,,,,,,,,
BRIP1,False,0.25,TRRUST,100,0,2,False,0.0,0.0,-1.0,0.0,1.0,1.0,1.0,0.0,1.0,1.0,0.0,1.0,,,,,,,,,,,,,,,,1.0,1.0,1.0,,
BRIP1,False,0.1,ChIP,100,0,0,False,,,,,,,,,,,,,,,,,,,,,,,,,,,,,,,,
BRIP1,False,0.1,TRRUST,100,0,2,False,0.0,0.0,-1.0,0.0,1.0,1.0,1.0,0.0,1.0,1.0,0.0,1.0,,,,,,,,,,,,,,,,1.0,1.0,1.0,,
BRIP1,False,0.05,ChIP,100,0,0,False,,,,,,,,,,,,,,,,,,,,,,,,,,,,,,,,
BRIP1,False,0.05,TRRUST,100,0,2,False,0.0,0.0,-1.0,0.0,1.0,1.0,1.0,0.0,1.0,1.0,0.0,1.0,,,,,,,,,,,,,,,,1.0,1.0,1.0,,
BRIP1,False,0.02,ChIP,100,0,0,False,,,,,,,,,,,,,,,,,,,,,,,,,,,,,,,,
BRIP1,False,0.02,TRRUST,100,0,2,False,0.0,0.0,-1.0,0.0,1.0,1.0,1.0,0.0,1.0,1.0,0.0,1.0,,,,,,,,,,,,,,,,1.0,1.0,1.0,,
BRIP1,False,0.01,ChIP,100,0,0,False,,,,,,,,,,,,,,,,,,,,,,,,,,,,,,,,
BRIP1,False,0.01,TRRUST,100,0,2,False,0.0,0.0,-1.0,0.0,1.0,1.0,1.0,0.0,1.0,1.0,0.0,1.0,,,,,,,,,,,,,,,,1.0,1.0,1.0,,
BRIP1,False,0.0,ChIP,100,0,0,False,,,,,,,,,,,,,,,,,,,,,,,,,,,,,,,,
BRIP1,False,0.0,TRRUST,100,0,2,False,0.0,0.0,-1.0,0.0,1.0,1.0,1.0,0.0,1.0,1.0,0.0,1.0,,,,,,,,,,,,,,,,1.0,1.0,1.0,,
BTF3,False,0.5,ChIP,65,0,0,False,,,,,,,,,,,,,,,,,,,,,,,,,,,,,,,,
BTF3,False,0.5,TRRUST,65,0,4,False,0.0,0.0,-1.0,0.0,1.0,1.0,1.0,0.0,1.0,1.0,0.0,1.0,,,,,,,,,,,,,,,,1.0,1.0,1.0,,
BTF3,False,0.25,ChIP,65,0,0,False,,,,,,,,,,,,,,,,,,,,,,,,,,,,,,,,
BTF3,False,0.25,TRRUST,65,0,4,False,0.0,0.0,-1.0,0.0,1.0,1.0,1.0,0.0,1.0,1.0,0.0,1.0,,,,,,,,,,,,,,,,1.0,1.0,1.0,,
BTF3,False,0.1,ChIP,65,1,0,False,,,,,,,,,,,,,,,,,,,,,,,,,,,,,,,,
BTF3,False,0.1,TRRUST,65,1,4,True,0.0,0.0,2665.0,0.0,1.0,1.0,1.0,0.020387317163025664,1.0,1.0,0.021758821676120865,1.0,1.0,1.0,1.0,46.0,0.02127659574468085,1.0,55.5,110.0,0.5045454545454545,0.0,,,,,,1.0,1.0,1.0,1.0,1.0
BTF3,False,0.05,ChIP,65,4,0,False,,,,,,,,,,,,,,,,,,,,,,,,,,,,,,,,
BTF3,False,0.05,TRRUST,65,4,4,True,0.0,0.0,987.0,0.0,1.0,1.0,1.0,0.06479571991439217,1.0,1.0,0.08069210528681554,1.0,1.0,1.0,1.0,52.0,0.018867924528301886,1.0,55.5,110.0,0.5045454545454545,0.0,,,,,,1.0,1.0,1.0,1.0,1.0
BTF3,False,0.02,ChIP,65,6,0,False,,,,,,,,,,,,,,,,,,,,,,,,,,,,,,,,
BTF3,False,0.02,TRRUST,65,6,4,True,0.0,0.0,981.0,0.0,1.0,1.0,1.0,0.09025274174981233,1.0,1.0,0.09782369860716232,1.0,1.0,1.0,1.0,56.0,0.017543859649122806,1.0,56.5,110.0,0.5136363636363637,1.0,,,,,,1.0,1.0,1.0,1.0,1.0
BTF3,False,0.01,ChIP,65,27,0,False,,,,,,,,,,,,,,,,,,,,,,,,,,,,,,,,
BTF3,False,0.01,TRRUST,65,27,4,True,0.0,0.0,51.0,0.0,1.0,1.0,1.0,0.3079128880552553,1.0,1.0,0.2985475598060859,1.0,1.0,1.0,1.0,63.0,0.015625,1.0,57.5,110.0,0.5227272727272727,0.0,,,,,,1.0,1.0,1.0,1.0,1.0
BTF3,False,0.0,ChIP,65,376,0,False,,,,,,,,,,,,,,,,,,,,,,,,,,,,,,,,
BTF3,False,0.0,TRRUST,65,376,4,True,1.0,0.0,2321.0,0.0,1.0,1.0,1.0,1.0143572217071217,1.0,1.0,1.0152539287860245,1.0,1.0,1.0,1.0,73.0,0.013513513513513514,1.0,67.0,110.0,0.6090909090909091,2.0,,,,,,1.0,1.0,1.0,1.0,1.0
CDC5L,False,0.5,ChIP,77,1,0,False,,,,,,,,,,,,,,,,,,,,,,,,,,,,,,,,
CDC5L,False,0.5,TRRUST,77,1,1,True,0.0,0.0,3763.0,0.0,1.0,1.0,1.0,2.2204460492503127e-15,1.0,1.0,6.661338147750939e-15,1.0,1.0,1.0,1.0,16.0,0.058823529411764705,1.0,55.5,110.0,0.5045454545454545,0.0,,,,,,1.0,1.0,1.0,1.0,1.0
CDC5L,False,0.25,ChIP,77,2,0,False,,,,,,,,,,,,,,,,,,,,,,,,,,,,,,,,
CDC5L,False,0.25,TRRUST,77,2,1,True,0.0,0.0,2665.0,0.0,1.0,1.0,1.0,4.440892098500625e-15,1.0,1.0,1.1102230246251564e-14,1.0,1.0,1.0,1.0,33.0,0.029411764705882353,1.0,55.5,110.0,0.5045454545454545,0.0,,,,,,1.0,1.0,1.0,1.0,1.0
CDC5L,False,0.1,ChIP,77,5,0,False,,,,,,,,,,,,,,,,,,,,,,,,,,,,,,,,
CDC5L,False,0.1,TRRUST,77,5,1,True,0.0,0.0,1725.0,0.0,1.0,1.0,1.0,0.007587171570363787,1.0,1.0,0.010129380069380212,1.0,1.0,1.0,1.0,46.0,0.02127659574468085,1.0,55.5,110.0,0.5045454545454545,0.0,,,,,,1.0,1.0,1.0,1.0,1.0
CDC5L,False,0.05,ChIP,77,10,0,False,,,,,,,,,,,,,,,,,,,,,,,,,,,,,,,,
CDC5L,False,0.05,TRRUST,77,10,1,True,0.0,0.0,892.0,0.0,1.0,1.0,1.0,0.026309993893161653,1.0,1.0,0.02843746521897031,1.0,1.0,1.0,1.0,52.0,0.018867924528301886,1.0,56.0,110.0,0.509090909090909,1.0,,,,,,1.0,1.0,1.0,1.0,1.0
CDC5L,False,0.02,ChIP,77,31,0,False,,,,,,,,,,,,,,,,,,,,,,,,,,,,,,,,
CDC5L,False,0.02,TRRUST,77,31,1,True,0.0,0.0,245.0,0.0,1.0,1.0,1.0,0.09575215183927317,1.0,1.0,0.08910064090678572,1.0,1.0,1.0,1.0,56.0,0.017543859649122806,1.0,59.0,110.0,0.5363636363636364,2.0,,,,,,1.0,1.0,1.0,1.0,1.0
CDC5L,False,0.01,ChIP,77,105,0,False,,,,,,,,,,,,,,,,,,,,,,,,,,,,,,,,
CDC5L,False,0.01,TRRUST,77,105,1,True,0.0,0.0,45.0,0.0,1.0,1.0,1.0,0.2784553516064768,1.0,1.0,0.26929940881869846,1.0,1.0,1.0,1.0,63.0,0.015625,1.0,62.0,110.0,0.5636363636363636,3.0,,,,,,1.0,1.0,1.0,1.0,1.0
CDC5L,False,0.0,ChIP,77,1935,0,False,,,,,,,,,,,,,,,,,,,,,,,,,,,,,,,,
CDC5L,False,0.0,TRRUST,77,1935,1,True,1.0,0.0,3675.0,0.0,1.0,1.0,1.0,0.9981654098208269,1.0,1.0,0.9980618542157698,1.0,1.0,1.0,1.0,73.0,0.013513513513513514,1.0,80.5,110.0,0.7318181818181818,2.0,,,,,,1.0,1.0,1.0,1.0,1.0
CEBPZ,True,0.5,ChIP,100,0,222,False,0.0,0.0,-1.0,0.0,1.0,1.0,1.0,0.0,1.0,1.0,0.0,1.0,,,,,,,,,,,1.0,1.0,1.0,,,1.0,1.0,1.0,,
CEBPZ,True,0.5,TRRUST,100,0,2,False,0.0,0.0,-1.0,0.0,1.0,1.0,1.0,0.0,1.0,1.0,0.0,1.0,,,,,,,,,,,1.0,1.0,1.0,,,1.0,1.0,1.0,,
CEBPZ,True,0.25,ChIP,100,0,222,False,0.0,0.0,-1.0,0.0,1.0,1.0,1.0,0.0,1.0,1.0,0.0,1.0,,,,,,,,,,,1.0,1.0,1.0,,,1.0,1.0,1.0,,
CEBPZ,True,0.25,TRRUST,100,0,2,False,0.0,0.0,-1.0,0.0,1.0,1.0,1.0,0.0,1.0,1.0,0.0,1.0,,,,,,,,,,,1.0,1.0,1.0,,,1.0,1.0,1.0,,
CEBPZ,True,0.1,ChIP,100,2,222,True,1.0,0.0,2665.0,0.0,1.0,1.0,1.0,1.1481977780458605,1.0,1.0,1.1577495201415522,1.0,1.0,1.0,1.0,46.0,0.02127659574468085,1.0,194.0,291.0,0.6666666666666666,0.0,1.0,1.0,1.0,1.0,1.0,1.0,1.0,1.0,1.0,1.0
CEBPZ,True,0.1,TRRUST,100,2,2,True,0.0,0.0,2665.0,0.0,1.0,1.0,1.0,0.005551689484007716,1.0,1.0,0.005663930589164918,1.0,1.0,1.0,1.0,46.0,0.02127659574468085,1.0,55.5,110.0,0.5045454545454545,0.0,1.0,1.0,1.0,1.0,1.0,1.0,1.0,1.0,1.0,1.0
CEBPZ,True,0.05,ChIP,100,2,222,True,1.0,0.0,2665.0,0.0,1.0,1.0,1.0,1.1481977780458605,1.0,1.0,1.1577495201415522,1.0,1.0,1.0,1.0,52.0,0.018867924528301886,1.0,194.0,291.0,0.6666666666666666,0.0,1.0,1.0,1.0,1.0,1.0,1.0,1.0,1.0,1.0,1.0
CEBPZ,True,0.05,TRRUST,100,2,2,True,0.0,0.0,2665.0,0.0,1.0,1.0,1.0,0.005551689484007716,1.0,1.0,0.005663930589164918,1.0,1.0,1.0,1.0,52.0,0.018867924528301886,1.0,55.5,110.0,0.5045454545454545,0.0,1.0,1.0,1.0,1.0,1.0,1.0,1.0,1.0,1.0,1.0
CEBPZ,True,0.02,ChIP,100,7,222,True,2.0,2.0,1806.0,1.0,0.7069011679397321,0.701641233830436,0.701641233830436,1.9388145598942284,0.6958838628671694,0.6958838628671694,1.926675752887372,0.0004997501249375312,0.0004997501249375312,0.904047976011994,0.904047976011994,56.0,0.017543859649122806,0.7719298245614035,137.0,291.0,0.47079037800687284,4.0,0.0014278574998215175,1.0,1.0,1.0,1.0,0.0014278574998215175,1.0,1.0,1.0,1.0
CEBPZ,True,0.02,TRRUST,100,7,2,True,0.0,0.0,892.0,0.0,1.0,1.0,1.0,0.0386539787113411,1.0,1.0,0.03731118800492529,1.0,1.0,1.0,1.0,56.0,0.017543859649122806,1.0,56.0,110.0,0.509090909090909,1.0,1.0,1.0,1.0,1.0,1.0,1.0,1.0,1.0,1.0,1.0
CEBPZ,True,0.01,ChIP,100,24,222,True,3.0,3.0,1488.0,8.0,0.599659911958511,0.5284300454498146,0.5284300454498146,2.6250687076633796,0.5248836641841448,0.5248836641841448,2.6195831495753406,0.0004997501249375312,0.0004997501249375312,0.623688155922039,0.623688155922039,63.0,0.015625,0.640625,131.0,291.0,0.45017182130584193,12.0,0.001249375312343828,1.0,1.0,1.0,1.0,0.001249375312343828,1.0,1.0,1.0,1.0
CEBPZ,True,0.01,TRRUST,100,24,2,True,0.0,0.0,287.0,0.0,1.0,1.0,1.0,0.139245837394308,1.0,1.0,0.1397413138023754,1.0,1.0,1.0,1.0,63.0,0.015625,1.0,62.0,110.0,0.5636363636363636,6.0,1.0,1.0,1.0,1.0,1.0,1.0,1.0,1.0,1.0,1.0
CEBPZ,True,0.0,ChIP,100,680,222,True,4.0,4.0,4.0,135.0,0.9926806657453946,0.9548820911166387,0.9548820911166387,4.277600578834072,0.9547672381628395,0.9547672381628395,4.277502203853547,0.0034982508745627187,0.0034982508745627187,0.9975012493753124,0.9975012493753124,73.0,0.013513513513513514,0.6621621621621622,224.0,291.0,0.7697594501718213,7.0,0.005830418124271198,1.0,1.0,0.9575289575289575,1.0,0.005830418124271198,1.0,1.0,0.9575289575289575,1.0
CEBPZ,True,0.0,TRRUST,100,680,2,True,1.0,0.0,129.0,0.0,1.0,1.0,1.0,0.9934022674481373,1.0,1.0,0.9951922285452475,1.0,1.0,1.0,1.0,73.0,0.013513513513513514,1.0,74.5,110.0,0.6772727272727272,3.0,1.0,1.0,1.0,1.0,1.0,1.0,1.0,1.0,1.0,1.0
CHD4,False,0.5,ChIP,35,0,0,False,,,,,,,,,,,,,,,,,,,,,,,,,,,,,,,,
CHD4,False,0.5,TRRUST,35,0,1,False,0.0,0.0,-1.0,0.0,1.0,1.0,1.0,0.0,1.0,1.0,0.0,1.0,,,,,,,,,,,,,,,,1.0,1.0,1.0,,
CHD4,False,0.25,ChIP,35,0,0,False,,,,,,,,,,,,,,,,,,,,,,,,,,,,,,,,
CHD4,False,0.25,TRRUST,35,0,1,False,0.0,0.0,-1.0,0.0,1.0,1.0,1.0,0.0,1.0,1.0,0.0,1.0,,,,,,,,,,,,,,,,1.0,1.0,1.0,,
CHD4,False,0.1,ChIP,35,0,0,False,,,,,,,,,,,,,,,,,,,,,,,,,,,,,,,,
CHD4,False,0.1,TRRUST,35,0,1,False,0.0,0.0,-1.0,0.0,1.0,1.0,1.0,0.0,1.0,1.0,0.0,1.0,,,,,,,,,,,,,,,,1.0,1.0,1.0,,
CHD4,False,0.05,ChIP,35,0,0,False,,,,,,,,,,,,,,,,,,,,,,,,,,,,,,,,
CHD4,False,0.05,TRRUST,35,0,1,False,0.0,0.0,-1.0,0.0,1.0,1.0,1.0,0.0,1.0,1.0,0.0,1.0,,,,,,,,,,,,,,,,1.0,1.0,1.0,,
CHD4,False,0.02,ChIP,35,0,0,False,,,,,,,,,,,,,,,,,,,,,,,,,,,,,,,,
CHD4,False,0.02,TRRUST,35,0,1,False,0.0,0.0,-1.0,0.0,1.0,1.0,1.0,0.0,1.0,1.0,0.0,1.0,,,,,,,,,,,,,,,,1.0,1.0,1.0,,
CHD4,False,0.01,ChIP,35,0,0,False,,,,,,,,,,,,,,,,,,,,,,,,,,,,,,,,
CHD4,False,0.01,TRRUST,35,0,1,False,0.0,0.0,-1.0,0.0,1.0,1.0,1.0,0.0,1.0,1.0,0.0,1.0,,,,,,,,,,,,,,,,1.0,1.0,1.0,,
CHD4,False,0.0,ChIP,35,1,0,False,,,,,,,,,,,,,,,,,,,,,,,,,,,,,,,,
CHD4,False,0.0,TRRUST,35,1,1,True,0.0,0.0,1415.0,0.0,1.0,1.0,1.0,0.004797441364610022,1.0,1.0,0.010144927536238524,1.0,1.0,1.0,1.0,73.0,0.013513513513513514,1.0,55.5,110.0,0.5045454545454545,0.0,,,,,,1.0,1.0,1.0,1.0,1.0
COPS5,False,0.5,ChIP,72,0,0,False,,,,,,,,,,,,,,,,,,,,,,,,,,,,,,,,
COPS5,False,0.5,TRRUST,72,0,1,False,0.0,0.0,-1.0,0.0,1.0,1.0,1.0,0.0,1.0,1.0,0.0,1.0,,,,,,,,,,,,,,,,1.0,1.0,1.0,,
COPS5,False,0.25,ChIP,72,0,0,False,,,,,,,,,,,,,,,,,,,,,,,,,,,,,,,,
COPS5,False,0.25,TRRUST,72,0,1,False,0.0,0.0,-1.0,0.0,1.0,1.0,1.0,0.0,1.0,1.0,0.0,1.0,,,,,,,,,,,,,,,,1.0,1.0,1.0,,
COPS5,False,0.1,ChIP,72,0,0,False,,,,,,,,,,,,,,,,,,,,,,,,,,,,,,,,
COPS5,False,0.1,TRRUST,72,0,1,False,0.0,0.0,-1.0,0.0,1.0,1.0,1.0,0.0,1.0,1.0,0.0,1.0,,,,,,,,,,,,,,,,1.0,1.0,1.0,,
COPS5,False,0.05,ChIP,72,3,0,False,,,,,,,,,,,,,,,,,,,,,,,,,,,,,,,,
COPS5,False,0.05,TRRUST,72,3,1,True,0.0,0.0,987.0,0.0,1.0,1.0,1.0,0.010687999655928428,1.0,1.0,0.005434782608715656,1.0,1.0,1.0,1.0,52.0,0.018867924528301886,1.0,55.5,110.0,0.5045454545454545,0.0,,,,,,1.0,1.0,1.0,1.0,1.0
COPS5,False,0.02,ChIP,72,7,0,False,,,,,,,,,,,,,,,,,,,,,,,,,,,,,,,,
COPS5,False,0.02,TRRUST,72,7,1,True,0.0,0.0,224.0,0.0,1.0,1.0,1.0,0.034335879039089925,1.0,1.0,0.0269676365887724,1.0,1.0,1.0,1.0,56.0,0.017543859649122806,1.0,55.5,110.0,0.5045454545454545,0.0,,,,,,1.0,1.0,1.0,1.0,1.0
COPS5,False,0.01,ChIP,72,53,0,False,,,,,,,,,,,,,,,,,,,,,,,,,,,,,,,,
COPS5,False,0.01,TRRUST,72,53,1,True,1.0,0.0,689.0,0.0,1.0,1.0,1.0,0.18459844287512564,1.0,1.0,0.20054282868625173,1.0,1.0,1.0,1.0,63.0,0.015625,1.0,57.5,110.0,0.5227272727272727,1.0,,,,,,1.0,1.0,1.0,1.0,1.0
COPS5,False,0.0,ChIP,72,747,0,False,,,,,,,,,,,,,,,,,,,,,,,,,,,,,,,,
COPS5,False,0.0,TRRUST,72,747,1,True,1.0,0.0,689.0,0.0,1.0,1.0,1.0,0.9240073540694953,1.0,1.0,0.9355737041392524,1.0,1.0,1.0,1.0,73.0,0.013513513513513514,1.0,71.5,110.0,0.65,0.0,,,,,,1.0,1.0,1.0,1.0,1.0
CXXC1,False,0.5,ChIP,100,0,0,False,,,,,,,,,,,,,,,,,,,,,,,,,,,,,,,,
CXXC1,False,0.5,TRRUST,100,0,0,False,,,,,,,,,,,,,,,,,,,,,,,,,,,,,,,,
CXXC1,False,0.25,ChIP,100,1,0,False,,,,,,,,,,,,,,,,,,,,,,,,,,,,,,,,
CXXC1,False,0.25,TRRUST,100,1,0,False,,,,,,,,,,,,,,,,,,,,,,,,,,,,,,,,
CXXC1,False,0.1,ChIP,100,2,0,False,,,,,,,,,,,,,,,,,,,,,,,,,,,,,,,,
CXXC1,False,0.1,TRRUST,100,2,0,False,,,,,,,,,,,,,,,,,,,,,,,,,,,,,,,,
CXXC1,False,0.05,ChIP,100,5,0,False,,,,,,,,,,,,,,,,,,,,,,,,,,,,,,,,
CXXC1,False,0.05,TRRUST,100,5,0,False,,,,,,,,,,,,,,,,,,,,,,,,,,,,,,,,
CXXC1,False,0.02,ChIP,100,14,0,False,,,,,,,,,,,,,,,,,,,,,,,,,,,,,,,,
CXXC1,False,0.02,TRRUST,100,14,0,False,,,,,,,,,,,,,,,,,,,,,,,,,,,,,,,,
CXXC1,False,0.01,ChIP,100,49,0,False,,,,,,,,,,,,,,,,,,,,,,,,,,,,,,,,
CXXC1,False,0.01,TRRUST,100,49,0,False,,,,,,,,,,,,,,,,,,,,,,,,,,,,,,,,
CXXC1,False,0.0,ChIP,100,823,0,False,,,,,,,,,,,,,,,,,,,,,,,,,,,,,,,,
CXXC1,False,0.0,TRRUST,100,823,0,False,,,,,,,,,,,,,,,,,,,,,,,,,,,,,,,,
DDX5,False,0.5,ChIP,100,0,0,False,,,,,,,,,,,,,,,,,,,,,,,,,,,,,,,,
DDX5,False,0.5,TRRUST,100,0,0,False,,,,,,,,,,,,,,,,,,,,,,,,,,,,,,,,
DDX5,False,0.25,ChIP,100,0,0,False,,,,,,,,,,,,,,,,,,,,,,,,,,,,,,,,
DDX5,False,0.25,TRRUST,100,0,0,False,,,,,,,,,,,,,,,,,,,,,,,,,,,,,,,,
DDX5,False,0.1,ChIP,100,0,0,False,,,,,,,,,,,,,,,,,,,,,,,,,,,,,,,,
DDX5,False,0.1,TRRUST,100,0,0,False,,,,,,,,,,,,,,,,,,,,,,,,,,,,,,,,
DDX5,False,0.05,ChIP,100,0,0,False,,,,,,,,,,,,,,,,,,,,,,,,,,,,,,,,
DDX5,False,0.05,TRRUST,100,0,0,False,,,,,,,,,,,,,,,,,,,,,,,,,,,,,,,,
DDX5,False,0.02,ChIP,100,0,0,False,,,,,,,,,,,,,,,,,,,,,,,,,,,,,,,,
DDX5,False,0.02,TRRUST,100,0,0,False,,,,,,,,,,,,,,,,,,,,,,,,,,,,,,,,
DDX5,False,0.01,ChIP,100,1,0,False,,,,,,,,,,,,,,,,,,,,,,,,,,,,,,,,
DDX5,False,0.01,TRRUST,100,1,0,False,,,,,,,,,,,,,,,,,,,,,,,,,,,,,,,,
DDX5,False,0.0,ChIP,100,14,0,False,,,,,,,,,,,,,,,,,,,,,,,,,,,,,,,,
DDX5,False,0.0,TRRUST,100,14,0,False,,,,,,,,,,,,,,,,,,,,,,,,,,,,,,,,
DMAP1,False,0.5,ChIP,71,0,0,False,,,,,,,,,,,,,,,,,,,,,,,,,,,,,,,,
DMAP1,False,0.5,TRRUST,71,0,3,False,0.0,0.0,-1.0,0.0,1.0,1.0,1.0,0.0,1.0,1.0,0.0,1.0,,,,,,,,,,,,,,,,1.0,1.0,1.0,,
DMAP1,False,0.25,ChIP,71,2,0,False,,,,,,,,,,,,,,,,,,,,,,,,,,,,,,,,
DMAP1,False,0.25,TRRUST,71,2,3,True,0.0,0.0,2665.0,0.0,1.0,1.0,1.0,0.0055516894840054965,1.0,1.0,0.007547142841834771,1.0,1.0,1.0,1.0,33.0,0.029411764705882353,1.0,55.5,110.0,0.5045454545454545,0.0,,,,,,1.0,1.0,1.0,1.0,1.0
DMAP1,False,0.1,ChIP,71,4,0,False,,,,,,,,,,,,,,,,,,,,,,,,,,,,,,,,
DMAP1,False,0.1,TRRUST,71,4,3,True,0.0,0.0,1499.0,0.0,1.0,1.0,1.0,0.01820306433665916,1.0,1.0,0.023598472919741636,1.0,1.0,1.0,1.0,46.0,0.02127659574468085,1.0,55.5,110.0,0.5045454545454545,0.0,,,,,,1.0,1.0,1.0,1.0,1.0
DMAP1,False,0.05,ChIP,71,5,0,False,,,,,,,,,,,,,,,,,,,,,,,,,,,,,,,,
DMAP1,False,0.05,TRRUST,71,5,3,True,0.0,0.0,245.0,0.0,1.0,1.0,1.0,0.029973021211334792,1.0,1.0,0.03428672852990479,1.0,1.0,1.0,1.0,52.0,0.018867924528301886,1.0,56.0,110.0,0.509090909090909,0.0,,,,,,1.0,1.0,1.0,1.0,1.0
DMAP1,False,0.02,ChIP,71,18,0,False,,,,,,,,,,,,,,,,,,,,,,,,,,,,,,,,
DMAP1,False,0.02,TRRUST,71,18,3,True,0.0,0.0,133.0,0.0,1.0,1.0,1.0,0.12910043184070977,1.0,1.0,0.12397239680244047,1.0,1.0,1.0,1.0,56.0,0.017543859649122806,1.0,57.0,110.0,0.5181818181818182,0.0,,,,,,1.0,1.0,1.0,1.0,1.0
DMAP1,False,0.01,ChIP,71,75,0,False,,,,,,,,,,,,,,,,,,,,,,,,,,,,,,,,
DMAP1,False,0.01,TRRUST,71,75,3,True,0.0,0.0,20.0,0.0,1.0,1.0,1.0,0.4892246420159944,1.0,1.0,0.45686239833823744,1.0,1.0,1.0,1.0,63.0,0.015625,1.0,61.0,110.0,0.5545454545454546,2.0,,,,,,1.0,1.0,1.0,1.0,1.0
DMAP1,False,0.0,ChIP,71,1283,0,False,,,,,,,,,,,,,,,,,,,,,,,,,,,,,,,,
DMAP1,False,0.0,TRRUST,71,1283,3,True,1.0,0.0,339.0,0.0,1.0,1.0,1.0,1.034963150140634,1.0,1.0,1.0350439089274854,1.0,1.0,1.0,1.0,73.0,0.013513513513513514,1.0,75.5,110.0,0.6863636363636364,2.0,,,,,,1.0,1.0,1.0,1.0,1.0
DNMT1,False,0.5,ChIP,100,0,0,False,,,,,,,,,,,,,,,,,,,,,,,,,,,,,,,,
DNMT1,False,0.5,TRRUST,100,0,7,False,0.0,0.0,-1.0,0.0,1.0,1.0,1.0,0.0,1.0,1.0,0.0,1.0,,,,,,,,,,,,,,,,1.0,1.0,1.0,,
DNMT1,False,0.25,ChIP,100,0,0,False,,,,,,,,,,,,,,,,,,,,,,,,,,,,,,,,
DNMT1,False,0.25,TRRUST,100,0,7,False,0.0,0.0,-1.0,0.0,1.0,1.0,1.0,0.0,1.0,1.0,0.0,1.0,,,,,,,,,,,,,,,,1.0,1.0,1.0,,
DNMT1,False,0.1,ChIP,100,0,0,False,,,,,,,,,,,,,,,,,,,,,,,,,,,,,,,,
DNMT1,False,0.1,TRRUST,100,0,7,False,0.0,0.0,-1.0,0.0,1.0,1.0,1.0,0.0,1.0,1.0,0.0,1.0,,,,,,,,,,,,,,,,1.0,1.0,1.0,,
DNMT1,False,0.05,ChIP,100,0,0,False,,,,,,,,,,,,,,,,,,,,,,,,,,,,,,,,
DNMT1,False,0.05,TRRUST,100,0,7,False,0.0,0.0,-1.0,0.0,1.0,1.0,1.0,0.0,1.0,1.0,0.0,1.0,,,,,,,,,,,,,,,,1.0,1.0,1.0,,
DNMT1,False,0.02,ChIP,100,0,0,False,,,,,,,,,,,,,,,,,,,,,,,,,,,,,,,,
DNMT1,False,0.02,TRRUST,100,0,7,False,0.0,0.0,-1.0,0.0,1.0,1.0,1.0,0.0,1.0,1.0,0.0,1.0,,,,,,,,,,,,,,,,1.0,1.0,1.0,,
DNMT1,False,0.01,ChIP,100,0,0,False,,,,,,,,,,,,,,,,,,,,,,,,,,,,,,,,
DNMT1,False,0.01,TRRUST,100,0,7,False,0.0,0.0,-1.0,0.0,1.0,1.0,1.0,0.0,1.0,1.0,0.0,1.0,,,,,,,,,,,,,,,,1.0,1.0,1.0,,
DNMT1,False,0.0,ChIP,100,3,0,False,,,,,,,,,,,,,,,,,,,,,,,,,,,,,,,,
DNMT1,False,0.0,TRRUST,100,3,7,True,0.0,0.0,2852.0,0.0,1.0,1.0,1.0,0.06844092021489867,1.0,1.0,0.07618191789638616,1.0,1.0,1.0,1.0,73.0,0.013513513513513514,1.0,56.5,109.0,0.518348623853211,1.0,,,,,,1.0,1.0,1.0,1.0,1.0
DR1,False,0.5,ChIP,100,0,0,False,,,,,,,,,,,,,,,,,,,,,,,,,,,,,,,,
DR1,False,0.5,TRRUST,100,0,2,False,0.0,0.0,-1.0,0.0,1.0,1.0,1.0,0.0,1.0,1.0,0.0,1.0,,,,,,,,,,,,,,,,1.0,1.0,1.0,,
DR1,False,0.25,ChIP,100,0,0,False,,,,,,,,,,,,,,,,,,,,,,,,,,,,,,,,
DR1,False,0.25,TRRUST,100,0,2,False,0.0,0.0,-1.0,0.0,1.0,1.0,1.0,0.0,1.0,1.0,0.0,1.0,,,,,,,,,,,,,,,,1.0,1.0,1.0,,
DR1,False,0.1,ChIP,100,0,0,False,,,,,,,,,,,,,,,,,,,,,,,,,,,,,,,,
DR1,False,0.1,TRRUST,100,0,2,False,0.0,0.0,-1.0,0.0,1.0,1.0,1.0,0.0,1.0,1.0,0.0,1.0,,,,,,,,,,,,,,,,1.0,1.0,1.0,,
DR1,False,0.05,ChIP,100,0,0,False,,,,,,,,,,,,,,,,,,,,,,,,,,,,,,,,
DR1,False,0.05,TRRUST,100,0,2,False,0.0,0.0,-1.0,0.0,1.0,1.0,1.0,0.0,1.0,1.0,0.0,1.0,,,,,,,,,,,,,,,,1.0,1.0,1.0,,
DR1,False,0.02,ChIP,100,0,0,False,,,,,,,,,,,,,,,,,,,,,,,,,,,,,,,,
DR1,False,0.02,TRRUST,100,0,2,False,0.0,0.0,-1.0,0.0,1.0,1.0,1.0,0.0,1.0,1.0,0.0,1.0,,,,,,,,,,,,,,,,1.0,1.0,1.0,,
DR1,False,0.01,ChIP,100,1,0,False,,,,,,,,,,,,,,,,,,,,,,,,,,,,,,,,
DR1,False,0.01,TRRUST,100,1,2,True,0.0,0.0,1016.0,0.0,1.0,1.0,1.0,0.00651465798046047,1.0,1.0,0.005517241379316972,1.0,1.0,1.0,1.0,63.0,0.015625,1.0,55.5,110.0,0.5045454545454545,0.0,,,,,,1.0,1.0,1.0,1.0,1.0
DR1,False,0.0,ChIP,100,26,0,False,,,,,,,,,,,,,,,,,,,,,,,,,,,,,,,,
DR1,False,0.0,TRRUST,100,26,2,True,0.0,0.0,80.0,0.0,1.0,1.0,1.0,0.162362933987843,1.0,1.0,0.18007458288404013,1.0,1.0,1.0,1.0,73.0,0.013513513513513514,1.0,56.5,110.0,0.5136363636363637,0.0,,,,,,1.0,1.0,1.0,1.0,1.0
DRAP1,False,0.5,ChIP,100,0,0,False,,,,,,,,,,,,,,,,,,,,,,,,,,,,,,,,
DRAP1,False,0.5,TRRUST,100,0,1,False,0.0,0.0,-1.0,0.0,1.0,1.0,1.0,0.0,1.0,1.0,0.0,1.0,,,,,,,,,,,,,,,,1.0,1.0,1.0,,
DRAP1,False,0.25,ChIP,100,0,0,False,,,,,,,,,,,,,,,,,,,,,,,,,,,,,,,,
DRAP1,False,0.25,TRRUST,100,0,1,False,0.0,0.0,-1.0,0.0,1.0,1.0,1.0,0.0,1.0,1.0,0.0,1.0,,,,,,,,,,,,,,,,1.0,1.0,1.0,,
DRAP1,False,0.1,ChIP,100,0,0,False,,,,,,,,,,,,,,,,,,,,,,,,,,,,,,,,
DRAP1,False,0.1,TRRUST,100,0,1,False,0.0,0.0,-1.0,0.0,1.0,1.0,1.0,0.0,1.0,1.0,0.0,1.0,,,,,,,,,,,,,,,,1.0,1.0,1.0,,
DRAP1,False,0.05,ChIP,100,0,0,False,,,,,,,,,,,,,,,,,,,,,,,,,,,,,,,,
DRAP1,False,0.05,TRRUST,100,0,1,False,0.0,0.0,-1.0,0.0,1.0,1.0,1.0,0.0,1.0,1.0,0.0,1.0,,,,,,,,,,,,,,,,1.0,1.0,1.0,,
DRAP1,False,0.02,ChIP,100,0,0,False,,,,,,,,,,,,,,,,,,,,,,,,,,,,,,,,
DRAP1,False,0.02,TRRUST,100,0,1,False,0.0,0.0,-1.0,0.0,1.0,1.0,1.0,0.0,1.0,1.0,0.0,1.0,,,,,,,,,,,,,,,,1.0,1.0,1.0,,
DRAP1,False,0.01,ChIP,100,1,0,False,,,,,,,,,,,,,,,,,,,,,,,,,,,,,,,,
DRAP1,False,0.01,TRRUST,100,1,1,True,0.0,0.0,133.0,0.0,1.0,1.0,1.0,0.0016286644951162277,1.0,1.0,0.0013793103448298538,1.0,1.0,1.0,1.0,63.0,0.015625,1.0,55.5,110.0,0.5045454545454545,0.0,,,,,,1.0,1.0,1.0,1.0,1.0
DRAP1,False,0.0,ChIP,100,17,0,False,,,,,,,,,,,,,,,,,,,,,,,,,,,,,,,,
DRAP1,False,0.0,TRRUST,100,17,1,True,0.0,0.0,0.0,0.0,1.0,1.0,1.0,0.033153488400594025,1.0,1.0,0.035309620321472134,1.0,1.0,1.0,1.0,73.0,0.013513513513513514,1.0,57.5,110.0,0.5227272727272727,2.0,,,,,,1.0,1.0,1.0,1.0,1.0
E2F6,True,0.5,ChIP,100,0,172,False,0.0,0.0,-1.0,0.0,1.0,1.0,1.0,0.0,1.0,1.0,0.0,1.0,,,,,,,,,,,1.0,1.0,1.0,,,1.0,1.0,1.0,,
E2F6,True,0.5,TRRUST,100,0,6,False,0.0,0.0,-1.0,0.0,1.0,1.0,1.0,0.0,1.0,1.0,0.0,1.0,,,,,,,,,,,1.0,1.0,1.0,,,1.0,1.0,1.0,,
E2F6,True,0.25,ChIP,100,0,172,False,0.0,0.0,-1.0,0.0,1.0,1.0,1.0,0.0,1.0,1.0,0.0,1.0,,,,,,,,,,,1.0,1.0,1.0,,,1.0,1.0,1.0,,
E2F6,True,0.25,TRRUST,100,0,6,False,0.0,0.0,-1.0,0.0,1.0,1.0,1.0,0.0,1.0,1.0,0.0,1.0,,,,,,,,,,,1.0,1.0,1.0,,,1.0,1.0,1.0,,
E2F6,True,0.1,ChIP,100,0,172,False,0.0,0.0,-1.0,0.0,1.0,1.0,1.0,0.0,1.0,1.0,0.0,1.0,,,,,,,,,,,1.0,1.0,1.0,,,1.0,1.0,1.0,,
E2F6,True,0.1,TRRUST,100,0,6,False,0.0,0.0,-1.0,0.0,1.0,1.0,1.0,0.0,1.0,1.0,0.0,1.0,,,,,,,,,,,1.0,1.0,1.0,,,1.0,1.0,1.0,,
E2F6,True,0.05,ChIP,100,0,172,False,0.0,0.0,-1.0,0.0,1.0,1.0,1.0,0.0,1.0,1.0,0.0,1.0,,,,,,,,,,,1.0,1.0,1.0,,,1.0,1.0,1.0,,
E2F6,True,0.05,TRRUST,100,0,6,False,0.0,0.0,-1.0,0.0,1.0,1.0,1.0,0.0,1.0,1.0,0.0,1.0,,,,,,,,,,,1.0,1.0,1.0,,,1.0,1.0,1.0,,
E2F6,True,0.02,ChIP,100,0,172,False,0.0,0.0,-1.0,0.0,1.0,1.0,1.0,0.0,1.0,1.0,0.0,1.0,,,,,,,,,,,1.0,1.0,1.0,,,1.0,1.0,1.0,,
E2F6,True,0.02,TRRUST,100,0,6,False,0.0,0.0,-1.0,0.0,1.0,1.0,1.0,0.0,1.0,1.0,0.0,1.0,,,,,,,,,,,1.0,1.0,1.0,,,1.0,1.0,1.0,,
E2F6,True,0.01,ChIP,100,0,172,False,0.0,0.0,-1.0,0.0,1.0,1.0,1.0,0.0,1.0,1.0,0.0,1.0,,,,,,,,,,,1.0,1.0,1.0,,,1.0,1.0,1.0,,
E2F6,True,0.01,TRRUST,100,0,6,False,0.0,0.0,-1.0,0.0,1.0,1.0,1.0,0.0,1.0,1.0,0.0,1.0,,,,,,,,,,,1.0,1.0,1.0,,,1.0,1.0,1.0,,
E2F6,True,0.0,ChIP,100,0,172,False,0.0,0.0,-1.0,0.0,1.0,1.0,1.0,0.0,1.0,1.0,0.0,1.0,,,,,,,,,,,1.0,1.0,1.0,,,1.0,1.0,1.0,,
E2F6,True,0.0,TRRUST,100,0,6,False,0.0,0.0,-1.0,0.0,1.0,1.0,1.0,0.0,1.0,1.0,0.0,1.0,,,,,,,,,,,1.0,1.0,1.0,,,1.0,1.0,1.0,,
E4F1,False,0.5,ChIP,100,0,0,False,,,,,,,,,,,,,,,,,,,,,,,,,,,,,,,,
E4F1,False,0.5,TRRUST,100,0,1,False,0.0,0.0,-1.0,0.0,1.0,1.0,1.0,0.0,1.0,1.0,0.0,1.0,,,,,,,,,,,,,,,,1.0,1.0,1.0,,
E4F1,False,0.25,ChIP,100,0,0,False,,,,,,,,,,,,,,,,,,,,,,,,,,,,,,,,
E4F1,False,0.25,TRRUST,100,0,1,False,0.0,0.0,-1.0,0.0,1.0,1.0,1.0,0.0,1.0,1.0,0.0,1.0,,,,,,,,,,,,,,,,1.0,1.0,1.0,,
E4F1,False,0.1,ChIP,100,2,0,False,,,,,,,,,,,,,,,,,,,,,,,,,,,,,,,,
E4F1,False,0.1,TRRUST,100,2,1,True,0.0,0.0,1725.0,0.0,1.0,1.0,1.0,0.00053304904052065,1.0,1.0,0.0012315270936094076,1.0,1.0,1.0,1.0,46.0,0.02127659574468085,1.0,55.5,110.0,0.5045454545454545,0.0,,,,,,1.0,1.0,1.0,1.0,1.0
E4F1,False,0.05,ChIP,100,4,0,False,,,,,,,,,,,,,,,,,,,,,,,,,,,,,,,,
E4F1,False,0.05,TRRUST,100,4,1,True,0.0,0.0,987.0,0.0,1.0,1.0,1.0,0.005325661215074183,1.0,1.0,0.007381579266691733,1.0,1.0,1.0,1.0,52.0,0.018867924528301886,1.0,55.5,110.0,0.5045454545454545,0.0,,,,,,1.0,1.0,1.0,1.0,1.0
E4F1,False,0.02,ChIP,100,12,0,False,,,,,,,,,,,,,,,,,,,,,,,,,,,,,,,,
E4F1,False,0.02,TRRUST,100,12,1,True,0.0,0.0,338.0,0.0,1.0,1.0,1.0,0.021129724217424706,1.0,1.0,0.02317867405862159,1.0,1.0,1.0,1.0,56.0,0.017543859649122806,1.0,56.0,110.0,0.509090909090909,0.0,,,,,,1.0,1.0,1.0,1.0,1.0
E4F1,False,0.01,ChIP,100,65,0,False,,,,,,,,,,,,,,,,,,,,,,,,,,,,,,,,
E4F1,False,0.01,TRRUST,100,65,1,True,0.0,0.0,51.0,0.0,1.0,1.0,1.0,0.1136739384329508,1.0,1.0,0.11391633216669776,1.0,1.0,1.0,1.0,63.0,0.015625,1.0,57.0,110.0,0.5181818181818182,1.0,,,,,,1.0,1.0,1.0,1.0,1.0
E4F1,False,0.0,ChIP,100,1042,0,False,,,,,,,,,,,,,,,,,,,,,,,,,,,,,,,,
E4F1,False,0.0,TRRUST,100,1042,1,True,0.0,0.0,6.0,0.0,1.0,1.0,1.0,0.9475710666844734,1.0,1.0,0.9557018909921078,1.0,1.0,1.0,1.0,73.0,0.013513513513513514,1.0,73.0,110.0,0.6636363636363637,0.0,,,,,,1.0,1.0,1.0,1.0,1.0
ECD,False,0.5,ChIP,69,1,0,False,,,,,,,,,,,,,,,,,,,,,,,,,,,,,,,,
ECD,False,0.5,TRRUST,69,1,0,False,,,,,,,,,,,,,,,,,,,,,,,,,,,,,,,,
ECD,False,0.25,ChIP,69,1,0,False,,,,,,,,,,,,,,,,,,,,,,,,,,,,,,,,
ECD,False,0.25,TRRUST,69,1,0,False,,,,,,,,,,,,,,,,,,,,,,,,,,,,,,,,
ECD,False,0.1,ChIP,69,2,0,False,,,,,,,,,,,,,,,,,,,,,,,,,,,,,,,,
ECD,False,0.1,TRRUST,69,2,0,False,,,,,,,,,,,,,,,,,,,,,,,,,,,,,,,,
ECD,False,0.05,ChIP,69,3,0,False,,,,,,,,,,,,,,,,,,,,,,,,,,,,,,,,
ECD,False,0.05,TRRUST,69,3,0,False,,,,,,,,,,,,,,,,,,,,,,,,,,,,,,,,
ECD,False,0.02,ChIP,69,10,0,False,,,,,,,,,,,,,,,,,,,,,,,,,,,,,,,,
ECD,False,0.02,TRRUST,69,10,0,False,,,,,,,,,,,,,,,,,,,,,,,,,,,,,,,,
ECD,False,0.01,ChIP,69,45,0,False,,,,,,,,,,,,,,,,,,,,,,,,,,,,,,,,
ECD,False,0.01,TRRUST,69,45,0,False,,,,,,,,,,,,,,,,,,,,,,,,,,,,,,,,
ECD,False,0.0,ChIP,69,643,0,False,,,,,,,,,,,,,,,,,,,,,,,,,,,,,,,,
ECD,False,0.0,TRRUST,69,643,0,False,,,,,,,,,,,,,,,,,,,,,,,,,,,,,,,,
ELL,False,0.5,ChIP,80,0,0,False,,,,,,,,,,,,,,,,,,,,,,,,,,,,,,,,
ELL,False,0.5,TRRUST,80,0,3,False,0.0,0.0,-1.0,0.0,1.0,1.0,1.0,0.0,1.0,1.0,0.0,1.0,,,,,,,,,,,,,,,,1.0,1.0,1.0,,
ELL,False,0.25,ChIP,80,0,0,False,,,,,,,,,,,,,,,,,,,,,,,,,,,,,,,,
ELL,False,0.25,TRRUST,80,0,3,False,0.0,0.0,-1.0,0.0,1.0,1.0,1.0,0.0,1.0,1.0,0.0,1.0,,,,,,,,,,,,,,,,1.0,1.0,1.0,,
ELL,False,0.1,ChIP,80,1,0,False,,,,,,,,,,,,,,,,,,,,,,,,,,,,,,,,
ELL,False,0.1,TRRUST,80,1,3,True,0.0,0.0,3763.0,0.0,1.0,1.0,1.0,0.0027797081306485394,1.0,1.0,6.661338147750939e-15,1.0,1.0,1.0,1.0,46.0,0.02127659574468085,1.0,55.5,110.0,0.5045454545454545,0.0,,,,,,1.0,1.0,1.0,1.0,1.0
ELL,False,0.05,ChIP,80,1,0,False,,,,,,,,,,,,,,,,,,,,,,,,,,,,,,,,
ELL,False,0.05,TRRUST,80,1,3,True,0.0,0.0,3763.0,0.0,1.0,1.0,1.0,0.0027797081306485394,1.0,1.0,6.661338147750939e-15,1.0,1.0,1.0,1.0,52.0,0.018867924528301886,1.0,55.5,110.0,0.5045454545454545,0.0,,,,,,1.0,1.0,1.0,1.0,1.0
ELL,False,0.02,ChIP,80,2,0,False,,,,,,,,,,,,,,,,,,,,,,,,,,,,,,,,
ELL,False,0.02,TRRUST,80,2,3,True,0.0,0.0,1016.0,0.0,1.0,1.0,1.0,0.0192380167556857,1.0,1.0,0.008721314509321561,1.0,1.0,1.0,1.0,56.0,0.017543859649122806,1.0,55.5,110.0,0.5045454545454545,0.0,,,,,,1.0,1.0,1.0,1.0,1.0
ELL,False,0.01,ChIP,80,3,0,False,,,,,,,,,,,,,,,,,,,,,,,,,,,,,,,,
ELL,False,0.01,TRRUST,80,3,3,True,0.0,0.0,1016.0,0.0,1.0,1.0,1.0,0.029718277872149753,1.0,1.0,0.024594299464611214,1.0,1.0,1.0,1.0,63.0,0.015625,1.0,55.5,110.0,0.5045454545454545,0.0,,,,,,1.0,1.0,1.0,1.0,1.0
ELL,False,0.0,ChIP,80,12,0,False,,,,,,,,,,,,,,,,,,,,,,,,,,,,,,,,
ELL,False,0.0,TRRUST,80,12,3,True,1.0,0.0,1379.0,0.0,1.0,1.0,1.0,0.10408570832921701,1.0,1.0,0.1089597249854793,1.0,1.0,1.0,1.0,73.0,0.013513513513513514,1.0,57.0,110.0,0.5181818181818182,1.0,,,,,,1.0,1.0,1.0,1.0,1.0
ENO1,False,0.5,ChIP,67,0,0,False,,,,,,,,,,,,,,,,,,,,,,,,,,,,,,,,
ENO1,False,0.5,TRRUST,67,0,1,False,0.0,0.0,-1.0,0.0,1.0,1.0,1.0,0.0,1.0,1.0,0.0,1.0,,,,,,,,,,,,,,,,1.0,1.0,1.0,,
ENO1,False,0.25,ChIP,67,0,0,False,,,,,,,,,,,,,,,,,,,,,,,,,,,,,,,,
ENO1,False,0.25,TRRUST,67,0,1,False,0.0,0.0,-1.0,0.0,1.0,1.0,1.0,0.0,1.0,1.0,0.0,1.0,,,,,,,,,,,,,,,,1.0,1.0,1.0,,
ENO1,False,0.1,ChIP,67,1,0,False,,,,,,,,,,,,,,,,,,,,,,,,,,,,,,,,
ENO1,False,0.1,TRRUST,67,1,1,True,0.0,0.0,2928.0,0.0,1.0,1.0,1.0,0.0005330490405184296,1.0,1.0,6.661338147750939e-15,1.0,1.0,1.0,1.0,46.0,0.02127659574468085,1.0,55.5,110.0,0.5045454545454545,0.0,,,,,,1.0,1.0,1.0,1.0,1.0
ENO1,False,0.05,ChIP,67,2,0,False,,,,,,,,,,,,,,,,,,,,,,,,,,,,,,,,
ENO1,False,0.05,TRRUST,67,2,1,True,0.0,0.0,261.0,0.0,1.0,1.0,1.0,0.005327933133612136,1.0,1.0,0.006157635467993636,1.0,1.0,1.0,1.0,52.0,0.018867924528301886,1.0,55.5,110.0,0.5045454545454545,0.0,,,,,,1.0,1.0,1.0,1.0,1.0
ENO1,False,0.02,ChIP,67,3,0,False,,,,,,,,,,,,,,,,,,,,,,,,,,,,,,,,
ENO1,False,0.02,TRRUST,67,3,1,True,0.0,0.0,261.0,0.0,1.0,1.0,1.0,0.0063883511153504475,1.0,1.0,0.007381579266685074,1.0,1.0,1.0,1.0,56.0,0.017543859649122806,1.0,55.5,110.0,0.5045454545454545,0.0,,,,,,1.0,1.0,1.0,1.0,1.0
ENO1,False,0.01,ChIP,67,6,0,False,,,,,,,,,,,,,,,,,,,,,,,,,,,,,,,,
ENO1,False,0.01,TRRUST,67,6,1,True,0.0,0.0,261.0,0.0,1.0,1.0,1.0,0.01325933053514198,1.0,1.0,0.012266808790716283,1.0,1.0,1.0,1.0,63.0,0.015625,1.0,55.5,110.0,0.5045454545454545,0.0,,,,,,1.0,1.0,1.0,1.0,1.0
ENO1,False,0.0,ChIP,67,83,0,False,,,,,,,,,,,,,,,,,,,,,,,,,,,,,,,,
ENO1,False,0.0,TRRUST,67,83,1,True,0.0,0.0,13.0,0.0,1.0,1.0,1.0,0.25820213535665376,1.0,1.0,0.2854282785890435,1.0,1.0,1.0,1.0,73.0,0.013513513513513514,1.0,62.0,110.0,0.5636363636363636,3.0,,,,,,1.0,1.0,1.0,1.0,1.0
ERCC2,False,0.5,ChIP,100,0,0,False,,,,,,,,,,,,,,,,,,,,,,,,,,,,,,,,
ERCC2,False,0.5,TRRUST,100,0,5,False,0.0,0.0,-1.0,0.0,1.0,1.0,1.0,0.0,1.0,1.0,0.0,1.0,,,,,,,,,,,,,,,,1.0,1.0,1.0,,
ERCC2,False,0.25,ChIP,100,1,0,False,,,,,,,,,,,,,,,,,,,,,,,,,,,,,,,,
ERCC2,False,0.25,TRRUST,100,1,5,True,0.0,0.0,4905.0,0.0,1.0,1.0,1.0,0.02286002941579346,1.0,1.0,0.02473958333334003,1.0,1.0,1.0,1.0,33.0,0.029411764705882353,1.0,55.0,109.0,0.5045871559633027,0.0,,,,,,1.0,1.0,1.0,1.0,1.0
ERCC2,False,0.1,ChIP,100,2,0,False,,,,,,,,,,,,,,,,,,,,,,,,,,,,,,,,
ERCC2,False,0.1,TRRUST,100,2,5,True,0.0,0.0,1725.0,0.0,1.0,1.0,1.0,0.04219042325781033,1.0,1.0,0.0442263829195542,1.0,1.0,1.0,1.0,46.0,0.02127659574468085,1.0,55.0,109.0,0.5045871559633027,0.0,,,,,,1.0,1.0,1.0,1.0,1.0
ERCC2,False,0.05,ChIP,100,5,0,False,,,,,,,,,,,,,,,,,,,,,,,,,,,,,,,,
ERCC2,False,0.05,TRRUST,100,5,5,True,0.0,0.0,295.0,0.0,1.0,1.0,1.0,0.09102445504925312,1.0,1.0,0.0909781110772897,1.0,1.0,1.0,1.0,52.0,0.018867924528301886,1.0,55.0,109.0,0.5045871559633027,0.0,,,,,,1.0,1.0,1.0,1.0,1.0
ERCC2,False,0.02,ChIP,100,20,0,False,,,,,,,,,,,,,,,,,,,,,,,,,,,,,,,,
ERCC2,False,0.02,TRRUST,100,20,5,True,1.0,0.0,1734.0,0.0,1.0,1.0,1.0,0.2938311890552671,1.0,1.0,0.26968834269790154,1.0,1.0,1.0,1.0,56.0,0.017543859649122806,1.0,56.5,109.0,0.518348623853211,0.0,,,,,,1.0,1.0,1.0,1.0,1.0
ERCC2,False,0.01,ChIP,100,92,0,False,,,,,,,,,,,,,,,,,,,,,,,,,,,,,,,,
ERCC2,False,0.01,TRRUST,100,92,5,True,1.0,0.0,961.0,0.0,1.0,1.0,1.0,0.7952497845533969,1.0,1.0,0.7895636725885347,1.0,1.0,1.0,1.0,63.0,0.015625,1.0,62.0,109.0,0.5688073394495413,2.0,,,,,,1.0,1.0,1.0,1.0,1.0
ERCC2,False,0.0,ChIP,100,1500,0,False,,,,,,,,,,,,,,,,,,,,,,,,,,,,,,,,
ERCC2,False,0.0,TRRUST,100,1500,5,True,2.0,2.0,4650.0,1.0,0.5161601261497631,0.13627839243103232,0.13627839243103232,1.1366907368202883,0.12952538498685764,0.12952538498685764,1.1299020995738778,0.0004997501249375312,0.0004997501249375312,0.45027486256871563,0.45027486256871563,73.0,0.013513513513513514,0.3108108108108108,6.0,109.0,0.05504587155963303,1.0,,,,,,0.014492753623188406,1.0,1.0,1.0,1.0
FOXL2,False,0.5,ChIP,100,0,0,False,,,,,,,,,,,,,,,,,,,,,,,,,,,,,,,,
FOXL2,False,0.5,TRRUST,100,0,1,False,0.0,0.0,-1.0,0.0,1.0,1.0,1.0,0.0,1.0,1.0,0.0,1.0,,,,,,,,,,,,,,,,1.0,1.0,1.0,,
FOXL2,False,0.25,ChIP,100,0,0,False,,,,,,,,,,,,,,,,,,,,,,,,,,,,,,,,
FOXL2,False,0.25,TRRUST,100,0,1,False,0.0,0.0,-1.0,0.0,1.0,1.0,1.0,0.0,1.0,1.0,0.0,1.0,,,,,,,,,,,,,,,,1.0,1.0,1.0,,
FOXL2,False,0.1,ChIP,100,0,0,False,,,,,,,,,,,,,,,,,,,,,,,,,,,,,,,,
FOXL2,False,0.1,TRRUST,100,0,1,False,0.0,0.0,-1.0,0.0,1.0,1.0,1.0,0.0,1.0,1.0,0.0,1.0,,,,,,,,,,,,,,,,1.0,1.0,1.0,,
FOXL2,False,0.05,ChIP,100,0,0,False,,,,,,,,,,,,,,,,,,,,,,,,,,,,,,,,
FOXL2,False,0.05,TRRUST,100,0,1,False,0.0,0.0,-1.0,0.0,1.0,1.0,1.0,0.0,1.0,1.0,0.0,1.0,,,,,,,,,,,,,,,,1.0,1.0,1.0,,
FOXL2,False,0.02,ChIP,100,0,0,False,,,,,,,,,,,,,,,,,,,,,,,,,,,,,,,,
FOXL2,False,0.02,TRRUST,100,0,1,False,0.0,0.0,-1.0,0.0,1.0,1.0,1.0,0.0,1.0,1.0,0.0,1.0,,,,,,,,,,,,,,,,1.0,1.0,1.0,,
FOXL2,False,0.01,ChIP,100,0,0,False,,,,,,,,,,,,,,,,,,,,,,,,,,,,,,,,
FOXL2,False,0.01,TRRUST,100,0,1,False,0.0,0.0,-1.0,0.0,1.0,1.0,1.0,0.0,1.0,1.0,0.0,1.0,,,,,,,,,,,,,,,,1.0,1.0,1.0,,
FOXL2,False,0.0,ChIP,100,0,0,False,,,,,,,,,,,,,,,,,,,,,,,,,,,,,,,,
FOXL2,False,0.0,TRRUST,100,0,1,False,0.0,0.0,-1.0,0.0,1.0,1.0,1.0,0.0,1.0,1.0,0.0,1.0,,,,,,,,,,,,,,,,1.0,1.0,1.0,,
GATA1,True,0.5,ChIP,95,7,221,True,4.0,4.0,3843.0,2.0,0.05548615480209318,0.31773610294337407,0.31773610294337407,3.1117276566727865,0.4311129793143206,0.4311129793143206,3.4182887989490602,0.0004997501249375312,0.0004997501249375312,0.18940529735132433,0.18940529735132433,16.0,0.058823529411764705,0.058823529411764705,82.0,291.0,0.281786941580756,9.0,0.004997501249375312,1.0,1.0,0.1764705882352941,0.568215892053973,0.004997501249375312,1.0,1.0,0.1764705882352941,0.568215892053973
GATA1,True,0.5,TRRUST,95,7,11,True,1.0,0.0,1725.0,0.0,1.0,1.0,1.0,0.20821984670493385,1.0,1.0,0.23110962609336486,1.0,1.0,1.0,1.0,16.0,0.058823529411764705,1.0,55.5,109.0,0.5091743119266054,1.0,1.0,1.0,1.0,1.0,1.0,1.0,1.0,1.0,1.0,1.0
GATA1,True,0.25,ChIP,95,13,221,True,4.0,4.0,3347.0,7.0,0.10064712474708104,0.4711141775207781,0.4711141775207781,3.5377984176765573,0.5462487985721025,0.5462487985721025,3.702561056134197,0.0004997501249375312,0.0004997501249375312,0.5542228885557221,0.5542228885557221,33.0,0.029411764705882353,0.08823529411764706,176.0,291.0,0.6048109965635738,19.0,0.003331667499583541,1.0,1.0,0.6176470588235294,1.0,0.003331667499583541,1.0,1.0,0.6176470588235294,1.0
GATA1,True,0.25,TRRUST,95,13,11,True,1.0,0.0,1725.0,0.0,1.0,1.0,1.0,0.3732655350321562,1.0,1.0,0.39975104123443356,1.0,1.0,1.0,1.0,33.0,0.029411764705882353,1.0,57.5,109.0,0.5275229357798165,2.0,1.0,1.0,1.0,1.0,1.0,1.0,1.0,1.0,1.0,1.0
GATA1,True,0.1,ChIP,95,21,221,True,4.0,4.0,3347.0,9.0,0.15759955181961738,0.5543432003534638,0.5543432003534638,3.7107330499929576,0.6284119193295922,0.6284119193295922,3.8771938165040463,0.0004997501249375312,0.0004997501249375312,0.696151924037981,0.696151924037981,46.0,0.02127659574468085,0.1276595744680851,178.0,291.0,0.6116838487972509,14.0,0.003331667499583541,1.0,1.0,1.0,1.0,0.003331667499583541,1.0,1.0,1.0,1.0
GATA1,True,0.1,TRRUST,95,21,11,True,1.0,0.0,1725.0,0.0,1.0,1.0,1.0,0.5417460891414473,1.0,1.0,0.561255031134519,1.0,1.0,1.0,1.0,46.0,0.02127659574468085,1.0,59.0,109.0,0.5412844036697247,3.0,1.0,1.0,1.0,1.0,1.0,1.0,1.0,1.0,1.0,1.0
GATA1,True,0.05,ChIP,95,46,221,True,4.0,4.0,3347.0,14.0,0.3138298095232539,0.6563242184335429,0.6563242184335429,3.8890329034297193,0.7199293908996326,0.7199293908996326,4.035459659928566,0.0004997501249375312,0.0004997501249375312,0.8650674662668666,0.8650674662668666,52.0,0.018867924528301886,0.1509433962264151,190.0,291.0,0.6529209621993127,19.0,0.003331667499583541,1.0,1.0,1.0,1.0,0.003331667499583541,1.0,1.0,1.0,1.0
GATA1,True,0.05,TRRUST,95,46,11,True,1.0,0.0,1725.0,0.0,1.0,1.0,1.0,0.8241987814310147,1.0,1.0,0.847646735641528,1.0,1.0,1.0,1.0,52.0,0.018867924528301886,1.0,60.0,109.0,0.5504587155963303,3.0,1.0,1.0,1.0,1.0,1.0,1.0,1.0,1.0,1.0,1.0
GATA1,True,0.02,ChIP,95,249,221,True,5.0,5.0,2464.0,54.0,0.40486959636474584,0.5731574324810234,0.5731574324810234,4.860482720275655,0.7864769481419479,0.7864769481419479,5.610058381241098,0.0004997501249375312,0.0004997501249375312,0.8020989505247377,0.8020989505247377,56.0,0.017543859649122806,0.10526315789473684,122.0,291.0,0.41924398625429554,5.0,0.0014278574998215175,1.0,1.0,1.0,1.0,0.0014278574998215175,1.0,1.0,1.0,1.0
GATA1,True,0.02,TRRUST,95,249,11,True,1.0,0.0,352.0,0.0,1.0,1.0,1.0,1.1187363089419653,1.0,1.0,1.1289446593929957,1.0,1.0,1.0,1.0,56.0,0.017543859649122806,1.0,69.0,109.0,0.6330275229357798,3.0,1.0,1.0,1.0,1.0,1.0,1.0,1.0,1.0,1.0,1.0
GATA1,True,0.01,ChIP,95,543,221,True,5.0,5.0,2464.0,112.0,0.6891883924421163,0.6666555910445294,0.6666555910445294,5.007792815290468,0.8522458114532849,0.8522458114532849,5.7146231294871255,0.0004997501249375312,0.0004997501249375312,0.9445277361319341,0.9445277361319341,63.0,0.015625,0.421875,138.0,291.0,0.4742268041237113,3.0,0.001249375312343828,1.0,1.0,1.0,1.0,0.001249375312343828,1.0,1.0,1.0,1.0
GATA1,True,0.01,TRRUST,95,543,11,True,1.0,0.0,35.0,0.0,1.0,1.0,1.0,1.2416542654605018,1.0,1.0,1.255087397334173,1.0,1.0,1.0,1.0,63.0,0.015625,1.0,71.0,109.0,0.6513761467889908,1.0,1.0,1.0,1.0,1.0,1.0,1.0,1.0,1.0,1.0,1.0
GATA1,True,0.0,ChIP,95,4097,221,True,5.0,5.0,1455.0,527.0,0.9999999822309721,0.943005075234891,0.943005075234891,5.421765409904595,0.9785387437486759,0.9785387437486759,5.948524346358782,0.0014992503748125937,0.0014992503748125937,1.0,1.0,73.0,0.013513513513513514,0.5675675675675675,177.0,291.0,0.6082474226804123,1.0,0.0033316674995835416,1.0,1.0,0.9575289575289575,1.0,0.0033316674995835416,1.0,1.0,0.9575289575289575,1.0
GATA1,True,0.0,TRRUST,95,4097,11,True,1.0,0.0,13.0,0.0,1.0,1.0,1.0,1.8825847337745298,1.0,1.0,1.881818295128656,1.0,1.0,1.0,1.0,73.0,0.013513513513513514,1.0,88.0,109.0,0.8073394495412844,2.0,1.0,1.0,1.0,1.0,1.0,1.0,1.0,1.0,1.0,1.0
GTF2A1,False,0.5,ChIP,100,1,0,False,,,,,,,,,,,,,,,,,,,,,,,,,,,,,,,,
GTF2A1,False,0.5,TRRUST,100,1,1,True,0.0,0.0,4905.0,0.0,1.0,1.0,1.0,4.440892098500626e-15,1.0,1.0,6.661338147750939e-15,1.0,1.0,1.0,1.0,16.0,0.058823529411764705,1.0,55.5,110.0,0.5045454545454545,0.0,,,,,,1.0,1.0,1.0,1.0,1.0
GTF2A1,False,0.25,ChIP,100,1,0,False,,,,,,,,,,,,,,,,,,,,,,,,,,,,,,,,
GTF2A1,False,0.25,TRRUST,100,1,1,True,0.0,0.0,4905.0,0.0,1.0,1.0,1.0,4.440892098500626e-15,1.0,1.0,6.661338147750939e-15,1.0,1.0,1.0,1.0,33.0,0.029411764705882353,1.0,55.5,110.0,0.5045454545454545,0.0,,,,,,1.0,1.0,1.0,1.0,1.0
GTF2A1,False,0.1,ChIP,100,2,0,False,,,,,,,,,,,,,,,,,,,,,,,,,,,,,,,,
GTF2A1,False,0.1,TRRUST,100,2,1,True,0.0,0.0,1725.0,0.0,1.0,1.0,1.0,0.004885993485350902,1.0,1.0,0.0027586206896684775,1.0,1.0,1.0,1.0,46.0,0.02127659574468085,1.0,55.5,110.0,0.5045454545454545,0.0,,,,,,1.0,1.0,1.0,1.0,1.0
GTF2A1,False,0.05,ChIP,100,6,0,False,,,,,,,,,,,,,,,,,,,,,,,,,,,,,,,,
GTF2A1,False,0.05,TRRUST,100,6,1,True,0.0,0.0,295.0,0.0,1.0,1.0,1.0,0.022608413836216094,1.0,1.0,0.0191719236831601,1.0,1.0,1.0,1.0,52.0,0.018867924528301886,1.0,55.5,110.0,0.5045454545454545,0.0,,,,,,1.0,1.0,1.0,1.0,1.0
GTF2A1,False,0.02,ChIP,100,24,0,False,,,,,,,,,,,,,,,,,,,,,,,,,,,,,,,,
GTF2A1,False,0.02,TRRUST,100,24,1,True,0.0,0.0,224.0,0.0,1.0,1.0,1.0,0.07384490969373853,1.0,1.0,0.06939201520126584,1.0,1.0,1.0,1.0,56.0,0.017543859649122806,1.0,56.5,110.0,0.5136363636363637,0.0,,,,,,1.0,1.0,1.0,1.0,1.0
GTF2A1,False,0.01,ChIP,100,97,0,False,,,,,,,,,,,,,,,,,,,,,,,,,,,,,,,,
GTF2A1,False,0.01,TRRUST,100,97,1,True,0.0,0.0,133.0,0.0,1.0,1.0,1.0,0.275358880619741,1.0,1.0,0.2509869866991138,1.0,1.0,1.0,1.0,63.0,0.015625,1.0,62.0,110.0,0.5636363636363636,3.0,,,,,,1.0,1.0,1.0,1.0,1.0
GTF2A1,False,0.0,ChIP,100,1470,0,False,,,,,,,,,,,,,,,,,,,,,,,,,,,,,,,,
GTF2A1,False,0.0,TRRUST,100,1470,1,True,1.0,0.0,263.0,0.0,1.0,1.0,1.0,0.9914065354169165,1.0,1.0,0.9903671222477798,1.0,1.0,1.0,1.0,73.0,0.013513513513513514,1.0,81.0,110.0,0.7363636363636363,1.0,,,,,,1.0,1.0,1.0,1.0,1.0
GTF2B,True,0.5,ChIP,34,0,203,False,0.0,0.0,-1.0,0.0,1.0,1.0,1.0,0.0,1.0,1.0,0.0,1.0,,,,,,,,,,,1.0,1.0,1.0,,,1.0,1.0,1.0,,
GTF2B,True,0.5,TRRUST,34,0,0,False,,,,,,,,,,,,,,,,,,,,,,,,,,,,,,,,
GTF2B,True,0.25,ChIP,34,1,203,True,1.0,0.0,4905.0,0.0,1.0,1.0,1.0,1.1927865717094295,1.0,1.0,1.2730243791940987,1.0,1.0,1.0,1.0,33.0,0.029411764705882353,1.0,188.5,291.0,0.647766323024055,3.0,1.0,1.0,1.0,1.0,1.0,1.0,1.0,1.0,1.0,1.0
GTF2B,True,0.25,TRRUST,34,1,0,False,,,,,,,,,,,,,,,,,,,,,,,,,,,,,,,,
GTF2B,True,0.1,ChIP,34,2,203,True,1.0,0.0,4905.0,0.0,1.0,1.0,1.0,1.4701913670301932,1.0,1.0,1.57957676073212,1.0,1.0,1.0,1.0,46.0,0.02127659574468085,1.0,199.0,291.0,0.6838487972508591,1.0,1.0,1.0,1.0,1.0,1.0,1.0,1.0,1.0,1.0,1.0
GTF2B,True,0.1,TRRUST,34,2,0,False,,,,,,,,,,,,,,,,,,,,,,,,,,,,,,,,
GTF2B,True,0.05,ChIP,34,7,203,True,1.0,0.0,4252.0,0.0,1.0,1.0,1.0,2.2192287779607307,1.0,1.0,2.352558825742975,1.0,1.0,1.0,1.0,52.0,0.018867924528301886,1.0,233.0,291.0,0.8006872852233677,4.0,1.0,1.0,1.0,1.0,1.0,1.0,1.0,1.0,1.0,1.0
GTF2B,True,0.05,TRRUST,34,7,0,False,,,,,,,,,,,,,,,,,,,,,,,,,,,,,,,,
GTF2B,True,0.02,ChIP,34,24,203,True,3.0,3.0,1435.0,2.0,0.5125022736518812,0.7429684769490174,0.7429684769490174,3.0702590126761984,0.8724143757462804,0.8724143757462804,3.4289540438668693,0.001999000499750125,0.001999000499750125,0.8900549725137431,0.8900549725137431,56.0,0.017543859649122806,0.40350877192982454,199.0,291.0,0.6838487972508591,23.0,0.004442223332778055,1.0,1.0,1.0,1.0,0.004442223332778055,1.0,1.0,1.0,1.0
GTF2B,True,0.02,TRRUST,34,24,0,False,,,,,,,,,,,,,,,,,,,,,,,,,,,,,,,,
GTF2B,True,0.01,ChIP,34,90,203,True,7.0,5.0,2440.0,9.0,0.1371896062711928,0.3689327651846798,0.054369848714502664,4.311201081709269,0.6061907255712342,0.1600027791501207,5.080384953315117,0.0004997501249375312,0.0004997501249375312,0.9110444777611194,0.1024487756121939,63.0,0.015625,0.328125,72.0,291.0,0.24742268041237114,8.0,0.001249375312343828,1.0,1.0,1.0,1.0,0.001249375312343828,1.0,1.0,1.0,1.0
GTF2B,True,0.01,TRRUST,34,90,0,False,,,,,,,,,,,,,,,,,,,,,,,,,,,,,,,,
GTF2B,True,0.0,ChIP,34,510,203,True,7.0,5.0,2440.0,52.0,0.5829818636975279,0.4682624902334818,0.05547489286894797,4.649110589257722,0.6870860512485177,0.16163409017972874,5.273362573314426,0.0004997501249375312,0.0004997501249375312,0.6131934032983508,0.19440279860069964,73.0,0.013513513513513514,0.5,64.0,291.0,0.21993127147766323,4.0,0.001999000499750125,1.0,1.0,0.9575289575289575,1.0,0.001999000499750125,1.0,1.0,0.9575289575289575,1.0
GTF2B,True,0.0,TRRUST,34,510,0,False,,,,,,,,,,,,,,,,,,,,,,,,,,,,,,,,
GTF2F1,False,0.5,ChIP,37,0,0,False,,,,,,,,,,,,,,,,,,,,,,,,,,,,,,,,
GTF2F1,False,0.5,TRRUST,37,0,0,False,,,,,,,,,,,,,,,,,,,,,,,,,,,,,,,,
GTF2F1,False,0.25,ChIP,37,0,0,False,,,,,,,,,,,,,,,,,,,,,,,,,,,,,,,,
GTF2F1,False,0.25,TRRUST,37,0,0,False,,,,,,,,,,,,,,,,,,,,,,,,,,,,,,,,
GTF2F1,False,0.1,ChIP,37,0,0,False,,,,,,,,,,,,,,,,,,,,,,,,,,,,,,,,
GTF2F1,False,0.1,TRRUST,37,0,0,False,,,,,,,,,,,,,,,,,,,,,,,,,,,,,,,,
GTF2F1,False,0.05,ChIP,37,0,0,False,,,,,,,,,,,,,,,,,,,,,,,,,,,,,,,,
GTF2F1,False,0.05,TRRUST,37,0,0,False,,,,,,,,,,,,,,,,,,,,,,,,,,,,,,,,
GTF2F1,False,0.02,ChIP,37,0,0,False,,,,,,,,,,,,,,,,,,,,,,,,,,,,,,,,
GTF2F1,False,0.02,TRRUST,37,0,0,False,,,,,,,,,,,,,,,,,,,,,,,,,,,,,,,,
GTF2F1,False,0.01,ChIP,37,0,0,False,,,,,,,,,,,,,,,,,,,,,,,,,,,,,,,,
GTF2F1,False,0.01,TRRUST,37,0,0,False,,,,,,,,,,,,,,,,,,,,,,,,,,,,,,,,
GTF2F1,False,0.0,ChIP,37,0,0,False,,,,,,,,,,,,,,,,,,,,,,,,,,,,,,,,
GTF2F1,False,0.0,TRRUST,37,0,0,False,,,,,,,,,,,,,,,,,,,,,,,,,,,,,,,,
GTF3A,False,0.5,ChIP,86,0,0,False,,,,,,,,,,,,,,,,,,,,,,,,,,,,,,,,
GTF3A,False,0.5,TRRUST,86,0,3,False,0.0,0.0,-1.0,0.0,1.0,1.0,1.0,0.0,1.0,1.0,0.0,1.0,,,,,,,,,,,,,,,,1.0,1.0,1.0,,
GTF3A,False,0.25,ChIP,86,0,0,False,,,,,,,,,,,,,,,,,,,,,,,,,,,,,,,,
GTF3A,False,0.25,TRRUST,86,0,3,False,0.0,0.0,-1.0,0.0,1.0,1.0,1.0,0.0,1.0,1.0,0.0,1.0,,,,,,,,,,,,,,,,1.0,1.0,1.0,,
GTF3A,False,0.1,ChIP,86,0,0,False,,,,,,,,,,,,,,,,,,,,,,,,,,,,,,,,
GTF3A,False,0.1,TRRUST,86,0,3,False,0.0,0.0,-1.0,0.0,1.0,1.0,1.0,0.0,1.0,1.0,0.0,1.0,,,,,,,,,,,,,,,,1.0,1.0,1.0,,
GTF3A,False,0.05,ChIP,86,0,0,False,,,,,,,,,,,,,,,,,,,,,,,,,,,,,,,,
GTF3A,False,0.05,TRRUST,86,0,3,False,0.0,0.0,-1.0,0.0,1.0,1.0,1.0,0.0,1.0,1.0,0.0,1.0,,,,,,,,,,,,,,,,1.0,1.0,1.0,,
GTF3A,False,0.02,ChIP,86,1,0,False,,,,,,,,,,,,,,,,,,,,,,,,,,,,,,,,
GTF3A,False,0.02,TRRUST,86,1,3,True,0.0,0.0,2207.0,0.0,1.0,1.0,1.0,0.0050737822848495595,1.0,1.0,0.0012315270936027467,1.0,1.0,1.0,1.0,56.0,0.017543859649122806,1.0,55.5,110.0,0.5045454545454545,0.0,,,,,,1.0,1.0,1.0,1.0,1.0
GTF3A,False,0.01,ChIP,86,1,0,False,,,,,,,,,,,,,,,,,,,,,,,,,,,,,,,,
GTF3A,False,0.01,TRRUST,86,1,3,True,0.0,0.0,2207.0,0.0,1.0,1.0,1.0,0.0050737822848495595,1.0,1.0,0.0012315270936027467,1.0,1.0,1.0,1.0,63.0,0.015625,1.0,55.5,110.0,0.5045454545454545,0.0,,,,,,1.0,1.0,1.0,1.0,1.0
GTF3A,False,0.0,ChIP,86,3,0,False,,,,,,,,,,,,,,,,,,,,,,,,,,,,,,,,
GTF3A,False,0.0,TRRUST,86,3,3,True,0.0,0.0,1448.0,0.0,1.0,1.0,1.0,0.02310675230629691,1.0,1.0,0.0049185288151062725,1.0,1.0,1.0,1.0,73.0,0.013513513513513514,1.0,55.5,110.0,0.5045454545454545,0.0,,,,,,1.0,1.0,1.0,1.0,1.0
HDAC3,False,0.5,ChIP,51,0,0,False,,,,,,,,,,,,,,,,,,,,,,,,,,,,,,,,
HDAC3,False,0.5,TRRUST,51,0,3,False,0.0,0.0,-1.0,0.0,1.0,1.0,1.0,0.0,1.0,1.0,0.0,1.0,,,,,,,,,,,,,,,,1.0,1.0,1.0,,
HDAC3,False,0.25,ChIP,51,0,0,False,,,,,,,,,,,,,,,,,,,,,,,,,,,,,,,,
HDAC3,False,0.25,TRRUST,51,0,3,False,0.0,0.0,-1.0,0.0,1.0,1.0,1.0,0.0,1.0,1.0,0.0,1.0,,,,,,,,,,,,,,,,1.0,1.0,1.0,,
HDAC3,False,0.1,ChIP,51,0,0,False,,,,,,,,,,,,,,,,,,,,,,,,,,,,,,,,
HDAC3,False,0.1,TRRUST,51,0,3,False,0.0,0.0,-1.0,0.0,1.0,1.0,1.0,0.0,1.0,1.0,0.0,1.0,,,,,,,,,,,,,,,,1.0,1.0,1.0,,
HDAC3,False,0.05,ChIP,51,0,0,False,,,,,,,,,,,,,,,,,,,,,,,,,,,,,,,,
HDAC3,False,0.05,TRRUST,51,0,3,False,0.0,0.0,-1.0,0.0,1.0,1.0,1.0,0.0,1.0,1.0,0.0,1.0,,,,,,,,,,,,,,,,1.0,1.0,1.0,,
HDAC3,False,0.02,ChIP,51,0,0,False,,,,,,,,,,,,,,,,,,,,,,,,,,,,,,,,
HDAC3,False,0.02,TRRUST,51,0,3,False,0.0,0.0,-1.0,0.0,1.0,1.0,1.0,0.0,1.0,1.0,0.0,1.0,,,,,,,,,,,,,,,,1.0,1.0,1.0,,
HDAC3,False,0.01,ChIP,51,0,0,False,,,,,,,,,,,,,,,,,,,,,,,,,,,,,,,,
HDAC3,False,0.01,TRRUST,51,0,3,False,0.0,0.0,-1.0,0.0,1.0,1.0,1.0,0.0,1.0,1.0,0.0,1.0,,,,,,,,,,,,,,,,1.0,1.0,1.0,,
HDAC3,False,0.0,ChIP,51,1,0,False,,,,,,,,,,,,,,,,,,,,,,,,,,,,,,,,
HDAC3,False,0.0,TRRUST,51,1,3,True,1.0,0.0,4793.0,0.0,1.0,1.0,1.0,0.014289718409966734,1.0,1.0,0.0308962926863644,1.0,1.0,1.0,1.0,73.0,0.013513513513513514,1.0,56.5,110.0,0.5136363636363637,1.0,,,,,,1.0,1.0,1.0,1.0,1.0
HINFP,True,0.5,ChIP,100,0,89,False,0.0,0.0,-1.0,0.0,1.0,1.0,1.0,0.0,1.0,1.0,0.0,1.0,,,,,,,,,,,1.0,1.0,1.0,,,1.0,1.0,1.0,,
HINFP,True,0.5,TRRUST,100,0,1,False,0.0,0.0,-1.0,0.0,1.0,1.0,1.0,0.0,1.0,1.0,0.0,1.0,,,,,,,,,,,1.0,1.0,1.0,,,1.0,1.0,1.0,,
HINFP,True,0.25,ChIP,100,1,89,True,0.0,0.0,3763.0,0.0,1.0,1.0,1.0,0.21662614965700477,1.0,1.0,0.2301713870439568,1.0,1.0,1.0,1.0,33.0,0.029411764705882353,1.0,206.0,291.0,0.7079037800687286,20.0,1.0,1.0,1.0,1.0,1.0,1.0,1.0,1.0,1.0,1.0
HINFP,True,0.25,TRRUST,100,1,1,True,0.0,0.0,3763.0,0.0,1.0,1.0,1.0,2.2204460492503127e-15,1.0,1.0,6.661338147750939e-15,1.0,1.0,1.0,1.0,33.0,0.029411764705882353,1.0,55.5,110.0,0.5045454545454545,0.0,1.0,1.0,1.0,1.0,1.0,1.0,1.0,1.0,1.0,1.0
HINFP,True,0.1,ChIP,100,3,89,True,1.0,0.0,1725.0,0.0,1.0,1.0,1.0,0.6865849982808622,1.0,1.0,0.6873680117449167,1.0,1.0,1.0,1.0,46.0,0.02127659574468085,1.0,227.0,291.0,0.7800687285223368,11.0,1.0,1.0,1.0,1.0,1.0,1.0,1.0,1.0,1.0,1.0
HINFP,True,0.1,TRRUST,100,3,1,True,0.0,0.0,1725.0,0.0,1.0,1.0,1.0,0.004885993485353122,1.0,1.0,0.005703422053251913,1.0,1.0,1.0,1.0,46.0,0.02127659574468085,1.0,55.5,110.0,0.5045454545454545,0.0,1.0,1.0,1.0,1.0,1.0,1.0,1.0,1.0,1.0,1.0
HINFP,True,0.05,ChIP,100,6,89,True,1.0,0.0,1725.0,0.0,1.0,1.0,1.0,1.0080192655972255,1.0,1.0,1.0118999419538675,1.0,1.0,1.0,1.0,52.0,0.018867924528301886,1.0,234.5,291.0,0.8058419243986255,9.0,1.0,1.0,1.0,1.0,1.0,1.0,1.0,1.0,1.0,1.0
HINFP,True,0.05,TRRUST,100,6,1,True,0.0,0.0,987.0,0.0,1.0,1.0,1.0,0.02154603167733795,1.0,1.0,0.02822564562910398,1.0,1.0,1.0,1.0,52.0,0.018867924528301886,1.0,55.5,110.0,0.5045454545454545,0.0,1.0,1.0,1.0,1.0,1.0,1.0,1.0,1.0,1.0,1.0
HINFP,True,0.02,ChIP,100,21,89,True,2.0,2.0,400.0,2.0,0.45233092248296847,0.4933065379680986,0.4933065379680986,1.5472714234104246,0.5245036111205279,0.5245036111205279,1.5868135422931344,0.0004997501249375312,0.0004997501249375312,0.4207896051974013,0.4207896051974013,56.0,0.017543859649122806,0.543859649122807,146.0,291.0,0.5017182130584192,24.0,0.0014278574998215175,1.0,1.0,1.0,1.0,0.0014278574998215175,1.0,1.0,1.0,1.0
HINFP,True,0.02,TRRUST,100,21,1,True,1.0,0.0,338.0,0.0,1.0,1.0,1.0,0.06727285832700151,1.0,1.0,0.08048089448518828,1.0,1.0,1.0,1.0,56.0,0.017543859649122806,1.0,57.0,110.0,0.5181818181818182,0.0,1.0,1.0,1.0,1.0,1.0,1.0,1.0,1.0,1.0,1.0
HINFP,True,0.01,ChIP,100,87,89,True,2.0,2.0,400.0,3.0,0.9188542550637494,0.9405391114668581,0.9405391114668581,2.156786708435024,0.9477833434084446,0.9477833434084446,2.1781352490834833,0.0004997501249375312,0.0004997501249375312,0.9845077461269365,0.9845077461269365,63.0,0.015625,0.71875,227.0,291.0,0.7800687285223368,10.0,0.001249375312343828,1.0,1.0,1.0,1.0,0.001249375312343828,1.0,1.0,1.0,1.0
HINFP,True,0.01,TRRUST,100,87,1,True,1.0,0.0,338.0,0.0,1.0,1.0,1.0,0.24804669821377864,1.0,1.0,0.26147201005802706,1.0,1.0,1.0,1.0,63.0,0.015625,1.0,57.5,110.0,0.5227272727272727,1.0,1.0,1.0,1.0,1.0,1.0,1.0,1.0,1.0,1.0,1.0
HINFP,True,0.0,ChIP,100,1435,89,True,3.0,3.0,3156.0,42.0,0.9364364544338498,0.9759692117835388,0.9759692117835388,3.1793896219404236,0.9766247994265856,0.9766247994265856,3.1828670791694664,0.0009995002498750624,0.0009995002498750624,0.9370314842578711,0.9370314842578711,73.0,0.013513513513513514,0.527027027027027,240.0,291.0,0.8247422680412371,1.0,0.002855714999643035,1.0,1.0,0.9575289575289575,1.0,0.002855714999643035,1.0,1.0,0.9575289575289575,1.0
HINFP,True,0.0,TRRUST,100,1435,1,True,1.0,0.0,338.0,0.0,1.0,1.0,1.0,0.9900673657733422,1.0,1.0,0.9924895588582846,1.0,1.0,1.0,1.0,73.0,0.013513513513513514,1.0,76.0,110.0,0.6909090909090909,0.0,1.0,1.0,1.0,1.0,1.0,1.0,1.0,1.0,1.0,1.0
HMGA1,False,0.5,ChIP,100,0,0,False,,,,,,,,,,,,,,,,,,,,,,,,,,,,,,,,
HMGA1,False,0.5,TRRUST,100,0,4,False,0.0,0.0,-1.0,0.0,1.0,1.0,1.0,0.0,1.0,1.0,0.0,1.0,,,,,,,,,,,,,,,,1.0,1.0,1.0,,
HMGA1,False,0.25,ChIP,100,0,0,False,,,,,,,,,,,,,,,,,,,,,,,,,,,,,,,,
HMGA1,False,0.25,TRRUST,100,0,4,False,0.0,0.0,-1.0,0.0,1.0,1.0,1.0,0.0,1.0,1.0,0.0,1.0,,,,,,,,,,,,,,,,1.0,1.0,1.0,,
HMGA1,False,0.1,ChIP,100,0,0,False,,,,,,,,,,,,,,,,,,,,,,,,,,,,,,,,
HMGA1,False,0.1,TRRUST,100,0,4,False,0.0,0.0,-1.0,0.0,1.0,1.0,1.0,0.0,1.0,1.0,0.0,1.0,,,,,,,,,,,,,,,,1.0,1.0,1.0,,
HMGA1,False,0.05,ChIP,100,0,0,False,,,,,,,,,,,,,,,,,,,,,,,,,,,,,,,,
HMGA1,False,0.05,TRRUST,100,0,4,False,0.0,0.0,-1.0,0.0,1.0,1.0,1.0,0.0,1.0,1.0,0.0,1.0,,,,,,,,,,,,,,,,1.0,1.0,1.0,,
HMGA1,False,0.02,ChIP,100,0,0,False,,,,,,,,,,,,,,,,,,,,,,,,,,,,,,,,
HMGA1,False,0.02,TRRUST,100,0,4,False,0.0,0.0,-1.0,0.0,1.0,1.0,1.0,0.0,1.0,1.0,0.0,1.0,,,,,,,,,,,,,,,,1.0,1.0,1.0,,
HMGA1,False,0.01,ChIP,100,0,0,False,,,,,,,,,,,,,,,,,,,,,,,,,,,,,,,,
HMGA1,False,0.01,TRRUST,100,0,4,False,0.0,0.0,-1.0,0.0,1.0,1.0,1.0,0.0,1.0,1.0,0.0,1.0,,,,,,,,,,,,,,,,1.0,1.0,1.0,,
HMGA1,False,0.0,ChIP,100,16,0,False,,,,,,,,,,,,,,,,,,,,,,,,,,,,,,,,
HMGA1,False,0.0,TRRUST,100,16,4,True,0.0,0.0,404.0,0.0,1.0,1.0,1.0,0.1943145209330834,1.0,1.0,0.19444823646321002,1.0,1.0,1.0,1.0,73.0,0.013513513513513514,1.0,58.5,110.0,0.5318181818181819,1.0,,,,,,1.0,1.0,1.0,1.0,1.0
HNRNPR,False,0.5,ChIP,100,0,0,False,,,,,,,,,,,,,,,,,,,,,,,,,,,,,,,,
HNRNPR,False,0.5,TRRUST,100,0,0,False,,,,,,,,,,,,,,,,,,,,,,,,,,,,,,,,
HNRNPR,False,0.25,ChIP,100,0,0,False,,,,,,,,,,,,,,,,,,,,,,,,,,,,,,,,
HNRNPR,False,0.25,TRRUST,100,0,0,False,,,,,,,,,,,,,,,,,,,,,,,,,,,,,,,,
HNRNPR,False,0.1,ChIP,100,0,0,False,,,,,,,,,,,,,,,,,,,,,,,,,,,,,,,,
HNRNPR,False,0.1,TRRUST,100,0,0,False,,,,,,,,,,,,,,,,,,,,,,,,,,,,,,,,
HNRNPR,False,0.05,ChIP,100,0,0,False,,,,,,,,,,,,,,,,,,,,,,,,,,,,,,,,
HNRNPR,False,0.05,TRRUST,100,0,0,False,,,,,,,,,,,,,,,,,,,,,,,,,,,,,,,,
HNRNPR,False,0.02,ChIP,100,0,0,False,,,,,,,,,,,,,,,,,,,,,,,,,,,,,,,,
HNRNPR,False,0.02,TRRUST,100,0,0,False,,,,,,,,,,,,,,,,,,,,,,,,,,,,,,,,
HNRNPR,False,0.01,ChIP,100,0,0,False,,,,,,,,,,,,,,,,,,,,,,,,,,,,,,,,
HNRNPR,False,0.01,TRRUST,100,0,0,False,,,,,,,,,,,,,,,,,,,,,,,,,,,,,,,,
HNRNPR,False,0.0,ChIP,100,9,0,False,,,,,,,,,,,,,,,,,,,,,,,,,,,,,,,,
HNRNPR,False,0.0,TRRUST,100,9,0,False,,,,,,,,,,,,,,,,,,,,,,,,,,,,,,,,
HOXC10,False,0.5,ChIP,79,0,0,False,,,,,,,,,,,,,,,,,,,,,,,,,,,,,,,,
HOXC10,False,0.5,TRRUST,79,0,0,False,,,,,,,,,,,,,,,,,,,,,,,,,,,,,,,,
HOXC10,False,0.25,ChIP,79,0,0,False,,,,,,,,,,,,,,,,,,,,,,,,,,,,,,,,
HOXC10,False,0.25,TRRUST,79,0,0,False,,,,,,,,,,,,,,,,,,,,,,,,,,,,,,,,
HOXC10,False,0.1,ChIP,79,0,0,False,,,,,,,,,,,,,,,,,,,,,,,,,,,,,,,,
HOXC10,False,0.1,TRRUST,79,0,0,False,,,,,,,,,,,,,,,,,,,,,,,,,,,,,,,,
HOXC10,False,0.05,ChIP,79,0,0,False,,,,,,,,,,,,,,,,,,,,,,,,,,,,,,,,
HOXC10,False,0.05,TRRUST,79,0,0,False,,,,,,,,,,,,,,,,,,,,,,,,,,,,,,,,
HOXC10,False,0.02,ChIP,79,0,0,False,,,,,,,,,,,,,,,,,,,,,,,,,,,,,,,,
HOXC10,False,0.02,TRRUST,79,0,0,False,,,,,,,,,,,,,,,,,,,,,,,,,,,,,,,,
HOXC10,False,0.01,ChIP,79,0,0,False,,,,,,,,,,,,,,,,,,,,,,,,,,,,,,,,
HOXC10,False,0.01,TRRUST,79,0,0,False,,,,,,,,,,,,,,,,,,,,,,,,,,,,,,,,
HOXC10,False,0.0,ChIP,79,0,0,False,,,,,,,,,,,,,,,,,,,,,,,,,,,,,,,,
HOXC10,False,0.0,TRRUST,79,0,0,False,,,,,,,,,,,,,,,,,,,,,,,,,,,,,,,,
ILF2,False,0.5,ChIP,56,0,0,False,,,,,,,,,,,,,,,,,,,,,,,,,,,,,,,,
ILF2,False,0.5,TRRUST,56,0,1,False,0.0,0.0,-1.0,0.0,1.0,1.0,1.0,0.0,1.0,1.0,0.0,1.0,,,,,,,,,,,,,,,,1.0,1.0,1.0,,
ILF2,False,0.25,ChIP,56,0,0,False,,,,,,,,,,,,,,,,,,,,,,,,,,,,,,,,
ILF2,False,0.25,TRRUST,56,0,1,False,0.0,0.0,-1.0,0.0,1.0,1.0,1.0,0.0,1.0,1.0,0.0,1.0,,,,,,,,,,,,,,,,1.0,1.0,1.0,,
ILF2,False,0.1,ChIP,56,0,0,False,,,,,,,,,,,,,,,,,,,,,,,,,,,,,,,,
ILF2,False,0.1,TRRUST,56,0,1,False,0.0,0.0,-1.0,0.0,1.0,1.0,1.0,0.0,1.0,1.0,0.0,1.0,,,,,,,,,,,,,,,,1.0,1.0,1.0,,
ILF2,False,0.05,ChIP,56,0,0,False,,,,,,,,,,,,,,,,,,,,,,,,,,,,,,,,
ILF2,False,0.05,TRRUST,56,0,1,False,0.0,0.0,-1.0,0.0,1.0,1.0,1.0,0.0,1.0,1.0,0.0,1.0,,,,,,,,,,,,,,,,1.0,1.0,1.0,,
ILF2,False,0.02,ChIP,56,0,0,False,,,,,,,,,,,,,,,,,,,,,,,,,,,,,,,,
ILF2,False,0.02,TRRUST,56,0,1,False,0.0,0.0,-1.0,0.0,1.0,1.0,1.0,0.0,1.0,1.0,0.0,1.0,,,,,,,,,,,,,,,,1.0,1.0,1.0,,
ILF2,False,0.01,ChIP,56,2,0,False,,,,,,,,,,,,,,,,,,,,,,,,,,,,,,,,
ILF2,False,0.01,TRRUST,56,2,1,True,0.0,0.0,4183.0,0.0,1.0,1.0,1.0,0.006386643541366099,1.0,1.0,0.007237975215302038,1.0,1.0,1.0,1.0,63.0,0.015625,1.0,55.5,110.0,0.5045454545454545,0.0,,,,,,1.0,1.0,1.0,1.0,1.0
ILF2,False,0.0,ChIP,56,32,0,False,,,,,,,,,,,,,,,,,,,,,,,,,,,,,,,,
ILF2,False,0.0,TRRUST,56,32,1,True,0.0,0.0,54.0,0.0,1.0,1.0,1.0,0.10946227830679828,1.0,1.0,0.09933325225221815,1.0,1.0,1.0,1.0,73.0,0.013513513513513514,1.0,59.5,110.0,0.5409090909090909,2.0,,,,,,1.0,1.0,1.0,1.0,1.0
ILF3,False,0.5,ChIP,100,0,0,False,,,,,,,,,,,,,,,,,,,,,,,,,,,,,,,,
ILF3,False,0.5,TRRUST,100,0,1,False,0.0,0.0,-1.0,0.0,1.0,1.0,1.0,0.0,1.0,1.0,0.0,1.0,,,,,,,,,,,,,,,,1.0,1.0,1.0,,
ILF3,False,0.25,ChIP,100,0,0,False,,,,,,,,,,,,,,,,,,,,,,,,,,,,,,,,
ILF3,False,0.25,TRRUST,100,0,1,False,0.0,0.0,-1.0,0.0,1.0,1.0,1.0,0.0,1.0,1.0,0.0,1.0,,,,,,,,,,,,,,,,1.0,1.0,1.0,,
ILF3,False,0.1,ChIP,100,0,0,False,,,,,,,,,,,,,,,,,,,,,,,,,,,,,,,,
ILF3,False,0.1,TRRUST,100,0,1,False,0.0,0.0,-1.0,0.0,1.0,1.0,1.0,0.0,1.0,1.0,0.0,1.0,,,,,,,,,,,,,,,,1.0,1.0,1.0,,
ILF3,False,0.05,ChIP,100,0,0,False,,,,,,,,,,,,,,,,,,,,,,,,,,,,,,,,
ILF3,False,0.05,TRRUST,100,0,1,False,0.0,0.0,-1.0,0.0,1.0,1.0,1.0,0.0,1.0,1.0,0.0,1.0,,,,,,,,,,,,,,,,1.0,1.0,1.0,,
ILF3,False,0.02,ChIP,100,1,0,False,,,,,,,,,,,,,,,,,,,,,,,,,,,,,,,,
ILF3,False,0.02,TRRUST,100,1,1,True,0.0,0.0,4264.0,0.0,1.0,1.0,1.0,0.004264392324098254,1.0,1.0,0.006157635467986977,1.0,1.0,1.0,1.0,56.0,0.017543859649122806,1.0,55.5,110.0,0.5045454545454545,0.0,,,,,,1.0,1.0,1.0,1.0,1.0
ILF3,False,0.01,ChIP,100,6,0,False,,,,,,,,,,,,,,,,,,,,,,,,,,,,,,,,
ILF3,False,0.01,TRRUST,100,6,1,True,0.0,0.0,261.0,0.0,1.0,1.0,1.0,0.015365502690817821,1.0,1.0,0.02076527704173598,1.0,1.0,1.0,1.0,63.0,0.015625,1.0,55.5,110.0,0.5045454545454545,0.0,,,,,,1.0,1.0,1.0,1.0,1.0
ILF3,False,0.0,ChIP,100,68,0,False,,,,,,,,,,,,,,,,,,,,,,,,,,,,,,,,
ILF3,False,0.0,TRRUST,100,68,1,True,1.0,0.0,3405.0,0.0,1.0,1.0,1.0,0.17797711913382658,1.0,1.0,0.17210010022533306,1.0,1.0,1.0,1.0,73.0,0.013513513513513514,1.0,60.5,110.0,0.55,1.0,,,,,,1.0,1.0,1.0,1.0,1.0
MAX,True,0.5,ChIP,100,1,189,True,2.0,2.0,4905.0,1.0,0.12560876624073725,0.3257104184038204,0.3257104184038204,1.1621445309077574,0.33409874296816344,0.33409874296816344,1.1827590966959898,0.0004997501249375312,0.0004997501249375312,0.68015992003998,0.68015992003998,16.0,0.058823529411764705,0.8235294117647058,73.0,291.0,0.2508591065292096,3.0,0.004997501249375312,1.0,1.0,1.0,1.0,0.004997501249375312,1.0,1.0,1.0,1.0
MAX,True,0.5,TRRUST,100,1,3,True,0.0,0.0,4905.0,0.0,1.0,1.0,1.0,4.440892098500626e-15,1.0,1.0,6.661338147750939e-15,1.0,1.0,1.0,1.0,16.0,0.058823529411764705,1.0,55.5,110.0,0.5045454545454545,0.0,1.0,1.0,1.0,1.0,1.0,1.0,1.0,1.0,1.0,1.0
MAX,True,0.25,ChIP,100,3,189,True,2.0,2.0,4905.0,1.0,0.33153389412908585,0.47673916370659697,0.47673916370659697,1.565477433214684,0.49331315565118694,0.49331315565118694,1.5956368759114572,0.0004997501249375312,0.0004997501249375312,0.912543728135932,0.912543728135932,33.0,0.029411764705882353,0.9411764705882353,102.0,291.0,0.35051546391752575,7.0,0.003331667499583541,1.0,1.0,1.0,1.0,0.003331667499583541,1.0,1.0,1.0,1.0
MAX,True,0.25,TRRUST,100,3,3,True,0.0,0.0,1725.0,0.0,1.0,1.0,1.0,0.014371942217360708,1.0,1.0,0.017639565890490365,1.0,1.0,1.0,1.0,33.0,0.029411764705882353,1.0,55.5,110.0,0.5045454545454545,0.0,1.0,1.0,1.0,1.0,1.0,1.0,1.0,1.0,1.0,1.0
MAX,True,0.1,ChIP,100,10,189,True,4.0,4.0,3763.0,5.0,0.0515705820872413,0.14320974872414613,0.14320974872414613,2.61967605376131,0.19658441119877923,0.19658441119877923,2.819557072437735,0.0004997501249375312,0.0004997501249375312,0.9070464767616192,0.9070464767616192,46.0,0.02127659574468085,0.5319148936170213,56.0,291.0,0.19243986254295534,14.0,0.003331667499583541,1.0,1.0,1.0,1.0,0.003331667499583541,1.0,1.0,1.0,1.0
MAX,True,0.1,TRRUST,100,10,3,True,0.0,0.0,510.0,0.0,1.0,1.0,1.0,0.05930998699120191,1.0,1.0,0.06396053378921437,1.0,1.0,1.0,1.0,46.0,0.02127659574468085,1.0,56.0,110.0,0.509090909090909,0.0,1.0,1.0,1.0,1.0,1.0,1.0,1.0,1.0,1.0,1.0
MAX,True,0.05,ChIP,100,20,189,True,4.0,4.0,3763.0,7.0,0.10057882380519956,0.1944298396874087,0.1944298396874087,2.889647582222989,0.2504945880650741,0.2504945880650741,3.038456570322309,0.0004997501249375312,0.0004997501249375312,0.9425287356321839,0.9425287356321839,52.0,0.018867924528301886,0.6226415094339622,57.0,291.0,0.1958762886597938,17.0,0.003331667499583541,1.0,1.0,1.0,1.0,0.003331667499583541,1.0,1.0,1.0,1.0
MAX,True,0.05,TRRUST,100,20,3,True,0.0,0.0,295.0,0.0,1.0,1.0,1.0,0.10066391865520609,1.0,1.0,0.10581529678844147,1.0,1.0,1.0,1.0,52.0,0.018867924528301886,1.0,56.5,110.0,0.5136363636363637,1.0,1.0,1.0,1.0,1.0,1.0,1.0,1.0,1.0,1.0,1.0
MAX,True,0.02,ChIP,100,95,189,True,4.0,4.0,3763.0,21.0,0.3979486527659011,0.46822286982610667,0.46822286982610667,3.5597142999209246,0.5711281017355512,0.5711281017355512,3.76772890218702,0.0004997501249375312,0.0004997501249375312,0.9870064967516242,0.9870064967516242,56.0,0.017543859649122806,0.6666666666666666,93.0,291.0,0.31958762886597936,6.0,0.0014278574998215175,1.0,1.0,1.0,1.0,0.0014278574998215175,1.0,1.0,1.0,1.0
MAX,True,0.02,TRRUST,100,95,3,True,1.0,0.0,558.0,0.0,1.0,1.0,1.0,0.44034740196345457,1.0,1.0,0.44220470613352786,1.0,1.0,1.0,1.0,56.0,0.017543859649122806,1.0,60.0,110.0,0.5454545454545454,2.0,1.0,1.0,1.0,1.0,1.0,1.0,1.0,1.0,1.0,1.0
MAX,True,0.01,ChIP,100,304,189,True,5.0,5.0,2496.0,50.0,0.11958292366303624,0.1726306998315287,0.1726306998315287,3.944457613546219,0.25378863476330044,0.25378863476330044,4.138969879404942,0.0004997501249375312,0.0004997501249375312,0.43478260869565216,0.43478260869565216,63.0,0.015625,0.109375,18.0,291.0,0.061855670103092786,3.0,0.001249375312343828,1.0,1.0,1.0,1.0,0.001249375312343828,1.0,1.0,1.0,1.0
MAX,True,0.01,TRRUST,100,304,3,True,1.0,0.0,558.0,0.0,1.0,1.0,1.0,0.8992748126739117,1.0,1.0,0.9028351140874897,1.0,1.0,1.0,1.0,63.0,0.015625,1.0,68.0,110.0,0.6181818181818182,2.0,1.0,1.0,1.0,1.0,1.0,1.0,1.0,1.0,1.0,1.0
MAX,True,0.0,ChIP,100,2888,189,True,5.0,5.0,96.0,361.0,0.8286854965604492,0.5844374664277018,0.5844374664277018,4.668594701568628,0.6405402717341652,0.6405402717341652,4.761464055801579,0.0009995002498750624,0.0009995002498750624,0.8875562218890555,0.8875562218890555,73.0,0.013513513513513514,0.3918918918918919,86.0,291.0,0.29553264604810997,0.0,0.002855714999643035,1.0,1.0,0.9575289575289575,1.0,0.002855714999643035,1.0,1.0,0.9575289575289575,1.0
MAX,True,0.0,TRRUST,100,2888,3,True,1.0,0.0,31.0,0.0,1.0,1.0,1.0,1.0777873381207763,1.0,1.0,1.0808673988177446,1.0,1.0,1.0,1.0,73.0,0.013513513513513514,1.0,87.5,110.0,0.7954545454545454,1.0,1.0,1.0,1.0,1.0,1.0,1.0,1.0,1.0,1.0,1.0
MCM2,False,0.5,ChIP,100,0,0,False,,,,,,,,,,,,,,,,,,,,,,,,,,,,,,,,
MCM2,False,0.5,TRRUST,100,0,1,False,0.0,0.0,-1.0,0.0,1.0,1.0,1.0,0.0,1.0,1.0,0.0,1.0,,,,,,,,,,,,,,,,1.0,1.0,1.0,,
MCM2,False,0.25,ChIP,100,1,0,False,,,,,,,,,,,,,,,,,,,,,,,,,,,,,,,,
MCM2,False,0.25,TRRUST,100,1,1,True,0.0,0.0,3763.0,0.0,1.0,1.0,1.0,2.2204460492503127e-15,1.0,1.0,6.661338147750939e-15,1.0,1.0,1.0,1.0,33.0,0.029411764705882353,1.0,55.5,110.0,0.5045454545454545,0.0,,,,,,1.0,1.0,1.0,1.0,1.0
MCM2,False,0.1,ChIP,100,3,0,False,,,,,,,,,,,,,,,,,,,,,,,,,,,,,,,,
MCM2,False,0.1,TRRUST,100,3,1,True,0.0,0.0,2834.0,0.0,1.0,1.0,1.0,8.88178419700125e-15,1.0,1.0,1.77635683940025e-14,1.0,1.0,1.0,1.0,46.0,0.02127659574468085,1.0,55.5,110.0,0.5045454545454545,0.0,,,,,,1.0,1.0,1.0,1.0,1.0
MCM2,False,0.05,ChIP,100,6,0,False,,,,,,,,,,,,,,,,,,,,,,,,,,,,,,,,
MCM2,False,0.05,TRRUST,100,6,1,True,0.0,0.0,245.0,0.0,1.0,1.0,1.0,0.0010660980810456289,1.0,1.0,0.001231527093633831,1.0,1.0,1.0,1.0,52.0,0.018867924528301886,1.0,56.0,110.0,0.509090909090909,0.0,,,,,,1.0,1.0,1.0,1.0,1.0
MCM2,False,0.02,ChIP,100,8,0,False,,,,,,,,,,,,,,,,,,,,,,,,,,,,,,,,
MCM2,False,0.02,TRRUST,100,8,1,True,0.0,0.0,245.0,0.0,1.0,1.0,1.0,0.0021310595969573523,1.0,1.0,0.002461537528258754,1.0,1.0,1.0,1.0,56.0,0.017543859649122806,1.0,56.0,110.0,0.509090909090909,0.0,,,,,,1.0,1.0,1.0,1.0,1.0
MCM2,False,0.01,ChIP,100,13,0,False,,,,,,,,,,,,,,,,,,,,,,,,,,,,,,,,
MCM2,False,0.01,TRRUST,100,13,1,True,0.0,0.0,245.0,0.0,1.0,1.0,1.0,0.007969356619372292,1.0,1.0,0.007367959200116413,1.0,1.0,1.0,1.0,63.0,0.015625,1.0,56.5,110.0,0.5136363636363637,1.0,,,,,,1.0,1.0,1.0,1.0,1.0
MCM2,False,0.0,ChIP,100,368,0,False,,,,,,,,,,,,,,,,,,,,,,,,,,,,,,,,
MCM2,False,0.0,TRRUST,100,368,1,True,1.0,0.0,1103.0,0.0,1.0,1.0,1.0,0.667601667173461,1.0,1.0,0.6762127720051495,1.0,1.0,1.0,1.0,73.0,0.013513513513513514,1.0,65.5,110.0,0.5954545454545455,5.0,,,,,,1.0,1.0,1.0,1.0,1.0
MCM5,False,0.5,ChIP,73,0,0,False,,,,,,,,,,,,,,,,,,,,,,,,,,,,,,,,
MCM5,False,0.5,TRRUST,73,0,1,False,0.0,0.0,-1.0,0.0,1.0,1.0,1.0,0.0,1.0,1.0,0.0,1.0,,,,,,,,,,,,,,,,1.0,1.0,1.0,,
MCM5,False,0.25,ChIP,73,0,0,False,,,,,,,,,,,,,,,,,,,,,,,,,,,,,,,,
MCM5,False,0.25,TRRUST,73,0,1,False,0.0,0.0,-1.0,0.0,1.0,1.0,1.0,0.0,1.0,1.0,0.0,1.0,,,,,,,,,,,,,,,,1.0,1.0,1.0,,
MCM5,False,0.1,ChIP,73,0,0,False,,,,,,,,,,,,,,,,,,,,,,,,,,,,,,,,
MCM5,False,0.1,TRRUST,73,0,1,False,0.0,0.0,-1.0,0.0,1.0,1.0,1.0,0.0,1.0,1.0,0.0,1.0,,,,,,,,,,,,,,,,1.0,1.0,1.0,,
MCM5,False,0.05,ChIP,73,0,0,False,,,,,,,,,,,,,,,,,,,,,,,,,,,,,,,,
MCM5,False,0.05,TRRUST,73,0,1,False,0.0,0.0,-1.0,0.0,1.0,1.0,1.0,0.0,1.0,1.0,0.0,1.0,,,,,,,,,,,,,,,,1.0,1.0,1.0,,
MCM5,False,0.02,ChIP,73,0,0,False,,,,,,,,,,,,,,,,,,,,,,,,,,,,,,,,
MCM5,False,0.02,TRRUST,73,0,1,False,0.0,0.0,-1.0,0.0,1.0,1.0,1.0,0.0,1.0,1.0,0.0,1.0,,,,,,,,,,,,,,,,1.0,1.0,1.0,,
MCM5,False,0.01,ChIP,73,0,0,False,,,,,,,,,,,,,,,,,,,,,,,,,,,,,,,,
MCM5,False,0.01,TRRUST,73,0,1,False,0.0,0.0,-1.0,0.0,1.0,1.0,1.0,0.0,1.0,1.0,0.0,1.0,,,,,,,,,,,,,,,,1.0,1.0,1.0,,
MCM5,False,0.0,ChIP,73,12,0,False,,,,,,,,,,,,,,,,,,,,,,,,,,,,,,,,
MCM5,False,0.0,TRRUST,73,12,1,True,0.0,0.0,922.0,0.0,1.0,1.0,1.0,0.026776573747086755,1.0,1.0,0.033519894021904965,1.0,1.0,1.0,1.0,73.0,0.013513513513513514,1.0,58.0,110.0,0.5272727272727272,1.0,,,,,,1.0,1.0,1.0,1.0,1.0
MED1,False,0.5,ChIP,100,2,0,False,,,,,,,,,,,,,,,,,,,,,,,,,,,,,,,,
MED1,False,0.5,TRRUST,100,2,1,True,0.0,0.0,1725.0,0.0,1.0,1.0,1.0,0.0005330490405228704,1.0,1.0,1.3322676295501877e-14,1.0,1.0,1.0,1.0,16.0,0.058823529411764705,1.0,55.5,110.0,0.5045454545454545,0.0,,,,,,1.0,1.0,1.0,1.0,1.0
MED1,False,0.25,ChIP,100,6,0,False,,,,,,,,,,,,,,,,,,,,,,,,,,,,,,,,
MED1,False,0.25,TRRUST,100,6,1,True,0.0,0.0,1725.0,0.0,1.0,1.0,1.0,0.009039112079873485,1.0,1.0,0.007233774417176915,1.0,1.0,1.0,1.0,33.0,0.029411764705882353,1.0,55.5,110.0,0.5045454545454545,0.0,,,,,,1.0,1.0,1.0,1.0,1.0
MED1,False,0.1,ChIP,100,16,0,False,,,,,,,,,,,,,,,,,,,,,,,,,,,,,,,,
MED1,False,0.1,TRRUST,100,16,1,True,0.0,0.0,510.0,0.0,1.0,1.0,1.0,0.0346355989060147,1.0,1.0,0.034249748453098694,1.0,1.0,1.0,1.0,46.0,0.02127659574468085,1.0,58.0,110.0,0.5272727272727272,2.0,,,,,,1.0,1.0,1.0,1.0,1.0
MED1,False,0.05,ChIP,100,31,0,False,,,,,,,,,,,,,,,,,,,,,,,,,,,,,,,,
MED1,False,0.05,TRRUST,100,31,1,True,0.0,0.0,245.0,0.0,1.0,1.0,1.0,0.058052274058282956,1.0,1.0,0.04954269968980073,1.0,1.0,1.0,1.0,52.0,0.018867924528301886,1.0,59.5,110.0,0.5409090909090909,3.0,,,,,,1.0,1.0,1.0,1.0,1.0
MED1,False,0.02,ChIP,100,145,0,False,,,,,,,,,,,,,,,,,,,,,,,,,,,,,,,,
MED1,False,0.02,TRRUST,100,145,1,True,0.0,0.0,106.0,0.0,1.0,1.0,1.0,0.28036986605352454,1.0,1.0,0.2703403569967949,1.0,1.0,1.0,1.0,56.0,0.017543859649122806,1.0,63.5,110.0,0.5772727272727273,2.0,,,,,,1.0,1.0,1.0,1.0,1.0
MED1,False,0.01,ChIP,100,409,0,False,,,,,,,,,,,,,,,,,,,,,,,,,,,,,,,,
MED1,False,0.01,TRRUST,100,409,1,True,1.0,0.0,2947.0,0.0,1.0,1.0,1.0,0.6379207227007233,1.0,1.0,0.6243176250031729,1.0,1.0,1.0,1.0,63.0,0.015625,1.0,71.5,110.0,0.65,3.0,,,,,,1.0,1.0,1.0,1.0,1.0
MED1,False,0.0,ChIP,100,3479,0,False,,,,,,,,,,,,,,,,,,,,,,,,,,,,,,,,
MED1,False,0.0,TRRUST,100,3479,1,True,1.0,0.0,155.0,0.0,1.0,1.0,1.0,0.999957552488772,1.0,1.0,0.9999582572750233,1.0,1.0,1.0,1.0,73.0,0.013513513513513514,1.0,88.5,110.0,0.8045454545454546,2.0,,,,,,1.0,1.0,1.0,1.0,1.0
MYBBP1A,False,0.5,ChIP,100,0,0,False,,,,,,,,,,,,,,,,,,,,,,,,,,,,,,,,
MYBBP1A,False,0.5,TRRUST,100,0,0,False,,,,,,,,,,,,,,,,,,,,,,,,,,,,,,,,
MYBBP1A,False,0.25,ChIP,100,0,0,False,,,,,,,,,,,,,,,,,,,,,,,,,,,,,,,,
MYBBP1A,False,0.25,TRRUST,100,0,0,False,,,,,,,,,,,,,,,,,,,,,,,,,,,,,,,,
MYBBP1A,False,0.1,ChIP,100,1,0,False,,,,,,,,,,,,,,,,,,,,,,,,,,,,,,,,
MYBBP1A,False,0.1,TRRUST,100,1,0,False,,,,,,,,,,,,,,,,,,,,,,,,,,,,,,,,
MYBBP1A,False,0.05,ChIP,100,1,0,False,,,,,,,,,,,,,,,,,,,,,,,,,,,,,,,,
MYBBP1A,False,0.05,TRRUST,100,1,0,False,,,,,,,,,,,,,,,,,,,,,,,,,,,,,,,,
MYBBP1A,False,0.02,ChIP,100,3,0,False,,,,,,,,,,,,,,,,,,,,,,,,,,,,,,,,
MYBBP1A,False,0.02,TRRUST,100,3,0,False,,,,,,,,,,,,,,,,,,,,,,,,,,,,,,,,
MYBBP1A,False,0.01,ChIP,100,12,0,False,,,,,,,,,,,,,,,,,,,,,,,,,,,,,,,,
MYBBP1A,False,0.01,TRRUST,100,12,0,False,,,,,,,,,,,,,,,,,,,,,,,,,,,,,,,,
MYBBP1A,False,0.0,ChIP,100,346,0,False,,,,,,,,,,,,,,,,,,,,,,,,,,,,,,,,
MYBBP1A,False,0.0,TRRUST,100,346,0,False,,,,,,,,,,,,,,,,,,,,,,,,,,,,,,,,
MYBL2,True,0.5,ChIP,81,0,131,False,0.0,0.0,-1.0,0.0,1.0,1.0,1.0,0.0,1.0,1.0,0.0,1.0,,,,,,,,,,,1.0,1.0,1.0,,,1.0,1.0,1.0,,
MYBL2,True,0.5,TRRUST,81,0,4,False,0.0,0.0,-1.0,0.0,1.0,1.0,1.0,0.0,1.0,1.0,0.0,1.0,,,,,,,,,,,1.0,1.0,1.0,,,1.0,1.0,1.0,,
MYBL2,True,0.25,ChIP,81,0,131,False,0.0,0.0,-1.0,0.0,1.0,1.0,1.0,0.0,1.0,1.0,0.0,1.0,,,,,,,,,,,1.0,1.0,1.0,,,1.0,1.0,1.0,,
MYBL2,True,0.25,TRRUST,81,0,4,False,0.0,0.0,-1.0,0.0,1.0,1.0,1.0,0.0,1.0,1.0,0.0,1.0,,,,,,,,,,,1.0,1.0,1.0,,,1.0,1.0,1.0,,
MYBL2,True,0.1,ChIP,81,4,131,True,1.0,0.0,1499.0,0.0,1.0,1.0,1.0,1.438548019871356,1.0,1.0,1.4425515152943478,1.0,1.0,1.0,1.0,46.0,0.02127659574468085,1.0,219.5,291.0,0.7542955326460481,5.0,1.0,1.0,1.0,1.0,1.0,1.0,1.0,1.0,1.0,1.0
MYBL2,True,0.1,TRRUST,81,4,4,True,0.0,0.0,295.0,0.0,1.0,1.0,1.0,0.017686039484402984,1.0,1.0,0.01963513537029776,1.0,1.0,1.0,1.0,46.0,0.02127659574468085,1.0,55.5,110.0,0.5045454545454545,0.0,1.0,1.0,1.0,1.0,1.0,1.0,1.0,1.0,1.0,1.0
MYBL2,True,0.05,ChIP,81,5,131,True,1.0,0.0,1499.0,0.0,1.0,1.0,1.0,1.4894315260413493,1.0,1.0,1.5132711130643508,1.0,1.0,1.0,1.0,52.0,0.018867924528301886,1.0,224.0,291.0,0.7697594501718213,5.0,1.0,1.0,1.0,1.0,1.0,1.0,1.0,1.0,1.0,1.0
MYBL2,True,0.05,TRRUST,81,5,4,True,0.0,0.0,295.0,0.0,1.0,1.0,1.0,0.024241307273642702,1.0,1.0,0.025599290173435204,1.0,1.0,1.0,1.0,52.0,0.018867924528301886,1.0,55.5,110.0,0.5045454545454545,0.0,1.0,1.0,1.0,1.0,1.0,1.0,1.0,1.0,1.0,1.0
MYBL2,True,0.02,ChIP,81,7,131,True,1.0,0.0,245.0,0.0,1.0,1.0,1.0,1.5955023557919843,1.0,1.0,1.5964144596147092,1.0,1.0,1.0,1.0,56.0,0.017543859649122806,1.0,236.0,291.0,0.8109965635738832,6.0,1.0,1.0,1.0,1.0,1.0,1.0,1.0,1.0,1.0,1.0
MYBL2,True,0.02,TRRUST,81,7,4,True,0.0,0.0,245.0,0.0,1.0,1.0,1.0,0.046782796837893714,1.0,1.0,0.04666069590991496,1.0,1.0,1.0,1.0,56.0,0.017543859649122806,1.0,56.0,110.0,0.509090909090909,0.0,1.0,1.0,1.0,1.0,1.0,1.0,1.0,1.0,1.0,1.0
MYBL2,True,0.01,ChIP,81,17,131,True,1.0,0.0,245.0,0.0,1.0,1.0,1.0,1.9404391040937474,1.0,1.0,1.888234930029338,1.0,1.0,1.0,1.0,63.0,0.015625,1.0,269.5,291.0,0.9261168384879725,18.0,1.0,1.0,1.0,1.0,1.0,1.0,1.0,1.0,1.0,1.0
MYBL2,True,0.01,TRRUST,81,17,4,True,0.0,0.0,133.0,0.0,1.0,1.0,1.0,0.13585803128041113,1.0,1.0,0.12686279887710292,1.0,1.0,1.0,1.0,63.0,0.015625,1.0,56.0,110.0,0.509090909090909,0.0,1.0,1.0,1.0,1.0,1.0,1.0,1.0,1.0,1.0,1.0
MYBL2,True,0.0,ChIP,81,266,131,True,3.0,3.0,308.0,20.0,0.9139237573504113,0.8537690489890327,0.8537690489890327,3.017139064863265,0.8279095770822961,0.8279095770822961,2.977633930039158,0.0004997501249375312,0.0004997501249375312,0.888055972013993,0.888055972013993,73.0,0.013513513513513514,0.6891891891891891,152.0,291.0,0.5223367697594502,3.0,0.001999000499750125,1.0,1.0,0.9575289575289575,1.0,0.001999000499750125,1.0,1.0,0.9575289575289575,1.0
MYBL2,True,0.0,TRRUST,81,266,4,True,1.0,0.0,323.0,0.0,1.0,1.0,1.0,0.9768981982822417,1.0,1.0,0.9798982527322792,1.0,1.0,1.0,1.0,73.0,0.013513513513513514,1.0,65.5,110.0,0.5954545454545455,3.0,1.0,1.0,1.0,1.0,1.0,1.0,1.0,1.0,1.0,1.0
MZF1,False,0.5,ChIP,100,0,0,False,,,,,,,,,,,,,,,,,,,,,,,,,,,,,,,,
MZF1,False,0.5,TRRUST,100,0,1,False,0.0,0.0,-1.0,0.0,1.0,1.0,1.0,0.0,1.0,1.0,0.0,1.0,,,,,,,,,,,,,,,,1.0,1.0,1.0,,
MZF1,False,0.25,ChIP,100,0,0,False,,,,,,,,,,,,,,,,,,,,,,,,,,,,,,,,
MZF1,False,0.25,TRRUST,100,0,1,False,0.0,0.0,-1.0,0.0,1.0,1.0,1.0,0.0,1.0,1.0,0.0,1.0,,,,,,,,,,,,,,,,1.0,1.0,1.0,,
MZF1,False,0.1,ChIP,100,0,0,False,,,,,,,,,,,,,,,,,,,,,,,,,,,,,,,,
MZF1,False,0.1,TRRUST,100,0,1,False,0.0,0.0,-1.0,0.0,1.0,1.0,1.0,0.0,1.0,1.0,0.0,1.0,,,,,,,,,,,,,,,,1.0,1.0,1.0,,
MZF1,False,0.05,ChIP,100,0,0,False,,,,,,,,,,,,,,,,,,,,,,,,,,,,,,,,
MZF1,False,0.05,TRRUST,100,0,1,False,0.0,0.0,-1.0,0.0,1.0,1.0,1.0,0.0,1.0,1.0,0.0,1.0,,,,,,,,,,,,,,,,1.0,1.0,1.0,,
MZF1,False,0.02,ChIP,100,0,0,False,,,,,,,,,,,,,,,,,,,,,,,,,,,,,,,,
MZF1,False,0.02,TRRUST,100,0,1,False,0.0,0.0,-1.0,0.0,1.0,1.0,1.0,0.0,1.0,1.0,0.0,1.0,,,,,,,,,,,,,,,,1.0,1.0,1.0,,
MZF1,False,0.01,ChIP,100,0,0,False,,,,,,,,,,,,,,,,,,,,,,,,,,,,,,,,
MZF1,False,0.01,TRRUST,100,0,1,False,0.0,0.0,-1.0,0.0,1.0,1.0,1.0,0.0,1.0,1.0,0.0,1.0,,,,,,,,,,,,,,,,1.0,1.0,1.0,,
MZF1,False,0.0,ChIP,100,0,0,False,,,,,,,,,,,,,,,,,,,,,,,,,,,,,,,,
MZF1,False,0.0,TRRUST,100,0,1,False,0.0,0.0,-1.0,0.0,1.0,1.0,1.0,0.0,1.0,1.0,0.0,1.0,,,,,,,,,,,,,,,,1.0,1.0,1.0,,
NELFB,False,0.5,ChIP,100,0,0,False,,,,,,,,,,,,,,,,,,,,,,,,,,,,,,,,
NELFB,False,0.5,TRRUST,100,0,0,False,,,,,,,,,,,,,,,,,,,,,,,,,,,,,,,,
NELFB,False,0.25,ChIP,100,1,0,False,,,,,,,,,,,,,,,,,,,,,,,,,,,,,,,,
NELFB,False,0.25,TRRUST,100,1,0,False,,,,,,,,,,,,,,,,,,,,,,,,,,,,,,,,
NELFB,False,0.1,ChIP,100,3,0,False,,,,,,,,,,,,,,,,,,,,,,,,,,,,,,,,
NELFB,False,0.1,TRRUST,100,3,0,False,,,,,,,,,,,,,,,,,,,,,,,,,,,,,,,,
NELFB,False,0.05,ChIP,100,8,0,False,,,,,,,,,,,,,,,,,,,,,,,,,,,,,,,,
NELFB,False,0.05,TRRUST,100,8,0,False,,,,,,,,,,,,,,,,,,,,,,,,,,,,,,,,
NELFB,False,0.02,ChIP,100,19,0,False,,,,,,,,,,,,,,,,,,,,,,,,,,,,,,,,
NELFB,False,0.02,TRRUST,100,19,0,False,,,,,,,,,,,,,,,,,,,,,,,,,,,,,,,,
NELFB,False,0.01,ChIP,100,73,0,False,,,,,,,,,,,,,,,,,,,,,,,,,,,,,,,,
NELFB,False,0.01,TRRUST,100,73,0,False,,,,,,,,,,,,,,,,,,,,,,,,,,,,,,,,
NELFB,False,0.0,ChIP,100,1152,0,False,,,,,,,,,,,,,,,,,,,,,,,,,,,,,,,,
NELFB,False,0.0,TRRUST,100,1152,0,False,,,,,,,,,,,,,,,,,,,,,,,,,,,,,,,,
NELFCD,False,0.5,ChIP,100,0,0,False,,,,,,,,,,,,,,,,,,,,,,,,,,,,,,,,
NELFCD,False,0.5,TRRUST,100,0,1,False,0.0,0.0,-1.0,0.0,1.0,1.0,1.0,0.0,1.0,1.0,0.0,1.0,,,,,,,,,,,,,,,,1.0,1.0,1.0,,
NELFCD,False,0.25,ChIP,100,1,0,False,,,,,,,,,,,,,,,,,,,,,,,,,,,,,,,,
NELFCD,False,0.25,TRRUST,100,1,1,True,0.0,0.0,4905.0,0.0,1.0,1.0,1.0,4.440892098500626e-15,1.0,1.0,6.661338147750939e-15,1.0,1.0,1.0,1.0,33.0,0.029411764705882353,1.0,55.5,110.0,0.5045454545454545,0.0,,,,,,1.0,1.0,1.0,1.0,1.0
NELFCD,False,0.1,ChIP,100,1,0,False,,,,,,,,,,,,,,,,,,,,,,,,,,,,,,,,
NELFCD,False,0.1,TRRUST,100,1,1,True,0.0,0.0,4905.0,0.0,1.0,1.0,1.0,4.440892098500626e-15,1.0,1.0,6.661338147750939e-15,1.0,1.0,1.0,1.0,46.0,0.02127659574468085,1.0,55.5,110.0,0.5045454545454545,0.0,,,,,,1.0,1.0,1.0,1.0,1.0
NELFCD,False,0.05,ChIP,100,3,0,False,,,,,,,,,,,,,,,,,,,,,,,,,,,,,,,,
NELFCD,False,0.05,TRRUST,100,3,1,True,0.0,0.0,245.0,0.0,1.0,1.0,1.0,0.007045757043122258,1.0,1.0,0.007593719729956754,1.0,1.0,1.0,1.0,52.0,0.018867924528301886,1.0,56.0,110.0,0.509090909090909,0.0,,,,,,1.0,1.0,1.0,1.0,1.0
NELFCD,False,0.02,ChIP,100,6,0,False,,,,,,,,,,,,,,,,,,,,,,,,,,,,,,,,
NELFCD,False,0.02,TRRUST,100,6,1,True,0.0,0.0,245.0,0.0,1.0,1.0,1.0,0.0135016453091644,1.0,1.0,0.011363540750100678,1.0,1.0,1.0,1.0,56.0,0.017543859649122806,1.0,56.0,110.0,0.509090909090909,0.0,,,,,,1.0,1.0,1.0,1.0,1.0
NELFCD,False,0.01,ChIP,100,16,0,False,,,,,,,,,,,,,,,,,,,,,,,,,,,,,,,,
NELFCD,False,0.01,TRRUST,100,16,1,True,0.0,0.0,51.0,0.0,1.0,1.0,1.0,0.04205579947378529,1.0,1.0,0.03924748900403746,1.0,1.0,1.0,1.0,63.0,0.015625,1.0,60.5,110.0,0.55,5.0,,,,,,1.0,1.0,1.0,1.0,1.0
NELFCD,False,0.0,ChIP,100,187,0,False,,,,,,,,,,,,,,,,,,,,,,,,,,,,,,,,
NELFCD,False,0.0,TRRUST,100,187,1,True,0.0,0.0,49.0,0.0,1.0,1.0,1.0,0.40736902832470695,1.0,1.0,0.4169192732396709,1.0,1.0,1.0,1.0,73.0,0.013513513513513514,1.0,65.5,110.0,0.5954545454545455,3.0,,,,,,1.0,1.0,1.0,1.0,1.0
NFRKB,False,0.5,ChIP,100,0,0,False,,,,,,,,,,,,,,,,,,,,,,,,,,,,,,,,
NFRKB,False,0.5,TRRUST,100,0,1,False,0.0,0.0,-1.0,0.0,1.0,1.0,1.0,0.0,1.0,1.0,0.0,1.0,,,,,,,,,,,,,,,,1.0,1.0,1.0,,
NFRKB,False,0.25,ChIP,100,0,0,False,,,,,,,,,,,,,,,,,,,,,,,,,,,,,,,,
NFRKB,False,0.25,TRRUST,100,0,1,False,0.0,0.0,-1.0,0.0,1.0,1.0,1.0,0.0,1.0,1.0,0.0,1.0,,,,,,,,,,,,,,,,1.0,1.0,1.0,,
NFRKB,False,0.1,ChIP,100,1,0,False,,,,,,,,,,,,,,,,,,,,,,,,,,,,,,,,
NFRKB,False,0.1,TRRUST,100,1,1,True,0.0,0.0,4905.0,0.0,1.0,1.0,1.0,0.004694835680757792,1.0,1.0,6.661338147750939e-15,1.0,1.0,1.0,1.0,46.0,0.02127659574468085,1.0,55.5,110.0,0.5045454545454545,0.0,,,,,,1.0,1.0,1.0,1.0,1.0
NFRKB,False,0.05,ChIP,100,3,0,False,,,,,,,,,,,,,,,,,,,,,,,,,,,,,,,,
NFRKB,False,0.05,TRRUST,100,3,1,True,0.0,0.0,2834.0,0.0,1.0,1.0,1.0,0.009367629879448546,1.0,1.0,0.0208333333333489,1.0,1.0,1.0,1.0,52.0,0.018867924528301886,1.0,55.5,110.0,0.5045454545454545,0.0,,,,,,1.0,1.0,1.0,1.0,1.0
NFRKB,False,0.02,ChIP,100,9,0,False,,,,,,,,,,,,,,,,,,,,,,,,,,,,,,,,
NFRKB,False,0.02,TRRUST,100,9,1,True,1.0,0.0,295.0,0.0,1.0,1.0,1.0,0.02790554965360416,1.0,1.0,0.06163194444449979,1.0,1.0,1.0,1.0,56.0,0.017543859649122806,1.0,56.0,110.0,0.509090909090909,0.0,,,,,,1.0,1.0,1.0,1.0,1.0
NFRKB,False,0.01,ChIP,100,29,0,False,,,,,,,,,,,,,,,,,,,,,,,,,,,,,,,,
NFRKB,False,0.01,TRRUST,100,29,1,True,1.0,0.0,295.0,0.0,1.0,1.0,1.0,0.12791869033428602,1.0,1.0,0.2408117462349506,1.0,1.0,1.0,1.0,63.0,0.015625,1.0,57.5,110.0,0.5227272727272727,2.0,,,,,,1.0,1.0,1.0,1.0,1.0
NFRKB,False,0.0,ChIP,100,565,0,False,,,,,,,,,,,,,,,,,,,,,,,,,,,,,,,,
NFRKB,False,0.0,TRRUST,100,565,1,True,1.0,0.0,295.0,0.0,1.0,1.0,1.0,0.7959366406352857,1.0,1.0,0.8114138001338314,1.0,1.0,1.0,1.0,73.0,0.013513513513513514,1.0,68.5,110.0,0.6227272727272727,2.0,,,,,,1.0,1.0,1.0,1.0,1.0
PDCD11,False,0.5,ChIP,95,2,0,False,,,,,,,,,,,,,,,,,,,,,,,,,,,,,,,,
PDCD11,False,0.5,TRRUST,95,2,0,False,,,,,,,,,,,,,,,,,,,,,,,,,,,,,,,,
PDCD11,False,0.25,ChIP,95,2,0,False,,,,,,,,,,,,,,,,,,,,,,,,,,,,,,,,
PDCD11,False,0.25,TRRUST,95,2,0,False,,,,,,,,,,,,,,,,,,,,,,,,,,,,,,,,
PDCD11,False,0.1,ChIP,95,3,0,False,,,,,,,,,,,,,,,,,,,,,,,,,,,,,,,,
PDCD11,False,0.1,TRRUST,95,3,0,False,,,,,,,,,,,,,,,,,,,,,,,,,,,,,,,,
PDCD11,False,0.05,ChIP,95,9,0,False,,,,,,,,,,,,,,,,,,,,,,,,,,,,,,,,
PDCD11,False,0.05,TRRUST,95,9,0,False,,,,,,,,,,,,,,,,,,,,,,,,,,,,,,,,
PDCD11,False,0.02,ChIP,95,18,0,False,,,,,,,,,,,,,,,,,,,,,,,,,,,,,,,,
PDCD11,False,0.02,TRRUST,95,18,0,False,,,,,,,,,,,,,,,,,,,,,,,,,,,,,,,,
PDCD11,False,0.01,ChIP,95,54,0,False,,,,,,,,,,,,,,,,,,,,,,,,,,,,,,,,
PDCD11,False,0.01,TRRUST,95,54,0,False,,,,,,,,,,,,,,,,,,,,,,,,,,,,,,,,
PDCD11,False,0.0,ChIP,95,1673,0,False,,,,,,,,,,,,,,,,,,,,,,,,,,,,,,,,
PDCD11,False,0.0,TRRUST,95,1673,0,False,,,,,,,,,,,,,,,,,,,,,,,,,,,,,,,,
PHB2,False,0.5,ChIP,100,2,0,False,,,,,,,,,,,,,,,,,,,,,,,,,,,,,,,,
PHB2,False,0.5,TRRUST,100,2,1,True,0.0,0.0,1725.0,0.0,1.0,1.0,1.0,0.0186609893388883,1.0,1.0,0.015570746527791097,1.0,1.0,1.0,1.0,16.0,0.058823529411764705,1.0,55.5,110.0,0.5045454545454545,0.0,,,,,,1.0,1.0,1.0,1.0,1.0
PHB2,False,0.25,ChIP,100,4,0,False,,,,,,,,,,,,,,,,,,,,,,,,,,,,,,,,
PHB2,False,0.25,TRRUST,100,4,1,True,0.0,0.0,1725.0,0.0,1.0,1.0,1.0,0.029149540347179197,1.0,1.0,0.02836213141314932,1.0,1.0,1.0,1.0,33.0,0.029411764705882353,1.0,55.5,110.0,0.5045454545454545,0.0,,,,,,1.0,1.0,1.0,1.0,1.0
PHB2,False,0.1,ChIP,100,13,0,False,,,,,,,,,,,,,,,,,,,,,,,,,,,,,,,,
PHB2,False,0.1,TRRUST,100,13,1,True,0.0,0.0,510.0,0.0,1.0,1.0,1.0,0.053588840359097105,1.0,1.0,0.055874562863454415,1.0,1.0,1.0,1.0,46.0,0.02127659574468085,1.0,56.5,110.0,0.5136363636363637,1.0,,,,,,1.0,1.0,1.0,1.0,1.0
PHB2,False,0.05,ChIP,100,26,0,False,,,,,,,,,,,,,,,,,,,,,,,,,,,,,,,,
PHB2,False,0.05,TRRUST,100,26,1,True,0.0,0.0,245.0,0.0,1.0,1.0,1.0,0.10907303960078861,1.0,1.0,0.12024560254174706,1.0,1.0,1.0,1.0,52.0,0.018867924528301886,1.0,59.5,110.0,0.5409090909090909,3.0,,,,,,1.0,1.0,1.0,1.0,1.0
PHB2,False,0.02,ChIP,100,130,0,False,,,,,,,,,,,,,,,,,,,,,,,,,,,,,,,,
PHB2,False,0.02,TRRUST,100,130,1,True,0.0,0.0,51.0,0.0,1.0,1.0,1.0,0.40601842527988063,1.0,1.0,0.4102244904144407,1.0,1.0,1.0,1.0,56.0,0.017543859649122806,1.0,63.0,110.0,0.5727272727272728,2.0,,,,,,1.0,1.0,1.0,1.0,1.0
PHB2,False,0.01,ChIP,100,381,0,False,,,,,,,,,,,,,,,,,,,,,,,,,,,,,,,,
PHB2,False,0.01,TRRUST,100,381,1,True,1.0,0.0,786.0,0.0,1.0,1.0,1.0,0.7634970149826169,1.0,1.0,0.761833700377096,1.0,1.0,1.0,1.0,63.0,0.015625,1.0,70.5,110.0,0.6409090909090909,2.0,,,,,,1.0,1.0,1.0,1.0,1.0
PHB2,False,0.0,ChIP,100,3382,0,False,,,,,,,,,,,,,,,,,,,,,,,,,,,,,,,,
PHB2,False,0.0,TRRUST,100,3382,1,True,1.0,0.0,413.0,0.0,1.0,1.0,1.0,0.999986017536073,1.0,1.0,0.9999767887541039,1.0,1.0,1.0,1.0,73.0,0.013513513513513514,1.0,86.5,110.0,0.7863636363636364,2.0,,,,,,1.0,1.0,1.0,1.0,1.0
POLR1A,False,0.5,ChIP,100,0,0,False,,,,,,,,,,,,,,,,,,,,,,,,,,,,,,,,
POLR1A,False,0.5,TRRUST,100,0,1,False,0.0,0.0,-1.0,0.0,1.0,1.0,1.0,0.0,1.0,1.0,0.0,1.0,,,,,,,,,,,,,,,,1.0,1.0,1.0,,
POLR1A,False,0.25,ChIP,100,2,0,False,,,,,,,,,,,,,,,,,,,,,,,,,,,,,,,,
POLR1A,False,0.25,TRRUST,100,2,1,True,0.0,0.0,2665.0,0.0,1.0,1.0,1.0,6.661338147750939e-15,1.0,1.0,1.1102230246251564e-14,1.0,1.0,1.0,1.0,33.0,0.029411764705882353,1.0,55.5,110.0,0.5045454545454545,0.0,,,,,,1.0,1.0,1.0,1.0,1.0
POLR1A,False,0.1,ChIP,100,2,0,False,,,,,,,,,,,,,,,,,,,,,,,,,,,,,,,,
POLR1A,False,0.1,TRRUST,100,2,1,True,0.0,0.0,2665.0,0.0,1.0,1.0,1.0,6.661338147750939e-15,1.0,1.0,1.1102230246251564e-14,1.0,1.0,1.0,1.0,46.0,0.02127659574468085,1.0,55.5,110.0,0.5045454545454545,0.0,,,,,,1.0,1.0,1.0,1.0,1.0
POLR1A,False,0.05,ChIP,100,5,0,False,,,,,,,,,,,,,,,,,,,,,,,,,,,,,,,,
POLR1A,False,0.05,TRRUST,100,5,1,True,0.0,0.0,245.0,0.0,1.0,1.0,1.0,0.013514514326235723,1.0,1.0,0.006756737412033402,1.0,1.0,1.0,1.0,52.0,0.018867924528301886,1.0,56.0,110.0,0.509090909090909,0.0,,,,,,1.0,1.0,1.0,1.0,1.0
POLR1A,False,0.02,ChIP,100,11,0,False,,,,,,,,,,,,,,,,,,,,,,,,,,,,,,,,
POLR1A,False,0.02,TRRUST,100,11,1,True,0.0,0.0,245.0,0.0,1.0,1.0,1.0,0.03264119869222578,1.0,1.0,0.02015336023496302,1.0,1.0,1.0,1.0,56.0,0.017543859649122806,1.0,56.5,110.0,0.5136363636363637,1.0,,,,,,1.0,1.0,1.0,1.0,1.0
POLR1A,False,0.01,ChIP,100,36,0,False,,,,,,,,,,,,,,,,,,,,,,,,,,,,,,,,
POLR1A,False,0.01,TRRUST,100,36,1,True,0.0,0.0,245.0,0.0,1.0,1.0,1.0,0.09571595886141125,1.0,1.0,0.09060516500152943,1.0,1.0,1.0,1.0,63.0,0.015625,1.0,62.5,110.0,0.5681818181818182,7.0,,,,,,1.0,1.0,1.0,1.0,1.0
POLR1A,False,0.0,ChIP,100,1043,0,False,,,,,,,,,,,,,,,,,,,,,,,,,,,,,,,,
POLR1A,False,0.0,TRRUST,100,1043,1,True,1.0,0.0,2536.0,0.0,1.0,1.0,1.0,0.9626712766501198,1.0,1.0,0.9631575698508049,1.0,1.0,1.0,1.0,73.0,0.013513513513513514,1.0,75.5,110.0,0.6863636363636364,2.0,,,,,,1.0,1.0,1.0,1.0,1.0
PREB,False,0.5,ChIP,39,0,0,False,,,,,,,,,,,,,,,,,,,,,,,,,,,,,,,,
PREB,False,0.5,TRRUST,39,0,0,False,,,,,,,,,,,,,,,,,,,,,,,,,,,,,,,,
PREB,False,0.25,ChIP,39,0,0,False,,,,,,,,,,,,,,,,,,,,,,,,,,,,,,,,
PREB,False,0.25,TRRUST,39,0,0,False,,,,,,,,,,,,,,,,,,,,,,,,,,,,,,,,
PREB,False,0.1,ChIP,39,0,0,False,,,,,,,,,,,,,,,,,,,,,,,,,,,,,,,,
PREB,False,0.1,TRRUST,39,0,0,False,,,,,,,,,,,,,,,,,,,,,,,,,,,,,,,,
PREB,False,0.05,ChIP,39,0,0,False,,,,,,,,,,,,,,,,,,,,,,,,,,,,,,,,
PREB,False,0.05,TRRUST,39,0,0,False,,,,,,,,,,,,,,,,,,,,,,,,,,,,,,,,
PREB,False,0.02,ChIP,39,0,0,False,,,,,,,,,,,,,,,,,,,,,,,,,,,,,,,,
PREB,False,0.02,TRRUST,39,0,0,False,,,,,,,,,,,,,,,,,,,,,,,,,,,,,,,,
PREB,False,0.01,ChIP,39,0,0,False,,,,,,,,,,,,,,,,,,,,,,,,,,,,,,,,
PREB,False,0.01,TRRUST,39,0,0,False,,,,,,,,,,,,,,,,,,,,,,,,,,,,,,,,
PREB,False,0.0,ChIP,39,1,0,False,,,,,,,,,,,,,,,,,,,,,,,,,,,,,,,,
PREB,False,0.0,TRRUST,39,1,0,False,,,,,,,,,,,,,,,,,,,,,,,,,,,,,,,,
PTMA,False,0.5,ChIP,100,0,0,False,,,,,,,,,,,,,,,,,,,,,,,,,,,,,,,,
PTMA,False,0.5,TRRUST,100,0,0,False,,,,,,,,,,,,,,,,,,,,,,,,,,,,,,,,
PTMA,False,0.25,ChIP,100,0,0,False,,,,,,,,,,,,,,,,,,,,,,,,,,,,,,,,
PTMA,False,0.25,TRRUST,100,0,0,False,,,,,,,,,,,,,,,,,,,,,,,,,,,,,,,,
PTMA,False,0.1,ChIP,100,0,0,False,,,,,,,,,,,,,,,,,,,,,,,,,,,,,,,,
PTMA,False,0.1,TRRUST,100,0,0,False,,,,,,,,,,,,,,,,,,,,,,,,,,,,,,,,
PTMA,False,0.05,ChIP,100,0,0,False,,,,,,,,,,,,,,,,,,,,,,,,,,,,,,,,
PTMA,False,0.05,TRRUST,100,0,0,False,,,,,,,,,,,,,,,,,,,,,,,,,,,,,,,,
PTMA,False,0.02,ChIP,100,0,0,False,,,,,,,,,,,,,,,,,,,,,,,,,,,,,,,,
PTMA,False,0.02,TRRUST,100,0,0,False,,,,,,,,,,,,,,,,,,,,,,,,,,,,,,,,
PTMA,False,0.01,ChIP,100,1,0,False,,,,,,,,,,,,,,,,,,,,,,,,,,,,,,,,
PTMA,False,0.01,TRRUST,100,1,0,False,,,,,,,,,,,,,,,,,,,,,,,,,,,,,,,,
PTMA,False,0.0,ChIP,100,18,0,False,,,,,,,,,,,,,,,,,,,,,,,,,,,,,,,,
PTMA,False,0.0,TRRUST,100,18,0,False,,,,,,,,,,,,,,,,,,,,,,,,,,,,,,,,
RAD51,False,0.5,ChIP,100,0,0,False,,,,,,,,,,,,,,,,,,,,,,,,,,,,,,,,
RAD51,False,0.5,TRRUST,100,0,1,False,0.0,0.0,-1.0,0.0,1.0,1.0,1.0,0.0,1.0,1.0,0.0,1.0,,,,,,,,,,,,,,,,1.0,1.0,1.0,,
RAD51,False,0.25,ChIP,100,0,0,False,,,,,,,,,,,,,,,,,,,,,,,,,,,,,,,,
RAD51,False,0.25,TRRUST,100,0,1,False,0.0,0.0,-1.0,0.0,1.0,1.0,1.0,0.0,1.0,1.0,0.0,1.0,,,,,,,,,,,,,,,,1.0,1.0,1.0,,
RAD51,False,0.1,ChIP,100,4,0,False,,,,,,,,,,,,,,,,,,,,,,,,,,,,,,,,
RAD51,False,0.1,TRRUST,100,4,1,True,0.0,0.0,295.0,0.0,1.0,1.0,1.0,0.020014193544773153,1.0,1.0,0.019413217902210157,1.0,1.0,1.0,1.0,46.0,0.02127659574468085,1.0,55.5,110.0,0.5045454545454545,0.0,,,,,,1.0,1.0,1.0,1.0,1.0
RAD51,False,0.05,ChIP,100,6,0,False,,,,,,,,,,,,,,,,,,,,,,,,,,,,,,,,
RAD51,False,0.05,TRRUST,100,6,1,True,0.0,0.0,245.0,0.0,1.0,1.0,1.0,0.030884462397263612,1.0,1.0,0.030874544121201226,1.0,1.0,1.0,1.0,52.0,0.018867924528301886,1.0,56.0,110.0,0.509090909090909,0.0,,,,,,1.0,1.0,1.0,1.0,1.0
RAD51,False,0.02,ChIP,100,8,0,False,,,,,,,,,,,,,,,,,,,,,,,,,,,,,,,,
RAD51,False,0.02,TRRUST,100,8,1,True,0.0,0.0,224.0,0.0,1.0,1.0,1.0,0.03894965710941045,1.0,1.0,0.03843474598458817,1.0,1.0,1.0,1.0,56.0,0.017543859649122806,1.0,56.0,110.0,0.509090909090909,0.0,,,,,,1.0,1.0,1.0,1.0,1.0
RAD51,False,0.01,ChIP,100,48,0,False,,,,,,,,,,,,,,,,,,,,,,,,,,,,,,,,
RAD51,False,0.01,TRRUST,100,48,1,True,1.0,0.0,1870.0,0.0,1.0,1.0,1.0,0.16683100271049028,1.0,1.0,0.17307845249563295,1.0,1.0,1.0,1.0,63.0,0.015625,1.0,58.0,110.0,0.5272727272727272,1.0,,,,,,1.0,1.0,1.0,1.0,1.0
RAD51,False,0.0,ChIP,100,1045,0,False,,,,,,,,,,,,,,,,,,,,,,,,,,,,,,,,
RAD51,False,0.0,TRRUST,100,1045,1,True,1.0,0.0,1870.0,0.0,1.0,1.0,1.0,0.9758971464632543,1.0,1.0,0.9753749124053094,1.0,1.0,1.0,1.0,73.0,0.013513513513513514,1.0,70.5,110.0,0.6409090909090909,1.0,,,,,,1.0,1.0,1.0,1.0,1.0
RBMX,False,0.5,ChIP,100,0,0,False,,,,,,,,,,,,,,,,,,,,,,,,,,,,,,,,
RBMX,False,0.5,TRRUST,100,0,2,False,0.0,0.0,-1.0,0.0,1.0,1.0,1.0,0.0,1.0,1.0,0.0,1.0,,,,,,,,,,,,,,,,1.0,1.0,1.0,,
RBMX,False,0.25,ChIP,100,0,0,False,,,,,,,,,,,,,,,,,,,,,,,,,,,,,,,,
RBMX,False,0.25,TRRUST,100,0,2,False,0.0,0.0,-1.0,0.0,1.0,1.0,1.0,0.0,1.0,1.0,0.0,1.0,,,,,,,,,,,,,,,,1.0,1.0,1.0,,
RBMX,False,0.1,ChIP,100,2,0,False,,,,,,,,,,,,,,,,,,,,,,,,,,,,,,,,
RBMX,False,0.1,TRRUST,100,2,2,True,0.0,0.0,2665.0,0.0,1.0,1.0,1.0,0.02836734693879316,1.0,1.0,1.1102230246251564e-14,1.0,1.0,1.0,1.0,46.0,0.02127659574468085,1.0,55.5,110.0,0.5045454545454545,0.0,,,,,,1.0,1.0,1.0,1.0,1.0
RBMX,False,0.05,ChIP,100,4,0,False,,,,,,,,,,,,,,,,,,,,,,,,,,,,,,,,
RBMX,False,0.05,TRRUST,100,4,2,True,0.0,0.0,245.0,0.0,1.0,1.0,1.0,0.0294032026456903,1.0,1.0,0.0012315270936205092,1.0,1.0,1.0,1.0,52.0,0.018867924528301886,1.0,56.0,110.0,0.509090909090909,0.0,,,,,,1.0,1.0,1.0,1.0,1.0
RBMX,False,0.02,ChIP,100,5,0,False,,,,,,,,,,,,,,,,,,,,,,,,,,,,,,,,
RBMX,False,0.02,TRRUST,100,5,2,True,0.0,0.0,245.0,0.0,1.0,1.0,1.0,0.032507456795017875,1.0,1.0,0.0036915479628548157,1.0,1.0,1.0,1.0,56.0,0.017543859649122806,1.0,56.0,110.0,0.509090909090909,0.0,,,,,,1.0,1.0,1.0,1.0,1.0
RBMX,False,0.01,ChIP,100,16,0,False,,,,,,,,,,,,,,,,,,,,,,,,,,,,,,,,
RBMX,False,0.01,TRRUST,100,16,2,True,0.0,0.0,51.0,0.0,1.0,1.0,1.0,0.08870599545545375,1.0,1.0,0.035158206057314775,1.0,1.0,1.0,1.0,63.0,0.015625,1.0,56.0,110.0,0.509090909090909,0.0,,,,,,1.0,1.0,1.0,1.0,1.0
RBMX,False,0.0,ChIP,100,152,0,False,,,,,,,,,,,,,,,,,,,,,,,,,,,,,,,,
RBMX,False,0.0,TRRUST,100,152,2,True,0.0,0.0,25.0,0.0,1.0,1.0,1.0,0.5816000049203885,1.0,1.0,0.5329014126765939,1.0,1.0,1.0,1.0,73.0,0.013513513513513514,1.0,62.0,110.0,0.5636363636363636,3.0,,,,,,1.0,1.0,1.0,1.0,1.0
RNF14,False,0.5,ChIP,100,0,0,False,,,,,,,,,,,,,,,,,,,,,,,,,,,,,,,,
RNF14,False,0.5,TRRUST,100,0,0,False,,,,,,,,,,,,,,,,,,,,,,,,,,,,,,,,
RNF14,False,0.25,ChIP,100,0,0,False,,,,,,,,,,,,,,,,,,,,,,,,,,,,,,,,
RNF14,False,0.25,TRRUST,100,0,0,False,,,,,,,,,,,,,,,,,,,,,,,,,,,,,,,,
RNF14,False,0.1,ChIP,100,0,0,False,,,,,,,,,,,,,,,,,,,,,,,,,,,,,,,,
RNF14,False,0.1,TRRUST,100,0,0,False,,,,,,,,,,,,,,,,,,,,,,,,,,,,,,,,
RNF14,False,0.05,ChIP,100,0,0,False,,,,,,,,,,,,,,,,,,,,,,,,,,,,,,,,
RNF14,False,0.05,TRRUST,100,0,0,False,,,,,,,,,,,,,,,,,,,,,,,,,,,,,,,,
RNF14,False,0.02,ChIP,100,0,0,False,,,,,,,,,,,,,,,,,,,,,,,,,,,,,,,,
RNF14,False,0.02,TRRUST,100,0,0,False,,,,,,,,,,,,,,,,,,,,,,,,,,,,,,,,
RNF14,False,0.01,ChIP,100,0,0,False,,,,,,,,,,,,,,,,,,,,,,,,,,,,,,,,
RNF14,False,0.01,TRRUST,100,0,0,False,,,,,,,,,,,,,,,,,,,,,,,,,,,,,,,,
RNF14,False,0.0,ChIP,100,0,0,False,,,,,,,,,,,,,,,,,,,,,,,,,,,,,,,,
RNF14,False,0.0,TRRUST,100,0,0,False,,,,,,,,,,,,,,,,,,,,,,,,,,,,,,,,
RUVBL1,False,0.5,ChIP,100,1,0,False,,,,,,,,,,,,,,,,,,,,,,,,,,,,,,,,
RUVBL1,False,0.5,TRRUST,100,1,0,False,,,,,,,,,,,,,,,,,,,,,,,,,,,,,,,,
RUVBL1,False,0.25,ChIP,100,2,0,False,,,,,,,,,,,,,,,,,,,,,,,,,,,,,,,,
RUVBL1,False,0.25,TRRUST,100,2,0,False,,,,,,,,,,,,,,,,,,,,,,,,,,,,,,,,
RUVBL1,False,0.1,ChIP,100,7,0,False,,,,,,,,,,,,,,,,,,,,,,,,,,,,,,,,
RUVBL1,False,0.1,TRRUST,100,7,0,False,,,,,,,,,,,,,,,,,,,,,,,,,,,,,,,,
RUVBL1,False,0.05,ChIP,100,16,0,False,,,,,,,,,,,,,,,,,,,,,,,,,,,,,,,,
RUVBL1,False,0.05,TRRUST,100,16,0,False,,,,,,,,,,,,,,,,,,,,,,,,,,,,,,,,
RUVBL1,False,0.02,ChIP,100,64,0,False,,,,,,,,,,,,,,,,,,,,,,,,,,,,,,,,
RUVBL1,False,0.02,TRRUST,100,64,0,False,,,,,,,,,,,,,,,,,,,,,,,,,,,,,,,,
RUVBL1,False,0.01,ChIP,100,226,0,False,,,,,,,,,,,,,,,,,,,,,,,,,,,,,,,,
RUVBL1,False,0.01,TRRUST,100,226,0,False,,,,,,,,,,,,,,,,,,,,,,,,,,,,,,,,
RUVBL1,False,0.0,ChIP,100,2961,0,False,,,,,,,,,,,,,,,,,,,,,,,,,,,,,,,,
RUVBL1,False,0.0,TRRUST,100,2961,0,False,,,,,,,,,,,,,,,,,,,,,,,,,,,,,,,,
SETDB1,True,0.5,ChIP,100,0,154,False,0.0,0.0,-1.0,0.0,1.0,1.0,1.0,0.0,1.0,1.0,0.0,1.0,,,,,,,,,,,1.0,1.0,1.0,,,1.0,1.0,1.0,,
SETDB1,True,0.5,TRRUST,100,0,0,False,,,,,,,,,,,,,,,,,,,,,,,,,,,,,,,,
SETDB1,True,0.25,ChIP,100,0,154,False,0.0,0.0,-1.0,0.0,1.0,1.0,1.0,0.0,1.0,1.0,0.0,1.0,,,,,,,,,,,1.0,1.0,1.0,,,1.0,1.0,1.0,,
SETDB1,True,0.25,TRRUST,100,0,0,False,,,,,,,,,,,,,,,,,,,,,,,,,,,,,,,,
SETDB1,True,0.1,ChIP,100,0,154,False,0.0,0.0,-1.0,0.0,1.0,1.0,1.0,0.0,1.0,1.0,0.0,1.0,,,,,,,,,,,1.0,1.0,1.0,,,1.0,1.0,1.0,,
SETDB1,True,0.1,TRRUST,100,0,0,False,,,,,,,,,,,,,,,,,,,,,,,,,,,,,,,,
SETDB1,True,0.05,ChIP,100,0,154,False,0.0,0.0,-1.0,0.0,1.0,1.0,1.0,0.0,1.0,1.0,0.0,1.0,,,,,,,,,,,1.0,1.0,1.0,,,1.0,1.0,1.0,,
SETDB1,True,0.05,TRRUST,100,0,0,False,,,,,,,,,,,,,,,,,,,,,,,,,,,,,,,,
SETDB1,True,0.02,ChIP,100,2,154,True,2.0,2.0,981.0,1.0,0.1490382144222545,0.24929075003980558,0.24929075003980558,1.0334948525730694,0.259775739944409,0.259775739944409,1.0632361068969274,0.0004997501249375312,0.0004997501249375312,0.8120939530234883,0.8120939530234883,56.0,0.017543859649122806,0.8421052631578947,60.0,291.0,0.20618556701030927,11.0,0.0014278574998215175,1.0,1.0,1.0,1.0,0.0014278574998215175,1.0,1.0,1.0,1.0
SETDB1,True,0.02,TRRUST,100,2,0,False,,,,,,,,,,,,,,,,,,,,,,,,,,,,,,,,
SETDB1,True,0.01,ChIP,100,5,154,True,2.0,2.0,981.0,1.0,0.3320875170045039,0.44076952405280584,0.44076952405280584,1.4877186450070279,0.4296926777008741,0.4296926777008741,1.4651330378355196,0.0009995002498750624,0.0009995002498750624,0.9550224887556222,0.9550224887556222,63.0,0.015625,0.84375,102.0,291.0,0.35051546391752575,9.0,0.001999000499750125,1.0,1.0,1.0,1.0,0.001999000499750125,1.0,1.0,1.0,1.0
SETDB1,True,0.01,TRRUST,100,5,0,False,,,,,,,,,,,,,,,,,,,,,,,,,,,,,,,,
SETDB1,True,0.0,ChIP,100,22,154,True,4.0,4.0,2020.0,3.0,0.04379581411005706,0.03640953604105936,0.03640953604105936,2.2045014408258377,0.03259763791562426,0.03259763791562426,2.20052846633944,0.0004997501249375312,0.0004997501249375312,0.04597701149425287,0.04597701149425287,73.0,0.013513513513513514,0.5405405405405406,48.0,291.0,0.16494845360824742,58.0,0.001999000499750125,0.664231731883097,0.5683042608435683,0.9575289575289575,0.4357821089455272,0.001999000499750125,0.664231731883097,0.5683042608435683,0.9575289575289575,0.4357821089455272
SETDB1,True,0.0,TRRUST,100,22,0,False,,,,,,,,,,,,,,,,,,,,,,,,,,,,,,,,
SMG6,False,0.5,ChIP,52,0,0,False,,,,,,,,,,,,,,,,,,,,,,,,,,,,,,,,
SMG6,False,0.5,TRRUST,52,0,1,False,0.0,0.0,-1.0,0.0,1.0,1.0,1.0,0.0,1.0,1.0,0.0,1.0,,,,,,,,,,,,,,,,1.0,1.0,1.0,,
SMG6,False,0.25,ChIP,52,0,0,False,,,,,,,,,,,,,,,,,,,,,,,,,,,,,,,,
SMG6,False,0.25,TRRUST,52,0,1,False,0.0,0.0,-1.0,0.0,1.0,1.0,1.0,0.0,1.0,1.0,0.0,1.0,,,,,,,,,,,,,,,,1.0,1.0,1.0,,
SMG6,False,0.1,ChIP,52,0,0,False,,,,,,,,,,,,,,,,,,,,,,,,,,,,,,,,
SMG6,False,0.1,TRRUST,52,0,1,False,0.0,0.0,-1.0,0.0,1.0,1.0,1.0,0.0,1.0,1.0,0.0,1.0,,,,,,,,,,,,,,,,1.0,1.0,1.0,,
SMG6,False,0.05,ChIP,52,0,0,False,,,,,,,,,,,,,,,,,,,,,,,,,,,,,,,,
SMG6,False,0.05,TRRUST,52,0,1,False,0.0,0.0,-1.0,0.0,1.0,1.0,1.0,0.0,1.0,1.0,0.0,1.0,,,,,,,,,,,,,,,,1.0,1.0,1.0,,
SMG6,False,0.02,ChIP,52,0,0,False,,,,,,,,,,,,,,,,,,,,,,,,,,,,,,,,
SMG6,False,0.02,TRRUST,52,0,1,False,0.0,0.0,-1.0,0.0,1.0,1.0,1.0,0.0,1.0,1.0,0.0,1.0,,,,,,,,,,,,,,,,1.0,1.0,1.0,,
SMG6,False,0.01,ChIP,52,0,0,False,,,,,,,,,,,,,,,,,,,,,,,,,,,,,,,,
SMG6,False,0.01,TRRUST,52,0,1,False,0.0,0.0,-1.0,0.0,1.0,1.0,1.0,0.0,1.0,1.0,0.0,1.0,,,,,,,,,,,,,,,,1.0,1.0,1.0,,
SMG6,False,0.0,ChIP,52,0,0,False,,,,,,,,,,,,,,,,,,,,,,,,,,,,,,,,
SMG6,False,0.0,TRRUST,52,0,1,False,0.0,0.0,-1.0,0.0,1.0,1.0,1.0,0.0,1.0,1.0,0.0,1.0,,,,,,,,,,,,,,,,1.0,1.0,1.0,,
SNIP1,False,0.5,ChIP,43,1,0,False,,,,,,,,,,,,,,,,,,,,,,,,,,,,,,,,
SNIP1,False,0.5,TRRUST,43,1,1,True,0.0,0.0,3763.0,0.0,1.0,1.0,1.0,2.2204460492503127e-15,1.0,1.0,6.661338147750939e-15,1.0,1.0,1.0,1.0,16.0,0.058823529411764705,1.0,55.5,110.0,0.5045454545454545,0.0,,,,,,1.0,1.0,1.0,1.0,1.0
SNIP1,False,0.25,ChIP,43,1,0,False,,,,,,,,,,,,,,,,,,,,,,,,,,,,,,,,
SNIP1,False,0.25,TRRUST,43,1,1,True,0.0,0.0,3763.0,0.0,1.0,1.0,1.0,2.2204460492503127e-15,1.0,1.0,6.661338147750939e-15,1.0,1.0,1.0,1.0,33.0,0.029411764705882353,1.0,55.5,110.0,0.5045454545454545,0.0,,,,,,1.0,1.0,1.0,1.0,1.0
SNIP1,False,0.1,ChIP,43,1,0,False,,,,,,,,,,,,,,,,,,,,,,,,,,,,,,,,
SNIP1,False,0.1,TRRUST,43,1,1,True,0.0,0.0,3763.0,0.0,1.0,1.0,1.0,2.2204460492503127e-15,1.0,1.0,6.661338147750939e-15,1.0,1.0,1.0,1.0,46.0,0.02127659574468085,1.0,55.5,110.0,0.5045454545454545,0.0,,,,,,1.0,1.0,1.0,1.0,1.0
SNIP1,False,0.05,ChIP,43,1,0,False,,,,,,,,,,,,,,,,,,,,,,,,,,,,,,,,
SNIP1,False,0.05,TRRUST,43,1,1,True,0.0,0.0,3763.0,0.0,1.0,1.0,1.0,2.2204460492503127e-15,1.0,1.0,6.661338147750939e-15,1.0,1.0,1.0,1.0,52.0,0.018867924528301886,1.0,55.5,110.0,0.5045454545454545,0.0,,,,,,1.0,1.0,1.0,1.0,1.0
SNIP1,False,0.02,ChIP,43,3,0,False,,,,,,,,,,,,,,,,,,,,,,,,,,,,,,,,
SNIP1,False,0.02,TRRUST,43,3,1,True,0.0,0.0,261.0,0.0,1.0,1.0,1.0,0.005858424902607479,1.0,1.0,0.008605523065369852,1.0,1.0,1.0,1.0,56.0,0.017543859649122806,1.0,55.5,110.0,0.5045454545454545,0.0,,,,,,1.0,1.0,1.0,1.0,1.0
SNIP1,False,0.01,ChIP,43,5,0,False,,,,,,,,,,,,,,,,,,,,,,,,,,,,,,,,
SNIP1,False,0.01,TRRUST,43,5,1,True,0.0,0.0,261.0,0.0,1.0,1.0,1.0,0.015384385282243198,1.0,1.0,0.020783238899141684,1.0,1.0,1.0,1.0,63.0,0.015625,1.0,55.5,110.0,0.5045454545454545,0.0,,,,,,1.0,1.0,1.0,1.0,1.0
SNIP1,False,0.0,ChIP,43,15,0,False,,,,,,,,,,,,,,,,,,,,,,,,,,,,,,,,
SNIP1,False,0.0,TRRUST,43,15,1,True,0.0,0.0,261.0,0.0,1.0,1.0,1.0,0.04285721112796282,1.0,1.0,0.045833232949191456,1.0,1.0,1.0,1.0,73.0,0.013513513513513514,1.0,56.0,110.0,0.509090909090909,1.0,,,,,,1.0,1.0,1.0,1.0,1.0
SP2,True,0.5,ChIP,100,0,159,False,0.0,0.0,-1.0,0.0,1.0,1.0,1.0,0.0,1.0,1.0,0.0,1.0,,,,,,,,,,,1.0,1.0,1.0,,,1.0,1.0,1.0,,
SP2,True,0.5,TRRUST,100,0,1,False,0.0,0.0,-1.0,0.0,1.0,1.0,1.0,0.0,1.0,1.0,0.0,1.0,,,,,,,,,,,1.0,1.0,1.0,,,1.0,1.0,1.0,,
SP2,True,0.25,ChIP,100,0,159,False,0.0,0.0,-1.0,0.0,1.0,1.0,1.0,0.0,1.0,1.0,0.0,1.0,,,,,,,,,,,1.0,1.0,1.0,,,1.0,1.0,1.0,,
SP2,True,0.25,TRRUST,100,0,1,False,0.0,0.0,-1.0,0.0,1.0,1.0,1.0,0.0,1.0,1.0,0.0,1.0,,,,,,,,,,,1.0,1.0,1.0,,,1.0,1.0,1.0,,
SP2,True,0.1,ChIP,100,0,159,False,0.0,0.0,-1.0,0.0,1.0,1.0,1.0,0.0,1.0,1.0,0.0,1.0,,,,,,,,,,,1.0,1.0,1.0,,,1.0,1.0,1.0,,
SP2,True,0.1,TRRUST,100,0,1,False,0.0,0.0,-1.0,0.0,1.0,1.0,1.0,0.0,1.0,1.0,0.0,1.0,,,,,,,,,,,1.0,1.0,1.0,,,1.0,1.0,1.0,,
SP2,True,0.05,ChIP,100,0,159,False,0.0,0.0,-1.0,0.0,1.0,1.0,1.0,0.0,1.0,1.0,0.0,1.0,,,,,,,,,,,1.0,1.0,1.0,,,1.0,1.0,1.0,,
SP2,True,0.05,TRRUST,100,0,1,False,0.0,0.0,-1.0,0.0,1.0,1.0,1.0,0.0,1.0,1.0,0.0,1.0,,,,,,,,,,,1.0,1.0,1.0,,,1.0,1.0,1.0,,
SP2,True,0.02,ChIP,100,0,159,False,0.0,0.0,-1.0,0.0,1.0,1.0,1.0,0.0,1.0,1.0,0.0,1.0,,,,,,,,,,,1.0,1.0,1.0,,,1.0,1.0,1.0,,
SP2,True,0.02,TRRUST,100,0,1,False,0.0,0.0,-1.0,0.0,1.0,1.0,1.0,0.0,1.0,1.0,0.0,1.0,,,,,,,,,,,1.0,1.0,1.0,,,1.0,1.0,1.0,,
SP2,True,0.01,ChIP,100,0,159,False,0.0,0.0,-1.0,0.0,1.0,1.0,1.0,0.0,1.0,1.0,0.0,1.0,,,,,,,,,,,1.0,1.0,1.0,,,1.0,1.0,1.0,,
SP2,True,0.01,TRRUST,100,0,1,False,0.0,0.0,-1.0,0.0,1.0,1.0,1.0,0.0,1.0,1.0,0.0,1.0,,,,,,,,,,,1.0,1.0,1.0,,,1.0,1.0,1.0,,
SP2,True,0.0,ChIP,100,9,159,True,2.0,2.0,2599.0,1.0,0.5846578999771042,0.5774899171659887,0.5774899171659887,1.697528003280481,0.5881832267336002,0.5881832267336002,1.7147398701724614,0.00849575212393803,0.00849575212393803,0.5957021489255372,0.5957021489255372,73.0,0.013513513513513514,0.8243243243243243,194.0,291.0,0.6666666666666666,32.0,0.013070387882981585,1.0,1.0,0.9575289575289575,1.0,0.013070387882981585,1.0,1.0,0.9575289575289575,1.0
SP2,True,0.0,TRRUST,100,9,1,True,0.0,0.0,1467.0,0.0,1.0,1.0,1.0,0.03205411554691282,1.0,1.0,0.03517736719109002,1.0,1.0,1.0,1.0,73.0,0.013513513513513514,1.0,55.5,110.0,0.5045454545454545,0.0,1.0,1.0,1.0,1.0,1.0,1.0,1.0,1.0,1.0,1.0
SRF,True,0.5,ChIP,100,0,275,False,0.0,0.0,-1.0,0.0,1.0,1.0,1.0,0.0,1.0,1.0,0.0,1.0,,,,,,,,,,,1.0,1.0,1.0,,,1.0,1.0,1.0,,
SRF,True,0.5,TRRUST,100,0,7,False,0.0,0.0,-1.0,0.0,1.0,1.0,1.0,0.0,1.0,1.0,0.0,1.0,,,,,,,,,,,1.0,1.0,1.0,,,1.0,1.0,1.0,,
SRF,True,0.25,ChIP,100,0,275,False,0.0,0.0,-1.0,0.0,1.0,1.0,1.0,0.0,1.0,1.0,0.0,1.0,,,,,,,,,,,1.0,1.0,1.0,,,1.0,1.0,1.0,,
SRF,True,0.25,TRRUST,100,0,7,False,0.0,0.0,-1.0,0.0,1.0,1.0,1.0,0.0,1.0,1.0,0.0,1.0,,,,,,,,,,,1.0,1.0,1.0,,,1.0,1.0,1.0,,
SRF,True,0.1,ChIP,100,0,275,False,0.0,0.0,-1.0,0.0,1.0,1.0,1.0,0.0,1.0,1.0,0.0,1.0,,,,,,,,,,,1.0,1.0,1.0,,,1.0,1.0,1.0,,
SRF,True,0.1,TRRUST,100,0,7,False,0.0,0.0,-1.0,0.0,1.0,1.0,1.0,0.0,1.0,1.0,0.0,1.0,,,,,,,,,,,1.0,1.0,1.0,,,1.0,1.0,1.0,,
SRF,True,0.05,ChIP,100,0,275,False,0.0,0.0,-1.0,0.0,1.0,1.0,1.0,0.0,1.0,1.0,0.0,1.0,,,,,,,,,,,1.0,1.0,1.0,,,1.0,1.0,1.0,,
SRF,True,0.05,TRRUST,100,0,7,False,0.0,0.0,-1.0,0.0,1.0,1.0,1.0,0.0,1.0,1.0,0.0,1.0,,,,,,,,,,,1.0,1.0,1.0,,,1.0,1.0,1.0,,
SRF,True,0.02,ChIP,100,0,275,False,0.0,0.0,-1.0,0.0,1.0,1.0,1.0,0.0,1.0,1.0,0.0,1.0,,,,,,,,,,,1.0,1.0,1.0,,,1.0,1.0,1.0,,
SRF,True,0.02,TRRUST,100,0,7,False,0.0,0.0,-1.0,0.0,1.0,1.0,1.0,0.0,1.0,1.0,0.0,1.0,,,,,,,,,,,1.0,1.0,1.0,,,1.0,1.0,1.0,,
SRF,True,0.01,ChIP,100,0,275,False,0.0,0.0,-1.0,0.0,1.0,1.0,1.0,0.0,1.0,1.0,0.0,1.0,,,,,,,,,,,1.0,1.0,1.0,,,1.0,1.0,1.0,,
SRF,True,0.01,TRRUST,100,0,7,False,0.0,0.0,-1.0,0.0,1.0,1.0,1.0,0.0,1.0,1.0,0.0,1.0,,,,,,,,,,,1.0,1.0,1.0,,,1.0,1.0,1.0,,
SRF,True,0.0,ChIP,100,4,275,True,4.0,4.0,122.0,4.0,0.056413140961686925,0.0664231731883097,0.0664231731883097,2.0766481661214486,0.05683042608435683,0.05683042608435683,2.1060127785950984,0.001999000499750125,0.001999000499750125,0.0544727636181909,0.0544727636181909,73.0,0.013513513513513514,0.7432432432432432,78.0,291.0,0.26804123711340205,62.0,0.003634546363182045,0.664231731883097,0.5683042608435683,0.9575289575289575,0.4357821089455272,0.003634546363182045,0.664231731883097,0.5683042608435683,0.9575289575289575,0.4357821089455272
SRF,True,0.0,TRRUST,100,4,7,True,0.0,0.0,122.0,0.0,1.0,1.0,1.0,0.07149807501447838,1.0,1.0,0.08400254945507725,1.0,1.0,1.0,1.0,73.0,0.013513513513513514,1.0,55.5,109.0,0.5091743119266054,0.0,1.0,1.0,1.0,1.0,1.0,1.0,1.0,1.0,1.0,1.0
SRSF1,False,0.5,ChIP,100,0,0,False,,,,,,,,,,,,,,,,,,,,,,,,,,,,,,,,
SRSF1,False,0.5,TRRUST,100,0,2,False,0.0,0.0,-1.0,0.0,1.0,1.0,1.0,0.0,1.0,1.0,0.0,1.0,,,,,,,,,,,,,,,,1.0,1.0,1.0,,
SRSF1,False,0.25,ChIP,100,1,0,False,,,,,,,,,,,,,,,,,,,,,,,,,,,,,,,,
SRSF1,False,0.25,TRRUST,100,1,2,True,0.0,0.0,3763.0,0.0,1.0,1.0,1.0,0.008032128514058434,1.0,1.0,0.010416666666675511,1.0,1.0,1.0,1.0,33.0,0.029411764705882353,1.0,55.5,110.0,0.5045454545454545,0.0,,,,,,1.0,1.0,1.0,1.0,1.0
SRSF1,False,0.1,ChIP,100,3,0,False,,,,,,,,,,,,,,,,,,,,,,,,,,,,,,,,
SRSF1,False,0.1,TRRUST,100,3,2,True,0.0,0.0,2834.0,0.0,1.0,1.0,1.0,0.040963864058251497,1.0,1.0,0.04869644730181611,1.0,1.0,1.0,1.0,46.0,0.02127659574468085,1.0,55.5,110.0,0.5045454545454545,0.0,,,,,,1.0,1.0,1.0,1.0,1.0
SRSF1,False,0.05,ChIP,100,4,0,False,,,,,,,,,,,,,,,,,,,,,,,,,,,,,,,,
SRSF1,False,0.05,TRRUST,100,4,2,True,0.0,0.0,1016.0,0.0,1.0,1.0,1.0,0.041986290642415554,1.0,1.0,0.04986800340120481,1.0,1.0,1.0,1.0,52.0,0.018867924528301886,1.0,55.5,110.0,0.5045454545454545,0.0,,,,,,1.0,1.0,1.0,1.0,1.0
SRSF1,False,0.02,ChIP,100,12,0,False,,,,,,,,,,,,,,,,,,,,,,,,,,,,,,,,
SRSF1,False,0.02,TRRUST,100,12,2,True,0.0,0.0,892.0,0.0,1.0,1.0,1.0,0.08691624346356962,1.0,1.0,0.09151314613835865,1.0,1.0,1.0,1.0,56.0,0.017543859649122806,1.0,56.0,110.0,0.509090909090909,1.0,,,,,,1.0,1.0,1.0,1.0,1.0
SRSF1,False,0.01,ChIP,100,47,0,False,,,,,,,,,,,,,,,,,,,,,,,,,,,,,,,,
SRSF1,False,0.01,TRRUST,100,47,2,True,0.0,0.0,133.0,0.0,1.0,1.0,1.0,0.27876768140094627,1.0,1.0,0.28567646765860855,1.0,1.0,1.0,1.0,63.0,0.015625,1.0,57.5,110.0,0.5227272727272727,1.0,,,,,,1.0,1.0,1.0,1.0,1.0
SRSF1,False,0.0,ChIP,100,1174,0,False,,,,,,,,,,,,,,,,,,,,,,,,,,,,,,,,
SRSF1,False,0.0,TRRUST,100,1174,2,True,1.0,0.0,558.0,0.0,1.0,1.0,1.0,1.00955377214717,1.0,1.0,1.0097318335934342,1.0,1.0,1.0,1.0,73.0,0.013513513513513514,1.0,78.0,110.0,0.7090909090909091,0.0,,,,,,1.0,1.0,1.0,1.0,1.0
STAT5A,True,0.5,ChIP,100,0,196,False,0.0,0.0,-1.0,0.0,1.0,1.0,1.0,0.0,1.0,1.0,0.0,1.0,,,,,,,,,,,1.0,1.0,1.0,,,1.0,1.0,1.0,,
STAT5A,True,0.5,TRRUST,100,0,4,False,0.0,0.0,-1.0,0.0,1.0,1.0,1.0,0.0,1.0,1.0,0.0,1.0,,,,,,,,,,,1.0,1.0,1.0,,,1.0,1.0,1.0,,
STAT5A,True,0.25,ChIP,100,0,196,False,0.0,0.0,-1.0,0.0,1.0,1.0,1.0,0.0,1.0,1.0,0.0,1.0,,,,,,,,,,,1.0,1.0,1.0,,,1.0,1.0,1.0,,
STAT5A,True,0.25,TRRUST,100,0,4,False,0.0,0.0,-1.0,0.0,1.0,1.0,1.0,0.0,1.0,1.0,0.0,1.0,,,,,,,,,,,1.0,1.0,1.0,,,1.0,1.0,1.0,,
STAT5A,True,0.1,ChIP,100,0,196,False,0.0,0.0,-1.0,0.0,1.0,1.0,1.0,0.0,1.0,1.0,0.0,1.0,,,,,,,,,,,1.0,1.0,1.0,,,1.0,1.0,1.0,,
STAT5A,True,0.1,TRRUST,100,0,4,False,0.0,0.0,-1.0,0.0,1.0,1.0,1.0,0.0,1.0,1.0,0.0,1.0,,,,,,,,,,,1.0,1.0,1.0,,,1.0,1.0,1.0,,
STAT5A,True,0.05,ChIP,100,0,196,False,0.0,0.0,-1.0,0.0,1.0,1.0,1.0,0.0,1.0,1.0,0.0,1.0,,,,,,,,,,,1.0,1.0,1.0,,,1.0,1.0,1.0,,
STAT5A,True,0.05,TRRUST,100,0,4,False,0.0,0.0,-1.0,0.0,1.0,1.0,1.0,0.0,1.0,1.0,0.0,1.0,,,,,,,,,,,1.0,1.0,1.0,,,1.0,1.0,1.0,,
STAT5A,True,0.02,ChIP,100,0,196,False,0.0,0.0,-1.0,0.0,1.0,1.0,1.0,0.0,1.0,1.0,0.0,1.0,,,,,,,,,,,1.0,1.0,1.0,,,1.0,1.0,1.0,,
STAT5A,True,0.02,TRRUST,100,0,4,False,0.0,0.0,-1.0,0.0,1.0,1.0,1.0,0.0,1.0,1.0,0.0,1.0,,,,,,,,,,,1.0,1.0,1.0,,,1.0,1.0,1.0,,
STAT5A,True,0.01,ChIP,100,0,196,False,0.0,0.0,-1.0,0.0,1.0,1.0,1.0,0.0,1.0,1.0,0.0,1.0,,,,,,,,,,,1.0,1.0,1.0,,,1.0,1.0,1.0,,
STAT5A,True,0.01,TRRUST,100,0,4,False,0.0,0.0,-1.0,0.0,1.0,1.0,1.0,0.0,1.0,1.0,0.0,1.0,,,,,,,,,,,1.0,1.0,1.0,,,1.0,1.0,1.0,,
STAT5A,True,0.0,ChIP,100,1,196,True,0.0,0.0,2146.0,0.0,1.0,1.0,1.0,0.7255750133780778,1.0,1.0,0.7058556636623701,1.0,1.0,1.0,1.0,73.0,0.013513513513513514,1.0,149.0,291.0,0.5120274914089347,0.0,1.0,1.0,1.0,1.0,1.0,1.0,1.0,1.0,1.0,1.0
STAT5A,True,0.0,TRRUST,100,1,4,True,0.0,0.0,2146.0,0.0,1.0,1.0,1.0,0.010767385172367638,1.0,1.0,0.00863597639155922,1.0,1.0,1.0,1.0,73.0,0.013513513513513514,1.0,55.5,110.0,0.5045454545454545,0.0,1.0,1.0,1.0,1.0,1.0,1.0,1.0,1.0,1.0,1.0
SUGP1,False,0.5,ChIP,100,0,0,False,,,,,,,,,,,,,,,,,,,,,,,,,,,,,,,,
SUGP1,False,0.5,TRRUST,100,0,0,False,,,,,,,,,,,,,,,,,,,,,,,,,,,,,,,,
SUGP1,False,0.25,ChIP,100,0,0,False,,,,,,,,,,,,,,,,,,,,,,,,,,,,,,,,
SUGP1,False,0.25,TRRUST,100,0,0,False,,,,,,,,,,,,,,,,,,,,,,,,,,,,,,,,
SUGP1,False,0.1,ChIP,100,0,0,False,,,,,,,,,,,,,,,,,,,,,,,,,,,,,,,,
SUGP1,False,0.1,TRRUST,100,0,0,False,,,,,,,,,,,,,,,,,,,,,,,,,,,,,,,,
SUGP1,False,0.05,ChIP,100,1,0,False,,,,,,,,,,,,,,,,,,,,,,,,,,,,,,,,
SUGP1,False,0.05,TRRUST,100,1,0,False,,,,,,,,,,,,,,,,,,,,,,,,,,,,,,,,
SUGP1,False,0.02,ChIP,100,5,0,False,,,,,,,,,,,,,,,,,,,,,,,,,,,,,,,,
SUGP1,False,0.02,TRRUST,100,5,0,False,,,,,,,,,,,,,,,,,,,,,,,,,,,,,,,,
SUGP1,False,0.01,ChIP,100,18,0,False,,,,,,,,,,,,,,,,,,,,,,,,,,,,,,,,
SUGP1,False,0.01,TRRUST,100,18,0,False,,,,,,,,,,,,,,,,,,,,,,,,,,,,,,,,
SUGP1,False,0.0,ChIP,100,232,0,False,,,,,,,,,,,,,,,,,,,,,,,,,,,,,,,,
SUGP1,False,0.0,TRRUST,100,232,0,False,,,,,,,,,,,,,,,,,,,,,,,,,,,,,,,,
TAF1,False,0.5,ChIP,92,1,0,False,,,,,,,,,,,,,,,,,,,,,,,,,,,,,,,,
TAF1,False,0.5,TRRUST,92,1,2,True,0.0,0.0,4905.0,0.0,1.0,1.0,1.0,0.00277970813065076,1.0,1.0,0.0018903591682486454,1.0,1.0,1.0,1.0,16.0,0.058823529411764705,1.0,55.5,110.0,0.5045454545454545,0.0,,,,,,1.0,1.0,1.0,1.0,1.0
TAF1,False,0.25,ChIP,92,5,0,False,,,,,,,,,,,,,,,,,,,,,,,,,,,,,,,,
TAF1,False,0.25,TRRUST,92,5,2,True,0.0,0.0,1725.0,0.0,1.0,1.0,1.0,0.021559336179206003,1.0,1.0,0.024197044264922713,1.0,1.0,1.0,1.0,33.0,0.029411764705882353,1.0,55.5,110.0,0.5045454545454545,0.0,,,,,,1.0,1.0,1.0,1.0,1.0
TAF1,False,0.1,ChIP,92,11,0,False,,,,,,,,,,,,,,,,,,,,,,,,,,,,,,,,
TAF1,False,0.1,TRRUST,92,11,2,True,0.0,0.0,510.0,0.0,1.0,1.0,1.0,0.04489627854630855,1.0,1.0,0.05044460502718007,1.0,1.0,1.0,1.0,46.0,0.02127659574468085,1.0,57.5,110.0,0.5227272727272727,2.0,,,,,,1.0,1.0,1.0,1.0,1.0
TAF1,False,0.05,ChIP,92,27,0,False,,,,,,,,,,,,,,,,,,,,,,,,,,,,,,,,
TAF1,False,0.05,TRRUST,92,27,2,True,0.0,0.0,295.0,0.0,1.0,1.0,1.0,0.14752007189660357,1.0,1.0,0.1504846359815416,1.0,1.0,1.0,1.0,52.0,0.018867924528301886,1.0,59.0,110.0,0.5363636363636364,3.0,,,,,,1.0,1.0,1.0,1.0,1.0
TAF1,False,0.02,ChIP,92,111,0,False,,,,,,,,,,,,,,,,,,,,,,,,,,,,,,,,
TAF1,False,0.02,TRRUST,92,111,2,True,0.0,0.0,142.0,0.0,1.0,1.0,1.0,0.5297168436361094,1.0,1.0,0.523411326516686,1.0,1.0,1.0,1.0,56.0,0.017543859649122806,1.0,65.0,110.0,0.5909090909090909,4.0,,,,,,1.0,1.0,1.0,1.0,1.0
TAF1,False,0.01,ChIP,92,334,0,False,,,,,,,,,,,,,,,,,,,,,,,,,,,,,,,,
TAF1,False,0.01,TRRUST,92,334,2,True,1.0,0.0,2203.0,0.0,1.0,1.0,1.0,0.8986214622648707,1.0,1.0,0.8994217462102827,1.0,1.0,1.0,1.0,63.0,0.015625,1.0,69.0,110.0,0.6272727272727273,3.0,,,,,,1.0,1.0,1.0,1.0,1.0
TAF1,False,0.0,ChIP,92,3231,0,False,,,,,,,,,,,,,,,,,,,,,,,,,,,,,,,,
TAF1,False,0.0,TRRUST,92,3231,2,True,1.0,0.0,196.0,0.0,1.0,1.0,1.0,1.0342617272001473,1.0,1.0,1.0325013324559105,1.0,1.0,1.0,1.0,73.0,0.013513513513513514,1.0,85.0,110.0,0.7727272727272727,1.0,,,,,,1.0,1.0,1.0,1.0,1.0
TAF5,False,0.5,ChIP,34,1,0,False,,,,,,,,,,,,,,,,,,,,,,,,,,,,,,,,
TAF5,False,0.5,TRRUST,34,1,0,False,,,,,,,,,,,,,,,,,,,,,,,,,,,,,,,,
TAF5,False,0.25,ChIP,34,3,0,False,,,,,,,,,,,,,,,,,,,,,,,,,,,,,,,,
TAF5,False,0.25,TRRUST,34,3,0,False,,,,,,,,,,,,,,,,,,,,,,,,,,,,,,,,
TAF5,False,0.1,ChIP,34,8,0,False,,,,,,,,,,,,,,,,,,,,,,,,,,,,,,,,
TAF5,False,0.1,TRRUST,34,8,0,False,,,,,,,,,,,,,,,,,,,,,,,,,,,,,,,,
TAF5,False,0.05,ChIP,34,20,0,False,,,,,,,,,,,,,,,,,,,,,,,,,,,,,,,,
TAF5,False,0.05,TRRUST,34,20,0,False,,,,,,,,,,,,,,,,,,,,,,,,,,,,,,,,
TAF5,False,0.02,ChIP,34,91,0,False,,,,,,,,,,,,,,,,,,,,,,,,,,,,,,,,
TAF5,False,0.02,TRRUST,34,91,0,False,,,,,,,,,,,,,,,,,,,,,,,,,,,,,,,,
TAF5,False,0.01,ChIP,34,284,0,False,,,,,,,,,,,,,,,,,,,,,,,,,,,,,,,,
TAF5,False,0.01,TRRUST,34,284,0,False,,,,,,,,,,,,,,,,,,,,,,,,,,,,,,,,
TAF5,False,0.0,ChIP,34,1867,0,False,,,,,,,,,,,,,,,,,,,,,,,,,,,,,,,,
TAF5,False,0.0,TRRUST,34,1867,0,False,,,,,,,,,,,,,,,,,,,,,,,,,,,,,,,,
TBP,True,0.5,ChIP,100,0,288,False,0.0,0.0,-1.0,0.0,1.0,1.0,1.0,0.0,1.0,1.0,0.0,1.0,,,,,,,,,,,1.0,1.0,1.0,,,1.0,1.0,1.0,,
TBP,True,0.5,TRRUST,100,0,5,False,0.0,0.0,-1.0,0.0,1.0,1.0,1.0,0.0,1.0,1.0,0.0,1.0,,,,,,,,,,,1.0,1.0,1.0,,,1.0,1.0,1.0,,
TBP,True,0.25,ChIP,100,1,288,True,2.0,2.0,4905.0,1.0,0.2323457792244802,0.3989096723126424,0.3989096723126424,1.3581149761276354,0.39302535727557986,0.39302535727557986,1.3408977799889965,0.0004997501249375312,0.0004997501249375312,0.23238380809595202,0.23238380809595202,33.0,0.029411764705882353,0.5882352941176471,83.0,291.0,0.2852233676975945,3.0,0.003331667499583541,1.0,1.0,1.0,1.0,0.003331667499583541,1.0,1.0,1.0,1.0
TBP,True,0.25,TRRUST,100,1,5,True,0.0,0.0,4905.0,0.0,1.0,1.0,1.0,0.02008032128514503,1.0,1.0,0.02083333333334003,1.0,1.0,1.0,1.0,33.0,0.029411764705882353,1.0,55.0,109.0,0.5045871559633027,0.0,1.0,1.0,1.0,1.0,1.0,1.0,1.0,1.0,1.0,1.0
TBP,True,0.1,ChIP,100,1,288,True,2.0,2.0,4905.0,1.0,0.2323457792244802,0.3989096723126424,0.3989096723126424,1.3581149761276354,0.39302535727557986,0.39302535727557986,1.3408977799889965,0.0009995002498750624,0.0009995002498750624,0.23238380809595202,0.23238380809595202,46.0,0.02127659574468085,0.7872340425531915,83.0,291.0,0.2852233676975945,3.0,0.004997501249375312,1.0,1.0,1.0,1.0,0.004997501249375312,1.0,1.0,1.0,1.0
TBP,True,0.1,TRRUST,100,1,5,True,0.0,0.0,4905.0,0.0,1.0,1.0,1.0,0.02008032128514503,1.0,1.0,0.02083333333334003,1.0,1.0,1.0,1.0,46.0,0.02127659574468085,1.0,55.0,109.0,0.5045871559633027,0.0,1.0,1.0,1.0,1.0,1.0,1.0,1.0,1.0,1.0,1.0
TBP,True,0.05,ChIP,100,4,288,True,3.0,3.0,245.0,2.0,0.2559531487598684,0.3116392295021898,0.3116392295021898,2.142324733868203,0.2765993812045604,0.2765993812045604,2.0525048743073997,0.0004997501249375312,0.0004997501249375312,0.017491254372813594,0.017491254372813594,52.0,0.018867924528301886,0.39622641509433965,37.0,291.0,0.12714776632302405,4.0,0.003331667499583541,1.0,1.0,1.0,0.19240379810094954,0.003331667499583541,1.0,1.0,1.0,0.19240379810094954
TBP,True,0.05,TRRUST,100,4,5,True,0.0,0.0,245.0,0.0,1.0,1.0,1.0,0.04154135675196458,1.0,1.0,0.03446628623836049,1.0,1.0,1.0,1.0,52.0,0.018867924528301886,1.0,55.5,109.0,0.5091743119266054,0.0,1.0,1.0,1.0,1.0,1.0,1.0,1.0,1.0,1.0,1.0
TBP,True,0.02,ChIP,100,8,288,True,3.0,3.0,245.0,3.0,0.4465323097871383,0.4716724584572848,0.4716724584572848,2.5381886537029006,0.44760259693859855,0.44760259693859855,2.4881576469628857,0.0004997501249375312,0.0004997501249375312,0.3193403298350825,0.3193403298350825,56.0,0.017543859649122806,0.7543859649122807,56.0,291.0,0.19243986254295534,0.0,0.0014278574998215175,1.0,1.0,1.0,1.0,0.0014278574998215175,1.0,1.0,1.0,1.0
TBP,True,0.02,TRRUST,100,8,5,True,0.0,0.0,245.0,0.0,1.0,1.0,1.0,0.07984396281988804,1.0,1.0,0.06902326787975828,1.0,1.0,1.0,1.0,56.0,0.017543859649122806,1.0,55.5,109.0,0.5091743119266054,0.0,1.0,1.0,1.0,1.0,1.0,1.0,1.0,1.0,1.0,1.0
TBP,True,0.01,ChIP,100,20,288,True,4.0,4.0,4919.0,7.0,0.22408491813963372,0.23258138983667942,0.23258138983667942,3.0101183927719406,0.24365264669658654,0.24365264669658654,3.037367668307253,0.0004997501249375312,0.0004997501249375312,0.5712143928035982,0.5712143928035982,63.0,0.015625,0.6875,112.0,291.0,0.3848797250859107,33.0,0.001249375312343828,1.0,1.0,1.0,1.0,0.001249375312343828,1.0,1.0,1.0,1.0
TBP,True,0.01,TRRUST,100,20,5,True,1.0,0.0,4527.0,0.0,1.0,1.0,1.0,0.24343477473875308,1.0,1.0,0.2765898115284168,1.0,1.0,1.0,1.0,63.0,0.015625,1.0,60.0,109.0,0.5504587155963303,5.0,1.0,1.0,1.0,1.0,1.0,1.0,1.0,1.0,1.0,1.0
TBP,True,0.0,ChIP,100,186,288,True,5.0,5.0,831.0,43.0,0.37011437182896567,0.28513109734957065,0.28513109734957065,4.22227934653472,0.27491263042623243,0.27491263042623243,4.200194541998364,0.0004997501249375312,0.0004997501249375312,0.512743628185907,0.512743628185907,73.0,0.013513513513513514,0.6081081081081081,74.0,291.0,0.2542955326460481,12.0,0.001999000499750125,1.0,1.0,0.9575289575289575,1.0,0.001999000499750125,1.0,1.0,0.9575289575289575,1.0
TBP,True,0.0,TRRUST,100,186,5,True,1.0,0.0,1274.0,0.0,1.0,1.0,1.0,0.9655818480051538,1.0,1.0,0.9878344773122504,1.0,1.0,1.0,1.0,73.0,0.013513513513513514,1.0,64.5,109.0,0.591743119266055,1.0,1.0,1.0,1.0,1.0,1.0,1.0,1.0,1.0,1.0,1.0
TERF1,True,0.5,ChIP,72,0,177,False,0.0,0.0,-1.0,0.0,1.0,1.0,1.0,0.0,1.0,1.0,0.0,1.0,,,,,,,,,,,1.0,1.0,1.0,,,1.0,1.0,1.0,,
TERF1,True,0.5,TRRUST,72,0,0,False,,,,,,,,,,,,,,,,,,,,,,,,,,,,,,,,
TERF1,True,0.25,ChIP,72,0,177,False,0.0,0.0,-1.0,0.0,1.0,1.0,1.0,0.0,1.0,1.0,0.0,1.0,,,,,,,,,,,1.0,1.0,1.0,,,1.0,1.0,1.0,,
TERF1,True,0.25,TRRUST,72,0,0,False,,,,,,,,,,,,,,,,,,,,,,,,,,,,,,,,
TERF1,True,0.1,ChIP,72,0,177,False,0.0,0.0,-1.0,0.0,1.0,1.0,1.0,0.0,1.0,1.0,0.0,1.0,,,,,,,,,,,1.0,1.0,1.0,,,1.0,1.0,1.0,,
TERF1,True,0.1,TRRUST,72,0,0,False,,,,,,,,,,,,,,,,,,,,,,,,,,,,,,,,
TERF1,True,0.05,ChIP,72,0,177,False,0.0,0.0,-1.0,0.0,1.0,1.0,1.0,0.0,1.0,1.0,0.0,1.0,,,,,,,,,,,1.0,1.0,1.0,,,1.0,1.0,1.0,,
TERF1,True,0.05,TRRUST,72,0,0,False,,,,,,,,,,,,,,,,,,,,,,,,,,,,,,,,
TERF1,True,0.02,ChIP,72,0,177,False,0.0,0.0,-1.0,0.0,1.0,1.0,1.0,0.0,1.0,1.0,0.0,1.0,,,,,,,,,,,1.0,1.0,1.0,,,1.0,1.0,1.0,,
TERF1,True,0.02,TRRUST,72,0,0,False,,,,,,,,,,,,,,,,,,,,,,,,,,,,,,,,
TERF1,True,0.01,ChIP,72,0,177,False,0.0,0.0,-1.0,0.0,1.0,1.0,1.0,0.0,1.0,1.0,0.0,1.0,,,,,,,,,,,1.0,1.0,1.0,,,1.0,1.0,1.0,,
TERF1,True,0.01,TRRUST,72,0,0,False,,,,,,,,,,,,,,,,,,,,,,,,,,,,,,,,
TERF1,True,0.0,ChIP,72,0,177,False,0.0,0.0,-1.0,0.0,1.0,1.0,1.0,0.0,1.0,1.0,0.0,1.0,,,,,,,,,,,1.0,1.0,1.0,,,1.0,1.0,1.0,,
TERF1,True,0.0,TRRUST,72,0,0,False,,,,,,,,,,,,,,,,,,,,,,,,,,,,,,,,
TERF2,True,0.5,ChIP,47,1,160,True,1.0,0.0,3763.0,0.0,1.0,1.0,1.0,1.2559058953261335,1.0,1.0,1.4181417979548725,1.0,1.0,1.0,1.0,16.0,0.058823529411764705,1.0,206.0,291.0,0.7079037800687286,20.0,1.0,1.0,1.0,1.0,1.0,1.0,1.0,1.0,1.0,1.0
TERF2,True,0.5,TRRUST,47,1,0,False,,,,,,,,,,,,,,,,,,,,,,,,,,,,,,,,
TERF2,True,0.25,ChIP,47,1,160,True,1.0,0.0,3763.0,0.0,1.0,1.0,1.0,1.2559058953261335,1.0,1.0,1.4181417979548725,1.0,1.0,1.0,1.0,33.0,0.029411764705882353,1.0,206.0,291.0,0.7079037800687286,20.0,1.0,1.0,1.0,1.0,1.0,1.0,1.0,1.0,1.0,1.0
TERF2,True,0.25,TRRUST,47,1,0,False,,,,,,,,,,,,,,,,,,,,,,,,,,,,,,,,
TERF2,True,0.1,ChIP,47,1,160,True,1.0,0.0,3763.0,0.0,1.0,1.0,1.0,1.2559058953261335,1.0,1.0,1.4181417979548725,1.0,1.0,1.0,1.0,46.0,0.02127659574468085,1.0,206.0,291.0,0.7079037800687286,20.0,1.0,1.0,1.0,1.0,1.0,1.0,1.0,1.0,1.0,1.0
TERF2,True,0.1,TRRUST,47,1,0,False,,,,,,,,,,,,,,,,,,,,,,,,,,,,,,,,
TERF2,True,0.05,ChIP,47,3,160,True,1.0,0.0,1016.0,0.0,1.0,1.0,1.0,1.473487008756421,1.0,1.0,1.6156700373728956,1.0,1.0,1.0,1.0,52.0,0.018867924528301886,1.0,223.5,291.0,0.7680412371134021,26.0,1.0,1.0,1.0,1.0,1.0,1.0,1.0,1.0,1.0,1.0
TERF2,True,0.05,TRRUST,47,3,0,False,,,,,,,,,,,,,,,,,,,,,,,,,,,,,,,,
TERF2,True,0.02,ChIP,47,7,160,True,3.0,3.0,4698.0,1.0,0.09665269602379656,0.22300900261881995,0.22300900261881995,1.9509391027935459,0.2956661590347316,0.2956661590347316,2.136991933417308,0.0004997501249375312,0.0004997501249375312,0.22188905547226387,0.22188905547226387,56.0,0.017543859649122806,0.3684210526315789,82.0,291.0,0.281786941580756,24.0,0.0014278574998215175,1.0,1.0,1.0,1.0,0.0014278574998215175,1.0,1.0,1.0,1.0
TERF2,True,0.02,TRRUST,47,7,0,False,,,,,,,,,,,,,,,,,,,,,,,,,,,,,,,,
TERF2,True,0.01,ChIP,47,21,160,True,3.0,3.0,4698.0,3.0,0.26315829687808834,0.390035288889763,0.390035288889763,2.4080568758841525,0.42274535134546704,0.42274535134546704,2.4704424540230283,0.0004997501249375312,0.0004997501249375312,0.7931034482758621,0.7931034482758621,63.0,0.015625,0.484375,90.0,291.0,0.30927835051546393,16.0,0.001249375312343828,1.0,1.0,1.0,1.0,0.001249375312343828,1.0,1.0,1.0,1.0
TERF2,True,0.01,TRRUST,47,21,0,False,,,,,,,,,,,,,,,,,,,,,,,,,,,,,,,,
TERF2,True,0.0,ChIP,47,250,160,True,4.0,4.0,242.0,24.0,0.2292731921726413,0.36439997729427887,0.36439997729427887,3.389291201087387,0.3553031371601214,0.3553031371601214,3.3762462209072557,0.0004997501249375312,0.0004997501249375312,0.1714142928535732,0.1714142928535732,73.0,0.013513513513513514,0.4864864864864865,60.0,291.0,0.20618556701030927,6.0,0.001999000499750125,1.0,1.0,0.9575289575289575,0.9142095618857238,0.001999000499750125,1.0,1.0,0.9575289575289575,0.9142095618857238
TERF2,True,0.0,TRRUST,47,250,0,False,,,,,,,,,,,,,,,,,,,,,,,,,,,,,,,,
TFDP1,True,0.5,ChIP,100,0,221,False,0.0,0.0,-1.0,0.0,1.0,1.0,1.0,0.0,1.0,1.0,0.0,1.0,,,,,,,,,,,1.0,1.0,1.0,,,1.0,1.0,1.0,,
TFDP1,True,0.5,TRRUST,100,0,6,False,0.0,0.0,-1.0,0.0,1.0,1.0,1.0,0.0,1.0,1.0,0.0,1.0,,,,,,,,,,,1.0,1.0,1.0,,,1.0,1.0,1.0,,
TFDP1,True,0.25,ChIP,100,0,221,False,0.0,0.0,-1.0,0.0,1.0,1.0,1.0,0.0,1.0,1.0,0.0,1.0,,,,,,,,,,,1.0,1.0,1.0,,,1.0,1.0,1.0,,
TFDP1,True,0.25,TRRUST,100,0,6,False,0.0,0.0,-1.0,0.0,1.0,1.0,1.0,0.0,1.0,1.0,0.0,1.0,,,,,,,,,,,1.0,1.0,1.0,,,1.0,1.0,1.0,,
TFDP1,True,0.1,ChIP,100,0,221,False,0.0,0.0,-1.0,0.0,1.0,1.0,1.0,0.0,1.0,1.0,0.0,1.0,,,,,,,,,,,1.0,1.0,1.0,,,1.0,1.0,1.0,,
TFDP1,True,0.1,TRRUST,100,0,6,False,0.0,0.0,-1.0,0.0,1.0,1.0,1.0,0.0,1.0,1.0,0.0,1.0,,,,,,,,,,,1.0,1.0,1.0,,,1.0,1.0,1.0,,
TFDP1,True,0.05,ChIP,100,4,221,True,1.0,0.0,245.0,0.0,1.0,1.0,1.0,1.3293746391080414,1.0,1.0,1.2874205582657527,1.0,1.0,1.0,1.0,52.0,0.018867924528301886,1.0,168.0,291.0,0.5773195876288659,5.0,1.0,1.0,1.0,1.0,1.0,1.0,1.0,1.0,1.0,1.0
TFDP1,True,0.05,TRRUST,100,4,6,True,0.0,0.0,245.0,0.0,1.0,1.0,1.0,0.009574451834661246,1.0,1.0,0.00804240736777128,1.0,1.0,1.0,1.0,52.0,0.018867924528301886,1.0,55.5,109.0,0.5091743119266054,0.0,1.0,1.0,1.0,1.0,1.0,1.0,1.0,1.0,1.0,1.0
TFDP1,True,0.02,ChIP,100,4,221,True,1.0,0.0,245.0,0.0,1.0,1.0,1.0,1.3293746391080414,1.0,1.0,1.2874205582657527,1.0,1.0,1.0,1.0,56.0,0.017543859649122806,1.0,168.0,291.0,0.5773195876288659,5.0,1.0,1.0,1.0,1.0,1.0,1.0,1.0,1.0,1.0,1.0
TFDP1,True,0.02,TRRUST,100,4,6,True,0.0,0.0,245.0,0.0,1.0,1.0,1.0,0.009574451834661246,1.0,1.0,0.00804240736777128,1.0,1.0,1.0,1.0,56.0,0.017543859649122806,1.0,55.5,109.0,0.5091743119266054,0.0,1.0,1.0,1.0,1.0,1.0,1.0,1.0,1.0,1.0,1.0
TFDP1,True,0.01,ChIP,100,36,221,True,3.0,3.0,443.0,2.0,0.6443280695150211,0.6012235344868943,0.6012235344868943,2.729249258370009,0.6053919823308247,0.6053919823308247,2.7363712629450503,0.0004997501249375312,0.0004997501249375312,0.8825587206396801,0.8825587206396801,63.0,0.015625,0.65625,65.0,291.0,0.22336769759450173,1.0,0.001249375312343828,1.0,1.0,1.0,1.0,0.001249375312343828,1.0,1.0,1.0,1.0
TFDP1,True,0.01,TRRUST,100,36,6,True,0.0,0.0,224.0,0.0,1.0,1.0,1.0,0.32737141811356435,1.0,1.0,0.3292446303057265,1.0,1.0,1.0,1.0,63.0,0.015625,1.0,56.5,109.0,0.518348623853211,1.0,1.0,1.0,1.0,1.0,1.0,1.0,1.0,1.0,1.0,1.0
TFDP1,True,0.0,ChIP,100,725,221,True,4.0,4.0,1428.0,87.0,0.921946805255465,0.9562093612409016,0.9562093612409016,4.286249834155735,0.9581557387434931,0.9581557387434931,4.292564614940437,0.001999000499750125,0.001999000499750125,0.9560219890054973,0.9560219890054973,73.0,0.013513513513513514,0.6351351351351351,213.0,291.0,0.7319587628865979,1.0,0.003634546363182045,1.0,1.0,0.9575289575289575,1.0,0.003634546363182045,1.0,1.0,0.9575289575289575,1.0
TFDP1,True,0.0,TRRUST,100,725,6,True,2.0,2.0,2884.0,1.0,0.14711850649951208,0.10651088951541707,0.10651088951541707,1.1071856668041364,0.10699350984950379,0.10699350984950379,1.1076824332292057,0.0004997501249375312,0.0004997501249375312,0.26636681659170414,0.26636681659170414,73.0,0.013513513513513514,0.14864864864864866,4.0,109.0,0.03669724770642202,0.0,0.006496751624187906,1.0,1.0,1.0,1.0,0.014492753623188406,1.0,1.0,1.0,1.0
THAP1,True,0.5,ChIP,100,0,228,False,0.0,0.0,-1.0,0.0,1.0,1.0,1.0,0.0,1.0,1.0,0.0,1.0,,,,,,,,,,,1.0,1.0,1.0,,,1.0,1.0,1.0,,
THAP1,True,0.5,TRRUST,100,0,0,False,,,,,,,,,,,,,,,,,,,,,,,,,,,,,,,,
THAP1,True,0.25,ChIP,100,1,228,True,1.0,0.0,3763.0,0.0,1.0,1.0,1.0,0.684847525546931,1.0,1.0,0.7083027064213957,1.0,1.0,1.0,1.0,33.0,0.029411764705882353,1.0,206.0,291.0,0.7079037800687286,20.0,1.0,1.0,1.0,1.0,1.0,1.0,1.0,1.0,1.0,1.0
THAP1,True,0.25,TRRUST,100,1,0,False,,,,,,,,,,,,,,,,,,,,,,,,,,,,,,,,
THAP1,True,0.1,ChIP,100,3,228,True,3.0,3.0,1725.0,2.0,0.09713984926752162,0.10564088261925537,0.10564088261925537,1.455290468141693,0.11182709862166026,0.11182709862166026,1.481374210090576,0.0004997501249375312,0.0004997501249375312,0.49775112443778113,0.49775112443778113,46.0,0.02127659574468085,0.46808510638297873,30.0,291.0,0.10309278350515463,11.0,0.003331667499583541,1.0,1.0,1.0,1.0,0.003331667499583541,1.0,1.0,1.0,1.0
THAP1,True,0.1,TRRUST,100,3,0,False,,,,,,,,,,,,,,,,,,,,,,,,,,,,,,,,
THAP1,True,0.05,ChIP,100,6,228,True,3.0,3.0,1725.0,2.0,0.1848951721275468,0.2000084630832088,0.2000084630832088,1.9022853400087507,0.20201511557092108,0.20201511557092108,1.9077422730222442,0.0009995002498750624,0.0009995002498750624,0.7906046976511744,0.7906046976511744,52.0,0.018867924528301886,0.41509433962264153,40.0,291.0,0.13745704467353953,9.0,0.004997501249375312,1.0,1.0,1.0,1.0,0.004997501249375312,1.0,1.0,1.0,1.0
THAP1,True,0.05,TRRUST,100,6,0,False,,,,,,,,,,,,,,,,,,,,,,,,,,,,,,,,
THAP1,True,0.02,ChIP,100,18,228,True,3.0,3.0,1725.0,5.0,0.45885997678754153,0.4746024592925687,0.4746024592925687,2.5413345495098913,0.4778941608168384,0.4778941608168384,2.5467501133742925,0.0009995002498750624,0.0009995002498750624,0.9315342328835582,0.9315342328835582,56.0,0.017543859649122806,0.40350877192982454,111.0,291.0,0.38144329896907214,10.0,0.002498750624687656,1.0,1.0,1.0,1.0,0.002498750624687656,1.0,1.0,1.0,1.0
THAP1,True,0.02,TRRUST,100,18,0,False,,,,,,,,,,,,,,,,,,,,,,,,,,,,,,,,
THAP1,True,0.01,ChIP,100,93,228,True,3.0,3.0,1095.0,15.0,0.9591407924502166,0.9630725880512436,0.9630725880512436,3.4162560249820384,0.9637492810905451,0.9637492810905451,3.420566938241663,0.0009995002498750624,0.0009995002498750624,0.9970014992503748,0.9970014992503748,63.0,0.015625,0.65625,248.0,291.0,0.852233676975945,8.0,0.001999000499750125,1.0,1.0,1.0,1.0,0.001999000499750125,1.0,1.0,1.0,1.0
THAP1,True,0.01,TRRUST,100,93,0,False,,,,,,,,,,,,,,,,,,,,,,,,,,,,,,,,
THAP1,True,0.0,ChIP,100,1492,228,True,4.0,4.0,1128.0,222.0,0.9985037217412976,0.9995679568530447,0.9995679568530447,4.674264109047882,0.9995479872853981,0.9995479872853981,4.671540219316395,0.0014992503748125937,0.0014992503748125937,0.9995002498750625,0.9995002498750625,73.0,0.013513513513513514,0.581081081081081,277.0,291.0,0.9518900343642611,1.0,0.0033316674995835416,1.0,1.0,0.9575289575289575,1.0,0.0033316674995835416,1.0,1.0,0.9575289575289575,1.0
THAP1,True,0.0,TRRUST,100,1492,0,False,,,,,,,,,,,,,,,,,,,,,,,,,,,,,,,,
THAP11,True,0.5,ChIP,60,0,197,False,0.0,0.0,-1.0,0.0,1.0,1.0,1.0,0.0,1.0,1.0,0.0,1.0,,,,,,,,,,,1.0,1.0,1.0,,,1.0,1.0,1.0,,
THAP11,True,0.5,TRRUST,60,0,0,False,,,,,,,,,,,,,,,,,,,,,,,,,,,,,,,,
THAP11,True,0.25,ChIP,60,0,197,False,0.0,0.0,-1.0,0.0,1.0,1.0,1.0,0.0,1.0,1.0,0.0,1.0,,,,,,,,,,,1.0,1.0,1.0,,,1.0,1.0,1.0,,
THAP11,True,0.25,TRRUST,60,0,0,False,,,,,,,,,,,,,,,,,,,,,,,,,,,,,,,,
THAP11,True,0.1,ChIP,60,0,197,False,0.0,0.0,-1.0,0.0,1.0,1.0,1.0,0.0,1.0,1.0,0.0,1.0,,,,,,,,,,,1.0,1.0,1.0,,,1.0,1.0,1.0,,
THAP11,True,0.1,TRRUST,60,0,0,False,,,,,,,,,,,,,,,,,,,,,,,,,,,,,,,,
THAP11,True,0.05,ChIP,60,0,197,False,0.0,0.0,-1.0,0.0,1.0,1.0,1.0,0.0,1.0,1.0,0.0,1.0,,,,,,,,,,,1.0,1.0,1.0,,,1.0,1.0,1.0,,
THAP11,True,0.05,TRRUST,60,0,0,False,,,,,,,,,,,,,,,,,,,,,,,,,,,,,,,,
THAP11,True,0.02,ChIP,60,0,197,False,0.0,0.0,-1.0,0.0,1.0,1.0,1.0,0.0,1.0,1.0,0.0,1.0,,,,,,,,,,,1.0,1.0,1.0,,,1.0,1.0,1.0,,
THAP11,True,0.02,TRRUST,60,0,0,False,,,,,,,,,,,,,,,,,,,,,,,,,,,,,,,,
THAP11,True,0.01,ChIP,60,1,197,True,1.0,0.0,3336.0,0.0,1.0,1.0,1.0,0.595650811958329,1.0,1.0,0.5843540906986623,1.0,1.0,1.0,1.0,63.0,0.015625,1.0,159.0,291.0,0.5463917525773195,2.0,1.0,1.0,1.0,1.0,1.0,1.0,1.0,1.0,1.0,1.0
THAP11,True,0.01,TRRUST,60,1,0,False,,,,,,,,,,,,,,,,,,,,,,,,,,,,,,,,
THAP11,True,0.0,ChIP,60,1,197,True,1.0,0.0,3336.0,0.0,1.0,1.0,1.0,0.595650811958329,1.0,1.0,0.5843540906986623,1.0,1.0,1.0,1.0,73.0,0.013513513513513514,1.0,159.0,291.0,0.5463917525773195,2.0,1.0,1.0,1.0,1.0,1.0,1.0,1.0,1.0,1.0,1.0
THAP11,True,0.0,TRRUST,60,1,0,False,,,,,,,,,,,,,,,,,,,,,,,,,,,,,,,,
TRRAP,False,0.5,ChIP,100,0,0,False,,,,,,,,,,,,,,,,,,,,,,,,,,,,,,,,
TRRAP,False,0.5,TRRUST,100,0,0,False,,,,,,,,,,,,,,,,,,,,,,,,,,,,,,,,
TRRAP,False,0.25,ChIP,100,1,0,False,,,,,,,,,,,,,,,,,,,,,,,,,,,,,,,,
TRRAP,False,0.25,TRRUST,100,1,0,False,,,,,,,,,,,,,,,,,,,,,,,,,,,,,,,,
TRRAP,False,0.1,ChIP,100,3,0,False,,,,,,,,,,,,,,,,,,,,,,,,,,,,,,,,
TRRAP,False,0.1,TRRUST,100,3,0,False,,,,,,,,,,,,,,,,,,,,,,,,,,,,,,,,
TRRAP,False,0.05,ChIP,100,9,0,False,,,,,,,,,,,,,,,,,,,,,,,,,,,,,,,,
TRRAP,False,0.05,TRRUST,100,9,0,False,,,,,,,,,,,,,,,,,,,,,,,,,,,,,,,,
TRRAP,False,0.02,ChIP,100,19,0,False,,,,,,,,,,,,,,,,,,,,,,,,,,,,,,,,
TRRAP,False,0.02,TRRUST,100,19,0,False,,,,,,,,,,,,,,,,,,,,,,,,,,,,,,,,
TRRAP,False,0.01,ChIP,100,65,0,False,,,,,,,,,,,,,,,,,,,,,,,,,,,,,,,,
TRRAP,False,0.01,TRRUST,100,65,0,False,,,,,,,,,,,,,,,,,,,,,,,,,,,,,,,,
TRRAP,False,0.0,ChIP,100,1533,0,False,,,,,,,,,,,,,,,,,,,,,,,,,,,,,,,,
TRRAP,False,0.0,TRRUST,100,1533,0,False,,,,,,,,,,,,,,,,,,,,,,,,,,,,,,,,
TSG101,False,0.5,ChIP,83,2,0,False,,,,,,,,,,,,,,,,,,,,,,,,,,,,,,,,
TSG101,False,0.5,TRRUST,83,2,1,True,0.0,0.0,2665.0,0.0,1.0,1.0,1.0,0.0055516894840054965,1.0,1.0,0.0039062500000111005,1.0,1.0,1.0,1.0,16.0,0.058823529411764705,1.0,55.5,110.0,0.5045454545454545,0.0,,,,,,1.0,1.0,1.0,1.0,1.0
TSG101,False,0.25,ChIP,83,2,0,False,,,,,,,,,,,,,,,,,,,,,,,,,,,,,,,,
TSG101,False,0.25,TRRUST,83,2,1,True,0.0,0.0,2665.0,0.0,1.0,1.0,1.0,0.0055516894840054965,1.0,1.0,0.0039062500000111005,1.0,1.0,1.0,1.0,33.0,0.029411764705882353,1.0,55.5,110.0,0.5045454545454545,0.0,,,,,,1.0,1.0,1.0,1.0,1.0
TSG101,False,0.1,ChIP,83,3,0,False,,,,,,,,,,,,,,,,,,,,,,,,,,,,,,,,
TSG101,False,0.1,TRRUST,83,3,1,True,0.0,0.0,1725.0,0.0,1.0,1.0,1.0,0.008315965538258752,1.0,1.0,0.00390625000001776,1.0,1.0,1.0,1.0,46.0,0.02127659574468085,1.0,55.5,110.0,0.5045454545454545,0.0,,,,,,1.0,1.0,1.0,1.0,1.0
TSG101,False,0.05,ChIP,83,7,0,False,,,,,,,,,,,,,,,,,,,,,,,,,,,,,,,,
TSG101,False,0.05,TRRUST,83,7,1,True,0.0,0.0,245.0,0.0,1.0,1.0,1.0,0.025440056840332625,1.0,1.0,0.021313345846282375,1.0,1.0,1.0,1.0,52.0,0.018867924528301886,1.0,56.0,110.0,0.509090909090909,0.0,,,,,,1.0,1.0,1.0,1.0,1.0
TSG101,False,0.02,ChIP,83,17,0,False,,,,,,,,,,,,,,,,,,,,,,,,,,,,,,,,
TSG101,False,0.02,TRRUST,83,17,1,True,0.0,0.0,245.0,0.0,1.0,1.0,1.0,0.05616945961725007,1.0,1.0,0.05706194394043881,1.0,1.0,1.0,1.0,56.0,0.017543859649122806,1.0,56.0,110.0,0.509090909090909,0.0,,,,,,1.0,1.0,1.0,1.0,1.0
TSG101,False,0.01,ChIP,83,79,0,False,,,,,,,,,,,,,,,,,,,,,,,,,,,,,,,,
TSG101,False,0.01,TRRUST,83,79,1,True,0.0,0.0,51.0,0.0,1.0,1.0,1.0,0.24631265334903046,1.0,1.0,0.24577636227660973,1.0,1.0,1.0,1.0,63.0,0.015625,1.0,60.5,110.0,0.55,2.0,,,,,,1.0,1.0,1.0,1.0,1.0
TSG101,False,0.0,ChIP,83,1456,0,False,,,,,,,,,,,,,,,,,,,,,,,,,,,,,,,,
TSG101,False,0.0,TRRUST,83,1456,1,True,1.0,0.0,175.0,0.0,1.0,1.0,1.0,0.9923981545699807,1.0,1.0,0.9922110230933637,1.0,1.0,1.0,1.0,73.0,0.013513513513513514,1.0,77.5,110.0,0.7045454545454546,2.0,,,,,,1.0,1.0,1.0,1.0,1.0
TTF2,False,0.5,ChIP,65,0,0,False,,,,,,,,,,,,,,,,,,,,,,,,,,,,,,,,
TTF2,False,0.5,TRRUST,65,0,1,False,0.0,0.0,-1.0,0.0,1.0,1.0,1.0,0.0,1.0,1.0,0.0,1.0,,,,,,,,,,,,,,,,1.0,1.0,1.0,,
TTF2,False,0.25,ChIP,65,0,0,False,,,,,,,,,,,,,,,,,,,,,,,,,,,,,,,,
TTF2,False,0.25,TRRUST,65,0,1,False,0.0,0.0,-1.0,0.0,1.0,1.0,1.0,0.0,1.0,1.0,0.0,1.0,,,,,,,,,,,,,,,,1.0,1.0,1.0,,
TTF2,False,0.1,ChIP,65,2,0,False,,,,,,,,,,,,,,,,,,,,,,,,,,,,,,,,
TTF2,False,0.1,TRRUST,65,2,1,True,0.0,0.0,295.0,0.0,1.0,1.0,1.0,0.008323670837366784,1.0,1.0,0.0075507162996241665,1.0,1.0,1.0,1.0,46.0,0.02127659574468085,1.0,55.5,110.0,0.5045454545454545,0.0,,,,,,1.0,1.0,1.0,1.0,1.0
TTF2,False,0.05,ChIP,65,2,0,False,,,,,,,,,,,,,,,,,,,,,,,,,,,,,,,,
TTF2,False,0.05,TRRUST,65,2,1,True,0.0,0.0,295.0,0.0,1.0,1.0,1.0,0.008323670837366784,1.0,1.0,0.0075507162996241665,1.0,1.0,1.0,1.0,52.0,0.018867924528301886,1.0,55.5,110.0,0.5045454545454545,0.0,,,,,,1.0,1.0,1.0,1.0,1.0
TTF2,False,0.02,ChIP,65,2,0,False,,,,,,,,,,,,,,,,,,,,,,,,,,,,,,,,
TTF2,False,0.02,TRRUST,65,2,1,True,0.0,0.0,295.0,0.0,1.0,1.0,1.0,0.008323670837366784,1.0,1.0,0.0075507162996241665,1.0,1.0,1.0,1.0,56.0,0.017543859649122806,1.0,55.5,110.0,0.5045454545454545,0.0,,,,,,1.0,1.0,1.0,1.0,1.0
TTF2,False,0.01,ChIP,65,11,0,False,,,,,,,,,,,,,,,,,,,,,,,,,,,,,,,,
TTF2,False,0.01,TRRUST,65,11,1,True,0.0,0.0,276.0,0.0,1.0,1.0,1.0,0.03221160330602202,1.0,1.0,0.03174893551687772,1.0,1.0,1.0,1.0,63.0,0.015625,1.0,55.5,110.0,0.5045454545454545,0.0,,,,,,1.0,1.0,1.0,1.0,1.0
TTF2,False,0.0,ChIP,65,111,0,False,,,,,,,,,,,,,,,,,,,,,,,,,,,,,,,,
TTF2,False,0.0,TRRUST,65,111,1,True,0.0,0.0,6.0,0.0,1.0,1.0,1.0,0.3290850072363722,1.0,1.0,0.305082044134059,1.0,1.0,1.0,1.0,73.0,0.013513513513513514,1.0,60.0,110.0,0.5454545454545454,0.0,,,,,,1.0,1.0,1.0,1.0,1.0
UPF1,False,0.5,ChIP,100,0,0,False,,,,,,,,,,,,,,,,,,,,,,,,,,,,,,,,
UPF1,False,0.5,TRRUST,100,0,2,False,0.0,0.0,-1.0,0.0,1.0,1.0,1.0,0.0,1.0,1.0,0.0,1.0,,,,,,,,,,,,,,,,1.0,1.0,1.0,,
UPF1,False,0.25,ChIP,100,0,0,False,,,,,,,,,,,,,,,,,,,,,,,,,,,,,,,,
UPF1,False,0.25,TRRUST,100,0,2,False,0.0,0.0,-1.0,0.0,1.0,1.0,1.0,0.0,1.0,1.0,0.0,1.0,,,,,,,,,,,,,,,,1.0,1.0,1.0,,
UPF1,False,0.1,ChIP,100,0,0,False,,,,,,,,,,,,,,,,,,,,,,,,,,,,,,,,
UPF1,False,0.1,TRRUST,100,0,2,False,0.0,0.0,-1.0,0.0,1.0,1.0,1.0,0.0,1.0,1.0,0.0,1.0,,,,,,,,,,,,,,,,1.0,1.0,1.0,,
UPF1,False,0.05,ChIP,100,1,0,False,,,,,,,,,,,,,,,,,,,,,,,,,,,,,,,,
UPF1,False,0.05,TRRUST,100,1,2,True,0.0,0.0,2665.0,0.0,1.0,1.0,1.0,2.2204460492503127e-15,1.0,1.0,4.440892098500626e-15,1.0,1.0,1.0,1.0,52.0,0.018867924528301886,1.0,55.5,110.0,0.5045454545454545,0.0,,,,,,1.0,1.0,1.0,1.0,1.0
UPF1,False,0.02,ChIP,100,6,0,False,,,,,,,,,,,,,,,,,,,,,,,,,,,,,,,,
UPF1,False,0.02,TRRUST,100,6,2,True,0.0,0.0,1016.0,0.0,1.0,1.0,1.0,0.021944370982222055,1.0,1.0,0.024653008921132834,1.0,1.0,1.0,1.0,56.0,0.017543859649122806,1.0,56.0,110.0,0.509090909090909,0.0,,,,,,1.0,1.0,1.0,1.0,1.0
UPF1,False,0.01,ChIP,100,22,0,False,,,,,,,,,,,,,,,,,,,,,,,,,,,,,,,,
UPF1,False,0.01,TRRUST,100,22,2,True,0.0,0.0,51.0,0.0,1.0,1.0,1.0,0.1000594972770783,1.0,1.0,0.10917054101789234,1.0,1.0,1.0,1.0,63.0,0.015625,1.0,56.5,110.0,0.5136363636363637,0.0,,,,,,1.0,1.0,1.0,1.0,1.0
UPF1,False,0.0,ChIP,100,672,0,False,,,,,,,,,,,,,,,,,,,,,,,,,,,,,,,,
UPF1,False,0.0,TRRUST,100,672,2,True,1.0,0.0,2693.0,0.0,1.0,1.0,1.0,0.9902182071962381,1.0,1.0,0.9910080736070264,1.0,1.0,1.0,1.0,73.0,0.013513513513513514,1.0,70.5,110.0,0.6409090909090909,1.0,,,,,,1.0,1.0,1.0,1.0,1.0
UPF2,False,0.5,ChIP,100,0,0,False,,,,,,,,,,,,,,,,,,,,,,,,,,,,,,,,
UPF2,False,0.5,TRRUST,100,0,1,False,0.0,0.0,-1.0,0.0,1.0,1.0,1.0,0.0,1.0,1.0,0.0,1.0,,,,,,,,,,,,,,,,1.0,1.0,1.0,,
UPF2,False,0.25,ChIP,100,1,0,False,,,,,,,,,,,,,,,,,,,,,,,,,,,,,,,,
UPF2,False,0.25,TRRUST,100,1,1,True,0.0,0.0,3763.0,0.0,1.0,1.0,1.0,2.2204460492503127e-15,1.0,1.0,6.661338147750939e-15,1.0,1.0,1.0,1.0,33.0,0.029411764705882353,1.0,55.5,110.0,0.5045454545454545,0.0,,,,,,1.0,1.0,1.0,1.0,1.0
UPF2,False,0.1,ChIP,100,1,0,False,,,,,,,,,,,,,,,,,,,,,,,,,,,,,,,,
UPF2,False,0.1,TRRUST,100,1,1,True,0.0,0.0,3763.0,0.0,1.0,1.0,1.0,2.2204460492503127e-15,1.0,1.0,6.661338147750939e-15,1.0,1.0,1.0,1.0,46.0,0.02127659574468085,1.0,55.5,110.0,0.5045454545454545,0.0,,,,,,1.0,1.0,1.0,1.0,1.0
UPF2,False,0.05,ChIP,100,1,0,False,,,,,,,,,,,,,,,,,,,,,,,,,,,,,,,,
UPF2,False,0.05,TRRUST,100,1,1,True,0.0,0.0,3763.0,0.0,1.0,1.0,1.0,2.2204460492503127e-15,1.0,1.0,6.661338147750939e-15,1.0,1.0,1.0,1.0,52.0,0.018867924528301886,1.0,55.5,110.0,0.5045454545454545,0.0,,,,,,1.0,1.0,1.0,1.0,1.0
UPF2,False,0.02,ChIP,100,3,0,False,,,,,,,,,,,,,,,,,,,,,,,,,,,,,,,,
UPF2,False,0.02,TRRUST,100,3,1,True,0.0,0.0,2331.0,0.0,1.0,1.0,1.0,0.002132196162058064,1.0,1.0,0.0014492753623344115,1.0,1.0,1.0,1.0,56.0,0.017543859649122806,1.0,55.5,110.0,0.5045454545454545,0.0,,,,,,1.0,1.0,1.0,1.0,1.0
UPF2,False,0.01,ChIP,100,15,0,False,,,,,,,,,,,,,,,,,,,,,,,,,,,,,,,,
UPF2,False,0.01,TRRUST,100,15,1,True,0.0,0.0,892.0,0.0,1.0,1.0,1.0,0.02581327642547032,1.0,1.0,0.02437672324864566,1.0,1.0,1.0,1.0,63.0,0.015625,1.0,56.5,110.0,0.5136363636363637,1.0,,,,,,1.0,1.0,1.0,1.0,1.0
UPF2,False,0.0,ChIP,100,494,0,False,,,,,,,,,,,,,,,,,,,,,,,,,,,,,,,,
UPF2,False,0.0,TRRUST,100,494,1,True,1.0,0.0,3826.0,0.0,1.0,1.0,1.0,0.7825675432145495,1.0,1.0,0.7530956571258578,1.0,1.0,1.0,1.0,73.0,0.013513513513513514,1.0,69.0,110.0,0.6272727272727273,2.0,,,,,,1.0,1.0,1.0,1.0,1.0
URI1,False,0.5,ChIP,74,0,0,False,,,,,,,,,,,,,,,,,,,,,,,,,,,,,,,,
URI1,False,0.5,TRRUST,74,0,0,False,,,,,,,,,,,,,,,,,,,,,,,,,,,,,,,,
URI1,False,0.25,ChIP,74,0,0,False,,,,,,,,,,,,,,,,,,,,,,,,,,,,,,,,
URI1,False,0.25,TRRUST,74,0,0,False,,,,,,,,,,,,,,,,,,,,,,,,,,,,,,,,
URI1,False,0.1,ChIP,74,2,0,False,,,,,,,,,,,,,,,,,,,,,,,,,,,,,,,,
URI1,False,0.1,TRRUST,74,2,0,False,,,,,,,,,,,,,,,,,,,,,,,,,,,,,,,,
URI1,False,0.05,ChIP,74,4,0,False,,,,,,,,,,,,,,,,,,,,,,,,,,,,,,,,
URI1,False,0.05,TRRUST,74,4,0,False,,,,,,,,,,,,,,,,,,,,,,,,,,,,,,,,
URI1,False,0.02,ChIP,74,10,0,False,,,,,,,,,,,,,,,,,,,,,,,,,,,,,,,,
URI1,False,0.02,TRRUST,74,10,0,False,,,,,,,,,,,,,,,,,,,,,,,,,,,,,,,,
URI1,False,0.01,ChIP,74,39,0,False,,,,,,,,,,,,,,,,,,,,,,,,,,,,,,,,
URI1,False,0.01,TRRUST,74,39,0,False,,,,,,,,,,,,,,,,,,,,,,,,,,,,,,,,
URI1,False,0.0,ChIP,74,510,0,False,,,,,,,,,,,,,,,,,,,,,,,,,,,,,,,,
URI1,False,0.0,TRRUST,74,510,0,False,,,,,,,,,,,,,,,,,,,,,,,,,,,,,,,,
VHL,False,0.5,ChIP,100,0,0,False,,,,,,,,,,,,,,,,,,,,,,,,,,,,,,,,
VHL,False,0.5,TRRUST,100,0,4,False,0.0,0.0,-1.0,0.0,1.0,1.0,1.0,0.0,1.0,1.0,0.0,1.0,,,,,,,,,,,,,,,,1.0,1.0,1.0,,
VHL,False,0.25,ChIP,100,0,0,False,,,,,,,,,,,,,,,,,,,,,,,,,,,,,,,,
VHL,False,0.25,TRRUST,100,0,4,False,0.0,0.0,-1.0,0.0,1.0,1.0,1.0,0.0,1.0,1.0,0.0,1.0,,,,,,,,,,,,,,,,1.0,1.0,1.0,,
VHL,False,0.1,ChIP,100,0,0,False,,,,,,,,,,,,,,,,,,,,,,,,,,,,,,,,
VHL,False,0.1,TRRUST,100,0,4,False,0.0,0.0,-1.0,0.0,1.0,1.0,1.0,0.0,1.0,1.0,0.0,1.0,,,,,,,,,,,,,,,,1.0,1.0,1.0,,
VHL,False,0.05,ChIP,100,0,0,False,,,,,,,,,,,,,,,,,,,,,,,,,,,,,,,,
VHL,False,0.05,TRRUST,100,0,4,False,0.0,0.0,-1.0,0.0,1.0,1.0,1.0,0.0,1.0,1.0,0.0,1.0,,,,,,,,,,,,,,,,1.0,1.0,1.0,,
VHL,False,0.02,ChIP,100,0,0,False,,,,,,,,,,,,,,,,,,,,,,,,,,,,,,,,
VHL,False,0.02,TRRUST,100,0,4,False,0.0,0.0,-1.0,0.0,1.0,1.0,1.0,0.0,1.0,1.0,0.0,1.0,,,,,,,,,,,,,,,,1.0,1.0,1.0,,
VHL,False,0.01,ChIP,100,0,0,False,,,,,,,,,,,,,,,,,,,,,,,,,,,,,,,,
VHL,False,0.01,TRRUST,100,0,4,False,0.0,0.0,-1.0,0.0,1.0,1.0,1.0,0.0,1.0,1.0,0.0,1.0,,,,,,,,,,,,,,,,1.0,1.0,1.0,,
VHL,False,0.0,ChIP,100,0,0,False,,,,,,,,,,,,,,,,,,,,,,,,,,,,,,,,
VHL,False,0.0,TRRUST,100,0,4,False,0.0,0.0,-1.0,0.0,1.0,1.0,1.0,0.0,1.0,1.0,0.0,1.0,,,,,,,,,,,,,,,,1.0,1.0,1.0,,
WDR5,False,0.5,ChIP,75,0,0,False,,,,,,,,,,,,,,,,,,,,,,,,,,,,,,,,
WDR5,False,0.5,TRRUST,75,0,1,False,0.0,0.0,-1.0,0.0,1.0,1.0,1.0,0.0,1.0,1.0,0.0,1.0,,,,,,,,,,,,,,,,1.0,1.0,1.0,,
WDR5,False,0.25,ChIP,75,1,0,False,,,,,,,,,,,,,,,,,,,,,,,,,,,,,,,,
WDR5,False,0.25,TRRUST,75,1,1,True,0.0,0.0,4905.0,0.0,1.0,1.0,1.0,4.440892098500626e-15,1.0,1.0,6.661338147750939e-15,1.0,1.0,1.0,1.0,33.0,0.029411764705882353,1.0,55.5,110.0,0.5045454545454545,0.0,,,,,,1.0,1.0,1.0,1.0,1.0
WDR5,False,0.1,ChIP,75,1,0,False,,,,,,,,,,,,,,,,,,,,,,,,,,,,,,,,
WDR5,False,0.1,TRRUST,75,1,1,True,0.0,0.0,4905.0,0.0,1.0,1.0,1.0,4.440892098500626e-15,1.0,1.0,6.661338147750939e-15,1.0,1.0,1.0,1.0,46.0,0.02127659574468085,1.0,55.5,110.0,0.5045454545454545,0.0,,,,,,1.0,1.0,1.0,1.0,1.0
WDR5,False,0.05,ChIP,75,8,0,False,,,,,,,,,,,,,,,,,,,,,,,,,,,,,,,,
WDR5,False,0.05,TRRUST,75,8,1,True,0.0,0.0,295.0,0.0,1.0,1.0,1.0,0.00850126562420484,1.0,1.0,0.007367959200087559,1.0,1.0,1.0,1.0,52.0,0.018867924528301886,1.0,55.5,110.0,0.5045454545454545,0.0,,,,,,1.0,1.0,1.0,1.0,1.0
WDR5,False,0.02,ChIP,75,13,0,False,,,,,,,,,,,,,,,,,,,,,,,,,,,,,,,,
WDR5,False,0.02,TRRUST,75,13,1,True,0.0,0.0,295.0,0.0,1.0,1.0,1.0,0.02533478844846891,1.0,1.0,0.03293268266760429,1.0,1.0,1.0,1.0,56.0,0.017543859649122806,1.0,55.5,110.0,0.5045454545454545,0.0,,,,,,1.0,1.0,1.0,1.0,1.0
WDR5,False,0.01,ChIP,75,36,0,False,,,,,,,,,,,,,,,,,,,,,,,,,,,,,,,,
WDR5,False,0.01,TRRUST,75,36,1,True,1.0,0.0,4527.0,0.0,1.0,1.0,1.0,0.07354966265636075,1.0,1.0,0.08520715279542315,1.0,1.0,1.0,1.0,63.0,0.015625,1.0,60.5,110.0,0.55,5.0,,,,,,1.0,1.0,1.0,1.0,1.0
WDR5,False,0.0,ChIP,75,1130,0,False,,,,,,,,,,,,,,,,,,,,,,,,,,,,,,,,
WDR5,False,0.0,TRRUST,75,1130,1,True,1.0,0.0,2564.0,0.0,1.0,1.0,1.0,0.9653343631526824,1.0,1.0,0.9729982609936525,1.0,1.0,1.0,1.0,73.0,0.013513513513513514,1.0,76.5,110.0,0.6954545454545454,2.0,,,,,,1.0,1.0,1.0,1.0,1.0
XRCC5,False,0.5,ChIP,80,0,0,False,,,,,,,,,,,,,,,,,,,,,,,,,,,,,,,,
XRCC5,False,0.5,TRRUST,80,0,0,False,,,,,,,,,,,,,,,,,,,,,,,,,,,,,,,,
XRCC5,False,0.25,ChIP,80,1,0,False,,,,,,,,,,,,,,,,,,,,,,,,,,,,,,,,
XRCC5,False,0.25,TRRUST,80,1,0,False,,,,,,,,,,,,,,,,,,,,,,,,,,,,,,,,
XRCC5,False,0.1,ChIP,80,1,0,False,,,,,,,,,,,,,,,,,,,,,,,,,,,,,,,,
XRCC5,False,0.1,TRRUST,80,1,0,False,,,,,,,,,,,,,,,,,,,,,,,,,,,,,,,,
XRCC5,False,0.05,ChIP,80,2,0,False,,,,,,,,,,,,,,,,,,,,,,,,,,,,,,,,
XRCC5,False,0.05,TRRUST,80,2,0,False,,,,,,,,,,,,,,,,,,,,,,,,,,,,,,,,
XRCC5,False,0.02,ChIP,80,5,0,False,,,,,,,,,,,,,,,,,,,,,,,,,,,,,,,,
XRCC5,False,0.02,TRRUST,80,5,0,False,,,,,,,,,,,,,,,,,,,,,,,,,,,,,,,,
XRCC5,False,0.01,ChIP,80,24,0,False,,,,,,,,,,,,,,,,,,,,,,,,,,,,,,,,
XRCC5,False,0.01,TRRUST,80,24,0,False,,,,,,,,,,,,,,,,,,,,,,,,,,,,,,,,
XRCC5,False,0.0,ChIP,80,484,0,False,,,,,,,,,,,,,,,,,,,,,,,,,,,,,,,,
XRCC5,False,0.0,TRRUST,80,484,0,False,,,,,,,,,,,,,,,,,,,,,,,,,,,,,,,,
YEATS4,False,0.5,ChIP,100,0,0,False,,,,,,,,,,,,,,,,,,,,,,,,,,,,,,,,
YEATS4,False,0.5,TRRUST,100,0,0,False,,,,,,,,,,,,,,,,,,,,,,,,,,,,,,,,
YEATS4,False,0.25,ChIP,100,0,0,False,,,,,,,,,,,,,,,,,,,,,,,,,,,,,,,,
YEATS4,False,0.25,TRRUST,100,0,0,False,,,,,,,,,,,,,,,,,,,,,,,,,,,,,,,,
YEATS4,False,0.1,ChIP,100,0,0,False,,,,,,,,,,,,,,,,,,,,,,,,,,,,,,,,
YEATS4,False,0.1,TRRUST,100,0,0,False,,,,,,,,,,,,,,,,,,,,,,,,,,,,,,,,
YEATS4,False,0.05,ChIP,100,1,0,False,,,,,,,,,,,,,,,,,,,,,,,,,,,,,,,,
YEATS4,False,0.05,TRRUST,100,1,0,False,,,,,,,,,,,,,,,,,,,,,,,,,,,,,,,,
YEATS4,False,0.02,ChIP,100,3,0,False,,,,,,,,,,,,,,,,,,,,,,,,,,,,,,,,
YEATS4,False,0.02,TRRUST,100,3,0,False,,,,,,,,,,,,,,,,,,,,,,,,,,,,,,,,
YEATS4,False,0.01,ChIP,100,5,0,False,,,,,,,,,,,,,,,,,,,,,,,,,,,,,,,,
YEATS4,False,0.01,TRRUST,100,5,0,False,,,,,,,,,,,,,,,,,,,,,,,,,,,,,,,,
YEATS4,False,0.0,ChIP,100,106,0,False,,,,,,,,,,,,,,,,,,,,,,,,,,,,,,,,
YEATS4,False,0.0,TRRUST,100,106,0,False,,,,,,,,,,,,,,,,,,,,,,,,,,,,,,,,
ZBTB17,False,0.5,ChIP,100,0,0,False,,,,,,,,,,,,,,,,,,,,,,,,,,,,,,,,
ZBTB17,False,0.5,TRRUST,100,0,0,False,,,,,,,,,,,,,,,,,,,,,,,,,,,,,,,,
ZBTB17,False,0.25,ChIP,100,0,0,False,,,,,,,,,,,,,,,,,,,,,,,,,,,,,,,,
ZBTB17,False,0.25,TRRUST,100,0,0,False,,,,,,,,,,,,,,,,,,,,,,,,,,,,,,,,
ZBTB17,False,0.1,ChIP,100,2,0,False,,,,,,,,,,,,,,,,,,,,,,,,,,,,,,,,
ZBTB17,False,0.1,TRRUST,100,2,0,False,,,,,,,,,,,,,,,,,,,,,,,,,,,,,,,,
ZBTB17,False,0.05,ChIP,100,2,0,False,,,,,,,,,,,,,,,,,,,,,,,,,,,,,,,,
ZBTB17,False,0.05,TRRUST,100,2,0,False,,,,,,,,,,,,,,,,,,,,,,,,,,,,,,,,
ZBTB17,False,0.02,ChIP,100,12,0,False,,,,,,,,,,,,,,,,,,,,,,,,,,,,,,,,
ZBTB17,False,0.02,TRRUST,100,12,0,False,,,,,,,,,,,,,,,,,,,,,,,,,,,,,,,,
ZBTB17,False,0.01,ChIP,100,36,0,False,,,,,,,,,,,,,,,,,,,,,,,,,,,,,,,,
ZBTB17,False,0.01,TRRUST,100,36,0,False,,,,,,,,,,,,,,,,,,,,,,,,,,,,,,,,
ZBTB17,False,0.0,ChIP,100,526,0,False,,,,,,,,,,,,,,,,,,,,,,,,,,,,,,,,
ZBTB17,False,0.0,TRRUST,100,526,0,False,,,,,,,,,,,,,,,,,,,,,,,,,,,,,,,,
ZNF24,True,0.5,ChIP,49,0,146,False,0.0,0.0,-1.0,0.0,1.0,1.0,1.0,0.0,1.0,1.0,0.0,1.0,,,,,,,,,,,1.0,1.0,1.0,,,1.0,1.0,1.0,,
ZNF24,True,0.5,TRRUST,49,0,1,False,0.0,0.0,-1.0,0.0,1.0,1.0,1.0,0.0,1.0,1.0,0.0,1.0,,,,,,,,,,,1.0,1.0,1.0,,,1.0,1.0,1.0,,
ZNF24,True,0.25,ChIP,49,0,146,False,0.0,0.0,-1.0,0.0,1.0,1.0,1.0,0.0,1.0,1.0,0.0,1.0,,,,,,,,,,,1.0,1.0,1.0,,,1.0,1.0,1.0,,
ZNF24,True,0.25,TRRUST,49,0,1,False,0.0,0.0,-1.0,0.0,1.0,1.0,1.0,0.0,1.0,1.0,0.0,1.0,,,,,,,,,,,1.0,1.0,1.0,,,1.0,1.0,1.0,,
ZNF24,True,0.1,ChIP,49,0,146,False,0.0,0.0,-1.0,0.0,1.0,1.0,1.0,0.0,1.0,1.0,0.0,1.0,,,,,,,,,,,1.0,1.0,1.0,,,1.0,1.0,1.0,,
ZNF24,True,0.1,TRRUST,49,0,1,False,0.0,0.0,-1.0,0.0,1.0,1.0,1.0,0.0,1.0,1.0,0.0,1.0,,,,,,,,,,,1.0,1.0,1.0,,,1.0,1.0,1.0,,
ZNF24,True,0.05,ChIP,49,0,146,False,0.0,0.0,-1.0,0.0,1.0,1.0,1.0,0.0,1.0,1.0,0.0,1.0,,,,,,,,,,,1.0,1.0,1.0,,,1.0,1.0,1.0,,
ZNF24,True,0.05,TRRUST,49,0,1,False,0.0,0.0,-1.0,0.0,1.0,1.0,1.0,0.0,1.0,1.0,0.0,1.0,,,,,,,,,,,1.0,1.0,1.0,,,1.0,1.0,1.0,,
ZNF24,True,0.02,ChIP,49,0,146,False,0.0,0.0,-1.0,0.0,1.0,1.0,1.0,0.0,1.0,1.0,0.0,1.0,,,,,,,,,,,1.0,1.0,1.0,,,1.0,1.0,1.0,,
ZNF24,True,0.02,TRRUST,49,0,1,False,0.0,0.0,-1.0,0.0,1.0,1.0,1.0,0.0,1.0,1.0,0.0,1.0,,,,,,,,,,,1.0,1.0,1.0,,,1.0,1.0,1.0,,
ZNF24,True,0.01,ChIP,49,0,146,False,0.0,0.0,-1.0,0.0,1.0,1.0,1.0,0.0,1.0,1.0,0.0,1.0,,,,,,,,,,,1.0,1.0,1.0,,,1.0,1.0,1.0,,
ZNF24,True,0.01,TRRUST,49,0,1,False,0.0,0.0,-1.0,0.0,1.0,1.0,1.0,0.0,1.0,1.0,0.0,1.0,,,,,,,,,,,1.0,1.0,1.0,,,1.0,1.0,1.0,,
ZNF24,True,0.0,ChIP,49,0,146,False,0.0,0.0,-1.0,0.0,1.0,1.0,1.0,0.0,1.0,1.0,0.0,1.0,,,,,,,,,,,1.0,1.0,1.0,,,1.0,1.0,1.0,,
ZNF24,True,0.0,TRRUST,49,0,1,False,0.0,0.0,-1.0,0.0,1.0,1.0,1.0,0.0,1.0,1.0,0.0,1.0,,,,,,,,,,,1.0,1.0,1.0,,,1.0,1.0,1.0,,
ZNRD1,False,0.5,ChIP,66,0,0,False,,,,,,,,,,,,,,,,,,,,,,,,,,,,,,,,
ZNRD1,False,0.5,TRRUST,66,0,0,False,,,,,,,,,,,,,,,,,,,,,,,,,,,,,,,,
ZNRD1,False,0.25,ChIP,66,1,0,False,,,,,,,,,,,,,,,,,,,,,,,,,,,,,,,,
ZNRD1,False,0.25,TRRUST,66,1,0,False,,,,,,,,,,,,,,,,,,,,,,,,,,,,,,,,
ZNRD1,False,0.1,ChIP,66,2,0,False,,,,,,,,,,,,,,,,,,,,,,,,,,,,,,,,
ZNRD1,False,0.1,TRRUST,66,2,0,False,,,,,,,,,,,,,,,,,,,,,,,,,,,,,,,,
ZNRD1,False,0.05,ChIP,66,8,0,False,,,,,,,,,,,,,,,,,,,,,,,,,,,,,,,,
ZNRD1,False,0.05,TRRUST,66,8,0,False,,,,,,,,,,,,,,,,,,,,,,,,,,,,,,,,
ZNRD1,False,0.02,ChIP,66,16,0,False,,,,,,,,,,,,,,,,,,,,,,,,,,,,,,,,
ZNRD1,False,0.02,TRRUST,66,16,0,False,,,,,,,,,,,,,,,,,,,,,,,,,,,,,,,,
ZNRD1,False,0.01,ChIP,66,42,0,False,,,,,,,,,,,,,,,,,,,,,,,,,,,,,,,,
ZNRD1,False,0.01,TRRUST,66,42,0,False,,,,,,,,,,,,,,,,,,,,,,,,,,,,,,,,
ZNRD1,False,0.0,ChIP,66,540,0,False,,,,,,,,,,,,,,,,,,,,,,,,,,,,,,,,
ZNRD1,False,0.0,TRRUST,66,540,0,False,,,,,,,,,,,,,,,,,,,,,,,,,,,,,,,,
