feature_id,top_gene,top5_genes,activation_freq,max_activation,n_enrichments,module,umap_x,umap_y
0,DHX29,"DHX29, CCT3, SCFD1, RBX1, GPX4",0.005699041957027282,2.9178035259246826,1,6,9.5530366897583,5.3477559089660645
1,MKI67,"MKI67, ESS2, HSBP1, ZNF766, CNBP",0.005261785340334668,3.8007352352142334,1,6,10.993216514587402,6.380070209503174
2,TXLNA,"TXLNA, PHF20, ATAD3B, RBM39, HIGD1A",0.007166694771352044,3.0367870330810547,15,9,10.178211212158203,6.467580795288086
3,NPRL3,"NPRL3, CCDC18, POLA2, YWHAZ, CSK",0.007732383264248095,2.994425058364868,0,7,8.461613655090332,6.319123268127441
4,B4GALT4,"B4GALT4, GCLC, BRPF1, NCAPD2, HRAS",0.005369628900505492,3.1397061347961426,0,4,10.083230018615723,6.529272556304932
5,UBIAD1,"UBIAD1, UTP15, POLR2D, RUVBL2, PNPT1",0.006916693790956043,3.243699312210083,10,4,10.16928482055664,7.009655475616455
6,EIF2AK1,"EIF2AK1, RALBP1, MMADHC, TOPORS, NBR1",0.009749057839442507,2.770123243331909,13,0,7.227578163146973,5.315125942230225
7,TAF1,"TAF1, BRIX1, DHPS, SRSF6, ACO2",0.009851999419605567,2.6941449642181396,8,0,8.497177124023438,3.149080753326416
8,TAF8,"TAF8, STOML2, SDHAF2, CNPY2, ITPA",0.00548531562868874,2.7889208793640137,2,5,8.953621864318848,6.215581893920898
9,EXTL2,"EXTL2, ARL17A, ATAD2, PHF6, ALAS1",0.006931399730979337,2.6572697162628174,0,7,9.201668739318848,6.119035720825195
10,CBX5,"CBX5, ATP5PF, FKBP1A, PELO, POLR2H",0.005687277205008647,3.233332872390747,1,2,8.33877182006836,4.252688407897949
11,TNPO3,"TNPO3, UQCRC1, RAC1, MYCBP2, LTN1",0.004831391495652924,2.859968423843384,8,7,9.775829315185547,2.8935630321502686
12,GLRX3,"GLRX3, BZW2, PAFAH1B2, CCNT2, TRIM37",0.005577472852834717,3.9078192710876465,11,0,8.732437133789062,6.419293403625488
13,RPL17,"RPL17, HSDL2, MRPL18, SNX3, DECR1",0.005873552445303707,3.431872844696045,21,8,11.014518737792969,3.8837621212005615
14,SASS6,"SASS6, MFSD14A, COMMD8, UBE2V1, TFAM",0.007953952760599061,3.062373638153076,7,8,9.112998008728027,4.76969575881958
15,CHMP5,"CHMP5, ZMYND19, ACAT1, IRGQ, KIAA0232",0.007299048231561692,2.482513666152954,8,4,10.399649620056152,4.108155727386475
16,REPIN1,"REPIN1, TRIM44, SAC3D1, ABHD10, BTBD1",0.006948066463005737,2.871368169784546,1,4,9.719075202941895,7.21143102645874
17,PAIP1,"PAIP1, NDC80, BOD1, MEN1, ECHS1",0.005056882576010102,3.9806106090545654,27,2,8.654409408569336,5.391002655029297
18,PACSIN3,"PACSIN3, CDCA7, COMTD1, BRD3, PGPEP1",0.007496107827873835,2.812440872192383,1,4,9.01224136352539,3.863471746444702
19,RAD1,"RAD1, GPATCH11, RPAP3, SMIM12, TMEM208",0.00545198216463594,3.913022518157959,0,7,9.989216804504395,6.144619941711426
20,SPATC1L,"SPATC1L, DHPS, COA4, KIF20B, AKR1A1",0.0028019717724383233,3.865847110748291,3,9,7.089812278747559,4.825382709503174
21,NHP2,"NHP2, DIAPH1, TMED3, NFE2L2, NDUFA12",0.00803042364872019,2.9195048809051514,1,7,7.666553497314453,5.632938861846924
22,RAP1B,"RAP1B, ZNF511, SMARCB1, THOC7, SF1",0.005137275048137444,3.252074718475342,18,9,8.733237266540527,6.637226581573486
23,DDX10,"DDX10, ATP2A2, LRPAP1, WAC, UBE3A",0.00588433680132079,3.065389394760132,7,0,11.75669002532959,5.476504325866699
24,HNRNPM,"HNRNPM, KPNA5, PPIH, CENPE, CCNB1IP1",0.006446103710210628,2.791705846786499,18,5,10.417182922363281,5.286819934844971
25,ATG3,"ATG3, PIP5K1A, CENPC, MRPL34, UFM1",0.006724536174651665,3.258007287979126,5,6,8.097437858581543,6.270580291748047
26,SRSF1,"SRSF1, IMPDH2, GMNN, CMSS1, SLC3A2",0.0066196338024855,3.008049249649048,19,8,8.758495330810547,6.734803199768066
27,NIT2,"NIT2, COPRS, FBXL12, UTP14A, HPS5",0.005734336213083189,2.876201629638672,0,4,10.369839668273926,5.6666789054870605
28,TWF1,"TWF1, DYNC1I2, YEATS4, ENDOG, JKAMP",0.008118659288859957,3.013451337814331,12,8,9.500700950622559,3.893470525741577
29,ZNF706,"ZNF706, PTP4A2, EFL1, SF3B5, DHCR24",0.006548064894372135,3.2173879146575928,3,3,9.467901229858398,5.567651271820068
30,ZNRD2,"ZNRD2, SRP68, GTPBP1, NOA1, GET3",0.006821595378805407,3.72859263420105,0,1,7.687820911407471,4.848671913146973
31,KPNA1,"KPNA1, SMIM12, DDX23, HMGB3, COMMD2",0.006066690457609637,3.1379990577697754,4,1,7.842337608337402,6.4163055419921875
32,MRPL44,"MRPL44, FPGS, POM121C, NOL12, SIN3A",0.005145118216149867,3.229515552520752,4,2,10.12427806854248,4.494515895843506
33,RHEB,"RHEB, MED10, DHPS, SMC2, MRPL18",0.0062666912419264385,3.2832894325256348,12,1,9.469008445739746,4.626452445983887
34,CCNI,"CCNI, DCTN2, ESCO1, PSMA5, RABGGTB",0.0070617923991858796,2.8435986042022705,22,9,7.946656227111816,5.501236438751221
35,UQCRFS1,"UQCRFS1, FLAD1, ARMC8, NUDT4, QTRT1",0.005732375421080083,2.824423313140869,1,6,11.404194831848145,4.705334186553955
36,ADSL,"ADSL, EPN1, IL10RB, KDM4A, UBE2Q2",0.00775395197628226,3.8828604221343994,0,4,7.080402374267578,5.504357814788818
37,CCDC25,"CCDC25, RIOK1, LRRC58, COLGALT1, VAC14",0.007108851407260421,2.990757942199707,0,1,9.618709564208984,5.233975887298584
38,CGGBP1,"CGGBP1, PPP2R2A, PJA2, RSRC2, GOLGA4",0.0046451162553578645,3.755784273147583,9,8,9.630949974060059,5.120345115661621
39,USP1,"USP1, TIMM22, MCRS1, SRRM1, FDXR",0.003964721430280119,3.2869327068328857,1,5,7.910212993621826,5.685768127441406
40,VPS26C,"VPS26C, PTBP1, REPS1, NUP88, SF3B2",0.01109710234157781,2.953550100326538,0,8,10.250248908996582,6.782918930053711
41,HMGN3,"HMGN3, RSL24D1, RPIA, TAF12, USP22",0.005572570872826952,2.947843313217163,1,2,8.699943542480469,4.7919230461120605
42,RPP30,"RPP30, GATAD1, SLU7, CD2BP2, THAP5",0.004150996670575178,2.905531644821167,6,7,10.755675315856934,4.8235182762146
43,HSDL2,"HSDL2, BRAP, MRPS11, HADHA, MFAP1",0.009751018631445613,2.610386610031128,1,7,9.596076965332031,7.644989490509033
44,PSMC1,"PSMC1, HINT2, DUSP22, MLEC, PDCD6IP",0.008363758289248194,4.123558521270752,6,5,9.50953197479248,4.3348917961120605
45,HINT1,"HINT1, SUB1, CUTA, BAX, CENPN",0.0035402099616076927,3.8212528228759766,6,3,9.049689292907715,5.890573978424072
46,RRP1,"RRP1, TMEM161A, POM121C, ARMC6, GCLC",0.0052392362322989505,4.095046520233154,1,4,9.49158763885498,6.088759422302246
47,CDK2,"CDK2, TMX2, ATAD5, MCRS1, LMNB2",0.004734332291499182,4.410591125488281,0,6,9.241129875183105,2.625307083129883
48,HSPD1,"HSPD1, COX7A2, MRPL34, PRKCSH, PUM1",0.006495123510288275,2.9766290187835693,17,0,10.049742698669434,5.637303829193115
49,UTP4,"UTP4, NME4, TAGLN2, SLC25A5, BNIP3L",0.0053206091004278444,2.73393177986145,0,3,10.979046821594238,6.882564067840576
50,PKM,"PKM, HMGCR, MANBAL, EIF2B4, UBE2E3",0.00747453911583967,3.2846086025238037,11,1,8.76195240020752,3.769336462020874
51,EIF4G2,"EIF4G2, WASL, MRPL2, P4HB, RAP1B",0.00725493041149181,2.7662997245788574,3,3,10.867958068847656,4.437108039855957
52,SKA2,"SKA2, SAFB2, THOC5, MRPS14, KIF1C",0.0036911909458468466,3.9966728687286377,10,2,8.524930000305176,5.509457111358643
53,ATF2,"ATF2, CAAP1, ATXN2L, TPM4, STT3A",0.009399056466888106,2.728726625442505,0,1,9.131734848022461,4.662164211273193
54,TANGO2,"TANGO2, RPA2, COA1, PEMT, SGSM3",0.005830415021235377,3.4186322689056396,1,4,7.885078430175781,6.465187072753906
55,MESD,"MESD, UQCC2, MIS12, ESCO2, PPM1G",0.004815705159628077,4.189924240112305,3,2,7.965770244598389,5.4896087646484375
56,ADRM1,"ADRM1, LSG1, SNX3, DNAJC9, CDC27",0.00347942540951141,3.1031126976013184,24,5,9.758173942565918,7.017887115478516
57,XRN2,"XRN2, PRDM2, HNRNPD, HNRNPAB, DDX46",0.003740210745924494,4.335577964782715,15,2,8.335367202758789,5.359803199768066
58,CORO1C,"CORO1C, SZRD1, STK11, DCAF12, POLR1E",0.005843160169255565,3.380615711212158,3,6,9.034903526306152,6.008985996246338
59,PRELID1,"PRELID1, MSH6, SNX3, POLDIP2, CSNK1E",0.006179435997788227,3.3933913707733154,18,8,10.14220142364502,4.474748611450195
60,MCM3AP,"MCM3AP, UBE2G2, KLHDC10, CHCHD6, GLYR1",0.007353950407648658,3.1421144008636475,2,1,7.670558452606201,4.010452747344971
61,SCAMP3,"SCAMP3, NAA38, PGM2, REPIN1, METAP1",0.007329440507609834,2.714336395263672,0,6,9.478410720825195,3.1773922443389893
62,EPB41,"EPB41, UPF3A, LRWD1, SOD1, CWC22",0.005193157620225962,3.738492250442505,15,7,11.17100715637207,5.6300458908081055
63,RNF20,"RNF20, UHMK1, TARBP2, SASS6, TOPBP1",0.004829430703649818,3.780775308609009,0,9,11.213305473327637,6.479966163635254
64,ZWINT,"ZWINT, CIP2A, PDIA3, SEPHS1, IMPDH2",0.0064921823222836164,3.112666130065918,12,4,9.986802101135254,6.186661243438721
65,SSRP1,"SSRP1, OLA1, ZHX1, ADI1, PGRMC1",0.0059000231373456365,3.7244985103607178,2,8,10.819822311401367,4.46574068069458
66,PSMB3,"PSMB3, NAXE, SPCS1, DUS1L, SEPTIN2",0.005157863364170056,3.0708465576171875,6,3,9.536259651184082,2.854059934616089
67,<SPECIAL>,"<SPECIAL>, ATP5ME, PDE4DIP, CES2, RPS4X",0.005216687124263233,4.836038112640381,0,3,10.160388946533203,7.0931572914123535
68,HSPE1,"HSPE1, GABARAPL2, ZNF593, GPAA1, PPIB",0.00821277730500904,2.955329656600952,7,0,8.975485801696777,6.345337390899658
69,ANKRD39,"ANKRD39, TMEM97, ISOC1, AGPS, GFER",0.004895117235753866,4.494262218475342,4,7,8.163896560668945,5.297865867614746
70,GTF2B,"GTF2B, UFM1, CEP57L1, PPCS, ATP11A",0.005737277401087848,3.329355478286743,6,2,9.352821350097656,6.888355255126953
71,CBX5,"CBX5, SRRD, RPUSD2, EIF5A, ACYP1",0.007306891399574116,2.788832664489746,1,8,8.800681114196777,5.676842212677002
72,RBBP5,"RBBP5, FAM91A1, EIF4G2, STK40, PRDM2",0.005648061364946529,2.97273588180542,0,5,8.528229713439941,4.681004047393799
73,ARL6IP1,"ARL6IP1, HNRNPH1, TUFM, DHRS4L2, SNRNP40",0.006019631449535096,3.2932231426239014,3,0,10.910327911376953,6.201351165771484
74,ANP32A,"ANP32A, MCMBP, DMAC2, ATF1, WDR45B",0.006890223098914113,2.9821619987487793,0,7,9.679715156555176,5.286865711212158
75,SCRIB,"SCRIB, BDP1, DDX31, ARL17A, TIMM8A",0.009643175071274789,2.2972586154937744,0,4,10.687264442443848,7.1421003341674805
76,TMEM14A,"TMEM14A, BCL2L13, L3MBTL2, ASNSD1, AGL",0.0067039478586190535,2.9586126804351807,1,1,10.730599403381348,4.473759651184082
77,POLR3H,"POLR3H, PTRH1, RRP9, PSMA5, GOSR2",0.0050127647559402196,3.6933035850524902,1,7,10.415488243103027,5.878787040710449
78,ASL,"ASL, POLR3E, REXO4, ZC3H7B, PEMT",0.00703532170714395,2.8581244945526123,0,7,10.307573318481445,5.9558281898498535
79,PRRC2A,"PRRC2A, SUMO1, TMEM167A, CAPN7, SEC24C",0.00657649637841717,2.8612985610961914,0,9,10.124293327331543,3.6565122604370117
80,MRPS12,"MRPS12, KRTCAP2, MYDGF, JOSD2, HDDC2",0.005690218393013306,3.2027130126953125,10,0,10.480165481567383,2.96435809135437
81,ATP6V1C1,"ATP6V1C1, HMGCS1, ZFP91, TMEM106C, VRK3",0.004664724175388923,3.0504324436187744,0,5,8.739602088928223,5.533774375915527
82,LRRC59,"LRRC59, ATP5MF, HPF1, ETFA, SREK1IP1",0.0036902105498452936,4.5030646324157715,5,9,8.651975631713867,5.810253620147705
83,DEGS1,"DEGS1, NUS1, TMED10, UCHL3, TM2D2",0.008706896889791725,3.0594615936279297,2,7,10.048810005187988,3.314260244369507
84,HIGD1A,"HIGD1A, EEF1G, DCAF15, CISD3, EXOSC5",0.005151000592159185,3.317751884460449,0,6,7.891201496124268,4.08236837387085
85,SHMT2,"SHMT2, COPZ1, CKS2, ZNHIT1, FAM210B",0.006560810042392323,3.4586620330810547,4,1,9.129288673400879,2.884620428085327
86,ARPC1A,"ARPC1A, CDK5RAP2, HPRT1, PHGDH, SNRNP27",0.007229440115451433,3.4106032848358154,6,8,8.252113342285156,3.169890880584717
87,CINP,"CINP, TERF2, SBF1, SLC7A1, ATAD5",0.006301985497982345,2.9444351196289062,0,2,10.848679542541504,5.380768775939941
88,PFDN6,"PFDN6, TSR3, WRN, SAP30BP, SLC19A1",0.005613747504892176,2.964498996734619,4,1,9.139406204223633,4.084132194519043
89,BAX,"BAX, KDELR1, LRP6, RAB11A, SNX6",0.005565708100816082,3.314710855484009,22,7,9.987825393676758,4.7365264892578125
90,DOHH,"DOHH, TIPIN, SLC25A39, HSCB, NOB1",0.006200024313820838,3.337881326675415,10,8,7.342106342315674,5.834296226501465
91,MCM2,"MCM2, CDK12, KIF18A, BRIX1, NIF3L1",0.005685316413005541,3.2035973072052,1,4,9.162644386291504,5.548293590545654
92,SUCLG1,"SUCLG1, CERT1, HSD17B4, MPHOSPH9, USP14",0.005838258189247801,3.195510149002075,5,0,7.981788158416748,4.229869365692139
93,CCDC138,"CCDC138, IFI27L1, METTL2A, CKAP2, DDHD2",0.007049047251165691,2.5082690715789795,0,7,7.855496406555176,3.2722697257995605
94,ATP5F1B,"ATP5F1B, ATP5F1A, FASTKD5, TIMM8B, ASL",0.003046090376825007,5.001136302947998,8,3,7.415853977203369,5.652164936065674
95,PRR13,"PRR13, APLP2, CFAP20, BCKDK, ZNF330",0.005717669481056788,3.0626513957977295,33,0,9.724807739257812,3.176055669784546
96,ADAR,"ADAR, PIGX, PPTC7, ANKRD10, BMI1",0.006305907081988557,3.568697690963745,8,7,9.74559497833252,6.696348667144775
97,CORO1C,"CORO1C, BCAT1, ZUP1, IGF2BP3, SLC29A1",0.006216691045847238,3.9693334102630615,0,4,11.656332015991211,5.454047203063965
98,NMT1,"NMT1, MAK16, PFDN6, ARMC6, KHDRBS1",0.0038784465821434595,3.720669746398926,5,5,8.345232009887695,6.35711145401001
99,NT5DC2,"NT5DC2, GPS2, CNOT11, ZNF33A, SAP30L",0.004689234075427747,3.4584789276123047,4,8,11.670991897583008,5.455726623535156
100,NSA2,"NSA2, DDX24, PPA1, BLVRB, TAF15",0.005635316216926341,3.757692337036133,4,5,8.312398910522461,5.96928596496582
101,USP48,"USP48, MAPKAP1, ORC4, DDOST, POLR2K",0.006585319942431147,2.608640432357788,54,0,8.21955394744873,5.309035778045654
102,POLR2G,"POLR2G, FDFT1, SPRTN, ACTL6A, RBM4",0.0056078651288828585,3.871934175491333,24,0,9.589385986328125,4.580600738525391
103,WDR33,"WDR33, MRPL42, PAPOLA, GPBP1, SAP18",0.005878454425311472,4.4797821044921875,37,9,8.409710884094238,5.320239067077637
104,RNF20,"RNF20, PMVK, CEBPG, SEC63, PPIL3",0.006690222314597312,3.1600544452667236,10,9,9.981119155883789,3.056065320968628
105,TXN,"TXN, SRA1, GFER, NUDT16L1, DPY19L4",0.0061951223338130735,3.236772060394287,0,8,9.970293045043945,2.9958436489105225
106,RRM1,"RRM1, EIF3B, NME4, NOP16, RPN2",0.00295393315267903,3.5997297763824463,0,8,9.307024955749512,6.44187593460083
107,SPTSSA,"SPTSSA, PRKCSH, SCARB1, MTMR2, ZFP91",0.006717673402640794,2.952718734741211,1,4,10.002118110656738,5.677764415740967
108,CLN6,"CLN6, EP400, MAGT1, PSMD3, AATF",0.00647649598625877,2.6585566997528076,31,6,10.90209674835205,3.827882766723633
109,FIS1,"FIS1, SPCS2, SRRM1, APRT, POLR2F",0.007969639096623909,2.7237300872802734,1,9,11.488319396972656,5.9749979972839355
110,ERCC5,"ERCC5, POLR2H, COX8A, PATL1, CSNK1A1",0.005101000396079984,2.966362953186035,3,2,7.420536994934082,6.825856685638428
111,THUMPD3,"THUMPD3, C1ORF131, ARV1, CHD1, GPATCH11",0.007267675559511998,2.7972443103790283,1,1,8.141215324401855,5.864944934844971
112,ARF3,"ARF3, LYRM4, SUPT5H, UCHL3, ZNF511",0.005127471088121914,3.127143383026123,13,6,9.911280632019043,6.653693199157715
113,ATP5PF,"ATP5PF, SPEN, PBRM1, CC2D1A, XIAP",0.004660802591382711,3.760709047317505,17,1,11.342249870300293,4.0228753089904785
114,AP2A1,"AP2A1, GMPPA, DCTN3, LYSMD3, FBXO7",0.007977482264636331,2.927408218383789,15,7,10.069347381591797,5.74855899810791
115,CENPC,"CENPC, SLC2A4RG, UROD, WASHC2C, C5ORF24",0.0050872748520582435,2.763497829437256,7,9,9.31008529663086,4.744770050048828
116,PDCD11,"PDCD11, RSL1D1, ATMIN, PSME3, FASTKD5",0.005419629096584692,4.3381171226501465,8,7,8.211095809936523,5.81245231628418
117,ZNF451,"ZNF451, SCAND1, POLR1D, PAXX, LSM8",0.006191200749806862,3.212535858154297,5,0,9.40139389038086,2.943751811981201
118,TXNRD1,"TXNRD1, PDCD6, MFSD12, CSNK1A1, SERP1",0.00666277122655383,3.2237820625305176,2,0,10.874950408935547,5.211826801300049
119,MAGT1,"MAGT1, CCDC14, PMVK, ZNF268, SMARCC2",0.0078000305883552485,2.5509183406829834,6,0,9.512033462524414,4.687060356140137
120,TMEM183A,"TMEM183A, PRPF19, FAM217B, DHTKD1, METTL21A",0.006575515982415617,3.2784104347229004,4,7,11.78962230682373,5.3054656982421875
121,CEP135,"CEP135, ZNF593, KLHDC4, PIGC, FAHD2A",0.006731398946662536,3.233323574066162,0,2,8.60215950012207,5.753281116485596
122,SFXN4,"SFXN4, PACSIN3, FASTKD2, PSMA3, SRCAP",0.005701002749030388,2.8744513988494873,0,4,10.499879837036133,4.744960308074951
123,PSMB1,"PSMB1, POLR2A, TMEM14A, CALCOCO2, FUS",0.006457868462229264,2.880465269088745,17,3,11.104251861572266,6.467651844024658
124,TBCB,"TBCB, RDX, CAPZA2, SMAGP, BCAS2",0.005770610865140647,2.9292736053466797,4,4,10.268491744995117,4.689831256866455
125,MTPN,"MTPN, SMARCD1, SMAP2, SSBP3, CEP350",0.005469629292663892,4.641847133636475,2,2,8.005119323730469,5.21116828918457
126,RPF2,"RPF2, DCTN4, ANAPC1, SLC25A32, USP37",0.007537284459939058,2.9584197998046875,3,2,9.966156959533691,5.42049503326416
127,ZFR,"ZFR, XPNPEP3, SEC61A1, MLLT11, CDC25A",0.010120627924031074,2.9904420375823975,20,1,10.95964241027832,6.351447105407715
128,BOLA2,"BOLA2, MRPL22, ZNF414, PPP1R8, CCNQ",0.00571472829305213,3.2538015842437744,0,9,8.911494255065918,2.702589988708496
129,ANKRD10,"ANKRD10, NSRP1, TXNRD1, DICER1, RANBP1",0.004785312883579936,3.074894905090332,8,0,9.497041702270508,2.8918356895446777
130,MZT2B,"MZT2B, HSPA5, PPME1, MRPL46, BRIP1",0.0033764838293483504,4.566676139831543,7,9,9.479783058166504,6.375933647155762
131,COQ4,"COQ4, CRNKL1, NKIRAS2, COX14, CCZ1",0.00991670555570806,2.8508188724517822,10,7,9.462522506713867,4.337539196014404
132,MYC,"MYC, OXA1L, NLN, RBM33, GEMIN2",0.005804924725195001,3.0485119819641113,44,1,7.786426067352295,5.498981475830078
133,DCPS,"DCPS, CZIB, CNOT11, WASL, BAD",0.009665724179310508,2.282186269760132,2,6,11.706694602966309,5.920830726623535
134,SMC1A,"SMC1A, SRSF2, TMED5, ERAL1, PPP4R3B",0.0051637457401793735,3.8782806396484375,1,6,9.133368492126465,7.09134578704834
135,METTL2A,"METTL2A, MTG1, ZNF579, TRMT1, LLPH",0.006659830038549171,3.9129927158355713,3,1,7.8633131980896,3.733485221862793
136,RBX1,"RBX1, ANXA11, SMYD2, TOMM22, SAMM50",0.006164730057764933,2.687333345413208,2,1,8.866072654724121,4.234996795654297
137,ILVBL,"ILVBL, WDR1, SBF1, RAB35, LMF2",0.007244146055474727,3.2160346508026123,1,7,9.79720687866211,5.520461082458496
138,GANAB,"GANAB, TIPRL, IQCB1, DPP7, UBE2D2",0.005813748289208978,3.6442606449127197,1,5,10.971927642822266,6.370538234710693
139,SUGT1,"SUGT1, AASDHPPT, BMS1, TIMMDC1, WDR18",0.005610806316887517,3.0188040733337402,12,6,8.483745574951172,5.051464557647705
140,NDRG3,"NDRG3, TRMT1, ALYREF, SIRT7, ATAD1",0.007869638704465508,3.428271770477295,5,2,10.26738166809082,4.359477519989014
141,<SPECIAL>,"<SPECIAL>, SIRT6, ORMDL1, PPM1F, WDR73",0.004554919823214993,4.615056991577148,1,3,7.916603088378906,5.141745567321777
142,PRPSAP1,"PRPSAP1, AGPAT3, MFN1, NIPSNAP1, COA8",0.006397083910132981,3.315100908279419,1,5,10.031280517578125,4.5446858406066895
143,PCNT,"PCNT, ATP13A1, ELAVL1, GTF2F2, ADAM9",0.008687288969760665,2.716432571411133,5,9,8.026796340942383,5.06472635269165
144,GOSR1,"GOSR1, PRR14L, RNF168, CDK11B, PPFIA1",0.006914732998952937,3.470874309539795,2,6,11.202276229858398,4.101585865020752
145,GPALPP1,"GPALPP1, PDIA6, ATP5MF, EIF2B3, MRPL16",0.007022576559123761,2.6500580310821533,1,9,8.578046798706055,3.9790198802948
146,HNRNPDL,"HNRNPDL, EIF5, FNBP4, KDM3B, HMGB1",0.006191200749806862,3.0193495750427246,0,3,8.171147346496582,2.6917226314544678
147,SNAP29,"SNAP29, FYTTD1, LSM1, NDUFB6, UCK2",0.00557845324883627,3.222001075744629,7,4,7.289614677429199,5.727654457092285
148,ERO1A,"ERO1A, MRE11, CSNK1G2, KYAT3, NOL8",0.004473546955086098,3.4666850566864014,1,1,11.084463119506836,3.8972904682159424
149,PSMC1,"PSMC1, BRD4, NUDT5, PIN1, COX20",0.007705912572206166,3.3574085235595703,4,5,7.548321723937988,6.923555374145508
150,TFPT,"TFPT, SLC25A24, PSME3, FAM3A, SDHA",0.007233361699457645,2.673807144165039,11,7,8.766335487365723,5.042201995849609
151,FANCI,"FANCI, SMAP1, MEA1, GGPS1, CHMP5",0.004226487162694755,3.5912296772003174,9,8,10.663141250610352,6.517815589904785
152,EIF4G1,"EIF4G1, TRMT112, ZNF770, KPNA1, RRAGC",0.005261785340334668,3.8238537311553955,9,0,9.742575645446777,6.139268398284912
153,FAIM,"FAIM, THAP12, NADK2, DHODH, ANAPC13",0.006902968246934302,2.8851478099823,0,4,9.372538566589355,4.6066131591796875
154,SF3B6,"SF3B6, RAB5C, PTS, MPHOSPH6, EDF1",0.006004925509511802,2.8527297973632812,3,8,9.28533935546875,5.438183307647705
155,SYAP1,"SYAP1, LARP4B, G3BP2, GUF1, ATXN7L3B",0.005406883948564504,2.908949851989746,0,8,11.138803482055664,5.329431056976318
156,OSGEP,"OSGEP, METTL21A, MAP2K7, MFSD14A, MRRF",0.0057500225491080355,3.180039167404175,0,7,10.523022651672363,6.957247257232666
157,C22ORF39,"C22ORF39, ODF2, AGPAT2, PRKAR2A, TGFB1",0.004836293475660689,2.7678661346435547,13,0,7.560386657714844,3.738370418548584
158,MTPN,"MTPN, FANCL, C19ORF12, RPL7L1, ST3GAL2",0.008146110376903439,2.283515453338623,14,4,11.31080150604248,5.859435558319092
159,PPP1R37,"PPP1R37, LSG1, DDX27, ALG12, RPAP3",0.008314738489170546,3.127234935760498,4,7,11.226729393005371,3.6674907207489014
160,FAH,"FAH, EPM2AIP1, NDUFS7, TAF1D, NIT1",0.004545115863199464,3.427257537841797,0,0,9.352715492248535,4.587900638580322
161,KLHL23,"KLHL23, SLC25A5, THAP5, ARL5B, KCMF1",0.007526500103921976,3.031437635421753,2,1,11.5521821975708,4.6230363845825195
162,MZT2A,"MZT2A, ELOA, SELENOF, CEP55, KIF2C",0.003771583417974188,4.8176374435424805,3,8,8.398294448852539,3.8090338706970215
163,TXN,"TXN, HEXA, NSL1, SENP5, GOLGB1",0.009588272895187825,2.592843532562256,1,6,8.456734657287598,4.728888988494873
164,INTS13,"INTS13, PDIA4, DIS3L, HSP90AB1, GRSF1",0.002752951972360676,3.7936482429504395,1,8,9.704117774963379,4.318072319030762
165,RRM2B,"RRM2B, GOLPH3L, BCL7A, ZNF770, CDK5",0.004643155463354759,3.3253531455993652,0,2,8.457063674926758,5.357522964477539
166,PRPF6,"PRPF6, CSK, NUFIP2, RABEP1, UBE2G1",0.010111804360017098,2.6801295280456543,12,0,9.311969757080078,6.895164966583252
167,HMGB2,"HMGB2, HSBP1, CENPB, TRA2B, XRCC5",0.006276495201941968,2.98970627784729,3,3,7.863890171051025,5.059845924377441
168,PPP6C,"PPP6C, SETD4, NUDT21, UFL1, DYNC1LI2",0.007188263483386209,2.776888132095337,0,1,9.754996299743652,4.671772003173828
169,C17ORF75,"C17ORF75, GCN1, UBE2N, ADAR, NSUN4",0.005154922176165397,2.978753089904785,6,4,10.499929428100586,7.308916091918945
170,DNAJC17,"DNAJC17, MAN1A1, DTD1, STIM2, IDH3G",0.0064813979662665345,2.8230106830596924,5,8,8.611043930053711,4.42790412902832
171,MED27,"MED27, TMEM97, TPST2, SCAF1, PPP4R3A",0.008571602241577417,2.9048824310302734,0,0,10.111979484558105,4.5555100440979
172,SLC2A1,"SLC2A1, CHMP2A, SUMF2, RBM39, LETM1",0.007212773383425033,2.519124746322632,25,1,8.295760154724121,5.570557594299316
173,NUP43,"NUP43, NOP10, NUSAP1, BNIP1, BUD13",0.007179439919372233,2.724303960800171,6,4,9.947562217712402,7.705171585083008
174,FTSJ1,"FTSJ1, HMCES, RFC3, LRIF1, CACYBP",0.006724536174651665,2.545287609100342,0,7,9.465920448303223,3.8463170528411865
175,GTF3A,"GTF3A, CTU2, BIRC2, NSUN4, HDAC2",0.005537276616771046,3.1571154594421387,0,6,8.838553428649902,5.710153579711914
176,SERINC3,"SERINC3, TTC9C, RAB11A, TAX1BP1, IFNAR1",0.006475515590257217,2.8470277786254883,0,1,9.603678703308105,3.5646398067474365
177,PDCD5,"PDCD5, ZNF12, VPS29, TRIP12, TRIM11",0.010875532845226844,3.5528249740600586,1,2,10.862668991088867,5.873910427093506
178,RANBP2,"RANBP2, FYTTD1, MED31, COX16, GSPT1",0.00819316938497798,2.946719169616699,16,5,9.790867805480957,4.541217803955078
179,SYPL1,"SYPL1, NCBP2, RNF115, KCTD9, SLC1A5",0.008089247408813368,2.7033987045288086,2,5,9.708807945251465,6.3570876121521
180,ELP6,"ELP6, RB1, MAFG, SMG5, PCGF3",0.007595127824030682,3.1984987258911133,2,9,9.780056953430176,5.764601230621338
181,RNF2,"RNF2, BFAR, PRPF38A, TSEN34, TIMELESS",0.0074431664437899754,2.8972411155700684,15,0,9.42807388305664,4.120321750640869
182,UBXN2A,"UBXN2A, TOMM22, ABCF1, TMEM256, PPP1R10",0.007265714767508892,3.226769208908081,4,0,8.748414039611816,3.8974995613098145
183,BORCS8,"BORCS8, ELOF1, CCDC167, KIF5B, TOR1AIP1",0.0034862881815222804,4.147782325744629,0,1,8.090058326721191,4.125418663024902
184,POM121C,"POM121C, PSMG4, DBNDD2, LAP3, ZNF512",0.005167667324185585,2.623992681503296,1,5,8.887399673461914,6.424533367156982
185,MYC,"MYC, UBXN1, LSM14A, FBL, UBXN6",0.007994148996662733,2.8718950748443604,1,3,9.826286315917969,3.98869252204895
186,EIF5A,"EIF5A, SUPT5H, SCFD1, IMPDH2, FANCI",0.006431397770187334,3.12589168548584,11,6,7.127351760864258,4.193732261657715
187,NPAT,"NPAT, LDLR, SQLE, NCBP2, CHMP1A",0.00760101020004,3.1330790519714355,8,6,8.298124313354492,4.390985488891602
188,INTS6,"INTS6, MRPL27, ACAT2, KLHL21, LAMTOR1",0.008035325628727956,2.7990734577178955,3,5,11.309958457946777,5.315961837768555
189,GNL2,"GNL2, SNRPD3, SLTM, USP47, ZCCHC17",0.00537551127651481,3.813338279724121,16,0,8.615971565246582,6.245848655700684
190,ADIPOR1,"ADIPOR1, GDI2, VAPA, NDUFS2, RBPJ",0.005650022156949635,3.2975800037384033,16,6,9.351189613342285,6.2720866203308105
191,TMEM230,"TMEM230, OLA1, WDR18, AGPS, NCAPD3",0.009873568131639731,2.7252604961395264,3,1,7.879086017608643,5.6477484703063965
192,CPSF3,"CPSF3, RALA, ANP32B, DNAJC8, HERC2",0.004638253483346994,3.466804265975952,5,2,9.997123718261719,6.185975551605225
193,RUNDC1,"RUNDC1, NONO, PSMC2, ZNF574, SET",0.008491209769450076,2.909576892852783,2,5,9.806221008300781,5.915302276611328
194,HDDC2,"HDDC2, RPL17, KDM5B, SNRPA1, VDAC1",0.007410813375738729,3.0460548400878906,2,8,8.38072681427002,3.972644090652466
195,ANAPC13,"ANAPC13, TFB2M, AAMP, TONSL, MYNN",0.004983352875893631,3.2925965785980225,0,6,8.281017303466797,5.938796520233154
196,SF1,"SF1, MLST8, COPS7A, XPNPEP3, ATP5ME",0.006166690849768038,3.0419764518737793,3,4,10.169766426086426,6.021278381347656
197,CGGBP1,"CGGBP1, ZNHIT2, NIF3L1, AZI2, RRP9",0.004957862579853254,2.7369556427001953,0,2,7.9114179611206055,4.561400413513184
198,FBL,"FBL, FDXR, STT3A, NOA1, GNPDA1",0.00623041658986898,3.432888984680176,11,5,7.448354721069336,3.9812204837799072
199,GGNBP2,"GGNBP2, TUBB4B, ZNHIT3, NDUFAF6, NAA16",0.0070617923991858796,2.760122537612915,2,9,10.019347190856934,2.933664083480835
200,COA4,"COA4, CHCHD2, LYPLA2, AKT1S1, PSMC4",0.0072912050635492685,2.5127506256103516,0,5,8.434776306152344,4.468380451202393
201,NLN,"NLN, KRAS, LMNB1, MAP7D1, FXR2",0.004634331899340782,3.0229949951171875,9,1,10.025890350341797,4.145764350891113
202,DEK,"DEK, EIF2S1, VEGFB, CNOT6, BCS1L",0.006284338369954392,3.7861475944519043,1,4,11.093710899353027,5.906530380249023
203,SMPD4,"SMPD4, GINS4, SCAP, MAPKAPK5, AAMDC",0.008636308377679912,2.899320363998413,1,2,8.806902885437012,5.630289554595947
204,CCDC124,"CCDC124, LAMTOR1, NCAPG2, PLXNA1, PDCL",0.0047941364475939125,3.862724781036377,12,1,11.118558883666992,4.968079566955566
205,CNIH4,"CNIH4, COX7B, HIGD1A, MLEC, PDZD8",0.0075068921838909175,3.103179693222046,9,6,10.399867057800293,4.959993839263916
206,ELOF1,"ELOF1, CEBPZOS, GOLGA7, MRPL10, METTL22",0.005728453837073871,4.132248878479004,6,5,9.316549301147461,4.21328067779541
207,PNP,"PNP, USP22, SRP72, AIP, BNIP2",0.007302969815567904,3.4953019618988037,7,8,7.9004435539245605,5.548598766326904
208,TACO1,"TACO1, MDC1, UTP14A, BRCA1, RAD17",0.005107863168090855,3.3296375274658203,3,4,7.1086578369140625,4.694474697113037
209,ANAPC16,"ANAPC16, PTTG1, ARID4B, RBM26, RBM25",0.0061186514456919435,3.9993484020233154,31,3,8.984148979187012,5.992143630981445
210,RBMXL1,"RBMXL1, IFNAR1, HTATSF1, VMA21, BAG6",0.009635331903262366,2.3862290382385254,12,8,8.368412017822266,5.339819431304932
211,FDPS,"FDPS, PPP4C, IMPDH2, ACAA2, TXNDC17",0.007772579500311766,3.0227763652801514,1,8,9.790105819702148,5.87447452545166
212,PRMT1,"PRMT1, MAP4, CDC37, NME1, TMEM14B",0.006976497947050773,3.316399335861206,1,8,11.88912582397461,5.5869832038879395
213,CPSF2,"CPSF2, KTN1, DIMT1, EIF3I, HSPA14",0.0037304067859089646,4.102181434631348,0,7,8.358583450317383,4.506806373596191
214,ELOC,"ELOC, DESI2, RTCA, ARL6IP1, RAMAC",0.006967674383036796,2.9966840744018555,0,9,10.816116333007812,4.623976230621338
215,NDUFAB1,"NDUFAB1, MFSD5, CCT3, LRRC59, FDX2",0.0064794371742634286,3.6497838497161865,1,7,10.128219604492188,5.920461654663086
216,HACL1,"HACL1, FBXO5, TRPT1, PTCD3, TIA1",0.006592182714442017,2.7319281101226807,0,9,8.889041900634766,3.8874974250793457
217,PSMA1,"PSMA1, AATF, EIF2B2, PSMB7, RNF10",0.004293154090800356,3.8253307342529297,3,8,11.014105796813965,6.267179489135742
218,HDAC1,"HDAC1, SAFB2, SPOP, AKAP8L, PDAP1",0.005452962560637493,3.0356364250183105,1,5,7.6987504959106445,4.980816841125488
219,LYAR,"LYAR, CMC1, POLR3G, PSMB4, SLTM",0.00642355460217491,3.783996820449829,0,6,7.699326515197754,4.057722091674805
220,DCUN1D1,"DCUN1D1, TPRKB, PHIP, OXLD1, PGLS",0.00739806822771854,2.683753490447998,3,2,10.3568115234375,4.122434139251709
221,PYURF,"PYURF, MRPL52, LRRFIP2, TRRAP, SNRPF",0.00680590904278056,3.186347484588623,1,0,10.54759407043457,3.3207192420959473
222,EMC7,"EMC7, MORF4L2, NELFCD, RAB2A, DHX9",0.0064912019262820635,2.6006522178649902,9,1,10.215335845947266,5.975558757781982
223,RTCA,"RTCA, MAN1B1, NDUFS2, SLC25A16, SINHCAF",0.005685316413005541,3.5985937118530273,5,7,10.605335235595703,6.084643363952637
224,UQCRC2,"UQCRC2, PUF60, ATXN10, TMX4, PRDX6",0.005905905513354954,2.774858236312866,11,6,9.111745834350586,6.0003790855407715
225,QTRT2,"QTRT2, CDCA2, HSDL2, LIAS, TIMMDC1",0.005411785928572269,3.11250376701355,0,4,8.442933082580566,3.7278239727020264
226,SMIM10L1,"SMIM10L1, IK, TAF15, EXOC7, RNF115",0.0044343311150239805,3.211791515350342,2,5,9.032803535461426,3.124511241912842
227,EXOSC1,"EXOSC1, TP53I3, CENPE, ZDHHC6, MAGOHB",0.00762748089208193,3.1997013092041016,46,6,9.324548721313477,5.934837341308594
228,SEC63,"SEC63, WAPL, EIF6, UBE2K, PSMD14",0.00808336503280405,3.061022996902466,2,0,8.978672981262207,3.46026873588562
229,DPH3,"DPH3, TMEM70, ATP5PF, COX19, DCTN5",0.01003925505590218,3.127744674682617,38,2,7.8976030349731445,5.138792991638184
230,SRRT,"SRRT, TMED2, EWSR1, GOLGA7, CHD3",0.005749042153106483,3.925051689147949,63,0,10.503289222717285,4.60341739654541
231,UQCRC1,"UQCRC1, RBM42, PIH1D1, SREK1IP1, CDK11A",0.0045078608151404515,3.228083610534668,1,8,9.634679794311523,5.532385349273682
232,ENO1,"ENO1, RAN, PRKDC, SOD2, SLC4A1AP",0.0032078557170812433,4.335346698760986,0,3,11.3102388381958,6.215519428253174
233,ZNF672,"ZNF672, UQCR11, PCM1, KEAP1, STX17",0.006798065874768136,3.5011982917785645,2,7,9.237019538879395,6.3505964279174805
234,CENPM,"CENPM, FADS3, TIMELESS, FANCD2, RAD51AP1",0.007415715355746493,3.4717164039611816,0,4,9.884173393249512,5.110912322998047
235,USP39,"USP39, SRP54, UNKL, MED16, WDR77",0.008190228196973322,2.2726950645446777,0,9,10.358399391174316,5.3587799072265625
236,SNUPN,"SNUPN, CIZ1, PMS1, METTL3, GSR",0.00606080808160032,3.0296740531921387,0,6,8.44917106628418,4.403814315795898
237,SGO1,"SGO1, TOR3A, AEN, NME2, CACUL1",0.007377479911685928,2.6621944904327393,1,3,10.350666046142578,5.846764087677002
238,CRCP,"CRCP, PFAS, DDX27, TMEM107, TMEM242",0.0059735528374621075,3.2127633094787598,4,9,10.913252830505371,6.70207405090332
239,GTPBP3,"GTPBP3, UQCC3, AUP1, EZH2, PAFAH1B3",0.006791203102757265,2.667703866958618,8,0,9.338467597961426,5.209198474884033
240,SNRPA,"SNRPA, ANAPC16, UBE2F, ATG13, SAR1A",0.006369632822089498,3.4089510440826416,25,6,9.385627746582031,6.40801477432251
241,BANF1,"BANF1, PGAM1, CUL5, ERH, ZNF207",0.007086302299224703,3.133744239807129,5,3,8.965168952941895,5.190812587738037
242,FNBP4,"FNBP4, PCBP2, PABPN1, FUS, PSMB4",0.004110800434511508,3.6530048847198486,7,8,9.56546688079834,2.745089054107666
243,WASHC2C,"WASHC2C, CCT5, TMEM165, ARL1, KIF2A",0.007394146643712328,3.1699166297912598,12,8,8.389893531799316,4.259450912475586
244,ERP29,"ERP29, PCM1, SEC61B, CSDE1, TM9SF3",0.005363746524496175,3.574767827987671,2,3,9.742759704589844,4.520229816436768
245,TRPT1,"TRPT1, VCP, NTMT1, PRRC2A, MRPL50",0.005480413648680975,2.740665912628174,10,8,10.506815910339355,4.6657609939575195
246,TARBP2,"TARBP2, POLD2, CFAP20, ERVK3-1, KIAA1191",0.006298063913976133,3.020216941833496,0,9,7.867987632751465,6.016938209533691
247,PRPF19,"PRPF19, NELFCD, DSN1, CTNNBIP1, COMMD9",0.005953944917431049,2.6234750747680664,9,1,8.572638511657715,3.415959358215332
248,GNB1,"GNB1, EPS15, GALNT2, PAQR3, ATAD3A",0.010901023141267221,2.5915353298187256,0,4,9.49571704864502,7.2016377449035645
249,MLST8,"MLST8, RAB3GAP2, ZNF84, E2F4, NDUFA8",0.007596108220032235,2.656437635421753,8,9,10.359545707702637,4.736802101135254
250,STMN1,"STMN1, TMEM230, LRRC40, WDR18, UBL5",0.004526488339169957,4.35013484954834,1,1,9.151226043701172,5.115625381469727
251,MTX2,"MTX2, UBQLN1, NDUFB10, PDHB, HMGB1",0.004826489515645159,3.5701000690460205,7,3,10.869722366333008,4.4537034034729
252,CDC16,"CDC16, STRAP, CDV3, RREB1, GALNT1",0.006398064306134534,3.2907631397247314,2,8,10.390708923339844,5.053928852081299
253,UBE2T,"UBE2T, RB1CC1, KMT5A, DYNLL1, CNIH1",0.006020611845536649,3.7781407833099365,5,1,8.118840217590332,3.5776309967041016
254,CDV3,"CDV3, COA3, FDPS, RIPK1, QDPR",0.005134333860132785,3.928696393966675,7,8,9.690306663513184,7.723573207855225
255,EXOSC1,"EXOSC1, BRAP, CSNK2A1, ARL17A, C15ORF40",0.007838266032415813,2.563059091567993,18,6,10.561519622802734,5.286165237426758
256,IDH3A,"IDH3A, GORASP2, USP42, MLST8, USP46",0.008101012160832003,2.472852945327759,0,7,8.516809463500977,5.200843334197998
257,SMC3,"SMC3, NDUFA10, LLPH, RALY, BID",0.00616374966176338,2.6649746894836426,11,0,8.803997993469238,3.540175199508667
258,G6PC3,"G6PC3, MBOAT7, FPGS, GNB2, HPRT1",0.006858850426864419,3.036667823791504,2,7,11.00460147857666,6.465384006500244
259,GORASP2,"GORASP2, PWP1, PAPSS1, NMD3, CMC2",0.00624022054988451,3.349461793899536,9,9,10.26775074005127,3.2330572605133057
260,NAP1L4,"NAP1L4, KIF2A, ATP2A2, ATP13A3, CHD1",0.005210804748253915,3.4658405780792236,30,0,9.58186149597168,5.711516380310059
261,TXN,"TXN, CDCA7, HMGB1, AHCYL1, CHPT1",0.004290212902795697,3.992418050765991,5,3,8.2859525680542,4.00916862487793
262,CCNB2,"CCNB2, PIK3CB, UQCRC2, LSM8, TBCA",0.005482374440684081,3.66863751411438,1,6,10.48016357421875,3.628164052963257
263,BPTF,"BPTF, NDUFC1, HDAC1, MRPS18A, PDCD2",0.007985325432648755,2.7835655212402344,5,6,8.659197807312012,5.255496978759766
264,SUCLA2,"SUCLA2, FUNDC1, PLEKHA3, RABEPK, HRAS",0.005801983537190342,3.7569453716278076,3,8,9.624263763427734,3.9972431659698486
265,ABHD5,"ABHD5, ANKRD39, CDCA2, TOP2B, PPME1",0.008662779069721842,2.882230520248413,1,4,10.036908149719238,5.633896350860596
266,TIMM22,"TIMM22, HEXA, CSTF1, PTAR1, ZDHHC12",0.0075098333718955764,2.5820798873901367,1,9,10.768988609313965,5.247745037078857
267,EIF4EBP1,"EIF4EBP1, FEM1A, NOP10, LARP4, ZWINT",0.005543158992780363,3.0298593044281006,0,1,8.767166137695312,4.708548069000244
268,ATXN10,"ATXN10, CBLL1, HBS1L, ACTL6A, POLR1D",0.008242189185055628,2.5065596103668213,15,2,7.882649898529053,6.178526878356934
269,EIF3H,"EIF3H, EIF3E, EIF3F, ABL2, COPS7B",0.005004921587927796,5.218191146850586,5,3,8.419114112854004,3.479304790496826
270,DDIT3,"DDIT3, ARPC5L, NME2, SLC19A1, GTSE1",0.00677257557872776,2.669400215148926,4,8,8.599099159240723,4.085124969482422
271,AGPAT3,"AGPAT3, KPNA3, SNRPD1, NDUFAF4, TGS1",0.00821964007701991,4.849795818328857,0,2,8.843493461608887,4.036189556121826
272,ERVK3-1,"ERVK3-1, CUL1, INTS10, FBXO5, AIMP2",0.005252961776320691,3.226224899291992,13,1,8.004964828491211,5.664884090423584
273,C22ORF39,"C22ORF39, BCKDK, LSM12, EGLN1, TPMT",0.007460813571817929,2.939993381500244,1,1,10.858575820922852,3.404543399810791
274,HMGN1,"HMGN1, EIF3F, RGS10, HMGN2, NASP",0.004050996278416778,3.073793649673462,7,3,7.918537139892578,3.1360816955566406
275,RNPS1,"RNPS1, BOD1L1, HSPA8, SKP1, ANAPC15",0.008347091557221792,2.6220452785491943,5,3,10.94942569732666,6.8551506996154785
276,UBXN6,"UBXN6, BNIP1, ATPAF1, ZMAT2, VPS51",0.005362766128494622,2.533233165740967,8,0,10.187029838562012,6.377695083618164
277,TCEA1,"TCEA1, BICD2, SLC25A11, SSU72, PKN1",0.006231396985870533,2.3683485984802246,1,2,11.096490859985352,4.615418434143066
278,SETD4,"SETD4, ZNF444, NUP54, ZNF771, STK32C",0.009682390911336908,5.549238681793213,1,4,11.864495277404785,5.551722526550293
279,MED4,"MED4, NAA35, CDC6, SRP54, LDB1",0.008364738685249746,2.5638909339904785,1,4,9.867781639099121,4.937477111816406
280,TPM3,"TPM3, DBI, EIF3K, RPL17, SOD1",0.007037282499147056,3.2938034534454346,0,3,8.2481689453125,5.315191745758057
281,LDHA,"LDHA, NUP155, BYSL, FARSA, SETD1A",0.004084329742469578,4.026549816131592,8,4,8.133785247802734,3.5201587677001953
282,NSMCE4A,"NSMCE4A, EIF3H, HM13, SLC39A4, TXNL1",0.004771587339558194,3.0984151363372803,6,8,8.355156898498535,3.5996921062469482
283,PSMB3,"PSMB3, SLC5A3, DTYMK, CDKN3, DCP1A",0.004194134094643509,3.474491834640503,7,1,7.825341701507568,4.2145867347717285
284,POLDIP2,"POLDIP2, PPP1R35, SURF6, EIF2AK2, CPSF1",0.008990231334240527,4.085535049438477,16,5,10.240899085998535,4.784949779510498
285,ZNHIT2,"ZNHIT2, ERI3, MTHFD2L, ROCK1, STUB1",0.007864736724457743,3.0373191833496094,0,2,8.219637870788574,4.9638824462890625
286,TUBGCP3,"TUBGCP3, NUP54, MVB12A, PNKP, REEP4",0.007666696732144047,2.3802366256713867,0,7,10.92006778717041,5.469876766204834
287,HMGB2,"HMGB2, DLGAP5, PRRC2C, CYCS, SRSF11",0.0056068847328813055,3.5978286266326904,9,3,10.652447700500488,5.864724159240723
288,CCDC25,"CCDC25, RWDD4, LEPROTL1, ICE1, CSDE1",0.0039882509343173896,3.9569640159606934,0,1,9.802457809448242,5.930942058563232
289,GATD1,"GATD1, RPL26L1, PPP1R15B, WASHC1, C2ORF68",0.008448072345381747,3.0949764251708984,1,6,10.894895553588867,5.131109237670898
290,PCBP2,"PCBP2, PAXBP1, NAT14, TMEM177, AGPAT2",0.005035313863975937,3.5012781620025635,16,0,9.549442291259766,3.065176486968994
291,HNRNPC,"HNRNPC, HNRNPK, MEN1, ATP5IF1, TBK1",0.004597076851281769,3.2693591117858887,0,6,7.381217956542969,5.601832866668701
292,TDP2,"TDP2, KAT5, UNK, ATG13, TMEM87B",0.008772583421895772,2.4853549003601074,0,1,11.095868110656738,6.223443984985352
293,C15ORF40,"C15ORF40, PUS7L, TMEM70, USP4, FUBP3",0.00762748089208193,3.1993889808654785,0,2,8.982433319091797,4.3421807289123535
294,HADHA,"HADHA, PITHD1, DCP2, CHRAC1, CTCF",0.0037304067859089646,3.5520856380462646,3,9,9.773426055908203,7.823689937591553
295,SLC3A2,"SLC3A2, NFE2L2, SPTY2D1, RBM14, KDM3A",0.008717681245808807,2.7424960136413574,0,7,10.998327255249023,6.16574764251709
296,POLR3GL,"POLR3GL, MEAF6, ANAPC5, PABPN1, NT5C3B",0.003736289161918282,3.3560304641723633,4,0,8.561582565307617,4.9574761390686035
297,ASB1,"ASB1, PUF60, EMC7, SAE1, AKT1S1",0.006296103121973027,2.6263532638549805,1,0,7.863029956817627,5.05664587020874
298,ERH,"ERH, PDIA3, HNRNPA3, SSR2, PSME2",0.003554915901630987,3.643150806427002,12,0,10.994784355163574,5.689107894897461
299,TRIAP1,"TRIAP1, MRPL45, LBR, COG8, MRPS23",0.005672571264985353,2.7948522567749023,26,0,7.083946704864502,4.0157365798950195
300,BLOC1S1,"BLOC1S1, ZNF24, TTI2, STOML2, CEP57L1",0.005043157031988361,3.1434075832366943,0,2,10.782612800598145,6.3179850578308105
301,ERG28,"ERG28, SSBP4, NUDCD2, SDAD1, ATP6V1D",0.007313754171584986,2.7600176334381104,6,8,8.454089164733887,6.718035697937012
302,USP15,"USP15, DDX46, CSNK2B, RAB11FIP1, TP53I3",0.00366570064980647,3.481724500656128,14,9,10.896350860595703,4.442263603210449
303,UTP4,"UTP4, BOLA3, METTL1, TPRKB, KIF20A",0.005740218589092507,3.196018695831299,0,4,10.179098129272461,7.546180248260498
304,EIF3G,"EIF3G, SET, TMPO, CLTC, CPOX",0.003850015098098424,3.2467269897460938,4,3,10.288806915283203,4.977083683013916
305,TEX264,"TEX264, GRB2, MRPL57, MRPL14, LYAR",0.006570614002407852,3.821716785430908,12,1,9.54446029663086,6.1534423828125
306,NKIRAS2,"NKIRAS2, NSD3, BAG2, ELP5, GRIPAP1",0.007991207808658073,3.394589900970459,13,9,10.00230884552002,3.6482720375061035
307,DGCR8,"DGCR8, MLF2, PSMB1, TMEM181, HMMR",0.006458848858230817,3.0128302574157715,1,2,8.885380744934082,5.187575817108154
308,ANAPC11,"ANAPC11, NR2C2AP, TPST2, XPC, C19ORF25",0.0047921756555908065,3.590907573699951,2,6,10.727134704589844,3.490844964981079
309,GNPAT,"GNPAT, RFC2, MAGOHB, GPALPP1, ZC3H8",0.005597080772865776,3.4577159881591797,14,7,9.82365608215332,2.709697723388672
310,NELFE,"NELFE, LSM3, ARPC1B, HS2ST1, PLD3",0.005396099592547421,3.7604353427886963,0,7,7.393441200256348,4.472460746765137
311,CDKN2AIPNL,"CDKN2AIPNL, VAPB, SEC61G, RRN3, KCTD3",0.007871599496468614,2.2525815963745117,0,9,9.142274856567383,6.691644191741943
312,PRPSAP2,"PRPSAP2, POLD2, ATP6V1C1, RPRD1A, TMED5",0.007258851995498022,2.7678146362304688,1,2,10.764765739440918,6.1439313888549805
313,TMEM199,"TMEM199, NSUN5, PSMC3, GALNT2, TMEM203",0.008172581068945368,3.475379228591919,0,4,9.066298484802246,5.073074817657471
314,GADD45GIP1,"GADD45GIP1, BCAP31, THAP11, LRRC47, DCPS",0.007789246232338166,3.040926933288574,14,7,8.308473587036133,4.684206962585449
315,RAB8A,"RAB8A, TAF9, SRSF1, NKAP, SLC39A6",0.006506888262306911,3.230837821960449,15,5,7.15669059753418,5.252497673034668
316,BLOC1S4,"BLOC1S4, CDC123, SLC30A5, ARL5A, DOT1L",0.009106898458425328,2.8376898765563965,12,0,11.129348754882812,5.577509880065918
317,PHF14,"PHF14, CCNG1, CCT3, STRAP, LMNB2",0.00503629425997749,3.41060471534729,4,0,7.654778480529785,5.943726062774658
318,CIAO2A,"CIAO2A, ZNF92, TRIM25, CWF19L1, ACADM",0.007237283283463856,3.5480432510375977,0,9,10.242902755737305,3.007986545562744
319,B4GALT4,"B4GALT4, SAYSD1, CCP110, RAB9A, TNIP1",0.07339440546825673,3.6302402019500732,0,8,11.655961990356445,4.938035011291504
320,SKP2,"SKP2, SUGT1, CUL1, ZNF195, DPP3",0.004923548719798901,3.09635329246521,5,2,8.304986000061035,5.857028007507324
321,SLC2A4RG,"SLC2A4RG, DTD1, UBA1, EIF2S1, COMMD4",0.005910807493362719,3.848439931869507,0,8,7.177268981933594,5.742441654205322
322,ELOA,"ELOA, DNAJB12, GPR107, GATAD2A, SYMPK",0.008423562445342923,3.635653495788574,5,8,10.284540176391602,6.959944725036621
323,POLR3D,"POLR3D, JAGN1, TRAPPC2, MRPS9, MRPS27",0.006617673010482394,3.0007967948913574,9,7,9.998764038085938,3.968421220779419
324,MED4,"MED4, NUP54, CCDC32, USP24, SMAD5",0.004679430115412217,2.979809522628784,23,0,10.999789237976074,4.687685489654541
325,KLHL23,"KLHL23, SPC25, TPGS1, MFSD14B, MOB1B",0.005614727900893729,2.9834091663360596,0,9,8.104452133178711,3.4407906532287598
326,INTS11,"INTS11, FTSJ1, MTCH1, GSPT1, UBE2I",0.006160808473758721,3.661646842956543,0,1,9.255590438842773,2.9140493869781494
327,NCAPG,"NCAPG, PTGES2, KCTD20, CDK5, MGME1",0.0067764971627339715,3.2259182929992676,3,7,9.819185256958008,5.5857648849487305
328,COPS7B,"COPS7B, SUDS3, MRPL51, BCR, NOL4L",0.005846101357260224,3.5698025226593018,2,9,9.511395454406738,2.6202590465545654
329,FASTKD5,"FASTKD5, FAM120AOS, DOT1L, SCAP, VMA21",0.0076510103961192006,2.80798077583313,0,6,7.481351375579834,5.744874954223633
330,NCBP3,"NCBP3, CYTH2, KANSL3, CYP20A1, TRNT1",0.006620614198487053,2.7429893016815186,1,7,8.74727725982666,4.141664981842041
331,MRS2,"MRS2, MANF, GALE, BTF3L4, TMEM68",0.009935333079737568,3.112485408782959,1,9,11.296096801757812,5.380837440490723
332,ZC3H7A,"ZC3H7A, BRK1, ERP29, MED28, MYL6B",0.0061245338217012614,2.8977932929992676,0,5,7.181247234344482,5.737401962280273
333,PAXBP1,"PAXBP1, SMC1A, ANGEL2, MRPS22, PGS1",0.00728140110353374,2.8479082584381104,0,1,9.578165054321289,5.711402893066406
334,HEXA,"HEXA, AZIN1, PRKCSH, NGDN, PPP1R37",0.005516688300738435,3.6912074089050293,1,1,7.585542678833008,4.724658966064453
335,BDP1,"BDP1, TMEM50A, MCM7, PRDX1, PSMG2",0.007157871207338068,2.65388822555542,0,0,9.529208183288574,4.634607315063477
336,SEC61B,"SEC61B, GNG5, ATP6V1G1, SUB1, MZT2A",0.006691202710598865,3.174318313598633,1,3,9.760719299316406,4.714719772338867
337,DLGAP5,"DLGAP5, ASPM, SPAG5, CDKN3, GTSE1",0.006790222706755712,3.8041155338287354,44,4,10.6580810546875,5.092116355895996
338,SURF2,"SURF2, STK24, RNF181, RFXANK, TRAPPC4",0.007971599888627015,2.830338954925537,11,8,8.149133682250977,4.688458442687988
339,AQR,"AQR, EXTL2, API5, TPGS2, CSTB",0.008973564602214126,2.714355707168579,9,2,10.278656959533691,3.8938279151916504
340,PRPF4B,"PRPF4B, RTF1, TRIM44, PRDM2, CCDC137",0.006314730646002534,3.5097060203552246,25,9,9.536191940307617,4.026004314422607
341,RBBP4,"RBBP4, RNPEP, MINDY3, LPGAT1, ZNF579",0.004991196043906055,4.460512638092041,7,5,11.39681339263916,6.320573806762695
342,MTREX,"MTREX, CHRAC1, FANCD2, RAB2B, ACBD3",0.007793167816344378,2.7935309410095215,6,4,8.880724906921387,6.926124572753906
343,BUB1,"BUB1, UBA5, RRP1, PPM1F, SLC9B2",0.005279432468362621,4.564253330230713,12,4,11.152151107788086,5.380398750305176
344,TSR3,"TSR3, STRADA, MRPS2, BLMH, ZNRF1",0.006615712218479288,2.633535146713257,4,8,7.159991264343262,6.251492500305176
345,NUMA1,"NUMA1, UQCRH, HMOX2, HYOU1, ANAPC13",0.008165718296934498,2.538280487060547,12,5,9.6002836227417,4.060224533081055
346,SEC61G,"SEC61G, MIF, TAGLN2, ATP6V1G1, RPS4X",0.008757877481872478,3.4484925270080566,0,3,11.571566581726074,4.9691596031188965
347,SLC25A3,"SLC25A3, C11ORF58, HELZ, P4HB, AZI2",0.0066402221185181114,2.9470531940460205,14,6,9.941302299499512,4.344780445098877
348,HSF1,"HSF1, TMEM179B, NAXE, AUP1, AKIRIN2",0.005253942172322244,3.551508665084839,7,0,7.791412830352783,3.8247196674346924
349,TM9SF1,"TM9SF1, DDX39A, BUD31, ENDOG, GTF3C6",0.006620614198487053,2.8926186561584473,13,8,7.877534866333008,5.429407119750977
350,RAB2B,"RAB2B, CUL2, AGO1, APPL1, PCYT1A",0.009986313671818322,2.365370750427246,2,4,9.880197525024414,4.753054141998291
351,DHX9,"DHX9, TP53BP2, DTD2, WDR4, CBX1",0.006808850230785219,3.4897398948669434,3,0,10.1626558303833,3.1311163902282715
352,MRPS11,"MRPS11, ASB8, CIAO1, BBIP1, CEBPG",0.011002003929427174,3.185701370239258,4,6,11.245657920837402,6.399846076965332
353,FAM204A,"FAM204A, LUC7L, DNAJC19, RBM42, LARP4B",0.008703955701787065,2.305413007736206,1,9,9.46643352508545,6.370988845825195
354,ARMC1,"ARMC1, SEC23IP, RINT1, SDHAF2, MPI",0.006813752210792983,3.232095241546631,5,5,8.960619926452637,4.219038963317871
355,GPX4,"GPX4, EIF3K, TKT, CANT1, CMC2",0.006591202318440464,2.964334011077881,2,3,11.890223503112793,5.548353672027588
356,KMT2B,"KMT2B, ZDHHC5, FAM168B, RAB5B, KHSRP",0.00898434895823121,2.5309088230133057,1,1,10.558948516845703,7.286603927612305
357,PLCXD1,"PLCXD1, ZBED1, PPP2R3B, VAMP7, NDUFAF2",0.005258844152330009,4.287611961364746,3,7,11.491616249084473,3.8775575160980225
358,PCBP1,"PCBP1, ATF4, UBE2D2, DSG2, TXNDC5",0.0038186424260487294,4.471799373626709,2,0,8.983115196228027,3.0198774337768555
359,MTRF1L,"MTRF1L, CSTF1, KLHL8, TRAPPC2, RBMX",0.004540213883191699,3.5817160606384277,0,7,10.434947967529297,5.819788455963135
360,ANGEL2,"ANGEL2, MED17, PPWD1, ACOT7, GOLGA5",0.006906889830940514,2.5902011394500732,0,7,9.058597564697266,4.482550144195557
361,AURKA,"AURKA, NT5DC2, MYH10, POLR3K, SCD",0.010586316024768725,2.8198258876800537,78,8,9.901371002197266,4.759171962738037
362,PTS,"PTS, ANKRD11, CDC20, FLYWCH2, OTUD4",0.006963752799030584,3.3578736782073975,2,2,9.103203773498535,7.5140581130981445
363,HNRNPU,"HNRNPU, GPN1, LRPPRC, RBM17, NDUFS2",0.006745124490684277,3.939192533493042,20,8,9.885276794433594,3.740032434463501
364,EIF3G,"EIF3G, RSL1D1, DONSON, EIF3F, SNRPD1",0.008545131549535488,2.412707567214966,5,5,8.992372512817383,3.875267744064331
365,PTTG1,"PTTG1, MPHOSPH6, AP1B1, TOE1, SNAPC5",0.007154930019333409,2.6892409324645996,0,2,10.149179458618164,5.906698226928711
366,MECR,"MECR, FAM216A, PSPH, FNBP4, EDF1",0.007546108023953035,2.5865018367767334,1,2,9.716080665588379,5.633705139160156
367,EIF4G2,"EIF4G2, MCM2, ZMYND8, NDRG3, KIAA0319L",0.006836301318828702,2.6746597290039062,3,3,10.037650108337402,2.785551071166992
368,GATAD1,"GATAD1, GAPVD1, PRPF18, DEAF1, ELP4",0.005835317001243142,3.5444681644439697,0,1,7.718995571136475,4.115232944488525
369,SDHD,"SDHD, BCAP31, HADHA, ORMDL2, DPH3",0.006859830822865972,2.617290735244751,10,0,11.292342185974121,4.194422245025635
370,CHCHD1,"CHCHD1, TXNRD1, TMEM138, SAP30, RNF8",0.004569625763238288,3.6753056049346924,1,5,7.220609664916992,5.476016998291016
371,LIAS,"LIAS, ARMC6, MTOR, HSPA4L, ACTR8",0.006019631449535096,2.593410015106201,0,4,10.927875518798828,4.356690406799316
372,SFT2D3,"SFT2D3, HYOU1, NUP188, GPATCH1, AIFM1",0.006691202710598865,2.787658214569092,1,5,11.234277725219727,6.419919490814209
373,AGPAT2,"AGPAT2, HSD17B10, UCK2, NAA20, MTPAP",0.007176498731367574,2.5041933059692383,15,8,9.280543327331543,3.456010580062866
374,PRRC2A,"PRRC2A, PCNT, TMEM43, PTCD3, N4BP2",0.007612774952058635,3.885810613632202,12,9,9.615499496459961,7.5146002769470215
375,NAXE,"NAXE, DCTPP1, PHF5A, RAD23B, FIBP",0.005648061364946529,3.447822093963623,1,0,8.05603313446045,3.385857105255127
376,ATP5F1A,"ATP5F1A, TPST2, FBXO7, PHF23, NFYB",0.007227479323448327,3.196171998977661,5,8,10.973697662353516,6.33762788772583
377,SPC25,"SPC25, NEPRO, SLC35B1, RDH11, SPATC1L",0.004377468146933909,3.340489149093628,1,7,8.869739532470703,5.484192371368408
378,MICOS10,"MICOS10, CAPZB, CWC27, OXA1L, ERGIC3",0.0047068812034557,3.3212532997131348,0,9,10.094965934753418,4.358487129211426
379,TMEM134,"TMEM134, MXD4, RAB5A, POLR2H, RNF41",0.00939023290287413,3.380831003189087,9,9,11.333767890930176,6.638001441955566
380,MFN1,"MFN1, RFC2, API5, TMEM138, PLEKHA3",0.007300028627563245,3.192927837371826,6,7,11.983111381530762,5.381179332733154
381,FDX2,"FDX2, DSN1, EXOSC2, CIP2A, DCAF1",0.008526504025505982,2.784743309020996,0,4,10.1613187789917,7.526256084442139
382,PSMD10,"PSMD10, NIT2, DNAJB14, IGBP1, BAZ1A",0.005691198789014859,2.9565906524658203,4,9,8.101158142089844,5.362757205963135
383,TATDN2,"TATDN2, PPM1F, RABIF, PRR3, ZNF426",0.0066196338024855,2.8811872005462646,0,1,10.647368431091309,3.946394443511963
384,SOAT1,"SOAT1, RNASEH2B, COPS2, GPR108, ATG10",0.0076568927721285185,2.9196550846099854,2,8,8.79426097869873,7.176549434661865
385,MPG,"MPG, RHOQ, MRPL40, PDIA3, PIN4",0.009763763779465803,2.877074718475342,13,0,11.366430282592773,5.238187789916992
386,DTYMK,"DTYMK, SPATC1L, ZNF576, YWHAE, TAF6",0.004194134094643509,3.650420904159546,31,5,9.119871139526367,5.496192932128906
387,HBS1L,"HBS1L, SEPHS2, UBE2A, UBAP2, FGFR1OP2",0.005344138604465115,3.2691845893859863,19,6,7.183610916137695,5.208981990814209
388,PPP1CB,"PPP1CB, CTDNEP1, TGFBR1, SF3B3, ADAT1",0.006920615374962255,2.9212265014648438,9,9,8.712788581848145,5.884054183959961
389,SMC4,"SMC4, INCENP, HACD3, WDR62, NUP88",0.007517676539907999,2.7115373611450195,2,6,10.90675163269043,6.29180383682251
390,PPIG,"PPIG, BLMH, CCDC22, ACOT7, TXN",0.005448060580629728,3.502422332763672,1,7,8.851324081420898,4.414247035980225
391,RBM27,"RBM27, SEC61A1, NAA10, FUBP1, USP22",0.005739238193090954,3.2057852745056152,5,0,9.654505729675293,5.0652546882629395
392,AARSD1,"AARSD1, HNRNPDL, HM13, TXNL1, RBBP4",0.004232369538704073,3.3271846771240234,2,4,9.214960098266602,3.7004733085632324
393,PRPSAP1,"PRPSAP1, SPNS1, COA5, MTHFD2L, TMBIM6",0.006795124686763477,2.7334108352661133,1,5,10.594636917114258,6.583129405975342
394,PSMA7,"PSMA7, PYCR2, COMMD7, NAPA, GLRX5",0.006350024902058439,2.7462685108184814,0,3,10.799570083618164,4.636694431304932
395,ATP5PD,"ATP5PD, HM13, ADAL, MORC2, SEC31A",0.008104933744838215,2.6177568435668945,12,5,8.998547554016113,3.9226295948028564
396,SAP18,"SAP18, HEBP2, AP1S1, PSMA3, CCT6A",0.008897093714092997,2.9958345890045166,8,9,11.687515258789062,5.510080337524414
397,PGAM1,"PGAM1, RP9, TFAM, NSUN5, TBPL1",0.006871595574884607,4.195711612701416,3,8,11.754765510559082,5.541826248168945
398,HTATSF1,"HTATSF1, DNAJC19, PCF11, UBA3, CYP20A1",0.00744806842379774,3.2201666831970215,2,0,9.49046516418457,3.197403907775879
399,SDHB,"SDHB, NSMAF, CCNB1IP1, CNIH1, POLR2B",0.005707865521041259,3.009354591369629,12,0,10.305041313171387,3.776596784591675
400,SNRPG,"SNRPG, ERH, RBM27, TMEM70, SCD",0.005845120961258671,3.482409715652466,1,0,9.512781143188477,4.948308944702148
401,DCP2,"DCP2, VKORC1, PMF1, BABAM1, ZNF581",0.003959819450272354,4.069507122039795,3,9,9.938146591186523,6.812343597412109
402,MAD2L1BP,"MAD2L1BP, AP1M1, DDX28, GID8, GTF2E2",0.006761791222710678,3.2283904552459717,0,1,9.666518211364746,5.16839075088501
403,PRRC1,"PRRC1, USP16, ABHD10, RAB6A, ATP5PF",0.008162777108929839,2.6430792808532715,8,4,8.872162818908691,6.660295009613037
404,RAD50,"RAD50, MED17, IGF2BP3, ZNF268, ORC6",0.004083349346468025,4.533233642578125,22,5,8.15202808380127,6.902262210845947
405,GPATCH4,"GPATCH4, KTI12, BUD23, EMC3, SRSF3",0.005300020784395233,3.7755651473999023,4,3,8.397134780883789,4.936575412750244
406,CTPS1,"CTPS1, SORD, CLP1, EIF5A, ERVK3-1",0.0070617923991858796,3.5594828128814697,1,4,10.251508712768555,4.882814407348633
407,HMGB2,"HMGB2, GTPBP6, TIPRL, TRIP12, LARP4",0.004743155855513159,4.412509918212891,17,5,9.469525337219238,7.18363094329834
408,CD320,"CD320, KDM5B, STAU1, SPATS2, MRPL21",0.008510817689481136,3.0348711013793945,5,8,9.1138334274292,2.9600589275360107
409,MOCS2,"MOCS2, IPO11, HSP90B1, FANCI, NAB1",0.0043588406229044035,3.6097307205200195,0,3,10.865586280822754,6.884709358215332
410,TUBA1B,"TUBA1B, PCNX4, MTA1, PPP4R2, YIPF6",0.005114725940101726,5.404907703399658,5,8,7.71464204788208,5.909861087799072
411,TAF8,"TAF8, XRCC4, MSL1, ZCCHC9, LAMTOR5",0.006493162718285169,2.655651569366455,0,7,8.903132438659668,5.476451396942139
412,IWS1,"IWS1, PRDX5, ZKSCAN1, APOO, SLIRP",0.00674610488668583,3.1705777645111084,13,8,10.065766334533691,5.084327697753906
413,PNKD,"PNKD, UTP23, NIPSNAP3A, SLC25A32, TMEM50A",0.008298071757144145,3.0747950077056885,6,2,8.64568042755127,4.590102672576904
414,SPCS3,"SPCS3, TRAPPC5, ARGLU1, C21ORF58, TAF5L",0.005574531664830058,3.4098429679870605,0,5,10.865926742553711,6.703621864318848
415,<SPECIAL>,"<SPECIAL>, PUSL1, GUK1, TMEM106C, PCBP2",0.0075510100039608,4.480525016784668,14,3,8.628209114074707,3.8292195796966553
416,BTF3L4,"BTF3L4, BRK1, CCND3, ABHD5, SLC35D1",0.005589237604853353,2.7337729930877686,4,8,9.497424125671387,6.191689968109131
417,PSMC3,"PSMC3, ARFIP2, YWHAB, BOLA2, MRPL20",0.0044323703230208745,3.8073930740356445,0,6,10.902153968811035,5.146763801574707
418,MTHFD1L,"MTHFD1L, PMS2, EIF2S3, RLIM, FKBP8",0.007065713983192091,2.834641456604004,6,0,10.722966194152832,3.1583495140075684
419,INTS10,"INTS10, PTP4A2, AP1S1, MCCC1, TAX1BP1",0.005354922960482198,3.278687000274658,15,9,9.239959716796875,2.906641721725464
420,MEN1,"MEN1, AGBL5, RRP9, METTL1, COPS7B",0.006648065286530535,2.929877519607544,0,1,10.116369247436523,5.7286057472229
421,GTF3A,"GTF3A, MIS12, SIKE1, RAB10, CCNL2",0.004329428742857815,3.2897655963897705,0,7,9.893012046813965,4.775489807128906
422,ATP5F1B,"ATP5F1B, MFN1, SRPRB, UTP14A, MMAB",0.006563751230396982,3.3293473720550537,15,8,10.201169967651367,3.20499849319458
423,PGPEP1,"PGPEP1, RAB11FIP1, TRAPPC2, TRABD, CIR1",0.006506888262306911,3.1580984592437744,2,2,7.975202560424805,2.9926886558532715
424,PRXL2C,"PRXL2C, TMEM43, SLU7, SLK, SAR1B",0.006294142329969921,2.5993998050689697,0,5,8.560892105102539,5.92589807510376
425,PKM,"PKM, CEBPZOS, CYB5B, AK6, TTI2",0.007249048035482492,2.603027820587158,8,9,9.007328033447266,3.7901806831359863
426,PCNP,"PCNP, NDUFAF2, METAP2, DTYMK, SMC5",0.005397079988548974,4.274971008300781,1,0,8.908313751220703,6.7220234870910645
427,GCAT,"GCAT, HSP90AB1, YBX1, HSP90AA1, HSPA8",0.0049392350558237486,4.327854156494141,0,3,11.696986198425293,4.156088352203369
428,MTR,"MTR, ACTR3, R3HDM4, TSN, PRPF8",0.009374546566849282,2.4450056552886963,19,9,8.12088680267334,4.69039249420166
429,LNPK,"LNPK, ZNF518A, ZNF24, CCDC6, NPEPPS",0.007470617531833458,2.4601638317108154,17,0,9.733622550964355,4.3860344886779785
430,SND1,"SND1, EIF5A, NUP50, METAP2, TDP2",0.00433433072286558,3.199774980545044,4,5,10.972962379455566,6.197873115539551
431,<SPECIAL>,"<SPECIAL>, SCAND1, RPL19, RPS4X, RPS19",0.0072961070435570334,4.700601100921631,0,3,9.908562660217285,7.1752495765686035
432,ZBTB37,"ZBTB37, CMAS, ANKRD39, MOB2, EXT2",0.0094970960670434,4.055153846740723,0,1,11.467113494873047,5.890580654144287
433,TOMM20,"TOMM20, RALBP1, ZNF580, MCU, PRCC",0.004236291122710285,3.6399261951446533,0,6,8.965190887451172,4.367982864379883
434,PNP,"PNP, METRN, DNAJC9, S100PBP, TEX264",0.006274534409938862,2.9318020343780518,0,6,11.522990226745605,6.150600910186768
435,OSGEP,"OSGEP, ASCC2, POGK, TANGO2, NCKAP5L",0.006876497554892372,2.5644102096557617,0,0,9.32050609588623,7.344893932342529
436,CCDC138,"CCDC138, RNF34, WASHC2C, TRIM37, ILRUN",0.005839238585249354,2.6505203247070312,0,7,9.7362060546875,5.215329170227051
437,BCR,"BCR, NEMF, ZNF195, ENSA, CERS5",0.006562770834395429,3.156489849090576,2,9,11.600996017456055,3.9281790256500244
438,TRAPPC3,"TRAPPC3, LAGE3, UBA2, RAD23B, ZNF37A",0.008038266816732614,2.880629539489746,12,0,10.836862564086914,5.151984214782715
439,LARP4B,"LARP4B, ZBTB7A, MAZ, MRPS2, PRPF31",0.00778042266832419,2.799806594848633,17,0,8.550939559936523,4.291327953338623
440,XPO7,"XPO7, EIF2AK4, BLOC1S1, MTHFD2L, EGLN2",0.0075127745599002345,2.437978506088257,0,2,11.22359848022461,3.622941732406616
441,CDK5,"CDK5, METTL8, EIF2B3, LSM14A, CDC45",0.01249416664379076,2.3164923191070557,0,4,10.076529502868652,7.227580547332764
442,PMF1,"PMF1, GABPB1, MINDY2, TMEM59, NGRN",0.008859838666033985,3.100865125656128,0,2,10.96306037902832,6.260627746582031
443,METTL17,"METTL17, CLASRP, PRDX2, PTTG1, TROAP",0.009052976678339915,3.054734706878662,32,1,9.142254829406738,5.140920639038086
444,HDAC1,"HDAC1, PLIN3, ATP5F1C, AURKAIP1, MACO1",0.004448056659045721,3.4825539588928223,10,8,7.2510905265808105,5.846192359924316
445,CHURC1,"CHURC1, TCAF1, MMS22L, ANAPC16, RFC2",0.007262773579504233,2.2886266708374023,32,9,11.23041820526123,4.135643005371094
446,DDX1,"DDX1, DCP1A, CNPY2, HNRNPC, HNRNPK",0.004905901591770948,3.3940269947052,0,5,8.17788314819336,7.173133850097656
447,KLHDC3,"KLHDC3, DYNLL2, FKBP3, TMEM18, NT5DC2",0.006064729665606532,3.582085132598877,5,1,10.081013679504395,5.632933139801025
448,RCC1,"RCC1, ATP5MF, DDX39A, STMP1, PYCR1",0.004679430115412217,3.6592845916748047,5,6,10.689900398254395,5.837514400482178
449,PSMD3,"PSMD3, SNRPC, MRPL17, TMF1, BAG6",0.0059735528374621075,3.5124120712280273,8,6,7.708523750305176,5.949807643890381
450,TAF8,"TAF8, DUS4L, MRPS33, BRCA1, PPIG",0.007190224275389315,2.708050012588501,14,6,10.029345512390137,6.145846366882324
451,NHP2,"NHP2, QSER1, WDR83OS, ALG5, SDHD",0.005077470892042714,3.548124313354492,1,9,9.91971492767334,6.772557258605957
452,CHMP4A,"CHMP4A, TAF7, COMMD3, POLR2J3, PRR13",0.005329432664441821,3.1469438076019287,19,6,9.573206901550293,5.7670392990112305
453,MCM5,"MCM5, BRCA1, PSMD1, NADK2, ACO2",0.005870611257299048,2.8429629802703857,21,6,7.3838419914245605,4.294933795928955
454,MRPL34,"MRPL34, GNPNAT1, SCO1, IGHMBP2, PTCD3",0.0072951266475554805,2.8575398921966553,9,2,9.767614364624023,4.798873424530029
455,ARF6,"ARF6, VMA21, MCMBP, WDR1, EIF5B",0.008429444821352241,2.5321295261383057,2,6,10.131206512451172,3.238288640975952
456,PRPF31,"PRPF31, FDPS, APRT, LONP2, PRDX3",0.005400021176553633,3.162691116333008,1,0,11.16664981842041,4.987753868103027
457,<SPECIAL>,"<SPECIAL>, LSM4, MYDGF, ASAH1, HSPE1",0.004981392083890525,4.577542304992676,16,3,9.979382514953613,3.892855405807495
458,CCNI,"CCNI, RPA3, ALDH9A1, ASPM, NHLRC3",0.004791195259589254,2.9482619762420654,9,0,8.604228973388672,3.7273077964782715
459,DPH3,"DPH3, BUB1, GNPNAT1, AGBL5, PRMT1",0.004351977850893533,3.79120135307312,7,1,9.545721054077148,7.1430253982543945
460,CANX,"CANX, HMGN1, PSMA3, CLP1, GLMN",0.006025513825544414,3.633118152618408,1,6,11.17300033569336,3.886509895324707
461,UBE2T,"UBE2T, CDCA5, PSMD2, GTF2H2, STK40",0.0064804175702649815,3.372849941253662,1,1,8.152894973754883,6.186827182769775
462,MGME1,"MGME1, RCHY1, MED31, NFKBIL1, CBX1",0.00787748187247793,2.902475595474243,0,7,9.785276412963867,4.753032207489014
463,MLF2,"MLF2, PPIE, EIF4EBP1, BUD31, NSFL1C",0.005104921980086196,3.090188503265381,9,8,8.648757934570312,6.096859455108643
464,TIMM10,"TIMM10, CHRAC1, SLC25A26, ZNF512, SARNP",0.0053823740485256805,3.4996180534362793,1,5,9.20747184753418,6.718782901763916
465,ELP5,"ELP5, KDM3A, GALNT1, BCL2L13, C1D",0.0062608088659171215,3.1706924438476562,9,2,7.424283981323242,4.649009704589844
466,SNRPB,"SNRPB, CTDNEP1, SEC61G, NDUFA13, RNF6",0.005646100572943423,4.040317058563232,0,3,8.8405122756958,7.04072904586792
467,TMEM208,"TMEM208, DCTN1, NUDT21, OTUB1, ELOVL5",0.004445115471041063,3.8959081172943115,0,2,7.817746639251709,5.677482604980469
468,CHAMP1,"CHAMP1, AMDHD2, HGH1, FAM199X, CRELD2",0.008564739469566547,2.6299686431884766,23,4,10.526163101196289,6.555853366851807
469,ADK,"ADK, RTRAF, NFRKB, ZBTB43, ZFYVE27",0.007964737116616143,2.5782527923583984,0,5,11.546329498291016,5.018982410430908
470,DNAJC3,"DNAJC3, BUD23, CALR, TRMT1L, POLE3",0.007408852583735623,3.2148211002349854,7,1,11.000065803527832,5.0165605545043945
471,MAPKAPK5,"MAPKAPK5, ADH5, SURF2, SEM1, RRP9",0.004594135663277111,3.1500954627990723,1,8,10.122261047363281,4.062135696411133
472,CLP1,"CLP1, PTRH1, MUS81, GLRX3, MRPL50",0.007123557347283715,2.5628252029418945,11,4,8.814311981201172,6.997514247894287
473,CASP3,"CASP3, ZNF326, ATPAF1, YY1AP1, EPB41L2",0.006286299161957498,2.74501895904541,6,8,9.778079986572266,6.293676853179932
474,TMF1,"TMF1, SMIM30, HMGCS1, DHX16, PPP4R3B",0.006178455601786674,3.065042734146118,9,6,11.445316314697266,5.402446269989014
475,DMWD,"DMWD, TXNDC12, TRIM27, GLMP, DCTN1",0.006443162522205969,2.8516740798950195,4,2,10.925324440002441,5.912472248077393
476,NFE2L2,"NFE2L2, CLINT1, SMS, STAT3, EEF1G",0.005481394044682528,3.2264657020568848,33,6,7.217172622680664,5.292183876037598
477,STAMBP,"STAMBP, SOD1, MGME1, CHMP5, CISD1",0.0060480629335801315,3.165191411972046,4,7,7.706998348236084,3.804729461669922
478,FKBP8,"FKBP8, TAF6, RAD50, TMEM115, ATP13A1",0.00733140129961294,2.9899802207946777,0,5,7.901006698608398,4.961706638336182
479,PHAX,"PHAX, PSMA4, GLRX2, CEP152, PDCL3",0.006898066266926537,2.7892117500305176,0,4,7.548925876617432,3.735907554626465
480,PFDN2,"PFDN2, IMPDH2, LYSMD3, PRDX4, THUMPD3",0.004146094690567414,3.7982048988342285,0,6,9.838737487792969,4.5264787673950195
481,PSME2,"PSME2, NDUFB2, LRRC58, RAB8A, SET",0.004182369342624873,3.2407870292663574,10,3,9.753457069396973,5.788350582122803
482,CENPM,"CENPM, NDUFB5, VDAC2, RPA3, SCAMP3",0.002600010196118416,4.899199962615967,23,5,8.958736419677734,3.227396011352539
483,RNF8,"RNF8, EIPR1, GPATCH11, HYOU1, POLRMT",0.007921599692547814,2.8659353256225586,0,4,9.859029769897461,5.997175216674805
484,NIFK,"NIFK, BAX, PDZD11, C2ORF49, FH",0.005585316020847141,3.2741611003875732,4,8,10.16181468963623,5.516153812408447
485,FBL,"FBL, CMSS1, RWDD1, UQCRQ, PTP4A2",0.006420613414170251,3.956264019012451,1,6,8.708365440368652,5.8725266456604
486,ELF1,"ELF1, MPZL1, TAF8, RUVBL2, NUP37",0.006147082929736979,2.8371944427490234,1,7,7.623260974884033,6.155740261077881
487,HNRNPA3,"HNRNPA3, STRAP, PDE4DIP, CD164, TMEM123",0.005188255640218197,3.1680986881256104,1,9,7.863587379455566,5.7780256271362305
488,EDF1,"EDF1, RHOA, DDX46, HNRNPC, MAPRE1",0.008203953740995062,2.7396271228790283,3,3,7.337230682373047,5.292179107666016
489,THOP1,"THOP1, DEAF1, GLT8D1, RAC3, TTC8",0.006901007454931196,3.367800712585449,1,7,8.282614707946777,4.8732500076293945
490,NRBF2,"NRBF2, GTF2B, DYNLL2, PDCD10, YEATS4",0.005931395809395331,3.151458740234375,5,0,10.95295524597168,4.163578510284424
491,UFSP2,"UFSP2, UQCRH, PGRMC1, PSMG4, TRAPPC4",0.006929438938976231,3.2271955013275146,3,5,8.641668319702148,3.8985888957977295
492,USE1,"USE1, ABCC4, COMMD2, BIN3, SURF6",0.007595127824030682,3.0833165645599365,0,1,11.447233200073242,4.883297443389893
493,NFYC,"NFYC, NDUFAF8, YME1L1, SH3GLB1, LDLR",0.0041402123145580965,3.638136625289917,1,8,9.374983787536621,3.2637932300567627
494,TUT4,"TUT4, PARP1, SF3B5, SNRPC, DUSP11",0.006531398162345735,2.815161943435669,0,2,8.922420501708984,3.9854631423950195
495,PPIB,"PPIB, RIOK1, PDZD8, HPS5, PLIN3",0.007604931784046212,2.4292304515838623,7,0,9.396186828613281,6.750833988189697
496,SRPK1,"SRPK1, PSMD4, TIMM50, GIPC1, ECI2",0.006608849446468418,2.827711582183838,7,8,6.981517791748047,4.45832633972168
497,GPI,"GPI, USO1, SCLY, TRPT1, CHD1",0.006598065090451335,2.9791815280914307,0,0,8.913113594055176,4.76588773727417
498,KIF2A,"KIF2A, ATOX1, PRPF19, CDC6, HDGFL2",0.006621594594488606,2.6073734760284424,26,2,8.582184791564941,5.9748005867004395
499,MOB1A,"MOB1A, CTU2, CAPN1, MCRS1, THUMPD3",0.0052392362322989505,3.0030901432037354,0,6,9.129368782043457,5.762596607208252
500,AFG3L2,"AFG3L2, POLR2E, CANT1, IDE, EMC2",0.009128467170459491,2.7777442932128906,5,4,10.037322998046875,3.778465747833252
501,RNF214,"RNF214, NDUFS8, DEK, CAAP1, RRP8",0.007091204279232467,2.737048387527466,0,7,10.599961280822754,4.6967878341674805
502,P4HA1,"P4HA1, TIMM8A, C1ORF122, REXO2, RAB2A",0.006771595182726207,2.9554545879364014,0,1,8.306602478027344,4.409120082855225
503,SELENOS,"SELENOS, ZNF195, ACTN4, UTP20, DPY30",0.007084341507221597,2.834165096282959,5,2,9.221589088439941,4.865695476531982
504,TCEA1,"TCEA1, TMED10, ANXA11, TANGO2, MLST8",0.006291201141965262,3.5956902503967285,1,4,9.76790714263916,6.6232991218566895
505,SCAP,"SCAP, PFDN4, GPS1, TMEM199, AKIRIN2",0.007066694379193644,2.894308567047119,2,6,10.92502212524414,5.957136631011963
506,DUT,"DUT, ITGB3BP, NSA2, NUP153, DEGS1",0.006675516374574018,3.1037540435791016,0,9,7.466869831085205,5.655966281890869
507,OSTC,"OSTC, LRPAP1, DUT, PA2G4, METTL8",0.005621590672904599,2.969085454940796,13,1,8.361015319824219,3.940140962600708
508,MAD2L1BP,"MAD2L1BP, VPS36, RNF145, MBOAT7, MFAP1",0.008021600084706215,2.6149134635925293,4,6,8.257715225219727,4.117454528808594
509,<SPECIAL>,"<SPECIAL>, BRD7, PTPMT1, CCDC124, SNRPA1",0.005294138408385915,4.3639726638793945,3,1,7.024592399597168,6.047695159912109
510,ZNF791,"ZNF791, MAP2K7, IMMP1L, LSM10, PGRMC2",0.0061843379777959916,3.1621153354644775,2,1,10.609447479248047,4.761626720428467
511,TRMT1,"TRMT1, ATP5PD, CASP3, PRKD3, ATOX1",0.006362770050078628,2.884556293487549,13,2,7.568918704986572,3.9538424015045166
512,NDUFB3,"NDUFB3, P4HA1, PPP1R15B, SKP1, MAPKAP1",0.0061941419378115205,3.8435254096984863,31,8,9.714333534240723,4.439505577087402
513,SH3GLB1,"SH3GLB1, ARF4, ZNF207, NDUFS2, RBM39",0.007076498339209173,2.4783742427825928,19,8,10.56820297241211,6.492313861846924
514,RAD51AP1,"RAD51AP1, RAB2B, KLHL21, CUL4B, TXNL4B",0.009032388362307303,2.690333366394043,3,2,9.82275390625,5.474767208099365
515,BCL2L13,"BCL2L13, PCNX3, MED15, ZYG11B, SLC35B2",0.007013752995109784,2.9293766021728516,0,5,9.136035919189453,5.946422100067139
516,SGO2,"SGO2, SFT2D1, POLR2G, MAEA, ATM",0.005994141153494719,3.2768001556396484,4,5,10.716676712036133,3.2899928092956543
517,LRR1,"LRR1, RITA1, RRM1, NAT14, FBXL12",0.007108851407260421,2.7966582775115967,6,4,11.208831787109375,6.466212749481201
518,MFF,"MFF, UBE2S, PPCS, CAP1, NIPA2",0.005058843368013208,3.3417673110961914,1,5,9.975362777709961,6.916166305541992
519,BCL7C,"BCL7C, ABL2, LARP4B, ZNF706, EIF1AX",0.007242185263471621,2.5308544635772705,14,1,9.758886337280273,5.552095890045166
520,SLC25A4,"SLC25A4, WDR18, NDUFS1, MRPL54, PIH1D1",0.006584339546429594,2.905780553817749,18,1,11.413662910461426,6.411751747131348
521,SRSF8,"SRSF8, SLC1A5, UGCG, RAB1B, CFAP97",0.00661277103047463,2.7528903484344482,31,0,9.290877342224121,2.56093692779541
522,ZNF268,"ZNF268, FAHD2A, ASAH1, ZNF574, SAMD1",0.009085329746391162,3.0702602863311768,4,7,9.924812316894531,4.341578006744385
523,ACTL6A,"ACTL6A, MTRR, PPWD1, POC5, MTHFD2L",0.005424531076592457,3.7412869930267334,0,2,9.600349426269531,2.979665517807007
524,NDUFA5,"NDUFA5, FBL, ARPP19, METTL9, MAF1",0.006637280930513453,2.6510536670684814,0,8,10.551466941833496,3.9357693195343018
525,SSBP4,"SSBP4, MLF2, SDF2L1, CIRBP, MIDN",0.006885321118906349,2.973788261413574,2,8,9.338309288024902,3.285010576248169
526,HYOU1,"HYOU1, FUNDC1, ZCCHC9, MED19, SAV1",0.008528464817509088,2.3739097118377686,0,7,11.407193183898926,3.719186544418335
527,NOC4L,"NOC4L, PSMF1, PIP5K1A, TBC1D9B, TUBA1C",0.005474531272671657,3.9892826080322266,14,8,7.97440767288208,3.8699350357055664
528,TOR1AIP2,"TOR1AIP2, EIF5, CHPF, PPP1CA, RSL24D1",0.004600998435287981,3.815478801727295,2,1,7.219130992889404,5.650407314300537
529,ACTN4,"ACTN4, TAF6, STT3A, NADK2, DLD",0.008513758877485794,2.6048061847686768,0,9,11.216804504394531,4.081737995147705
530,MDH1,"MDH1, ACSL3, VPS4A, RABGGTB, IPO9",0.00859219055761003,2.4682254791259766,13,5,10.443978309631348,3.970810651779175
531,CBX3,"CBX3, HMCES, PHF5A, RSL1D1, NAA16",0.004194134094643509,3.7741096019744873,1,7,7.614953517913818,5.965884208679199
532,WBP11,"WBP11, UQCRFS1, LARP1, CCAR1, SMAD2",0.006352966090063098,3.5049188137054443,29,8,9.317785263061523,5.732196807861328
533,CMTM6,"CMTM6, OCIAD1, SART3, GNAI3, GEMIN6",0.007170616355358256,3.289900064468384,3,4,10.658709526062012,3.188805341720581
534,RNF170,"RNF170, PIN1, UBIAD1, ZNF511, PARP1",0.008376503437268382,3.4900858402252197,4,2,8.724051475524902,3.1878459453582764
535,PLEKHJ1,"PLEKHJ1, MORF4L2, CCNQ, FAM32A, PEX1",0.009485331315024765,3.265936851501465,1,1,10.424991607666016,5.453855514526367
536,AKIRIN1,"AKIRIN1, NDUFV2, PPIG, PPP1R2, THYN1",0.0075137549559017875,2.9335975646972656,7,8,10.429329872131348,2.8727645874023438
537,NDUFS6,"NDUFS6, KAT5, DTD2, PPRC1, PNKD",0.007152969227330303,3.101693868637085,0,4,8.13625717163086,7.285620212554932
538,DIDO1,"DIDO1, EXOC7, PNKP, BFAR, NHLRC3",0.013002011772595187,3.9087870121002197,1,5,7.6134934425354,5.027280807495117
539,NEMF,"NEMF, SNX9, CLTB, SLC2A1, LBR",0.005166686928184032,3.4265336990356445,3,8,9.590433120727539,5.325846195220947
540,PPP1CB,"PPP1CB, CSK, TPRKB, MRPL33, TFRC",0.007767677520304001,2.3816909790039062,11,0,9.872312545776367,3.5331637859344482
541,RRP1B,"RRP1B, TENT4B, TM7SF2, TCAF1, NHP2",0.0050157059439448785,2.7442963123321533,1,4,8.298112869262695,5.494056224822998
542,MPG,"MPG, BRMS1, TOMM20, CDK6, ABRACL",0.004310801218828309,3.281222105026245,2,3,8.224410057067871,3.9419353008270264
543,COPB1,"COPB1, KDELR2, MRPL30, PRORP, PIGT",0.007412774167741834,3.703582525253296,18,8,8.515402793884277,5.380505084991455
544,ABCC4,"ABCC4, CTU2, DUSP11, FLOT1, RBM14",0.006596104298448229,3.5460519790649414,0,4,9.927867889404297,7.233083248138428
545,CMPK1,"CMPK1, BOLA2, RAP1B, DRAP1, METTL2A",0.0053862956325318925,2.9683895111083984,21,3,7.757508277893066,4.766534805297852
546,UBE2T,"UBE2T, EMC3, MKRN2, ICMT, COMMD3",0.005736297005086295,2.986380100250244,6,4,9.612833023071289,5.007344722747803
547,PDIA3,"PDIA3, PRDX5, CDC37, OARD1, NEDD8",0.007329440507609834,2.619584798812866,0,3,7.84205961227417,6.607982158660889
548,APIP,"APIP, PRMT3, IGF2BP3, OPA1, MRPS11",0.004924529115800454,4.081718921661377,10,5,11.34986686706543,6.018198013305664
549,WASF2,"WASF2, HSP90B1, PPIG, COPB2, ZNF639",0.0042117812226714615,3.0036659240722656,4,6,9.198829650878906,5.21622371673584
550,POP4,"POP4, NPRL3, NOL8, ACBD3, POLR3K",0.0075823826760104945,3.580054759979248,0,4,9.489241600036621,4.8971710205078125
551,GINS2,"GINS2, SIL1, CLPB, UBXN6, PSMD3",0.006684339938587995,3.136636972427368,33,6,8.230269432067871,3.838902235031128
552,RAC1,"RAC1, DBNDD2, ACOT8, TP53I3, CMPK1",0.005306883556406104,2.951428174972534,9,6,11.717491149902344,5.319215297698975
553,SRRM2,"SRRM2, SLC5A3, EFCAB14, TBL1X, GINS2",0.006974537155047667,3.6703622341156006,6,9,7.564790725708008,4.569762706756592
554,TMEM14A,"TMEM14A, VKORC1L1, ZCCHC8, PPP6R1, KMT2B",0.005344138604465115,3.6535325050354004,1,1,9.159534454345703,5.37993860244751
555,DHFR,"DHFR, ALYREF, ANP32B, SF3B5, JADE1",0.002712755736297005,4.828470230102539,3,6,8.520683288574219,4.682119846343994
556,USP14,"USP14, ETF1, CHD8, PSMD12, PSMD11",0.005895121157337872,2.9190595149993896,8,0,7.3308868408203125,4.524722576141357
557,RAD51C,"RAD51C, ASXL2, REXO1, VRK3, TMCO3",0.005428452660598669,3.1235079765319824,0,9,10.829238891601562,4.3506760597229
558,MYC,"MYC, TPST2, UQCRC2, UFC1, TMEM167A",0.0050862944560566906,3.570509910583496,57,9,10.285111427307129,5.475274562835693
559,ZNF428,"ZNF428, HDAC2, YBX3, TMEM147, CCNG1",0.004395115274961863,3.401851177215576,14,6,7.511996269226074,5.4633684158325195
560,LRRC42,"LRRC42, RPL17, CASC3, VHL, GNG5",0.008487288185443864,2.939338445663452,0,8,10.989483833312988,4.883667469024658
561,MORF4L1,"MORF4L1, TRAPPC2L, HSPA5, HMCES, PSMD7",0.004193153698641956,3.576054334640503,13,6,9.94199275970459,4.238667964935303
562,BCS1L,"BCS1L, WAC, EZR, ILF2, NFE2L2",0.0072863030835415045,3.276250123977661,13,6,9.06992244720459,4.5102009773254395
563,SDHD,"SDHD, CNBP, TM9SF2, YWHAE, ORMDL1",0.005820611061219848,3.479714870452881,6,8,9.526416778564453,7.141719818115234
564,UFC1,"UFC1, COPRS, PPIB, THOC1, WAC",0.004464723391072122,3.664494752883911,12,9,9.527345657348633,7.704041957855225
565,UQCC2,"UQCC2, RBM4, HPS4, BID, FAM161A",0.005638257404931,4.151098251342773,5,4,9.657532691955566,7.017840385437012
566,CUTA,"CUTA, STRADA, WDR74, ATP5PD, DPH7",0.007428460503766682,3.372499942779541,0,3,8.97445297241211,4.881516933441162
567,PPID,"PPID, MPLKIP, VRK3, NUP160, LZIC",0.006574535586414064,3.6100175380706787,1,2,9.13959789276123,3.418743371963501
568,SUPT5H,"SUPT5H, IST1, DOT1L, TELO2, CENPU",0.006362770050078628,2.719341516494751,5,6,9.629232406616211,3.3338782787323
569,ZMYND8,"ZMYND8, SS18L2, ANKRD10, RRP1, NAA16",0.0064186526221671454,2.468003034591675,22,2,8.114333152770996,3.274240016937256
570,NGRN,"NGRN, EMD, GTF2H5, RP9, CDC16",0.0037578578739524467,3.190793752670288,2,8,9.144318580627441,3.3289778232574463
571,DDX50,"DDX50, AAMP, TBK1, PKMYT1, THAP5",0.00770395178020306,3.7530553340911865,1,6,9.944174766540527,6.453414440155029
572,UROS,"UROS, SPATA33, SURF2, PIGP, RBFA",0.005167667324185585,3.584184408187866,4,6,9.917670249938965,3.83595609664917
573,SLC20A1,"SLC20A1, TP53RK, LRRC57, CHTOP, LYRM7",0.004385311314946333,3.267054796218872,0,9,9.056632041931152,6.010889053344727
574,BIRC5,"BIRC5, ZFR, CKS1B, PLK1, QRSL1",0.006615712218479288,3.845082998275757,106,1,9.68178653717041,4.2234978675842285
575,BRCA1,"BRCA1, IMMT, PITPNB, GPATCH11, CHCHD2",0.00635688767406931,4.39294958114624,7,0,10.491499900817871,5.33255672454834
576,NT5C3A,"NT5C3A, POLR2B, SLC1A5, DNTTIP1, NDUFB9",0.006748065678688936,3.282620668411255,9,5,9.612826347351074,6.736146926879883
577,IMMP1L,"IMMP1L, TBPL1, CHP1, STRADB, RCC1",0.00788728583249346,2.9121766090393066,1,0,9.168964385986328,4.563599586486816
578,CKAP2,"CKAP2, ALG2, ARL17A, KTI12, POLA1",0.0050921768320660084,3.0712592601776123,2,1,10.359246253967285,3.666480541229248
579,CTDSP2,"CTDSP2, TRAPPC12, ANKRD10, XPC, BRD3",0.0061882595618022035,2.9873154163360596,3,6,8.967451095581055,5.665101528167725
580,RPA1,"RPA1, DBNDD2, RRP1, PARL, TST",0.005008843171934008,3.2561051845550537,0,5,10.187666893005371,4.388119220733643
581,PPFIA1,"PPFIA1, SMAD5, MTX2, G6PC3, ZFAND6",0.00463041031533457,2.743431329727173,7,1,7.038794994354248,5.565710544586182
582,SRSF2,"SRSF2, ENY2, TMEM60, MSL2, TALDO1",0.00759120624002447,3.019213914871216,3,1,10.953093528747559,4.359768867492676
583,YWHAH,"YWHAH, NDUFS6, ATP5MF, HSP90AA1, LAMTOR5",0.003017658892779972,4.056511878967285,4,3,9.63523006439209,4.033967018127441
584,SLC39A4,"SLC39A4, VKORC1, SRPRB, POLR2E, IFT81",0.006445123314209075,3.5436527729034424,4,8,10.188421249389648,6.855675220489502
585,ZNRD2,"ZNRD2, EMC3, NDUFAF8, PPP2CB, RRS1",0.007403950603727858,2.8017008304595947,29,8,9.831799507141113,5.857885837554932
586,BLM,"BLM, MRPL3, GTPBP1, RAB5A, CENPU",0.007104929823254209,3.205183982849121,1,1,10.357606887817383,4.53652286529541
587,TCOF1,"TCOF1, RRP1B, KBTBD2, N4BP2, SPTY2D1",0.009143173110482785,2.836961269378662,4,1,11.270682334899902,5.917284965515137
588,IDH3A,"IDH3A, UQCC1, PLIN3, THRAP3, UBE2G1",0.008569641449574313,2.904946804046631,15,8,9.213829040527344,4.660860061645508
589,ZFX,"ZFX, TYMS, EPM2AIP1, FEN1, EIF2S1",0.008441209573370877,2.7538652420043945,41,8,7.174871444702148,5.571400165557861
590,YWHAQ,"YWHAQ, SERP1, EIF4G2, ATP5F1B, PPIB",0.007203949819411057,3.4211249351501465,0,3,9.568567276000977,3.446711540222168
591,ITGB3BP,"ITGB3BP, PPP1R8, PRXL2C, COMMD9, HIKESHI",0.006613751426476183,3.6238837242126465,0,1,9.425820350646973,6.275245189666748
592,PRIM1,"PRIM1, FUS, USP47, COPA, EYA3",0.003201973341071926,3.4312024116516113,0,6,11.004168510437012,4.635716915130615
593,LMNB1,"LMNB1, PLEKHF2, GLRX5, CLOCK, CCNB1",0.006293161933968368,2.8775887489318848,46,0,8.251856803894043,4.462214469909668
594,ZNF830,"ZNF830, PBX2, ZCCHC3, RSRC1, DCAF15",0.00510296118808309,2.5689663887023926,0,4,9.623373985290527,4.841195583343506
595,PEMT,"PEMT, MTRF1L, ACAA2, FAM32A, CETN2",0.005947082145420178,2.3767919540405273,5,6,11.050175666809082,7.052353382110596
596,LSM7,"LSM7, HSP90B1, CPSF4, DMWD, PDCD2L",0.003593151345691552,3.429386854171753,0,4,9.054671287536621,6.729093074798584
597,UFC1,"UFC1, FUS, ANAPC11, UTP3, SCAND1",0.0030421687928187955,4.723569869995117,1,6,9.146737098693848,3.3091800212860107
598,CISD2,"CISD2, TXNL4A, NAP1L4, ATOX1, HNRNPUL2",0.006501986282299146,2.7731990814208984,0,6,8.319562911987305,4.866533279418945
599,CCNA2,"CCNA2, EXOSC6, CHEK1, CHD1, MRPL12",0.0034627586774850097,3.3816702365875244,22,1,10.947691917419434,3.5634679794311523
600,IMPDH1,"IMPDH1, WIPI2, YTHDF1, SMG7, EIF4G1",0.006093161149651567,2.8374533653259277,1,1,9.826519966125488,5.7607927322387695
601,YBX3,"YBX3, RNF8, SZRD1, MIER1, NADK",0.00528237365636728,2.9206316471099854,0,8,11.210219383239746,4.871842861175537
602,HNRNPA3,"HNRNPA3, GTPBP1, NUS1, EXOC3, NAPG",0.0046568810073764995,3.06414532661438,1,2,10.107366561889648,4.451197147369385
603,NUP50,"NUP50, SRSF8, MRPL16, SUMO1, ANP32E",0.0077274812842403305,3.2766785621643066,1,1,8.496294975280762,4.158626079559326
604,EIF3B,"EIF3B, TBL2, LRPPRC, GMPS, ZCCHC3",0.004638253483346994,4.215406894683838,0,1,11.486292839050293,5.443276882171631
605,CS,"CS, MPC1, EIF2B2, RAB7A, PPP4R2",0.007501990203883153,2.7159199714660645,3,8,10.455180168151855,6.044681549072266
606,ZNF326,"ZNF326, MTG1, PABPC4, ZC3H8, CENPA",0.005289236428378151,2.9965670108795166,0,1,9.411175727844238,5.294189929962158
607,CHMP2A,"CHMP2A, NSRP1, KMT5B, RBM8A, NSUN4",0.006439240938199758,3.0341618061065674,5,7,9.297945022583008,5.68389368057251
608,TIPRL,"TIPRL, ARF4, BRD3, KAT7, C1ORF52",0.004573547347244499,4.002528190612793,0,7,9.620652198791504,4.831938743591309
609,FANCM,"FANCM, UBA2, SRCAP, MAP7D1, USP39",0.005694139977019517,3.1085803508758545,8,5,10.147468566894531,4.788708686828613
610,MTOR,"MTOR, MPZL1, MCCC1, TCTN3, VPS72",0.005792179577174813,2.7390947341918945,1,1,11.696025848388672,5.308224201202393
611,YWHAZ,"YWHAZ, C14ORF119, SRSF2, C19ORF53, TNPO1",0.003947074302252166,4.3791728019714355,8,6,11.173341751098633,3.992234230041504
612,EIF2AK2,"EIF2AK2, ARL6IP4, NUP62, INTS1, CAP1",0.0034519743214679274,3.4650442600250244,39,6,9.88525104522705,3.160207509994507
613,ZNF121,"ZNF121, ADAT1, NR2F6, LETM1, TMEM50A",0.006725516570653218,2.6037049293518066,0,4,10.817354202270508,4.975231170654297
614,TRAP1,"TRAP1, SLC50A1, GOT2, COPRS, STYX",0.00602747461754752,4.859496116638184,4,7,8.824146270751953,6.2971673011779785
615,CYC1,"CYC1, SEPTIN2, RNPEP, CTNNB1, NIPSNAP1",0.005057862972011655,3.542341709136963,3,4,10.831167221069336,6.859370708465576
616,PAPOLA,"PAPOLA, CRCP, HDAC1, YTHDC1, CAPN10",0.0064833587582696405,2.8338797092437744,22,4,10.092297554016113,7.44334077835083
617,HDAC3,"HDAC3, NFATC2IP, TUBGCP3, RPUSD3, NUBP2",0.00839218977329323,2.3761298656463623,0,7,9.688133239746094,7.343957901000977
618,SEC61B,"SEC61B, BLM, CUTA, SRRM2, UPF3A",0.005672571264985353,3.6216766834259033,16,3,11.72659683227539,4.86124849319458
619,MRPL51,"MRPL51, KIF2C, SSR2, ATP5PD, MRFAP1",0.008976505790218785,2.9934659004211426,4,9,10.292600631713867,5.142942428588867
620,PGP,"PGP, GDF11, RBM10, TRAPPC13, PPP2R2A",0.008786308965917514,2.9679806232452393,2,7,9.253129959106445,3.8839821815490723
621,ATP13A3,"ATP13A3, LONP1, TIPIN, ECI2, SLC3A2",0.006291201141965262,3.207176446914673,4,4,7.211694717407227,4.371636390686035
622,PDE12,"PDE12, HNRNPUL2, KEAP1, MIEN1, RSBN1",0.00769414782018753,2.558445453643799,5,6,9.684003829956055,6.040432929992676
623,MYL6B,"MYL6B, SMARCE1, MTFP1, RSBN1L, P4HB",0.005996101945497825,3.662119150161743,3,6,8.938478469848633,3.640730142593384
624,ANP32B,"ANP32B, CLNS1A, NUCKS1, COG8, PARK7",0.005323550288432503,3.82305645942688,0,3,8.096625328063965,5.530895709991455
625,STARD7,"STARD7, TMEM208, KLHDC10, TOMM5, CNIH4",0.007342185655630022,3.3926842212677,15,0,9.387334823608398,5.3465166091918945
626,RBCK1,"RBCK1, RNF7, GATC, SPPL2A, DSTYK",0.006164730057764933,2.8450729846954346,15,1,9.15131950378418,5.505314826965332
627,MFAP1,"MFAP1, RAB10, KPNA4, WDR18, STRADB",0.00792356048455092,2.5653278827667236,10,7,8.191144943237305,5.293677806854248
628,NDUFB7,"NDUFB7, ZNHIT1, ZNF706, TOMM70, CMPK1",0.007179439919372233,2.7812886238098145,64,3,8.956521034240723,7.245491027832031
629,FLAD1,"FLAD1, LIAS, CYCS, DDIT3, CUEDC2",0.007529441291926635,2.7121801376342773,1,4,10.947529792785645,5.708912372589111
630,HIGD2A,"HIGD2A, ITGAE, GNL1, EMC9, PARL",0.004880411295730571,2.7993321418762207,0,4,7.8179497718811035,4.933279037475586
631,SMARCA4,"SMARCA4, POLR2E, BTF3L4, TIA1, VAPA",0.008331405221196946,3.126887083053589,0,8,8.222700119018555,4.283468246459961
632,TTF2,"TTF2, ISY1, MFSD14B, GRAMD1A, MED17",0.005362766128494622,2.87139630317688,3,5,7.7559027671813965,4.010889530181885
633,RCE1,"RCE1, UQCRC2, SUN1, OARD1, MIB2",0.009109839646429986,2.4655776023864746,0,8,9.9704008102417,4.545273780822754
634,SEC23IP,"SEC23IP, NAA38, MPI, NUBP1, EIF5B",0.011643182914442801,2.477764844894409,0,7,10.350067138671875,5.982706546783447
635,ZMAT2,"ZMAT2, MAPRE1, SAV1, GADD45GIP1, FANCG",0.006116690653688838,2.652564764022827,19,0,9.512784004211426,3.9710612297058105
636,ACAT1,"ACAT1, ACTR6, MGA, INTS1, CCDC51",0.007876501476476378,2.766569137573242,3,4,9.447668075561523,5.546458721160889
637,PPA2,"PPA2, PAFAH1B2, AP3M2, AMD1, TAF5L",0.008232385225040098,2.742105722427368,3,2,11.824347496032715,5.560372829437256
638,MYO19,"MYO19, PRRC2C, MAP7D1, UAP1, NIP7",0.004392174086957204,3.477185010910034,6,9,9.422530174255371,7.303647994995117
639,MRPS23,"MRPS23, UHRF1, SUGP2, UBXN4, MED8",0.004405899630978945,3.3462538719177246,0,6,11.539751052856445,5.013848781585693
640,APEX1,"APEX1, UBN1, KIAA1143, LSM10, SF3B2",0.006427476186181122,3.1797232627868652,4,1,8.068305969238281,4.645949840545654
641,CHEK1,"CHEK1, TLK1, HSP90B1, LRIF1, HPRT1",0.004437272303028639,3.5268454551696777,11,7,9.405755996704102,3.567652463912964
642,POLE3,"POLE3, NUDC, EXOC2, PTGES3, MT-ND6",0.005950023333424837,3.04628324508667,4,8,8.124979019165039,6.825037479400635
643,CCDC59,"CCDC59, ATP5PB, CSTB, MMAB, TIMELESS",0.007622578912074165,2.942662477493286,0,3,8.65640640258789,5.206427574157715
644,TTC19,"TTC19, GCFC2, TWNK, SPG7, TIMM22",0.006843164090839572,2.4268548488616943,3,5,9.52103328704834,5.491870880126953
645,RCC2,"RCC2, FYTTD1, TGIF2, EIF2B1, MAPKAP1",0.007774540292314872,3.450066566467285,3,4,9.878345489501953,5.7710795402526855
646,PDPK1,"PDPK1, BMS1, XRCC1, PPP1R16A, KIAA1143",0.006307867873991663,3.1276261806488037,2,7,9.269898414611816,4.78161096572876
647,ECI2,"ECI2, THOC6, PRPF38A, NECAP1, SZRD1",0.007752971580280707,3.1245639324188232,1,0,8.884427070617676,6.963430881500244
648,SLC25A5,"SLC25A5, TOMM5, ENO1, WASHC2C, MRPL17",0.004787273675583042,4.167946815490723,1,3,9.163025856018066,5.40512228012085
649,SHMT2,"SHMT2, TRAM1, TMX1, MRPL57, EIF3I",0.006161788869760274,2.9919815063476562,0,1,9.595794677734375,4.434168338775635
650,NUDT21,"NUDT21, WDR82, KIF3B, CEP135, GGCT",0.005801003141188789,3.193889617919922,9,1,10.27744197845459,4.278937816619873
651,TECR,"TECR, ATOX1, SEC22B, WDR6, FAM161A",0.007878462268479484,3.0083117485046387,22,1,10.859650611877441,5.639303207397461
652,FBRS,"FBRS, SLC35A3, SLC7A6, NADK, VHL",0.015069666939870352,2.6429531574249268,0,8,11.497931480407715,5.292356491088867
653,AMD1,"AMD1, POLE4, LYRM2, ACBD6, ZMYM6",0.007066694379193644,2.6183416843414307,3,0,8.668195724487305,2.8118321895599365
654,AP2S1,"AP2S1, RBBP6, INTS6, EMC4, PGRMC2",0.006477476382260323,2.9259932041168213,7,0,9.961338996887207,5.543152809143066
655,IMPDH1,"IMPDH1, ZNF512, STARD3NL, PNKD, PDPK1",0.004415703590994475,3.673529863357544,1,1,10.684798240661621,6.310504913330078
656,HSBP1,"HSBP1, KLHDC10, TMBIM6, THOC2, HELZ",0.003569621841654281,4.768170356750488,4,3,8.804654121398926,6.9819440841674805
657,ANKRD54,"ANKRD54, FAM234A, BLOC1S6, EDF1, TMEM41B",0.006877477950893925,2.9580445289611816,4,6,10.508146286010742,5.792840957641602
658,ETFA,"ETFA, HMGCL, DHX37, GTPBP1, SH2B1",0.008316699281173652,3.017730474472046,0,5,8.58651065826416,5.73268461227417
659,COMMD4,"COMMD4, SNRPE, PRR13, CCDC124, CACYBP",0.005001980399923137,3.5246622562408447,3,8,8.703594207763672,2.7890758514404297
660,APOO,"APOO, DNMT1, SRRM1, MRPL10, CCDC85B",0.007854932764442213,2.4623472690582275,18,8,8.534764289855957,4.849797248840332
661,NDUFB7,"NDUFB7, CLIC1, SLC30A7, ATP5F1C, DLGAP5",0.004300997258812779,3.574371576309204,0,3,11.555217742919922,5.243936061859131
662,RAN,"RAN, EIF3L, OTUB1, BCOR, RAB27A",0.005072568912034949,3.25325870513916,0,8,9.279984474182129,5.548522472381592
663,DTD1,"DTD1, APOO, PWWP3A, DDRGK1, DNMT1",0.006307867873991663,2.6725029945373535,1,1,9.99978256225586,6.562225341796875
664,RPA1,"RPA1, RBM27, CDCA4, THOC3, UCHL3",0.0034666802614912217,3.7488608360290527,0,0,8.398381233215332,6.275843143463135
665,TRMT61A,"TRMT61A, LIG3, ZNF622, EIF2AK2, NSFL1C",0.005527472656755517,3.0030441284179688,1,9,8.58942699432373,3.2880351543426514
666,HSBP1,"HSBP1, SRSF2, TGIF2, ARF3, CALM3",0.005663747700971377,3.041163682937622,9,6,10.548369407653809,4.049528121948242
667,USP5,"USP5, INCENP, GUF1, AK2, BDP1",0.004080408158463366,2.9833812713623047,5,6,8.842597961425781,6.76317024230957
668,HSPA5,"HSPA5, PPIB, SREK1, ZNF830, BRD3",0.004933352679814431,4.511789321899414,4,3,7.951692581176758,3.056743860244751
669,JADE1,"JADE1, PSMB7, C8ORF82, FAM120AOS, SUPT6H",0.00795983513660838,2.8923394680023193,13,7,9.555238723754883,3.7353739738464355
670,ECT2,"ECT2, DDX42, OSBPL11, XRCC5, HECTD1",0.005214726332260127,2.9322338104248047,13,5,10.3453950881958,3.0093932151794434
671,CORO1C,"CORO1C, SLU7, RPAP3, DNMT1, TFIP11",0.005118647524107938,3.8014888763427734,6,0,9.047562599182129,5.942229270935059
672,PSMG3,"PSMG3, POLR1D, GNB2, HNRNPH3, UBE2I",0.007059831607182774,2.670071840286255,6,8,8.041548728942871,4.029667377471924
673,DDX49,"DDX49, HMCES, DHX33, MOB1A, BAZ2A",0.006289240349962157,3.2891974449157715,0,7,9.210097312927246,5.069643974304199
674,EIF5,"EIF5, LIG3, POLR2A, MFSD5, EMC1",0.007545127627951482,2.4419827461242676,4,7,7.884930610656738,6.250673770904541
675,XRN2,"XRN2, NUDT1, ATF6, TANGO2, TMEM199",0.008719642037811913,2.735389232635498,4,8,10.30165958404541,4.618309497833252
676,PDCL,"PDCL, NR2F6, PLRG1, TSEN54, TRIM52",0.0072863030835415045,2.962010383605957,2,7,7.8891401290893555,6.023701190948486
677,ZRANB2,"ZRANB2, STOML2, RAB5IF, YY1, GPATCH2",0.0034509939254663744,3.1376335620880127,2,9,11.452556610107422,6.594292640686035
678,SETD4,"SETD4, STK32C, ZNF771, ZNF444, POLA2",0.008325522845187628,3.508549928665161,0,4,8.625285148620605,7.382664680480957
679,PGRMC2,"PGRMC2, RPA1, SNRPG, ALDH16A1, GNL2",0.006427476186181122,3.2403173446655273,0,0,7.151665687561035,4.764491081237793
680,HMGB2,"HMGB2, ARFIP2, TRIM41, HMBS, SYAP1",0.0069274781469731254,2.8090219497680664,1,2,10.491883277893066,4.242091655731201
681,PCLAF,"PCLAF, ATP5PF, ST13, VPS29, SLC25A3",0.0031147180969337135,5.672855377197266,6,3,7.913684368133545,5.0295820236206055
682,PPIE,"PPIE, NTHL1, RMND5B, RNF170, COPG1",0.007349048427640893,3.8568902015686035,2,9,9.903914451599121,5.868698596954346
683,ADD1,"ADD1, PRIM2, MZT1, PHF14, MED13",0.0039892313303189425,3.4275031089782715,2,1,8.68571949005127,6.97231912612915
684,EIF2AK2,"EIF2AK2, MRPL49, FAIM, IMPDH1, SHCBP1",0.006108847485676415,2.8702945709228516,1,5,8.456955909729004,5.286324501037598
685,EMC1,"EMC1, NUTF2, RBX1, HSF1, PTPN23",0.00444413507503951,4.100788593292236,6,4,9.40735149383545,6.639969348907471
686,RNF2,"RNF2, SUCLG1, PPP1R8, PLEKHB2, POLR1D",0.006782379538743289,2.528575897216797,1,8,8.248842239379883,4.6882734298706055
687,SYNCRIP,"SYNCRIP, RAE1, ARMC6, DNAJB11, LIG1",0.005482374440684081,3.64007306098938,2,9,8.775092124938965,4.682258605957031
688,AQR,"AQR, SPC25, NCAPG, NUP42, NUF2",0.00674610488668583,3.1361870765686035,12,7,9.443660736083984,4.61008358001709
689,DCAF12,"DCAF12, ERP29, PPA1, TMEM123, FNTA",0.003974525390295648,3.4968957901000977,5,5,10.069764137268066,4.763540267944336
690,GAR1,"GAR1, DUSP12, JPT1, SCYL2, FUNDC1",0.0059010035333471895,3.246284246444702,2,1,11.431556701660156,4.304972171783447
691,PPHLN1,"PPHLN1, TAF9, ZNF37A, ARF3, POLR2J3",0.0047990384276016766,3.3272855281829834,0,9,10.612687110900879,4.69209623336792
692,USE1,"USE1, MRPS36, DHX29, DNAJA3, MRPL46",0.006312769853999428,2.664994716644287,1,9,11.357407569885254,6.248442649841309
693,RNF26,"RNF26, CARHSP1, MRPL52, ZNF562, NOL9",0.006217671441848791,3.638183355331421,1,5,10.551889419555664,5.451725959777832
694,POLR3K,"POLR3K, CENPX, RPN1, VIRMA, ATG3",0.007270616747516657,3.132122755050659,5,1,10.965572357177734,6.270971775054932
695,MTDH,"MTDH, DTD1, SMDT1, SMAD5, DHPS",0.005587276812850247,3.1305739879608154,21,6,9.750510215759277,6.671811580657959
696,MIEF1,"MIEF1, ACADVL, TMEM160, GRB2, RCN2",0.005050019803999231,3.585056781768799,10,0,9.322463989257812,4.275064468383789
697,DDB1,"DDB1, C6ORF62, DNAJC5, NSMCE4A, PKM",0.006428456582182675,3.173835515975952,6,2,10.944852828979492,4.1110310554504395
698,COPS3,"COPS3, UBXN1, TERF2IP, POLR3E, ATAD1",0.0071490476433240914,2.834526538848877,14,2,9.371854782104492,4.888505935668945
699,FXR2,"FXR2, BUB3, OGFOD1, SIKE1, TIMM29",0.009343173894799587,2.7130911350250244,0,4,10.908552169799805,6.250878810882568
700,ETFB,"ETFB, PSMB2, TECR, RPS19BP1, FUNDC2",0.0043578602269028505,4.217718124389648,1,8,10.300151824951172,5.775657653808594
701,HPF1,"HPF1, SMAD5, RPA3, SCAP, ARPC5L",0.010110823964015546,2.9867591857910156,4,6,7.32743501663208,4.264308929443359
702,BNIP3L,"BNIP3L, CNOT6, ZFAND2B, THYN1, STXBP3",0.008855917082027773,2.657238245010376,0,6,11.369889259338379,5.490240573883057
703,LEPROT,"LEPROT, LRP6, RPN2, LAMTOR4, SLC35F5",0.00671277142263303,3.119291305541992,0,1,11.081511497497559,7.0490403175354
704,NDUFA2,"NDUFA2, TAF10, ZNF579, MAIP1, SAP30",0.006522574598331758,3.032214879989624,11,3,7.925857067108154,5.305828094482422
705,CBX5,"CBX5, TFPT, GUK1, MBIP, RAD50",0.008022580480707767,2.954101324081421,2,2,9.06549072265625,3.8793091773986816
706,DUT,"DUT, INTS8, PRDX3, ST3GAL2, NUS1",0.0032245224491076435,3.80692720413208,0,2,8.559537887573242,4.046805381774902
707,STXBP3,"STXBP3, MCAT, CWC22, BORCS7, GNPTAB",0.00952356675908533,3.0016133785247803,0,4,8.344341278076172,6.178125381469727
708,GMNN,"GMNN, LLPH, TPGS2, TARDBP, CHMP6",0.007139243683308562,3.9905929565429688,7,0,8.587028503417969,5.384372234344482
709,APH1A,"APH1A, YBX3, SPR, SKA3, TIAL1",0.005441197808618858,3.3506875038146973,4,1,8.705900192260742,2.896710157394409
710,NCL,"NCL, NGDN, MRPL50, EXOSC8, AURKB",0.006165710453766486,3.1693050861358643,27,6,7.797519207000732,4.187941074371338
711,BSG,"BSG, FIP1L1, SAR1B, INTS10, LRIG2",0.0035794258016698106,3.8138656616210938,1,8,9.807646751403809,5.842590808868408
712,RTN4,"RTN4, FAM136A, PIP5K1A, VPS25, TRIP11",0.007116694575272844,2.8515312671661377,3,1,7.133735179901123,5.307207107543945
713,SLC2A1,"SLC2A1, TIMM10B, MORF4L1, GEMIN4, TUBA1B",0.007255910807493363,2.5791754722595215,3,8,9.05077838897705,5.918000221252441
714,ECSIT,"ECSIT, GALE, ALDH16A1, MRI1, DNM1L",0.004996098023913819,3.2454886436462402,0,0,11.143006324768066,5.617132663726807
715,MTDH,"MTDH, NIP7, SCAF4, CACUL1, PDHB",0.0045833513072600284,2.8132784366607666,5,9,7.634366989135742,5.389933109283447
716,HINT3,"HINT3, RNASEK, CTR9, TOPBP1, NCL",0.006530417766344182,2.858684778213501,4,8,9.451311111450195,6.626326084136963
717,MPDU1,"MPDU1, FBXO33, EAPP, KCTD20, PDZD8",0.009391213298875682,2.900608539581299,2,6,12.008341789245605,4.889843940734863
718,SDHB,"SDHB, ADI1, ANP32E, GSR, ESRRA",0.005060804160016314,3.257967948913574,3,6,7.732016563415527,5.871685028076172
719,GTF2H5,"GTF2H5, ATG4B, MIF, VMA21, CCNI",0.006154926097749403,2.8308677673339844,0,3,8.218154907226562,3.439293384552002
720,SCD,"SCD, GABARAPL2, GUK1, NUFIP2, CIB1",0.005340217020458904,3.65901517868042,1,8,8.975438117980957,5.073536396026611
721,PUSL1,"PUSL1, SMYD2, TBC1D10B, POLR2F, HMGN2",0.006540221726359711,3.0172312259674072,0,4,9.005624771118164,6.297084331512451
722,SF3B1,"SF3B1, THUMPD1, MLLT6, RSRC1, ATOX1",0.008128463248875485,3.189448595046997,1,6,9.438539505004883,2.744396448135376
723,THG1L,"THG1L, STAU1, YEATS4, SMIM15, METTL2A",0.006149043721740085,3.218188762664795,8,4,10.109533309936523,3.124570608139038
724,ZMAT2,"ZMAT2, PSME2, ASAH1, MED11, UBE2E1",0.006249044113898486,3.0575714111328125,25,7,9.542869567871094,5.227822780609131
725,KIF20B,"KIF20B, HTATSF1, TAF13, BAZ1B, ZC3H14",0.006071592437617402,3.1097710132598877,6,2,11.081741333007812,5.428313732147217
726,DBF4,"DBF4, RPP14, PPIL1, COMTD1, MTRR",0.006812771814791431,3.1634581089019775,1,4,9.269572257995605,4.900671005249023
727,ZHX1,"ZHX1, GRHPR, ATIC, MCM5, RAF1",0.004102957266499084,4.345215320587158,2,8,8.657225608825684,3.9288346767425537
728,CHCHD7,"CHCHD7, GTF3C6, COX20, PDIA4, BYSL",0.009128467170459491,3.299149990081787,5,4,9.356256484985352,5.303519248962402
729,FBXO5,"FBXO5, EXOSC5, NUDCD1, SEH1L, COQ4",0.0036402103537660933,3.9031035900115967,3,4,9.588920593261719,5.169394016265869
730,RNASEH2B,"RNASEH2B, SRSF10, STAT3, TIMM8A, KIF4A",0.005505903944721352,2.6850380897521973,6,9,9.723088264465332,3.2030937671661377
731,ROMO1,"ROMO1, ANAPC11, ABHD5, NDUFA3, ZNF830",0.003883348562151224,3.775850772857666,10,6,7.506282329559326,5.6348700523376465
732,TGS1,"TGS1, LSM10, NOL10, SASS6, TCEA1",0.0052362950442942915,2.8307881355285645,0,2,8.921245574951172,6.647238731384277
733,UTP11,"UTP11, PSMD13, POLR2J3, XXYLT1, DDX19A",0.005207863560249256,3.8117518424987793,4,8,9.595969200134277,4.688653469085693
734,TIMM8A,"TIMM8A, SAP18, NAF1, MLH1, OPA3",0.004982372479892078,3.046290397644043,0,4,9.398177146911621,6.48551082611084
735,C9ORF78,"C9ORF78, C2ORF69, POLR2K, SAC3D1, HDAC1",0.00501962752795109,3.0940499305725098,33,4,8.971363067626953,5.164150714874268
736,CEBPZ,"CEBPZ, MRPS31, DTD1, RRP1B, FOXRED1",0.004774528527562853,2.78996205329895,4,1,10.037163734436035,5.607875823974609
737,PRPF38B,"PRPF38B, MCM5, RDX, TKT, USE1",0.004703940015451041,3.451322078704834,1,6,9.33865737915039,3.631441354751587
738,TMEM126B,"TMEM126B, TMEM18, UTP3, PIGBOS1, NIFK",0.006917674186957596,2.5972354412078857,5,6,10.869996070861816,3.3138787746429443
739,PARK7,"PARK7, CSTB, PRDX5, HSBP1, TBCA",0.0037637402499617646,4.172111511230469,0,3,7.663247108459473,5.037199020385742
740,IMMP1L,"IMMP1L, NOP16, BARD1, TRA2A, STRADA",0.003662759461801811,3.848140239715576,0,4,9.867266654968262,5.385377883911133
741,ISG20L2,"ISG20L2, KNOP1, NUDT4, CENPK, HSPE1",0.005398060384550527,2.9473345279693604,1,0,10.160310745239258,3.5547680854797363
742,GNG5,"GNG5, MT-ND6, ARL17A, CCNI, TMEM165",0.0047735481315613,3.7351479530334473,6,1,7.101099967956543,4.250840663909912
743,CRYZL1,"CRYZL1, ELP5, THOC3, MED4, RPS6KB2",0.006770614786724654,2.601598024368286,1,5,9.072671890258789,7.151078701019287
744,COA4,"COA4, ENSA, SNRPD1, HINT2, PATL1",0.009222585186608574,2.7749717235565186,0,8,9.255138397216797,6.448848247528076
745,PTCD3,"PTCD3, C1ORF174, ITPA, FASTK, UQCC1",0.00679610508276503,2.699765682220459,1,1,9.295560836791992,6.179306983947754
746,TMEM222,"TMEM222, SAP30L, KDM4A, FIBP, TBC1D13",0.006541202122361264,2.9471347332000732,0,1,9.869424819946289,5.680041313171387
747,SNX2,"SNX2, KMT5A, TXNDC17, AAAS, GRB2",0.008864740646041749,2.4393062591552734,31,6,9.192607879638672,2.917371988296509
748,PDRG1,"PDRG1, CENPM, CBX1, SURF6, ZMYND8",0.008170620276942262,2.5048205852508545,7,6,10.895153045654297,6.9371514320373535
749,PSMB1,"PSMB1, LSM5, DMTF1, LAMP1, MOGS",0.0025558923760485336,4.271564960479736,1,9,11.14810848236084,4.0889787673950195
750,NUCB1,"NUCB1, RBM17, PGRMC1, MFSD5, MRS2",0.003588249365683787,3.370114326477051,0,8,9.678853988647461,6.4517035484313965
751,TMED10,"TMED10, YIF1A, RAB11A, ALDH9A1, IDH2",0.006547084498370582,2.765882968902588,6,0,8.30266284942627,7.12251615524292
752,ATP5IF1,"ATP5IF1, TMEM183A, MTHFS, METAP1, FAM200B",0.0073657151596672925,3.683887481689453,2,6,9.27389144897461,5.360330581665039
753,KMT2B,"KMT2B, CAPN1, LAMTOR1, OXLD1, LSM7",0.004126486770536355,3.076209783554077,10,1,9.405083656311035,2.9041588306427
754,CPSF6,"CPSF6, PCNT, MAT2A, PRRC2C, RBBP6",0.004733351895497629,3.114367723464966,13,9,9.600386619567871,3.7979323863983154
755,TMEM70,"TMEM70, RAB35, RNF216, STUB1, SLC30A5",0.0065363001423535,3.9241225719451904,0,2,11.29669189453125,3.738088607788086
756,FEN1,"FEN1, POLR3K, GPN3, ICMT, GOLPH3L",0.007004929431095808,3.2515900135040283,6,4,9.237064361572266,2.6787123680114746
757,TAX1BP1,"TAX1BP1, RBL1, HINT3, RPP30, INTS8",0.00877552460990043,2.843275308609009,0,7,8.797628402709961,6.308280944824219
758,DDX23,"DDX23, MCM2, POLR1E, NFE2L1, HAUS2",0.006891203494915666,3.0368878841400146,0,7,7.450551509857178,4.107672214508057
759,ZNF576,"ZNF576, KIF11, CEP152, DTD2, ANKRD54",0.010090235647982932,2.4030237197875977,2,4,11.030778884887695,6.02140998840332
760,GUCD1,"GUCD1, RBBP4, YDJC, MPHOSPH9, KLHDC3",0.0061186514456919435,3.4328582286834717,21,9,10.084731101989746,4.4068284034729
761,HMGN2,"HMGN2, HSPD1, PPIB, CACYBP, MRPL57",0.003947074302252166,4.208642482757568,0,3,8.580090522766113,5.910724639892578
762,RPAP3,"RPAP3, TXLNG, STOML2, EIF2S1, COA1",0.005583355228844035,2.9912493228912354,1,8,8.687200546264648,3.4939818382263184
763,LIG3,"LIG3, PRDX2, QSER1, LBR, DDX17",0.005548060972788128,3.4079504013061523,5,9,11.583430290222168,5.730959415435791
764,HSPBP1,"HSPBP1, CERS5, SIN3B, CEP83, DNAJB12",0.005667669284977588,3.0376858711242676,0,7,9.195378303527832,5.450727462768555
765,NOP16,"NOP16, KCMF1, HNRNPLL, LAMTOR3, FXN",0.0073598327836579755,2.905954599380493,7,1,11.655694961547852,6.221132755279541
766,SLC25A11,"SLC25A11, TFPT, SHQ1, RBM14, EIF4E2",0.006398064306134534,2.4486312866210938,9,4,10.026680946350098,2.7910573482513428
767,<SPECIAL>,"<SPECIAL>, SCLY, NUSAP1, ITGB1, PRR14L",0.004562762991227417,4.150347709655762,6,8,10.494423866271973,4.045897483825684
768,NCBP2AS2,"NCBP2AS2, ANTKMT, RBIS, CZIB, SEPTIN9",0.006801987458774348,4.212897300720215,0,4,7.813925266265869,6.664788246154785
769,ASB8,"ASB8, LRRC47, BLOC1S4, TPGS1, PRPSAP1",0.0084990529374625,2.900761127471924,0,4,7.781064033508301,6.353996753692627
770,CAPZA1,"CAPZA1, DYNC1I2, WSB2, UHMK1, RNF187",0.005471590084666998,4.4687676429748535,2,4,8.057930946350098,7.036789417266846
771,RBM25,"RBM25, LUC7L3, NDUFB2, PNISR, UBA2",0.005483354836685634,4.890242099761963,0,3,8.52108383178711,6.393450736999512
772,DDT,"DDT, MED17, SRP54, CC2D1A, MPV17L2",0.005180412472205773,3.7358686923980713,0,9,8.918021202087402,4.97745418548584
773,ZDHHC6,"ZDHHC6, SMPD4, DNAJC9, EXOSC1, NDUFAF5",0.004321585574845392,3.048362970352173,0,5,9.909346580505371,5.101272106170654
774,ATP5ME,"ATP5ME, PPIF, RFC2, NUP58, ZNF511",0.005804924725195001,3.5414812564849854,26,0,8.31118106842041,6.989109992980957
775,COPG1,"COPG1, EIF3J, ADNP2, DEGS1, WAPL",0.010224549900195687,2.5162088871002197,5,6,10.147738456726074,6.333061695098877
776,TMEM138,"TMEM138, VRK3, TMEM101, MCUR1, POM121",0.005410805532570716,3.7510669231414795,0,7,8.278515815734863,5.451237201690674
777,COPS6,"COPS6, NAXE, CDKN2AIPNL, MIB2, POLR2J3",0.007065713983192091,2.569634437561035,5,8,8.589369773864746,3.4398691654205322
778,MPC2,"MPC2, DPP7, UBE2S, HMGB3, CYSTM1",0.0061853183737975445,3.1124162673950195,28,0,7.536581516265869,3.815197706222534
779,NSMCE4A,"NSMCE4A, KLHDC3, CD2BP2, KATNA1, MOB2",0.005504923548719799,2.8318536281585693,0,9,9.397396087646484,6.261385917663574
780,TTC1,"TTC1, MFF, RFC1, PGLS, PRPF6",0.007066694379193644,2.9861702919006348,26,0,10.174874305725098,6.524213790893555
781,TMEM208,"TMEM208, TMX1, RER1, POMP, URI1",0.0060490433295816845,3.3553178310394287,1,1,8.032698631286621,4.736683368682861
782,NDUFC2,"NDUFC2, DAD1, MRPS26, CDK6, BLOC1S5",0.0033137384852489618,3.885532855987549,2,9,7.874684810638428,6.962994575500488
783,TMEM123,"TMEM123, TUBB, UQCR11, LEPROTL1, RPP30",0.006397083910132981,3.210385799407959,2,0,11.7667236328125,4.985515117645264
784,SAYSD1,"SAYSD1, SVBP, GRAMD1A, TIA1, SPDL1",0.006551986478378347,2.622525930404663,5,1,10.954033851623535,5.961535930633545
785,LAMTOR1,"LAMTOR1, REX1BD, ATP5F1C, SELENOK, PRDX2",0.007125518139286821,3.7136123180389404,0,8,9.737285614013672,5.730554580688477
786,ABCC1,"ABCC1, NME1, AURKA, C8ORF33, TIMM44",0.005867670069294389,3.3941757678985596,0,2,10.518813133239746,5.497570514678955
787,EEF1E1,"EEF1E1, TMX1, UTP4, CMC1, IDH3A",0.004722567539480547,3.084202527999878,4,0,8.001859664916992,5.791652679443359
788,KIF5B,"KIF5B, LTV1, TMEM30A, RNF145, PSPC1",0.004481390123098522,3.4770474433898926,2,6,9.779688835144043,5.30117654800415
789,PSMB3,"PSMB3, PLSCR1, ROMO1, DDT, UBE2I",0.006349044506056886,3.007981777191162,3,9,10.075786590576172,2.8702402114868164
790,ARL5A,"ARL5A, ALKBH7, AMZ2, MEX3D, RNPEP",0.004839234663665348,3.2166717052459717,0,8,10.337584495544434,3.7266714572906494
791,RPN1,"RPN1, MCM3, POLR2D, DDX17, NDUFA2",0.007186302691383104,2.6884751319885254,69,0,10.140583992004395,3.2444188594818115
792,TACC3,"TACC3, PHF5A, ACO1, CCNB1, SPOP",0.006086298377640697,3.1437673568725586,14,0,10.74061107635498,6.633342266082764
793,GNL3,"GNL3, APEX1, RNF24, MPG, PTRHD1",0.006086298377640697,2.9842917919158936,3,0,6.917646884918213,4.980973720550537
794,CALR,"CALR, MCM5, EIF2AK2, DTL, MCM6",0.008244149977058733,2.693984031677246,58,0,9.588809967041016,3.354766607284546
795,NABP2,"NABP2, SAP30BP, ASF1B, WASHC2C, MTHFD1L",0.0059706116494574486,2.644399404525757,1,7,10.372754096984863,6.691008567810059
796,UBLCP1,"UBLCP1, SAMD4B, BCL7A, MACO1, NECAP1",0.008366699477252852,2.4517688751220703,0,4,10.277408599853516,5.65887975692749
797,MCM5,"MCM5, TIMM29, KIAA1143, ACTR8, CCNT1",0.008334346409201604,2.4339897632598877,0,4,10.206198692321777,5.337407112121582
798,PRRC2B,"PRRC2B, PIGT, MPC2, METAP2, SBDS",0.006248063717896933,2.297546625137329,2,8,9.324710845947266,7.184950351715088
799,ABHD10,"ABHD10, SCO1, HPRT1, TMOD3, IREB2",0.008442189969372429,2.209670305252075,1,2,8.080652236938477,6.5050201416015625
800,EXOSC8,"EXOSC8, CCDC137, GAMT, DTNBP1, PPP2R2D",0.006786301122749501,2.751997947692871,2,5,10.717228889465332,6.087680339813232
801,MORC2,"MORC2, NME4, CMPK1, SH3GLB1, PABPC4",0.0033519739293095267,3.919325351715088,0,5,9.176300048828125,5.074726104736328
802,TOMM5,"TOMM5, KDM4A, ILF2, NUP98, KRTCAP2",0.008380425021274594,2.91260027885437,2,8,8.89969539642334,5.00889253616333
803,IWS1,"IWS1, CORO1C, RHOBTB3, GCLC, HERC2",0.006508849054310017,2.9148213863372803,38,1,9.586213111877441,4.000211715698242
804,UFM1,"UFM1, MRPS5, BUD23, TFDP1, BCL10",0.0025735395040764864,3.7589478492736816,5,2,9.809804916381836,4.993548393249512
805,DEF8,"DEF8, SLC2A4RG, TMEM14C, NADK, FBXO7",0.008248071561064945,2.831587791442871,38,9,7.407007217407227,4.947272300720215
806,CENPH,"CENPH, BPTF, SMU1, DCTN4, MRI1",0.005527472656755517,3.143976926803589,2,1,8.647967338562012,4.229060649871826
807,PSMG4,"PSMG4, NDUFA7, PSMB2, SMIM10L1, CFAP298",0.004628449523331464,3.2313787937164307,0,5,10.010257720947266,5.120039939880371
808,ARID1A,"ARID1A, HMOX2, CNOT7, ETF1, SLC25A36",0.007672579108153365,3.0349647998809814,4,8,11.139487266540527,6.173097133636475
809,EFL1,"EFL1, NDUFA5, DHFR, ZFAND6, TMEM208",0.005519629488743093,3.339660882949829,9,0,8.533302307128906,4.599456310272217
810,COQ7,"COQ7, ILRUN, TMCO3, TRA2B, TRPT1",0.006597084694449782,2.648359775543213,2,9,8.95730209350586,6.1355366706848145
811,GUSB,"GUSB, CALU, TIPRL, DDOST, TUBGCP3",0.005103941584084643,3.1302640438079834,1,9,9.528947830200195,2.8129539489746094
812,LAMTOR4,"LAMTOR4, YME1L1, SEC11A, MIEN1, PAGR1",0.004173545778610896,3.462766408920288,3,3,9.609930992126465,3.4349846839904785
813,GPAA1,"GPAA1, C1D, ACADM, ECI2, MIA3",0.0056804144329977765,3.743422746658325,15,8,8.488993644714355,5.448479175567627
814,SP3,"SP3, PPP1R14B, IFT20, FKBP3, ALYREF",0.004055898258424543,3.27051043510437,0,8,9.084924697875977,7.528834342956543
815,RTN4,"RTN4, CCDC12, AGPAT2, SDF2, AURKAIP1",0.0058166894772136365,3.427642583847046,6,8,9.594168663024902,6.119981288909912
816,HNRNPU,"HNRNPU, PAPOLA, DYNC1H1, APRT, ATP6V0B",0.003843152326087553,4.018879413604736,24,3,7.522541046142578,5.226158618927002
817,SPRTN,"SPRTN, RPP38, CHCHD1, POLR3E, SRSF2",0.0075902258440229175,2.4177777767181396,11,7,8.874138832092285,5.842721939086914
818,STX16,"STX16, EXOSC7, SLC3A2, EIF4A1, KPNA2",0.005811787497205872,3.979213237762451,21,0,7.793996810913086,5.93472957611084
819,NR2C2AP,"NR2C2AP, SYNJ2BP, RBM8A, DCTN2, SPNS1",0.004994137231910714,3.2750282287597656,15,8,8.983133316040039,4.93032693862915
820,DDX56,"DDX56, PHF6, AUP1, CDC123, SPATS2",0.00769414782018753,3.6697916984558105,1,6,10.229974746704102,3.7312800884246826
821,SAP18,"SAP18, C5ORF24, HSDL2, KIF1C, GTF2E2",0.004964725351864125,3.3117616176605225,0,2,10.636451721191406,4.806311130523682
822,GGA3,"GGA3, PSIP1, MED17, TYK2, NOL12",0.007607872972050871,2.322300910949707,1,7,10.564311027526855,3.417111396789551
823,PGM3,"PGM3, ELOA, SREBF1, ATP6V0E1, PTBP1",0.0038735446021356946,3.6842777729034424,4,8,7.237953186035156,3.547496795654297
824,CDK5RAP2,"CDK5RAP2, FBXW2, TMEM14B, ZBTB37, ACBD6",0.006469633214247899,2.879977226257324,13,6,10.183156967163086,4.088358402252197
825,STARD7,"STARD7, CYREN, POLR1B, CAPRIN1, POLB",0.004541194279193252,4.591888427734375,0,7,10.544379234313965,4.984185218811035
826,PRELID1,"PRELID1, RSL1D1, PARK7, MICOS10, ATP6V0B",0.005759826509123565,3.7248435020446777,0,9,8.904877662658691,6.517324924468994
827,NSUN5,"NSUN5, RRP7A, SYPL1, CNOT4, EBPL",0.007713755740218589,3.032388925552368,1,1,10.521611213684082,4.187865734100342
828,CCDC85B,"CCDC85B, C1GALT1, COPS9, MZT2A, WAC",0.004952960599845489,4.335242748260498,0,8,7.592347145080566,6.286280155181885
829,ATP5MC1,"ATP5MC1, HNRNPR, AMD1, DNAJB6, TIMM8A",0.004514723587151322,3.6840896606445312,1,0,8.05146598815918,4.4775590896606445
830,MICOS10,"MICOS10, E2F4, CDC26, ATP6V1E1, UTP15",0.004751979419527135,3.338399648666382,1,9,10.670796394348145,5.18034029006958
831,PKMYT1,"PKMYT1, HRAS, ASB1, TRAPPC2L, DTNBP1",0.007538264855940611,2.8941941261291504,13,8,8.646897315979004,6.538930416107178
832,IMPDH1,"IMPDH1, ALDH16A1, SHMT2, NDUFAF3, EDEM3",0.004145114294565861,3.187617063522339,0,4,8.020922660827637,4.646078109741211
833,POLR2B,"POLR2B, PAICS, SAFB2, ELOVL1, SEH1L",0.003829426782065812,4.385884761810303,2,5,9.399276733398438,3.7862353324890137
834,NUCKS1,"NUCKS1, SQSTM1, IDH1, LAMTOR4, FLCN",0.0027970697924305584,4.312372207641602,15,1,9.117243766784668,5.798601150512695
835,DNAJB11,"DNAJB11, UBXN4, GGNBP2, TMEM59, PSPC1",0.006634339742508794,3.099324941635132,18,6,8.600494384765625,5.346011638641357
836,RBX1,"RBX1, NDUFAF3, NDUFB11, DYNLL1, EIF1B",0.006487280342275852,4.434244155883789,4,3,10.193262100219727,6.7098870277404785
837,MRPS30,"MRPS30, RUFY1, MFF, CBLL1, EIF2B5",0.004781391299573724,3.271503210067749,0,7,10.465606689453125,5.643631458282471
838,ALKBH4,"ALKBH4, INTS1, SLC7A6OS, FANCD2, BNIP3",0.007821599300389413,3.0295298099517822,4,2,7.549062252044678,4.65916109085083
839,MCOLN1,"MCOLN1, UBIAD1, PRR3, IFNAR1, KLHL21",0.008573563033580523,2.9126622676849365,1,9,7.556937217712402,6.558572292327881
840,XRN2,"XRN2, ZMYM6, DDX6, M6PR, APRT",0.0077372852442558595,2.939018726348877,10,0,7.235403060913086,4.43196439743042
841,AGPAT5,"AGPAT5, IMMT, EXOSC10, GOT1, LEPROTL1",0.005574531664830058,3.590165138244629,0,5,9.436936378479004,6.852327346801758
842,PAXBP1,"PAXBP1, RPN1, WEE1, RFWD3, MTFMT",0.008308856113161229,2.797374725341797,0,1,9.028553009033203,5.421745777130127
843,BABAM1,"BABAM1, NUP62, MRPL21, LSM3, ARL16",0.00839218977329323,3.1220030784606934,6,0,8.844926834106445,5.530027389526367
844,C1ORF122,"C1ORF122, LBR, TOP2B, RABEPK, MMADHC",0.006214730253844133,3.7912027835845947,2,8,10.004919052124023,7.2748003005981445
845,SET,"SET, MGAT4B, CDCA7, HNRNPUL2, CASP3",0.009411801614908294,3.1078481674194336,9,5,10.287296295166016,6.622097492218018
846,PTPRA,"PTPRA, SRSF9, NTHL1, TMEM181, LCMT1",0.003843152326087553,2.696768045425415,0,7,10.819077491760254,6.945046901702881
847,GANAB,"GANAB, GFPT1, ICE2, XPC, PPID",0.005277471676359515,3.1469643115997314,0,4,8.839438438415527,6.276136875152588
848,CDK5,"CDK5, HMMR, FAM133B, KAT2A, TOMM5",0.008640229961686124,2.7464683055877686,0,2,7.509260654449463,6.824131488800049
849,TFAM,"TFAM, GLA, HMG20B, ZNF830, GPAA1",0.007458852779814823,3.0934951305389404,8,6,9.18317699432373,4.957993030548096
850,POLR1C,"POLR1C, AKAP1, ELAVL1, TM9SF1, CHCHD7",0.00752453931191887,2.8538808822631836,0,5,10.097786903381348,3.5787408351898193
851,PDRG1,"PDRG1, HADH, ZCRB1, STT3B, DNM2",0.006937282106988655,3.7791600227355957,1,8,7.573323726654053,4.338847637176514
852,MZT1,"MZT1, SMC6, M6PR, FBXO3, KIAA1143",0.006870615178883054,3.9409353733062744,3,1,9.477139472961426,4.008674621582031
853,MOCS2,"MOCS2, TIMM23B, CTBS, GTPBP1, ALG5",0.006503947074302252,3.729248285293579,0,4,9.345818519592285,4.469888687133789
854,PTBP3,"PTBP3, RSBN1L, CWC15, SRP72, GPATCH1",0.00804709038074659,3.078866481781006,11,6,10.083610534667969,6.210174560546875
855,NEDD8,"NEDD8, PGRMC1, MRPL41, TOMM20, PAFAH1B3",0.004338252306871792,3.846184253692627,1,3,7.720837116241455,4.626994609832764
856,NT5DC2,"NT5DC2, ACTR3, PRRC2A, NOL12, BID",0.005795120765179471,4.57797908782959,6,9,10.643019676208496,3.788304090499878
857,<SPECIAL>,"<SPECIAL>, TBC1D15, HNRNPD, RTN4, CHST12",0.0028902074125780886,4.603982448577881,19,3,11.929540634155273,5.596983909606934
858,PDHX,"PDHX, POLR3E, LARP4, NEPRO, PLRG1",0.006214730253844133,3.025686502456665,0,9,8.770833969116211,3.4962215423583984
859,DEGS1,"DEGS1, ELF1, TMEM179B, CIR1, YWHAQ",0.006693163502601971,2.8298463821411133,3,9,9.43413257598877,3.4517011642456055
860,STMN1,"STMN1, CCT2, NUSAP1, UBE2J2, RAB11A",0.006614731822477735,3.6171324253082275,10,9,10.693107604980469,6.281467437744141
861,ATP5IF1,"ATP5IF1, EXOSC7, CAPN1, YWHAE, UQCRQ",0.006035317785559944,3.1096301078796387,0,3,11.05123519897461,3.3913075923919678
862,ACSL3,"ACSL3, BZW1, YWHAB, MYCBP2, RNF115",0.005773552053145306,2.9291250705718994,6,8,9.69257926940918,6.12931489944458
863,WEE1,"WEE1, NAXE, AHSA1, BOLA3, NAPA",0.0075068921838909175,3.3674662113189697,0,0,9.323616027832031,3.8663063049316406
864,PPHLN1,"PPHLN1, PPIL4, USP33, LEPROTL1, RPN1",0.006460809650233923,3.763000726699829,4,1,9.875385284423828,6.9044108390808105
865,CHERP,"CHERP, TUFM, CD320, SWI5, GADD45GIP1",0.0036362887697598814,3.6783976554870605,3,7,8.564435958862305,4.736273765563965
866,EDEM3,"EDEM3, PIH1D1, SRP19, ATP6V1A, EIF6",0.0066029670704591,3.172539472579956,4,0,8.1241455078125,7.206081390380859
867,NUDT16L1,"NUDT16L1, WAC, SERINC3, RALBP1, METTL4",0.007235322491460751,2.9332821369171143,12,4,10.186358451843262,5.940572738647461
868,FDXR,"FDXR, LDHA, AIFM1, PBK, NUBP1",0.0048745289197212535,3.384795665740967,7,3,9.122343063354492,5.958242893218994
869,NCAPD2,"NCAPD2, GIGYF2, TMEM50A, COPS9, UBQLN1",0.0067784579547370775,2.673691987991333,11,2,9.0439453125,7.561518669128418
870,PSMC2,"PSMC2, CHD8, GUSB, RAB29, TM9SF2",0.007272577539519763,3.039283514022827,2,4,11.566579818725586,4.761695384979248
871,SLC20A1,"SLC20A1, TMUB1, WEE1, CES2, THUMPD1",0.007014733391111337,3.3162362575531006,1,9,7.870934963226318,6.210293292999268
872,SDHAF1,"SDHAF1, C9ORF78, RAD51AP1, PDZD8, RANGAP1",0.007422578127757364,2.8027868270874023,0,6,10.052373886108398,5.480379581451416
873,FAHD2A,"FAHD2A, ARMC1, LDB1, LIG1, RMDN1",0.00498629406389829,3.6549737453460693,1,7,9.899942398071289,7.42862606048584
874,HBS1L,"HBS1L, GPS1, THYN1, ELP2, BOLA3",0.006891203494915666,2.7223174571990967,7,0,7.0666656494140625,6.209606170654297
875,BTF3L4,"BTF3L4, ZNHIT3, MICOS10, ACBD3, DCAF13",0.0064921823222836164,3.2728018760681152,2,6,11.502222061157227,4.951047897338867
876,COX6C,"COX6C, METTL21A, CENPN, TRIM26, MMS19",0.0038088384660332,2.850518226623535,0,7,9.885613441467285,3.8014638423919678
877,EIF2A,"EIF2A, ISOC1, DRAM2, KBTBD2, SAMM50",0.006102965109667097,3.4683752059936523,1,1,9.98832893371582,4.730269432067871
878,METTL8,"METTL8, PSMD4, HAUS8, AKIP1, PDCD5",0.006654928058541406,3.088258981704712,5,4,9.09050178527832,3.2139716148376465
879,NPM3,"NPM3, NDUFAF3, MRPL13, MYL12B, ENO1",0.0069951254710802786,3.5195424556732178,3,9,8.257232666015625,7.373318195343018
880,SSBP4,"SSBP4, NDUFA6, CLPB, SMIM30, ILF3",0.006961792007027479,2.7776169776916504,34,5,10.597861289978027,4.546742916107178
881,PLK1,"PLK1, PRDX1, UQCRFS1, TMEM115, SS18L2",0.0077284616802418835,3.413893222808838,4,0,8.677586555480957,5.72400426864624
882,COQ7,"COQ7, CCDC93, PHF23, UBE2J2, ZNF146",0.008344150369217134,2.605250597000122,1,9,9.110506057739258,6.889547824859619
883,SF3B6,"SF3B6, EIF1AX, GUSB, SRFBP1, SLC20A1",0.005193157620225962,3.4317543506622314,5,5,8.231831550598145,6.004909992218018
884,PSMD6,"PSMD6, SLBP, TOMM6, LSM10, UTP18",0.004461782203067463,3.665339469909668,16,8,9.341790199279785,4.001163959503174
885,NUP214,"NUP214, TBC1D7, PLEKHJ1, BRAT1, UBAP2L",0.0071490476433240914,2.9535739421844482,9,5,9.852788925170898,3.4965531826019287
886,CCAR2,"CCAR2, EDRF1, PIGF, DIMT1, ABCD4",0.0050215883199541955,3.6348276138305664,0,7,10.437296867370605,6.7741265296936035
887,PPP2R2A,"PPP2R2A, SRFBP1, NAPG, TMOD3, TAF3",0.006638261326515006,2.8434548377990723,0,1,8.928221702575684,5.40055513381958
888,EP300,"EP300, FANCD2, NARF, AGBL5, COPZ1",0.005228451876281868,3.0987961292266846,28,4,7.742830753326416,5.2948126792907715
889,ISG20L2,"ISG20L2, NUTF2, CENPM, PRELID3B, HSPH1",0.003583347385676022,4.079987049102783,1,9,9.634903907775879,5.3694562911987305
890,ARPC5,"ARPC5, TMEM43, ZMYM1, AP2A1, PRPF6",0.007376499515684375,2.3753838539123535,2,6,8.766067504882812,6.348299503326416
891,PFKL,"PFKL, ECHS1, PRKCSH, NDUFS7, POLR2G",0.006382377970109687,3.3122925758361816,9,0,9.043174743652344,5.137690544128418
892,FBXL15,"FBXL15, BID, TNFAIP8L1, GOT1, ATL2",0.008539249173526171,2.487630844116211,1,7,9.99460220336914,5.187851905822754
893,HEATR1,"HEATR1, METAP1, SART3, TMEM245, METTL3",0.0075127745599002345,2.7029500007629395,2,4,9.470197677612305,4.205645561218262
894,DLD,"DLD, HADH, DHX29, ARL14EP, CNOT8",0.007240224471468515,3.538182258605957,6,1,10.846458435058594,4.206053733825684
895,PPP1CC,"PPP1CC, TUBA1B, TXNDC5, YY1, NDUFA4",0.004194134094643509,3.5549752712249756,0,3,7.563129425048828,6.212793827056885
896,POLD1,"POLD1, XRCC6, PA2G4, UQCRC1, KEAP1",0.005476492064674763,3.036008358001709,4,7,9.841046333312988,3.447876453399658
897,CNOT3,"CNOT3, CAND1, MAPKAPK2, XPO7, TMEM138",0.006914732998952937,3.082106590270996,8,0,9.09683609008789,6.478912353515625
898,ORMDL1,"ORMDL1, COX20, VPS33A, TMEM59, TBCC",0.0022225577355205316,4.62733268737793,4,8,9.217035293579102,2.8668386936187744
899,RFXANK,"RFXANK, MAVS, MRPS2, SQLE, SAE1",0.00351275887356421,3.810054063796997,10,0,9.471025466918945,3.1295132637023926
900,DHTKD1,"DHTKD1, YIPF2, PACSIN3, FAM161A, COG2",0.006570614002407852,2.505963087081909,1,1,7.948462009429932,4.243152141571045
901,MEA1,"MEA1, NUDT1, TCP1, NDUFAB1, MRPL57",0.009259840234667588,2.6048073768615723,12,8,8.890782356262207,5.620717525482178
902,GPX4,"GPX4, SRSF1, JADE1, NME4, ICE2",0.003962760638277013,3.3202831745147705,30,5,9.110538482666016,3.151596784591675
903,ARMT1,"ARMT1, CCDC117, ERCC3, NUDT15, AAR2",0.008095129784822686,3.0894384384155273,0,4,11.23280143737793,5.630756378173828
904,TMED3,"TMED3, SLC35C2, SAP30BP, PPP1R12A, CMPK1",0.007370617139675057,2.6638238430023193,0,9,9.37690544128418,7.282590866088867
905,AZIN1,"AZIN1, ILF2, MAPK1IP1L, CETN3, BCCIP",0.0049441370358315135,3.181070327758789,0,2,8.573919296264648,3.6497864723205566
906,ZNF281,"ZNF281, IFNAR2, PPIL4, NOP10, ERG28",0.008135326020886357,2.6803574562072754,2,1,9.604240417480469,5.893402576446533
907,HEXA,"HEXA, CLTB, SPPL2A, SDF4, MPC1",0.00715198883132875,3.2980284690856934,5,8,9.951236724853516,4.155822277069092
908,SOD1,"SOD1, SRM, RACGAP1, PSPH, TIMM10B",0.005576492456833164,3.6228418350219727,8,6,10.58125114440918,5.37262487411499
909,YKT6,"YKT6, BLOC1S6, SEPTIN6, NUP43, CCNG1",0.0064098290581531695,2.260852575302124,13,4,10.5125150680542,4.306735038757324
910,PDHB,"PDHB, TUBGCP2, RUVBL1, TGIF2, CORO1C",0.006900027058929643,3.0665979385375977,19,0,9.270051956176758,5.699197292327881
911,AHCY,"AHCY, PRDX4, SEC61B, EIF3F, TYMS",0.007019635371119102,3.189868688583374,0,8,9.406168937683105,4.347959995269775
912,MAPRE1,"MAPRE1, TMX1, CENPX, CPSF7, UFD1",0.004017662814363978,3.325265407562256,0,0,10.032111167907715,4.475839614868164
913,COX6B1,"COX6B1, ENO1, ANKRD11, TIA1, NOP10",0.004915705551786478,3.2959282398223877,10,3,9.936230659484863,4.0846781730651855
914,MAD2L2,"MAD2L2, METRN, DHX15, ZNF579, RAB5C",0.007734344056251201,2.6005547046661377,15,8,10.523469924926758,5.694970607757568
915,UQCRQ,"UQCRQ, ZRANB2, ABL1, PURA, MDM4",0.004594135663277111,4.962856292724609,6,9,8.855170249938965,4.733864784240723
916,GTPBP4,"GTPBP4, DHCR7, CXXC1, IP6K2, HAUS6",0.006567672814403193,3.7847814559936523,1,1,8.238548278808594,4.986889362335205
917,WASF2,"WASF2, CYC1, SSB, PLPBP, GADD45GIP1",0.0031470711649849606,3.422849416732788,4,7,7.724175930023193,6.838130474090576
918,CCT7,"CCT7, PTPRA, NDUFS8, URM1, SNRPB2",0.0046529594233702875,3.3631372451782227,3,8,8.715702056884766,5.75083065032959
919,HEXA,"HEXA, CDK16, SDF4, DNAJB6, IGBP1",0.007241204867470068,2.969558000564575,14,9,7.634283065795898,6.356361389160156
920,NEK2,"NEK2, THG1L, USP36, USP39, CWC27",0.006351985694061545,4.400859355926514,11,4,7.904991149902344,4.086905002593994
921,RPS27L,"RPS27L, ATP6V1F, HAUS2, PCBP1, ASB1",0.006032376597555285,2.614701747894287,62,6,8.116286277770996,6.861663341522217
922,COA1,"COA1, ACBD3, POLR2J3, C1ORF35, WIPI2",0.006068651249612743,3.403324842453003,1,8,9.776277542114258,3.4989449977874756
923,SLTM,"SLTM, KIF20B, HMGB1, PSIP1, CDC20",0.008337287597206264,2.812321662902832,4,3,11.276326179504395,5.014492034912109
924,TBC1D23,"TBC1D23, ALKBH5, WBP4, BAG5, GID8",0.009254938254659822,3.2432682514190674,1,9,10.815866470336914,6.236231803894043
925,NDUFB6,"NDUFB6, NDUFA13, SCYL2, DBNDD2, ATXN7L3B",0.005881395613316131,2.9653782844543457,0,8,9.184536933898926,5.8137030601501465
926,KPNA3,"KPNA3, POLR3H, EIF4E2, TMEM59, COA8",0.0075127745599002345,2.669809103012085,10,2,9.129382133483887,5.029001235961914
927,TMEM41B,"TMEM41B, UBE2N, PYURF, RAN, HNRNPM",0.006638261326515006,2.8336234092712402,1,6,9.56971263885498,4.689440727233887
928,TXN,"TXN, PSMD9, ISOC1, CEP170, GTF2B",0.0076578731681300714,2.5914392471313477,9,6,10.09857177734375,4.668287754058838
929,TPM3,"TPM3, FIBP, SRSF9, ZNF326, OCIAD1",0.00661277103047463,3.2188901901245117,2,8,9.056364059448242,2.7463390827178955
930,GOLPH3,"GOLPH3, GRWD1, MGAT2, ZNF426, SGSM3",0.005895121157337872,2.8652403354644775,1,9,7.063485145568848,5.563857078552246
931,DDX6,"DDX6, HNRNPA3, ATP6V0C, DHX15, KDELR1",0.0040735453864524955,3.7074198722839355,12,1,8.851665496826172,3.345594644546509
932,ZBTB11,"ZBTB11, ISY1, MPV17L2, PLK1, EDEM1",0.009173565386530927,3.193270444869995,0,9,9.40748119354248,6.631331443786621
933,PSMA1,"PSMA1, PSMA2, TMBIM4, DDX55, ENO1",0.005207863560249256,3.6862168312072754,1,3,8.230250358581543,5.338563919067383
934,GLO1,"GLO1, CAPNS1, PLEKHB2, LAMP1, MRPL41",0.007844148408425131,2.5126984119415283,13,9,10.28785514831543,5.319869518280029
935,MIS18BP1,"MIS18BP1, PPCS, LARP1B, AP2B1, FAM32A",0.008531406005513748,3.0263161659240723,3,0,9.339003562927246,5.277091026306152
936,CEBPZOS,"CEBPZOS, POLR2C, PKM, CRELD2, HS2ST1",0.005005901983929349,3.42885160446167,2,1,8.064128875732422,4.558717250823975
937,DMAC2,"DMAC2, NPM3, ZCCHC9, TAOK2, FOXK1",0.009436311514947117,2.286914587020874,0,4,11.110638618469238,4.850588321685791
938,AATF,"AATF, ALDH9A1, LRWD1, ANAPC7, POP7",0.0071441456633163265,3.0949978828430176,2,6,10.748489379882812,4.955733299255371
939,REXO2,"REXO2, NSA2, PSMG4, PPP2R1A, VKORC1L1",0.003977466578300307,3.8386857509613037,17,5,8.658329010009766,4.565258502960205
940,PYCR1,"PYCR1, YWHAQ, METTL21A, TCF3, GATAD1",0.004308840426825203,3.8736727237701416,2,6,8.504551887512207,6.745072841644287
941,GOLGA7,"GOLGA7, POLA1, DTNBP1, UBA6, ATP6V1E1",0.005158843760171609,3.7204854488372803,0,6,8.56558895111084,7.177089214324951
942,SPRED2,"SPRED2, SBNO1, TMX2, MRPL48, ETFB",0.007400029019721646,2.4737672805786133,0,2,9.177287101745605,4.171016216278076
943,CKS2,"CKS2, EBP, TMEM161A, FOXRED1, SLC25A1",0.00557845324883627,3.9370336532592773,14,5,7.926482200622559,5.223966121673584
944,GLOD4,"GLOD4, B4GALT3, C8ORF33, ZNF574, ACAA1",0.00875885787787403,3.2187042236328125,5,1,8.975038528442383,2.908007860183716
945,LSM1,"LSM1, KPNA1, RANBP3, ORC5, SBNO1",0.006252965697904698,3.0257325172424316,0,0,10.518831253051758,6.7616777420043945
946,RRP8,"RRP8, GAMT, PRPF19, WDR4, RAC3",0.006690222314597312,2.4586966037750244,10,2,9.964461326599121,7.424468994140625
947,BRD4,"BRD4, CHPT1, FUNDC2, STK24, ARL2",0.007049047251165691,3.4179017543792725,6,0,10.696966171264648,3.240443706512451
948,BIVM,"BIVM, NPRL3, OIP5, SLC35F6, ST3GAL3",0.008280424629116193,2.5504560470581055,5,8,7.887119293212891,3.949747085571289
949,UPK3BL1,"UPK3BL1, CENPA, SUGP2, FN3KRP, GTF3C5",0.006246102925893827,2.7291934490203857,3,4,9.907777786254883,5.200425148010254
950,SNX17,"SNX17, TRRAP, MPLKIP, CDK5, TFAM",0.006301985497982345,3.310056447982788,7,0,10.033013343811035,2.9922149181365967
951,SPNS1,"SPNS1, NT5C, CEP162, ZCCHC8, DNAJC9",0.007621598516072612,3.082204818725586,5,5,8.274568557739258,7.014916896820068
952,ATP6V0B,"ATP6V0B, RNF7, KDELR2, WASHC4, UBE2B",0.005660806512966718,3.4382925033569336,23,9,9.877944946289062,3.331146478652954
953,SNX3,"SNX3, SNRNP25, METAP2, SARS2, SPNS1",0.004475507747089204,4.078012943267822,0,5,9.696578025817871,3.8807194232940674
954,SCNM1,"SCNM1, WHAMM, RNF114, SYAP1, NUP62",0.007343166051631575,3.6751017570495605,30,2,7.412200450897217,4.714261531829834
955,CTNNBIP1,"CTNNBIP1, BCLAF1, NOM1, PDCD7, TATDN1",0.007614735744061741,2.9271934032440186,0,1,9.611307144165039,6.452270030975342
956,SRSF3,"SRSF3, DBI, ATP5PO, RBM27, PSME2",0.004092172910482002,3.8957784175872803,3,3,10.5093355178833,5.214783191680908
957,CANX,"CANX, POP4, SMUG1, ARV1, PCID2",0.003846093514092212,4.83585786819458,2,3,9.960622787475586,7.026314735412598
958,WDR45B,"WDR45B, UBXN2A, UBE2A, DUSP22, USF2",0.0074314016917713405,3.1061131954193115,0,6,7.408207893371582,5.221916198730469
959,SF1,"SF1, SEC11A, COX7B, MINDY2, PPT1",0.004598057247283322,3.062481641769409,0,3,9.37000560760498,5.926236629486084
960,DDX54,"DDX54, PPP4R3B, GPN1, NTPCR, RNF41",0.005929435017392225,3.7245497703552246,0,7,9.700443267822266,5.094118595123291
961,DIS3L,"DIS3L, UBXN2A, SLC25A17, ILKAP, ME2",0.007992188204659627,2.2307040691375732,0,4,11.289467811584473,5.489108562469482
962,GET3,"GET3, HPF1, OAZ2, EEA1, RTF2",0.0061235534256997085,3.205162525177002,13,8,7.817213535308838,5.737564563751221
963,DNAJA1,"DNAJA1, TAF5, NDUFB4, PPP2R5A, HNRNPA2B1",0.006159828077757168,2.854736328125,12,3,11.807489395141602,5.332250118255615
964,TXNDC12,"TXNDC12, DNTTIP1, UBXN2A, RMI1, MED4",0.008275522649108427,2.436566114425659,1,1,8.159173965454102,5.575634956359863
965,SSX2IP,"SSX2IP, CCZ1, NR2C2AP, CDK2, TTF1",0.006532378558347288,3.161466598510742,15,8,9.55599594116211,6.040719985961914
966,SPCS1,"SPCS1, GPS2, PPA1, PGP, SH3GLB1",0.0051657065321824795,4.809979438781738,8,0,10.96448040008545,3.2252376079559326
967,LIG1,"LIG1, NDUFAB1, MRPL46, DHRS4L2, MPHOSPH10",0.003162757501009808,3.3681273460388184,10,7,10.082180976867676,3.4712276458740234
968,ZC3HAV1,"ZC3HAV1, MRPL51, TSNAX, POM121C, GNL1",0.007049047251165691,3.1314492225646973,1,9,9.947540283203125,6.6704559326171875
969,YWHAQ,"YWHAQ, PTTG1, CENPU, CREB1, USO1",0.006276495201941968,2.835520029067993,16,5,8.622682571411133,5.20142936706543
970,C11ORF58,"C11ORF58, DDX1, DNTTIP2, NKAP, OAZ2",0.005156882968168503,3.4915406703948975,13,0,7.7495646476745605,6.576613426208496
971,GNAI3,"GNAI3, KIAA0586, PRPSAP2, SLC35F5, CEP104",0.006846105278844231,2.72210431098938,0,1,9.781866073608398,3.559725761413574
972,SLC25A3,"SLC25A3, RHOA, COG2, GATC, ZW10",0.005615708296895282,4.05657958984375,0,9,9.537933349609375,2.6874141693115234
973,TIMM9,"TIMM9, FAM210B, SURF2, BLM, AZI2",0.006304926685987004,3.1967809200286865,0,1,8.676695823669434,5.155563831329346
974,SKP1,"SKP1, MND1, CSNK2B, CTU2, C5ORF15",0.0030186392887815248,5.531769752502441,6,9,10.525924682617188,5.559629440307617
975,MBIP,"MBIP, TXNRD1, NUP58, MPP1, C11ORF54",0.006523554994333311,3.834120035171509,1,2,8.44072437286377,5.22084903717041
976,NDUFAB1,"NDUFAB1, LSM5, ECSIT, TUT4, ATP1B3",0.007026498143129973,3.048650026321411,1,8,9.918416976928711,3.7036685943603516
977,DESI2,"DESI2, MYL6B, PSMA7, MRPS35, MRPL21",0.00461374358330817,3.0268468856811523,8,6,8.521296501159668,5.9954833984375
978,SZRD1,"SZRD1, COPS8, YWHAB, CAPZB, EIF4E",0.00696571359103369,3.216140031814575,1,0,8.379037857055664,6.539257049560547
979,COX7A2,"COX7A2, RHOA, UQCR10, STMN1, ENO1",0.010085333667975168,2.948909282684326,1,3,8.843507766723633,6.370934009552002
980,NDUFB2,"NDUFB2, LUC7L3, ITGB1, PNISR, USP47",0.005269628508347091,4.243866920471191,26,3,10.975793838500977,6.708541393280029
981,GTPBP8,"GTPBP8, RXYLT1, GFOD2, SMG9, PAK2",0.014261820634590723,2.679183006286621,2,8,9.16613483428955,7.685658931732178
982,NGRN,"NGRN, CDK2, NDUFAF1, ELOVL1, BCR",0.0017539284467782226,5.087691307067871,0,2,7.961578369140625,3.6609678268432617
983,YEATS4,"YEATS4, PCLAF, PLEKHA3, GDE1, EIF4B",0.007955913552602167,3.118501663208008,1,9,11.483556747436523,5.390443801879883
984,<SPECIAL>,"<SPECIAL>, ZNF445, SSR2, P4HB, PCBP2",0.006501005886297593,4.202710151672363,0,3,11.467455863952637,5.817845821380615
985,TRMT112,"TRMT112, HERC2, GNG5, HSPA5, TUBA1B",0.005462766520653022,2.870833158493042,5,3,9.977217674255371,7.271793842315674
986,BCCIP,"BCCIP, POGK, HSPA5, RPRD1A, NADSYN1",0.005988258777485402,3.0779225826263428,0,1,9.859594345092773,5.031358242034912
987,ATF4,"ATF4, TNPO3, DBT, ARPP19, NCOR1",0.0040637414264369665,4.238013744354248,43,8,8.855244636535645,5.415195941925049
988,LRRC47,"LRRC47, COPA, HDGFL2, DFFA, WASHC2C",0.005793159973176365,3.0616252422332764,12,2,8.889251708984375,4.786123752593994
989,ACO1,"ACO1, SSB, CTU1, POLR2E, EMC2",0.006380417178106581,2.9717955589294434,15,7,9.458544731140137,5.688990592956543
990,PRRC2C,"PRRC2C, RNF216, TMEM141, TTC14, ACBD6",0.005980415609472978,3.7555956840515137,3,9,9.726041793823242,3.8368637561798096
991,TMEM258,"TMEM258, ZC3H8, INTS11, ISCA1, RHNO1",0.006936301710987102,2.8718810081481934,0,9,8.265338897705078,7.2336578369140625
992,HADHB,"HADHB, PIGX, TOX4, EMD, HNRNPU",0.0053862956325318925,3.1431124210357666,0,6,8.506094932556152,4.068209171295166
993,NFU1,"NFU1, EI24, STK25, SPNS1, SNRPA1",0.007411793771740281,3.0812270641326904,0,5,10.158865928649902,4.128143310546875
994,MKI67,"MKI67, CTNNBIP1, HMGB3, ATP11B, RNASEK",0.005135314256134338,3.4253201484680176,15,4,8.143481254577637,7.010725021362305
995,PSMD7,"PSMD7, CAPN1, SNRNP25, SMARCC1, ISCU",0.003770603021972635,3.563673973083496,2,6,7.919107913970947,4.366468906402588
996,THUMPD3,"THUMPD3, GFER, GTF3C2, SRCAP, FAM199X",0.00666277122655383,3.0116066932678223,0,4,9.236533164978027,6.974630832672119
997,PLEKHA3,"PLEKHA3, PHF10, PPP1R15B, SRFBP1, MON1B",0.0063323777740304866,3.438021183013916,0,7,9.972393989562988,3.302708864212036
998,TAF1D,"TAF1D, SNAPC5, CCDC18, RP9, ZNF672",0.008603955309628665,2.4739582538604736,0,7,8.42762279510498,3.668541193008423
999,KPNA3,"KPNA3, TP53BP2, PUS3, PPM1G, TFRC",0.006837281714830255,3.8610408306121826,1,0,8.2675142288208,5.614828109741211
1000,CFAP410,"CFAP410, PAFAH1B2, TMPO, SLC25A33, TRIM13",0.007798069796352143,2.831864595413208,0,2,10.518086433410645,4.781552314758301
1001,UBE2N,"UBE2N, UPF3A, RAB5IF, UBE2H, GRHPR",0.004512762795148216,3.8917484283447266,2,0,8.78897476196289,6.087250709533691
1002,ADRM1,"ADRM1, MTA1, ERO1A, ERP44, CDYL",0.00438433091894478,3.4213101863861084,1,5,10.739060401916504,3.600311517715454
1003,WDR12,"WDR12, NBAS, HIKESHI, RANBP1, UBE3A",0.005574531664830058,3.3029539585113525,2,0,10.315104484558105,4.298888683319092
1004,C4ORF48,"C4ORF48, MRPL41, KIF1C, OSBPL11, MRPL58",0.0044323703230208745,4.125189781188965,8,5,8.22996711730957,5.487059593200684
1005,DGCR6L,"DGCR6L, SUMO3, BAZ2A, HGH1, GOLGA7",0.005600021960870435,2.9913880825042725,0,4,10.061771392822266,7.1231689453125
1006,TMF1,"TMF1, ATP5IF1, SCAND1, ZC3H7A, CDK12",0.00556864928882074,2.921205997467041,11,6,9.703807830810547,4.895933151245117
1007,WASF2,"WASF2, RBBP8, MMAB, RHNO1, TUBB4B",0.008353954329232664,2.889496326446533,33,9,9.05051040649414,3.3931024074554443
1008,NDUFA10,"NDUFA10, ASAH1, DUT, CCNC, MRPL2",0.007894148604504332,2.923912286758423,3,1,7.107900142669678,5.228672504425049
1009,ANAPC7,"ANAPC7, NIFK, ARIH2, EIF4H, SLC25A16",0.003956878262267695,4.879977226257324,5,5,11.382370948791504,5.4592132568359375
1010,PRPF38B,"PRPF38B, DSG2, RAB2A, FAM136A, PPP4R3B",0.006896105474923431,3.061708927154541,1,0,10.460197448730469,3.3173716068267822
1011,NOP56,"NOP56, SRSF7, GLB1, FUNDC1, POLR3E",0.005411785928572269,4.095524311065674,0,2,9.714197158813477,3.7819225788116455
1012,NOC4L,"NOC4L, HMOX2, FAM98A, TARBP2, KATNA1",0.009176506574535587,2.4989120960235596,1,4,10.206045150756836,7.216867446899414
1013,DIMT1,"DIMT1, CCDC124, TALDO1, GPR137, CEP295",0.007420617335754258,3.3645551204681396,2,1,10.110301971435547,5.721537113189697
1014,ENY2,"ENY2, PFDN1, POLR2C, SCO1, MBD2",0.004238251914713391,4.095987319946289,1,1,10.386968612670898,2.8206937313079834
1015,DIS3,"DIS3, ATP5ME, HMGCR, TMCO1, MTOR",0.005136294652135891,2.838653564453125,13,8,10.139243125915527,5.960328578948975
1016,ENDOG,"ENDOG, NDUFC2, COPS9, LRRC75A, TYMS",0.004304918842818991,3.300992488861084,1,9,11.75096607208252,4.96867036819458
1017,PEX13,"PEX13, ATMIN, DGCR8, TEFM, DVL3",0.008251012749069603,3.2378311157226562,0,4,10.643786430358887,6.830654621124268
1018,PDCD10,"PDCD10, SMAGP, TPR, MDH2, BAZ2A",0.007881403456484143,2.77561616897583,12,0,9.842015266418457,5.8579936027526855
1019,PMF1,"PMF1, BANF1, SRRM1, P4HB, SF1",0.005772571657143753,3.512251377105713,0,2,10.452014923095703,4.016834259033203
1020,EIF2B3,"EIF2B3, RRP1B, IDE, NDUFAB1, PRR14L",0.008540229569527723,2.7204740047454834,3,8,10.450667381286621,4.340303897857666
1021,RAD23A,"RAD23A, CALR, GOSR2, OGFOD1, RAD17",0.005922572245381354,3.674345016479492,4,6,9.468849182128906,5.80327033996582
1022,UBE2T,"UBE2T, UBE2K, NDUFB1, NUP37, PPP1CC",0.007635324060094354,3.2350172996520996,29,2,10.03788948059082,4.951442718505859
1023,FAM162A,"FAM162A, MRPL13, ANAPC13, GGA1, PTPMT1",0.002711775340295452,4.725931167602539,0,2,7.213098526000977,5.612731456756592
1024,IPO11,"IPO11, CCAR2, CFAP97, NT5C, UNG",0.00852552362950443,2.8308167457580566,0,4,10.637229919433594,6.662662506103516
1025,RPF1,"RPF1, ENY2, LARP4B, RAP1B, RSPRY1",0.004339232702873345,3.3226752281188965,0,7,10.34067153930664,3.0775012969970703
1026,PSMD5,"PSMD5, DEK, MFN1, HP1BP3, SLC25A4",0.007376499515684375,2.785147190093994,2,1,8.454852104187012,3.621901273727417
1027,PBRM1,"PBRM1, G3BP1, HDAC2, PSMD7, SNX6",0.005210804748253915,3.119737148284912,4,4,7.914758682250977,3.1002538204193115
1028,ISY1,"ISY1, SNX3, RNF2, SRRM1, EIF4ENIF1",0.005996101945497825,3.4534521102905273,0,8,8.034307479858398,4.26375150680542
1029,MRPS21,"MRPS21, GINS2, PHB2, FAIM, DMAC2L",0.0030431491888203484,4.926828384399414,5,6,10.349995613098145,3.908029079437256
1030,BAD,"BAD, IREB2, NSMAF, TMEM165, C1GALT1",0.00689904666292809,3.202504873275757,5,0,7.764803409576416,5.967462539672852
1031,YY1AP1,"YY1AP1, RFC2, C1ORF50, POLR2F, TIMM10B",0.007002968639092702,2.5881638526916504,2,7,8.971426010131836,4.585124969482422
1032,C5ORF24,"C5ORF24, EIF5B, CCT7, RALY, SNRPF",0.005992180361491613,3.163400411605835,1,8,10.216778755187988,4.704097270965576
1033,PIGK,"PIGK, PUS3, ORC3, PRADC1, NUDCD1",0.008575523825583629,2.2294907569885254,9,4,8.014731407165527,7.072568893432617
1034,PHPT1,"PHPT1, TAF7, ZC3H18, SF3B6, SNRPD2",0.004674528135404452,4.098996639251709,8,5,11.452985763549805,4.503572463989258
1035,TIMM13,"TIMM13, DYNLL1, PSMB3, DDX17, FUBP1",0.0069235565629669135,3.6836228370666504,3,1,8.229939460754395,5.759044170379639
1036,ATP5MC3,"ATP5MC3, BECN1, MVD, G3BP2, ATP5PD",0.005911787889364272,3.1821351051330566,1,1,8.043508529663086,3.818737268447876
1037,TMEM138,"TMEM138, CHML, ILF2, KDM1A, MRPL23",0.005783356013160836,4.104264259338379,2,8,9.656794548034668,4.119802474975586
1038,IGF2R,"IGF2R, NOLC1, AKT1, RBM22, ZNF268",0.0038931525221667534,3.633371591567993,17,1,7.582424163818359,6.761606216430664
1039,LRRC59,"LRRC59, MDP1, TGFBR1, MFN1, POLR3D",0.003922564402213342,3.613588333129883,0,7,6.892763614654541,4.636744976043701
1040,BDP1,"BDP1, USPL1, CEP295, CCDC18, PFDN4",0.006877477950893925,2.681983709335327,4,4,9.511467933654785,6.460150718688965
1041,GTF2H3,"GTF2H3, MAPKAPK5, OBI1, CUL2, ZNF714",0.009257879442664482,2.4631717205047607,0,1,11.010180473327637,5.804679870605469
1042,PDS5A,"PDS5A, HNRNPU, STRN3, HNRNPK, ARFGEF1",0.0073666955556688455,3.5901527404785156,7,3,11.872857093811035,4.902849197387695
1043,SCNM1,"SCNM1, ELOVL1, GNL2, LASP1, FIS1",0.006284338369954392,3.389430046081543,2,0,10.471919059753418,3.8381574153900146
1044,THAP1,"THAP1, COA3, NUDT5, PRDX3, OXA1L",0.006799046270769689,3.0171890258789062,9,0,8.114093780517578,4.455558776855469
1045,QTRT2,"QTRT2, RAD54L2, TIMM29, MECR, ATP6V1A",0.005224530292275656,3.1668052673339844,0,1,11.085115432739258,7.1138410568237305
1046,ERAL1,"ERAL1, NUP50, NME2, NOL10, CAPZA1",0.0029617763206914536,3.932671546936035,2,5,8.674575805664062,5.767712116241455
1047,PARP1,"PARP1, SF3B1, DTD2, RCE1, DPP7",0.0057539441331142475,3.620666027069092,3,2,9.98585319519043,4.551228046417236
1048,SLC25A5,"SLC25A5, SLC3A2, DDX18, PRDX4, RTF1",0.004715704767469677,3.1626064777374268,17,3,8.214920043945312,4.7152323722839355
1049,<SPECIAL>,"<SPECIAL>, DCLRE1C, TM7SF3, ATP1A1, PTPN1",0.006529437370342629,4.190418243408203,5,3,9.714733123779297,5.6007208824157715
1050,APEH,"APEH, MAGOHB, IMPDH1, RFNG, RIPK1",0.007003949035094255,2.879828929901123,2,7,9.40493392944336,4.9676690101623535
1051,EHMT2,"EHMT2, FAM98C, NCAPD2, TONSL, BRI3BP",0.004724528331483653,2.751995801925659,0,7,10.689724922180176,5.750508785247803
1052,MPHOSPH10,"MPHOSPH10, HSD17B10, PSMD4, SMIM7, GSPT1",0.006168651641771144,3.1882526874542236,18,6,7.596810817718506,4.299979209899902
1053,GNG5,"GNG5, PRC1, RTN4, TROAP, SPCS2",0.0061892399578037565,3.1459548473358154,13,3,8.921234130859375,5.944503307342529
1054,FASTKD5,"FASTKD5, <SPECIAL>, SCD, ZNF512, BNIP3L",0.0062696324299310975,3.629737377166748,8,8,7.540745258331299,3.5528762340545654
1055,PMVK,"PMVK, DCTPP1, MAZ, RPP25L, NFX1",0.007264734371507339,2.9087283611297607,2,0,10.360519409179688,3.5799756050109863
1056,TRA2B,"TRA2B, SNX17, TP53BP2, CHCHD3, CENPW",0.007998070580668943,3.069437265396118,2,0,8.526640892028809,3.257009506225586
1057,ZNF574,"ZNF574, CSTF1, MRPL19, DCTN4, SURF1",0.006309828665994769,2.4088504314422607,0,1,11.39021110534668,5.000843524932861
1058,DYNLL1,"DYNLL1, MLF2, JARID2, PRRC2C, LSM2",0.006182377185792886,3.032688856124878,0,8,9.87398910522461,2.690267562866211
1059,PRIM1,"PRIM1, BRIP1, DTD1, CEP44, NDUFS7",0.0067804187467401834,2.8044228553771973,13,2,8.512351989746094,4.974374771118164
1060,TFRC,"TFRC, SNRPD1, VAPA, IFNAR1, PSMB6",0.005039235447982149,3.624884843826294,32,0,10.740083694458008,4.554710865020752
1061,RSL1D1,"RSL1D1, CCDC167, WDR74, TRMT112, DNTTIP2",0.005804924725195001,2.887784957885742,4,6,10.230975151062012,6.2309441566467285
1062,ATP5IF1,"ATP5IF1, CHCHD3, POLDIP3, PWWP3A, MAPK1IP1L",0.006929438938976231,2.608030319213867,0,2,11.818033218383789,4.229769229888916
1063,SCYL2,"SCYL2, RPP25L, CS, EIF3E, EIF3H",0.00547551166867321,2.9655511379241943,1,4,10.70461368560791,5.895564079284668
1064,MCM10,"MCM10, DNAJC9, FAM98A, CCDC14, SMAP2",0.006502966678300699,3.714019536972046,19,0,7.997349262237549,5.293496608734131
1065,ADH5,"ADH5, UQCRFS1, RPUSD1, WDR3, AKR1A1",0.006162769265761827,2.9110236167907715,13,2,8.426304817199707,5.55855655670166
1066,YY1,"YY1, PSMD14, CENPN, NDUFA13, SUCLG2",0.0035990337217008694,3.1891226768493652,0,2,8.128430366516113,3.956737995147705
1067,ATXN7L3B,"ATXN7L3B, DGKZ, DBN1, SMC6, BCL2L12",0.006897085870924984,2.7087247371673584,1,5,8.870777130126953,6.40706729888916
1068,ZNF622,"ZNF622, RNF14, ATP6V1E1, RRP1, ARL8B",0.006951007651010396,2.461998462677002,6,4,9.884448051452637,2.8686063289642334
1069,SMG7,"SMG7, UPF3B, MAN1A1, TECR, RNF8",0.005954925313432602,2.7092337608337402,0,5,9.255457878112793,5.677856922149658
1070,MAPK1IP1L,"MAPK1IP1L, UQCRH, GLYR1, SECISBP2, RAB8A",0.005882376009317684,3.7406322956085205,2,6,7.747392654418945,3.9744184017181396
1071,SNX2,"SNX2, PRPF40A, UPF3B, HNRNPUL1, SETD3",0.00484315624767156,3.3997583389282227,3,8,9.229146003723145,4.721777439117432
1072,PEBP1,"PEBP1, NDUFC1, L3MBTL2, SMIM7, EEF1E1",0.004301977654814332,4.749329566955566,0,0,8.111104011535645,5.576532363891602
1073,ACO2,"ACO2, GRHPR, DRAM2, CYB5R3, PLA2G12A",0.006901987850932749,3.2466824054718018,11,9,11.528432846069336,6.429836273193359
1074,RPP38,"RPP38, ATP6V1A, EIF4H, RAB11A, NDUFA5",0.007675520296158024,2.814239740371704,16,8,11.171894073486328,4.634181022644043
1075,NMT1,"NMT1, NME2, PPP1R14B, GADD45A, LSM5",0.004542174675194805,3.0609376430511475,4,9,11.034345626831055,5.34396505355835
1076,PTPN1,"PTPN1, TM9SF3, CIR1, MRPS16, SHMT1",0.005793159973176365,2.8301939964294434,21,6,9.369281768798828,6.985129356384277
1077,CEP152,"CEP152, MT-ND6, EIF4H, PQBP1, MCM7",0.006129435801709026,3.7020750045776367,15,5,10.476827621459961,5.3875837326049805
1078,THOC7,"THOC7, PIN1, IFNAR1, HSPH1, BDP1",0.0037970737140145647,3.642705202102661,1,9,8.516959190368652,3.5081069469451904
1079,MRPL42,"MRPL42, HTATSF1, POLR2H, SDHB, CHCHD7",0.008506896105474924,2.8348684310913086,7,0,7.973221302032471,6.572877407073975
1080,PLCXD1,"PLCXD1, HDAC3, UNC50, TSC2, YIPF3",0.007525519707920423,3.0765058994293213,0,9,10.549464225769043,4.276402473449707
1081,TMA16,"TMA16, WDR45B, SAMD8, ACSL3, COA5",0.007713755740218589,2.809258222579956,3,5,10.339757919311523,5.080807209014893
1082,PIN1,"PIN1, MFF, CCNL2, ACAA1, SLC25A23",0.006495123510288275,3.007967710494995,17,9,7.811369895935059,3.8156747817993164
1083,TMED10,"TMED10, PSMD10, TARBP2, N4BP2, TCEAL8",0.005007862775932455,3.1374576091766357,4,9,9.368603706359863,3.212350845336914
1084,SLC25A33,"SLC25A33, NFKBIB, POLR3C, NOSIP, MRPS18A",0.00807650226079318,2.9863271713256836,2,9,8.326908111572266,3.737818479537964
1085,POLR2M,"POLR2M, DHX38, EMC3, AP3D1, RTCB",0.010412785932493854,2.484571933746338,2,4,8.48713207244873,5.327912330627441
1086,NDC80,"NDC80, DNAJC7, POLR1D, YBX3, RPF1",0.004709822391460359,2.935492753982544,0,8,9.968146324157715,6.374802589416504
1087,PTOV1,"PTOV1, TSEN15, MCOLN1, IST1, GGA2",0.006090219961646909,2.4420268535614014,6,7,8.362615585327148,6.669970512390137
1088,WDR77,"WDR77, CENPJ, LSG1, MDN1, PRPF6",0.008480425413432994,2.8463735580444336,20,6,8.725435256958008,5.066993713378906
1089,FBXW5,"FBXW5, ZBTB37, SF3B2, KAT6A, PHF5A",0.006900027058929643,2.655649185180664,6,6,10.166948318481445,5.2706170082092285
1090,SRP9,"SRP9, DUT, GATAD2A, PPP2R3C, COPS3",0.00557845324883627,2.742154598236084,2,9,10.828248977661133,4.41344690322876
1091,PDCD6,"PDCD6, PHF13, PMS2, FAM8A1, TRAF3IP1",0.007024537351126867,2.6759960651397705,1,4,9.479592323303223,7.473905563354492
1092,SMPD4,"SMPD4, TM9SF2, PRRC2A, CC2D1A, TMEM38B",0.006567672814403193,2.9770538806915283,4,9,10.21298599243164,6.936257362365723
1093,NPEPPS,"NPEPPS, RNF126, C15ORF40, SMIM27, NPLOC4",0.0074353232757775525,2.862485408782959,20,2,9.395854949951172,6.632298469543457
1094,TMEM230,"TMEM230, RITA1, RBBP8, SAC3D1, DCLRE1C",0.006441201730202863,2.4112191200256348,0,6,8.955940246582031,6.915831089019775
1095,CCDC47,"CCDC47, HSPD1, KRTCAP2, FUBP1, ADAR",0.005468648896662339,3.5071887969970703,0,9,7.621187210083008,4.981353759765625
1096,ZC3HAV1,"ZC3HAV1, REST, SRP54, SVBP, GMNN",0.006059827685598767,2.8807144165039062,5,0,8.826597213745117,6.382593154907227
1097,PRDX4,"PRDX4, TTC19, BCL2L1, UQCRQ, DHX15",0.005301001180396786,3.5069923400878906,7,6,7.035912036895752,4.232426643371582
1098,RPUSD3,"RPUSD3, CDK2AP2, PCBD2, RPL22L1, PSMA6",0.0065559080623845585,2.9599335193634033,15,0,9.797098159790039,6.0818681716918945
1099,CUL5,"CUL5, SNRNP27, ZMAT2, ADIPOR2, BCKDHB",0.005301981576398339,3.274188995361328,3,9,11.226693153381348,3.6809797286987305
1100,USP10,"USP10, ARPP19, ARL14EP, SAP30, DPF2",0.005194138016227515,2.5973756313323975,1,1,8.9093656539917,5.9229655265808105
1101,MYL6B,"MYL6B, POLR2J3, SF3A1, ATP6V1E1, MRPS36",0.005795120765179471,3.6962318420410156,3,9,9.495524406433105,7.382988929748535
1102,PARK7,"PARK7, RTF1, GTF2I, NDUFC1, TUFM",0.006510809846313123,3.5874617099761963,6,9,7.766312122344971,4.327618598937988
1103,RWDD1,"RWDD1, CCNG1, CDCA8, REXO2, NRAS",0.004990215647904502,3.167433023452759,5,6,8.1448335647583,4.243578910827637
1104,ABHD5,"ABHD5, GEMIN7, HMGN3, FASTK, ERGIC3",0.0040000156863360245,3.1772372722625732,0,6,10.02663516998291,3.38470196723938
1105,HMGA1,"HMGA1, TUBB4B, EZR, ARL6IP4, TIMM17A",0.006241200945886062,3.6941072940826416,5,8,8.702705383300781,6.80893087387085
1106,GTF2I,"GTF2I, HNRNPK, HNRNPC, CDK2, DHCR7",0.0038686426221279297,4.244813919067383,2,3,7.470501899719238,4.686474323272705
1107,ATG12,"ATG12, CHMP3, STX16, CBX1, BAD",0.0069274781469731254,2.8040449619293213,25,0,9.990523338317871,6.433940887451172
1108,FXN,"FXN, PDCL3, NRBF2, EIF2AK1, VAC14",0.007964737116616143,2.5505917072296143,0,7,9.065473556518555,4.1675333976745605
1109,IFNAR2,"IFNAR2, ZCCHC17, NDC80, ASXL2, CENPS",0.009548076659124154,3.311025381088257,0,9,11.622309684753418,4.66771125793457
1110,RPL17,"RPL17, USP15, EIF4A1, MAPK1, PHF10",0.005001000003921584,3.8783605098724365,6,3,8.521750450134277,3.119171142578125
1111,SLC25A5,"SLC25A5, SNRNP40, BCL2L1, ARMCX3, MAD2L2",0.010660826120886749,2.4485650062561035,16,6,8.688323974609375,6.046145915985107
1112,AK2,"AK2, MRPS18C, ATP5F1D, TJAP1, PTPA",0.005672571264985353,3.402759552001953,0,1,8.36824893951416,5.456272602081299
1113,ATP6V1F,"ATP6V1F, GSE1, SCD, CNIH1, ATP6V1B2",0.005713747897050577,2.640752077102661,0,6,8.121211051940918,3.4236326217651367
1114,RSBN1,"RSBN1, ZNRF1, TDRD3, EPM2AIP1, EBAG9",0.0049431566398299605,2.8105640411376953,4,1,11.67556095123291,5.582156181335449
1115,MORF4L1,"MORF4L1, EIF2B1, MOCS2, PIK3CB, CHMP7",0.002223538131522084,6.054837226867676,1,4,10.796116828918457,3.127398729324341
1116,CISD2,"CISD2, CCNA2, TMEM219, JPT2, CDC26",0.007713755740218589,2.710397720336914,23,1,9.605589866638184,6.638184547424316
1117,ZFR,"ZFR, HPRT1, BUB3, PAQR3, HELZ",0.007909834940529178,2.893632650375366,0,2,11.040339469909668,6.474390506744385
1118,ARL8B,"ARL8B, DDX1, NKIRAS2, HSPA4, SMIM26",0.008201012552990404,3.196404457092285,4,0,9.8349027633667,2.959371328353882
1119,TRAF7,"TRAF7, EEF2K, AK6, NDUFB4, TXNDC9",0.008123561268867721,2.443584680557251,7,5,9.395654678344727,3.4315576553344727
1120,ZC3H13,"ZC3H13, SSRP1, ANXA7, PSMC4, DTYMK",0.0072098321954203745,3.102513074874878,4,0,9.424671173095703,2.590275287628174
1121,EFL1,"EFL1, PRPSAP1, ZCCHC3, INCENP, DNTTIP2",0.00818336542496245,2.5694708824157715,7,4,10.960410118103027,3.544257640838623
1122,LEPROTL1,"LEPROTL1, ISY1, NIT2, HMCES, GTF2H4",0.010110823964015546,2.9068381786346436,2,9,8.904882431030273,4.426534652709961
1123,P4HB,"P4HB, EIF4A2, SLC25A3, RAD23B, CDC42",0.00693924289899176,3.1288418769836426,9,3,9.278857231140137,6.431262016296387
1124,LZIC,"LZIC, UBXN7, SNX4, SF3A1, CNOT8",0.007100027843246444,3.879844903945923,3,9,11.33017349243164,6.456097602844238
1125,OXA1L,"OXA1L, CISD2, MTCH1, TMEM147, PTDSS1",0.00784708959642979,2.4246408939361572,0,0,10.687241554260254,3.9545841217041016
1126,ACTR3,"ACTR3, TARBP2, BCLAF1, TMEM41A, TAF15",0.008343169973215582,2.788156270980835,1,7,10.67751407623291,5.61506986618042
1127,ASB8,"ASB8, CMAS, PDCD6, IDH3A, YIPF4",0.005634335820924788,3.1422879695892334,4,8,11.611016273498535,5.035299301147461
1128,C5ORF24,"C5ORF24, NSL1, TMEM248, ARL13B, SSX2IP",0.005639237800932553,3.760516881942749,0,2,9.652587890625,6.12379264831543
1129,EBP,"EBP, POLA2, ISY1, EHMT2, COMMD5",0.007125518139286821,2.710530996322632,0,7,10.018599510192871,6.086954116821289
1130,SNX8,"SNX8, PPIE, FBXO7, ZC3H8, NRBF2",0.00806669830077765,2.9955391883850098,4,9,11.885536193847656,4.48614501953125
1131,INTS10,"INTS10, TYMS, GTF2B, SLU7, CORO1B",0.005422570284589351,3.097923755645752,1,0,11.026721000671387,4.109105587005615
1132,DIS3,"DIS3, EIF2B1, MAPK6, RCC2, MEPCE",0.01071082631696595,3.613642692565918,5,7,10.40809154510498,5.691056251525879
1133,FIS1,"FIS1, SLC35E3, TAF13, UPF3A, DYNC2LI1",0.008537288381523065,2.777825355529785,0,2,8.214176177978516,4.897390365600586
1134,PPP1R10,"PPP1R10, MPLKIP, SEC61A1, MXD4, SRSF6",0.008215718493013698,2.7046706676483154,6,0,11.076827049255371,5.763306617736816
1135,JADE1,"JADE1, IMMP1L, UBE2B, BCCIP, TPP2",0.006434338958191993,3.438646078109741,9,1,10.825347900390625,5.9981160163879395
1136,SPCS1,"SPCS1, CKLF, PAXX, PPP1CA, NDUFA13",0.0059000231373456365,4.313911437988281,0,8,9.493670463562012,6.425140857696533
1137,NLN,"NLN, PRIM2, ORC6, CDK2, SLC9B2",0.006606888654465312,2.6895477771759033,9,2,10.247458457946777,3.5528266429901123
1138,DYNLL2,"DYNLL2, WDR82, DPM3, MKNK2, DHX30",0.007955913552602167,2.545126438140869,4,2,7.576164245605469,3.9999539852142334
1139,DRAP1,"DRAP1, STX10, DPF2, CEP78, VMA21",0.00882846599398429,2.50764799118042,10,6,8.405946731567383,7.0916972160339355
1140,ARL6IP1,"ARL6IP1, MTFP1, IER3IP1, ARL17A, NDUFA7",0.006069631645614296,3.8578133583068848,4,4,10.88200855255127,5.888500690460205
1141,TMEM126A,"TMEM126A, DSG2, PPP1R8, PRPF4B, GTF3C3",0.004626488731328358,3.6280181407928467,0,4,9.090492248535156,4.385861396789551
1142,PHB2,"PHB2, RANGAP1, FAM98C, PRPSAP2, UTP6",0.007362773971662634,3.2752912044525146,5,2,8.428504943847656,4.394093036651611
1143,SETD3,"SETD3, COPS9, FUCA1, EIF4E, AMZ2",0.007299048231561692,3.1246542930603027,11,1,9.970589637756348,5.146679401397705
1144,MRPS7,"MRPS7, DLGAP5, CLINT1, CCNB2, AHSA1",0.004604920019294193,3.773484706878662,7,0,7.865842342376709,5.722690105438232
1145,PIGL,"PIGL, IPO9, C5ORF24, PEX26, DCXR",0.007840226824418919,2.769423484802246,2,2,10.317307472229004,5.18454647064209
1146,MTX1,"MTX1, WASHC3, OS9, NELFCD, ZBTB11",0.006447084106212181,3.0160510540008545,0,1,8.189870834350586,5.969667434692383
1147,EIF5A,"EIF5A, RHOA, COX6C, CSTB, CDC42",0.004738253875505394,2.932218313217163,1,3,10.155932426452637,3.340494155883789
1148,LRRCC1,"LRRCC1, POC5, AP5B1, TTC9C, DDX55",0.005555904140800552,3.195962905883789,0,2,10.784836769104004,6.468746662139893
1149,C7ORF50,"C7ORF50, ST13, MIIP, ICE1, PFDN6",0.005594139584861117,2.5801706314086914,4,1,8.211350440979004,6.406090259552002
1150,ZNF268,"ZNF268, R3HCC1, OGFOD1, EXOSC10, RABL3",0.00397844697430186,2.8993945121765137,1,4,9.160672187805176,7.625100135803223
1151,BIN3,"BIN3, STK11, PRPF4B, RNF34, RNF8",0.006838262110831808,2.612898111343384,0,4,11.167831420898438,5.337290287017822
1152,TBC1D10B,"TBC1D10B, DDX27, MYBBP1A, CTU2, RNPEP",0.006878458346895478,2.548929452896118,3,1,9.675485610961914,4.546690464019775
1153,NDUFB4,"NDUFB4, DNAJC9, MYSM1, BECN1, NXF1",0.006006886301514908,2.9983370304107666,0,5,7.014320373535156,4.546635627746582
1154,TMEM33,"TMEM33, NAA15, RAP1B, UTP15, ORC5",0.004555900219216546,3.775566577911377,0,0,8.700310707092285,3.6252708435058594
1155,PEX19,"PEX19, HIGD2A, NDUFB9, ZNF146, UBAP1",0.00647649598625877,2.8674421310424805,1,5,10.872203826904297,6.2093505859375
1156,EED,"EED, TMEM97, KIF23, PARPBP, PRIM2",0.006721594986647006,2.9899003505706787,2,6,11.90173053741455,4.545438766479492
1157,DHX38,"DHX38, FBXL15, PPP2R1A, SF3B4, TMEM167B",0.005930415413393778,2.6244776248931885,8,5,10.43851375579834,4.08213996887207
1158,AURKA,"AURKA, SGO2, UBE2A, SPATS2, PPP4R3A",0.006981399927058538,2.7501518726348877,22,0,11.762531280517578,6.009006500244141
1159,RCN2,"RCN2, PRPF4B, RBM14, TBPL1, ERCC3",0.0033519739293095267,4.498785972595215,7,6,7.099472522735596,5.284003257751465
1160,SNRPD1,"SNRPD1, CS, SEH1L, PPP1CA, MYH10",0.004536292299185487,3.6393182277679443,7,0,10.03109073638916,2.99747633934021
1161,MED21,"MED21, MRFAP1, POLR3B, SENP5, SKA2",0.0058245326452260595,2.9101953506469727,12,2,10.60467529296875,6.3877644538879395
1162,NUP107,"NUP107, PSMA7, FOXM1, ZCCHC10, OGG1",0.004935313471817537,3.375704288482666,2,6,8.435613632202148,5.216338634490967
1163,CNOT2,"CNOT2, ELP3, <SPECIAL>, MT-ND6, PRMT1",0.006451005690218393,3.4791643619537354,3,8,10.805499076843262,5.706059455871582
1164,BNIP3L,"BNIP3L, NUDC, PDIA4, ATXN2, UQCRH",0.00809316899281958,3.155667781829834,4,8,8.42206859588623,4.9980692863464355
1165,GIPC1,"GIPC1, KANSL2, BCOR, GGPS1, PTPMT1",0.007611794556057082,2.831388473510742,2,9,8.726689338684082,4.0562543869018555
1166,INTS11,"INTS11, AKT1S1, CCND3, TRMT2A, STYXL1",0.0094970960670434,2.6830289363861084,0,2,8.133892059326172,5.893702507019043
1167,FADS1,"FADS1, DPAGT1, MPHOSPH9, IDI1, LIG3",0.006248063717896933,2.6400697231292725,3,6,11.040901184082031,6.248364448547363
1168,NUDCD1,"NUDCD1, ZMYM6, ARL6IP4, DDX39A, HSDL2",0.006684339938587995,3.407461166381836,17,5,8.814614295959473,6.966107368469238
1169,MOB4,"MOB4, NUBP2, BLOC1S4, SUGP2, BRIP1",0.009765724571468909,2.4602928161621094,0,6,10.413677215576172,6.137241840362549
1170,STK26,"STK26, MRPS18C, ATP5IF1, TFCP2, RALBP1",0.009833371895576062,3.8515942096710205,3,0,11.913654327392578,5.176553249359131
1171,CDC37,"CDC37, TIMM23, NEPRO, ANAPC1, STK40",0.005302961972399892,3.1554391384124756,0,5,9.379162788391113,6.7607855796813965
1172,C1ORF50,"C1ORF50, WDR83OS, CFAP298, METAP2, ELF1",0.0048725681277181476,3.7875289916992188,1,6,10.903949737548828,3.6492526531219482
1173,HNRNPLL,"HNRNPLL, SINHCAF, ATP6V1A, ATP5F1A, CDC26",0.005913748681367378,2.991413116455078,1,6,11.296820640563965,6.361782550811768
1174,CCDC124,"CCDC124, CHCHD1, CPNE1, THOC5, TPD52L2",0.005423550680590904,3.166537046432495,5,5,8.56737995147705,5.368276119232178
1175,NOM1,"NOM1, TMOD3, IREB2, MRPL23, ZNF195",0.005631394632920129,3.580556869506836,0,4,7.7538251876831055,3.8770995140075684
1176,DYNLL1,"DYNLL1, CAPZA2, NDUFA8, PSMB1, MKRN1",0.006308848269993216,2.617560863494873,4,5,11.318533897399902,6.39115047454834
1177,LSM8,"LSM8, TRIM28, POLD3, LCORL, SNRNP48",0.003048051168828113,5.485894680023193,2,4,11.364347457885742,4.307368278503418
1178,HERC2,"HERC2, MTG1, INO80C, HCFC1, C19ORF25",0.006224534213859662,3.018972635269165,12,2,11.401900291442871,4.419646739959717
1179,PPIL3,"PPIL3, SCAF11, PMPCA, MIEN1, STRAP",0.008257875521080475,3.521538019180298,7,9,6.9157304763793945,4.565437316894531
1180,SPCS3,"SPCS3, EXOSC3, TMEM126A, SF3A2, MCFD2",0.005004921587927796,3.379938840866089,8,9,9.092544555664062,3.171285390853882
1181,MRPS33,"MRPS33, UBL4A, JOSD2, ORMDL2, PSMD9",0.005430413452601775,3.27945876121521,1,0,10.461450576782227,3.7605180740356445
1182,GHITM,"GHITM, BLM, CANX, ERCC3, SART3",0.00424119310271805,4.307304382324219,0,7,10.195769309997559,3.634124279022217
1183,MED10,"MED10, PCNP, MIEN1, ARPC5L, RAB5C",0.005317667912423186,2.5854885578155518,5,8,10.368828773498535,5.749906539916992
1184,DDX51,"DDX51, USP16, CEBPZOS, SELENOS, INTS2",0.008715720453805701,2.5084526538848877,0,8,9.056475639343262,4.548416614532471
1185,SNRNP27,"SNRNP27, GADD45A, GOLGA7, VPS29, CCDC174",0.005145118216149867,3.7233989238739014,7,2,8.15135669708252,3.7720324993133545
1186,LRP6,"LRP6, CFAP36, AIDA, ABHD5, PTCD3",0.010104941588006228,2.880764961242676,3,9,11.688009262084961,5.45350980758667
1187,PLEKHJ1,"PLEKHJ1, STK24, TLN1, CUL4B, ITGAE",0.006496103906289828,2.8562355041503906,3,6,9.131245613098145,5.420385837554932
1188,SPATS2,"SPATS2, PTPN1, ING5, DNTTIP1, ASXL1",0.005856885713277307,3.144108295440674,1,7,10.84679889678955,5.471691608428955
1189,TADA3,"TADA3, PRDX6, SNX17, ALDH9A1, ANXA11",0.005513747112733776,2.924147844314575,2,8,10.885129928588867,3.1739375591278076
1190,RAD21,"RAD21, GPS1, KIAA0586, C19ORF25, CDK5RAP3",0.005849042545264883,4.001421928405762,0,1,10.058223724365234,5.073929786682129
1191,SMDT1,"SMDT1, MEAF6, PIGT, TOP2A, RAD23A",0.00388530935415433,3.689134120941162,7,6,10.119704246520996,3.882861614227295
1192,NUP54,"NUP54, TLN1, RPL7L1, ATG12, BRCC3",0.00677257557872776,2.5836923122406006,4,4,9.09487247467041,3.5194451808929443
1193,NEMF,"NEMF, CIAPIN1, AKAP1, NET1, CCNA2",0.006616692614480841,2.889960765838623,4,1,7.514934539794922,5.3876848220825195
1194,LLPH,"LLPH, HNRNPH2, BAG5, RBM22, DYNLL2",0.006649045682532088,2.567530393600464,3,2,9.271111488342285,5.96635103225708
1195,NUBP2,"NUBP2, CENPW, ST13, POMP, DAP",0.002030400119216154,5.0876264572143555,0,0,8.001849174499512,6.397119998931885
1196,RAD23B,"RAD23B, ABCF3, YTHDF2, MAPKAPK2, YTHDC2",0.008241208789054075,3.500323534011841,1,4,10.328582763671875,4.222930431365967
1197,ITGAE,"ITGAE, MRPL23, ZFP91, EMG1, HERC2",0.0059706116494574486,3.087477684020996,10,5,8.970499038696289,3.6170787811279297
1198,NDUFB8,"NDUFB8, PUS7L, MRPL30, UBA6, GPBP1L1",0.005784336409162389,3.0053136348724365,6,2,9.656152725219727,6.576048374176025
1199,HADHB,"HADHB, TMEM230, TSEN15, CSNK1G2, TMEM50B",0.005465707708657681,3.0158557891845703,7,1,8.669709205627441,3.9625332355499268
1200,RSRC1,"RSRC1, MYCBP2, NBAS, UBR5, UFM1",0.006544143310365923,3.1337945461273193,6,3,10.716717720031738,5.897238731384277
1201,UQCC3,"UQCC3, BORCS8, AP2B1, SH2B1, SMIM26",0.0056068847328813055,3.271071195602417,0,7,8.629899978637695,4.228611946105957
1202,SEPTIN8,"SEPTIN8, LAMTOR3, RWDD4, PRKRA, LAMTOR4",0.008041208004737274,2.857964277267456,1,1,9.486236572265625,4.668189525604248
1203,OSBPL9,"OSBPL9, ATG4B, PWWP2A, AVL9, IREB2",0.005881395613316131,3.043097972869873,1,6,10.032154083251953,5.652022838592529
1204,OBI1,"OBI1, SLC39A9, DDX20, AGPAT1, PUS3",0.010852983737191126,3.1703193187713623,5,4,10.722020149230957,6.904990196228027
1205,GOSR2,"GOSR2, HSF2, HNRNPR, SMIM8, STYXL1",0.0075078725798924705,2.416821002960205,1,7,7.867463111877441,4.958559989929199
1206,ALKBH5,"ALKBH5, CHD8, MELK, GRK6, CLNS1A",0.008384346605280805,2.438542127609253,37,9,10.909059524536133,3.5908145904541016
1207,BAX,"BAX, ERGIC1, ZNF33A, IFT57, SNRPB2",0.006651986870536747,2.5090084075927734,0,6,7.4738945960998535,4.88869047164917
1208,PPM1G,"PPM1G, TAX1BP1, TIMM23, CENPK, ARL4A",0.006426495790179569,2.896301746368408,8,0,9.655284881591797,4.107382297515869
1209,MOB1A,"MOB1A, FBRSL1, PRPF40A, MORF4L2, RNH1",0.006870615178883054,2.9757142066955566,0,8,8.680679321289062,6.7781147956848145
1210,CCDC43,"CCDC43, TARBP2, PGRMC2, RITA1, HSCB",0.005410805532570716,3.144500970840454,0,4,8.919870376586914,7.445503234863281
1211,ZNF37A,"ZNF37A, MTX2, MRPL32, NCKAP5L, DAPK3",0.006385319158114346,2.818654775619507,0,1,7.650971412658691,3.137746810913086
1212,KIF5B,"KIF5B, TAF1D, RNF181, ERCC1, HMGA1",0.0040637414264369665,4.14380407333374,31,8,9.616476058959961,4.2495808601379395
1213,MSH6,"MSH6, CDC5L, MTF2, HAUS6, WIPF2",0.008320620865179864,2.5794694423675537,1,4,8.694067001342773,3.709872007369995
1214,PTBP1,"PTBP1, TMEM161A, CCDC34, TMPO, MPDU1",0.007098067051243338,2.8403971195220947,13,0,7.730531215667725,6.299957752227783
1215,CUTA,"CUTA, RNASEK, C1ORF43, PTRHD1, CLN6",0.006246102925893827,3.2396743297576904,16,9,11.698472023010254,4.531651496887207
1216,TSFM,"TSFM, RABEPK, ANKRD39, DNAJC17, ADNP2",0.007842187616422025,2.8832173347473145,0,4,8.91710090637207,5.542953968048096
1217,USP48,"USP48, GEMIN6, NRDC, MLST8, PLK4",0.006952968443013502,2.73201322555542,0,1,9.069326400756836,4.430483818054199
1218,DDX18,"DDX18, HMGXB3, CSNK2B, SLC20A1, LRRC59",0.005636296612927894,2.987313985824585,11,9,8.957548141479492,5.466132164001465
1219,VAPA,"VAPA, HMG20B, CCNB1IP1, PPA1, RAD50",0.008490229373448524,2.9923088550567627,5,6,10.298785209655762,7.252267837524414
1220,PITPNA,"PITPNA, HMMR, MTFR1, CENPX, COG4",0.006284338369954392,2.7306952476501465,6,6,9.851334571838379,6.35380744934082
1221,CDK16,"CDK16, ACY1, AZIN1, XPO5, SLC35F2",0.006830418942819384,2.4639015197753906,0,8,10.302046775817871,5.7596306800842285
1222,NEMP1,"NEMP1, GTF3C4, POLR3B, MCM8, DEPDC1B",0.011460829258153954,3.1268692016601562,3,4,10.161236763000488,7.712770462036133
1223,<SPECIAL>,"<SPECIAL>, MEAF6, YWHAZ, CHMP5, BLOC1S1",0.009015721630280903,4.006607532501221,2,3,11.235450744628906,3.872152805328369
1224,AHSA1,"AHSA1, HDAC1, NR2C2AP, VPS72, RNF6",0.006430417374185781,3.0194473266601562,13,6,9.20872688293457,3.7466907501220703
1225,UXT,"UXT, PAXBP1, NUP98, REX1BD, ODC1",0.005744140173098718,3.4443116188049316,7,1,7.890800952911377,4.801135540008545
1226,NDUFC2,"NDUFC2, CYB5R1, NADSYN1, LRCH4, NSFL1C",0.006688261522594207,3.1968462467193604,4,9,11.538378715515137,5.589799880981445
1227,SMS,"SMS, ACOT7, FKBP4, BZW1, PSMD14",0.0044304095310177686,3.2875781059265137,0,2,10.894752502441406,5.206335544586182
1228,MYSM1,"MYSM1, CHCHD1, SAFB, BZW2, TIMM44",0.006813752210792983,3.221203088760376,6,0,9.61655044555664,5.250754356384277
1229,HTRA2,"HTRA2, ERCC1, EXOSC2, C6ORF89, PNO1",0.005141196632143656,4.296794891357422,1,8,10.362871170043945,5.319462299346924
1230,THOC3,"THOC3, LACTB2, DDX39A, TMEM128, WRAP73",0.005729434233075424,3.409240961074829,2,5,9.089113235473633,6.299838542938232
1231,RTN4,"RTN4, B3GAT3, FKBP8, TUBA1C, EIF3G",0.007084341507221597,2.934779405593872,4,5,10.127913475036621,4.266342639923096
1232,CSNK1A1,"CSNK1A1, NUP58, CSNK1G3, CTCF, CD2BP2",0.00905493747034302,2.442871332168579,20,1,8.515698432922363,6.138652801513672
1233,DPP3,"DPP3, CHEK1, PKMYT1, MINDY2, TBL2",0.005903944721351848,3.2679202556610107,7,4,8.995915412902832,4.8853840827941895
1234,NCBP2,"NCBP2, SPCS2, GLRX5, PDIA6, CBX4",0.004678449719410664,3.3360466957092285,8,1,8.066181182861328,3.482133388519287
1235,DPF2,"DPF2, TXNL4A, ERAL1, SUCLG1, IREB2",0.008837289557998267,2.855445384979248,0,5,10.992080688476562,4.252233028411865
1236,ELOVL1,"ELOVL1, DHCR7, TRIM52, MUS81, GPAT4",0.010937297793324679,2.9025115966796875,0,7,10.783950805664062,6.656649112701416
1237,FAF2,"FAF2, PKNOX1, TRIM26, MASTL, RHBDD3",0.008364738685249746,3.1240108013153076,1,2,9.95380687713623,6.077700614929199
1238,TRAPPC6B,"TRAPPC6B, MIS18A, SLC39A4, ASF1B, UBA2",0.004967666539868784,3.3400917053222656,6,4,9.593033790588379,4.910189151763916
1239,NUDT5,"NUDT5, CLTA, IPO9, CCS, OGFR",0.005958846897438814,3.2929728031158447,0,1,10.996993064880371,4.310759544372559
1240,SEPHS2,"SEPHS2, TMUB1, CFAP97, MRPS27, EIF1AX",0.0060470825375785785,2.8049888610839844,5,5,9.458205223083496,6.338192939758301
1241,GLRX5,"GLRX5, NDUFB9, ZNF207, RSBN1L, SNIP1",0.00601080788552112,2.757556438446045,4,7,9.109593391418457,5.7407073974609375
1242,KRT10,"KRT10, ATP5F1C, BCOR, TRAPPC1, NOL11",0.00490982317577716,3.8411331176757812,8,8,8.982447624206543,5.930529594421387
1243,DDX42,"DDX42, XRCC6, ARCN1, TMED9, NIPBL",0.006721594986647006,3.5265252590179443,36,7,9.970236778259277,4.405293941497803
1244,TMEM223,"TMEM223, RABGGTB, MRPL16, MYCBP, RNF14",0.010978474425389904,2.812091827392578,14,4,10.186013221740723,5.715770721435547
1245,NSFL1C,"NSFL1C, SRSF2, EIF4EBP1, HNRNPA0, DAXX",0.00537551127651481,3.1491377353668213,10,8,8.941160202026367,3.91141676902771
1246,DDA1,"DDA1, METTL2B, GAR1, FAH, TPGS1",0.007460813571817929,2.8386571407318115,6,1,11.081604957580566,4.581114292144775
1247,NFU1,"NFU1, FUBP1, PPHLN1, MPLKIP, NDUFAF4",0.007697089008192189,2.714341640472412,12,4,9.555059432983398,3.7982921600341797
1248,GNAI3,"GNAI3, CAND1, CFAP298, IMPDH1, MKNK1",0.007706892968207719,3.298360824584961,2,2,9.975918769836426,6.02303409576416
1249,KRT10,"KRT10, JTB, AUP1, CTU2, RBM17",0.004412762402989816,3.9830355644226074,2,8,9.257776260375977,4.500401973724365
1250,GPATCH11,"GPATCH11, IFT22, RTN4, HINT2, TSPAN13",0.007764736332299342,2.5568957328796387,10,7,7.176286697387695,5.294060707092285
1251,MPDU1,"MPDU1, FDX1, TMEM141, LARP4, PSMB6",0.005836297397244695,3.261721611022949,0,6,9.810491561889648,3.9970550537109375
1252,SON,"SON, ARPC5, MKRN1, SETD2, CAPN7",0.00438433091894478,3.221780300140381,4,5,7.799920558929443,5.203755855560303
1253,DDX39A,"DDX39A, TSC2, LZIC, COX5A, POLR2L",0.005906885909356507,3.315274238586426,0,5,11.571200370788574,6.008365631103516
1254,AP2A1,"AP2A1, PKN1, NECAP2, EPS15, PLD3",0.003105894532919737,3.7322089672088623,14,0,8.836012840270996,3.529270648956299
1255,ISG20L2,"ISG20L2, TRMT1, ZNF322, RBM6, UTP20",0.008907878070110078,2.657381296157837,0,2,10.93753719329834,3.47212290763855
1256,KIF23,"KIF23, RIDA, AVEN, SMARCA1, ADAT1",0.007187283087384657,2.873044729232788,11,4,7.266597270965576,6.056102752685547
1257,MBIP,"MBIP, PUSL1, ZNF480, UMPS, ARNT",0.006692183106600418,3.3087639808654785,0,4,9.381367683410645,7.094510555267334
1258,ARF4,"ARF4, ARPC1A, CAPZA1, PPIB, ANKHD1",0.006698065482609736,3.23165225982666,10,8,8.317749977111816,5.069908142089844
1259,RNF126,"RNF126, ERP29, FLOT2, NAPG, DVL3",0.006346103318052227,2.9521589279174805,0,6,10.107020378112793,5.683969497680664
1260,SERP1,"SERP1, UBAC1, ATP5F1D, ENO1, LSM12",0.0034549155094725863,5.23132848739624,1,3,9.916651725769043,5.973845481872559
1261,API5,"API5, EP300, RUSC1, RPA2, UMPS",0.005817669873215189,2.818312406539917,12,0,9.403390884399414,3.0394155979156494
1262,TBCC,"TBCC, AEN, UBE2W, BLOC1S2, BMI1",0.009601998439209565,2.7294094562530518,0,9,10.479131698608398,6.090512752532959
1263,KPNA1,"KPNA1, SFPQ, KBTBD2, MCRS1, TBCD",0.004169624194604685,3.6896326541900635,13,6,8.252278327941895,7.239612102508545
1264,RSF1,"RSF1, HAUS2, PPP1R8, PTRH2, PGM2",0.006397083910132981,2.6649580001831055,1,4,9.727343559265137,5.154007434844971
1265,LBR,"LBR, CEP135, EEA1, OCIAD1, DICER1",0.005710806709045918,3.197157382965088,7,0,9.465143203735352,4.861636638641357
1266,TCP1,"TCP1, MTHFD1, LAMTOR2, STAT1, VAC14",0.006671594790567806,3.306785821914673,6,2,11.143547058105469,4.747645378112793
1267,DIS3L,"DIS3L, VPS72, ANAPC4, HEATR3, ZCCHC17",0.009163761426515399,3.0986180305480957,0,4,9.376903533935547,3.2456436157226562
1268,GTF2A2,"GTF2A2, TMED4, TIMM44, SLC7A1, ATP11A",0.005817669873215189,3.4199910163879395,1,2,8.165037155151367,3.0994856357574463
1269,CPT2,"CPT2, SLC25A5, R3HDM4, AHCYL1, ADD1",0.007320616943595857,2.9531986713409424,10,4,10.152520179748535,4.846835613250732
1270,NIPBL,"NIPBL, LRRC75A, PHIP, ZNF330, TOP2A",0.005565708100816082,2.7748239040374756,10,4,7.387646675109863,5.787521839141846
1271,DNTTIP1,"DNTTIP1, MXD4, PYM1, UQCRFS1, GRB2",0.005198059600233726,3.3372199535369873,12,0,7.573487758636475,5.076786041259766
1272,MAK16,"MAK16, UFD1, DPH3, METTL26, HAUS2",0.0074412056517868695,3.3959734439849854,6,5,10.855361938476562,4.871479034423828
1273,MED6,"MED6, ANGEL2, BNIP2, CNPY3, NDUFB3",0.0055284530527570696,4.26494836807251,1,9,9.669431686401367,6.144355297088623
1274,CCDC117,"CCDC117, MYDGF, RBM25, SNU13, PUS1",0.00402158439837019,3.438771963119507,0,6,11.53780746459961,6.143496036529541
1275,ARFRP1,"ARFRP1, TNPO1, RER1, PUS7L, ASCC2",0.00883140718198895,2.765941619873047,0,1,9.520668983459473,4.3813676834106445
1276,RSRC2,"RSRC2, LEPROTL1, NFE2L2, NDUFV1, PIK3CB",0.006243161737889168,2.643343687057495,24,7,10.030879974365234,3.971285820007324
1277,SCP2,"SCP2, SYMPK, SNRPC, PEX26, PSMA1",0.007340224863626916,2.77506160736084,7,0,7.219272136688232,5.402743816375732
1278,TMEM160,"TMEM160, TMEM41A, RNF4, BUD13, DEK",0.007044145271157926,3.0797476768493652,1,8,11.161745071411133,6.361272811889648
1279,EED,"EED, SRCAP, RIOK2, AIFM1, NUDT4",0.005880415217314578,3.0823497772216797,2,5,9.677802085876465,4.488839626312256
1280,KRR1,"KRR1, NGLY1, ERI1, SCYL1, COX20",0.007634343664092801,3.6395182609558105,1,4,10.53947925567627,5.3734130859375
1281,NDUFS3,"NDUFS3, SQLE, SUCLG1, SSU72, HPS1",0.005003941191926243,3.9440646171569824,25,0,7.813566207885742,3.871291160583496
1282,MEPCE,"MEPCE, CNOT11, TMEM39B, PPP1R8, ELP6",0.009941215455746884,2.5499982833862305,0,4,9.988466262817383,4.821561336517334
1283,CHP1,"CHP1, MTREX, GRPEL1, RLF, TIPIN",0.007029439331134632,2.6793384552001953,7,0,9.731932640075684,6.672220230102539
1284,WRN,"WRN, TMEM199, TASOR2, PPM1F, ATP5PB",0.007634343664092801,2.9881930351257324,1,1,9.877326965332031,4.686244487762451
1285,FAM53C,"FAM53C, PEX2, MDP1, VRK3, SPRTN",0.005291197220381257,2.826753616333008,1,5,11.503170013427734,5.996214866638184
1286,WDR5,"WDR5, RBM17, SGO1, ATP5ME, WTAP",0.004784332487578383,3.255476713180542,2,8,8.49203872680664,5.027726173400879
1287,<SPECIAL>,"<SPECIAL>, UTP3, NKAP, OCIAD1, FASTK",0.00667943795858023,3.6610336303710938,8,6,10.24427318572998,3.4695770740509033
1288,PIH1D1,"PIH1D1, CENPM, CPNE3, RBM42, RBM22",0.005564727704814529,2.9810030460357666,29,0,10.794881820678711,6.833070278167725
1289,LSM5,"LSM5, BCAP31, TBCA, SNRPF, PSMD3",0.006321593418013404,3.0112967491149902,1,8,9.395488739013672,3.690276622772217
1290,NASP,"NASP, RNASEH2C, TMEM223, GON4L, SENP6",0.00410491805850219,4.199892044067383,1,7,9.90251350402832,3.830644130706787
1291,APOO,"APOO, DCTPP1, NXT1, TPRN, CSNK1E",0.0050255099039604074,3.3187949657440186,6,0,8.971802711486816,4.921836853027344
1292,PIF1,"PIF1, CDCA2, FAM120A, NFE2L3, GUSB",0.009169643802524715,2.3182780742645264,14,9,7.5951151847839355,5.391031265258789
1293,DNAJC11,"DNAJC11, CBX3, WDR75, CASP8AP2, WDR83",0.005790218785171707,3.3510239124298096,0,1,8.885839462280273,2.8883345127105713
1294,ADSL,"ADSL, PKN1, ACTL6A, NIF3L1, ZNF579",0.0057549245291158005,3.6332123279571533,18,6,10.508294105529785,4.846366882324219
1295,UBXN2A,"UBXN2A, IGF2BP1, AFG3L2, CRNKL1, EMC2",0.00584806214926333,3.8749775886535645,0,0,10.214942932128906,5.72244119644165
1296,NOL10,"NOL10, YIF1A, WDR33, SMAGP, LARP1B",0.006464731234240135,2.7660255432128906,5,6,8.272539138793945,6.58076286315918
1297,CDC42SE1,"CDC42SE1, CLPTM1L, CTNNB1, LRRC75A, GPI",0.005494139192702716,3.860215425491333,9,2,10.257770538330078,2.8731281757354736
1298,NCBP3,"NCBP3, GLOD4, MCM3, TMEM208, TRMT112",0.005636296612927894,3.2737843990325928,1,1,9.878218650817871,4.099265098571777
1299,MRPS17,"MRPS17, DOHH, TMEM214, OSBP, SBDS",0.008480425413432994,3.5219225883483887,2,6,10.933353424072266,5.931328773498535
1300,SPCS2,"SPCS2, PRKCI, ATP5PF, SLC52A2, KDM5A",0.01043141345652336,2.9149465560913086,0,8,11.420177459716797,4.608839988708496
1301,WASHC2C,"WASHC2C, TIMM44, ZNF268, LRRC47, SNUPN",0.004667665363393582,3.707669973373413,0,2,9.563846588134766,5.552182674407959
1302,SMC4,"SMC4, FBL, NME2, GPBP1, LMNB1",0.006673555582570912,3.233389139175415,7,6,8.496431350708008,4.904691219329834
1303,YTHDF1,"YTHDF1, CLPTM1L, ING2, SBF1, KIF3B",0.006470613610249452,3.0428311824798584,0,2,8.739506721496582,6.759519100189209
1304,SLC7A1,"SLC7A1, NDUFS8, POC5, AKAP8, CHD1",0.005637277008929447,2.646436929702759,0,3,7.716177463531494,5.602266311645508
1305,FIS1,"FIS1, SLK, SRP54, MTERF3, UBIAD1",0.004574527743246052,3.268115520477295,5,9,9.829423904418945,6.92780876159668
1306,MTHFD2L,"MTHFD2L, MRPS2, SLC25A33, NIP7, EIF5B",0.007339244467625363,2.911729097366333,8,9,10.01047420501709,3.782853603363037
1307,RTF2,"RTF2, KIAA0586, VDAC3, HADHB, UBAC2",0.0037941325260099057,3.359412908554077,15,2,9.971484184265137,3.1635079383850098
1308,ATP5ME,"ATP5ME, FAM91A1, STRAP, ELP6, FUBP1",0.005772571657143753,3.1599509716033936,2,9,9.928091049194336,5.903966426849365
1309,KPNA2,"KPNA2, RAD23B, SCAF4, FKBP3, BOD1",0.003662759461801811,3.206024408340454,6,0,7.644937038421631,6.088079929351807
1310,SYMPK,"SYMPK, THRAP3, CAND1, PTTG1IP, ZNF322",0.005441197808618858,2.8518385887145996,15,2,9.896902084350586,3.1589207649230957
1311,UBE2S,"UBE2S, ADAR, NFYB, C5ORF15, RBM8A",0.0030735414648684896,3.42946195602417,6,0,11.712020874023438,4.605396270751953
1312,UBE2B,"UBE2B, VAPA, LRR1, EIF6, UBXN6",0.006750026470692042,3.085317611694336,8,7,9.624953269958496,7.715327739715576
1313,MRPL23,"MRPL23, PKM, CALM3, UXT, KIF5B",0.0028607955325315,3.1442017555236816,1,8,10.40417766571045,4.29141092300415
1314,SMARCC2,"SMARCC2, SNX15, COPS6, JTB, RAD50",0.006384338762112793,3.2130355834960938,19,8,8.69035816192627,6.542932510375977
1315,USP10,"USP10, ASXL1, CPSF6, LSM4, TPGS2",0.003083345424884019,4.555286884307861,13,0,11.95486068725586,4.837766170501709
1316,TUBB,"TUBB, HMGN2, CENPU, LYSMD3, FMC1",0.00561864948489994,3.562021255493164,0,9,10.298550605773926,6.402778148651123
1317,VPS29,"VPS29, ZNF593, PDIA6, PNKD, MYO19",0.005114725940101726,2.7902543544769287,0,6,9.046967506408691,3.5499818325042725
1318,FMC1,"FMC1, AP3M2, RTN4, SRSF11, ROMO1",0.008121600476864615,2.3937878608703613,0,9,7.44319486618042,4.030120372772217
1319,HSDL2,"HSDL2, CSNK1E, PAICS, MCPH1, TFRC",0.00733826407162381,3.2884509563446045,11,0,10.490053176879883,3.8387579917907715
1320,THG1L,"THG1L, BRCA1, COX7B, PWWP3A, KHDC4",0.006065710061608085,3.7007904052734375,1,2,8.84379768371582,4.305267810821533
1321,ZNF121,"ZNF121, LNPEP, IGF2R, PEX1, ATRAID",0.00738826426770301,2.2760133743286133,11,0,10.164252281188965,3.579936981201172
1322,MSL2,"MSL2, NDFIP2, LETMD1, TAF11, MFSD4B",0.008228463641033886,2.46208119392395,13,1,7.470725059509277,5.2570977210998535
1323,PLEC,"PLEC, NMT1, CXXC1, WDR26, PFDN6",0.008457876305397277,2.552136182785034,1,9,10.048300743103027,4.662303924560547
1324,POLR2F,"POLR2F, ANP32E, CNPY2, C19ORF53, KMT5A",0.008603955309628665,3.062352418899536,6,6,7.079256534576416,3.934022903442383
1325,<SPECIAL>,"<SPECIAL>, EXOSC8, NAE1, COMMD2, GGPS1",0.003814720842042518,4.029203414916992,0,6,7.996243953704834,2.8981592655181885
1326,TOPBP1,"TOPBP1, AFG3L2, CANT1, COPB1, ZNF146",0.004623547543323699,3.4503085613250732,5,9,9.648977279663086,5.00941276550293
1327,BOLA3,"BOLA3, ATP5PD, TRAPPC13, GPAA1, ARF5",0.010301020788316817,2.814662218093872,13,8,6.8071088790893555,5.429366111755371
1328,CHAMP1,"CHAMP1, ATG13, SLC39A10, NLE1, BRIP1",0.006130416197710579,3.6504650115966797,0,6,9.87572956085205,6.211050033569336
1329,ATF6,"ATF6, TAGLN2, PLK4, MTF2, ISG20L2",0.008707877285793277,3.3346235752105713,2,9,9.515286445617676,7.134830474853516
1330,RTN4,"RTN4, HNRNPL, USP22, GNPTAB, CARHSP1",0.007124537743285268,2.5953187942504883,6,1,10.209932327270508,2.8174431324005127
1331,PSMG3,"PSMG3, PPIL3, CRYZ, PSMF1, CBLL1",0.006837281714830255,2.7297472953796387,0,9,8.654727935791016,6.934970855712891
1332,PSMF1,"PSMF1, CTNNBL1, YY1, ATP6V1E1, SRPRA",0.004796097239597018,3.5537307262420654,26,6,8.23080062866211,4.127364158630371
1333,TIMM13,"TIMM13, CCNC, MPC1, ATF4, COX16",0.008892191734085233,3.286527633666992,19,8,9.435389518737793,4.853353500366211
1334,ORC3,"ORC3, SMIM26, EMC7, PITPNB, WDHD1",0.007953952760599061,2.5733418464660645,3,5,11.231704711914062,5.601244926452637
1335,MRPL22,"MRPL22, SREK1, MRPL4, IDH1, ECSIT",0.006784340330746395,3.3521430492401123,9,0,9.876461029052734,4.222718715667725
1336,MRPL20,"MRPL20, MED31, ICMT, SCAND1, CENPU",0.01089416036925635,2.8263707160949707,0,9,7.6014084815979,3.877075433731079
1337,HMGXB4,"HMGXB4, EMD, TCF25, COPS3, SLC25A39",0.006501986282299146,3.881186008453369,21,0,7.519626617431641,4.741376876831055
1338,SDF2,"SDF2, MYH10, CELF1, THAP1, TGIF2",0.007370617139675057,2.925917387008667,2,8,10.981428146362305,4.655242443084717
1339,UROS,"UROS, AIDA, PEX2, NAA35, TBK1",0.0059657096694496845,3.731370210647583,0,9,11.695283889770508,5.680569648742676
1340,MRPS23,"MRPS23, PCBD2, COPS5, POP4, EXOSC9",0.00468041051141377,3.9621129035949707,12,9,11.408429145812988,4.022438049316406
1341,DDX24,"DDX24, CYCS, PPIE, USP14, PGAM1",0.005059823764014761,3.2165346145629883,5,9,7.411921501159668,5.651406288146973
1342,CALM3,"CALM3, DLGAP5, PTPN11, MRPL51, ANKLE2",0.005406883948564504,3.079625368118286,3,0,8.630146980285645,6.593461990356445
1343,NIT2,"NIT2, PRKAA1, SNAPC5, SNX13, NUDT9",0.004387272106949439,3.3719112873077393,0,9,9.429427146911621,5.5593085289001465
1344,WEE1,"WEE1, SF3B6, C1ORF122, STK19, TRAPPC3",0.006093161149651567,3.0542685985565186,9,9,8.13850212097168,3.2435624599456787
1345,HDHD2,"HDHD2, DDX56, CCT6A, PIGK, SNRPC",0.006665712414558488,2.9972920417785645,0,7,9.609268188476562,3.023963212966919
1346,POLR3H,"POLR3H, CDV3, POC5, TOX4, EIF4ENIF1",0.005612767108890623,3.313030958175659,0,4,9.25755500793457,7.564251899719238
1347,YTHDF2,"YTHDF2, COX16, GTF3C6, TAF2, ADAR",0.007341205259628469,3.201042652130127,2,9,9.099090576171875,6.715356826782227
1348,BCS1L,"BCS1L, PHF6, PPP1R7, SMARCC2, POLR1B",0.00624708332189538,3.016686201095581,0,2,10.962947845458984,4.951170921325684
1349,PIEZO1,"PIEZO1, L3MBTL2, SMIM30, FBXO9, ZBTB8OS",0.006580417962423382,2.520297050476074,0,6,7.37600564956665,4.184139251708984
1350,ACADVL,"ACADVL, PIEZO1, POLK, NDFIP2, ELAVL1",0.007707873364209272,2.571176290512085,12,6,9.262474060058594,6.594769477844238
1351,CLTA,"CLTA, SAMD4B, WIPI2, GPN2, ATP6V1F",0.006881399534900137,3.499133825302124,1,0,8.673246383666992,6.039066791534424
1352,EED,"EED, SLC25A37, HBS1L, FKBP1A, SEC14L1",0.006065710061608085,3.215686798095703,2,6,11.547403335571289,4.374605655670166
1353,GNB1,"GNB1, SETD5, RNASEK, TRIR, HP1BP3",0.006442182126204416,3.1688730716705322,64,3,9.431078910827637,7.44686222076416
1354,SFPQ,"SFPQ, CREBZF, GRHPR, FAM136A, NFKBIB",0.004263742210753768,3.750417947769165,0,5,8.775598526000977,3.2296674251556396
1355,FAM120AOS,"FAM120AOS, DCAF8, CTU1, TMEM160, UROS",0.005796101161181024,2.9884722232818604,5,6,9.623567581176758,6.238917827606201
1356,KATNA1,"KATNA1, DMWD, RITA1, SLC25A24, ARHGAP11A",0.007938266424574214,2.56622576713562,0,4,11.465825080871582,5.728381156921387
1357,NDUFB7,"NDUFB7, CNBP, LDLR, CYCS, CKS2",0.0051706085121902435,4.044943809509277,12,3,8.963458061218262,4.143203258514404
1358,TPI1,"TPI1, CSNK1G2, PPIF, CCDC124, AKT1",0.00598433719347919,2.823732376098633,31,6,9.787581443786621,7.035857200622559
1359,GHITM,"GHITM, COPS9, FKBP3, YIF1B, RSRP1",0.008994152918246737,2.982623338699341,5,6,7.47144889831543,6.679084300994873
1360,CISD1,"CISD1, UBL7, THOC3, TAF5L, URM1",0.006055906101592555,3.1862072944641113,0,0,8.152862548828125,6.726449489593506
1361,PCBD2,"PCBD2, TMBIM4, UQCR11, NDUFB8, NSMAF",0.008349052349224898,2.844425678253174,17,7,8.943676948547363,2.7968268394470215
1362,MTCH1,"MTCH1, DNAJC3, XRCC5, ZC3H13, TIMM8B",0.007790226628339719,2.796023368835449,6,5,10.026005744934082,3.2568178176879883
1363,PPCS,"PPCS, POLR2F, ATAD3A, SNAPC5, RPE",0.005813748289208978,4.093070983886719,7,6,8.286893844604492,3.002697229385376
1364,C1ORF35,"C1ORF35, LAMTOR5, PARK7, FANCI, ILVBL",0.004841195455668454,3.6928999423980713,4,3,7.925636291503906,3.142866373062134
1365,HMGN3,"HMGN3, PCM1, SRP9, SSU72, MZT2B",0.004880411295730571,3.4141101837158203,2,3,9.079322814941406,4.644777297973633
1366,SNRPF,"SNRPF, EIF5, NRDC, ERI1, TIMELESS",0.005987278381483849,4.111185073852539,6,5,9.666264533996582,6.278096675872803
1367,PAPSS1,"PAPSS1, BAZ1B, TMX1, RFXANK, STRADA",0.0048009992196047825,3.3107330799102783,0,2,10.7872314453125,6.14492654800415
1368,SGO2,"SGO2, SSR1, RPL26L1, CEBPZ, NUDT3",0.0076617947521362825,2.9485723972320557,24,0,10.662267684936523,5.923372268676758
1369,TAF11,"TAF11, EMC6, SURF2, NXT1, NPM3",0.003731387181910517,3.921170234680176,28,2,9.841753959655762,5.737599849700928
1370,SEC62,"SEC62, MTFMT, HCFC1R1, TBRG1, KATNB1",0.009841215063588484,2.666213035583496,2,1,11.74931812286377,4.675591945648193
1371,ADH5,"ADH5, LSM14A, PDZD11, OXA1L, GTF2H4",0.005774532449146859,3.675865411758423,5,9,7.854804039001465,6.047277450561523
1372,HSPH1,"HSPH1, PDIA3, CIRBP, EIF3E, DUT",0.003550013921623222,4.987331390380859,0,9,9.198371887207031,3.335134983062744
1373,SCCPDH,"SCCPDH, ACSF3, USPL1, CISD3, KLHDC3",0.006732379342664089,2.5675933361053467,0,7,7.962908744812012,5.88137149810791
1374,ARFGAP2,"ARFGAP2, R3HCC1, SNX27, CDCA4, TSR3",0.007171596751359809,2.4683914184570312,0,2,11.289627075195312,5.004619121551514
1375,DDX27,"DDX27, SERP1, SSR3, DGUOK, STARD7",0.006784340330746395,2.5812249183654785,31,0,10.369215965270996,3.8667562007904053
1376,ACP1,"ACP1, UNG, SDHC, TOMM22, TOMM5",0.009238271522633422,2.865159511566162,3,8,9.373495101928711,4.622488975524902
1377,DVL3,"DVL3, FARSB, SMARCA4, UBQLN4, PITPNA",0.005880415217314578,3.083414316177368,1,1,9.08480167388916,5.591625213623047
1378,TRMT1,"TRMT1, SHMT2, LPCAT1, TFAM, ARRDC1",0.004418644778999134,3.358954668045044,4,0,10.406258583068848,3.3091955184936523
1379,ARF1,"ARF1, ARF4, TRMT61A, LSM1, BAZ1B",0.004920607531794242,4.184319496154785,15,2,10.080016136169434,6.73806619644165
1380,PPP1CC,"PPP1CC, TTC9C, KAT2A, ESRRA, ADNP2",0.010326511084357193,2.4720826148986816,0,4,11.220110893249512,4.739504814147949
1381,TALDO1,"TALDO1, CENPH, PSMG4, HMCES, PCM1",0.006326495398021169,3.0797224044799805,16,5,7.752676010131836,5.308882713317871
1382,ST13,"ST13, DNAJA3, LSM2, COPB2, ARL5B",0.0029647175086961125,4.753379821777344,1,0,10.547565460205078,5.843282699584961
1383,RBX1,"RBX1, SNRNP70, CDK1, DNPH1, CIB1",0.007253950015490257,3.736363172531128,15,3,10.673110008239746,5.4489545822143555
1384,BRD9,"BRD9, IDH3A, YTHDC1, CEP95, EZH2",0.006403946682143852,2.7432823181152344,20,0,10.232988357543945,5.814660549163818
1385,TXN,"TXN, DFFA, SLC30A7, NOC2L, PDCD7",0.0037431519339291524,4.684882164001465,2,2,9.765776634216309,3.807788610458374
1386,NOP58,"NOP58, MORF4L2, ARHGAP5, PSMC3, PPP4R2",0.007635324060094354,2.9677841663360596,1,8,9.831329345703125,2.7234103679656982
1387,RDX,"RDX, TACC3, GINS2, HIKESHI, MRPL52",0.004515703983152875,2.7497646808624268,0,6,10.526360511779785,5.202325344085693
1388,MMS19,"MMS19, FAM98C, MOV10, PISD, AARSD1",0.011281416789869764,2.5786235332489014,3,2,8.13595199584961,3.4186511039733887
1389,ACO1,"ACO1, TOP2B, THG1L, DERL1, IFI27L1",0.00503629425997749,3.2492423057556152,0,8,7.777181625366211,6.377153396606445
1390,ABCD4,"ABCD4, GTF3A, STOML2, C6ORF89, LTN1",0.00833630720120471,2.8275580406188965,6,6,7.3651204109191895,4.841358661651611
1391,ILF3,"ILF3, HEBP2, MRPL42, POLR2K, TTC14",0.006657869246546065,3.5113863945007324,27,0,8.92814826965332,4.394822120666504
1392,XRCC6,"XRCC6, POLR3D, PTGES3, PSMB1, NOLC1",0.004465703787073675,5.33510684967041,0,7,10.430994033813477,4.134125709533691
1393,<SPECIAL>,"<SPECIAL>, EIF4H, HADHA, RPS27A, TMED4",0.0075510100039608,4.2500081062316895,4,3,7.601238250732422,6.132627487182617
1394,HTATSF1,"HTATSF1, CDK2AP1, ELOVL1, RNASEH2C, NABP2",0.0042892325067941444,4.311427593231201,17,2,8.760307312011719,7.0058770179748535
1395,COPS3,"COPS3, CISD2, ATP6V1D, ERGIC2, ZBTB43",0.004858842583696407,3.4607386589050293,7,6,11.020672798156738,6.562509536743164
1396,PCGF2,"PCGF2, EZH2, SEC13, CENPW, TTC31",0.005413746720575375,3.342154026031494,15,0,7.420223236083984,4.089572429656982
1397,ASPSCR1,"ASPSCR1, OSTC, DGCR8, KIAA1586, ARL4A",0.004745116647516265,3.8549914360046387,1,2,7.53621244430542,6.214028835296631
1398,MTERF3,"MTERF3, HNRNPH1, SF3B6, TATDN3, CDK7",0.0059019839293487425,2.9064109325408936,0,9,9.737371444702148,4.488471508026123
1399,BROX,"BROX, MVD, NADK2, PITRM1, SARNP",0.007197087047400186,3.057952642440796,4,1,11.110234260559082,5.537720680236816
1400,C1ORF52,"C1ORF52, NCAPH2, ING2, TAOK2, LRP6",0.007355911199651764,3.3717856407165527,5,2,10.760440826416016,3.785348415374756
1401,AP3M1,"AP3M1, RBM4B, NDUFV2, SFXN1, ATP1A1",0.004705900807454147,3.4285383224487305,7,2,8.26468276977539,5.984879970550537
1402,TUBB,"TUBB, SLC39A4, GMPS, DBF4, GPS1",0.006978458739053879,2.5668976306915283,6,1,9.498712539672852,5.071085453033447
1403,ATP6V1G1,"ATP6V1G1, GRHPR, ATP6V0A1, PKMYT1, ACP1",0.006821595378805407,2.5177292823791504,3,8,9.40772533416748,6.113118648529053
1404,SNRPB2,"SNRPB2, IDH3B, COX6C, GLUD1, SLC2A1",0.003777465793983506,4.0219035148620605,2,0,10.904629707336426,5.226640224456787
1405,RAB22A,"RAB22A, CIR1, UAP1, GAR1, GSTO1",0.006318652230008745,2.6595635414123535,7,9,7.069400310516357,5.612841606140137
1406,LAMTOR5,"LAMTOR5, CTNNBL1, MPV17L2, ASB1, RAD1",0.0072206165514374565,3.283245086669922,4,4,9.15761661529541,6.297591209411621
1407,HMGN3,"HMGN3, COMMD2, GEMIN2, RBX1, STK25",0.004452958639053486,3.919663429260254,7,1,9.448317527770996,7.559878349304199
1408,PSMD6,"PSMD6, POP5, GSPT1, SMC3, EXOSC2",0.006983360719061644,3.4016799926757812,19,6,7.385644435882568,5.1594696044921875
1409,FNBP4,"FNBP4, NRBF2, GTF2F1, SUPT4H1, CDCA2",0.009029447174302645,2.2148289680480957,23,1,8.587350845336914,4.069766521453857
1410,CCT2,"CCT2, DAD1, BLOC1S6, AAMP, EIF2S3",0.0055882572088518,3.2111995220184326,5,9,10.264914512634277,3.5797767639160156
1411,SAMD1,"SAMD1, ING5, GRB2, PGLS, PIGK",0.009236310730630316,2.60530161857605,5,7,10.397431373596191,6.294432163238525
1412,UPF1,"UPF1, RBM4B, TIMM17B, TMED4, CABIN1",0.00569512037302107,2.7199885845184326,3,6,9.1175537109375,6.512955188751221
1413,DTYMK,"DTYMK, U2AF2, CNOT1, CDC40, NUMA1",0.0029843254287271713,4.405609607696533,12,6,9.347152709960938,4.694243907928467
1414,SMC2,"SMC2, TRIM52, TUBGCP2, CEP152, MANF",0.005251981380319138,3.1096348762512207,12,9,9.38213062286377,6.90387487411499
1415,TRAPPC3,"TRAPPC3, VRK1, GRPEL1, TBC1D23, YKT6",0.0056549241369574,3.378624677658081,5,9,10.368334770202637,6.334684371948242
1416,CLSPN,"CLSPN, ERH, AKT1S1, SNRPB, SDCBP",0.0023598131757379443,6.0586256980896,2,3,8.701483726501465,5.805482864379883
1417,ATRX,"ATRX, BLM, IVNS1ABP, STAM, FPGS",0.007411793771740281,2.7017874717712402,2,2,8.710606575012207,4.70037317276001
1418,DIAPH1,"DIAPH1, TMED5, USO1, GFER, BCL2L1",0.005793159973176365,2.6100828647613525,18,1,10.646940231323242,5.415881156921387
1419,PSMA1,"PSMA1, CCT3, AHSA1, CFAP97, HOOK2",0.006551986478378347,3.0990097522735596,5,7,8.848353385925293,4.5640716552734375
1420,SMCHD1,"SMCHD1, SRSF9, XRCC5, XPO7, HMGB1",0.005421589888587798,3.8378922939300537,11,3,11.784788131713867,4.978262424468994
1421,UNG,"UNG, MFSD14B, HNRNPL, ARPP19, BAG6",0.0029823646367240658,5.161449432373047,1,7,9.505607604980469,2.8088293075561523
1422,MAZ,"MAZ, SLC19A1, AEN, TRIAP1, ARL5A",0.005212765540257021,3.389594316482544,3,0,10.082816123962402,4.775040626525879
1423,TMX1,"TMX1, OAZ2, ISCA2, DFFA, SNRPD1",0.0071490476433240914,2.9406230449676514,20,8,6.956377983093262,5.454939842224121
1424,PPIL1,"PPIL1, DNPEP, ADSL, MDC1, MCRIP1",0.007330420903611387,2.651527166366577,0,8,8.010091781616211,3.942840576171875
1425,LARP4B,"LARP4B, MFAP1, STIP1, FBRS, YAE1",0.006062768873603426,3.256856679916382,0,0,10.845680236816406,5.983318328857422
1426,SLC25A36,"SLC25A36, MCM3, THG1L, PIEZO1, ST13",0.006285318765955945,3.1147618293762207,1,5,10.121847152709961,6.756100177764893
1427,PRPF31,"PRPF31, ZKSCAN8, PUSL1, ZNHIT2, NOP56",0.009389252506872576,2.9814813137054443,1,8,10.1314697265625,7.0280914306640625
1428,HPRT1,"HPRT1, TNFAIP8L1, VPS16, DDX39A, KLHL8",0.007485323471856753,2.7846295833587646,3,2,7.523787975311279,3.5002992153167725
1429,EIF2S1,"EIF2S1, PTRH2, EMG1, VPS72, SMG5",0.005547080576786575,3.3671722412109375,4,8,10.558991432189941,3.277313709259033
1430,CLTA,"CLTA, DMAC1, EIF3K, CPSF3, SNRPF",0.008896113318091443,2.570188283920288,11,3,8.842851638793945,5.0193891525268555
1431,MEA1,"MEA1, ARCN1, CSNK2B, MTCH1, SMARCE1",0.0025755002960795924,3.6143038272857666,12,9,9.68393611907959,5.758111476898193
1432,RSL24D1,"RSL24D1, TMEM115, MED10, TMEM192, MCM2",0.00818336542496245,2.612196683883667,3,7,9.396984100341797,3.792227268218994
1433,SCO2,"SCO2, C1ORF50, EIF4A1, C17ORF49, UPK3BL1",0.007549049211957694,3.517714500427246,8,5,9.426230430603027,5.262889385223389
1434,COA4,"COA4, MESD, ASB8, MAPK14, TRUB2",0.006616692614480841,2.6682534217834473,19,6,8.367226600646973,4.668776512145996
1435,ATF6,"ATF6, NCL, SRSF10, RAB2B, EXTL2",0.006281397181949733,2.8365139961242676,0,5,9.96388053894043,5.196920394897461
1436,NHP2,"NHP2, TMEM14A, ATP5MF, ATOX1, RAB2A",0.008713759661802595,2.7622954845428467,14,7,8.907489776611328,5.767813682556152
1437,C6ORF47,"C6ORF47, CEPT1, GGH, POLDIP2, LSM14A",0.007702971384201507,3.243734121322632,0,8,9.111353874206543,5.535312175750732
1438,NDUFS5,"NDUFS5, REPIN1, POLR3D, EIF1AX, DCTN5",0.002935305628649524,5.631206035614014,0,9,10.206582069396973,4.270827293395996
1439,SNRPA,"SNRPA, CSTF1, KIAA1191, PET117, RWDD4",0.0036872693618406347,3.075268268585205,0,7,7.770127296447754,4.854450702667236
1440,HLTF,"HLTF, PRPSAP1, EXOC5, ATP6V0A1, GINS2",0.00781669732038165,3.8648521900177,3,1,8.739823341369629,3.8797152042388916
1441,CNBP,"CNBP, CDKN2AIPNL, THAP5, ANAPC13, ANAPC5",0.0067764971627339715,2.5360805988311768,12,4,9.128291130065918,6.455699443817139
1442,LRRC58,"LRRC58, NADK, RANGAP1, RAB11FIP1, CEP192",0.007152969227330303,2.6698246002197266,7,1,10.746977806091309,6.561040878295898
1443,ISG20L2,"ISG20L2, PARP1, DIAPH1, NOM1, PPP6C",0.0035039353095502337,3.84427809715271,4,4,8.959895133972168,7.6698174476623535
1444,TMEM147,"TMEM147, BCAP31, SMARCC1, GPATCH4, PIGT",0.006465711630241687,2.9991910457611084,2,2,9.141362190246582,5.416783332824707
1445,AASDHPPT,"AASDHPPT, DCTN1, BZW2, HEBP2, WDR74",0.0078108149443723305,2.8244028091430664,2,9,10.276365280151367,6.1756110191345215
1446,MCFD2,"MCFD2, GTSE1, ACD, KAT7, SCCPDH",0.006682379146584889,3.0376012325286865,1,6,11.729668617248535,5.415427207946777
1447,RSL1D1,"RSL1D1, ATRX, DDX24, TRAPPC2L, POLR2I",0.003384326997360774,2.8255534172058105,0,6,9.74926471710205,7.823069095611572
1448,C6ORF62,"C6ORF62, PSMA5, RAB5C, CETN2, NME4",0.007884344644488802,3.1462490558624268,12,8,6.897331237792969,5.127013206481934
1449,IRF3,"IRF3, SNRPA1, GTF2H3, AQR, KCTD10",0.012399068231640125,3.098578453063965,0,4,7.447600364685059,4.688460350036621
1450,DESI1,"DESI1, CLTB, PROSER1, EIF2B2, UBAC2",0.007766697124302448,3.0010859966278076,4,5,8.808003425598145,6.441426753997803
1451,SEPTIN2,"SEPTIN2, RNF10, AAMP, RCL1, GPBP1L1",0.008553955113549465,2.513406991958618,0,4,8.24419116973877,5.787768840789795
1452,LSM7,"LSM7, WRN, DDX42, KMT2C, USF2",0.004189232114635744,4.89022970199585,2,6,8.415363311767578,5.0529961585998535
1453,COQ4,"COQ4, TBC1D23, EYA3, TTC5, NOP16",0.007452970403805505,2.450394630432129,0,1,11.069838523864746,4.547825813293457
1454,EMC6,"EMC6, CS, MORF4L1, RNF115, PSMB6",0.003404915313393386,3.321150064468384,1,0,8.86739444732666,5.264745235443115
1455,NDUFB9,"NDUFB9, ATP5PD, YWHAQ, ZFPM1, STMN1",0.003983348954309625,3.820157527923584,11,3,8.935483932495117,4.329150199890137
1456,SUPV3L1,"SUPV3L1, TIMM44, TBP, RAD1, ARL6IP1",0.006597084694449782,3.13086199760437,2,2,9.821056365966797,2.9501988887786865
1457,PTTG1,"PTTG1, TOMM70, JOSD2, TAX1BP1, PRRC1",0.005517668696739988,3.087886095046997,0,6,8.687185287475586,5.838744163513184
1458,TUFM,"TUFM, UBE2I, GNB2, CHCHD3, SVBP",0.006818654190800748,3.011246919631958,1,7,8.362569808959961,4.21061897277832
1459,MRPL48,"MRPL48, ARL1, CEP135, PCNX4, DNAJC8",0.005727473441072318,2.873887062072754,1,6,9.550956726074219,3.2038722038269043
1460,SEPHS1,"SEPHS1, ARL6IP4, SPAG9, MAGOH, POLR2F",0.0063431621300475685,3.6339852809906006,8,5,11.31104564666748,5.8247456550598145
1461,MRPL28,"MRPL28, TGFBR1, ABCB8, CAPZB, OTUB1",0.007372577931678163,2.827181100845337,1,0,10.332032203674316,3.0828869342803955
1462,LLPH,"LLPH, WDR18, RBM7, ZNF672, TMEM14B",0.0029098153326091473,4.224240779876709,0,1,7.5040059089660645,5.460840702056885
1463,CCNQ,"CCNQ, HIKESHI, GATD1, CDC27, REX1BD",0.008732387185832101,2.8267016410827637,0,1,9.679987907409668,4.392107963562012
1464,LYPLA1,"LYPLA1, DDB1, FUNDC1, EIF5, ITGB1",0.0047313911034945234,3.7985799312591553,20,2,9.792437553405762,6.310305118560791
1465,<SPECIAL>,"<SPECIAL>, CHTOP, ANKRD10, PSMB2, PRPF4B",0.007422578127757364,4.225934982299805,3,0,7.912905693054199,4.557401180267334
1466,MRTO4,"MRTO4, HTATSF1, SAYSD1, C8ORF82, EIF1AX",0.006276495201941968,3.1389009952545166,20,7,8.997357368469238,4.368240833282471
1467,CDC20,"CDC20, ZC3H13, UTP23, BDP1, GAPVD1",0.007808854152369225,2.7259786128997803,0,8,9.086738586425781,3.9809868335723877
1468,MRPL32,"MRPL32, MRPL52, PDCD5, OSBPL8, THAP12",0.006351005298059992,2.6485047340393066,0,6,9.859920501708984,4.581204414367676
1469,CDC6,"CDC6, DTL, CHAF1A, EDEM1, MCM2",0.006641202514519664,3.3027536869049072,7,2,8.805302619934082,6.133784294128418
1470,TRIP13,"TRIP13, POLR2H, TMEM199, DOLK, USF2",0.006903948642935855,2.59431529045105,0,4,9.222343444824219,7.4953999519348145
1471,EIF2S3,"EIF2S3, DEK, CSNK2B, TRAPPC12, CCSAP",0.006207867481833262,3.7794642448425293,0,9,9.497129440307617,5.495928764343262
1472,CCDC47,"CCDC47, CUL4A, ATG5, DCTN6, TMEM183A",0.007187283087384657,3.341233015060425,13,5,8.544368743896484,6.943357944488525
1473,PRPF40A,"PRPF40A, RARS2, SNW1, NDUFS4, MRPL9",0.006944144878999525,3.244811534881592,4,6,10.253989219665527,4.381933212280273
1474,SAMD1,"SAMD1, GPAA1, TBC1D10B, GMNN, TMEM106C",0.0062686520339295445,3.085637331008911,0,4,7.66300630569458,5.063959121704102
1475,THOC3,"THOC3, LSM4, KCTD13, NUBP2, SPOP",0.008210816513005934,2.7791757583618164,8,0,7.504295825958252,3.7415783405303955
1476,CDK5RAP2,"CDK5RAP2, TMEM126A, TM9SF2, TUBA1C, TMEM167A",0.007323558131600516,3.247983455657959,15,9,8.513972282409668,5.747776508331299
1477,G6PC3,"G6PC3, CKS2, MLEC, CHD4, ROMO1",0.006689241918595759,3.135281801223755,11,6,10.613288879394531,5.069198131561279
1478,RSBN1L,"RSBN1L, MRPL15, ACADM, CYCS, HSF2",0.00808336503280405,3.0659356117248535,0,5,8.793999671936035,3.151200771331787
1479,CMSS1,"CMSS1, MRPS10, COA1, MED6, ACTR2",0.0035049157055517866,3.534581422805786,0,8,9.201037406921387,5.466720104217529
1480,UBE2E1,"UBE2E1, TMEM38B, VCP, DEK, ASXL1",0.004829430703649818,3.671379327774048,11,8,8.989673614501953,5.331997394561768
1481,SWI5,"SWI5, MRPL11, ARL16, TDRD3, SLF1",0.009517684383076012,3.327495813369751,6,0,9.562262535095215,3.909486770629883
1482,PBRM1,"PBRM1, SSBP3, ANGEL2, ANAPC5, MRPS6",0.005830415021235377,3.263385534286499,4,6,10.02279281616211,5.056481838226318
1483,TERF1,"TERF1, FANCD2, CKLF, RIOK1, ECI2",0.004249036270730473,3.0728049278259277,0,1,8.507575988769531,3.7454323768615723
1484,GSS,"GSS, SNRNP25, ARHGAP11A, PMM2, EPN1",0.004221585182686991,3.4497082233428955,8,6,9.439499855041504,3.9444944858551025
1485,MYDGF,"MYDGF, SMARCB1, SCAMP4, STAMBP, RAB22A",0.0078117953403738834,4.144096374511719,0,7,7.548819541931152,4.439426898956299
1486,LSM5,"LSM5, XRCC6, ESCO2, UROS, TMEM14C",0.004250997062733579,3.334210157394409,0,9,8.05128288269043,6.9234938621521
1487,SRSF3,"SRSF3, PNP, NTMT1, HNRNPM, BRD8",0.005483354836685634,3.3397064208984375,1,8,8.620604515075684,3.847839593887329
1488,GCDH,"GCDH, SDHAF3, QRSL1, MKI67, NUF2",0.004981392083890525,3.9883596897125244,14,7,9.818359375,5.90531063079834
1489,TRIM33,"TRIM33, EDEM1, TMEM70, CBX1, TEX264",0.007419636939752705,2.546126127243042,18,0,8.014699935913086,3.9446308612823486
1490,MTERF4,"MTERF4, UBE2D2, ZNF131, ABRAXAS1, UBE3A",0.0017774579508154935,4.818852424621582,5,1,10.21584701538086,5.094609260559082
1491,HAGHL,"HAGHL, EXOSC1, ARL13B, SZT2, DDA1",0.0068490464668488895,3.0756967067718506,3,1,10.798233985900879,6.460185527801514
1492,YWHAE,"YWHAE, CCAR2, MARCKSL1, TMEM11, ACOT7",0.005710806709045918,3.793203830718994,8,4,8.887306213378906,4.821626663208008
1493,SLC31A1,"SLC31A1, TAF12, PGRMC1, C8ORF33, TP53I3",0.005582374832842482,3.1656603813171387,0,1,9.424945831298828,6.090042591094971
1494,ZC3H8,"ZC3H8, LNPK, POLA1, TKT, BARD1",0.00685590923885976,2.779956817626953,0,6,9.471698760986328,4.3568010330200195
1495,LYAR,"LYAR, SON, ATP6V0C, ATP6V1E1, YWHAE",0.006787281518751054,2.8008201122283936,0,3,10.62074089050293,3.067866802215576
1496,HPRT1,"HPRT1, C1ORF43, DPM1, MEA1, DCPS",0.00596080768944192,2.89100980758667,1,2,9.7075777053833,5.567615985870361
1497,KYAT3,"KYAT3, BRAT1, ISY1, COMMD4, GEMIN7",0.004900999611763183,3.3787155151367188,2,9,8.971150398254395,6.879213809967041
1498,TMED2,"TMED2, TIMM44, SEPHS1, OTUB1, CLPTM1L",0.00878826975792062,2.7527925968170166,3,7,9.627900123596191,6.755970001220703
1499,SNRPB,"SNRPB, LMNB1, ATAD2, CEP164, EIF2AK4",0.006620614198487053,2.8041810989379883,15,0,7.449311256408691,4.635396480560303
1500,SLC25A3,"SLC25A3, HMGN1, EPB41, FKBP4, RPUSD4",0.0023205973356758263,4.510621547698975,4,3,8.236976623535156,5.574365139007568
1501,ZMYM1,"ZMYM1, DCP2, KPNA2, ATP2A2, MTF2",0.0046529594233702875,2.9102632999420166,0,8,9.265984535217285,6.402103424072266
1502,POLR3K,"POLR3K, AFG3L2, SAFB, ASPM, U2AF2",0.004589233683269346,4.280387878417969,5,0,9.637267112731934,5.357852458953857
1503,PCM1,"PCM1, GMCL1, PARG, ATF6B, POLA1",0.01064808097286656,2.575212240219116,1,8,11.833605766296387,5.622310638427734
1504,PCBD1,"PCBD1, OARD1, ANAPC11, SLIRP, SLC20A1",0.008188267404970216,2.8710122108459473,2,2,8.441267967224121,6.062009811401367
1505,RPUSD3,"RPUSD3, ZNHIT1, COQ4, MLXIP, KDM2B",0.0073657151596672925,2.369936466217041,4,5,10.124707221984863,4.2396650314331055
1506,SRSF11,"SRSF11, ACADM, GOLGA4, ARGLU1, MCCC1",0.005430413452601775,2.9307286739349365,3,9,11.369330406188965,4.266308784484863
1507,TALDO1,"TALDO1, PAICS, ALKBH4, BAX, BARD1",0.006971595967043008,2.9609782695770264,7,6,10.060661315917969,4.821184158325195
1508,DDX3X,"DDX3X, HNRNPL, MAP1LC3B, SLC38A2, MYDGF",0.005651982948952741,3.705998182296753,26,7,9.399179458618164,5.23798942565918
1509,CDCA3,"CDCA3, NFE2L2, CEP83, POLR2L, USP16",0.007691206632182871,3.0379762649536133,2,8,9.936370849609375,6.3365678787231445
1510,SLC25A1,"SLC25A1, NFYC, UBE2I, NIF3L1, CDCA8",0.005338256228455798,3.84416127204895,6,9,9.125591278076172,4.890422821044922
1511,C1ORF174,"C1ORF174, STT3A, PCGF2, BAG6, TSR2",0.009491213691034082,2.922909736633301,3,0,11.087871551513672,6.3694305419921875
1512,DNM2,"DNM2, C14ORF119, YIF1A, MLF2, OAZ2",0.007625520100078824,2.2066683769226074,5,9,8.756956100463867,6.705860614776611
1513,RNASEK,"RNASEK, ESYT1, JAGN1, MOB4, ISOC2",0.006211789065839474,2.6329329013824463,2,6,8.76585865020752,5.7724690437316895
1514,NCAPD3,"NCAPD3, TERF2IP, MRPL13, MTO1, PGGT1B",0.005892179969333213,2.5217983722686768,1,2,8.723126411437988,6.774889945983887
1515,CNOT2,"CNOT2, SMS, PPME1, PTGES3, DHX40",0.008051992360754356,2.8975670337677,13,8,7.617593765258789,5.547168731689453
1516,ATG101,"ATG101, SNRPF, NANS, POP7, ATXN7L3B",0.005497080380707375,3.5902295112609863,0,2,6.857908725738525,4.8654866218566895
1517,PPP1R12A,"PPP1R12A, TCEA1, DIAPH1, CYB5R3, EIF2S2",0.005224530292275656,3.474942445755005,10,0,7.746741771697998,6.718821048736572
1518,SURF4,"SURF4, APPBP2, GORASP2, SHMT1, DPM1",0.00437452695892925,3.009091377258301,40,0,9.281466484069824,5.278282642364502
1519,RNASEH2C,"RNASEH2C, EIF3B, CASP2, ISCA2, ATP11A",0.005330413060443374,3.2805421352386475,0,9,8.433500289916992,6.310883522033691
1520,GDF11,"GDF11, POLE3, RBBP6, MCM6, TXNDC9",0.004956882183851701,3.1474506855010986,19,8,7.191969871520996,4.460805892944336
1521,PRR11,"PRR11, RRP12, RABEPK, GOLGA3, ZC3H7B",0.006437280146196652,2.5418219566345215,0,4,9.935108184814453,4.757225036621094
1522,COX7A2L,"COX7A2L, BSDC1, SF3B4, ZNF330, PI4KB",0.003957858658269248,3.2625319957733154,0,2,7.831132411956787,3.9425783157348633
1523,MED28,"MED28, UQCC3, DCAF7, HS2ST1, CEP95",0.010333373856368065,2.9436326026916504,0,4,8.988465309143066,4.125851154327393
1524,MPC2,"MPC2, SHLD2, STMP1, HADHA, MCRIP2",0.006675516374574018,3.728135347366333,2,5,8.384716987609863,6.186367988586426
1525,TK1,"TK1, OSER1, USP1, PPIP5K2, PSMD13",0.00724512645147628,2.627938747406006,18,5,8.915765762329102,5.324361801147461
1526,STMN1,"STMN1, HDDC3, NME2, DECR1, COX6C",0.005696100769022623,3.1366868019104004,0,3,8.967545509338379,7.065985679626465
1527,GON4L,"GON4L, PMPCB, COPS8, RABGGTB, SLC5A3",0.00717845952337068,3.1975181102752686,3,9,9.302741050720215,5.187110424041748
1528,PHF20L1,"PHF20L1, TAF15, TARBP2, HIGD2A, TMEM167A",0.0062676716379279915,2.697859764099121,1,8,10.444748878479004,3.7977006435394287
1529,WDR77,"WDR77, COPS4, PPIL1, NADK2, NOL10",0.008660818277718736,2.865997791290283,0,2,9.016265869140625,4.962276935577393
1530,PDE12,"PDE12, RTCB, FBXL15, METTL6, ZMYM3",0.01015886336809164,2.9645283222198486,0,5,11.636903762817383,6.204009532928467
1531,MRPL44,"MRPL44, MRPL28, MRPL2, HTATSF1, MRPL42",0.007201008631406398,3.941934108734131,12,9,8.981776237487793,7.527225017547607
1532,BCS1L,"BCS1L, REPIN1, CELF1, MFSD4B, SUPT20H",0.007556892379970118,3.113142490386963,1,0,9.969624519348145,5.649611473083496
1533,LLPH,"LLPH, APOO, ELOF1, DAZAP1, STK24",0.005730414629076977,3.3737123012542725,5,0,10.174808502197266,5.601047992706299
1534,CYC1,"CYC1, MICOS10, PSMC5, SLC25A37, CRTC3",0.004080408158463366,3.719590425491333,0,6,10.971184730529785,3.3404057025909424
1535,COPZ1,"COPZ1, POLR1C, SUCLA2, ERI3, IPO7",0.005347079792469774,2.8452465534210205,15,6,7.652332782745361,5.824645519256592
1536,RAB1B,"RAB1B, AKR1A1, HS2ST1, TRIM4, RPAIN",0.006573555190412511,3.025446653366089,0,2,9.190681457519531,5.172847270965576
1537,CEBPZ,"CEBPZ, AKIRIN2, LSM4, DDX23, LRRC75A",0.0043578602269028505,3.865351915359497,2,8,10.966225624084473,5.652088165283203
1538,NOC3L,"NOC3L, WBP11, LTN1, ECD, PYCR1",0.008799054113937702,2.9794046878814697,13,7,10.979165077209473,5.538349628448486
1539,ZNF207,"ZNF207, MRPL52, MRPS23, ZNF281, MRI1",0.0061127690696826265,3.129159450531006,2,0,8.887484550476074,4.81143856048584
1540,CHMP3,"CHMP3, FBXL3, GTF3A, COLGALT1, EXTL2",0.006540221726359711,3.142211437225342,2,1,11.424049377441406,3.5948476791381836
1541,SETX,"SETX, NUP160, PDLIM7, SURF2, CTNNBL1",0.007336303279620705,2.830601453781128,9,9,9.009489059448242,6.830600738525391
1542,LSM14A,"LSM14A, SNRPD3, SLC25A17, MRFAP1, ASB1",0.005888258385327002,2.8509273529052734,0,2,7.927213668823242,6.083227634429932
1543,PAIP2,"PAIP2, ARL13B, MED17, ATXN10, RCC1",0.011451025298138424,2.626569986343384,3,0,9.445064544677734,3.9411370754241943
1544,PKN1,"PKN1, CAMKK2, RBCK1, MCM4, PEBP1",0.0048735485237197005,3.518198251724243,34,2,11.502802848815918,3.6481451988220215
1545,TAF2,"TAF2, FAM91A1, SNX4, C6ORF62, PSMD4",0.008099051368828897,3.1119863986968994,1,5,7.041720867156982,5.365432262420654
1546,INTS10,"INTS10, ZBTB37, ANAPC13, BLOC1S2, POLR2L",0.008916701634124056,2.99298357963562,1,3,8.353546142578125,5.3461456298828125
1547,TUBB,"TUBB, PPME1, XRCC5, ZNF330, GNPDA1",0.0035245236255828454,4.006307125091553,1,8,8.8016996383667,5.207385540008545
1548,POLR3GL,"POLR3GL, MRPL37, PUS3, N4BP1, ZFAND2B",0.006781399142741736,2.737914800643921,0,2,9.982122421264648,6.655401706695557
1549,STARD3,"STARD3, NME4, UBA2, CCNB1IP1, NAA10",0.005463746916654575,2.6957921981811523,0,6,9.455080032348633,4.839752197265625
1550,HSDL2,"HSDL2, SMG7, IPO9, MLXIP, RNF187",0.005655904532958953,2.678830623626709,1,9,8.174053192138672,3.93278431892395
1551,HPF1,"HPF1, MMS22L, MRPL32, INTS7, TRIP12",0.007014733391111337,3.0476877689361572,4,1,7.615931034088135,5.642395496368408
1552,CDC73,"CDC73, TRIM33, IDH3B, DMAC2, UBA6",0.006812771814791431,2.84531307220459,23,6,11.47366714477539,6.0371246337890625
1553,GPS1,"GPS1, SCAMP4, R3HCC1, VAPA, LNPK",0.005921591849379801,3.6766767501831055,13,0,9.9546480178833,6.3356099128723145
1554,EEF1G,"EEF1G, HSP90AB1, HSP90AA1, HINT1, TOMM5",0.008476503829426782,4.011777877807617,6,3,10.50420093536377,6.5271477699279785
1555,RPP25L,"RPP25L, PPP2CB, MTRES1, BLCAP, NSFL1C",0.007639245644100565,3.2668116092681885,2,1,9.87933349609375,4.247751235961914
1556,CCNB2,"CCNB2, NDUFA6, STMP1, SPCS2, CD164",0.007946109592586638,2.5730385780334473,27,6,8.554987907409668,5.3424506187438965
1557,EMC7,"EMC7, WDHD1, PIM3, AP3M1, GPAA1",0.005792179577174813,3.040688991546631,1,8,7.564146041870117,5.490507125854492
1558,SRPRA,"SRPRA, MRPL43, AP3B1, PITPNB, SEC23B",0.0044362919070270864,2.7073209285736084,3,6,10.285235404968262,5.075608730316162
1559,EIF3L,"EIF3L, UBXN1, ROMO1, TMEM258, SUMO1",0.005009823567935561,3.125588893890381,25,3,10.59327507019043,4.9831719398498535
1560,PSMA3,"PSMA3, ATP6V0B, COX5B, EMC7, THUMPD1",0.004550998239208781,3.621986150741577,1,0,8.382972717285156,3.3315389156341553
1561,PWP1,"PWP1, TOMM22, PSMB1, PEMT, TIMM13",0.00514609861215142,4.3403425216674805,0,6,8.722065925598145,4.309721946716309
1562,KNL1,"KNL1, CKAP2L, BUB1B, KIFC1, HJURP",0.02092949384115232,3.2064054012298584,32,4,9.645285606384277,4.879827976226807
1563,ANKRD11,"ANKRD11, NDUFS6, ENDOG, GALK1, NDUFAF4",0.005396099592547421,4.260321617126465,0,0,10.616602897644043,7.079242706298828
1564,KPNA1,"KPNA1, CDC5L, SNX13, CLN6, HDDC2",0.007002968639092702,2.666562557220459,2,6,10.364548683166504,3.115544080734253
1565,ARPC5,"ARPC5, RABIF, CFAP97, BICD2, UTP11",0.009020623610288667,3.4842529296875,8,6,9.54325008392334,5.0455193519592285
1566,STMN1,"STMN1, PTMS, EIF4B, RNASEK, AURKAIP1",0.005074529704038055,4.212118148803711,5,3,11.910187721252441,5.0897722244262695
1567,GDF11,"GDF11, FASTK, SKA2, CDKN2AIPNL, BTBD1",0.005850022941266436,3.0033583641052246,0,4,8.356473922729492,7.403739929199219
1568,MRPL1,"MRPL1, ITPA, HIBCH, HMG20B, GTF2F1",0.006378456386103475,3.19748854637146,44,1,10.193367958068848,4.899719715118408
1569,CMPK1,"CMPK1, SNX5, SCRIB, BYSL, DNAJC3",0.006395123118129875,3.360509157180786,4,5,7.8979082107543945,4.774170398712158
1570,ARFRP1,"ARFRP1, COPS9, SART1, CAPZA2, ISOC1",0.007621598516072612,2.408111572265625,1,5,8.642409324645996,6.7869038581848145
1571,CAPRIN1,"CAPRIN1, NUP42, MPC2, BLVRA, DNAAF2",0.008061796320769886,3.304302453994751,1,4,10.33946418762207,5.430063247680664
1572,YBEY,"YBEY, SLC25A38, TRIM73, PSMD4, ZCCHC3",0.005336295436452692,3.157243490219116,0,1,12.01708984375,4.829590797424316
1573,EFCAB14,"EFCAB14, NDUFV1, PRPF6, DDX46, TGOLN2",0.005542178596778811,3.215203046798706,21,0,11.276017189025879,5.270883560180664
1574,EIF5B,"EIF5B, PET100, CDC20, DDOST, TMEM223",0.006655908454542959,3.190983295440674,19,5,8.463611602783203,2.777312994003296
1575,THOC6,"THOC6, METAP1, GATAD1, MTX2, ANAPC15",0.005758846113122012,3.156705379486084,12,1,9.36549186706543,4.961618900299072
1576,GATC,"GATC, NIF3L1, PITRM1, LTO1, VPS33A",0.01853830799336468,2.8090128898620605,0,4,10.15453815460205,7.574197769165039
1577,TMEM181,"TMEM181, EPN1, CHD8, KHDC4, GSE1",0.004484331311103181,3.3021481037139893,3,1,8.997034072875977,4.242537498474121
1578,HNRNPL,"HNRNPL, TSEN34, AGPAT1, TXNL4A, MBOAT7",0.0052353146482927385,2.8859734535217285,1,1,8.348797798156738,5.911008834838867
1579,HNRNPM,"HNRNPM, AIFM1, FASTKD2, RAB5IF, SSRP1",0.0061970831258161795,3.203760862350464,1,5,9.882699966430664,7.254063129425049
1580,RALA,"RALA, PPP1R15B, TUBGCP4, CSNK2A2, VAPB",0.006461790046235476,2.948430061340332,2,6,8.636038780212402,5.794330596923828
1581,KIF3B,"KIF3B, TRAPPC13, INTS3, PCNX4, KCTD9",0.010193177228145993,2.5608742237091064,0,8,10.18787670135498,4.303569316864014
1582,CORO1C,"CORO1C, GOLGA2, ZNF268, KCMF1, PBX2",0.008774544213898878,2.617624282836914,1,4,11.342827796936035,4.140468120574951
1583,PCBP1,"PCBP1, SLC3A2, CCT4, CTNNBL1, FIBP",0.0036823673818328698,3.6699562072753906,0,0,8.998555183410645,6.354654312133789
1584,ATP6V0B,"ATP6V0B, USP9X, CANX, SNU13, RSL24D1",0.0034980529335409158,3.4591684341430664,10,3,8.83498477935791,6.218076705932617
1585,LDHA,"LDHA, TAF7, TERF2IP, NDUFV1, SRSF1",0.007121596555280609,2.890730381011963,30,8,9.457710266113281,4.020273685455322
1586,AK2,"AK2, ZNF800, CWC27, FAM3C, PINX1",0.005773552053145306,3.987175226211548,7,1,8.692191123962402,6.930467128753662
1587,SUGP2,"SUGP2, SNRPD1, TARDBP, ZNF562, ATP6V0B",0.005223549896274103,3.4136359691619873,8,0,8.118463516235352,5.719155311584473
1588,SMC3,"SMC3, MPZL1, PDHB, PEX11B, NISCH",0.008395130961297887,2.480020523071289,7,4,8.52570629119873,6.579445838928223
1589,SEPTIN11,"SEPTIN11, ZNHIT6, PEF1, LCLAT1, NETO2",0.007952972364597508,3.036067247390747,3,5,8.902878761291504,4.736836910247803
1590,RAB7A,"RAB7A, HTRA2, PPA1, RNF114, ALKBH7",0.0045784493272522635,3.5874109268188477,0,5,9.291006088256836,7.690277576446533
1591,ABT1,"ABT1, SEM1, ZNF598, FAM133B, LAMTOR4",0.006146102533735426,3.2872111797332764,0,8,11.18302059173584,6.770705223083496
1592,PSMD10,"PSMD10, MAP1LC3B, LIG1, ZNF445, KLHL36",0.00810297295283511,3.003309726715088,0,7,9.873056411743164,6.835672378540039
1593,STAMBP,"STAMBP, HS2ST1, EI24, MBTPS1, WASHC4",0.0074412056517868695,2.5713703632354736,0,0,10.984052658081055,4.958673477172852
1594,ZNF431,"ZNF431, EIF3K, SMIM15, VAPB, PHF19",0.004634331899340782,4.059167385101318,1,1,9.915590286254883,2.5493271350860596
1595,FH,"FH, AURKAIP1, YIF1A, SUMO3, PSME4",0.0076176769320664,2.6034109592437744,1,9,7.352766513824463,5.750265598297119
1596,TONSL,"TONSL, MRPS36, FAM217B, NDUFS3, NCAPG2",0.005380413256522575,2.6599907875061035,0,4,9.555692672729492,7.5080180168151855
1597,SUDS3,"SUDS3, PSMC3IP, HMGN3, COQ9, BAG4",0.006309828665994769,3.2009589672088623,0,2,8.2893705368042,6.7062201499938965
1598,TRNT1,"TRNT1, TTC9C, SUGT1, DAXX, ZPR1",0.005769630469139094,3.098245859146118,8,7,9.021966934204102,3.4995412826538086
1599,DAZAP1,"DAZAP1, UHRF1, MRPS34, SSR3, EP400",0.007375519119682822,2.4448864459991455,6,0,10.489684104919434,3.282460927963257
1600,SSBP4,"SSBP4, ATP5F1C, CIZ1, HNRNPLL, MAPKAPK5",0.004180408550621767,3.7126975059509277,0,1,9.023292541503906,6.525485515594482
1601,BAZ2A,"BAZ2A, UBALD2, TEN1, PHB2, MOB1A",0.00799709018466739,2.3195457458496094,0,7,11.3160982131958,5.115039825439453
1602,AKT1,"AKT1, FAAP20, BRD4, AHCY, REV1",0.007225518531445221,3.1007747650146484,18,9,10.371853828430176,4.23077917098999
1603,CNIH4,"CNIH4, FUCA1, TMEM134, QSER1, EIF1B",0.007057870815179668,2.8846139907836914,0,2,9.247000694274902,4.124416351318359
1604,PIGBOS1,"PIGBOS1, QRSL1, TPD52L2, DPP9, HADH",0.007630422080086589,3.111154556274414,0,1,10.164042472839355,6.63399600982666
1605,DNAJA1,"DNAJA1, CSDE1, UBAC2, UTP11, MORC2",0.0050980592080753255,2.9271037578582764,2,9,9.844935417175293,5.513565540313721
1606,PTGES3,"PTGES3, NUDT1, HDGF, CLNS1A, AGTRAP",0.006036298181561497,3.911834478378296,4,0,9.253488540649414,7.540231704711914
1607,RCN2,"RCN2, OBI1, SAC3D1, SRSF3, CBLL1",0.004791195259589254,3.5750691890716553,3,2,9.601417541503906,4.794238567352295
1608,ACTR6,"ACTR6, EIF3A, VAPB, THUMPD3, DDI2",0.007854932764442213,2.3825440406799316,0,7,7.909289360046387,5.426296234130859
1609,EIF4E,"EIF4E, DNTTIP2, ACADVL, NXT1, HMGCS1",0.005783356013160836,3.3017797470092773,22,6,8.651285171508789,4.792181015014648
1610,CNBP,"CNBP, METTL26, NDUFA12, TUFM, ARCN1",0.003938250738238189,3.9247477054595947,1,3,9.479901313781738,2.825670003890991
1611,EIF2AK1,"EIF2AK1, DPY30, GSPT1, DDRGK1, UBE2M",0.0056549241369574,3.0808494091033936,15,1,10.554208755493164,5.446599960327148
1612,NDUFAF3,"NDUFAF3, VPS29, SRP9, RBSN, TKT",0.008248071561064945,2.8752095699310303,1,8,7.986500263214111,4.396812915802002
1613,TIMM13,"TIMM13, TYMS, DCPS, SLC20A1, KMT2A",0.004391193690955651,3.01239013671875,10,9,10.708248138427734,4.237992763519287
1614,EIF6,"EIF6, ZKSCAN1, UFL1, MAPRE1, MAVS",0.007177479127369127,2.560957431793213,3,0,8.365076065063477,6.007474422454834
1615,SFT2D1,"SFT2D1, PHF19, MRPL30, DCTN1, PIGBOS1",0.006751987262695148,3.4317617416381836,5,1,8.591263771057129,6.274192810058594
1616,GOSR1,"GOSR1, ISOC2, DNAJC10, CCDC12, ABHD5",0.006081396397632932,2.9452929496765137,0,6,8.124282836914062,7.265141487121582
1617,PIGBOS1,"PIGBOS1, GUSB, SMARCD2, UROS, MAP3K11",0.008480425413432994,2.632941484451294,0,9,8.45986557006836,7.249911308288574
1618,SNX9,"SNX9, SLC1A5, ADI1, CKLF, PAICS",0.005592178792858012,3.528593063354492,0,8,9.920742988586426,4.047649383544922
1619,SURF2,"SURF2, MAGEF1, SRPRB, FASTK, AAR2",0.008679445801748242,2.305736780166626,3,6,9.444136619567871,6.602875709533691
1620,TMED10,"TMED10, TUBB, OCIAD1, PRPF38B, TIMM13",0.0060372785775630496,2.8445920944213867,23,7,7.129073619842529,4.146618843078613
1621,MRPS17,"MRPS17, SURF6, RNF40, FKTN, FUNDC1",0.008571602241577417,2.957233190536499,0,9,10.266803741455078,6.146178722381592
1622,KATNA1,"KATNA1, CCNG1, BCL2L12, BAX, MAPK1IP1L",0.004320605178843839,3.353243112564087,14,5,9.326478958129883,3.6500391960144043
1623,KTI12,"KTI12, SLC5A3, SUDS3, ZBTB44, RBM12",0.006785320726747948,3.306917905807495,3,6,9.546563148498535,5.924267292022705
1624,TFIP11,"TFIP11, CCT8, NDUFS3, GPCPD1, KDM1A",0.008060815924768332,2.9741973876953125,7,8,9.403900146484375,4.53701639175415
1625,TAF7,"TAF7, GATAD1, DCAF12, DHX36, NLN",0.00799022741265652,2.5218870639801025,0,2,11.527047157287598,4.553916931152344
1626,NUP107,"NUP107, NVL, CMTR1, PHF20L1, GYG1",0.006451005690218393,2.5068459510803223,2,9,10.726683616638184,4.800824165344238
1627,SF3B6,"SF3B6, ERG28, SMDT1, PLIN3, EIF3M",0.008104933744838215,2.8097732067108154,1,3,10.364749908447266,5.163579940795898
1628,TYMS,"TYMS, LMAN2, CENPK, THOC2, TRMT112",0.004205898846662144,3.5525460243225098,10,0,7.507397651672363,6.688235282897949
1629,ANAPC11,"ANAPC11, MED8, TAF5L, CLTB, STAG2",0.007665716336142494,3.1770355701446533,2,4,9.373552322387695,7.326386451721191
1630,YWHAZ,"YWHAZ, ODC1, ATP6V0C, YWHAG, TUG1",0.0063362993580366985,3.5995867252349854,0,2,10.312849044799805,4.525265216827393
1631,LRRCC1,"LRRCC1, DCXR, DDX46, GOLGA4, ATXN10",0.0059637488774465786,3.4748213291168213,1,2,10.265957832336426,5.499245643615723
1632,LZIC,"LZIC, AMMECR1, CHAMP1, MIER1, SMIM19",0.009233369542625658,2.640040159225464,2,8,8.5319185256958,4.054731369018555
1633,EIF2S3,"EIF2S3, MED10, MTFMT, MND1, PAFAH1B2",0.005188255640218197,3.0445563793182373,7,9,10.320061683654785,4.686679363250732
1634,WDR74,"WDR74, CLTC, SLMAP, TCAF1, FLAD1",0.005955905709434155,2.818352460861206,1,0,10.458782196044922,4.498587131500244
1635,PDIA6,"PDIA6, RBMXL1, CLN8, TERF1, SLC33A1",0.0053813936525241276,2.6044418811798096,0,1,9.93828296661377,6.354696750640869
1636,C4ORF48,"C4ORF48, IMP4, DCUN1D1, CWC15, SLC35F6",0.008630426001670594,2.6853678226470947,1,5,11.601724624633789,5.484594821929932
1637,EMC2,"EMC2, FBXO3, HMGN1, UBE2I, YIPF4",0.00711865536727595,2.41719651222229,5,6,11.105575561523438,3.823591470718384
1638,ATP5PD,"ATP5PD, RHOA, NOP16, TFAM, FEN1",0.00267452029223644,4.112081527709961,1,9,10.028101921081543,4.666259288787842
1639,ITGB3BP,"ITGB3BP, APIP, CERS5, AZIN1, TAPT1",0.005347079792469774,3.9816091060638428,0,5,10.226609230041504,4.125524997711182
1640,NMT1,"NMT1, GNPDA1, C9ORF78, ARPC5, DECR1",0.0069980666590849375,3.2722654342651367,0,5,8.696125030517578,5.610475063323975
1641,MLST8,"MLST8, ADRM1, SAMD1, POM121C, PNO1",0.005836297397244695,4.719480037689209,0,7,9.965046882629395,6.63639497756958
1642,PYURF,"PYURF, UBXN2B, NCKAP5L, TPD52L2, ZDHHC5",0.005060804160016314,3.3004605770111084,0,7,10.994796752929688,6.3524956703186035
1643,AZIN1,"AZIN1, BNIP3, SLAIN2, PNPO, DEPDC1B",0.00629022074596371,2.908437967300415,4,3,10.814659118652344,4.258578777313232
1644,C8ORF33,"C8ORF33, MARK2, KPNA4, ZNF326, SH3GLB2",0.010822591461142984,2.7665700912475586,1,1,9.899639129638672,4.6251220703125
1645,EMC3,"EMC3, EIF2A, UFL1, VPS29, MTDH",0.00579119918117326,3.194002389907837,7,1,9.664620399475098,2.6464779376983643
1646,NDUFAF3,"NDUFAF3, GTF2A2, PPIF, METTL2A, COPE",0.00791669771254005,2.704118490219116,1,4,8.166839599609375,3.898923873901367
1647,POLR2J,"POLR2J, BLOC1S1, TMEM138, TSR1, KRR1",0.005432374244604881,2.8117873668670654,5,1,11.148804664611816,6.220175266265869
1648,SDHAF3,"SDHAF3, TUBGCP3, SEC22B, TBC1D7, TLK2",0.007078459131212279,2.982414484024048,4,7,8.052446365356445,6.845566749572754
1649,DLAT,"DLAT, POLR2H, ZNF706, SMIM30, OSBPL2",0.00438433091894478,4.03593635559082,5,6,9.542561531066895,5.829932689666748
1650,PET100,"PET100, ACTR1A, NKAPD1, WHAMM, MRE11",0.006948066463005737,3.078709840774536,3,7,8.442757606506348,4.135277271270752
1651,VMA21,"VMA21, TP53BP2, TMED5, MRS2, DDIAS",0.0078049325683630134,2.453676223754883,8,0,8.735333442687988,4.94964075088501
1652,C8ORF33,"C8ORF33, SYAP1, CIR1, TRMT10C, COG8",0.006756889242702913,3.029324531555176,2,8,8.01292610168457,6.474029541015625
1653,GPATCH4,"GPATCH4, NOP16, GLMN, DDA1, CIRBP",0.004121584790528591,3.8176774978637695,0,9,8.577152252197266,6.796952247619629
1654,SINHCAF,"SINHCAF, PPP1CB, SMS, TOR1A, FAHD2A",0.0066274769704979235,3.1174604892730713,2,6,10.447021484375,3.049893856048584
1655,SUB1,"SUB1, ABHD17A, GLO1, KPNB1, NDUFA4",0.0048068815956141,2.8243446350097656,8,3,9.80892562866211,4.124406337738037
1656,MRPS31,"MRPS31, SENP1, PFDN4, ATF4, MRPL47",0.007003949035094255,2.6960270404815674,8,8,10.675180435180664,3.580108642578125
1657,ATG3,"ATG3, LEO1, PPP1CA, SLAIN2, PHF6",0.006436299750195099,3.0983622074127197,1,6,9.342960357666016,4.449899673461914
1658,KRT10,"KRT10, EWSR1, XPOT, KATNA1, FAM120AOS",0.005895121157337872,3.4703214168548584,0,0,9.686896324157715,4.851837635040283
1659,NKIRAS2,"NKIRAS2, DLST, KATNA1, EXOSC5, SLC35E1",0.006366691634084839,2.9715473651885986,0,7,7.29551362991333,3.6230356693267822
1660,RAC1,"RAC1, AKT1, TGOLN2, RBM14, TFPT",0.00556178651680987,3.301815986633301,36,7,10.678393363952637,6.088641166687012
1661,EIF2S2,"EIF2S2, PDPK1, ISG20L2, AK2, UBE2W",0.006880419138898584,3.0061779022216797,4,6,9.702122688293457,4.485326766967773
1662,MYDGF,"MYDGF, EIF3M, EDF1, PPP1R14B, EMC7",0.006494143114286722,3.1455061435699463,14,1,8.780308723449707,5.811795234680176
1663,SLC25A11,"SLC25A11, E2F1, CDIPT, SDHD, LRRC47",0.00693924289899176,2.813922166824341,6,2,8.399890899658203,5.20458459854126
1664,NUP133,"NUP133, MARCKSL1, ABCF1, RCC2, TMEM170A",0.006132376989713685,3.0781164169311523,0,0,7.815248966217041,6.87754487991333
1665,UQCRQ,"UQCRQ, COX14, CMPK1, SLC25A5, DCTN3",0.006900027058929643,2.489276647567749,13,7,9.715516090393066,4.184430122375488
1666,DDA1,"DDA1, UBL5, KIF4A, CHD8, PRMT2",0.004825509119643606,3.155606508255005,2,5,8.624811172485352,6.628634452819824
1667,SLC39A7,"SLC39A7, SLTM, HSD17B12, RMND5B, AVEN",0.005977474421468319,2.488795518875122,0,5,10.417587280273438,5.662795543670654
1668,GMPS,"GMPS, TMBIM6, AKR7A2, MKRN2, TMEM109",0.004619625959317488,4.087559700012207,0,1,8.682985305786133,5.036135196685791
1669,BLOC1S4,"BLOC1S4, CFDP1, PDAP1, MCTS1, RAB5B",0.005377472068517916,3.1599574089050293,2,8,7.811886787414551,4.070310115814209
1670,CYC1,"CYC1, SRF, CHORDC1, HSP90AB1, STMP1",0.003934329154231977,3.5280003547668457,1,3,8.496256828308105,6.7495808601379395
1671,PTDSS1,"PTDSS1, SUPT20H, MAN1B1, RPIA, TMEM167B",0.009245134294644292,2.215348720550537,1,6,11.410597801208496,5.237057209014893
1672,DHX8,"DHX8, ENSA, NABP2, TATDN2, RAD51C",0.00738140149569214,3.865569829940796,10,7,8.103042602539062,6.035696506500244
1673,CCT5,"CCT5, HSPD1, CCT7, MGST3, TRMT10C",0.0046539398193718405,3.428110122680664,1,6,8.354280471801758,2.754990339279175
1674,PGK1,"PGK1, TMEM138, CDCA5, DCXR, PGLS",0.003889230938160542,3.615319013595581,2,3,8.967496871948242,5.587625503540039
1675,C11ORF54,"C11ORF54, BMI1, LENG8, ATP11A, CLPTM1L",0.006468652818246346,3.1073551177978516,4,7,10.0070161819458,6.291728973388672
1676,CALM3,"CALM3, NOLC1, MRPL9, SRSF8, SEC61A1",0.005610806316887517,4.78183126449585,1,0,8.771090507507324,3.854109764099121
1677,CENPW,"CENPW, CCDC34, ARFIP2, BCAP29, CCDC12",0.005740218589092507,2.61274790763855,0,7,10.285094261169434,3.9195327758789062
1678,HIGD2A,"HIGD2A, RAB4A, POLR1D, MPLKIP, CACUL1",0.00510296118808309,3.645737409591675,0,8,10.440406799316406,3.283353090286255
1679,NAA60,"NAA60, SAR1B, ZBTB43, ZNF480, XPO6",0.0040617806344338606,3.2076704502105713,3,2,9.56090259552002,6.975809574127197
1680,ARMC1,"ARMC1, GTPBP3, NUP188, ILF3, SHMT1",0.0050225687159557485,4.641657829284668,0,4,10.488729476928711,4.727142333984375
1681,MRPL18,"MRPL18, CEP44, POLR2H, RAD18, TRAM1",0.006363750446080181,2.8213982582092285,0,2,8.615537643432617,5.045348167419434
1682,CEP295,"CEP295, ILVBL, LYAR, C18ORF21, CEP350",0.00894121153416288,2.3215394020080566,1,9,10.59793758392334,5.397418022155762
1683,<SPECIAL>,"<SPECIAL>, LSM6, RPA3, PSMA5, UQCRC1",0.004323546366848497,4.38696813583374,7,0,8.578001022338867,6.632178783416748
1684,SNX15,"SNX15, EHMT2, PRMT1, DNAJB6, ATP5F1B",0.0036892301538437406,3.7636005878448486,0,8,10.278005599975586,4.165841102600098
1685,LPCAT3,"LPCAT3, SLC25A33, FAM104B, FBXO5, KMT2B",0.00970297922736952,2.5047593116760254,11,7,11.1937255859375,3.3638265132904053
1686,CBX5,"CBX5, TMEM106C, SFXN1, DNAJC17, SMS",0.0032578559131604436,3.766636371612549,33,1,8.841110229492188,3.230262279510498
1687,SSU72,"SSU72, NCAPD3, IKBIP, SMAD1, SLC25A39",0.0070725767552029615,3.7134244441986084,4,2,10.255001068115234,5.117027282714844
1688,ACOT8,"ACOT8, DRG1, AFTPH, MRPL54, BAP1",0.008892191734085233,2.2667720317840576,2,4,11.838895797729492,6.011396408081055
1689,WDR41,"WDR41, RBM4B, LCORL, HSPA5, PRC1",0.009152977070498315,2.906858205795288,10,7,11.443840980529785,6.415220260620117
1690,SS18L2,"SS18L2, VRK3, FUOM, SUMO1, DCTN6",0.0065647316263985345,3.4823200702667236,0,5,11.564435005187988,6.435796737670898
1691,SRRM1,"SRRM1, AP3S1, BMP2K, CTDNEP1, IPO4",0.007891207416499672,3.115068197250366,13,6,9.037217140197754,5.075647830963135
1692,MRPL27,"MRPL27, RIPK1, HSF1, BET1, SLC31A1",0.005323550288432503,2.9665353298187256,25,5,11.171977043151855,3.277369260787964
1693,C1ORF50,"C1ORF50, GTF3A, EGLN2, ABHD13, PREB",0.006058847289597214,3.916109085083008,0,1,8.102336883544922,4.0951948165893555
1694,PSMB5,"PSMB5, ARL13B, MGAT4B, CHPT1, FGD6",0.006918654582959149,2.9253616333007812,0,1,11.391352653503418,5.770018100738525
1695,SMIM8,"SMIM8, TFPT, PHKG2, RPP25L, COA3",0.005038255051980596,3.0090999603271484,2,7,11.475399017333984,4.132155895233154
1696,ATXN7L3B,"ATXN7L3B, PICALM, NUP93, RBM4, RNF14",0.007882383852485696,2.7827951908111572,3,9,10.387750625610352,4.248053550720215
1697,SINHCAF,"SINHCAF, WDR62, DCLRE1C, MRPL10, PAXX",0.004399036858968074,3.2090392112731934,2,1,7.760857582092285,4.889786243438721
1698,COPG1,"COPG1, RCC1, SEC61A1, POP4, PPP2R1B",0.0053098247444107625,3.1085963249206543,3,7,10.639616012573242,5.258694648742676
1699,PUF60,"PUF60, ATAD5, KLHL23, SNX1, AMFR",0.0072088517994188216,3.437695026397705,0,1,7.92258882522583,3.577212333679199
1700,LLPH,"LLPH, RPN2, DCAF8, PLEKHJ1, MAP2K7",0.005586296416848694,3.244342088699341,0,1,10.58687973022461,5.911813735961914
1701,TMEM223,"TMEM223, SHMT2, BAZ1A, TMEM222, DAP3",0.0051617849481762675,3.6581943035125732,6,8,8.521941184997559,3.5279622077941895
1702,ACBD3,"ACBD3, PRPS1, NUP88, MBD4, SUPT7L",0.006375515198098816,2.4400784969329834,11,9,8.680378913879395,3.343010663986206
1703,PTP4A2,"PTP4A2, ACTR3, UBL5, CHORDC1, RAN",0.006352966090063098,3.4676406383514404,133,3,10.408371925354004,2.5753605365753174
1704,SURF2,"SURF2, DNAJA1, ANP32B, PTTG1IP, PTMS",0.0044323703230208745,3.8942384719848633,24,3,11.299860000610352,3.6390514373779297
1705,SELENOF,"SELENOF, TMED9, CD164, GABARAPL2, MPST",0.007909834940529178,2.524538040161133,1,0,9.326178550720215,4.9858622550964355
1706,TK1,"TK1, MOCS2, MEA1, TPGS2, CASP8AP2",0.005717669481056788,2.978093385696411,1,8,8.863354682922363,7.528298377990723
1707,CDT1,"CDT1, KIF22, UGGT1, PPP1CC, BAX",0.004750018627524029,4.739748954772949,51,1,10.024599075317383,4.896828651428223
1708,PAXBP1,"PAXBP1, COQ7, TSPAN3, CENPE, MECR",0.006508849054310017,2.9639909267425537,3,5,8.110998153686523,5.552977085113525
1709,MMAB,"MMAB, MTHFD1, TCAIM, EIF2B3, RCL1",0.007301989419566351,2.9639809131622314,2,9,9.090303421020508,4.807525634765625
1710,TXN,"TXN, HMGB2, RNF2, CNBP, WTAP",0.006007866697516461,3.2108335494995117,11,2,8.104194641113281,3.8736865520477295
1711,LRRC59,"LRRC59, ATP6V1C1, ACTR3, TCAIM, ZBED1",0.008360817101243534,2.6119470596313477,0,5,8.588318824768066,6.720084190368652
1712,MED15,"MED15, NUF2, NOP2, YTHDC2, MYBL2",0.004764724567547324,3.401939868927002,1,7,10.315939903259277,4.473203659057617
1713,WRN,"WRN, CBLL1, TIMM23, PGPEP1, HYOU1",0.008247091165063392,2.5638999938964844,2,1,9.972102165222168,2.720902442932129
1714,SRSF7,"SRSF7, EPM2AIP1, DDOST, NUDCD1, FAM210B",0.0025147157439833097,5.373493194580078,3,0,10.741246223449707,5.847220420837402
1715,HDAC1,"HDAC1, TEX264, COPS7B, FLOT2, PFKL",0.006070612041615849,3.2672276496887207,19,9,9.35284423828125,2.727562189102173
1716,DDX42,"DDX42, GFM1, RBM4, ZNF37A, ZNF346",0.00744806842379774,3.028891086578369,9,0,10.884148597717285,5.537816047668457
1717,EAPP,"EAPP, SNRPB2, C12ORF43, CDK4, DIMT1",0.00476668535955043,2.8472084999084473,2,0,8.750334739685059,3.521005630493164
1718,P4HB,"P4HB, DNAJB6, RNF26, ARF1, MAPK6",0.004830411099651371,3.738166570663452,6,3,8.541847229003906,6.714550018310547
1719,SECISBP2,"SECISBP2, NEDD8, ACP1, LBR, UBN2",0.005631394632920129,2.5279409885406494,2,8,7.4077324867248535,6.833642959594727
1720,RAB1A,"RAB1A, CCDC14, PSME2, PUM1, SNX13",0.00981670516354966,2.1350815296173096,0,9,7.3490891456604,3.9990696907043457
1721,PLEKHM2,"PLEKHM2, IKBKB, UBQLN2, PTRH1, DYNC1LI1",0.008600033725622453,2.94736909866333,1,4,7.479775428771973,4.549018859863281
1722,PDXK,"PDXK, MRPL12, CTCF, SBNO1, TM9SF3",0.004858842583696407,3.3143036365509033,1,6,10.2388916015625,4.943570613861084
1723,TP53RK,"TP53RK, MLST8, HSCB, GRB2, LSM2",0.007793167816344378,3.61892032623291,3,9,10.73936653137207,5.369158744812012
1724,FUBP1,"FUBP1, MCM5, MRPS14, MRPL46, AIMP1",0.00446080180706591,3.143223285675049,9,8,7.974429607391357,4.675869941711426
1725,WEE1,"WEE1, KIF20B, RCN2, UFSP2, PAF1",0.007642186832105224,3.07151198387146,28,6,9.609665870666504,4.993823051452637
1726,ZFAND6,"ZFAND6, C15ORF40, C15ORF61, LRRC8D, MED7",0.004886293671739889,3.196187973022461,2,5,7.950474262237549,6.101790428161621
1727,CLTB,"CLTB, NOP58, TPX2, TRMT10C, SNRPA",0.006368652426087945,3.1419036388397217,11,0,9.282068252563477,5.538229942321777
1728,LARP4,"LARP4, USP24, PRELID3B, POMP, RPS19BP1",0.005470609688665445,2.9118123054504395,0,1,7.9961981773376465,2.864713191986084
1729,ACSF3,"ACSF3, SBNO1, HSPA14, NIPSNAP2, IFT80",0.011363770054000211,2.278317451477051,0,4,9.452574729919434,4.594581604003906
1730,ATP5MF,"ATP5MF, MYL6B, ZNF593, YJU2, PRDX4",0.006710810630629924,3.7088449001312256,0,6,9.062935829162598,5.441158294677734
1731,BUB1B,"BUB1B, LZIC, HSD17B10, ODF2, TRIM33",0.009978470503805898,3.5439422130584717,2,6,8.155136108398438,3.907153367996216
1732,CAND1,"CAND1, PPP2R2A, RAD21, CDK5RAP1, REXO2",0.0076637555441393885,2.8760170936584473,1,8,9.948493957519531,4.296623706817627
1733,UQCRQ,"UQCRQ, METTL21A, RBM4, CPNE3, TBC1D23",0.0034921705575315983,4.260343074798584,0,0,9.715533256530762,5.742403507232666
1734,MAGOH,"MAGOH, SNRPD2, XRCC5, NBN, TIMM13",0.00730493060757101,2.6499788761138916,1,5,9.037702560424805,4.255889892578125
1735,SLC39A1,"SLC39A1, BMP2K, TMX1, FBRSL1, FANCM",0.007103949427252656,2.4720585346221924,1,4,11.686239242553711,4.845993995666504
1736,ARHGAP11A,"ARHGAP11A, TOE1, FDPS, FBXO5, SKA2",0.006695124294605077,2.84199857711792,1,5,7.827576637268066,3.7340219020843506
1737,BCAP31,"BCAP31, NONO, PPP1R8, TTC19, UBAP2L",0.008189247800971768,2.697566270828247,9,6,9.133737564086914,4.460423469543457
1738,XRN2,"XRN2, THOC1, IGF2BP3, FEM1B, EIF3J",0.005033353071972831,2.865260124206543,3,5,11.243327140808105,5.8409504890441895
1739,ANAPC16,"ANAPC16, ABRACL, TOP1, SNRPD1, RPS27L",0.00980297961952792,2.69744873046875,10,3,7.997834205627441,4.493781089782715
1740,PKN1,"PKN1, C19ORF53, MTDH, PRKCSH, ENO1",0.006857870030862866,3.744845390319824,12,6,11.387192726135254,6.503735542297363
1741,LDHA,"LDHA, ISCU, FBXO28, DLGAP5, UBE2E3",0.006863752406872183,2.5006906986236572,17,8,9.010311126708984,5.6881842613220215
1742,RPAIN,"RPAIN, ZMYND19, NAE1, NUP54, UPF3B",0.003771583417974188,4.093879699707031,0,6,9.567520141601562,4.544490337371826
1743,STK24,"STK24, GOLGA2, ZNF512, BFAR, TBPL1",0.004243153894721156,3.52128267288208,1,4,9.954706192016602,4.862065315246582
1744,CALR,"CALR, HMGN1, DRG1, PEX26, PKNOX1",0.008600033725622453,3.0271029472351074,1,3,9.706428527832031,4.178383827209473
1745,BCAS2,"BCAS2, PGAP2, ZNF326, CAPN10, ANKLE2",0.006529437370342629,2.626426935195923,11,2,11.708155632019043,6.059959411621094
1746,NIFK,"NIFK, PCBD1, GOLGA7, MTFP1, ILF2",0.004743155855513159,4.417920112609863,3,9,7.650091171264648,6.309929847717285
1747,SLC25A38,"SLC25A38, ZNF268, PCLAF, SF3B5, PDIA6",0.00418138894662332,4.263418674468994,2,1,9.276010513305664,6.775240898132324
1748,HDGF,"HDGF, ZNF24, NCBP2AS2, VPS51, ASPSCR1",0.008025521668712426,3.2744369506835938,16,0,9.092207908630371,5.212918758392334
1749,HELLS,"HELLS, NEPRO, NASP, IGF2BP1, PRRC2C",0.006075514021623614,3.7498135566711426,16,8,8.369796752929688,3.7928197383880615
1750,SPCS2,"SPCS2, DDX41, KAT7, HMGCL, C11ORF58",0.004917666343789584,3.3586177825927734,0,7,9.025343894958496,3.683701753616333
1751,CENPW,"CENPW, PTMS, METRN, EEF1E1, AGPAT2",0.004777469715567512,4.061444282531738,3,0,10.559535026550293,7.018664360046387
1752,DDX23,"DDX23, TMEM179B, SF3B1, EIF3M, PITPNB",0.004245114686724262,3.9475231170654297,2,5,8.987618446350098,3.631206750869751
1753,UBA2,"UBA2, STIM2, PSME2, SNW1, MTR",0.005610806316887517,3.896132469177246,7,3,11.17133903503418,3.4285876750946045
1754,BARD1,"BARD1, PRKRA, DTD2, FEM1A, MAN1B1",0.00881474044996255,2.791717290878296,0,4,10.285325050354004,4.900949478149414
1755,NT5C,"NT5C, CYB5R1, RNF8, ARID1A, MRI1",0.005397079988548974,3.0165042877197266,1,4,9.117084503173828,6.453310489654541
1756,BECN1,"BECN1, BRD4, YARS2, MRPS22, TPMT",0.0050137451519417725,3.3488028049468994,8,9,7.737829685211182,3.801290273666382
1757,KMT2A,"KMT2A, DNAJB11, TTL, WDR46, LEMD3",0.007039243291150161,2.39062237739563,2,6,8.745566368103027,5.212329387664795
1758,ATAD5,"ATAD5, NDUFA11, NBN, UQCC2, TMX3",0.004686292887423088,3.8282229900360107,16,1,8.201489448547363,5.345520496368408
1759,CIAPIN1,"CIAPIN1, GTF2H1, STOML2, STAM2, PMM2",0.007341205259628469,2.773000478744507,0,7,10.309282302856445,5.985713958740234
1760,WAPL,"WAPL, DPP8, EBP, PANK2, LNPK",0.005391197612539657,3.343796968460083,0,3,10.958885192871094,6.365948677062988
1761,GMPR2,"GMPR2, CTR9, CCNC, CASP2, IREB2",0.008679445801748242,3.1312010288238525,12,1,9.62681770324707,4.001904010772705
1762,PEX11B,"PEX11B, POLR3A, ZBED4, CDK5, RAB11A",0.005863748485288178,2.932600736618042,1,2,11.555395126342773,3.7198703289031982
1763,PSMD7,"PSMD7, SSBP1, NENF, EIF3M, PRDX6",0.005439237016615752,3.266195297241211,0,7,10.116205215454102,5.739377975463867
1764,IARS2,"IARS2, BANF1, GANAB, SLC25A36, VDAC3",0.005144137820148315,3.7804574966430664,4,5,9.1598482131958,3.1182353496551514
1765,TOPBP1,"TOPBP1, TMED8, TUG1, GTPBP10, THAP12",0.004401978046972733,3.4175610542297363,1,7,7.000909328460693,4.3267669677734375
1766,ZC3H18,"ZC3H18, HTRA2, ZBED1, PRMT3, NFATC3",0.00647649598625877,3.744936943054199,10,5,9.455938339233398,3.8121025562286377
1767,CBFB,"CBFB, GAPVD1, SCNM1, POLDIP3, TEDC1",0.007399048623720093,2.529850721359253,0,2,11.843527793884277,4.785723686218262
1768,SAP30,"SAP30, MED1, PIGF, INO80C, APTX",0.0059745332334636605,3.4385194778442383,2,7,9.050024032592773,4.5814080238342285
1769,RAB5IF,"RAB5IF, CNOT1, MORN2, UPF2, YIPF6",0.007444146839791528,3.166482448577881,1,5,7.168155670166016,4.7545084953308105
1770,TRIR,"TRIR, MRPL45, NDUFB5, NDUFA5, EIF3G",0.007483362679853647,2.74969220161438,45,8,7.275935649871826,4.084715366363525
1771,BRD9,"BRD9, SRSF7, SRM, MRPL43, METAP2",0.006035317785559944,3.020825147628784,0,8,8.039498329162598,6.1461181640625
1772,MRPS31,"MRPS31, MRPL46, CKS2, CASP3, UBE2Z",0.006604927862462206,2.5731406211853027,0,5,11.731587409973145,6.213714599609375
1773,KLHDC3,"KLHDC3, NRBF2, ABRAXAS1, MRPL34, EPN1",0.00506276495201942,2.9149560928344727,0,1,7.988672733306885,3.654803514480591
1774,WDFY1,"WDFY1, CWC25, DDX52, NOL12, ZFR",0.006519633410327099,2.7997262477874756,0,2,8.74738883972168,3.1208550930023193
1775,ESD,"ESD, KHSRP, KPNA4, CMPK1, DAXX",0.0065647316263985345,2.4532086849212646,16,1,8.71180248260498,4.140189170837402
1776,PPIH,"PPIH, MOB4, PHB2, NFE2L2, PCBD2",0.004787273675583042,3.066871404647827,9,5,9.989455223083496,5.194418907165527
1777,STK19,"STK19, CENPE, UTP3, CDC26, SLC35A4",0.007225518531445221,2.744442939758301,5,9,9.858484268188477,6.775575637817383
1778,ARV1,"ARV1, DDX27, ITPA, TTC9C, NCAPD3",0.007342185655630022,2.9066107273101807,4,2,8.995174407958984,4.049458980560303
1779,UBE2G1,"UBE2G1, ARL2BP, NT5DC1, NCBP2AS2, TTC1",0.007701010592198401,3.2334439754486084,0,0,8.591032981872559,4.0223069190979
1780,ZC3H18,"ZC3H18, TAF7, KIF20B, ERI3, STK24",0.0072931658555523745,3.0872535705566406,16,5,8.344206809997559,6.578240394592285
1781,SUB1,"SUB1, PEBP1, RRM2, SNRPD2, PKM",0.002919619292624677,4.0122480392456055,12,3,10.8371000289917,5.104658126831055
1782,TMEM230,"TMEM230, DYNLL2, B4GAT1, BCAP31, SRSF2",0.0077274812842403305,2.6811892986297607,1,8,9.669001579284668,4.201590061187744
1783,NDUFB9,"NDUFB9, MYC, RBCK1, RTRAF, GRHPR",0.004702959619449488,3.170170545578003,55,0,8.590190887451172,6.677313327789307
1784,TRAPPC6B,"TRAPPC6B, PPTC7, SF3B6, RNF7, YWHAG",0.005692179185016412,2.686988592147827,2,6,8.961472511291504,2.5206515789031982
1785,CACUL1,"CACUL1, SLC1A5, TOP2A, ORMDL2, CRNKL1",0.008012776520692239,2.7432963848114014,3,1,8.289755821228027,5.939547538757324
1786,MFSD12,"MFSD12, DHPS, MLF2, UBE2F, NIPSNAP3A",0.006328456190024275,2.933145046234131,2,1,10.442146301269531,3.0170905590057373
1787,HNRNPA0,"HNRNPA0, RTF1, PGM3, LSM6, PIN4",0.007934344840568002,2.6000049114227295,38,9,11.595996856689453,5.134400844573975
1788,GNB2,"GNB2, TMEM259, EIF3J, SNRPD3, GRIPAP1",0.0068500268628504425,3.003796100616455,1,7,10.726882934570312,3.549375534057617
1789,BLOC1S4,"BLOC1S4, CASP6, COPS3, R3HCC1L, FDX1",0.009695136059357096,3.163015842437744,5,0,10.611292839050293,4.394404411315918
1790,SMIM20,"SMIM20, BRIX1, MED15, PRRC2C, TWNK",0.007793167816344378,3.7959132194519043,3,0,8.164965629577637,6.296450614929199
1791,TRAF7,"TRAF7, MRFAP1, SERBP1, EIF4H, PHPT1",0.004185310530629532,3.5250515937805176,2,3,10.075377464294434,3.991292715072632
1792,RAP1B,"RAP1B, IST1, BAG1, TRIM33, NUDT16L1",0.00492648990780356,3.2862613201141357,4,3,7.7642364501953125,3.6659910678863525
1793,LMNB1,"LMNB1, CDC26, ARMCX3, METRN, FRG1",0.00835591512123577,2.9937996864318848,3,0,8.24573802947998,6.873619079589844
1794,ARFIP1,"ARFIP1, TRIAP1, FAHD2A, VTA1, FRA10AC1",0.008630426001670594,2.649502754211426,10,5,8.950881958007812,3.1897575855255127
1795,SREK1IP1,"SREK1IP1, CEBPZ, NUDT1, ZNF576, ATP5F1D",0.006351985694061545,2.5262911319732666,1,0,8.61524486541748,6.402123928070068
1796,TUBB4B,"TUBB4B, CNOT2, XPOT, ADRM1, FADD",0.006894144682920325,2.795620918273926,5,2,11.111588478088379,5.775571346282959
1797,RPF2,"RPF2, MORF4L2, DNAJB6, DNAJC8, CCT4",0.0075088529758940235,3.0163841247558594,5,1,10.221217155456543,4.901661396026611
1798,MCM4,"MCM4, DAD1, NCL, BRK1, DGAT1",0.0038255051980596003,4.4949445724487305,2,8,8.81474781036377,2.5447442531585693
1799,CEP57,"CEP57, SRSF10, TLE5, CHPT1, CSNK1A1",0.0053108051404123155,3.7598278522491455,3,5,9.133184432983398,4.5165910720825195
1800,PLPBP,"PLPBP, PLEKHA3, FTSJ3, STAMBP, CHSY1",0.006208847877834815,3.395428419113159,0,9,11.198707580566406,5.701596736907959
1801,SLC25A39,"SLC25A39, MCM5, NUP62, CNST, CDC20",0.007267675559511998,2.3432323932647705,31,0,10.05829906463623,3.303967237472534
1802,SCD,"SCD, PDCD5, TUFM, HNRNPDL, PKM",0.006281397181949733,3.268899440765381,0,8,7.806124210357666,6.032875061035156
1803,COPE,"COPE, NDUFB6, ATP6V1A, CCDC138, SDHC",0.005412766324573822,3.230027675628662,17,0,8.383471488952637,6.123767852783203
1804,CACYBP,"CACYBP, TRAM1, ARHGDIA, ADD1, SCO1",0.008475523433425228,3.3601038455963135,1,8,8.95395565032959,6.954978942871094
1805,PPP2CB,"PPP2CB, GOLGA3, GCLM, XIAP, GFPT1",0.0085990533296209,2.5616281032562256,1,1,9.049596786499023,4.958378314971924
1806,TCHP,"TCHP, TXN2, HMGXB4, ATAD2, STRADB",0.0037578578739524467,3.8834121227264404,3,7,9.625861167907715,7.801202774047852
1807,NEDD8,"NEDD8, ZNF787, MZT2B, MRPL33, AGO3",0.006895125078921878,3.156616449356079,5,3,8.47903823852539,3.6564841270446777
1808,CD320,"CD320, SPCS3, MPC1, FBXO25, SPR",0.008601994517625559,2.825207233428955,1,8,9.584498405456543,4.404243469238281
1809,TMEM258,"TMEM258, UNG, MYL6B, NCBP2, VDAC1",0.005883356405319237,3.0220792293548584,14,2,8.028446197509766,3.148895263671875
1810,CYTH2,"CYTH2, POLR2E, COA1, SLC30A9, KIF3A",0.009123565190451727,3.0544676780700684,14,8,9.365686416625977,4.113553524017334
1811,PIGX,"PIGX, USP16, LTV1, LTN1, LRRC41",0.004541194279193252,3.9001338481903076,0,7,10.396158218383789,6.195328712463379
1812,SUPT6H,"SUPT6H, SACM1L, ANKLE2, PSMA6, MLX",0.004983352875893631,3.3362982273101807,5,0,9.351251602172852,5.630501747131348
1813,DHX38,"DHX38, DUS1L, ZNF330, COMMD7, SNX5",0.005437276224612646,2.954495906829834,0,0,8.797624588012695,4.54041051864624
1814,PRPF4B,"PRPF4B, XAB2, GOLGA2, EIF2B4, CDK5",0.007791207024341272,2.4456241130828857,3,6,7.378555774688721,4.705307960510254
1815,HMGB1,"HMGB1, LDHA, SFPQ, HSP90B1, PGK1",0.007119635763277503,2.997018814086914,14,3,10.939435005187988,4.726253986358643
1816,RNF10,"RNF10, SMG1, ARFGAP2, CD2BP2, AGPAT3",0.008267679481096005,2.4932045936584473,9,1,8.704015731811523,3.3612232208251953
1817,NOL11,"NOL11, PSMA3, SNX5, SBDS, EXOSC7",0.006076494417625167,3.2379086017608643,10,9,10.921636581420898,5.143640041351318
1818,MFSD4B,"MFSD4B, CCT6A, WIPI2, ADNP, PTTG1",0.006647084890528982,2.936628818511963,2,6,7.364965438842773,6.778019905090332
1819,POLR1B,"POLR1B, PIGW, URB1, CAD, WDR4",0.010854944529194232,3.3356616497039795,0,4,10.1408109664917,7.768145561218262
1820,TIMM10B,"TIMM10B, VBP1, PUF60, SRSF7, PQBP1",0.004402958442974286,3.147519826889038,1,8,7.107633590698242,5.354729175567627
1821,G3BP1,"G3BP1, TAF1D, ACD, FIBP, RRM2",0.008130424040878591,2.5165393352508545,17,1,8.431825637817383,5.525364875793457
1822,MCRIP2,"MCRIP2, TBL1X, GCN1, CHD4, GALK1",0.004845117039674666,3.3735456466674805,0,7,11.250250816345215,5.481779098510742
1823,CALM3,"CALM3, EIF3A, IGF2R, CCNI, DCXR",0.006859830822865972,3.5461208820343018,3,3,10.118788719177246,3.806593418121338
1824,FAM120A,"FAM120A, PSME4, DDX3X, SNF8, CISD1",0.005273550092353303,2.6367831230163574,10,0,8.700276374816895,4.886538505554199
1825,HMGB1,"HMGB1, PHF5A, SMS, N4BP2, TSR1",0.005946101749418625,2.613372802734375,13,1,10.104805946350098,5.605501651763916
1826,DHFR,"DHFR, MYL6B, BCL7A, CPNE1, CLN3",0.0061882595618022035,2.6882739067077637,1,8,8.137825965881348,5.3295135498046875
1827,RBMX,"RBMX, NCAPH2, ISG20L2, SEH1L, PELO",0.004045113902407461,3.8470077514648438,0,4,8.387697219848633,5.794816493988037
1828,KLHDC4,"KLHDC4, PSMD4, NDUFS4, CHMP1A, DLAT",0.0053872760285334454,2.7842257022857666,11,6,10.654574394226074,2.8691515922546387
1829,SSBP1,"SSBP1, ATP5PB, PIGX, SCAF11, UBE2I",0.006052964913587896,2.7719240188598633,7,7,9.581889152526855,5.9058990478515625
1830,CTNNBL1,"CTNNBL1, SRP68, POLD3, HNRNPH2, TMEM242",0.004500017647128028,3.249157190322876,0,9,11.091217994689941,5.728990077972412
1831,GRPEL1,"GRPEL1, RIC8A, SEPTIN11, MOB1B, SLAIN2",0.007335322883619152,2.6269021034240723,1,9,7.136885166168213,4.028988361358643
1832,AP3D1,"AP3D1, LDHA, SNRPD2, AAGAB, PTPN2",0.0037166812418872232,4.1276326179504395,21,3,8.484498977661133,4.1340012550354
1833,PDE4DIP,"PDE4DIP, GPBP1L1, PTMS, KPNA5, COX7B",0.006358848466072416,3.0075602531433105,0,3,8.880626678466797,5.768439769744873
1834,OSBPL2,"OSBPL2, APH1A, KDM3A, CPSF3, SPATC1L",0.008983368562229655,2.4168410301208496,0,1,9.842997550964355,3.4370226860046387
1835,SPATS2,"SPATS2, LLPH, ATP6V0E1, TBPL1, EIF4E",0.005167667324185585,2.8875813484191895,10,0,9.299466133117676,5.808513164520264
1836,CDC5L,"CDC5L, SEC14L1, CNOT11, ZKSCAN1, RCOR3",0.00762748089208193,3.2590155601501465,3,6,9.313243865966797,6.454974174499512
1837,CEBPZOS,"CEBPZOS, CRYZL1, CCNB1IP1, CNOT8, AATF",0.009157879050506081,3.2591240406036377,5,6,7.776776313781738,5.448293209075928
1838,C1QBP,"C1QBP, HECTD1, PRKAA1, CLTB, TOMM40",0.006148063325738532,3.6687817573547363,47,5,9.913623809814453,2.9694135189056396
1839,DHX15,"DHX15, UQCRC1, SMYD2, PLEKHJ1, UQCC1",0.008253953937074263,2.7983641624450684,0,1,9.119709968566895,3.0615885257720947
1840,MCUR1,"MCUR1, OSTC, MRPL54, TRNAU1AP, MCM6",0.00391178004619626,3.5718626976013184,1,8,8.727788925170898,3.4550130367279053
1841,BCL7C,"BCL7C, SLC30A9, FOXRED1, ANXA7, SFSWAP",0.009827489519566744,2.7454683780670166,2,2,8.108809471130371,3.5265297889709473
1842,MRPL20,"MRPL20, SPCS3, MOB1A, UBA6, RTN4",0.0075147353519033405,2.667921781539917,8,2,9.1697998046875,4.848394870758057
1843,PSMD10,"PSMD10, STK40, SRP19, EIF1AX, RB1CC1",0.005969631253455896,2.8437247276306152,0,8,9.704446792602539,4.536208152770996
1844,ALG12,"ALG12, METTL26, REX1BD, ICE2, GANAB",0.008898074110094549,2.840703248977661,1,5,7.640456199645996,7.033069610595703
1845,SCOC,"SCOC, GATD1, TMED3, STRAP, TMX2",0.00697551755104922,3.6192786693573,3,2,8.650643348693848,6.229554653167725
1846,MGAT4B,"MGAT4B, ELP3, NIPSNAP3A, MAP4, SEPHS1",0.00970984199938039,3.9629814624786377,2,1,9.22028636932373,4.7878336906433105
1847,ZC3HAV1,"ZC3HAV1, COX5B, WBP4, ERBIN, GSTO1",0.007556892379970118,2.691910982131958,8,3,11.314404487609863,5.103053569793701
1848,EIF4G2,"EIF4G2, SRSF3, SEPTIN2, WAC, ENO1",0.006233357777873639,3.944873809814453,5,3,8.256447792053223,5.908601760864258
1849,ATP13A1,"ATP13A1, MCFD2, BUB1B, TTC33, MRPL45",0.004851979811685536,3.0373058319091797,3,5,9.445466995239258,5.094517707824707
1850,AMD1,"AMD1, SF3B5, NOSIP, LRP10, RAB11A",0.003906878066188495,3.3812270164489746,6,1,10.562417030334473,5.732986927032471
1851,PWWP3A,"PWWP3A, SEPTIN2, MYH10, CCNT2, CENPX",0.005430413452601775,2.876908302307129,3,0,7.61171817779541,3.1635286808013916
1852,IK,"IK, BMI1, PUS7, JTB, PHAX",0.006435319354193546,2.946380853652954,2,8,8.351277351379395,6.183409214019775
1853,ECHDC1,"ECHDC1, SDAD1, SMIM10L1, ITGB1, DNAJB11",0.005370609296507045,3.111785650253296,5,0,7.936667442321777,6.559152126312256
1854,KIF20B,"KIF20B, CKAP2, MORF4L1, CEP152, C9ORF40",0.004889234859744548,3.0348353385925293,15,8,8.132533073425293,5.054280757904053
1855,DDT,"DDT, BAG6, TAF10, KIAA1143, PTAR1",0.007939246820575768,3.2885987758636475,11,9,7.047782897949219,4.552024841308594
1856,CSTB,"CSTB, RSL24D1, HSPD1, TGFB1, SUB1",0.005420609492586245,2.9971656799316406,28,3,10.90805721282959,4.131837368011475
1857,UNG,"UNG, CBX3, CDKN2AIPNL, ZNF318, REXO4",0.006591202318440464,3.1628317832946777,0,7,7.500119209289551,4.2932047843933105
1858,POLR2J3,"POLR2J3, PYURF, ARL6IP4, STAT3, LAMTOR5",0.0050872748520582435,2.961615800857544,21,3,10.073481559753418,3.2257487773895264
1859,ING1,"ING1, EXOSC10, AAAS, PHPT1, PIGS",0.007301989419566351,3.1513774394989014,1,5,11.437155723571777,4.032758712768555
1860,TET1,"TET1, ARFRP1, ZC3H18, LTN1, DHPS",0.00640002509813764,3.0530169010162354,0,1,8.31930923461914,5.870318412780762
1861,BCL7C,"BCL7C, C7ORF50, MXD4, HSD17B10, NUFIP1",0.005269628508347091,3.0299904346466064,5,9,7.933597564697266,4.568217754364014
1862,GALK2,"GALK2, ALKBH2, GTF2H2, ATP6V1G1, TM9SF1",0.00801669810469845,2.7288501262664795,0,3,9.68187427520752,6.474986553192139
1863,ZWINT,"ZWINT, TMEM160, FTSJ1, SMC1A, GMNN",0.0031353064129663252,4.487411975860596,21,0,10.125643730163574,5.996413230895996
1864,BCS1L,"BCS1L, ZMYM1, TGFB1, UCK1, UBN1",0.0075872846560182585,3.487227201461792,12,4,9.121186256408691,6.2880401611328125
1865,ZNF791,"ZNF791, FANCD2, IDH3G, KIF18A, ECT2",0.007544147231949929,2.680018424987793,2,4,8.054985046386719,4.2757792472839355
1866,TBCA,"TBCA, RRM2, TRMT112, RNASEH1, GRK6",0.006330416982027381,2.9426348209381104,0,5,8.749269485473633,7.373300552368164
1867,KPNB1,"KPNB1, RANBP2, NOL12, EIF5, MED27",0.005877474029309919,3.699371576309204,1,5,9.747532844543457,7.860495090484619
1868,C1ORF122,"C1ORF122, FOXK1, RPF2, SOX12, CHPF",0.004516684379154428,3.7033331394195557,2,1,9.79665756225586,7.61094856262207
1869,TM9SF3,"TM9SF3, UQCC2, SCAMP2, ERLEC1, MAPK1IP1L",0.004965705747865678,4.261756896972656,12,5,7.919612407684326,4.895726203918457
1870,BMS1,"BMS1, PAICS, GNAI3, RBM10, ATM",0.004762763775544218,3.314990997314453,7,7,10.343896865844727,3.5090460777282715
1871,CLNS1A,"CLNS1A, GSS, CDC34, GLRX5, RNF115",0.005989239173486955,3.290660858154297,7,6,7.810968399047852,3.8175246715545654
1872,REEP5,"REEP5, BRCA2, IPO7, CENPK, BOD1L1",0.005344138604465115,3.458322048187256,6,0,9.358430862426758,7.696499347686768
1873,STARD7,"STARD7, PTCD3, BRD2, ATM, CALU",0.0061941419378115205,2.688173532485962,12,0,8.705292701721191,5.093767166137695
1874,GLYR1,"GLYR1, TMEM126B, METAP1, WIPI2, DIDO1",0.004997078419915372,3.3918120861053467,0,1,9.482709884643555,7.057509899139404
1875,PGD,"PGD, TMEM38B, ATP6V1G1, TATDN1, CREB3",0.00698532151106475,3.030808687210083,1,3,7.565115928649902,5.193824768066406
1876,ETNK1,"ETNK1, EP300, LMBR1, CIAO2A, HACD3",0.010386315240451924,2.9648678302764893,13,5,9.60111141204834,5.8199543952941895
1877,PSMC1,"PSMC1, PDCD6IP, HYOU1, CHD4, MAPK1IP1L",0.007399048623720093,3.1380765438079834,1,5,9.12112808227539,3.8011481761932373
1878,CHD8,"CHD8, XPO6, REPIN1, SRRM1, PPIE",0.0066696339985647,3.369163990020752,6,4,11.750276565551758,5.293606281280518
1879,PRR3,"PRR3, ZBED4, SRSF3, NIPSNAP2, MAP3K4",0.006913752602951384,3.077237606048584,0,4,10.003617286682129,7.448850631713867
1880,ATP6V0C,"ATP6V0C, TM9SF1, RAVER1, WBP1, DBNDD2",0.010826513045149196,3.9707493782043457,0,4,7.589493274688721,5.489230155944824
1881,TARBP2,"TARBP2, C1ORF174, TMED8, ACTR2, RWDD1",0.006419633018168698,2.6260054111480713,0,5,8.203423500061035,4.078412055969238
1882,UCHL5,"UCHL5, PRPF39, UTP11, MED6, NAE1",0.008759838273875584,2.777395248413086,8,7,9.31920051574707,4.068673133850098
1883,EIF4A3,"EIF4A3, CYCS, RBM22, RPL26L1, VPS36",0.0073647347636657395,3.2365221977233887,1,8,8.956914901733398,6.670056343078613
1884,CTU2,"CTU2, GRWD1, EIF4A3, SRP68, TFB2M",0.004753940211530241,3.2863566875457764,0,2,10.919042587280273,5.572249412536621
1885,ZNF37A,"ZNF37A, DGUOK, DCTN6, APEX1, ARL2",0.006551986478378347,2.5388221740722656,10,0,9.427721977233887,6.242393970489502
1886,TRAF4,"TRAF4, ARL6IP6, AFMID, EXOSC8, NUP214",0.008082384636802498,3.0250608921051025,30,5,7.19774866104126,3.5664570331573486
1887,CPT2,"CPT2, ATAD2, MRPL19, MTHFD2L, SF3A3",0.006570614002407852,3.0540523529052734,0,6,7.963253974914551,3.4356985092163086
1888,MRFAP1,"MRFAP1, OARD1, POLR2C, CLNS1A, CDK2",0.004216683202679226,2.872152805328369,7,8,7.284465789794922,4.511656761169434
1889,RFC1,"RFC1, CLSPN, PCM1, CAMSAP1, VKORC1L1",0.005821591457221401,3.1684048175811768,5,1,7.718686103820801,5.506143569946289
1890,UQCRC2,"UQCRC2, OXA1L, UQCRQ, PSMB2, AKR1A1",0.005850022941266436,3.317758321762085,30,6,9.403327941894531,3.1723973751068115
1891,NEDD8,"NEDD8, SURF4, ACSL3, NDUFA11, VKORC1",0.005267667716343986,3.7896108627319336,30,8,9.847126960754395,5.16192626953125
1892,SLC25A3,"SLC25A3, MRPS21, CSDE1, SEPTIN2, CALR",0.007827481676398731,3.176919937133789,0,3,11.604893684387207,4.81213903427124
1893,TUBGCP5,"TUBGCP5, TENT4B, ZNF598, ACADVL, YTHDC1",0.007024537351126867,2.9266574382781982,0,6,11.040778160095215,5.338711261749268
1894,SMAGP,"SMAGP, ITGB1BP1, CCNB1, STX10, NSMAF",0.004864724959705725,3.7062251567840576,7,0,7.314927577972412,4.474708080291748
1895,CKS2,"CKS2, CBX5, MDC1, PHF13, ARHGAP11A",0.005894140761336319,3.897557258605957,8,2,8.354179382324219,5.834895610809326
1896,CLINT1,"CLINT1, RHEB, ZNHIT3, PHF3, IDH2",0.006179435997788227,2.5614631175994873,3,2,9.218987464904785,4.06193733215332
1897,REPIN1,"REPIN1, USP10, EBPL, ENSA, SYNJ2BP",0.0072921854595508215,3.4048826694488525,7,8,8.710493087768555,7.474555492401123
1898,EIF3K,"EIF3K, COX7A2L, AGGF1, BABAM1, CAMLG",0.004395115274961863,3.292585611343384,6,1,7.252500057220459,5.447323799133301
1899,FKBP3,"FKBP3, CPSF7, SARNP, PRR14L, ENSA",0.007693167424185977,3.047433376312256,5,8,10.292925834655762,2.6730644702911377
1900,GINS2,"GINS2, NOLC1, ADNP, YTHDF2, PDCL3",0.005297079596390574,3.487997531890869,1,4,11.204297065734863,4.333173751831055
1901,PEX19,"PEX19, DMWD, GEMIN7, C12ORF43, UBE2R2",0.00698532151106475,2.5828754901885986,0,4,7.473819255828857,6.596552848815918
1902,STX17,"STX17, ATP11B, CALU, PDIA6, GTF3C1",0.004917666343789584,3.138143539428711,5,9,8.613293647766113,4.565842628479004
1903,SOD1,"SOD1, MYBL2, PHB2, HMGA1, STOML2",0.0036804065898297642,3.5561881065368652,3,0,11.149140357971191,4.298015594482422
1904,APPL1,"APPL1, SAFB, TRAP1, PGAM5, DDX31",0.007405911395730964,2.9347269535064697,6,9,8.889033317565918,3.744450330734253
1905,UTP25,"UTP25, RSL24D1, DAXX, PIGBOS1, BRMS1",0.00734806803163934,2.643868923187256,5,4,8.246975898742676,4.366994380950928
1906,NUP58,"NUP58, ACO2, PYM1, CCDC25, SLC25A23",0.004117663206522379,3.3819751739501953,5,0,9.936471939086914,6.708861351013184
1907,BABAM1,"BABAM1, MRPL37, ELAC2, RAB35, HNRNPA0",0.006474535194255664,2.6412198543548584,2,2,8.629338264465332,5.817873001098633
1908,CTNNBIP1,"CTNNBIP1, PYCR1, KAT5, ENY2, SAMD1",0.006293161933968368,4.021413803100586,2,7,10.110088348388672,3.3999218940734863
1909,ADRM1,"ADRM1, BOD1L1, CEBPZ, GIGYF2, YTHDC1",0.008266699085094451,2.8196322917938232,1,6,8.590373039245605,5.417666435241699
1910,P4HB,"P4HB, VDAC3, TAF5L, TUFM, TMED3",0.007451990007803952,3.343907594680786,8,2,10.94306468963623,4.190506935119629
1911,NCBP1,"NCBP1, KPNA1, MRPS10, PTS, MRPL36",0.004797077635598571,2.8162102699279785,9,9,8.236913681030273,6.975119590759277
1912,ACTR2,"ACTR2, PRPF8, CENPH, SLC35E3, HSP90AA1",0.004624527939325252,3.2072627544403076,1,6,10.835725784301758,3.1863760948181152
1913,ZBTB8OS,"ZBTB8OS, ARHGAP11A, RPL17, RTF1, YBX1",0.005555904140800552,3.586981773376465,0,4,9.61934757232666,3.9383304119110107
1914,RAB10,"RAB10, RRM2B, TOE1, DDX55, UTP20",0.009502978443052718,2.3424155712127686,0,2,10.655145645141602,5.014451503753662
1915,PSMD1,"PSMD1, SEC31A, PCMT1, TANGO2, ANAPC11",0.006545123706367476,3.59574294090271,18,3,9.321649551391602,6.259500980377197
1916,TMED2,"TMED2, TMEM179B, BUD31, SF3B6, SSBP3",0.006349044506056886,3.0143609046936035,1,3,10.324363708496094,4.070093154907227
1917,KATNA1,"KATNA1, CACYBP, BCL2L13, SLBP, CCDC167",0.004787273675583042,3.6440649032592773,1,1,11.811036109924316,5.896597385406494
1918,USP1,"USP1, UTP3, SLC35F2, RBM4B, CIP2A",0.005242177420303609,3.256431818008423,4,6,9.473104476928711,3.094113349914551
1919,TRIP12,"TRIP12, SNRPA, DAD1, ATP2A2, HMOX2",0.007018654975117549,2.9590773582458496,19,6,7.617614269256592,4.801793098449707
1920,ASL,"ASL, C4ORF48, TP53RK, SPCS2, APLP2",0.005537276616771046,3.367429494857788,5,7,7.442492485046387,6.756026268005371
1921,SUPT16H,"SUPT16H, MRFAP1L1, ERICH1, UGP2, AP2S1",0.0057529637371126945,3.224867105484009,15,0,11.587503433227539,6.086544513702393
1922,CSTB,"CSTB, SEC61B, CHCHD3, MT-ND6, TMEM258",0.007151008435327197,3.237642526626587,3,3,11.203987121582031,4.365909576416016
1923,CEP162,"CEP162, MRPS18B, SEM1, TOP2B, GAR1",0.005321589496429397,2.7579660415649414,0,6,9.275750160217285,4.469078540802002
1924,NGLY1,"NGLY1, BCAP29, CISD1, ATP1B3, HPF1",0.008199051760987298,3.0452816486358643,4,0,10.952098846435547,3.5930356979370117
1925,HSPE1,"HSPE1, DNTTIP1, NDUFAF2, RRP8, ATP2A2",0.007154930019333409,3.3001248836517334,11,8,11.43486499786377,6.669989585876465
1926,SRP9,"SRP9, BMI1, DDX41, VRK1, DIMT1",0.004397076066964969,3.6479673385620117,2,7,11.776273727416992,4.068840026855469
1927,DYNC1LI2,"DYNC1LI2, NUDT21, MRPL37, MAIP1, SMIM15",0.007301009023564798,2.829627275466919,15,6,10.870329856872559,4.88736629486084
1928,HSPD1,"HSPD1, RNASEH2B, MAZ, EMC7, CALCOCO2",0.004113741622516167,4.535762786865234,10,8,11.7754545211792,5.886274337768555
1929,KTN1,"KTN1, NAE1, THUMPD1, EEF1E1, SMARCA4",0.008969643018207914,2.501006603240967,11,1,7.94826602935791,7.082852363586426
1930,TERF1,"TERF1, IREB2, WEE1, SURF1, NIPSNAP1",0.01147259401017259,2.6995129585266113,1,1,10.660089492797852,4.161252975463867
1931,CHD1,"CHD1, SNRPC, FUCA1, SND1, MAGOH",0.004931391887811325,4.227570533752441,1,2,8.200512886047363,4.17464017868042
1932,RNF20,"RNF20, PTMS, SMAP2, CUL5, MTX2",0.00622061262985345,3.036759853363037,1,6,7.55624532699585,6.1866984367370605
1933,DHCR7,"DHCR7, CCNT1, MTHFS, DNAJC25, PROSER1",0.007256891203494916,2.9551377296447754,0,1,10.231011390686035,6.354958534240723
1934,DHX9,"DHX9, RAF1, COMMD4, WDR55, RPN1",0.006673555582570912,2.952855110168457,1,1,8.025581359863281,4.280375003814697
1935,HIGD2A,"HIGD2A, DDX3X, MT-ND6, RPL22L1, NAP1L1",0.007835324844411155,2.8300352096557617,4,3,8.252641677856445,5.506065368652344
1936,RFXANK,"RFXANK, EXOC3, YWHAB, DCAF12, GIPC1",0.006518653014325546,2.739612102508545,1,8,10.81153678894043,3.936504602432251
1937,KXD1,"KXD1, DDX28, PPIL3, PCBP1, TMEM161A",0.007576500300001177,2.694197177886963,0,6,9.140368461608887,3.8208179473876953
1938,SRSF8,"SRSF8, PPIL2, MRPL43, ZNF268, MRPL54",0.008739249957842973,2.584118127822876,23,0,8.538415908813477,6.95155143737793
1939,MIS18BP1,"MIS18BP1, CHPF, JTB, SEPTIN11, TAF8",0.006935321314985549,3.210374116897583,13,9,9.377466201782227,4.389825344085693
1940,NDUFB7,"NDUFB7, LARP1B, DNAJB11, ICE1, GTF3C4",0.005691198789014859,4.1109418869018555,3,1,9.52888298034668,6.02216100692749
1941,UBQLN1,"UBQLN1, LRR1, YKT6, DENR, RRM2B",0.006505907866305358,2.9779279232025146,2,7,9.234196662902832,5.17468786239624
1942,HMCES,"HMCES, SDHA, GTF2A2, ABI2, ASB8",0.00845297432538951,2.7922332286834717,0,1,7.983963489532471,5.414501190185547
1943,YIPF4,"YIPF4, ZNHIT3, SREK1, PURA, CDC40",0.006954929235016608,3.3902909755706787,5,6,10.209284782409668,6.630335330963135
1944,TBC1D7,"TBC1D7, STAU1, TIAL1, JOSD1, PDZD8",0.006215710649845686,3.176853656768799,3,6,11.001870155334473,4.93700647354126
1945,DDB1,"DDB1, MACO1, HNRNPL, TAF3, C1ORF50",0.0051706085121902435,3.3942654132843018,17,6,11.002080917358398,6.742388725280762
1946,WDR26,"WDR26, SENP1, CHURC1, EXOSC6, NUP205",0.008404934921313417,2.4777133464813232,1,9,9.774395942687988,4.530797958374023
1947,DDA1,"DDA1, NDUFV1, SFXN1, ERGIC1, FAM210A",0.005707865521041259,3.2725024223327637,9,1,9.921656608581543,5.596436500549316
1948,HDAC2,"HDAC2, GOLGA4, HMGN3, PCLAF, DECR1",0.007822579696390967,2.750027894973755,5,3,9.822362899780273,3.4696760177612305
1949,RAD50,"RAD50, AP1S1, STX16, RPA3, PTS",0.00635688767406931,3.1332273483276367,33,6,10.280587196350098,3.6002042293548584
1950,MTX2,"MTX2, EGLN2, COQ10B, AFTPH, RPA3",0.00761081416005553,2.5952694416046143,5,8,9.908222198486328,4.656440258026123
1951,CCDC85B,"CCDC85B, SNRPF, HDGFL2, SGO2, TTC3",0.007429440899768235,3.0957014560699463,14,2,7.813680648803711,5.824682235717773
1952,CLINT1,"CLINT1, GNAI3, PRXL2C, PPIG, NUDT22",0.0065559080623845585,3.1639761924743652,15,5,6.98122501373291,5.505253314971924
1953,AGPAT3,"AGPAT3, DMWD, ZNF770, FAM217B, XIAP",0.00434413468288111,3.2084243297576904,1,2,11.314323425292969,6.019260406494141
1954,PHF20,"PHF20, TET1, PCYT2, RAC3, SLC38A1",0.006941203690994866,2.5086381435394287,0,8,10.109546661376953,6.518589019775391
1955,CUL4A,"CUL4A, HSPBP1, RAD50, ZNF33A, ASF1B",0.005757865717120459,3.060844659805298,10,6,9.134964942932129,5.991112232208252
1956,BAG1,"BAG1, CCDC34, PSMD4, LYAR, HSD17B10",0.008650033921701654,3.2090837955474854,5,1,7.71615743637085,4.424432277679443
1957,BOLA2,"BOLA2, NUP98, C14ORF119, MTHFS, HEBP2",0.0058235522492245066,2.776186227798462,11,1,7.619529724121094,4.979450702667236
1958,PICALM,"PICALM, ANP32B, PCM1, RANBP1, AQR",0.005254922568323797,3.758129835128784,84,3,10.926055908203125,5.497079849243164
1959,BAZ1B,"BAZ1B, SNRPE, SKA2, PCYT1A, PSMD14",0.006584339546429594,3.2205758094787598,24,2,8.56820297241211,7.045932769775391
1960,SFT2D1,"SFT2D1, GRAMD1A, ATP6V0E1, FDPS, LAMTOR2",0.004039231526398143,3.7943975925445557,11,9,8.013394355773926,4.385221004486084
1961,MANEA,"MANEA, VDAC3, TMED4, IBTK, MRPL18",0.005496099984705822,3.8245623111724854,5,2,8.908124923706055,5.964893817901611
1962,MRPL33,"MRPL33, TXNDC17, ARMT1, TMEM259, PRMT5",0.00644022133420131,2.7470791339874268,1,6,10.270246505737305,7.024855613708496
1963,SCAF11,"SCAF11, SSBP1, NRBF2, HNRNPH1, SPCS2",0.006601986674457547,3.1343812942504883,1,9,8.7944974899292,4.335090160369873
1964,RER1,"RER1, LRIF1, NOP58, PHF20L1, ZNF655",0.004087270930474237,3.482980251312256,21,9,9.433064460754395,5.540168762207031
1965,SLC39A3,"SLC39A3, IGF2BP1, MRPL44, AMZ2, POP4",0.006360809258075522,4.038943290710449,5,8,9.72231674194336,3.8700804710388184
1966,TONSL,"TONSL, ARL5A, TFIP11, FXN, FAM53C",0.006388260346119005,2.6700615882873535,1,6,10.031328201293945,5.1476664543151855
1967,PPP1R14B,"PPP1R14B, FTSJ1, CBX3, PSMF1, IWS1",0.006828458150816278,3.390970468521118,9,8,10.689773559570312,4.845624923706055
1968,LEMD2,"LEMD2, MAEA, BPTF, AP3M1, TMEM115",0.00625688728191091,3.163203477859497,0,7,7.105950355529785,5.728137016296387
1969,TAF9,"TAF9, POLE4, PDHA1, HSPE1, SIL1",0.0048049208036109944,3.0987610816955566,3,9,7.555290699005127,4.3227763175964355
1970,BLMH,"BLMH, PTDSS2, LEPROT, SCAF1, UBE2B",0.006864732802873736,2.6436221599578857,5,4,10.80827808380127,5.093303203582764
1971,NT5C3B,"NT5C3B, SLC50A1, THAP11, RNF169, N4BP2",0.006399044702136087,3.7422893047332764,1,1,9.75146770477295,3.787947416305542
1972,SUPT20H,"SUPT20H, AZI2, GTPBP10, MRPS31, CBFB",0.008570621845575865,2.4584031105041504,0,1,7.9311957359313965,4.733818531036377
1973,TSPAN13,"TSPAN13, TM7SF3, DENR, IGF2BP3, DNAJC9",0.007174537939364468,2.932281255722046,3,5,9.470488548278809,3.0856447219848633
1974,PTRHD1,"PTRHD1, ZDHHC4, BAP1, RAB22A, ZHX1",0.005324530684434056,3.230090379714966,2,4,9.291428565979004,4.283350467681885
1975,PIGS,"PIGS, CBL, PRPS1, PIGK, GOLT1B",0.004763744171545771,3.4582667350769043,0,7,8.048239707946777,5.206121921539307
1976,LYSMD3,"LYSMD3, PDIA3, PYURF, DPY19L4, HDHD2",0.006601006278455994,2.6957428455352783,0,6,10.93441390991211,5.498373031616211
1977,ATP5PB,"ATP5PB, RPAIN, MCRIP2, DNAJB6, HACD3",0.007312773775583433,3.069209337234497,0,8,8.01189136505127,4.399908542633057
1978,LSM14A,"LSM14A, AIDA, UNKL, SP1, ZMYM1",0.006573555190412511,3.0048329830169678,0,4,7.5821003913879395,6.50384521484375
1979,SAP18,"SAP18, NIPSNAP2, EXOSC7, SUMO1, PDCL3",0.004029427566382613,4.484764099121094,0,8,7.743481636047363,5.9276275634765625
1980,<SPECIAL>,"<SPECIAL>, DDX50, LRRC75A, PIP5K1A, TRIR",0.0050137451519417725,4.265486240386963,0,0,7.760308742523193,3.523470640182495
1981,NDUFAF3,"NDUFAF3, PCGF3, TMUB1, RAB22A, FBXL20",0.005541198200777258,3.0297443866729736,4,9,8.86999797821045,6.921905517578125
1982,NDUFA2,"NDUFA2, SBF1, TTF2, C9ORF78, NSRP1",0.005631394632920129,3.5516839027404785,13,8,8.863414764404297,6.444807052612305
1983,CRCP,"CRCP, CNBP, USP33, VEZF1, PFDN6",0.007006890223098914,2.6179709434509277,6,9,10.165995597839355,5.5483808517456055
1984,PIN1,"PIN1, CYC1, DEF8, ENTR1, AGO2",0.005956886105435708,2.6322450637817383,7,2,8.419388771057129,5.350068092346191
1985,SELENOW,"SELENOW, SELENOK, PIH1D1, SEC11A, NSD3",0.005736297005086295,3.6932294368743896,9,3,8.286038398742676,5.003628253936768
1986,AEN,"AEN, C6ORF62, PRCC, RBMX2, GNAI3",0.006125514217702814,2.854612350463867,27,7,11.893561363220215,4.6329264640808105
1987,OS9,"OS9, CBX5, TM9SF2, RPN2, SSR1",0.008057874736763674,2.9131033420562744,10,1,8.415034294128418,3.4014182090759277
1988,MDP1,"MDP1, ASXL2, MCRIP2, ZNF655, MRPL15",0.009051015886336809,2.5130138397216797,1,1,10.13520622253418,6.336167812347412
1989,SCAMP3,"SCAMP3, TTK, LMAN2, MED21, PTGES2",0.0072186557594343505,2.5829803943634033,20,9,9.602993965148926,6.656507968902588
1990,BCCIP,"BCCIP, GTF2H2, ARFIP1, UBIAD1, SUPT20H",0.006686300730591101,2.706545829772949,1,9,10.818087577819824,4.242126941680908
1991,LSG1,"LSG1, DMAC2, SAMD1, TRAF3IP1, PSMA6",0.004261781418750662,3.178715229034424,0,7,8.481852531433105,5.900053024291992
1992,SEC13,"SEC13, HDGF, CYB5B, SNX4, MPG",0.005390217216538104,2.9171695709228516,5,8,9.458442687988281,4.695532321929932
1993,JTB,"JTB, RABIF, MPLKIP, PHF14, DTD1",0.004216683202679226,3.7506680488586426,3,1,10.947332382202148,6.4563212394714355
1994,GID8,"GID8, KRAS, SPTY2D1, PRPF6, PSMC4",0.0050225687159557485,3.3038432598114014,2,1,11.099404335021973,3.548304557800293
1995,COX15,"COX15, TBL3, SRCAP, OGFOD3, IMPA1",0.009332389538782505,3.4145896434783936,0,5,9.601698875427246,5.730772018432617
1996,MRPS5,"MRPS5, EIF4A2, MRPL46, MRNIP, PAQR3",0.006601986674457547,2.5101847648620605,0,7,9.678035736083984,6.392595291137695
1997,CHCHD3,"CHCHD3, ASCC3, AIFM1, NTMT1, SLMAP",0.003395111353377856,3.622685432434082,1,4,9.437177658081055,6.88551664352417
1998,CPNE1,"CPNE1, PARL, ZNF512, COX8A, MAPK14",0.005549041368789681,2.8082761764526367,2,5,10.85460090637207,4.928930759429932
1999,EXOC2,"EXOC2, SREK1, TARDBP, TP53BP2, SAAL1",0.010187294852136675,2.3358981609344482,0,1,8.33828067779541,6.933533191680908
2000,SET,"SET, CUL3, CDC42, LUC7L, DENR",0.005482374440684081,3.595777750015259,1,0,8.934611320495605,4.568645477294922
2001,ALG3,"ALG3, NDUFA6, NELFB, DONSON, SRCAP",0.007235322491460751,3.015174627304077,0,2,9.627605438232422,7.1224446296691895
2002,IER3IP1,"IER3IP1, UBE2M, NUP62, USP9X, NAA10",0.005790218785171707,3.433074712753296,14,2,8.28704833984375,6.57687520980835
2003,EDF1,"EDF1, HSPE1, MPST, HNRNPA3, RANBP2",0.0040627610304354135,4.045347213745117,2,3,11.273329734802246,3.8487465381622314
2004,MOB4,"MOB4, PDHB, MAP7D1, LAGE3, GTF2H1",0.005268648112345539,4.013374328613281,3,5,11.07491397857666,6.045048236846924
2005,UPF1,"UPF1, NDUFS4, SNUPN, MRPS16, INTS10",0.006028455013549073,3.0304038524627686,4,2,6.994243621826172,5.039129257202148
2006,HNRNPM,"HNRNPM, CUL3, GDI2, HIBCH, PSMC3",0.005448060580629728,3.861999988555908,19,6,9.375666618347168,4.459330081939697
2007,C19ORF25,"C19ORF25, MARF1, OSBP, HEBP2, POLR2E",0.006449044898215287,3.1514925956726074,5,2,10.176248550415039,7.0796356201171875
2008,VPS26B,"VPS26B, DDX46, TTC27, AIFM1, AAAS",0.007840226824418919,2.4196951389312744,3,2,9.881888389587402,6.78294563293457
2009,NDUFB4,"NDUFB4, EIF2S2, ZNF24, EBP, TMEM170A",0.006320613022011851,3.105429172515869,3,2,7.887710094451904,6.9840312004089355
2010,MEN1,"MEN1, CDK4, POLR3GL, UQCC3, FAM200B",0.005855905317275754,3.269544839859009,7,6,10.362767219543457,5.5941572189331055
2011,NTPCR,"NTPCR, ADH5, ZNF33B, MAK16, ATF4",0.004369624978921486,2.6306052207946777,6,7,10.713582038879395,3.756692409515381
2012,POLDIP2,"POLDIP2, TMEM126A, TAF11, CASP6, HSCB",0.00674610488668583,2.8062806129455566,1,2,9.438414573669434,3.36590313911438
2013,RPF1,"RPF1, MFSD5, NARF, UNKL, EIF4E2",0.007022576559123761,3.1090946197509766,0,4,7.311816215515137,5.662935733795166
2014,TKT,"TKT, SPCS1, TCEA1, ITGB1, SENP6",0.005706885125039706,3.7725462913513184,14,8,10.767361640930176,5.733840465545654
2015,TUBB4B,"TUBB4B, DDX39A, CAPNS1, NUDCD3, TRA2B",0.005763748093129777,3.183713436126709,12,9,9.190217971801758,4.771430969238281
2016,PFDN1,"PFDN1, TXNL1, CTSC, TOP1, MORF4L2",0.008122580872866167,2.8229308128356934,2,8,9.895873069763184,5.947357654571533
2017,UBE2E3,"UBE2E3, MALSU1, RHOT2, SUZ12, PNO1",0.00700885101510202,3.110677480697632,7,7,8.13920783996582,3.2373111248016357
2018,AGPAT1,"AGPAT1, SLC30A7, LRWD1, TMX2, DNAJA3",0.0072853226875399515,3.0280861854553223,0,4,7.684168338775635,6.089895725250244
2019,HMGB2,"HMGB2, RAD54L2, TRMT6, TMEM39B, REV1",0.00730493060757101,2.5222363471984863,1,2,9.114118576049805,4.534082412719727
2020,UCHL3,"UCHL3, ALG2, AIMP2, PAK1IP1, RSRC2",0.005766689281134436,2.938722610473633,0,8,7.261679172515869,5.543136119842529
2021,AIMP1,"AIMP1, UBL7, RUVBL2, BAG4, MRPS10",0.003331385613276915,4.052651882171631,27,2,7.691585540771484,4.649247646331787
2022,CCDC18,"CCDC18, LAMP1, YWHAB, MAVS, RREB1",0.007899050584512096,3.101187229156494,11,0,10.658848762512207,3.532163381576538
2023,PMPCB,"PMPCB, SUMO3, SMC2, MAP4K4, WDR26",0.0074314016917713405,3.158766746520996,4,9,9.642223358154297,3.607382297515869
2024,PRXL2C,"PRXL2C, PDCD2, MIB2, MPLKIP, WDR82",0.004932372283812878,3.346952199935913,14,5,9.289520263671875,3.8787124156951904
2025,URM1,"URM1, UCHL5, SAFB2, MRPL57, NARS2",0.008790230549923726,3.0306222438812256,10,5,10.474723815917969,4.100991725921631
2026,SLC35E1,"SLC35E1, IKBIP, DAP, ST7L, CDKN2AIPNL",0.006846105278844231,2.899165630340576,11,5,8.546318054199219,3.0825910568237305
2027,FAM53C,"FAM53C, ABHD5, TNFAIP8L1, CKAP2, UPF1",0.0069980666590849375,3.1061275005340576,6,6,9.750006675720215,7.866901874542236
2028,RBX1,"RBX1, M6PR, SYNCRIP, RSBN1L, KIAA0586",0.0037490343099384703,4.15822696685791,0,9,9.286035537719727,5.471338272094727
2029,HMGB1,"HMGB1, TAF1D, TMEM170A, MYH10, CPOX",0.005124529900117255,2.691800355911255,1,8,10.514100074768066,6.99748420715332
2030,C8ORF82,"C8ORF82, UBE2D2, ITFG2, PSMC2, PPP1R12A",0.007850030784434449,2.7641165256500244,6,9,8.679350852966309,4.061062335968018
2031,LSM3,"LSM3, WEE1, RNF214, NR2F6, BRCA1",0.008466699869411252,2.89532208442688,45,6,10.729523658752441,5.906928539276123
2032,ARMC1,"ARMC1, OSBP, NENF, CHCHD1, RCC2",0.008145129980901887,2.8875315189361572,5,9,7.769036769866943,6.693816661834717
2033,NOB1,"NOB1, DHRS4L2, BSDC1, ATP5F1A, THOC6",0.007402970207726305,2.7809956073760986,7,0,10.513728141784668,5.677201271057129
2034,RAB1A,"RAB1A, CMTM6, FBL, ISY1, PPIG",0.005876493633308366,3.0428617000579834,7,8,10.242894172668457,4.26356840133667
2035,SERBP1,"SERBP1, YY1AP1, SEC13, DPH5, CCDC117",0.004350017058890427,3.538635015487671,0,0,10.979883193969727,4.835679531097412
2036,SPNS1,"SPNS1, MCFD2, HMG20B, FN3KRP, PSIP1",0.007125518139286821,2.7101480960845947,0,7,7.722253799438477,6.196689605712891
2037,TIAL1,"TIAL1, CTU1, SF3B6, SNRNP40, NSL1",0.006399044702136087,2.586604595184326,10,1,10.637043952941895,4.229336261749268
2038,RPA2,"RPA2, RBBP7, TNPO2, NDUFA7, TAF9",0.00696571359103369,3.1590685844421387,6,5,9.658463478088379,6.144648551940918
2039,SEPHS1,"SEPHS1, SYMPK, NDUFA6, BLMH, SPTLC1",0.009592194479194035,2.343486785888672,6,4,7.575679302215576,5.707801818847656
2040,KDM5A,"KDM5A, SRSF1, MDN1, SMARCA4, TIMM10",0.005832375813238483,3.1773722171783447,3,5,9.78321361541748,5.662294864654541
2041,FAM174C,"FAM174C, GET1, MRPL33, PRORP, CYREN",0.0063372797540382515,2.9367117881774902,5,4,9.05162239074707,2.8058958053588867
2042,DOT1L,"DOT1L, GHITM, KHDC4, SEC24C, DUSP12",0.007309832587578775,3.0698726177215576,0,8,10.343369483947754,5.261337757110596
2043,MAT2A,"MAT2A, SUPT16H, MYDGF, DDX10, LDLR",0.007309832587578775,3.144535779953003,14,0,10.322925567626953,6.095265865325928
2044,CALM3,"CALM3, LYRM4, MACO1, DRAP1, COA8",0.00878532856991596,3.004897356033325,2,1,10.142434120178223,4.811267375946045
2045,UQCRC2,"UQCRC2, POLR2E, FAM133B, PRR3, BRD2",0.007224538135443668,3.1211965084075928,4,8,9.726115226745605,4.612139701843262
2046,SRSF8,"SRSF8, C6ORF120, MLEC, HSD17B12, EIF2AK4",0.008514739273487348,2.813516855239868,1,0,8.88609790802002,3.9703872203826904
2047,PRRC2C,"PRRC2C, CUTA, ARF1, ATP6V0B, TMEM123",0.006838262110831808,3.845961332321167,4,3,9.7074556350708,4.784398555755615
2048,BUD31,"BUD31, RPAIN, MYL6B, UBE2A, MCM4",0.007177479127369127,2.6301443576812744,2,0,8.143915176391602,3.749772548675537
2049,EIF2AK1,"EIF2AK1, TUBGCP2, MRPL52, ATG5, RFC1",0.0037843285659943764,3.619184732437134,0,0,9.342267036437988,6.346890449523926
2050,TRA2B,"TRA2B, SFSWAP, RNASEH1, SNRNP70, RB1CC1",0.00801669810469845,2.694061517715454,24,9,9.288740158081055,5.080164909362793
2051,TGFB1,"TGFB1, DPM1, NDUFB7, GPBP1, VPS28",0.006867673990878395,2.405738592147827,12,0,8.07409954071045,6.018228054046631
2052,ZMYM6,"ZMYM6, CHPT1, CINP, GATAD1, RBM5",0.006907870226942067,2.4682655334472656,3,6,9.945098876953125,4.699508190155029
2053,NUP85,"NUP85, IWS1, PSPH, SNRPB, LARP7",0.0053206091004278444,2.587620496749878,4,4,9.774153709411621,5.010004043579102
2054,HNRNPLL,"HNRNPLL, BROX, TFIP11, SLC7A5, BARD1",0.006092180753650014,3.2461037635803223,4,1,11.461538314819336,4.147015571594238
2055,ACIN1,"ACIN1, GTF2H5, VCP, UPF2, FANCL",0.005122569108114149,2.771134614944458,8,8,9.487008094787598,5.435082912445068
2056,KXD1,"KXD1, THAP11, HIGD2A, JTB, PPIE",0.007475519511841223,2.819267511367798,0,5,8.513289451599121,6.013710021972656
2057,TUSC2,"TUSC2, TCF25, GTF3C1, VPS28, TSEN34",0.006052964913587896,2.9986438751220703,0,1,10.303393363952637,6.635300159454346
2058,TUG1,"TUG1, SNRPD1, SYMPK, OTUD3, DEF8",0.006546104102369029,2.790436029434204,1,1,11.049040794372559,4.115364074707031
2059,KIF15,"KIF15, DGKZ, PIK3CA, PSMD1, TBCC",0.009333369934784059,3.7520060539245605,7,5,9.990743637084961,3.682884693145752
2060,PSMB1,"PSMB1, SAFB, STK25, BMP2K, GCDH",0.005788257993168601,3.341367483139038,2,2,7.573657512664795,4.188074111938477
2061,ANAPC13,"ANAPC13, BCL7C, CNOT1, ALG14, PHF20",0.005441197808618858,2.8982114791870117,15,5,10.06961727142334,5.24245548248291
2062,PSIP1,"PSIP1, YWHAB, COPRS, PDCD7, KHDRBS1",0.005043157031988361,4.312234401702881,2,3,11.392390251159668,4.9730072021484375
2063,C8ORF82,"C8ORF82, KHDRBS1, DCAF15, WAPL, MAK16",0.005519629488743093,3.3753087520599365,1,4,8.881911277770996,7.5704569816589355
2064,ZNF512,"ZNF512, HNRNPAB, PHRF1, RPL7L1, SLC25A24",0.005051000200000784,3.406529664993286,1,0,9.13691520690918,5.569652557373047
2065,ANKLE2,"ANKLE2, SGO2, MRPS24, NDUFAF8, GPN2",0.004642175067353206,3.4869062900543213,2,2,9.586642265319824,6.418251037597656
2066,DHRS7B,"DHRS7B, CRELD2, DPM1, PRMT3, PDIA3",0.00485982297969796,3.5515639781951904,0,6,8.45262622833252,5.412851810455322
2067,NGLY1,"NGLY1, ADIPOR1, RBM14, TSC22D2, RDX",0.006404927078145405,2.4913084506988525,6,7,9.582736015319824,4.9820380210876465
2068,OGFOD1,"OGFOD1, ABHD16A, BRI3BP, NDUFAF1, TSPAN17",0.009056898262346126,2.5306529998779297,0,4,10.74443531036377,7.019309043884277
2069,TXNDC12,"TXNDC12, GCLM, ZNF330, MRPL28, NOC4L",0.007868658308463955,2.867258310317993,1,8,10.556573867797852,3.684537649154663
2070,NARF,"NARF, KDM5B, MVB12A, USF2, SNAP47",0.006823556170808513,2.7441093921661377,1,2,11.469496726989746,5.926259994506836
2071,TGIF2,"TGIF2, RBM42, ECI2, DAP3, WASHC3",0.0052392362322989505,3.6430182456970215,0,8,6.99527645111084,4.866568565368652
2072,PRDX1,"PRDX1, EIF6, CHURC1, SNRPD2, HMGN3",0.0031706006690222313,6.529428005218506,10,3,11.403594970703125,6.157060623168945
2073,ING1,"ING1, HMG20A, SP1, SMS, C1ORF174",0.013700053725700885,3.9364190101623535,6,6,9.268453598022461,6.307165145874023
2074,HAUS2,"HAUS2, FARSA, TNFAIP8L1, MRPS18C, KHDC4",0.008548072737540147,2.720391035079956,5,7,10.55781078338623,4.90837287902832
2075,UQCR11,"UQCR11, NDUFA7, NDUFB8, TMBIM4, IER3IP1",0.00699218428307562,3.365490436553955,1,3,9.920658111572266,4.49609899520874
2076,HNRNPA0,"HNRNPA0, RC3H2, GIGYF2, NANS, TAF6",0.005047078615994572,2.997938871383667,1,8,9.612030982971191,3.634357452392578
2077,SDF2L1,"SDF2L1, POMP, RTF2, ERG28, ATP5PO",0.002955893944682136,4.119162559509277,0,8,9.0445556640625,6.474437713623047
2078,PRIM1,"PRIM1, SEPHS2, HAUS8, DTNBP1, STARD3NL",0.008151992752912757,2.8964364528656006,13,1,8.299595832824707,3.8978660106658936
2079,ACOT13,"ACOT13, TGIF2, COA6, CERS2, ABHD14B",0.007549049211957694,3.3235437870025635,2,0,9.851874351501465,3.739783525466919
2080,TMED9,"TMED9, AURKAIP1, EIF3I, SRM, PA2G4",0.006181396789791333,2.849442958831787,16,8,8.016463279724121,4.785406589508057
2081,POLR2H,"POLR2H, KXD1, KPNA6, PRRC2C, ZNF511",0.004396095670963416,2.9488937854766846,10,9,9.965770721435547,5.954313278198242
2082,RPL22L1,"RPL22L1, SSR3, EFTUD2, SLC7A1, NUFIP2",0.005060804160016314,3.094667673110962,8,2,9.69645881652832,7.814803600311279
2083,SETD5,"SETD5, EIF1AX, CCDC18, ANKRD11, COG4",0.00571472829305213,3.469392776489258,6,5,8.51310920715332,4.042422294616699
2084,MFN1,"MFN1, PPIG, TTC14, CLNS1A, GGPS1",0.005855905317275754,3.4837422370910645,4,0,8.36430835723877,4.925655364990234
2085,INTS10,"INTS10, ZCCHC10, SMIM8, NUBPL, PET117",0.00574806175710493,3.272139310836792,1,9,11.056906700134277,6.5613813400268555
2086,TUT4,"TUT4, BCCIP, CNOT9, TRABD, TRIM13",0.0061892399578037565,2.9706661701202393,2,5,7.729133605957031,6.08803653717041
2087,SLC25A4,"SLC25A4, SDF4, DHPS, CHIC2, POLR2A",0.005351981772477539,2.599252700805664,38,5,8.716919898986816,5.93475341796875
2088,STMN1,"STMN1, SMU1, ATAD2, RACGAP1, SYAP1",0.005868650465295942,2.712240695953369,1,2,8.182657241821289,5.040616035461426
2089,VEGFB,"VEGFB, BLOC1S4, PARP2, LRRC57, MYDGF",0.008552974717547911,2.4737887382507324,10,1,8.78210163116455,4.847971439361572
2090,CEBPZ,"CEBPZ, TRA2B, NAA15, NOC4L, FAM136A",0.004770606943556642,2.9892945289611816,4,1,8.210604667663574,4.740746974945068
2091,GLRX2,"GLRX2, MAF1, WIZ, FAM193A, COPS6",0.006910811414946726,3.3688488006591797,2,4,7.446115016937256,6.5843424797058105
2092,MALSU1,"MALSU1, BET1, EIF2B1, PILRB, PRMT7",0.008951015494178408,2.721879243850708,1,7,9.982178688049316,3.4276397228240967
2093,<SPECIAL>,"<SPECIAL>, NAP1L1, DRAP1, MYO9B, SLC7A6OS",0.007239244075466962,4.845483779907227,13,3,8.198914527893066,4.80775785446167
2094,AKIRIN1,"AKIRIN1, CUL3, SNAP29, SPAST, RNF114",0.006934340918983996,2.729429244995117,16,0,11.414898872375488,5.73584508895874
2095,NAA15,"NAA15, ACO2, TSR2, CCNC, SMNDC1",0.0076529711881223065,3.5641231536865234,4,6,7.846824645996094,4.84021520614624
2096,RALBP1,"RALBP1, PARP1, TMEM167A, CORO1C, TCEA1",0.005540217804775705,3.0477042198181152,18,8,9.260005950927734,5.957096099853516
2097,PTDSS1,"PTDSS1, ZNF512, SMARCD1, PPWD1, MTMR2",0.007717677324224801,3.648327350616455,2,5,11.7960844039917,6.079924583435059
2098,<SPECIAL>,"<SPECIAL>, TPP2, KDELR2, KIF20A, SELENOF",0.006091200357648461,4.3184332847595215,2,8,9.895792961120605,4.17002010345459
2099,NDUFS1,"NDUFS1, PCGF2, POGK, TNPO2, TIMMDC1",0.004711783183463465,3.699498414993286,6,1,9.745733261108398,5.0917439460754395
2100,TSR3,"TSR3, NDUFB2, SET, CCDC167, RPL7L1",0.0056078651288828585,2.9318909645080566,0,0,10.107231140136719,4.413903713226318
2101,CNPY2,"CNPY2, SMARCC2, PRDX2, UQCRFS1, DDX19A",0.004058839446429202,3.4420289993286133,3,8,9.013605117797852,3.2022345066070557
2102,CBX3,"CBX3, PPP2R1A, BET1, FUOM, RAB7A",0.00725493041149181,3.764383316040039,0,7,10.499185562133789,5.562687397003174
2103,AP2S1,"AP2S1, CDK5, STX10, PDXK, CHID1",0.005655904532958953,3.475647449493408,3,8,7.075547218322754,4.838648319244385
2104,FAM76B,"FAM76B, AKIP1, POLR2D, PBRM1, EI24",0.006687281126592654,3.327272415161133,35,5,9.56217098236084,6.6842570304870605
2105,C1ORF35,"C1ORF35, OSGEP, PUM3, BOD1, ZNF330",0.008783367777912854,2.4684746265411377,1,6,7.159119606018066,5.371708869934082
2106,SLC35B4,"SLC35B4, IDI1, SRSF4, NADK, NMT1",0.011730438158581014,3.6812682151794434,0,8,8.87623119354248,7.674690246582031
2107,ARFGAP2,"ARFGAP2, SMU1, GNL3, THOC7, GOT2",0.005380413256522575,3.060468912124634,8,6,7.353073596954346,5.840770721435547
2108,RAB1B,"RAB1B, ZNF121, DDX56, ARHGDIA, CDV3",0.005950023333424837,2.7646188735961914,2,0,10.637977600097656,4.699203014373779
2109,FYTTD1,"FYTTD1, XIAP, HPS4, CRYZL1, TATDN1",0.00639022113812211,2.7107362747192383,0,1,8.796201705932617,2.9664523601531982
2110,FAM104A,"FAM104A, THOC2, IGBP1, UTP25, ECSIT",0.004698057639441723,3.2785353660583496,0,7,10.704167366027832,3.7281880378723145
2111,DNAJA1,"DNAJA1, SRSF3, HNRNPAB, EIF3E, EIF3H",0.004835313079659136,3.918765068054199,1,3,9.490294456481934,7.062723159790039
2112,TXN2,"TXN2, TTLL12, LIN7C, ECT2, NCAPG",0.003160796709006702,4.016592502593994,2,0,7.772459983825684,6.335777759552002
2113,RBBP4,"RBBP4, ZNF207, RAB14, HNRNPR, ATRX",0.004187271322632638,3.711942195892334,22,8,9.336684226989746,5.85159158706665
2114,CALR,"CALR, RHOT1, NKAP, SPATA33, CENPT",0.006993164679077173,4.00875997543335,0,9,8.406768798828125,3.127824544906616
2115,HNRNPF,"HNRNPF, BUD31, GLO1, XBP1, SFI1",0.0029333448366464184,4.709142208099365,3,5,10.70680046081543,5.211691856384277
2116,PPHLN1,"PPHLN1, MITD1, PDRG1, EIF3K, LDHA",0.0059764940254667664,3.3920702934265137,30,3,7.746779441833496,4.383546352386475
2117,COASY,"COASY, GCLM, COPS7B, DCTN5, DNAJC17",0.008834348369993607,2.871262788772583,0,7,9.819378852844238,6.138274192810059
2118,AUP1,"AUP1, EDF1, DNPH1, HNRNPK, EIF6",0.006993164679077173,3.083322286605835,3,6,11.496658325195312,3.6200246810913086
2119,UBE2D2,"UBE2D2, RNF41, MCEE, RNF24, ZNF714",0.006378456386103475,2.719177722930908,20,1,8.45805835723877,3.121556282043457
2120,DDX42,"DDX42, PKM, HMGN1, DDX50, IFT20",0.004904921195769395,3.1120893955230713,0,3,7.058706760406494,5.1666059494018555
2121,SLU7,"SLU7, GTF3C3, RPS6KB1, TIMM10, TRIM37",0.005844140565257118,3.1587138175964355,2,0,8.496515274047852,4.760586738586426
2122,MRPL51,"MRPL51, MCRS1, TRIR, CYB5R1, AP3M1",0.00967356734732293,2.7061076164245605,0,8,10.41511058807373,4.338630199432373
2123,LSM1,"LSM1, CLINT1, RAB4A, MOCS2, NCBP2AS2",0.005958846897438814,2.9149606227874756,3,6,9.420321464538574,6.757011413574219
2124,YIPF6,"YIPF6, MRRF, PNP, PHYH, ACO1",0.005440217412617305,2.611821174621582,2,5,8.406608581542969,6.369295597076416
2125,LZIC,"LZIC, KNOP1, RBMX, ABHD13, GID8",0.00712845932729148,3.7902328968048096,3,1,11.651250839233398,4.359775543212891
2126,PSMD11,"PSMD11, TP53BP2, SURF4, LDHA, ARL6IP1",0.005908846701359613,3.089200258255005,13,0,7.525012016296387,5.616155624389648
2127,MRPS18B,"MRPS18B, HTRA2, THAP1, MFSD10, AIMP1",0.0072863030835415045,3.684410810470581,8,5,7.010798454284668,4.188322067260742
2128,ZNF622,"ZNF622, CTNNBL1, NSFL1C, SZRD1, ATP6V1H",0.00571472829305213,2.806678295135498,0,9,8.364200592041016,4.376344680786133
2129,ANP32E,"ANP32E, UBA1, SPATS2, BRWD3, PRR14L",0.005496099984705822,3.2945008277893066,16,7,9.525781631469727,5.391505241394043
2130,MAT2A,"MAT2A, SPOP, SBDS, COA5, BSDC1",0.006225514609861215,2.820931911468506,2,2,7.43143892288208,3.5622129440307617
2131,EIF2S2,"EIF2S2, AZI2, EPB41, KMT2A, BCKDK",0.004372566166926144,3.705573081970215,0,5,11.445568084716797,5.101310729980469
2132,AGAP3,"AGAP3, CNOT10, SMARCC1, ANKRD10, NR2C1",0.005197079204232173,3.0971858501434326,3,7,9.64902400970459,4.425432205200195
2133,TBRG4,"TBRG4, THOC3, NSA2, EIF3A, TUBB",0.0038225640100549413,3.6088948249816895,5,0,10.488715171813965,4.9488959312438965
2134,ISCA1,"ISCA1, DECR1, MRPL57, TPM3, POMP",0.007855913160443767,2.6546082496643066,1,8,8.997661590576172,3.5133121013641357
2135,SPEN,"SPEN, EXOSC4, TERF1, RNF24, MOB1B",0.007059831607182774,2.8403213024139404,0,1,7.632241725921631,6.029942989349365
2136,NUSAP1,"NUSAP1, ATP5IF1, VASP, APEX1, CD320",0.006159828077757168,2.9529852867126465,28,0,8.773634910583496,7.1324615478515625
2137,FAM210B,"FAM210B, MCRIP2, CFAP410, MED28, PPTC7",0.006807869834783666,3.0046768188476562,0,4,10.940948486328125,6.953204154968262
2138,ERH,"ERH, SIVA1, PRDX5, THRAP3, SREK1",0.006683359542586442,3.489598512649536,0,6,9.509723663330078,2.9232490062713623
2139,DBF4,"DBF4, STK40, MRPL57, LSM5, ARPC4",0.004899038819760077,3.1643881797790527,0,9,10.193085670471191,6.1118388175964355
2140,GPR107,"GPR107, RNF2, SDF2, PLRG1, C1GALT1",0.0071372828913054565,2.6241981983184814,8,8,10.291472434997559,4.7833170890808105
2141,CD46,"CD46, UBR4, SLC25A39, DDRGK1, LIAS",0.006217671441848791,3.41469669342041,4,5,10.989178657531738,4.51171875
2142,UQCR10,"UQCR10, SEC22C, HSPA5, POLR2L, SMDT1",0.0060500237255832374,2.835920810699463,0,3,8.662696838378906,5.211981773376465
2143,GLYR1,"GLYR1, ZNF791, RPL7L1, PBRM1, POLE3",0.00550198236071514,3.3418960571289062,41,1,12.016799926757812,5.502888202667236
2144,SMARCC2,"SMARCC2, CEP57, MRPS7, PITPNB, ARMCX3",0.005128451484123467,3.3038837909698486,2,6,9.403229713439941,5.145140647888184
2145,CCDC14,"CCDC14, MDH1, SMIM26, UTP23, UQCRFS1",0.00687257597088616,2.8814902305603027,1,8,9.366687774658203,3.629037618637085
2146,ATXN10,"ATXN10, HNRNPC, ST13, YWHAE, DPP7",0.0064078682661500635,3.5547072887420654,0,3,11.514023780822754,3.9900424480438232
2147,BIRC5,"BIRC5, APEX1, ZWINT, <SPECIAL>, NCBP2AS2",0.005285314844371939,4.714101791381836,13,8,9.326705932617188,5.60275936126709
2148,ATP6V0E1,"ATP6V0E1, POLD2, MDM4, SCAMP4, ATP5MC1",0.0050892356440613495,3.159954786300659,10,8,9.228877067565918,6.373767375946045
2149,ZFC3H1,"ZFC3H1, TECR, TEX261, NDUFC1, CDC5L",0.004029427566382613,3.090327024459839,0,7,9.69677734375,6.079568862915039
2150,MED11,"MED11, DNAJC2, DPP9, STARD3, KRT10",0.00843924878136777,2.3999664783477783,0,6,9.407299995422363,5.860750198364258
2151,WASHC2C,"WASHC2C, LNPK, ZKSCAN8, ZDHHC16, LRR1",0.010101020004000016,2.773751974105835,0,4,9.894639015197754,7.722759246826172
2152,NHP2,"NHP2, PSMA1, ALDH16A1, TMEM160, MTREX",0.0067196341946439,2.7512223720550537,3,5,8.847784042358398,6.331503391265869
2153,CFAP298,"CFAP298, EXOSC1, RSL1D1, NKAPD1, RETREG2",0.006665712414558488,3.4737792015075684,0,6,8.787264823913574,6.00754451751709
2154,SAMD1,"SAMD1, EXOC5, PABPN1, CIAPIN1, SGSM3",0.005427472264597116,4.029025554656982,3,7,10.322199821472168,4.785236835479736
2155,HSPA4L,"HSPA4L, DOT1L, MPDU1, SSR1, IMPDH1",0.006181396789791333,2.6138134002685547,0,1,8.010944366455078,4.445756435394287
2156,ADIPOR1,"ADIPOR1, MRPS24, MED6, RBM5, PEX19",0.007014733391111337,3.1132256984710693,2,2,8.200374603271484,4.553882122039795
2157,SLC25A3,"SLC25A3, ABCE1, HDAC1, TUBGCP2, SNAPIN",0.0074323820877728935,2.8545944690704346,35,3,9.483779907226562,3.8734357357025146
2158,SAV1,"SAV1, PCBP2, HSD17B4, TDP2, SND1",0.00870199490978396,2.8137495517730713,24,5,10.235651969909668,4.312067985534668
2159,BOP1,"BOP1, GADD45A, USPL1, GNPDA1, ZNF226",0.003403934917391833,5.823337554931641,3,8,9.269259452819824,3.4562056064605713
2160,PSMG4,"PSMG4, RIDA, C9ORF78, PTTG1, ZNF496",0.005271589300350197,2.84084415435791,3,5,10.449237823486328,4.8381757736206055
2161,THUMPD3,"THUMPD3, NUP50, ERAL1, ILKAP, PPIH",0.010120627924031074,2.828934669494629,4,6,8.553718566894531,7.193861484527588
2162,SNX3,"SNX3, PGK1, RPA1, RMI2, C4ORF3",0.005550021764791234,2.94608998298645,7,3,8.544386863708496,6.012381553649902
2163,YBX3,"YBX3, GNG5, COX7B, COX17, SNRPG",0.0039157016302024715,4.271090507507324,6,3,10.041184425354004,5.374875068664551
2164,IMMT,"IMMT, ATG101, ARPC5, DHX8, BOD1L1",0.005653943740955847,2.7525365352630615,3,2,9.06247615814209,5.859682083129883
2165,BAG6,"BAG6, PPP1R11, DAP3, TSEN15, TMEM33",0.0085823865975945,2.6682677268981934,1,0,9.86231517791748,2.5026233196258545
2166,RTN4,"RTN4, AP3B1, ZNF428, SLC35F6, SETDB1",0.006056886497594108,3.302475690841675,5,6,9.231319427490234,5.899835109710693
2167,RFK,"RFK, PDCD10, AHCYL1, PELP1, KEAP1",0.006058847289597214,2.823385238647461,1,8,10.365028381347656,6.863609790802002
2168,ZNF830,"ZNF830, UBXN1, TSC2, CD320, PIGC",0.005429433056600222,2.6070241928100586,5,7,10.041790962219238,5.066807270050049
2169,TRIR,"TRIR, TPRKB, TOR1A, USP48, MRPL48",0.0038745249981372476,3.9783778190612793,0,7,7.7631611824035645,4.9843854904174805
2170,IFI27L1,"IFI27L1, BORCS8, RNF181, NEU1, DPY30",0.006594143506445123,2.9974188804626465,3,1,9.67345142364502,5.781784534454346
2171,NOP16,"NOP16, ENKD1, CENPB, AHCTF1, MFSD14B",0.004448056659045721,3.521162509918213,0,4,9.798683166503906,6.653717041015625
2172,ATP6V1G1,"ATP6V1G1, PRR13, C1ORF43, RHEB, CFAP36",0.006549045290373688,2.8597230911254883,1,2,9.740246772766113,6.335026741027832
2173,DYNLT1,"DYNLT1, PRKAG1, GRSF1, GMFB, SLC11A2",0.016955948846858224,3.090791702270508,2,8,8.860088348388672,7.675450801849365
2174,SMIM7,"SMIM7, ODC1, TMEM115, THUMPD3, FASTK",0.00490982317577716,3.6341795921325684,1,7,9.674084663391113,5.452167987823486
2175,DNTTIP2,"DNTTIP2, CCT8, PET100, ACAP2, HIBCH",0.0022088321914987903,4.063638687133789,3,8,7.503326416015625,3.798691511154175
2176,CD2BP2,"CD2BP2, MRPS15, FAM118B, MRPL23, HSF1",0.005886297593323896,3.526890754699707,16,8,11.876611709594727,4.591804027557373
2177,CENPL,"CENPL, PRPF18, BSG, CCDC51, RSRP1",0.005718649877058341,3.344836711883545,0,4,11.525544166564941,4.901174545288086
2178,MDP1,"MDP1, USF2, SMCHD1, ATG12, PPP2CA",0.0061117886736810735,2.877760887145996,5,6,10.794085502624512,4.463979244232178
2179,CDCA3,"CDCA3, AAGAB, FXN, TMEM242, IFRD2",0.007549049211957694,3.4087014198303223,0,7,11.617117881774902,5.592019081115723
2180,CCDC47,"CCDC47, PDPR, AGO2, NENF, HSPA5",0.00566472809697293,4.2095160484313965,10,0,8.546512603759766,6.068277835845947
2181,UQCRC1,"UQCRC1, FKBP8, RCN2, CGGBP1, TAF3",0.005789238389170154,3.109560966491699,14,6,11.077729225158691,3.3253469467163086
2182,SLMAP,"SLMAP, SSNA1, ZFR, FAAP20, NDUFA11",0.004438252699030192,3.1358449459075928,3,0,7.664492607116699,4.892636775970459
2183,STARD3NL,"STARD3NL, NRBF2, PRPF38A, NCOA4, HDAC2",0.007806893360366119,2.7458622455596924,7,9,10.590658187866211,5.970264911651611
2184,ZNF770,"ZNF770, COX7B, LRIF1, HIRIP3, KIAA1143",0.0050127647559402196,3.634805202484131,0,1,9.315999031066895,7.457950592041016
2185,BNIP3,"BNIP3, CDKN3, NUTF2, ZMYM4, KCTD3",0.005986297985482296,3.0295257568359375,7,8,8.416047096252441,3.2694427967071533
2186,HP1BP3,"HP1BP3, RNF115, POM121C, SNX6, GTF2A2",0.0049480586198377245,3.5305697917938232,1,6,9.645329475402832,3.3081438541412354
2187,BAP1,"BAP1, CTU2, COG4, PDPR, CDK9",0.007235322491460751,2.6050307750701904,1,4,9.225122451782227,5.905982494354248
2188,TAF5L,"TAF5L, VPS26B, HAUS2, SMDT1, PAIP1",0.0066363005345119,3.0338337421417236,0,4,11.018037796020508,4.8481011390686035
2189,MRPL52,"MRPL52, PUM1, NENF, COA1, SSNA1",0.004525507943168404,2.930406332015991,1,0,8.997172355651855,6.021998405456543
2190,TRAM2,"TRAM2, PGM3, FASTKD2, MORC2, SUMF2",0.006221593025855003,3.317744255065918,0,4,8.797076225280762,7.240066051483154
2191,TXLNA,"TXLNA, SF3B2, MYCBP2, TDP1, TAF8",0.0071470868513209855,3.2829322814941406,0,9,10.264237403869629,5.925046443939209
2192,KPNA6,"KPNA6, CSNK1D, SUCLG2, NUP88, PEX14",0.00927062459068467,2.7519314289093018,3,8,7.90660285949707,4.984398365020752
2193,LSM1,"LSM1, SNRNP200, UCHL5, METTL2B, USP12",0.005109823960093961,3.921780586242676,7,1,8.618973731994629,4.096693992614746
2194,FUBP3,"FUBP3, EBNA1BP2, YJU2, PARN, ATMIN",0.006806889438782113,3.0095677375793457,9,9,9.231491088867188,5.65087890625
2195,PPP6R1,"PPP6R1, NDUFV2, CDK5RAP3, CFAP410, NAPA",0.007298067835560139,3.332162618637085,0,1,11.369807243347168,5.7156805992126465
2196,EXOSC7,"EXOSC7, CRBN, APRT, DDX50, CZIB",0.005301001180396786,3.6720399856567383,5,6,8.496268272399902,4.256950378417969
2197,RPIA,"RPIA, CELF1, LTN1, SRFBP1, CDK9",0.005947082145420178,2.5878398418426514,1,2,8.483978271484375,5.694358825683594
2198,PEMT,"PEMT, SMIM20, KCMF1, ESD, NGLY1",0.004567664971235182,2.919229507446289,0,4,8.96810531616211,5.754429340362549
2199,NDUFAF5,"NDUFAF5, CPSF7, SNX27, NUP62, COLGALT1",0.010597100380785807,2.4701175689697266,1,6,10.822071075439453,5.536867141723633
2200,NOB1,"NOB1, C14ORF119, AZI2, GPR137, MIS18A",0.003248051953144914,5.383697032928467,1,1,8.626623153686523,6.149980068206787
2201,BAG1,"BAG1, RB1CC1, PPP2R1A, NDUFB4, EFL1",0.006208847877834815,3.7011022567749023,2,8,10.419696807861328,4.877986431121826
2202,AAR2,"AAR2, FHL3, CPSF3, URM1, FADS1",0.007340224863626916,2.226546287536621,1,9,10.449920654296875,6.997795581817627
2203,COPS9,"COPS9, BRCA2, ASPM, PTPN1, ZNRD2",0.0035215824375781865,3.7116858959198,6,5,10.472970962524414,5.10894250869751
2204,MAD2L1BP,"MAD2L1BP, TXN, ARPC5L, ATP11A, RAB11A",0.004485311707104734,3.5841565132141113,4,7,10.710756301879883,4.721043109893799
2205,KLHL18,"KLHL18, PKMYT1, CIAPIN1, ZNF672, NDRG3",0.00759120624002447,2.859325885772705,0,6,10.657712936401367,5.851621150970459
2206,LMNB1,"LMNB1, RPA1, UROS, BSG, ATIC",0.006052964913587896,3.6035726070404053,2,8,10.36613941192627,6.3640828132629395
2207,SRSF8,"SRSF8, RALB, SETD1A, SUPT6H, DDB1",0.006846105278844231,3.083031415939331,21,1,11.58968448638916,5.643458366394043
2208,AHCY,"AHCY, CDC5L, ZNF326, ATMIN, EIF2B2",0.004759822587539559,4.132111549377441,0,9,9.18956470489502,6.411924839019775
2209,HNRNPLL,"HNRNPLL, ZFYVE21, PRPF31, MRPL33, MED21",0.005650022156949635,2.784491539001465,0,1,9.999269485473633,5.499754905700684
2210,YWHAB,"YWHAB, MORF4L1, CHMP5, COPG1, HSPE1",0.005388256424534998,2.7545483112335205,25,0,9.67202377319336,4.019715785980225
2211,TMEM106C,"TMEM106C, ITPA, PHB2, ZNF580, PEMT",0.005706885125039706,2.7027924060821533,0,6,7.587379455566406,5.926977157592773
2212,TAF9,"TAF9, CKS1B, CMSS1, NOL10, NXT1",0.0027441284083466995,3.797887086868286,1,6,8.047605514526367,5.982855319976807
2213,APIP,"APIP, ALAS1, RAD51AP1, TPST2, RBBP7",0.004484331311103181,3.419468402862549,2,9,8.175148963928223,3.6414902210235596
2214,MRPL44,"MRPL44, TMEM11, FAF2, GCDH, PPIE",0.006371593614092604,3.309431791305542,15,6,10.196816444396973,5.70205020904541
2215,USP1,"USP1, ITGB1BP1, CENPA, TFAM, ZNF268",0.006331397378028934,3.8669047355651855,11,4,8.709881782531738,3.2142081260681152
2216,YWHAQ,"YWHAQ, PDE4DIP, ASF1A, HMG20B, PGPEP1",0.0023902054517860854,6.21325159072876,4,5,9.060769081115723,4.836605072021484
2217,ENDOG,"ENDOG, PQBP1, PRPF4, APH1A, EIF2D",0.008723563621818125,3.538025379180908,6,8,9.618390083312988,3.467498779296875
2218,SEC13,"SEC13, NSDHL, ARL6IP1, ITGAE, CUL3",0.0074314016917713405,2.753601551055908,38,8,10.646223068237305,2.8041024208068848
2219,HADH,"HADH, RP9, TMEM97, TCF3, DCTD",0.007260812787501128,2.777811288833618,1,7,8.684377670288086,2.8186123371124268
2220,CLN6,"CLN6, FDPS, PTRH1, PRIM2, WDR74",0.005391197612539657,3.2872087955474854,1,8,11.000015258789062,5.244825839996338
2221,PRRC2B,"PRRC2B, MLF2, MT-ND6, SYPL1, LUC7L2",0.0050166863399464315,3.4529495239257812,0,1,10.351821899414062,2.888883590698242
2222,MPST,"MPST, GNL3L, LRRC57, KDM5C, YY1",0.009600037647206459,3.0936343669891357,1,2,8.408461570739746,3.4700090885162354
2223,LSM7,"LSM7, NTMT1, DNAAF2, RRM2, RCL1",0.005393158404542763,3.4742660522460938,4,6,8.98255729675293,6.166476726531982
2224,DEGS1,"DEGS1, LASP1, MAPKAPK2, ZNF24, STAMBP",0.0074412056517868695,3.4203240871429443,10,0,9.086836814880371,4.9466094970703125
2225,CAPZA2,"CAPZA2, PLEKHJ1, AZI2, MRPL58, SMARCA5",0.004615704375311276,2.9916491508483887,2,1,9.805024147033691,5.917414665222168
2226,CHMP4A,"CHMP4A, VPS33A, MAP4, SNRPB, CUL4B",0.0067039478586190535,2.3612186908721924,5,4,10.274879455566406,5.692389011383057
2227,SON,"SON, ORMDL1, RPF2, PDCL, EXOSC7",0.005877474029309919,3.099660634994507,4,3,11.502280235290527,5.813827991485596
2228,RRS1,"RRS1, HIGD1A, ATG3, UBE2Z, EIF1AD",0.0057049243330366,3.857945680618286,17,6,11.103261947631836,5.638515949249268
2229,DHCR7,"DHCR7, ZNF593, ZMYND8, ACLY, REEP5",0.0050970788120737725,3.3142502307891846,5,2,7.71899938583374,4.942840099334717
2230,COPE,"COPE, FIS1, BCKDHA, MRPL38, PCLAF",0.004609821999301958,3.488460063934326,8,1,8.672616004943848,4.9641618728637695
2231,TXNDC17,"TXNDC17, TXN, C15ORF40, PTMS, PPP1R15B",0.00493629386781909,3.763176918029785,6,3,10.689069747924805,6.1318039894104
2232,EIF1B,"EIF1B, SERP1, TIMM44, ARL6IP4, DDX55",0.00810297295283511,2.76462459564209,2,2,9.697389602661133,3.654810667037964
2233,PKNOX1,"PKNOX1, LAMTOR2, ANAPC1, NEMF, MAGOH",0.006102965109667097,2.60965633392334,2,6,9.383248329162598,4.394460678100586
2234,ADD1,"ADD1, BCLAF1, TSEN34, SMDT1, S100PBP",0.008451013533386405,3.750772476196289,22,3,11.951661109924316,4.836144924163818
2235,WDR73,"WDR73, NELFCD, RPIA, U2SURP, TMED8",0.004040211922399696,3.663276195526123,0,1,7.854410171508789,5.974854946136475
2236,NDUFS6,"NDUFS6, PIGF, UBIAD1, DYNC1LI2, NIT2",0.0047941364475939125,3.5278661251068115,2,5,8.721441268920898,4.518559455871582
2237,COX16,"COX16, LARP1, KCTD13, DPY30, C1ORF122",0.006167671245769591,3.302487850189209,8,6,9.110796928405762,4.147121429443359
2238,ANAPC11,"ANAPC11, AGO3, IGF2R, NIPBL, ROCK1",0.009238271522633422,2.511918306350708,22,3,11.258711814880371,4.779216289520264
2239,DCTN5,"DCTN5, PDLIM7, RIF1, RHEB, AIDA",0.006506888262306911,2.8309903144836426,0,6,10.397801399230957,4.603772163391113
2240,CTDSP2,"CTDSP2, CASP6, MVB12A, POLR2B, CCND3",0.0035990337217008694,3.9354331493377686,7,4,9.236736297607422,4.9073567390441895
2241,MED28,"MED28, GSTO1, PSME2, SNX5, NAPA",0.004475507747089204,3.763003349304199,1,9,9.527185440063477,3.215825080871582
2242,ATG3,"ATG3, PFDN4, SYAP1, ZCRB1, DPY30",0.008038266816732614,3.0801987648010254,16,1,11.0814790725708,7.107226371765137
2243,TFG,"TFG, PRDX3, CANT1, PRR13, NAB1",0.0024235389158388855,4.25781774520874,4,8,7.105984210968018,5.223161220550537
2244,BRIP1,"BRIP1, AP3B1, TRIM26, MDC1, PHACTR4",0.008240228393052522,2.721733331680298,0,6,7.906898021697998,3.1108031272888184
2245,TM9SF3,"TM9SF3, EIF4H, DNAJC7, XIAP, NELFE",0.006654928058541406,2.5315334796905518,23,5,9.568944931030273,3.195251703262329
2246,PCNP,"PCNP, PPT1, ADI1, COPS6, SPPL2A",0.006885321118906349,2.957094669342041,21,9,10.800917625427246,5.030606269836426
2247,SCAF4,"SCAF4, ANKHD1, CBL, DTD1, OXSR1",0.004421585967003793,3.5803349018096924,0,1,9.818151473999023,3.0306248664855957
2248,UBE2B,"UBE2B, MRPL13, GEMIN5, TRIM44, PDCD10",0.005440217412617305,2.455659866333008,6,9,10.990818977355957,6.44280481338501
2249,UGGT1,"UGGT1, RPA1, ATP5F1A, DNAJA1, SEC24C",0.00774414801626673,3.152045726776123,0,9,11.739997863769531,4.064944744110107
2250,TMED2,"TMED2, PSMA4, GDI2, YWHAB, CENPE",0.004419625175000687,3.181067943572998,11,1,9.75964641571045,3.961534023284912
2251,G3BP2,"G3BP2, PEX19, PNO1, DNAJC24, HSD17B12",0.0069980666590849375,2.7877721786499023,6,5,7.508284568786621,6.083130836486816
2252,RBBP8,"RBBP8, PRPF6, ARHGAP11A, AK6, ARIH2",0.004219624390683885,3.438528299331665,9,0,9.931787490844727,2.8389945030212402
2253,FASTKD5,"FASTKD5, EMC3, PHF13, TMEM250, SRPRA",0.003944133114247507,3.3644344806671143,0,8,9.761270523071289,4.3868818283081055
2254,SREBF1,"SREBF1, RBM22, TNPO3, ABRAXAS1, ELK4",0.00843924878136777,3.5326685905456543,0,8,8.612868309020996,6.037579536437988
2255,TFG,"TFG, RRP12, ZNF593, RAB2A, PPP1R35",0.005030411883968172,3.3497846126556396,4,5,9.294861793518066,3.3891961574554443
2256,ATP5PO,"ATP5PO, MPV17, MRPS34, TIMM13, DDT",0.008374542645265276,3.0755667686462402,0,7,6.944008827209473,4.617682456970215
2257,NUDC,"NUDC, TRMT112, DEGS1, PHF20, CCDC86",0.006840222902834913,3.176793336868286,11,8,7.949336528778076,3.02209210395813
2258,TLK1,"TLK1, PRELID3B, SMDT1, MSL3, MZT2B",0.005937278185404649,3.1002161502838135,0,2,8.680010795593262,6.6019287109375
2259,RNF5,"RNF5, WDR3, MAD2L1, RITA1, SPG21",0.006022572637539755,2.4520888328552246,3,4,10.139802932739258,7.095325469970703
2260,TOMM5,"TOMM5, MRPL34, MRPL15, COX7A2L, HAGH",0.00600100392550559,3.4168202877044678,13,0,9.427989959716797,5.127930641174316
2261,TPM3,"TPM3, SF3A1, ZDHHC6, SERINC1, SLC2A4RG",0.0067000262746128416,3.23815655708313,16,1,10.789571762084961,4.784774303436279
2262,NFYB,"NFYB, SFSWAP, ACLY, LMNB1, SGO1",0.007244146055474727,2.886972427368164,6,2,7.732693195343018,3.84662127494812
2263,SNRPB2,"SNRPB2, PIGF, MRPS26, MRPL17, PSME3",0.005551002160792787,2.4603099822998047,64,7,8.345947265625,5.020829200744629
2264,WASF2,"WASF2, ERP29, BDH2, GEMIN2, GSTO1",0.006648065286530535,2.89605712890625,5,8,8.577727317810059,4.180511951446533
2265,CCDC34,"CCDC34, VPS28, RAE1, RALGAPB, DCAF7",0.005256883360326903,4.183461666107178,0,7,8.503867149353027,4.149430274963379
2266,POLR3G,"POLR3G, MTMR2, FAM162A, RBM22, LTA4H",0.006891203494915666,3.298527479171753,1,6,8.6785249710083,2.7731821537017822
2267,PKMYT1,"PKMYT1, ATP2A2, TXN2, EXOSC3, POLE",0.004172565382609344,2.8066115379333496,3,4,7.368794918060303,6.136192798614502
2268,KMT2A,"KMT2A, TLN1, ISY1, SBDS, M6PR",0.006824536566810066,3.0329689979553223,9,9,9.53703784942627,3.168837785720825
2269,ODR4,"ODR4, COMMD3, TXN2, IFI27L1, PAIP1",0.0067794383507386305,2.9192657470703125,2,8,8.576645851135254,4.01331090927124
2270,SNRPG,"SNRPG, UBA6, TDP2, EXOSC8, NUDT14",0.004544135467197911,3.301764488220215,6,9,10.74386978149414,5.198184967041016
2271,PPME1,"PPME1, NCLN, RBM26, SLC25A26, PCNT",0.010045137431911497,2.3128318786621094,0,9,7.5690531730651855,4.2453789710998535
2272,FNTA,"FNTA, CTDNEP1, PGK1, DYNC1H1, CHD4",0.005609825920885964,2.942593574523926,5,9,8.8197021484375,4.873932838439941
2273,CAPNS1,"CAPNS1, RSRC2, MEN1, ANAPC11, PIGX",0.007468656739830352,3.486907720565796,32,6,9.045045852661133,4.509681701660156
2274,POLE3,"POLE3, IMMP1L, CDK11B, NUDT1, DVL3",0.007869638704465508,3.003547430038452,12,0,8.66768741607666,6.616345405578613
2275,ALKBH7,"ALKBH7, SNF8, USE1, TYW3, BRD4",0.005812767893207425,3.2926254272460938,1,5,11.42203140258789,5.908860206604004
2276,CNOT11,"CNOT11, NKIRAS2, EMG1, ATP6V1E1, SCAF4",0.004915705551786478,2.965087413787842,13,9,10.520671844482422,4.50064754486084
2277,KYAT3,"KYAT3, BRD3, PHB2, QTRT2, PEBP1",0.004777469715567512,3.116290330886841,1,1,9.491560935974121,3.5758094787597656
2278,LYRM7,"LYRM7, MYC, JADE1, ATXN7L3B, ACOT13",0.006751006866693595,3.5474629402160645,10,9,7.681314945220947,6.700316905975342
2279,NOSIP,"NOSIP, ESF1, MKI67, YTHDF2, RPS19BP1",0.008098070972827344,2.750900983810425,2,1,10.506762504577637,6.1521687507629395
2280,COPS4,"COPS4, DHX8, KAT5, HLTF, BRIX1",0.006979439135055432,2.779900074005127,3,0,8.99630355834961,5.317188739776611
2281,HNRNPF,"HNRNPF, PSMD8, POLR1D, HAX1, RABGGTA",0.004676488927407558,3.1335647106170654,1,8,7.900742053985596,5.636754512786865
2282,PFDN4,"PFDN4, THOC2, RPE, RAC1, PKN1",0.006654928058541406,2.820535659790039,2,1,8.060552597045898,7.103240966796875
2283,PHACTR4,"PHACTR4, GNPNAT1, CD2AP, COG4, DEDD2",0.00634022094204291,2.7666656970977783,6,6,7.769082546234131,6.982565402984619
2284,ZDHHC6,"ZDHHC6, RRP7A, NDUFAF3, INO80C, SIVA1",0.00321667928109522,3.9344985485076904,37,8,7.086382865905762,5.880593299865723
2285,HINT1,"HINT1, NCOA4, ACTN1, BCS1L, SLC25A5",0.007849050388432895,2.5571773052215576,0,1,7.156561374664307,4.803912162780762
2286,PCBD2,"PCBD2, SAMD1, MTMR4, DOT1L, ASPSCR1",0.006468652818246346,3.677306652069092,1,7,10.599546432495117,6.155693054199219
2287,ENDOV,"ENDOV, MED31, CANT1, ESRRA, C18ORF21",0.009658861407299636,2.5737428665161133,0,9,11.09406852722168,5.7258830070495605
2288,BID,"BID, DDOST, CHCHD3, PHIP, AKIRIN2",0.005213745936258574,2.9135899543762207,28,5,7.716553688049316,5.484794616699219
2289,LYRM7,"LYRM7, UBA5, ATP6V0A2, ST3GAL2, NDUFS7",0.01008239247997051,2.4156198501586914,1,1,11.661810874938965,3.8638358116149902
2290,YWHAE,"YWHAE, STX17, CD164, MTO1, TUFM",0.004637273087345441,3.7492074966430664,3,7,8.048005104064941,5.275725364685059
2291,SUZ12,"SUZ12, SMC2, TMEM181, MAD2L1, MAF1",0.004175506570614002,3.326185464859009,22,2,10.083633422851562,4.200793266296387
2292,AZI2,"AZI2, C1ORF52, SUPT7L, FAM104A, CDC16",0.007745128412268283,2.485334873199463,0,9,10.190777778625488,4.320492744445801
2293,YY1,"YY1, ARL6IP4, FAM136A, SQSTM1, DLGAP5",0.007060812003184327,2.7213897705078125,20,0,9.053766250610352,4.353542804718018
2294,UQCC2,"UQCC2, THAP5, PKM, SCYL2, CRK",0.004335311118867133,3.48484206199646,3,1,11.295269966125488,4.078056335449219
2295,LBR,"LBR, GRB2, WEE1, ORMDL2, CD46",0.006783359934744842,2.7116312980651855,14,0,11.18747615814209,6.275004863739014
2296,TRMT112,"TRMT112, PHPT1, PABPC4, PBRM1, GPBP1L1",0.004422566363005345,3.7823984622955322,7,0,7.625638484954834,4.776124477386475
2297,ILF2,"ILF2, NDUFV1, NPRL3, PSME4, PRDX5",0.008107874932842873,3.23215913772583,137,7,11.50159740447998,6.032599449157715
2298,GET1,"GET1, NUP42, RAMAC, SEPTIN7, RBIS",0.007795128608347484,2.6400294303894043,0,3,9.69291877746582,3.2983202934265137
2299,HSBP1,"HSBP1, EEA1, FUBP1, ZCRB1, BCAP31",0.007706892968207719,3.0146138668060303,8,8,11.300089836120605,3.9382901191711426
2300,ZCCHC9,"ZCCHC9, CDCA8, ZC3H4, CHORDC1, KIF5B",0.009109839646429986,3.290261745452881,34,2,11.65773868560791,5.279768943786621
2301,OSBPL11,"OSBPL11, SDHAF3, ZC3H18, CCDC14, PGAM5",0.00466374377938737,3.2020063400268555,0,5,10.543418884277344,5.2862396240234375
2302,<SPECIAL>,"<SPECIAL>, GALNT2, TMEM258, TMED10, SMS",0.0053127659324154215,4.30554723739624,0,8,7.472230911254883,5.119690895080566
2303,CYB561A3,"CYB561A3, C1ORF50, NAXE, LSM2, TONSL",0.008414738881328947,2.2997429370880127,13,0,10.955011367797852,3.2925024032592773
2304,METTL2B,"METTL2B, TSR3, FARSA, IFRD2, DTD2",0.008566700261569653,2.652047634124756,11,1,9.39047622680664,4.680986404418945
2305,EMC6,"EMC6, ATG5, FAM204A, CUL1, MAFG",0.00629708351797458,2.449030876159668,2,2,11.335731506347656,6.59938383102417
2306,LMNB1,"LMNB1, HAUS8, DSCC1, ABCF1, TTK",0.006767673598719995,3.010453462600708,2,4,6.9840617179870605,4.4238057136535645
2307,CMC1,"CMC1, MRPL1, CDK5RAP1, CRIPT, MSMO1",0.007892187812501226,3.1351828575134277,12,1,8.86002254486084,3.909202814102173
2308,CHMP4A,"CHMP4A, EIF3L, MRPL14, IMPDH2, BLOC1S2",0.004301977654814332,3.5377485752105713,1,9,9.954357147216797,3.4982757568359375
2309,ASXL1,"ASXL1, FBXL15, RBM4B, SNRNP25, SH2B3",0.009065721826360104,3.0025343894958496,1,0,9.412041664123535,6.5076422691345215
2310,GTF2I,"GTF2I, SAFB2, KDM1A, PSMB6, LAMTOR5",0.005469629292663892,3.252166509628296,14,0,10.487582206726074,3.020434617996216
2311,SMC2,"SMC2, JADE1, AZI2, PEF1, APEX1",0.006968654779038349,3.300473928451538,5,2,9.055388450622559,4.065793991088867
2312,VPS51,"VPS51, ZNF326, HNRNPH3, TERF2IP, ARHGDIA",0.006278455993945074,2.3661487102508545,4,5,10.882892608642578,3.845405101776123
2313,<SPECIAL>,"<SPECIAL>, CHD1, DDX21, SMARCC1, CAPN7",0.0050951180200706665,4.6609110832214355,0,2,6.932701587677002,5.141207695007324
2314,MTCH1,"MTCH1, RSF1, AP2B1, HUWE1, ZNF148",0.004954921391848595,2.8660287857055664,8,0,10.374818801879883,4.545226573944092
2315,HDAC1,"HDAC1, VPS36, PCNA, POLR3GL, SPTSSA",0.005790218785171707,3.474489688873291,48,6,7.15371036529541,5.164215087890625
2316,TUBB4B,"TUBB4B, FLOT2, PRDX2, PITHD1, ABCD4",0.0061892399578037565,2.719252586364746,1,9,8.142473220825195,4.396899223327637
2317,GTF2A2,"GTF2A2, PHAX, LSM4, TRMT1, ZMYND8",0.004521586359162193,4.5520806312561035,1,6,10.17558479309082,2.9850926399230957
2318,GPALPP1,"GPALPP1, SLC7A6OS, POLR1A, RCC2, UCHL5",0.0060441413495739196,2.948690414428711,0,8,11.0606689453125,5.060380935668945
2319,MRPL10,"MRPL10, NIP7, HSP90AA1, POLA1, DHCR24",0.00638335836611124,3.300210475921631,10,1,9.324196815490723,6.114528656005859
2320,KLHDC4,"KLHDC4, ARF3, POLD3, STK11, IMPA1",0.004557861011219652,3.140873432159424,0,5,11.195466041564941,5.542397975921631
2321,COX5A,"COX5A, PHF10, SLC4A2, PPP2R1A, SLC35A4",0.002940207608657289,3.8155457973480225,2,5,8.999452590942383,5.531692981719971
2322,COA3,"COA3, ARPC4, CPNE3, TRIM73, CCDC6",0.005174530096196455,3.472700834274292,9,8,7.922996520996094,6.530338764190674
2323,RBM7,"RBM7, SRRM2, MARCKSL1, PPRC1, RALA",0.005773552053145306,3.485888719558716,2,2,7.374966621398926,3.526503801345825
2324,HMGN3,"HMGN3, CEP162, ZRANB2, SCP2, GOLGA5",0.0036088376817163988,3.7635881900787354,0,2,8.565357208251953,5.151902198791504
2325,DCAF7,"DCAF7, MPV17, RSBN1L, TRIM73, SSR2",0.003628445601747458,3.9122419357299805,8,0,10.913931846618652,6.147867202758789
2326,GAPVD1,"GAPVD1, GNAI2, RRBP1, GLA, BOLA3",0.009177486970537139,3.0100481510162354,18,0,8.530762672424316,3.829688787460327
2327,COX5B,"COX5B, UBN1, MORF4L2, PSMB1, NDUFB10",0.0036725634218173404,4.046271800994873,0,3,8.158005714416504,5.430212497711182
2328,XRCC2,"XRCC2, SLBP, MSH6, LRRC57, RBM28",0.005706885125039706,3.302515983581543,8,1,7.790936470031738,5.777220726013184
2329,SMIM13,"SMIM13, ELP2, UBE2N, COPZ1, BRI3BP",0.0074333624837744465,2.316946029663086,0,4,10.161234855651855,7.495394706726074
2330,NIT2,"NIT2, ATP6V1F, PTPN1, DFFA, ZMYND8",0.007258851995498022,3.9314911365509033,1,6,10.199285507202148,7.513169288635254
2331,PTGES3,"PTGES3, NDUFB11, TIAL1, PUSL1, GCAT",0.004266683398758427,4.239660263061523,0,4,8.22025203704834,5.395331859588623
2332,NAA50,"NAA50, CCT5, SEPTIN2, ISCA1, DCAF6",0.0033764838293483504,4.938899993896484,5,0,11.047754287719727,6.223352432250977
2333,COX17,"COX17, AIDA, MDP1, UQCRQ, RPL22L1",0.004347075870885769,4.046392917633057,0,6,8.670212745666504,4.41899299621582
2334,RPS6KB2,"RPS6KB2, EIF2B2, AK2, RHBDD3, ADAT1",0.009978470503805898,3.456587076187134,2,5,7.373198509216309,4.916055202484131
2335,MKNK1,"MKNK1, CLSPN, CPSF7, HECTD1, TSPYL4",0.007079439527213832,3.060702085494995,11,2,11.656431198120117,6.077609062194824
2336,SDAD1,"SDAD1, PDPR, MMS22L, NUP107, ALG5",0.007027478539131526,2.7361392974853516,5,9,9.586284637451172,5.5880913734436035
2337,NFYB,"NFYB, SNAP47, EIF3M, SLC5A6, PEX11B",0.007555911983968565,2.6047186851501465,0,2,9.493443489074707,6.925438404083252
2338,EMC8,"EMC8, PTDSS1, MCM5, COMMD5, YRDC",0.006713751818634583,3.2046315670013428,13,1,10.46303939819336,6.78547477722168
2339,ANAPC16,"ANAPC16, SDHC, RAB11A, CYP20A1, PNKD",0.008826505201981184,3.081298351287842,3,1,7.555147171020508,5.983236312866211
2340,IMP4,"IMP4, MED28, PRELID1, DENR, RFC1",0.004090212118478896,3.5272109508514404,1,9,7.591210842132568,5.646399021148682
2341,PCLAF,"PCLAF, STMN1, SMARCB1, PGK1, SRP9",0.006382377970109687,3.840085029602051,6,3,7.62348747253418,5.831939697265625
2342,DYNLL2,"DYNLL2, LBR, UNC50, USP39, TOR2A",0.008837289557998267,2.523008108139038,0,9,8.808398246765137,5.898775100708008
2343,TASOR2,"TASOR2, SCAF11, TOP2B, NDUFA4, RSBN1L",0.005795120765179471,3.3003780841827393,0,8,7.64261531829834,6.30082893371582
2344,GMPS,"GMPS, POLA2, TMEM160, HMGB2, ZNF207",0.006642182910521217,3.3185362815856934,4,6,10.169102668762207,5.982460975646973
2345,MRM3,"MRM3, RANGAP1, BORCS8, EXT2, GLUD1",0.006792183498758818,2.6281747817993164,0,7,10.332730293273926,6.064468860626221
2346,RFC1,"RFC1, GNAI3, IVNS1ABP, PPHLN1, ACADM",0.005514727508735329,3.964052677154541,5,0,7.90093994140625,4.638677597045898
2347,AP3B1,"AP3B1, CIB1, SMARCA5, BLOC1S4, CNOT1",0.006867673990878395,2.5421760082244873,2,6,10.156932830810547,6.9123053550720215
2348,GINM1,"GINM1, IMPA1, PRXL2C, BCCIP, TSG101",0.00632355421001651,2.6212105751037598,2,5,10.839488983154297,4.326561450958252
2349,MRPL55,"MRPL55, COPS9, MORF4L2, HINT2, PABPN1",0.004401978046972733,3.419144630432129,1,0,11.004374504089355,3.6991708278656006
2350,ZDHHC5,"ZDHHC5, RAB1B, LYRM2, HNRNPA3, EIF3J",0.005918650661375142,3.2611277103424072,2,6,9.441438674926758,3.433605670928955
2351,C16ORF95,"C16ORF95, SMIM15, POP7, PDXP, TUBA1B",0.0050245295079588545,3.573519468307495,0,1,7.257015228271484,5.351938247680664
2352,YBX1,"YBX1, HSP90AB1, YARS2, CCDC167, PPP1CA",0.00625688728191091,3.020124912261963,15,3,6.924747467041016,4.944467544555664
2353,ELAVL1,"ELAVL1, PDIA3, KTN1, ARL13B, ELOC",0.00850885689747803,2.7753844261169434,10,2,8.792675971984863,5.434680938720703
2354,<SPECIAL>,"<SPECIAL>, BORCS8, CUL3, RNASEK, PRKAA1",0.008514739273487348,4.4678874015808105,13,3,9.032678604125977,4.889452934265137
2355,NIF3L1,"NIF3L1, NCAPD3, CBX3, NDUFAB1, CLNS1A",0.008141208396895675,2.4357049465179443,2,9,10.03713321685791,7.7366533279418945
2356,BLOC1S4,"BLOC1S4, ACOT13, STRADB, KTN1, ZCCHC17",0.005187275244216644,3.281820297241211,2,9,8.251112937927246,4.817163944244385
2357,SH3GL1,"SH3GL1, PIGS, XRCC1, TATDN2, PPP2R3B",0.008053953152757462,3.1934146881103516,0,1,10.311662673950195,5.415281295776367
2358,SF3B3,"SF3B3, NCAPH, STARD7, VSIG10, ADAT1",0.006826497358813172,3.021307945251465,1,4,9.624373435974121,3.2693822383880615
2359,TMUB1,"TMUB1, ZNHIT1, ATG12, SCAND1, RBM42",0.007428460503766682,3.151245355606079,9,4,10.312013626098633,3.6370928287506104
2360,ATOX1,"ATOX1, SNRPG, PRMT1, ALKBH4, ILF2",0.004036290338393484,4.122730255126953,9,8,9.518705368041992,3.6831798553466797
2361,SMUG1,"SMUG1, ZBTB41, DHCR7, TMEM237, TPRN",0.009398076070886552,2.1786932945251465,24,4,10.261733055114746,7.418519496917725
2362,APRT,"APRT, UQCRH, PARK7, PHPT1, SAP18",0.005737277401087848,3.5370986461639404,3,3,10.934270858764648,3.168566942214966
2363,LCMT1,"LCMT1, NDUFS8, HADH, SURF1, EMC1",0.00566472809697293,3.192965269088745,2,1,9.009904861450195,4.755401611328125
2364,NEMF,"NEMF, XPO1, CDK11B, MIS18BP1, MRPS6",0.004387272106949439,2.9659364223480225,26,0,9.25986385345459,3.656392812728882
2365,MRPS7,"MRPS7, MRPL55, ATG3, AUP1, PRADC1",0.006540221726359711,3.6956682205200195,18,0,9.198261260986328,3.554699420928955
2366,HPS1,"HPS1, RFXANK, GRAMD1A, MRPL10, RUFY1",0.008755916689869372,3.2123966217041016,52,0,9.458996772766113,4.779151916503906
2367,MTRF1L,"MTRF1L, COX17, GSTO1, NQO2, GALE",0.004413742798991369,3.3325459957122803,3,2,9.259190559387207,7.0517354011535645
2368,ITGB3BP,"ITGB3BP, SDHA, DEK, IGF2R, USP48",0.005054921784006996,3.9815642833709717,26,2,10.10876750946045,5.5485453605651855
2369,SMIM30,"SMIM30, CCDC14, TP53RK, ZMAT2, LIG1",0.004899038819760077,3.4012339115142822,0,6,9.19273567199707,6.225526809692383
2370,ARF1,"ARF1, RNF126, ROCK1, GOLPH3, GAPVD1",0.005328452268440268,3.2951369285583496,12,1,10.44307804107666,5.135262489318848
2371,SHMT2,"SHMT2, SRSF10, ACTL6A, BIVM, GLE1",0.008071600280785416,2.526899576187134,3,9,8.092400550842285,6.205913066864014
2372,SCAP,"SCAP, ALG2, CCDC22, TMEM185B, HPF1",0.00952356675908533,2.980236291885376,0,7,9.612251281738281,4.9869537353515625
2373,PPIE,"PPIE, ZNF268, CUL4A, C11ORF54, ABRAXAS1",0.005027470695963513,3.940289258956909,6,1,7.685461044311523,4.481680393218994
2374,FAM210A,"FAM210A, RDX, ZNF639, BNIP1, SLC1A5",0.0105284726606771,3.2218475341796875,3,4,8.453130722045898,6.845682144165039
2375,JPT1,"JPT1, REX1BD, SNU13, RAB1A, NDUFB7",0.003977466578300307,4.486698150634766,12,3,9.318596839904785,6.018189907073975
2376,SREK1IP1,"SREK1IP1, KIF22, LARP7, TMEM138, FASTKD5",0.007774540292314872,3.019254446029663,0,4,9.050776481628418,5.783271312713623
2377,TCEAL8,"TCEAL8, SAMD4B, PSENEN, HAUS4, PSMC2",0.006133357385715238,3.139293909072876,1,2,10.53187084197998,5.061221122741699
2378,CEP250,"CEP250, CERT1, ARIH2, BCL7A, MECR",0.006444142918207522,2.6072700023651123,1,4,10.53841781616211,7.471211910247803
2379,DSG2,"DSG2, TMEM70, PRKAA1, VDAC3, CSDE1",0.003962760638277013,2.8761768341064453,2,9,9.369261741638184,4.134695053100586
2380,CORO1C,"CORO1C, COPB2, SRRT, UGCG, N4BP2",0.005994141153494719,2.8894684314727783,22,1,10.263787269592285,3.206723928451538
2381,DYNC1H1,"DYNC1H1, CCT2, PSME4, EMC1, SOD1",0.0046559006113749465,3.103864908218384,14,8,7.334115505218506,5.60515832901001
2382,NCBP2AS2,"NCBP2AS2, SYNRG, SNX5, EIF5A, YIPF4",0.006304926685987004,2.5535714626312256,0,5,9.3148775100708,4.555941581726074
2383,PAK1IP1,"PAK1IP1, LRRC40, PPP2CB, NUDT21, QRSL1",0.00744806842379774,3.738868236541748,1,2,9.973438262939453,6.113677978515625
2384,MLEC,"MLEC, MKI67, SRSF7, RUVBL1, CIB1",0.00844611155337864,3.3514180183410645,15,8,7.623271465301514,6.710317611694336
2385,TBC1D20,"TBC1D20, AK6, EDEM3, DESI1, SERBP1",0.007036302103145503,2.8739266395568848,4,9,9.902021408081055,5.749819755554199
2386,HSD17B4,"HSD17B4, CDK5RAP2, FASN, RBPJ, GGA1",0.009727489127408343,2.5236024856567383,7,5,8.158802032470703,5.865370273590088
2387,RTCB,"RTCB, FAM120A, SFPQ, EIF2AK1, ZNF451",0.005050019803999231,5.164286136627197,2,5,7.664955139160156,4.491297245025635
2388,TRIR,"TRIR, CLN3, EIF3L, ATP5MF, CNBP",0.005985317589480743,3.8605244159698486,1,3,9.88046932220459,4.449851989746094
2389,USP22,"USP22, RNF5, ENDOG, AURKAIP1, BABAM1",0.005127471088121914,4.268645763397217,11,9,7.409730434417725,4.082403659820557
2390,PTTG1IP,"PTTG1IP, KPNA3, TXNL4B, TMEM33, BRMS1",0.007246106847477833,2.8764050006866455,27,2,9.172041893005371,4.755004405975342
2391,OARD1,"OARD1, CHORDC1, GON4L, TPP2, SSBP4",0.00596080768944192,3.221388578414917,4,8,8.738070487976074,6.105517387390137
2392,IMP4,"IMP4, YEATS4, LYRM4, COMMD3, NUBP2",0.008837289557998267,3.0694258213043213,3,0,8.740606307983398,6.02929162979126
2393,SRSF8,"SRSF8, SEH1L, SMC4, CFAP97, USP1",0.0067196341946439,3.161468505859375,15,0,7.689910888671875,6.047041416168213
2394,HIGD1A,"HIGD1A, FAM98A, TMEM50A, CCT3, SUPT16H",0.0050960984160722195,3.209296226501465,0,7,9.82225513458252,7.170797824859619
2395,RNPEP,"RNPEP, NTMT1, PLEKHM2, PRPSAP1, NUDT2",0.007789246232338166,3.279942274093628,1,1,7.642518997192383,5.389239311218262
2396,PGLS,"PGLS, IRF3, SMIM15, LYPLA2, NOC4L",0.00471668516347123,3.60540509223938,18,1,10.11841869354248,4.523525714874268
2397,PPP6C,"PPP6C, DPP8, ZBTB44, TBC1D9B, GNB2",0.008237287205047863,2.465038776397705,0,6,10.863094329833984,4.2744140625
2398,UBE2D2,"UBE2D2, VBP1, CENPN, EIF4H, PAFAH1B2",0.006157867285754062,2.762950897216797,12,8,9.477862358093262,5.676825523376465
2399,FOXRED1,"FOXRED1, MRGBP, TEDC1, EFL1, LSM14B",0.006947086067004184,3.801497459411621,0,2,10.55494213104248,7.313721179962158
2400,RXRA,"RXRA, ACTL6A, RFC1, ZC3H7A, MAPK6",0.006474535194255664,3.0897297859191895,7,9,9.233133316040039,6.616874694824219
2401,PIK3CB,"PIK3CB, ORAI1, RIC8A, SMAGP, PSMD13",0.00912454558645328,2.824674367904663,0,8,9.41964054107666,4.431751728057861
2402,ZNF664,"ZNF664, SMAD5, YIPF4, ZC3H8, CSPP1",0.007355911199651764,2.8664844036102295,3,1,9.40695571899414,4.148531436920166
2403,YWHAE,"YWHAE, RLF, DPP8, ARMCX6, CLK3",0.008318660073176758,2.989680528640747,4,4,7.603185653686523,3.754995346069336
2404,COMMD7,"COMMD7, C1ORF50, VPS33A, C8ORF76, CENPB",0.00875199510586316,2.497748613357544,0,4,11.648971557617188,4.702979564666748
2405,PPP2R2A,"PPP2R2A, LIG3, BRD4, APRT, CDK6",0.0050235491119573015,4.263084411621094,16,8,8.111966133117676,4.593116283416748
2406,RIPK1,"RIPK1, KATNA1, EFL1, INTS8, RCE1",0.0056755124529900116,2.9361789226531982,0,7,7.35548734664917,6.401023864746094
2407,GTF3C5,"GTF3C5, RSRC1, RTRAF, TAF2, MYNN",0.0030049137447597835,4.806438446044922,0,7,11.719813346862793,4.262642860412598
2408,STK25,"STK25, TBL3, POLR3D, CPSF6, CCDC59",0.005108843564092408,2.7293624877929688,2,7,8.081937789916992,5.864319324493408
2409,HGS,"HGS, TCF3, SDHA, MON1B, GGH",0.006978458739053879,3.2298202514648438,7,5,11.319539070129395,4.536942481994629
2410,PPIF,"PPIF, RAD23B, SLBP, TXNL4A, ETNK1",0.004340213098874898,3.889326572418213,5,0,7.2732110023498535,4.258495807647705
2411,SBNO1,"SBNO1, CISD2, E2F4, TXNDC9, MRPS15",0.0058264934372291655,3.2965781688690186,2,0,10.737116813659668,5.140380382537842
2412,SLC35B2,"SLC35B2, CSE1L, TMA16, NENF, ATP6V1C1",0.0067764971627339715,2.675213575363159,0,5,7.277453422546387,5.498481750488281
2413,GTF2B,"GTF2B, POLR2I, TBC1D20, CERS5, RAB5C",0.00844611155337864,2.4636268615722656,0,2,8.059174537658691,3.827713966369629
2414,MZT2B,"MZT2B, TIMM17B, CMC2, DPY19L4, RPRD1B",0.006056886497594108,3.709582567214966,3,9,10.911347389221191,5.911270618438721
2415,MTRF1L,"MTRF1L, SPCS2, ADAM9, RBM5, NDUFA8",0.005439237016615752,2.859926223754883,0,6,6.854402542114258,4.647579669952393
2416,PSMB4,"PSMB4, TMCO1, CHD4, USP16, PPP2CA",0.009003956878262267,2.809983968734741,45,4,11.019350051879883,4.464493274688721
2417,RPA2,"RPA2, NBPF1, BUB3, DNAJA1, ACBD6",0.010965729277369714,2.727128744125366,56,9,7.914089679718018,7.1118903160095215
2418,COMT,"COMT, FDFT1, SHMT2, RRAGA, FAM199X",0.00654316291436437,3.546949625015259,1,9,10.226428031921387,3.7402639389038086
2419,SS18L2,"SS18L2, ITGAE, EIF2B4, APTX, SNAPC5",0.004453939035055039,3.167490243911743,4,7,9.668922424316406,6.513620853424072
2420,CCDC18,"CCDC18, POMP, METTL8, PSMD10, SMIM19",0.006522574598331758,3.257863759994507,0,5,8.807768821716309,5.095922946929932
2421,NRAS,"NRAS, STUB1, IGHMBP2, PRRC2C, PPP1R7",0.005110804356095514,3.7747128009796143,0,2,7.778329849243164,3.226710081100464
2422,HMG20B,"HMG20B, RNF181, FUOM, GPS1, TBPL1",0.003584327781677575,3.919095277786255,1,0,7.965881824493408,3.8399765491485596
2423,DHRS4L2,"DHRS4L2, CHERP, TGIF2, BCAT1, SF3A1",0.007683363464170448,2.737901449203491,6,8,7.434967517852783,5.7940287590026855
2424,PIH1D1,"PIH1D1, MRPS14, MYBL2, MRPL55, MOGS",0.004270604982764639,3.8123209476470947,17,1,9.678974151611328,3.854370355606079
2425,ACBD6,"ACBD6, WDR46, GUK1, SBF1, PPHLN1",0.0038255051980596003,4.221937656402588,1,1,8.958808898925781,4.167012691497803
2426,PDCD6IP,"PDCD6IP, DEK, DTL, EXOSC10, DNAJC2",0.0036784457978266583,3.279557228088379,8,6,8.948777198791504,7.035220146179199
2427,GGH,"GGH, VEGFB, FOXM1, MGAT4B, SMPD4",0.005919631057376695,3.508223056793213,6,4,7.761270046234131,4.266362190246582
2428,UBN2,"UBN2, C6ORF62, BRPF1, KRAS, XPO1",0.007019635371119102,2.8379387855529785,1,0,7.671270370483398,5.548819541931152
2429,LIMS1,"LIMS1, APEX1, VCP, SEC22B, SUB1",0.0060382589735646025,2.991044759750366,1,1,9.432726860046387,5.802821636199951
2430,CIAPIN1,"CIAPIN1, DNAJA3, CLP1, OXA1L, UBIAD1",0.006870615178883054,2.694857120513916,0,4,8.668158531188965,6.392399787902832
2431,GTF2H2,"GTF2H2, C15ORF40, DAPK3, TTC27, FBXW5",0.00622061262985345,2.912750244140625,0,6,11.156318664550781,3.4049735069274902
2432,PPAN,"PPAN, LPCAT3, ZNF576, NOP2, SELENOO",0.008729445997827443,2.9312329292297363,0,7,10.20158863067627,6.185149192810059
2433,PCLAF,"PCLAF, ARPC1A, FKBP1A, NOP10, SERP1",0.008295130569139487,2.844576835632324,4,0,8.891022682189941,2.9615566730499268
2434,TXNRD1,"TXNRD1, TPST2, ZBTB8OS, AKR7A2, C15ORF61",0.007125518139286821,3.132751226425171,7,0,7.948031425476074,6.8362321853637695
2435,COX5A,"COX5A, NDUFV2, MED4, DNAAF2, DNAJA2",0.0031911889850548434,3.5902113914489746,7,8,8.928434371948242,6.481897354125977
2436,TARDBP,"TARDBP, RAB5A, SDE2, GNL3, CDK11B",0.004998058815916925,3.7150678634643555,3,5,9.38558292388916,5.307975769042969
2437,RBMX,"RBMX, CALR, NAA35, HNRNPA0, ABCD4",0.006573555190412511,3.2957663536071777,3,6,7.792603969573975,6.4458723068237305
2438,NUDT22,"NUDT22, LYPLAL1, ARL2, NDUFA9, TMEM106C",0.0063362993580366985,2.9236927032470703,2,6,7.179664134979248,5.372259140014648
2439,PIGBOS1,"PIGBOS1, PDHA1, CCAR2, NCLN, DGCR8",0.005208843956250809,3.009070873260498,0,9,11.750925064086914,5.404757499694824
2440,ERH,"ERH, CALR, PRXL2C, MRPS14, RMDN3",0.005725512649069212,3.2417430877685547,12,9,9.147192001342773,4.677639484405518
2441,BRD7,"BRD7, SRSF10, EP300, ZRANB2, GSE1",0.0067029674626175005,3.60888671875,3,6,7.4846391677856445,4.076862812042236
2442,YY1AP1,"YY1AP1, PRPSAP2, LRRC58, COMMD9, GNPAT",0.008673563425738924,3.441589593887329,0,2,11.668444633483887,6.072279930114746
2443,HNRNPK,"HNRNPK, CAPZA2, YWHAE, EIF3E, EIF3H",0.006570614002407852,3.946323871612549,1,3,7.928658962249756,2.9057090282440186
2444,POLA2,"POLA2, IRGQ, HSPA4, FECH, LUC7L2",0.006071592437617402,3.136699914932251,2,4,7.420669078826904,3.9059107303619385
2445,CDC73,"CDC73, ACBD6, SMIM15, ZMYM1, ZNHIT3",0.005983356797477637,3.598480224609375,3,4,9.259034156799316,4.140133857727051
2446,MRPL1,"MRPL1, DTD2, HSPA4L, DNPH1, MRPL9",0.008378464229271488,2.8481392860412598,11,1,11.674471855163574,4.4741997718811035
2447,GZF1,"GZF1, PLEKHB2, CCDC137, IMPA1, UPF1",0.007752971580280707,2.8453617095947266,0,5,10.893683433532715,6.791543006896973
2448,SAFB,"SAFB, COPB1, PSMC1, CENPK, TTI1",0.00522256950027255,3.4472315311431885,10,0,7.9047088623046875,6.601106643676758
2449,PCNA,"PCNA, CSTF1, APEX1, DEK, HMGB1",0.007446107631794634,3.337585926055908,98,0,7.036564350128174,4.246320724487305
2450,CAPZA1,"CAPZA1, RAD21, TBRG1, TOPBP1, PRMT2",0.0045078608151404515,4.305809497833252,0,9,8.226612091064453,3.028045892715454
2451,MCM7,"MCM7, LSM2, HEBP2, GATAD1, PDPK1",0.009798077639520154,3.3102986812591553,2,9,11.577154159545898,5.370162010192871
2452,NOB1,"NOB1, NSL1, NT5DC2, PEX16, GORASP2",0.0070696355671983025,3.11240553855896,1,9,9.166877746582031,5.970044136047363
2453,ATP5F1A,"ATP5F1A, ERH, RAC1, BRD3, MKRN1",0.005064725744022526,3.077098846435547,0,5,9.869467735290527,5.192280292510986
2454,FASTK,"FASTK, ANKRD10, BAG4, QRICH1, THOP1",0.008816701241965656,2.6507985591888428,0,4,9.514453887939453,6.668369770050049
2455,TFB2M,"TFB2M, CRYZ, DERL1, OGFOD1, ZNF830",0.00781669732038165,2.8098127841949463,1,7,8.789578437805176,6.611690998077393
2456,MRPS2,"MRPS2, POP4, SLC35B1, MRPS18A, NOA1",0.007277479519527528,2.5774550437927246,0,7,7.105754852294922,4.505481243133545
2457,UNC45A,"UNC45A, STT3A, FAM91A1, SEC23IP, EIF2S2",0.005939238977407755,3.4674689769744873,10,7,8.837790489196777,3.9017577171325684
2458,SPOP,"SPOP, NKAP, MRRF, TSNAX, TMEM69",0.005031392279969725,3.1552839279174805,0,4,8.183103561401367,4.7228827476501465
2459,ATG101,"ATG101, ZFX, LRP6, XPO6, MRPS14",0.006665712414558488,3.1263718605041504,0,1,9.00369930267334,6.322202682495117
2460,APEX2,"APEX2, MEAF6, FAM204A, TAF10, KLHL36",0.007932384048564896,2.946834087371826,13,1,11.934967041015625,5.208764553070068
2461,BCL7C,"BCL7C, NEDD8, LSM12, QSER1, TFPT",0.005003941191926243,3.070443630218506,0,8,7.730632781982422,4.692821025848389
2462,VDAC2,"VDAC2, TIMMDC1, GPI, MRPL27, HNRNPA3",0.004751979419527135,4.341497898101807,3,1,11.183501243591309,6.0211567878723145
2463,SNRPD1,"SNRPD1, RRM2B, CENPE, GTF2F2, NOP16",0.007238263679465409,2.80694580078125,4,2,10.259570121765137,6.614792346954346
2464,SMCHD1,"SMCHD1, CLTB, NAA25, RBM8A, SPTSSA",0.00972650873140679,4.018176555633545,3,1,8.943451881408691,3.957953453063965
2465,SDHA,"SDHA, AHSA1, PDHA1, ARMCX3, TCP1",0.005509825528727564,2.882502317428589,4,6,11.108915328979492,4.666192531585693
2466,NOL4L,"NOL4L, PCNT, MRTO4, CTU2, KIF1C",0.009051996282338362,3.0893373489379883,2,2,9.791900634765625,4.388849258422852
2467,PLA2G12A,"PLA2G12A, CASP8AP2, NDUFA2, DPAGT1, ELP5",0.005370609296507045,3.10349440574646,2,8,8.185726165771484,6.145519733428955
2468,MKKS,"MKKS, ZNF644, SREBF1, CLN5, CASC3",0.012549068819877725,2.7367143630981445,1,8,8.785416603088379,7.628157138824463
2469,CENPT,"CENPT, MRPS10, EIF3L, SEPTIN8, B4GALT4",0.006969635175039902,2.8296632766723633,0,3,11.030213356018066,4.262781620025635
2470,DNAJC7,"DNAJC7, ATP5PF, PSMB3, PSMD14, NQO1",0.005699041957027282,3.31015944480896,0,2,8.58742904663086,4.382859230041504
2471,CIAO2B,"CIAO2B, POLR2I, TMEM185B, CHD4, CYSTM1",0.007570617923991859,3.077476739883423,2,3,9.725358963012695,3.6324360370635986
2472,MAPRE1,"MAPRE1, HCFC1, TPGS2, PSMC3IP, XPO1",0.007402970207726305,3.259892225265503,13,2,9.031386375427246,6.85978889465332
2473,SRRM1,"SRRM1, MAP2K7, PHAX, DCAF16, TRIM11",0.006034337389558391,2.7747483253479004,8,4,10.812158584594727,4.174045085906982
2474,MAPK1IP1L,"MAPK1IP1L, PIH1D1, POLR1D, DRG1, CMPK1",0.005966690065451237,2.913435459136963,22,6,9.352879524230957,3.731630802154541
2475,SEC61B,"SEC61B, CHMP6, MLH1, OSBP, COQ4",0.008424542841344475,2.6136271953582764,0,6,8.281216621398926,6.791594505310059
2476,CREB3,"CREB3, TBL1XR1, CPSF7, CEP78, RFX5",0.013236326416966341,4.060968399047852,2,6,11.575322151184082,6.287972450256348
2477,TUSC2,"TUSC2, PHB2, CMAS, EIF3L, CDIPT",0.004886293671739889,3.6672263145446777,1,3,7.932995796203613,6.518535614013672
2478,UBE2E3,"UBE2E3, SNU13, MYH10, SSX2IP, RAD23A",0.0060382589735646025,3.129061460494995,4,0,9.818350791931152,3.567241907119751
2479,DYNLL1,"DYNLL1, ABCF1, BANF1, SCAMP3, CLIC1",0.0069970862630833845,3.0970797538757324,13,5,8.864724159240723,6.913989067077637
2480,SNRPF,"SNRPF, SAP18, MTMR4, MED4, CFDP1",0.005665708492974483,3.1965653896331787,0,3,9.649892807006836,2.914172410964966
2481,PSMB4,"PSMB4, SINHCAF, SPR, SEC22B, KXD1",0.004962764559861019,3.3905839920043945,9,2,8.043266296386719,5.060769557952881
2482,NCAPD2,"NCAPD2, UBR5, BLOC1S5, KANSL3, LRRC57",0.007167675167353597,2.719066858291626,2,9,10.092820167541504,5.983089447021484
2483,RRP12,"RRP12, PPP2R1B, GLB1, NDUFA2, TAF5L",0.006524535390334864,2.7147016525268555,5,2,8.815659523010254,3.5027713775634766
2484,PRPS1,"PRPS1, BCAS2, ELOVL1, NGDN, NEU1",0.004217663598680779,3.5009684562683105,6,9,11.679121971130371,4.202239990234375
2485,DNPH1,"DNPH1, AMDHD2, RREB1, MVD, DDX10",0.008297091361142593,2.771721839904785,5,8,10.863771438598633,5.914369583129883
2486,TMEM223,"TMEM223, NAA10, GPN1, SRP54, NAT10",0.005896101553339425,3.420212507247925,0,9,8.310629844665527,4.556626796722412
2487,OSTC,"OSTC, ATP5F1B, NSA2, BUD23, CTNNAL1",0.004292173694798803,4.0959696769714355,0,8,9.002087593078613,4.688096523284912
2488,SKP1,"SKP1, GAPVD1, DCTN6, NUDT21, SEC61B",0.004714724371468124,5.220248222351074,0,3,9.549626350402832,6.487518310546875
2489,POP5,"POP5, RABGGTB, MRPL9, INO80E, UBA5",0.008297091361142593,2.939363956451416,2,9,11.097959518432617,6.110189914703369
2490,C11ORF58,"C11ORF58, EIF3G, IMP3, MRPL57, HSPBP1",0.0053137463284169744,2.968522071838379,3,5,7.486731052398682,4.548708438873291
2491,SRP19,"SRP19, OSBPL11, ALG8, ELP5, BCL2L12",0.005571590476825399,3.006242513656616,1,5,8.433122634887695,5.6871867179870605
2492,HMGN1,"HMGN1, QRSL1, MT-ND6, ATP5PF, C5ORF15",0.005489237212694952,3.4050841331481934,0,3,9.436440467834473,4.830965042114258
2493,NAXE,"NAXE, PMVK, CDK5RAP2, WDR83OS, DNMT1",0.006460809650233923,2.6902668476104736,16,0,9.439253807067871,4.010990142822266
2494,GTF2A2,"GTF2A2, DCTN3, PSMD2, DBF4, GON4L",0.004117663206522379,2.990377902984619,13,1,9.059080123901367,6.667235851287842
2495,GPX4,"GPX4, ENO1, NCOA4, EI24, EIF3K",0.004990215647904502,4.595219612121582,1,3,9.975881576538086,7.381580829620361
2496,ROCK2,"ROCK2, MUS81, IDH1, CASP2, GRK6",0.0066196338024855,2.516003370285034,24,2,10.49761962890625,6.735617160797119
2497,ERH,"ERH, SDHB, PRMT5, EXOSC9, NCBP1",0.0059745332334636605,3.7203164100646973,6,8,8.963622093200684,4.673470973968506
2498,MRGBP,"MRGBP, MTMR4, MARK2, FBRSL1, ZMYND8",0.005051980596002337,3.0947065353393555,0,4,8.154266357421875,6.393708229064941
2499,MTHFD1,"MTHFD1, YRDC, ACAA1, PCYOX1, ARMCX6",0.006798065874768136,2.7704684734344482,1,9,7.983274459838867,5.713220119476318
2500,SMARCD1,"SMARCD1, CENPW, GADD45A, DDX18, KIF11",0.006299044309977686,3.042045831680298,19,2,8.819313049316406,5.99047327041626
2501,ZNF281,"ZNF281, MTX1, NDUFV2, RAB11FIP1, RYBP",0.0050911964360644555,2.824202060699463,16,6,7.6961750984191895,5.356059551239014
2502,TRABD,"TRABD, TIMM17B, HMG20B, ACIN1, RNF24",0.004417664382997581,3.1841399669647217,1,6,11.312067985534668,4.780574798583984
2503,METTL2B,"METTL2B, RCC1, SLC1A5, BRCA2, STAM",0.0035657002576480693,3.6142640113830566,2,7,9.060683250427246,3.8419189453125
2504,SUPT4H1,"SUPT4H1, WDR83OS, GABPB1, ING2, GTF2B",0.006801987458774348,3.282496690750122,0,2,10.182759284973145,4.761510848999023
2505,EIF4A3,"EIF4A3, DAZAP1, SLK, PTBP1, AHSA1",0.003984329350311178,3.201178789138794,5,0,7.837465286254883,5.923788070678711
2506,NELFE,"NELFE, KMT5A, NCBP1, SLC29A1, MIIP",0.00476668535955043,3.1084635257720947,11,1,10.4315767288208,4.595289707183838
2507,DRAP1,"DRAP1, ARPP19, BRD4, DNAJC7, RAB4A",0.005440217412617305,3.428854465484619,4,6,7.096351623535156,4.382548809051514
2508,POC1A,"POC1A, CENPS, ORC1, STIL, MTFR2",0.01509221604790607,4.086667060852051,0,4,10.124750137329102,7.763661861419678
2509,POLB,"POLB, GOSR1, COPG1, TSN, UBQLN1",0.007013752995109784,2.8685460090637207,9,4,11.309813499450684,5.420004367828369
2510,CHORDC1,"CHORDC1, SPAG7, PHC2, ING1, AKIRIN2",0.007009831411103573,2.5348708629608154,5,6,9.288254737854004,3.3921451568603516
2511,HCCS,"HCCS, KIF5B, EPB41, HSPA5, MRPL54",0.003656877085792493,3.161668300628662,8,8,10.027681350708008,4.498965263366699
2512,ATP5F1C,"ATP5F1C, ODR4, ATP5PB, SPART, OGFOD3",0.006079435605629826,3.177083730697632,0,7,8.639470100402832,6.3614115715026855
2513,DCTN3,"DCTN3, ECD, SP3, RAB5A, METTL2B",0.006615712218479288,2.586195468902588,4,4,8.886445999145508,4.397124767303467
2514,PDCD6IP,"PDCD6IP, NOM1, FBXW5, BLVRB, WSB1",0.005199039996235279,2.8507261276245117,3,6,9.51388931274414,3.7423112392425537
2515,TLN1,"TLN1, CASC3, ATP5F1A, LMNB1, NDUFA2",0.00429119329879725,3.498800039291382,14,7,7.585239410400391,3.7215323448181152
2516,MRRF,"MRRF, NBN, ZNF146, METTL1, ZFAND1",0.00816669869293605,2.1904919147491455,1,4,9.598748207092285,6.017118453979492
2517,FLAD1,"FLAD1, PNO1, RNF2, MAGOHB, VPS4A",0.005858846505280413,3.6499807834625244,1,7,9.92609691619873,5.9378509521484375
2518,POLR3D,"POLR3D, POP4, EMC6, CDC16, MSH6",0.0062598284699155685,3.078230142593384,3,4,8.382047653198242,5.839077472686768
2519,GAR1,"GAR1, UBXN4, SEC62, MT-ND6, CCT6A",0.0045833513072600284,4.585277080535889,0,1,9.97207260131836,5.925887584686279
2520,SELENOF,"SELENOF, NEMP1, RETREG2, PPP4R3A, MRE11",0.0054598253326483635,4.056747913360596,0,1,10.217233657836914,7.051419734954834
2521,SHMT1,"SHMT1, RCC1, AKAP1, ZNF770, RBM27",0.008125522060870827,3.6030995845794678,1,1,10.408611297607422,5.154542922973633
2522,DUT,"DUT, SSNA1, ACP1, FAM32A, TMEM109",0.006331397378028934,2.6134321689605713,4,8,8.116762161254883,3.651121139526367
2523,PPT1,"PPT1, CNOT1, MRPS33, MAPK1IP1L, PRPF4B",0.006314730646002534,2.9011247158050537,9,6,9.33053207397461,7.5241780281066895
2524,RTN4,"RTN4, TPI1, EDF1, RPL22, IMMP2L",0.014111820046353123,2.4370319843292236,0,3,11.600103378295898,4.823714256286621
2525,PPAT,"PPAT, FAM120A, VPS4A, HYOU1, RER1",0.007004929431095808,2.8920767307281494,39,5,9.435516357421875,3.5477025508880615
2526,LRRC41,"LRRC41, DNAJC30, FBL, NELFA, TRAP1",0.008730426393828995,2.7199103832244873,5,6,10.922026634216309,3.640388011932373
2527,TRMT112,"TRMT112, FBXO5, PIGK, VRK1, NAPG",0.004551978635210334,3.617922306060791,2,9,9.829777717590332,6.251903533935547
2528,TERF2IP,"TERF2IP, VDAC1, GTF3A, HELLS, PARK7",0.007312773775583433,3.336760997772217,6,9,7.991491794586182,6.876201629638672
2529,SRCAP,"SRCAP, PAIP1, TAF6, UBL4A, SNRPA1",0.005763748093129777,2.8036224842071533,2,5,9.06544303894043,3.9242324829101562
2530,PAK2,"PAK2, ARF5, MRPS24, LIN9, WDR83",0.006819634586802301,3.669440746307373,1,8,11.737390518188477,5.75945520401001
2531,BRD2,"BRD2, AP3M1, ATP13A1, MICOS10, TMEM69",0.008994152918246737,3.429208993911743,0,8,10.229491233825684,5.648138999938965
2532,USP36,"USP36, MRPL4, DNTTIP1, RSRC2, NSUN2",0.006613751426476183,3.5613484382629395,9,2,8.031375885009766,3.1664340496063232
2533,ORC2,"ORC2, QTRT2, ORC3, LUC7L2, PPP2R5A",0.007160812395342727,2.3263778686523438,0,9,8.929801940917969,2.7958896160125732
2534,DDT,"DDT, RTN4, MAP1LC3B, ETFB, NEDD8",0.007098067051243338,3.778053045272827,5,3,10.530182838439941,4.087937831878662
2535,STAU1,"STAU1, CALCOCO2, PPME1, PURA, TXNL1",0.0067774775587355245,3.202019214630127,1,8,8.414862632751465,4.906721115112305
2536,RBIS,"RBIS, PDCD6IP, SREBF1, ATP1B3, SDHD",0.008401993733308757,3.111537218093872,2,8,10.714677810668945,6.932323455810547
2537,BZW1,"BZW1, SNRNP35, GABARAPL2, PSMB1, RELA",0.004713743975466571,4.435215950012207,0,0,10.590261459350586,4.332186698913574
2538,MED15,"MED15, PPP2R2A, MRPS18B, PIGF, NPIPB5",0.009274546174690881,2.455479383468628,6,0,9.439274787902832,4.522545337677002
2539,MAP1LC3B,"MAP1LC3B, EXOSC10, NDUFV1, MEAF6, CD46",0.005251000984317585,2.8464341163635254,24,1,7.231629848480225,4.765880584716797
2540,DDX17,"DDX17, MDH1, TRAPPC10, PPIP5K2, BLOC1S6",0.006018651053533543,2.6968345642089844,2,6,9.371554374694824,3.0080747604370117
2541,SMNDC1,"SMNDC1, RPL26L1, SLC25A17, CCNB1, XPC",0.005803944329193448,2.808119058609009,17,8,8.142133712768555,4.550929069519043
2542,RCC1,"RCC1, FXR1, DNTTIP2, PRIM2, SSH1",0.007995129392664285,2.797267436981201,5,1,9.595406532287598,4.111495018005371
2543,GNB2,"GNB2, SGO1, CDC20, MTFR2, ECHS1",0.007193165463393974,2.9484095573425293,2,0,9.45931625366211,4.890475749969482
2544,BDP1,"BDP1, ERH, NCL, NELFE, KIF2A",0.006498064698292934,2.751462697982788,7,0,9.277477264404297,6.338215351104736
2545,MYSM1,"MYSM1, EXOSC8, CD2AP, CEBPG, KDM3A",0.005283354052368833,3.1297707557678223,12,5,7.1281280517578125,5.629765033721924
2546,TAF7,"TAF7, RBM18, PSTK, CAPRIN1, MANBAL",0.007782383460327296,2.2650065422058105,8,6,9.704174995422363,3.9185409545898438
2547,KRIT1,"KRIT1, TPGS2, PRPF38A, MORF4L2, COPB1",0.005969631253455896,2.887916326522827,22,0,9.730490684509277,5.977144718170166
2548,AIDA,"AIDA, RAD51AP1, CEBPG, CDK1, UFM1",0.006398064306134534,2.761533498764038,6,1,9.527864456176758,6.1165771484375
2549,<SPECIAL>,"<SPECIAL>, SURF2, PSMB3, HNRNPK, PRELID3B",0.006330416982027381,4.707597732543945,2,3,9.814494132995605,2.9754974842071533
2550,ERP29,"ERP29, NUDCD2, FKBP4, SAMM50, ZNF593",0.005923552641382907,3.262983798980713,10,8,8.161280632019043,6.585387706756592
2551,KIAA1586,"KIAA1586, TIMM9, UTP3, MTRR, FUBP3",0.008435327197361559,2.8712844848632812,1,4,10.73297119140625,6.1290764808654785
2552,ALKBH7,"ALKBH7, NDUFAF7, ZC3H13, CEP63, PPP2R2A",0.005524531468750858,2.843496799468994,11,1,11.633108139038086,4.339505672454834
2553,SLC5A6,"SLC5A6, LYRM2, DVL3, NSMAF, YIPF6",0.011115729865607316,2.3569681644439697,2,4,9.65532398223877,6.8394670486450195
2554,POLR2I,"POLR2I, SLC39A10, FBXL12, PHF20, MAF1",0.0067804187467401834,3.3974664211273193,17,2,10.425175666809082,6.187190055847168
2555,RBM8A,"RBM8A, TTI2, RFXANK, MOB4, BZW2",0.005466688104659234,4.436263084411621,0,2,8.45978832244873,3.941830635070801
2556,ELOC,"ELOC, CENPU, SLC25A33, SNRPA1, POLR3E",0.0033402091772908914,4.288489818572998,3,9,9.207147598266602,4.197314262390137
2557,ATXN10,"ATXN10, DDX49, NT5DC2, TMEM167A, CIZ1",0.009173565386530927,2.9053761959075928,0,9,9.471967697143555,7.661240100860596
2558,MRPL9,"MRPL9, HNRNPUL1, POM121C, TSEN2, GTF2B",0.00556864928882074,3.0244014263153076,1,9,10.14439582824707,3.971021890640259
2559,CYP20A1,"CYP20A1, IMP4, GUCD1, FUNDC2, TERF1",0.007032380519139291,3.193592071533203,0,1,8.910688400268555,4.757888317108154
2560,MAZ,"MAZ, MAGOHB, RIOK1, SIKE1, NAXE",0.004966686143867231,3.671776294708252,13,0,8.820383071899414,5.643112659454346
2561,CCDC6,"CCDC6, LLPH, SKP1, SBDS, RHOA",0.0028137365244569586,4.027599811553955,1,8,10.315406799316406,4.615239143371582
2562,DLD,"DLD, KIFC1, TRIOBP, MORC3, LEMD3",0.005983356797477637,3.5634844303131104,2,1,11.03846263885498,4.695772647857666
2563,KHSRP,"KHSRP, MAZ, NT5C3B, PMS2, CDK4",0.004754920607531794,3.9787168502807617,3,6,11.702875137329102,4.367680072784424
2564,EIF4B,"EIF4B, UBR5, TIMM9, ATP5MC3, ELOVL5",0.004094133702485108,3.0475218296051025,6,6,8.979405403137207,5.528637886047363
2565,CD320,"CD320, SPTLC1, SLC30A7, HDAC1, TAF9",0.007621598516072612,2.5826284885406494,7,7,7.183417320251465,3.572704553604126
2566,METTL3,"METTL3, GLUD1, TMBIM6, CCAR1, LSM3",0.005127471088121914,3.106536626815796,1,0,10.52115249633789,6.137172222137451
2567,DCTPP1,"DCTPP1, BCR, THUMPD1, PMF1, BAZ2A",0.006475515590257217,3.066330671310425,11,0,11.12656307220459,5.843883037567139
2568,PLPBP,"PLPBP, DDX56, STARD3, SURF2, NDUFV1",0.008467680265412806,2.7593889236450195,4,7,8.678149223327637,4.561550140380859
2569,OAT,"OAT, NIT2, RNF170, UCHL3, TRIR",0.006307867873991663,2.973834276199341,4,9,7.970466136932373,4.235039234161377
2570,SLC5A6,"SLC5A6, NAA50, DCPS, TRIM44, NR1D2",0.003457856697477245,3.3702802658081055,1,0,11.150848388671875,4.411235332489014
2571,PELP1,"PELP1, HGH1, ATP5MC3, POLD1, NOC4L",0.00707551794320762,2.65846586227417,0,2,10.003965377807617,5.987015724182129
2572,TMEM138,"TMEM138, EZH2, GMCL1, C2ORF49, FASTKD5",0.005011784359938667,4.249160289764404,7,0,10.804097175598145,6.005059242248535
2573,FAHD2A,"FAHD2A, CC2D1A, KIF3B, GPI, VKORC1L1",0.00569512037302107,2.7913990020751953,0,1,7.88796854019165,3.888631582260132
2574,XRCC5,"XRCC5, ARID4B, SRRM1, TRIR, DEK",0.005584335624845588,4.1784563064575195,9,3,9.683640480041504,4.907846927642822
2575,RBM22,"RBM22, TACO1, UBE3B, KMT5B, ALG8",0.007700030196196848,3.308403491973877,2,5,7.351536273956299,4.468349456787109
2576,EBNA1BP2,"EBNA1BP2, TMEM258, DCTN1, EEF1AKMT2, HIGD1A",0.006940223294993313,2.7750818729400635,2,7,9.160898208618164,3.349081039428711
2577,TARDBP,"TARDBP, CIZ1, ELP3, HMGXB3, LRRCC1",0.0072931658555523745,3.30558705329895,0,4,8.612668991088867,4.209378719329834
2578,CHCHD2,"CHCHD2, SLC25A37, TGIF2, CTNNB1, ECI2",0.0047313911034945234,4.014881610870361,47,3,8.303475379943848,5.963281631469727
2579,MTHFD1,"MTHFD1, VPS4A, KIF23, RNF20, RBM19",0.004030407962384166,3.2845239639282227,18,4,11.061792373657227,5.624673366546631
2580,VCPIP1,"VCPIP1, DDX39A, MLX, CNPY2, COPB1",0.007614735744061741,2.4114785194396973,3,7,7.7441301345825195,3.3086843490600586
2581,EXOSC1,"EXOSC1, DDT, EIF6, VPS29, CASP6",0.005634335820924788,3.5283491611480713,10,6,9.948368072509766,4.335994720458984
2582,CDK5RAP2,"CDK5RAP2, CYCS, FAM91A1, PCID2, B4GALT5",0.0049402154518253015,3.468125820159912,3,9,8.628787994384766,5.058495998382568
2583,FKBP1A,"FKBP1A, ANAPC15, RBM18, ACOT8, PDXP",0.003884328958152777,3.6489036083221436,0,1,8.609189987182617,3.239656925201416
2584,MRPL14,"MRPL14, PSMC3, TMEM165, ANP32E, SLC30A5",0.004226487162694755,3.5986597537994385,0,6,7.137707710266113,4.81050968170166
2585,RAB5A,"RAB5A, LAGE3, SUPT5H, PGP, CNIH4",0.0070706159631998555,2.9398608207702637,4,0,8.887484550476074,3.6317367553710938
2586,TRIM24,"TRIM24, UBALD1, MRPL10, E2F3, LRIF1",0.004675508531406005,4.217292308807373,0,1,8.655051231384277,5.759802341461182
2587,CWC15,"CWC15, KDM5C, TBC1D10B, PJA2, TUSC2",0.008283365817120851,3.683759927749634,13,6,11.512670516967773,5.93100118637085
2588,COMMD4,"COMMD4, RAC1, B4GALT5, CCDC85B, MRPL42",0.0051706085121902435,3.38558030128479,0,9,10.956208229064941,4.313486099243164
2589,SEC61A1,"SEC61A1, MBIP, KPNB1, UBP1, HRAS",0.00927748736269554,2.693781852722168,5,7,9.871923446655273,5.46811580657959
2590,RNASEH2C,"RNASEH2C, NOL12, SLC25A11, PTPMT1, SPCS3",0.007127478931289927,4.05147123336792,5,9,10.482014656066895,3.841651439666748
2591,PPP1CA,"PPP1CA, SAP30BP, DBNDD2, DCBLD2, CAP1",0.005544139388781916,3.790937900543213,5,8,10.645561218261719,7.462118148803711
2592,DCTN2,"DCTN2, FMR1, RSRC2, ADNP2, PCYT2",0.007699049800195295,2.5786566734313965,3,1,7.739227294921875,4.512960910797119
2593,DPP7,"DPP7, RAB5IF, RUSC1, HERC2, KATNA1",0.005524531468750858,3.2102034091949463,5,5,10.457526206970215,7.395648002624512
2594,GCAT,"GCAT, NUDT4, PPP1R35, SPCS3, ALYREF",0.008902976090102314,2.695526599884033,0,8,6.985964298248291,4.2195515632629395
2595,NAP1L1,"NAP1L1, SON, UQCR11, PCLAF, COPS9",0.00893140757414735,3.478703022003174,0,3,8.144895553588867,4.828160762786865
2596,UBE2J2,"UBE2J2, CAP1, TMEM126B, KIAA1143, SIRT7",0.0037892305460021413,3.5235815048217773,2,1,10.15764045715332,5.894398212432861
2597,SPEN,"SPEN, FAM91A1, C1ORF131, ZDHHC6, SNRNP40",0.006512770638316229,3.971604108810425,0,3,9.239975929260254,7.4678192138671875
2598,SRP68,"SRP68, MRPL33, TMEM43, SETD5, UBA5",0.0072843422915383985,2.745246171951294,20,1,8.717687606811523,4.673715591430664
2599,SCNM1,"SCNM1, RHEB, NPM1, ODC1, PA2G4",0.007833364052408049,2.604482412338257,1,3,9.279626846313477,3.91485333442688
2600,HUWE1,"HUWE1, SND1, PDCD6IP, CCP110, PPA2",0.006522574598331758,3.6242668628692627,5,8,10.832183837890625,3.2957684993743896
2601,NHP2,"NHP2, GCSH, SLC50A1, DBN1, AKAP8L",0.005039235447982149,2.925156593322754,3,8,10.825990676879883,6.211221694946289
2602,TATDN1,"TATDN1, ARHGDIA, TERF1, COMMD9, MDC1",0.005340217020458904,2.854196310043335,0,7,8.698853492736816,3.3170313835144043
2603,GSS,"GSS, SART3, MEN1, CS, CDC25C",0.006595123902446676,3.0546493530273438,3,4,7.991150856018066,4.661202907562256
2604,NELFA,"NELFA, RRM2, TRABD, LCMT1, CDC45",0.004972568519876548,3.0305027961730957,3,6,11.328134536743164,4.39400053024292
2605,LZIC,"LZIC, TMEM138, FIP1L1, PKN1, SPNS1",0.007153949623331856,2.4571263790130615,0,6,8.089700698852539,5.04942512512207
2606,BCAP31,"BCAP31, TMEM183A, MRPL10, RALA, MED11",0.004922568323797348,3.521972894668579,0,0,10.956273078918457,3.2590019702911377
2607,INTS10,"INTS10, VPS35, GRPEL1, FHL3, ZNF581",0.005835317001243142,2.9742591381073,4,9,11.368833541870117,6.577890872955322
2608,SLC25A24,"SLC25A24, TMEM138, PGRMC2, MAPK1, HEXB",0.011255926493829388,3.319545269012451,9,0,10.624305725097656,7.085375785827637
2609,RHOA,"RHOA, PPP4C, AMMECR1, USP33, ERAL1",0.005930415413393778,4.064366340637207,0,3,9.440705299377441,6.263230800628662
2610,RDH14,"RDH14, PSMD7, DESI2, CLTA, UBE2R2",0.006351985694061545,3.0871007442474365,0,7,10.006749153137207,4.914276599884033
2611,TMEM167A,"TMEM167A, RAB2A, AIMP1, CYB5R3, IFT57",0.007500029411880047,3.531670331954956,9,9,10.127942085266113,6.430968761444092
2612,BAG4,"BAG4, CDCA2, CPSF1, COX10, ATMIN",0.010029451095886651,2.832475185394287,0,4,11.179932594299316,6.401130676269531
2613,BUD31,"BUD31, NUP153, TPGS1, TTF2, BRCC3",0.005851003337267989,2.4271793365478516,3,4,11.708586692810059,5.289949893951416
2614,UPF2,"UPF2, PIAS4, NDUFV1, EED, YIF1A",0.006901007454931196,2.518099308013916,1,6,7.642040729522705,3.3139808177948
2615,LSM6,"LSM6, HNRNPC, S100PBP, SLC25A3, MRPL2",0.0059019839293487425,3.7485387325286865,1,1,11.729461669921875,4.988437175750732
2616,ZMYM4,"ZMYM4, LAPTM4B, DDA1, C4ORF48, HEXA",0.006644143702524323,2.8554000854492188,17,1,9.646102905273438,6.997438907623291
2617,WASF2,"WASF2, MZT2A, BAG1, KHDRBS1, CDK16",0.00601080788552112,3.337407350540161,4,8,8.107415199279785,4.1101250648498535
2618,AGGF1,"AGGF1, MYCBP2, GOLPH3, AGO1, PSMC1",0.007299048231561692,2.5146820545196533,0,4,9.91312313079834,3.497586488723755
2619,TOE1,"TOE1, AAMP, RAB7A, PEF1, AIMP1",0.004261781418750662,3.267686605453491,7,2,6.975546836853027,4.765167236328125
2620,BANF1,"BANF1, NCBP2, FTSJ3, METAP2, SRRT",0.00642355460217491,3.157932758331299,29,5,8.663534164428711,3.0484631061553955
2621,NOL12,"NOL12, NRDC, DNAJB12, RANBP2, ADAR",0.00495982337185636,2.9397714138031006,11,6,9.508967399597168,2.60323429107666
2622,DYRK2,"DYRK2, PDE4DIP, EXOSC6, TMEM203, DNAAF2",0.006179435997788227,2.5240156650543213,1,7,8.542163848876953,4.56735897064209
2623,MLXIP,"MLXIP, YWHAB, PSMA5, RAB35, THOC7",0.004862764167702619,3.3078930377960205,0,5,9.217094421386719,3.99014949798584
2624,USP33,"USP33, NDUFS8, MRPS16, UBXN7, SRSF9",0.007574539507998071,2.537424325942993,11,6,8.91262149810791,3.0195693969726562
2625,LRRC58,"LRRC58, KLHL8, PURB, EFCAB14, GOLPH3",0.005472570480668551,4.047054290771484,2,0,10.49073600769043,4.637479305267334
2626,COX7A2,"COX7A2, RNF8, MAP4K4, CHCHD2, INO80C",0.006303946289985451,3.146674633026123,4,3,6.922287940979004,4.506104946136475
2627,INTS7,"INTS7, DPH5, NOM1, KPNB1, BAG1",0.006071592437617402,2.818265438079834,9,4,9.206936836242676,4.581667423248291
2628,DPP3,"DPP3, DPAGT1, TAF15, AKAP1, GTPBP3",0.00654316291436437,2.9498536586761475,1,4,11.195037841796875,5.990471363067627
2629,TOR1AIP1,"TOR1AIP1, PPP2R3C, RAB9A, SMIM29, ATG4C",0.011424554606096494,3.347261428833008,9,5,8.907041549682617,7.024433612823486
2630,JPT1,"JPT1, ATP6V1F, ANP32B, NAP1L1, MYC",0.003700994905862376,4.263694763183594,7,3,8.384225845336914,5.468294143676758
2631,COPS8,"COPS8, POLR2J, DDX39A, RAD21, NDUFAF8",0.0037304067859089646,4.3604888916015625,3,3,8.47724437713623,3.4467148780822754
2632,KIAA1143,"KIAA1143, CYB5B, SLC2A4RG, BLOC1S1, NDUFB6",0.003474523429503645,4.221794605255127,2,1,8.482293128967285,5.0364155769348145
2633,PDE12,"PDE12, C6ORF89, FDX1, MED28, DENR",0.008274542253106875,2.990006446838379,2,5,11.010688781738281,4.706428527832031
2634,NRDC,"NRDC, ZKSCAN8, METTL22, NBAS, CUL4A",0.0072863030835415045,2.85516095161438,4,4,9.928068161010742,6.339932918548584
2635,NSMCE1,"NSMCE1, JKAMP, SNAP47, MRPL16, ACIN1",0.008206894928999722,3.109983444213867,0,2,8.444426536560059,4.561619281768799
2636,NOC3L,"NOC3L, DNAJB6, CCZ1, MAP1LC3B, NKIRAS2",0.009568664975156765,3.388786554336548,15,7,8.617283821105957,4.955551624298096
2637,COA5,"COA5, PTCD3, BPTF, PTPRA, COQ7",0.005130412276126573,3.0560781955718994,28,9,11.323586463928223,6.055634021759033
2638,WDR5,"WDR5, CCDC167, PQBP1, HIGD2A, KRT10",0.005585316020847141,2.9390716552734375,0,3,9.953449249267578,4.6698222160339355
2639,SRF,"SRF, TRIM73, NOL11, PSMB4, OSBPL8",0.006228455797865874,2.6881492137908936,5,8,11.039687156677246,4.661166667938232
2640,TRAP1,"TRAP1, SNW1, NPRL3, GPN3, TMEM38B",0.007911795732532284,3.319702625274658,7,9,9.479580879211426,5.2666707038879395
2641,NOP56,"NOP56, ETNK1, ARHGDIA, EPN1, CANX",0.007668657524147153,2.666778564453125,2,0,9.45220947265625,5.550076484680176
2642,YIF1A,"YIF1A, DYNLL1, BRK1, BYSL, PINX1",0.005064725744022526,2.805469274520874,0,8,9.746282577514648,6.21965217590332
2643,GON4L,"GON4L, SAE1, GPAA1, COMTD1, PUS7L",0.007037282499147056,2.6033122539520264,23,0,8.953720092773438,3.4140312671661377
2644,TKT,"TKT, ANGEL2, GTF3A, COX6B1, ADIPOR1",0.007132380911297692,3.181168794631958,9,6,9.892419815063477,3.4660632610321045
2645,TUBB,"TUBB, COX5B, RBM26, ATP13A3, IPO11",0.004278448150777062,4.424806118011475,8,3,9.322210311889648,6.1050567626953125
2646,RWDD1,"RWDD1, PYCR1, SLC25A4, TLN1, YBX1",0.0062598284699155685,3.1808886528015137,1,3,8.820833206176758,2.866265058517456
2647,LAMP1,"LAMP1, CCDC12, PDCD2L, ELK4, DNAJA3",0.006878458346895478,3.3511087894439697,0,4,9.764347076416016,4.988649368286133
2648,JTB,"JTB, FOXK1, MT-ND6, TMBIM6, RHOA",0.005504923548719799,3.285398006439209,2,3,9.695404052734375,3.974430561065674
2649,SLC7A1,"SLC7A1, TBC1D7, ABHD16A, DCAF1, KIF9",0.010923572249302939,2.727437973022461,0,4,11.02047061920166,5.9040846824646
2650,NSL1,"NSL1, CASP8AP2, DAXX, RAB9A, RBMX",0.006166690849768038,2.992502450942993,6,1,9.149393081665039,3.021749973297119
2651,MBD4,"MBD4, TAF12, SNRNP25, SCP2, POP7",0.006486299946274299,2.9656753540039062,15,1,11.34102725982666,4.158976078033447
2652,TMEM138,"TMEM138, ANKRD39, NDUFA5, MED7, PCNA",0.005285314844371939,3.5088679790496826,7,5,8.14531421661377,5.027276515960693
2653,YIPF4,"YIPF4, PWP1, SCAF11, DTYMK, RWDD1",0.004339232702873345,2.603264808654785,3,5,8.084295272827148,7.269891262054443
2654,GUK1,"GUK1, REXO4, ZFC3H1, SEC63, FNIP2",0.007317675755591198,3.116318464279175,2,8,8.72012996673584,4.555699825286865
2655,BZW2,"BZW2, SLC25A11, SSB, POLR3A, MRPL3",0.005244138212306715,3.187617063522339,0,0,10.7406005859375,3.4887800216674805
2656,COX5A,"COX5A, HMGN1, RAB14, EIF4A1, EIF6",0.002833344444488018,5.335968971252441,0,3,8.315831184387207,5.41608190536499
2657,PRDX6,"PRDX6, IFRD2, EIF2S2, ACOT7, GAMT",0.00349609214153781,3.908083915710449,1,8,10.224740028381348,6.996833801269531
2658,POMP,"POMP, ATP5ME, CENPV, UBE2E1, CPSF6",0.00493629386781909,3.2793991565704346,21,8,10.546175003051758,3.868547201156616
2659,ATP5F1B,"ATP5F1B, NAE1, CBX6, KANSL3, UBE2V2",0.0071431652673147735,3.127589702606201,0,8,9.974355697631836,4.602560043334961
2660,NTHL1,"NTHL1, UBIAD1, CTBP1, PIGW, NDUFAB1",0.005390217216538104,3.8651304244995117,5,9,9.252326011657715,6.900875568389893
2661,KRTCAP2,"KRTCAP2, RSF1, DYNC1I2, DNAAF2, PET100",0.0033009933372287734,4.324289321899414,10,8,11.195801734924316,3.658231496810913
2662,ETFB,"ETFB, TRMT13, WDR77, RRS1, LMAN2",0.004594135663277111,3.2743208408355713,5,7,10.973307609558105,6.933643341064453
2663,DDX46,"DDX46, FAM133B, ANXA11, THAP5, ORMDL1",0.005217667520264786,4.42124605178833,3,1,10.985380172729492,4.5513153076171875
2664,EMG1,"EMG1, UBE4A, ATG12, POLDIP3, ARL1",0.005141196632143656,2.8329527378082275,6,1,10.752724647521973,4.452706336975098
2665,MRPL40,"MRPL40, APEH, GEMIN7, TBPL1, PPP1R8",0.00483335228765603,3.380164861679077,0,4,10.712618827819824,6.587625980377197
2666,ZCRB1,"ZCRB1, SPOP, NTPCR, KAT7, DGUOK",0.007479441095847435,2.9396636486053467,1,5,10.091205596923828,7.1880645751953125
2667,CHORDC1,"CHORDC1, RBMX, SNRPD3, CSNK1A1, AZIN1",0.005707865521041259,3.6095972061157227,30,8,7.1710405349731445,5.364833831787109
2668,CRCP,"CRCP, PMF1, PSMD12, CCNB1, THADA",0.007188263483386209,2.7403130531311035,1,2,10.954567909240723,3.688812732696533
2669,MAD2L1,"MAD2L1, SUMO3, SNRPE, BRK1, NDUFB6",0.004466684183075228,3.49960994720459,3,8,9.88389778137207,6.718629360198975
2670,LAGE3,"LAGE3, KAT8, TRAF4, SDE2, PTPRA",0.006178455601786674,3.26784086227417,5,5,9.382134437561035,5.37150239944458
2671,SETX,"SETX, KPNB1, ABHD14B, CACYBP, SNAPIN",0.008756897085870925,2.7384824752807617,6,2,7.987637996673584,3.6953234672546387
2672,ILKAP,"ILKAP, ZNF800, MSRB1, RAB27A, LIMS1",0.0061117886736810735,2.783294677734375,2,1,7.693188190460205,6.2847466468811035
2673,USP38,"USP38, MSL1, SAP30, ZNF507, ZFX",0.008370621061259064,2.5851283073425293,2,4,7.481977939605713,5.935647964477539
2674,MRPL3,"MRPL3, GSTK1, SDHA, CCDC85B, SLC39A1",0.0056784536409946705,3.7976462841033936,0,0,10.333558082580566,3.6466281414031982
2675,PPP4C,"PPP4C, TRABD, TMEM167B, PTOV1, COMMD2",0.008248071561064945,2.3076093196868896,9,0,8.685250282287598,6.849352836608887
2676,C12ORF43,"C12ORF43, FASN, SMIM26, KDM2B, SMAP1",0.007301009023564798,3.2864010334014893,2,2,10.3254976272583,4.707330226898193
2677,TFIP11,"TFIP11, POMP, KLHL8, WASHC2C, MFSD5",0.005886297593323896,2.9769740104675293,1,7,10.26345157623291,6.878662586212158
2678,ERG28,"ERG28, MAD2L2, HIKESHI, IST1, CDC5L",0.009638273091267024,2.4191250801086426,15,0,8.547933578491211,4.063643932342529
2679,RRP36,"RRP36, ABHD17A, ACAA2, LNPK, TP53RK",0.002786285436413476,4.813230514526367,0,4,9.34591293334961,2.6319098472595215
2680,APH1A,"APH1A, AGO2, PTP4A2, TRMT2A, NDUFAF8",0.0048735485237197005,3.614161729812622,10,1,9.789454460144043,5.063579082489014
2681,TMED9,"TMED9, RRP15, SCAMP4, MAP4, YY1",0.006174534017780462,2.600454330444336,10,7,8.823338508605957,4.693200588226318
2682,TMX2,"TMX2, PSMC5, LACTB2, STK40, RAB5C",0.007784344252330402,2.831164598464966,2,6,8.6918363571167,4.927044868469238
2683,MLEC,"MLEC, HSBP1, ABCE1, TOP2A, CDK1",0.0037245244098996467,3.246023416519165,5,6,11.692301750183105,4.880175590515137
2684,JOSD2,"JOSD2, POLD2, SELENOS, C11ORF54, LIMS1",0.006314730646002534,3.2086431980133057,1,8,10.157613754272461,4.432663917541504
2685,MT-ND6,"MT-ND6, CNPY2, NDUFA11, DHCR24, CAMKK2",0.005911787889364272,3.3364109992980957,1,1,10.389605522155762,3.6548569202423096
2686,NSDHL,"NSDHL, PDIA4, UBALD2, LRRC47, TFB1M",0.005821591457221401,2.6339917182922363,0,8,8.337892532348633,4.940285682678223
2687,EIF4A1,"EIF4A1, HNRNPF, HNRNPUL2, NSUN5, BTF3L4",0.004193153698641956,4.139659404754639,1,5,10.365328788757324,3.6283481121063232
2688,SF3A2,"SF3A2, MRPS11, MED4, APTX, USP37",0.00934415429080114,2.3404572010040283,0,7,9.852484703063965,7.253719806671143
2689,SELENOT,"SELENOT, CALM3, ARID4B, C1D, CCDC107",0.006961792007027479,2.7885916233062744,5,4,9.367531776428223,4.562650203704834
2690,CCDC137,"CCDC137, ATL2, DPF2, LEMD3, FBXO33",0.003084325820885572,4.349066734313965,0,5,11.553642272949219,6.153413772583008
2691,USP15,"USP15, RBIS, KPNA6, FKBP8, KDELR1",0.00700885101510202,2.4828479290008545,7,9,7.8948469161987305,7.136888027191162
2692,MRPS25,"MRPS25, MRPL16, GTF3C6, CKAP2, PCGF3",0.006281397181949733,3.4256656169891357,10,1,8.463567733764648,4.856476306915283
2693,RBFA,"RBFA, TMEM199, SLC35B1, MPV17L2, APEX2",0.009056898262346126,2.6874473094940186,0,4,9.849590301513672,7.447275161743164
2694,BID,"BID, DMAC1, COA1, POMP, CTSC",0.0056774732449931175,2.8763513565063477,4,8,10.444396018981934,7.106523036956787
2695,USO1,"USO1, NRBF2, SCAF11, TIMM44, PARG",0.005430413452601775,3.1984190940856934,2,1,10.514968872070312,5.533120155334473
2696,NGDN,"NGDN, TSPYL4, KIF2A, MRPL49, ST7L",0.0049490390158392775,3.71164608001709,0,8,9.979721069335938,3.385383129119873
2697,RNF114,"RNF114, ANAPC16, ING5, RHOBTB3, DDX21",0.008369640665257512,2.9348676204681396,13,2,8.221383094787598,4.399220943450928
2698,SERP1,"SERP1, SREK1, ATP5F1B, EIF4G2, NDUFB2",0.004392174086957204,5.189298152923584,0,3,9.043208122253418,6.217289447784424
2699,CCDC138,"CCDC138, PRC1, UBXN6, KNL1, EIF3M",0.007372577931678163,2.64754581451416,9,1,9.481741905212402,3.782198190689087
2700,GTF2A2,"GTF2A2, SRP19, TSR3, POLR2K, UTP18",0.0078039521723614605,2.9642221927642822,8,2,8.650643348693848,3.2286484241485596
2701,GMPS,"GMPS, KPNB1, TRAM2, ISOC2, PCYOX1",0.00555198255679434,3.4384372234344482,3,1,7.6839165687561035,4.31423282623291
2702,PKN1,"PKN1, ILF2, ATM, MAPK9, ZFX",0.0063323777740304866,3.0258119106292725,1,7,10.155617713928223,7.172482490539551
2703,RCC1,"RCC1, ISG20L2, NME6, FBL, TTC31",0.00679610508276503,3.1297261714935303,3,7,8.096590995788574,4.215648651123047
2704,RNF2,"RNF2, BCAS2, UBAC2, VPS33A, NAA25",0.007929442860560238,2.275696277618408,0,4,9.32538890838623,6.436177730560303
2705,MICOS13,"MICOS13, POLD3, GRPEL1, TMTC3, CIZ1",0.007319636547594304,2.3540327548980713,1,4,9.45907211303711,4.7196946144104
2706,PKM,"PKM, HNRNPA3, ADAT1, LRRFIP1, XPO1",0.004695116451437065,3.494272470474243,15,3,10.637697219848633,6.385715484619141
2707,SRSF8,"SRSF8, SLC25A36, SCOC, LSM3, RAD23A",0.007141204475311668,2.518864393234253,0,5,7.305057048797607,5.740227699279785
2708,CERS2,"CERS2, TRMT2A, KYAT3, FAM120A, SLC25A36",0.008089247408813368,2.64192271232605,3,6,9.444600105285645,7.409502983093262
2709,TFAM,"TFAM, USP7, C1D, RPF2, SNRNP27",0.005194138016227515,3.1555142402648926,2,4,8.595857620239258,6.665672302246094
2710,C17ORF58,"C17ORF58, INTS11, MPST, PQBP1, SLC25A1",0.005302961972399892,3.3865456581115723,1,1,10.628318786621094,5.946690559387207
2711,CYP20A1,"CYP20A1, UBR4, VAT1, SMURF2, IP6K2",0.008148071168906545,3.948448896408081,4,8,10.590177536010742,7.089051246643066
2712,TSEN34,"TSEN34, LIMS1, ZCRB1, PKN1, VDAC1",0.00878532856991596,3.1772279739379883,12,8,7.695362091064453,6.709665775299072
2713,ZNF621,"ZNF621, MRTO4, EXOSC4, UCKL1, NAP1L1",0.005369628900505492,3.6810877323150635,0,7,9.695487976074219,6.235367774963379
2714,CRNKL1,"CRNKL1, C16ORF87, C2ORF49, PCNT, C1ORF35",0.007098067051243338,2.7783849239349365,0,5,10.093938827514648,6.479748725891113
2715,HNRNPA3,"HNRNPA3, RSRC1, DENR, MRPS18C, PTPN11",0.005208843956250809,2.973607301712036,21,0,9.109569549560547,2.9341092109680176
2716,PRDX2,"PRDX2, PHF23, POLR2J, NDUFC2, UPF3A",0.0037460931219338114,3.289930820465088,2,9,9.99033260345459,6.82457160949707
2717,EIF4E2,"EIF4E2, AP2S1, GDI2, OIP5, WDR4",0.005462766520653022,3.2636301517486572,1,2,8.346956253051758,4.283796787261963
2718,PPID,"PPID, HMCES, PSMD4, MAD2L1BP, MRPS22",0.007276499123525975,3.050049066543579,1,6,9.17092227935791,6.011813163757324
2719,PDRG1,"PDRG1, ASB1, SPAST, TENT4B, TNFAIP8L1",0.006309828665994769,3.2696051597595215,0,4,11.309426307678223,4.378800868988037
2720,CPNE3,"CPNE3, C1GALT1, NOC2L, NOP58, GET3",0.0055304138447601755,3.3221194744110107,4,1,9.989877700805664,6.108684062957764
2721,NDUFB5,"NDUFB5, DDOST, RPA2, NDUFB6, PSMA5",0.004752959815528688,4.437624454498291,32,5,9.490987777709961,4.954289436340332
2722,CCT7,"CCT7, IDH3B, INTS11, LUC7L2, HACD3",0.00580786591319966,2.7452986240386963,0,0,8.692789077758789,4.799479961395264
2723,LMAN2,"LMAN2, PRPF6, LRRC58, LEO1, SLTM",0.0036353083737583284,4.170173168182373,1,0,8.544290542602539,5.526786804199219
2724,ESCO1,"ESCO1, GTF2E2, FKTN, CDC27, NT5DC1",0.010439256624535782,3.7901113033294678,1,1,11.89207649230957,4.626880168914795
2725,NAA10,"NAA10, DDT, BLOC1S1, ZNF131, BID",0.00332648363326915,4.334409236907959,12,9,7.722375869750977,3.1450753211975098
2726,C12ORF43,"C12ORF43, NUDC, GTF2F1, PRPF38B, ACOT8",0.004968646935870337,3.541710138320923,13,8,8.5628080368042,4.7769975662231445
2727,TMEM11,"TMEM11, TMEM43, PPP1R2, ZMYM6, KTN1",0.010370628904427076,2.674898386001587,0,8,8.835572242736816,4.929056644439697
2728,WDR55,"WDR55, SPC25, PLA2G12A, C19ORF53, TRPC4AP",0.0059000231373456365,3.498722553253174,0,9,7.560186386108398,3.9296374320983887
2729,VCP,"VCP, MKRN2, SF3B1, RBM25, PSMD12",0.006811791418789878,2.589232921600342,3,6,10.634942054748535,7.390227317810059
2730,TATDN1,"TATDN1, C5ORF15, ACTR1A, RHNO1, NAA35",0.007746108808269836,2.5708465576171875,0,1,11.660888671875,4.476182460784912
2731,ATG12,"ATG12, C12ORF43, NAF1, AK6, BMP2K",0.007898070188510542,2.7078051567077637,9,0,8.058233261108398,4.707094192504883
2732,MAD2L1,"MAD2L1, MRPL3, RBBP6, CDK2AP2, RNF145",0.008692190949768431,2.686011791229248,3,0,10.327256202697754,5.986609935760498
2733,PPP1CC,"PPP1CC, TIMM13, ATAD3A, KIF5B, SUMO1",0.005303942368401445,3.720804214477539,1,8,7.281610488891602,3.4568214416503906
2734,NAXE,"NAXE, CUTA, NDFIP2, TRIM26, GSS",0.005328452268440268,3.109532356262207,5,6,9.20085620880127,5.096095561981201
2735,RBMX,"RBMX, KTI12, FEM1A, LCMT1, TRAPPC1",0.00943337032694246,3.59944486618042,1,4,8.841546058654785,4.119198799133301
2736,TAF9B,"TAF9B, AKIP1, RABEPK, CNOT6, MAP3K4",0.008733367581833655,2.3460423946380615,0,4,9.762103080749512,7.3858537673950195
2737,VKORC1,"VKORC1, DDB1, ACO2, SMAD5, PSMB4",0.006671594790567806,2.9463932514190674,10,6,9.057300567626953,4.550835132598877
2738,MRPS28,"MRPS28, TIMM10B, SPRTN, CD164, SGO2",0.005296099200389021,3.1422111988067627,11,7,11.733224868774414,4.719345569610596
2739,PGAM1,"PGAM1, YWHAZ, ZC3H15, EIF5A, AHCY",0.005955905709434155,3.465817451477051,2,9,8.773348808288574,7.19907808303833
2740,MMAB,"MMAB, POLD2, MRPL28, MRPS18A, MED6",0.005132373068129679,3.2600319385528564,4,9,9.718301773071289,5.2940897941589355
2741,CENPA,"CENPA, PPA2, FAM199X, PNPLA8, NCKAP5L",0.0053823740485256805,2.987713575363159,6,4,10.180429458618164,3.7752151489257812
2742,RAP1B,"RAP1B, JPT1, SEM1, EXOSC4, SRSF6",0.004757861795536453,3.3790736198425293,8,3,8.896893501281738,4.998817443847656
2743,RSL24D1,"RSL24D1, KDM3A, CZIB, RPIA, MFSD4B",0.013257895129000505,3.0251615047454834,1,1,7.689398288726807,5.072243690490723
2744,TAF9,"TAF9, HDGFL2, CHMP2A, UBE2B, CYSTM1",0.006273554013937309,2.7916862964630127,10,2,7.155034065246582,6.279218673706055
2745,YWHAH,"YWHAH, MCUR1, ATG4D, ATF6, RNF10",0.005617669088898388,3.16170597076416,6,8,10.523786544799805,4.8847455978393555
2746,<SPECIAL>,"<SPECIAL>, NDUFB3, NME4, TCAIM, UBAC1",0.0067804187467401834,4.495856761932373,0,5,9.393709182739258,4.407701015472412
2747,CISD1,"CISD1, PTP4A2, RTCA, PHF3, AP3M2",0.0056794340369962235,2.608546018600464,12,9,11.057774543762207,6.775674343109131
2748,JAGN1,"JAGN1, G3BP1, ING3, COLGALT1, ARF3",0.004965705747865678,3.5638747215270996,10,1,9.463261604309082,6.524108409881592
2749,ABCB10,"ABCB10, TMEM115, EMC4, TMEM41A, DHODH",0.006575515982415617,3.3746724128723145,0,4,11.288932800292969,3.8658900260925293
2750,MYH10,"MYH10, POLR2J3, COX6C, BRD2, NUCKS1",0.002455891983890133,3.828023910522461,4,3,11.265756607055664,6.769087314605713
2751,CCT4,"CCT4, YTHDF1, MRPS28, RBBP7, ETFB",0.006611790634473077,3.022128105163574,1,2,7.647251129150391,4.927046298980713
2752,NPAT,"NPAT, VRK1, CTNNAL1, GALNT1, TDP2",0.006952968443013502,3.0381722450256348,2,5,7.082870960235596,5.403310775756836
2753,IMMT,"IMMT, COPS5, CUTA, MRPL13, GPS2",0.0030794238408778075,4.921661853790283,1,5,9.551004409790039,7.05832052230835
2754,GON7,"GON7, PUF60, BLM, HAUS1, TRIM73",0.006548064894372135,2.6502702236175537,1,7,7.471047878265381,6.423248767852783
2755,COX6C,"COX6C, RBIS, ATP5ME, ATP5MC3, TMEM59",0.010138275052059028,2.654937982559204,0,8,8.706364631652832,3.813986301422119
2756,UBE2Q1,"UBE2Q1, RRAGC, EIF1B, AHCYL1, PDZD11",0.00452746873517151,3.9938435554504395,0,2,10.871415138244629,5.859474182128906
2757,UHMK1,"UHMK1, FKBP4, NAA15, LDLR, TUBGCP5",0.005317667912423186,3.4427599906921387,2,6,11.035697937011719,5.565244674682617
2758,DYNLL1,"DYNLL1, NAP1L1, EIF3L, CSTF3, IP6K2",0.004953940995847042,3.761162042617798,0,4,7.673580646514893,6.868425369262695
2759,PGPEP1,"PGPEP1, ACP1, RAB4A, ZNF451, COX10",0.005814728685210531,2.831712245941162,5,2,10.417866706848145,5.735077381134033
2760,MRM3,"MRM3, PPAT, PMVK, MRFAP1L1, NDUFB9",0.009446115474962647,2.488481044769287,4,9,8.828191757202148,5.897425651550293
2761,MTHFD1,"MTHFD1, PRDX6, MCM4, WNK1, EFCAB11",0.0038706034141310357,3.6813857555389404,0,8,11.078584671020508,4.3224897384643555
2762,KIF2A,"KIF2A, TOMM6, XAB2, COIL, PGM2",0.005919631057376695,3.8333241939544678,0,5,8.65799331665039,3.799999475479126
2763,ERO1A,"ERO1A, COX7A2L, AP2S1, PRR13, EMC4",0.0057510029451095885,3.2529048919677734,7,8,7.909900188446045,6.226945400238037
2764,PPIL4,"PPIL4, SEPHS1, REPIN1, ANKRD13A, DDX50",0.0064794371742634286,2.9749197959899902,0,1,9.141901016235352,5.592446327209473
2765,TMEM165,"TMEM165, FAM76B, RAB4A, FAM104B, GRK6",0.006148063325738532,3.0278067588806152,2,6,10.181236267089844,6.535921096801758
2766,EWSR1,"EWSR1, CDK9, RANBP3, PHKG2, NPEPPS",0.007530421687928188,3.1399049758911133,4,7,10.768998146057129,6.780788421630859
2767,ATP5PF,"ATP5PF, AHCY, PTTG1IP, TUBB, NCAPD3",0.004592174871274005,3.4428279399871826,1,2,11.27398681640625,6.511929988861084
2768,EIF2B4,"EIF2B4, ADSL, ADH5, MTFP1, IGF2R",0.008881407378068149,2.959219455718994,4,7,8.660778045654297,4.074170112609863
2769,THOC1,"THOC1, MAGOHB, PHIP, SYS1, UBE2I",0.004838254267663795,2.735544204711914,35,6,8.269903182983398,6.380609512329102
2770,RPP21,"RPP21, BSCL2, DBNDD2, PAM16, MAN2B1",0.012239263683386993,3.3348753452301025,0,8,7.8501811027526855,5.944590091705322
2771,DOHH,"DOHH, ZRANB2, POLG, CDCA7, ANAPC15",0.004089231722477343,4.725997447967529,2,6,11.387468338012695,5.46596097946167
2772,STX10,"STX10, TRMU, RAD17, TROAP, COPS5",0.005851983733269542,2.7576677799224854,1,2,11.14204216003418,5.266590595245361
2773,UBE2G1,"UBE2G1, SMIM19, SNX3, RARS2, TBC1D20",0.004406880026980498,3.035118818283081,0,5,9.54434871673584,2.9435386657714844
2774,TST,"TST, ISG20L2, SPEN, ATP6V0E1, NPLOC4",0.006421593810171804,2.6778743267059326,5,5,10.68510913848877,4.855678081512451
2775,TRAM2,"TRAM2, DDX27, AKR7A2, PPM1F, SPATA33",0.007735324452252754,2.742941379547119,7,9,10.097723960876465,4.640100955963135
2776,CARS2,"CARS2, CEBPG, HECTD1, SLC35B1, SLC31A1",0.00579119918117326,3.1504909992218018,0,6,9.36742877960205,6.61901330947876
2777,GSS,"GSS, CNOT10, TRMT6, TRIM25, AKAP8",0.00547551166867321,3.453460454940796,0,7,9.5667085647583,3.661583185195923
2778,RPL22L1,"RPL22L1, DNAJC10, NSA2, CLINT1, SMCHD1",0.002154910411413378,5.395522594451904,3,6,10.335345268249512,3.7827260494232178
2779,CCDC85B,"CCDC85B, USP15, APEX1, HSPA14, PPP1R37",0.00349609214153781,4.113633632659912,0,2,9.16494369506836,6.608496189117432
2780,MARCKSL1,"MARCKSL1, GPX4, THAP3, CDK6, YIF1A",0.005507864736724458,3.5551321506500244,6,3,8.744595527648926,7.414520263671875
2781,TIMM22,"TIMM22, ATP5PO, STAM, WASF2, GOLGA4",0.005072568912034949,2.9748432636260986,0,2,10.512758255004883,3.076897144317627
2782,ATP6V1E1,"ATP6V1E1, HSDL2, HIKESHI, ELOB, TRIM25",0.005371589692508598,2.955559730529785,17,5,8.609704971313477,4.596820831298828
2783,RANGAP1,"RANGAP1, RBIS, RNASEH2C, SPC25, NCAPG",0.00423138914270252,3.103670358657837,5,7,8.815852165222168,7.041493892669678
2784,THOC7,"THOC7, SF3A2, RNF5, SRP72, CENPU",0.00401178043835466,4.349889755249023,0,8,8.419078826904297,5.8832268714904785
2785,FDXR,"FDXR, MRPL3, FAH, AP1B1, BTN2A1",0.00674610488668583,2.9395837783813477,0,1,10.36877727508545,3.8162283897399902
2786,CEP57,"CEP57, YEATS4, GPAA1, CUTC, NDUFB1",0.0075882650520198115,2.8784849643707275,21,7,11.013113021850586,4.492232799530029
2787,DCXR,"DCXR, UBAP2L, AKR7A2, WDR36, UHRF1",0.005820611061219848,2.7719979286193848,0,8,9.313325881958008,3.606022596359253
2788,DDX23,"DDX23, FIS1, ATP5PB, PAXX, MRPL30",0.0047735481315613,3.3799595832824707,2,1,11.469758987426758,6.66368293762207
2789,EIF3M,"EIF3M, MFF, TUBA1B, GAR1, ETFRF1",0.004569625763238288,3.167506217956543,0,3,9.746828079223633,4.120479106903076
2790,FPGS,"FPGS, CBX1, SPEN, CCDC59, CEP63",0.004566684575233629,2.938429355621338,12,2,10.48717975616455,6.348443031311035
2791,PSMA4,"PSMA4, ABRACL, TAF12, RPN1, STMN1",0.0044333507190224275,3.5693061351776123,5,1,7.983009338378906,5.9183735847473145
2792,PGM2,"PGM2, HSF2, SRSF1, ERF, DHFR",0.007411793771740281,2.7548255920410156,5,9,8.999539375305176,6.792824745178223
2793,MIEF1,"MIEF1, CUL5, GUK1, MIER1, EEA1",0.0051657065321824795,3.680824041366577,5,2,9.711759567260742,6.171745777130127
2794,IST1,"IST1, PRPF40A, RBM4, EIF3G, CCAR1",0.004625508335326805,4.1517744064331055,3,9,10.452140808105469,7.187582492828369
2795,SLC27A5,"SLC27A5, AURKB, NDUFC2, COA6, ARL5A",0.007166694771352044,2.6775054931640625,0,6,7.190069198608398,5.0442423820495605
2796,MTX1,"MTX1, POLR2F, ARMCX6, CFAP410, EIF3L",0.00817356146494692,3.717334270477295,0,3,11.146568298339844,5.726710796356201
2797,SF3B3,"SF3B3, ALDH18A1, SINHCAF, MRS2, GOLGB1",0.00666277122655383,2.2269272804260254,21,4,8.342166900634766,6.723900318145752
2798,YIF1B,"YIF1B, TMEM69, AGO1, WDR83OS, WDR6",0.003584327781677575,3.312544584274292,1,4,7.1820759773254395,5.951175689697266
2799,RNF5,"RNF5, RAD51C, LSM6, RBMX, SUPT4H1",0.004881391691732124,2.8008408546447754,14,1,9.496516227722168,4.85218620300293
2800,PRELID1,"PRELID1, GTF2I, ATP5F1D, POLR3D, TRAM1",0.005819630665218295,3.591134548187256,5,3,9.220623016357422,3.400984525680542
2801,MDP1,"MDP1, LLPH, WDR45B, GOSR1, UBE2V1",0.007066694379193644,2.7956302165985107,19,0,8.184282302856445,6.9232330322265625
2802,CREBZF,"CREBZF, ZBTB44, KNOP1, SUPT5H, CYB561D2",0.00794022721657732,2.6586103439331055,4,0,11.210078239440918,6.193184852600098
2803,ARPC1A,"ARPC1A, GCSH, LSM12, PPP4R2, IFNAR2",0.00491962713579269,3.6833090782165527,1,8,8.933361053466797,5.07880163192749
2804,TK1,"TK1, BIRC5, MRPS23, NDUFA8, EBPL",0.005730414629076977,3.091045618057251,21,0,7.940389633178711,5.226356506347656
2805,TUBA1B,"TUBA1B, GALE, CLIC1, TGFBR1, SLC25A5",0.005893160365334766,2.880734920501709,0,3,8.662861824035645,6.996427536010742
2806,TET1,"TET1, GAR1, CD164, ZNF714, C21ORF58",0.005197079204232173,3.781066656112671,6,9,9.026289939880371,3.142972707748413
2807,HELZ,"HELZ, NOC4L, NBN, XPO1, TFG",0.007479441095847435,2.7105753421783447,1,1,10.363618850708008,7.196079254150391
2808,COX20,"COX20, CCDC25, SUPT5H, CEBPZ, HAGHL",0.00533237385244648,2.9681358337402344,16,6,9.25868034362793,4.979647636413574
2809,ZDHHC4,"ZDHHC4, RUNDC1, TRMT13, MRPL37, UQCRQ",0.010636316220847925,2.5864243507385254,15,2,9.776792526245117,7.240577220916748
2810,CSPP1,"CSPP1, AGO2, TARBP2, RPF2, CYTH2",0.008322581657182969,2.4276294708251953,8,8,8.752645492553711,3.9621429443359375
2811,TRAPPC2L,"TRAPPC2L, NFRKB, REXO1, ZGPAT, TIMM17A",0.005338256228455798,3.1511101722717285,0,9,8.329845428466797,3.376394748687744
2812,SNW1,"SNW1, CEP95, RIOK2, METTL6, VBP1",0.005646100572943423,3.2171406745910645,4,5,8.980152130126953,2.981686592102051
2813,MTREX,"MTREX, MRPL4, HAUS2, RTN4, MCOLN1",0.004848058227679324,3.627061367034912,0,1,9.546823501586914,3.123481512069702
2814,NUP107,"NUP107, PRR12, UNK, HDGFL2, USP5",0.006248063717896933,2.9668548107147217,28,2,7.846736907958984,5.537619113922119
2815,GADD45GIP1,"GADD45GIP1, PTGES3, PARK7, CNBP, ASH1L",0.006438260542198205,4.383694648742676,1,3,10.600476264953613,5.773767471313477
2816,BOLA3,"BOLA3, ZNF706, DDRGK1, MLST8, PPP2CB",0.005354922960482198,3.586240768432617,1,0,8.283415794372559,4.324714183807373
2817,RBM12,"RBM12, RMDN1, COX11, BRD8, MAP2K2",0.014056917870266158,2.9408698081970215,5,8,9.464025497436523,6.730118751525879
2818,SCAND1,"SCAND1, MRPL27, DNMT1, ASXL1, MAD2L1",0.00640002509813764,2.7248990535736084,9,8,11.096725463867188,6.536769866943359
2819,SLC39A4,"SLC39A4, DPH7, NIPSNAP3A, INTS13, STAMBP",0.005276491280357962,2.8139634132385254,7,5,9.452567100524902,2.864873170852661
2820,SCD,"SCD, DNAJB6, TMF1, BRWD1, PPP6R1",0.0075343432719344,3.047513484954834,4,7,11.660618782043457,6.188536167144775
2821,CASP2,"CASP2, COIL, SLC29A1, ATP5F1B, MOB1B",0.006414731038160934,3.255812644958496,3,5,7.5506157875061035,4.226050853729248
2822,PGK1,"PGK1, COX6A1, C4ORF3, SUMO2, SFPQ",0.005572570872826952,3.473043203353882,11,3,10.36420726776123,5.790125846862793
2823,COPG1,"COPG1, PLD3, RBM10, CMTR1, TMEM43",0.007323558131600516,2.9011518955230713,7,5,7.057979106903076,6.402526378631592
2824,ZNF445,"ZNF445, SSR1, PRKAR2A, OIP5, ZNF714",0.006422574206173357,3.1773457527160645,0,4,10.153766632080078,6.142845153808594
2825,SRP9,"SRP9, COPE, TPM3, NABP2, ORC1",0.0056755124529900116,3.4695382118225098,14,9,11.520853996276855,4.3111252784729
2826,ANP32E,"ANP32E, WDR74, EIF4EBP1, EIF2S3, OTUD4",0.005406883948564504,3.393603563308716,2,7,9.283018112182617,4.269704341888428
2827,ZBTB8A,"ZBTB8A, RNF26, CIB1, TLE5, CCNY",0.005735316609084742,2.463085889816284,3,2,7.783587455749512,5.387089252471924
2828,RNF114,"RNF114, PSMD11, PDCD10, TUT7, CENPK",0.007839246428417367,3.5068931579589844,31,0,10.585641860961914,6.938538074493408
2829,UBE2N,"UBE2N, CWC15, BDP1, PIN4, GTF2E2",0.00674610488668583,3.098994016647339,2,8,7.314052581787109,4.965958595275879
2830,ATXN7L3B,"ATXN7L3B, VPS35, PSMA7, TMEM69, SPART",0.004772567735559747,3.8401927947998047,0,0,8.857197761535645,2.840846538543701
2831,PTPMT1,"PTPMT1, SCNM1, MRPL52, NSMAF, SNRPD1",0.004687273283424641,4.12005615234375,0,0,11.32783317565918,3.701972007751465
2832,UQCR11,"UQCR11, LSM3, DDX20, CENPT, MBD3",0.006156886889752509,2.634878158569336,6,3,9.511430740356445,7.455952167510986
2833,TDG,"TDG, HNRNPK, GNG5, MAPRE1, UBL7",0.003274522645186844,4.105055332183838,6,6,9.390303611755371,5.821358680725098
2834,RNF126,"RNF126, PDCD2, DENR, MZT1, NDUFS1",0.0045078608151404515,4.376010894775391,0,2,9.84267520904541,3.20768141746521
2835,POLR2J,"POLR2J, FLYWCH2, B4GAT1, NECAP1, LUC7L2",0.004934333075815984,2.9145054817199707,3,8,10.913741111755371,6.21401309967041
2836,ZC3H18,"ZC3H18, USB1, TMED9, MAEA, TLE5",0.003533347189596822,3.6230058670043945,0,7,9.524748802185059,5.022833347320557
2837,EEF1G,"EEF1G, VPS28, RNF34, SLC25A5, ILF2",0.008038266816732614,2.983009099960327,2,3,10.851775169372559,4.984871864318848
2838,NIPA2,"NIPA2, FAM76B, NUP54, NHLRC2, MORN2",0.006880419138898584,4.0301008224487305,0,7,9.112662315368652,6.561917304992676
2839,RLF,"RLF, DHX36, VDAC1, SPCS1, CLNS1A",0.0061931615418099675,3.169832944869995,1,0,9.024867057800293,7.314748764038086
2840,DPH2,"DPH2, ACADM, CTU2, NSDHL, EXOSC2",0.00932748755877474,2.3065099716186523,0,6,9.920279502868652,7.627553462982178
2841,MAD1L1,"MAD1L1, TRAPPC10, ARPC5L, MORC3, POLR3C",0.006769634390723101,2.5824880599975586,7,1,9.104976654052734,2.9571468830108643
2842,SMCHD1,"SMCHD1, ARF4, NDUFS8, YWHAZ, C11ORF58",0.004687273283424641,3.236732244491577,12,0,8.298035621643066,3.475486993789673
2843,ATG4B,"ATG4B, DOHH, TUBB, RRP12, PTGES3",0.00793336444456645,2.6430835723876953,0,3,9.415996551513672,4.504377841949463
2844,MPHOSPH10,"MPHOSPH10, PNN, TRMT10C, TRAPPC2, HAUS4",0.004990215647904502,3.776502847671509,2,6,6.848147392272949,5.423591136932373
2845,DUSP11,"DUSP11, TOMM20, DCLRE1C, TRA2B, SRSF6",0.008178463444954686,3.452465295791626,9,1,11.550932884216309,4.478134632110596
2846,TMEM248,"TMEM248, CLTA, SNRNP25, AKIRIN1, CACUL1",0.005853944525272648,3.3356549739837646,1,0,7.536656379699707,5.928298473358154
2847,BICD2,"BICD2, SEH1L, ODF2, KHDRBS1, RRP12",0.010804944333115032,2.2464067935943604,0,7,9.7111234664917,2.9740138053894043
2848,OCIAD1,"OCIAD1, ACOT13, NDUFB7, DMAC2L, SIKE1",0.0056068847328813055,3.501737594604492,0,7,9.196215629577637,6.360618591308594
2849,NTHL1,"NTHL1, CASP8AP2, CYTH2, MLLT6, INO80E",0.003943152718245954,3.9939355850219727,1,1,7.02567195892334,5.170637607574463
2850,PPP2CA,"PPP2CA, DTD2, SCYL2, COMMD7, CTDSP2",0.006499045094294487,2.9841229915618896,0,6,7.9152703285217285,6.694868564605713
2851,DCTN2,"DCTN2, NDUFB4, VPS4A, TMEM183A, TCAIM",0.004599037643284875,3.6902732849121094,8,8,10.230179786682129,5.307621002197266
2852,MRPS12,"MRPS12, PQBP1, ITGAE, CDKN3, NUCKS1",0.0050872748520582435,3.823965072631836,16,1,11.947646141052246,4.789175033569336
2853,BET1L,"BET1L, PRIM1, RFC3, CDCA3, INTS10",0.00425785983474445,3.427457332611084,16,1,8.391946792602539,5.623284816741943
2854,GNB1,"GNB1, ATP6V1G1, SLC25A5, COX6B1, HSP90AA1",0.007743167620265177,3.5548877716064453,1,3,7.460443019866943,6.142310619354248
2855,APIP,"APIP, C14ORF119, FOXK1, SLC50A1, RAP1B",0.006151984909744744,2.556234121322632,2,4,11.499576568603516,4.706792831420898
2856,GADD45GIP1,"GADD45GIP1, NSA2, ARID1A, NSMCE4A, SRSF2",0.005585316020847141,2.955193042755127,22,8,9.706707954406738,3.3744113445281982
2857,REX1BD,"REX1BD, FIP1L1, PPHLN1, NDUFAF8, KRT10",0.007427480107765129,3.189392566680908,6,8,8.971043586730957,3.3152191638946533
2858,HPRT1,"HPRT1, KTN1, HMGCS1, EIF4E2, DDX52",0.0045804101192553695,2.9254157543182373,8,2,11.3649320602417,5.838759899139404
2859,SF3B2,"SF3B2, SMARCC2, HNRNPH3, BCLAF1, VDAC2",0.0036509947097831757,3.6460812091827393,33,8,7.834824085235596,6.448098659515381
2860,PPT1,"PPT1, SYAP1, PTBP3, COPS7B, PDHA1",0.0043608014149075095,3.7343404293060303,0,9,10.405878067016602,4.877338886260986
2861,TIMMDC1,"TIMMDC1, ADAL, DTD2, TBC1D4, SRBD1",0.006308848269993216,2.937859535217285,1,1,9.197465896606445,6.495798110961914
2862,RBM26,"RBM26, VPS29, GTF3A, PIK3CA, SMURF2",0.00634022094204291,4.165652751922607,14,3,11.22458267211914,5.820451736450195
2863,GTF3C2,"GTF3C2, ZNF322, GLE1, DCTN1, HOOK3",0.007490225451864517,2.7164146900177,4,9,8.407111167907715,4.272393703460693
2864,MGST3,"MGST3, BOLA3, PIGX, CD46, AP3S1",0.006066690457609637,2.8796169757843018,2,0,8.994534492492676,5.913090229034424
2865,MRPL28,"MRPL28, RPP38, VPS26B, RPS6KB1, GALNT2",0.009149055486492103,2.1876754760742188,7,9,10.554839134216309,3.8282487392425537
2866,TPMT,"TPMT, ACOT13, RLIM, CES2, EIF4G1",0.008715720453805701,3.091911792755127,3,4,9.584098815917969,5.214150905609131
2867,PGGT1B,"PGGT1B, SEPTIN6, MIA2, CFAP410, LNPK",0.009426507554931587,2.7619762420654297,0,7,11.274676322937012,4.525103569030762
2868,DGCR8,"DGCR8, PPME1, STXBP4, TRIM27, WDFY1",0.0060461021415770255,3.0597972869873047,5,9,8.320107460021973,4.801578998565674
2869,CHURC1,"CHURC1, CEP350, ILF3, CDV3, CORO1B",0.00913434954646881,2.4848947525024414,0,3,8.601552963256836,4.6497578620910645
2870,SRA1,"SRA1, OPA1, DMAC1, SMAP2, POLDIP2",0.00772061851222946,2.548755407333374,6,8,7.2677693367004395,6.559599876403809
2871,FGD6,"FGD6, TCOF1, ENO1, TPI1, PRPF19",0.0033549151173141857,3.833179235458374,0,3,10.409506797790527,4.477148532867432
2872,LSG1,"LSG1, UTP14A, DDX23, ILRUN, ACBD3",0.008579445409589841,2.8530170917510986,1,7,10.51648998260498,5.408745765686035
2873,LMNB1,"LMNB1, ERAL1, SPRYD7, ELAC2, ZDHHC5",0.008533366797516853,2.300654172897339,0,4,11.038569450378418,6.287304401397705
2874,ZCCHC9,"ZCCHC9, ARL2, METRN, POLE3, RALBP1",0.007926501672555578,2.720444917678833,9,9,10.266096115112305,5.178606986999512
2875,COX5B,"COX5B, ESYT1, ELAC2, GLB1, PRPS1",0.007250028431484045,2.879697322845459,0,2,10.227142333984375,3.3234164714813232
2876,GET3,"GET3, CDK6, PCBP1, PDPK1, PTTG1",0.004452958639053486,3.467341184616089,10,8,9.220638275146484,2.744899034500122
2877,RPP25L,"RPP25L, CHMP6, POLR2L, MGME1, GMNN",0.007197087047400186,3.521806001663208,4,9,10.125478744506836,4.970468521118164
2878,CHAMP1,"CHAMP1, TRAF3IP1, MED24, PEX26, GINS4",0.007375519119682822,2.7633934020996094,1,4,9.000161170959473,7.449620723724365
2879,NCBP2,"NCBP2, VAPB, RBM26, TNPO3, NABP2",0.0058284542292322715,3.1200168132781982,1,7,9.359864234924316,3.7890751361846924
2880,TRIR,"TRIR, KRT10, UBR4, ATP1B3, PSMB7",0.00505296099200389,3.996580123901367,2,9,9.27381706237793,4.489693641662598
2881,POLR2I,"POLR2I, C7ORF50, TPD52L2, NDUFC1, DDX23",0.006753948054698254,2.6901731491088867,14,6,10.592341423034668,5.794060230255127
2882,CERS2,"CERS2, EPM2AIP1, HMGB3, CAPN1, UBA1",0.007494147035870729,2.8186821937561035,9,0,7.516478061676025,5.954913139343262
2883,DDT,"DDT, TBRG4, TMUB1, GART, BRI3BP",0.004904921195769395,3.6063196659088135,3,7,9.98808479309082,3.451249837875366
2884,UBE2G2,"UBE2G2, MRPL23, PDCD7, PCNA, SEPTIN2",0.00547551166867321,2.626840114593506,1,8,10.046730041503906,4.256392002105713
2885,NIT2,"NIT2, MTHFD2L, HAUS2, LSM12, YY1AP1",0.00892160361413182,2.4942378997802734,1,1,7.728545665740967,4.917757034301758
2886,COPE,"COPE, MTFMT, ALYREF, NDUFAB1, CLTC",0.006943164482997972,2.8051810264587402,1,1,9.41659164428711,5.935966968536377
2887,ENTPD6,"ENTPD6, RPUSD4, BECN1, SLC38A10, DGCR8",0.00812650245687238,2.383427143096924,0,9,9.773682594299316,5.8132004737854
2888,BAZ1A,"BAZ1A, NOB1, TRIR, IGBP1, FAM210A",0.0043627622069106154,3.416840076446533,12,6,9.899327278137207,6.414400577545166
2889,GORASP2,"GORASP2, SLC25A17, PDIA3, SOX12, HDGF",0.00517943207620422,2.9400951862335205,5,6,7.99307107925415,3.3019421100616455
2890,BECN1,"BECN1, IARS2, ACTR6, SNX4, SRP9",0.005259824548331562,3.424231767654419,4,9,11.97170639038086,5.009130954742432
2891,<SPECIAL>,"<SPECIAL>, LAMP1, FBXO7, SSBP1, CDK1",0.009917685951709615,3.9393372535705566,17,8,11.585338592529297,5.484957218170166
2892,HSDL2,"HSDL2, ELP6, CANT1, C17ORF49, PWP1",0.004595116059278664,3.363699197769165,1,9,10.562170028686523,5.5670390129089355
2893,KCTD20,"KCTD20, MRPL44, UNC50, DDX42, MRPL35",0.0033402091772908914,3.8707737922668457,12,2,8.354454040527344,7.0352702140808105
2894,NSMAF,"NSMAF, MED15, SLC25A11, USP10, BOLA3",0.008306895321158123,3.3842928409576416,1,0,8.758672714233398,7.014330863952637
2895,<SPECIAL>,"<SPECIAL>, KEAP1, TOP1, ANKRD10, DYNLRB1",0.005935317393401543,4.082892894744873,3,8,8.469060897827148,4.989044189453125
2896,MAD2L2,"MAD2L2, TSR3, DTD2, PHAX, KIN",0.008310816905164334,3.1698760986328125,30,1,9.093405723571777,4.03080940246582
2897,RANBP2,"RANBP2, ZBED4, MAZ, TACO1, KNTC1",0.004217663598680779,3.2082912921905518,3,0,10.562636375427246,3.6317617893218994
2898,SUMO3,"SUMO3, ZNF664, DIAPH3, CLK4, SMIM15",0.005987278381483849,3.1020901203155518,2,6,11.234559059143066,3.949504852294922
2899,SUDS3,"SUDS3, DCUN1D5, PPP1R14B, TMEM33, ZC3H18",0.0039255055902180005,2.949002981185913,0,7,8.908273696899414,5.180580139160156
2900,MAPK1,"MAPK1, TBCD, MRPL41, NUDT16L1, SND1",0.006942184086996419,2.945084810256958,4,0,9.381598472595215,5.112164497375488
2901,HSDL2,"HSDL2, TIMM23, EIF4G2, NUP58, NADK",0.007489245055862964,3.1862692832946777,0,1,9.394287109375,6.827053546905518
2902,ZCCHC8,"ZCCHC8, ZDHHC5, CAAP1, GLMN, TASOR2",0.006225514609861215,3.7069590091705322,0,4,10.294793128967285,3.4719934463500977
2903,TUBB,"TUBB, PRR13, IMP3, TSR3, C1GALT1",0.00440099765097118,3.3276705741882324,10,8,11.093842506408691,5.572066307067871
2904,RPAP2,"RPAP2, TMPO, DDX39A, ANAPC5, HECTD1",0.007246106847477833,3.3020718097686768,19,0,9.984484672546387,6.98256254196167
2905,CCT7,"CCT7, ADD1, TM9SF1, ZFX, TECR",0.00534904058447288,3.95137882232666,0,4,11.530000686645508,4.659947872161865
2906,FEN1,"FEN1, PSMD8, EIF4H, UTP4, POC1A",0.005231393064286527,3.429781198501587,8,8,10.421092987060547,6.717545509338379
2907,SPRTN,"SPRTN, SMNDC1, C22ORF39, MDN1, SPTY2D1",0.00672943815465943,2.7982616424560547,0,1,9.920754432678223,5.271348476409912
2908,XRCC5,"XRCC5, EEA1, PNKD, HNRNPU, OBI1",0.006243161737889168,3.2148072719573975,3,4,7.295797824859619,4.540714740753174
2909,COMMD4,"COMMD4, TTPAL, SHOC2, TSR2, NSFL1C",0.007246106847477833,3.4716930389404297,10,8,11.853048324584961,4.176651954650879
2910,TRNT1,"TRNT1, ORMDL1, DEF8, PPA2, DHCR7",0.003884328958152777,4.678542137145996,1,2,10.705224990844727,6.979131698608398
2911,MED14,"MED14, ASXL2, ALKBH5, RPL17, NOC3L",0.007429440899768235,2.6570143699645996,0,5,10.652437210083008,2.8499515056610107
2912,CHORDC1,"CHORDC1, COPS7B, LARP4B, PSMB7, MTHFD2",0.004312762010831415,3.7922017574310303,1,8,10.23167610168457,5.1566243171691895
2913,MED16,"MED16, HNRNPA0, HTATSF1, WDR83OS, ARL6IP1",0.005151980988160738,3.3757383823394775,4,8,10.147339820861816,3.1010959148406982
2914,GPBP1L1,"GPBP1L1, LNPK, PTGES3, PHF6, CHML",0.0072863030835415045,3.2178757190704346,2,0,8.843168258666992,4.41764497756958
2915,COX14,"COX14, TOR3A, TP53BP1, SAR1A, HM13",0.006698065482609736,2.880084753036499,4,0,10.47619915008545,6.090810775756836
2916,DUT,"DUT, GTPBP3, MRPL16, KDM5C, MOGS",0.004227467558696308,3.684204578399658,2,9,10.697158813476562,6.840268611907959
2917,SPOP,"SPOP, GNB1, NUS1, APPL1, IKZF5",0.009437291910948671,2.9246373176574707,1,5,7.2937822341918945,4.408105373382568
2918,TUBB4B,"TUBB4B, EIF5, DAXX, KDM2B, HSF1",0.006676496770575571,3.4619171619415283,14,8,9.94420337677002,4.841446399688721
2919,MAGOH,"MAGOH, PLEKHA3, MORN2, TERF2IP, DDX56",0.0047921756555908065,2.9264745712280273,4,7,11.084024429321289,4.505668640136719
2920,CKS1B,"CKS1B, SEPTIN8, MPDU1, DHRS4L2, HADH",0.005083353268052032,3.715954542160034,2,1,7.934370994567871,5.847538471221924
2921,MCRIP2,"MCRIP2, BOLA2, SCO2, EIF4A2, LRRFIP2",0.005835317001243142,3.554306745529175,1,3,7.24526834487915,4.116282939910889
2922,LAMTOR5,"LAMTOR5, UBTF, TNPO1, ACTN4, GNB1",0.0051627653441778205,4.211913108825684,19,5,10.664602279663086,6.0606489181518555
2923,TRIR,"TRIR, EDF1, UPF1, HARS2, GEMIN7",0.006201004709822391,2.846128463745117,0,4,10.938502311706543,5.355971336364746
2924,SPRYD4,"SPRYD4, B9D1, NLE1, TRMT5, PSPH",0.02452558637484853,3.416964530944824,0,4,10.230246543884277,7.708783149719238
2925,VMA21,"VMA21, MTPN, BMS1, RNF138, DFFA",0.006739242114674959,2.796272039413452,4,1,8.694999694824219,2.8007264137268066
2926,ING5,"ING5, CCAR2, NAA35, EPM2AIP1, PCGF6",0.00574806175710493,3.293058156967163,0,4,10.408415794372559,3.636702537536621
2927,NDUFA12,"NDUFA12, FASN, RRP9, ZFPL1, NAP1L4",0.007235322491460751,2.8192214965820312,2,2,8.665996551513672,2.973145008087158
2928,TCF25,"TCF25, PRMT1, LARP7, KLHL18, VAPA",0.005921591849379801,3.0197834968566895,25,8,8.3076171875,5.739529609680176
2929,<SPECIAL>,"<SPECIAL>, CFDP1, NPM1, PRDX5, COX7B",0.008774544213898878,4.747001647949219,0,3,9.40500259399414,3.609712839126587
2930,LARP1B,"LARP1B, HNRNPA0, FASTK, C1ORF122, MAD2L2",0.007320616943595857,3.1290152072906494,15,1,11.326723098754883,6.062559127807617
2931,DHX40,"DHX40, ZFPL1, HCCS, NCAPG, GOLGA7",0.004382370126941674,3.4550669193267822,0,7,8.250884056091309,5.680972576141357
2932,C11ORF58,"C11ORF58, THOC1, ENY2, ZNF195, RPAIN",0.009586312103184719,2.6351170539855957,0,0,8.488595008850098,6.961698055267334
2933,ARMC8,"ARMC8, ANP32B, PPP1R10, ABCC5, SNX13",0.009758861799458037,3.309410572052002,2,3,11.160860061645508,4.767560958862305
2934,ALKBH7,"ALKBH7, NSL1, MGA, MORF4L1, YWHAH",0.008374542645265276,2.818753480911255,0,8,10.781761169433594,3.149685859680176
2935,COX7B,"COX7B, ATP5F1D, RNF34, NDUFA1, CALU",0.0036088376817163988,6.882088661193848,0,3,10.01605224609375,6.863442897796631
2936,ATP1B3,"ATP1B3, AGO2, MRPL58, TRAF4, WDR82",0.005430413452601775,3.082339286804199,10,1,8.647132873535156,4.525879383087158
2937,C16ORF87,"C16ORF87, FBXO28, C1ORF43, MPHOSPH6, MCRS1",0.00514609861215142,2.975306510925293,0,7,11.203977584838867,4.148474216461182
2938,DEK,"DEK, CDK1, LMAN2, PGK1, ANAPC15",0.004096094494488214,3.8777384757995605,28,1,11.50221061706543,6.60800838470459
2939,IP6K2,"IP6K2, PLEKHB2, TOX4, HNRNPA0, BAD",0.006829438546817831,2.8375587463378906,38,6,9.24890422821045,4.137807369232178
2940,GART,"GART, RING1, TST, PSMD10, COG4",0.006493162718285169,3.6914124488830566,21,7,12.03345012664795,5.243738174438477
2941,COX17,"COX17, POLR2J3, SNIP1, PSENEN, E2F1",0.002063733583268954,4.928741931915283,7,6,10.96994686126709,3.9937663078308105
2942,MRPS15,"MRPS15, NDUFA6, THOC7, SCFD1, RRM2",0.004489233291110946,4.508829593658447,2,8,10.00246810913086,6.9384660720825195
2943,HSPD1,"HSPD1, HSPH1, EIF4A1, ALDH16A1, MRPS10",0.006283357973952839,3.8009965419769287,4,8,7.499035835266113,6.923523902893066
2944,TBPL1,"TBPL1, NCAPH, KIF20A, RTL10, CXXC1",0.00866179867372029,2.6618592739105225,0,4,10.298702239990234,7.233415603637695
2945,ZC3H15,"ZC3H15, SCNM1, FAM177A1, PSENEN, CNOT7",0.0043627622069106154,4.17080545425415,4,0,9.651793479919434,6.205226421356201
2946,CRLS1,"CRLS1, POLR2L, MPC1, CYB5R3, DAG1",0.004295114882803462,2.944678783416748,1,1,7.893134593963623,5.363644599914551
2947,MAFG,"MAFG, PCBP1, MRPS27, TRIM25, PGD",0.004759822587539559,3.6437907218933105,2,7,11.232284545898438,3.6382205486297607
2948,STARD7,"STARD7, BCL2L1, KDM1A, NUDT5, ACO2",0.007553951191965459,3.162092924118042,20,0,8.31917953491211,6.684558391571045
2949,CRIPT,"CRIPT, CDC42SE1, HOOK3, PTRHD1, CDK5RAP2",0.006504927470303805,3.1835992336273193,7,6,7.4185333251953125,4.8754777908325195
2950,VPS36,"VPS36, CHTOP, DGKZ, PRCC, CDCA4",0.007988266620653415,2.4769043922424316,1,2,7.506900310516357,3.5364155769348145
2951,CHMP2B,"CHMP2B, GINM1, WASL, PDZD8, ING1",0.006751987262695148,2.5037050247192383,0,4,9.895259857177734,6.065267086029053
2952,SEPTIN11,"SEPTIN11, RUFY1, CD46, PUM1, PTBP3",0.010277491284279546,3.1906068325042725,10,8,7.847930431365967,5.379362106323242
2953,SRF,"SRF, PSME4, RPL22L1, NUP188, GEMIN4",0.0072833618955368455,2.374875783920288,5,4,7.973691940307617,4.481285095214844
2954,TFB2M,"TFB2M, ATG5, USP36, SDF4, TIMM29",0.004825509119643606,3.109879970550537,0,0,8.97779369354248,6.971470355987549
2955,KNTC1,"KNTC1, SAFB2, DERL1, RLF, BIRC5",0.004463742995070569,4.154643535614014,2,0,9.599218368530273,4.260919570922852
2956,MRPS16,"MRPS16, MRPL45, IMPDH2, NONO, CCDC59",0.005054921784006996,3.4188759326934814,0,9,7.870525360107422,5.703240394592285
2957,PHPT1,"PHPT1, HSPBP1, NDUFB11, HNRNPA0, ASF1B",0.006084337585637591,2.8980295658111572,1,3,7.5001630783081055,5.156379222869873
2958,PNKD,"PNKD, CPSF7, SLTM, NUP214, ING5",0.00935395825081667,2.5772080421447754,1,2,10.613967895507812,4.2601518630981445
2959,ATP6V1D,"ATP6V1D, ZW10, BANF1, RTN3, PSMD13",0.0054598253326483635,2.8684463500976562,18,5,8.504907608032227,4.213809967041016
2960,NDUFB6,"NDUFB6, CDK11B, SGO1, GNL3L, PSMC4",0.003437268381444633,3.7707669734954834,3,8,7.016592502593994,5.198112964630127
2961,TFIP11,"TFIP11, WDR6, GCN1, KCTD13, PTDSS2",0.006567672814403193,2.606323719024658,7,4,9.086928367614746,6.970656871795654
2962,PRR11,"PRR11, BIRC5, EPN1, CRYZ, WAC",0.005505903944721352,3.93990421295166,20,4,8.920516014099121,5.160991191864014
2963,POP4,"POP4, GLO1, MRFAP1, USB1, TBRG4",0.00688237993090169,2.75852632522583,7,2,9.954004287719727,4.150731086730957
2964,JOSD2,"JOSD2, GTF2H5, THOC3, ZNHIT3, MARCKSL1",0.006654928058541406,2.58675479888916,4,0,9.383323669433594,3.0352060794830322
2965,RHEB,"RHEB, KAT2A, PRKRA, POLRMT, SRSF11",0.008012776520692239,3.5309865474700928,0,2,9.104398727416992,5.713139533996582
2966,EBP,"EBP, GEMIN2, DRG2, BTBD1, TFRC",0.007425519315762023,3.110097646713257,0,2,8.008552551269531,6.001823902130127
2967,SNRNP70,"SNRNP70, GNG10, SKP1, HNRNPDL, HMGN2",0.006988262699069408,3.6806108951568604,0,3,8.71394157409668,5.2952446937561035
2968,RSRC2,"RSRC2, EIF3G, CACYBP, MRPL19, ZCCHC10",0.005566688496817635,2.587256669998169,5,8,9.213274002075195,7.261416435241699
2969,UBAP2L,"UBAP2L, STUB1, ZMYM1, BCL7C, VEGFB",0.005724532253067659,2.9255282878875732,32,4,9.301131248474121,3.130342483520508
2970,UFC1,"UFC1, MED7, RPP38, TMED9, MAP3K11",0.004819626743634289,3.1964006423950195,3,7,9.407301902770996,3.7926697731018066
2971,SLC20A1,"SLC20A1, NME2, RSL24D1, OSTC, EIF3J",0.0050960984160722195,3.7098801136016846,12,3,7.372355937957764,5.904740333557129
2972,GFM1,"GFM1, FARSB, AATF, YWHAB, LSM14A",0.009381409338860152,2.634843111038208,4,6,9.065555572509766,2.7004435062408447
2973,NAT10,"NAT10, ACTR6, PLEKHJ1, GHITM, POLE4",0.007675520296158024,3.1309115886688232,1,9,8.553220748901367,5.798164367675781
2974,BIRC2,"BIRC2, CHMP4A, IMPDH1, THOC1, ZC3H4",0.006941203690994866,2.910194158554077,5,5,9.685796737670898,3.6376233100891113
2975,GPR137,"GPR137, PPP5C, TERF2, PAK4, RAD23A",0.00745787238381327,3.747288942337036,2,4,10.228558540344238,6.396090507507324
2976,CYREN,"CYREN, RNF20, PSMD2, MRPL58, KYAT3",0.00980297961952792,2.634613275527954,8,7,8.29108715057373,6.306879997253418
2977,CENPF,"CENPF, GPBP1L1, PIH1D1, HDDC2, SUPT5H",0.005080412080047373,3.0109660625457764,22,6,8.3159818649292,3.7630269527435303
2978,ACTR3,"ACTR3, KXD1, TRPT1, PPP1CA, C11ORF58",0.0040735453864524955,3.847593307495117,0,6,9.617024421691895,3.1564648151397705
2979,PCYOX1,"PCYOX1, CIAO1, SNAPC5, C7ORF50, SS18L2",0.007756893164286919,2.4676716327667236,0,9,9.685258865356445,6.699822902679443
2980,SNRPF,"SNRPF, PICALM, NOP10, MYL6B, COX5B",0.006051984517586343,3.784580707550049,10,2,8.155448913574219,6.774798393249512
2981,CFAP20,"CFAP20, KCTD9, TOE1, WDR77, E2F1",0.008012776520692239,2.612338066101074,2,2,8.33498477935791,3.4470386505126953
2982,ARF4,"ARF4, NDUFA2, MEPCE, PHIP, NHP2",0.005871591653300601,3.433290719985962,37,7,7.767053604125977,4.9937357902526855
2983,NOP58,"NOP58, BUB3, ASCC3, UBE2N, SLC5A3",0.006090219961646909,4.178279399871826,0,6,9.233124732971191,7.507247447967529
2984,POM121C,"POM121C, TOMM5, IFI27L1, HTRA2, DCPS",0.0058902191773301076,3.0851504802703857,6,1,11.169594764709473,5.303107261657715
2985,TUBA1B,"TUBA1B, EIF2B1, FDXR, ITGB1BP1, SF3B2",0.004220604786685438,4.982662200927734,8,3,9.019600868225098,4.049453258514404
2986,RALY,"RALY, ATP11B, MIER1, HNRNPLL, AMFR",0.005851003337267989,2.888301134109497,1,7,10.289800643920898,5.3266191482543945
2987,GALE,"GALE, LUC7L2, NEMP1, MTREX, MAP3K7",0.006792183498758818,2.315335988998413,0,4,7.168724536895752,5.346458435058594
2988,ANAPC13,"ANAPC13, NAA15, SEC23IP, RAB21, ABT1",0.007466695947827246,2.9618046283721924,14,8,8.32112979888916,4.984231472015381
2989,GADD45GIP1,"GADD45GIP1, FLOT2, KAT7, NIPBL, SMARCB1",0.006579437566421829,3.2557477951049805,6,2,9.625885009765625,3.4010064601898193
2990,TMEM208,"TMEM208, RDX, SQLE, CEBPZ, PSMA3",0.0037441323299307054,3.3366386890411377,5,6,8.06070327758789,4.2142229080200195
2991,ZNF326,"ZNF326, AP3B1, FOXK1, GGNBP2, PRKAA1",0.006823556170808513,3.4247117042541504,2,1,7.7297163009643555,6.4631028175354
2992,TXN,"TXN, YWHAH, NDUFC2, CCNI, HPF1",0.004733351895497629,3.5612454414367676,2,3,8.9485445022583,4.973217010498047
2993,AURKAIP1,"AURKAIP1, CDC37, FIBP, MRPS27, EIF4EBP1",0.006947086067004184,3.124856472015381,4,7,9.974836349487305,7.0109100341796875
2994,MTHFS,"MTHFS, SFT2D3, RAB5IF, EIF6, CTNNBIP1",0.006818654190800748,2.894341230392456,1,1,8.70207405090332,6.414342403411865
2995,PEBP1,"PEBP1, PIN4, TMEM160, ATP2B1, NOP10",0.005870611257299048,2.940127372741699,1,3,9.604546546936035,6.387923240661621
2996,RABL3,"RABL3, ROMO1, CEP250, ISG20L2, PTP4A2",0.006609829842469971,2.7003300189971924,3,9,10.397272109985352,7.519079685211182
2997,INTS8,"INTS8, SETD3, FTSJ1, RLIM, FBXO5",0.00825591472907737,2.901860237121582,10,7,9.93825912475586,4.7011027336120605
2998,ZNF24,"ZNF24, PCYT2, FARSA, NARS2, DIDO1",0.005830415021235377,2.650602340698242,4,7,8.559592247009277,5.317289352416992
2999,SCNM1,"SCNM1, ATP6V0A1, ARID1A, CHID1, PTBP3",0.008141208396895675,2.614964246749878,3,4,10.431851387023926,6.3442816734313965
3000,CACYBP,"CACYBP, SEC11A, ITGB1, WTAP, PCF11",0.0061902203538053095,3.239309549331665,13,3,9.101035118103027,3.671208143234253
3001,PPP4R2,"PPP4R2, LATS1, FGD6, SLC25A3, SMYD4",0.007547088419954588,2.634568691253662,0,4,10.5442533493042,7.238582611083984
3002,PRELID1,"PRELID1, NDUFS6, POLRMT, PMPCA, POLD2",0.0047931560515923595,3.2995851039886475,0,7,9.428353309631348,3.578101873397827
3003,C4ORF48,"C4ORF48, ERGIC3, WDR6, PDRG1, TK1",0.005269628508347091,3.845714569091797,9,8,9.633671760559082,7.629908561706543
3004,BCL2L12,"BCL2L12, NOP58, MRS2, RABEPK, CHMP2A",0.006349044506056886,3.9906373023986816,0,6,8.62337875366211,4.2195329666137695
3005,TCEAL8,"TCEAL8, MIER1, SPTY2D1, HNRNPC, ZNF106",0.006365711238083286,3.352003574371338,21,6,7.897677421569824,6.547849178314209
3006,RAD23A,"RAD23A, TPRKB, CD320, LAGE3, CYB561A3",0.0043588406229044035,4.265689849853516,1,0,8.131093978881836,6.205021381378174
3007,RAB8A,"RAB8A, TKT, HRAS, MSMO1, VKORC1L1",0.006033356993556838,3.1653504371643066,32,8,10.211673736572266,3.3892812728881836
3008,GRB2,"GRB2, NDUFA7, THAP11, GNA13, GNPTAB",0.0094304291389378,2.4718146324157715,42,5,7.400432586669922,6.49322509765625
3009,TUBA1C,"TUBA1C, RAB1A, GNL1, AP3S1, ZFAND1",0.00553531582476794,3.193934440612793,9,9,8.413493156433105,6.76255989074707
3010,MTHFD2,"MTHFD2, TTL, FEN1, NOSIP, RP9",0.00971964595939592,3.092921733856201,10,8,10.476178169250488,5.290943145751953
3011,PMF1,"PMF1, KIF3B, TSNAX, ZGPAT, ATP5PO",0.006431397770187334,3.1533679962158203,0,2,8.600053787231445,3.513702630996704
3012,SNRPF,"SNRPF, KMT2A, BDP1, PPIL3, CEP350",0.005863748485288178,3.211212635040283,9,7,10.459299087524414,5.2328948974609375
3013,NTPCR,"NTPCR, TOMM70, CYREN, DHX16, KIFC1",0.00696571359103369,2.6991422176361084,0,7,9.389163970947266,5.164844989776611
3014,ATP6V1A,"ATP6V1A, C19ORF25, CAPRIN1, MTHFS, CHMP3",0.003909819254193154,3.591552734375,5,0,10.592269897460938,4.7843499183654785
3015,HDDC2,"HDDC2, PLEKHA3, TRIP13, SPATS2, ZC3HAV1",0.006145122137733873,3.7005951404571533,10,0,8.228096008300781,5.800567150115967
3016,PGM3,"PGM3, PIGS, DNTTIP1, UBXN1, FAH",0.0034304056094337627,2.979584217071533,0,7,8.453182220458984,3.962327003479004
3017,SFXN4,"SFXN4, RHOT2, PIGX, HDAC3, SLC25A26",0.007939246820575768,2.6705830097198486,0,1,10.443119049072266,5.916017532348633
3018,EIF2S2,"EIF2S2, SNX17, MRPS34, CDC27, MRPL35",0.005297079596390574,2.951852798461914,12,2,9.451096534729004,5.781264305114746
3019,FUS,"FUS, SRSF3, UTP6, SCNM1, HNRNPU",0.005958846897438814,3.188063621520996,2,2,8.983551025390625,6.085341930389404
3020,NDUFV1,"NDUFV1, DCAF8, RBBP7, DYNC1LI2, NAP1L4",0.00688237993090169,3.162060260772705,25,8,8.504854202270508,6.150690078735352
3021,THOC3,"THOC3, HDAC1, TRAF7, HCFC1, NUP62",0.0045039392311342396,3.4594404697418213,37,0,11.13509750366211,6.548381805419922
3022,SMC4,"SMC4, ALDH9A1, POLR2C, RAD50, SRSF6",0.005118647524107938,3.1334431171417236,26,4,9.270094871520996,7.636157035827637
3023,DMWD,"DMWD, HDGFL2, TRMT1, GABPB1, BUD13",0.00924415389864274,2.4619300365448,0,2,10.880193710327148,5.643222808837891
3024,HMG20B,"HMG20B, CCNB2, TYMS, CCNB1, BUB1",0.006058847289597214,3.210254669189453,68,4,9.906145095825195,5.230997562408447
3025,NT5C,"NT5C, TPM3, PABPN1, GTF2I, USP16",0.004115702414519273,3.8384993076324463,0,8,9.188414573669434,5.462942600250244
3026,MND1,"MND1, NFYB, QRSL1, SPC25, NDUFAF2",0.0075784610920042825,4.450605392456055,1,9,8.211657524108887,6.206425666809082
3027,YIF1B,"YIF1B, MED6, CCNB2, STIM2, TM9SF3",0.006835320922827149,3.154712200164795,4,6,7.994030475616455,5.763089656829834
3028,ARMC6,"ARMC6, PRELID1, POLR1C, SPR, AGTRAP",0.004245114686724262,3.023503303527832,0,2,7.165677070617676,6.37023401260376
3029,NUDT5,"NUDT5, NUF2, HSPE1, HSD17B12, PHKB",0.006682379146584889,3.059689998626709,25,0,9.021702766418457,5.053202152252197
3030,UQCR10,"UQCR10, UBL5, ELOB, EHMT1, ILF3",0.0032274636371123024,5.456772804260254,0,3,9.061409950256348,5.349310874938965
3031,TMEM69,"TMEM69, CENPX, ATAD3A, PSMB7, MED17",0.005058843368013208,3.2714736461639404,0,4,8.257773399353027,6.590817928314209
3032,DCXR,"DCXR, RBM41, DCTN1, PEX13, RAB11FIP1",0.00720493021541261,2.8895418643951416,28,1,9.472734451293945,5.3540754318237305
3033,ATP5MC3,"ATP5MC3, DHODH, RNF41, ST3GAL2, NFE2L3",0.002943148796661948,4.881258964538574,0,4,9.665462493896484,5.908735275268555
3034,EBPL,"EBPL, TRMT61A, MRPS36, TMA16, PRPF8",0.007266695163510445,2.792606830596924,3,8,10.16640567779541,4.8102569580078125
3035,EIF1AX,"EIF1AX, SNW1, TPGS1, CCHCR1, DGCR6L",0.009705920415374178,2.5141806602478027,11,0,9.518165588378906,4.444913864135742
3036,ANP32A,"ANP32A, IMPDH2, GTF2A1, RRP9, TM9SF2",0.0038372699500782356,5.0075297355651855,9,9,10.016871452331543,5.78846549987793
3037,PPP5C,"PPP5C, CDK5RAP2, GPAA1, SLC39A3, TBPL1",0.006051984517586343,3.2857282161712646,1,8,9.136885643005371,4.492995738983154
3038,ATP6V1E1,"ATP6V1E1, MKRN2, CYB5B, FXN, INTS8",0.0075049313918878115,2.7329885959625244,6,1,8.120302200317383,5.457013130187988
3039,ZNF511,"ZNF511, CCNB2, ATP6V1D, GK5, NOC4L",0.00687257597088616,2.9494192600250244,6,0,8.083878517150879,6.287007808685303
3040,CSDE1,"CSDE1, MAGOH, UBE2I, BFAR, PGAM1",0.0057421793810956126,3.2126102447509766,14,1,10.02690315246582,5.10432767868042
3041,PSMD9,"PSMD9, PRC1, PTOV1, SMIM7, NDUFA10",0.006166690849768038,2.8780155181884766,18,9,8.234843254089355,3.371535539627075
3042,UFC1,"UFC1, BAZ2A, DHRS4L2, PCYT1A, NSMAF",0.008504935313471818,2.8524935245513916,0,0,10.285685539245605,3.1417393684387207
3043,VPS25,"VPS25, ZFAND6, RBM27, PPP6C, SLK",0.006414731038160934,3.3581769466400146,13,5,11.063668251037598,4.133579730987549
3044,SAMM50,"SAMM50, HAUS4, TBL3, KLHDC4, POLR1E",0.008051992360754356,2.5366244316101074,1,9,11.190583229064941,5.6990275382995605
3045,TPM3,"TPM3, SEC61B, MIS18BP1, ME2, DYNC1LI1",0.005244138212306715,3.431838274002075,39,6,6.884993553161621,5.15976095199585
3046,EXOSC5,"EXOSC5, IDH3B, GRHPR, GCDH, CPNE1",0.005708845917042812,3.5788700580596924,15,7,8.797405242919922,3.6423535346984863
3047,LSM6,"LSM6, YTHDC1, TOMM22, MYC, DCAF12",0.004861783771701066,3.029653549194336,15,0,10.974143028259277,3.52549147605896
3048,GNL3,"GNL3, ENSA, DDT, ATF6, TXNDC17",0.00869513213777309,2.992258071899414,1,6,10.853150367736816,5.358926773071289
3049,TFIP11,"TFIP11, NUP88, ECD, AIMP2, NUBP1",0.008274542253106875,2.938488006591797,0,7,10.041339874267578,6.229244709014893
3050,IKZF5,"IKZF5, UNC45A, HDDC3, PISD, LPCAT3",0.007083361111220044,2.90474271774292,0,7,10.746743202209473,6.016119003295898
3051,THUMPD1,"THUMPD1, SLTM, COPS5, ETF1, GTF2B",0.0085157196694889,2.6267125606536865,5,6,7.749384880065918,6.729859828948975
3052,QSER1,"QSER1, TXLNA, VRK1, TRIP13, ST7L",0.008460817493401935,3.462372303009033,12,9,10.560661315917969,4.219494342803955
3053,CCNB2,"CCNB2, EIF6, TIMM10, WIPI2, SRF",0.0039009956901791772,4.167251110076904,0,6,10.373461723327637,2.8113560676574707
3054,SF3B1,"SF3B1, RNF126, MTX2, BUB3, UBE2G2",0.006525515786336417,3.7471156120300293,10,0,8.332923889160156,6.336796760559082
3055,PCBP2,"PCBP2, NDUFS5, SNRPD3, NPM1, POLR2D",0.005151000592159185,3.289098024368286,21,3,9.456808090209961,6.425288677215576
3056,C7ORF50,"C7ORF50, ARF3, USP1, BCOR, OTUD6B",0.005705904729038153,2.7605526447296143,10,6,9.058945655822754,6.376916408538818
3057,GEMIN7,"GEMIN7, AASDHPPT, MPST, NDUFA3, PET100",0.004273546170769297,3.4934380054473877,1,2,8.322153091430664,3.3136112689971924
3058,SMAD5,"SMAD5, MRPS35, UBAP2, COPZ1, C1ORF174",0.007642186832105224,2.82517409324646,1,1,9.59687614440918,4.5008745193481445
3059,NFATC2IP,"NFATC2IP, SLC39A7, PFKP, KRI1, PRPS1",0.005277471676359515,2.9649791717529297,0,2,8.665245056152344,5.604518890380859
3060,EIF3A,"EIF3A, ABRAXAS1, RFK, RAD51AP1, LIG1",0.00722845971944988,3.083242893218994,0,7,11.821470260620117,4.648425102233887
3061,FBXO22,"FBXO22, TBC1D4, AK2, MAPK9, KNOP1",0.005581394436840929,3.560703992843628,1,1,9.70434284210205,3.4626829624176025
3062,STAG2,"STAG2, METTL9, POLE2, LIN9, HSPA9",0.0035607982776403044,3.969341993331909,0,8,8.533262252807617,5.709270477294922
3063,AP1M1,"AP1M1, COMT, RELA, STK25, NPRL2",0.008723563621818125,2.9559566974639893,9,8,9.002720832824707,4.472603797912598
3064,FLNB,"FLNB, CCNB1, ASL, MFN2, COX17",0.009660822199302742,2.556285858154297,15,0,11.37744140625,5.992860794067383
3065,EIF5,"EIF5, GRB2, AP2B1, PPP1R12A, KMT2B",0.006901007454931196,2.7167158126831055,18,8,11.303336143493652,3.9077086448669434
3066,CDK16,"CDK16, SNX6, SRA1, FHOD1, NRBP1",0.007911795732532284,2.6028659343719482,4,5,9.303855895996094,2.7879459857940674
3067,SZRD1,"SZRD1, GFM2, SETX, NPIPB5, PLIN3",0.006202965501825497,3.076627254486084,4,0,9.549603462219238,3.3957390785217285
3068,FXR1,"FXR1, RAB4A, TMED3, TMX4, HEBP2",0.007240224471468515,3.107023239135742,17,8,7.803699493408203,4.090476989746094
3069,PRADC1,"PRADC1, TROAP, TRIM44, SNRNP70, OGFOD3",0.008728465601825889,2.5722711086273193,2,4,9.061845779418945,5.028576850891113
3070,ABHD17A,"ABHD17A, MRPS6, NOL12, PRMT2, TXNL4A",0.007202969423409504,2.851137161254883,0,6,10.829944610595703,4.913906097412109
3071,PRKAA1,"PRKAA1, STK25, BAZ1B, SART1, PSMB6",0.007975521472633225,3.1876473426818848,1,9,11.581188201904297,4.979528903961182
3072,AATF,"AATF, PRDX5, IRAK1, HEBP2, AGO3",0.005353942564480645,2.8483035564422607,4,6,11.776162147521973,4.417459487915039
3073,RBM17,"RBM17, ZMYM4, MCM3, ZW10, ZBTB37",0.0039264859862195535,4.3812713623046875,0,4,8.671368598937988,5.232694149017334
3074,YIF1B,"YIF1B, EMC1, TMEM106C, DPP9, HMOX2",0.008832387577990502,2.5508153438568115,1,4,8.274231910705566,4.460153579711914
3075,HSP90AB1,"HSP90AB1, HSP90AA1, YBX1, PDS5A, HSPA8",0.005861787693285072,5.147356986999512,4,3,9.379304885864258,5.66493034362793
3076,CCDC12,"CCDC12, SNX5, SYF2, BCAT1, NAA50",0.005125510296118808,3.3972575664520264,2,5,9.593709945678711,7.034368515014648
3077,UROD,"UROD, UBE2Q1, COG4, KNSTRN, RANBP3",0.008349052349224898,2.420161247253418,2,6,9.587021827697754,4.702352523803711
3078,MRPL2,"MRPL2, GABARAPL2, MRPL23, SBNO1, CDK5RAP3",0.0066029670704591,3.1809277534484863,13,6,9.785867691040039,5.915339946746826
3079,PDRG1,"PDRG1, NT5C3A, ATG3, DDX39B, TRMT1",0.005554923744798999,3.668177366256714,3,4,10.605424880981445,3.8091928958892822
3080,TM7SF3,"TM7SF3, GLYR1, PSMB3, SAP30BP, DPY30",0.004022564794371743,3.141300678253174,0,1,9.67923355102539,2.6290290355682373
3081,LSM3,"LSM3, ACSL3, NME4, SWI5, TYMS",0.007844148408425131,2.9043495655059814,0,5,9.749743461608887,3.5271146297454834
3082,AGO2,"AGO2, UBE2V2, ZNF37A, ENSA, LAMTOR1",0.004888254463742995,3.4096808433532715,39,8,9.786134719848633,3.9430325031280518
3083,TIA1,"TIA1, SMYD4, SMAGP, NIT1, PPP1R10",0.008177483048953132,2.9200193881988525,4,6,11.334489822387695,6.526356220245361
3084,PAK1IP1,"PAK1IP1, CCNA2, DCAF16, BCLAF1, URI1",0.00744806842379774,2.713128089904785,22,9,9.321374893188477,3.5607807636260986
3085,NME6,"NME6, EIF2B2, ASPSCR1, DCUN1D1, AKR1A1",0.006930419334977784,2.5989315509796143,11,7,10.832599639892578,5.899941444396973
3086,DNMT1,"DNMT1, HMGN3, EPB41, ASXL1, RNF145",0.006432378166188887,3.0124382972717285,11,0,11.228638648986816,3.6089439392089844
3087,NUF2,"NUF2, NIT2, MED21, PET117, PTRHD1",0.0064068878701485105,3.064164638519287,0,7,7.766075611114502,6.02626371383667
3088,ZNF330,"ZNF330, MALSU1, ZNF143, SKA3, NUP107",0.007273557935521316,3.551401138305664,5,1,10.755839347839355,4.337897300720215
3089,SSB,"SSB, DYNC1I2, EDF1, ATP6V1F, NDUFB1",0.005689237997011753,3.7477338314056396,10,3,11.329025268554688,3.4299967288970947
3090,CCDC167,"CCDC167, HIKESHI, CENPX, HSPA14, SFXN1",0.003588249365683787,3.7516930103302,0,8,7.070976734161377,6.456663608551025
3091,SEC61B,"SEC61B, NKAP, MTCH1, PAXBP1, ELOC",0.0038715838101325887,3.223569869995117,4,6,11.039644241333008,3.8946523666381836
3092,TUBB,"TUBB, MTG2, GPATCH1, SEM1, DDX10",0.004393154482958757,3.410841226577759,0,8,9.08660888671875,7.560095310211182
3093,FAHD2A,"FAHD2A, CSK, TDP1, KDM5A, ARL17A",0.00972650873140679,2.377742290496826,0,4,10.975605010986328,5.136717796325684
3094,GFPT1,"GFPT1, TCOF1, CLN6, B3GALT6, HGH1",0.009229447958619446,2.953885793685913,2,4,11.802127838134766,4.980319976806641
3095,PDCD2,"PDCD2, PCF11, CUL4A, KIAA0586, SDAD1",0.008121600476864615,3.047325849533081,2,9,8.688273429870605,6.842488765716553
3096,COPS5,"COPS5, PIGF, BRD4, MRPS25, ACOT13",0.005197079204232173,4.26400089263916,2,9,9.871565818786621,4.798430919647217
3097,SUMO1,"SUMO1, NTAN1, MTHFS, RBM28, SDHAF1",0.007046106063161032,3.944539785385132,1,1,9.639300346374512,5.658870697021484
3098,COX8A,"COX8A, NDUFB1, CENPS, MRPL38, PDXP",0.006983360719061644,3.3089210987091064,25,3,8.340188026428223,5.460384845733643
3099,ITGB1BP1,"ITGB1BP1, TGFBR1, IDH1, PRKDC, ATP6V1H",0.007060812003184327,2.7687644958496094,2,0,7.172760963439941,5.603238582611084
3100,WDR6,"WDR6, GFPT1, RAB3GAP2, ZNF791, KLHDC3",0.00553531582476794,2.9645748138427734,0,1,9.928876876831055,3.05306077003479
3101,FUNDC2,"FUNDC2, DOLK, HAX1, ARID1A, ELP4",0.006950027255008843,3.3399462699890137,11,8,10.408222198486328,6.495481967926025
3102,ACAA1,"ACAA1, CHP1, TSR2, SRA1, POLR3H",0.007010811807105126,3.2515029907226562,12,8,7.519143581390381,5.411654949188232
3103,CYTH2,"CYTH2, POLR2A, ZNRD2, IP6K2, UBN2",0.007463754759822587,3.5208466053009033,16,8,9.582087516784668,4.215573787689209
3104,DNM1L,"DNM1L, ZNF706, HMGN2, TFAM, PTRHD1",0.004775508923564406,3.2888407707214355,5,9,11.37934684753418,5.952561855316162
3105,KLHDC4,"KLHDC4, TGOLN2, MRPL9, PET117, METTL17",0.008285326609123957,2.7794876098632812,0,7,8.235697746276855,4.231482028961182
3106,RAB18,"RAB18, SUCLG1, ALG2, PUM1, TMED5",0.007280420707532187,3.4675607681274414,5,0,8.657048225402832,4.627991199493408
3107,TMEM115,"TMEM115, ISY1, RBMXL1, NPAT, TMEM38B",0.006053945309589449,3.3449056148529053,0,7,11.38400936126709,5.228466033935547
3108,RRP1,"RRP1, UBL4A, ZNF445, MPDU1, MIEN1",0.010190236040141333,2.8188297748565674,1,4,8.819167137145996,5.762716293334961
3109,PRR3,"PRR3, RPS6KB2, RAB8A, HELLS, PPP2R1A",0.0072853226875399515,3.3787381649017334,42,6,11.096468925476074,4.511009216308594
3110,GGCT,"GGCT, DTL, GID8, SUCLG1, PRPF31",0.006091200357648461,3.0284335613250732,0,1,10.565823554992676,6.623997211456299
3111,PNO1,"PNO1, AGO1, KIF23, CENPL, POLR2C",0.007246106847477833,3.0570003986358643,2,4,9.0180082321167,3.960338592529297
3112,ILKAP,"ILKAP, SMARCAD1, CTR9, SMC2, NOB1",0.008401013337307205,3.4868154525756836,4,9,8.304611206054688,6.469850540161133
3113,ACTR6,"ACTR6, PSMA7, PPIL4, PIGG, NAT14",0.006229436193867427,3.9076669216156006,3,0,7.514105796813965,6.571631908416748
3114,EIF1B,"EIF1B, SNRNP40, NOP10, AKIRIN2, THAP3",0.00621374985784258,3.275472640991211,1,9,9.040120124816895,5.759585380554199
3115,SEC13,"SEC13, MPDU1, PWP1, NRBP1, UBE2F",0.0067039478586190535,2.6759214401245117,6,6,7.450161933898926,4.990177154541016
3116,ZNF579,"ZNF579, DIAPH3, GTSE1, KAT7, EXOSC4",0.007215714571429692,3.032573938369751,32,4,9.566357612609863,6.300835132598877
3117,FAAP20,"FAAP20, DHX36, LTN1, ANKRD13D, GMCL1",0.008130424040878591,2.893378734588623,0,4,10.198867797851562,5.91500186920166
3118,DNAJC8,"DNAJC8, SUZ12, FUNDC2, STT3B, TXNRD1",0.005209824352252362,4.200995922088623,7,8,8.612543106079102,4.255002975463867
3119,THOC1,"THOC1, RNASEH2C, CLK4, KLHDC4, LRRFIP1",0.008612778873642642,2.739809989929199,6,6,10.001182556152344,4.137213230133057
3120,HNRNPH1,"HNRNPH1, PCNA, PDCD5, PMVK, SEC11A",0.005350020980474433,3.4514353275299072,10,2,8.789209365844727,5.393571853637695
3121,LAMTOR1,"LAMTOR1, BCL7C, ARMT1, RRP36, RBM8A",0.004903940799767842,3.1320226192474365,2,7,10.448001861572266,3.2256088256835938
3122,MDH1,"MDH1, MIS18BP1, GALNT1, ZNF428, MAGEF1",0.0063323777740304866,3.0319666862487793,3,6,8.982696533203125,5.45379114151001
3123,CDCA7,"CDCA7, DGUOK, JAGN1, OSBP, PSMB5",0.005819630665218295,2.9557301998138428,6,6,9.301021575927734,3.300497531890869
3124,ATP5MF,"ATP5MF, PPP1CB, COA8, MPDU1, RBM3",0.003892172126165201,4.0917205810546875,16,3,9.23259162902832,3.333946704864502
3125,ZBTB8OS,"ZBTB8OS, COMMD9, TMEM14B, CIAPIN1, SURF6",0.0034451115494570565,3.77219295501709,0,7,11.193361282348633,3.3149406909942627
3126,PSMD12,"PSMD12, AK6, MRPL4, WDR45B, TLK2",0.008230424433036992,3.357409954071045,9,0,9.168535232543945,6.592885494232178
3127,POLR2C,"POLR2C, SIVA1, FASTK, TMEM101, BET1",0.004079427762461813,3.2497222423553467,0,1,7.641050338745117,5.459895610809326
3128,CCDC47,"CCDC47, UPF3B, PPIL4, RMDN3, ZNF581",0.007982384244644097,2.5674219131469727,1,7,11.258173942565918,5.414875030517578
3129,MRPL21,"MRPL21, CLINT1, ATR, B3GALNT2, CWF19L2",0.00629708351797458,4.2792067527771,0,6,7.866160869598389,6.358337879180908
3130,SPAG5,"SPAG5, NCAPD3, NF2, GLYR1, PIGQ",0.010780434433076209,2.6666386127471924,0,4,9.922744750976562,2.83158016204834
3131,ERCC3,"ERCC3, CDK9, SWI5, FOXK1, ZC3H13",0.011566712026321672,2.4727206230163574,3,1,9.458327293395996,3.7652363777160645
3132,ING2,"ING2, RAC1, PRKAR1A, ELAC2, CDC37",0.006078455209628273,2.9153919219970703,3,1,8.177165985107422,5.134398460388184
3133,PRPF4,"PRPF4, YEATS4, MRRF, PYM1, XRN2",0.007016694183114443,2.656276226043701,13,9,8.7706880569458,4.608193874359131
3134,SYMPK,"SYMPK, CENPF, TBC1D23, ECSIT, TBPL1",0.003979427370303413,3.0347237586975098,1,1,7.669827461242676,5.578390598297119
3135,R3HDM4,"R3HDM4, CDK10, SLC39A7, ATAD5, CCDC6",0.006766693202718442,3.584775924682617,11,8,8.279868125915527,3.0933656692504883
3136,POLR2A,"POLR2A, QTRT1, WDR45B, COQ9, LRRC59",0.006003945113510249,3.4888973236083984,1,5,7.067749977111816,5.561360836029053
3137,MAT2A,"MAT2A, TIPRL, DDX17, LAGE3, TIMM10",0.005154922176165397,2.7136058807373047,4,0,8.809880256652832,5.042550563812256
3138,WASHC2C,"WASHC2C, NUP37, CDCA7, PCLAF, EEF2K",0.00701571378711289,2.900995969772339,2,5,9.0735445022583,5.757969856262207
3139,P3H1,"P3H1, RRP1, KMT2D, MTFR2, SDF2L1",0.007817677716383201,3.748387575149536,14,4,10.705344200134277,5.228763580322266
3140,<SPECIAL>,"<SPECIAL>, PPP1R10, ZWINT, MYO19, KIF20B",0.004409821214985157,4.725707054138184,37,0,7.9513044357299805,5.531876564025879
3141,CTNNAL1,"CTNNAL1, DHX15, PHF19, KPNA6, UAP1",0.006691202710598865,3.079122304916382,8,8,9.031417846679688,6.725366592407227
3142,ARL6IP6,"ARL6IP6, VPS26A, ZNF431, PPIH, TALDO1",0.00840885650531963,2.8072500228881836,10,6,7.467487812042236,4.750258922576904
3143,BSDC1,"BSDC1, C12ORF76, SIRT7, COX19, NKAP",0.011693183110522002,2.6531574726104736,3,2,10.608428955078125,4.215097427368164
3144,TNPO1,"TNPO1, OXA1L, MRPL39, CDC20, PRDX4",0.006107867089674862,3.324159622192383,9,4,11.729877471923828,4.815640926361084
3145,FMR1,"FMR1, SURF6, RSRC2, GABPA, NIPSNAP3A",0.007055910023176562,2.9935591220855713,0,7,10.605277061462402,5.859396457672119
3146,BLVRB,"BLVRB, BLM, TMCO1, CLN5, SLIRP",0.007718657720226354,3.2287697792053223,3,8,8.674882888793945,3.5747485160827637
3147,MCCC2,"MCCC2, YTHDF2, HADHB, TMEM258, PTPN2",0.009541213887113284,2.7905781269073486,6,9,10.415153503417969,6.377973556518555
3148,TSR2,"TSR2, EIF3F, ZDHHC4, SLC25A1, PSMC5",0.008004933352679815,2.7024166584014893,1,4,8.641033172607422,5.797952175140381
3149,ICE2,"ICE2, KRR1, GADD45GIP1, NSL1, RSF1",0.006286299161957498,3.5334229469299316,5,9,9.45817756652832,3.4948041439056396
3150,EIF4G2,"EIF4G2, DEK, REXO2, NOP10, BRIX1",0.00478335209157683,4.550262451171875,1,8,11.990479469299316,5.432249546051025
3151,EIF4A3,"EIF4A3, CYTH2, DDX41, PPP1R16A, PGGT1B",0.008824544409978078,2.5152924060821533,2,7,10.24316120147705,5.59665060043335
3152,TMEM147,"TMEM147, KIFC1, KAT7, SPATA33, CNOT7",0.006204926293828603,3.6063942909240723,0,9,11.22257137298584,6.453936576843262
3153,RAD23A,"RAD23A, COX7B, CDC42SE1, TJAP1, FTSJ1",0.007907874148526072,2.8027288913726807,9,7,8.136761665344238,5.718489646911621
3154,RWDD1,"RWDD1, RRP7A, HAUS8, DHODH, XPO6",0.008375523041266828,2.9507198333740234,0,1,9.343234062194824,4.8408122062683105
3155,MRPL48,"MRPL48, MRTO4, PPTC7, OSBPL8, CFAP410",0.010460825336569947,3.373072624206543,11,0,9.789177894592285,4.746862888336182
3156,KIF14,"KIF14, TMEM50A, SF3B5, SCYL1, STT3A",0.005262765736336221,3.4643261432647705,10,7,9.28152084350586,4.252839088439941
3157,PSMA3,"PSMA3, TIMELESS, MRPS9, ODF2, TJAP1",0.00728140110353374,2.509411096572876,0,6,11.600006103515625,5.522377967834473
3158,TMEM14B,"TMEM14B, RRP12, ESS2, CCT8, DDX19A",0.008750034313860055,2.6508607864379883,0,6,8.112451553344727,4.148969650268555
3159,IMP3,"IMP3, TBC1D7, SCNM1, NOP16, TGIF2",0.005670610472982247,3.1454803943634033,0,4,7.270069122314453,5.741841793060303
3160,NFE2L2,"NFE2L2, UTP18, UBIAD1, ZBTB11, RPS6KB1",0.003252953933152679,3.232719659805298,8,9,9.658102035522461,5.786048412322998
3161,USB1,"USB1, RPP30, OPA3, ATP5MF, PINX1",0.0038725642061341417,2.8839144706726074,5,7,8.280014991760254,4.941742420196533
3162,SSBP1,"SSBP1, CNOT7, HIGD2A, TYMS, PSMF1",0.006645124098525876,2.87253737449646,33,7,7.669939041137695,4.7930474281311035
3163,VPS26A,"VPS26A, TARBP2, SMUG1, WAPL, ZFYVE27",0.005865709277291284,3.0493974685668945,3,5,9.51685905456543,5.218979835510254
3164,LRRC8A,"LRRC8A, PEX3, ABHD14A, MRPS22, ARL6IP6",0.009827489519566744,2.6815409660339355,8,9,10.152587890625,4.188325881958008
3165,PSMC1,"PSMC1, TECR, CALM3, NBN, DUSP11",0.0033774642253499034,4.088517189025879,0,1,10.045768737792969,5.376664638519287
3166,TAOK2,"TAOK2, NOM1, LRRC40, C12ORF76, METTL2A",0.00840885650531963,3.2051098346710205,0,4,8.746855735778809,6.092471122741699
3167,JPT1,"JPT1, RAD21, SRP54, SEPTIN2, CEP192",0.004339232702873345,4.280200481414795,0,8,9.089851379394531,3.7599661350250244
3168,STAM,"STAM, SIN3B, TBC1D10B, RAD18, HCFC1",0.0066294377625010295,3.0678703784942627,0,4,10.187203407287598,4.300754547119141
3169,NSL1,"NSL1, FBXO5, FUNDC1, MRPS14, MED11",0.005404923156561398,3.1269092559814453,3,1,8.886945724487305,5.383082866668701
3170,WDR6,"WDR6, XPO1, CDK9, RHBDD3, STARD3",0.006348064110055333,3.0011537075042725,5,5,8.547975540161133,7.388442039489746
3171,GIGYF2,"GIGYF2, ILF3, UNK, SNRNP200, PSMD2",0.007374538723681269,2.546811580657959,1,0,7.6445207595825195,4.051572799682617
3172,HDAC1,"HDAC1, COX7A2L, PTTG1IP, TMEM38B, M6PR",0.009424546762928481,2.6850578784942627,9,0,8.6123046875,5.985662460327148
3173,HSCB,"HSCB, SLC52A2, SPC25, DDX39B, GART",0.005157863364170056,3.068082571029663,1,9,7.263035774230957,4.86287784576416
3174,MRPL14,"MRPL14, SNRPC, EWSR1, RNF114, SMG1",0.0060480629335801315,3.632981061935425,2,0,7.543477535247803,3.6913557052612305
3175,ORC6,"ORC6, SART3, DHX8, YARS2, DIAPH3",0.0056804144329977765,4.302860736846924,25,4,8.488204002380371,7.116706371307373
3176,EMC6,"EMC6, UBE2G2, SND1, DCP1A, MLX",0.00598433719347919,2.6577634811401367,10,0,8.104839324951172,3.761396646499634
3177,CUL1,"CUL1, KPNA1, DYNC1LI2, RPF2, RCC1",0.007266695163510445,3.3467133045196533,31,1,9.87687873840332,4.294116020202637
3178,ENY2,"ENY2, VMP1, TUBGCP3, FARSA, SF3B1",0.0065549276663830055,3.7428016662597656,1,1,11.15817642211914,4.149786472320557
3179,TERF2IP,"TERF2IP, PAIP2, COPS9, ANAPC1, PTPMT1",0.00746473515582414,2.6491262912750244,5,7,9.743934631347656,3.129580020904541
3180,TUG1,"TUG1, RPAP3, MAGOHB, C15ORF40, HMBS",0.005969631253455896,2.95800518989563,8,2,7.1291937828063965,6.001983642578125
3181,MARCKSL1,"MARCKSL1, SF3B5, XRN2, HNRNPH1, PSMB7",0.004890215255746101,3.4904422760009766,2,8,7.490863800048828,4.547555923461914
3182,DEK,"DEK, TOPBP1, HDAC2, RAB11A, TMPO",0.0041353103345503316,4.348660469055176,5,9,7.893497943878174,5.36115837097168
3183,BZW2,"BZW2, SUMF2, GMCL1, <SPECIAL>, NUDCD2",0.004855901395691748,3.561690330505371,1,9,11.116434097290039,7.161343574523926
3184,NOP10,"NOP10, UFC1, PEF1, TRIM52, SH2B1",0.006951988047011949,2.8126957416534424,0,5,8.670437812805176,4.998778820037842
3185,TSEN34,"TSEN34, YY1, EPN1, ZNF326, SSBP4",0.008141208396895675,3.153813123703003,1,1,11.637511253356934,6.524952411651611
3186,ZC3HAV1,"ZC3HAV1, DDX49, STRAP, NOL10, EIF2B3",0.00796669790861925,2.670506715774536,0,7,8.39896011352539,3.7981276512145996
3187,GMPPA,"GMPPA, CHPF, IDH3A, INTS4, CYREN",0.008082384636802498,3.198793888092041,2,8,10.54525089263916,7.118269443511963
3188,MTRR,"MTRR, SCP2, HMGB1, SUCLG2, ABHD13",0.009060819846352338,3.0916857719421387,1,2,10.265975952148438,5.31622838973999
3189,CSNK1A1,"CSNK1A1, POM121C, TMEM59, SAP18, FEM1B",0.0052353146482927385,3.830425977706909,1,9,10.758381843566895,4.793730735778809
3190,CDC42,"CDC42, DTL, NDUFA4, UBL5, HNRNPA2B1",0.00656669241840164,2.750162124633789,0,3,8.754314422607422,4.73517370223999
3191,BFAR,"BFAR, SLC25A36, RRP12, NFYC, C6ORF47",0.007354930803650211,2.744154453277588,4,8,8.84726333618164,5.807247638702393
3192,SETD4,"SETD4, ZNF771, ZNF444, ATP5F1D, STK32C",0.008514739273487348,3.3627283573150635,0,3,11.821901321411133,4.482733249664307
3193,ATXN10,"ATXN10, PSMC5, TXNL4A, LSM5, XRCC6",0.002902952560598277,3.7393078804016113,11,6,8.826654434204102,4.8975653648376465
3194,RPS19BP1,"RPS19BP1, DLD, MAF1, TMEM69, RBMXL1",0.0037255048059011996,3.214689016342163,0,2,9.554905891418457,7.569892406463623
3195,ZNF445,"ZNF445, HAUS6, ZNF451, ERI1, PRR11",0.007561794359977882,2.4618985652923584,11,4,8.811901092529297,3.594060182571411
3196,FEM1A,"FEM1A, EXOSC4, SMYD2, TMEM223, WASHC2C",0.004968646935870337,3.2772436141967773,0,7,9.907111167907715,5.236780166625977
3197,CRKL,"CRKL, KIF14, PTTG1IP, KIAA0232, LAMTOR3",0.004669626155396688,3.1025514602661133,4,2,8.901089668273926,3.5851869583129883
3198,PTP4A2,"PTP4A2, PIN1, SCNM1, FEM1B, NIPSNAP1",0.0065657120224000875,2.6552505493164062,0,8,8.375526428222656,6.328610420227051
3199,TCHP,"TCHP, U2AF2, CDC123, SPCS1, DDB1",0.008386307397283911,2.835984945297241,10,0,9.000654220581055,4.533691883087158
3200,BCAT1,"BCAT1, CBX4, CDK6, UBE2M, HPS1",0.006653947662539853,2.8227195739746094,8,8,8.756308555603027,4.31223201751709
3201,GNG5,"GNG5, CSNK2B, G6PC3, FHL3, SLIRP",0.004619625959317488,3.276151657104492,0,9,9.545357704162598,3.4191529750823975
3202,DNAAF2,"DNAAF2, SENP5, PRORP, SAE1, MGA",0.006667673206561594,2.958522081375122,0,8,8.51958179473877,7.379746913909912
3203,RLF,"RLF, SRSF10, ZNF562, MRPL45, GON4L",0.005699041957027282,3.1285927295684814,2,4,11.52686595916748,4.930874347686768
3204,CHORDC1,"CHORDC1, THUMPD1, ATP6V1A, CDC40, CRELD2",0.005298059992392127,2.856156587600708,9,6,8.640668869018555,4.570810317993164
3205,HDGFL2,"HDGFL2, PNPT1, PHACTR4, STAU1, RTF2",0.008461797889403488,2.7140605449676514,5,0,9.341672897338867,3.660292625427246
3206,TRMT61A,"TRMT61A, LMNB2, SEC61B, RPE, CCDC86",0.005277471676359515,3.2650868892669678,0,4,7.829178333282471,4.647706031799316
3207,HINT1,"HINT1, EIF3I, ECSIT, PPP1CA, PEX19",0.0041362907305518845,3.587540864944458,4,3,8.970510482788086,4.357629299163818
3208,COX8A,"COX8A, ZNF146, ZNF480, USP33, ROMO1",0.00476668535955043,4.8086347579956055,1,6,8.854618072509766,3.3799889087677
3209,FIS1,"FIS1, PRMT3, DDX21, WDR5, COMT",0.004836293475660689,2.5814855098724365,8,9,10.555767059326172,4.2724714279174805
3210,ATP5IF1,"ATP5IF1, FXN, PBRM1, DDX3X, ANAPC5",0.007615716140063294,3.2012040615081787,13,6,9.06617259979248,4.455216884613037
3211,TFG,"TFG, DUS1L, DNAJB11, SMARCC2, TK1",0.008417680069333605,2.77244234085083,6,8,11.170310020446777,3.9168365001678467
3212,SPTSSA,"SPTSSA, TMEM208, RER1, PTBP3, TRIB3",0.0059647292734481315,2.9388575553894043,4,6,9.337019920349121,5.718719959259033
3213,WBP11,"WBP11, LUC7L, TIA1, ADSL, TMED5",0.00815983592092518,3.0124189853668213,7,6,8.367072105407715,5.416548728942871
3214,TTC27,"TTC27, EMC3, STRN, GTPBP1, TRAPPC12",0.005858846505280413,2.6450581550598145,0,6,8.107635498046875,4.917939186096191
3215,MRPL10,"MRPL10, HSDL2, RBM15B, IMMT, HAUS2",0.009163761426515399,2.7676303386688232,7,5,7.984623908996582,5.29186487197876
3216,METTL17,"METTL17, NGLY1, MSL1, RRM1, OSGIN2",0.0074421860477884225,3.060286521911621,27,1,10.894338607788086,5.212180137634277
3217,PCBD1,"PCBD1, CMSS1, PSMD7, MTHFD1L, DHX36",0.006783359934744842,2.5859968662261963,4,0,8.592591285705566,3.6220240592956543
3218,GMNN,"GMNN, CCDC34, ACO1, KIF22, POLD2",0.00652649618233797,3.499701738357544,7,6,10.395586013793945,3.6735055446624756
3219,ARL6IP4,"ARL6IP4, NDUFV2, KTN1, EIF3L, KRTCAP2",0.003946093906250613,3.9763665199279785,19,8,8.478693962097168,3.3148136138916016
3220,DDX27,"DDX27, UTP23, XPO6, AP1G1, STX4",0.0070686551711967496,2.8906972408294678,0,4,9.945066452026367,5.153602123260498
3221,CEP83,"CEP83, UBE2V1, CAPN1, GSE1, RNF10",0.004837273871662242,2.807478666305542,14,8,10.557594299316406,7.176298141479492
3222,ZRANB2,"ZRANB2, C1QBP, YWHAQ, EIF3M, VAPA",0.004482370519100075,3.3016462326049805,14,8,8.594154357910156,4.419399261474609
3223,SAP30BP,"SAP30BP, SF3A3, THOC5, KRTCAP2, C17ORF75",0.0033196208612582797,3.990415573120117,5,9,11.952820777893066,4.756163597106934
3224,CMC1,"CMC1, ARFIP2, ATG5, TRIM26, PSMD13",0.008718661641810361,2.582423210144043,0,0,7.586216926574707,3.1867475509643555
3225,PSIP1,"PSIP1, TARDBP, NIPA2, NUDT16L1, NDUFV3",0.006877477950893925,2.8646721839904785,4,5,10.335638046264648,6.772212028503418
3226,ODC1,"ODC1, KMT2B, TRMT2A, RAD54L2, SH3GLB2",0.005997082341499378,4.079199314117432,0,1,9.33240795135498,5.419354438781738
3227,KDM5A,"KDM5A, COPS6, RNF145, NGDN, HMGA1",0.00738826426770301,3.024060010910034,8,8,10.478843688964844,3.39591383934021
3228,MRPS14,"MRPS14, DDX28, BARD1, TAF12, CRYZ",0.005557864932803658,2.731372356414795,3,1,9.701069831848145,6.014687538146973
3229,NDUFB2,"NDUFB2, PCMT1, CDC123, MORF4L2, ATP6V0D1",0.005613747504892176,3.4053421020507812,6,0,7.057801723480225,5.630528450012207
3230,DCTPP1,"DCTPP1, ATF6, GTPBP10, RNF181, PLEKHF2",0.004229428350699414,4.180746078491211,0,2,8.618794441223145,2.853055953979492
3231,CDC5L,"CDC5L, RALY, KIF11, LRRCC1, CDCA8",0.00514609861215142,3.0320754051208496,16,4,7.5926618576049805,3.4469492435455322
3232,PRC1,"PRC1, RAE1, WTAP, WDR48, STAMBP",0.007332381695614493,3.2172417640686035,0,7,10.48525619506836,5.898406505584717
3233,ACTR2,"ACTR2, GEMIN7, GTPBP1, TMEM18, ASF1B",0.006351005298059992,4.023921012878418,0,5,9.059525489807129,6.462676048278809
3234,GGPS1,"GGPS1, NPM3, HNRNPA2B1, RNF5, CAPZA1",0.0066529672665383,3.055171489715576,8,3,7.818302154541016,4.22890043258667
3235,MED1,"MED1, COG4, MRPS18B, ZNF445, NR1H2",0.008495131353456288,2.7252516746520996,2,4,9.301889419555664,4.798905372619629
3236,UBR4,"UBR4, PSMD10, ZBED1, PIH1D1, PSMA5",0.006801987458774348,3.265491485595703,3,8,10.097195625305176,5.294167995452881
3237,DUSP12,"DUSP12, DESI1, PTPN11, MFSD12, MED8",0.00606767085361119,3.5803465843200684,21,9,8.918622016906738,5.021068572998047
3238,STRADB,"STRADB, SNX15, UBE2A, LYRM4, CNOT9",0.00990984278369719,3.075227737426758,4,6,11.264439582824707,6.83669376373291
3239,VDAC1,"VDAC1, ADNP, ANXA7, PPP4R3A, ATP6V0A2",0.004144133898564308,3.183170795440674,0,2,8.928428649902344,4.442705154418945
3240,NCOA4,"NCOA4, YWHAH, GGA2, CTCF, CANX",0.0060470825375785785,3.3424723148345947,4,6,10.32773494720459,7.556518077850342
3241,DDX55,"DDX55, KNOP1, DUT, SMARCC2, MBD4",0.006019631449535096,3.3307430744171143,10,2,8.13137149810791,3.735832691192627
3242,NCBP3,"NCBP3, THOC3, RPS6KB2, DUSP12, GET1",0.00711179259526508,2.687183380126953,5,1,7.628850936889648,6.569729804992676
3243,SCFD1,"SCFD1, VBP1, ZNF146, PPM1A, MTERF4",0.006200024313820838,3.3345131874084473,3,4,9.035863876342773,3.9642889499664307
3244,MDN1,"MDN1, PTRHD1, ARPC5L, CSNK2A2, USP24",0.008320620865179864,2.6412668228149414,10,6,10.72083568572998,6.497985363006592
3245,BAD,"BAD, RBBP7, ANXA11, GOLPH3L, NANS",0.006308848269993216,2.6269490718841553,23,2,10.561962127685547,3.7246711254119873
3246,FRG1,"FRG1, MDH2, NUDT16L1, HSD17B10, MAVS",0.006753948054698254,2.673621892929077,8,8,9.38370132446289,3.027792453765869
3247,AURKB,"AURKB, HP1BP3, IMMT, TBC1D23, HNRNPU",0.006940223294993313,3.062185049057007,8,5,11.91489028930664,5.922484397888184
3248,SNX15,"SNX15, DCTN1, C11ORF54, MED17, RALA",0.00490982317577716,3.0500195026397705,23,7,9.833054542541504,5.327286720275879
3249,BRAT1,"BRAT1, KTN1, CCNK, CYB5B, GORASP2",0.008108855328844427,2.839496374130249,1,1,10.42362117767334,4.82196569442749
3250,B4GAT1,"B4GAT1, MTMR4, YEATS4, TM9SF1, SUPV3L1",0.008247091165063392,2.30830979347229,0,4,9.065553665161133,4.141171932220459
3251,NDUFB9,"NDUFB9, MRPS14, AGGF1, METTL16, LYPLAL1",0.0048784505037274654,3.0294368267059326,8,6,7.868702411651611,6.089566707611084
3252,PUF60,"PUF60, PDCD5, CDK2AP1, IMPDH2, UCHL3",0.0050980592080753255,2.851271867752075,7,1,10.019651412963867,3.759101629257202
3253,ECHDC1,"ECHDC1, NACC1, ATR, CLNS1A, MPV17",0.008656896693712524,2.6416995525360107,18,0,8.918804168701172,6.889890193939209
3254,ATG101,"ATG101, DCTN5, PMF1, RBM22, QSER1",0.0056804144329977765,2.818788528442383,0,5,9.250587463378906,4.2297139167785645
3255,CBX5,"CBX5, SNRPG, ITGB1BP1, RNF14, C11ORF58",0.007419636939752705,3.047098398208618,5,2,9.339555740356445,5.874873161315918
3256,IWS1,"IWS1, BRMS1, TIMM44, AP1AR, NDUFA9",0.007485323471856753,3.713658332824707,1,2,9.032780647277832,7.131284713745117
3257,NOL10,"NOL10, PSMB5, MED13, PTRHD1, POLE4",0.009093172914403586,2.7105727195739746,5,1,9.841836929321289,5.141703128814697
3258,KAT2A,"KAT2A, NAT9, NPAT, SNRNP48, SNAPC3",0.009735332295420767,2.409365653991699,0,4,8.610050201416016,7.275964736938477
3259,FKBP1A,"FKBP1A, RAP1B, SNX5, COX7A2, UBE2I",0.005233353856289633,3.5657782554626465,6,3,7.715256690979004,5.772187232971191
3260,DDX21,"DDX21, TAX1BP1, SMARCAD1, VAPA, PUS7L",0.006879438742897031,2.8498384952545166,3,2,10.08387565612793,6.810429096221924
3261,TRAF4,"TRAF4, MRPS12, BRMS1, COA4, GRHPR",0.00497649010388276,2.8135297298431396,0,0,10.92580795288086,4.663712024688721
3262,TOP1,"TOP1, KRI1, ERAL1, ZNF428, AKT1",0.006282377577951286,3.166713237762451,61,2,7.7069807052612305,4.124485969543457
3263,HNRNPA2B1,"HNRNPA2B1, PDIA6, EXOSC5, IFRD2, SCO2",0.0038558974741077414,3.326673984527588,0,3,9.03828239440918,6.126053333282471
3264,PTRHD1,"PTRHD1, KIF23, NADK2, SPC25, LIMS1",0.005908846701359613,3.585846424102783,11,9,9.352813720703125,6.493126392364502
3265,NAA16,"NAA16, SLIRP, COA7, CPOX, ELAC2",0.006167671245769591,2.9952609539031982,0,2,11.081043243408203,5.725589752197266
3266,ZNF512,"ZNF512, ZC3H7B, ZNF7, GDF11, GPAT4",0.005938258581406202,3.054513454437256,2,7,8.39601993560791,3.929548978805542
3267,RNF10,"RNF10, PLPBP, YWHAZ, LARP7, RIC8A",0.006441201730202863,3.1476430892944336,7,5,7.300151824951172,5.2920145988464355
3268,DUSP12,"DUSP12, HDAC2, TCEA1, TATDN3, CCSAP",0.007826501280397177,2.345099449157715,0,4,8.739532470703125,5.759328365325928
3269,MTRF1L,"MTRF1L, ZNF384, TNPO1, ERCC3, SCAND1",0.008590229765606925,2.5031898021698,0,7,9.754911422729492,5.734982013702393
3270,FDPS,"FDPS, DNAJC1, MFN1, ANKRD54, TRAPPC13",0.005591198396856459,3.5719432830810547,0,8,10.476957321166992,3.914846420288086
3271,ZNF322,"ZNF322, GPX4, DNAJB6, MAPKAPK2, CSNK1E",0.005137275048137444,3.566206455230713,14,2,7.218185901641846,5.038662910461426
3272,ZNHIT6,"ZNHIT6, SMS, PSIP1, CNPY2, MTG1",0.006931399730979337,3.0819060802459717,3,8,11.233699798583984,3.5854151248931885
3273,POLRMT,"POLRMT, GSTCD, RHOBTB3, U2SURP, MSTO1",0.006791203102757265,2.779341220855713,0,2,11.242793083190918,4.874657154083252
3274,NMT1,"NMT1, SUMF2, DDX27, EXOSC9, SRSF11",0.00845297432538951,3.704244375228882,4,4,11.345440864562988,6.409778118133545
3275,MRPL12,"MRPL12, PPM1G, SSR1, PAFAH1B3, CDC20",0.006649045682532088,3.208667755126953,4,0,11.08381175994873,3.951662063598633
3276,ZNF714,"ZNF714, PDXP, DPP3, MDP1, XPNPEP3",0.004750018627524029,3.3238699436187744,23,1,11.699369430541992,4.5812602043151855
3277,ITGB1,"ITGB1, NIPBL, PA2G4, TRMT112, SPECC1L",0.005911787889364272,3.1779589653015137,21,8,10.20751953125,7.385997772216797
3278,AGBL5,"AGBL5, PUS1, CPSF4, LTV1, AKIP1",0.0064853195502727464,2.500190019607544,3,6,10.129253387451172,6.451120376586914
3279,NDUFAF4,"NDUFAF4, NDUFS7, KLHDC3, SHLD2, BCCIP",0.0037990345060176707,4.380092144012451,0,4,8.763876914978027,6.856334686279297
3280,C15ORF40,"C15ORF40, CHCHD7, NOP16, NOC2L, DHCR24",0.004489233291110946,3.356335163116455,11,0,9.687326431274414,4.517101287841797
3281,ECSIT,"ECSIT, RSRC1, PCM1, UBXN7, EIF3A",0.004465703787073675,2.6462936401367188,6,7,12.009025573730469,5.354638576507568
3282,SON,"SON, YWHAH, DCLRE1C, RBM5, TRAPPC2L",0.005251000984317585,3.5736446380615234,1,3,8.654075622558594,7.3125176429748535
3283,CDT1,"CDT1, ANAPC11, C12ORF43, C8ORF82, PPP1R35",0.004863744563704172,4.576691150665283,0,2,8.268363952636719,4.429049491882324
3284,BSG,"BSG, POLE4, TOE1, TMEM223, USB1",0.004018643210365531,3.835139751434326,3,7,8.822794914245605,2.9815502166748047
3285,TBL3,"TBL3, BMI1, NUP50, MRPL37, SCAMP4",0.005184334056211985,2.997293472290039,3,7,10.982454299926758,6.0285468101501465
3286,COX7A2L,"COX7A2L, DNAJC19, MRPL12, NDUFA11, IPO11",0.006253946093906251,3.0785160064697266,12,1,8.713315963745117,6.145197868347168
3287,EIF1B,"EIF1B, NFX1, TOMM22, CHP1, CCDC12",0.006098063129659332,3.015989065170288,4,3,7.59056282043457,4.871616363525391
3288,TRIM41,"TRIM41, INTS11, UBA6, NIPSNAP2, NDUFS2",0.005838258189247801,2.7857978343963623,14,1,8.246626853942871,4.411486625671387
3289,ABHD5,"ABHD5, PNKP, GUSB, SMIM30, PNPLA8",0.005378452464519469,3.750635862350464,0,0,7.492669582366943,4.545581340789795
3290,NDUFA4,"NDUFA4, SUMO2, RBX1, SF1, MRPL32",0.006829438546817831,3.3612959384918213,7,3,10.286698341369629,4.337069988250732
3291,<SPECIAL>,"<SPECIAL>, SGO1, ATP5F1B, YIF1A, ARF4",0.005144137820148315,4.672433376312256,10,3,7.572717189788818,5.1091203689575195
3292,RCE1,"RCE1, MRPL49, DPP9, ASH2L, ERV3-1",0.0071480672473225385,3.142380475997925,6,1,10.615302085876465,4.119661331176758
3293,SEC61B,"SEC61B, TRIM13, CSNK2A1, ATXN10, ATP6V1F",0.0055313942407617285,2.949488639831543,0,0,8.756363868713379,6.3801093101501465
3294,MTR,"MTR, SMPD4, ICE2, DCUN1D5, GTF2H2",0.00469707724344017,3.553323268890381,0,1,11.232503890991211,5.0312652587890625
3295,SREK1,"SREK1, CDC37, USP15, UBXN4, EIF3B",0.002938246816654183,3.785937786102295,1,9,10.856365203857422,6.795193195343018
3296,CDCA7,"CDCA7, LAGE3, UBE2N, BYSL, UBXN4",0.006672575186569359,2.5785698890686035,3,5,7.7669758796691895,6.9124555587768555
3297,PSMC5,"PSMC5, PACSIN3, TMEM165, TPR, G3BP2",0.00596767046145279,2.547483205795288,6,6,8.985396385192871,3.8042070865631104
3298,CDC34,"CDC34, UPK3BL1, RAB9A, NUDC, NENF",0.007701990988199954,3.4525113105773926,10,5,11.720512390136719,5.714058876037598
3299,RNF5,"RNF5, PCMT1, CRBN, PSMG2, INTS6",0.006413750642159381,3.1659953594207764,10,0,10.597757339477539,3.6314260959625244
3300,TIAL1,"TIAL1, KIF9, MTFMT, PPP6C, TFDP1",0.006743163698681171,2.81665301322937,4,4,9.441729545593262,6.735470294952393
3301,COPS9,"COPS9, TOMM6, MRPL23, RPL26L1, CDK1",0.00632355421001651,3.0112693309783936,26,8,8.31680965423584,6.331597805023193
3302,SYAP1,"SYAP1, DNAAF2, PTS, NDUFS4, NUDT16L1",0.00579806195318413,2.67482852935791,2,0,8.380525588989258,3.945091485977173
3303,COPRS,"COPRS, MCM6, HELLS, PSMC3IP, HPS4",0.00437452695892925,4.117006778717041,2,9,10.86739444732666,6.69857931137085
3304,SWI5,"SWI5, SMARCD2, PSIP1, PDZD11, SYAP1",0.005452962560637493,3.6428825855255127,2,5,10.817497253417969,5.705845355987549
3305,ARPC5,"ARPC5, UBE2W, CERS2, YWHAZ, APRT",0.006436299750195099,2.80670428276062,1,5,10.337715148925781,2.9863083362579346
3306,EXOSC7,"EXOSC7, SMAGP, ATF7, MCMBP, DECR1",0.007196106651398633,3.032219409942627,3,7,9.33253002166748,5.408437252044678
3307,MKI67,"MKI67, TBC1D9B, TARBP2, PAXBP1, ZMYM4",0.0067755167667324185,2.8844103813171387,3,8,9.053443908691406,5.706742286682129
3308,MTRF1L,"MTRF1L, KXD1, ZC3HAV1, TOP1, DNAJC1",0.006651006474535194,2.8364617824554443,9,0,9.395970344543457,3.64962100982666
3309,EIF2S2,"EIF2S2, SSBP1, FIS1, TMX2, C1QBP",0.006066690457609637,3.5574142932891846,3,9,10.106677055358887,3.938899040222168
3310,NOM1,"NOM1, DDX50, RAB11FIP1, DGAT1, TRMT61A",0.006793163894760371,2.8897902965545654,0,6,8.168816566467285,6.2110700607299805
3311,MED21,"MED21, UNG, EFL1, DOLK, RING1",0.004161781026592261,3.6468751430511475,6,7,10.8508882522583,3.6676976680755615
3312,MRPL51,"MRPL51, NDUFB11, SRSF10, OSTC, UQCC2",0.003944133114247507,5.076350212097168,2,3,9.292057037353516,4.582164287567139
3313,TIMM44,"TIMM44, ACSL3, WDR18, SBDS, ANGEL2",0.006207867481833262,2.6105058193206787,4,7,9.479852676391602,7.099865436553955
3314,EIF5,"EIF5, CAPZA2, ILF2, SKP1, RBM8A",0.003471582241498986,4.064800262451172,1,8,11.510807037353516,4.403625011444092
3315,KNSTRN,"KNSTRN, SDAD1, HELLS, RIT1, RRP12",0.006731398946662536,2.7483975887298584,12,6,7.829356670379639,4.7818922996521
3316,HNRNPF,"HNRNPF, DNAJB6, POLA2, GLUD1, TIAL1",0.006864732802873736,2.9274959564208984,2,4,8.810251235961914,5.044051170349121
3317,MRFAP1,"MRFAP1, ROCK2, ISCU, SBNO1, SOX12",0.004439233095031745,4.832467555999756,5,7,9.3365478515625,5.615112781524658
3318,PRPF4,"PRPF4, TM2D3, PIH1D1, DAXX, BABAM1",0.007335322883619152,2.788149833679199,3,4,9.738247871398926,6.82952880859375
3319,PCBP2,"PCBP2, YBX3, FNTA, CMAS, CISD2",0.00534217781246201,3.6530938148498535,0,8,9.144291877746582,2.7424423694610596
3320,PNPT1,"PNPT1, TCAF1, TSC2, ZBTB7A, RPRD1A",0.004923548719798901,4.201785564422607,4,6,9.162561416625977,3.2230329513549805
3321,NDUFS1,"NDUFS1, EIF4EBP2, ZBTB7A, MRPL27, AP2M1",0.005400021176553633,4.680392265319824,2,8,10.270047187805176,6.821181774139404
3322,ABI1,"ABI1, BAZ1A, KAT7, MIDN, PSMA7",0.006569633606406299,3.148500442504883,13,8,10.720507621765137,4.56114387512207
3323,AMD1,"AMD1, DPY30, LRIF1, RABGGTA, AXIN1",0.009092192518402034,3.340397834777832,3,4,10.51998233795166,4.7819952964782715
3324,APOOL,"APOOL, MRPL33, DNAJC19, MRS2, OSGIN2",0.007253950015490257,3.1458041667938232,3,0,7.750675678253174,6.161412239074707
3325,TAF13,"TAF13, NDUFC2, UBAC2, SPC24, SLC5A6",0.005405903552562951,2.9820923805236816,0,3,8.241422653198242,3.979809284210205
3326,REXO1,"REXO1, YARS2, PPRC1, NSMAF, SNX8",0.0060372785775630496,3.3310415744781494,0,4,10.813006401062012,6.440130710601807
3327,RPL26L1,"RPL26L1, UBE2K, SERBP1, ATP5ME, SLC7A6OS",0.003772563813975741,3.9080724716186523,0,8,8.690019607543945,2.7715673446655273
3328,COA5,"COA5, MRPL46, SMARCA1, SDAD1, PSMC2",0.006911791810948279,2.504840850830078,8,7,7.635022163391113,6.498352527618408
3329,KXD1,"KXD1, CCT3, NDUFS4, ATG4B, CASP6",0.006384338762112793,3.126889944076538,7,6,9.573894500732422,4.201520919799805
3330,JADE1,"JADE1, QDPR, NSRP1, ZKSCAN1, CENPM",0.007088263091227808,3.7263379096984863,0,8,7.492109298706055,5.547054290771484
3331,HLTF,"HLTF, SMIM30, DRAM2, MRPS36, COX17",0.005218647916266339,3.34175705909729,2,1,9.71792221069336,6.1256232261657715
3332,SNRPG,"SNRPG, SEC61G, CIB1, HNRNPU, GTF2A2",0.006752967658696701,3.0308914184570312,34,3,9.371063232421875,2.633143663406372
3333,KATNA1,"KATNA1, TRIM25, RBM27, PTRH2, SRP68",0.007841207220420473,2.775726795196533,1,5,11.376188278198242,5.994808197021484
3334,HSP90AA1,"HSP90AA1, HGH1, CTSC, CLTA, FKBP4",0.005424531076592457,3.3304946422576904,4,3,9.481882095336914,6.133053302764893
3335,LRR1,"LRR1, TET1, NAP1L4, RAB4A, GGPS1",0.006061788477601873,3.033029317855835,2,0,8.330459594726562,5.751760959625244
3336,NABP2,"NABP2, TGS1, DDX18, HACD3, SFSWAP",0.0073578719916548695,3.0355594158172607,4,2,11.310114860534668,3.9876291751861572
3337,PFDN6,"PFDN6, VBP1, PTGES2, MEAF6, NUP42",0.007416695751748046,3.282146453857422,10,7,8.723408699035645,4.787697792053223
3338,POLD2,"POLD2, DAD1, RFXANK, ECSIT, CCT2",0.0072941462515539275,3.7741034030914307,0,9,10.82278823852539,3.8459365367889404
3339,THOC6,"THOC6, MYCBP, INO80C, PSMC5, JRK",0.004970607727873442,3.7229604721069336,0,4,10.609891891479492,3.9681856632232666
3340,PRPF31,"PRPF31, NUS1, FKBP3, COX20, FAM162A",0.005502962756716693,3.256417989730835,7,2,7.04430627822876,5.184940814971924
3341,RBM15B,"RBM15B, CASP8AP2, ZNF639, LRIF1, RING1",0.00693238012698089,3.0053372383117676,0,7,9.257071495056152,5.05344295501709
3342,BAG5,"BAG5, ZBTB11, CD320, PKN1, KIAA1143",0.00781375613237699,2.501049518585205,14,6,10.445233345031738,3.8515586853027344
3343,ADNP,"ADNP, GADD45GIP1, LSM4, MAPKAPK2, CNOT6",0.005556884536802105,2.6841161251068115,8,0,9.345632553100586,3.900871753692627
3344,BROX,"BROX, METTL16, CWC27, TASOR2, ANKS6",0.006680418354581783,2.464233160018921,0,9,11.75932502746582,5.6203389167785645
3345,TRAPPC1,"TRAPPC1, CSNK2A2, SLC25A4, DDX41, RNF20",0.0061941419378115205,3.0476670265197754,8,8,11.746734619140625,5.584646224975586
3346,FAM120AOS,"FAM120AOS, RANBP3, PRRC1, CENPX, TMEM11",0.009553959035133472,2.4921066761016846,6,6,9.051600456237793,4.1373209953308105
3347,MFSD14B,"MFSD14B, SSR1, SLC25A24, DPH5, RAB7A",0.004685312491421535,3.3289072513580322,0,8,10.619183540344238,4.424537181854248
3348,CZIB,"CZIB, WASF2, UBE2F, OAZ2, POMGNT1",0.007114733783269738,2.595404624938965,0,7,7.18316650390625,5.238338947296143
3349,CBX5,"CBX5, MYC, MRPL3, PSMC4, SLC39A3",0.005893160365334766,3.577889919281006,28,0,9.096179962158203,4.932158470153809
3350,UHRF1,"UHRF1, DDX39A, BMP2K, FRG1, CREBZF",0.009257879442664482,2.643240213394165,4,0,7.902914047241211,4.1508378982543945
3351,GAPVD1,"GAPVD1, TPGS2, NDUFB3, STAG2, TUG1",0.006763752014713784,2.9294044971466064,7,0,10.285263061523438,7.214807987213135
3352,SEC61A1,"SEC61A1, RHOBTB3, ZFR, UQCRFS1, NPRL3",0.005547080576786575,2.7091257572174072,7,2,8.94927978515625,4.391164779663086
3353,ZFP91,"ZFP91, ZNF579, TIMM8A, ZC3H18, TBC1D20",0.009482390127020107,2.581392526626587,0,4,10.113614082336426,3.002415180206299
3354,TUBA1B,"TUBA1B, SNX6, WDR1, PGLS, IDH3G",0.005957866501437261,5.034247398376465,4,7,10.998001098632812,4.699369430541992
3355,COPE,"COPE, SRP9, ROCK2, RPL17, PTMS",0.003982368558308072,4.731540679931641,13,3,7.719476699829102,5.000837802886963
3356,GNB1,"GNB1, TARBP2, DCAF12, ZNF592, MRPS18C",0.006298063913976133,3.148803234100342,6,7,9.842798233032227,6.513721466064453
3357,BCLAF1,"BCLAF1, SECISBP2, AP3M1, RTCB, ARV1",0.004975509707881207,3.8331856727600098,6,5,7.99541711807251,4.911713123321533
3358,C1ORF35,"C1ORF35, TUBGCP2, TRAPPC1, WDR74, PSMB7",0.004888254463742995,3.9196834564208984,1,6,8.624799728393555,4.275271415710449
3359,PIK3CB,"PIK3CB, MRPS7, MRPS5, ZFX, RIF1",0.005589237604853353,3.4794063568115234,12,6,9.999927520751953,6.86626672744751
3360,PSME3,"PSME3, STAT1, ZDHHC5, BLM, DCXR",0.006973556759046114,2.508570432662964,12,2,8.608099937438965,3.9084692001342773
3361,BCS1L,"BCS1L, MRGBP, BCCIP, PAICS, GEMIN7",0.007766697124302448,2.8261847496032715,0,4,11.190000534057617,4.974486351013184
3362,ERAL1,"ERAL1, USP1, BUD31, PLK1, AURKB",0.0031127573049306075,4.514014720916748,46,5,9.046857833862305,6.412522315979004
3363,SP1,"SP1, ACOT13, SAFB, COX5A, VPS4A",0.006603947466460653,2.651446580886841,4,5,9.993725776672363,2.571962833404541
3364,SLC35F2,"SLC35F2, SLC52A2, ATAD3B, B3GAT3, TMEM250",0.009844156251593144,2.389157772064209,0,4,10.308249473571777,7.522559642791748
3365,TBC1D23,"TBC1D23, EIF2B4, MED17, EXOSC6, DDX59",0.010354942568402229,3.8325016498565674,2,1,8.370912551879883,5.406398296356201
3366,APLP2,"APLP2, REXO2, NASP, MEN1, SPAG9",0.004080408158463366,4.338214874267578,5,8,7.57319450378418,5.832481384277344
3367,POLK,"POLK, PMF1, PRADC1, FAM210A, ALKBH5",0.005652963344954294,2.5748422145843506,3,2,8.44903564453125,6.713227272033691
3368,RFC2,"RFC2, C5ORF24, TMEM97, PDCD11, GLUD1",0.007446107631794634,3.2314319610595703,6,9,10.108752250671387,7.46035099029541
3369,GLYR1,"GLYR1, GNPTG, TSC2, DPH7, MZT1",0.0056059043368797525,2.8930959701538086,8,1,8.588655471801758,4.0227227210998535
3370,TECR,"TECR, MCM2, ZNF33B, NUP88, TM7SF2",0.007679441880164236,3.446594715118408,14,6,9.016060829162598,3.816316843032837
3371,PKN1,"PKN1, GNL3, RPIA, PGP, FUBP1",0.007553951191965459,3.2888131141662598,4,6,8.83010482788086,6.819191932678223
3372,<SPECIAL>,"<SPECIAL>, PPP6C, DDRGK1, NMT1, ERP44",0.0037823677739912704,3.7899117469787598,16,0,7.222642421722412,3.5572257041931152
3373,PCBP1,"PCBP1, SERP1, MED11, HNRNPA2B1, C8ORF76",0.005426491868595563,3.259509801864624,0,4,9.621299743652344,2.996713876724243
3374,LSM12,"LSM12, CYB5B, USE1, DPH2, LIAS",0.006580417962423382,2.925365686416626,0,1,9.894725799560547,2.957122564315796
3375,SRF,"SRF, TM9SF1, ISY1, BUD13, ALG8",0.0071372828913054565,2.675874948501587,0,4,9.758500099182129,6.531492233276367
3376,TTC19,"TTC19, DGUOK, MTF2, RPS19BP1, U2AF2",0.005506884340722905,3.2872636318206787,2,1,7.663512706756592,5.25023889541626
3377,ORAI2,"ORAI2, MIEF1, AP3D1, VAC14, UBN1",0.01073729700900788,2.52376651763916,0,4,11.019241333007812,5.708993911743164
3378,DBF4,"DBF4, AGO2, LRRC47, PSMC4, ATG5",0.00460393962329264,3.059290885925293,4,0,8.562484741210938,3.4658966064453125
3379,BCLAF1,"BCLAF1, PSMA1, PPP1CB, SLC35F5, VPS36",0.005544139388781916,4.084894180297852,40,8,9.600074768066406,6.02186918258667
3380,CCT4,"CCT4, MOCS2, VCP, KIF22, CDK11B",0.006436299750195099,2.56008243560791,0,8,7.724853038787842,5.259811878204346
3381,LSM7,"LSM7, UTP3, RSL1D1, SIAH2, TMEM128",0.008218659681018358,2.6619889736175537,0,5,11.129002571105957,6.577428817749023
3382,UNC45A,"UNC45A, C15ORF61, ZFAND1, CENPA, ELOVL5",0.0043598210189059565,3.132356643676758,5,7,10.619775772094727,6.026611804962158
3383,RBFA,"RBFA, HSPA5, RAP1B, GPBP1, SON",0.005473550876670104,3.2187631130218506,3,3,10.755725860595703,3.79123854637146
3384,NUMA1,"NUMA1, CEP350, FZR1, DCAF11, TMEM50B",0.008640229961686124,2.3586466312408447,3,1,8.592942237854004,5.74726676940918
3385,SLC35E1,"SLC35E1, GPAA1, ATP1B3, SCAMP4, CCDC138",0.005227471480280315,2.9062325954437256,2,1,8.48801326751709,4.694377899169922
3386,POLR2B,"POLR2B, PSMA3, USP39, UBAP2, CENPW",0.004627469127329911,3.3149755001068115,8,9,10.618996620178223,3.1194705963134766
3387,NDUFA10,"NDUFA10, FKBP1A, MMADHC, BUD31, PHACTR4",0.006056886497594108,3.4407267570495605,1,8,7.045170783996582,4.544458389282227
3388,CNBP,"CNBP, HSP90B1, CKS2, NAPA, RRP9",0.004629429919333017,4.053138732910156,7,3,9.773221015930176,6.035531044006348
3389,CLTA,"CLTA, TMEM160, DSG2, DCTN3, HADH",0.005643159384938764,3.2941393852233887,0,1,9.20624828338623,6.229363441467285
3390,SERBP1,"SERBP1, LRRC75A, MARCKSL1, TMEM181, ERI3",0.004592174871274005,3.0379323959350586,0,2,8.130476951599121,7.0638861656188965
3391,SNRPB2,"SNRPB2, ATXN7L3B, TAF7, CCDC138, RBM15B",0.004701979223447935,3.457313060760498,1,7,8.811322212219238,3.4924237728118896
3392,COPS6,"COPS6, MED17, SDHB, RWDD4, BTF3L4",0.00800689414468292,2.952587127685547,32,9,8.599498748779297,3.5542428493499756
3393,TXNDC12,"TXNDC12, PSMB4, ATP1B3, APOO, PSMA7",0.0043578602269028505,3.4089605808258057,3,5,10.24134635925293,4.981694221496582
3394,IFT20,"IFT20, RALBP1, MKKS, UBR4, CASP2",0.0028578543445268415,4.5061726570129395,0,4,8.366262435913086,4.267523288726807
3395,NAE1,"NAE1, RDX, ANKLE2, CYB5R4, HYAL2",0.006108847485676415,3.7513575553894043,2,6,7.549993991851807,5.624425888061523
3396,SRSF7,"SRSF7, DNAAF2, ING2, BRD1, GTPBP10",0.004658841799379605,3.435499906539917,0,6,10.296009063720703,4.233353614807129
3397,PNO1,"PNO1, ALAS1, HMCES, TAF8, ADI1",0.006255906885909357,3.834674835205078,0,7,8.825820922851562,5.312872886657715
3398,POP5,"POP5, BRMS1, IK, RBM17, ZNF664",0.007562774755979435,2.9533965587615967,1,0,8.54316520690918,3.7725696563720703
3399,CPNE1,"CPNE1, NIP7, PMF1, SRP19, GINS2",0.006139239761724556,3.074599027633667,7,0,11.490236282348633,6.245622634887695
3400,NAXE,"NAXE, SNX15, SMARCC2, CWC27, MPST",0.004931391887811325,3.090726852416992,4,0,9.156139373779297,4.923583507537842
3401,RPL17,"RPL17, CNPY2, PPAN, PNN, NPRL2",0.004854920999690195,3.5909440517425537,2,5,9.403124809265137,7.517051696777344
3402,DNMT1,"DNMT1, RAD51, COX20, GOLGA7, CC2D1A",0.005961788085443473,4.388205528259277,4,2,8.089908599853516,5.1812052726745605
3403,CHCHD7,"CHCHD7, CERS2, NT5C3A, COPB2, THYN1",0.00877552460990043,2.481832981109619,5,0,8.870268821716309,3.723550319671631
3404,MED10,"MED10, PRPF4, NOC2L, PDCD11, ZNF714",0.006200024313820838,2.722451686859131,16,1,8.216129302978516,7.41022253036499
3405,LSM14A,"LSM14A, CCT4, PTGES3, PRDX4, ANP32A",0.004927470303805113,3.333542585372925,3,8,10.667892456054688,5.01027250289917
3406,RBM22,"RBM22, KAT7, THG1L, MED14, DDX50",0.0035980533256993164,4.047492980957031,3,9,11.972685813903809,5.508602142333984
3407,<SPECIAL>,"<SPECIAL>, KIF18A, TPX2, VAT1, ATP5MC1",0.004700018431444829,5.622615814208984,1,8,8.305014610290527,4.22098970413208
3408,PDIA3,"PDIA3, NUP188, CPSF4, CALR, TIMM9",0.00639022113812211,2.8667685985565186,0,4,9.086517333984375,7.552104949951172
3409,NDUFV1,"NDUFV1, ZC3H15, SENP6, CUEDC2, ESCO1",0.009701998831367966,3.047621488571167,17,9,8.814274787902832,6.901601791381836
3410,PTGES3,"PTGES3, RUNDC1, HSPA14, MRPL40, EFCAB11",0.003630406393750564,4.092045783996582,0,4,8.119293212890625,6.0129499435424805
3411,MRPL42,"MRPL42, DHX40, TSNAX, SPTLC1, COX15",0.005143157424146762,2.8859329223632812,0,4,7.555722236633301,6.772366046905518
3412,ATXN10,"ATXN10, EMC3, GEMIN7, ELAVL1, SERTAD2",0.007510813767897129,3.492790937423706,2,1,9.742037773132324,3.8661141395568848
3413,PJA2,"PJA2, GXYLT1, SAR1B, RCN2, MOB1A",0.008139247604892569,2.597464084625244,1,4,9.112893104553223,4.35147762298584
3414,ERP29,"ERP29, CDC37, ATP5F1A, SCAMP2, ARF1",0.006752967658696701,2.7551581859588623,5,1,9.158982276916504,5.773344993591309
3415,HNRNPUL2,"HNRNPUL2, NUP153, AP3D1, ZNF791, GCN1",0.005850022941266436,3.0873236656188965,1,4,10.31478214263916,6.367319107055664
3416,HAT1,"HAT1, BSG, CLIC1, VSIG10, TIPIN",0.005242177420303609,3.213825225830078,0,3,10.594348907470703,2.708942413330078
3417,ARHGDIA,"ARHGDIA, VKORC1, CD46, RAB5C, GNL3",0.006745124490684277,2.9819092750549316,44,6,10.638771057128906,3.534297466278076
3418,NME4,"NME4, AP3M1, SPNS1, GCSH, CARHSP1",0.0037274655979043056,3.435279607772827,6,5,11.034854888916016,4.512019157409668
3419,COX7B,"COX7B, NFYB, NFE2L2, VDAC2, RAB11FIP1",0.006160808473758721,3.1896026134490967,1,1,8.275914192199707,4.596241474151611
3420,NOP10,"NOP10, ANAPC10, SRSF7, BCAS2, CLTA",0.006360809258075522,3.0177254676818848,4,3,7.969738960266113,7.254591464996338
3421,MDH1,"MDH1, CAP1, ZFC3H1, RALGDS, TLE5",0.005391197612539657,2.963747024536133,2,5,7.43380880355835,5.030699729919434
3422,PGAM5,"PGAM5, TBL3, SNAPC2, RNF2, NCKAP5L",0.004990215647904502,3.2016806602478027,0,4,10.129914283752441,4.588522434234619
3423,TXNDC12,"TXNDC12, ITGB1BP1, NRDC, TPP2, SFXN4",0.004988254855901396,3.2014412879943848,12,8,9.403562545776367,6.165812015533447
3424,ZNHIT2,"ZNHIT2, UTP6, ESCO2, PDXK, ME2",0.007179439919372233,2.9605085849761963,2,7,8.408077239990234,2.9647669792175293
3425,PRELID3B,"PRELID3B, SNRPG, TMEM259, GRAMD1A, SCOC",0.008395130961297887,3.3606631755828857,2,5,10.820444107055664,5.360414505004883
3426,RNPS1,"RNPS1, AGO3, NUDT9, SPAG7, THAP4",0.00740787218773407,3.141092300415039,0,4,8.101136207580566,7.302435874938965
3427,ECHDC1,"ECHDC1, MRPL24, VEGFB, MRPL20, SLC39A4",0.00734806803163934,3.0011961460113525,0,6,8.850970268249512,7.417041301727295
3428,CNIH4,"CNIH4, TBP, BRWD3, PPIH, CHMP4B",0.011311809065917906,2.6902847290039062,5,1,10.113370895385742,3.6792640686035156
3429,RPAP3,"RPAP3, PSMA1, AP3M1, ARV1, DGCR8",0.006931399730979337,2.9058749675750732,11,6,10.322992324829102,5.608463287353516
3430,ERAL1,"ERAL1, ATP6V1F, PHF5A, MRPL28, NPLOC4",0.008141208396895675,3.805418014526367,9,0,7.791440010070801,4.011845111846924
3431,TMEM70,"TMEM70, MLXIP, ZNRD2, ECI2, BNIP3",0.007751010788277601,2.878239393234253,14,1,7.266308784484863,5.121894359588623
3432,PTPN1,"PTPN1, IPO7, ZNF426, RAB21, TMEM185B",0.00794022721657732,2.8287525177001953,1,5,8.762313842773438,4.2622575759887695
3433,LARP1,"LARP1, BID, ZMYND8, FDFT1, GTF3C6",0.006870615178883054,3.3970255851745605,9,8,10.086292266845703,5.333054065704346
3434,FAAP20,"FAAP20, FNIP1, ELOVL5, UBAC2, SNX9",0.004818646347632736,4.056958198547363,2,8,9.230742454528809,4.5141496658325195
3435,PARL,"PARL, COMMD7, PDIA6, TATDN2, DNAJC3",0.007332381695614493,3.5455093383789062,13,0,7.880319595336914,4.598839282989502
3436,NUSAP1,"NUSAP1, PNKP, ESYT1, CENPS, SEPTIN2",0.005266687320342433,3.593470811843872,3,8,10.001179695129395,5.100445747375488
3437,SNX1,"SNX1, USP47, ACTR3, MED28, CDK2",0.006238259757881404,2.7119314670562744,30,0,10.541601181030273,4.803234577178955
3438,OXA1L,"OXA1L, <SPECIAL>, LSM12, GPI, PGAM1",0.005117667128106385,3.3894591331481934,1,9,8.916272163391113,4.875925064086914
3439,RTF1,"RTF1, PHF13, CDK11B, PLCXD1, NTMT1",0.005430413452601775,3.0082273483276367,1,4,8.369871139526367,6.395259857177734
3440,CHMP4A,"CHMP4A, PHF13, DOT1L, UBXN2B, NAP1L4",0.0073578719916548695,2.59899640083313,1,3,7.087591171264648,5.0098490715026855
3441,CEBPZ,"CEBPZ, TRIM28, PTOV1, CHCHD7, IDH3B",0.0047206067474774415,3.9540352821350098,1,0,9.114253997802734,6.2784810066223145
3442,RBFA,"RBFA, ZNF639, DENND4B, C6ORF120, NOP14",0.0068480660708473366,2.665635824203491,7,6,10.27722454071045,5.22576379776001
3443,TMEM41A,"TMEM41A, NUDT2, RFK, MRPL50, GART",0.006451986086219946,3.8808460235595703,1,7,10.63956069946289,5.051812648773193
3444,SURF2,"SURF2, KIF23, CKS2, ADAT1, MIEN1",0.005334334644449586,3.1791653633117676,16,2,10.564688682556152,4.303511142730713
3445,TBCA,"TBCA, HSPA8, HNRNPDL, LUC7L3, HSP90AA1",0.005192177224224409,2.976624011993408,19,3,9.68077278137207,6.885854721069336
3446,THOC1,"THOC1, C4ORF46, C1ORF52, ABHD5, AGTRAP",0.009694155663355542,3.311340808868408,0,4,7.82105827331543,7.088529586791992
3447,PQBP1,"PQBP1, ATG12, KIAA1143, NIPSNAP2, ANXA7",0.008324542449186074,2.5303590297698975,2,0,11.240006446838379,3.9257431030273438
3448,VRK1,"VRK1, SGO2, MRPS28, DIMT1, RIOK1",0.006149043721740085,2.7589845657348633,25,7,8.409528732299805,6.336421966552734
3449,REXO4,"REXO4, RCL1, ATP1B3, SP1, PPP1R14B",0.004437272303028639,4.659374237060547,14,7,10.450987815856934,7.159979343414307
3450,SNX6,"SNX6, OLA1, MPG, PDAP1, TOP2A",0.004695116451437065,3.4169483184814453,0,8,7.249668121337891,4.713331699371338
3451,PLEKHJ1,"PLEKHJ1, SRSF3, DDOST, DDT, DAZAP1",0.006071592437617402,3.058854579925537,8,0,7.6291913986206055,3.412000894546509
3452,LZIC,"LZIC, COPB1, CIAO1, IPO9, CHCHD1",0.006488260738277405,3.480491876602173,6,9,8.866684913635254,3.476541042327881
3453,YWHAE,"YWHAE, GLRX5, TDP2, TPD52L2, TSNAX",0.0047951168435954655,3.018704652786255,0,6,7.221894264221191,4.308557033538818
3454,ATP5PO,"ATP5PO, NUDT1, TUBA1B, LRP6, ZMYM6",0.005390217216538104,3.7161002159118652,0,3,9.699944496154785,3.8449513912200928
3455,STAG2,"STAG2, BPTF, ORC3, ICE1, GLO1",0.006207867481833262,2.9314699172973633,0,5,8.733063697814941,5.555434703826904
3456,HNRNPH1,"HNRNPH1, ING3, PARL, SURF6, TAF12",0.006278455993945074,2.8467350006103516,0,5,8.156906127929688,5.479477882385254
3457,KTI12,"KTI12, ARMC1, UQCC3, DHPS, ACO2",0.008601994517625559,3.1141855716705322,6,7,8.428817749023438,3.2429001331329346
3458,SURF2,"SURF2, EIF4EBP2, GTF3C2, PIN4, SUPT5H",0.00781669732038165,3.0036780834198,3,0,9.961618423461914,6.71290922164917
3459,HNRNPUL1,"HNRNPUL1, CPSF1, TIMM29, TM9SF3, CTCF",0.010590237608774936,2.409726619720459,2,1,7.073986053466797,6.377618312835693
3460,PLEKHA3,"PLEKHA3, PITPNA, QRICH1, POLR2A, KMT2D",0.008171600672943815,2.3400285243988037,0,7,10.950750350952148,6.355525970458984
3461,HP1BP3,"HP1BP3, VIRMA, UBXN6, GLT8D1, TRIM25",0.0072843422915383985,3.3973543643951416,0,7,9.254258155822754,5.322065353393555
3462,SEM1,"SEM1, NOP2, AP2S1, RABGGTB, CYTH2",0.006239240153882957,2.670063018798828,1,8,11.454680442810059,3.83453631401062
3463,LSM14A,"LSM14A, ANP32E, THOC5, SPCS2, FAM133B",0.003217659677096773,4.558572292327881,1,6,9.409538269042969,6.885879993438721
3464,HTATSF1,"HTATSF1, IDH1, PLEKHF2, PAPSS1, FUCA1",0.005613747504892176,3.7412633895874023,21,2,11.242050170898438,4.742364883422852
3465,FAM120AOS,"FAM120AOS, MRPS36, ITGB3BP, PKNOX1, ATF7",0.003588249365683787,3.1873979568481445,2,9,9.591785430908203,4.898321628570557
3466,SNRPA,"SNRPA, PUM1, RAD21, SERBP1, ENY2",0.006635320138510347,3.3197803497314453,6,0,9.179306030273438,6.159799575805664
3467,ATG12,"ATG12, PDCD5, UBN2, C12ORF43, REV1",0.0075872846560182585,2.6870710849761963,0,2,10.733201026916504,6.239858150482178
3468,EPN1,"EPN1, RFWD3, FUS, CSE1L, PSMD3",0.003891191730163648,4.125577926635742,4,6,7.117434024810791,6.078635215759277
3469,MRPL55,"MRPL55, STRAP, RAC1, STUB1, SLC25A3",0.006217671441848791,2.9693849086761475,0,8,9.100871086120605,7.2133636474609375
3470,PTTG1,"PTTG1, ANP32B, AKT1S1, LAPTM4B, LAMTOR1",0.0036000141177024224,4.8315348625183105,47,6,10.460695266723633,5.33071756362915
3471,TGS1,"TGS1, FAM168B, COMMD2, NSA2, PTDSS1",0.00645002529421684,3.015599012374878,12,1,9.358626365661621,5.2413530349731445
3472,BRD3,"BRD3, NSD2, PLEKHJ1, CDK5RAP2, ATP11A",0.0056823752250008824,2.8745763301849365,0,1,7.104636192321777,6.023519515991211
3473,GNPNAT1,"GNPNAT1, TAX1BP1, VKORC1, CFDP1, RAC3",0.007379440703689034,2.9447336196899414,6,0,8.724266052246094,5.368490695953369
3474,SUCLA2,"SUCLA2, TOMM40, MRPL11, BAZ1B, MRPS34",0.0036137396617241637,3.562354564666748,0,2,8.256684303283691,7.099677562713623
3475,BCKDHA,"BCKDHA, GNL3L, PPP6C, GK5, ZMYND8",0.008572582637578971,2.5420241355895996,0,5,8.79597282409668,3.410590410232544
3476,NDUFA13,"NDUFA13, UPK3BL1, CDK2AP1, ST3GAL2, ALYREF",0.00423138914270252,3.191488742828369,0,2,10.007396697998047,6.8295135498046875
3477,MIDN,"MIDN, TXNRD2, HMGCR, HAUS8, NCOA5",0.009444154682959541,2.3690025806427,1,4,9.323369026184082,5.933985233306885
3478,ELOA,"ELOA, KPNA2, DNAJC7, PPP6R1, KATNA1",0.005288256032376598,3.0449748039245605,0,8,8.948185920715332,3.7645909786224365
3479,DRAP1,"DRAP1, GRPEL1, PFDN1, FN3KRP, MRPS25",0.007783363856328849,2.9020326137542725,9,9,7.832884311676025,4.511007785797119
3480,CHMP3,"CHMP3, NEK2, PPP1R8, PCLAF, SART3",0.009419644782920717,2.6976027488708496,0,4,11.115954399108887,4.21986198425293
3481,CALM3,"CALM3, AK6, SNU13, RAP1B, HNRNPA0",0.004454919431056592,3.4583683013916016,2,3,10.816372871398926,3.723623275756836
3482,GTF2E2,"GTF2E2, TMED8, ORC5, EED, GFM1",0.006487280342275852,2.71062970161438,1,7,8.868844985961914,7.361083984375
3483,GADD45GIP1,"GADD45GIP1, PSMD8, SLC25A33, PFDN2, BLVRB",0.003181385025039314,3.938676357269287,0,7,9.458069801330566,2.613527297973633
3484,PTTG1,"PTTG1, EXOSC4, LAMTOR4, ECI2, NAA10",0.007751010788277601,2.9532454013824463,2,8,8.801815032958984,7.265499114990234
3485,HSP90AA1,"HSP90AA1, TCP1, PA2G4, TMBIM6, COX8A",0.005124529900117255,3.9455502033233643,1,3,11.036312103271484,6.340242862701416
3486,LYPLA1,"LYPLA1, COX16, SUCLG1, CD320, HLTF",0.006217671441848791,3.250830888748169,9,0,10.096480369567871,7.048337936401367
3487,RHOA,"RHOA, HNRNPA2B1, MYDGF, CHCHD2, PPIB",0.0048000188236032295,3.230903148651123,18,3,7.985498905181885,3.730384349822998
3488,POMGNT1,"POMGNT1, HELZ, MDP1, MED25, P3H1",0.008585327785599159,2.8309807777404785,0,2,11.191211700439453,5.218560218811035
3489,ZNF37A,"ZNF37A, CUTC, WDR36, TCAIM, SETD3",0.006460809650233923,2.459285259246826,19,4,10.770271301269531,3.4113264083862305
3490,LAMTOR4,"LAMTOR4, PCLAF, CEP57, ATP6V0C, PHF14",0.004769626547555089,3.5463685989379883,10,1,8.79548168182373,3.2060370445251465
3491,WDR46,"WDR46, DNAJC19, LIG1, RFWD3, MRPS7",0.0060441413495739196,2.9751970767974854,12,0,10.422097206115723,6.929111480712891
3492,SEPHS2,"SEPHS2, ZC3HAV1, FANCD2, EIF5, SCAND1",0.005503943152718246,3.9626715183258057,0,9,10.127143859863281,5.0747151374816895
3493,CRNKL1,"CRNKL1, ANAPC1, MLF2, HNRNPD, ARPC5",0.0072098321954203745,3.0409531593322754,1,7,8.919795989990234,4.125527381896973
3494,TFG,"TFG, CCNB1, POLE, MCM3, TEX264",0.008554935509551017,2.6551198959350586,9,0,9.968966484069824,4.963388442993164
3495,TIMM13,"TIMM13, TKT, HPF1, RNASEH1, GPATCH4",0.008116698496856851,3.2451984882354736,2,1,11.614713668823242,4.331083297729492
3496,MTX2,"MTX2, LSG1, TBRG1, UIMC1, GDE1",0.004931391887811325,3.417039632797241,1,1,10.92877197265625,5.709508419036865
3497,ERGIC2,"ERGIC2, RNF145, ZNF37A, POLR2B, PET100",0.00548531562868874,2.911672830581665,5,6,11.019082069396973,5.992974281311035
3498,MRPL36,"MRPL36, TMEM14B, MED13, DNPH1, RBM10",0.004467664579076781,4.4575347900390625,0,8,10.984260559082031,6.932370185852051
3499,AP3B1,"AP3B1, CLK4, MTERF3, ABCE1, UROD",0.0063441425260491215,3.0009665489196777,2,9,8.923372268676758,2.914649486541748
3500,GANAB,"GANAB, KDM3B, RNF4, KPNB1, MRPS14",0.007427480107765129,2.699207067489624,4,1,7.300437927246094,4.463089942932129
3501,CC2D1A,"CC2D1A, FBXL3, DNAJC5, ZBTB40, USP15",0.0067039478586190535,2.805795431137085,3,5,8.142059326171875,4.287735462188721
3502,PTPMT1,"PTPMT1, OAZ2, REX1BD, CISD1, ELP2",0.008485327393440758,2.9461781978607178,1,9,11.06885814666748,5.856506824493408
3503,CASP3,"CASP3, BNIP3, HAT1, SDHC, NDUFA5",0.006718653798642347,3.310544729232788,30,6,8.104670524597168,6.383907794952393
3504,GFER,"GFER, PKMYT1, GGNBP2, TTC19, SASS6",0.006603947466460653,2.778195381164551,3,6,7.605175018310547,3.691823720932007
3505,MED8,"MED8, COMMD2, CETN3, ZFYVE21, CNOT10",0.004372566166926144,4.695476055145264,0,7,10.396475791931152,6.850515842437744
3506,ARF4,"ARF4, RGS10, SUGT1, DTWD1, ESF1",0.005569629684822293,2.9947714805603027,12,8,9.300811767578125,6.415459632873535
3507,CENPH,"CENPH, UBXN2A, U2SURP, ALKBH4, HELLS",0.0061882595618022035,3.001718759536743,0,2,7.0906829833984375,5.96336030960083
3508,NCAPG,"NCAPG, AP2S1, SPCS1, NFE2L2, CISD1",0.004218643994682332,4.116137504577637,3,7,10.174361228942871,5.373195648193359
3509,ATP5PO,"ATP5PO, GNL3L, SON, COA8, CDK9",0.0067068890466237124,3.3298590183258057,5,3,10.154300689697266,4.062606334686279
3510,PCYT2,"PCYT2, NUDC, SLC35E1, MCM3, RBM28",0.005662767304969824,2.9358532428741455,0,7,11.113541603088379,6.773336410522461
3511,DNAJC1,"DNAJC1, TOP2B, TRMT1L, ZNF12, TMEM214",0.00460393962329264,3.8917763233184814,5,4,7.4027276039123535,3.8998894691467285
3512,ATP5PB,"ATP5PB, NDUFC1, TUBB4B, PHF3, ANKS6",0.006300024705979239,4.05040168762207,8,9,11.168097496032715,4.314286231994629
3513,CLP1,"CLP1, DHPS, ERP44, ABL1, DNAJB11",0.00853532758951996,2.7408080101013184,4,4,9.230703353881836,4.1605987548828125
3514,U2SURP,"U2SURP, CNOT2, RBBP7, SSBP3, SNRPB2",0.00579119918117326,3.782972574234009,27,2,8.632522583007812,5.037693500518799
3515,ALG3,"ALG3, CLPTM1, YWHAQ, CHCHD2, COMMD9",0.004118643602523932,3.621100425720215,15,3,8.919496536254883,3.554611921310425
3516,TM2D2,"TM2D2, PSMC3, GCDH, TOE1, NABP2",0.004301977654814332,3.9008262157440186,0,7,10.59244441986084,5.464807033538818
3517,ADIPOR1,"ADIPOR1, RNPEP, MTX2, SMC3, B4GALT4",0.006972576363044561,2.8792340755462646,20,8,8.046688079833984,6.327389240264893
3518,TMEM50B,"TMEM50B, STK26, LRRC58, HCFC1, ITGB3BP",0.0048764897117243595,3.080667734146118,23,2,9.378722190856934,4.207128047943115
3519,CCDC18,"CCDC18, DPF2, COPG1, SF3B1, TUFM",0.007685324256173554,2.9010307788848877,2,1,8.461135864257812,5.01903772354126
3520,PPA1,"PPA1, CCDC137, COX14, SLC31A1, NOL10",0.005254922568323797,3.3471875190734863,7,5,8.676983833312988,6.1321635246276855
3521,RBMX,"RBMX, DDX6, SUPT20H, SETD2, JAGN1",0.005911787889364272,3.4342708587646484,11,6,9.592315673828125,6.512680530548096
3522,PSMB1,"PSMB1, SNRPG, CUTA, ST13, ZNF286A",0.0042882521107925915,4.085598945617676,6,3,10.214343070983887,6.621243000030518
3523,ITPA,"ITPA, RFC5, DNMT1, EPN1, DMAC1",0.004037270734395037,3.4875926971435547,8,6,11.086936950683594,4.869194030761719
3524,QDPR,"QDPR, YDJC, DNAJA3, SURF6, MTFP1",0.007767677520304001,3.180717706680298,10,2,8.999604225158691,3.209907293319702
3525,DPF2,"DPF2, VPS4A, RNF41, MRPL18, MRPS10",0.006919634978960702,2.5785908699035645,4,2,10.680058479309082,4.15083122253418
3526,COPS9,"COPS9, MT-ND6, GTF2H3, WASHC3, SRD5A3",0.006001984321507143,2.9130940437316895,1,8,7.978521823883057,6.9513258934021
3527,NDUFB2,"NDUFB2, NTPCR, AP5M1, EXOSC1, PRKAA1",0.00607747481362672,3.3346047401428223,11,7,11.6697359085083,3.812849760055542
3528,LSM7,"LSM7, ERCC1, SRRM1, SDAD1, EIF2S3",0.004393154482958757,3.6341428756713867,0,9,8.94473648071289,6.312707901000977
3529,HMGB1,"HMGB1, HLTF, HINT1, LRRC57, TMEM59",0.005251981380319138,4.143837928771973,3,3,9.943300247192383,3.6341819763183594
3530,SF1,"SF1, POLR2J3, MCMBP, LSM5, ESD",0.008776505005901984,2.4208335876464844,12,3,11.867555618286133,4.756509304046631
3531,KMT2A,"KMT2A, SCAF11, ZNF800, PPIP5K2, ERV3-1",0.007771599104310213,3.6400129795074463,7,5,10.202692031860352,4.833852767944336
3532,TOPBP1,"TOPBP1, KIF22, AP1B1, NADK, DDX50",0.00695885081902282,2.935091495513916,11,1,8.178744316101074,6.0915751457214355
3533,PUS7,"PUS7, USP37, CDK4, GTF3A, NHP2",0.004903940799767842,3.7928736209869385,0,8,8.89136791229248,3.9417691230773926
3534,SNRPG,"SNRPG, ARF1, FAM133B, MYBL2, BAZ1A",0.004346095474884216,3.480318307876587,5,3,10.810077667236328,4.949890613555908
3535,FAM104A,"FAM104A, NUP62, ARPC4, BORCS8, LIN54",0.007342185655630022,3.5702450275421143,5,7,10.738973617553711,5.574404239654541
3536,PSMB6,"PSMB6, LRRC41, RBMX, RWDD1, CCNT1",0.004325507158851603,3.5302529335021973,1,6,9.763102531433105,7.729982852935791
3537,SET,"SET, TBL3, SPNS1, CENPF, TMEM138",0.005956886105435708,2.8516650199890137,1,5,9.590659141540527,5.602325439453125
3538,CHCHD7,"CHCHD7, LYRM7, GRB2, CENPF, ZNF621",0.0070745375472060675,2.9123876094818115,16,7,9.19042682647705,7.2483391761779785
3539,NDUFS5,"NDUFS5, DDA1, COX7A2, SEC61G, ELOB",0.0049480586198377245,4.010921955108643,4,3,8.858562469482422,3.4456186294555664
3540,BUD31,"BUD31, EIF2B2, ATP6V0E1, MRPL39, SPPL2B",0.0065588492503892174,3.3810980319976807,6,4,9.325094223022461,2.58954119682312
3541,IST1,"IST1, IWS1, BLOC1S4, RECQL, SLC39A1",0.006542182518362817,2.921823501586914,0,0,7.426542282104492,4.706755638122559
3542,KIF22,"KIF22, VPS29, SLC25A11, PWWP2A, SHPRH",0.001600986670535963,6.19015645980835,3,6,11.609742164611816,4.186605453491211
3543,SLBP,"SLBP, DCAF7, ACD, NDUFAF3, CAPRIN1",0.0044362919070270864,4.122574329376221,6,0,10.25745677947998,5.571381568908691
3544,NDUFC2,"NDUFC2, ACTL6A, PRPF38B, ZNF638, STIL",0.007851991576437555,2.4244678020477295,31,9,9.184327125549316,7.280498504638672
3545,RAD54L2,"RAD54L2, LUC7L2, SELENOF, PRR3, RAB7A",0.008424542841344475,2.5302817821502686,7,7,9.126225471496582,4.376835823059082
3546,RPS6KB2,"RPS6KB2, SMIM12, MSL1, SNRPG, C1ORF174",0.005334334644449586,3.583392381668091,1,1,10.896939277648926,4.494594097137451
3547,MTDH,"MTDH, MFF, ERP29, DNPEP, CMSS1",0.0056019827528735406,3.0148136615753174,0,3,9.730079650878906,6.014949798583984
3548,EIF4A3,"EIF4A3, TPR, CMC1, PPP1CB, MRPL44",0.004736293083502288,3.714813709259033,4,0,10.595099449157715,2.7861533164978027
3549,FIS1,"FIS1, TOR1A, TAF12, CLTA, MRPL48",0.006909831018945173,2.6174118518829346,1,6,9.799067497253418,5.772272109985352
3550,SMIM30,"SMIM30, CPSF7, STX17, EIF3A, DMAC2L",0.011367691638006423,3.230971336364746,0,7,7.749279022216797,6.644644260406494
3551,NVL,"NVL, LRRC47, PPIL2, COPS9, CASC3",0.0036372691657614344,3.964151382446289,0,7,10.779302597045898,6.369329452514648
3552,MORF4L2,"MORF4L2, NHP2, AIMP2, HSPA5, GMPPA",0.005674532056988459,3.1236753463745117,0,7,10.110655784606934,5.138760089874268
3553,AIDA,"AIDA, RNASEH2C, BCL7C, PPP1R35, SMG5",0.006541202122361264,2.717402219772339,2,7,9.842369079589844,5.7197418212890625
3554,AHCTF1,"AHCTF1, N4BP1, SRPK1, RNF187, PABPC4",0.006691202710598865,3.194068193435669,5,6,9.74154281616211,5.595045566558838
3555,AP1G1,"AP1G1, FHL3, ESYT1, FAM136A, PRXL2C",0.0078049325683630134,3.424506902694702,0,5,9.932441711425781,6.777410507202148
3556,NME2,"NME2, ATP6V1F, HMG20A, CREM, ZNF638",0.0026637359362193577,4.318828582763672,2,3,9.43828296661377,3.725665807723999
3557,XRN2,"XRN2, TIMM10, NME4, MCM7, CCDC18",0.009158859446507633,2.8773562908172607,1,5,6.86445426940918,5.236763000488281
3558,ANKLE2,"ANKLE2, RPAP3, DHX30, PPM1A, ACTL6A",0.006862772010870631,2.763267755508423,14,1,11.704174995422363,5.488763809204102
3559,BRCC3,"BRCC3, HNRNPH1, MED17, BRWD1, BCL7A",0.006147082929736979,2.7677345275878906,3,6,8.341017723083496,5.436670303344727
3560,NEDD8,"NEDD8, KIF20B, MBD4, BAZ2A, MTIF3",0.006781399142741736,3.4172167778015137,11,0,11.16444206237793,6.455862998962402
3561,ZNF24,"ZNF24, TMEM138, SDHAF3, SELENOW, DVL2",0.011349064113976917,2.7856814861297607,2,7,7.684818744659424,5.6649861335754395
3562,THOC6,"THOC6, NUDT1, MED10, RWDD4, ACSF3",0.004450017451048827,2.900620698928833,6,7,8.119139671325684,5.296304702758789
3563,GLO1,"GLO1, DDX55, BRCA2, TSPAN3, IDI1",0.005136294652135891,2.9690988063812256,8,8,10.521556854248047,4.117783546447754
3564,HSD17B11,"HSD17B11, MMADHC, HSPD1, SAR1A, PSMD9",0.007207871403417269,2.7277538776397705,1,0,11.245494842529297,4.31008768081665
3565,ITGB1,"ITGB1, SUZ12, ECI2, DYNC1I2, CEP290",0.0053137463284169744,2.966287612915039,50,8,7.755058765411377,3.678276300430298
3566,TRMT112,"TRMT112, C11ORF58, RNF7, ARL6IP1, AP2S1",0.007564735547982541,2.7513961791992188,1,3,8.013808250427246,3.2712490558624268
3567,KDELR1,"KDELR1, SSB, SRSF9, PPIB, CCT7",0.004155898650582943,4.859370231628418,11,3,11.428964614868164,4.7751359939575195
3568,PHF6,"PHF6, C19ORF53, CEP63, BRK1, ZNF24",0.005862768089286625,3.154279947280884,0,8,10.139252662658691,3.130575656890869
3569,TDG,"TDG, ITGB1, HDAC7, SEPHS2, KPNA4",0.008124541664869273,2.8135228157043457,35,1,9.42845630645752,6.556859970092773
3570,TOR1AIP2,"TOR1AIP2, COPS2, PSMD6, RIOK2, NOL11",0.008680426197749795,2.858851671218872,14,4,10.121731758117676,4.16839075088501
3571,TMED2,"TMED2, ANXA11, TMBIM6, PAIP2, TLE5",0.00705198843917035,2.8113439083099365,1,3,9.7447509765625,6.02354097366333
3572,CALCOCO2,"CALCOCO2, PRELID1, CPNE1, MELK, PDCD2",0.005945121353417072,2.9254181385040283,13,9,8.763420104980469,5.955688953399658
3573,EBAG9,"EBAG9, RGP1, TMEM69, C1GALT1, NUDT2",0.007704932176204613,2.7616798877716064,0,0,7.8909592628479,5.27029275894165
3574,CAPNS1,"CAPNS1, TONSL, NUSAP1, SLC35E1, PTPA",0.006946105671002631,2.883979082107544,1,8,9.925310134887695,3.959806442260742
3575,MRPS2,"MRPS2, SNRPA, AKAP8, NFYC, NDUFB8",0.006507868658308464,2.82680082321167,8,6,9.142294883728027,5.384490013122559
3576,ATG101,"ATG101, BCL7A, FARSA, COA3, NTAN1",0.005895121157337872,3.1890461444854736,0,1,9.220345497131348,5.478963375091553
3577,MRPS24,"MRPS24, URI1, BMI1, ARPP19, FKBP3",0.008767681441888008,3.682650566101074,3,2,8.721603393554688,5.239845275878906
3578,DHX40,"DHX40, DDX28, CENPT, CLCC1, NKAP",0.006967674383036796,2.456897735595703,0,7,10.834271430969238,6.015987396240234
3579,API5,"API5, EPM2AIP1, RRN3, RNF170, SMU1",0.006159828077757168,3.8740243911743164,9,7,8.457261085510254,4.240081310272217
3580,CPSF4,"CPSF4, SMARCAD1, UCK1, RPS6KB1, MRPL9",0.005905905513354954,2.3389904499053955,0,9,8.135687828063965,3.817159652709961
3581,CFDP1,"CFDP1, CEBPG, CENPE, YJU2, DDX21",0.005270608904348644,3.3652541637420654,0,6,11.406961441040039,6.348230838775635
3582,SIN3B,"SIN3B, RNF115, ING5, CCDC28A, SSR3",0.006357868070070863,3.026991844177246,0,7,7.733429908752441,4.983078479766846
3583,MCM7,"MCM7, OAZ2, STIP1, VBP1, MRPS34",0.007483362679853647,3.053567409515381,7,0,10.68947982788086,4.5838704109191895
3584,VKORC1,"VKORC1, PRKCSH, BET1L, MRPS23, FUCA1",0.009240232314636528,2.37471604347229,10,0,7.547667980194092,5.561196327209473
3585,GLUD1,"GLUD1, SMC2, PRDX1, SNRPD2, VDAC1",0.004217663598680779,3.71809720993042,4,0,7.726736068725586,4.959910869598389
3586,PIN1,"PIN1, LAMTOR1, FARSA, LONP1, ANP32A",0.004699038035443276,3.9620628356933594,6,9,7.845663070678711,3.629934310913086
3587,CGGBP1,"CGGBP1, C5ORF24, MEAF6, UBQLN1, SAP18",0.007124537743285268,3.1162831783294678,1,9,8.70068073272705,5.716765880584717
3588,PPP1CC,"PPP1CC, PCID2, OCEL1, IMP3, KRAS",0.005267667716343986,3.160553216934204,4,4,11.505752563476562,4.705315589904785
3589,TIAL1,"TIAL1, WDR74, PWWP2A, NELFCD, STX16",0.010127490696041946,2.558870792388916,1,4,11.636058807373047,4.755424976348877
3590,UBL4A,"UBL4A, COX15, PDHB, TACC3, STARD7",0.006911791810948279,3.286135196685791,5,6,9.28963851928711,7.35021448135376
3591,ZNF131,"ZNF131, SDHAF2, UBE2J2, R3HDM4, HDDC2",0.004275506962772403,3.938466787338257,10,8,7.560542583465576,5.936415195465088
3592,ATP5PF,"ATP5PF, ODF2, APPL1, PEPD, OTUB1",0.007428460503766682,2.6933724880218506,13,0,8.313299179077148,4.735595703125
3593,WASF2,"WASF2, MRPL16, CDK4, CAP1, TRAPPC13",0.007918658504543156,3.1744136810302734,19,9,9.739067077636719,6.222743511199951
3594,CERT1,"CERT1, C22ORF39, TMBIM6, YY1, PPA2",0.005584335624845588,3.3951990604400635,4,8,9.170151710510254,5.227118968963623
3595,MCRIP2,"MCRIP2, NDUFA8, GOLPH3L, PSMD14, BLOC1S1",0.004952960599845489,3.5972580909729004,1,2,11.355944633483887,3.9978818893432617
3596,RPS6KB2,"RPS6KB2, KMT2A, DTNBP1, COMTD1, ABHD17A",0.006304926685987004,3.6886239051818848,0,1,10.86513614654541,6.035696029663086
3597,HNRNPAB,"HNRNPAB, CCT6A, ZNF106, CTCF, TXNL1",0.007067674775195197,3.251970052719116,11,6,7.402812480926514,4.454623699188232
3598,RNF7,"RNF7, SF3B5, POLR2J, SNX6, EIF3A",0.006641202514519664,3.352044105529785,0,1,8.437353134155273,4.834924221038818
3599,NUDT5,"NUDT5, SMC2, NKAPD1, RBIS, TMEM14B",0.006002964717508696,3.4947121143341064,3,1,8.588849067687988,5.397607326507568
3600,XRN2,"XRN2, PICALM, FIP1L1, TOPORS, RYBP",0.008563759073564995,2.5624372959136963,13,7,10.756660461425781,4.859028339385986
3601,TMEM123,"TMEM123, VMA21, KPNA1, R3HDM4, PSMD14",0.004931391887811325,3.100404739379883,2,1,11.337257385253906,5.196663856506348
3602,CORO1C,"CORO1C, TRIT1, PRMT3, BAG2, TNFAIP8L1",0.006751006866693595,3.1847009658813477,0,9,7.9688029289245605,5.818389415740967
3603,APEH,"APEH, C1ORF43, SH2B1, HIKESHI, AK6",0.00629022074596371,3.6511473655700684,5,2,10.663007736206055,4.658330917358398
3604,NCBP3,"NCBP3, CCDC124, RCAN1, NTHL1, CLN8",0.007532382479931294,2.9778823852539062,0,1,11.930805206298828,4.583895683288574
3605,PDCD7,"PDCD7, RIF1, UMPS, TEX264, YIPF5",0.008172581068945368,3.282773971557617,12,4,11.54078197479248,5.219060897827148
3606,RAB21,"RAB21, SLC20A1, RAN, SCCPDH, HSPE1",0.005143157424146762,3.2902467250823975,2,6,10.541732788085938,5.519888401031494
3607,UPF1,"UPF1, MTR, TXN2, ORC6, ECHS1",0.010133373072051264,2.396599769592285,3,4,10.021488189697266,3.2530908584594727
3608,BID,"BID, ARF3, YWHAB, RAB14, FLYWCH2",0.0076637555441393885,2.9468538761138916,28,8,9.765324592590332,6.599696636199951
3609,HNRNPL,"HNRNPL, TMEM14C, KLHL18, FDFT1, REXO4",0.005484335232687187,3.1234943866729736,3,2,9.552123069763184,3.0490081310272217
3610,EIF4H,"EIF4H, PSMA5, NTHL1, ACP1, NPM1",0.005370609296507045,3.8927955627441406,0,3,10.393430709838867,6.791630744934082
3611,CNOT11,"CNOT11, TRIM11, RPS6KB2, NDUFB4, JTB",0.00576472848913133,2.6856844425201416,7,9,7.845057964324951,6.306193828582764
3612,CHCHD3,"CHCHD3, GTF2F2, UQCR11, MDH1, CWC27",0.008027482460715532,2.906888961791992,14,3,9.267388343811035,6.975430488586426
3613,ATP5F1D,"ATP5F1D, MIER1, PKN1, USP48, RNASEH2B",0.00556178651680987,2.7906222343444824,8,0,8.33810043334961,6.598479270935059
3614,EXOSC5,"EXOSC5, PCBP2, NKAPD1, TMEM138, UBXN6",0.005325511080435609,4.873795032501221,0,1,8.461126327514648,3.0857656002044678
3615,BLOC1S5,"BLOC1S5, CLK4, CMC2, TRPT1, RAD51AP1",0.005958846897438814,2.888800621032715,5,9,9.777027130126953,5.15111780166626
3616,HNRNPM,"HNRNPM, HACD3, CTCF, DDX3X, RUVBL2",0.004778450111569065,3.809954881668091,23,3,10.72689437866211,5.520366668701172
3617,MAP3K4,"MAP3K4, DDX55, LNPK, POLG, DYNLL1",0.006276495201941968,2.809093475341797,0,9,8.357322692871094,4.295304775238037
3618,RBIS,"RBIS, CDK16, SEC24A, POLR2G, HADHA",0.009717685167392813,3.0606772899627686,9,0,10.654953002929688,6.92017126083374
3619,SP1,"SP1, CTDSPL2, GMNN, ZPR1, DCAF8",0.006722575382648559,2.712529420852661,3,6,11.090584754943848,7.110750675201416
3620,MPC1,"MPC1, SRFBP1, TCF3, SEPHS2, NTHL1",0.005920611453378248,2.810986280441284,0,1,8.636857032775879,5.286502838134766
3621,SAE1,"SAE1, RPA2, SREK1, FIP1L1, ELOF1",0.00724512645147628,2.7332029342651367,3,0,8.952529907226562,7.327297210693359
3622,TSN,"TSN, BARD1, PRCC, CDK2, KLHL18",0.00733826407162381,3.367119073867798,1,6,10.426241874694824,5.038041591644287
3623,KPNA2,"KPNA2, SEC63, SDHD, DYNLL1, ERP44",0.008167679088937604,3.1292245388031006,5,8,11.146235466003418,5.444108009338379
3624,RUVBL1,"RUVBL1, NTMT1, TRNT1, SINHCAF, POLR3G",0.004094133702485108,3.734128713607788,2,1,8.727646827697754,2.932124614715576
3625,NOB1,"NOB1, RNF6, KIF18A, PJA2, SAP30",0.006646104494527429,2.666194438934326,2,2,11.169394493103027,4.444408893585205
3626,SP3,"SP3, TMEM203, YY1, CNIH4, TRABD",0.004556880615218099,2.7622153759002686,2,6,9.688087463378906,6.054298400878906
3627,PFKL,"PFKL, TMEM115, CAPZA2, RPS19BP1, NUS1",0.006456888066227711,2.571293830871582,11,8,7.143051624298096,5.203632354736328
3628,ZMYM4,"ZMYM4, RPUSD3, POLR3GL, NENF, UBE2S",0.005637277008929447,2.8660380840301514,1,7,10.144389152526855,3.7816321849823
3629,ZCRB1,"ZCRB1, AAMP, EMC4, HNRNPH1, STMP1",0.010565727708736112,2.529116153717041,0,1,11.916875839233398,4.812912940979004
3630,IMP4,"IMP4, DNAJC21, COA8, TDG, NISCH",0.006139239761724556,3.2059762477874756,2,4,10.084017753601074,4.273015022277832
3631,TPGS1,"TPGS1, COPS3, IK, LSM1, IMPDH1",0.006031396201553732,3.278090715408325,1,8,7.466018199920654,5.465142726898193
3632,TBCD,"TBCD, DNAJC5, CD320, POC1A, TSEN34",0.006788261914752607,2.3590879440307617,17,0,10.276934623718262,3.5298004150390625
3633,INTS1,"INTS1, ZNF131, SMARCAD1, RNF138, GINS2",0.006085317981639144,2.974238634109497,13,2,9.478666305541992,4.946462154388428
3634,CISD3,"CISD3, EEF1E1, RANBP9, ITGB1BP1, DPH5",0.008067678696779204,3.030386447906494,1,0,10.46438217163086,3.969163656234741
3635,HNRNPH2,"HNRNPH2, SMU1, LARP4B, ATP11B, FNTA",0.004913744759783372,2.9701380729675293,2,0,9.588363647460938,2.667182207107544
3636,CYB5R3,"CYB5R3, HACD3, TKT, HSD17B10, KDELR1",0.006448064502213734,2.8952388763427734,3,6,7.78373384475708,3.123744010925293
3637,MED7,"MED7, ZNF146, LYSMD3, TIMM10B, TAF9",0.0052343342522911855,2.57023286819458,3,7,9.336688995361328,5.873108386993408
3638,COMTD1,"COMTD1, TIMM44, TMA16, NEDD8, PPWD1",0.0057519833411111415,3.6899173259735107,0,5,9.588452339172363,6.548757553100586
3639,MAD2L2,"MAD2L2, MRPS6, MRPL23, UPF3A, EWSR1",0.006012768677524226,3.203575372695923,22,6,10.584610939025879,3.068726062774658
3640,ESCO2,"ESCO2, MEN1, SGK3, DRG1, NSRP1",0.009092192518402034,2.68245267868042,1,8,8.618584632873535,5.598093509674072
3641,SELENOT,"SELENOT, ATP5F1A, MAP1LC3B, CNOT9, CYBC1",0.005251981380319138,3.211988687515259,2,3,9.556609153747559,4.638935089111328
3642,CNOT3,"CNOT3, CEBPZ, DPAGT1, RNPS1, TBRG4",0.005670610472982247,3.0629825592041016,0,4,11.470766067504883,6.556984901428223
3643,C21ORF58,"C21ORF58, MBD3, TM9SF1, SND1, GDF11",0.008724544017819677,2.5848660469055176,2,4,8.232830047607422,3.4671945571899414
3644,MASTL,"MASTL, ARMC1, TRMT6, VBP1, PPT1",0.008079443448797838,2.444617509841919,1,5,10.114692687988281,6.8741984367370605
3645,TTF2,"TTF2, PPME1, MLLT6, DNAJC24, MPHOSPH6",0.005872572049302154,3.028034210205078,9,2,8.845149040222168,4.941631317138672
3646,MIEF1,"MIEF1, CDC45, DAXX, GMNN, GTPBP4",0.004857862187694854,3.5192034244537354,26,0,9.544529914855957,5.531210899353027
3647,RPA1,"RPA1, RAD51AP1, GMCL1, AFG3L2, JADE1",0.006513751034317782,3.044353485107422,2,1,11.705572128295898,5.791391372680664
3648,EXOSC4,"EXOSC4, ERGIC3, SRP68, TM9SF4, PRCC",0.004192173302640403,3.5866000652313232,0,7,9.478153228759766,7.244637966156006
3649,PMM2,"PMM2, GADD45A, PITPNB, FRG1, ZBED4",0.007972580284628567,2.657590866088867,6,8,10.668338775634766,5.588047027587891
3650,CPSF2,"CPSF2, WDR73, NUDT16L1, LEO1, RBMX2",0.006402966286142299,2.8206136226654053,3,7,8.234786033630371,7.366456985473633
3651,MRPS2,"MRPS2, MKRN2, PMS1, TELO2, SCCPDH",0.008267679481096005,3.952338933944702,0,4,10.191962242126465,3.5109522342681885
3652,NDUFA10,"NDUFA10, REXO4, EEF1G, ACAT1, POLE4",0.005543158992780363,3.557687997817993,9,2,9.892963409423828,7.075567245483398
3653,BRD2,"BRD2, SFT2D1, MAPK6, ZNF787, GLT8D1",0.0064921823222836164,2.684084892272949,2,2,8.226738929748535,4.819146156311035
3654,COQ4,"COQ4, TMCO1, MRPS28, UNC50, ZDHHC4",0.00439413487896031,3.4549808502197266,0,6,10.020450592041016,3.478316307067871
3655,CERT1,"CERT1, CHCHD7, RSL24D1, CNPY2, STAU1",0.008819642429970314,2.668964147567749,7,8,9.030610084533691,5.411134243011475
3656,XRCC5,"XRCC5, CLPB, MAP3K4, DNAJC2, UTP11",0.0063421817340460155,3.3869071006774902,2,6,9.466851234436035,5.877331733703613
3657,TSN,"TSN, PLEKHB2, TAF11, TDG, PSMD2",0.004545115863199464,3.955320119857788,29,1,8.822087287902832,6.018289089202881
3658,SLC35B2,"SLC35B2, RSL1D1, POM121, STK25, ZFAND1",0.005426491868595563,3.080604076385498,4,6,7.649221420288086,4.9916839599609375
3659,SUGP2,"SUGP2, PIGBOS1, SREK1, SUMO2, MAPK1IP1L",0.006596104298448229,2.8836145401000977,4,3,9.568845748901367,5.864313125610352
3660,TM9SF2,"TM9SF2, PAFAH1B2, GPS2, STX10, ZMAT2",0.004397076066964969,3.2576723098754883,11,1,11.419228553771973,3.549938201904297
3661,TPR,"TPR, RNPS1, KIF2A, STAT1, MRPL28",0.005493158796701164,3.5694565773010254,13,0,9.124039649963379,4.875419616699219
3662,RANBP2,"RANBP2, MTRF1L, ZCCHC17, PDCD6IP, PPIL1",0.007385323079698352,2.8669943809509277,9,2,7.913678169250488,5.4664626121521
3663,SSBP4,"SSBP4, UBE2E3, DGKZ, FNIP1, CD46",0.007370617139675057,2.913479804992676,30,8,7.115601062774658,4.936062812805176
3664,ANKRD39,"ANKRD39, PIN4, ZCRB1, ERG28, NFU1",0.008081404240800944,3.098604679107666,0,0,8.658995628356934,3.146242141723633
3665,RAB5C,"RAB5C, USF2, ESD, RAB11FIP1, CPT2",0.009734351899419213,3.7167744636535645,13,6,9.750343322753906,4.962107181549072
3666,NT5DC2,"NT5DC2, GTF3C1, GET3, EPN1, IFT57",0.004955901787850148,3.406183958053589,1,1,8.012961387634277,4.905229091644287
3667,VMA21,"VMA21, HNRNPUL1, SPTY2D1, GCLC, KBTBD2",0.004440213491033298,3.3099169731140137,4,1,8.63295841217041,4.969293117523193
3668,CSNK1A1,"CSNK1A1, PSMD13, SCYL2, BNIP3L, EID2",0.005669630076980694,3.8757123947143555,4,6,10.236042976379395,3.803152084350586
3669,BRAP,"BRAP, CDC37, BIRC2, GMPPA, PTPN23",0.005792179577174813,2.736409902572632,2,1,8.401902198791504,7.0289130210876465
3670,PDIA6,"PDIA6, ZNF326, RSF1, PSMC4, ELK4",0.004991196043906055,3.2514312267303467,7,8,8.2085542678833,5.557283401489258
3671,SIVA1,"SIVA1, ABCE1, EEF1E1, TIMM9, TRAPPC2L",0.0045068804191388985,3.6101832389831543,1,6,8.872272491455078,4.821983814239502
3672,ECHDC1,"ECHDC1, SYNCRIP, PSMB6, PPP4R2, SAP30L",0.008000031372672049,3.048908233642578,5,8,9.166633605957031,3.7216854095458984
3673,SCAF4,"SCAF4, MAD2L1BP, IFT20, ARL8A, EIF1AX",0.006760810826709125,2.9025604724884033,0,5,9.386422157287598,4.448055744171143
3674,EXOSC6,"EXOSC6, KLHL18, CLN6, UBN2, EIF4G1",0.0076519907921207535,2.8197412490844727,0,1,8.59074592590332,6.053274631500244
3675,TP53BP2,"TP53BP2, EIF3M, PPTC7, ACAA1, SQSTM1",0.005779434429154624,3.601851463317871,2,9,8.083931922912598,6.420252799987793
3676,ASH2L,"ASH2L, SERP1, DESI1, CNBP, IDH3A",0.007732383264248095,3.0326902866363525,0,3,8.410584449768066,2.771914482116699
3677,ARMCX6,"ARMCX6, EIF2AK1, SRSF7, COPS8, UROS",0.0045833513072600284,2.698702573776245,0,9,8.694808006286621,7.363703727722168
3678,PRDX1,"PRDX1, PRPF4B, UGGT1, PSMA4, PTTG1",0.005893160365334766,3.4175777435302734,32,2,11.180205345153809,4.187070369720459
3679,THOP1,"THOP1, AKT1S1, NUP188, HARS2, POP7",0.010563766916733006,2.3730292320251465,0,4,9.96694278717041,2.649498701095581
3680,LEPROTL1,"LEPROTL1, BET1, LRRC41, DDX19A, ZMPSTE24",0.008370621061259064,2.6360256671905518,0,7,9.840689659118652,6.279969692230225
3681,NOP58,"NOP58, MZT2B, ILF2, PSMG1, UBE2I",0.005301001180396786,3.305893898010254,15,9,7.176527976989746,5.60383415222168
3682,CCDC14,"CCDC14, MCFD2, MRPS14, FASTK, TMED1",0.006444142918207522,2.8004748821258545,0,9,9.647247314453125,5.604766845703125
3683,APLP2,"APLP2, PRKAA1, RLF, AGFG1, KMT5A",0.007573559111996518,2.95328688621521,16,1,8.826432228088379,5.347080707550049
3684,MLF2,"MLF2, EIF4A3, BROX, HOOK2, MKRN1",0.006134337781716791,2.8305776119232178,0,2,7.809188365936279,4.807557582855225
3685,PREB,"PREB, DEGS1, FOXM1, PRKD3, SETD4",0.00814316918889878,2.531257390975952,1,4,9.945890426635742,7.59821891784668
3686,SLC25A36,"SLC25A36, NANS, DCTN6, NUDT3, YWHAG",0.00629022074596371,2.832960367202759,8,0,7.262326240539551,4.93120813369751
3687,NHLRC2,"NHLRC2, TARS2, UBAC2, DHX36, PSMC1",0.009026505986297985,2.515022039413452,1,5,11.186874389648438,5.563858509063721
3688,CMC2,"CMC2, SCNM1, TRNAU1AP, GNPAT, DEPDC1B",0.00503629425997749,2.9062607288360596,17,7,8.021455764770508,2.799335479736328
3689,RBM8A,"RBM8A, PSMC4, ATAD3B, ZNF598, DGKZ",0.006452966482221499,2.965682029724121,1,8,9.848546981811523,7.396579742431641
3690,UGGT1,"UGGT1, TBRG4, INO80C, TANGO2, NADSYN1",0.005250020588316032,3.039881467819214,3,7,10.44843578338623,4.3723225593566895
3691,MAP7D1,"MAP7D1, DHX16, MED7, TOE1, LARP7",0.009399056466888106,2.5485620498657227,0,7,7.854175090789795,5.7133049964904785
3692,METAP2,"METAP2, GOLGA4, DAZAP1, WBP11, GNL3",0.0061843379777959916,2.8216137886047363,3,0,8.838574409484863,7.463922500610352
3693,NOL12,"NOL12, SF3B6, ATAD5, KMT2B, MPDU1",0.006008847093518014,3.8592658042907715,0,6,9.727450370788574,6.7798357009887695
3694,WIPI2,"WIPI2, MRPL50, PSMG3, GTF3C5, USP4",0.006496103906289828,2.6155459880828857,0,1,9.934733390808105,5.199245929718018
3695,MT-ND6,"MT-ND6, ARFGAP2, GTF3C2, MTDH, NPM1",0.004560802199224311,3.984835386276245,3,3,11.6962890625,4.249821662902832
3696,EIF5A,"EIF5A, RBIS, MOB1A, UBL5, SSB",0.005740218589092507,3.7219648361206055,11,3,9.949999809265137,6.275610446929932
3697,DCAF8,"DCAF8, CASC3, COLGALT1, UQCC1, UBA1",0.008822583617974972,3.6375279426574707,0,1,6.985701084136963,5.315291404724121
3698,ATP6V0B,"ATP6V0B, UBXN1, UMPS, PAM16, NDUFAF5",0.005544139388781916,4.7615580558776855,0,4,9.976690292358398,7.531628608703613
3699,RREB1,"RREB1, PSMA4, SMIM26, PSMB5, TMEM138",0.007565715943984094,2.751887321472168,1,8,8.444465637207031,3.245561361312866
3700,UBE2T,"UBE2T, OSTC, CENPS, GPS1, FNBP4",0.006469633214247899,3.6897542476654053,2,1,10.389320373535156,3.940929412841797
3701,POP4,"POP4, VRK3, NOL10, APEH, UBR5",0.007501990203883153,3.2947607040405273,0,2,9.912124633789062,6.747328281402588
3702,SLC25A5,"SLC25A5, UBE2V2, KMT5A, <SPECIAL>, TP53I3",0.005625512256910811,3.626328706741333,8,8,9.051687240600586,6.116828918457031
3703,FNTA,"FNTA, SMARCA5, SIN3A, GFM1, PRKAB2",0.005437276224612646,2.870797634124756,6,2,11.406386375427246,3.8848164081573486
3704,SCAMP4,"SCAMP4, DPH5, TIMM9, SSB, UTP4",0.009948078227757756,2.555943489074707,0,7,8.875925064086914,7.102255821228027
3705,RAMAC,"RAMAC, ZNRD2, ACAA1, CIAO2B, ITPRID2",0.008983368562229655,4.230353832244873,5,9,11.496274948120117,6.595059394836426
3706,TUFM,"TUFM, EIF3A, ATG5, HELLS, GGPS1",0.003695112529853058,4.928012847900391,1,0,10.262826919555664,5.988390922546387
3707,GET3,"GET3, SFXN1, OSTC, CHPF, BCKDK",0.004319624782842286,3.4046061038970947,0,4,9.123236656188965,6.959677696228027
3708,ISCA1,"ISCA1, MRPS9, LEPROTL1, KDELR2, ZCCHC9",0.004399036858968074,3.771383285522461,9,7,9.804862976074219,4.799149513244629
3709,HMGXB3,"HMGXB3, SLC31A1, FLAD1, POLA1, NR2F6",0.009335330726787164,2.5803921222686768,2,6,8.612316131591797,3.9403953552246094
3710,SLC35B1,"SLC35B1, SUCLG2, TP53BP2, YES1, CRELD2",0.005192177224224409,3.096618890762329,1,0,9.557135581970215,4.255123615264893
3711,TAF9,"TAF9, ZNF33A, ARMCX6, NUDT3, TSC2",0.0057529637371126945,3.3570969104766846,1,0,10.751348495483398,5.853850841522217
3712,NUP62,"NUP62, NFATC2IP, SLTM, KANSL2, USP1",0.0066294377625010295,3.491711139678955,12,5,9.309521675109863,4.767056465148926
3713,RBM8A,"RBM8A, ATP5MF, C1QBP, HMGB1, CCNL2",0.005982376401476084,3.1122469902038574,13,3,8.94731616973877,3.323014974594116
3714,MRPL10,"MRPL10, MRPL43, MRPL54, RPL26L1, MRPL2",0.009851999419605567,2.919292449951172,13,0,8.420514106750488,4.557754993438721
3715,C19ORF53,"C19ORF53, SMDT1, CPNE3, HELZ, NSL1",0.00609414154565312,3.080533266067505,5,1,8.878623008728027,6.026454448699951
3716,MPC1,"MPC1, CNIH1, TCERG1, PARPBP, HPRT1",0.007925521276554026,3.209247350692749,11,2,10.446182250976562,3.9014852046966553
3717,SF3B2,"SF3B2, TCEA1, RAB11A, ETFB, ADIPOR2",0.005192177224224409,3.135221004486084,5,7,8.363163948059082,5.057785511016846
3718,TGFBR1,"TGFBR1, ATF6B, TPM3, ZMYM4, METTL23",0.008224542057027674,3.485335350036621,0,8,10.533973693847656,7.1156816482543945
3719,MRPL18,"MRPL18, NDUFS2, PGM2, MRPL11, ERCC5",0.005340217020458904,3.3045148849487305,3,8,9.196708679199219,4.079059600830078
3720,HDLBP,"HDLBP, SUPT6H, EIF4B, RABL6, NOC2L",0.004254918646739791,3.7142815589904785,1,1,9.416727066040039,5.282608509063721
3721,AHCYL1,"AHCYL1, MANBAL, CHTOP, NFRKB, DPAGT1",0.005805905121196554,2.5714755058288574,4,4,6.8675994873046875,5.024693965911865
3722,HSP90AB1,"HSP90AB1, SET, RHEB, SYNCRIP, BAZ1B",0.006073553229620508,2.812028646469116,8,3,9.87018871307373,5.462139129638672
3723,ARPC4,"ARPC4, SETX, ARL5A, ZDHHC12, PIGT",0.005674532056988459,2.7616875171661377,29,2,10.88398265838623,4.3589186668396
3724,REXO4,"REXO4, TMEM218, TRNT1, LRRC47, C11ORF54",0.008191208592974874,3.2813680171966553,0,2,11.067243576049805,3.558605909347534
3725,TLK1,"TLK1, ISY1, HMGCS1, ABI2, UGP2",0.006245122529892274,2.52009916305542,2,7,10.672441482543945,3.591377019882202
3726,RNF168,"RNF168, LBR, NXT1, CCNT1, BZW1",0.009634351507260813,2.4964792728424072,12,0,8.269556999206543,6.331120014190674
3727,NUBP2,"NUBP2, GLOD4, ZDHHC4, PPP4C, BDH2",0.008064737508774544,3.0496881008148193,1,9,7.057371139526367,5.181699752807617
3728,SRP19,"SRP19, C14ORF119, GCSH, NOP56, DHODH",0.007311793379581881,2.943342447280884,30,0,8.482418060302734,6.021595478057861
3729,PIAS4,"PIAS4, DDRGK1, ZNF428, INTS11, HTRA2",0.009264742214675352,2.948591709136963,1,6,11.268208503723145,5.465896129608154
3730,LDHA,"LDHA, TCAF1, BORCS8, GNAS, SNRPE",0.0038960937101714123,3.800781011581421,2,3,10.080831527709961,3.484903573989868
3731,THRAP3,"THRAP3, SAMD1, CLN6, HAUS6, NUP88",0.008784348173914408,2.7413854598999023,1,4,10.319440841674805,7.069812297821045
3732,C1ORF35,"C1ORF35, BAG5, THAP1, PAPOLA, PARL",0.006608849446468418,3.362136125564575,0,5,11.530231475830078,5.938933372497559
3733,NOP10,"NOP10, RBM39, UBE2D3, PIAS4, GTF3C3",0.004197075282648168,3.293046236038208,0,4,9.090003967285156,5.222620964050293
3734,SRA1,"SRA1, ZNRF1, XIAP, DTD1, RFK",0.011170632041694281,2.877504587173462,0,8,7.799548625946045,5.263062477111816
3735,DCXR,"DCXR, PRPF18, PCNT, VPS4B, POLR2F",0.009230428354620998,2.8544468879699707,1,9,9.495121955871582,7.148019790649414
3736,ATP5F1A,"ATP5F1A, MED27, NUCKS1, EIF2S3, DDX3X",0.004691194867430853,3.3234336376190186,0,3,8.548118591308594,4.819715976715088
3737,FAF2,"FAF2, BRIX1, RFC3, AFMID, MRPS30",0.006106886693673309,3.261735439300537,0,4,10.437723159790039,6.919569969177246
3738,ISOC2,"ISOC2, HGS, TPGS2, INTS10, RANBP2",0.006723555778650112,3.5388970375061035,5,5,8.59648323059082,4.918144226074219
3739,TMEM38B,"TMEM38B, NECAP2, ZC3HAV1, EMC8, AHSA1",0.009190232118557328,2.3812966346740723,0,8,9.826709747314453,4.743513584136963
3740,MRPS27,"MRPS27, TM7SF3, ZC3H8, ARID1A, YTHDF2",0.008891211338083679,2.978969097137451,2,1,7.691599369049072,3.4749882221221924
3741,MED16,"MED16, SNRNP40, TRUB2, PDHA1, KAT7",0.006544143310365923,3.158700704574585,3,6,9.87427806854248,5.128320217132568
3742,LSM3,"LSM3, C19ORF25, POLR2B, SSNA1, RANBP2",0.0066264965744963706,2.9625329971313477,13,5,8.661173820495605,4.596166133880615
3743,COPB1,"COPB1, MITD1, AP3M2, RPL17, RTF2",0.005852964129271095,3.0761263370513916,3,9,9.8649263381958,6.36397647857666
3744,NDUFS1,"NDUFS1, CRNKL1, TEX264, HAUS1, ERCC3",0.007314734567586539,2.728545665740967,3,6,7.899413108825684,3.533853530883789
3745,DNAJC3,"DNAJC3, HDGF, PTRH1, SLC25A15, AMMECR1",0.006021592241538202,2.5977022647857666,2,5,9.308526039123535,7.653214454650879
3746,MRPL20,"MRPL20, MRPL21, SNRPE, STYXL1, DCTN2",0.0037882501500005883,3.974547863006592,2,8,11.143343925476074,5.191159248352051
3747,TCTN3,"TCTN3, KLHDC4, ZDHHC24, SNAPC5, LIG3",0.007215714571429692,2.6056034564971924,1,9,8.178749084472656,5.76284646987915
3748,ELOC,"ELOC, NFU1, NIPSNAP3A, C16ORF87, NUDCD2",0.007078459131212279,2.7629518508911133,1,6,7.530709266662598,5.13345193862915
3749,MTDH,"MTDH, PCBP1, SPATS2, CDK2AP2, CALU",0.006660810434550724,3.030445098876953,1,8,8.84129810333252,3.0269508361816406
3750,COX8A,"COX8A, PGLS, MCM5, TUBB, MCM2",0.00403825113039659,3.831186056137085,14,3,8.706472396850586,5.763235092163086
3751,MED11,"MED11, ARV1, PRPF6, MRPS18B, CDK16",0.005031392279969725,3.109443426132202,0,7,9.105226516723633,2.6381924152374268
3752,IK,"IK, NDUFA12, COMMD9, HMGB1, DNAJC8",0.006026494221545967,3.2272183895111084,0,8,8.871663093566895,5.259239196777344
3753,TNPO3,"TNPO3, RBMXL1, UBIAD1, PPP2R1A, C9ORF78",0.007320616943595857,2.9059178829193115,4,5,10.244595527648926,3.718268394470215
3754,PAK1IP1,"PAK1IP1, HPF1, SMARCD2, POLR2D, ING2",0.007895129000505884,3.9692938327789307,7,7,10.409921646118164,5.732297420501709
3755,IWS1,"IWS1, CTNNBL1, EIF3E, PEX3, ATOX1",0.0060392393695661555,3.7442665100097656,3,1,10.353433609008789,5.6177849769592285
3756,TIA1,"TIA1, TTC14, USP40, NONO, EIF2B5",0.0071431652673147735,2.56687593460083,0,2,8.028631210327148,5.200662612915039
3757,NELFCD,"NELFCD, C1GALT1, CELF1, PEPD, FBXW5",0.006639241722516559,2.949143648147583,5,8,8.300785064697266,6.300217151641846
3758,PPP1R7,"PPP1R7, MRPS6, OSBPL9, C17ORF49, AAAS",0.004424527155008451,3.6737539768218994,2,2,10.23809814453125,4.514706611633301
3759,CZIB,"CZIB, PRKCSH, PRPF6, GGCT, GOPC",0.006229436193867427,2.566481828689575,8,6,9.129369735717773,7.04811954498291
3760,NIT2,"NIT2, RAB10, CDK5RAP1, MED14, KANSL3",0.008320620865179864,3.631333112716675,1,8,10.133089065551758,5.366096496582031
3761,ATXN2L,"ATXN2L, YIF1B, IPO11, CYFIP1, CTNNAL1",0.008132384832881697,2.4754838943481445,1,1,7.500105857849121,5.051060676574707
3762,RAB8A,"RAB8A, EIF4E, PTBP1, FAHD2A, CXXC1",0.0058264934372291655,2.9114062786102295,17,5,10.165889739990234,5.2020697593688965
3763,UBA1,"UBA1, GPATCH11, TFPT, C1ORF174, PRPF3",0.005812767893207425,3.4666261672973633,7,7,8.315634727478027,4.4178147315979
3764,CASP3,"CASP3, TMEM170A, BCS1L, GOLGA2, TRUB2",0.008340228785210922,2.863835573196411,0,4,8.926201820373535,4.694197177886963
3765,TUT4,"TUT4, WDR33, NOP2, JPT2, PPAN",0.008454935117392617,3.3194100856781006,0,2,8.20373821258545,3.722443103790283
3766,YTHDC1,"YTHDC1, TPR, NLN, PIGS, NONO",0.00882160322197342,2.6028082370758057,0,6,7.029895305633545,6.201326370239258
3767,CNOT3,"CNOT3, FAM76B, PRPF38B, TTC33, KDM4A",0.005199039996235279,3.7138993740081787,1,4,6.880644798278809,4.481748104095459
3768,C1ORF131,"C1ORF131, COMMD5, PRDX6, SRSF7, CDC6",0.004879430899729018,4.438352108001709,25,8,11.019378662109375,3.3528780937194824
3769,ING3,"ING3, AZI2, IMMP1L, BRD9, CLPX",0.00801669810469845,2.8910372257232666,0,1,10.690691947937012,5.040624141693115
3770,CCAR1,"CCAR1, SNW1, STRAP, MZT2A, GID8",0.002975501864713195,3.886145830154419,2,0,9.455644607543945,7.0874552726745605
3771,TBK1,"TBK1, EEF1E1, AK6, MED15, HAT1",0.004147075086568967,3.236538887023926,5,0,8.044644355773926,4.856461048126221
3772,CEBPZOS,"CEBPZOS, RRM2, AAMP, CSNK2A2, CNOT11",0.0072098321954203745,2.675137758255005,6,9,7.408733367919922,3.9350063800811768
3773,SUPV3L1,"SUPV3L1, KLHL8, RCL1, POLR3H, WDR3",0.006634339742508794,2.8714141845703125,0,2,9.113861083984375,7.395589828491211
3774,OARD1,"OARD1, GDF11, POLA2, SNRPB, CCDC34",0.007722579304232566,3.0269391536712646,0,7,10.906025886535645,6.0302629470825195
3775,TRAPPC2L,"TRAPPC2L, STAG2, GTF2H2, ZFX, TYW3",0.00545198216463594,2.901371717453003,5,7,9.68028450012207,4.768974304199219
3776,DDX42,"DDX42, JAGN1, TSR3, NPAT, MIA3",0.0074412056517868695,2.778292417526245,15,6,10.756518363952637,5.2068939208984375
3777,SURF2,"SURF2, FAM216A, PIGP, MRPS6, MRPS2",0.006436299750195099,3.4275429248809814,17,6,8.659729957580566,6.809501647949219
3778,CDCA8,"CDCA8, MAGOHB, CCDC47, WDR12, CDK7",0.007327479715606728,2.9395573139190674,7,4,9.309849739074707,2.4982850551605225
3779,COPE,"COPE, NDUFB9, MLXIP, TMEM179B, GNAS",0.0036804065898297642,4.118578910827637,2,3,8.715346336364746,3.474644184112549
3780,HCFC1R1,"HCFC1R1, AP1G1, ANAPC10, VCP, MTX1",0.00804709038074659,2.6935057640075684,6,5,8.650124549865723,5.401010513305664
3781,RAN,"RAN, RAC1, CUTA, DNAJC1, SMDT1",0.0036431515417707522,4.418147087097168,1,8,9.661834716796875,2.771167278289795
3782,RCOR1,"RCOR1, CSTF3, NTMT1, SMC4, CCNK",0.006713751818634583,2.9788737297058105,10,6,11.115965843200684,4.854848861694336
3783,TMX1,"TMX1, ESF1, HMOX2, NCBP2, IMMT",0.006798065874768136,3.840057849884033,21,1,6.843387603759766,4.956523895263672
3784,RRP12,"RRP12, EIF5, ERH, BAX, TCOF1",0.005808846309201213,2.7595250606536865,5,4,10.423279762268066,4.73554801940918
3785,ZNF131,"ZNF131, CDC6, RHOT1, DIAPH1, SPRYD7",0.006982380323060091,3.0203607082366943,3,4,8.172222137451172,5.276892185211182
3786,PAK4,"PAK4, EXOSC3, UQCR10, NDUFV2, GCAT",0.006303946289985451,2.877534866333008,26,4,8.391475677490234,4.5305376052856445
3787,DDX6,"DDX6, CLCC1, DHX37, MDC1, RFWD3",0.010904944725273433,2.8674581050872803,0,4,8.88105297088623,7.440065860748291
3788,NDUFA10,"NDUFA10, TRMT10C, APEX1, BNIP3, STMN1",0.005188255640218197,3.433655261993408,5,6,10.552470207214355,6.1483540534973145
3789,SRP54,"SRP54, SPATA33, PDRG1, MRPL51, TACO1",0.008297091361142593,2.4835782051086426,1,2,11.26121997833252,5.029609203338623
3790,SEC31A,"SEC31A, GATD1, NSD2, NAA40, XRCC1",0.006367672030086392,3.0064473152160645,2,4,10.619407653808594,5.684970855712891
3791,ATP5MC3,"ATP5MC3, NCKAP5L, KIF20A, RBM4B, SLC5A6",0.005709826313044365,3.144392251968384,0,0,8.973953247070312,5.903345584869385
3792,MYBL2,"MYBL2, NEU1, GLA, PIH1D1, CHMP2B",0.00618041639378978,3.1172144412994385,29,2,8.0199556350708,3.895118474960327
3793,SRCAP,"SRCAP, SEC11A, NDUFB4, P4HB, SF3B5",0.007307871795575669,2.803882360458374,4,5,8.504358291625977,4.887555122375488
3794,CBX5,"CBX5, TTF1, TSR2, SMC3, SAP30L",0.004523547151165298,3.904407501220703,3,8,10.921406745910645,4.13660192489624
3795,TGFBR1,"TGFBR1, PSMD6, MCRIP2, STT3B, RPAIN",0.0070735571512045145,3.835282802581787,8,8,11.228096008300781,5.511702060699463
3796,GNAI3,"GNAI3, COA4, UBE2E1, PDCD10, GALNT10",0.008647092733696994,3.050886392593384,5,9,10.217469215393066,4.509758472442627
3797,IMP4,"IMP4, SLC5A3, TBCA, VPS4A, ERP29",0.0073676759516703985,2.9320762157440186,5,9,8.764826774597168,6.198774814605713
3798,POMP,"POMP, POLR3C, RSRC1, SRA1, RNF115",0.004194134094643509,3.8985211849212646,0,4,10.431678771972656,4.087614059448242
3799,MED11,"MED11, KTI12, COQ4, CFAP410, MIER1",0.0051696281161886905,3.7452869415283203,0,1,11.591845512390137,4.319607257843018
3800,EXOSC1,"EXOSC1, SMAD5, ZNF195, TXNRD2, APOOL",0.009531409927097754,2.4647469520568848,2,4,11.438002586364746,5.453849792480469
3801,KIF5B,"KIF5B, NCL, CEBPZ, HMGN1, RAB14",0.005416687908580034,3.2211031913757324,10,6,9.043354988098145,3.5058722496032715
3802,RPN2,"RPN2, THAP12, NFKBIL1, PELO, DCUN1D1",0.006814732606794536,2.4011573791503906,0,2,10.731207847595215,5.112284183502197
3803,TRAPPC1,"TRAPPC1, PYCR1, MIIP, C4ORF48, APEH",0.006788261914752607,2.9407927989959717,1,2,10.552398681640625,6.65588903427124
3804,SDF4,"SDF4, FKBP1A, RBM41, ABCF3, METTL2B",0.008665720257726502,2.769315481185913,1,1,8.435011863708496,3.829305648803711
3805,SCAMP3,"SCAMP3, NT5DC1, POMGNT1, MCM3AP, PNKD",0.009063761034356998,2.4662609100341797,0,2,10.222219467163086,6.59690523147583
3806,HNRNPH1,"HNRNPH1, NDUFB2, ATP5PO, SEC31A, SET",0.009723567543402131,2.9741251468658447,14,3,10.941147804260254,3.170431613922119
3807,DENR,"DENR, CLTB, PITPNB, CCDC127, DNTTIP1",0.007960815532609931,2.871236562728882,0,5,7.296804428100586,4.834855079650879
3808,HSP90AA1,"HSP90AA1, HMGXB4, NDUFB11, TOR3A, CEBPG",0.0036529555017862816,3.7747814655303955,14,3,9.946512222290039,5.457324028015137
3809,FTSJ1,"FTSJ1, DRAM2, THOC1, IKZF5, WTAP",0.00456374338722897,3.405449390411377,0,2,8.024873733520508,3.2126524448394775
3810,TSEN15,"TSEN15, NBPF1, TLNRD1, UQCRQ, TAF2",0.008018658896701556,3.6543662548065186,0,9,9.861275672912598,6.779445171356201
3811,RNF181,"RNF181, IGBP1, KDM1A, NAF1, XRCC1",0.004377468146933909,3.55462646484375,2,4,11.349238395690918,4.9291462898254395
3812,SSBP4,"SSBP4, SAP30BP, INTS1, ATP5MC3, TRIM41",0.008666700653728054,2.8832502365112305,2,2,8.54481029510498,6.333522319793701
3813,SRRM2,"SRRM2, SFPQ, DHX16, PHACTR4, UBE2Q1",0.003984329350311178,4.450410842895508,3,3,10.361621856689453,4.7183451652526855
3814,UQCRQ,"UQCRQ, TMEM106C, PTTG1IP, C9ORF78, CPNE3",0.005747081361103377,2.9344241619110107,18,8,9.1283597946167,4.170440196990967
3815,VDAC1,"VDAC1, IRAK1, OTUD5, KDM5C, RNF41",0.004923548719798901,3.8462443351745605,4,7,10.672099113464355,6.512121677398682
3816,EMC4,"EMC4, SRP72, ANP32E, MDH1, AKR1A1",0.005185314452213538,3.159759998321533,2,0,8.695911407470703,6.59883975982666
3817,ATP11B,"ATP11B, TWF1, TRMT1L, ALDH9A1, POLE",0.006835320922827149,2.6237058639526367,1,4,9.60171127319336,7.08572244644165
3818,NXT1,"NXT1, GANAB, ZC3H18, RABGGTA, SELENOS",0.007196106651398633,2.9319355487823486,2,5,8.892879486083984,6.635289192199707
3819,SVBP,"SVBP, MAGOH, MYNN, ZNF518A, PIGK",0.008398072149302546,3.077207326889038,2,5,11.525884628295898,5.23248815536499
3820,TIMM10B,"TIMM10B, FAM174C, MAGOHB, PYCR2, XPO1",0.007527480499923529,3.097306728363037,3,6,8.971582412719727,5.499364852905273
3821,SEC63,"SEC63, NIPBL, CLPB, CMC1, ZNF451",0.003495111745536257,3.2229092121124268,2,6,8.96997356414795,4.339087009429932
3822,NME4,"NME4, MRPS26, SHMT2, MTHFD1L, RSAD1",0.008585327785599159,2.8888344764709473,12,0,8.702654838562012,3.407874584197998
3823,YTHDC1,"YTHDC1, PKM, LETMD1, OXA1L, ZKSCAN1",0.00804316879674038,3.0124199390411377,1,6,8.288846015930176,5.968163967132568
3824,STMN1,"STMN1, HDHD2, RRP8, SIVA1, NFKBIL1",0.005908846701359613,3.604167938232422,2,7,7.930762767791748,6.502303123474121
3825,SPAG9,"SPAG9, UFC1, PAPOLA, NDUFS7, NSFL1C",0.006783359934744842,3.414194107055664,11,9,10.041875839233398,6.278587341308594
3826,SEC61A1,"SEC61A1, SNRPE, SHLD2, SNRPG, LRRC75A",0.006478456778261876,3.695223808288574,1,9,7.330676555633545,6.294300556182861
3827,SCCPDH,"SCCPDH, EIF4H, CEP162, VPS26B, C17ORF49",0.0051637457401793735,3.246467351913452,0,8,8.841752052307129,4.534358024597168
3828,NELFCD,"NELFCD, B3GAT3, ERI3, FBXW2, FBXO22",0.0069264977509715725,2.4744203090667725,0,1,7.794129371643066,4.890787601470947
3829,EPM2AIP1,"EPM2AIP1, CHD8, MZT2A, SLC25A36, PPIG",0.005948062541421731,2.8688137531280518,0,5,9.360333442687988,7.700257778167725
3830,ATP11A,"ATP11A, SREK1, BCL2L1, SFT2D2, HIGD1A",0.00596767046145279,2.733813524246216,3,0,7.563333988189697,5.327735900878906
3831,STMN1,"STMN1, NUCKS1, DCTN2, CIAO2A, HEXD",0.00423138914270252,5.40974760055542,10,3,8.75009536743164,6.9930033683776855
3832,CSNK1A1,"CSNK1A1, CALR, UBE2G1, GOLPH3, NRBP1",0.006140220157726109,3.439852237701416,0,8,7.2375407218933105,5.337917327880859
3833,FAM32A,"FAM32A, SMC1A, COX6C, OPA3, ENSA",0.005589237604853353,2.902472734451294,8,8,9.01716423034668,6.916200160980225
3834,PET117,"PET117, CNOT9, PIN1, RNF7, SLC35F2",0.005705904729038153,3.162712812423706,4,7,8.148012161254883,6.0084147453308105
3835,CEP250,"CEP250, MED16, SLC29A1, RPP21, NUP50",0.006350024902058439,3.0543694496154785,4,5,10.062009811401367,4.3069257736206055
3836,BCS1L,"BCS1L, LEMD2, TENT4A, RCL1, RBM19",0.010426511476515594,2.6998655796051025,0,8,7.722684860229492,4.74607515335083
3837,COPS5,"COPS5, PAAF1, COPS4, PSMC2, SMU1",0.0064813979662665345,2.9957399368286133,2,7,8.754859924316406,3.9740779399871826
3838,EIF3G,"EIF3G, COPA, APMAP, EIF3F, NDUFS5",0.007792187420342825,2.833700180053711,2,3,8.812638282775879,6.0013813972473145
3839,HNRNPDL,"HNRNPDL, ACTR2, SEC22B, WDHD1, MCM8",0.004989235251902949,3.5353822708129883,1,4,10.68674087524414,6.957703590393066
3840,SLMAP,"SLMAP, ESCO2, KTN1, RNF31, ARFGAP2",0.004749038231522476,3.100447177886963,0,6,10.267809867858887,5.068730354309082
3841,PYURF,"PYURF, SSR3, ROCK2, HNRNPM, NDUFS7",0.004366683790916827,4.494887828826904,9,5,10.95739459991455,4.1587443351745605
3842,PTPMT1,"PTPMT1, C5ORF24, SAP30L, PRDX1, WASHC2C",0.0036402103537660933,3.8607542514801025,0,2,8.433469772338867,6.548976898193359
3843,CHCHD4,"CHCHD4, RNF138, PLCXD1, PHF5A, CCNT1",0.007079439527213832,3.4015495777130127,0,4,8.630314826965332,6.068564414978027
3844,SDHD,"SDHD, STAM, TSPAN13, CAND1, TMEM33",0.007033360915140844,2.5503897666931152,4,2,9.202980995178223,3.9776737689971924
3845,CKS2,"CKS2, KRR1, PGLS, CD2AP, SFPQ",0.007593167032027576,3.14328932762146,0,5,10.813690185546875,4.320887088775635
3846,RSBN1L,"RSBN1L, MAPRE1, EAPP, TRMT13, ERCC3",0.006515711826320887,3.0711565017700195,16,6,9.974048614501953,2.75380539894104
3847,ERP29,"ERP29, SRSF11, PHF3, LRRC59, KIAA0319L",0.006881399534900137,3.4870617389678955,4,5,8.816643714904785,3.449042320251465
3848,USP10,"USP10, VBP1, AURKA, EXOSC5, EIF5B",0.00555198255679434,3.6840357780456543,4,5,10.105376243591309,5.361187934875488
3849,ATP5MF,"ATP5MF, ATP5ME, HILPDA, IMMP1L, ATP1A1",0.005072568912034949,3.450566053390503,10,3,8.605525970458984,6.050713539123535
3850,METTL2A,"METTL2A, PRIM1, TAF8, CZIB, THOC2",0.005619629880901493,3.6364057064056396,0,7,7.4563069343566895,5.744175910949707
3851,SEC62,"SEC62, BRK1, SHMT2, ZMYND8, CBX3",0.003815701238044071,2.886585235595703,1,1,8.171350479125977,6.063526153564453
3852,RNF5,"RNF5, ATF6B, PHRF1, DAXX, NDUFAF3",0.00863532798167836,2.940911054611206,12,8,10.92959976196289,4.976064682006836
3853,TMED3,"TMED3, IST1, CENPF, ELAVL1, ALDH9A1",0.004796097239597018,3.2156460285186768,47,6,9.501729011535645,7.20988130569458
3854,SNRPG,"SNRPG, CBX1, CCDC167, DNAJA1, ACTR3",0.006690222314597312,3.4186480045318604,5,3,7.8290557861328125,4.312742233276367
3855,CCT3,"CCT3, PHF14, COQ7, UBE2R2, DHODH",0.00724512645147628,3.3014752864837646,7,6,8.953937530517578,4.482242107391357
3856,RBL1,"RBL1, MED14, RNF34, CENPN, TMEM222",0.006355907278067757,2.9241490364074707,5,2,10.58583927154541,4.71965217590332
3857,BCAP29,"BCAP29, ERCC1, CDK1, SUCLA2, TUBA1C",0.007104929823254209,2.8296217918395996,13,9,8.857605934143066,5.080153465270996
3858,DTD1,"DTD1, ACIN1, SPRTN, ZDHHC5, BBS4",0.006019631449535096,3.8345086574554443,1,6,11.753252983093262,4.683411598205566
3859,VPS4A,"VPS4A, CNBP, XRCC5, ACAT1, BECN1",0.005839238585249354,3.476998805999756,5,5,10.985588073730469,3.6154706478118896
3860,MPHOSPH6,"MPHOSPH6, ATRAID, AP2M1, MAT2A, RBM4",0.007057870815179668,3.061842918395996,7,8,10.104338645935059,3.1876060962677
3861,FARSB,"FARSB, CDC26, CDK2AP1, RAB4A, TGFBR1",0.005601002356871988,3.187838554382324,4,8,6.938411235809326,4.889223098754883
3862,HAX1,"HAX1, NRBF2, ARFRP1, PQBP1, CCDC59",0.003215698885093667,4.992400169372559,3,1,8.444812774658203,3.3091683387756348
3863,GTF2H2,"GTF2H2, DPH3, CLSPN, COMMD9, NAGPA",0.004904921195769395,3.1930763721466064,4,0,9.4713773727417,3.742724657058716
3864,PDXK,"PDXK, MESD, SSB, SRPRA, NSD2",0.00515590257216695,3.543926239013672,5,2,7.273899555206299,5.737493991851807
3865,COA3,"COA3, SERBP1, RTN4, FAM168B, EIF3F",0.006981399927058538,2.8315324783325195,0,3,9.362749099731445,5.920105457305908
3866,STX10,"STX10, NABP2, MRPL46, MBIP, FTSJ1",0.009422585970925376,2.695317029953003,0,7,9.598540306091309,6.83027458190918
3867,FANCM,"FANCM, INTS10, ASL, TFG, SETD4",0.004721587143478994,3.2436981201171875,0,9,7.604396820068359,4.283854961395264
3868,RTCB,"RTCB, NGDN, ZWINT, SDHD, PDRG1",0.009306899242742129,2.463261365890503,26,6,9.095879554748535,3.488879442214966
3869,HMGB1,"HMGB1, HDDC2, NASP, PEX2, TACC3",0.00815983592092518,3.2645132541656494,24,6,7.758105278015137,3.7134690284729004
3870,AQR,"AQR, PSMD4, PARG, ATP6V1C1, TMEM248",0.005637277008929447,3.1983144283294678,0,5,8.233603477478027,3.8158884048461914
3871,SLC16A1,"SLC16A1, DDX54, TACC3, TRMO, GTSE1",0.007269636351515104,3.409165859222412,0,8,7.652429580688477,3.977830410003662
3872,CMTM6,"CMTM6, LSM14A, ACTN4, OCIAD1, RAP1A",0.005811787497205872,3.518568277359009,3,8,8.107036590576172,6.252441883087158
3873,MTPN,"MTPN, XPNPEP3, CCT2, FAM32A, PCGF6",0.005720610669061447,2.734337091445923,0,8,8.476944923400879,3.884951591491699
3874,METTL2A,"METTL2A, EIF3M, GDI2, GEMIN2, CFAP298",0.005624531860909258,3.229290008544922,1,6,8.875384330749512,4.733335018157959
3875,PDIA6,"PDIA6, CSNK1G2, CBL, SMARCA4, KIF4A",0.005940219373409308,3.0507915019989014,3,1,9.844120979309082,4.744951248168945
3876,HAT1,"HAT1, C17ORF49, TRMT112, MAPK6, CDK5RAP3",0.008677485009745136,3.462697744369507,2,9,10.746155738830566,5.739022254943848
3877,ACYP1,"ACYP1, PIGX, METTL2A, COX7B, BARD1",0.0027764814763979466,4.042412757873535,4,7,9.01858139038086,3.9466488361358643
3878,PDE12,"PDE12, TFAM, CDC16, COPRS, PRPS1",0.0054568841446437045,2.944765329360962,1,5,10.03413200378418,4.4290008544921875
3879,DYNC1LI2,"DYNC1LI2, DNAJB11, CGGBP1, BLOC1S1, NOC3L",0.0056784536409946705,2.912261962890625,0,9,10.042886734008789,4.9821014404296875
3880,SNRPD1,"SNRPD1, RAN, DNAAF2, UBA2, EZH2",0.00629708351797458,2.607621908187866,6,0,10.337870597839355,3.9793641567230225
3881,NVL,"NVL, CEP152, E2F3, ADNP, GNPAT",0.005109823960093961,3.59926176071167,0,7,7.456249237060547,3.4720239639282227
3882,NCOA4,"NCOA4, HP1BP3, FAM161A, MBTPS1, KIAA0232",0.006274534409938862,3.114812135696411,0,4,10.632022857666016,6.435651779174805
3883,TRIM28,"TRIM28, TRAPPC1, YIF1A, MCM8, IMMP1L",0.004853940603688642,3.8194751739501953,3,0,9.340999603271484,5.239751815795898
3884,PROSER1,"PROSER1, UBALD2, POLR2L, MTPAP, ZUP1",0.00970984199938039,2.9964613914489746,1,4,10.171772956848145,7.107825756072998
3885,RHNO1,"RHNO1, KIF20B, YEATS4, PRKRA, FLYWCH2",0.005674532056988459,2.670095920562744,4,8,11.28963851928711,3.4529829025268555
3886,LAMTOR1,"LAMTOR1, CMTM6, NSA2, RBBP4, MANF",0.006711791026631477,3.1035571098327637,16,0,8.052234649658203,3.677567481994629
3887,EGLN2,"EGLN2, CLINT1, YES1, EIF5B, PRKDC",0.005694139977019517,3.296616554260254,1,0,8.734017372131348,3.044318437576294
3888,PUSL1,"PUSL1, PSMC3IP, SLC27A5, CEBPZOS, KLHL21",0.006295122725971474,3.183955430984497,0,6,10.861747741699219,5.717716217041016
3889,THAP3,"THAP3, NADK2, B3GALNT2, TONSL, PDRG1",0.005521590280746199,2.7642788887023926,1,4,9.091922760009766,6.706198692321777
3890,C1ORF52,"C1ORF52, PSMA6, PIK3CB, EIF5B, UNC45A",0.005795120765179471,2.9189612865448,2,8,10.89692497253418,4.245148181915283
3891,SEC11A,"SEC11A, UBXN1, VDAC2, UQCRH, NBPF1",0.004400017254969627,3.0956294536590576,3,3,8.170130729675293,6.329063892364502
3892,RBX1,"RBX1, ZNRD2, ANP32B, HSPA5, DAD1",0.0031666790850160198,4.502468585968018,6,3,8.812341690063477,7.016844749450684
3893,KPNA4,"KPNA4, GTF2F1, TRAPPC10, TLK2, CAND1",0.0076578731681300714,2.887176752090454,8,1,11.54052734375,6.246198654174805
3894,DENND4B,"DENND4B, RFC3, GTF3C1, MPI, COG4",0.0077274812842403305,2.7274832725524902,0,7,9.899605751037598,6.775473594665527
3895,MCAT,"MCAT, ZMYND19, NUS1, PLEKHM2, ERI1",0.005916689869372037,2.833996295928955,0,4,9.245898246765137,6.332188129425049
3896,DBNDD2,"DBNDD2, ATP6V0C, DESI2, VPS4A, PIM3",0.007126498535288374,2.5957839488983154,1,1,10.254055976867676,5.2411699295043945
3897,MBIP,"MBIP, ECHDC1, CETN2, GLRX2, SZRD1",0.008555915905552571,3.077770233154297,1,0,8.653846740722656,6.717028617858887
3898,PSMG2,"PSMG2, NCOA4, AURKA, STT3A, SRSF6",0.008370621061259064,2.679464340209961,11,0,9.915544509887695,4.413128852844238
3899,EIF5A,"EIF5A, CKS1B, VDAC1, NUP88, CASP3",0.00646669202624324,2.83858585357666,0,0,10.596355438232422,5.3054399490356445
3900,MCM3,"MCM3, PDCD2L, KNTC1, UTP15, ZWINT",0.006909831018945173,3.5457100868225098,12,4,10.094598770141602,7.7829389572143555
3901,CBFB,"CBFB, TEX264, NCAPH2, DTYMK, MTCH2",0.008543170757532383,2.7562718391418457,5,1,10.11855697631836,5.531949996948242
3902,WDR5,"WDR5, MELK, IFI27L1, LPIN2, PATL1",0.009584351311181613,2.429105520248413,0,2,9.613729476928711,7.302493095397949
3903,WDR33,"WDR33, SRM, GPATCH1, GEMIN4, ACD",0.005316687516421633,3.865877151489258,0,6,10.567940711975098,5.2456746101379395
3904,SRP9,"SRP9, HTATSF1, GPAT4, CBX1, DRAP1",0.0094637626029906,2.6029765605926514,8,2,8.193690299987793,4.093377590179443
3905,MRPL58,"MRPL58, COX7A2L, SCOC, ATP5PO, NUS1",0.00643335856219044,3.2718746662139893,3,7,8.541120529174805,2.966468095779419
3906,VPS37A,"VPS37A, DUT, PIGX, HNRNPAB, LACTB2",0.006762771618712231,3.1388115882873535,0,6,10.45667552947998,5.739284515380859
3907,DCTPP1,"DCTPP1, MEN1, AGO2, STX12, ADAL",0.004810803179620312,4.1705098152160645,16,0,9.570291519165039,3.1275649070739746
3908,LAPTM4B,"LAPTM4B, PNKD, COPA, CTSA, NQO2",0.004556880615218099,5.00325870513916,8,2,11.080622673034668,4.248029708862305
3909,ATP5ME,"ATP5ME, TM9SF4, ATP5PB, NDUFC1, TIMM8B",0.007616696536064847,3.2212820053100586,0,3,8.020995140075684,4.951587677001953
3910,CHD1,"CHD1, PDS5B, RPAP2, PGLS, TERF2IP",0.008410817297322735,2.6102912425994873,10,3,10.626224517822266,7.115135669708252
3911,PTPMT1,"PTPMT1, AHCTF1, EWSR1, UBA6, HIKESHI",0.004158839838587602,3.419217109680176,4,9,9.710084915161133,2.9807589054107666
3912,PPRC1,"PPRC1, USP1, LSM2, MDC1, NOLC1",0.005796101161181024,2.9789083003997803,6,0,9.749517440795898,7.747818946838379
3913,C1ORF35,"C1ORF35, NTHL1, TRUB2, ZCCHC10, MRPS36",0.006601986674457547,2.752769947052002,8,9,10.287880897521973,5.750787258148193
3914,RSL1D1,"RSL1D1, PEBP1, TOMM20, COX7A2L, PPA1",0.006028455013549073,3.3879010677337646,2,3,10.649392127990723,6.597406387329102
3915,LAMTOR2,"LAMTOR2, ANP32A, COPS5, YWHAG, DCTPP1",0.005787277597167048,2.7042407989501953,4,9,8.044143676757812,4.171220779418945
3916,TUSC2,"TUSC2, ERCC5, MAPKAPK2, ORC3, PRKD3",0.009005917670265373,2.6817100048065186,0,1,9.866854667663574,5.272976875305176
3917,CLN6,"CLN6, SNRPF, IPO4, NUS1, KHSRP",0.006227475401864321,3.4853744506835938,0,7,10.500507354736328,6.702892780303955
3918,TBC1D10B,"TBC1D10B, OPA1, PEX26, HSP90AA1, NUP43",0.005158843760171609,3.3513121604919434,4,1,7.399166107177734,5.4964118003845215
3919,PSMA4,"PSMA4, OSTC, SNRPD3, STAMBP, MCCC2",0.00733826407162381,4.2050371170043945,4,2,8.76068115234375,3.808727502822876
3920,PSMD6,"PSMD6, PPP1R12A, DECR1, UBAC2, ABHD14B",0.0051647261361809265,3.567315101623535,5,8,9.08115005493164,6.234042167663574
3921,COPG1,"COPG1, HLTF, SNAPC5, FLYWCH2, RPF2",0.008114737704853745,2.822016477584839,2,7,10.296723365783691,5.12032413482666
3922,MPV17,"MPV17, GTF2B, DCTN1, NR2C2AP, PDE4DIP",0.00746473515582414,3.0162298679351807,9,8,8.553009033203125,6.69395637512207
3923,CDC5L,"CDC5L, ZC3H14, ADPGK, CCDC14, RYK",0.007665716336142494,3.467524766921997,2,9,11.408388137817383,6.610415458679199
3924,CORO1C,"CORO1C, EIF3G, SREK1IP1, MFN2, B3GAT3",0.011202004713743975,3.108785390853882,4,9,7.158090114593506,6.17781400680542
3925,EIF3G,"EIF3G, TPRKB, LRRC58, PRPSAP1, ARF6",0.0035666806536496223,4.289034366607666,2,0,10.882518768310547,5.26746940612793
3926,BPTF,"BPTF, THOC2, BRD4, MRPL58, TENT4B",0.005400021176553633,3.6978118419647217,16,1,10.284854888916016,3.6914262771606445
3927,GNAI3,"GNAI3, PSMD7, RRP9, PGM2, RNF40",0.007618657328067953,2.919475793838501,9,6,9.43070125579834,3.930729866027832
3928,MAFG,"MAFG, CRK, TPMT, RAB5A, YIPF2",0.008357875913238876,2.8363728523254395,5,8,8.270304679870605,3.558598041534424
3929,ZNF106,"ZNF106, PPP2R2D, PAAF1, DNM2, SCAMP2",0.006431397770187334,2.5878188610076904,0,6,10.311081886291504,3.9117727279663086
3930,GEMIN6,"GEMIN6, RHEB, TAF1B, RBBP8, ELOF1",0.007173557543362915,3.2381393909454346,4,2,9.607355117797852,5.948338508605957
3931,DHCR24,"DHCR24, TOMM5, FDFT1, HMGCR, DHCR7",0.005836297397244695,3.3495845794677734,23,8,8.24709701538086,5.97855281829834
3932,TUBA1C,"TUBA1C, ZNF37A, REX1BD, ZC3H7A, SRRD",0.004992176439907608,3.3570969104766846,0,0,8.507079124450684,2.7917447090148926
3933,RBM15B,"RBM15B, COPG1, BDP1, ZNF621, TRAPPC12",0.007316695359589645,3.929076910018921,1,0,8.293783187866211,4.865647315979004
3934,DCXR,"DCXR, PDIA4, PRKAR1A, DENR, MAEA",0.004472566559084545,4.562065601348877,40,4,10.56875991821289,7.433071136474609
3935,SDHAF3,"SDHAF3, RTN4, WEE1, MCM3AP, UCHL3",0.004352958246895086,4.424621105194092,0,1,8.621718406677246,3.7619354724884033
3936,RBMXL1,"RBMXL1, HMGN3, MTRR, MRFAP1L1, TIMM9",0.005808846309201213,3.6803131103515625,2,2,8.575130462646484,6.98954963684082
3937,DDX17,"DDX17, SCAF11, FXN, GTF2H4, CUL4A",0.004820607139635842,2.8616442680358887,5,9,11.29775619506836,4.353753566741943
3938,MRPL51,"MRPL51, GTF2I, ABHD17A, STAT3, ARID4B",0.00584119937725246,4.329151630401611,8,3,10.601972579956055,4.824181079864502
3939,ARPC5,"ARPC5, CBX3, DIAPH3, PRDX6, APLP2",0.005815709081212084,3.207160711288452,4,5,11.048542022705078,5.070676803588867
3940,TERF1,"TERF1, TIMM8B, ZFC3H1, FKBP3, CRBN",0.006535319746351947,3.0672500133514404,6,1,11.163763046264648,6.117199420928955
3941,ATIC,"ATIC, CCDC12, ALG3, ZNRF1, NADK",0.008808858073953232,3.1422839164733887,3,8,7.019046306610107,5.084414958953857
3942,RAC1,"RAC1, DCAF11, CCDC167, ZDHHC12, YARS2",0.007037282499147056,3.1478404998779297,0,4,7.010563373565674,4.928966522216797
3943,PAGR1,"PAGR1, TRMT112, MRPL52, PREB, LRRC42",0.004550017843207228,3.2234768867492676,0,1,7.727128028869629,3.612255811691284
3944,PGD,"PGD, GRAMD1A, SAMD1, ADIPOR1, BAD",0.007399048623720093,3.030492067337036,22,6,9.094743728637695,5.746337890625
3945,MAD2L1BP,"MAD2L1BP, VAPA, IPO5, TP53RK, ALG14",0.0076627751481378355,2.609511613845825,6,9,11.506047248840332,4.775594711303711
3946,EMG1,"EMG1, APEH, KAT5, NPLOC4, RHNO1",0.005908846701359613,2.9896249771118164,4,1,11.071990013122559,5.599880695343018
3947,HDHD2,"HDHD2, C19ORF53, STMN1, DDX19A, CWC22",0.006251004905901592,3.385876178741455,1,2,10.634634971618652,4.989877700805664
3948,MYBL2,"MYBL2, TRMT13, CDC40, SEC23B, DDX21",0.008364738685249746,2.638572931289673,16,8,7.5556206703186035,5.344117164611816
3949,REEP4,"REEP4, PRPF4B, COMMD4, IARS2, GTF2F1",0.004736293083502288,3.598520040512085,6,1,9.094026565551758,5.024455547332764
3950,PPP6R1,"PPP6R1, UBE2L3, BRCA2, CHPF, RPF2",0.004973548915878101,3.6658339500427246,14,1,9.253582954406738,3.983936071395874
3951,MRPL50,"MRPL50, ZNF330, ENY2, GET1, POLR2K",0.007615716140063294,3.275054454803467,0,1,9.826573371887207,7.051701068878174
3952,PSMD2,"PSMD2, UFC1, CCNB1, GCSH, CCNA2",0.004560802199224311,3.8936195373535156,27,0,7.328150749206543,4.173698425292969
3953,NOP58,"NOP58, KHDC4, MRPL2, ATP5F1A, DNTTIP2",0.007463754759822587,2.475203037261963,3,3,9.734127044677734,4.284196853637695
3954,FAM91A1,"FAM91A1, RALY, PPME1, NFYB, RAD18",0.007054929627175009,2.725717544555664,0,9,9.302145957946777,3.720228672027588
3955,RLF,"RLF, PPP1CC, SCAF1, OAT, GNPTAB",0.005867670069294389,2.925389528274536,7,9,7.711114406585693,4.512153625488281
3956,RAC1,"RAC1, DPF2, MGA, TMEM237, NRM",0.006291201141965262,3.239177703857422,1,5,10.501191139221191,5.830569744110107
3957,ZNF672,"ZNF672, HRAS, ENDOG, MAEA, DDX49",0.005895121157337872,3.7075412273406982,1,7,10.22368049621582,6.740165710449219
3958,CMC2,"CMC2, UROD, POC1A, EBNA1BP2, FDX1",0.006299044309977686,4.2707200050354,0,9,11.519104957580566,6.571040630340576
3959,UQCC1,"UQCC1, SMIM12, STK35, FASTK, ATG4B",0.00642355460217491,2.642604112625122,0,4,10.545099258422852,4.167844772338867
3960,SLU7,"SLU7, PRPF38B, KPNA2, NSA2, HECTD1",0.006644143702524323,2.8351242542266846,8,6,11.314953804016113,6.5395684242248535
3961,KYAT3,"KYAT3, HDGFL2, WRNIP1, TAF13, DBN1",0.006881399534900137,4.296163558959961,0,4,10.150277137756348,7.1397809982299805
3962,CNIH4,"CNIH4, FAM174C, UGP2, NNT, MICOS13",0.006367672030086392,3.0013461112976074,0,8,8.48205852508545,2.7484114170074463
3963,CNOT7,"CNOT7, ATMIN, MCU, MDM4, PSMC4",0.0060372785775630496,3.1736159324645996,10,6,8.083208084106445,7.1640095710754395
3964,DUS1L,"DUS1L, TRIM11, SLC50A1, C6ORF89, NCL",0.005526492260753964,3.0376710891723633,0,2,7.789538383483887,4.368194103240967
3965,LARP7,"LARP7, GLYR1, PSMG3, TMED4, TOP2B",0.0072196361554359035,2.7220144271850586,14,6,9.198612213134766,5.282858371734619
3966,ATM,"ATM, RAB7A, CC2D1A, PHF10, COMMD7",0.0049500194118408305,3.0272042751312256,2,7,6.82808780670166,5.206340789794922
3967,APRT,"APRT, SERP1, HMGB2, PARK7, YTHDF2",0.004797077635598571,4.017204284667969,11,3,8.428910255432129,3.185905694961548
3968,SMIM7,"SMIM7, METTL23, HMGN4, PWWP2A, MPHOSPH9",0.007412774167741834,3.141554832458496,18,1,11.59528636932373,4.973447322845459
3969,PANK3,"PANK3, ME2, ALAS1, TPGS2, DCAF16",0.0065657120224000875,2.59004282951355,3,6,10.297629356384277,6.444958209991455
3970,GPI,"GPI, MAD2L2, SH3GL1, NDC80, TOPORS",0.008774544213898878,2.393805980682373,11,1,10.547038078308105,3.386375904083252
3971,MAIP1,"MAIP1, ILF3, POLA1, RSU1, NFATC3",0.007007870619100467,3.274493455886841,3,9,9.067490577697754,6.651088714599609
3972,DNAJB11,"DNAJB11, IREB2, SRBD1, SPTSSA, LDAH",0.005397079988548974,2.883143186569214,0,1,11.251862525939941,4.4811272621154785
3973,TOMM34,"TOMM34, STOML2, RNF7, MRPL32, RBBP8",0.004451978243051933,3.154634475708008,11,6,9.042060852050781,3.7502644062042236
3974,PAK4,"PAK4, CISD2, MRPL55, DCAF15, ELOF1",0.009004937274263821,2.626880407333374,0,6,8.689045906066895,6.5908074378967285
3975,ANAPC15,"ANAPC15, FBL, NHP2, SNUPN, DDX54",0.002560794356056298,4.008476734161377,1,6,11.567183494567871,4.090500831604004
3976,DDT,"DDT, SSB, ATP5IF1, B3GALT6, SLC25A4",0.003933348758230424,4.577633380889893,0,3,10.50583553314209,7.333851337432861
3977,SLC7A6OS,"SLC7A6OS, SDHC, SNX3, HNRNPF, ABHD17A",0.00777061870830866,3.1672799587249756,7,1,10.195175170898438,6.85388708114624
3978,UROS,"UROS, GIPC1, AQR, IARS2, ATXN7L3B",0.007370617139675057,2.379392385482788,15,9,7.874009132385254,6.634345531463623
3979,LRIF1,"LRIF1, RSPRY1, MYDGF, LIG1, EIF3A",0.007089243487229361,3.5927658081054688,15,7,11.48448371887207,5.344117641448975
3980,SUZ12,"SUZ12, OXA1L, THOP1, PDPK1, TTI1",0.00401178043835466,3.7920758724212646,3,6,7.147024631500244,6.051668167114258
3981,POLDIP2,"POLDIP2, CCDC124, MINDY2, ACOT7, CSPP1",0.007387283871701457,3.186028480529785,12,2,9.089129447937012,4.960665702819824
3982,PCM1,"PCM1, RNF8, MRM2, SUPT4H1, NDUFB9",0.004819626743634289,2.9981346130371094,20,3,9.796271324157715,2.4731197357177734
3983,ORMDL1,"ORMDL1, RMDN1, NADSYN1, DCTPP1, GMCL1",0.008616700457648854,3.3058454990386963,0,8,7.5494279861450195,5.7558417320251465
3984,DGCR6L,"DGCR6L, EXTL2, U2AF2, ATM, PPP3CB",0.00888827015007902,3.1487748622894287,2,0,11.883331298828125,5.215737342834473
3985,MED16,"MED16, SGO1, ATG4B, PDIA4, WDFY1",0.008827485597982737,2.7024857997894287,0,9,10.029888153076172,6.857568264007568
3986,TMEM97,"TMEM97, SCAF4, CCNC, PBK, CNOT7",0.005537276616771046,2.6309311389923096,5,8,9.192147254943848,6.012171745300293
3987,SLC25A11,"SLC25A11, NDUFA13, NONO, TMEM50B, PRPSAP1",0.008858858270032431,2.94231915473938,2,0,9.029988288879395,6.851925849914551
3988,PDCD6IP,"PDCD6IP, ANXA7, TMEM59, PPP2R2A, SNX2",0.007632382872089695,2.9047112464904785,45,8,10.212678909301758,6.60230016708374
3989,SOD1,"SOD1, SAP18, PSMC5, ELOA, NFATC3",0.0065588492503892174,3.12526798248291,2,6,8.755990028381348,3.249472141265869
3990,UHMK1,"UHMK1, PUS3, POM121, PDE4DIP, ASNSD1",0.005487276420691846,3.433443546295166,1,9,8.406105995178223,4.747186660766602
3991,DHX9,"DHX9, GALNT1, MXD4, RER1, DYNC1LI2",0.0042833501307848265,4.235897541046143,7,0,10.056732177734375,3.328505039215088
3992,NDUFA11,"NDUFA11, PUF60, CEP250, WDR6, KIN",0.005287275636375045,3.3328304290771484,11,6,11.469681739807129,5.314079761505127
3993,RSRC2,"RSRC2, NME6, TRNT1, RRP12, C1ORF52",0.006430417374185781,3.6539366245269775,0,7,8.356940269470215,7.111932277679443
3994,PPP4C,"PPP4C, MIS18A, POLRMT, PRADC1, MRPL57",0.008501013729465606,2.996229648590088,1,4,9.554349899291992,4.998443603515625
3995,HNRNPF,"HNRNPF, CLPX, PUM1, ATL2, RMND5A",0.010299059996313711,2.815131902694702,6,1,10.53865909576416,4.162608623504639
3996,QRSL1,"QRSL1, CDK11B, EIF6, C1ORF50, PHF6",0.004822567931638947,3.4555702209472656,2,7,8.778955459594727,4.880385875701904
3997,DYRK4,"DYRK4, DEF8, NFU1, RBM18, TP53I3",0.00502649029996196,3.0450873374938965,3,2,10.735112190246582,5.8306474685668945
3998,NME6,"NME6, DNAJC19, SRM, TMEM258, COPA",0.004352958246895086,3.214944839477539,12,2,10.478266716003418,4.995668411254883
3999,EIF4EBP2,"EIF4EBP2, KPNA1, ETFRF1, TUBGCP3, AHCYL1",0.009063761034356998,2.515742540359497,9,1,10.28614330291748,3.2173595428466797
4000,C2ORF49,"C2ORF49, SPTY2D1, TIMM44, UGGT1, ZMPSTE24",0.008342189577214028,2.4604995250701904,4,7,9.143860816955566,2.6448113918304443
4001,PKM,"PKM, ING2, CERT1, ASNSD1, SBNO1",0.00562845344491547,2.6085383892059326,0,1,9.573711395263672,4.33272647857666
4002,GGH,"GGH, STK24, NOL12, PIF1, GINS2",0.006955909631018161,3.3529412746429443,14,9,9.125604629516602,7.686816692352295
4003,B3GAT3,"B3GAT3, RRAGC, BUB3, EIF4A1, TRNT1",0.00877846579790509,2.38226580619812,1,6,8.497647285461426,6.572214603424072
4004,FXN,"FXN, PPIL4, MIS18A, KHSRP, GLT8D1",0.007535323667935953,2.576754093170166,0,1,8.091584205627441,4.526955604553223
4005,AP2A1,"AP2A1, SOD1, ZNF787, SYS1, SCLY",0.006447084106212181,2.63954496383667,10,4,9.434797286987305,7.438114643096924
4006,CEP170,"CEP170, PLIN3, ATP6V0B, ZNF714, MPC2",0.007489245055862964,3.1182544231414795,2,6,9.430986404418945,5.949986934661865
4007,BUB1B,"BUB1B, MCOLN1, PLRG1, MED7, ZBTB8A",0.007536304063937505,2.8312346935272217,1,6,7.736390113830566,5.096958637237549
4008,PSMC4,"PSMC4, SNRPB2, MICOS13, RRAGA, BSG",0.00651669222232244,3.716167449951172,3,8,7.629910469055176,4.507679462432861
4009,LRRC59,"LRRC59, POM121C, SAR1B, CFAP410, HDLBP",0.007789246232338166,2.9627678394317627,13,0,9.069104194641113,4.863277435302734
4010,POLR2C,"POLR2C, MCRS1, SEC14L1, ACOT7, SMARCC2",0.00579119918117326,2.924255847930908,11,6,9.344006538391113,6.777712821960449
4011,TCP1,"TCP1, SMARCD2, HADHA, TMED2, CYB5R3",0.003930407570225765,3.3661835193634033,2,2,9.314911842346191,6.081417560577393
4012,EEF1G,"EEF1G, DDX28, TIMM8B, CUL4A, PIGP",0.010552002164714372,2.666487455368042,17,4,7.610733985900879,5.381642818450928
4013,WDR83OS,"WDR83OS, SUPT4H1, MAP1LC3B, PSMC5, GTF2I",0.005003941191926243,4.737548828125,9,3,10.427529335021973,4.006997108459473
4014,MIS18A,"MIS18A, RNASEK, PSIP1, HACD3, CCDC59",0.0028353052364911233,5.032026290893555,2,5,9.176304817199707,3.8075335025787354
4015,TXN,"TXN, LSM3, SIVA1, EIF3K, TMEM219",0.0036323671857536695,3.8930752277374268,0,3,8.95616340637207,7.038243293762207
4016,MFSD8,"MFSD8, MYH10, MBIP, ZNF428, BACH1",0.0061951223338130735,2.723712921142578,0,6,9.676789283752441,3.859145402908325
4017,ABRAXAS1,"ABRAXAS1, CIP2A, AP3M1, TSEN54, UBE2J2",0.005850022941266436,3.0777997970581055,3,5,10.264193534851074,6.989008903503418
4018,MSMO1,"MSMO1, DIAPH1, UBE2E1, TAGLN2, ZNF593",0.005988258777485402,2.965344190597534,35,1,9.03848934173584,3.0218355655670166
4019,FAF2,"FAF2, SUGT1, DFFA, NDUFS4, GEMIN2",0.004552959031211887,3.6962947845458984,0,2,9.62083911895752,4.838768005371094
4020,PRELID1,"PRELID1, NOP2, CAP1, UBE2M, PSMD1",0.005058843368013208,3.3746845722198486,0,2,9.28638744354248,5.033498764038086
4021,PPA2,"PPA2, ANAPC11, NXT1, SELENOT, TMEM14A",0.007559833567974777,3.095823049545288,10,1,8.265786170959473,5.701419353485107
4022,HNRNPA0,"HNRNPA0, PACSIN2, FUS, SRRM2, ATP5PO",0.005441197808618858,3.047916889190674,1,3,8.686806678771973,3.6146490573883057
4023,MRPS21,"MRPS21, MBIP, TACC3, ALAS1, PURA",0.007054929627175009,3.1590378284454346,6,6,10.205048561096191,4.288470268249512
4024,NAP1L1,"NAP1L1, RAB1A, REX1BD, OCEL1, ENOPH1",0.0064823783622680875,3.408982276916504,0,9,9.549004554748535,3.7053914070129395
4025,MCM2,"MCM2, POLR2C, MIEN1, CNBP, PSMB6",0.006764732410715336,3.993147373199463,0,7,8.613009452819824,6.460263729095459
4026,CYREN,"CYREN, DBF4, OSBPL8, DDB1, FYTTD1",0.006760810826709125,3.0186638832092285,10,1,9.834123611450195,5.417990684509277
4027,MRPS22,"MRPS22, SHMT2, MRPL22, ELOVL5, TUBE1",0.006529437370342629,3.816895008087158,7,9,10.222423553466797,6.45767879486084
4028,LYPLA1,"LYPLA1, BORCS8, RBM7, CDK2, ARHGDIA",0.003212757697089008,4.281534194946289,0,6,9.064689636230469,3.1189956665039062
4029,TRNAU1AP,"TRNAU1AP, FKBP8, RSF1, SLC35E3, GNL3L",0.0069255173549700195,2.536768913269043,3,9,7.181677341461182,3.5387766361236572
4030,FADS3,"FADS3, RAB22A, APOO, DIAPH1, KIF22",0.005273550092353303,2.5237042903900146,11,0,9.45513916015625,2.975938558578491
4031,ARPC5,"ARPC5, PIN1, SNX6, EMC4, PSMB6",0.007989247016654967,2.8572287559509277,5,9,10.30564022064209,3.690845012664795
4032,TOPBP1,"TOPBP1, ELOC, NDUFS7, SPATC1L, TP53RK",0.006693163502601971,2.5896615982055664,3,9,10.485345840454102,6.623260974884033
4033,WAC,"WAC, EFL1, PPA2, CAPN1, MPC2",0.005684336017003988,2.918046236038208,6,0,8.295347213745117,5.297728061676025
4034,PANK2,"PANK2, UROS, ZFC3H1, SECISBP2, MCCC1",0.007214734175428139,2.607302188873291,3,5,10.75688362121582,6.582557678222656
4035,SASS6,"SASS6, RLF, KIAA1586, STX17, PRKDC",0.008184345820964004,3.5670154094696045,7,9,9.131184577941895,7.418869972229004
4036,PCYT1A,"PCYT1A, FHL3, KIF2C, ZMYM1, HJURP",0.00953337071910086,2.51312255859375,27,4,10.826080322265625,4.931699275970459
4037,ETFB,"ETFB, ATP5F1D, RNASEK, SBDS, FAHD2A",0.006830418942819384,2.9789271354675293,1,8,7.529209136962891,6.248749732971191
4038,PSMD3,"PSMD3, MMADHC, PBRM1, JAGN1, UIMC1",0.006386299554115899,3.0982184410095215,23,6,8.284991264343262,3.998321771621704
4039,RCL1,"RCL1, SNU13, RPP14, CREBZF, ZC3H14",0.0052470794003113734,2.9338924884796143,4,7,9.664129257202148,6.894542217254639
4040,ISY1,"ISY1, PURB, GOLGA3, GTF3C2, IER3IP1",0.005717669481056788,2.8643062114715576,2,6,7.4784440994262695,5.877243518829346
4041,SMIM10L1,"SMIM10L1, PLRG1, MZT1, RAB22A, MTHFS",0.0054588449366468105,2.856861114501953,0,1,10.11832046508789,5.9716668128967285
4042,EMC3,"EMC3, RB1CC1, ZBTB37, RBM19, B4GALT5",0.005520609884744646,3.2540159225463867,1,0,7.542362689971924,4.745888710021973
4043,LYAR,"LYAR, DDX50, PGD, SNRPF, DCAF11",0.006145122137733873,2.8350718021392822,5,6,8.116744041442871,4.937414169311523
4044,SF3A1,"SF3A1, COX7A2L, COPS8, EIF4B, SRSF5",0.00534217781246201,3.3466105461120605,16,9,8.268677711486816,4.345226764678955
4045,SNRPA,"SNRPA, ATP5F1A, EIF3L, ACOT13, SRSF7",0.006676496770575571,2.782576322555542,0,6,8.299492835998535,3.1563191413879395
4046,CALU,"CALU, MRPL34, RNASEH2C, NDUFS6, FARSA",0.007490225451864517,2.9128198623657227,1,0,9.607086181640625,7.149848461151123
4047,ELOF1,"ELOF1, MRFAP1, COA8, MICOS10, MCTS1",0.004311781614829862,3.280660390853882,2,1,7.578335285186768,4.564713954925537
4048,PAK1IP1,"PAK1IP1, PARP1, PET100, NHP2, ANKRD11",0.007308852191577222,2.907280445098877,1,7,11.199288368225098,5.034379482269287
4049,TAF9,"TAF9, RBM26, SRM, FAM174C, SREK1",0.004121584790528591,3.2082040309906006,1,6,11.252123832702637,6.663159370422363
4050,RSL24D1,"RSL24D1, ARL17A, MORF4L1, SCAF1, NUP205",0.006973556759046114,2.9431722164154053,0,4,10.017560958862305,6.495431423187256
4051,PSMB7,"PSMB7, NOB1, STYXL1, ERGIC3, TRUB2",0.0038706034141310357,4.297831058502197,1,8,10.079329490661621,4.848459243774414
4052,SMIM12,"SMIM12, ARL6IP4, APLP2, QSER1, C1ORF50",0.004786293279581489,4.634016513824463,7,5,10.194215774536133,3.336174488067627
4053,CLTA,"CLTA, BCCIP, LYRM2, COMMD2, SRP9",0.008656896693712524,2.9325428009033203,3,1,8.208656311035156,6.218801021575928
4054,SART3,"SART3, RPN2, ERGIC2, SDAD1, ECD",0.004746097043517817,3.39292049407959,0,4,10.356884002685547,5.700127124786377
4055,TIMM8B,"TIMM8B, PFDN2, AGAP3, RBPJ, CCT8",0.006162769265761827,3.048092842102051,0,8,7.738564968109131,4.592904090881348
4056,COQ4,"COQ4, CTNNBIP1, DVL3, UQCRC1, CTU1",0.007426499711763576,2.9664716720581055,2,6,8.279454231262207,5.378961086273193
4057,TERF2,"TERF2, MLEC, USP13, POLR2A, ATP6V1A",0.004272565774767744,3.7107903957366943,23,0,10.91442584991455,4.928380966186523
4058,CCDC14,"CCDC14, FBXO5, SMARCA5, DGCR6L, SVBP",0.008597092537617795,3.0136241912841797,8,1,9.098808288574219,3.956550121307373
4059,HNRNPA3,"HNRNPA3, TMCO1, MLXIP, MTPN, WDR5",0.004387272106949439,3.1452841758728027,2,8,7.5571699142456055,4.56330680847168
4060,MBD4,"MBD4, NRDC, SUMO1, MRPL19, TATDN1",0.00779708940035059,3.2217769622802734,0,2,9.256612777709961,6.678361892700195
4061,INTS1,"INTS1, NDUFAF7, POLR3A, ATP11A, NDUFB3",0.00796669790861925,2.976961851119995,0,8,8.367132186889648,3.618267774581909
4062,SURF6,"SURF6, CLPTM1, BIRC2, DIMT1, SLC25A23",0.006300024705979239,3.836592197418213,5,4,7.320858478546143,5.296594619750977
4063,GPX4,"GPX4, POMGNT1, PRDX1, TFAM, METAP1",0.005105902376087749,4.762563228607178,1,3,10.673086166381836,3.8088090419769287
4064,ARFIP1,"ARFIP1, RER1, CSDE1, NUFIP2, FAM120A",0.004575508139247605,3.1848461627960205,0,9,8.60946273803711,5.723532676696777
4065,MED1,"MED1, RNF6, ERCC5, PHF20, ETF1",0.004453939035055039,3.8731689453125,3,1,10.551212310791016,4.560709476470947
4066,FKBP1A,"FKBP1A, CHCHD3, GABARAPL2, DAD1, TALDO1",0.007083361111220044,3.8199610710144043,1,3,10.8443603515625,6.431494235992432
4067,ZNF830,"ZNF830, OPA3, COA8, SHMT1, CNOT3",0.00679610508276503,2.7270121574401855,0,0,9.277053833007812,5.120108604431152
4068,LUC7L,"LUC7L, SDHA, TLK1, OFD1, ZNF37A",0.007825520884395625,2.316723346710205,4,6,10.197513580322266,5.041477680206299
4069,NAP1L1,"NAP1L1, PRDX1, CCT6A, YY1AP1, FBXL12",0.005593159188859564,3.037201166152954,8,3,9.423559188842773,7.348634719848633
4070,SEC11A,"SEC11A, BANF1, NDUFB10, APOO, COPE",0.005044137427989914,3.2908947467803955,1,3,7.5956645011901855,4.1057939529418945
4071,<SPECIAL>,"<SPECIAL>, TOMM5, ARHGDIA, HNRNPA0, TAGLN2",0.007857873952446873,4.0218281745910645,1,3,10.106803894042969,5.530231475830078
4072,MFSD14B,"MFSD14B, CDT1, THG1L, CCDC47, TRAPPC10",0.006068651249612743,3.3568825721740723,1,0,10.232508659362793,6.320306301116943
4073,PPIL4,"PPIL4, RHOA, CTNNBIP1, CHCHD6, TSC2",0.0036166808497288226,3.608597755432129,1,1,9.954638481140137,4.7675957679748535
4074,TXN2,"TXN2, MED14, TARBP2, SSNA1, TMEM219",0.007872579892470167,2.7750940322875977,11,7,8.456905364990234,6.978053092956543
4075,DNPH1,"DNPH1, HNRNPUL1, MED15, SH3GLB2, VPS26B",0.007604931784046212,3.0478341579437256,14,8,8.107136726379395,2.8006105422973633
4076,SNRPB2,"SNRPB2, GABPA, PPP2CB, MORC2, STX6",0.007225518531445221,2.6587331295013428,0,9,8.249329566955566,6.725128173828125
4077,RRM1,"RRM1, GMPR2, DHRS4L2, USP48, NEMP1",0.004517664775155981,3.865319013595581,0,7,7.042761325836182,4.524842739105225
4078,TOPORS,"TOPORS, CDC26, HNRNPH3, TRA2B, CHPF",0.0057529637371126945,2.553941488265991,19,8,9.426214218139648,3.3936691284179688
4079,MBD4,"MBD4, TMEM30A, EFTUD2, IDH1, PRDX4",0.006054925705591002,3.7617127895355225,9,2,8.04721736907959,4.107695579528809
4080,PMM2,"PMM2, TMA16, NFYC, NFX1, UBE3B",0.006725516570653218,2.455909490585327,8,5,9.300880432128906,3.9018468856811523
4081,NGDN,"NGDN, LAS1L, ANKRD54, INTS1, ZNF12",0.003913740838199366,3.5378918647766113,0,4,8.687220573425293,2.711440324783325
4082,TMEM185B,"TMEM185B, CDC45, YDJC, IP6K2, ZNF511",0.11385730924434997,5.156030178070068,3,8,11.634798049926758,4.94500732421875
4083,UBXN6,"UBXN6, ENKD1, GLT8D1, CRELD2, GNPTG",0.012067694383115227,3.1294877529144287,0,1,11.446127891540527,5.826398849487305
4084,MPST,"MPST, ATP5PO, NEMP1, LMAN2, PAPSS1",0.004278448150777062,3.664644241333008,10,0,10.64763355255127,6.3127641677856445
4085,UBL4A,"UBL4A, GAR1, TRMT2A, ZNF330, TEX10",0.006152965305746297,3.3033392429351807,0,1,10.083900451660156,4.107077598571777
4086,LRRCC1,"LRRCC1, GTSE1, QRSL1, FEM1A, MRPL30",0.006274534409938862,2.942822217941284,0,4,10.903279304504395,3.9320902824401855
4087,HMGCR,"HMGCR, EXOSC1, MGME1, KXD1, PGS1",0.004764724567547324,3.5755555629730225,0,5,10.504460334777832,4.528111934661865
4088,COX6A1,"COX6A1, SUMO2, JMJD1C, COX6B1, ARPC2",0.004732371499496076,4.346076488494873,1,3,9.697653770446777,6.39185094833374
4089,GTPBP10,"GTPBP10, ZC3H13, ZNF639, CRLS1, TIMM22",0.006622574990490159,2.95548415184021,2,1,9.338905334472656,5.664032936096191
4090,THUMPD1,"THUMPD1, SMARCA4, POLR3A, HERC2, SKA3",0.006890223098914113,2.5924644470214844,10,4,9.890955924987793,7.157010555267334
4091,SRSF3,"SRSF3, PCBP2, ANKRD11, ZC3H13, ARID4B",0.0036735438178188934,5.69345235824585,3,8,10.30037784576416,5.808797359466553
4092,ADI1,"ADI1, ZMYM4, NDUFS3, EDRF1, PTPMT1",0.006561790438393876,3.0000996589660645,3,0,9.89964771270752,7.102947235107422
4093,SAMD1,"SAMD1, MRPL51, RABEPK, DCAF10, NKAP",0.006620614198487053,3.199526786804199,2,2,9.588939666748047,3.3671181201934814
4094,DHX29,"DHX29, SF3A1, AAMP, POLR1D, C4ORF48",0.004076486574457154,4.037290573120117,7,8,10.334563255310059,3.4548614025115967
4095,MYL6B,"MYL6B, UQCR11, ATP5MC3, IGF2BP1, THG1L",0.005296099200389021,3.366183280944824,0,3,10.325395584106445,3.3811302185058594
4096,AGO2,"AGO2, BUD13, PEF1, APPBP2, GNG10",0.0053853152365303395,3.129822015762329,21,2,11.346014976501465,3.906747579574585
4097,EIF4H,"EIF4H, ZBTB40, DFFA, TATDN2, DEAF1",0.0046441358593563116,2.9730982780456543,0,7,7.345028877258301,5.745357036590576
4098,HMGB1,"HMGB1, KIAA1191, FAM217B, SWI5, FAM216A",0.005051980596002337,4.186767578125,0,7,10.442549705505371,4.5726237297058105
4099,NDUFA9,"NDUFA9, PTPN11, BRMS1, ARIH2, EIF1B",0.008216698889015252,2.9488048553466797,1,2,8.227481842041016,3.6723971366882324
4100,UBA5,"UBA5, SUPV3L1, LMAN2, KCTD9, CUL3",0.010646120180863455,2.744945526123047,8,4,10.736087799072266,5.193465709686279
4101,MMADHC,"MMADHC, BRK1, SCAF1, SRSF7, PAIP2",0.003215698885093667,3.6649110317230225,3,6,10.252618789672852,3.799802780151367
4102,TUBA1B,"TUBA1B, AP3B1, SNRPD1, PICALM, CCND3",0.004598057247283322,3.8331968784332275,5,3,11.515668869018555,5.054531097412109
4103,SF3B6,"SF3B6, UQCC1, BLVRB, C1ORF50, FXN",0.007310812983580328,2.5978803634643555,1,6,8.352234840393066,4.005557537078857
4104,IWS1,"IWS1, PRPF6, DHRS4L2, NDUFB9, UBL7",0.00855885709355723,3.0106232166290283,8,0,9.668821334838867,5.279114246368408
4105,ATP5MC3,"ATP5MC3, HNRNPH1, LSM7, TBC1D15, NDUFS4",0.004353938642896639,5.0023322105407715,2,6,9.821924209594727,4.396644592285156
4106,ZNF431,"ZNF431, AHCTF1, PUS7, CTNNAL1, SSNA1",0.008930427178145796,2.7417073249816895,1,6,8.638934135437012,7.307795524597168
4107,UBLCP1,"UBLCP1, SAP30, OSGEP, DHRS4L2, GRIPAP1",0.00578139522115773,2.8318426609039307,0,7,10.3996000289917,3.5804240703582764
4108,PMF1,"PMF1, DCTD, UPK3BL1, MDH2, MIS18BP1",0.006205906689830156,2.521286725997925,3,8,8.190585136413574,6.237135410308838
4109,MRPS21,"MRPS21, TUSC2, PSMB4, LIX1L, NT5C3B",0.006542182518362817,3.4634618759155273,0,6,8.898175239562988,5.853560447692871
4110,CDK1,"CDK1, OXA1L, PRDX3, BNIP3, KLHDC10",0.006933360522982443,2.683473587036133,59,2,8.56424331665039,3.049616575241089
4111,WDR75,"WDR75, SYNCRIP, RAVER1, SURF4, LRPAP1",0.007742187224263624,2.6526308059692383,3,4,9.328417778015137,4.42218017578125
4112,MRPL41,"MRPL41, CNOT10, AATF, C2ORF49, DNAJC17",0.008053953152757462,2.901010751724243,0,7,8.802955627441406,5.301115036010742
4113,COG4,"COG4, AKT1, PPP6R1, C1ORF50, PIN1",0.003218640073098326,3.153522491455078,0,7,8.515935897827148,4.955061435699463
4114,MOB1B,"MOB1B, PPP1R14B, CCDC28A, SYAP1, MED21",0.009973568523798132,2.5196726322174072,6,6,8.48051929473877,5.086188793182373
4115,RPS19BP1,"RPS19BP1, POLR1E, SSU72, MRPL20, CCT5",0.006391201534123663,2.8994524478912354,2,0,11.09989070892334,4.48508882522583
4116,XPOT,"XPOT, ZNF770, EIF1B, XPO1, PTTG1IP",0.006715712610637688,3.3208656311035156,9,2,8.34154987335205,6.161350727081299
4117,DYNLL1,"DYNLL1, EPB41L2, RAB9A, TAF10, ZBTB7A",0.005701002749030388,4.291947841644287,6,1,11.51762866973877,4.964972019195557
4118,LACTB2,"LACTB2, TRIP11, DESI1, GATC, CDK5",0.0078000305883552485,2.7200968265533447,8,6,11.309781074523926,5.508823394775391
4119,GLMN,"GLMN, MIF, MTG1, SUPT4H1, PDIA6",0.005183353660210432,3.087045669555664,0,3,9.058676719665527,5.913794994354248
4120,GFER,"GFER, HMGCR, MED7, EIF4E, BAG1",0.006164730057764933,2.7299506664276123,0,1,9.109542846679688,5.554978370666504
4121,CSNK1A1,"CSNK1A1, LTO1, TAF2, VTI1B, CEP83",0.010390236824458134,2.771188974380493,0,6,9.722846984863281,4.111117362976074
4122,STT3B,"STT3B, BMP2K, QRSL1, TMPO, RAD54L2",0.005868650465295942,2.9786217212677,1,8,7.85198450088501,3.8438682556152344
4123,COPA,"COPA, GPBP1L1, RAB21, DHFR, IGF2R",0.007937286028572662,2.540738105773926,26,6,10.872162818908691,4.988681316375732
4124,SLC35F5,"SLC35F5, AQR, NAA60, LMBR1L, MPDU1",0.00882160322197342,3.003049612045288,1,1,10.200769424438477,5.072271823883057
4125,EIF4B,"EIF4B, PHIP, ARL2, TOMM20, EIF3I",0.0037558970819493408,6.31898832321167,26,3,11.191166877746582,5.7951178550720215
4126,PKMYT1,"PKMYT1, SPA17, FANCG, MASTL, CCDC106",0.018950074314016917,2.898674488067627,2,4,10.079092025756836,7.697474002838135
4127,XRN2,"XRN2, NUDCD2, POLR2I, PSIP1, COX7A2",0.006827477754814725,3.097978353500366,0,2,11.265131950378418,6.656164169311523
4128,DHFR,"DHFR, TMUB1, ZWILCH, POLR3G, PIK3CB",0.00659316311044357,3.603193998336792,11,4,9.85136604309082,5.59089469909668
4129,CAND1,"CAND1, BRK1, PSMB1, PHAX, REST",0.006449044898215287,2.983891248703003,7,0,8.70094108581543,3.6098709106445312
4130,MRPS12,"MRPS12, SSBP3, TIA1, TENT4B, CNPPD1",0.0023911858477876384,5.4987945556640625,0,2,8.15566635131836,5.2592997550964355
4131,GLUD1,"GLUD1, MRPL16, ACIN1, DKC1, NDUFAF2",0.009784352095498414,2.4262642860412598,8,9,8.843250274658203,5.667912483215332
4132,HADHA,"HADHA, CUL1, NUCB1, SFSWAP, UBE2G1",0.0061862987697990975,2.557561159133911,10,0,11.052791595458984,4.822381973266602
4133,TET1,"TET1, LSM1, PRRC1, CHAMP1, ITGAE",0.007608853368052424,2.7944581508636475,2,0,9.228262901306152,2.826500654220581
4134,FAM53C,"FAM53C, EMC6, TOMM5, TASOR2, UQCRFS1",0.007645128020109883,2.427809715270996,10,7,10.147859573364258,6.324579238891602
4135,VPS4A,"VPS4A, EMC4, EDEM3, SEC13, AMZ2",0.007611794556057082,3.1209867000579834,15,5,10.31392765045166,7.0184173583984375
4136,EIF6,"EIF6, UBE2N, SLC35C2, ROCK2, SENP6",0.0065529668743798996,2.523893356323242,1,2,8.971906661987305,7.617532730102539
4137,DDX52,"DDX52, SSRP1, POM121C, CWC25, SYNCRIP",0.005154922176165397,4.146722793579102,2,9,10.706631660461426,5.313599109649658
4138,SZT2,"SZT2, DCAF13, RNF216, FHL3, AP3S1",0.00637355440609571,2.7486050128936768,2,5,8.581123352050781,6.191386699676514
4139,PSMA1,"PSMA1, CAP1, BFAR, ACP1, PHPT1",0.0038558974741077414,3.539093255996704,2,6,7.56505012512207,4.368466377258301
4140,TOMM6,"TOMM6, POLR1C, GGCX, FLOT2, PCCB",0.00742453891976047,3.5905067920684814,0,5,10.311184883117676,5.35300350189209
4141,FUS,"FUS, COX8A, UBTF, PIF1, NDUFA1",0.0036745242138204464,4.395871162414551,2,1,11.595519065856934,3.943274736404419
4142,DDX39B,"DDX39B, EIF4B, FH, ZNF787, UBN2",0.00555198255679434,3.224123239517212,0,4,11.165557861328125,5.369990348815918
4143,STMN1,"STMN1, AKR7A2, KPNA4, NDUFS5, CARHSP1",0.008743171541849185,2.8100297451019287,1,3,9.786849021911621,4.708268165588379
4144,EIF4E2,"EIF4E2, BTF3L4, MEAF6, MRPL15, MTERF4",0.005356883752485304,2.981571912765503,2,0,8.659618377685547,7.466244697570801
4145,NADK2,"NADK2, SCAF4, SMG1, PSMD9, SEC63",0.005328452268440268,3.250136375427246,11,9,8.528782844543457,5.205530643463135
4146,HNRNPM,"HNRNPM, DPF2, MTA1, NDUFA12, KATNA1",0.0057500225491080355,3.753831624984741,5,5,7.85162878036499,5.503206729888916
4147,TERF1,"TERF1, NGDN, TRMT6, NFYC, SMIM20",0.005749042153106483,3.055945873260498,146,6,8.015265464782715,6.096360206604004
4148,GPX4,"GPX4, ACTN4, RLIM, NDUFA7, BRD2",0.006132376989713685,2.8918638229370117,5,5,9.005847930908203,2.7491824626922607
4149,CDKN3,"CDKN3, NME1, LSM4, NUDT16L1, RNASEH2B",0.003585308177679128,3.574030876159668,1,0,9.024261474609375,6.75383186340332
4150,ZWINT,"ZWINT, UQCR11, BICD2, WDR83OS, POLR3E",0.007167675167353597,3.068897008895874,5,6,8.932003021240234,5.842036724090576
4151,SKA3,"SKA3, RCCD1, LUC7L, FBXO45, RPUSD3",0.006404927078145405,2.8289601802825928,0,4,8.15969467163086,6.885583877563477
4152,CEP57L1,"CEP57L1, UQCRC2, RPAP3, CDK2AP1, C16ORF87",0.007609833764053977,3.1235225200653076,0,7,8.053964614868164,5.08722448348999
4153,LZIC,"LZIC, CCT4, RAB4A, TP53BP1, ERI3",0.006547084498370582,2.895702362060547,2,1,7.7743425369262695,6.982331275939941
4154,SPG21,"SPG21, PRRC1, ARL6IP4, RAC1, ERP44",0.008227483245032334,2.882779359817505,0,8,8.872221946716309,3.72951602935791
4155,MAD2L2,"MAD2L2, EEF2KMT, SEC22C, MTERF3, SKP2",0.00941670359491606,2.3923499584198,0,4,10.512328147888184,3.894016742706299
4156,TCEAL8,"TCEAL8, RAB21, PPP4C, MLH1, PAXIP1",0.0077314028682465424,2.553727626800537,1,4,11.272976875305176,5.890995502471924
4157,CDC40,"CDC40, SNX2, SFT2D1, URI1, TXNRD1",0.008657877089714078,2.7439465522766113,10,9,8.180906295776367,5.675075531005859
4158,THUMPD3,"THUMPD3, LYSMD3, SUZ12, SENP6, TERF1",0.005031392279969725,2.800177574157715,1,8,8.968936920166016,5.252971649169922
4159,C4ORF3,"C4ORF3, NDUFB8, ATP6V1F, TTC14, GPI",0.005649041760948082,3.294602870941162,1,3,9.835040092468262,6.522718906402588
4160,NNT,"NNT, RBL1, SMCHD1, PSIP1, SF3A1",0.00600100392550559,2.871919870376587,1,7,8.600564956665039,3.1163172721862793
4161,G3BP2,"G3BP2, RAD23A, MTHFD2, RBMX, CPSF2",0.004153937858579837,3.0578973293304443,4,7,9.152863502502441,4.6514153480529785
4162,MRPL18,"MRPL18, RHEB, SIVA1, PSMB5, EIF3I",0.008223561661026122,2.5031323432922363,38,3,10.074058532714844,4.091730117797852
4163,RSBN1L,"RSBN1L, DCTN6, TIMM22, BRD2, TIMM13",0.0065568884583861115,2.68493914604187,0,7,11.463760375976562,6.0416998863220215
4164,ZC3H15,"ZC3H15, PSMB7, ENSA, TMEM126A, BUD31",0.0048745289197212535,3.4733364582061768,6,8,8.02600383758545,3.8719043731689453
4165,PDAP1,"PDAP1, NDUFA9, HNRNPH2, VPS28, IDH3G",0.007881403456484143,2.758303165435791,1,2,9.630910873413086,2.8808183670043945
4166,RTN4,"RTN4, U2SURP, ATP5MC1, DPH7, PMM2",0.005251000984317585,3.5637364387512207,5,8,9.553860664367676,4.0639328956604
4167,EIF5A,"EIF5A, MAP1LC3B, NIPA2, CEBPG, RIOK1",0.004547076655202569,3.6042561531066895,27,7,9.790299415588379,5.054007053375244
4168,FAM98A,"FAM98A, NTAN1, MAGEF1, MOB2, PCGF2",0.005668649680979141,3.3537774085998535,0,4,8.86782455444336,6.4682488441467285
4169,DDX49,"DDX49, RBM26, RPP21, ANTKMT, C15ORF40",0.0037098184698763524,3.8498356342315674,0,7,8.293663024902344,5.005767345428467
4170,APEX1,"APEX1, CHD8, DCTN1, MRPS18B, UBE2V1",0.006697085086608183,3.4587249755859375,12,0,9.523459434509277,4.119477272033691
4171,HMGA1,"HMGA1, PGK1, TBC1D23, EXOSC5, MRPS27",0.007771599104310213,2.9167258739471436,0,1,9.995837211608887,6.075484275817871
4172,SFT2D1,"SFT2D1, SMC5, RACGAP1, SF3A2, SMARCC1",0.006255906885909357,3.0637130737304688,0,2,10.686412811279297,4.126554012298584
4173,WTAP,"WTAP, RBM4, LRRC58, RSF1, SPOP",0.006717673402640794,2.995302200317383,23,8,8.601658821105957,4.086641311645508
4174,PCBP2,"PCBP2, RBBP6, ATP5F1A, SHMT2, CENPN",0.004500017647128028,3.537290573120117,6,3,9.898643493652344,7.787949085235596
4175,GTF2H3,"GTF2H3, LRRC8A, METTL6, STX2, SASS6",0.00746473515582414,2.578024387359619,0,4,8.361163139343262,5.184471130371094
4176,MBIP,"MBIP, NOL4L, ANKRD10, SCP2, SLC35E3",0.00497649010388276,3.9473249912261963,7,2,8.764826774597168,2.864272356033325
4177,WTAP,"WTAP, UQCR10, BLVRB, LSM14A, NSMAF",0.007745128412268283,3.147925615310669,1,0,10.467513084411621,7.34382963180542
4178,REPIN1,"REPIN1, UGDH, AP1S1, CORO1B, PIGBOS1",0.004904921195769395,3.4738011360168457,1,9,11.765389442443848,5.616901874542236
4179,LYRM7,"LYRM7, UFM1, COPA, RALY, NCOA4",0.006623555386491712,3.309009552001953,8,2,7.007202625274658,4.769927501678467
4180,ZC3H15,"ZC3H15, TUBGCP3, DDX21, KLHDC4, TAF8",0.0058980623453425305,3.300079584121704,0,1,10.196575164794922,5.62978458404541
4181,CANT1,"CANT1, SCAF1, HAGHL, DAG1, POLR3C",0.01171573221855772,2.0285301208496094,0,4,9.948586463928223,3.3213319778442383
4182,DHX38,"DHX38, STMP1, MRPL54, FIBP, SGTB",0.007576500300001177,2.9051742553710938,1,4,9.835594177246094,4.863223075866699
4183,ATP6V0C,"ATP6V0C, SCAF11, SRRT, NDUFS2, ATP11A",0.005326491476437162,3.201955556869507,16,1,9.109707832336426,5.427945613861084
4184,SLC35E1,"SLC35E1, SMPD4, METTL16, CMTR1, C15ORF40",0.008563759073564995,2.2830536365509033,6,5,8.685049057006836,5.473601818084717
4185,UPF2,"UPF2, FAM217B, FRG1, ADI1, CD320",0.007354930803650211,2.473749876022339,37,6,10.766444206237793,3.4920177459716797
4186,POLR2J3,"POLR2J3, PPIL3, NUDT5, HACL1, AMDHD2",0.006434338958191993,2.363442897796631,1,4,7.221384048461914,6.255869388580322
4187,LSM14A,"LSM14A, HMGB3, SRSF10, NDUFS3, TFDP1",0.008450033137384853,2.503109931945801,13,5,9.537031173706055,3.497014284133911
4188,RAD21,"RAD21, HNRNPUL1, POLR2G, CSTB, PDIA4",0.004661782987384264,3.2589240074157715,43,6,9.645855903625488,6.571145057678223
4189,SDHB,"SDHB, EIF3G, PCNX3, AEN, BTBD7",0.00778728544033506,2.8085787296295166,31,9,10.47823429107666,5.497935771942139
4190,ATG5,"ATG5, PLEKHJ1, SAP130, RAB1A, AASDHPPT",0.0066264965744963706,2.365849733352661,3,0,11.187600135803223,6.419168472290039
4191,CYCS,"CYCS, CUTA, TXN, EZR, EIF4A2",0.003959819450272354,5.1706109046936035,8,3,9.616700172424316,5.305037021636963
4192,CEP170,"CEP170, PFDN4, COA6, GCC2, ARMT1",0.0057049243330366,3.069539785385132,7,6,7.584360599517822,4.311281204223633
4193,DCTN2,"DCTN2, ZUP1, MCTS1, RABL3, CCNG1",0.007341205259628469,3.1947755813598633,0,4,10.921171188354492,6.717656135559082
4194,YWHAG,"YWHAG, RAB3GAP2, HNRNPR, GNB1, PGAM5",0.006913752602951384,2.619126796722412,1,5,10.920415878295898,3.220482110977173
4195,PCNP,"PCNP, CCNA2, NELFB, RAB27A, UBE2E3",0.008636308377679912,2.377995729446411,7,6,8.511428833007812,4.1652116775512695
4196,SARS2,"SARS2, DHX33, UTP14A, SLC2A1, PNO1",0.00787061910046706,2.502746343612671,5,8,9.096563339233398,7.552376747131348
4197,APRT,"APRT, ANAPC5, COX7A2, AHCY, PITHD1",0.005584335624845588,3.819890022277832,0,9,7.146577835083008,4.127559185028076
4198,MPV17,"MPV17, MOB1B, PIGH, GNPDA1, PATL1",0.00963337111125926,2.9676358699798584,16,8,10.911759376525879,4.382607460021973
4199,DGCR6L,"DGCR6L, UQCRH, TRPC4AP, ATP5ME, NUP214",0.006475515590257217,3.2643520832061768,1,5,11.229763984680176,5.5797271728515625
4200,EBAG9,"EBAG9, KIF9, CHTOP, HSF1, MIF",0.008871603418052619,2.7500789165496826,0,6,9.288311958312988,6.89589786529541
4201,RABEPK,"RABEPK, SDF4, CERS2, OSBPL8, POLR2H",0.006656888850544512,3.2745625972747803,6,0,8.111001968383789,3.5474014282226562
4202,ATAD5,"ATAD5, POMP, PLCXD1, GTF3C2, COQ9",0.009219643998603916,3.023815155029297,0,4,9.607210159301758,7.251598834991455
4203,RNF7,"RNF7, KLHDC3, ZDHHC6, TM7SF3, ITGB1",0.00809611018082424,3.3940746784210205,1,9,9.82513427734375,4.249042987823486
4204,PSMB6,"PSMB6, MRPL50, NFE2L2, CDC123, UBE2I",0.005575512060831611,3.481337308883667,3,6,7.64470100402832,6.005602836608887
4205,AP3M1,"AP3M1, MRPS16, FTSJ1, CCDC22, TIMM10B",0.009455919434978177,2.5813121795654297,0,2,8.880472183227539,2.920802116394043
4206,EAF1,"EAF1, PSMA1, CMC1, UBE2B, SUPT16H",0.004836293475660689,2.854246139526367,5,7,11.190377235412598,3.4396867752075195
4207,C1ORF35,"C1ORF35, SMYD4, CCNL2, RABL6, SLC1A5",0.006181396789791333,2.830951452255249,13,8,7.826939105987549,6.122694492340088
4208,IMPDH2,"IMPDH2, DDX24, TPM3, COIL, UBE2Z",0.008797093321934596,2.290252685546875,10,6,10.389362335205078,5.332756042480469
4209,ATP6V1F,"ATP6V1F, THOC3, MACO1, ZNF830, TDG",0.00883140718198895,3.107151508331299,14,9,7.560002326965332,5.959978103637695
4210,EIF4A3,"EIF4A3, ATG4B, TOP2A, PSMB2, POLR2E",0.006248063717896933,2.976813316345215,2,0,8.235212326049805,3.8003687858581543
4211,DDX21,"DDX21, NSD3, BANF1, SEPTIN6, POLR2J",0.00385197589010153,3.2994039058685303,5,5,7.722604751586914,3.3557865619659424
4212,PDZD11,"PDZD11, MTMR2, PRR14L, HGH1, INTS1",0.00845591551339417,2.8551266193389893,0,4,11.074530601501465,4.351998805999756
4213,MMAB,"MMAB, TPRA1, PPHLN1, DDRGK1, CCNL2",0.010895140765257903,2.6035969257354736,4,5,8.132172584533691,7.210311412811279
4214,SMARCA4,"SMARCA4, DHX9, CHML, DHRS4L2, EPC2",0.004973548915878101,3.500424385070801,1,4,9.771397590637207,4.439225673675537
4215,PSMD2,"PSMD2, MRPL9, PRR14L, RDH14, COQ5",0.005623551464907705,3.4629788398742676,7,6,9.0927152633667,2.950366497039795
4216,ANKRD40,"ANKRD40, ETFA, NSL1, MRPL24, SHQ1",0.009486311711026318,2.2952821254730225,10,4,10.579663276672363,5.328958988189697
4217,PCLAF,"PCLAF, POLR2I, ANP32A, AMD1, BCCIP",0.005496099984705822,2.741297483444214,0,2,7.948144912719727,4.675910472869873
4218,CRLS1,"CRLS1, ZNF770, TACO1, MRPL38, RPP38",0.006227475401864321,3.9808261394500732,7,7,10.299866676330566,6.8476176261901855
4219,GPX4,"GPX4, SMIM30, MPC2, GLRX5, TRIP13",0.006890223098914113,3.1557564735412598,2,0,8.62417984008789,5.153822898864746
4220,CCNB2,"CCNB2, MRPL16, RBM22, PFKL, TCEA1",0.007718657720226354,2.536073684692383,5,9,7.553763389587402,4.805383682250977
4221,TRPT1,"TRPT1, RUVBL1, MSL2, RHNO1, SUCLA2",0.007606892576049318,5.293179512023926,1,9,12.01352596282959,4.650244235992432
4222,DYNLL1,"DYNLL1, MRFAP1, TAF12, ELOA, GOSR1",0.004162761422593814,5.05879545211792,1,1,9.895307540893555,7.217979431152344
4223,HAUS2,"HAUS2, METTL23, PFDN1, ERI1, PIF1",0.007314734567586539,2.6323330402374268,3,4,10.348347663879395,6.27646541595459
4224,BROX,"BROX, TTI2, TRIM24, BABAM1, ATP5PD",0.006238259757881404,2.7101948261260986,9,9,10.079651832580566,4.72733211517334
4225,NDUFA8,"NDUFA8, CDK5RAP2, AGPAT3, ACO1, EXOSC1",0.0030235412687892893,3.763387680053711,0,2,10.657136917114258,6.291436195373535
4226,PCNP,"PCNP, IFT20, SCNM1, TIMM44, BOLA2",0.007016694183114443,2.7358555793762207,0,0,8.577227592468262,3.2245066165924072
4227,TAX1BP1,"TAX1BP1, REST, ZFR, TRA2B, RIC8A",0.006168651641771144,4.044609069824219,12,1,8.851123809814453,3.693479061126709
4228,PEF1,"PEF1, MED15, NT5DC2, TSC22D2, GOPC",0.004812763971623418,4.63850212097168,3,2,11.851195335388184,4.1986870765686035
4229,NUDT1,"NUDT1, CHTOP, RPL17, WDR6, COX20",0.004962764559861019,2.8750994205474854,14,0,9.400507926940918,6.210877895355225
4230,HACD3,"HACD3, PDCD6, KHDRBS1, RCN2, XRN2",0.004674528135404452,2.962660789489746,0,0,9.103022575378418,5.468027114868164
4231,DCAF8,"DCAF8, SPEN, CAPN1, PCBP2, TMED8",0.007269636351515104,3.9186933040618896,15,5,8.204919815063477,4.522821426391602
4232,GTF3A,"GTF3A, EXOSC6, SMIM20, DCAF13, TGOLN2",0.005620610276903046,2.971268653869629,7,7,11.165350914001465,3.675799608230591
4233,TIMM13,"TIMM13, ITGAE, PLA2G12A, RNF8, BABAM1",0.006246102925893827,3.160207986831665,6,9,10.010087966918945,4.915555477142334
4234,MKI67,"MKI67, CDC27, CDK2AP1, DHFR, UQCRH",0.005521590280746199,3.5347166061401367,9,0,8.01866626739502,6.904991149902344
4235,DUS4L,"DUS4L, SPCS2, EDRF1, DPH3, SCFD1",0.006970615571041455,2.207707166671753,1,9,7.457821846008301,6.679285049438477
4236,MZT2A,"MZT2A, RAB11A, SQSTM1, YWHAH, ATP5IF1",0.007392185851709222,2.6804611682891846,4,3,11.293671607971191,5.885946750640869
4237,SMC2,"SMC2, TKT, RPS6KB2, BRD3, COMMD4",0.00550198236071514,3.9607367515563965,3,1,7.857371807098389,3.355062484741211
4238,C19ORF53,"C19ORF53, MRPL47, COMMD9, SLC25A11, COX5A",0.008092188596818027,2.8056931495666504,0,8,7.417695045471191,4.720271110534668
4239,METTL3,"METTL3, LYRM7, LTN1, SMYD2, KLHDC4",0.006842183694838019,3.3022871017456055,3,4,11.244534492492676,3.7912826538085938
4240,TOMM40,"TOMM40, BMS1, NTMT1, ABHD11, RRP1B",0.39694469390076037,3.9280285835266113,16,0,9.18057632446289,7.657444953918457
4241,SRSF2,"SRSF2, MTFR2, PABPC4, SND1, TUBA1C",0.004785312883579936,3.1354548931121826,7,5,8.367057800292969,4.942383766174316
4242,POP4,"POP4, TM2D3, MRPL22, SRFBP1, MRPL50",0.005757865717120459,2.9809515476226807,3,9,10.923844337463379,4.375797748565674
4243,CENPW,"CENPW, CASP6, SLC25A24, DNTTIP1, JOSD2",0.010172588912113381,2.6858937740325928,6,0,8.16884708404541,6.7721734046936035
4244,SDF4,"SDF4, IMP3, TMEM18, SPRYD4, PHF3",0.006574535586414064,3.1928465366363525,30,5,8.886283874511719,5.438408851623535
4245,PDE12,"PDE12, NAA20, THRAP3, ACOT8, NUP43",0.005707865521041259,2.7295100688934326,3,4,9.889007568359375,7.767497539520264
4246,FAM98A,"FAM98A, DIAPH3, RFC4, SPART, PHF13",0.003126482848952349,4.3948445320129395,0,4,8.519413948059082,4.703827381134033
4247,COQ5,"COQ5, POLR3H, FDFT1, CLSPN, KIF11",0.0059000231373456365,3.0575945377349854,32,2,7.001346588134766,6.204500198364258
4248,POLD3,"POLD3, HDDC2, GPN3, DNAJC3, MAN1A1",0.004679430115412217,3.057713508605957,6,5,11.400032043457031,4.683631896972656
4249,ZNF580,"ZNF580, TAF2, ZNF581, RAB22A, UNC50",0.009458860622982835,2.7505786418914795,0,9,7.746094226837158,7.114688873291016
4250,MRFAP1,"MRFAP1, SNRNP70, AP3M2, DPH5, UNG",0.0038362895540766826,3.5853097438812256,0,7,8.305524826049805,4.362802028656006
4251,EIF4E2,"EIF4E2, G6PC3, PPIL3, TMEM115, DGCR8",0.005034333467974384,4.357986927032471,0,4,9.026557922363281,4.549492359161377
4252,CHCHD3,"CHCHD3, GTF3C6, AIMP1, TIMM23, PPCS",0.008041208004737274,2.8994736671447754,3,0,6.869384765625,5.119633674621582
4253,UNC45A,"UNC45A, CDC34, PSMD5, C19ORF53, ACO2",0.00621374985784258,3.417071580886841,11,6,7.4504265785217285,4.145641803741455
4254,SF3A1,"SF3A1, C11ORF58, SNU13, ELAVL1, RPN2",0.0045813905152569225,3.237720012664795,11,8,11.609048843383789,5.976297378540039
4255,CRLS1,"CRLS1, CUEDC2, EIF3I, ERGIC3, TGFBR1",0.006790222706755712,3.384840726852417,5,8,11.436829566955566,4.72152042388916
4256,PGP,"PGP, EXOSC2, GFM1, SCYL2, NUDT3",0.0055304138447601755,2.986684560775757,1,4,9.38735580444336,2.8339319229125977
4257,PPP2R3B,"PPP2R3B, RDX, TRIM33, RHEB, CCDC167",0.00837944462527304,2.470012664794922,6,6,11.147095680236816,3.983720302581787
4258,RBM5,"RBM5, PPAT, DUS4L, SLC5A3, ARL5A",0.007607872972050871,2.5699825286865234,1,0,8.48607349395752,4.754749298095703
4259,CPNE1,"CPNE1, NUP160, EIF2D, SAFB, BIN3",0.006384338762112793,2.5499022006988525,2,1,10.891748428344727,4.8641157150268555
4260,SEC63,"SEC63, BLM, GLYR1, SCO1, COA3",0.007230420511452986,2.714188575744629,8,2,9.356492042541504,6.7933454513549805
4261,NOC4L,"NOC4L, ACO1, RANBP3, TMEM230, SPTLC1",0.007300028627563245,3.0226569175720215,0,7,9.523164749145508,3.8244049549102783
4262,TRIM52,"TRIM52, SLC39A4, SDE2, AHSA1, FAM76B",0.008071600280785416,2.2264950275421143,2,4,9.667074203491211,7.107869625091553
4263,ANAPC11,"ANAPC11, COMTD1, PSMC5, PHPT1, COX17",0.006070612041615849,3.2607035636901855,1,6,9.334693908691406,4.540002822875977
4264,PARK7,"PARK7, SKP1, COX7A2, COX6A1, SON",0.010597100380785807,3.62974214553833,2,3,9.626570701599121,2.606221914291382
4265,POLR2J,"POLR2J, ERH, CSNK1A1, GPBP1, ATP5PF",0.005508845132726011,3.9305830001831055,12,3,10.439279556274414,5.816658973693848
4266,PSMA3,"PSMA3, TAF8, PSEN1, DHX8, TMEM41A",0.0076637555441393885,3.1369285583496094,1,7,7.127137660980225,5.852540969848633
4267,MFN1,"MFN1, PET117, TNIP1, TMED9, DESI1",0.00618041639378978,2.560866355895996,30,7,10.582172393798828,6.180905818939209
4268,FKBP1A,"FKBP1A, MRPL30, RBM10, KHDRBS1, ERCC2",0.005573551268828505,3.305562973022461,1,4,7.5236382484436035,6.438392162322998
4269,SGO2,"SGO2, DESI1, TMEM128, TPX2, RPUSD3",0.0057500225491080355,3.0295820236206055,56,7,10.331086158752441,4.40059232711792
4270,MRPL20,"MRPL20, EWSR1, DPY30, SMG7, NAA38",0.005451001768634387,2.8218369483947754,2,8,8.303706169128418,3.673994541168213
4271,LSM10,"LSM10, ABRAXAS1, VPS26B, RPL7L1, N4BP1",0.007325518923603622,3.1237878799438477,8,1,8.697352409362793,7.4391703605651855
4272,MTCH2,"MTCH2, GTF3C6, TIMM8B, MRFAP1, MRPL17",0.0035637394656449634,5.249303340911865,1,2,10.191492080688477,6.874444007873535
4273,CDCA3,"CDCA3, NDUFB4, COX5A, DNAJB6, WDR62",0.00630688747799011,3.144998788833618,1,3,9.55967903137207,6.389579772949219
4274,DGUOK,"DGUOK, NENF, SSU72, HNRNPUL1, VPS36",0.005379432860521022,3.942776918411255,6,8,9.781037330627441,5.051880836486816
4275,HNRNPF,"HNRNPF, PMM2, SCYL2, RIOX2, TIMM23B",0.008010815728689133,2.7033286094665527,10,8,7.579710960388184,6.461849689483643
4276,APLP2,"APLP2, CENPH, TMEM237, GOSR1, SMAD5",0.006025513825544414,2.7091591358184814,5,5,9.716609954833984,4.805304527282715
4277,MRPL12,"MRPL12, SMC3, CACYBP, ATAD5, SCO1",0.008191208592974874,2.914853811264038,4,0,10.68763256072998,4.655940532684326
4278,TSG101,"TSG101, ZCCHC9, CRIPT, TBC1D7, LRRC41",0.009122584794450174,2.355762243270874,0,6,9.746115684509277,6.5041422843933105
4279,CNOT3,"CNOT3, BCL7B, NCBP2, LENG8, ARMCX6",0.008232385225040098,3.2314372062683105,3,4,10.036602973937988,3.572601318359375
4280,ERGIC3,"ERGIC3, NUP160, BAD, AK2, SCCPDH",0.006216691045847238,3.410728931427002,11,8,8.762578964233398,4.343881130218506
4281,WRAP73,"WRAP73, LRR1, HAUS6, KDELR2, COQ5",0.005866689673292837,2.9555327892303467,6,4,10.651522636413574,3.3821945190429688
4282,SCO1,"SCO1, CCDC34, MED6, OSBP, PLEKHA8",0.007712775344217036,2.6295969486236572,0,7,10.031390190124512,5.844226360321045
4283,PPP1CA,"PPP1CA, TMUB1, TANGO2, RIPK1, RBM42",0.0055343354287663874,2.750725030899048,0,9,11.697542190551758,5.435880184173584
4284,RRP8,"RRP8, TUFM, MRPS7, MRPL47, C9ORF78",0.004600018039286428,3.441215991973877,0,0,8.325572967529297,4.9030585289001465
4285,GPN1,"GPN1, NDUFA8, HCFC1, AHCY, SSR3",0.004807861991615653,3.1220717430114746,0,2,8.956850051879883,5.656110763549805
4286,RCC1,"RCC1, MIS12, DNTTIP1, POLR2D, EIF1B",0.0064078682661500635,2.883927345275879,3,7,9.866621971130371,3.9268534183502197
4287,GGPS1,"GGPS1, ZMYND8, OTULIN, NUP188, PHF20L1",0.007203949819411057,2.417910575866699,1,5,9.01533317565918,5.944658279418945
4288,SSR1,"SSR1, PCF11, C12ORF43, PIN4, EIF5A2",0.006366691634084839,2.6231608390808105,0,2,8.389993667602539,5.469404697418213
4289,GCDH,"GCDH, PAPSS1, AURKB, DNAH14, FADS1",0.008232385225040098,2.9397926330566406,22,6,7.935757637023926,4.691790580749512
4290,TIMM10,"TIMM10, NUP214, TMEM14C, OPA1, FMC1",0.005243157816305162,3.492849349975586,15,5,7.670238494873047,6.212544918060303
4291,NDUFA2,"NDUFA2, NSFL1C, MAPRE1, NDUFV2, SNRPA",0.006504927470303805,2.9588863849639893,12,0,8.074994087219238,6.107455253601074
4292,PPM1F,"PPM1F, KIF20A, CORO1C, LAMP1, PLCXD1",0.007957874344605273,2.888000011444092,5,0,7.23100471496582,5.54456090927124
4293,RAB7A,"RAB7A, EXOSC10, HIGD2A, ECSIT, IGHMBP2",0.00779708940035059,3.018101930618286,0,7,8.094867706298828,5.529521942138672
4294,MRPS26,"MRPS26, OCIAD1, GSK3A, TAF1D, ZNF787",0.006488260738277405,3.5126593112945557,8,8,9.20737075805664,3.829639196395874
4295,CCDC85B,"CCDC85B, MAIP1, TCERG1, TPR, NUP155",0.005027470695963513,3.199160575866699,5,6,9.348125457763672,3.264746904373169
4296,UQCRFS1,"UQCRFS1, SENP6, SNRPD3, EDEM1, PIGK",0.006174534017780462,4.093539714813232,1,7,7.3535003662109375,4.2793684005737305
4297,TPM3,"TPM3, NUTF2, PDCD2, POLE3, HELZ",0.0041411927105596495,3.704418897628784,1,0,10.641205787658691,4.010600566864014
4298,MZT2A,"MZT2A, CWC27, MTF2, CASP2, LIMS1",0.004306879634822097,4.604630947113037,0,8,10.16836929321289,4.809804439544678
4299,RUVBL2,"RUVBL2, CCNA2, MSH6, CDC25C, LYPLAL1",0.00655982964639077,3.371455192565918,13,1,7.5879597663879395,6.023237705230713
4300,CCDC167,"CCDC167, ZBED4, IPO4, E2F1, EFL1",0.005579433644837823,3.1587443351745605,19,2,8.560355186462402,7.342715740203857
4301,PHF10,"PHF10, USP14, PSMG1, TOE1, EMC8",0.005774532449146859,3.5848886966705322,2,7,8.01245403289795,3.7249464988708496
4302,MCRIP2,"MCRIP2, PCYT2, GON7, LRRC47, ARF4",0.005472570480668551,3.1741325855255127,1,2,7.955004692077637,5.990020275115967
4303,DIDO1,"DIDO1, CENPF, MKI67, ACADVL, SLBP",0.006951988047011949,3.374704122543335,6,0,9.219921112060547,5.08171272277832
4304,BZW1,"BZW1, DCAF13, ABCE1, UBE2Q1, RNF138",0.006591202318440464,2.9404914379119873,0,0,8.96690559387207,4.558410167694092
4305,TMED8,"TMED8, SEC23IP, ZNHIT2, VAPB, ELP3",0.005586296416848694,2.586918592453003,0,7,7.656587600708008,6.90925931930542
4306,SLC30A5,"SLC30A5, SCAMP3, PUS7L, GON4L, NUMA1",0.009209840038588386,3.4728803634643555,0,2,10.464383125305176,3.255484104156494
4307,LRP6,"LRP6, MIA2, CCZ1, MLXIP, PCGF2",0.007965717512617697,2.7281360626220703,0,5,10.683684349060059,6.9115986824035645
4308,RPS6KB2,"RPS6KB2, EIF2B1, BRD7, UBQLN1, COMMD7",0.007696108612190636,3.742116689682007,4,6,8.456061363220215,6.512608051300049
4309,PPP4C,"PPP4C, CCDC6, TCOF1, MDH1, MIIP",0.005909827097361166,3.075798988342285,5,1,9.586309432983398,5.134897708892822
4310,ISY1,"ISY1, C1ORF52, TMEM183A, GNL2, UBIAD1",0.010065725747944109,2.7689170837402344,0,0,8.382379531860352,6.105772972106934
4311,ARL8B,"ARL8B, SETX, TFG, MYSM1, PPP1R7",0.005352962168479092,3.5450518131256104,3,2,8.832524299621582,4.404104709625244
4312,SF3B3,"SF3B3, TRA2B, DESI2, DNPH1, SP1",0.0061843379777959916,3.4078269004821777,11,1,10.132753372192383,4.52582311630249
4313,SDHB,"SDHB, SETD3, DDX18, VDAC1, SNX4",0.005103941584084643,3.316560745239258,1,2,10.716954231262207,4.582536220550537
4314,DAXX,"DAXX, TMEM115, PPIG, ATP5F1B, GCC2",0.006901987850932749,3.1889753341674805,15,8,8.12388801574707,2.9694581031799316
4315,SRSF10,"SRSF10, MBD4, CNOT1, RFC2, AP2A1",0.005259824548331562,2.9708995819091797,13,9,8.860456466674805,4.311367034912109
4316,MRPS28,"MRPS28, CSNK2A1, SNRNP40, TTC32, ATP11B",0.006874536762889266,2.9773144721984863,11,9,10.819754600524902,5.964032173156738
4317,NDUFA11,"NDUFA11, ERH, BUB3, RTRAF, GLO1",0.004481390123098522,3.4227051734924316,2,3,10.07954216003418,6.693355083465576
4318,ACAT2,"ACAT2, TPGS1, YTHDC1, NQO1, GLRX3",0.005587276812850247,3.4492175579071045,1,8,7.904306411743164,3.8599460124969482
4319,ERP44,"ERP44, SERINC3, NUP160, MEN1, CKS2",0.0065363001423535,3.2457919120788574,0,5,9.165802955627441,6.785590648651123
4320,EIF4EBP1,"EIF4EBP1, SPAST, SMC6, DUSP12, MTFR1",0.00408825132647579,3.0815865993499756,4,1,11.048467636108398,6.416476249694824
4321,TIAL1,"TIAL1, AP1G1, XPA, NDUFA12, GINM1",0.0063451229220506744,2.9369008541107178,18,6,8.408865928649902,6.170716762542725
4322,DPY30,"DPY30, NDUFAF2, NSRP1, BUD31, MICOS13",0.0050215883199541955,4.0659708976745605,4,8,10.699843406677246,3.544593572616577
4323,SF3A2,"SF3A2, NUDT2, GTF2B, IP6K2, STRADB",0.0073657151596672925,3.020170211791992,3,5,8.691988945007324,4.696839809417725
4324,WRNIP1,"WRNIP1, MPG, RAE1, UBFD1, TRIM33",0.004019623606367084,2.998487710952759,5,4,7.7267045974731445,3.461024284362793
4325,RSRC2,"RSRC2, WASL, SLC52A2, BRD2, THAP1",0.0050255099039604074,3.117095947265625,0,8,9.222476959228516,3.8945910930633545
4326,GTPBP4,"GTPBP4, UBR4, HMGA1, ELOF1, CDS2",0.00391178004619626,4.193145275115967,0,0,7.267606258392334,4.681152820587158
4327,ZNF664,"ZNF664, THOC3, CCZ1, CHCHD6, NUDT2",0.006525515786336417,3.1438140869140625,0,7,10.029013633728027,3.8351309299468994
4328,PDXK,"PDXK, CTDNEP1, COPS8, ATF2, BET1",0.007175518335366021,2.9129762649536133,8,9,10.23366641998291,3.199054479598999
4329,RTRAF,"RTRAF, HSPA5, RBM8A, VRK1, MRPS6",0.004467664579076781,3.297085762023926,6,5,9.355755805969238,5.043094158172607
4330,FAM204A,"FAM204A, USP1, CBX5, IMPA1, COPS9",0.0064078682661500635,3.246737480163574,7,0,8.723846435546875,6.609885215759277
4331,KRT10,"KRT10, ADAT1, HECTD1, CCAR2, IREB2",0.00942356636692693,3.1440412998199463,5,4,8.895605087280273,4.977427005767822
4332,MTCH1,"MTCH1, PPP2CA, NFRKB, CREB1, ARFGAP1",0.008009835332687579,3.2956714630126953,6,4,10.556376457214355,7.399837970733643
4333,BLVRA,"BLVRA, BTG3, ATP6V0D1, CFAP36, RPA3",0.008874544606057279,2.317686080932617,18,4,9.358684539794922,7.44597053527832
4334,CPNE1,"CPNE1, EIF5A, TTC19, ARHGDIA, ALG3",0.008198071364985744,3.4869463443756104,3,0,9.153709411621094,7.27987813949585
4335,TPX2,"TPX2, AGPAT5, ASPM, ESCO2, ZMYM6",0.005466688104659234,3.769686222076416,27,0,8.80196475982666,3.1095621585845947
4336,RPUSD3,"RPUSD3, UBXN4, NFE2L2, USF3, MARK3",0.010990239177408538,3.539464235305786,1,7,10.29436206817627,6.26686954498291
4337,AIDA,"AIDA, CRNKL1, TP53RK, SLAIN2, IP6K1",0.006274534409938862,2.791295289993286,3,7,11.18051815032959,5.716736793518066
4338,DSCC1,"DSCC1, NDUFA12, RAD51AP1, WDHD1, GINS2",0.005712767501049024,2.5285820960998535,1,4,9.287727355957031,7.6927080154418945
4339,SEC61A1,"SEC61A1, EIF2A, RPUSD3, VPS25, SMARCA1",0.007332381695614493,3.0852222442626953,1,0,9.17587661743164,5.683908462524414
4340,XPO6,"XPO6, LMNB2, PHF6, TASOR2, USP9X",0.008539249173526171,2.314833879470825,3,4,10.94831371307373,6.678488254547119
4341,DDX17,"DDX17, IWS1, PTP4A2, PKMYT1, SECISBP2",0.0057549245291158005,2.631474018096924,6,6,7.009515762329102,6.126132011413574
4342,PRDX5,"PRDX5, RAN, ATP5PF, EIF4A1, EZR",0.0049460978278346186,4.280885696411133,3,3,9.09095573425293,7.414960861206055
4343,BRIX1,"BRIX1, NUDT16L1, EXTL2, MRPL12, PYURF",0.006448064502213734,5.322179794311523,0,0,10.54944896697998,5.705459117889404
4344,NDUFB11,"NDUFB11, CFDP1, HNRNPU, UBE2D3, DRAP1",0.0055304138447601755,4.555883407592773,1,3,7.2997260093688965,4.888236045837402
4345,WAPL,"WAPL, MLEC, PMS1, GATAD2A, MLLT1",0.0076519907921207535,2.5102455615997314,11,8,10.031866073608398,7.038096904754639
4346,BRPF1,"BRPF1, CSNK1E, ENTPD6, CSTF1, SEC24C",0.010956905713355738,2.1150245666503906,3,4,9.679559707641602,6.9935221672058105
4347,PSMD4,"PSMD4, NRDC, PPHLN1, CAPNS1, BYSL",0.006690222314597312,3.6646597385406494,4,5,9.565496444702148,6.510250091552734
4348,COASY,"COASY, MZT2B, TUBB, PSMA7, PRR11",0.004829430703649818,3.532322406768799,2,3,8.530750274658203,6.647757053375244
4349,TNIP1,"TNIP1, NENF, TMEM128, HNRNPAB, ATAD3A",0.0070735571512045145,2.7869811058044434,4,6,9.697001457214355,2.9335925579071045
4350,YTHDF2,"YTHDF2, RBM28, CAND1, SYNCRIP, NASP",0.007076498339209173,2.768603801727295,4,0,10.857157707214355,3.8938651084899902
4351,HNRNPH3,"HNRNPH3, TAF6, EIF3I, IQGAP1, N4BP2",0.003518641249573528,3.7456281185150146,0,8,9.946142196655273,4.296586036682129
4352,EIF2B2,"EIF2B2, ZNF384, PATL1, NUP160, INO80B",0.006357868070070863,2.597334623336792,2,1,10.363243103027344,5.070610523223877
4353,NDUFB4,"NDUFB4, BANP, MRPS16, VDAC2, DHX30",0.004452958639053486,3.421891450881958,0,8,9.473465919494629,3.6056015491485596
4354,UBQLN1,"UBQLN1, TMED10, PFDN2, RPE, GNL2",0.005952964521429496,2.910892963409424,2,0,9.090140342712402,4.944572925567627
4355,FBXO9,"FBXO9, COX7A2, NOL8, TXNDC5, C11ORF54",0.0035598178816387514,3.880976438522339,0,2,7.7267069816589355,4.829014778137207
4356,FAM53C,"FAM53C, SNX4, MCCC1, MMAB, C5ORF15",0.004368644582919933,2.897012233734131,0,1,8.945450782775879,3.4939653873443604
4357,PISD,"PISD, COPS4, BRD7, HJURP, CDCA4",0.006162769265761827,2.580717086791992,6,2,8.573979377746582,3.0098752975463867
4358,RPN1,"RPN1, NDUFB1, TOR1A, SSR1, SH3GLB1",0.0032068753210796907,5.436212062835693,4,1,9.593724250793457,6.002465724945068
4359,OSBPL11,"OSBPL11, NOP10, GDI2, NPEPPS, KAT8",0.0065529668743798996,3.4996180534362793,5,2,10.099294662475586,5.214476585388184
4360,GUK1,"GUK1, PAXX, ZCRB1, IK, BCLAF1",0.005644139780940317,3.3720569610595703,7,7,9.782537460327148,3.7964563369750977
4361,PGS1,"PGS1, MTMR4, POMP, CISD1, LASP1",0.004845117039674666,3.1057257652282715,6,0,10.714640617370605,6.512228488922119
4362,C9ORF78,"C9ORF78, PSMD8, NR2C2AP, PANK2, ATP6V1D",0.007616696536064847,2.9802956581115723,2,0,8.181163787841797,5.214964866638184
4363,ACAA1,"ACAA1, ST13, RAF1, TMEM259, SRSF9",0.008816701241965656,2.567110538482666,0,0,7.972465515136719,6.040771484375
4364,NPM1,"NPM1, NQO2, PPIA, OAZ1, RPL36A",0.0021617731834242485,5.153883457183838,2,3,10.38508129119873,4.8670525550842285
4365,ANKHD1,"ANKHD1, POMP, UBE2L3, REEP5, RAB2A",0.005944140957415519,2.8244025707244873,16,8,8.66578483581543,5.639895439147949
4366,LSM3,"LSM3, HNRNPR, RAD51AP1, PRDX4, PRR13",0.006447084106212181,4.374648571014404,1,7,10.569670677185059,5.382861614227295
4367,SAR1B,"SAR1B, LSM4, POLR2G, SURF2, MPG",0.00772061851222946,3.571586847305298,14,4,9.791614532470703,4.017217636108398
4368,GLE1,"GLE1, BAG2, RNF170, HDDC2, TMUB2",0.006065710061608085,3.872429370880127,2,9,9.387876510620117,5.510429859161377
4369,SEH1L,"SEH1L, AKAP11, RNF139, ORC3, LETM1",0.010036313867897521,2.6137192249298096,1,4,9.343094825744629,5.358148097991943
4370,SRSF7,"SRSF7, EEF1G, FAM162A, MOB2, NXT1",0.007458852779814823,2.674813985824585,3,3,9.5691556930542,3.424765110015869
4371,THG1L,"THG1L, ZNF426, PRRC1, IPP, STXBP4",0.00971278318738505,3.009619951248169,0,4,10.384560585021973,6.151525497436523
4372,COG2,"COG2, FBXL12, ZC3HC1, TIMM8B, RAB2B",0.0053098247444107625,2.7451231479644775,8,4,10.107306480407715,4.782639503479004
4373,PLCXD1,"PLCXD1, PIEZO1, AKT1, PSMD9, INF2",0.005635316216926341,2.7566800117492676,35,7,10.681649208068848,4.917957782745361
4374,ARL8B,"ARL8B, PSMB7, TFRC, GGH, NCBP2",0.004200996866654379,3.82700252532959,7,0,7.899449825286865,6.634760856628418
4375,TROAP,"TROAP, WDR74, ASB8, MALSU1, SLC35B1",0.012152008439248782,2.3197247982025146,4,6,11.41495132446289,6.2432074546813965
4376,AP1S1,"AP1S1, MGA, PRKRA, TMEM97, SLC5A3",0.0040735453864524955,3.02268123626709,2,6,9.43956470489502,5.305792331695557
4377,ACADVL,"ACADVL, ADH5, PDHB, MAP4, MSH6",0.005045117823991466,3.043030261993408,0,1,9.426054954528809,2.892305850982666
4378,ARL1,"ARL1, PRKAA1, CLUAP1, RHNO1, ZMAT2",0.007372577931678163,2.6162397861480713,15,1,8.407893180847168,5.191895961761475
4379,HDAC3,"HDAC3, RBM27, SRP68, LRR1, GFPT1",0.005956886105435708,2.7874603271484375,10,4,7.322760105133057,5.407956600189209
4380,BTBD7,"BTBD7, UPK3BL1, PFDN1, ZNF672, GET3",0.008402974129310311,2.5479414463043213,0,8,11.646681785583496,5.776300430297852
4381,CCDC85B,"CCDC85B, JPT2, RAB21, RAB8A, ABRACL",0.0033431503652955503,4.206740379333496,0,6,9.787334442138672,3.4312736988067627
4382,HDAC3,"HDAC3, SMU1, TAF12, ICE1, DNAJC3",0.006720614590645453,3.415445566177368,21,1,8.318199157714844,7.183760643005371
4383,NOC3L,"NOC3L, WDR46, PDE12, ZNF664, MCCC2",0.005722571461064553,3.170926094055176,0,7,7.990355014801025,3.4802792072296143
4384,PTP4A2,"PTP4A2, PIP5K1A, GDI2, GOT1, UBXN7",0.008501013729465606,3.062919855117798,3,6,9.13000202178955,5.7211785316467285
4385,SRF,"SRF, WDHD1, TMA16, CYTH2, SLC38A10",0.007179439919372233,3.5084619522094727,2,5,9.375755310058594,7.579955101013184
4386,TRIM27,"TRIM27, EIF2A, TBP, TPP2, MAP3K20",0.007858854348448425,3.0054821968078613,2,9,7.666988372802734,4.210082530975342
4387,PCYOX1,"PCYOX1, PPIL3, SMARCA1, TMEM70, TCAIM",0.00583139541723693,4.0627899169921875,1,9,10.854260444641113,3.1273796558380127
4388,PFDN6,"PFDN6, NDUFB1, RBX1, ENO1, PIN4",0.004600018039286428,3.341581344604492,0,1,10.793327331542969,4.019558429718018
4389,TBPL1,"TBPL1, TMEM167B, EIF3K, KIF14, TRAF3IP1",0.006788261914752607,3.4077084064483643,6,6,10.603919982910156,5.14074182510376
4390,MALSU1,"MALSU1, APPL1, MBD4, ELOC, HSBP1",0.005930415413393778,3.343470573425293,2,2,9.991174697875977,3.1857717037200928
4391,NDUFB4,"NDUFB4, PSMD14, ABHD16A, NDUFC2, DDOST",0.005566688496817635,2.7900283336639404,0,8,10.011873245239258,4.106384754180908
4392,JTB,"JTB, ARF1, TMEM165, EIF4A2, ZNFX1",0.00727159714351821,3.0858688354492188,0,1,8.874612808227539,4.483954906463623
4393,CCZ1,"CCZ1, EXOSC4, SAV1, PSMA4, ZNF3",0.0066274769704979235,2.868427276611328,5,7,8.63370418548584,5.016652584075928
4394,BCL2L12,"BCL2L12, SP3, GGCX, NUDCD1, KCTD3",0.004383350522943227,3.243718147277832,0,5,9.963776588439941,4.6422319412231445
4395,NKAP,"NKAP, IPO8, ESCO1, ZNF721, SRP19",0.007150028039325644,2.5136220455169678,3,5,8.794340133666992,6.305568218231201
4396,SEPHS2,"SEPHS2, CGGBP1, HMGB2, FUBP1, PEX13",0.005565708100816082,3.9610683917999268,6,1,7.028864860534668,5.300356864929199
4397,RSBN1L,"RSBN1L, SLC25A39, SQLE, C15ORF61, UBE2D2",0.006155906493750956,3.3515264987945557,0,6,7.408233642578125,6.80216121673584
4398,ZCCHC8,"ZCCHC8, AP3B1, UBE2Z, RAB5IF, TXLNG",0.006806889438782113,3.0585403442382812,17,5,10.023056983947754,3.7022769451141357
4399,METTL17,"METTL17, YEATS4, ARFGAP2, SYNJ2BP, SECISBP2",0.007827481676398731,3.1700589656829834,0,4,10.32696533203125,3.1351120471954346
4400,PRDX2,"PRDX2, KDM5B, MOB1B, PNISR, ZUP1",0.00385197589010153,5.066861152648926,4,8,9.959953308105469,2.7191953659057617
4401,ATAD2,"ATAD2, SFT2D1, SPCS2, CDC25A, PRKCI",0.006614731822477735,2.915386915206909,0,2,8.266340255737305,6.328242301940918
4402,NABP2,"NABP2, MAD2L1BP, PRDX2, NUP133, POLR2D",0.004641194671351653,3.969280242919922,19,7,8.470989227294922,4.6126322746276855
4403,NDUFS4,"NDUFS4, ACSL3, CCDC32, DESI2, ATP5MC3",0.008291208985133275,2.599972724914551,2,6,10.710626602172852,4.478514194488525
4404,RCC1,"RCC1, HP1BP3, LAS1L, HDGF, MRPS18C",0.0062666912419264385,3.7277543544769287,11,1,11.1409912109375,6.019064903259277
4405,MTG1,"MTG1, FARSA, KIAA0586, AHSA1, STX16",0.006867673990878395,2.696251153945923,2,1,10.69015121459961,6.361180782318115
4406,TONSL,"TONSL, PXMP2, KNTC1, MCM10, DVL1",0.0069264977509715725,2.6137993335723877,10,4,10.261748313903809,7.6248345375061035
4407,CENPH,"CENPH, ATP13A3, TMEM203, HTATSF1, UHMK1",0.005596100376864223,2.9631917476654053,0,2,9.648151397705078,6.043315887451172
4408,APLP2,"APLP2, ASL, KIF22, NOC3L, N6AMT1",0.005221589104270997,2.876655101776123,22,5,9.967350006103516,3.767920970916748
4409,SASS6,"SASS6, CENPW, KPNA3, PLK4, SKA3",0.005769630469139094,3.288379430770874,6,0,8.9287691116333,7.077784061431885
4410,GRB2,"GRB2, SUCLG1, SMYD4, GTF2I, BFAR",0.006605908258463759,2.9447453022003174,1,6,10.467567443847656,5.657299041748047
4411,DDT,"DDT, RSRC2, ZNF326, COPS5, YWHAE",0.005468648896662339,3.1956915855407715,24,9,9.725589752197266,5.180210113525391
4412,TXN,"TXN, GNAS, NDUFC1, EIF4EBP1, PRELID3B",0.003065698296856066,5.824648380279541,9,3,7.406130790710449,5.70285701751709
4413,CLN6,"CLN6, EEF1G, MTR, PPID, FUOM",0.007739246036258965,2.643115758895874,9,5,8.078642845153809,7.173583507537842
4414,UBE2I,"UBE2I, BBS4, MED25, RNF40, NELFA",0.0038725642061341417,3.955536365509033,1,2,7.623353481292725,3.6263489723205566
4415,SEPTIN11,"SEPTIN11, CIAO2B, NUP42, GET1, ATPSCKMT",0.0074304212957697876,4.477456569671631,3,5,7.78123140335083,4.930049896240234
4416,ADSL,"ADSL, SLC25A5, TMEM230, PPP4R3A, PPHLN1",0.005323550288432503,3.968285083770752,6,6,9.883418083190918,4.614254951477051
4417,SSNA1,"SSNA1, SNX17, RBM42, RPP25L, RAB1B",0.003949035094255271,3.4814422130584717,3,4,8.467880249023438,6.246431827545166
4418,CHAF1A,"CHAF1A, ATP5PO, MSTO1, ZCCHC3, HAUS6",0.0055304138447601755,3.9546830654144287,2,4,10.175460815429688,3.969744920730591
4419,HNRNPM,"HNRNPM, HTRA2, COIL, PRDM2, TMA16",0.007918658504543156,3.3449652194976807,0,5,11.757733345031738,6.011091709136963
4420,LSM12,"LSM12, KIF11, CASP6, TRIM52, GTSE1",0.004167663402601579,3.9856767654418945,0,4,10.583675384521484,2.7892603874206543
4421,TMEM11,"TMEM11, CEP57, FOXM1, CS, TMED9",0.00531570712042008,2.802718162536621,6,7,8.866440773010254,5.2430524826049805
4422,POLR1C,"POLR1C, LEO1, MCM10, ZCCHC10, DOLK",0.008163757504931392,2.610887289047241,0,1,9.990982055664062,5.146034240722656
4423,EIF5A,"EIF5A, ERGIC3, CYC1, ATP5PD, GDI2",0.005523551072749305,3.0311954021453857,23,2,9.031394958496094,7.15761661529541
4424,PRMT3,"PRMT3, SAP30, TMEM97, SSB, ACLY",0.006545123706367476,3.3466548919677734,4,7,10.029084205627441,5.103235721588135
4425,DYNLL1,"DYNLL1, CEBPG, EXOSC1, EIF2S2, ADRM1",0.004290212902795697,3.775660753250122,1,5,11.40270709991455,5.728907108306885
4426,ST13,"ST13, EBP, PTGES3, ALG5, YWHAE",0.004798058031600124,3.231055974960327,0,3,8.181031227111816,3.6493797302246094
4427,PCCB,"PCCB, AKAP1, HSPA4, PIH1D1, AHSA1",0.004340213098874898,3.317155599594116,0,4,9.157055854797363,7.232430458068848
4428,PDCD11,"PDCD11, SPTSSA, TMX3, PPIL2, DCAF12",0.007394146643712328,3.2851641178131104,4,4,10.192683219909668,4.4654741287231445
4429,NR2F6,"NR2F6, TMED3, LAMTOR4, FUOM, PRDX6",0.005882376009317684,3.183598518371582,17,6,9.850260734558105,4.135216236114502
4430,GOLPH3,"GOLPH3, BUB1, ECHDC1, AHCTF1, NPIPB5",0.0034902097655284924,3.598728656768799,12,0,9.267000198364258,4.62117862701416
4431,CUL3,"CUL3, ATP5F1B, BAZ2A, PRPF38A, UPF2",0.0075676767359872,3.219905138015747,0,8,7.970709800720215,5.377043724060059
4432,SECISBP2,"SECISBP2, PAXBP1, PNKP, BUB1B, FKBP4",0.00770395178020306,2.760885715484619,17,8,10.513018608093262,4.221735000610352
4433,YWHAB,"YWHAB, CDC73, CAPNS1, NSUN5, RCC1",0.004615704375311276,3.174886703491211,3,1,10.711240768432617,3.041022300720215
4434,POLD2,"POLD2, HMGXB4, EIF1B, SPTLC1, ATP2B1",0.004557861011219652,3.3331453800201416,1,9,10.98873233795166,5.156925201416016
4435,ZNHIT2,"ZNHIT2, SNRNP200, ERCC3, TAF11, SNRPD1",0.0076519907921207535,2.739471197128296,9,2,8.60141372680664,6.444612979888916
4436,PDCD6,"PDCD6, PSMA4, NDUFAB1, MOB1A, PTBP1",0.005554923744798999,3.017510175704956,9,0,10.980560302734375,4.425069332122803
4437,CYFIP1,"CYFIP1, STXBP4, CANX, ROCK1, SMAD5",0.010207883168169287,2.599292278289795,23,2,10.19520092010498,3.698458671569824
4438,ITPA,"ITPA, ABHD14B, FAM136A, SCO1, TXNRD2",0.005788257993168601,2.859036445617676,0,9,10.36532974243164,7.5751237869262695
4439,GTPBP4,"GTPBP4, RAP1B, SNRPE, DHX9, SINHCAF",0.005001980399923137,3.2638652324676514,5,0,7.994107723236084,6.894471645355225
4440,ATF1,"ATF1, SUB1, RNF14, ALDH9A1, UBIAD1",0.004764724567547324,2.7208545207977295,0,9,9.235313415527344,6.156722068786621
4441,LCMT1,"LCMT1, SHISA5, BORCS8, ECSIT, ISOC1",0.0073666955556688455,2.7500622272491455,0,7,7.640751838684082,6.559507846832275
4442,PSMD11,"PSMD11, SF1, YIPF6, PCYOX1, ATG12",0.005111784752097067,3.519775390625,4,0,10.21480655670166,4.645003318786621
4443,THRA,"THRA, XPO1, KCMF1, SEC11A, GATAD1",0.008058855132765226,2.5068511962890625,1,9,10.634869575500488,5.586517333984375
4444,DMAC1,"DMAC1, STMP1, CSPP1, TTC1, XIAP",0.0061970831258161795,2.5965049266815186,4,8,6.942731857299805,5.8046441078186035
4445,WTAP,"WTAP, PPA1, PRMT1, TMEM59, YWHAQ",0.008129443644877039,2.787898540496826,0,8,8.62637996673584,2.914792776107788
4446,GTF3A,"GTF3A, TMCO1, HELLS, TRIOBP, DCAF16",0.009088270934395822,2.8668248653411865,9,1,7.574995517730713,5.329403877258301
4447,SF3B2,"SF3B2, ODF2, TTC1, PALB2, CCAR2",0.007985325432648755,2.962029457092285,0,7,10.051007270812988,7.132082462310791
4448,CFAP298,"CFAP298, UBE2F, SNX2, NSDHL, PWP1",0.0064157114341624865,3.060798406600952,9,4,9.540926933288574,6.642628192901611
4449,CAPRIN1,"CAPRIN1, SLC30A7, MMADHC, TRMT61A, DDX27",0.006496103906289828,3.3256497383117676,0,6,8.367372512817383,4.526255130767822
4450,MEPCE,"MEPCE, AZIN1, G3BP1, ACO2, TIMM10B",0.0071441456633163265,2.5708675384521484,11,0,11.093871116638184,7.17570686340332
4451,EP300,"EP300, EIF3J, PAPOLA, IQCB1, APRT",0.006681398750583336,3.3398940563201904,1,9,8.509676933288574,6.774443626403809
4452,MRPL9,"MRPL9, GNG10, ATP6V1D, TMEM106B, MRPL38",0.007242185263471621,3.305845260620117,12,0,9.937451362609863,5.274123668670654
4453,NCAPH2,"NCAPH2, GOLGA2, TEX261, DIAPH1, GTSE1",0.008662779069721842,4.135219573974609,0,4,7.79832124710083,6.420512676239014
4454,GHITM,"GHITM, YIF1A, UBE3B, TBP, PSMB4",0.005887277989325449,3.1935300827026367,0,6,10.198087692260742,7.263452529907227
4455,THAP1,"THAP1, NCAPD2, GFM1, EXOSC1, PSMC4",0.0036823673818328698,3.4390511512756348,2,5,9.785402297973633,6.1342244148254395
4456,NT5C3B,"NT5C3B, KIF20B, ATP13A3, CHAMP1, NDUFA8",0.008473562641422122,2.671238660812378,7,7,7.873899459838867,6.806270599365234
4457,KRTCAP2,"KRTCAP2, ILKAP, SRRT, ALG2, NADK",0.007622578912074165,2.9421279430389404,1,9,11.162469863891602,3.3754429817199707
4458,RAN,"RAN, NUBP1, FKBP4, SNX14, ERG28",0.006223553817858109,2.430314779281616,1,8,10.608759880065918,4.21870756149292
4459,DGKZ,"DGKZ, YTHDF2, ANAPC15, EMC8, COMTD1",0.00593433699739999,2.996837615966797,0,1,9.544840812683105,5.6048407554626465
4460,MVB12A,"MVB12A, PDPR, SMARCE1, ANAPC13, SMAD5",0.006633359346507241,2.5722453594207764,0,1,10.938989639282227,5.5370893478393555
4461,WDR5,"WDR5, CPSF6, PROSER1, PDAP1, TCEA1",0.005254922568323797,3.643747568130493,0,4,9.169490814208984,7.249453067779541
4462,CDC5L,"CDC5L, YWHAB, GET3, TPI1, STARD7",0.0057559049251173534,3.072171211242676,2,9,8.928877830505371,4.931423187255859
4463,VTA1,"VTA1, NUP35, GTPBP3, PPHLN1, POLR2I",0.00587453284130526,3.131237506866455,4,1,10.14797592163086,4.010016918182373
4464,ACAT2,"ACAT2, DDX3X, SNF8, STAT3, MED27",0.0044362919070270864,3.9985973834991455,19,0,9.555279731750488,6.830175876617432
4465,GSTO1,"GSTO1, UBE2S, PTRH2, TEX10, SHC1",0.005295118804387468,3.0759286880493164,39,5,9.80609130859375,4.0364837646484375
4466,SUMO1,"SUMO1, ANKRD54, HMGCS1, GPX4, ARPC5",0.004184330134627979,3.643549919128418,12,5,8.230220794677734,3.8003575801849365
4467,PRKAR2A,"PRKAR2A, PELP1, NUCKS1, AGO1, ZNF426",0.00784708959642979,2.667904853820801,1,4,11.480255126953125,4.644798755645752
4468,SLC31A1,"SLC31A1, GDI2, NFE2L2, PPP2CB, JKAMP",0.007851011180436001,3.3720908164978027,6,0,10.055566787719727,3.842268943786621
4469,TAF11,"TAF11, NUP160, LIX1L, PAIP1, IKBIP",0.008017678500700003,3.7871623039245605,16,2,11.087998390197754,4.173552513122559
4470,TSPAN13,"TSPAN13, MESD, TMEM179B, PSME2, RHBDD3",0.006809830626786772,2.4794907569885254,5,5,10.316469192504883,6.5648956298828125
4471,CELF1,"CELF1, MBD2, EMC3, UBXN2A, TIAL1",0.006034337389558391,3.313431739807129,14,6,10.083575248718262,5.631235599517822
4472,STAM,"STAM, MIS12, DCTPP1, PIGF, FAM210B",0.008449052741383299,3.2949628829956055,12,0,8.006610870361328,6.916553974151611
4473,EXOSC8,"EXOSC8, HADHA, DNTTIP2, SMAD4, DPP7",0.0061147298616857325,3.0479350090026855,5,5,10.25343132019043,4.36834192276001
4474,MCMBP,"MCMBP, TPD52L2, PRRC1, CENPC, CIAO1",0.007489245055862964,2.341581106185913,5,7,9.291633605957031,5.615541458129883
4475,COPS6,"COPS6, VRK3, NDUFB7, PYCR1, MIEN1",0.006056886497594108,3.316333770751953,0,5,7.676172256469727,6.3743085861206055
4476,DIS3,"DIS3, AHCYL1, SFXN1, CSPP1, PIP5K1A",0.009189251722555775,3.574122667312622,12,8,8.322978973388672,3.145148754119873
4477,ZDHHC24,"ZDHHC24, DERA, ZNF426, EIF4EBP2, NFKBIB",0.008354934725234216,2.8019614219665527,0,1,8.134082794189453,4.695052623748779
4478,ZKSCAN1,"ZKSCAN1, TRMT10C, GTF2A1, PHACTR4, LSM3",0.0045059000231373455,3.5689291954040527,16,6,9.385431289672852,4.764884948730469
4479,EDF1,"EDF1, SRSF3, COX5B, CIB1, PYURF",0.006690222314597312,3.393681526184082,1,3,11.058013916015625,4.687765598297119
4480,SCP2,"SCP2, PATL1, SLC35A4, TAF9B, ACLY",0.009362781814830646,3.190091133117676,3,9,11.382208824157715,4.4228835105896
4481,DYNLL1,"DYNLL1, WDR43, NUP43, ERAL1, RNF138",0.004981392083890525,3.362675905227661,9,5,9.78862476348877,6.999483585357666
4482,SLIRP,"SLIRP, NUDT4, PRR13, C4ORF48, HSD17B10",0.0066696339985647,3.328739643096924,4,3,7.958104610443115,4.581914901733398
4483,<SPECIAL>,"<SPECIAL>, HMGB2, DEK, FAM20B, STMN1",0.004669626155396688,4.523305416107178,4,3,10.8457612991333,5.415721416473389
4484,RTN4,"RTN4, NCL, PHF14, TCP1, MAN1A1",0.006140220157726109,4.315211296081543,1,3,9.691298484802246,5.455685615539551
4485,SNRPA,"SNRPA, RAB29, NDUFS4, MCM10, UBE3C",0.012149067251244122,3.5360000133514404,15,6,10.234370231628418,6.315246105194092
4486,MAGOH,"MAGOH, SMARCE1, EMC4, UBE2T, SLC25A17",0.007562774755979435,2.5436010360717773,12,6,10.854248046875,4.011165618896484
4487,CDC123,"CDC123, PCNX3, LMAN2, MAPKAPK5, SMG5",0.005939238977407755,3.539036512374878,0,4,8.800277709960938,3.8627612590789795
4488,MED25,"MED25, KDM3B, TRPT1, GNPTG, PDCD6",0.005814728685210531,2.607733726501465,1,9,10.802875518798828,4.407144546508789
4489,YWHAE,"YWHAE, PTPN2, LRP6, TMEM131, THRA",0.004592174871274005,2.6334147453308105,25,0,11.1886625289917,6.0169291496276855
4490,PRDX4,"PRDX4, EEF1G, TP53I3, NET1, ZNHIT3",0.006063749269604979,3.6135761737823486,9,5,11.059229850769043,4.4361066818237305
4491,ZMAT2,"ZMAT2, PTGES3, TAF6, ZBED4, IARS2",0.005783356013160836,2.855458974838257,1,4,11.693601608276367,4.85126256942749
4492,PCM1,"PCM1, CANX, RPL26L1, ACLY, PPID",0.007909834940529178,3.003709316253662,2,4,10.586079597473145,3.1083407402038574
4493,DEF8,"DEF8, TXLNG, TIAL1, STIP1, RNF26",0.005521590280746199,2.787773609161377,26,8,10.866296768188477,3.1915032863616943
4494,NHP2,"NHP2, PSMD14, TRAF4, ATP13A2, RAD50",0.008364738685249746,2.9964656829833984,19,7,7.2695817947387695,5.364414691925049
4495,KRT10,"KRT10, KCTD20, DDA1, EIF2AK1, BAG6",0.00507943168404582,3.939251184463501,7,0,7.8097004890441895,6.763915538787842
4496,MCCC1,"MCCC1, ST7L, PDRG1, ACIN1, NOL11",0.005948062541421731,3.0152459144592285,1,9,10.453399658203125,5.309041976928711
4497,TMEM70,"TMEM70, FAAP20, CNOT8, WDR3, DR1",0.007483362679853647,2.6553328037261963,11,2,10.038485527038574,4.300546646118164
4498,FBXO5,"FBXO5, ETFA, ESCO2, MRPL46, FAM161A",0.00698532151106475,3.13826322555542,3,7,7.606020450592041,3.839425563812256
4499,SBDS,"SBDS, SNRNP27, SEPTIN2, PNPO, GOLGB1",0.005211785144255468,3.106595277786255,0,2,8.105751037597656,3.5034375190734863
4500,PPP2R1A,"PPP2R1A, R3HDM4, IMP4, BCL2L1, PTRHD1",0.004056878654426096,3.471907615661621,24,6,7.955229759216309,5.528697967529297
4501,CCNB2,"CCNB2, RNF138, FBXO5, NT5C, OSGEP",0.0038745249981372476,3.4955177307128906,29,4,8.424171447753906,4.421438217163086
4502,CHD1,"CHD1, ASF1A, CORO1B, MAPK12, SNX17",0.0053813936525241276,2.9740281105041504,5,2,10.82256031036377,4.125452518463135
4503,PDCD6,"PDCD6, NUDCD2, CDK4, EEA1, SLC39A1",0.005231393064286527,3.091101884841919,8,8,10.267837524414062,4.47541618347168
4504,FAM53C,"FAM53C, POLR2F, RBM39, GNL3L, CERT1",0.00545198216463594,3.001371145248413,7,3,8.40080451965332,4.153659820556641
4505,EIF5B,"EIF5B, FEN1, SREK1, RPP25L, TUBGCP2",0.004119623998525485,4.335590362548828,17,8,8.979803085327148,4.166869163513184
4506,KIAA1191,"KIAA1191, FGD6, ZBTB37, MED11, OXLD1",0.00991964674371272,2.8210580348968506,0,7,7.905829429626465,5.248127460479736
4507,PDLIM7,"PDLIM7, KDM5B, RSBN1, MRPL11, AQR",0.006867673990878395,3.055166482925415,3,8,11.247777938842773,5.125380039215088
4508,LRRC47,"LRRC47, LRIG2, ZMPSTE24, POLR2A, CASP2",0.006769634390723101,3.2531964778900146,0,7,11.033493995666504,4.73779296875
4509,EIF4E2,"EIF4E2, RAB7A, COX7A2, RTN4, ERVK3-1",0.006302965893983898,2.8337700366973877,0,3,9.670465469360352,4.428508281707764
4510,C5ORF24,"C5ORF24, TMEM123, NEDD8, TMEM126A, DCP1A",0.0029980509727489126,3.772275686264038,0,2,11.23155689239502,5.0608229637146
4511,PRDX1,"PRDX1, KPNA2, METTL2A, TERF1, ARID1A",0.009007878462268479,2.640972852706909,16,1,9.354300498962402,3.238786220550537
4512,KIAA1143,"KIAA1143, HGH1, BECN1, CAPZA2, NFRKB",0.009109839646429986,2.3240630626678467,1,1,10.164641380310059,6.293097019195557
4513,HECTD1,"HECTD1, PTPMT1, POLR2A, LARP1, KCTD10",0.007886305436491908,3.0873022079467773,2,0,10.485125541687012,3.8646435737609863
4514,MAP4,"MAP4, PHF20, SMAGP, SBDS, HDLBP",0.006011788281522673,2.9609673023223877,9,8,10.730649948120117,3.502640724182129
4515,ACTR3,"ACTR3, PICALM, UBXN1, POLR1D, TPM4",0.004543155071196358,3.9707260131835938,15,3,9.116621017456055,2.544076681137085
4516,RPF1,"RPF1, TMEM223, PFDN1, ABCF1, COMMD7",0.0034627586774850097,3.9831247329711914,2,0,10.8594331741333,4.491748332977295
4517,DNAJC21,"DNAJC21, GALE, MFSD1, UTP4, KMT5A",0.0039019760861807302,3.738834857940674,0,4,8.373398780822754,5.934328079223633
4518,ITGAE,"ITGAE, CCDC124, NCAPD3, RIF1, LARP7",0.00634708371405378,2.7687785625457764,2,0,8.19459056854248,4.424754619598389
4519,CDK2AP2,"CDK2AP2, SRSF3, ZDHHC4, ASPSCR1, CAPN10",0.006207867481833262,3.3059639930725098,2,6,8.087593078613281,4.607069969177246
4520,NDUFV2,"NDUFV2, FAM120AOS, EMC6, TMEM11, VEZF1",0.005213745936258574,2.7167716026306152,0,6,11.391148567199707,5.461529731750488
4521,BTBD1,"BTBD1, KHDRBS1, UBE2I, MED1, NIPA2",0.007529441291926635,2.8157308101654053,63,7,8.884489059448242,4.616501331329346
4522,PDHA1,"PDHA1, NDUFB6, RABGGTB, EBP, CS",0.006304926685987004,2.890059232711792,6,4,10.138382911682129,5.458506107330322
4523,CLASRP,"CLASRP, CSNK1G2, BANP, REXO4, GNG5",0.006826497358813172,2.6697304248809814,0,1,10.1115083694458,7.091993808746338
4524,ZC3H8,"ZC3H8, SCAF11, PDCD11, KLHL21, ATM",0.004745116647516265,3.908891201019287,0,9,9.123310089111328,5.767628192901611
4525,NT5C3A,"NT5C3A, BARD1, ITGAE, SKA2, CNIH4",0.00446080180706591,3.47451114654541,2,6,9.696974754333496,5.088948726654053
4526,SRPRB,"SRPRB, TRIM52, TMEM41A, TFDP1, EXOSC7",0.008345130765218688,3.3794827461242676,5,2,7.585877895355225,4.291809558868408
4527,GUSB,"GUSB, CEP57, CD2AP, SIL1, NUS1",0.004313742406832968,3.2704765796661377,61,8,11.279505729675293,5.9206223487854
4528,TM9SF1,"TM9SF1, AMFR, PDLIM7, TOR1AIP2, PHPT1",0.007224538135443668,2.4995503425598145,0,4,8.838629722595215,5.551982402801514
4529,PITHD1,"PITHD1, RPUSD3, ZNF830, PBK, RABL3",0.005225510688277209,3.5536048412323,17,6,10.35487174987793,5.137271404266357
4530,ZNF621,"ZNF621, GLT8D1, SUMO1, LNPEP, SP2",0.00775395197628226,3.1515610218048096,3,1,9.451333045959473,4.895262241363525
4531,JTB,"JTB, NDUFA5, NFXL1, HMG20A, PREB",0.004928450699806666,3.2799105644226074,18,6,7.7447028160095215,6.330394744873047
4532,RAB7A,"RAB7A, SEPTIN11, PSIP1, SAFB2, KTN1",0.0061108082776795206,3.3592255115509033,1,7,7.529811382293701,3.652204990386963
4533,MTHFS,"MTHFS, EIF5B, TSR3, USP12, DDT",0.00439413487896031,3.718174695968628,0,7,7.5894646644592285,6.350586414337158
4534,ACTR2,"ACTR2, CYCS, MRPS14, ACTR3, ROCK2",0.0023343228796975676,5.1930341720581055,20,3,9.162168502807617,6.163097858428955
4535,TALDO1,"TALDO1, CRELD2, TMEM170A, PLK1, RBM22",0.005709826313044365,3.4929139614105225,5,8,9.923091888427734,6.2565155029296875
4536,N4BP1,"N4BP1, SIAH2, CENPT, SENP5, FAM104A",0.006603947466460653,2.640172243118286,0,2,10.057676315307617,6.377501964569092
4537,ATP1B3,"ATP1B3, PSMA1, NDUFA12, NIPSNAP2, ROCK2",0.002560794356056298,3.7731080055236816,25,7,9.937480926513672,6.664827346801758
4538,TRA2B,"TRA2B, PET100, DNAJB6, CTBP1, PPP1R15B",0.007549049211957694,3.7210781574249268,17,8,9.480278015136719,3.1512794494628906
4539,SEC63,"SEC63, CIAPIN1, SPAG5, HGS, PGD",0.004375507354930803,3.4339423179626465,2,6,10.34229564666748,4.050211429595947
4540,CCDC32,"CCDC32, FBH1, TMEM267, KHDC4, TENT4A",0.009728469523409895,3.0834035873413086,0,4,10.316911697387695,7.1239914894104
4541,ZPR1,"ZPR1, DTD1, TMEM101, TSR1, NPM3",0.007300028627563245,3.1855247020721436,4,1,10.644232749938965,7.278787136077881
4542,RNASEK,"RNASEK, EIF5A, SPART, CENPW, SELENOW",0.005719630273059894,4.151285648345947,8,0,10.660346031188965,7.176182270050049
4543,RCC1,"RCC1, PRKAR2A, CNBP, PTOV1, ANP32E",0.005268648112345539,3.858207941055298,20,0,8.081961631774902,5.587796688079834
4544,RPL17,"RPL17, UNG, SINHCAF, LDHA, CANX",0.004401978046972733,4.303028106689453,3,3,7.310236930847168,4.893107891082764
4545,METTL3,"METTL3, DYNC1H1, RAB5A, BTN2A1, MBD6",0.006513751034317782,3.633838415145874,9,2,9.927428245544434,5.9554572105407715
4546,NFATC2IP,"NFATC2IP, RNF14, TPRKB, IFT20, WDFY1",0.006650026078533641,3.084582805633545,2,2,10.76272964477539,5.366708755493164
4547,BZW2,"BZW2, TMEM9, KXD1, PSMD8, IMPDH2",0.005045117823991466,2.834826707839966,3,9,9.667346000671387,5.725778579711914
4548,TUSC2,"TUSC2, ZNF286A, BET1, STARD3NL, SMG8",0.007700030196196848,3.173086643218994,0,1,9.922823905944824,3.5320980548858643
4549,WDR33,"WDR33, MRM3, PDRG1, TRIM13, RP9",0.007004929431095808,3.177215337753296,3,2,8.757204055786133,4.215043544769287
4550,PBK,"PBK, RNF14, MOB1A, SLC25A3, SDHA",0.005590218000854906,3.0053110122680664,0,2,9.173057556152344,7.217809200286865
4551,KAT8,"KAT8, HNRNPR, PHF3, PPWD1, ATP6V1G1",0.00832650324118918,2.8272809982299805,7,9,9.549694061279297,6.0384202003479
4552,SMIM20,"SMIM20, TMEM248, PIGL, MRPS28, CDC26",0.0051735497001949024,3.2042768001556396,0,2,8.35667896270752,6.091689109802246
4553,NT5C,"NT5C, POLE2, RNF26, CENPK, RFC4",0.006567672814403193,3.065176248550415,72,0,7.775252342224121,4.560687065124512
4554,EIF2B2,"EIF2B2, GGCT, ZMYM4, TRAPPC3, ACTN1",0.008480425413432994,2.695007085800171,2,0,8.977476119995117,4.3393731117248535
4555,STAG2,"STAG2, BPNT1, ABCB10, RPGRIP1L, AUP1",0.009255918650661376,2.5103001594543457,2,6,10.126141548156738,7.631360054016113
4556,PAK2,"PAK2, <SPECIAL>, TCEA1, PPME1, APLP2",0.00535884454448841,3.3812012672424316,8,8,9.639439582824707,2.6977345943450928
4557,NKAPD1,"NKAPD1, TRAM2, PIF1, MED17, GLMN",0.003950995886258377,3.7501442432403564,0,7,9.964300155639648,5.723423957824707
4558,UBP1,"UBP1, CCDC18, MANBAL, MIS12, PNPLA8",0.007207871403417269,2.5043387413024902,0,0,10.528059959411621,7.079129219055176
4559,SPTSSA,"SPTSSA, PGD, RSBN1, UIMC1, TSEN54",0.007034341311142397,2.663996458053589,1,1,10.192709922790527,5.979490756988525
4560,SNRPB,"SNRPB, PCM1, KTN1, NUP160, KMT2E",0.00230196981164632,6.497211933135986,0,8,11.282514572143555,6.3651123046875
4561,SRP19,"SRP19, PPIF, TK1, TPGS1, PEBP1",0.004897078027756971,3.639813184738159,5,0,10.415452003479004,3.9942426681518555
4562,<SPECIAL>,"<SPECIAL>, SNX3, HP1BP3, MRPL16, PCBP2",0.0050235491119573015,4.6832685470581055,0,3,9.378850936889648,4.199240684509277
4563,CIZ1,"CIZ1, IRAK1, ORAI2, TXLNA, AGGF1",0.0067059086506221595,2.7331292629241943,5,8,7.563661575317383,5.0852484703063965
4564,ICMT,"ICMT, APRT, MRPL11, CPSF2, MFAP1",0.005064725744022526,3.120082139968872,0,4,9.959413528442383,4.401332855224609
4565,PRDX6,"PRDX6, MAPK6, TSC22D2, METTL23, CLPP",0.005860807297283519,3.372310161590576,5,8,8.809614181518555,4.628252983093262
4566,SCAND1,"SCAND1, GOLGA4, PGM3, SF3B2, METAP1",0.007487284263859858,3.188654661178589,5,7,10.295191764831543,3.851156711578369
4567,ARPC1A,"ARPC1A, VCP, TSPAN3, NOC2L, RER1",0.00373236757791207,3.416226625442505,1,1,10.018906593322754,6.144177436828613
4568,OSBPL9,"OSBPL9, CHMP4A, TBCA, ATP5MF, ADRM1",0.006021592241538202,2.51497483253479,1,6,9.156847953796387,5.614070892333984
4569,HAT1,"HAT1, GMPPA, LACTB2, DHRS7B, RHOBTB3",0.004607861207298852,3.3077540397644043,0,7,11.243664741516113,6.053926944732666
4570,RALY,"RALY, TMEM59, ABHD14A, PMF1, ORMDL1",0.00727159714351821,2.8859760761260986,10,2,8.617745399475098,3.0824997425079346
4571,PPP1R14B,"PPP1R14B, SF3B3, RPA3, SYNCRIP, MORF4L2",0.0069245369589684665,3.6950666904449463,27,8,9.068358421325684,4.2416672706604
4572,AP2A1,"AP2A1, ACLY, RRP8, AURKAIP1, CYB5R1",0.006497084302291381,3.707078695297241,7,9,10.63477897644043,4.28645133972168
4573,COX7A2L,"COX7A2L, TMEM126B, KIN, MAD2L2, NIF3L1",0.0036166808497288226,3.869549512863159,14,1,9.095003128051758,6.527297496795654
4574,CEP57,"CEP57, CDK6, SLC29A1, TBC1D7, GALNT1",0.006570614002407852,2.557630777359009,40,8,8.96951961517334,3.5995187759399414
4575,PDIA4,"PDIA4, PRDX2, STMN1, COMT, TMEM141",0.007618657328067953,3.2270913124084473,26,8,9.712393760681152,5.204521656036377
4576,DHFR,"DHFR, NIPA2, COA6, ATG5, COPS7A",0.006588261130435806,3.141772508621216,25,7,9.388333320617676,5.519484996795654
4577,RAD21,"RAD21, KRT10, CWC15, PSMC4, MRPL43",0.009111800438433092,2.7292261123657227,0,0,8.166532516479492,5.6623687744140625
4578,ANAPC11,"ANAPC11, PSMA7, DYNC1I2, DDX46, ACOT8",0.002695108608269052,4.5895233154296875,1,3,6.881484508514404,5.548932075500488
4579,SMIM10L1,"SMIM10L1, PDIA6, SMIM26, RMND1, KNL1",0.0061127690696826265,2.926318407058716,5,1,11.807920455932617,4.280330657958984
4580,AHSA1,"AHSA1, ZKSCAN8, GCAT, TYW3, RMI2",0.004419625175000687,3.0698771476745605,1,4,9.686646461486816,4.318445682525635
4581,OXSR1,"OXSR1, RAB10, SLC39A4, ARMC1, SKA3",0.007043164875156373,2.986571788787842,0,4,11.653546333312988,6.336174488067627
4582,RNF20,"RNF20, ZNF706, TIMM50, KRR1, UBE2S",0.00968631249534312,3.10561466217041,5,1,8.753708839416504,6.265933036804199
4583,ZNF431,"ZNF431, DESI2, CTSC, THYN1, EIF4G1",0.007671598712151812,3.010014772415161,0,6,11.819719314575195,4.59175968170166
4584,C22ORF39,"C22ORF39, FKBP8, ATRAID, TMED3, CCDC77",0.005374530880513257,3.5612945556640625,0,1,7.7632365226745605,4.654116630554199
4585,NT5C,"NT5C, YWHAB, SNX15, PRELID1, MCM10",0.0051657065321824795,2.9144632816314697,10,8,8.233797073364258,6.208177089691162
4586,ISCU,"ISCU, PDLIM7, ATP1B3, TPM3, PSMC3",0.00654316291436437,3.299320697784424,1,8,9.182536125183105,5.48628044128418
4587,RWDD4,"RWDD4, HRAS, TIMM8A, ISCA2, HAGHL",0.007351989615645552,4.236983776092529,0,1,10.317729949951172,4.616753101348877
4588,HGH1,"HGH1, ZNF580, EIF4E2, LCMT1, SLBP",0.005944140957415519,2.9824070930480957,5,0,8.089896202087402,2.7134082317352295
4589,TXNRD1,"TXNRD1, PHF14, PRDX1, MICOS10, LSM6",0.005876493633308366,2.848954916000366,25,0,9.160785675048828,2.675828695297241
4590,IDH1,"IDH1, RAB4A, PRKCI, HGS, ZBED4",0.007958854740606825,2.756553888320923,3,1,10.692244529724121,5.131778717041016
4591,TMEM134,"TMEM134, POLE4, CZIB, LRRCC1, NT5DC1",0.005201981184239938,2.982220411300659,1,1,10.580815315246582,6.004771709442139
4592,LYPLA1,"LYPLA1, TTC19, EIF4A3, NGDN, TMUB1",0.005360805336491516,3.7462213039398193,4,6,7.598641872406006,6.632478713989258
4593,ANAPC1,"ANAPC1, MYNN, FBH1, FAM98C, DUS1L",0.00680590904278056,3.4544789791107178,0,2,8.994978904724121,7.558194637298584
4594,PDIA6,"PDIA6, OSTC, PHF14, NDUFC2, DEK",0.0075127745599002345,3.9114596843719482,4,3,8.02547836303711,3.0986649990081787
4595,MRPL42,"MRPL42, DCBLD2, NUP93, PRKCI, USP39",0.007104929823254209,2.869399070739746,0,9,11.794841766357422,5.724267959594727
4596,DLAT,"DLAT, WDR3, BANP, FNIP2, CABIN1",0.005147079008152973,3.497126340866089,1,6,8.378613471984863,5.501842498779297
4597,CDV3,"CDV3, GTF3C5, MAIP1, FAM32A, ZNF281",0.004699038035443276,3.8860630989074707,6,8,8.93371295928955,5.363248348236084
4598,ARL6IP4,"ARL6IP4, IQCB1, RPS19BP1, CNOT2, ELOVL5",0.0050235491119573015,3.760469675064087,1,1,8.71001148223877,6.717604160308838
4599,HIGD2A,"HIGD2A, NDUFA13, ATP5F1B, SNRPD3, HMGCS1",0.004056878654426096,3.5226922035217285,26,8,9.748581886291504,2.711672306060791
4600,RPL17,"RPL17, C22ORF39, DNAJA1, TPMT, LIN7C",0.0046441358593563116,4.162835597991943,4,3,9.880575180053711,5.321098327636719
4601,ZNF622,"ZNF622, METAP1, TCF3, FUNDC1, PPP5C",0.009103957270420668,2.7506065368652344,7,8,8.782556533813477,6.2386579513549805
4602,VPS35,"VPS35, GDE1, MAK16, EIF2B3, SLC35F6",0.0056068847328813055,3.5215659141540527,5,9,10.256771087646484,6.166686058044434
4603,NAP1L1,"NAP1L1, MRPS21, MRPL20, SLC35F6, RNF2",0.004199036074651273,3.3787529468536377,0,9,9.502629280090332,2.944307804107666
4604,CIP2A,"CIP2A, MAGEF1, CCND3, USP39, RNASEH2B",0.007733363660249648,3.279510498046875,7,6,10.124030113220215,3.5630125999450684
4605,DCXR,"DCXR, PABPN1, ATXN10, TXNDC17, DDX17",0.008400032941305651,2.895622968673706,0,8,10.206965446472168,5.578610897064209
4606,RAC3,"RAC3, TMEM203, AUP1, ZNF672, ZNF33B",0.008436307593363111,2.750453233718872,21,9,10.136775016784668,5.601154327392578
4607,KIF23,"KIF23, DDRGK1, TARDBP, TRIAP1, BORCS7",0.006381397574108134,3.2995357513427734,32,5,10.966279983520508,3.5936691761016846
4608,MCM7,"MCM7, CDK16, OSBPL9, SETD5, LSM14A",0.007266695163510445,3.16373348236084,0,8,8.959074974060059,7.128474235534668
4609,NDUFA11,"NDUFA11, LMNB2, NDUFA13, HSP90AB1, MBOAT7",0.002832364048486465,3.9316327571868896,0,3,7.215854644775391,3.920372247695923
4610,MAPK1IP1L,"MAPK1IP1L, GTPBP4, THOC3, ISCA1, TOMM22",0.009004937274263821,2.3936822414398193,8,5,8.652814865112305,4.394403457641602
4611,DRG1,"DRG1, XPNPEP3, ZFR, IMMT, TNPO2",0.008027482460715532,2.5575509071350098,0,2,10.696025848388672,3.3894357681274414
4612,PLCXD1,"PLCXD1, ZBED4, PHF13, DBT, STT3B",0.005997082341499378,3.0372049808502197,2,4,8.687212944030762,3.8733038902282715
4613,MRPS18A,"MRPS18A, ARL14EP, XIAP, COMMD5, TTC1",0.005672571264985353,3.364670991897583,2,1,8.640981674194336,6.388163089752197
4614,DDX18,"DDX18, PDIA3, MRPL11, CIAO2A, ANXA7",0.0055882572088518,2.7382171154022217,33,0,7.144735336303711,3.9445388317108154
4615,UQCR11,"UQCR11, DCXR, MTERF4, MRPL11, HSD17B12",0.006430417374185781,3.14933443069458,0,9,10.339884757995605,6.776325225830078
4616,MT-ND6,"MT-ND6, N6AMT1, MRPL30, XPO1, RNASEH2C",0.007020615767120655,3.074345827102661,1,1,9.82432746887207,6.142436504364014
4617,AGO2,"AGO2, ESS2, SRP68, SFT2D2, MAPK3",0.006845124882842678,2.7449686527252197,20,7,7.622355937957764,6.8022308349609375
4618,HNRNPA0,"HNRNPA0, NDUFA12, C19ORF53, MGA, ARIH2",0.005867670069294389,3.02502179145813,11,8,8.086813926696777,5.33669376373291
4619,GTF2B,"GTF2B, CD320, TMED2, SCNM1, LRRC41",0.006434338958191993,3.0265612602233887,1,2,10.53174114227295,5.424773693084717
4620,ICE2,"ICE2, CEP57, SS18L2, KMT2A, NDUFS1",0.00733826407162381,3.102226734161377,3,0,7.6087822914123535,5.326844692230225
4621,GNB2,"GNB2, ACTN4, POLE2, C4ORF48, HNRNPDL",0.006767673598719995,3.1489155292510986,5,5,7.917166233062744,3.288245439529419
4622,USP15,"USP15, GALNT1, FHL3, OPA1, ERV3-1",0.008125522060870827,2.706942558288574,9,1,8.695980072021484,2.982555627822876
4623,GTPBP3,"GTPBP3, TMEM11, PHAX, GTF2H2, DPAGT1",0.006887281910909455,2.794875383377075,0,4,10.677724838256836,6.840976238250732
4624,SAMM50,"SAMM50, PARL, CAMKK2, LRP6, ZFAND1",0.005911787889364272,2.868307590484619,1,1,8.779500961303711,6.254054546356201
4625,PRR13,"PRR13, NDUFA11, NDUFC2, EIF4B, MAGOHB",0.006309828665994769,3.3764309883117676,6,3,10.540786743164062,7.5275726318359375
4626,QDPR,"QDPR, C1ORF43, RBL1, APPL1, KMT2A",0.004916685947788031,3.1585633754730225,3,9,8.505521774291992,7.232336044311523
4627,C4ORF3,"C4ORF3, SNRPD3, GHITM, ERP29, BNIP3L",0.006223553817858109,3.1233954429626465,3,3,10.842367172241211,6.692561626434326
4628,SEM1,"SEM1, ZMAT3, PSMA7, JPT1, PWWP3A",0.007493166639869176,2.6840240955352783,0,3,10.210047721862793,5.568424701690674
4629,PSMA6,"PSMA6, BCAP31, ENSA, NAP1L4, SNRPG",0.004604920019294193,3.1082208156585693,0,6,9.532340049743652,3.579037666320801
4630,PAPOLA,"PAPOLA, HINT1, NUDT21, CNOT7, NDUFS8",0.006162769265761827,2.684500217437744,8,8,7.594305992126465,5.153221607208252
4631,GRAMD1A,"GRAMD1A, CMSS1, HOOK2, TMEM14C, SF3A2",0.006764732410715336,3.0087592601776123,1,9,9.264406204223633,4.16975212097168
4632,DCAF13,"DCAF13, MRPS14, TIMM23, LSM12, CDK1",0.004281389338781721,3.5301311016082764,21,2,8.95682144165039,3.1501479148864746
4633,GDF11,"GDF11, CCDC12, ALAS1, GPATCH1, DPP8",0.007706892968207719,3.3198182582855225,0,5,11.159930229187012,4.028515338897705
4634,DMAC1,"DMAC1, PGD, SMAP1, SLC39A10, FLNB",0.006461790046235476,2.2640740871429443,0,0,8.682432174682617,7.02025032043457
4635,TBL1XR1,"TBL1XR1, AP1M1, NFATC2IP, OSBPL8, SPG7",0.005434335036607987,2.922785520553589,7,3,10.534865379333496,4.796249866485596
4636,RRP9,"RRP9, ZNF574, PIGC, VKORC1L1, ARPC4",0.0070627727951874325,3.7188944816589355,3,7,11.258305549621582,4.945656776428223
4637,NUDT5,"NUDT5, COPS4, NTAN1, KANSL2, ING1",0.005495119588704269,3.0052976608276367,0,0,7.326051712036133,5.613954544067383
4638,MTG1,"MTG1, PUS7L, UBL5, POGK, PUS7",0.004684332095419982,2.9085686206817627,0,5,11.365945816040039,3.6742911338806152
4639,GSTO1,"GSTO1, JTB, EIF3A, SEPTIN6, RPL17",0.00585786610927886,2.846142053604126,6,3,10.072945594787598,2.668903350830078
4640,KLHL21,"KLHL21, RPUSD1, YTHDF1, TENT4A, LRWD1",0.006493162718285169,3.0376029014587402,0,4,8.55099105834961,6.937262058258057
4641,NEPRO,"NEPRO, IDE, PXMP2, ZSWIM8, STK19",0.007063753191188985,3.9693689346313477,0,9,10.894899368286133,5.711109161376953
4642,DDX39B,"DDX39B, EEF1G, DBNDD2, SOD1, ADSL",0.004340213098874898,4.470420837402344,2,3,7.604896068572998,5.671096324920654
4643,FARSB,"FARSB, POLR2J, MED8, CDIPT, DCAF16",0.006728457758657877,2.6398026943206787,4,7,9.07105541229248,5.6538286209106445
4644,CDK11B,"CDK11B, TMED10, CBX6, RHOBTB3, LASP1",0.007002968639092702,2.5810163021087646,5,6,10.82437515258789,4.261063098907471
4645,ECHDC1,"ECHDC1, ALG5, ZNF268, GLRX2, CHML",0.005885317197322343,3.4929423332214355,4,4,7.521451950073242,3.8523056507110596
4646,<SPECIAL>,"<SPECIAL>, UGCG, GSPT1, MIEN1, AK6",0.006105906297671756,4.250223636627197,9,6,9.714897155761719,5.408581733703613
4647,ELOC,"ELOC, RPF1, SUMO1, CSNK2A1, SUN1",0.003480405805512963,3.8201539516448975,0,9,10.909432411193848,3.283597230911255
4648,GNB2,"GNB2, NAP1L1, SMC4, DHX36, TNPO1",0.00533237385244648,2.9821276664733887,5,3,9.879899024963379,4.474766254425049
4649,ORC4,"ORC4, HEATR1, ST13, CDC16, MRPS31",0.005402962364558292,2.509889602661133,12,4,8.070743560791016,7.081856727600098
4650,MPST,"MPST, TBCA, SSBP1, PUS7, OARD1",0.006319632626010298,3.225787878036499,0,6,11.165023803710938,6.17397928237915
4651,GUK1,"GUK1, RNASEH2C, AP3S1, ATP5PF, FIBP",0.004774528527562853,2.905667781829834,3,9,8.696561813354492,7.294275283813477
4652,DSCC1,"DSCC1, CAPN10, NCAPD3, PACC1, NELFE",0.006929438938976231,2.4983949661254883,14,5,8.823748588562012,4.403341293334961
4653,GOLGA2,"GOLGA2, BZW1, PICALM, TRIP11, DCBLD2",0.005908846701359613,3.2496819496154785,3,0,7.153183937072754,4.090737342834473
4654,LDLR,"LDLR, ZNF281, SNRNP70, CDT1, UBL4A",0.008919642822128714,2.9689245223999023,0,2,11.580621719360352,4.741235733032227
4655,CELF1,"CELF1, RAB1A, ATP6V0C, FADD, ATAD5",0.006660810434550724,2.88459849357605,16,4,11.049837112426758,4.375687122344971
4656,L3MBTL2,"L3MBTL2, KIF20B, CDC26, PLEKHF2, APRT",0.005363746524496175,3.6914682388305664,43,2,10.472003936767578,4.232419490814209
4657,SPCS1,"SPCS1, SLC35F2, BANP, PDCD5, CSNK2A1",0.004182369342624873,3.9088938236236572,31,8,8.532139778137207,3.0916483402252197
4658,PRKCSH,"PRKCSH, BCL2L1, CPT2, EIF4E, PDHB",0.0050872748520582435,3.3113768100738525,9,6,10.399136543273926,5.8341569900512695
4659,TMPO,"TMPO, DDX19A, TANGO2, STX17, VPS16",0.009102976874419116,2.847416877746582,0,7,9.306340217590332,6.452629089355469
4660,DGCR6L,"DGCR6L, SMARCC2, RNF4, POLE3, NMT1",0.005201981184239938,3.4802794456481934,14,0,7.703932285308838,5.6729841232299805
4661,RNF170,"RNF170, TJAP1, SMARCD2, CMTM6, RNF6",0.007346107239636234,2.6850743293762207,0,7,8.84924602508545,6.188514709472656
4662,C1ORF35,"C1ORF35, MED28, ARF1, DDX21, PIGF",0.004304918842818991,3.338347911834717,2,0,8.61301326751709,7.262359619140625
4663,RITA1,"RITA1, NCAPH2, RBBP6, COX7A2L, SPATA33",0.005636296612927894,3.51432466506958,8,4,7.097767353057861,4.4352922439575195
4664,OAZ2,"OAZ2, NOL4L, ARFRP1, PEX26, SLC25A26",0.008106894536841321,2.509625196456909,0,1,8.40340518951416,6.061866760253906
4665,BOLA2,"BOLA2, CHCHD3, ETFA, NDUFS2, LARP1B",0.007701990988199954,4.060853958129883,7,8,9.651652336120605,7.389815330505371
4666,DNAJB6,"DNAJB6, CHORDC1, RANGAP1, STARD7, MOB4",0.007827481676398731,3.5536000728607178,37,6,8.799993515014648,3.855642080307007
4667,TSR3,"TSR3, PCYT2, PIGP, HMGXB4, PEX2",0.00907160420236942,3.107480525970459,33,9,9.350488662719727,4.098106861114502
4668,RRM2,"RRM2, LSM7, FLAD1, CNOT11, LAS1L",0.003977466578300307,3.9171438217163086,18,6,11.289738655090332,5.680850028991699
4669,PDCL,"PDCL, SF3B5, COMMD9, DCTN3, FAM32A",0.0034088368973995975,4.098782539367676,14,1,10.977591514587402,5.051833629608154
4670,CCT3,"CCT3, NDUFAB1, GPN1, SNIP1, GRWD1",0.004545115863199464,3.6291427612304688,0,7,9.074783325195312,3.9852869510650635
4671,PCMT1,"PCMT1, NDUFB5, YARS2, PCGF2, ABHD10",0.006891203494915666,2.880685329437256,3,4,9.998295783996582,3.413151979446411
4672,ARL2,"ARL2, PRDX2, IPO7, SMARCC1, ACOT13",0.005267667716343986,3.068699598312378,5,0,8.641953468322754,6.896328926086426
4673,CCNB1IP1,"CCNB1IP1, MIA3, POLR1A, CEBPZOS, AATF",0.007554931587967012,3.3635809421539307,5,4,9.589548110961914,6.841795921325684
4674,ATF7,"ATF7, ITGAE, VKORC1, RAD21, ACAA2",0.006322573814014957,2.6593017578125,2,8,9.63674259185791,3.3803791999816895
4675,AGO2,"AGO2, NR2F6, CHCHD1, FDX1, TFB1M",0.007552970795963906,2.6123318672180176,4,2,9.523123741149902,3.749901294708252
4676,DNPEP,"DNPEP, TRAPPC2, SDHD, HCFC1, KANSL3",0.01245102921972243,2.5881781578063965,0,2,10.697210311889648,6.92501974105835
4677,AAMP,"AAMP, JPT1, EIF4A1, TLN1, PWP1",0.005720610669061447,3.1754374504089355,8,0,10.063199996948242,5.642533779144287
4678,RAD54L2,"RAD54L2, SEC22C, NUDC, ARFGAP1, FLCN",0.009292193302718835,2.4348342418670654,0,4,11.289430618286133,4.770514011383057
4679,SNU13,"SNU13, MDH2, NLE1, PSMB6, ATP5F1D",0.0028411876125004412,3.5856642723083496,0,7,9.151166915893555,2.779031276702881
4680,ATP5IF1,"ATP5IF1, SLC25A5, PSME2, NME2, YIPF6",0.005260804944333115,3.2155141830444336,2,3,8.541422843933105,4.217670917510986
4681,PUF60,"PUF60, CDCA2, RPN1, MTOR, COX7A2L",0.00702551774712842,3.02341628074646,10,1,9.391408920288086,4.607246398925781
4682,ZNF622,"ZNF622, UBE2V1, TSFM, NEDD8, IFNAR2",0.006801007062772795,3.3924200534820557,1,8,11.410151481628418,4.819257736206055
4683,NUSAP1,"NUSAP1, DKC1, METTL5, DAXX, COX17",0.004090212118478896,3.7860496044158936,3,8,11.16272258758545,3.270236015319824
4684,KIFC1,"KIFC1, LDHA, ZNF706, FKBP1A, PBK",0.005567668892819188,3.8367502689361572,0,3,6.8156890869140625,4.6148786544799805
4685,OSBPL8,"OSBPL8, PPIP5K2, PRR14L, PATL1, LIG1",0.008241208789054075,2.2893521785736084,9,0,8.632872581481934,4.487056732177734
4686,COPS6,"COPS6, TXNL1, YEATS4, RIC8A, UCK1",0.007342185655630022,2.7025346755981445,18,8,8.437882423400879,3.5713391304016113
4687,COX5A,"COX5A, RSL1D1, HNRNPA0, LARP1B, CRYZ",0.004670606551398241,3.624997854232788,0,6,7.64036750793457,5.370553970336914
4688,C11ORF58,"C11ORF58, RNF10, MRPS35, FBXL4, RBM8A",0.008881407378068149,3.606583833694458,0,6,7.2568864822387695,5.056029319763184
4689,GORASP2,"GORASP2, C5ORF24, SERTAD2, FEN1, POLRMT",0.0063333581700320395,4.388331413269043,13,1,8.406559944152832,6.615269660949707
4690,CALM3,"CALM3, GTF2I, MECP2, ATP6V1E1, AIDA",0.0057559049251173534,2.6756932735443115,7,9,9.59279727935791,3.2725131511688232
4691,SCAF4,"SCAF4, BCOR, TBK1, UBXN7, CPOX",0.004086290534472684,4.5859856605529785,2,9,7.832897186279297,6.600559711456299
4692,VRK1,"VRK1, BRCA2, PGP, KDM5B, DBF4",0.007255910807493363,2.8264870643615723,18,1,10.847464561462402,5.699735641479492
4693,TMEM50A,"TMEM50A, DR1, APEX2, PRR14L, SELENOT",0.0056029631488750935,3.5645370483398438,0,8,8.977620124816895,6.7613396644592285
4694,ZMYND19,"ZMYND19, PPM1G, TRIM37, TBL2, PIK3R4",0.006432378166188887,2.767592191696167,11,0,10.308082580566406,7.501145362854004
4695,SPCS1,"SPCS1, DHX36, C14ORF119, CSNK2A1, SEC62",0.006963752799030584,2.5180954933166504,0,3,8.917236328125,6.307696342468262
4696,TAX1BP1,"TAX1BP1, DDT, DNAJB12, DHCR24, SUPT5H",0.0074363036717791054,3.4238107204437256,2,7,8.891446113586426,5.701105117797852
4697,PRPF4,"PRPF4, NT5C3B, TIMM10B, USP47, SUPT5H",0.0064833587582696405,3.337951898574829,17,7,9.841439247131348,2.8259356021881104
4698,HMGB1,"HMGB1, PPIH, PWP1, EXOSC2, RNF24",0.004466684183075228,4.423825263977051,0,5,11.269644737243652,5.557588577270508
4699,PAF1,"PAF1, GABARAPL2, TSG101, TALDO1, DCAF8",0.00866866144573116,2.4619345664978027,1,8,10.445854187011719,5.116723537445068
4700,CENPF,"CENPF, SF3B1, LEPROTL1, TIMM23B, PARG",0.0050960984160722195,3.674591302871704,1,5,8.503812789916992,4.72147798538208
4701,NUP98,"NUP98, DGUOK, WAPL, SP3, ARHGEF2",0.006001984321507143,3.0625579357147217,7,5,7.108144283294678,4.960522651672363
4702,ABRACL,"ABRACL, NCOA4, PPHLN1, DTL, LRR1",0.008187287008968662,2.5207159519195557,3,4,10.979013442993164,7.006339073181152
4703,VRK3,"VRK3, STK25, EIF2AK4, TMEM138, IFT57",0.005295118804387468,2.6531314849853516,4,1,9.454480171203613,3.9588325023651123
4704,NDUFB1,"NDUFB1, NDUFA13, VTI1B, RNASEH2C, NDUFB9",0.004864724959705725,4.249673843383789,6,6,7.824936389923096,6.073459625244141
4705,ZNF431,"ZNF431, MOB4, SELENOS, CTU1, ARF3",0.008982388166228103,3.913883686065674,33,5,9.624974250793457,5.481310844421387
4706,POLD2,"POLD2, HPRT1, SFSWAP, SCNM1, MLST8",0.006438260542198205,3.055839776992798,6,0,7.4853196144104,5.933254718780518
4707,MICOS10,"MICOS10, CHURC1, PPP1R2, ABI1, PCNT",0.00600100392550559,3.0353310108184814,3,5,9.564349174499512,5.5878190994262695
4708,UQCRC1,"UQCRC1, MYSM1, ZNF639, SREBF1, TMED8",0.007991207808658073,2.7476515769958496,3,7,9.70933723449707,5.695982456207275
4709,ACOT7,"ACOT7, AZI2, SPTLC1, NDUFC1, MPHOSPH6",0.0077274812842403305,2.7135331630706787,10,7,10.091517448425293,2.9868123531341553
4710,SLC35A4,"SLC35A4, METAP1, RPUSD4, PARPBP, PRCC",0.00928729132271107,2.796421766281128,0,4,8.130182266235352,7.447143077850342
4711,HARS2,"HARS2, CLP1, HJURP, NCAPH2, BCS1L",0.008127482852873933,2.359281539916992,0,4,9.03381633758545,6.441628932952881
4712,GTF2B,"GTF2B, DUSP12, COQ7, RSL24D1, EIF2S3",0.004261781418750662,3.829155445098877,0,9,8.671225547790527,4.854427814483643
4713,ARL6IP4,"ARL6IP4, CHID1, CHAC2, SPAG5, MINDY2",0.007176498731367574,2.9458868503570557,9,0,11.662184715270996,4.247018337249756
4714,RNASEH2C,"RNASEH2C, ZNF579, NDUFS3, ZNF268, NDUFA1",0.0035009941215455747,4.178433418273926,25,8,10.048730850219727,6.772680282592773
4715,PPIF,"PPIF, MSRB1, BIRC5, SNRPC, HSD17B11",0.00970984199938039,2.641921043395996,41,2,8.52579402923584,5.147079944610596
4716,SAE1,"SAE1, METTL21A, FAM168B, PPP1CA, RAB10",0.00745787238381327,3.793466567993164,6,5,8.379590034484863,4.741917133331299
4717,CNPY2,"CNPY2, PDIA4, TMEM101, RNF168, NUCB1",0.005847081753261777,4.072170734405518,2,8,10.759086608886719,5.817712783813477
4718,RBM26,"RBM26, SDHAF1, PMVK, EGLN1, TMEM192",0.004694136055435512,2.9745030403137207,0,9,8.38551139831543,6.0344672203063965
4719,PTGES3,"PTGES3, THOP1, NUBP2, DPCD, MAIP1",0.005401981968556739,3.0067214965820312,2,4,9.491608619689941,7.548570156097412
4720,EXOSC5,"EXOSC5, SLC25A4, AKT1, SCARB1, NOL4L",0.006126494613704367,3.3060462474823,19,7,11.101140022277832,5.501489639282227
4721,LAMTOR4,"LAMTOR4, NEDD8, PHACTR4, LRRFIP1, ATRX",0.006540221726359711,3.2926084995269775,5,3,10.595220565795898,4.795675277709961
4722,MRPL41,"MRPL41, CYCS, PDHA1, C15ORF61, COX8A",0.007429440899768235,2.66536808013916,2,2,8.03341007232666,5.206325054168701
4723,BCOR,"BCOR, EIF3A, PTP4A2, BUB3, KIF22",0.0033421699692939974,3.505051374435425,1,9,9.356416702270508,5.8118157386779785
4724,NONO,"NONO, STAU1, TCP1, NDUFAF8, RAB9A",0.006916693790956043,3.1010093688964844,5,8,9.652983665466309,3.2770752906799316
4725,WDR48,"WDR48, SLTM, NSRP1, TOX4, SENP2",0.007270616747516657,2.7500483989715576,10,0,8.558804512023926,6.424212455749512
4726,RPS6KB2,"RPS6KB2, MRPL9, ZYG11B, RAF1, ZNF326",0.005958846897438814,3.071155309677124,29,8,7.948430061340332,5.347145080566406
4727,ESCO1,"ESCO1, PRRC2C, PMPCB, KTN1, ZNF326",0.006677477166577124,3.2062532901763916,4,9,10.14703369140625,2.992966651916504
4728,METTL26,"METTL26, RBM7, ACTL6A, MTREX, ERLEC1",0.005030411883968172,3.200643539428711,0,0,10.094144821166992,5.970976829528809
4729,DLGAP5,"DLGAP5, IGF2BP3, PRELID3B, SRPK1, NDFIP2",0.006950027255008843,3.298072099685669,16,6,8.2698974609375,6.248016834259033
4730,WDR5,"WDR5, SETD1A, CCNG1, MBD3, YY1",0.008250032353068051,2.1948447227478027,2,8,9.839821815490723,7.581236362457275
4731,RRP15,"RRP15, ADAL, TGS1, TMA16, CMTM6",0.004124525978533249,4.481237888336182,2,7,9.912701606750488,2.981313943862915
4732,G3BP1,"G3BP1, SLC25A44, CHPT1, TBC1D4, RC3H1",0.006898066266926537,3.884582757949829,2,1,8.885978698730469,5.2935380935668945
4733,GALNT1,"GALNT1, PPP2R2D, EPN1, TOP2B, CACYBP",0.0055294334487586225,3.213479995727539,14,1,10.024998664855957,5.362954139709473
4734,VPS26A,"VPS26A, ELOF1, SUGT1, URM1, PAFAH1B2",0.004956882183851701,3.157133102416992,4,1,8.468999862670898,4.741368293762207
4735,ELOC,"ELOC, EXOSC9, RBIS, PSMG1, LYRM1",0.005796101161181024,3.162182569503784,8,9,8.023849487304688,5.808453559875488
4736,EMC4,"EMC4, TXN2, TCEA1, SRSF4, TMEM183A",0.004857862187694854,3.3610329627990723,1,0,9.593379974365234,6.720725059509277
4737,KCTD13,"KCTD13, PSMD5, ADSL, GPS1, NDUFS7",0.005909827097361166,3.9076054096221924,2,0,7.654895305633545,4.0857415199279785
4738,NCBP3,"NCBP3, MRPL1, UCKL1, MCRS1, CEP95",0.008893172130086785,2.9666588306427,6,1,7.204845428466797,4.74242639541626
4739,API5,"API5, MRPL22, TGOLN2, CLUAP1, ASCC2",0.00724512645147628,2.982987403869629,3,0,10.077701568603516,4.226420879364014
4740,FBRSL1,"FBRSL1, ALDH16A1, DYNLL2, TNFAIP8L1, PSENEN",0.0060372785775630496,2.4946682453155518,0,2,10.116056442260742,3.011948347091675
4741,QRSL1,"QRSL1, TMEM106C, RNPS1, USP5, PGAM5",0.006379436782105028,3.172109603881836,0,4,7.252296447753906,4.395772457122803
4742,SMYD2,"SMYD2, UBE4A, DHX30, AGAP3, LATS1",0.007482382283852094,2.2501015663146973,2,1,9.263853073120117,3.6378045082092285
4743,AKAP8L,"AKAP8L, UBN2, CRLS1, TOR1AIP2, DDX50",0.006463750838238582,3.1396429538726807,2,1,9.721186637878418,7.59531831741333
4744,PAFAH1B3,"PAFAH1B3, ANGEL2, G6PC3, PAK4, NUDT2",0.0074412056517868695,2.635167360305786,21,7,10.665716171264648,7.227558612823486
4745,WDR5,"WDR5, NDUFC2, KPNA4, THUMPD3, NOL12",0.0061117886736810735,3.205575704574585,1,9,7.1841044425964355,3.5875375270843506
4746,TMED3,"TMED3, PPA1, PUSL1, SAP18, MTRF1L",0.007910815336530732,2.6689703464508057,0,6,11.7675142288208,6.220822811126709
4747,STUB1,"STUB1, RNASEH1, BZW1, COPB2, G3BP2",0.0039911921223220485,3.948791742324829,0,5,9.12126636505127,5.513169288635254
4748,LSM5,"LSM5, UXT, PTBP1, C1D, EIF2S3",0.005123549504115702,3.4832258224487305,11,8,10.375639915466309,4.755825996398926
4749,HNRNPDL,"HNRNPDL, NOP16, NRBF2, TMEM192, POLB",0.004036290338393484,4.848607063293457,3,1,9.831665992736816,3.9695234298706055
4750,HINT2,"HINT2, PCBD2, BET1L, PTMS, VMA21",0.005380413256522575,2.8900699615478516,0,0,8.25992488861084,2.9405345916748047
4751,RPL17,"RPL17, DRAP1, RWDD3, HSBP1, SARNP",0.005765708885132883,3.6932361125946045,0,3,11.44086742401123,4.291959285736084
4752,PPP2R2A,"PPP2R2A, METTL8, PDAP1, FBXO22, OARD1",0.007601990596041553,2.2650294303894043,2,8,10.689910888671875,3.8789687156677246
4753,NDUFA6,"NDUFA6, PTS, PNP, HSD17B10, CEP250",0.004227467558696308,3.09108829498291,3,9,8.36880874633789,6.5764946937561035
4754,DYNC1H1,"DYNC1H1, C11ORF54, SARS2, BMS1, MZT2B",0.004029427566382613,3.395872116088867,8,2,10.689780235290527,4.693032264709473
4755,AAMP,"AAMP, GPN1, ATL2, MEAF6, LRRC57",0.006577476774418723,3.410360097885132,2,9,10.793122291564941,4.098126411437988
4756,GLT8D1,"GLT8D1, TMEM230, SIKE1, MMADHC, TIMM23",0.005668649680979141,2.5897302627563477,0,4,8.404281616210938,4.169347763061523
4757,NUTF2,"NUTF2, TTL, EIF2D, CNOT8, HELLS",0.003553935505629434,3.511276960372925,4,8,7.906578540802002,3.8000149726867676
4758,AIMP2,"AIMP2, CENPV, NFU1, FAH, TRMU",0.006801987458774348,2.8776559829711914,0,6,10.209821701049805,6.163252830505371
4759,CNOT7,"CNOT7, TOMM5, SNX15, CLP1, TIAL1",0.006514731430319334,2.9339256286621094,9,8,11.09675407409668,7.089092254638672
4760,SEPHS2,"SEPHS2, TELO2, PSMD3, RBMX, AGGF1",0.005184334056211985,3.183896780014038,2,6,7.87855863571167,4.731470108032227
4761,PPFIA1,"PPFIA1, PRPF3, CKS2, ATP6V1B2, PPP1R18",0.009584351311181613,2.4386191368103027,0,6,9.537483215332031,4.217731475830078
4762,FBXW5,"FBXW5, CARHSP1, TSEN54, SMC1A, CISD3",0.004958842975854807,3.8978683948516846,9,0,7.262495040893555,5.706251621246338
4763,POLR2J,"POLR2J, GADD45A, SUPT7L, TXN, KDELR2",0.004703940015451041,3.6087934970855713,5,9,10.217864036560059,4.777190208435059
4764,POLD1,"POLD1, TPP2, SNUPN, PFDN6, AARSD1",0.006789242310754159,3.1416661739349365,2,4,11.247598648071289,3.717095136642456
4765,IFNAR2,"IFNAR2, PARL, SETD5, EGLN2, TRMT2A",0.005544139388781916,3.005178689956665,1,1,7.454634666442871,5.909766674041748
4766,PGAM1,"PGAM1, CSDE1, GRB2, OAT, TSPAN13",0.005877474029309919,3.140385627746582,6,0,8.820211410522461,5.087246417999268
4767,COPS6,"COPS6, OIP5, CYC1, ANP32E, SNRNP70",0.0049460978278346186,3.185187578201294,9,4,9.67587661743164,7.089298725128174
4768,ARF1,"ARF1, PTMS, HSBP1, ANAPC11, NDUFB10",0.008205914532998168,3.2566299438476562,1,3,10.587733268737793,2.781524896621704
4769,THUMPD1,"THUMPD1, THAP7, LAMTOR2, ZNF33A, TOR1AIP2",0.008548072737540147,3.472789764404297,4,1,7.613135814666748,4.405740261077881
4770,ERAL1,"ERAL1, EXOSC8, HYOU1, MANEA, DDX21",0.006637280930513453,3.2520787715911865,16,5,9.045499801635742,5.470801830291748
4771,<SPECIAL>,"<SPECIAL>, PTMS, EIF5A, ATP6V0B, PRDX2",0.007598069012035341,4.014199733734131,2,3,10.553631782531738,2.7821922302246094
4772,HDGFL2,"HDGFL2, SNX8, TRMT61A, CPSF3, DDX55",0.007936305632571108,2.865509271621704,0,2,10.918795585632324,5.334737300872803
4773,NDUFB10,"NDUFB10, MYC, NASP, RTRAF, NAMPT",0.0040000156863360245,4.756308555603027,16,3,11.4174222946167,6.025082111358643
4774,HSPE1,"HSPE1, SUPT7L, MAP3K11, HGH1, LAP3",0.005572570872826952,3.3707902431488037,5,6,10.54836654663086,2.902935743331909
4775,URM1,"URM1, RFC3, NDUFB1, COPE, COX7A2L",0.008062776716771438,2.6490328311920166,20,0,8.918584823608398,3.466243028640747
4776,AIDA,"AIDA, NDUFS8, TLK1, POLR1C, JMJD8",0.005500021568712034,4.000446796417236,4,5,8.142878532409668,4.502382755279541
4777,DCAF15,"DCAF15, SSR3, FAH, NTHL1, CDK16",0.005084333664053585,3.504408359527588,0,7,10.569180488586426,5.942682266235352
4778,SLC25A3,"SLC25A3, SEC11A, NOL11, SLC39A1, RABIF",0.0050951180200706665,4.0157270431518555,1,3,6.8717193603515625,5.84028959274292
4779,RFK,"RFK, SCCPDH, GRB2, ELOA, DCBLD2",0.006158847681755615,3.2581357955932617,5,7,9.733611106872559,3.2919681072235107
4780,PGD,"PGD, STARD3NL, NELFCD, DHCR24, COQ4",0.004607861207298852,3.7377007007598877,15,6,7.655251502990723,4.850862503051758
4781,CSNK1A1,"CSNK1A1, SPNS1, DNAJC7, BCAP29, MLX",0.005650022156949635,2.947038412094116,0,5,8.577098846435547,4.686745643615723
4782,NDUFB4,"NDUFB4, SNF8, HAUS1, PEPD, VPS36",0.00688924270291256,3.1625561714172363,12,0,10.552502632141113,6.999756336212158
4783,TNIP2,"TNIP2, CRK, SMARCD1, UBTF, ZBTB11",0.007094145467237126,2.575263023376465,9,9,9.146466255187988,5.349846363067627
4784,EIF4EBP2,"EIF4EBP2, TERF1, RAB10, MVB12A, CLTC",0.007034341311142397,3.4359922409057617,7,1,11.006123542785645,3.735311985015869
4785,COMTD1,"COMTD1, LARP4B, SMAGP, ZCCHC10, PIK3CB",0.006042180557570814,3.0489156246185303,0,6,8.565829277038574,6.6843647956848145
4786,STRAP,"STRAP, MAPRE1, RB1, PUM1, ZNF562",0.007261793183502681,3.5782663822174072,13,0,8.697019577026367,6.6616597175598145
4787,METTL5,"METTL5, ZC3H15, C1ORF131, MKI67, COMMD5",0.006671594790567806,3.411325693130493,11,1,10.767736434936523,5.5671563148498535
4788,HMGB3,"HMGB3, ANP32A, NME1, APEX1, SBDS",0.003960799846273907,3.889437675476074,3,8,8.37132453918457,5.073835372924805
4789,DEF8,"DEF8, USP7, STAM, CSE1L, SNX4",0.007299048231561692,3.3672542572021484,0,7,9.850618362426758,4.128660202026367
4790,HMGB1,"HMGB1, NPM1, RPL22, HNRNPA2B1, EEF2",0.009739253879426979,3.4099109172821045,0,3,10.16307544708252,4.8830389976501465
4791,DDX6,"DDX6, EIF2S3, YAF2, USP22, ADAT1",0.007270616747516657,2.426693916320801,0,9,10.691230773925781,6.4557390213012695
4792,UBE2D2,"UBE2D2, DUSP11, FEM1A, MIER1, SART1",0.009818665955552766,2.9746580123901367,4,6,11.306143760681152,4.759436130523682
4793,RPL17,"RPL17, SSR3, EEF1G, MYC, POLR2G",0.005591198396856459,3.145723581314087,30,3,8.879326820373535,3.0054008960723877
4794,SKP1,"SKP1, SEC23B, SINHCAF, SUMO2, SNX17",0.007476499907842776,2.896131753921509,0,3,7.513062953948975,6.736225128173828
4795,ZNHIT6,"ZNHIT6, RWDD4, PPP1R11, MCM2, SAV1",0.007299048231561692,2.6208605766296387,2,1,10.441264152526855,4.775784969329834
4796,STMN1,"STMN1, CAP1, FAM168B, RNF31, SSR3",0.004819626743634289,4.169595718383789,2,6,8.711555480957031,7.049090385437012
4797,NOP2,"NOP2, EGLN2, PTRH2, NUDT16L1, RBBP4",0.00806669830077765,3.3277533054351807,3,1,7.203187942504883,6.565053462982178
4798,RNF31,"RNF31, GNPTG, TMEM160, REEP5, MRPL24",0.00774414801626673,2.9172427654266357,12,6,9.496397972106934,5.089111804962158
4799,PTOV1,"PTOV1, MSMO1, ARPC5L, CRELD2, CEP70",0.008079443448797838,2.48567533493042,0,1,10.220417976379395,6.098815441131592
4800,SNX15,"SNX15, UBE2F, DTWD1, BLOC1S4, TIAL1",0.011199063525739317,2.9749979972839355,0,6,9.885037422180176,3.6707255840301514
4801,NR2C1,"NR2C1, BANF1, ZFP91, ATG5, BCCIP",0.0059745332334636605,3.482999324798584,6,5,6.970360279083252,5.8600873947143555
4802,NAP1L1,"NAP1L1, MAPK12, CENPS, CTDNEP1, EIF3F",0.0067010066706143945,3.5093345642089844,1,1,11.714896202087402,4.2238969802856445
4803,CRLS1,"CRLS1, APTX, SMAP2, RNF169, EPS15",0.009806901203534132,2.6130638122558594,0,9,10.291666984558105,6.127166748046875
4804,GTF3C1,"GTF3C1, LYAR, MECP2, NDUFA5, ETF1",0.005116686732104832,3.527489185333252,5,1,10.270390510559082,7.135964870452881
4805,MRPL48,"MRPL48, TUBA1B, SEPHS1, DTNBP1, EEF1E1",0.0045774689312507106,3.045694589614868,3,2,9.74390983581543,3.4332008361816406
4806,ZFPL1,"ZFPL1, NUP42, HDHD2, SEPTIN8, VPS16",0.006164730057764933,2.962466239929199,0,6,10.231959342956543,6.184595108032227
4807,COX7A2L,"COX7A2L, GAR1, ZNF330, NOM1, C12ORF43",0.00618041639378978,2.8295319080352783,1,2,9.790849685668945,4.021975517272949
4808,NUP42,"NUP42, ROCK2, PTP4A2, ACYP1, FAM120A",0.006582378754426488,3.08829665184021,5,8,8.368687629699707,5.242274284362793
4809,ZFPL1,"ZFPL1, EXOSC10, AKT1S1, RANBP3, SGTB",0.007836305240412707,2.7668216228485107,0,7,10.107232093811035,6.469468116760254
4810,RAD1,"RAD1, ARL17A, PSMD5, OTUD4, TIMM23",0.0048049208036109944,4.029941082000732,0,4,10.67609977722168,6.322132587432861
4811,NDUFA13,"NDUFA13, PBK, UPF3B, DYNC1LI1, PKM",0.006591202318440464,2.9619719982147217,0,1,8.523428916931152,5.367916107177734
4812,CRIPT,"CRIPT, MTDH, SMC3, C5ORF24, TMEM183A",0.007962776324613037,2.8228800296783447,0,0,9.51043701171875,7.1622395515441895
4813,MRE11,"MRE11, KIF23, MRPL50, PSMA4, KIF4A",0.004260801022749109,3.150040864944458,1,1,11.97718334197998,4.945866107940674
4814,KDELR2,"KDELR2, KMT2A, ATF7, ZHX1, AP3M2",0.0037607990619571057,4.632259368896484,1,7,10.509989738464355,7.296127796173096
4815,NAXE,"NAXE, PSMD7, HPS5, ZFAND6, CEP170",0.010159843764093193,2.402144193649292,0,6,7.538736820220947,5.938663005828857
4816,FEN1,"FEN1, WBP4, CENPU, AIDA, HNRNPLL",0.00491962713579269,3.375108480453491,3,4,9.155097007751465,7.225622177124023
4817,LSM7,"LSM7, TKT, CAPZB, DUSP12, UBE2D2",0.005580414040839376,3.4824705123901367,0,3,9.908024787902832,6.7089385986328125
4818,HDDC3,"HDDC3, MTERF4, DNAJC9, CTCF, AHCTF1",0.004995117627912266,3.3303306102752686,3,5,11.14507007598877,5.770970344543457
4819,DNTTIP1,"DNTTIP1, QRSL1, LRRC47, NUS1, HAUS2",0.005810807101204319,3.503838539123535,0,7,7.869015216827393,4.53202486038208
4820,PSMB4,"PSMB4, RNF14, ESRRA, ABCB8, YTHDF2",0.009865724963627307,2.5725295543670654,0,4,8.7611665725708,6.6680731773376465
4821,KIAA1191,"KIAA1191, CRNKL1, HSD17B12, SLC39A7, BCAP29",0.007492186243867623,2.981606960296631,0,1,9.383929252624512,7.472736358642578
4822,PWP1,"PWP1, CPNE3, RBM22, NSD3, FRA10AC1",0.0078039521723614605,2.631004810333252,1,5,9.227866172790527,5.160775661468506
4823,GLOD4,"GLOD4, ZNF428, FASN, GINS2, LEMD3",0.0029627567166930066,4.486913204193115,11,6,7.994811534881592,6.360692501068115
4824,DMWD,"DMWD, FAM210A, EIF6, RFC2, ENDOV",0.0062617892619186745,3.5008716583251953,7,4,11.274737358093262,4.530473709106445
4825,TASOR2,"TASOR2, SNX6, HADHA, COPB1, SRPRA",0.00711865536727595,2.961228132247925,1,0,9.080501556396484,5.484068393707275
4826,UBR4,"UBR4, VDAC3, MED10, LYAR, PSMD9",0.007468656739830352,2.555497169494629,17,0,8.54464340209961,6.289901256561279
4827,DGCR6L,"DGCR6L, ABCF1, RALBP1, RPL7L1, SCO2",0.007549049211957694,3.4183712005615234,7,0,8.293733596801758,4.101941108703613
4828,NOB1,"NOB1, CFAP298, PSMB1, TTK, NOLC1",0.005539237408774152,3.8681640625,0,9,9.132561683654785,6.760714530944824
4829,CNIH4,"CNIH4, RBCK1, PKN1, ACTR6, HDDC2",0.00992650951572359,3.350576400756836,12,0,11.724587440490723,5.1062822341918945
4830,TRMT10C,"TRMT10C, AGPAT5, PLRG1, BUB1B, PLK1",0.0043627622069106154,3.9240758419036865,2,6,10.289396286010742,5.5916619300842285
4831,PPP2CA,"PPP2CA, MAGOH, HNRNPA0, PYCR2, SLC25A5",0.006943164482997972,3.9581923484802246,22,6,10.21136474609375,4.809446334838867
4832,NIPBL,"NIPBL, RPP14, IER3IP1, GLE1, TIMM10B",0.006861791614869078,3.105461835861206,3,9,9.912694931030273,4.667938709259033
4833,METAP2,"METAP2, LUC7L2, SRSF10, PDE12, NONO",0.0055343354287663874,3.28831148147583,1,8,8.184213638305664,3.490229368209839
4834,POLA1,"POLA1, ARIH2, OCEL1, NAPA, IMPDH1",0.007327479715606728,3.128085136413574,1,9,11.593903541564941,5.3923821449279785
4835,PDCL,"PDCL, SOD1, SUMO1, DCTD, USP37",0.008550033529543253,3.4043285846710205,2,7,8.397199630737305,4.663058757781982
4836,NUSAP1,"NUSAP1, CDK1, ZC3H7A, TGS1, NDUFC1",0.004687273283424641,3.0631470680236816,15,1,10.711904525756836,5.283698081970215
4837,UQCRFS1,"UQCRFS1, DNAJC7, CINP, TDG, COX14",0.005756885321118906,2.7354207038879395,2,7,9.715137481689453,2.7755610942840576
4838,HMGB2,"HMGB2, CKAP2, RBX1, USP9X, CAMSAP1",0.006877477950893925,2.983908176422119,21,3,8.234709739685059,5.484586715698242
4839,CDK16,"CDK16, NUP98, ZNF800, PTPN11, TAF6",0.007619637724069506,2.446645498275757,0,8,10.154939651489258,4.381243705749512
4840,CCNDBP1,"CCNDBP1, CMC1, TDP1, AP3B1, CNOT2",0.011580437570343414,2.739858388900757,4,6,7.72653341293335,5.686782360076904
4841,SDHA,"SDHA, NDUFS2, FBXO7, RAB1B, ERG28",0.005149039800156079,3.377678871154785,29,8,8.321701049804688,4.52402400970459
4842,LAMTOR4,"LAMTOR4, DFFA, NAA20, TTC4, HIGD2A",0.00634708371405378,3.3956503868103027,0,0,9.065169334411621,4.588562965393066
4843,CDC37,"CDC37, ACO1, APEX1, RAB11FIP1, DOHH",0.0056794340369962235,3.14917254447937,20,7,8.504988670349121,2.7789790630340576
4844,CDC123,"CDC123, SLC35A3, ANKRD39, KAT7, CHMP2B",0.006606888654465312,3.1612391471862793,1,6,10.182989120483398,3.59452223777771
4845,UROS,"UROS, MBD4, ESYT1, CENPE, STX2",0.006371593614092604,2.568404197692871,3,4,10.178067207336426,6.405750274658203
4846,JPT2,"JPT2, JPT1, FMC1, SEPTIN2, SEM1",0.0036549162937893876,6.060360431671143,0,6,11.464990615844727,6.320504188537598
4847,PRDX2,"PRDX2, NAE1, PPP1R35, ATG101, SAE1",0.00830297373715191,3.2055180072784424,2,5,8.597928047180176,5.274571418762207
4848,NUP155,"NUP155, UQCC2, PRKCSH, THOC2, MTCH2",0.005696100769022623,2.902703046798706,2,1,10.42255687713623,7.2751312255859375
4849,MRPS27,"MRPS27, ATOX1, TMEM141, METTL17, LARP1B",0.005597080772865776,3.2387876510620117,4,1,9.296304702758789,6.85768985748291
4850,ZUP1,"ZUP1, MAP7D1, TBC1D7, MTX1, AIMP1",0.006307867873991663,2.3681695461273193,0,2,8.338245391845703,7.471746921539307
4851,HINT3,"HINT3, C6ORF47, ZNF268, DPH2, XXYLT1",0.008664739861724948,2.3194618225097656,0,4,9.50023365020752,5.340190410614014
4852,SLC30A5,"SLC30A5, HPS5, SMG5, OCIAD1, JMJD8",0.01008925525198138,2.314868211746216,0,7,8.770429611206055,5.482507705688477
4853,NDUFA5,"NDUFA5, DDB1, RAN, MAZ, RANBP1",0.005665708492974483,3.71651029586792,3,0,8.948515892028809,5.1874470710754395
4854,KHDRBS1,"KHDRBS1, UBE2O, TAF11, EIF1B, ETFB",0.007080419923215385,2.4638121128082275,6,2,7.755215644836426,5.376574516296387
4855,MAK16,"MAK16, SDHAF3, PRPSAP1, SNRPE, ZNF512",0.007088263091227808,2.937594175338745,0,5,9.669816017150879,6.940357208251953
4856,MRPS16,"MRPS16, PDXK, CHCHD1, HNRNPUL2, TM9SF1",0.006300024705979239,3.392343044281006,0,5,8.04920768737793,4.591224193572998
4857,CSNK2A1,"CSNK2A1, HPS1, RITA1, CTR9, NDC80",0.006689241918595759,3.4562828540802,13,9,10.094341278076172,5.0910725593566895
4858,RAB4A,"RAB4A, RTRAF, CTDSP2, HSDL2, DPH5",0.007087282695226256,2.8909406661987305,2,4,10.075031280517578,7.5986223220825195
4859,MRPS26,"MRPS26, PARK7, ATR, IMP4, SDF2L1",0.005958846897438814,3.011241912841797,3,6,7.754322052001953,6.880967617034912
4860,STMN1,"STMN1, DDX17, CEP78, SQLE, MFSD4B",0.0068529680508551015,3.4121429920196533,12,6,9.837546348571777,6.655541896820068
4861,MRPL57,"MRPL57, SLC3A2, TMEM160, VEGFB, YWHAB",0.005197079204232173,3.831909418106079,8,8,8.726764678955078,5.406124591827393
4862,TAF8,"TAF8, SEC22C, FLOT2, ZNF664, CCDC43",0.008024541272710873,3.2792840003967285,1,5,11.203527450561523,3.7719380855560303
4863,NUFIP2,"NUFIP2, POLR2L, ATP5F1B, HTRA2, MRPL33",0.004455899827058145,4.054798126220703,4,8,9.632524490356445,3.830535888671875
4864,TMEM165,"TMEM165, MRPL51, MRPL48, FKTN, ARHGAP11A",0.008203953740995062,2.567230463027954,1,1,10.065582275390625,2.772151231765747
4865,PSMF1,"PSMF1, STAM, MDH2, PLA2G12A, SDHB",0.004411782006988263,3.1925244331359863,2,9,8.465576171875,4.040453910827637
4866,UQCRFS1,"UQCRFS1, UQCRC1, ATXN10, DHX30, PKM",0.005410805532570716,3.3249027729034424,11,8,7.839587688446045,4.901272773742676
4867,NOSIP,"NOSIP, CHP1, RAB5A, RNF138, STX16",0.007237283283463856,2.780817747116089,12,0,9.297964096069336,6.707123756408691
4868,RAD51C,"RAD51C, CCDC138, SAP30, LTV1, RBBP5",0.007031400123137738,3.0734729766845703,0,7,9.561446189880371,3.5155677795410156
4869,ADH5,"ADH5, HELZ, PRMT1, POLD1, MCM3",0.0054549233526405986,2.772937297821045,4,8,10.691719055175781,4.658093452453613
4870,NME6,"NME6, PRKRA, MRPL2, TSEN34, TAF10",0.007002968639092702,3.817882537841797,13,7,7.040083408355713,6.15779972076416
4871,SNAP29,"SNAP29, YME1L1, RFC2, NUBP1, RBBP4",0.005081392476048926,3.3338518142700195,23,7,7.786341190338135,4.691213130950928
4872,ZNF512,"ZNF512, PDZD11, CHMP2A, C4ORF48, DHX40",0.005793159973176365,3.3817782402038574,12,7,8.405116081237793,2.9479782581329346
4873,ZFR,"ZFR, COPS9, ICE2, RAB2A, PRDX5",0.008161796712928287,2.707331895828247,4,3,9.208800315856934,4.191807746887207
4874,CUEDC2,"CUEDC2, SLC35B2, SNX17, CENPH, SMC2",0.0065539472703814525,2.6162915229797363,21,2,8.736224174499512,5.4904937744140625
4875,SF3B2,"SF3B2, PDCD10, SEC13, KIF22, ACTR10",0.007390225059706116,2.9532082080841064,7,4,10.395893096923828,3.852154493331909
4876,NAXE,"NAXE, WASHC2C, MESD, HDAC3, AKAP8L",0.005656884928960506,3.335026741027832,2,7,10.176318168640137,6.587492942810059
4877,OSTC,"OSTC, NAXE, TIMM17A, PSMG2, NDC1",0.006164730057764933,2.782396078109741,1,4,10.96180534362793,6.849009990692139
4878,PDZD11,"PDZD11, POLR3H, NDUFS1, BLOC1S6, WBP4",0.007009831411103573,2.706339120864868,6,9,8.039410591125488,6.000521183013916
4879,NT5C3B,"NT5C3B, NDUFV3, ELAVL1, DAP3, LYPLA2",0.006771595182726207,3.631516933441162,2,0,8.458775520324707,6.413180828094482
4880,RAB29,"RAB29, LRRC57, NOLC1, BSG, MTHFD2",0.00868826936576222,2.6703054904937744,3,1,11.386015892028809,6.772526741027832
4881,FBXL15,"FBXL15, VBP1, PPIP5K2, NUP214, SPRYD7",0.0069951254710802786,2.975796699523926,0,5,11.748688697814941,6.291041851043701
4882,EIF4A1,"EIF4A1, SLC25A36, NDUFB11, RCHY1, DGKZ",0.005093157228067561,3.0323071479797363,5,5,10.784919738769531,3.404766321182251
4883,PSMA1,"PSMA1, DDX19A, UBE2Q1, LSM4, DNAJC3",0.005667669284977588,3.26863956451416,0,6,8.089452743530273,5.371750831604004
4884,MPHOSPH10,"MPHOSPH10, RPUSD3, FAM136A, MRPL41, U2AF2",0.004303938446817438,3.656805992126465,0,1,11.401010513305664,4.528311252593994
4885,HNRNPU,"HNRNPU, TMEM106C, FASN, FADS3, PHF19",0.004881391691732124,3.3043956756591797,1,5,11.41606330871582,5.1441779136657715
4886,GABARAPL2,"GABARAPL2, CTBP1, TBCA, TM7SF2, RNF4",0.006633359346507241,3.325042486190796,2,2,9.341947555541992,2.7586963176727295
4887,MFSD4B,"MFSD4B, GPATCH1, C15ORF40, POM121C, NDUFA2",0.005363746524496175,2.884000778198242,1,3,10.439286231994629,3.358701467514038
4888,TMEM101,"TMEM101, UPK3BL1, CUL4A, SRSF6, MAX",0.005224530292275656,3.8146774768829346,15,8,8.336384773254395,3.4790263175964355
4889,SRP9,"SRP9, VPS37A, U2AF2, DDI2, SETDB1",0.005601002356871988,2.840043544769287,0,7,7.568626403808594,6.346645355224609
4890,YIF1B,"YIF1B, JMJD4, BAG6, NXT1, SMC4",0.004973548915878101,2.7977683544158936,6,4,9.13691234588623,6.067685604095459
4891,HDAC1,"HDAC1, DOT1L, USP16, NUP205, POLG",0.006548064894372135,3.2494122982025146,13,7,11.060811996459961,4.217375755310059
4892,NT5DC2,"NT5DC2, HMGB2, ATP5F1D, UBTF, WIPI2",0.005010803963937114,4.94634485244751,3,1,7.949532985687256,4.856694221496582
4893,NAA38,"NAA38, SRP9, HMGN2, UBA1, SMG8",0.00519609880823062,3.178114891052246,14,3,9.32762622833252,7.11816930770874
4894,HPS1,"HPS1, ALDH16A1, RCC2, TCOF1, VPS25",0.007754932372283813,2.3553364276885986,15,9,10.668680191040039,6.488298416137695
4895,LSM1,"LSM1, PPP6C, UBFD1, SNRPA1, NAT14",0.005451001768634387,3.0287652015686035,0,4,8.585688591003418,2.7401227951049805
4896,CENPM,"CENPM, GGA2, RELA, DDX19A, CYB561D2",0.007274538331522869,2.780571460723877,0,4,7.537558078765869,5.982447624206543
4897,URM1,"URM1, NUDT5, ISCA1, SLU7, MRFAP1L1",0.008376503437268382,4.243484020233154,0,0,8.978706359863281,7.012899398803711
4898,ACOT7,"ACOT7, WASF2, C1ORF50, DNTTIP1, MAP4",0.005777473637151518,2.7007017135620117,9,6,9.613141059875488,3.976717472076416
4899,UBIAD1,"UBIAD1, RPP30, MCOLN1, SEPHS1, PPIL3",0.004963744955862572,3.139559507369995,2,7,8.85411548614502,6.711629867553711
4900,CDK2,"CDK2, SEC63, DUT, SLC39A7, TM7SF3",0.004688253679426194,3.479703664779663,17,2,7.758238315582275,5.014403820037842
4901,YBX1,"YBX1, STK40, HSP90AB1, ADO, HSPA8",0.005747081361103377,3.815497398376465,0,3,9.013832092285156,5.2691802978515625
4902,CENPM,"CENPM, LSM1, CENPU, ZWINT, UBN1",0.0055343354287663874,3.225452423095703,31,8,8.723467826843262,2.737422466278076
4903,PAM16,"PAM16, UTP4, UNK, RPP21, XPO5",0.009557880619139683,2.9848759174346924,3,4,10.691425323486328,7.145827293395996
4904,ADIPOR1,"ADIPOR1, VDAC2, CAPN1, STX10, WDR1",0.005586296416848694,3.2540621757507324,18,2,9.96236515045166,3.853522539138794
4905,ZNF706,"ZNF706, RBM19, MANF, AKR7A2, SDF2L1",0.0052362950442942915,3.4266154766082764,0,5,8.238181114196777,5.5977020263671875
4906,HSPA13,"HSPA13, MRM3, SEC24C, C4ORF46, SGO1",0.008790230549923726,2.6740052700042725,0,9,10.82121467590332,5.525474548339844
4907,DEAF1,"DEAF1, CDKN2AIPNL, BZW2, SMC3, RBFA",0.006802967854775901,2.8965511322021484,1,9,9.29429817199707,2.891066789627075
4908,AP2B1,"AP2B1, AIMP1, SERBP1, PTPMT1, RBM33",0.00496962733187189,3.9347615242004395,2,0,11.095256805419922,4.061059951782227
4909,TMED2,"TMED2, CFDP1, POM121, TLK1, IL10RB",0.00652649618233797,2.5444319248199463,3,2,9.468223571777344,5.02428674697876
4910,SUZ12,"SUZ12, DHRS7B, UGGT1, ADAR, HNRNPL",0.00804022760873572,2.888720750808716,7,2,8.807500839233398,5.967689514160156
4911,PPIL4,"PPIL4, NUP62, EIF2A, EXOSC7, LATS1",0.006784340330746395,3.8549728393554688,25,2,8.316679000854492,5.75698709487915
4912,PSMB1,"PSMB1, ADI1, MTCH2, MRPL44, PEF1",0.004476488143090757,3.4795455932617188,0,0,7.564566612243652,6.488456726074219
4913,LYRM2,"LYRM2, DLD, SCCPDH, TTF1, DHX29",0.006620614198487053,3.005671501159668,0,1,11.818307876586914,5.793920040130615
4914,KIF2C,"KIF2C, PPRC1, AP1B1, ING3, FAM53C",0.005724532253067659,4.08630895614624,15,4,10.804576873779297,5.682758808135986
4915,AEN,"AEN, FDXR, EIF5, GCLM, GMNN",0.003889230938160542,4.449120998382568,21,8,7.859043121337891,3.442234754562378
4916,DTNBP1,"DTNBP1, TIMM9, SENP5, GOLGA1, CEBPZOS",0.004844136643673113,2.582118272781372,1,6,9.544254302978516,4.931805610656738
4917,CETN2,"CETN2, PPP2CB, TARDBP, MBOAT7, RBM8A",0.004422566363005345,3.429035186767578,2,5,8.412542343139648,7.366488933563232
4918,DPP8,"DPP8, SH2B1, COASY, PDCD6IP, TAF11",0.00606767085361119,2.690819501876831,10,5,8.039896965026855,5.114659309387207
4919,CFAP20,"CFAP20, TRNT1, SF3B1, JPT2, TFCP2",0.004472566559084545,3.4313409328460693,0,1,10.525910377502441,2.7959866523742676
4920,SLU7,"SLU7, SUCLG1, PDCD6IP, KAT8, POLR3GL",0.006462770442237029,3.0186328887939453,3,5,8.579241752624512,4.293889999389648
4921,HNRNPR,"HNRNPR, TMED4, LRP6, TMPO, HMGCR",0.004109820038509955,4.320219993591309,3,7,8.834627151489258,6.657104969024658
4922,RPL22L1,"RPL22L1, SAR1A, RHOA, YWHAE, GNAS",0.004683351699418429,3.258521556854248,3,3,7.642016887664795,4.864607334136963
4923,SNRNP200,"SNRNP200, ANKRD13D, ATP1A1, NCBP2AS2, POLE3",0.0060372785775630496,3.4300389289855957,40,0,11.133882522583008,4.680501937866211
4924,BRAT1,"BRAT1, AGO3, CIZ1, PPP1R8, SIL1",0.007352970011647105,2.9940714836120605,35,4,7.657303810119629,4.184959888458252
4925,WDR46,"WDR46, GGNBP2, DHX40, KLHDC4, USP10",0.004696096847438617,4.946299076080322,7,7,9.550705909729004,6.6604108810424805
4926,DPY30,"DPY30, REXO2, ATAD3A, CZIB, SRSF2",0.004741195063510053,3.627829074859619,6,5,9.301416397094727,3.838021755218506
4927,DDX39A,"DDX39A, TUBGCP3, NUF2, METTL2B, PRR11",0.006401985890140746,2.608457565307617,4,1,9.260748863220215,4.90040397644043
