pos,row,block,is_ss2,n_tokens,n_panelU,nll,top1,fwd_s
0,729,9,True,2048,480,10.156981468200684,0.0,1.5753
1,908,3,True,1188,252,10.142699241638184,0.0,0.6074
2,982,9,True,1361,308,10.155038833618164,0.0,0.5708
3,984,9,True,468,65,10.181411743164062,0.0,0.4346
4,1367,2,True,626,167,10.179332733154297,0.0,0.4457
5,1822,8,True,2048,399,10.15994644165039,0.0,0.5718
6,1921,4,True,708,175,10.156559944152832,0.0,0.4028
7,2372,8,True,1421,336,10.135808944702148,0.0,0.439
8,2589,8,True,2048,416,10.165684700012209,0.0004887585528194,0.61
9,2662,2,True,1791,400,10.185282707214355,0.0,0.8075
10,2787,1,True,384,73,10.200688362121582,0.0,0.2213
11,2806,6,True,690,125,10.186887741088867,0.0,0.2318
12,2890,0,True,1133,228,10.147217750549316,0.0,0.3754
13,3134,2,True,1183,302,10.13718032836914,0.0,0.515
14,3209,7,True,1297,326,10.160205841064451,0.0,0.4549
15,3235,7,True,2048,528,10.154664993286133,0.0,0.9747
16,3846,8,True,1174,306,10.166305541992188,0.0008532422943972,0.4389
17,4181,2,True,729,138,10.209519386291504,0.0,0.2333
18,4326,6,True,1816,413,10.12012767791748,0.0,0.6061
19,4346,9,True,2048,501,10.173611640930176,0.0,0.6298
20,4641,1,True,682,143,10.092816352844238,0.0,0.3083
21,4806,5,True,489,85,10.216208457946776,0.0,0.2196
22,5055,3,True,1776,214,10.156309127807615,0.0,0.5285
23,5081,2,True,1004,231,10.13817310333252,0.0,0.3505
24,5480,1,True,1612,367,10.133797645568848,0.0,0.5227
25,5856,6,True,2048,437,10.156447410583496,0.0,0.5661
26,6034,9,True,2048,403,10.17751693725586,0.0,0.6007
27,6344,4,True,1007,266,10.167344093322754,0.0,0.3307
28,7147,2,True,538,127,10.125618934631348,0.0,0.1862
29,7272,2,True,404,111,10.188529014587402,0.0,0.164
30,7382,6,True,1553,380,10.167677879333496,0.0,0.4445
31,8225,7,True,811,182,10.171173095703123,0.0,0.2618
32,8232,1,True,2048,488,10.178282737731934,0.0,0.5659
33,8614,7,True,802,181,10.153646469116213,0.0,0.2806
34,8682,3,True,2008,558,10.168916702270508,0.0,0.6552
35,9311,5,True,1514,367,10.159747123718262,0.0006613756413571,0.4924
36,9814,3,True,2048,463,10.182162284851074,0.0,0.6592
37,10454,5,True,1172,268,10.134722709655762,0.0,0.479
38,10537,4,True,946,246,10.14322280883789,0.0,0.3779
39,10610,8,True,1149,252,10.175698280334473,0.0,0.3069
40,10750,6,True,2048,503,10.15216827392578,0.0,0.6691
41,11266,4,True,878,192,10.163212776184082,0.0,0.3118
42,11529,5,True,821,200,10.131038665771484,0.0,0.2848
43,12169,9,True,624,125,10.180047035217283,0.0,0.2351
44,12495,8,True,1688,434,10.17005443572998,0.0,0.5772
45,12764,6,True,1300,238,10.184128761291504,0.0,0.4222
46,12976,6,True,1124,302,10.174520492553713,0.0,0.4037
47,13062,9,True,707,205,10.13547134399414,0.0,0.2622
48,13411,7,True,1664,358,10.145644187927246,0.0,0.6189
49,13467,5,True,1290,281,10.17775535583496,0.0,0.4443
50,13700,9,True,965,221,10.184218406677246,0.0,0.3243
51,14024,7,True,1628,400,10.176556587219238,0.0,0.5109
52,14167,6,True,565,119,10.176228523254396,0.0,0.2285
53,14682,7,True,1238,310,10.151274681091309,0.0,0.3995
54,14686,9,True,812,215,10.164299011230469,0.0,0.2896
55,14799,6,True,1668,407,10.141449928283691,0.0,0.514
56,14828,0,True,2048,467,10.16917896270752,0.0,0.6301
57,17142,8,True,1095,252,10.170417785644531,0.0,0.37
58,17309,2,True,626,188,10.168837547302246,0.0,0.1735
59,17516,4,True,778,196,10.14207649230957,0.0012886597542092,0.2536
60,17659,4,True,917,272,10.175745010375977,0.0,0.2868
61,17800,2,True,774,204,10.13454818725586,0.0,0.2668
62,17861,6,True,1115,245,10.164257049560549,0.0,0.3299
63,18196,5,True,1598,376,10.159050941467283,0.0,0.4816
64,18515,0,True,1861,403,10.169607162475586,0.0,0.6118
65,18849,5,True,1114,231,10.148374557495115,0.0,0.3477
66,19139,1,True,1580,362,10.151566505432127,0.0,0.4841
67,20484,6,True,559,155,10.173398971557615,0.0,0.2043
68,20771,0,True,1479,323,10.135412216186523,0.0,0.4412
69,20820,9,True,1662,402,10.197009086608888,0.0,0.5435
70,21210,3,True,835,221,10.182317733764648,0.0,0.3371
71,21321,4,True,981,238,10.145998001098633,0.0010214505018666,0.317
72,21377,4,True,2048,446,10.169456481933594,0.0004887585528194,0.5853
73,21643,1,False,2048,471,10.172892570495604,0.0,0.5916
74,21871,1,False,2048,464,10.144030570983888,0.0,0.5801
75,22000,0,False,2048,479,10.181108474731444,0.0,0.551
76,22097,4,False,2048,513,10.174812316894531,0.0,0.5764
77,23736,7,False,1774,402,10.152016639709473,0.0,0.5515
78,24222,9,False,1632,418,10.16317081451416,0.0,0.4906
79,24309,3,False,1867,441,10.158872604370115,0.0,0.6356
80,24382,2,False,1777,443,10.169663429260254,0.0,0.5652
81,24575,0,False,1668,429,10.133379936218262,0.0,0.4493
82,24638,7,False,1553,410,10.164341926574709,0.0,0.4191
83,25038,6,False,2048,514,10.157821655273438,0.0,0.5686
84,25548,7,False,1963,508,10.1576566696167,0.0,0.6118
85,25560,1,False,1692,429,10.185791969299316,0.0,0.494
86,25688,0,False,1101,299,10.165227890014648,0.0,0.3427
87,25860,0,False,2048,521,10.150312423706056,0.0,0.5319
88,26110,8,False,2048,482,10.15264892578125,0.0,0.5943
89,26406,4,False,1962,459,10.15767765045166,0.0,0.6085
90,26455,8,False,2048,560,10.160351753234863,0.0,0.5634
91,26527,8,False,986,291,10.199056625366213,0.0,0.3436
92,26747,7,False,1182,350,10.157191276550291,0.0,0.3599
93,27688,4,False,2048,491,10.142257690429688,0.0,0.5546
94,28037,5,False,2048,432,10.18033504486084,0.0,0.5688
95,28117,3,False,2048,446,10.174301147460938,0.0,0.5654
96,28744,0,False,1936,508,10.182559967041016,0.0,0.6031
97,28809,0,False,1056,297,10.139922142028809,0.0,0.406
98,28967,5,False,1361,334,10.17857837677002,0.0,0.3409
99,29103,9,False,2048,520,10.16957187652588,0.0,0.5866
100,29637,3,False,2048,508,10.17959976196289,0.0,0.5282
101,29677,1,False,1157,345,10.15952491760254,0.0,0.4787
102,29905,4,False,1520,390,10.16025447845459,0.0,0.3921
103,30157,8,False,2048,544,10.146191596984863,0.0,0.602
104,30327,8,False,2048,438,10.138954162597656,0.0,0.5804
105,30538,0,False,2048,530,10.157842636108398,0.0004887585528194,0.5717
106,30704,4,False,2048,468,10.182111740112305,0.0,0.5961
107,30730,6,False,2048,453,10.13896369934082,0.0,0.5672
108,31349,8,False,2048,584,10.168683052062988,0.0,0.5824
109,31541,5,False,1362,380,10.16129207611084,0.0,0.449
110,32041,1,False,1320,376,10.140482902526855,0.0,0.4191
111,32221,1,False,2048,441,10.188117980957031,0.0,0.5403
112,32568,5,False,1538,438,10.19455623626709,0.0,0.4991
113,32730,2,False,2048,460,10.177959442138672,0.0,0.5657
114,32859,0,False,2048,478,10.147284507751465,0.0004887585528194,0.5633
115,33083,7,False,1896,510,10.158195495605469,0.0,0.6146
116,33778,2,False,2048,444,10.153038024902344,0.0,0.5638
117,33819,5,False,2048,515,10.164849281311035,0.0,0.5763
118,33834,4,False,2048,494,10.158841133117676,0.0,0.5523
119,34368,8,False,1614,438,10.151432991027832,0.0,0.5427
120,34425,2,False,2048,437,10.15335750579834,0.0,0.5568
121,35650,5,False,2048,470,10.187801361083984,0.0,0.5879
122,35671,0,False,2048,479,10.158907890319824,0.0,0.5497
123,35819,1,False,1547,441,10.144842147827148,0.0006472491659224,0.5401
124,35874,2,False,2048,453,10.16329860687256,0.0,0.5902
125,36125,8,False,1427,407,10.180550575256348,0.0007017544121481,0.511
126,36406,4,False,2048,405,10.165605545043944,0.0,0.5772
127,37674,1,False,2048,405,10.14418601989746,0.0,0.5674
128,38363,6,False,1521,381,10.139482498168944,0.000658327830024,0.5463
129,38779,6,False,2048,376,10.161657333374023,0.0,0.5929
130,39325,3,False,2048,465,10.179181098937988,0.0,0.5884
131,39349,7,False,2048,435,10.16606330871582,0.0,0.5613
132,39741,5,False,2048,396,10.15944004058838,0.0,0.5514
133,39956,4,False,2048,473,10.144075393676758,0.0,0.5683
134,40073,5,False,2048,460,10.17226791381836,0.0004887585528194,0.5538
135,40097,8,False,2048,471,10.170960426330566,0.0,0.5774
136,41504,4,False,2048,489,10.146421432495115,0.0,0.5797
137,42498,5,False,942,287,10.174503326416016,0.0,0.3533
138,42529,4,False,2048,450,10.161200523376465,0.0,0.5273
139,42611,7,False,1611,443,10.181347846984863,0.0,0.5879
140,42826,2,False,2048,544,10.140530586242676,0.0,0.5461
141,43794,1,False,2048,479,10.16384506225586,0.0,0.5729
142,43878,2,False,2048,487,10.179622650146484,0.0,0.5772
143,44011,8,False,2048,452,10.15294361114502,0.0,0.5597
144,45071,1,False,1861,463,10.140183448791504,0.0,0.5776
145,45305,9,False,2048,489,10.169404029846191,0.0,0.563
146,45914,3,False,2048,447,10.14717960357666,0.0,0.562
147,46232,7,False,2048,430,10.16300106048584,0.0,0.5964
148,46761,9,False,2048,468,10.16063117980957,0.0,0.5468
149,46801,0,False,1798,448,10.174320220947266,0.0,0.6676
150,47022,4,False,1888,472,10.17057991027832,0.0,0.5907
151,47342,1,False,1987,503,10.184443473815918,0.0,0.6644
152,47774,7,False,2048,430,10.184454917907717,0.0,0.5639
153,48447,1,False,2048,377,10.131640434265137,0.0,0.5751
154,48766,6,False,2048,464,10.177743911743164,0.0,0.5882
155,48860,1,False,1915,493,10.168813705444336,0.0,0.6362
156,49749,1,False,2048,421,10.171882629394531,0.0,0.5489
157,49852,7,False,2048,554,10.17006492614746,0.0,0.5806
158,49869,3,False,2048,439,10.177008628845217,0.0,0.5794
159,49935,0,False,2048,515,10.163715362548828,0.0004887585528194,0.5721
160,50176,7,False,2048,519,10.159150123596191,0.0,0.5909
161,50178,2,False,2048,462,10.142705917358398,0.0,0.5757
162,50735,5,False,1443,365,10.162837982177734,0.0,0.5683
163,50857,6,False,2048,416,10.166183471679688,0.0004887585528194,0.5654
164,50984,2,False,1574,401,10.182173728942873,0.0,0.7147
165,51758,3,False,1930,424,10.178162574768066,0.0,0.7132
166,51839,8,False,1714,370,10.162479400634766,0.0,0.5826
167,52556,9,False,1417,382,10.155327796936035,0.0,0.4646
168,52592,6,False,302,73,10.136733055114746,0.0,0.2194
169,52686,7,False,1856,489,10.133933067321776,0.0,0.6134
170,52955,9,False,1180,323,10.177125930786133,0.0008488964522257,0.4496
171,53160,3,False,1237,335,10.16585922241211,0.0,0.4192
172,53172,8,False,2048,435,10.156394004821776,0.0,0.5526
173,53197,7,False,1699,463,10.202444076538086,0.0,0.6121
174,53253,8,False,1567,435,10.180072784423828,0.0,0.539
175,53463,5,False,319,78,10.205588340759276,0.0,0.3092
176,53474,9,False,980,282,10.130826950073242,0.0,0.4199
177,53709,5,False,2048,472,10.179338455200195,0.0004887585528194,0.5782
178,53928,7,False,1325,365,10.182990074157717,0.0,0.5025
179,54227,7,False,1585,420,10.143681526184082,0.0,0.5654
180,54392,3,False,1004,283,10.164545059204102,0.0009980039903894,0.3066
181,55143,9,False,2048,525,10.171064376831056,0.0,0.6049
182,55229,4,False,2048,530,10.178230285644531,0.0,0.5922
183,55595,4,False,1493,351,10.141752243041992,0.0,0.5307
184,55691,1,False,2048,520,10.18870449066162,0.0,0.5692
185,55800,2,False,2048,484,10.159327507019045,0.0,0.58
186,55922,8,False,2048,542,10.176575660705566,0.0,0.5966
187,56175,9,False,1343,341,10.184449195861816,0.0,0.4986
188,56200,1,False,1976,557,10.167417526245115,0.0,0.666
189,56316,0,False,2048,570,10.167760848999023,0.0004887585528194,0.6035
190,56555,2,False,1170,335,10.192216873168944,0.0,0.401
191,56922,6,False,2048,425,10.176692008972168,0.0,0.5543
192,57402,7,False,2048,497,10.18242073059082,0.0,0.5813
193,57426,3,False,2048,497,10.180757522583008,0.0,0.542
194,58566,9,False,2048,515,10.156275749206545,0.0,0.5635
195,58573,4,False,1216,367,10.12442684173584,0.0,0.4048
196,59109,9,False,2048,498,10.159594535827637,0.0,0.5161
197,59123,7,False,2048,429,10.16238784790039,0.0,0.5764
198,59453,6,False,2048,501,10.180527687072754,0.0,0.5468
199,60077,6,False,2048,476,10.152558326721191,0.0,0.5804
200,60284,1,False,1903,440,10.178009033203123,0.0,0.6099
201,60296,9,False,1523,428,10.169743537902832,0.0,0.4673
202,60953,8,False,2048,481,10.160282135009766,0.0,0.5617
203,61067,7,False,2048,472,10.158628463745115,0.0,0.5613
204,61936,1,False,2048,587,10.140787124633787,0.0,0.5736
205,62093,2,False,2048,538,10.144468307495115,0.0,0.5749
206,62201,7,False,2048,475,10.167058944702148,0.0,0.5439
207,62308,2,False,2048,509,10.175588607788086,0.0,0.5737
208,62561,5,False,2048,466,10.151926040649414,0.0,0.6079
209,62675,0,False,2048,489,10.16061019897461,0.0,0.5928
210,62908,1,False,2048,463,10.13066291809082,0.0,0.5584
211,63073,5,False,2020,521,10.113231658935549,0.0,0.6443
212,63165,6,False,1503,388,10.174674034118652,0.0,0.5427
213,63444,0,False,1718,418,10.14653778076172,0.0,0.5408
214,63636,8,False,2042,574,10.156587600708008,0.0,0.694
215,64127,0,False,1599,380,10.155233383178713,0.0,0.5079
216,64481,4,False,1689,432,10.152462005615234,0.0005927682504989,0.5731
217,64650,2,False,1696,440,10.17018699645996,0.0,0.5383
218,65371,0,False,1538,342,10.157630920410156,0.0,0.4439
219,65476,7,False,2048,396,10.173081398010254,0.0,0.5941
220,65544,0,False,2048,397,10.177652359008787,0.0,0.5774
221,65728,1,False,2048,430,10.139041900634766,0.0,0.5669
222,65746,3,False,1869,445,10.168166160583496,0.0,0.6443
223,66043,7,False,2048,515,10.155041694641112,0.0004887585528194,0.5998
224,66323,7,False,2048,452,10.1377592086792,0.0004887585528194,0.5726
225,66864,3,False,2048,483,10.18142318725586,0.0,0.5746
226,67193,2,False,2048,499,10.162684440612791,0.0,0.5836
227,67235,6,False,1485,327,10.16537857055664,0.0,0.5452
228,67496,1,False,2048,484,10.152036666870115,0.0004887585528194,0.5801
229,67622,3,False,2048,399,10.159915924072266,0.0,0.5578
230,67773,7,False,2048,406,10.147500038146973,0.0,0.5745
231,68237,0,False,2048,445,10.163397789001465,0.0,0.5725
232,68507,2,False,1928,469,10.137425422668455,0.0,0.7647
233,68510,6,False,1526,403,10.175345420837402,0.0,0.674
234,69213,3,False,2048,350,10.145516395568848,0.0,0.574
235,69684,6,False,2048,344,10.160962104797363,0.0,0.6195
236,70032,0,False,2048,484,10.158235549926758,0.0004887585528194,0.5783
237,70210,1,False,2048,445,10.16021728515625,0.0,0.5727
238,70244,9,False,2048,399,10.145622253417969,0.0,0.5946
239,70451,9,False,2048,440,10.165865898132324,0.0,0.5902
240,70488,1,False,2048,403,10.156793594360352,0.0,0.5734
241,70610,1,False,2048,412,10.17672061920166,0.0004887585528194,0.5471
242,70767,0,False,1829,446,10.169353485107422,0.0,0.8173
243,70770,4,False,2048,417,10.173595428466797,0.0,0.5826
244,71075,9,False,2048,498,10.169651985168455,0.0,0.587
245,71077,3,False,2048,444,10.174318313598633,0.0,0.6509
246,71451,5,False,2048,477,10.183558464050291,0.0,0.5535
247,71832,7,False,1996,534,10.187541961669922,0.0,0.8794
248,71970,0,False,2048,524,10.156814575195312,0.0,0.801
249,72068,4,False,2048,494,10.155187606811523,0.0,0.6097
250,72513,2,False,1834,459,10.15802001953125,0.0,0.6702
251,72551,5,False,2048,518,10.15196132659912,0.0,0.7423
252,73107,2,False,1774,435,10.167407035827637,0.0,0.5779
253,73275,0,False,1586,424,10.17152500152588,0.0,1.1352
254,73502,6,False,2048,533,10.180061340332031,0.0,0.7497
255,73853,4,False,355,85,10.144641876220703,0.0,0.4199
256,74423,1,False,2048,519,10.174878120422363,0.0004887585528194,0.7591
257,74565,7,False,2048,470,10.177574157714844,0.0,0.6556
258,74598,5,False,1739,406,10.145231246948242,0.0,0.7424
259,75123,1,False,2048,520,10.157045364379885,0.0,0.6032
260,75338,0,False,2048,409,10.168989181518556,0.0,0.6058
261,75611,5,False,2048,493,10.143016815185549,0.0004887585528194,0.6403
262,75629,3,False,2048,435,10.149271965026855,0.0,0.6171
263,75772,8,False,2048,530,10.158136367797852,0.0,0.7084
264,75847,1,False,2048,477,10.142096519470217,0.0,0.5878
265,76442,8,False,1189,338,10.172314643859863,0.0,1.01
266,76471,6,False,2048,525,10.160974502563477,0.0,0.6246
267,76704,7,False,2023,486,10.13444709777832,0.0,0.7891
268,77422,5,False,1403,377,10.170816421508787,0.0,0.4861
269,77628,5,False,1720,469,10.14353084564209,0.0,0.6647
270,77871,7,False,1535,416,10.18495750427246,0.0,0.6293
271,78030,0,False,1881,459,10.139301300048828,0.0,0.9307
272,78071,1,False,1324,309,10.18532943725586,0.0,0.5703
273,78108,1,False,1115,307,10.182735443115234,0.0,0.3514
274,78155,4,False,2048,533,10.173903465270996,0.0,0.8366
275,79285,1,False,1473,385,10.167981147766112,0.0,0.6819
276,79410,9,False,2048,496,10.154054641723633,0.0,0.611
277,79501,0,False,1468,407,10.189812660217283,0.0,0.6012
278,79509,6,False,1330,365,10.147583961486816,0.0007530120201408,0.6619
279,80183,4,False,1824,452,10.14279079437256,0.0,0.7004
280,80705,3,False,2048,551,10.159842491149902,0.0,0.7463
281,80951,2,False,1509,393,10.150047302246094,0.0,0.6727
282,81207,8,False,2048,474,10.158227920532228,0.0,0.7841
283,81594,2,False,2048,474,10.172781944274902,0.0,0.5514
284,81796,3,False,1902,457,10.16440773010254,0.0005263157654553,0.7523
285,82234,7,False,2048,418,10.169007301330566,0.0,0.7555
286,82512,1,False,1635,369,10.174920082092283,0.0,0.6112
287,82541,0,False,2048,500,10.165081977844238,0.0,0.5581
288,82594,6,False,2048,443,10.17160987854004,0.0,0.7118
289,82650,9,False,1217,306,10.153536796569824,0.0,0.577
290,82709,1,False,1838,440,10.131540298461914,0.0,0.8437
291,82810,4,False,1500,383,10.143571853637695,0.0,0.6463
292,82834,8,False,2048,463,10.143118858337402,0.0,0.6358
293,82909,0,False,2048,402,10.164064407348633,0.0,0.65
294,83435,5,False,1428,353,10.16551685333252,0.0,0.9959
295,83740,6,False,2048,505,10.169344902038574,0.0,0.6807
296,84233,7,False,1526,369,10.157071113586426,0.0,0.5057
297,84431,0,False,2048,431,10.173599243164062,0.0,0.6529
298,84547,8,False,1809,421,10.15129566192627,0.0,0.9409
299,85003,5,False,1697,415,10.140005111694336,0.0,1.0147
300,85006,9,False,1697,431,10.142353057861328,0.0,0.6413
301,85071,9,False,1286,313,10.144380569458008,0.0,1.0352
302,85193,6,False,1671,439,10.176558494567873,0.0,0.8189
303,85352,1,False,2048,491,10.187236785888672,0.0,1.0526
304,85806,8,False,2048,449,10.13112449645996,0.0,0.7447
305,86364,3,False,1533,401,10.18486499786377,0.0,0.8735
306,86891,2,False,2048,514,10.144021034240724,0.0,0.6967
307,87350,0,False,2048,562,10.180205345153809,0.0,0.9656
308,87466,8,False,2048,551,10.165884017944336,0.0,0.8278
309,87557,9,False,1419,374,10.17546272277832,0.0,0.8459
310,87569,4,False,1573,444,10.151252746582031,0.0,0.8689
311,87765,9,False,1395,357,10.148737907409668,0.0007178750820457,0.7298
312,87886,7,False,2048,434,10.131058692932127,0.0,0.8183
313,88431,8,False,2048,499,10.169133186340332,0.0,0.6648
314,88671,8,False,2048,474,10.154093742370604,0.0,0.6289
315,89044,1,False,2048,458,10.15397834777832,0.0,0.6715
316,89111,9,False,2035,549,10.168694496154783,0.0,0.9106
317,89473,3,False,1754,434,10.120600700378418,0.0,0.7799
318,89510,9,False,2048,509,10.192091941833496,0.0,0.6449
319,89648,4,False,2048,395,10.169870376586914,0.0,0.7004
320,89940,8,False,2048,504,10.145237922668455,0.0,0.6527
321,90546,0,False,2048,485,10.149613380432127,0.0,0.6835
322,90727,9,False,1140,313,10.191689491271973,0.0,0.5196
323,90762,8,False,2048,424,10.15443229675293,0.0,0.6719
324,90840,8,False,2048,404,10.14528465270996,0.0004887585528194,0.6467
325,90882,9,False,2048,470,10.168173789978027,0.0,0.6346
326,91088,6,False,2048,442,10.157361030578612,0.0,0.7422
327,91105,3,False,2048,383,10.162591934204102,0.0,0.6387
328,91762,1,False,2048,453,10.16466236114502,0.0,0.644
329,91978,5,False,2048,432,10.173487663269045,0.0,0.6948
330,92090,7,False,1171,328,10.174903869628906,0.0,0.5252
331,92414,4,False,2048,498,10.13696002960205,0.0,0.5919
332,92501,7,False,2048,501,10.183860778808594,0.0,0.6588
333,93028,6,False,2048,454,10.167344093322754,0.0,0.6413
334,93159,7,False,1690,454,10.183070182800291,0.0,0.7377
335,93372,5,False,2048,510,10.176008224487305,0.0,0.6091
336,94729,5,False,2048,533,10.16956901550293,0.0,0.6531
337,94870,6,False,2048,405,10.146684646606444,0.0,0.6798
338,94931,7,False,1816,495,10.160871505737305,0.0005512679344974,0.6094
339,95098,2,False,2048,472,10.16161823272705,0.0,0.6943
340,95230,3,False,2048,487,10.174357414245604,0.0,0.6457
341,95498,7,False,2048,499,10.149950981140137,0.0,0.6501
342,96208,5,False,2048,425,10.167943000793455,0.0,0.6852
343,96323,3,False,2048,521,10.12842082977295,0.0,0.6903
344,96435,6,False,1509,427,10.1826810836792,0.0,0.4787
345,96841,7,False,2048,426,10.174158096313477,0.0,0.6937
346,96878,7,False,2048,457,10.15715217590332,0.0,0.6391
347,97228,8,False,2048,466,10.14497184753418,0.0004887585528194,0.6806
348,97364,8,False,2048,558,10.15835952758789,0.0,0.6938
349,97544,9,False,2048,467,10.17011547088623,0.0,0.6644
350,97576,9,False,2048,499,10.165334701538086,0.0,0.619
351,97804,3,False,1663,389,10.158449172973633,0.0,1.1853
352,97891,6,False,1488,349,10.149666786193848,0.0,0.7425
353,97911,9,False,1773,452,10.179048538208008,0.0,0.8146
354,97954,6,False,2048,443,10.157175064086914,0.0004887585528194,0.6463
355,98052,1,False,2048,496,10.175399780273438,0.0,0.7151
356,98116,2,False,2048,504,10.159598350524902,0.0,0.7317
357,98150,5,False,2048,507,10.163957595825195,0.0004887585528194,0.6595
358,98595,0,False,2048,522,10.171257972717283,0.0,0.8245
359,99125,1,False,1907,466,10.182268142700195,0.0,0.8687
360,100113,7,False,1887,466,10.175851821899414,0.0,0.8956
361,100723,2,False,2048,535,10.167476654052734,0.0,0.7141
362,100748,1,False,1953,513,10.204867362976074,0.0,0.8785
363,101236,6,False,1887,482,10.175910949707031,0.0,0.5988
364,101305,9,False,850,196,10.160683631896973,0.0,0.5846
365,102300,2,False,2048,488,10.154291152954102,0.0,0.6512
366,102357,3,False,2048,525,10.16752815246582,0.0,0.7353
367,102371,1,False,2048,507,10.143295288085938,0.0004887585528194,0.6456
368,102951,8,False,2048,485,10.139397621154783,0.0,0.6841
369,103188,4,False,2048,454,10.169042587280272,0.0,0.7119
370,103460,2,False,2048,481,10.169594764709473,0.0,0.6415
371,104029,4,False,2048,493,10.160772323608398,0.0,0.6653
372,104392,5,False,2048,464,10.168076515197754,0.0,0.6806
373,104437,3,False,1640,406,10.161670684814451,0.0,0.7016
374,104964,8,False,2048,534,10.185378074645996,0.0,0.6485
375,104993,8,False,2048,503,10.130291938781738,0.0004887585528194,0.6393
376,105311,7,False,2048,492,10.13895034790039,0.0,0.6793
377,105640,5,False,2048,500,10.174345970153809,0.0,0.6531
378,105895,4,False,2048,470,10.142278671264648,0.0,0.6385
379,105981,1,False,1976,500,10.172082901000977,0.0,0.6989
380,106295,2,False,2048,507,10.146169662475586,0.0,0.6065
381,106734,6,False,2048,530,10.17703628540039,0.0,0.6899
382,107004,5,False,2048,417,10.165664672851562,0.0,0.6577
383,107208,3,False,2048,456,10.152420997619627,0.0004887585528194,0.6948
384,107243,7,False,1927,494,10.149271965026855,0.0,0.8883
385,107766,4,False,1072,304,10.126961708068848,0.0,0.5173
386,107944,9,False,2048,417,10.163064002990724,0.0004887585528194,0.6591
387,108086,0,False,2048,436,10.18871021270752,0.0,0.6528
388,108094,5,False,1624,405,10.137508392333984,0.0,0.7809
389,108510,3,False,2048,446,10.152685165405272,0.0,0.6143
390,109579,6,False,2048,538,10.179418563842772,0.0,0.6821
391,109662,8,False,2048,406,10.119735717773438,0.0,0.6572
392,109695,1,False,2048,482,10.161429405212402,0.0009775171056389,0.6854
393,109994,7,False,1617,443,10.143993377685549,0.0,0.7763
394,110457,9,False,2048,385,10.138997077941896,0.0,0.6723
395,110897,8,False,2048,408,10.151981353759766,0.0,0.668
396,110988,3,False,1678,444,10.164142608642578,0.0,0.8453
397,111160,2,False,2048,519,10.153170585632324,0.0,0.6137
398,111458,3,False,1797,448,10.170598030090332,0.000557103077881,0.6358
399,111861,8,False,2048,478,10.17859935760498,0.0,0.6154
400,112335,6,False,2048,412,10.17177963256836,0.0,0.7217
401,113252,7,False,2048,470,10.15066623687744,0.0,0.6438
402,113332,9,False,2048,441,10.170912742614746,0.0,0.6741
403,113619,7,False,2048,465,10.17332363128662,0.0,0.7249
404,113886,8,False,2048,386,10.14980411529541,0.0,0.7149
405,114127,7,False,997,273,10.205490112304688,0.0,0.5305
406,114908,4,False,1449,381,10.172185897827148,0.0,0.7043
407,114966,9,False,1709,464,10.173442840576172,0.0,0.8117
408,115112,5,False,1707,422,10.167829513549805,0.0,0.9713
409,116036,9,False,1798,449,10.180971145629885,0.0,0.6409
410,116472,5,False,1200,334,10.167084693908691,0.0,0.5851
411,116488,0,False,1215,321,10.177563667297363,0.0,0.58
412,117169,9,False,1686,448,10.130331039428713,0.0,0.8116
413,117353,3,False,1586,428,10.186041831970217,0.0,0.5359
414,118016,6,False,1530,384,10.194149017333984,0.0,0.7742
415,118029,5,False,1507,415,10.160941123962402,0.0,0.776
416,118132,0,False,1227,319,10.187512397766112,0.0,0.5824
417,118564,0,False,1444,390,10.152016639709473,0.0,0.6885
418,118932,0,False,1910,495,10.17966365814209,0.0,0.8423
419,119291,7,False,1225,313,10.166892051696776,0.0,0.6365
420,119503,2,False,1802,461,10.174588203430176,0.0,0.8481
421,119506,7,False,1233,313,10.159811973571776,0.0,0.5933
422,119586,8,False,1087,351,10.15902042388916,0.0,0.5171
423,119617,2,False,2048,510,10.167116165161133,0.0,0.719
424,119658,1,False,2048,600,10.177916526794434,0.0,0.729
425,119748,5,False,2048,533,10.138320922851562,0.0,0.7347
426,121014,2,False,2048,487,10.170116424560549,0.0,0.6728
427,122472,0,False,1294,372,10.184049606323242,0.0,0.64
428,122512,2,False,1157,338,10.160184860229492,0.0,0.3762
429,123021,4,False,1598,444,10.16219711303711,0.0,0.6249
430,123095,7,False,1007,297,10.156394004821776,0.0,0.3272
431,123634,3,False,2048,588,10.17137622833252,0.0,0.7177
432,124537,0,False,409,96,10.115076065063477,0.0,0.3885
433,124762,6,False,2048,408,10.131661415100098,0.0,0.6638
434,125541,1,False,498,142,10.13506031036377,0.0,0.4488
435,125596,5,False,273,59,10.141488075256348,0.0,0.3634
436,126703,0,False,716,185,10.194644927978516,0.0,0.4966
437,127589,4,False,2048,463,10.16144847869873,0.0004887585528194,0.6943
438,128060,3,False,1377,381,10.141029357910156,0.0,0.6772
439,128679,1,False,2048,525,10.162287712097168,0.0,0.7042
440,129557,2,False,1384,328,10.1585111618042,0.0,0.7392
441,129866,8,False,1144,308,10.131375312805176,0.0,0.7146
442,131286,0,False,1473,396,10.12920093536377,0.0,0.4492
443,131672,3,False,2048,473,10.193352699279783,0.0,1.1339
444,131968,1,False,1274,336,10.204323768615724,0.0,0.6839
445,133391,4,False,2048,431,10.170689582824709,0.0004887585528194,0.6173
446,133966,5,False,1535,415,10.177066802978516,0.0,0.6627
447,134150,7,False,1827,467,10.158652305603027,0.0,0.9091
448,134762,9,False,2048,455,10.132808685302734,0.0,0.7623
449,135086,5,False,2004,537,10.13631820678711,0.0,1.1608
450,135537,7,False,2048,507,10.154741287231444,0.0,0.6563
451,135664,0,False,1619,439,10.13474178314209,0.0,0.8698
452,135974,2,False,1208,315,10.16989803314209,0.0,0.8445
453,136438,6,False,1488,401,10.13398551940918,0.0,0.6023
454,136550,1,False,2048,474,10.172392845153809,0.0,0.7047
455,136911,6,False,1259,331,10.183930397033691,0.0,0.651
456,137435,7,False,1581,433,10.180015563964844,0.0,0.7477
457,137444,3,False,2048,448,10.167512893676758,0.0,0.8005
458,137715,8,False,1305,349,10.166583061218262,0.0,0.7438
459,137927,3,False,1811,474,10.169472694396973,0.0,0.9246
460,138133,7,False,1793,444,10.15041732788086,0.0,0.8094
461,138230,5,False,2048,456,10.153385162353516,0.0,0.9039
462,138577,1,False,1832,491,10.162060737609863,0.0,1.132
463,138751,9,False,2048,484,10.160780906677246,0.0,0.7852
464,139107,3,False,223,50,10.20124053955078,0.0,0.5972
465,139137,4,False,2048,482,10.162928581237791,0.0004887585528194,0.671
466,139312,3,False,1510,396,10.128541946411133,0.0,0.9119
467,139660,7,False,892,206,10.17024040222168,0.0,0.4438
468,139826,0,False,864,212,10.14305591583252,0.0,0.3111
469,139860,4,False,1615,429,10.162590026855469,0.0,0.5793
470,139888,6,False,1457,366,10.174242973327637,0.0,0.5849
471,140604,0,False,1135,266,10.178101539611816,0.0,0.3993
472,140992,9,False,782,183,10.117219924926758,0.0,0.3188
473,141021,2,False,1681,399,10.198042869567873,0.0,0.6962
474,141025,1,False,1252,299,10.170729637145996,0.0,0.5619
475,141438,6,False,1375,332,10.178162574768066,0.0,0.6074
476,141585,0,False,998,234,10.149572372436523,0.0,0.4411
477,141746,6,False,1185,290,10.144454002380373,0.0,0.5218
478,142341,9,False,2048,518,10.167732238769531,0.0,1.0421
479,142365,8,False,1022,259,10.174468040466309,0.0,0.4187
480,142824,4,False,1259,335,10.134939193725586,0.0,0.3722
481,143015,7,False,2048,545,10.157319068908691,0.0,0.7732
482,143106,3,False,486,101,10.14328956604004,0.0,0.3026
483,143506,1,False,2048,520,10.158883094787598,0.0,0.6646
484,144039,7,False,2048,539,10.166783332824709,0.0,0.6574
485,144114,3,False,1890,464,10.15524673461914,0.0,0.7959
486,144234,8,False,2048,490,10.14493179321289,0.0,0.6274
487,144314,9,False,2048,379,10.18007755279541,0.0,0.6805
488,144357,1,False,1669,401,10.151450157165527,0.0,0.662
489,144768,6,False,2048,471,10.159181594848633,0.0,0.6332
490,144921,0,False,2048,418,10.14341926574707,0.0,0.6942
491,144940,6,False,1662,434,10.147849082946776,0.0,0.5455
492,144973,1,False,2048,401,10.162610054016112,0.0,0.6492
493,145244,1,False,2048,457,10.175424575805664,0.0,0.6412
494,145373,3,False,2048,484,10.169636726379396,0.0,0.6813
495,145420,6,False,2048,528,10.157437324523926,0.0,0.6564
496,145614,3,False,2048,442,10.134081840515137,0.0,0.639
497,145629,7,False,2048,452,10.174447059631348,0.0,0.6825
498,146103,0,False,2048,436,10.197973251342772,0.0004887585528194,0.6725
499,146429,2,False,2048,496,10.16127872467041,0.0009775171056389,0.7268
500,146799,8,False,1543,375,10.148253440856934,0.000648929271847,0.5761
501,147066,2,False,1709,384,10.18781566619873,0.0,0.5303
502,147111,9,False,2048,427,10.163385391235352,0.0,0.6673
503,147359,0,False,1597,422,10.14297866821289,0.0,0.7595
504,147614,1,False,1480,372,10.13303565979004,0.0,0.6345
505,148003,7,False,2048,466,10.144399642944336,0.0,0.6437
506,148288,1,False,2048,408,10.180273056030272,0.0004887585528194,0.6206
507,149476,2,False,2048,478,10.179691314697266,0.0,0.663
508,149752,9,False,2048,495,10.16802215576172,0.0,0.6415
509,149950,4,False,2048,529,10.14613151550293,0.0,0.6793
510,149969,0,False,1483,371,10.1603422164917,0.0,0.6152
511,150163,2,False,1857,464,10.15662670135498,0.0,0.7558
512,150458,0,False,2048,481,10.155081748962402,0.0,0.63
513,150492,3,False,2048,404,10.146732330322266,0.0,0.6164
514,150656,4,False,2048,464,10.157196998596191,0.0,0.6465
515,151189,3,False,2048,442,10.13102912902832,0.0,0.629
516,151286,7,False,2048,501,10.151884078979492,0.0004887585528194,0.6616
517,152242,3,False,2048,409,10.166516304016112,0.0,0.6092
518,153295,1,False,2048,494,10.16781234741211,0.0,0.6876
519,153619,0,False,2048,498,10.137125015258787,0.0,0.6675
520,154078,5,False,2048,513,10.142902374267578,0.0,0.7149
521,154210,8,False,2048,520,10.169054985046388,0.0,0.6498
522,155034,5,False,2048,501,10.158066749572754,0.0,0.6801
523,155580,0,False,1708,393,10.180665016174316,0.0,0.8064
524,155618,9,False,2048,452,10.172663688659668,0.0,0.6446
525,156137,1,False,1857,465,10.167838096618652,0.0,0.6311
526,156659,8,False,2035,504,10.136866569519045,0.0,0.7181
527,156856,1,False,2048,441,10.152746200561523,0.0,0.6559
528,157002,0,False,1612,400,10.168096542358398,0.0,0.5568
529,157112,5,False,2048,525,10.151341438293455,0.0,0.6783
530,157417,5,False,2048,464,10.13584804534912,0.0,0.6706
531,157462,9,False,1982,511,10.159345626831056,0.0,0.8137
532,157678,8,False,2048,520,10.14625358581543,0.0,0.7001
533,158000,2,False,2048,475,10.170404434204102,0.0,0.6661
534,158460,0,False,2048,548,10.153942108154297,0.0,0.6756
535,158750,5,False,2048,475,10.17181396484375,0.0004887585528194,0.6389
536,158927,6,False,2048,500,10.164249420166016,0.0,0.6507
537,159022,4,False,2048,521,10.180380821228027,0.0,0.6696
538,159902,3,False,2048,582,10.18486499786377,0.0,0.6783
539,160074,5,False,2048,528,10.19608211517334,0.0,0.6006
540,160167,8,False,2044,514,10.16123867034912,0.0,0.8437
541,160767,9,False,2048,527,10.179935455322266,0.0,0.6301
542,161714,1,False,2048,532,10.192546844482422,0.0004887585528194,0.6571
543,161930,9,False,2048,468,10.154000282287598,0.0,0.629
544,162596,0,False,2048,455,10.137984275817873,0.0,0.6464
545,162651,2,False,2048,536,10.18216037750244,0.0,0.7693
546,162914,5,False,2048,468,10.149163246154783,0.0,0.6153
547,163290,4,False,2048,537,10.159308433532717,0.0,1.0539
548,163386,4,False,2048,570,10.165145874023438,0.0,0.7318
549,163620,6,False,1965,541,10.16207218170166,0.0,1.3781
550,164416,6,False,2048,543,10.162402153015137,0.0,2.291
551,164452,1,False,2048,567,10.168678283691406,0.0,0.5641
552,164673,9,False,2048,554,10.160126686096191,0.0,0.5428
553,164989,8,False,2048,516,10.155415534973145,0.0,0.5287
554,165700,6,False,2048,493,10.158323287963867,0.0,0.5055
555,165938,2,False,2048,525,10.159260749816896,0.0,0.5202
556,166105,2,False,2048,480,10.1315279006958,0.0,0.483
557,166117,1,False,1324,338,10.163020133972168,0.0007564296247437,0.34
558,166148,1,False,2048,499,10.17528247833252,0.0,0.4825
559,166227,1,False,1567,395,10.16978931427002,0.0,0.4196
560,166379,4,False,2048,497,10.137242317199709,0.0,0.6981
561,166795,2,False,1583,392,10.183490753173828,0.0,0.4066
562,167140,8,False,1809,454,10.152436256408691,0.0,0.5055
563,167604,3,False,1713,449,10.178837776184082,0.0,0.4912
564,167827,8,False,1877,463,10.174631118774414,0.0005333333392627,0.515
565,168065,5,False,1568,360,10.173644065856934,0.0,0.4683
566,168227,6,False,2048,431,10.160122871398926,0.0,0.5153
567,168362,5,False,2048,469,10.172629356384276,0.0,0.5846
568,168425,8,False,1639,385,10.193120002746582,0.0,1.1582
569,169222,3,False,1740,453,10.151132583618164,0.0,0.9564
570,170109,5,False,2048,442,10.152193069458008,0.0,0.6782
571,170112,7,False,1751,462,10.164400100708008,0.0,0.8489
572,170139,4,False,1615,402,10.17578411102295,0.0,0.648
573,170232,2,False,1489,379,10.166484832763672,0.0,0.5365
574,170293,0,False,2048,487,10.168107986450195,0.0,0.6594
575,170500,5,False,1819,466,10.177358627319336,0.0005503577413037,0.6433
576,170790,5,False,1944,475,10.177268028259276,0.0,0.6917
577,171250,8,False,2048,395,10.198195457458496,0.0,0.526
578,171617,5,False,1341,321,10.20168685913086,0.0,0.539
579,171833,8,False,1807,451,10.187411308288574,0.0,0.605
580,172315,9,False,2048,448,10.181346893310549,0.0,0.5312
581,172732,6,False,2048,482,10.171175003051758,0.0,0.5129
582,173358,9,False,2048,459,10.159944534301758,0.0,0.5235
583,173772,1,False,2048,472,10.175264358520508,0.0,0.5034
584,174077,0,False,2048,399,10.16230297088623,0.0,0.5044
585,174483,7,False,2048,497,10.16122341156006,0.0,0.5017
586,174546,8,False,1977,485,10.16359806060791,0.0,0.6308
587,174590,2,False,2048,419,10.161595344543455,0.0,0.5185
588,175174,4,False,2048,471,10.170443534851074,0.0,0.4904
589,175304,2,False,1885,477,10.16317653656006,0.0,0.5674
590,175343,4,False,1718,431,10.17280387878418,0.0,0.5093
591,175382,6,False,1545,351,10.170576095581056,0.0,0.4498
592,175440,3,False,2048,421,10.158005714416504,0.0,0.4799
593,175463,3,False,2048,480,10.162909507751465,0.0004887585528194,0.4747
594,176151,2,False,2048,417,10.157622337341309,0.0,0.4679
595,176490,2,False,1997,494,10.17212963104248,0.0,0.5506
596,176600,8,False,1599,375,10.174919128417969,0.0,0.4271
597,176864,2,False,1912,470,10.152297019958496,0.0,0.5093
598,177149,5,False,1993,481,10.160760879516602,0.0,0.5444
599,177169,8,False,2048,460,10.153437614440918,0.0,0.4766
600,177335,3,False,2048,447,10.18507957458496,0.0,0.5346
601,177788,0,False,2037,494,10.16218090057373,0.0,0.5857
602,178044,0,False,2048,433,10.168798446655272,0.0,0.4896
603,178167,3,False,1940,494,10.170079231262209,0.0,0.5378
604,178463,4,False,2048,483,10.173816680908203,0.0,0.5093
605,178474,1,False,2048,447,10.1723051071167,0.0,0.4943
606,178475,6,False,2048,424,10.170819282531738,0.0,0.5093
607,178577,6,False,2048,498,10.154483795166016,0.0,0.5223
608,178604,9,False,1847,481,10.146303176879885,0.0,0.6143
609,178763,5,False,2048,456,10.163856506347656,0.0,0.5225
610,179468,3,False,1861,491,10.164441108703612,0.0,0.5882
611,180162,8,False,1330,344,10.165109634399414,0.0,0.4812
612,180291,0,False,2048,428,10.170028686523438,0.0,0.5203
613,180387,4,False,2048,459,10.176816940307615,0.0,0.506
614,180680,6,False,1953,497,10.165635108947754,0.0,0.7026
615,181068,2,False,2048,472,10.172688484191896,0.0,0.5294
616,181178,7,False,2048,379,10.168614387512209,0.0,0.5907
617,181907,8,False,1735,426,10.160993576049805,0.0,0.6066
618,182244,6,False,1668,409,10.152379035949709,0.0,0.6238
619,182285,1,False,2048,376,10.19078540802002,0.0,1.1648
620,183075,1,False,2048,496,10.169923782348633,0.0,0.5453
621,183313,4,False,2048,410,10.162768363952637,0.0,0.7311
622,183359,2,False,2048,424,10.167892456054688,0.0,0.5029
623,183895,5,False,2048,445,10.142427444458008,0.0,0.541
624,184422,5,False,2048,481,10.157782554626465,0.0,0.5062
625,184972,3,False,2048,453,10.157441139221191,0.0,0.5597
626,185013,5,False,2048,459,10.13489055633545,0.0,0.5305
627,185153,8,False,2048,444,10.181234359741213,0.0004887585528194,0.5633
628,185344,1,False,2048,399,10.144176483154297,0.0,0.5217
629,185621,6,False,2048,444,10.12468147277832,0.0,0.5355
630,185854,6,False,2048,467,10.177971839904783,0.0,0.5052
631,185944,8,False,2048,453,10.153033256530762,0.0,0.4965
632,186431,2,False,2048,431,10.163064002990724,0.0,0.5014
633,186456,0,False,2048,546,10.16264820098877,0.0,0.6011
634,186614,5,False,2048,461,10.166177749633787,0.0,0.4881
635,186979,9,False,2048,520,10.16905117034912,0.0,0.5393
636,187188,1,False,2048,497,10.17385959625244,0.0,0.5409
637,187319,1,False,2048,486,10.170817375183104,0.0004887585528194,0.4903
638,187461,7,False,1535,421,10.190729141235352,0.0,0.4617
639,187729,9,False,2048,454,10.170859336853027,0.0,0.5012
640,187891,0,False,2048,484,10.143217086791992,0.0,0.5104
641,188009,0,False,2048,478,10.16895866394043,0.0,0.5386
642,188315,4,False,1668,414,10.177151679992676,0.0,0.4129
643,188457,8,False,1702,454,10.183025360107422,0.0,0.5172
644,188739,3,False,2048,501,10.138338088989258,0.0,0.5208
645,188807,3,False,1688,431,10.167730331420898,0.0,0.5426
646,188949,9,False,2048,518,10.166223526000977,0.0,0.5171
647,189034,8,False,2036,523,10.145974159240724,0.0,0.6313
648,189276,9,False,2048,507,10.14771556854248,0.0,0.5027
649,189405,5,False,2048,445,10.150368690490724,0.0,0.4917
650,189503,5,False,2048,464,10.170979499816896,0.0004887585528194,0.5023
651,189672,9,False,1395,358,10.181870460510254,0.0,0.413
652,190433,9,False,2048,484,10.15229034423828,0.0,0.4869
653,190825,0,False,2048,466,10.178199768066406,0.0,0.4999
654,190856,0,False,2048,472,10.17836093902588,0.0,0.49
655,190917,4,False,2048,432,10.168241500854492,0.0,0.5052
656,192361,7,False,2048,456,10.158550262451172,0.0,0.4939
657,192412,2,False,2048,429,10.17144775390625,0.0,0.4938
658,192506,1,False,2048,526,10.164154052734377,0.0,0.505
659,193533,6,False,2048,381,10.15220069885254,0.0,0.5042
660,194049,9,False,2048,427,10.180327415466309,0.0,0.4865
661,194333,3,False,2048,475,10.155106544494627,0.0,0.4956
662,194491,7,False,2048,423,10.162675857543944,0.0,0.4823
663,194806,4,False,2048,407,10.165987014770508,0.0,0.4864
664,194945,1,False,2048,486,10.148218154907228,0.0,0.4719
665,195739,7,False,2048,487,10.191425323486328,0.0,0.475
666,195828,3,False,2048,428,10.152976989746094,0.0,0.4671
667,195836,3,False,1708,418,10.142173767089844,0.0,0.4648
668,196728,9,False,1295,344,10.159735679626465,0.0,0.3543
669,197128,1,False,2048,554,10.15945529937744,0.0004887585528194,0.488
670,197198,8,False,2048,501,10.158773422241213,0.0,0.4766
671,197261,0,False,2048,530,10.14950466156006,0.0,0.4804
672,197287,4,False,2048,485,10.151385307312012,0.0,0.4809
673,197303,2,False,2048,559,10.151996612548828,0.0,0.5027
674,197394,8,False,2048,522,10.169036865234377,0.0,0.4984
675,197472,3,False,2048,526,10.154770851135254,0.0,0.4784
676,197586,1,False,1901,475,10.15127182006836,0.0,0.6607
677,198225,0,False,2025,561,10.156322479248049,0.0,0.618
678,199879,9,False,986,274,10.178221702575684,0.0,0.3064
679,200147,2,False,1654,428,10.156147956848145,0.0,0.5016
680,200151,8,False,2048,530,10.16567039489746,0.0,0.5056
681,200182,2,False,2048,519,10.185400009155272,0.0,0.5074
682,200430,3,False,2039,535,10.130879402160645,0.0,0.6586
683,200952,1,False,1784,470,10.191923141479492,0.0,0.6289
684,201004,5,False,2048,525,10.182400703430176,0.0,0.5291
685,201451,1,False,1648,418,10.154540061950684,0.0,0.6331
686,202200,8,False,2048,530,10.152487754821776,0.0,0.5114
687,202299,2,False,2033,532,10.176772117614746,0.000984736601822,0.6408
688,202304,8,False,2048,537,10.174700736999512,0.0,0.5333
689,202642,3,False,2048,573,10.1658296585083,0.0,0.5439
690,202803,8,False,2048,394,10.16402816772461,0.0,0.512
691,202851,4,False,1559,373,10.183001518249512,0.0,0.5081
692,203122,7,False,1445,340,10.169997215270996,0.0,0.4812
693,203340,9,False,2048,459,10.172572135925291,0.0004887585528194,0.5134
694,203574,6,False,2048,542,10.144271850585938,0.0,0.5441
695,203577,7,False,1886,494,10.15256404876709,0.0,0.6479
696,204856,8,False,2048,486,10.138931274414062,0.0,0.5286
697,204968,7,False,2048,440,10.163100242614746,0.0,0.5403
698,205083,6,False,1889,459,10.166455268859863,0.0,0.6635
699,205146,7,False,1730,437,10.160937309265137,0.0,0.5959
700,205182,7,False,2048,429,10.15958023071289,0.0,0.5373
701,205337,0,False,2048,407,10.174278259277344,0.0004887585528194,0.5672
702,205905,1,False,2048,482,10.18070125579834,0.0,0.5542
703,206095,6,False,962,242,10.174310684204102,0.0010416667209938,0.3813
704,207467,6,False,2048,479,10.173521041870115,0.0,0.571
705,207601,7,False,2048,518,10.153077125549316,0.0,0.5474
706,209298,6,False,1851,441,10.163748741149902,0.0,0.6318
707,210118,5,False,1404,296,10.120450019836426,0.0007132667815312,0.4824
708,211437,8,False,2048,542,10.176029205322266,0.0,0.5617
709,212191,5,False,2048,429,10.153863906860352,0.0,0.5355
710,212918,1,False,1036,311,10.15434741973877,0.0,0.3917
711,213040,0,False,2048,459,10.156745910644531,0.0,0.5428
712,213252,1,False,2048,500,10.170754432678224,0.0,0.6079
713,213262,6,False,2048,504,10.13458251953125,0.0,0.5839
714,213654,6,False,2048,463,10.167694091796877,0.0,0.5923
715,213988,0,False,2048,445,10.179819107055664,0.0,0.5689
716,214021,5,False,2048,441,10.191293716430664,0.0,0.533
717,214742,5,False,2048,480,10.138361930847168,0.0,0.5131
718,214794,9,False,2048,437,10.161736488342283,0.0,0.5984
719,214839,5,False,1135,324,10.21211051940918,0.0,0.4557
720,215260,4,False,2048,385,10.158248901367188,0.0,0.5907
721,215801,7,False,2048,517,10.164584159851074,0.0,0.6135
722,216185,5,False,2048,403,10.154645919799805,0.0,0.5517
723,216285,2,False,979,279,10.17910385131836,0.0,0.4536
724,216458,2,False,2048,451,10.17009449005127,0.0,0.5989
725,216518,9,False,2048,533,10.163596153259276,0.0,0.5677
726,216831,5,False,1942,477,10.161012649536133,0.0,0.7093
727,216914,4,False,2048,475,10.14071273803711,0.0,0.5529
728,217179,4,False,2048,381,10.155591011047363,0.0004887585528194,0.5105
729,218282,0,False,2048,562,10.165093421936035,0.0,0.579
730,218713,1,False,2048,463,10.159427642822266,0.0004887585528194,0.5711
731,218764,2,False,1312,321,10.170215606689451,0.0,0.5001
732,218896,8,False,1886,490,10.161962509155272,0.0,0.5154
733,219084,4,False,2048,492,10.1809663772583,0.0,0.6157
734,219437,4,False,2048,552,10.161628723144531,0.0,0.5888
735,219663,9,False,1167,291,10.173053741455078,0.0,0.4756
736,219848,6,False,2048,463,10.199512481689451,0.0,0.5603
737,220140,4,False,1113,325,10.175652503967283,0.0,0.4614
738,220484,9,False,2048,560,10.171886444091797,0.0,0.6063
739,220671,3,False,1373,346,10.157084465026855,0.0,0.657
740,220716,8,False,1959,489,10.143333435058594,0.0,0.7437
741,220765,3,False,1098,341,10.138734817504885,0.0,0.4394
742,221073,0,False,2048,469,10.155908584594728,0.0,0.5852
743,222062,6,False,2048,525,10.168231964111328,0.0004887585528194,0.6523
744,222461,9,False,1911,515,10.146242141723633,0.0005238344892859,0.7404
745,222525,9,False,2048,482,10.1748685836792,0.0,0.5732
746,223293,5,False,2048,537,10.157038688659668,0.0,0.6008
747,223339,5,False,2048,508,10.148374557495115,0.0,0.5956
748,224244,8,False,1946,472,10.1614408493042,0.0,0.6816
749,224412,7,False,2048,454,10.167344093322754,0.0,0.5482
750,224459,1,False,2048,440,10.15537166595459,0.0,0.5308
751,224994,6,False,301,83,10.151280403137209,0.0,0.2492
752,225138,2,False,2048,560,10.163336753845217,0.0,0.557
753,225884,9,False,2048,379,10.151118278503418,0.0,0.5135
754,226570,5,False,2048,492,10.156471252441406,0.0,0.5417
755,226899,9,False,2048,507,10.153833389282228,0.0,0.5357
756,227028,3,False,1645,404,10.168907165527344,0.0,0.5716
757,227255,2,False,2048,474,10.154335021972656,0.0,0.5459
758,227543,1,False,1800,443,10.173534393310549,0.0,0.615
759,227561,8,False,2048,523,10.156064987182615,0.0,0.5768
760,227757,4,False,557,133,10.175504684448242,0.0,0.2964
761,227934,2,False,2048,484,10.139657020568848,0.0,0.5317
762,228587,1,False,1871,508,10.157649040222168,0.0,0.6979
763,228771,9,False,2048,518,10.16174030303955,0.0,0.55
764,229362,3,False,2009,466,10.171610832214355,0.0,0.7312
765,229778,5,False,2028,502,10.185380935668944,0.0,0.6966
766,231086,5,False,850,233,10.17831039428711,0.0,0.3806
767,231570,8,False,2048,411,10.156365394592283,0.0,0.5508
768,232152,1,False,1559,426,10.167987823486328,0.0,0.4653
769,232171,3,False,1792,486,10.174092292785645,0.0,0.6567
770,232584,0,False,1745,431,10.129597663879396,0.0005737234605476,0.9037
771,232756,8,False,1417,343,10.155202865600586,0.0,0.7463
772,232916,7,False,1213,357,10.146402359008787,0.0,0.5178
773,233241,4,False,1238,347,10.167816162109377,0.0,0.5804
774,233346,2,False,1306,321,10.180871963500977,0.0,0.5387
775,233648,0,False,2048,438,10.174188613891602,0.0,0.5915
776,233848,0,False,1498,353,10.17777156829834,0.0,0.5489
777,234523,2,False,1540,356,10.133153915405272,0.0,0.5583
778,234844,2,False,1821,433,10.147799491882324,0.0,0.6259
779,234872,8,False,1468,333,10.179885864257812,0.0,0.5677
780,235737,3,False,1383,344,10.143999099731444,0.0,0.515
781,236973,6,False,1099,257,10.18524169921875,0.0009115770226344,0.4172
782,237176,8,False,1528,373,10.154207229614258,0.0,0.5376
783,237449,4,False,2048,422,10.159062385559082,0.0,0.521
784,237562,6,False,1240,301,10.159786224365234,0.0,0.3885
785,238379,0,False,1351,323,10.129618644714355,0.0,0.402
786,238779,4,False,1663,417,10.148115158081056,0.0,0.5005
787,238888,4,False,937,263,10.180716514587402,0.0,0.3171
788,239747,2,False,2048,460,10.1810884475708,0.0,0.505
789,239963,9,False,2048,474,10.166333198547363,0.0,0.5334
790,240371,3,False,2048,503,10.209691047668455,0.0,0.5362
791,240604,6,False,2048,463,10.16699504852295,0.0,0.5133
792,241220,4,False,2048,523,10.191572189331056,0.0,0.504
793,241361,2,False,2048,537,10.186200141906738,0.0,0.52
794,241514,9,False,1531,408,10.164924621582031,0.0,0.5137
795,241616,1,False,1227,330,10.150811195373535,0.0,0.4197
796,241704,1,False,2048,463,10.203194618225098,0.0,0.5177
797,241896,9,False,2048,579,10.145834922790527,0.0,0.5308
798,242242,0,False,2048,519,10.154083251953123,0.0,0.5053
799,242312,8,False,2048,496,10.139290809631348,0.0,0.5171
800,242558,4,False,2048,511,10.17734718322754,0.0,0.5804
801,242722,0,False,2048,465,10.17933464050293,0.0,0.5339
802,242855,7,False,2048,493,10.184099197387695,0.0004887585528194,0.5154
803,243325,1,False,2048,483,10.172303199768066,0.0,0.5083
804,243475,1,False,1286,324,10.158581733703612,0.0,0.392
805,243494,7,False,1498,378,10.157872200012209,0.0,0.3655
806,243752,7,False,2048,476,10.166936874389648,0.0,0.5146
807,244510,2,False,2048,479,10.141803741455078,0.0,0.5089
808,244916,7,False,2048,487,10.147245407104492,0.0,0.4984
809,245062,3,False,1831,452,10.179110527038574,0.0,0.585
810,245466,0,False,2048,468,10.142914772033691,0.0,0.5208
811,245525,9,False,1775,457,10.173596382141112,0.0005640158196911,0.5778
812,245538,2,False,2048,524,10.168014526367188,0.0,0.5196
813,245561,0,False,1967,520,10.153844833374023,0.0,0.6093
814,245687,3,False,2048,505,10.159429550170898,0.0,0.5295
815,245783,9,False,1797,472,10.15724277496338,0.000557103077881,0.5656
816,245964,6,False,1692,422,10.147893905639648,0.0,0.6001
817,246357,6,False,2048,344,10.191661834716797,0.0,0.5133
818,246360,4,False,2048,459,10.156333923339844,0.0,0.5083
819,246547,1,False,2048,512,10.153688430786133,0.0,0.5165
820,246580,4,False,2048,465,10.153631210327148,0.0,0.4951
821,246797,4,False,2048,495,10.161362648010254,0.0004887585528194,0.5122
822,246958,5,False,1806,481,10.161816596984863,0.0,0.6119
823,247057,4,False,2048,448,10.142871856689451,0.0,0.4922
824,247358,5,False,2048,486,10.162515640258787,0.0009775171056389,0.5108
825,247395,7,False,2048,528,10.153932571411133,0.0,0.5081
826,247418,0,False,2048,530,10.194952011108398,0.0004887585528194,0.4945
827,247604,3,False,2048,502,10.1399507522583,0.0,0.5233
828,248206,9,False,2048,484,10.17286205291748,0.0,0.5156
829,248589,6,False,2048,487,10.154151916503906,0.0,0.5276
830,248735,8,False,1262,359,10.158466339111328,0.0,0.4461
831,250507,2,False,1298,295,10.188887596130373,0.0,0.4816
832,251021,0,False,2048,427,10.140216827392578,0.0,0.4938
833,251384,3,False,1165,266,10.163945198059082,0.0,0.411
834,251618,3,False,1815,416,10.172350883483888,0.0,0.5739
835,251762,1,False,1299,298,10.168675422668455,0.0,0.4261
836,252765,4,False,1830,413,10.135168075561523,0.0,0.6348
837,253006,0,False,2048,465,10.183712005615234,0.0,0.6179
838,253382,1,False,2048,394,10.174360275268556,0.0,0.4731
839,253634,8,False,1710,424,10.1861572265625,0.0,0.6172
840,254843,2,False,2031,454,10.17113208770752,0.0,0.7589
841,254947,6,False,2006,470,10.157574653625488,0.0,0.6527
842,255102,2,False,2048,507,10.15809726715088,0.0,0.5215
843,255174,0,False,1416,332,10.148159980773926,0.0,0.6792
844,255191,1,False,1822,402,10.17233657836914,0.0,0.8827
845,255264,0,False,2048,402,10.149948120117188,0.0,0.5005
846,255268,1,False,1657,384,10.16008472442627,0.0,0.5561
847,255618,7,False,1062,245,10.183123588562012,0.0009433962404727,0.4187
848,256196,4,False,1662,403,10.161636352539062,0.0,0.5931
849,256215,8,False,2048,387,10.177772521972656,0.0,0.5307
850,256241,2,False,2048,375,10.166163444519045,0.0,0.5114
851,256289,7,False,2048,439,10.17342472076416,0.0,0.5048
852,256411,9,False,1831,442,10.184529304504396,0.0,0.488
853,256451,3,False,1698,392,10.167807579040527,0.0,0.5813
854,256544,9,False,1325,313,10.175580978393556,0.0,0.4338
855,256955,9,False,1482,360,10.12833023071289,0.0,0.4806
856,256999,7,False,2048,372,10.14670753479004,0.0,0.4891
857,257365,5,False,1495,343,10.168936729431152,0.0,0.5168
858,257862,6,False,2048,387,10.17832088470459,0.0,0.4955
859,258094,0,False,2048,470,10.166861534118652,0.0,0.4992
860,258229,0,False,2048,380,10.170832633972168,0.0,0.4812
861,258833,2,False,2048,451,10.151223182678224,0.0,0.4875
862,259079,1,False,2048,365,10.157753944396973,0.0,0.5079
863,259227,7,False,2048,484,10.176834106445312,0.0,0.496
864,259408,3,False,2048,412,10.158430099487305,0.0,0.5164
865,259424,3,False,2048,492,10.1907958984375,0.0,0.4918
866,259564,5,False,2048,515,10.179206848144531,0.0,0.5076
867,260328,5,False,1525,448,10.194467544555664,0.0,0.4756
868,260554,6,False,2048,572,10.164144515991213,0.0,0.5417
869,261459,7,False,2048,479,10.174612998962402,0.0004887585528194,0.4904
870,261733,8,False,2043,518,10.142507553100586,0.0,0.6852
871,261768,5,False,2048,515,10.165245056152344,0.0,0.4858
872,262526,6,False,2048,459,10.145594596862791,0.0,0.4798
873,262941,9,False,1993,481,10.153368949890137,0.0,0.5132
874,263095,8,False,2048,471,10.174097061157228,0.0,0.5156
875,263107,8,False,2048,535,10.185556411743164,0.0004887585528194,0.5126
876,263117,7,False,298,82,10.172603607177734,0.0,0.2503
877,263456,5,False,2048,483,10.176076889038086,0.0,0.4863
878,263983,5,False,2048,588,10.17576026916504,0.0,0.5019
879,263994,3,False,2048,487,10.170514106750488,0.0,0.4853
880,264012,1,False,2048,451,10.13386058807373,0.0,0.491
881,264013,3,False,2048,419,10.160127639770508,0.0,0.4827
882,264713,2,False,1738,437,10.15774631500244,0.0005760368658229,0.5193
883,265096,9,False,2048,480,10.153124809265137,0.0,0.4941
884,265114,8,False,2048,429,10.170527458190918,0.0,0.4875
885,265319,5,False,2048,489,10.15516757965088,0.0,0.4974
886,265361,6,False,1424,375,10.12009620666504,0.0,0.4337
887,265627,1,False,2048,506,10.16357135772705,0.0004887585528194,0.4949
888,265869,1,False,2048,549,10.168773651123049,0.0,0.5306
889,265877,4,False,1119,316,10.165559768676758,0.0,0.3691
890,265879,4,False,892,267,10.163519859313965,0.0,0.3014
891,265927,6,False,2048,472,10.149261474609377,0.0,0.4756
892,266088,8,False,2048,540,10.137896537780762,0.0,0.4841
893,266151,4,False,2048,562,10.157452583312988,0.0,0.5883
894,266409,4,False,1093,342,10.179121971130373,0.0,0.4605
895,267430,6,False,2048,532,10.170624732971191,0.0,0.5101
896,267963,3,False,1120,325,10.204839706420898,0.0,0.3628
897,268172,7,False,2048,482,10.184979438781738,0.0,0.4786
898,268198,3,False,2048,514,10.143389701843262,0.0,0.489
899,268551,1,False,2048,432,10.131712913513184,0.0,0.4939
900,268985,0,False,2048,422,10.163799285888672,0.0,0.5445
901,269042,5,False,1776,483,10.1746244430542,0.0,0.6314
902,269153,6,False,2048,432,10.151484489440918,0.0,0.514
903,269227,2,False,2048,381,10.145990371704102,0.0,0.4969
904,269237,1,False,2048,461,10.157602310180664,0.0,0.4935
905,269326,3,False,2048,370,10.175275802612305,0.0,0.5154
906,269696,4,False,2048,428,10.161663055419922,0.0,0.5276
907,269864,4,False,2048,561,10.17487335205078,0.0,0.5725
908,270115,4,False,1414,387,10.174623489379885,0.0007082152878865,0.4911
909,270958,5,False,2048,455,10.185986518859863,0.0,0.5154
910,270972,6,False,1149,331,10.153770446777344,0.0,0.3725
911,271054,0,False,1192,331,10.185282707214355,0.0,0.4374
912,271116,0,False,2048,471,10.155695915222168,0.0,0.5819
913,271329,9,False,2048,436,10.15240478515625,0.0,0.5052
914,271719,3,False,2048,483,10.17044734954834,0.0004887585528194,0.4894
915,272137,4,False,2048,469,10.16411018371582,0.0,0.4854
916,272539,8,False,1035,312,10.148405075073242,0.0,0.4108
917,272700,2,False,1930,503,10.169968605041504,0.0,0.6478
918,272735,6,False,2048,429,10.18441104888916,0.0004887585528194,0.4899
919,272958,6,False,1171,337,10.162801742553713,0.0,0.4231
920,273315,9,False,263,69,10.186572074890137,0.0,0.2134
921,273481,0,False,892,257,10.185751914978027,0.0,0.2215
922,273545,3,False,1167,324,10.159937858581545,0.0,0.2737
923,275061,0,False,2048,475,10.167157173156738,0.0,0.475
924,275409,2,False,2048,545,10.163394927978516,0.0,0.4866
925,275413,9,False,2020,531,10.174609184265137,0.0,0.6051
926,275538,6,False,2048,459,10.160545349121094,0.0,0.4814
927,275870,5,False,2048,563,10.15366268157959,0.0,0.4995
928,276018,3,False,2048,485,10.152189254760742,0.0,0.4933
929,276124,7,False,1399,368,10.18613338470459,0.0,0.4747
930,276513,2,False,2048,449,10.151301383972168,0.0,0.5381
931,276882,4,False,2048,423,10.146522521972656,0.0,0.5038
932,277219,3,False,2048,402,10.181897163391112,0.0,0.496
933,277352,3,False,2048,445,10.169377326965332,0.0,0.5074
934,277357,9,False,2048,523,10.16867733001709,0.0,0.5095
935,277534,9,False,2048,485,10.168535232543944,0.0,0.5642
936,277568,0,False,2048,507,10.162683486938477,0.0,0.5259
937,277638,2,False,2048,451,10.189953804016112,0.0,0.4987
938,278135,3,False,2048,451,10.160587310791016,0.0,0.5015
939,278154,9,False,2048,489,10.15542697906494,0.0,0.5139
940,278284,3,False,2048,430,10.15385913848877,0.0,0.5206
941,278425,0,False,2048,423,10.170300483703612,0.0,0.5016
942,279646,9,False,2048,472,10.16652011871338,0.0,0.5275
943,279994,7,False,1839,437,10.149662017822266,0.0,0.6303
944,280350,9,False,2048,475,10.169339179992676,0.0,0.5016
945,280357,6,False,1331,370,10.184399604797363,0.0,0.5261
946,280852,4,False,1089,310,10.148494720458984,0.0,0.3705
947,280895,8,False,1535,408,10.151917457580566,0.0,0.3783
948,281286,8,False,2048,529,10.153103828430176,0.0,0.5059
949,281429,7,False,2048,450,10.16005516052246,0.0,0.4961
950,281818,6,False,2048,526,10.178447723388672,0.0,0.4965
951,282208,0,False,1804,497,10.206992149353027,0.0,0.534
952,282396,6,False,2004,505,10.127668380737305,0.0,0.596
953,282453,9,False,1274,354,10.138358116149902,0.0,0.3941
954,282648,5,False,1695,484,10.156746864318848,0.0,0.5519
955,283059,7,False,2048,512,10.14300537109375,0.0,0.4934
956,283348,0,False,1830,466,10.141945838928224,0.0,0.4569
957,283544,5,False,1402,389,10.173644065856934,0.0,0.4829
958,283713,4,False,1801,423,10.196606636047363,0.0,0.6158
959,283994,8,False,1619,397,10.143853187561035,0.0,0.603
960,284199,6,False,2048,455,10.154304504394531,0.0004887585528194,0.5022
961,284845,5,False,724,179,10.13519287109375,0.0,0.3521
962,285102,4,False,2048,469,10.16807746887207,0.0,0.4989
963,285423,7,False,1301,286,10.18738079071045,0.0,0.5394
964,285481,8,False,2048,449,10.15216064453125,0.0,0.4946
965,285636,8,False,2048,524,10.162378311157228,0.0,0.5061
966,287419,1,False,2048,435,10.172811508178713,0.0004887585528194,0.5244
967,288317,5,False,1988,506,10.17112159729004,0.0,0.722
968,288544,8,False,2048,454,10.168904304504396,0.0,0.5052
969,288636,9,False,2048,428,10.166064262390137,0.0,0.5104
970,289132,1,False,2048,451,10.162487983703612,0.0,0.5104
971,289686,1,False,2048,458,10.13467788696289,0.0,0.5219
972,289691,4,False,2048,504,10.140535354614258,0.0004887585528194,0.5179
973,289812,4,False,2048,470,10.14593505859375,0.0,0.5181
974,289919,7,False,2048,453,10.138456344604492,0.0,0.5135
975,290281,7,False,1946,489,10.16925811767578,0.0,0.538
976,290554,6,False,1465,372,10.154271125793455,0.0,0.543
977,290879,9,False,2048,494,10.140560150146484,0.0,0.5339
978,291001,9,False,2048,523,10.165130615234377,0.0,0.5162
979,291353,4,False,2048,448,10.147231101989746,0.0,0.5058
980,291735,7,False,2048,483,10.14596176147461,0.0,0.51
981,291749,2,False,2048,447,10.181525230407717,0.0,0.5319
982,292203,3,False,2048,412,10.170228004455566,0.0,0.5389
983,292346,6,False,1633,431,10.132169723510742,0.0,0.5801
984,292372,5,False,1394,363,10.175393104553224,0.0,0.5153
985,292668,5,False,1840,468,10.157739639282228,0.0005440696259029,1.4005
986,292820,4,False,2048,383,10.174827575683594,0.0,0.5058
987,293350,5,False,2048,448,10.190350532531738,0.0,0.4753
988,293404,4,False,2048,515,10.159732818603516,0.0004887585528194,0.4794
989,293673,8,False,1786,468,10.171185493469238,0.0,0.5349
990,293882,5,False,2048,524,10.160531997680664,0.0,0.4826
991,294011,2,False,2048,444,10.14759922027588,0.0,0.5041
992,294891,6,False,2048,366,10.178669929504396,0.0,0.5049
993,294951,4,False,2048,415,10.165993690490724,0.0004887585528194,0.5166
994,295039,6,False,1467,360,10.183187484741213,0.0,0.5027
995,295376,1,False,1465,381,10.16847801208496,0.0,0.3612
996,295799,6,False,2048,517,10.165321350097656,0.0,0.517
997,295865,3,False,1386,354,10.151511192321776,0.0,0.4702
998,296716,4,False,1632,396,10.178141593933104,0.0,0.5189
999,297420,5,False,926,227,10.15436840057373,0.0,0.3254
1000,297445,5,False,1514,391,10.159239768981934,0.0,0.5226
1001,297688,0,False,2048,455,10.154085159301758,0.0004887585528194,0.5311
1002,297731,2,False,2048,510,10.156087875366213,0.0,0.4914
1003,297810,8,False,2048,495,10.166851043701172,0.0,0.4826
1004,298110,2,False,1961,457,10.182252883911133,0.00051046453882,0.6261
1005,298199,2,False,2015,470,10.176175117492676,0.0,0.7057
1006,298275,9,False,1467,378,10.144852638244627,0.0,0.3594
1007,298459,3,False,2048,501,10.172625541687012,0.0,0.514
1008,298526,7,False,2048,541,10.164484024047852,0.0,0.5449
1009,298568,6,False,2048,494,10.18511962890625,0.0,0.5302
1010,298575,9,False,1668,451,10.138535499572754,0.0,0.4919
1011,299107,7,False,1687,461,10.170636177062988,0.0,0.7193
1012,299976,2,False,2048,470,10.147557258605955,0.0,0.6202
1013,300283,6,False,2048,518,10.184550285339355,0.0,0.5287
1014,300327,1,False,1763,459,10.195473670959473,0.0,0.7306
1015,300567,2,False,2048,466,10.162004470825195,0.0,0.5125
1016,300598,5,False,2048,528,10.163976669311523,0.0004887585528194,0.5285
1017,300617,5,False,1873,465,10.157346725463867,0.0,0.7438
1018,300736,8,False,2048,468,10.177754402160645,0.0,0.5314
1019,301113,5,False,1484,403,10.133649826049805,0.0,0.6714
1020,302975,3,False,1459,386,10.168207168579102,0.0,0.6353
1021,303191,6,False,2048,541,10.166427612304688,0.0,0.5454
1022,303413,2,False,2048,492,10.152196884155272,0.0,0.5141
1023,303867,2,False,469,125,10.138582229614258,0.0,0.4072
1024,304224,6,False,2048,449,10.166519165039062,0.0,0.5152
1025,304460,5,False,1684,405,10.151976585388184,0.0,0.7246
1026,304631,7,False,2048,523,10.163844108581545,0.0,0.5142
1027,304681,6,False,1575,443,10.184947967529297,0.0,0.6639
1028,304754,6,False,2048,394,10.159180641174316,0.0004887585528194,0.4802
1029,304884,5,False,1485,373,10.1659517288208,0.0,0.5938
1030,305064,1,False,2048,505,10.171859741210938,0.0,0.5007
1031,305408,8,False,2048,461,10.153482437133787,0.0,0.4857
1032,305792,8,False,2048,573,10.166834831237791,0.0,0.5013
1033,305981,1,False,2048,452,10.149166107177734,0.0,0.5095
1034,306094,6,False,2048,577,10.164140701293944,0.0,0.5235
1035,306480,7,False,1368,406,10.174720764160156,0.0,0.6052
1036,306575,6,False,2048,508,10.151780128479004,0.0,0.5178
1037,307073,1,False,1444,383,10.187748908996582,0.0006934812990948,0.6333
1038,307515,4,False,1463,393,10.134954452514648,0.0,0.6416
1039,307652,6,False,2048,524,10.187814712524414,0.0,0.4993
1040,307802,7,False,2048,506,10.169085502624512,0.0,0.4933
1041,307977,9,False,2048,440,10.156744003295898,0.0,0.5375
1042,308515,6,False,1603,433,10.145252227783203,0.0,0.6958
1043,308890,6,False,2048,451,10.159342765808104,0.0,0.5001
1044,308938,7,False,2048,506,10.16405200958252,0.0,0.4943
1045,309091,4,False,1752,435,10.168498992919922,0.0,0.7039
1046,309225,0,False,2048,521,10.16559600830078,0.0,0.5288
1047,309482,9,False,1446,387,10.168801307678224,0.0,0.5901
1048,310126,1,False,2048,480,10.167376518249512,0.0,0.5213
1049,310316,4,False,1981,489,10.143339157104492,0.0,0.7536
1050,310532,0,False,1573,361,10.148858070373535,0.0,0.6235
1051,310795,8,False,197,53,10.083218574523926,0.0,0.2614
1052,310941,0,False,2048,514,10.138578414916992,0.0,0.494
1053,311031,6,False,1858,502,10.178203582763672,0.0,0.7013
1054,311253,1,False,1194,335,10.184024810791016,0.0,0.6614
1055,313094,8,False,1991,450,10.192116737365724,0.0,0.7716
1056,313196,8,False,1863,429,10.164499282836914,0.0005373455351218,0.6345
1057,313334,2,False,2048,450,10.147772789001465,0.0,0.5341
1058,313506,4,False,1928,441,10.171287536621094,0.0,0.759
1059,313581,9,False,357,85,10.155656814575195,0.0028169013094156,0.3867
1060,313734,8,False,2048,573,10.175895690917969,0.0004887585528194,0.5612
1061,313737,9,False,2048,387,10.15304470062256,0.0,0.5198
1062,313917,0,False,2048,479,10.194199562072754,0.0,0.4932
1063,314272,1,False,2048,483,10.156882286071776,0.0,0.5058
1064,314319,6,False,2048,505,10.143362045288086,0.0,0.5223
1065,314379,1,False,2048,486,10.165844917297363,0.0,0.5109
1066,314530,9,False,2048,426,10.162564277648926,0.0,0.6018
1067,314562,2,False,2048,439,10.150860786437988,0.0,0.5335
1068,314824,7,False,2048,423,10.176718711853027,0.0,0.5203
1069,314918,0,False,2048,434,10.167476654052734,0.0,0.526
1070,315022,2,False,2048,429,10.165406227111816,0.0,0.5287
1071,315323,8,False,2048,465,10.160507202148438,0.0,0.5159
1072,315614,6,False,2048,473,10.191327095031738,0.0,0.5375
1073,315693,3,False,2048,392,10.178539276123049,0.0,0.5456
1074,316044,2,False,2048,495,10.168992042541504,0.0,0.5158
1075,316115,6,False,2048,438,10.115690231323242,0.0,0.5533
1076,316423,5,False,2048,506,10.161380767822266,0.0,0.5294
1077,316758,8,False,2048,487,10.180218696594238,0.0004887585528194,0.5084
1078,316774,2,False,2048,538,10.160189628601074,0.0,0.5198
1079,317014,6,False,2048,497,10.13736629486084,0.0,0.5026
1080,317404,9,False,1416,346,10.15720558166504,0.0,0.4152
1081,317775,1,False,1965,496,10.175650596618652,0.0,0.7059
1082,317823,2,False,2048,409,10.172247886657717,0.0,0.4969
1083,319106,1,False,2048,425,10.160503387451172,0.0,0.4993
1084,319149,6,False,2048,434,10.141338348388672,0.0,0.4772
1085,319230,8,False,2048,501,10.154409408569336,0.0,0.4894
1086,319694,4,False,1614,396,10.145465850830078,0.0,0.6134
1087,320016,5,False,2048,403,10.170374870300291,0.0,0.489
1088,320022,6,False,1994,533,10.141797065734863,0.0,0.7288
1089,320252,4,False,2048,491,10.13905143737793,0.0,0.4998
1090,320605,9,False,2048,462,10.183616638183594,0.0,0.4941
1091,321047,6,False,1808,465,10.153413772583008,0.0,0.6615
1092,321168,8,False,2048,441,10.15645694732666,0.0004887585528194,0.4738
1093,321863,2,False,1895,482,10.169282913208008,0.0,0.6701
1094,321886,0,False,2048,440,10.176779747009276,0.0,0.4818
1095,321991,9,False,2048,437,10.17584228515625,0.0,0.4792
1096,322104,4,False,2048,420,10.197300910949709,0.0,0.5119
1097,322680,0,False,2048,423,10.16126537322998,0.0,0.4811
1098,322968,8,False,2048,408,10.166362762451172,0.0,0.5059
1099,322973,8,False,2048,478,10.138450622558594,0.0,0.4886
1100,323462,9,False,2048,525,10.15188217163086,0.0,0.4968
1101,324133,7,False,2048,387,10.151987075805664,0.0,0.5009
1102,324459,7,False,2048,413,10.18686580657959,0.0,0.4915
1103,324714,9,False,1309,334,10.1837158203125,0.0,0.5153
1104,325203,9,False,1196,333,10.17620849609375,0.0,0.4682
1105,326182,5,False,1511,422,10.164373397827148,0.0,0.5503
1106,326829,4,False,1234,325,10.172918319702148,0.0,0.433
1107,326860,7,False,1228,349,10.162557601928713,0.0,0.5181
1108,326862,5,False,1511,423,10.194817543029783,0.0,0.3401
1109,327181,7,False,1069,282,10.155922889709473,0.0,0.4117
1110,327227,0,False,976,259,10.172490119934082,0.0,0.3958
1111,327334,9,False,1224,323,10.18436336517334,0.0008183306199498,0.4248
1112,327399,7,False,2048,491,10.157059669494627,0.0,0.4962
1113,327402,0,False,1349,368,10.16763401031494,0.0,0.4896
1114,327555,7,False,1486,401,10.142083168029783,0.0,0.5491
1115,327685,3,False,1496,406,10.163434028625488,0.0,0.583
1116,327721,6,False,1591,413,10.173160552978516,0.0,0.7526
1117,327996,2,False,1205,333,10.176030158996582,0.0,0.5008
1118,328052,9,False,2048,529,10.15878963470459,0.0,0.4977
1119,328070,7,False,1400,387,10.14059829711914,0.0,0.5276
1120,328270,2,False,2048,495,10.191686630249023,0.0,0.4995
1121,328355,7,False,1515,401,10.172370910644531,0.0,0.918
1122,328596,7,False,1202,302,10.169987678527832,0.0,0.5125
1123,328800,6,False,1307,375,10.168877601623535,0.0,0.5741
1124,328913,7,False,1330,367,10.18434715270996,0.0,0.3686
1125,328945,4,False,1343,365,10.181068420410156,0.0,0.6064
1126,329639,4,False,1293,355,10.187981605529783,0.0,0.5863
1127,330144,3,False,1603,433,10.15949535369873,0.0,0.4128
1128,330184,1,False,1708,462,10.152178764343262,0.0,0.4643
1129,331180,1,False,1357,358,10.187792778015137,0.0,0.5384
1130,331631,0,False,1467,389,10.177977561950684,0.0,0.4192
1131,332248,0,False,1270,330,10.18869400024414,0.0,0.4705
1132,332664,8,False,1206,323,10.187207221984863,0.0,0.4953
1133,333278,8,False,1222,335,10.188861846923828,0.0,0.4854
1134,333739,4,False,1597,448,10.19057846069336,0.0,0.5913
1135,333823,1,False,1214,336,10.175422668457031,0.0,0.4894
1136,333898,3,False,1137,306,10.197746276855469,0.0,0.4787
1137,334284,1,False,1318,365,10.155147552490234,0.0,0.5103
1138,334539,6,False,1436,388,10.153380393981934,0.0,0.5858
1139,335101,3,False,2048,531,10.185708045959473,0.0,0.6595
1140,335124,3,False,1221,329,10.17195987701416,0.0,0.4641
1141,335620,3,False,1122,325,10.185920715332031,0.0,0.45
1142,335803,6,False,1061,303,10.16701889038086,0.0,0.4508
1143,336893,5,False,2048,502,10.161870956420898,0.0,0.5225
1144,337425,0,False,1068,317,10.18549346923828,0.0,0.4825
1145,337533,0,False,1810,421,10.156867027282717,0.0,0.6593
1146,337665,8,False,2048,483,10.166749954223633,0.0,0.5078
1147,338310,8,False,2048,499,10.14473819732666,0.0,0.5086
1148,338320,1,False,2048,552,10.183368682861328,0.0,0.5166
1149,338432,3,False,2048,484,10.16899585723877,0.0,0.4996
1150,338491,2,False,1938,476,10.163554191589355,0.0,0.7036
1151,338576,2,False,966,274,10.19372272491455,0.0,0.4682
1152,339003,9,False,2015,484,10.145931243896484,0.0,0.5801
1153,339270,5,False,2048,418,10.16334342956543,0.0,0.5081
1154,340112,5,False,1410,340,10.16816234588623,0.0,0.5149
1155,340128,5,False,1551,420,10.167651176452637,0.0,0.5451
1156,340911,3,False,2048,498,10.177199363708496,0.0,0.4911
1157,341167,2,False,2048,456,10.171960830688477,0.0,0.4811
1158,341750,3,False,2048,529,10.187456130981444,0.0,0.4885
1159,342030,8,False,1207,348,10.145607948303224,0.0,0.4718
1160,342055,9,False,1405,327,10.183645248413086,0.0,0.4981
1161,342354,7,False,2048,402,10.163362503051758,0.0,0.4918
1162,343164,1,False,2048,471,10.180546760559082,0.0,0.48
1163,343244,0,False,1593,409,10.13792896270752,0.0,0.5873
1164,343289,2,False,2048,513,10.164180755615234,0.0,0.5143
1165,343989,3,False,2048,467,10.175270080566406,0.0,0.4869
1166,344782,8,False,2048,411,10.1665678024292,0.0,0.4799
1167,344944,4,False,2048,528,10.1609525680542,0.0,0.5204
1168,345914,3,False,1888,435,10.146891593933104,0.0,0.6635
1169,345964,5,False,1925,460,10.149250030517578,0.0,0.6937
1170,346073,4,False,2048,510,10.1790132522583,0.0,0.5079
1171,346172,9,False,1612,374,10.158032417297363,0.0,0.5622
1172,346844,4,False,2048,491,10.166769981384276,0.0,0.4815
1173,347049,4,False,1935,493,10.174676895141602,0.0,0.6833
1174,347183,4,False,2048,550,10.179360389709473,0.0,0.4993
1175,347267,6,False,2048,501,10.155864715576172,0.0,0.5099
1176,347721,5,False,2048,544,10.175089836120604,0.0004887585528194,0.4959
1177,347855,3,False,1740,446,10.170191764831545,0.0,0.4538
1178,348542,3,False,1931,451,10.15481662750244,0.0,0.7207
1179,348546,5,False,2048,482,10.16953468322754,0.0,0.5019
1180,348696,2,False,2048,474,10.147696495056152,0.0,0.4803
1181,348743,7,False,2048,551,10.180745124816896,0.0,0.5152
1182,348987,7,False,2048,468,10.187148094177246,0.0,0.4817
1183,349253,0,False,1688,450,10.189162254333496,0.0,0.4963
1184,349286,1,False,2048,519,10.177003860473633,0.0,0.5066
1185,349314,6,False,1881,483,10.168412208557127,0.0,0.7409
1186,349550,8,False,1740,487,10.167197227478027,0.0,0.4658
1187,349987,3,False,2048,438,10.136856079101562,0.0,0.513
1188,350869,5,False,2012,435,10.162185668945312,0.0,0.7105
1189,351213,9,False,2048,409,10.180996894836426,0.0,0.479
1190,351502,3,False,2048,453,10.148633003234863,0.0,0.4829
1191,351960,7,False,2048,438,10.17873477935791,0.0,0.4878
1192,352132,2,False,2048,421,10.139065742492676,0.0,0.5085
1193,352167,3,False,1631,424,10.14027214050293,0.0,0.7081
1194,352644,4,False,1887,469,10.155662536621094,0.0,0.727
1195,352653,9,False,2048,552,10.174897193908691,0.0,0.4864
1196,353079,0,False,2048,403,10.15879726409912,0.0,0.4834
1197,353591,6,False,2048,386,10.17243480682373,0.0,0.4877
1198,353657,6,False,2048,447,10.189205169677734,0.0,0.4809
1199,354001,3,False,2048,385,10.157147407531738,0.0,0.4771
1200,354062,4,False,1844,436,10.18448257446289,0.0,0.6921
1201,354381,6,False,2048,477,10.192193031311035,0.0,0.5479
1202,355315,9,False,2048,465,10.196563720703123,0.0,0.4777
1203,355572,9,False,1770,420,10.163095474243164,0.0,0.5981
1204,355700,1,False,2048,467,10.182644844055176,0.0,0.4856
1205,355948,0,False,1792,436,10.159850120544434,0.0,0.466
1206,356298,5,False,2048,509,10.16615867614746,0.0,0.5071
1207,356322,8,False,2048,538,10.14700984954834,0.0,0.5172
1208,357033,8,False,2048,482,10.17883014678955,0.0,0.48
1209,357157,5,False,2048,435,10.132807731628418,0.0,0.4673
1210,357232,7,False,1541,447,10.182963371276855,0.0,0.563
1211,357305,7,False,2048,490,10.160150527954102,0.0,0.485
1212,358038,8,False,2048,470,10.18354606628418,0.0,0.4821
1213,358202,9,False,2048,567,10.208873748779297,0.0,0.4954
1214,358555,9,False,2048,449,10.16922092437744,0.0,0.481
1215,359606,4,False,1527,429,10.178000450134276,0.0,0.585
1216,360175,0,False,2048,445,10.189590454101562,0.0,0.4884
1217,360419,6,False,1231,289,10.10979461669922,0.0,0.5208
1218,361251,5,False,2048,494,10.137554168701172,0.0,0.5171
1219,361260,6,False,1880,400,10.148221969604492,0.0,0.6368
1220,361552,3,False,1511,348,10.167698860168455,0.0,0.3932
1221,361562,9,False,1952,448,10.162113189697266,0.0,0.6878
1222,361705,1,False,2048,482,10.189358711242676,0.0,0.5026
1223,362142,9,False,1274,361,10.16734218597412,0.0,0.3567
1224,363032,2,False,1472,390,10.14943790435791,0.0,0.6026
1225,363050,1,False,1976,504,10.165245056152344,0.0,0.7586
1226,363091,2,False,1299,341,10.163084983825684,0.0,0.3449
1227,363452,1,False,1324,375,10.19051456451416,0.0,0.3786
1228,363555,2,False,1890,516,10.15736961364746,0.0,0.6913
1229,364165,5,False,2048,525,10.138612747192385,0.0004887585528194,0.574
1230,364173,2,False,1930,507,10.173375129699709,0.0005186722264625,0.5982
1231,364372,7,False,2048,454,10.166337966918944,0.0,0.4864
1232,364624,5,False,1739,474,10.14181137084961,0.0,0.6466
1233,365219,8,False,2048,420,10.176553726196287,0.0,0.5272
1234,365809,1,False,2048,417,10.149091720581056,0.0,0.4879
1235,366438,6,False,2048,448,10.17444133758545,0.0,0.5279
1236,366797,7,False,2048,528,10.200142860412598,0.0,0.4896
1237,366839,8,False,2048,485,10.149474143981934,0.0,0.5187
1238,366951,5,False,2048,548,10.17056369781494,0.0,0.516
1239,367039,1,False,2048,528,10.1713228225708,0.0,0.4971
1240,367307,0,False,2048,446,10.152897834777832,0.0,0.5247
1241,367521,7,False,2048,507,10.14971923828125,0.0,0.513
1242,367918,5,False,2048,523,10.162364959716797,0.0,0.5302
1243,368072,0,False,2048,506,10.145231246948242,0.0,0.5601
1244,368467,8,False,2048,472,10.169717788696287,0.0,0.5259
1245,368738,2,False,1866,456,10.142836570739746,0.0,0.6806
1246,368829,3,False,2048,473,10.145569801330566,0.0,0.5082
1247,370169,3,False,2048,514,10.136187553405762,0.0004887585528194,0.4868
1248,370461,2,False,2048,567,10.161344528198242,0.0,0.4806
1249,370988,9,False,2000,525,10.178215026855469,0.0,0.7724
1250,371026,5,False,1757,463,10.139965057373049,0.0,0.6185
1251,371313,2,False,2048,512,10.155756950378418,0.0,0.6137
1252,371814,5,False,1833,539,10.182475090026855,0.000546149618458,0.731
1253,372033,2,False,2048,469,10.152005195617676,0.0,0.4999
1254,372187,5,False,990,329,10.174479484558104,0.0,0.4888
1255,372258,4,False,2048,528,10.158673286437988,0.0,0.5066
1256,372461,3,False,2048,489,10.164012908935549,0.0,0.4877
1257,372907,2,False,2048,514,10.167859077453612,0.0,0.4811
1258,373129,2,False,2048,567,10.118780136108398,0.0,0.4939
1259,373836,9,False,407,107,10.18228530883789,0.0,0.3156
1260,374038,9,False,2048,515,10.192676544189451,0.0,0.4911
1261,374536,4,False,2048,498,10.15058135986328,0.0,0.5575
1262,374740,8,False,1958,501,10.17735481262207,0.0005112474318593,0.6863
1263,374767,5,False,1413,358,10.127999305725098,0.0,0.5289
1264,374882,1,False,1815,444,10.152220726013184,0.0,0.4844
1265,374968,6,False,2048,513,10.148534774780272,0.0,0.5137
1266,375026,9,False,1771,473,10.1741943359375,0.0,0.5941
1267,375240,3,False,2048,526,10.16463851928711,0.0,0.4759
1268,375448,1,False,1641,433,10.155632019042969,0.0,0.5834
1269,375695,7,False,1819,476,10.164892196655272,0.0,0.4819
1270,375954,9,False,1675,450,10.170109748840332,0.0005977286491543,0.5724
1271,375999,7,False,1065,285,10.15043830871582,0.0,0.4762
1272,376115,8,False,2048,473,10.147021293640137,0.0,0.4817
1273,376268,9,False,1531,378,10.156224250793455,0.0,0.5954
1274,376278,3,False,1995,501,10.1473970413208,0.0,0.7081
1275,376573,5,False,2048,493,10.195131301879885,0.0,0.4843
1276,376823,4,False,1359,338,10.185548782348633,0.0,0.5019
1277,377098,7,False,1632,423,10.14186668395996,0.0,0.4163
1278,377483,7,False,1559,408,10.149368286132812,0.0,0.3988
1279,377617,3,False,2048,486,10.156055450439451,0.0,0.5039
1280,377939,7,False,1668,345,10.145285606384276,0.0,0.4114
1281,378494,8,False,2048,454,10.1708345413208,0.0,0.4825
1282,379011,6,False,2048,456,10.18529224395752,0.0,0.4878
1283,379654,0,False,1599,381,10.167707443237305,0.0,0.4455
1284,379683,4,False,2048,476,10.196935653686523,0.0,0.4772
1285,380101,5,False,2048,401,10.16055965423584,0.0,0.4982
1286,381525,7,False,2048,451,10.152950286865234,0.0,0.4823
1287,382386,2,False,1330,342,10.18110179901123,0.0007530120201408,0.3434
1288,383132,8,False,1556,378,10.159784317016602,0.0,0.6737
1289,383774,0,False,1542,365,10.170427322387695,0.0,0.9318
1290,383859,2,False,1725,462,10.163930892944336,0.0,0.84
1291,383936,0,False,1654,389,10.174182891845703,0.0,0.4285
1292,384305,9,False,2048,463,10.186164855957031,0.0,0.4998
1293,384315,0,False,1668,432,10.156822204589844,0.0,0.404
1294,384424,8,False,1694,427,10.174384117126465,0.0,0.7828
1295,384974,6,False,1817,454,10.180582046508787,0.0,0.9968
1296,385011,9,False,2048,472,10.18010711669922,0.0,0.4822
1297,385173,9,False,1351,324,10.157241821289062,0.0,0.3247
1298,385340,9,False,1646,420,10.135879516601562,0.0,0.591
1299,385343,4,False,2048,390,10.17307472229004,0.0,0.524
1300,385658,9,False,793,198,10.131659507751465,0.0,0.5314
1301,385785,2,False,2048,402,10.156511306762695,0.0,0.4845
1302,386369,3,False,1855,492,10.168741226196287,0.0,0.7247
1303,386374,0,False,2048,553,10.153886795043944,0.0,0.52
1304,386400,9,False,2048,451,10.1460542678833,0.0,0.4715
1305,386406,3,False,1720,468,10.17008113861084,0.0,0.6576
1306,386468,1,False,2048,515,10.177664756774902,0.0,0.5077
1307,386649,9,False,1637,435,10.181550979614258,0.0,0.6604
1308,386927,2,False,1794,485,10.168350219726562,0.0,0.7348
1309,387959,4,False,1899,485,10.163296699523926,0.0,0.6695
1310,388692,4,False,2048,483,10.156976699829102,0.0,0.4938
1311,388828,6,False,1618,390,10.20673656463623,0.0,0.6927
1312,389193,9,False,2048,563,10.131162643432615,0.0009775171056389,0.4728
1313,389469,0,False,2048,496,10.179473876953123,0.0,0.4794
1314,389476,1,False,1857,507,10.166976928710938,0.0,0.6973
1315,390131,1,False,2048,505,10.140520095825195,0.0,0.4775
1316,390163,9,False,1853,470,10.142606735229492,0.0005402485257945,0.6787
1317,390836,8,False,2048,468,10.14561367034912,0.0,0.4845
1318,390843,0,False,1430,386,10.170942306518556,0.0,0.5618
1319,391166,6,False,1601,408,10.16060733795166,0.0,0.6117
1320,391595,2,False,2048,479,10.165453910827637,0.0,0.8424
1321,391713,5,False,1597,418,10.152347564697266,0.0,0.4171
1322,392029,3,False,1162,311,10.177916526794434,0.0,0.4681
1323,392263,4,False,2048,457,10.15612506866455,0.0,0.4806
1324,392544,7,False,1761,453,10.128171920776367,0.0,0.7235
1325,392839,7,False,1156,309,10.17996311187744,0.0,0.6314
1326,393351,7,False,2048,490,10.137179374694824,0.0,0.6158
1327,393512,5,False,2048,432,10.153979301452637,0.0,0.4887
1328,393548,5,False,2048,445,10.14609718322754,0.0,0.4983
1329,394651,6,False,2048,416,10.181535720825195,0.0,0.5482
1330,395301,4,False,2048,450,10.16065502166748,0.0,0.5168
1331,395456,8,False,1915,418,10.176291465759276,0.0,0.8159
1332,395573,4,False,1832,428,10.157800674438477,0.0,0.7034
1333,396365,7,False,1846,409,10.16889476776123,0.0,0.6953
1334,396390,8,False,2048,448,10.1594820022583,0.0,0.4815
1335,396440,5,False,2048,417,10.18465518951416,0.0,0.5079
1336,396726,4,False,1516,350,10.151857376098633,0.0,0.6706
1337,396733,2,False,2048,449,10.174657821655272,0.0004887585528194,0.4934
1338,397044,9,False,2048,477,10.16522979736328,0.0,0.4987
1339,397340,8,False,2029,449,10.14423656463623,0.0,0.7352
1340,397409,6,False,2048,365,10.15627670288086,0.0,0.4745
1341,398791,3,False,1193,270,10.146486282348633,0.0,0.5094
1342,399163,7,False,1933,471,10.19248390197754,0.0,0.7968
1343,399186,5,False,2048,413,10.176594734191896,0.0,0.4871
1344,399368,1,False,1200,274,10.14346694946289,0.0,0.5251
1345,399504,2,False,2048,481,10.157869338989258,0.0,0.4954
1346,400220,3,False,1226,276,10.18891716003418,0.0,0.522
1347,400233,9,False,2048,428,10.157538414001465,0.0,0.4879
1348,400315,4,False,2048,415,10.16973114013672,0.0,0.4774
1349,400692,2,False,1702,428,10.146318435668944,0.0,0.427
1350,401140,7,False,1658,371,10.158600807189941,0.0,0.7096
1351,401471,1,False,1696,394,10.172774314880371,0.0,0.8386
1352,401916,6,False,1841,392,10.177862167358398,0.0,0.5468
1353,402211,1,False,1952,449,10.17369556427002,0.0,0.6146
1354,402408,6,False,2048,364,10.166529655456543,0.0,1.1736
1355,402955,3,False,1965,451,10.17379379272461,0.0005094243679195642,0.6423
1356,403256,4,False,1864,437,10.17874813079834,0.0005370569415390491,0.6099
1357,403730,8,False,1386,315,10.143528938293457,0.0,0.4373
1358,403742,6,False,2048,457,10.154895782470703,0.0,0.513
1359,403863,8,False,2048,457,10.145499229431152,0.0,0.4996
1360,404096,3,False,1247,296,10.18254280090332,0.0008032128680497408,0.3939
1361,404370,6,False,2048,395,10.191926956176758,0.0,0.4852
1362,404625,8,False,2044,441,10.173344612121582,0.0,0.6293
1363,405242,8,False,2048,408,10.147396087646484,0.0,0.4786
1364,405291,4,False,1977,481,10.154029846191406,0.0,0.5943
1365,405326,6,False,2048,425,10.156290054321289,0.0,0.4867
1366,405477,1,False,2048,433,10.173558235168457,0.0,0.4833
1367,405554,0,False,2048,436,10.145174980163574,0.0,0.5457
1368,406670,8,False,284,68,10.119124412536621,0.0,0.1965
1369,406886,7,False,2048,465,10.171255111694336,0.0,0.5167
1370,407359,5,False,274,77,10.20975399017334,0.0,0.2622
1371,407612,7,False,2048,516,10.157601356506348,0.0,0.4959
1372,408485,2,False,2048,453,10.158964157104492,0.0,0.5299
1373,408607,1,False,2048,442,10.186004638671875,0.0,0.4871
1374,410127,2,False,2048,533,10.182336807250977,0.0,0.5394
1375,410263,2,False,2048,486,10.170284271240234,0.0,0.5132
1376,410613,9,False,2048,470,10.169500350952148,0.0,0.5554
1377,411177,7,False,2048,406,10.151656150817871,0.0,0.4911
1378,411437,4,False,2048,388,10.133757591247559,0.0,0.5168
1379,411673,8,False,838,231,10.177960395812988,0.0,0.3292
1380,412281,0,False,2048,467,10.164008140563965,0.0,0.5047
1381,412717,9,False,2048,414,10.145462989807129,0.0,0.4979
1382,413180,6,False,1781,452,10.183152198791504,0.0,0.5512
1383,413191,3,False,2048,537,10.178975105285645,0.0,0.5298
1384,413438,9,False,1657,435,10.163519859313965,0.0,0.5059
1385,413560,6,False,2048,493,10.151583671569824,0.0,0.4982
1386,413741,5,False,2048,546,10.160520553588867,0.0,0.5315
1387,414025,1,False,2048,436,10.17910385131836,0.0,0.4765
1388,414132,5,False,1972,520,10.164527893066406,0.0,0.6181
1389,414686,2,False,2048,461,10.175592422485352,0.0004887585528194904,0.4779
1390,415093,3,False,1758,423,10.180495262145996,0.0,0.529
1391,415580,2,False,2048,539,10.177814483642578,0.0,0.4947
1392,415759,5,False,1200,360,10.19139575958252,0.0,0.399
1393,415851,2,False,1820,462,10.13434886932373,0.0,0.5399
1394,416348,7,False,2048,522,10.144335746765137,0.0,0.5111
1395,417163,5,False,2048,548,10.172712326049805,0.0,0.5232
1396,417596,4,False,1925,502,10.14342975616455,0.0,0.5919
1397,418005,5,False,2048,488,10.176331520080566,0.0,0.4966
1398,418939,6,False,891,249,10.188366889953613,0.0,0.33
1399,419130,6,False,1351,371,10.155750274658203,0.0,0.4503
1400,419379,2,False,1222,340,10.137001991271973,0.0,0.4181
1401,419519,5,False,1124,328,10.149469375610352,0.0,0.3781
1402,419702,8,False,2048,558,10.184358596801758,0.0,0.6006
1403,419846,3,False,1517,380,10.162394523620605,0.0,0.4966
1404,420614,9,False,1353,323,10.165850639343262,0.0,0.4198
1405,420779,4,False,1533,373,10.143513679504395,0.0,0.4625
1406,421127,8,False,2048,466,10.156798362731934,0.0,0.5144
1407,421957,3,False,1095,292,10.13369369506836,0.0,0.3778
1408,422033,7,False,2027,494,10.170750617980957,0.0,0.6191
1409,422624,7,False,1574,384,10.165141105651855,0.0,0.4714
1410,423344,0,False,1679,403,10.17368221282959,0.000596302910707891,0.4973
1411,423418,3,False,1759,404,10.141228675842285,0.0005691519472748041,0.5094
1412,423549,4,False,2048,432,10.147852897644043,0.0,0.5096
1413,424261,7,False,1282,308,10.175662994384766,0.0007812500116415322,0.4858
1414,424589,2,False,2048,397,10.154356956481934,0.0,0.491
1415,424820,1,False,1186,288,10.153358459472656,0.0,0.3762
1416,424881,5,False,1649,418,10.185240745544434,0.0,0.4654
1417,425269,6,False,1723,423,10.152595520019531,0.0,0.5079
1418,425880,2,False,2048,491,10.196012496948242,0.0,0.5071
1419,426144,6,False,1791,441,10.167576789855957,0.0,0.7006
1420,426275,6,False,2048,459,10.164891242980957,0.0,0.5076
1421,426308,7,False,1587,393,10.169126510620117,0.0,0.5026
1422,426363,2,False,1485,366,10.210469245910645,0.0,0.4909
1423,426546,2,False,2048,482,10.159497261047363,0.0,0.5392
1424,426627,0,False,1547,387,10.131577491760254,0.0,0.532
1425,427127,0,False,1168,289,10.181853294372559,0.0,0.4905
1426,427163,2,False,1692,424,10.187189102172852,0.0,0.5007
1427,427323,0,False,1833,425,10.177552223205566,0.0,0.5435
1428,427537,4,False,1558,393,10.157124519348145,0.0,0.4931
1429,427752,1,False,1132,294,10.13875675201416,0.0,0.4033
1430,428773,9,False,1293,313,10.167723655700684,0.0,0.4036
1431,428892,4,False,2048,385,10.152933120727539,0.0,0.5081
1432,429246,2,False,2048,497,10.157045364379883,0.0,0.4845
1433,429388,8,False,2048,440,10.170066833496094,0.0,0.4832
1434,429645,8,False,2048,465,10.164459228515625,0.0,0.4865
1435,430121,8,False,1112,275,10.151121139526367,0.0,0.4178
1436,430369,5,False,2048,493,10.174778938293457,0.0,0.4714
1437,430610,4,False,1502,369,10.153209686279297,0.0,0.4516
1438,430762,3,False,1705,400,10.14155387878418,0.0,0.5425
1439,431300,8,False,1640,384,10.194480895996094,0.0,0.5158
1440,431337,1,False,1884,462,10.16137409210205,0.0,0.5488
1441,431785,4,False,1442,379,10.130821228027344,0.0,0.523
1442,432145,7,False,2048,457,10.155060768127441,0.0,0.5112
1443,432861,9,False,1530,399,10.130550384521484,0.0,0.4349
1444,433247,0,False,1697,435,10.14267349243164,0.0,0.4976
1445,433673,2,False,2048,537,10.16468334197998,0.0,0.4861
1446,434050,5,False,1562,384,10.16927719116211,0.0,0.4554
1447,434250,8,False,2048,407,10.159441947937012,0.0,0.5057
1448,434306,5,False,1298,323,10.146042823791504,0.0,0.4379
1449,434310,5,False,1487,373,10.179383277893066,0.0,0.4572
1450,434336,1,False,2048,489,10.169451713562012,0.0,0.5514
1451,434528,7,False,1479,374,10.191262245178223,0.0,0.4461
1452,434695,6,False,1962,517,10.163322448730469,0.0,0.5722
1453,434891,4,False,1384,339,10.162195205688477,0.0,0.456
1454,435115,8,False,1408,351,10.15027904510498,0.0,0.5588
1455,435174,4,False,1399,351,10.152493476867676,0.0,0.5101
1456,435326,4,False,1720,418,10.167328834533691,0.0,0.4701
1457,435495,2,False,1391,358,10.140497207641602,0.0,0.4337
1458,435581,4,False,2048,434,10.151359558105469,0.0,0.4787
1459,435628,0,False,1694,469,10.148882865905762,0.0,0.5685
1460,435911,3,False,2048,458,10.195088386535645,0.0,0.4932
1461,436193,3,False,1905,471,10.153191566467285,0.0,0.5985
1462,436336,4,False,1625,411,10.144485473632812,0.0,0.5463
1463,436381,9,False,1556,379,10.137792587280273,0.0,0.5644
1464,436554,9,False,2048,469,10.170156478881836,0.0,0.5292
1465,436715,1,False,2048,456,10.15890121459961,0.0,0.486
1466,437179,7,False,1854,463,10.13723373413086,0.0,0.5786
1467,437446,1,False,1634,421,10.155803680419922,0.0,0.5178
1468,437462,3,False,2048,436,10.12404727935791,0.0,0.48
1469,437701,4,False,1867,471,10.186013221740723,0.0,0.5692
1470,438099,3,False,1796,452,10.151398658752441,0.0005574136157520115,0.6138
1471,438871,7,False,1314,317,10.142937660217285,0.0,0.4221
1472,439124,9,False,1600,445,10.156777381896973,0.0,0.5644
1473,439193,6,False,1426,364,10.168490409851074,0.0,0.6457
1474,439236,5,False,1520,384,10.164959907531738,0.0,0.578
1475,439244,5,False,1819,525,10.158656120300293,0.0,0.6733
1476,439691,0,False,2048,501,10.154708862304688,0.0,0.4876
1477,439845,3,False,1700,433,10.162890434265137,0.0,0.5205
1478,439953,2,False,2048,470,10.127570152282715,0.0,0.4672
1479,440254,3,False,1561,398,10.151787757873535,0.0,0.5367
1480,440287,3,False,1198,286,10.169185638427734,0.0,0.4608
1481,440551,6,False,1678,435,10.151759147644043,0.000596658734139055,0.5019
1482,440766,1,False,1404,373,10.150779724121094,0.0,0.4136
1483,441104,6,False,2048,468,10.17896556854248,0.0,0.4901
1484,441124,4,False,2048,453,10.178513526916504,0.0,0.4628
1485,442185,0,False,1805,460,10.148703575134277,0.0,0.5306
1486,442391,6,False,1446,363,10.138891220092773,0.0,0.4209
1487,442429,2,False,1483,373,10.181394577026367,0.0,0.4518
1488,443068,3,False,1313,330,10.162860870361328,0.0,0.529
1489,443652,8,False,2048,411,10.174818992614746,0.0,0.5264
1490,444721,2,False,2048,507,10.12321662902832,0.0,0.4908
1491,444932,7,False,2028,512,10.160764694213867,0.0,0.6299
1492,444971,7,False,923,241,10.147791862487793,0.0,0.3814
1493,445088,8,False,2048,495,10.180160522460938,0.0,0.4846
1494,445356,3,False,1662,450,10.167830467224121,0.0,0.5672
1495,446154,2,False,2048,564,10.157319068908691,0.0,0.4881
1496,446577,7,False,2048,563,10.1852445602417,0.0,0.4945
1497,446713,0,False,1837,469,10.156938552856445,0.0,0.5805
1498,447345,9,False,2048,500,10.150394439697266,0.0,0.4898
1499,447402,1,False,1943,519,10.185729026794434,0.0,0.6357
1500,447543,2,False,2048,516,10.152853965759277,0.0,0.5528
1501,447944,3,False,2048,529,10.17053508758545,0.0,0.5008
1502,448620,3,False,984,261,10.158316612243652,0.0,0.3561
1503,448978,9,False,364,92,10.167867660522461,0.0,0.3275
1504,449324,2,False,1138,345,10.192575454711914,0.0,0.5136
1505,449420,0,False,1384,390,10.151763916015625,0.0,0.3726
1506,450068,3,False,2048,516,10.175422668457031,0.0,0.4762
1507,450402,7,False,2048,533,10.159875869750977,0.0,0.482
1508,450701,3,False,985,245,10.187907218933105,0.0,0.4116
1509,451201,0,False,2048,438,10.152657508850098,0.0,0.5003
1510,451218,1,False,2048,435,10.1774263381958,0.0,0.4907
1511,451295,7,False,2048,476,10.156954765319824,0.0,0.5054
1512,451502,7,False,2048,439,10.116364479064941,0.0,0.4986
1513,451689,0,False,2048,433,10.138265609741211,0.0,0.4869
1514,451750,2,False,2048,416,10.169590950012207,0.0,0.4907
1515,452053,4,False,1647,383,10.169235229492188,0.0006079027079977095,0.6384
1516,452617,7,False,1461,423,10.131157875061035,0.0,0.507
1517,452853,1,False,2048,444,10.155217170715332,0.0,0.5069
1518,452869,3,False,1829,478,10.151651382446289,0.0,0.7803
1519,453339,4,False,2048,428,10.185157775878906,0.0,0.5179
1520,453991,6,False,2048,395,10.174529075622559,0.0,0.5151
1521,454615,7,False,2048,549,10.18397331237793,0.0,0.5458
1522,455212,6,False,2048,544,10.166443824768066,0.0,0.5602
1523,455269,3,False,1161,328,10.121411323547363,0.0,0.6406
1524,455395,2,False,2048,571,10.151665687561035,0.0,0.5405
1525,455593,4,False,2048,492,10.161126136779785,0.0,0.4985
1526,455715,3,False,2048,454,10.168063163757324,0.0,0.4828
1527,456017,6,False,2025,505,10.18425178527832,0.0,0.6544
1528,456455,5,False,1813,484,10.179513931274414,0.0005521810962818563,0.6392
1529,456603,0,False,2048,490,10.144948959350586,0.0,0.4891
1530,456880,9,False,2048,463,10.167604446411133,0.0,0.51
1531,457157,0,False,2048,435,10.193487167358398,0.0,0.4777
1532,457376,4,False,2048,421,10.182473182678223,0.0,0.4853
1533,457481,7,False,2048,463,10.14023494720459,0.0004887585528194904,0.4984
1534,457532,1,False,2048,457,10.157888412475586,0.0,0.498
1535,457663,4,False,2048,488,10.15472412109375,0.0,0.4899
1536,457728,7,False,2048,491,10.160693168640137,0.0,0.4959
1537,458702,3,False,2048,470,10.122635841369629,0.0,0.5008
1538,459188,3,False,1958,500,10.14879035949707,0.0,0.6946
1539,459227,0,False,1950,490,10.193708419799805,0.0,0.6378
1540,459531,7,False,2048,500,10.174468040466309,0.0,0.4855
1541,459581,1,False,2048,436,10.171527862548828,0.0004887585528194904,0.4752
1542,459843,5,False,2048,455,10.158113479614258,0.0,0.4941
1543,459873,8,False,2048,517,10.18198013305664,0.0,0.5042
1544,459894,6,False,2048,455,10.129478454589844,0.0,0.4852
1545,460122,0,False,2048,445,10.169803619384766,0.0,0.5142
1546,460323,5,False,2048,492,10.140503883361816,0.0,0.4834
1547,460375,3,False,2048,508,10.175868034362793,0.0,0.506
1548,460604,1,False,2048,465,10.145009994506836,0.0,0.4806
1549,460745,7,False,2048,457,10.173179626464844,0.0,0.4931
1550,460965,7,False,2048,494,10.173129081726074,0.0,0.508
1551,461013,8,False,1593,401,10.172375679016113,0.0,0.5255
1552,461222,0,False,1305,335,10.16462516784668,0.0,0.5122
1553,461240,9,False,2048,526,10.154953956604004,0.0,0.4946
1554,461302,6,False,1428,391,10.168489456176758,0.0,0.4619
1555,461392,4,False,1859,490,10.17675495147705,0.0,0.5781
1556,461840,6,False,1282,343,10.141097068786621,0.0,0.3123
1557,461958,2,False,1289,356,10.18562126159668,0.0,0.439
1558,462279,0,False,2048,543,10.148771286010742,0.0,0.5011
1559,462536,3,False,1244,344,10.171669006347656,0.0,0.4425
1560,462577,9,False,2048,554,10.15480899810791,0.0,0.5073
1561,462873,4,False,2048,558,10.1769380569458,0.0,0.553
1562,463370,7,False,2048,494,10.156185150146484,0.0,0.4874
1563,463545,3,False,1759,457,10.192811012268066,0.0,0.4447
1564,463576,1,False,1027,269,10.185846328735352,0.0,0.3765
1565,463632,9,False,2048,548,10.179373741149902,0.0,0.4864
1566,463813,3,False,2048,404,10.163606643676758,0.0,0.4796
1567,464039,5,False,2048,516,10.20090103149414,0.0004887585528194904,0.4903
1568,464491,7,False,1354,355,10.155134201049805,0.0,0.4827
1569,464532,6,False,1339,329,10.165913581848145,0.0,0.4713
1570,464618,4,False,1742,453,10.1498441696167,0.0005747126415371895,0.5595
1571,464708,9,False,2048,457,10.153865814208984,0.0,0.486
1572,465614,4,False,1647,444,10.16476821899414,0.0,0.407
1573,465932,0,False,1913,482,10.17497444152832,0.0,0.6073
1574,466053,0,False,2045,495,10.172006607055664,0.0,0.6483
1575,467595,9,False,2048,462,10.149836540222168,0.0,0.4977
1576,468358,5,False,1266,302,10.167936325073242,0.0,0.4392
1577,468481,8,False,1996,479,10.203585624694824,0.000501504517160356,0.6489
1578,468613,5,False,1337,335,10.152485847473145,0.0,0.4496
1579,468635,2,False,2027,487,10.154330253601074,0.0,0.5126
1580,469357,9,False,2048,408,10.193367004394531,0.0,0.4851
1581,469518,1,False,2048,433,10.146846771240234,0.0,0.4825
1582,469759,1,False,1939,467,10.14697551727295,0.0,0.6505
1583,469872,1,False,1690,407,10.174772262573242,0.0,0.58
1584,469920,6,False,2045,469,10.170172691345215,0.0,0.5086
1585,470026,0,False,1846,450,10.168445587158203,0.0,0.5711
1586,470071,9,False,1568,377,10.153688430786133,0.0,0.4898
1587,470209,3,False,2048,414,10.16887378692627,0.0,0.4802
1588,470473,5,False,1675,424,10.151771545410156,0.0,0.5368
1589,470553,8,False,1938,452,10.179000854492188,0.0005165289039723575,0.625
1590,470760,2,False,2048,465,10.158373832702637,0.0,0.4715
1591,471248,5,False,2048,444,10.168291091918945,0.0,0.4807
1592,472380,4,False,1788,455,10.126922607421875,0.0,0.5713
1593,472515,4,False,1320,311,10.148338317871094,0.0,0.4542
1594,472986,0,False,2048,476,10.15881633758545,0.0,0.4785
1595,473049,9,False,2048,480,10.160490036010742,0.0,0.4876
1596,473137,6,False,1353,288,10.166921615600586,0.0,0.3258
1597,473324,2,False,2048,353,10.162795066833496,0.0,0.487
1598,473511,4,False,2048,401,10.181201934814453,0.0,0.4868
1599,473795,6,False,837,231,10.180752754211426,0.0,0.4316
1600,473811,0,False,1987,480,10.16956901550293,0.0,0.6738
1601,473927,1,False,1588,376,10.161016464233398,0.0,0.5851
1602,474087,6,False,2048,443,10.16811466217041,0.0,0.5029
1603,474479,3,False,2048,481,10.13321590423584,0.0,0.4894
1604,474526,3,False,2048,420,10.142972946166992,0.0,0.4815
1605,474846,8,False,2048,426,10.147308349609375,0.0,0.5033
1606,475032,1,False,2048,465,10.160551071166992,0.0,0.5129
1607,475140,7,False,2048,497,10.162513732910156,0.0,0.5445
1608,475207,5,False,2048,485,10.154929161071777,0.0,0.5486
1609,475228,2,False,2048,462,10.162693977355957,0.0,0.4949
1610,475372,7,False,2048,468,10.164462089538574,0.0,0.5365
1611,476603,9,False,2048,416,10.14620590209961,0.0,0.516
1612,476973,5,False,2048,437,10.155303001403809,0.0,0.5341
1613,477396,8,False,2048,491,10.153890609741211,0.0,0.5213
1614,477549,5,False,2048,515,10.160655975341797,0.0,0.5787
1615,477716,5,False,2048,493,10.14537525177002,0.0,0.5888
1616,477859,3,False,2048,465,10.165249824523926,0.0,0.6011
1617,477962,2,False,2048,496,10.16133975982666,0.0,0.5621
1618,478681,1,False,2048,473,10.181702613830566,0.0,0.5418
1619,480665,3,False,2048,552,10.171836853027344,0.0,0.5059
1620,480841,0,False,2048,437,10.184678077697754,0.0,0.5801
1621,481300,5,False,2048,454,10.17476749420166,0.0,0.5417
1622,482055,6,False,2048,539,10.167471885681152,0.0,0.5423
1623,482454,4,False,2048,449,10.175827026367188,0.0,0.5723
1624,482961,2,False,2048,467,10.136621475219727,0.0,0.5598
1625,483280,0,False,2048,600,10.186395645141602,0.0,0.5417
1626,483494,2,False,2048,599,10.136398315429688,0.0,0.5288
1627,483840,1,False,2048,573,10.157187461853027,0.0,0.5224
1628,484652,1,False,2048,581,10.17153549194336,0.0,0.5214
1629,484667,7,False,2048,593,10.152591705322266,0.0,0.6066
1630,484744,3,False,1476,423,10.160615921020508,0.0,0.5807
1631,485170,8,False,2048,582,10.156061172485352,0.0,0.5398
1632,485713,2,False,2048,456,10.172355651855469,0.0004887585528194904,0.4747
1633,485938,5,False,2048,534,10.147247314453125,0.0,0.4944
1634,486015,0,False,2048,600,10.167159080505371,0.0004887585528194904,0.4977
1635,486623,1,False,1619,434,10.165918350219727,0.0,0.5823
1636,487245,2,False,2048,459,10.157073020935059,0.0,0.4976
1637,487299,3,False,2048,540,10.131265640258789,0.0,0.4967
1638,487902,5,False,2017,518,10.165253639221191,0.000496277934871614,0.724
1639,487932,1,False,2048,536,10.159843444824219,0.0,0.5053
1640,488023,5,False,2048,512,10.182686805725098,0.0004887585528194904,0.5655
1641,488134,2,False,2048,414,10.135403633117676,0.0,0.4842
1642,488596,7,False,2048,546,10.17658805847168,0.0,0.5441
1643,488868,3,False,1509,417,10.157035827636719,0.0006635700119659305,0.537
1644,488895,6,False,2048,471,10.145909309387207,0.0,0.4879
1645,489154,8,False,2048,441,10.160528182983398,0.0,0.5611
1646,489369,1,False,2048,474,10.156231880187988,0.0,0.5136
1647,490025,8,False,1518,385,10.145318984985352,0.0,0.5675
1648,490030,0,False,2048,515,10.151137351989746,0.0,0.51
1649,490116,6,False,2048,364,10.15563678741455,0.0,0.493
1650,490854,4,False,1877,507,10.165303230285645,0.0005333333392627537,0.6308
1651,490942,2,False,2048,472,10.14310073852539,0.0,0.5219
1652,491002,8,False,1975,487,10.151395797729492,0.0,0.7163
1653,491372,1,False,2048,443,10.180471420288086,0.0004887585528194904,0.5136
1654,491614,0,False,2048,516,10.1815185546875,0.0,0.5188
1655,491662,7,False,2048,462,10.152419090270996,0.0,0.5103
1656,492489,8,False,2048,505,10.1632719039917,0.0,0.5132
1657,492655,2,False,1760,443,10.178518295288086,0.0,0.7016
1658,494100,6,False,1303,378,10.179487228393555,0.0,0.56
1659,494113,9,False,1141,339,10.19635009765625,0.0,0.516
1660,494587,3,False,2048,432,10.149256706237793,0.0,0.4799
1661,494593,8,False,2048,540,10.202048301696777,0.0,0.5269
1662,494665,4,False,2048,439,10.17143440246582,0.0,0.4966
1663,494717,8,False,1981,499,10.150609016418457,0.0005053057102486491,0.7601
1664,495028,7,False,2048,517,10.1646089553833,0.0004887585528194904,0.4814
1665,495171,0,False,1102,322,10.202641487121582,0.0,0.4251
1666,495401,0,False,1888,448,10.132437705993652,0.0,0.6902
1667,495733,5,False,1869,459,10.178670883178711,0.0,0.6628
1668,496228,0,False,2048,482,10.180259704589844,0.0,0.5089
1669,496685,4,False,2048,554,10.181947708129883,0.0,0.5162
1670,496720,7,False,2048,408,10.177790641784668,0.0,0.485
1671,496743,3,False,2048,566,10.148578643798828,0.0,0.5443
1672,496803,1,False,1945,497,10.187146186828613,0.0,0.8005
1673,496943,9,False,1181,331,10.155786514282227,0.0,0.5301
1674,497052,1,False,2048,440,10.161821365356445,0.0,0.5159
1675,497325,0,False,1107,326,10.124835014343262,0.0,0.4285
1676,497837,7,False,2048,485,10.183897018432617,0.0,0.5009
1677,497905,1,False,2048,469,10.136863708496094,0.0,0.4897
1678,498474,8,False,2048,386,10.148696899414062,0.0,0.4796
1679,498527,8,False,802,204,10.179235458374023,0.0,0.3746
1680,498933,3,False,2048,416,10.183191299438477,0.0,0.4912
1681,499454,0,False,2048,452,10.138039588928223,0.0004887585528194904,0.4956
1682,499475,2,False,2048,442,10.153928756713867,0.0,0.4815
1683,499502,4,False,2048,493,10.1824312210083,0.0,0.4991
1684,500215,2,False,1208,351,10.181462287902832,0.0,0.5557
1685,500262,3,False,2048,428,10.16418743133545,0.0,0.5362
1686,500309,9,False,2048,431,10.171782493591309,0.0,0.5687
1687,500390,0,False,2048,441,10.177290916442871,0.0,0.4862
1688,500847,6,False,2048,471,10.15800666809082,0.0,0.5303
1689,501284,1,False,2048,472,10.170414924621582,0.0,0.4733
1690,501471,6,False,1761,429,10.155855178833008,0.0,0.6482
1691,501560,7,False,2048,421,10.154088973999023,0.0,0.4856
1692,501632,2,False,2048,441,10.158330917358398,0.0,0.5186
1693,501890,4,False,2048,446,10.137239456176758,0.0,0.4794
1694,502112,0,False,2048,472,10.165246963500977,0.0004887585528194904,0.4734
1695,502147,9,False,2048,480,10.144943237304688,0.0,0.4802
1696,502747,8,False,2048,499,10.16015625,0.0,0.5136
1697,502750,7,False,2048,442,10.171781539916992,0.0,0.4758
1698,502759,0,False,2020,490,10.135555267333984,0.0,0.6975
1699,502914,8,False,1701,443,10.167198181152344,0.0,0.7042
1700,502915,6,False,1631,430,10.184456825256348,0.0,0.7281
1701,503187,2,False,1091,257,10.19200325012207,0.0,0.5809
1702,503902,6,False,2048,476,10.160625457763672,0.0,0.694
1703,503938,0,False,1893,459,10.147209167480469,0.0,0.6682
1704,504170,0,False,1458,367,10.142792701721191,0.0,0.5382
1705,504189,4,False,2048,480,10.161498069763184,0.0,0.4854
1706,504490,9,False,2048,555,10.186518669128418,0.0,0.534
1707,504527,7,False,1887,459,10.148110389709473,0.0,0.6486
1708,504792,3,False,2048,397,10.128938674926758,0.0,0.4805
1709,504864,8,False,1785,416,10.164536476135254,0.0,0.5906
1710,504875,0,False,2048,346,10.17764949798584,0.0,0.4645
1711,505048,7,False,2048,498,10.164938926696777,0.0,0.4843
1712,505082,9,False,2048,475,10.140911102294922,0.0,0.4931
1713,505164,5,False,2048,426,10.148923873901367,0.0,0.5002
1714,505246,5,False,2048,476,10.144935607910156,0.0,0.4857
1715,505689,7,False,2048,474,10.12035846710205,0.0,0.4873
1716,505872,9,False,2048,393,10.162101745605469,0.0,0.4818
1717,506270,2,False,2048,496,10.161823272705078,0.0,0.4908
1718,506344,5,False,2048,408,10.18903923034668,0.0,0.488
1719,506527,8,False,2048,420,10.165830612182617,0.0,0.4812
1720,506695,3,False,2048,463,10.14936351776123,0.0,0.4899
1721,506762,1,False,2048,491,10.162433624267578,0.0,0.4871
1722,506850,2,False,2048,467,10.15735912322998,0.0004887585528194904,0.4875
1723,507673,4,False,2048,462,10.163328170776367,0.0,0.4841
1724,508536,9,False,2048,438,10.14828109741211,0.0,0.4776
1725,508642,0,False,2048,398,10.140438079833984,0.0,0.4958
1726,508672,2,False,2048,500,10.163896560668945,0.0,0.4882
1727,509464,1,False,1540,354,10.159927368164062,0.0,0.5691
1728,509874,1,False,1149,238,10.165438652038574,0.0,0.5577
1729,510150,0,False,1422,331,10.124079704284668,0.0,0.8598
1730,510421,6,False,1236,303,10.143940925598145,0.0,0.6333
1731,510585,9,False,1470,337,10.150358200073242,0.0,0.6105
1732,510588,9,False,1402,344,10.175761222839355,0.0,0.47
1733,510906,5,False,1229,288,10.170354843139648,0.0,0.5148
1734,511328,2,False,1612,399,10.144207954406738,0.0,0.8406
1735,512000,3,False,1689,428,10.153170585632324,0.0,0.8675
1736,512462,3,False,1598,405,10.137762069702148,0.0,0.6584
1737,512531,1,False,1178,275,10.133644104003906,0.0,0.4733
1738,512563,9,False,2029,556,10.142416000366211,0.0,0.7127
1739,512667,1,False,1496,377,10.120301246643066,0.0,0.54
1740,512739,1,False,1519,368,10.168128967285156,0.0,0.549
1741,513590,7,False,1994,499,10.153387069702148,0.0,0.7701
1742,515968,1,False,2048,497,10.156460762023926,0.0,0.5109
1743,516615,8,False,2048,430,10.18039321899414,0.0,0.5235
1744,517018,9,False,349,80,10.16965103149414,0.0,0.3289
1745,517319,2,False,2025,498,10.165055274963379,0.0,0.5333
1746,517352,4,False,467,123,10.161592483520508,0.0,0.3892
1747,517618,9,False,1571,441,10.150983810424805,0.0,0.5846
1748,517823,2,False,2048,422,10.133347511291504,0.0004887585528194904,0.4878
1749,517935,8,False,417,117,10.151803016662598,0.0,0.3369
1750,518945,6,False,2048,495,10.182499885559082,0.0004887585528194904,0.5648
1751,519135,5,False,351,89,10.19090461730957,0.0,0.4288
1752,519720,3,False,2048,451,10.17785358428955,0.0,0.492
1753,519956,0,False,468,118,10.175877571105957,0.0,0.3229
1754,520020,0,False,499,142,10.143960952758789,0.0,0.6097
1755,520131,2,False,2048,405,10.115493774414062,0.0,0.5005
1756,520550,7,False,1911,514,10.186690330505371,0.0,0.6074
1757,520898,6,False,1259,357,10.157485008239746,0.0,0.5216
1758,520982,4,False,1651,468,10.16745376586914,0.0,0.6058
1759,521110,2,False,1524,399,10.165700912475586,0.0,0.5507
1760,521141,3,False,2048,443,10.167795181274414,0.0,0.527
1761,521183,0,False,2048,459,10.168025970458984,0.0,0.4987
1762,521668,3,False,2048,424,10.162065505981445,0.0,0.5113
1763,522725,1,False,307,78,10.214146614074707,0.0,0.4147
1764,523214,9,False,2048,483,10.14772891998291,0.0,0.5451
1765,523527,0,False,2048,474,10.150381088256836,0.0,0.4831
1766,524148,0,False,1799,462,10.182696342468262,0.0,0.7041
1767,524167,2,False,2048,432,10.18203353881836,0.0,0.5484
1768,524522,5,False,1563,414,10.188329696655273,0.0,0.6537
1769,525063,1,False,2048,480,10.159408569335938,0.0,0.5237
1770,525362,0,False,2048,464,10.149809837341309,0.0,0.5436
1771,525502,5,False,1736,446,10.164026260375977,0.0,0.821
1772,525891,4,False,2048,493,10.152360916137695,0.0,0.5214
1773,526172,2,False,2048,442,10.15811538696289,0.0,0.5093
1774,526683,0,False,2048,438,10.1752290725708,0.0,0.5213
1775,526691,4,False,2048,452,10.165614128112793,0.0,0.4808
1776,526822,0,False,2048,503,10.161214828491211,0.0,0.5079
1777,526857,8,False,2048,547,10.163670539855957,0.0,0.606
1778,527134,7,False,2048,483,10.113458633422852,0.0,0.5669
1779,527267,4,False,2048,458,10.164072036743164,0.0,0.528
1780,527741,2,False,2048,434,10.174578666687012,0.0,0.5343
1781,527993,3,False,2048,435,10.142858505249023,0.0,0.6051
1782,529291,7,False,2048,469,10.152887344360352,0.0,0.5109
1783,529875,0,False,2048,424,10.16844367980957,0.0,0.515
1784,530241,2,False,2048,484,10.16855239868164,0.0,0.5151
1785,530276,5,False,2048,465,10.17711353302002,0.0,0.5219
1786,530678,4,False,2048,482,10.15212345123291,0.0,0.5211
1787,530734,6,False,2048,456,10.173165321350098,0.0,0.5767
1788,530753,5,False,2048,455,10.168445587158203,0.0,0.6253
1789,530985,1,False,2048,491,10.175053596496582,0.0,0.548
1790,531156,9,False,2048,514,10.157198905944824,0.0,0.5578
1791,531301,4,False,2048,490,10.160594940185547,0.0,0.5009
1792,531813,5,False,2048,464,10.16584587097168,0.0,0.49
1793,533020,2,False,2048,490,10.169929504394531,0.0,0.5122
1794,533385,7,False,2048,456,10.148178100585938,0.0,0.5175
1795,533867,8,False,2048,475,10.155253410339355,0.0,0.5535
1796,533900,1,False,2048,416,10.151232719421387,0.0,0.4861
1797,533966,9,False,2048,475,10.171088218688965,0.0,0.494
1798,534080,2,False,1963,512,10.160690307617188,0.0,1.076
1799,534338,1,False,2048,519,10.139604568481445,0.0,0.5306
1800,534613,6,False,1463,387,10.137436866760254,0.0,2.3273
1801,534863,9,False,2048,523,10.182572364807129,0.0,2.8545
1802,535195,2,False,1728,442,10.136214256286621,0.0,0.9407
1803,536483,2,False,1625,439,10.159218788146973,0.0,0.4107
1804,536534,0,False,1801,464,10.142648696899414,0.0005558643606491387,0.6778
1805,537067,9,False,645,174,10.15172290802002,0.0,0.6532
1806,537622,4,False,2048,430,10.174221992492676,0.0004887585528194904,0.6207
1807,537899,1,False,1823,479,10.159963607788086,0.0,1.0827
1808,537972,8,False,1865,453,10.153180122375488,0.0,1.1036
1809,538279,3,False,2048,499,10.143729209899902,0.0,1.2112
1810,538330,8,False,2048,474,10.157959938049316,0.0,1.1694
1811,540243,5,False,2048,542,10.196819305419922,0.0,1.0013
1812,540270,5,False,2048,480,10.173768997192383,0.0,0.5478
1813,540781,8,False,2048,502,10.168532371520996,0.0,0.5505
1814,541028,9,False,1765,458,10.168375968933105,0.0,1.4362
1815,541034,4,False,2048,442,10.171514511108398,0.0004887585528194904,0.7064
1816,541524,8,False,2048,462,10.174766540527344,0.0,0.4997
1817,541554,8,False,2048,505,10.1491117477417,0.0,0.4889
1818,541846,4,False,1317,395,10.166693687438965,0.0,0.5189
1819,542175,1,False,1643,464,10.138570785522461,0.0,0.824
1820,542592,9,False,1583,429,10.173176765441895,0.0,0.5572
1821,542910,3,False,1020,302,10.177153587341309,0.0,0.5272
1822,543016,6,False,2048,550,10.163214683532715,0.0,0.5466
1823,543080,5,False,1224,362,10.14674186706543,0.0,0.6153
1824,543474,9,False,1435,406,10.186039924621582,0.0,0.7785
1825,543801,0,False,1426,396,10.160097122192383,0.0,0.6447
1826,543815,3,False,1453,412,10.175239562988281,0.0,1.3218
1827,543819,3,False,1528,448,10.176609992980957,0.0,0.9943
1828,544152,9,False,1007,306,10.174175262451172,0.0,0.648
1829,544253,7,False,1679,459,10.170055389404297,0.0,0.4858
1830,544302,5,False,2048,538,10.16824722290039,0.0009775171056389809,0.5732
1831,544605,4,False,1777,489,10.19836711883545,0.0,0.685
1832,544640,9,False,1429,404,10.174270629882812,0.0,1.0728
1833,544642,1,False,1518,427,10.190930366516113,0.0,0.6549
1834,544725,8,False,1494,416,10.146222114562988,0.0,0.5446
1835,545299,0,False,2048,542,10.189722061157227,0.0,0.7587
1836,545562,3,False,1712,454,10.1591215133667,0.0,0.6991
1837,546348,4,False,1163,303,10.170401573181152,0.0,0.4103
1838,546358,2,False,2048,556,10.181279182434082,0.0,0.6045
1839,546491,7,False,1094,330,10.162182807922363,0.0,0.4829
1840,547033,3,False,1759,479,10.1816987991333,0.0,0.4618
1841,547049,4,False,1166,337,10.190606117248535,0.0,0.5646
1842,547059,7,False,1073,314,10.186382293701172,0.0,0.4795
1843,547107,4,False,1325,368,10.192586898803711,0.0,0.5292
1844,547137,6,False,1166,326,10.165239334106445,0.0,0.2757
1845,547162,1,False,1609,473,10.152515411376953,0.0,0.5376
1846,547374,3,False,2048,501,10.151737213134766,0.0,0.4967
1847,547414,8,False,2048,527,10.17168140411377,0.0,0.6019
1848,547910,0,False,1644,467,10.18455982208252,0.0,0.7368
1849,547962,4,False,1165,345,10.198060035705566,0.001719690510071814,0.6866
1850,548493,6,False,1590,437,10.176728248596191,0.0,0.5991
1851,548591,6,False,2048,525,10.171442985534668,0.0,0.5337
1852,550396,7,False,1638,428,10.188942909240723,0.0,0.6224
1853,550449,5,False,1304,352,10.148524284362793,0.0007680491544306278,0.4847
1854,550631,0,False,2048,452,10.144391059875488,0.0,0.5087
1855,550881,3,False,1335,339,10.152531623840332,0.0,0.5368
1856,551103,4,False,2048,528,10.162208557128906,0.0,0.5193
1857,551217,4,False,1635,448,10.201976776123047,0.0,0.5855
1858,551356,4,False,1371,360,10.160152435302734,0.0,0.5449
1859,551373,6,False,1838,497,10.18697738647461,0.0,0.5882
1860,551900,8,False,2048,465,10.165453910827637,0.0,0.5219
1861,551958,7,False,1462,411,10.19896125793457,0.000684931525029242,0.5186
1862,552131,0,False,2048,496,10.173285484313965,0.0,0.4948
1863,552888,0,False,1517,431,10.186607360839844,0.0,0.3808
1864,553089,3,False,1701,484,10.201054573059082,0.0,0.4646
1865,553137,4,False,1341,401,10.2125883102417,0.0,0.7508
1866,553317,4,False,2048,484,10.170954704284668,0.0,0.5087
1867,553334,8,False,1803,506,10.16043472290039,0.0,0.6205
1868,553374,3,False,1193,337,10.184502601623535,0.0,0.4787
1869,553822,6,False,1570,410,10.167798042297363,0.0,0.5314
1870,553883,3,False,2048,547,10.174347877502441,0.0,0.5187
1871,553917,8,False,2048,421,10.141290664672852,0.0,0.499
1872,554466,1,False,1146,331,10.15507698059082,0.0,0.5377
1873,555087,8,False,1383,401,10.147224426269531,0.0,0.5442
1874,555154,6,False,2048,431,10.168083190917969,0.0,0.5024
1875,556129,1,False,1750,443,10.182347297668457,0.0005720823537558317,0.5976
1876,556173,5,False,1497,322,10.160429000854492,0.0,0.7128
1877,556367,7,False,1986,465,10.150815963745117,0.0,1.0083
1878,556703,4,False,2048,582,10.152387619018555,0.0004887585528194904,0.5273
1879,557381,4,False,1063,287,10.137534141540527,0.0,0.6009
1880,557569,3,False,2048,506,10.158726692199707,0.0,0.5176
1881,558029,0,False,1832,485,10.170605659484863,0.0,0.8849
1882,559112,5,False,2048,515,10.165934562683105,0.0,0.5574
1883,559330,5,False,2048,451,10.14734935760498,0.0004887585528194904,0.6063
1884,559824,4,False,2048,406,10.131166458129883,0.0,0.5151
1885,560432,6,False,2048,590,10.194639205932617,0.0,0.7169
1886,560658,2,False,1607,443,10.172224998474121,0.0,0.6453
1887,560734,8,False,2048,533,10.167877197265625,0.0,0.5348
1888,560974,0,False,1493,431,10.189485549926758,0.0,0.6118
1889,561210,5,False,2048,565,10.16102123260498,0.0,0.5475
1890,562111,0,False,1798,496,10.180984497070312,0.0,0.6211
1891,562244,0,False,2048,493,10.154470443725586,0.0,0.4923
1892,562293,7,False,2048,556,10.183547019958496,0.0,0.5307
1893,562836,2,False,1876,503,10.166438102722168,0.0,0.627
1894,562922,7,False,1680,403,10.149140357971191,0.0,0.5985
1895,563046,6,False,2048,408,10.171364784240723,0.0,0.49
1896,563307,7,False,1293,376,10.164741516113281,0.0,0.3114
1897,563871,8,False,2048,518,10.137041091918945,0.0,0.4978
1898,563966,5,False,2048,457,10.144596099853516,0.0,0.4815
1899,564316,3,False,2048,447,10.133816719055176,0.0,0.536
1900,564535,3,False,2048,387,10.198854446411133,0.0,0.536
1901,564548,9,False,2048,491,10.161779403686523,0.0,0.5414
1902,565333,2,False,2048,472,10.160400390625,0.0,0.4956
1903,565395,6,False,2048,469,10.165802955627441,0.0,0.5014
1904,566116,1,False,1323,340,10.135812759399414,0.0,0.4764
1905,566568,3,False,1579,401,10.16323184967041,0.0,0.53
1906,566692,1,False,2048,582,10.186028480529785,0.0,0.5026
1907,566699,7,False,1910,502,10.154297828674316,0.0,0.6114
1908,566709,4,False,1311,359,10.189434051513672,0.0,0.4895
1909,566787,1,False,2048,490,10.165380477905273,0.0,0.4793
1910,567305,1,False,2048,453,10.178300857543945,0.0,0.4616
1911,567323,9,False,1757,434,10.163077354431152,0.0,0.5634
1912,567556,6,False,1096,313,10.180006980895996,0.0,0.433
1913,567618,7,False,2048,535,10.17469310760498,0.0,0.4873
1914,567960,5,False,1711,483,10.169032096862793,0.0,0.54
1915,568016,6,False,1909,507,10.152114868164062,0.0,0.5956
1916,568045,0,False,433,116,10.154037475585938,0.0,0.2892
1917,568192,4,False,1371,268,10.18799877166748,0.0,0.3544
1918,568450,2,False,1356,370,10.15771484375,0.0,0.4713
1919,568710,3,False,2048,500,10.173644065856934,0.0,0.4828
1920,568732,6,False,2048,522,10.198728561401367,0.0,0.4645
1921,568778,8,False,2048,441,10.168854713439941,0.0,0.5015
1922,568924,0,False,450,110,10.173379898071289,0.0,0.3027
1923,569252,4,False,2048,417,10.171919822692871,0.0,0.4982
1924,569406,1,False,2048,400,10.184027671813965,0.0,0.4813
1925,569407,2,False,2048,495,10.172408103942871,0.0004887585528194904,0.4829
1926,569764,9,False,2048,447,10.154020309448242,0.0004887585528194904,0.484
1927,569822,1,False,2048,411,10.164325714111328,0.0,0.5525
1928,569877,8,False,2048,451,10.161783218383789,0.0004887585528194904,0.4902
1929,570833,5,False,2048,512,10.182822227478027,0.0,0.5009
1930,571199,8,False,1871,449,10.18127155303955,0.0,1.0952
1931,571415,3,False,2048,551,10.141976356506348,0.0,0.5655
1932,572322,8,False,2048,412,10.162224769592285,0.0,0.4982
1933,572376,4,False,1699,457,10.142637252807617,0.0,0.5882
1934,572381,0,False,2048,483,10.185067176818848,0.0,0.4899
1935,572581,5,False,2048,504,10.182371139526367,0.0,0.4904
1936,572604,1,False,1027,246,10.173808097839355,0.0,0.258
1937,573064,6,False,2048,490,10.165129661560059,0.0,0.517
1938,573097,7,False,1631,382,10.152987480163574,0.0006138735334388912,0.4185
1939,573686,9,False,2048,536,10.161604881286621,0.0,0.5793
1940,574012,2,False,2048,451,10.154845237731934,0.0004887585528194904,0.5078
1941,574078,1,False,2048,558,10.181319236755371,0.0,0.5755
1942,574402,2,False,2048,489,10.160443305969238,0.0,0.4869
1943,574878,3,False,2048,446,10.148427963256836,0.0004887585528194904,0.4965
1944,575063,7,False,2048,506,10.195552825927734,0.0,0.5048
1945,575539,8,False,2048,574,10.165678977966309,0.0,0.5153
1946,575938,0,False,2048,518,10.13640308380127,0.0,0.5206
1947,575967,9,False,2048,538,10.145796775817871,0.0,0.5003
1948,577691,8,False,1084,284,10.16502571105957,0.0,0.4429
1949,578177,8,False,1245,375,10.153676986694336,0.0,0.5406
1950,578263,4,False,1273,312,10.145242691040039,0.0,0.4865
1951,578502,0,False,1634,408,10.136429786682129,0.0,0.4067
1952,578839,4,False,1149,289,10.139070510864258,0.0,0.2908
1953,579372,5,False,2048,432,10.163239479064941,0.0,0.5264
1954,579422,5,False,2048,519,10.15647029876709,0.0,0.493
1955,579507,6,False,2048,554,10.146665573120117,0.0,0.5245
1956,579761,4,False,1783,504,10.158487319946289,0.0,0.6926
1957,580164,6,False,2048,446,10.164891242980957,0.0,0.4867
1958,580265,6,False,2048,512,10.177059173583984,0.0,0.4851
1959,580751,1,False,1398,367,10.166966438293457,0.0007163324044086039,0.5848
1960,581667,9,False,1676,431,10.17723274230957,0.0,0.6106
1961,581704,9,False,2011,505,10.18295669555664,0.0,0.685
1962,582175,6,False,2048,453,10.16144847869873,0.0004887585528194904,0.4796
1963,582237,0,False,2048,479,10.176165580749512,0.0,0.4992
1964,582272,9,False,2048,423,10.180563926696777,0.0,0.4836
1965,582421,3,False,2020,476,10.145658493041992,0.0,0.5466
1966,582508,4,False,2048,495,10.175138473510742,0.0,0.5042
1967,582660,7,False,2048,457,10.168264389038086,0.0,0.5029
1968,582800,0,False,2048,545,10.211034774780273,0.0,0.5137
1969,583006,5,False,1544,396,10.168859481811523,0.0,0.5878
1970,583008,7,False,1520,377,10.180801391601562,0.0,0.3941
1971,583187,1,False,1123,278,10.156982421875,0.0,0.5203
1972,584489,2,False,1823,434,10.173087120056152,0.0,0.4699
1973,584971,8,False,2048,432,10.163558959960938,0.0,0.4835
1974,584972,2,False,1926,497,10.182873725891113,0.0,0.6093
1975,585528,6,False,1596,361,10.171513557434082,0.0,0.5063
1976,585574,1,False,1385,342,10.150686264038086,0.0,0.4755
1977,585681,7,False,1240,331,10.149847984313965,0.0,0.4226
1978,586131,0,False,1301,315,10.165831565856934,0.0,0.4973
1979,586169,5,False,1701,420,10.165066719055176,0.0,0.431
1980,587067,5,False,2048,479,10.165473937988281,0.0,0.4926
1981,587626,4,False,1645,412,10.159907341003418,0.0,0.7656
1982,587848,3,False,2048,513,10.162616729736328,0.0,0.5286
1983,588179,3,False,2020,511,10.172069549560547,0.0,0.5014
1984,588386,9,False,2048,496,10.166924476623535,0.0,0.5203
1985,588602,3,False,1393,419,10.174081802368164,0.0,0.5991
1986,588690,5,False,2048,498,10.18148422241211,0.0,0.5022
1987,588837,4,False,2048,579,10.179076194763184,0.0,0.5254
1988,589024,5,False,2048,485,10.156478881835938,0.0,0.4804
1989,589033,8,False,2048,523,10.1712064743042,0.0,0.5201
1990,589374,4,False,1742,414,10.146329879760742,0.0,0.4627
1991,589553,5,False,2048,435,10.160807609558105,0.0,0.4854
1992,590230,2,False,2048,448,10.162372589111328,0.0,0.5517
1993,590423,9,False,2048,517,10.153800010681152,0.0004887585528194904,0.5089
1994,590607,9,False,1099,278,10.150335311889648,0.0,0.5305
1995,590801,0,False,1348,362,10.154840469360352,0.0,0.5579
1996,590908,5,False,1389,363,10.131401062011719,0.0,0.5491
1997,591326,7,False,2048,510,10.176806449890137,0.0,0.5284
1998,591765,0,False,1797,443,10.134678840637207,0.0,0.6941
1999,592285,8,False,1825,508,10.152185440063477,0.0,0.6307
