anchor_id,obs_label,cell_idx,donor_id,tissue,cell_type,hema_stage
ts_immune_all_0752,TSP14_Lung_Proximal_10X_1_1_CACAGATCATTCACAG,445423,TSP14,lung,basophil,Basophil
ts_immune_all_0752,TSP14_Lung_proximal_SS2_B134631_D101271_Epithelial_C12,5546,TSP14,lung,basophil,Basophil
ts_immune_all_0752,TSP14_Lung_Proximal_10X_1_1_CTCAGGGGTACCACGC,445602,TSP14,lung,basophil,Basophil
ts_immune_all_0752,TSP14_Lung_Distal_10X_1_1_ATGAAAGGTTGGATCT,446464,TSP14,lung,basophil,Basophil
ts_immune_all_0752,TSP14_Lung_Proximal_10X_1_1_AATGGAAAGATACAGT,445222,TSP14,lung,basophil,Basophil
ts_immune_all_0752,TSP14_Lung_Proximal_10X_1_1_GCCCGAAGTGCAACGA,445747,TSP14,lung,basophil,Basophil
ts_immune_all_0752,TSP14_Lung_Distal_10X_1_1_TGAACGTGTGTTCAGT,447254,TSP14,lung,basophil,Basophil
ts_immune_all_0752,TSP14_Lung_Proximal_10X_1_1_ACCCAAAAGCTTGTGT,445248,TSP14,lung,basophil,Basophil
ts_immune_all_0752,TSP14_Lung_Proximal_10X_1_1_TTCGATTTCTAAGCCA,446162,TSP14,lung,basophil,Basophil
ts_immune_all_0752,TSP14_Lung_Distal_10X_1_1_GCCATGGAGATTGACA,446912,TSP14,lung,basophil,Basophil
ts_immune_all_0752,TSP14_Lung_Proximal_10X_1_1_CAGAGCCGTTCTCTAT,445439,TSP14,lung,basophil,Basophil
ts_immune_all_0752,TSP14_Lung_Proximal_10X_1_1_CAATGACAGAAGTATC,445420,TSP14,lung,basophil,Basophil
ts_immune_all_0752,TSP14_Lung_Proximal_10X_1_1_GTGAGTTGTGGCCCAT,445857,TSP14,lung,basophil,Basophil
ts_immune_all_0752,TSP14_Lung_Proximal_10X_1_1_CGTTCTGTCAAAGAAC,445577,TSP14,lung,basophil,Basophil
ts_immune_all_0752,TSP14_Lung_Proximal_10X_1_1_TTGGTTTGTTCACCGG,446188,TSP14,lung,basophil,Basophil
ts_immune_all_0752,TSP14_Lung_Distal_10X_1_1_GAGTCATCATCAGTCA,446859,TSP14,lung,basophil,Basophil
ts_immune_all_0752,TSP14_Lung_Proximal_10X_1_1_GTAGAAATCACTACGA,445819,TSP14,lung,basophil,Basophil
ts_immune_all_0752,TSP14_Lung_Proximal_10X_1_1_ATGCATGGTAATCAAG,445379,TSP14,lung,basophil,Basophil
ts_immune_all_0752,TSP14_Lung_Distal_10X_1_1_GGGACAACATATCTCT,446964,TSP14,lung,basophil,Basophil
ts_immune_all_0752,TSP14_Lung_Proximal_10X_1_1_TACAGGTTCTCGGTAA,445923,TSP14,lung,basophil,Basophil
ts_immune_all_0752,TSP14_Lung_Proximal_10X_1_1_GTCAAGTAGGGCAACT,445831,TSP14,lung,basophil,Basophil
ts_immune_all_0752,TSP14_Lung_Distal_10X_1_1_GTCGTAAGTGCGACAA,447038,TSP14,lung,basophil,Basophil
ts_immune_all_0752,TSP14_Lung_Proximal_10X_1_1_CTCAGGGGTCTTCCGT,445603,TSP14,lung,basophil,Basophil
ts_immune_all_0752,TSP14_Lung_Distal_10X_1_1_GTCGTTCGTAGACTGG,447040,TSP14,lung,basophil,Basophil
ts_immune_all_0752,TSP14_Lung_Distal_10X_1_1_AGGGCCTGTGGCAACA,446400,TSP14,lung,basophil,Basophil
ts_immune_all_0752,TSP14_Lung_Proximal_10X_1_1_TTGAACGGTTCCTAGA,446171,TSP14,lung,basophil,Basophil
ts_immune_all_0752,TSP14_Lung_Proximal_10X_1_1_TGGTTAGGTCGAATGG,446117,TSP14,lung,basophil,Basophil
ts_immune_all_0752,TSP14_Lung_proximal_SS2_B133800_D101263_Immune_N7,21237,TSP14,lung,basophil,Basophil
ts_immune_all_0752,TSP14_Lung_Proximal_10X_1_1_ATCACAGCAGGCACTC,445352,TSP14,lung,basophil,Basophil
ts_immune_all_0752,TSP14_Lung_Proximal_10X_1_1_GACGCTGAGACTAGAT,445681,TSP14,lung,basophil,Basophil
ts_immune_all_0752,TSP14_Lung_Proximal_10X_1_1_CACGAATGTCTCAGAT,445430,TSP14,lung,basophil,Basophil
ts_immune_all_0752,TSP14_Lung_Proximal_10X_1_1_GCCCGAACACCCTGTT,445746,TSP14,lung,basophil,Basophil
ts_immune_all_0752,TSP14_Lung_Proximal_10X_1_1_GTGGGAAGTCCTTAAG,445879,TSP14,lung,basophil,Basophil
ts_immune_all_0752,TSP14_Lung_Distal_10X_1_1_CCTATCGGTCAACCTA,446645,TSP14,lung,basophil,Basophil
ts_immune_all_0752,TSP14_Lung_Proximal_10X_1_1_AATTTCCGTCGCACGT,445224,TSP14,lung,basophil,Basophil
ts_immune_all_0752,TSP14_Lung_Proximal_10X_1_1_CTTTCGGTCCCGAATA,445662,TSP14,lung,basophil,Basophil
ts_immune_all_0752,TSP14_Lung_Distal_10X_1_1_TCCGAAATCTAGAGCT,447197,TSP14,lung,basophil,Basophil
ts_immune_all_0752,TSP14_Lung_Distal_10X_1_1_CTGTCGTTCATGACAC,446800,TSP14,lung,basophil,Basophil
ts_immune_all_0752,TSP14_Lung_Proximal_10X_1_1_TGGAACTCAACGCCCA,446096,TSP14,lung,basophil,Basophil
ts_immune_all_0752,TSP14_Lung_Proximal_10X_1_1_CTACGGGAGTCATAGA,445590,TSP14,lung,basophil,Basophil
ts_immune_all_0752,TSP14_Lung_Proximal_10X_1_1_AACTTCTGTACTAGCT,445194,TSP14,lung,basophil,Basophil
ts_immune_all_0752,TSP14_Lung_Proximal_10X_1_1_AGATCCAAGGCGACAT,445304,TSP14,lung,basophil,Basophil
ts_immune_all_0752,TSP14_Lung_Proximal_10X_1_1_CTGTCGTTCGGTCATA,445641,TSP14,lung,basophil,Basophil
ts_immune_all_0752,TSP14_Lung_Proximal_10X_1_1_GAGACCCTCGCCTATC,445694,TSP14,lung,basophil,Basophil
ts_immune_all_0752,TSP14_Lung_Distal_10X_1_1_CGTGATAAGCACTAAA,446719,TSP14,lung,basophil,Basophil
ts_immune_all_0752,TSP14_Lung_Distal_10X_1_1_CATACTTGTCTGCCTT,446563,TSP14,lung,basophil,Basophil
ts_immune_all_0752,TSP14_Lung_Distal_10X_1_1_GCGTTTCTCCGAGTGC,446929,TSP14,lung,basophil,Basophil
ts_immune_all_0752,TSP14_Lung_distal_SS2_B134542_D101264_Stromal_I5,20120,TSP14,lung,basophil,Basophil
ts_immune_all_0752,TSP14_Lung_Proximal_10X_1_1_CACGGGTTCAGATTGC,445432,TSP14,lung,basophil,Basophil
ts_immune_all_0752,TSP14_Lung_Proximal_10X_1_1_TCATATCGTAAGATTG,445997,TSP14,lung,basophil,Basophil
ts_immune_all_0787,TSP14_Spleen_NA_10X_1_1_TCCACCAAGAGCAGAA,34903,TSP14,spleen,"naive thymus-derived CD8-positive, alpha-beta T cell",Naive_CD8
ts_immune_all_0787,TSP14_Spleen_NA_10X_1_1_5Prime_CTAAGACGTAGCTCCG,215380,TSP14,spleen,"naive thymus-derived CD8-positive, alpha-beta T cell",Naive_CD8
ts_immune_all_0787,TSP14_Spleen_NA_10X_2_1_5Prime_ACACCAAGTACAGTTC,25823,TSP14,spleen,"naive thymus-derived CD8-positive, alpha-beta T cell",Naive_CD8
ts_immune_all_0787,TSP14_Spleen_NA_10X_1_1_5Prime_CGACTTCAGAAGGTTT,215071,TSP14,spleen,"naive thymus-derived CD8-positive, alpha-beta T cell",Naive_CD8
ts_immune_all_0787,TSP14_Spleen_NA_10X_1_1_GTAATGCAGATTAGTG,33843,TSP14,spleen,"naive thymus-derived CD8-positive, alpha-beta T cell",Naive_CD8
ts_immune_all_0787,TSP14_Spleen_NA_10X_1_1_5Prime_GTAGGCCCAGTCAGAG,216536,TSP14,spleen,"naive thymus-derived CD8-positive, alpha-beta T cell",Naive_CD8
ts_immune_all_0787,TSP14_Spleen_NA_10X_1_1_GGAGGTATCGATGCTA,33559,TSP14,spleen,"naive thymus-derived CD8-positive, alpha-beta T cell",Naive_CD8
ts_immune_all_0787,TSP14_Spleen_NA_10X_1_1_5Prime_TGTGGTACATACTACG,217527,TSP14,spleen,"naive thymus-derived CD8-positive, alpha-beta T cell",Naive_CD8
ts_immune_all_0787,TSP14_Spleen_NA_10X_1_1_TTGTTTGTCGGCTATA,36087,TSP14,spleen,"naive thymus-derived CD8-positive, alpha-beta T cell",Naive_CD8
ts_immune_all_0787,TSP14_Spleen_NA_10X_2_1_TGTTTGTCACGACAGA,562085,TSP14,spleen,"naive thymus-derived CD8-positive, alpha-beta T cell",Naive_CD8
ts_immune_all_0787,TSP14_Spleen_NA_10X_1_1_5Prime_GTGGGTCAGGCATGGT,216700,TSP14,spleen,"naive thymus-derived CD8-positive, alpha-beta T cell",Naive_CD8
ts_immune_all_0787,TSP14_Spleen_NA_10X_1_1_5Prime_GCTGGGTAGAGACGAA,216205,TSP14,spleen,"naive thymus-derived CD8-positive, alpha-beta T cell",Naive_CD8
ts_immune_all_0787,TSP14_Spleen_NA_10X_2_1_AGTGCCGTCGACTCCT,557680,TSP14,spleen,"naive thymus-derived CD8-positive, alpha-beta T cell",Naive_CD8
ts_immune_all_0787,TSP14_Spleen_NA_10X_2_1_TCCACCACAATAGTGA,561394,TSP14,spleen,"naive thymus-derived CD8-positive, alpha-beta T cell",Naive_CD8
ts_immune_all_0787,TSP14_Spleen_NA_10X_2_1_5Prime_TCGTACCTCAAGAAGT,29182,TSP14,spleen,"naive thymus-derived CD8-positive, alpha-beta T cell",Naive_CD8
ts_immune_all_0787,TSP14_Spleen_NA_10X_1_1_ACTTAGGGTTGACTAC,30481,TSP14,spleen,"naive thymus-derived CD8-positive, alpha-beta T cell",Naive_CD8
ts_immune_all_0787,TSP14_Spleen_NA_10X_1_1_TAGGAGGGTACCATAC,34578,TSP14,spleen,"naive thymus-derived CD8-positive, alpha-beta T cell",Naive_CD8
ts_immune_all_0787,TSP14_Spleen_NA_10X_1_1_ATCCCTGCACTTGAGT,31064,TSP14,spleen,"naive thymus-derived CD8-positive, alpha-beta T cell",Naive_CD8
ts_immune_all_0787,TSP14_Spleen_NA_10X_1_1_TTGCCTGGTGGCTGAA,36002,TSP14,spleen,"naive thymus-derived CD8-positive, alpha-beta T cell",Naive_CD8
ts_immune_all_0787,TSP14_Spleen_NA_10X_1_1_AGGATCTAGTTTAGGA,30763,TSP14,spleen,"naive thymus-derived CD8-positive, alpha-beta T cell",Naive_CD8
ts_immune_all_0787,TSP14_Spleen_NA_10X_1_1_TCTCACGGTCGAAACG,35196,TSP14,spleen,"naive thymus-derived CD8-positive, alpha-beta T cell",Naive_CD8
ts_immune_all_0787,TSP14_Spleen_NA_10X_2_1_5Prime_TTCCCAGAGACAGAGA,29572,TSP14,spleen,"naive thymus-derived CD8-positive, alpha-beta T cell",Naive_CD8
ts_immune_all_0787,TSP14_Spleen_NA_10X_2_1_ACAGCCGCACAACCGC,556996,TSP14,spleen,"naive thymus-derived CD8-positive, alpha-beta T cell",Naive_CD8
ts_immune_all_0787,TSP14_Spleen_NA_10X_2_1_AGGGTTTGTTGTTTGG,557559,TSP14,spleen,"naive thymus-derived CD8-positive, alpha-beta T cell",Naive_CD8
ts_immune_all_0787,TSP14_Spleen_NA_10X_2_1_ATAGGCTGTTTGTTGG,557744,TSP14,spleen,"naive thymus-derived CD8-positive, alpha-beta T cell",Naive_CD8
ts_immune_all_0787,TSP14_Spleen_NA_10X_1_1_GACTCAATCTTTGCAT,33009,TSP14,spleen,"naive thymus-derived CD8-positive, alpha-beta T cell",Naive_CD8
ts_immune_all_0787,TSP14_Spleen_NA_10X_2_1_GACACGCTCACGGGCT,559560,TSP14,spleen,"naive thymus-derived CD8-positive, alpha-beta T cell",Naive_CD8
ts_immune_all_0787,TSP14_Spleen_NA_10X_1_1_5Prime_CGATGTAAGCCGTCGT,215130,TSP14,spleen,"naive thymus-derived CD8-positive, alpha-beta T cell",Naive_CD8
ts_immune_all_0787,TSP14_Spleen_NA_10X_2_1_5Prime_TACACGATCTGTCCGT,28838,TSP14,spleen,"naive thymus-derived CD8-positive, alpha-beta T cell",Naive_CD8
ts_immune_all_0787,TSP14_Spleen_NA_10X_1_1_5Prime_TAGGCATAGTTCGCAT,216983,TSP14,spleen,"naive thymus-derived CD8-positive, alpha-beta T cell",Naive_CD8
ts_immune_all_0787,TSP14_Spleen_NA_10X_1_1_5Prime_ATTACTCTCGGCTACG,214374,TSP14,spleen,"naive thymus-derived CD8-positive, alpha-beta T cell",Naive_CD8
ts_immune_all_0787,TSP14_Spleen_NA_10X_1_1_AGAACCTAGTGCTAGG,30542,TSP14,spleen,"naive thymus-derived CD8-positive, alpha-beta T cell",Naive_CD8
ts_immune_all_0787,TSP14_Spleen_NA_10X_1_1_AACAGGGTCTGGGCGT,29897,TSP14,spleen,"naive thymus-derived CD8-positive, alpha-beta T cell",Naive_CD8
ts_immune_all_0787,TSP14_Spleen_NA_10X_1_1_5Prime_GGATTACAGCTACCTA,216320,TSP14,spleen,"naive thymus-derived CD8-positive, alpha-beta T cell",Naive_CD8
ts_immune_all_0787,TSP14_Spleen_NA_10X_1_1_CATCCACTCTGTGTGA,31710,TSP14,spleen,"naive thymus-derived CD8-positive, alpha-beta T cell",Naive_CD8
ts_immune_all_0787,TSP14_Spleen_NA_10X_1_1_ATCGATGCAAGTCATC,31081,TSP14,spleen,"naive thymus-derived CD8-positive, alpha-beta T cell",Naive_CD8
ts_immune_all_0787,TSP14_Spleen_NA_10X_1_1_5Prime_CAGTAACGTCGAACAG,214689,TSP14,spleen,"naive thymus-derived CD8-positive, alpha-beta T cell",Naive_CD8
ts_immune_all_0787,TSP14_Spleen_NA_10X_1_1_TGCCGAGGTCGTCATA,35432,TSP14,spleen,"naive thymus-derived CD8-positive, alpha-beta T cell",Naive_CD8
ts_immune_all_0787,TSP14_Spleen_NA_10X_1_1_5Prime_CACCTTGCAAGCGTAG,214571,TSP14,spleen,"naive thymus-derived CD8-positive, alpha-beta T cell",Naive_CD8
ts_immune_all_0787,TSP14_Spleen_NA_10X_1_1_5Prime_TCAGGATGTGTTGAGG,217082,TSP14,spleen,"naive thymus-derived CD8-positive, alpha-beta T cell",Naive_CD8
ts_immune_all_0787,TSP14_Spleen_NA_10X_1_1_5Prime_GTCTCGTTCTGTCAAG,216647,TSP14,spleen,"naive thymus-derived CD8-positive, alpha-beta T cell",Naive_CD8
ts_immune_all_0787,TSP14_Spleen_NA_10X_2_1_GTTACGACATGAAGCG,560797,TSP14,spleen,"naive thymus-derived CD8-positive, alpha-beta T cell",Naive_CD8
ts_immune_all_0787,TSP14_Spleen_NA_10X_1_1_CCACGTTGTGACACAG,31887,TSP14,spleen,"naive thymus-derived CD8-positive, alpha-beta T cell",Naive_CD8
ts_immune_all_0787,TSP14_Spleen_NA_10X_1_1_5Prime_CGATCGGCATCGGGTC,215111,TSP14,spleen,"naive thymus-derived CD8-positive, alpha-beta T cell",Naive_CD8
ts_immune_all_0787,TSP14_Spleen_NA_10X_1_1_AGGAATATCGGTCACG,30735,TSP14,spleen,"naive thymus-derived CD8-positive, alpha-beta T cell",Naive_CD8
ts_immune_all_0787,TSP14_Spleen_NA_10X_1_1_5Prime_GCCAAATGTGAAATCA,216077,TSP14,spleen,"naive thymus-derived CD8-positive, alpha-beta T cell",Naive_CD8
ts_immune_all_0787,TSP14_Spleen_NA_10X_1_1_TCACACCAGACTCGAG,34739,TSP14,spleen,"naive thymus-derived CD8-positive, alpha-beta T cell",Naive_CD8
ts_immune_all_0787,TSP14_Spleen_NA_10X_1_1_5Prime_ACGCCAGAGGGTATCG,213799,TSP14,spleen,"naive thymus-derived CD8-positive, alpha-beta T cell",Naive_CD8
ts_immune_all_0787,TSP14_Spleen_NA_10X_2_1_5Prime_TCTATTGAGCTAACAA,29192,TSP14,spleen,"naive thymus-derived CD8-positive, alpha-beta T cell",Naive_CD8
ts_immune_all_0787,TSP14_Spleen_NA_10X_1_1_TTTACCAAGGATACCG,36090,TSP14,spleen,"naive thymus-derived CD8-positive, alpha-beta T cell",Naive_CD8
ts_immune_all_0386,TSP7_LymphNodes_Supradiaphagmatic_10X_1_1_GAGCCTGTCCTCATAT,184876,TSP7,lymph node,monocyte,Cl_Mono
ts_immune_all_0386,TSP7_LymphNodes_Supradiaphagmatic_10X_1_1_CAAGACTTCGAGCCTG,183721,TSP7,lymph node,monocyte,Cl_Mono
ts_immune_all_0386,TSP7_LymphNodes_Supradiaphagmatic_10X_1_1_AAGGTAAGTACCGCGT,182863,TSP7,lymph node,monocyte,Cl_Mono
ts_immune_all_0386,TSP7_LymphNodes_Supradiaphagmatic_10X_1_1_TGTTTGTCACGCTGAC,186686,TSP7,lymph node,monocyte,Cl_Mono
ts_immune_all_0386,TSP7_LymphNodes_Supradiaphagmatic_10X_1_1_CGGGCATCACTTGAAC,184342,TSP7,lymph node,monocyte,Cl_Mono
ts_immune_all_0386,TSP7_LymphNodes_Supradiaphagmatic_10X_1_1_GGTTGTATCATGACAC,185437,TSP7,lymph node,monocyte,Cl_Mono
ts_immune_all_0386,TSP7_LymphNodes_Supradiaphagmatic_10X_1_1_ACGATGTGTTCTAAGC,183043,TSP7,lymph node,monocyte,Cl_Mono
ts_immune_all_0386,TSP7_LymphNodes_Supradiaphagmatic_10X_1_1_TCACTCGCACGCTATA,186053,TSP7,lymph node,monocyte,Cl_Mono
ts_immune_all_0386,TSP7_LymphNodes_Supradiaphagmatic_10X_1_1_TACTTCATCACGATCA,185914,TSP7,lymph node,monocyte,Cl_Mono
ts_immune_all_0386,TSP7_LymphNodes_Supradiaphagmatic_10X_1_1_GTTCCGTAGGCTTCCG,185719,TSP7,lymph node,monocyte,Cl_Mono
ts_immune_all_0386,TSP7_LymphNodes_Supradiaphagmatic_10X_1_1_TCAGTGAAGTCTTCCC,186072,TSP7,lymph node,monocyte,Cl_Mono
ts_immune_all_0386,TSP7_LymphNodes_Supradiaphagmatic_10X_1_1_GGGTTTATCCTGGCTT,185381,TSP7,lymph node,monocyte,Cl_Mono
ts_immune_all_0386,TSP7_LymphNodes_Supradiaphagmatic_10X_1_1_GTAGCTACAAACACCT,185477,TSP7,lymph node,monocyte,Cl_Mono
ts_immune_all_0386,TSP7_LymphNodes_Supradiaphagmatic_10X_1_1_TCAGTGACACGACAGA,186073,TSP7,lymph node,monocyte,Cl_Mono
ts_immune_all_0386,TSP7_LymphNodes_Supradiaphagmatic_10X_1_1_CCTTGTGTCAAATGAG,184224,TSP7,lymph node,monocyte,Cl_Mono
ts_immune_all_0386,TSP7_LymphNodes_Supradiaphagmatic_10X_1_1_GTCTCACTCGGAAGGT,185592,TSP7,lymph node,monocyte,Cl_Mono
ts_immune_all_0386,TSP7_LymphNodes_Supradiaphagmatic_10X_1_1_TTACGCCTCCGTACGG,186713,TSP7,lymph node,monocyte,Cl_Mono
ts_immune_all_0386,TSP7_LymphNodes_Supradiaphagmatic_10X_1_1_AGTTCCCAGAAGCCTG,183409,TSP7,lymph node,monocyte,Cl_Mono
ts_immune_all_0386,TSP7_LymphNodes_Supradiaphagmatic_10X_1_1_TGAGTCAGTTGGAGAC,186443,TSP7,lymph node,monocyte,Cl_Mono
ts_immune_all_0386,TSP7_LymphNodes_Supradiaphagmatic_10X_1_1_GGAACCCCAGAGTGTG,185192,TSP7,lymph node,monocyte,Cl_Mono
ts_immune_all_0386,TSP7_LymphNodes_Supradiaphagmatic_10X_1_1_ATCATTCGTCATCTAG,183483,TSP7,lymph node,monocyte,Cl_Mono
ts_immune_all_0386,TSP7_LymphNodes_Supradiaphagmatic_10X_1_1_ACGATGTAGAATTGTG,183040,TSP7,lymph node,monocyte,Cl_Mono
ts_immune_all_0386,TSP7_LymphNodes_Supradiaphagmatic_10X_1_1_AGTAGCTTCAAATGAG,183364,TSP7,lymph node,monocyte,Cl_Mono
ts_immune_all_0386,TSP7_LymphNodes_Supradiaphagmatic_10X_1_1_GAGAGGTAGAGGATCC,184859,TSP7,lymph node,monocyte,Cl_Mono
ts_immune_all_0386,TSP7_LymphNodes_Supradiaphagmatic_10X_1_1_AGACACTCAACGAGGT,183164,TSP7,lymph node,monocyte,Cl_Mono
ts_immune_all_0386,TSP7_LymphNodes_Supradiaphagmatic_10X_1_1_TCCCAGTTCCATGCAA,186151,TSP7,lymph node,monocyte,Cl_Mono
ts_immune_all_0386,TSP7_LymphNodes_Supradiaphagmatic_10X_1_1_TCATCATTCTAGTTCT,186095,TSP7,lymph node,monocyte,Cl_Mono
ts_immune_all_0386,TSP7_LymphNodes_Supradiaphagmatic_10X_1_1_CCGGTGAAGGCGATAC,184120,TSP7,lymph node,monocyte,Cl_Mono
ts_immune_all_0386,TSP7_LymphNodes_Supradiaphagmatic_10X_1_1_TGACGCGCACTACTTT,186401,TSP7,lymph node,monocyte,Cl_Mono
ts_immune_all_0386,TSP7_LymphNodes_Supradiaphagmatic_10X_1_1_AATAGAGCATAGTCAC,182879,TSP7,lymph node,monocyte,Cl_Mono
ts_immune_all_0386,TSP7_LymphNodes_Supradiaphagmatic_10X_1_1_GGCTTGGAGAAACCAT,185275,TSP7,lymph node,monocyte,Cl_Mono
ts_immune_all_0386,TSP7_LymphNodes_Supradiaphagmatic_10X_1_1_CCTGCATCACGGCCAT,184209,TSP7,lymph node,monocyte,Cl_Mono
ts_immune_all_0386,TSP7_LymphNodes_Supradiaphagmatic_10X_1_1_AATCGACTCAATCAGC,182892,TSP7,lymph node,monocyte,Cl_Mono
ts_immune_all_0386,TSP7_LymphNodes_Supradiaphagmatic_10X_1_1_ATTCTTGTCCCTTTGG,183661,TSP7,lymph node,monocyte,Cl_Mono
ts_immune_all_0386,TSP7_LymphNodes_Supradiaphagmatic_10X_1_1_TTGCCTGGTAGCCCTG,186871,TSP7,lymph node,monocyte,Cl_Mono
ts_immune_all_0386,TSP7_LymphNodes_Supradiaphagmatic_10X_1_1_TACACCCTCTCCTGAC,185838,TSP7,lymph node,monocyte,Cl_Mono
ts_immune_all_0386,TSP7_LymphNodes_Supradiaphagmatic_10X_1_1_GATGACTAGACTTAAG,184962,TSP7,lymph node,monocyte,Cl_Mono
ts_immune_all_0386,TSP7_LymphNodes_Supradiaphagmatic_10X_1_1_CTTGAGAAGCAACTCT,184689,TSP7,lymph node,monocyte,Cl_Mono
ts_immune_all_0386,TSP7_LymphNodes_Supradiaphagmatic_10X_1_1_ATGCGATCACCAAAGG,183565,TSP7,lymph node,monocyte,Cl_Mono
ts_immune_all_0386,TSP7_LymphNodes_Supradiaphagmatic_10X_1_1_AGAACCTTCGAGATAA,183151,TSP7,lymph node,monocyte,Cl_Mono
ts_immune_all_0386,TSP7_LymphNodes_Supradiaphagmatic_10X_1_1_TGGTGATGTCGTGGAA,186595,TSP7,lymph node,monocyte,Cl_Mono
ts_immune_all_0386,TSP7_LymphNodes_Supradiaphagmatic_10X_1_1_TCTGGCTGTCATAAAG,186342,TSP7,lymph node,monocyte,Cl_Mono
ts_immune_all_0386,TSP7_LymphNodes_Supradiaphagmatic_10X_1_1_CCGAACGTCAGTCTTT,184096,TSP7,lymph node,monocyte,Cl_Mono
ts_immune_all_0386,TSP7_LymphNodes_Supradiaphagmatic_10X_1_1_CCCGGAAGTCATGGCC,184058,TSP7,lymph node,monocyte,Cl_Mono
ts_immune_all_0386,TSP7_LymphNodes_Supradiaphagmatic_10X_1_1_CAACAACTCAAGTCGT,183686,TSP7,lymph node,monocyte,Cl_Mono
ts_immune_all_0386,TSP7_LymphNodes_Supradiaphagmatic_10X_1_1_CGACAGCAGACGGTTG,184245,TSP7,lymph node,monocyte,Cl_Mono
ts_immune_all_0386,TSP7_LymphNodes_Supradiaphagmatic_10X_1_1_GTCGAATGTCCGATCG,185561,TSP7,lymph node,monocyte,Cl_Mono
ts_immune_all_0386,TSP7_LymphNodes_Supradiaphagmatic_10X_1_1_GGGTCACGTTGGGATG,185352,TSP7,lymph node,monocyte,Cl_Mono
ts_immune_all_0386,TSP7_LymphNodes_Supradiaphagmatic_10X_1_1_GTGCAGCTCCGTGGGT,185637,TSP7,lymph node,monocyte,Cl_Mono
ts_immune_all_0386,TSP7_LymphNodes_Supradiaphagmatic_10X_1_1_AGCTCAATCCTTATAC,183261,TSP7,lymph node,monocyte,Cl_Mono
ts_immune_all_1039,TSP21_Heart_Left_10X_1_1_GTGTTAGGTTCAATCG,419677,TSP21,heart,neutrophil,Neutrophil
ts_immune_all_1039,TSP21_Heart_Left_10X_1_1_TTGCCTGGTATGACAA,419714,TSP21,heart,neutrophil,Neutrophil
ts_immune_all_1039,TSP21_Heart_Left_10X_1_2_TACCTGCGTTAACAGA,412427,TSP21,heart,neutrophil,Neutrophil
ts_immune_all_1039,TSP21_Heart_Left_10X_1_2_AGGTTACTCAAGCCCG,412286,TSP21,heart,neutrophil,Neutrophil
ts_immune_all_1039,TSP21_Heart_Left_10X_1_2_TTTCGATCACCTGATA,412490,TSP21,heart,neutrophil,Neutrophil
ts_immune_all_1039,TSP21_Heart_Left_10X_1_2_GAGTGAGTCTGGTTGA,412370,TSP21,heart,neutrophil,Neutrophil
ts_immune_all_1039,TSP21_Heart_Left_10X_1_2_AGCCACGCAGGTTCGC,412280,TSP21,heart,neutrophil,Neutrophil
ts_immune_all_1039,TSP21_Heart_Left_10X_1_1_TCATCATAGATGTTGA,419698,TSP21,heart,neutrophil,Neutrophil
ts_immune_all_1039,TSP21_Heart_Left_10X_1_2_CATACAGTCATTTGTC,412316,TSP21,heart,neutrophil,Neutrophil
ts_immune_all_1039,TSP21_Heart_Left_10X_1_1_AGCGCCACAATAAGGT,419621,TSP21,heart,neutrophil,Neutrophil
ts_immune_all_1039,TSP21_Heart_Left_10X_1_1_ATGCATGTCAATGCAC,419626,TSP21,heart,neutrophil,Neutrophil
ts_immune_all_1039,TSP21_Heart_Left_10X_1_2_GAGAAATCAACTCCCT,412365,TSP21,heart,neutrophil,Neutrophil
ts_immune_all_1039,TSP21_Heart_Left_10X_1_1_TCTACCGAGGTAATCA,419704,TSP21,heart,neutrophil,Neutrophil
ts_immune_all_1039,TSP21_Heart_Left_10X_1_1_TCAATTCTCGTGACTA,419693,TSP21,heart,neutrophil,Neutrophil
ts_immune_all_1039,TSP21_Heart_Left_10X_1_2_ATTACCTGTCTGTGTA,412301,TSP21,heart,neutrophil,Neutrophil
ts_immune_all_1039,TSP21_Heart_Left_10X_1_1_AGGCCACAGCTCCGAC,419623,TSP21,heart,neutrophil,Neutrophil
ts_immune_all_1039,TSP21_Heart_Left_10X_1_2_TCCTTTCCACACTGGC,412446,TSP21,heart,neutrophil,Neutrophil
ts_immune_all_1039,TSP21_Heart_Left_10X_1_2_CTCCATGTCAAAGGAT,412351,TSP21,heart,neutrophil,Neutrophil
ts_immune_all_1039,TSP21_Heart_Left_10X_1_2_GACGTTACAGCGTAGA,412364,TSP21,heart,neutrophil,Neutrophil
ts_immune_all_1039,TSP21_Heart_Left_10X_1_2_GCCATGGGTTCCTACC,412381,TSP21,heart,neutrophil,Neutrophil
ts_immune_all_1039,TSP21_Heart_Left_10X_1_1_CCTCACAAGCGTCTGC,419643,TSP21,heart,neutrophil,Neutrophil
ts_immune_all_1039,TSP21_Heart_Left_10X_1_2_AACCTGATCTCTGAGA,412252,TSP21,heart,neutrophil,Neutrophil
ts_immune_all_1039,TSP21_Heart_Left_10X_1_1_GAGCTGCAGAATAGTC,419659,TSP21,heart,neutrophil,Neutrophil
ts_immune_all_1039,TSP21_Heart_Left_10X_1_2_TAGACCAAGTTCCAGT,412430,TSP21,heart,neutrophil,Neutrophil
ts_immune_all_1039,TSP21_Heart_Left_10X_1_1_GGAAGTGCATCAGCAT,419667,TSP21,heart,neutrophil,Neutrophil
ts_immune_all_1039,TSP21_Heart_Left_10X_1_1_GTATTGGAGATAGCAT,419674,TSP21,heart,neutrophil,Neutrophil
ts_immune_all_1039,TSP21_Heart_Left_10X_1_1_CCTCATGAGACCTCAT,419644,TSP21,heart,neutrophil,Neutrophil
ts_immune_all_1039,TSP21_Heart_Left_10X_1_2_CCTCCTCCAGCTGCCA,412336,TSP21,heart,neutrophil,Neutrophil
ts_immune_all_1039,TSP21_Heart_Left_10X_1_1_GCTACCTGTTGATCGT,419665,TSP21,heart,neutrophil,Neutrophil
ts_immune_all_1039,TSP21_Heart_Left_10X_1_1_TTGAGTGGTTGATGTC,419713,TSP21,heart,neutrophil,Neutrophil
ts_immune_all_1039,TSP21_Heart_Left_10X_1_2_CCGATGGTCCAATGCA,412325,TSP21,heart,neutrophil,Neutrophil
ts_immune_all_1039,TSP21_Heart_Left_10X_1_1_GTACAACGTGAATTGA,419673,TSP21,heart,neutrophil,Neutrophil
ts_immune_all_1039,TSP21_Heart_Left_10X_1_2_ACTTATCGTAGAAACT,412274,TSP21,heart,neutrophil,Neutrophil
ts_immune_all_1039,TSP21_Heart_Left_10X_1_1_TCAGCAACACTGCTTC,419694,TSP21,heart,neutrophil,Neutrophil
ts_immune_all_1039,TSP21_Heart_Left_10X_1_1_CTATAGGGTAGGACTG,419649,TSP21,heart,neutrophil,Neutrophil
ts_immune_all_1039,TSP21_Heart_Left_10X_1_1_TCCATGCGTCACTAGT,419701,TSP21,heart,neutrophil,Neutrophil
ts_immune_all_1039,TSP21_Heart_Left_10X_1_2_CTACCCATCTCATTAC,412344,TSP21,heart,neutrophil,Neutrophil
ts_immune_all_1039,TSP21_Heart_Left_10X_1_2_ACAAGCTAGAATCCCT,412260,TSP21,heart,neutrophil,Neutrophil
ts_immune_all_1039,TSP21_Heart_Left_10X_1_2_GGAGAACCATCGCCTT,412387,TSP21,heart,neutrophil,Neutrophil
ts_immune_all_1039,TSP21_Heart_Left_10X_1_1_TAACTTCTCGCCTAGG,419684,TSP21,heart,neutrophil,Neutrophil
ts_immune_all_1039,TSP21_Heart_Left_10X_1_2_AGCGATTTCACAAGGG,412282,TSP21,heart,neutrophil,Neutrophil
ts_immune_all_1039,TSP21_Heart_Left_10X_1_1_CTGGACGAGGCACTAG,419652,TSP21,heart,neutrophil,Neutrophil
ts_immune_all_1039,TSP21_Heart_Left_10X_1_1_CTAACTTTCTCGAGTA,419648,TSP21,heart,neutrophil,Neutrophil
ts_immune_all_1039,TSP21_Heart_Left_10X_1_2_GGCAGTCAGATACGAT,412389,TSP21,heart,neutrophil,Neutrophil
ts_immune_all_1039,TSP21_Heart_Left_10X_1_2_TGTCCTGTCGGCGATC,412468,TSP21,heart,neutrophil,Neutrophil
ts_immune_all_1039,TSP21_Heart_Left_10X_1_2_GAGTGAGTCGAGCCAC,412369,TSP21,heart,neutrophil,Neutrophil
ts_immune_all_1039,TSP21_Heart_Left_10X_1_1_CAACAACCAATCGCAT,419632,TSP21,heart,neutrophil,Neutrophil
ts_immune_all_1039,TSP21_Heart_Left_10X_1_1_AAGCCATTCGTTACCC,419609,TSP21,heart,neutrophil,Neutrophil
ts_immune_all_1039,TSP21_Heart_Left_10X_1_2_GTACAGTAGTACGTCT,412399,TSP21,heart,neutrophil,Neutrophil
ts_immune_all_1039,TSP21_Heart_Left_10X_1_1_TAGAGTCAGAGATTCA,419688,TSP21,heart,neutrophil,Neutrophil
ts_immune_all_1716,TSP27_Stomach_Muscle_10X3primev31_1_1_TCAGTCCCACCCTCTA,372423,TSP27,stomach smooth muscle,"CD8-positive, alpha-beta T cell",Memory_CD4
ts_immune_all_1716,TSP27_Stomach_Muscle_10X3primev31_1_1_AGCCACGAGACGAGCT,369993,TSP27,stomach smooth muscle,"CD8-positive, alpha-beta T cell",Memory_CD4
ts_immune_all_1716,TSP27_Stomach_Muscle_10X3primev31_1_1_ATGGGTTTCGAGAATA,370316,TSP27,stomach smooth muscle,"CD8-positive, alpha-beta T cell",Memory_CD4
ts_immune_all_1716,TSP27_Stomach_Muscle_10X3primev31_1_1_TATTGGGCACTTGTCC,372345,TSP27,stomach smooth muscle,"CD8-positive, alpha-beta T cell",Memory_CD4
ts_immune_all_1716,TSP27_Stomach_Muscle_10X3primev31_1_1_CTACATTCAACGGTAG,371071,TSP27,stomach smooth muscle,"CD8-positive, alpha-beta T cell",Memory_CD4
ts_immune_all_1716,TSP27_Stomach_Muscle_10X3primev31_1_1_TCAGTTTCAAGATGTA,372430,TSP27,stomach smooth muscle,"CD8-positive, alpha-beta T cell",Memory_CD4
ts_immune_all_1716,TSP27_Stomach_Muscle_10X3primev31_1_1_TATCTGTGTACCTAGT,372328,TSP27,stomach smooth muscle,"CD8-positive, alpha-beta T cell",Memory_CD4
ts_immune_all_1716,TSP27_Stomach_Muscle_10X3primev31_1_1_GGGTAGACAACCGTGC,371792,TSP27,stomach smooth muscle,"CD8-positive, alpha-beta T cell",Memory_CD4
ts_immune_all_1716,TSP27_Stomach_Muscle_10X3primev31_1_1_TGTAACGCAACTAGAA,372925,TSP27,stomach smooth muscle,"CD8-positive, alpha-beta T cell",Memory_CD4
ts_immune_all_1716,TSP27_Stomach_Muscle_10X3primev31_1_1_AGGGAGTGTGCCGTTG,370075,TSP27,stomach smooth muscle,"CD8-positive, alpha-beta T cell",Memory_CD4
ts_immune_all_1716,TSP27_Stomach_Muscle_10X3primev31_1_1_CTCGAGGGTTCTCAGA,371186,TSP27,stomach smooth muscle,"CD8-positive, alpha-beta T cell",Memory_CD4
ts_immune_all_1716,TSP27_Stomach_Muscle_10X3primev31_1_1_ATCCCTGAGAGTGGCT,370233,TSP27,stomach smooth muscle,"CD8-positive, alpha-beta T cell",Memory_CD4
ts_immune_all_1716,TSP27_Stomach_Muscle_10X3primev31_1_1_AGGATAACACTCACTC,370046,TSP27,stomach smooth muscle,"CD8-positive, alpha-beta T cell",Memory_CD4
ts_immune_all_1716,TSP27_Stomach_Muscle_10X3primev31_1_1_TTGATGGGTCACCCTT,373150,TSP27,stomach smooth muscle,"CD8-positive, alpha-beta T cell",Memory_CD4
ts_immune_all_1716,TSP27_Stomach_Muscle_10X3primev31_1_1_TTGGATGGTACCTAGT,373169,TSP27,stomach smooth muscle,"CD8-positive, alpha-beta T cell",Memory_CD4
ts_immune_all_1716,TSP27_Stomach_Muscle_10X3primev31_1_1_CAACGATCACTGGAAG,370416,TSP27,stomach smooth muscle,"CD8-positive, alpha-beta T cell",Memory_CD4
ts_immune_all_1716,TSP27_Stomach_Muscle_10X3primev31_1_1_TCACGGGTCGACCAAT,372394,TSP27,stomach smooth muscle,"CD8-positive, alpha-beta T cell",Memory_CD4
ts_immune_all_1716,TSP27_Stomach_Muscle_10X3primev31_1_1_TTAATCCAGAGAGCCT,373001,TSP27,stomach smooth muscle,"CD8-positive, alpha-beta T cell",Memory_CD4
ts_immune_all_1716,TSP27_Stomach_Muscle_10X3primev31_1_1_TCCCAGTCATAAGCGG,372528,TSP27,stomach smooth muscle,"CD8-positive, alpha-beta T cell",Memory_CD4
ts_immune_all_1716,TSP27_Stomach_Muscle_10X3primev31_1_1_CTCCATGGTCATGACT,371158,TSP27,stomach smooth muscle,"CD8-positive, alpha-beta T cell",Memory_CD4
ts_immune_all_1716,TSP27_Stomach_Muscle_10X3primev31_1_1_GGTGGCTAGACGACTG,371850,TSP27,stomach smooth muscle,"CD8-positive, alpha-beta T cell",Memory_CD4
ts_immune_all_1716,TSP27_Stomach_Muscle_10X3primev31_1_1_ACCCAAAAGTAAACGT,369745,TSP27,stomach smooth muscle,"CD8-positive, alpha-beta T cell",Memory_CD4
ts_immune_all_1716,TSP27_Stomach_Muscle_10X3primev31_1_1_GCAACCGGTCAATGGG,371547,TSP27,stomach smooth muscle,"CD8-positive, alpha-beta T cell",Memory_CD4
ts_immune_all_1716,TSP27_Stomach_Muscle_10X3primev31_1_1_CATGCGGTCCTCACTG,370658,TSP27,stomach smooth muscle,"CD8-positive, alpha-beta T cell",Memory_CD4
ts_immune_all_1716,TSP27_Stomach_Muscle_10X3primev31_1_1_TTAATCCGTTGCCTAA,373005,TSP27,stomach smooth muscle,"CD8-positive, alpha-beta T cell",Memory_CD4
ts_immune_all_1716,TSP27_Stomach_Muscle_10X3primev31_1_1_GACCAATTCGGTTAGT,371376,TSP27,stomach smooth muscle,"CD8-positive, alpha-beta T cell",Memory_CD4
ts_immune_all_1716,TSP27_Stomach_Muscle_10X3primev31_1_1_CCACAAATCTACACAG,370714,TSP27,stomach smooth muscle,"CD8-positive, alpha-beta T cell",Memory_CD4
ts_immune_all_1716,TSP27_Stomach_Muscle_10X3primev31_1_1_TCACTCGTCTCGAGTA,372406,TSP27,stomach smooth muscle,"CD8-positive, alpha-beta T cell",Memory_CD4
ts_immune_all_1716,TSP27_Stomach_Muscle_10X3primev31_1_1_CAAGAGGTCAGCTTGA,370433,TSP27,stomach smooth muscle,"CD8-positive, alpha-beta T cell",Memory_CD4
ts_immune_all_1716,TSP27_Stomach_Muscle_10X3primev31_1_1_CAGGCCAAGCGTGCTC,370562,TSP27,stomach smooth muscle,"CD8-positive, alpha-beta T cell",Memory_CD4
ts_immune_all_1716,TSP27_Stomach_Muscle_10X3primev31_1_1_TACTTACGTTGGCCTG,372266,TSP27,stomach smooth muscle,"CD8-positive, alpha-beta T cell",Memory_CD4
ts_immune_all_1716,TSP27_Stomach_Muscle_10X3primev31_1_1_GAGGCCTGTACAGTTC,371451,TSP27,stomach smooth muscle,"CD8-positive, alpha-beta T cell",Memory_CD4
ts_immune_all_1716,TSP27_Stomach_Muscle_10X3primev31_1_1_GCCATGGCACAGCCAC,371602,TSP27,stomach smooth muscle,"CD8-positive, alpha-beta T cell",Memory_CD4
ts_immune_all_1716,TSP27_Stomach_Muscle_10X3primev31_1_1_GGGAGTATCCCTATTA,371773,TSP27,stomach smooth muscle,"CD8-positive, alpha-beta T cell",Memory_CD4
ts_immune_all_1716,TSP27_Stomach_Muscle_10X3primev31_1_1_CTCCCAAAGTCTTCGA,371161,TSP27,stomach smooth muscle,"CD8-positive, alpha-beta T cell",Memory_CD4
ts_immune_all_1716,TSP27_Stomach_Muscle_10X3primev31_1_1_AACAGGGTCGATTGGT,369550,TSP27,stomach smooth muscle,"CD8-positive, alpha-beta T cell",Memory_CD4
ts_immune_all_1716,TSP27_Stomach_Muscle_10X3primev31_1_1_GAGGCAATCATGACAC,371446,TSP27,stomach smooth muscle,"CD8-positive, alpha-beta T cell",Memory_CD4
ts_immune_all_1716,TSP27_Stomach_Muscle_10X3primev31_1_1_GTGTGGCAGCGTGAAC,372097,TSP27,stomach smooth muscle,"CD8-positive, alpha-beta T cell",Memory_CD4
ts_immune_all_1716,TSP27_Stomach_Muscle_10X3primev31_1_1_CTCCATGGTTCTGACA,371159,TSP27,stomach smooth muscle,"CD8-positive, alpha-beta T cell",Memory_CD4
ts_immune_all_1716,TSP27_Stomach_Muscle_10X3primev31_1_1_GTATTGGCAGCAGAAC,371934,TSP27,stomach smooth muscle,"CD8-positive, alpha-beta T cell",Memory_CD4
ts_immune_all_1716,TSP27_Stomach_Muscle_10X3primev31_1_1_TAACGACAGGGCATGT,372179,TSP27,stomach smooth muscle,"CD8-positive, alpha-beta T cell",Memory_CD4
ts_immune_all_1716,TSP27_Stomach_Muscle_10X3primev31_1_1_TCATGTTTCTTACTGT,372479,TSP27,stomach smooth muscle,"CD8-positive, alpha-beta T cell",Memory_CD4
ts_immune_all_1716,TSP27_Stomach_Muscle_10X3primev31_1_1_AGTAGCTTCAAGGAGC,370130,TSP27,stomach smooth muscle,"CD8-positive, alpha-beta T cell",Memory_CD4
ts_immune_all_1716,TSP27_Stomach_Muscle_10X3primev31_1_1_CCATAAGAGTATGTAG,370744,TSP27,stomach smooth muscle,"CD8-positive, alpha-beta T cell",Memory_CD4
ts_immune_all_1716,TSP27_Stomach_Muscle_10X3primev31_1_1_CCCTGATTCCAATCCC,370785,TSP27,stomach smooth muscle,"CD8-positive, alpha-beta T cell",Memory_CD4
ts_immune_all_1716,TSP27_Stomach_Muscle_10X3primev31_1_1_ATAGAGAAGGTTACAA,370191,TSP27,stomach smooth muscle,"CD8-positive, alpha-beta T cell",Memory_CD4
ts_immune_all_1716,TSP27_Stomach_Muscle_10X3primev31_1_1_TCGACCTTCAGATTGC,372603,TSP27,stomach smooth muscle,"CD8-positive, alpha-beta T cell",Memory_CD4
ts_immune_all_1716,TSP27_Stomach_Muscle_10X3primev31_1_1_AGTGACTGTTTCGACA,370149,TSP27,stomach smooth muscle,"CD8-positive, alpha-beta T cell",Memory_CD4
ts_immune_all_1716,TSP27_Stomach_Muscle_10X3primev31_1_1_CTACAGAAGAAGTATC,371062,TSP27,stomach smooth muscle,"CD8-positive, alpha-beta T cell",Memory_CD4
ts_immune_all_1716,TSP27_Stomach_Muscle_10X3primev31_1_1_TGCTTGCAGTCCCGAC,372870,TSP27,stomach smooth muscle,"CD8-positive, alpha-beta T cell",Memory_CD4
ts_immune_all_0435,TSP7_LymphNodes_Inguinal_10X_1_1_GATAGCTAGCCTGAAG,319119,TSP7,inguinal lymph node,"CD8-positive, alpha-beta T cell",Memory_CD4
ts_immune_all_0435,TSP7_LymphNodes_Inguinal_10X_1_1_CCTCAACCAACAACAA,317496,TSP7,inguinal lymph node,"CD8-positive, alpha-beta T cell",Memory_CD4
ts_immune_all_0435,TSP7_LymphNodes_Inguinal_10X_1_1_CATCCACGTCCCACGA,316958,TSP7,inguinal lymph node,"CD8-positive, alpha-beta T cell",Memory_CD4
ts_immune_all_0435,TSP7_LymphNodes_Inguinal_10X_1_1_CGTTAGATCCGGGACT,317998,TSP7,inguinal lymph node,"CD8-positive, alpha-beta T cell",Memory_CD4
ts_immune_all_0435,TSP7_LymphNodes_Inguinal_10X_1_1_GTGTTAGGTAACTTCG,320687,TSP7,inguinal lymph node,"CD8-positive, alpha-beta T cell",Memory_CD4
ts_immune_all_0435,TSP7_LymphNodes_Inguinal_10X_1_1_CCGCAAGCACGACTAT,317377,TSP7,inguinal lymph node,"CD8-positive, alpha-beta T cell",Memory_CD4
ts_immune_all_0435,TSP7_LymphNodes_Inguinal_10X_1_1_GGGAAGTGTGTAGCAG,319813,TSP7,inguinal lymph node,"CD8-positive, alpha-beta T cell",Memory_CD4
ts_immune_all_0435,TSP7_LymphNodes_Inguinal_10X_1_1_CGCATGGCAGAGGGTT,317807,TSP7,inguinal lymph node,"CD8-positive, alpha-beta T cell",Memory_CD4
ts_immune_all_0435,TSP7_LymphNodes_Inguinal_10X_1_1_TTTCATGTCTATCCAT,323304,TSP7,inguinal lymph node,"CD8-positive, alpha-beta T cell",Memory_CD4
ts_immune_all_0435,TSP7_LymphNodes_Inguinal_10X_1_1_TGACTCCGTTTGCCGG,322179,TSP7,inguinal lymph node,"CD8-positive, alpha-beta T cell",Memory_CD4
ts_immune_all_0435,TSP7_LymphNodes_Inguinal_10X_1_1_GGGCCATGTATCGTTG,319882,TSP7,inguinal lymph node,"CD8-positive, alpha-beta T cell",Memory_CD4
ts_immune_all_0435,TSP7_LymphNodes_Inguinal_10X_1_1_TGCATGACATCCCGTT,322341,TSP7,inguinal lymph node,"CD8-positive, alpha-beta T cell",Memory_CD4
ts_immune_all_0435,TSP7_LymphNodes_Inguinal_10X_1_1_CAGGGCTTCAGAACCT,316844,TSP7,inguinal lymph node,"CD8-positive, alpha-beta T cell",Memory_CD4
ts_immune_all_0435,TSP7_LymphNodes_Inguinal_10X_1_1_AGCGTATGTTGCAACT,315506,TSP7,inguinal lymph node,"CD8-positive, alpha-beta T cell",Memory_CD4
ts_immune_all_0435,TSP7_LymphNodes_Inguinal_10X_1_1_GAAACCTAGCTGAGCA,318661,TSP7,inguinal lymph node,"CD8-positive, alpha-beta T cell",Memory_CD4
ts_immune_all_0435,TSP7_LymphNodes_Inguinal_10X_1_1_CAACAGTCACATAGCT,316438,TSP7,inguinal lymph node,"CD8-positive, alpha-beta T cell",Memory_CD4
ts_immune_all_0435,TSP7_LymphNodes_Inguinal_10X_1_1_TGCGGGTGTGCATACT,322397,TSP7,inguinal lymph node,"CD8-positive, alpha-beta T cell",Memory_CD4
ts_immune_all_0435,TSP7_LymphNodes_Inguinal_10X_1_1_TAGGAGGCAGCTATAC,321210,TSP7,inguinal lymph node,"CD8-positive, alpha-beta T cell",Memory_CD4
ts_immune_all_0435,TSP7_LymphNodes_Inguinal_10X_1_1_AGGTTGTGTACCAGAG,315719,TSP7,inguinal lymph node,"CD8-positive, alpha-beta T cell",Memory_CD4
ts_immune_all_0435,TSP7_LymphNodes_Inguinal_10X_1_1_CAACGGCCAGAGGTTG,316474,TSP7,inguinal lymph node,"CD8-positive, alpha-beta T cell",Memory_CD4
ts_immune_all_0435,TSP7_LymphNodes_Inguinal_10X_1_1_AAGCGAGTCTGGGCGT,314578,TSP7,inguinal lymph node,"CD8-positive, alpha-beta T cell",Memory_CD4
ts_immune_all_0435,TSP7_LymphNodes_Inguinal_10X_1_1_CATTGAGTCTCTATAC,317102,TSP7,inguinal lymph node,"CD8-positive, alpha-beta T cell",Memory_CD4
ts_immune_all_0435,TSP7_LymphNodes_Inguinal_10X_1_1_CCTAAGAGTAACATAG,317468,TSP7,inguinal lymph node,"CD8-positive, alpha-beta T cell",Memory_CD4
ts_immune_all_0435,TSP7_LymphNodes_Inguinal_10X_1_1_AAGTACCGTACGCTTA,314614,TSP7,inguinal lymph node,"CD8-positive, alpha-beta T cell",Memory_CD4
ts_immune_all_0435,TSP7_LymphNodes_Inguinal_10X_1_1_TCGTAGATCGTTCGCT,321951,TSP7,inguinal lymph node,"CD8-positive, alpha-beta T cell",Memory_CD4
ts_immune_all_0435,TSP7_LymphNodes_Inguinal_10X_1_1_TTGATGGTCCTGTAGA,323105,TSP7,inguinal lymph node,"CD8-positive, alpha-beta T cell",Memory_CD4
ts_immune_all_0435,TSP7_LymphNodes_Inguinal_10X_1_1_GGGCCATCAATTTCCT,319879,TSP7,inguinal lymph node,"CD8-positive, alpha-beta T cell",Memory_CD4
ts_immune_all_0435,TSP7_LymphNodes_Inguinal_10X_1_1_GTCTTTAAGATGCCGA,320475,TSP7,inguinal lymph node,"CD8-positive, alpha-beta T cell",Memory_CD4
ts_immune_all_0435,TSP7_LymphNodes_Inguinal_10X_1_1_ACTGCAAAGCACCAGA,315139,TSP7,inguinal lymph node,"CD8-positive, alpha-beta T cell",Memory_CD4
ts_immune_all_0435,TSP7_LymphNodes_Inguinal_10X_1_1_CTCATCGCATCGCTCT,318220,TSP7,inguinal lymph node,"CD8-positive, alpha-beta T cell",Memory_CD4
ts_immune_all_0435,TSP7_LymphNodes_Inguinal_10X_1_1_AGCATCAGTACCTATG,315431,TSP7,inguinal lymph node,"CD8-positive, alpha-beta T cell",Memory_CD4
ts_immune_all_0435,TSP7_LymphNodes_Inguinal_10X_1_1_CAACGGCCACGGGCTT,316472,TSP7,inguinal lymph node,"CD8-positive, alpha-beta T cell",Memory_CD4
ts_immune_all_0435,TSP7_LymphNodes_Inguinal_10X_1_1_GTAATCGAGCTGTTCA,320157,TSP7,inguinal lymph node,"CD8-positive, alpha-beta T cell",Memory_CD4
ts_immune_all_0435,TSP7_LymphNodes_Inguinal_10X_1_1_TCCTGCACAGAACTCT,321795,TSP7,inguinal lymph node,"CD8-positive, alpha-beta T cell",Memory_CD4
ts_immune_all_0435,TSP7_LymphNodes_Inguinal_10X_1_1_TAGCACAAGGTTGCCC,321199,TSP7,inguinal lymph node,"CD8-positive, alpha-beta T cell",Memory_CD4
ts_immune_all_0435,TSP7_LymphNodes_Inguinal_10X_1_1_CCCGAAGTCCATGCAA,317277,TSP7,inguinal lymph node,"CD8-positive, alpha-beta T cell",Memory_CD4
ts_immune_all_0435,TSP7_LymphNodes_Inguinal_10X_1_1_AAAGGTAAGTCGGCCT,314355,TSP7,inguinal lymph node,"CD8-positive, alpha-beta T cell",Memory_CD4
ts_immune_all_0435,TSP7_LymphNodes_Inguinal_10X_1_1_ATTCTACGTGTACGCC,316350,TSP7,inguinal lymph node,"CD8-positive, alpha-beta T cell",Memory_CD4
ts_immune_all_0435,TSP7_LymphNodes_Inguinal_10X_1_1_CACGTTCGTCGAGCTC,316662,TSP7,inguinal lymph node,"CD8-positive, alpha-beta T cell",Memory_CD4
ts_immune_all_0435,TSP7_LymphNodes_Inguinal_10X_1_1_GGAGATGAGTCTGGTT,319696,TSP7,inguinal lymph node,"CD8-positive, alpha-beta T cell",Memory_CD4
ts_immune_all_0435,TSP7_LymphNodes_Inguinal_10X_1_1_AGTAACCGTCCACTCT,315726,TSP7,inguinal lymph node,"CD8-positive, alpha-beta T cell",Memory_CD4
ts_immune_all_0435,TSP7_LymphNode_inguinal_SS2_B134143_B133906_ImmuneLinNeg_F14,8525,TSP7,inguinal lymph node,"CD8-positive, alpha-beta T cell",Memory_CD4
ts_immune_all_0435,TSP7_LymphNodes_Inguinal_10X_1_1_GTGAGCCAGATGCCGA,320499,TSP7,inguinal lymph node,"CD8-positive, alpha-beta T cell",Memory_CD4
ts_immune_all_0435,TSP7_LymphNodes_Inguinal_10X_1_1_TCCACCAAGGGAGAAT,321640,TSP7,inguinal lymph node,"CD8-positive, alpha-beta T cell",Memory_CD4
ts_immune_all_0435,TSP7_LymphNodes_Inguinal_10X_1_1_TTGTTCATCAGGAGAC,323208,TSP7,inguinal lymph node,"CD8-positive, alpha-beta T cell",Memory_CD4
ts_immune_all_0435,TSP7_LymphNodes_Inguinal_10X_1_1_CATTGCCCAGATTAAG,317110,TSP7,inguinal lymph node,"CD8-positive, alpha-beta T cell",Memory_CD4
ts_immune_all_0435,TSP7_LymphNodes_Inguinal_10X_1_1_GGGAGATTCACCTGTC,319847,TSP7,inguinal lymph node,"CD8-positive, alpha-beta T cell",Memory_CD4
ts_immune_all_0435,TSP7_LymphNodes_Inguinal_10X_1_1_TCGTCCACATACTGAC,321953,TSP7,inguinal lymph node,"CD8-positive, alpha-beta T cell",Memory_CD4
ts_immune_all_0435,TSP7_LymphNodes_Inguinal_10X_1_1_AGTACCAAGTGGTTCT,315734,TSP7,inguinal lymph node,"CD8-positive, alpha-beta T cell",Memory_CD4
ts_immune_all_0435,TSP7_LymphNodes_Inguinal_10X_1_1_CATCAAGAGTAAGGGA,316946,TSP7,inguinal lymph node,"CD8-positive, alpha-beta T cell",Memory_CD4
ts_immune_all_1029,TSP21_Vasculature_Aorta_10X_2_1_TCTCCGACACTTCAAG,86793,TSP21,aorta,"CD8-positive, alpha-beta T cell",Memory_CD4
ts_immune_all_1029,TSP21_Vasculature_Aorta_10X_1_1_ACCTGTCGTGGTGATG,486229,TSP21,aorta,"CD8-positive, alpha-beta T cell",Memory_CD4
ts_immune_all_1029,TSP21_Vasculature_Aorta_10X_1_1_AGCGATTCATTGACAC,486247,TSP21,aorta,"CD8-positive, alpha-beta T cell",Memory_CD4
ts_immune_all_1029,TSP21_Vasculature_Aorta_10X_1_1_ACTTAGGAGATCGCTT,486236,TSP21,aorta,"CD8-positive, alpha-beta T cell",Memory_CD4
ts_immune_all_1029,TSP21_Vasculature_Aorta_10X_1_1_TCAGTTTTCTGGAAGG,486495,TSP21,aorta,"CD8-positive, alpha-beta T cell",Memory_CD4
ts_immune_all_1029,TSP21_Vasculature_Aorta_10X_1_1_CGCATAAAGTACGAGC,486346,TSP21,aorta,"CD8-positive, alpha-beta T cell",Memory_CD4
ts_immune_all_1029,TSP21_Vasculature_Aorta_10X_1_1_ACCAAACAGCGGTAAC,486225,TSP21,aorta,"CD8-positive, alpha-beta T cell",Memory_CD4
ts_immune_all_1029,TSP21_Vasculature_Aorta_10X_2_1_CCTCAACTCAACACGT,86657,TSP21,aorta,"CD8-positive, alpha-beta T cell",Memory_CD4
ts_immune_all_1029,TSP21_Vasculature_Aorta_10X_1_1_CCATAAGGTCTCGGAC,486326,TSP21,aorta,"CD8-positive, alpha-beta T cell",Memory_CD4
ts_immune_all_1029,TSP21_Vasculature_Aorta_10X_1_1_TACAACGCAATTAGGA,486475,TSP21,aorta,"CD8-positive, alpha-beta T cell",Memory_CD4
ts_immune_all_1029,TSP21_Vasculature_Aorta_10X_2_1_ACTACGAAGTGATAAC,86586,TSP21,aorta,"CD8-positive, alpha-beta T cell",Memory_CD4
ts_immune_all_1029,TSP21_Vasculature_Aorta_10X_2_1_ATGACCATCGGACTGC,86618,TSP21,aorta,"CD8-positive, alpha-beta T cell",Memory_CD4
ts_immune_all_1029,TSP21_Vasculature_Aorta_10X_1_1_TTTGGTTAGGCCTAAG,486556,TSP21,aorta,"CD8-positive, alpha-beta T cell",Memory_CD4
ts_immune_all_1029,TSP21_Vasculature_Aorta_10X_2_1_AGATCGTAGTTACTCG,86595,TSP21,aorta,"CD8-positive, alpha-beta T cell",Memory_CD4
ts_immune_all_1029,TSP21_Vasculature_Aorta_10X_1_1_TCAAGTGTCTGCTGAA,486491,TSP21,aorta,"CD8-positive, alpha-beta T cell",Memory_CD4
ts_immune_all_1029,TSP21_Vasculature_Aorta_10X_1_1_CACAACACAAGCTGCC,486295,TSP21,aorta,"CD8-positive, alpha-beta T cell",Memory_CD4
ts_immune_all_1029,TSP21_Vasculature_Aorta_10X_1_1_TTAGGCAGTAGTCTTG,486539,TSP21,aorta,"CD8-positive, alpha-beta T cell",Memory_CD4
ts_immune_all_1029,TSP21_Vasculature_Aorta_10X_1_1_GAATCACCAACACGAG,486390,TSP21,aorta,"CD8-positive, alpha-beta T cell",Memory_CD4
ts_immune_all_1029,TSP21_Vasculature_Aorta_10X_1_1_TCCTTTCCATGGCACC,486504,TSP21,aorta,"CD8-positive, alpha-beta T cell",Memory_CD4
ts_immune_all_1029,TSP21_Vasculature_Aorta_10X_2_1_ATACCTTCAATAGTAG,86607,TSP21,aorta,"CD8-positive, alpha-beta T cell",Memory_CD4
ts_immune_all_1029,TSP21_Vasculature_Aorta_10X_1_1_TAATCTCCAGTCAGTT,486474,TSP21,aorta,"CD8-positive, alpha-beta T cell",Memory_CD4
ts_immune_all_1029,TSP21_Vasculature_Aorta_10X_2_1_AACCTTTCACCGGAAA,86560,TSP21,aorta,"CD8-positive, alpha-beta T cell",Memory_CD4
ts_immune_all_1029,TSP21_Vasculature_Aorta_10X_1_1_AGGGCCTCAAGGGTCA,486253,TSP21,aorta,"CD8-positive, alpha-beta T cell",Memory_CD4
ts_immune_all_1029,TSP21_Vasculature_Aorta_10X_1_1_GGTGTTATCCACACCT,486445,TSP21,aorta,"CD8-positive, alpha-beta T cell",Memory_CD4
ts_immune_all_1029,TSP21_Vasculature_Aorta_10X_1_1_GTTGTGATCAACTGGT,486466,TSP21,aorta,"CD8-positive, alpha-beta T cell",Memory_CD4
ts_immune_all_1029,TSP21_Vasculature_Aorta_10X_1_1_ACAACCACACATATGC,486218,TSP21,aorta,"CD8-positive, alpha-beta T cell",Memory_CD4
ts_immune_all_1029,TSP21_Vasculature_Aorta_10X_1_1_TAGGTTGAGATAGGGA,486484,TSP21,aorta,"CD8-positive, alpha-beta T cell",Memory_CD4
ts_immune_all_1029,TSP21_Vasculature_Aorta_10X_1_1_AGGCCACGTCACCACG,486252,TSP21,aorta,"CD8-positive, alpha-beta T cell",Memory_CD4
ts_immune_all_1029,TSP21_Vasculature_Aorta_10X_1_1_GGGTCACAGCTAAACA,486435,TSP21,aorta,"CD8-positive, alpha-beta T cell",Memory_CD4
ts_immune_all_1029,TSP21_Vasculature_Aorta_10X_1_1_CATACCCAGACGGATC,486310,TSP21,aorta,"CD8-positive, alpha-beta T cell",Memory_CD4
ts_immune_all_1029,TSP21_Vasculature_Aorta_10X_1_1_GGTTAACTCGGTCGGT,486446,TSP21,aorta,"CD8-positive, alpha-beta T cell",Memory_CD4
ts_immune_all_1029,TSP21_Vasculature_Aorta_10X_1_1_CTGTCGTTCTGGACTA,486377,TSP21,aorta,"CD8-positive, alpha-beta T cell",Memory_CD4
ts_immune_all_1029,TSP21_Vasculature_Aorta_10X_1_1_CTCCAACTCGACGCGT,486366,TSP21,aorta,"CD8-positive, alpha-beta T cell",Memory_CD4
ts_immune_all_1029,TSP21_Vasculature_Aorta_10X_1_1_CCTATCGCACAGCCAC,486338,TSP21,aorta,"CD8-positive, alpha-beta T cell",Memory_CD4
ts_immune_all_1029,TSP21_Vasculature_Aorta_10X_1_1_CCTAAGATCTCTCGCA,486337,TSP21,aorta,"CD8-positive, alpha-beta T cell",Memory_CD4
ts_immune_all_1029,TSP21_Vasculature_Aorta_10X_1_1_GACTCTCTCCTAAGTG,486397,TSP21,aorta,"CD8-positive, alpha-beta T cell",Memory_CD4
ts_immune_all_1029,TSP21_Vasculature_Aorta_10X_1_1_TACTTGTGTGTTCCAA,486479,TSP21,aorta,"CD8-positive, alpha-beta T cell",Memory_CD4
ts_immune_all_1029,TSP21_Vasculature_Aorta_10X_1_1_AGTGTTGAGAGCATAT,486265,TSP21,aorta,"CD8-positive, alpha-beta T cell",Memory_CD4
ts_immune_all_1029,TSP21_Vasculature_Aorta_10X_1_1_TGTTACTTCCGTGTAA,486535,TSP21,aorta,"CD8-positive, alpha-beta T cell",Memory_CD4
ts_immune_all_1029,TSP21_Vasculature_Aorta_10X_2_1_GTGGAAGTCGGCTATA,86762,TSP21,aorta,"CD8-positive, alpha-beta T cell",Memory_CD4
ts_immune_all_1029,TSP21_Vasculature_Aorta_10X_1_1_ATTGGGTCAGACTCTA,486283,TSP21,aorta,"CD8-positive, alpha-beta T cell",Memory_CD4
ts_immune_all_1029,TSP21_Vasculature_Aorta_10X_1_1_CCCGGAAGTAACATAG,486327,TSP21,aorta,"CD8-positive, alpha-beta T cell",Memory_CD4
ts_immune_all_1029,TSP21_Vasculature_Aorta_10X_1_1_AGCGATTTCTATCGTT,486248,TSP21,aorta,"CD8-positive, alpha-beta T cell",Memory_CD4
ts_immune_all_1029,TSP21_Vasculature_Aorta_10X_1_1_TCGCACTAGGGTTTCT,486507,TSP21,aorta,"CD8-positive, alpha-beta T cell",Memory_CD4
ts_immune_all_1029,TSP21_Vasculature_Aorta_10X_1_1_TCTAACTAGGATACGC,486513,TSP21,aorta,"CD8-positive, alpha-beta T cell",Memory_CD4
ts_immune_all_1029,TSP21_Vasculature_Aorta_10X_1_1_GATCAGTGTTCGTAAC,486405,TSP21,aorta,"CD8-positive, alpha-beta T cell",Memory_CD4
ts_immune_all_1029,TSP21_Vasculature_Aorta_10X_1_1_AGATCCAGTACCACGC,486242,TSP21,aorta,"CD8-positive, alpha-beta T cell",Memory_CD4
ts_immune_all_1029,TSP21_Vasculature_Aorta_10X_1_1_TCCTCGAGTTTACGAC,486503,TSP21,aorta,"CD8-positive, alpha-beta T cell",Memory_CD4
ts_immune_all_1029,TSP21_Vasculature_Aorta_10X_2_1_TACCTCGGTAGACACG,86771,TSP21,aorta,"CD8-positive, alpha-beta T cell",Memory_CD4
ts_immune_all_1029,TSP21_Vasculature_Aorta_10X_1_1_GCATCGGTCTCTGCTG,486413,TSP21,aorta,"CD8-positive, alpha-beta T cell",Memory_CD4
ts_immune_all_0570,TSP10_Skin_NA_10X_1_2_GTTGCTCGTCGAGTTT,450627,TSP10,skin of body,regulatory T cell,Treg
ts_immune_all_0570,TSP10_Skin_NA_10X_1_2_TTTGTTGCAGAGACTG,451065,TSP10,skin of body,regulatory T cell,Treg
ts_immune_all_0570,TSP10_Skin_NA_10X_1_2_AGCCAATTCTCGTTTA,449795,TSP10,skin of body,regulatory T cell,Treg
ts_immune_all_0570,TSP10_Skin_NA_10X_1_2_ATACCTTCATCTGGGC,449887,TSP10,skin of body,regulatory T cell,Treg
ts_immune_all_0570,TSP10_Skin_NA_10X_1_2_AGTAACCGTACGAAAT,449855,TSP10,skin of body,regulatory T cell,Treg
ts_immune_all_0570,TSP10_Skin_NA_10X_1_2_TACCGAACATGCGGTC,450670,TSP10,skin of body,regulatory T cell,Treg
ts_immune_all_0570,TSP10_Skin_NA_10X_1_2_TCACGGGGTTGCAACT,450731,TSP10,skin of body,regulatory T cell,Treg
ts_immune_all_0570,TSP10_Skin_NA_10X_1_2_TTCCTCTTCCATTGGA,451002,TSP10,skin of body,regulatory T cell,Treg
ts_immune_all_0570,TSP10_Skin_NA_10X_1_1_AGTACTGGTTCAGCTA,418290,TSP10,skin of body,regulatory T cell,Treg
ts_immune_all_0570,TSP10_Skin_NA_10X_1_2_GGGCCATGTAGAGCTG,450477,TSP10,skin of body,regulatory T cell,Treg
ts_immune_all_0570,TSP10_Skin_NA_10X_1_2_AGAGAATTCACACCCT,449780,TSP10,skin of body,regulatory T cell,Treg
ts_immune_all_0570,TSP10_Skin_NA_10X_1_2_AACACACTCAGAACCT,449610,TSP10,skin of body,regulatory T cell,Treg
ts_immune_all_0570,TSP10_Skin_NA_10X_1_2_CGGCAGTCACTGAATC,450187,TSP10,skin of body,regulatory T cell,Treg
ts_immune_all_0570,TSP10_Skin_NA_10X_1_1_ATCCACCAGAGGGTAA,418337,TSP10,skin of body,regulatory T cell,Treg
ts_immune_all_0570,TSP10_Skin_NA_10X_1_2_GTCGTTCAGAAGTCCG,450557,TSP10,skin of body,regulatory T cell,Treg
ts_immune_all_0570,TSP10_Skin_NA_10X_1_2_TCGAAGTGTCTACAAC,450793,TSP10,skin of body,regulatory T cell,Treg
ts_immune_all_0570,TSP10_Skin_NA_10X_1_2_TGAGCATTCCGTTGGG,450860,TSP10,skin of body,regulatory T cell,Treg
ts_immune_all_0570,TSP10_Skin_NA_10X_1_2_CTAGACACAACTCCCT,450219,TSP10,skin of body,regulatory T cell,Treg
ts_immune_all_0570,TSP10_Skin_NA_10X_1_2_TTACCGCAGCAAGCCA,450965,TSP10,skin of body,regulatory T cell,Treg
ts_immune_all_0570,TSP10_Skin_NA_10X_1_2_ATTACCTAGTAGCCAG,449941,TSP10,skin of body,regulatory T cell,Treg
ts_immune_all_0570,TSP10_Skin_NA_10X_1_1_TTGTGGAGTGAATTGA,419563,TSP10,skin of body,regulatory T cell,Treg
ts_immune_all_0570,TSP10_Skin_NA_10X_1_2_TTTCATGGTGTACAGG,451050,TSP10,skin of body,regulatory T cell,Treg
ts_immune_all_0570,TSP10_Skin_NA_10X_1_1_GAAGAATCAGACACAG,418787,TSP10,skin of body,regulatory T cell,Treg
ts_immune_all_0570,TSP10_Skin_NA_10X_1_1_TAGACTGCAAGGACAC,419196,TSP10,skin of body,regulatory T cell,Treg
ts_immune_all_0570,TSP10_Skin_NA_10X_1_2_TACTTCATCTTTGCAT,450683,TSP10,skin of body,regulatory T cell,Treg
ts_immune_all_0570,TSP10_Skin_NA_10X_1_2_ACCCTTGAGGGAGTGG,449704,TSP10,skin of body,regulatory T cell,Treg
ts_immune_all_0570,TSP10_Skin_NA_10X_1_2_TCCCATGTCTGCATAG,450774,TSP10,skin of body,regulatory T cell,Treg
ts_immune_all_0570,TSP10_Skin_NA_10X_1_2_AACCAACAGTTTGTCG,449613,TSP10,skin of body,regulatory T cell,Treg
ts_immune_all_0570,TSP10_Skin_NA_10X_1_2_GAAGGGTGTCAACACT,450306,TSP10,skin of body,regulatory T cell,Treg
ts_immune_all_0570,TSP10_Skin_NA_10X_1_2_AAGACAATCACCCTGT,449633,TSP10,skin of body,regulatory T cell,Treg
ts_immune_all_0570,TSP10_Skin_NA_10X_1_2_CCCTGATGTAGTACGG,450107,TSP10,skin of body,regulatory T cell,Treg
ts_immune_all_0570,TSP10_Skin_NA_10X_1_1_ATTCTTGTCTTTCGAT,418401,TSP10,skin of body,regulatory T cell,Treg
ts_immune_all_0570,TSP10_Skin_NA_10X_1_1_CATGGTAGTCAACGCC,418513,TSP10,skin of body,regulatory T cell,Treg
ts_immune_all_0570,TSP10_Skin_NA_10X_1_2_ATCGATGAGCGACTGA,449905,TSP10,skin of body,regulatory T cell,Treg
ts_immune_all_0570,TSP10_Skin_NA_10X_1_1_TTTAGTCCAAGAGATT,419580,TSP10,skin of body,regulatory T cell,Treg
ts_immune_all_0570,TSP10_Skin_NA_10X_1_2_TCTATCAAGGTAACTA,450823,TSP10,skin of body,regulatory T cell,Treg
ts_immune_all_0570,TSP10_Skin_NA_10X_1_2_TCGTCCAGTTTGAACC,450811,TSP10,skin of body,regulatory T cell,Treg
ts_immune_all_0570,TSP10_Skin_NA_10X_1_2_TCAGCCTGTAACGCGA,450736,TSP10,skin of body,regulatory T cell,Treg
ts_immune_all_0570,TSP10_Skin_NA_10X_1_2_TGTCCCAAGAGTTGTA,450941,TSP10,skin of body,regulatory T cell,Treg
ts_immune_all_0570,TSP10_Skin_NA_10X_1_2_GCTACCTTCGTTACCC,450424,TSP10,skin of body,regulatory T cell,Treg
ts_immune_all_0570,TSP10_Skin_NA_10X_1_2_GATTGGTGTCTGTAGT,450373,TSP10,skin of body,regulatory T cell,Treg
ts_immune_all_0570,TSP10_Skin_NA_10X_1_1_CGTTGGGGTCCAAGAG,418657,TSP10,skin of body,regulatory T cell,Treg
ts_immune_all_0570,TSP10_Skin_NA_10X_1_2_CCCTAACAGCGTTAGG,450097,TSP10,skin of body,regulatory T cell,Treg
ts_immune_all_0570,TSP10_Skin_NA_10X_1_2_AGACTCACACCATAAC,449774,TSP10,skin of body,regulatory T cell,Treg
ts_immune_all_0570,TSP10_Skin_NA_10X_1_1_ACACCAAGTACGCTTA,418126,TSP10,skin of body,regulatory T cell,Treg
ts_immune_all_0570,TSP10_Skin_NA_10X_1_2_AACCATGAGGAGAGTA,449617,TSP10,skin of body,regulatory T cell,Treg
ts_immune_all_0570,TSP10_Skin_NA_10X_1_1_CAAAGAACATTGTCGA,418409,TSP10,skin of body,regulatory T cell,Treg
ts_immune_all_0570,TSP10_Skin_NA_10X_1_2_TGGGATTGTAACTTCG,450924,TSP10,skin of body,regulatory T cell,Treg
ts_immune_all_0570,TSP10_Skin_NA_10X_1_2_GTCACTCAGTTGAATG,450544,TSP10,skin of body,regulatory T cell,Treg
ts_immune_all_0570,TSP10_Skin_NA_10X_1_2_AACCACATCGCTTAAG,449615,TSP10,skin of body,regulatory T cell,Treg
ts_immune_all_0369,TSP6_Trachea_NA_10X_1_2_AGGTGTTGTGTAAACA,22013,TSP6,trachea,mast cell,Mast
ts_immune_all_0369,TSP6_Trachea_NA_10X_1_2_TGTCCCACACGGTCTG,22325,TSP6,trachea,mast cell,Mast
ts_immune_all_0369,TSP6_Trachea_NA_10X_1_1_ACACAGTAGGAAGTAG,508860,TSP6,trachea,mast cell,Mast
ts_immune_all_0369,TSP6_Trachea_NA_10X_2_1_TACCTGCTCTGGGCCA,58112,TSP6,trachea,mast cell,Mast
ts_immune_all_0369,TSP6_Trachea_NA_10X_2_1_GACCCTTGTCATCACA,57344,TSP6,trachea,mast cell,Mast
ts_immune_all_0369,TSP6_Trachea_NA_10X_2_1_TCTTAGTAGTTAGAAC,58491,TSP6,trachea,mast cell,Mast
ts_immune_all_0369,TSP6_Trachea_NA_10X_2_1_GTTGTCCAGGTGTGAC,58018,TSP6,trachea,mast cell,Mast
ts_immune_all_0369,TSP6_Trachea_NA_10X_2_1_AACTTCTCACAATGCT,55906,TSP6,trachea,mast cell,Mast
ts_immune_all_0369,TSP6_Trachea_NA_10X_1_2_CAGGGCTAGATTGCGG,22053,TSP6,trachea,mast cell,Mast
ts_immune_all_0369,TSP6_Trachea_NA_10X_2_1_TCACGGGGTGCCTGCA,58241,TSP6,trachea,mast cell,Mast
ts_immune_all_0369,TSP6_Trachea_NA_10X_1_1_CTCCAACGTTGAAGTA,509003,TSP6,trachea,mast cell,Mast
ts_immune_all_0369,TSP6_Trachea_NA_10X_1_2_GCATGATGTGTCCAAT,22168,TSP6,trachea,mast cell,Mast
ts_immune_all_0369,TSP6_Trachea_NA_10X_2_1_GTTAGTGTCTTTCCGG,57990,TSP6,trachea,mast cell,Mast
ts_immune_all_0369,TSP6_Trachea_NA_10X_2_1_GTTACGATCAATCCAG,57977,TSP6,trachea,mast cell,Mast
ts_immune_all_0369,TSP6_Trachea_NA_10X_2_1_TTGCATTAGCGAGAAA,58815,TSP6,trachea,mast cell,Mast
ts_immune_all_0369,TSP6_Trachea_NA_10X_2_1_AGTACTGGTCGACTTA,56302,TSP6,trachea,mast cell,Mast
ts_immune_all_0369,TSP6_Trachea_NA_10X_1_2_GTGCACGAGCTTTCTT,22223,TSP6,trachea,mast cell,Mast
ts_immune_all_0369,TSP6_Trachea_NA_10X_1_1_TGAACGTTCTTTGGAG,509152,TSP6,trachea,mast cell,Mast
ts_immune_all_0369,TSP6_Trachea_NA_10X_1_2_TCCTCTTGTATGGAAT,22280,TSP6,trachea,mast cell,Mast
ts_immune_all_0369,TSP6_Trachea_NA_10X_1_2_AAGCCATGTATAATGG,21959,TSP6,trachea,mast cell,Mast
ts_immune_all_0369,TSP6_Trachea_NA_10X_2_1_ACTTAGGTCCACCTCA,56123,TSP6,trachea,mast cell,Mast
ts_immune_all_0369,TSP6_Trachea_NA_10X_2_1_TACTTACCAGCGACAA,58131,TSP6,trachea,mast cell,Mast
ts_immune_all_0369,TSP6_Trachea_NA_10X_1_1_ATCGTCCCACAGTCCG,508917,TSP6,trachea,mast cell,Mast
ts_immune_all_0369,TSP6_Trachea_NA_10X_1_2_TGTAAGCGTTGCATCA,22322,TSP6,trachea,mast cell,Mast
ts_immune_all_0369,TSP6_Trachea_NA_10X_1_2_CCCAACTGTAGCTAAA,22071,TSP6,trachea,mast cell,Mast
ts_immune_all_0369,TSP6_Trachea_NA_10X_1_2_TCACAAGGTGTCCTAA,22261,TSP6,trachea,mast cell,Mast
ts_immune_all_0369,TSP6_Trachea_NA_10X_1_2_CGACAGCAGGCTTTCA,22091,TSP6,trachea,mast cell,Mast
ts_immune_all_0369,TSP6_Trachea_NA_10X_1_2_GGAATCTGTCCGAAAG,22180,TSP6,trachea,mast cell,Mast
ts_immune_all_0369,TSP6_Trachea_NA_10X_1_2_AATGACCTCGAAGGAC,21962,TSP6,trachea,mast cell,Mast
ts_immune_all_0369,TSP6_Trachea_NA_10X_1_1_GTTGTAGCATAGTCGT,509112,TSP6,trachea,mast cell,Mast
ts_immune_all_0369,TSP6_Trachea_NA_10X_1_2_CAAGCTAAGTGGACTG,22040,TSP6,trachea,mast cell,Mast
ts_immune_all_0369,TSP6_Trachea_NA_10X_2_1_TAAGTCGCAAGTGGCA,58061,TSP6,trachea,mast cell,Mast
ts_immune_all_0369,TSP6_Trachea_NA_10X_1_1_GATGTTGGTGATATAG,509052,TSP6,trachea,mast cell,Mast
ts_immune_all_0369,TSP6_Trachea_NA_10X_2_1_TATCAGGGTCCTACGG,58176,TSP6,trachea,mast cell,Mast
ts_immune_all_0369,TSP6_Trachea_NA_10X_1_2_CTTTCAAAGACATCAA,22135,TSP6,trachea,mast cell,Mast
ts_immune_all_0369,TSP6_Trachea_NA_10X_2_1_ACACCAACATGGCCAC,55996,TSP6,trachea,mast cell,Mast
ts_immune_all_0369,TSP6_Trachea_NA_10X_1_2_TTCATTGAGGGAGGCA,22334,TSP6,trachea,mast cell,Mast
ts_immune_all_0369,TSP6_Trachea_NA_10X_1_2_GTTCATTCACGGCGTT,22230,TSP6,trachea,mast cell,Mast
ts_immune_all_0369,TSP6_Trachea_NA_10X_1_1_ACAACCACACGATTCA,508858,TSP6,trachea,mast cell,Mast
ts_immune_all_0369,TSP6_Trachea_NA_10X_1_1_TGGTGATGTCGCAGTC,509172,TSP6,trachea,mast cell,Mast
ts_immune_all_0369,TSP6_Trachea_NA_10X_1_1_TGGATCATCTAGTCAG,509169,TSP6,trachea,mast cell,Mast
ts_immune_all_0369,TSP6_Trachea_NA_10X_1_2_ATGGAGGAGGCGCTTC,22031,TSP6,trachea,mast cell,Mast
ts_immune_all_0369,TSP6_Trachea_NA_10X_1_2_TAACACGTCTGGTTGA,22236,TSP6,trachea,mast cell,Mast
ts_immune_all_0369,TSP6_Trachea_NA_10X_1_1_ACCTGTCCAGGTATGG,508870,TSP6,trachea,mast cell,Mast
ts_immune_all_0369,TSP6_Trachea_NA_10X_1_2_TGTGTGATCTGACAGT,22328,TSP6,trachea,mast cell,Mast
ts_immune_all_0369,TSP6_Trachea_NA_10X_2_1_AGGGCCTTCCGCATAA,56260,TSP6,trachea,mast cell,Mast
ts_immune_all_0369,TSP6_Trachea_NA_10X_1_2_CGAAGTTCAACGGGTA,22089,TSP6,trachea,mast cell,Mast
ts_immune_all_0369,TSP6_Trachea_NA_10X_1_2_TGTTGAGTCTTAGCAG,22330,TSP6,trachea,mast cell,Mast
ts_immune_all_0369,TSP6_Trachea_NA_10X_1_1_CTCTCAGAGTATCTGC,509006,TSP6,trachea,mast cell,Mast
ts_immune_all_0369,TSP6_Trachea_NA_10X_2_1_AACTTCTGTCCGCAGT,55908,TSP6,trachea,mast cell,Mast
ts_immune_all_1038,TSP21_Heart_Left_10X_1_1_GTTGTGAAGGTACAAT,419682,TSP21,heart,"CD8-positive, alpha-beta T cell",Memory_CD8
ts_immune_all_1038,TSP21_Heart_Left_10X_1_1_GAAGCGACACCGTGGT,419655,TSP21,heart,"CD8-positive, alpha-beta T cell",Memory_CD8
ts_immune_all_1038,TSP21_Heart_Left_10X_1_2_ATCCCTGAGGTTGAGC,412295,TSP21,heart,"CD8-positive, alpha-beta T cell",Memory_CD8
ts_immune_all_1038,TSP21_Heart_Left_10X_1_2_AAGGAATCAGGGCTTC,412256,TSP21,heart,"CD8-positive, alpha-beta T cell",Memory_CD8
ts_immune_all_1038,TSP21_Heart_Left_10X_1_1_CTAACCCGTAGTCTGT,419647,TSP21,heart,"CD8-positive, alpha-beta T cell",Memory_CD8
ts_immune_all_1038,TSP21_Heart_Left_10X_1_2_AATGCCATCGCACGGT,412258,TSP21,heart,"CD8-positive, alpha-beta T cell",Memory_CD8
ts_immune_all_1038,TSP21_Heart_Left_10X_1_2_TTGGGCGTCTCCTACG,412487,TSP21,heart,"CD8-positive, alpha-beta T cell",Memory_CD8
ts_immune_all_1038,TSP21_Heart_Left_10X_1_2_CAACGGCAGGTTCTAC,412307,TSP21,heart,"CD8-positive, alpha-beta T cell",Memory_CD8
ts_immune_all_1038,TSP21_Heart_Left_10X_1_1_ACTGTCCGTAGGGAGG,419613,TSP21,heart,"CD8-positive, alpha-beta T cell",Memory_CD8
ts_immune_all_1038,TSP21_Heart_Left_10X_1_2_GGGTATTGTCTCCCTA,412393,TSP21,heart,"CD8-positive, alpha-beta T cell",Memory_CD8
ts_immune_all_1038,TSP21_Heart_Left_10X_1_2_TGGGAGAAGAATCGCG,412463,TSP21,heart,"CD8-positive, alpha-beta T cell",Memory_CD8
ts_immune_all_1038,TSP21_Heart_Left_10X_1_2_TGACGCGAGGAACGCT,412455,TSP21,heart,"CD8-positive, alpha-beta T cell",Memory_CD8
ts_immune_all_1038,TSP21_Heart_Left_10X_1_2_TACCCACGTACTGAGG,412423,TSP21,heart,"CD8-positive, alpha-beta T cell",Memory_CD8
ts_immune_all_1038,TSP21_Heart_Left_10X_1_1_TCGTGCTAGGCAATGC,419703,TSP21,heart,"CD8-positive, alpha-beta T cell",Memory_CD8
ts_immune_all_1038,TSP21_Heart_Left_10X_1_1_AGGGTCCCAATACCCA,419624,TSP21,heart,"CD8-positive, alpha-beta T cell",Memory_CD8
ts_immune_all_1038,TSP21_Heart_Left_10X_1_2_GAACACTGTTCTTCAT,412359,TSP21,heart,"CD8-positive, alpha-beta T cell",Memory_CD8
ts_immune_all_1038,TSP21_Heart_Left_10X_1_2_GTGCTTCAGGAAAGAC,412411,TSP21,heart,"CD8-positive, alpha-beta T cell",Memory_CD8
ts_immune_all_1038,TSP21_Heart_Left_10X_1_2_GCCATTCCAGCGGTCT,412384,TSP21,heart,"CD8-positive, alpha-beta T cell",Memory_CD8
ts_immune_all_1038,TSP21_Heart_Left_10X_1_2_ACTGCAACATCCTTCG,412272,TSP21,heart,"CD8-positive, alpha-beta T cell",Memory_CD8
ts_immune_all_1038,TSP21_Heart_Left_10X_1_2_AAGTGAAGTGGACTGA,412257,TSP21,heart,"CD8-positive, alpha-beta T cell",Memory_CD8
ts_immune_all_1038,TSP21_Heart_Left_10X_1_2_GGGAGATTCCAAATGC,412391,TSP21,heart,"CD8-positive, alpha-beta T cell",Memory_CD8
ts_immune_all_1038,TSP21_Heart_Left_10X_1_1_TTGGGATGTGCAATGG,419715,TSP21,heart,"CD8-positive, alpha-beta T cell",Memory_CD8
ts_immune_all_1038,TSP21_Heart_Left_10X_1_1_TGTGAGTGTTCGTGCG,419708,TSP21,heart,"CD8-positive, alpha-beta T cell",Memory_CD8
ts_immune_all_1038,TSP21_Heart_Left_10X_1_2_TTGGATGCACCGTGCA,412485,TSP21,heart,"CD8-positive, alpha-beta T cell",Memory_CD8
ts_immune_all_1038,TSP21_Heart_Left_10X_1_1_CTTCTAATCTAGATCG,419653,TSP21,heart,"CD8-positive, alpha-beta T cell",Memory_CD8
ts_immune_all_1038,TSP21_Heart_Left_10X_1_1_AACCCAACACCCAACG,419608,TSP21,heart,"CD8-positive, alpha-beta T cell",Memory_CD8
ts_immune_all_1038,TSP21_Heart_Left_10X_1_1_AGAGCAGTCACACCCT,419617,TSP21,heart,"CD8-positive, alpha-beta T cell",Memory_CD8
ts_immune_all_1038,TSP21_Heart_Left_10X_1_2_CTGGTCTTCACTTGGA,412355,TSP21,heart,"CD8-positive, alpha-beta T cell",Memory_CD8
ts_immune_all_1038,TSP21_Heart_Left_10X_1_2_TTCATTGTCAATCTCT,412479,TSP21,heart,"CD8-positive, alpha-beta T cell",Memory_CD8
ts_immune_all_1038,TSP21_Heart_Left_10X_1_2_CCGCAAGAGGCTTAGG,412326,TSP21,heart,"CD8-positive, alpha-beta T cell",Memory_CD8
ts_immune_all_1038,TSP21_Heart_Left_10X_1_2_CTGCCATCAGATCATC,412354,TSP21,heart,"CD8-positive, alpha-beta T cell",Memory_CD8
ts_immune_all_1038,TSP21_Heart_Left_10X_1_2_AACAACCAGCGGTAGT,412248,TSP21,heart,"CD8-positive, alpha-beta T cell",Memory_CD8
ts_immune_all_1038,TSP21_Heart_Left_10X_1_2_CATTTCAAGACCCTTA,412321,TSP21,heart,"CD8-positive, alpha-beta T cell",Memory_CD8
ts_immune_all_1038,TSP21_Heart_Left_10X_1_2_TTCACGCCAGGTTCCG,412476,TSP21,heart,"CD8-positive, alpha-beta T cell",Memory_CD8
ts_immune_all_1038,TSP21_Heart_Left_10X_1_2_TAGACCACAGTCAGCC,412431,TSP21,heart,"CD8-positive, alpha-beta T cell",Memory_CD8
ts_immune_all_1038,TSP21_Heart_Left_10X_1_2_CCTAAGATCGAAGTGG,412332,TSP21,heart,"CD8-positive, alpha-beta T cell",Memory_CD8
ts_immune_all_1038,TSP21_Heart_Left_10X_1_1_CTGATCCAGACCAGAC,419650,TSP21,heart,"CD8-positive, alpha-beta T cell",Memory_CD8
ts_immune_all_1038,TSP21_Heart_Left_10X_1_2_GTGTTAGGTTACTCAG,412414,TSP21,heart,"CD8-positive, alpha-beta T cell",Memory_CD8
ts_immune_all_1038,TSP21_Heart_Left_10X_1_2_TCTATACTCACCATGA,412450,TSP21,heart,"CD8-positive, alpha-beta T cell",Memory_CD8
ts_immune_all_1038,TSP21_Heart_Left_10X_1_1_TACCTGCTCATGAGAA,419685,TSP21,heart,"CD8-positive, alpha-beta T cell",Memory_CD8
ts_immune_all_1038,TSP21_Heart_Left_10X_1_2_GTGGCGTCATGACGAG,412413,TSP21,heart,"CD8-positive, alpha-beta T cell",Memory_CD8
ts_immune_all_1038,TSP21_Heart_Left_10X_1_2_TGTGATGTCTTCCCAG,412470,TSP21,heart,"CD8-positive, alpha-beta T cell",Memory_CD8
ts_immune_all_1038,TSP21_Heart_Left_10X_1_2_CTTCAATTCGGTGAAG,412356,TSP21,heart,"CD8-positive, alpha-beta T cell",Memory_CD8
ts_immune_all_1038,TSP21_Heart_Left_10X_1_2_GTCTTTATCCCATACC,412405,TSP21,heart,"CD8-positive, alpha-beta T cell",Memory_CD8
ts_immune_all_1038,TSP21_Heart_Left_10X_1_2_CCCGAAGTCCACCTCA,412322,TSP21,heart,"CD8-positive, alpha-beta T cell",Memory_CD8
ts_immune_all_1038,TSP21_Heart_Left_10X_1_2_CTATCCGAGGTTGGTG,412347,TSP21,heart,"CD8-positive, alpha-beta T cell",Memory_CD8
ts_immune_all_1038,TSP21_Heart_Left_10X_1_2_GGGTATTTCCCATAAG,412394,TSP21,heart,"CD8-positive, alpha-beta T cell",Memory_CD8
ts_immune_all_1038,TSP21_Heart_Left_10X_1_2_ATCTCTAAGGTGCTTT,412298,TSP21,heart,"CD8-positive, alpha-beta T cell",Memory_CD8
ts_immune_all_1038,TSP21_Heart_Left_10X_1_1_TAGCACAGTTCCACAA,419690,TSP21,heart,"CD8-positive, alpha-beta T cell",Memory_CD8
ts_immune_all_1038,TSP21_Heart_Left_10X_1_2_ACAGGGAGTCATCACA,412262,TSP21,heart,"CD8-positive, alpha-beta T cell",Memory_CD8
ts_immune_all_0689,TSP14_Skin_Abdomen_10X_1_1_ATCCCTGCAATTCGTG,502548,TSP14,skin of abdomen,regulatory T cell,Treg
ts_immune_all_0689,TSP14_Skin_Abdomen_10X_1_1_GCTGGGTAGGGTGAGG,502872,TSP14,skin of abdomen,regulatory T cell,Treg
ts_immune_all_0689,TSP14_Skin_Abdomen_10X_1_1_AAAGGGCAGGTGATCG,502399,TSP14,skin of abdomen,regulatory T cell,Treg
ts_immune_all_0689,TSP14_Skin_Abdomen_10X_1_1_GTGTTCCAGCCGTAAG,502961,TSP14,skin of abdomen,regulatory T cell,Treg
ts_immune_all_0689,TSP14_Skin_Abdomen_10X_1_1_ATGAGTCGTTGGTGTT,502563,TSP14,skin of abdomen,regulatory T cell,Treg
ts_immune_all_0689,TSP14_Skin_Abdomen_10X_1_1_CCACGAGCAATTCTTC,502647,TSP14,skin of abdomen,regulatory T cell,Treg
ts_immune_all_0689,TSP14_Skin_Abdomen_10X_1_1_GGAAGTGGTAACTGCT,502877,TSP14,skin of abdomen,regulatory T cell,Treg
ts_immune_all_0689,TSP14_Skin_Abdomen_10X_1_1_GGTTGTAGTAGAAACT,502910,TSP14,skin of abdomen,regulatory T cell,Treg
ts_immune_all_0689,TSP14_Skin_Abdomen_10X_1_1_CGGAGAATCACTTATC,502701,TSP14,skin of abdomen,regulatory T cell,Treg
ts_immune_all_0689,TSP14_Skin_Abdomen_10X_1_1_CAACCAATCTAGGAAA,502586,TSP14,skin of abdomen,regulatory T cell,Treg
ts_immune_all_0689,TSP14_Skin_Abdomen_10X_1_1_GAGACTTTCTCAACCC,502811,TSP14,skin of abdomen,regulatory T cell,Treg
ts_immune_all_0689,TSP14_Skin_Abdomen_10X_1_1_TTTCGATGTATGTCCA,503204,TSP14,skin of abdomen,regulatory T cell,Treg
ts_immune_all_0689,TSP14_Skin_Abdomen_10X_1_1_AAGATAGTCTCGAACA,502417,TSP14,skin of abdomen,regulatory T cell,Treg
ts_immune_all_0689,TSP14_Skin_abdomen_SS2_B115069_D102100_Immune-HLADRneg_C2,5378,TSP14,skin of abdomen,regulatory T cell,Treg
ts_immune_all_0689,TSP14_Skin_Abdomen_10X_1_1_CAACAGTTCGTTAGAC,502584,TSP14,skin of abdomen,regulatory T cell,Treg
ts_immune_all_0689,TSP14_Skin_Abdomen_10X_1_1_CTCAACCGTGGATCAG,502725,TSP14,skin of abdomen,regulatory T cell,Treg
ts_immune_all_0689,TSP14_Skin_abdomen_SS2_B115069_D102100_Immune-HLADRneg_D3,5429,TSP14,skin of abdomen,regulatory T cell,Treg
ts_immune_all_0689,TSP14_Skin_Abdomen_10X_1_1_TGTCAGAAGCACCGTC,503148,TSP14,skin of abdomen,regulatory T cell,Treg
ts_immune_all_0689,TSP14_Skin_Abdomen_10X_1_1_CCGTGAGGTGTCCAAT,502668,TSP14,skin of abdomen,regulatory T cell,Treg
ts_immune_all_0689,TSP14_Skin_Abdomen_10X_1_1_GTATTTCTCACGTCCT,502921,TSP14,skin of abdomen,regulatory T cell,Treg
ts_immune_all_0689,TSP14_Skin_Abdomen_10X_1_1_GTATTTCAGGTTTACC,502920,TSP14,skin of abdomen,regulatory T cell,Treg
ts_immune_all_0689,TSP14_Skin_Abdomen_10X_1_1_TCCGATCCAAAGGCTG,503060,TSP14,skin of abdomen,regulatory T cell,Treg
ts_immune_all_0689,TSP14_Skin_Abdomen_10X_1_1_AAAGAACTCCGTGTGG,502397,TSP14,skin of abdomen,regulatory T cell,Treg
ts_immune_all_0689,TSP14_Skin_Abdomen_10X_1_1_TCATATCCACCCAATA,503038,TSP14,skin of abdomen,regulatory T cell,Treg
ts_immune_all_0689,TSP14_Skin_Abdomen_10X_1_1_GCCTGTTGTACAAGTA,502861,TSP14,skin of abdomen,regulatory T cell,Treg
ts_immune_all_0689,TSP14_Skin_Abdomen_10X_1_1_CCCATTGAGGGCAACT,502652,TSP14,skin of abdomen,regulatory T cell,Treg
ts_immune_all_0689,TSP14_Skin_Abdomen_10X_1_1_ACGTAACAGCGTGTCC,502463,TSP14,skin of abdomen,regulatory T cell,Treg
ts_immune_all_0689,TSP14_Skin_Abdomen_10X_1_1_GGTGTTACAATCACGT,502908,TSP14,skin of abdomen,regulatory T cell,Treg
ts_immune_all_0689,TSP14_Skin_Abdomen_10X_1_1_TGCATGACATCGTCCT,503121,TSP14,skin of abdomen,regulatory T cell,Treg
ts_immune_all_0689,TSP14_Skin_Abdomen_10X_1_1_CCTCTCCAGCACTCGC,502681,TSP14,skin of abdomen,regulatory T cell,Treg
ts_immune_all_0689,TSP14_Skin_Abdomen_10X_1_1_GAAACCTAGCGGCTCT,502781,TSP14,skin of abdomen,regulatory T cell,Treg
ts_immune_all_0689,TSP14_Skin_Abdomen_10X_1_1_CTTAGGACAAGGCCTC,502770,TSP14,skin of abdomen,regulatory T cell,Treg
ts_immune_all_0689,TSP14_Skin_Abdomen_10X_1_1_TCGGATAAGGGTAATT,503082,TSP14,skin of abdomen,regulatory T cell,Treg
ts_immune_all_0689,TSP14_Skin_Abdomen_10X_1_1_AACGAAATCGTGGACC,502412,TSP14,skin of abdomen,regulatory T cell,Treg
ts_immune_all_0689,TSP14_Skin_Abdomen_10X_1_1_AGAACCTAGGCGTCCT,502485,TSP14,skin of abdomen,regulatory T cell,Treg
ts_immune_all_0689,TSP14_Skin_Abdomen_10X_1_1_CATCCACTCTCTGACC,502617,TSP14,skin of abdomen,regulatory T cell,Treg
ts_immune_all_0689,TSP14_Skin_Abdomen_10X_1_1_TTCGGTCTCAGTGTGT,503178,TSP14,skin of abdomen,regulatory T cell,Treg
ts_immune_all_0689,TSP14_Skin_Abdomen_10X_1_1_TCCGGGATCAGTGTGT,503064,TSP14,skin of abdomen,regulatory T cell,Treg
ts_immune_all_0689,TSP14_Skin_Abdomen_10X_1_1_TCGAAGTGTGTCTTAG,503075,TSP14,skin of abdomen,regulatory T cell,Treg
ts_immune_all_0689,TSP14_Skin_Abdomen_10X_1_1_AGTGCCGAGCACTAAA,502531,TSP14,skin of abdomen,regulatory T cell,Treg
ts_immune_all_0689,TSP14_Skin_Abdomen_10X_1_1_CGTCAAACATGGTGGA,502708,TSP14,skin of abdomen,regulatory T cell,Treg
ts_immune_all_0689,TSP14_Skin_Abdomen_10X_1_1_CTCATTACACAATGAA,502738,TSP14,skin of abdomen,regulatory T cell,Treg
ts_immune_all_0689,TSP14_Skin_Abdomen_10X_1_1_GTGACGCTCCAATCCC,502949,TSP14,skin of abdomen,regulatory T cell,Treg
ts_immune_all_0689,TSP14_Skin_Abdomen_10X_1_1_AGTGACTTCCTAAACG,502528,TSP14,skin of abdomen,regulatory T cell,Treg
ts_immune_all_0689,TSP14_Skin_Abdomen_10X_1_1_TTCAGGAAGATTGACA,503169,TSP14,skin of abdomen,regulatory T cell,Treg
ts_immune_all_0689,TSP14_Skin_Abdomen_10X_1_1_TTATTGCTCCCATAGA,503167,TSP14,skin of abdomen,regulatory T cell,Treg
ts_immune_all_0689,TSP14_Skin_Abdomen_10X_1_1_TTACAGGGTTGCTCGG,503160,TSP14,skin of abdomen,regulatory T cell,Treg
ts_immune_all_0689,TSP14_Skin_Abdomen_10X_1_1_CCGGTAGGTTATCCAG,502665,TSP14,skin of abdomen,regulatory T cell,Treg
ts_immune_all_0689,TSP14_Skin_Abdomen_10X_1_1_TGGAGGAGTACGCTAT,503138,TSP14,skin of abdomen,regulatory T cell,Treg
ts_immune_all_0689,TSP14_Skin_Abdomen_10X_1_1_TCCAGAATCATCGGGC,503055,TSP14,skin of abdomen,regulatory T cell,Treg
ts_immune_all_0476,TSP7_Spleen_NA_10X_1_1_TGCGGCAAGCAGTCTT,92702,TSP7,spleen,"naive thymus-derived CD8-positive, alpha-beta T cell",Naive_CD8
ts_immune_all_0476,TSP7_Spleen_NA_10X_1_1_ATGACCACAGAAGCGT,88933,TSP7,spleen,"naive thymus-derived CD8-positive, alpha-beta T cell",Naive_CD8
ts_immune_all_0476,TSP7_Spleen_NA_10X_1_1_GGAGAACTCAGCGGAA,91038,TSP7,spleen,"naive thymus-derived CD8-positive, alpha-beta T cell",Naive_CD8
ts_immune_all_0476,TSP7_Spleen_NA_10X_1_1_CTATCCGCATTGAAGA,90088,TSP7,spleen,"naive thymus-derived CD8-positive, alpha-beta T cell",Naive_CD8
ts_immune_all_0476,TSP7_Spleen_NA_10X_1_1_GTTGTAGGTGCTAGCC,91722,TSP7,spleen,"naive thymus-derived CD8-positive, alpha-beta T cell",Naive_CD8
ts_immune_all_0476,TSP7_Spleen_NA_10X_1_1_CCTACGTCAGCACAAG,89730,TSP7,spleen,"naive thymus-derived CD8-positive, alpha-beta T cell",Naive_CD8
ts_immune_all_0476,TSP7_Spleen_NA_10X_1_1_GGTGAAGCAGCTTCCT,91269,TSP7,spleen,"naive thymus-derived CD8-positive, alpha-beta T cell",Naive_CD8
ts_immune_all_0476,TSP7_Spleen_NA_10X_1_1_TTCAATCGTCCTCATC,93028,TSP7,spleen,"naive thymus-derived CD8-positive, alpha-beta T cell",Naive_CD8
ts_immune_all_0476,TSP7_Spleen_NA_10X_2_1_ATGGGTTAGAGCTGAC,552354,TSP7,spleen,"naive thymus-derived CD8-positive, alpha-beta T cell",Naive_CD8
ts_immune_all_0476,TSP7_Spleen_NA_10X_1_1_CATACAGCATGACACT,89387,TSP7,spleen,"naive thymus-derived CD8-positive, alpha-beta T cell",Naive_CD8
ts_immune_all_0476,TSP7_Spleen_NA_10X_1_1_TGTAGACTCAGGAAAT,92852,TSP7,spleen,"naive thymus-derived CD8-positive, alpha-beta T cell",Naive_CD8
ts_immune_all_0476,TSP7_Spleen_NA_10X_1_1_TCTCCGAGTCACCGAC,92489,TSP7,spleen,"naive thymus-derived CD8-positive, alpha-beta T cell",Naive_CD8
ts_immune_all_0476,TSP7_Spleen_NA_10X_1_1_TAATTCCCACCACTGG,91812,TSP7,spleen,"naive thymus-derived CD8-positive, alpha-beta T cell",Naive_CD8
ts_immune_all_0476,TSP7_Spleen_NA_10X_1_1_GACCTTCAGGACGGAG,90535,TSP7,spleen,"naive thymus-derived CD8-positive, alpha-beta T cell",Naive_CD8
ts_immune_all_0476,TSP7_Spleen_NA_10X_1_1_GATCCCTTCGTCGGGT,90714,TSP7,spleen,"naive thymus-derived CD8-positive, alpha-beta T cell",Naive_CD8
ts_immune_all_0476,TSP7_Spleen_NA_10X_1_1_CATTCATAGAGTGACC,89499,TSP7,spleen,"naive thymus-derived CD8-positive, alpha-beta T cell",Naive_CD8
ts_immune_all_0476,TSP7_Spleen_NA_10X_1_1_GTAACACTCACTGGTA,91324,TSP7,spleen,"naive thymus-derived CD8-positive, alpha-beta T cell",Naive_CD8
ts_immune_all_0476,TSP7_Spleen_NA_10X_1_1_TCATATCGTCGAGATG,92171,TSP7,spleen,"naive thymus-derived CD8-positive, alpha-beta T cell",Naive_CD8
ts_immune_all_0476,TSP7_Spleen_NA_10X_1_1_GTCATGAAGGGAGATA,91440,TSP7,spleen,"naive thymus-derived CD8-positive, alpha-beta T cell",Naive_CD8
ts_immune_all_0476,TSP7_Spleen_NA_10X_1_1_GACATCACACGTCTCT,90508,TSP7,spleen,"naive thymus-derived CD8-positive, alpha-beta T cell",Naive_CD8
ts_immune_all_0476,TSP7_Spleen_NA_10X_1_1_GAAGAATCATGAAGCG,90458,TSP7,spleen,"naive thymus-derived CD8-positive, alpha-beta T cell",Naive_CD8
ts_immune_all_0476,TSP7_Spleen_NA_10X_1_1_TTCCACGAGGAAACGA,93068,TSP7,spleen,"naive thymus-derived CD8-positive, alpha-beta T cell",Naive_CD8
ts_immune_all_0476,TSP7_Spleen_NA_10X_1_1_AACTTCTGTTCCAAAC,87970,TSP7,spleen,"naive thymus-derived CD8-positive, alpha-beta T cell",Naive_CD8
ts_immune_all_0476,TSP7_Spleen_NA_10X_1_1_GATGAGGTCTGGCTGG,90734,TSP7,spleen,"naive thymus-derived CD8-positive, alpha-beta T cell",Naive_CD8
ts_immune_all_0476,TSP7_Spleen_NA_10X_1_1_GTTGAACGTCACCCTT,91698,TSP7,spleen,"naive thymus-derived CD8-positive, alpha-beta T cell",Naive_CD8
ts_immune_all_0476,TSP7_Spleen_NA_10X_1_1_GGGAGTACAGGTATGG,91157,TSP7,spleen,"naive thymus-derived CD8-positive, alpha-beta T cell",Naive_CD8
ts_immune_all_0476,TSP7_Spleen_NA_10X_1_1_GCATCGGTCAGTGTGT,90844,TSP7,spleen,"naive thymus-derived CD8-positive, alpha-beta T cell",Naive_CD8
ts_immune_all_0476,TSP7_Spleen_NA_10X_1_1_AGGACGATCTGGGCCA,88594,TSP7,spleen,"naive thymus-derived CD8-positive, alpha-beta T cell",Naive_CD8
ts_immune_all_0476,TSP7_Spleen_NA_10X_1_1_CATTGTTTCTAAACGC,89530,TSP7,spleen,"naive thymus-derived CD8-positive, alpha-beta T cell",Naive_CD8
ts_immune_all_0476,TSP7_Spleen_NA_10X_1_1_CATAGACGTGACGTCC,89409,TSP7,spleen,"naive thymus-derived CD8-positive, alpha-beta T cell",Naive_CD8
ts_immune_all_0476,TSP7_Spleen_NA_10X_1_1_GTCATGAGTAGGCAAC,91445,TSP7,spleen,"naive thymus-derived CD8-positive, alpha-beta T cell",Naive_CD8
ts_immune_all_0476,TSP7_Spleen_NA_10X_1_1_GGTCTGGCAGTTCACA,91261,TSP7,spleen,"naive thymus-derived CD8-positive, alpha-beta T cell",Naive_CD8
ts_immune_all_0476,TSP7_Spleen_NA_10X_1_1_CTCCGATCAAGAGATT,90209,TSP7,spleen,"naive thymus-derived CD8-positive, alpha-beta T cell",Naive_CD8
ts_immune_all_0476,TSP7_Spleen_NA_10X_1_1_ATTCGTTAGGTAGATT,89046,TSP7,spleen,"naive thymus-derived CD8-positive, alpha-beta T cell",Naive_CD8
ts_immune_all_0476,TSP7_Spleen_NA_10X_1_1_TACCTCGCAAGGAGTC,91867,TSP7,spleen,"naive thymus-derived CD8-positive, alpha-beta T cell",Naive_CD8
ts_immune_all_0476,TSP7_Spleen_NA_10X_1_1_AAAGGGCAGACTCAAA,87862,TSP7,spleen,"naive thymus-derived CD8-positive, alpha-beta T cell",Naive_CD8
ts_immune_all_0476,TSP7_Spleen_NA_10X_1_1_GGAGCAAGTTGCCGAC,91053,TSP7,spleen,"naive thymus-derived CD8-positive, alpha-beta T cell",Naive_CD8
ts_immune_all_0476,TSP7_Spleen_NA_10X_1_1_TTTCGATTCACGGAGA,93282,TSP7,spleen,"naive thymus-derived CD8-positive, alpha-beta T cell",Naive_CD8
ts_immune_all_0476,TSP7_Spleen_NA_10X_1_1_AACACACTCTGCTGAA,87914,TSP7,spleen,"naive thymus-derived CD8-positive, alpha-beta T cell",Naive_CD8
ts_immune_all_0476,TSP7_Spleen_NA_10X_1_1_CCCTCAATCTGCACCT,89643,TSP7,spleen,"naive thymus-derived CD8-positive, alpha-beta T cell",Naive_CD8
ts_immune_all_0476,TSP7_Spleen_NA_10X_1_1_TGTTGGAGTCTGTTAG,92946,TSP7,spleen,"naive thymus-derived CD8-positive, alpha-beta T cell",Naive_CD8
ts_immune_all_0476,TSP7_Spleen_NA_10X_1_1_TCTTTGATCATCGACA,92529,TSP7,spleen,"naive thymus-derived CD8-positive, alpha-beta T cell",Naive_CD8
ts_immune_all_0476,TSP7_Spleen_NA_10X_1_1_TCCACCATCTGAGGTT,92239,TSP7,spleen,"naive thymus-derived CD8-positive, alpha-beta T cell",Naive_CD8
ts_immune_all_0476,TSP7_Spleen_NA_10X_1_1_AACGAAAGTATAGGGC,87957,TSP7,spleen,"naive thymus-derived CD8-positive, alpha-beta T cell",Naive_CD8
ts_immune_all_0476,TSP7_Spleen_NA_10X_1_1_TCAGTTTCACCACATA,92153,TSP7,spleen,"naive thymus-derived CD8-positive, alpha-beta T cell",Naive_CD8
ts_immune_all_0476,TSP7_Spleen_NA_10X_1_1_ACTTTGTAGCCTCTGG,88409,TSP7,spleen,"naive thymus-derived CD8-positive, alpha-beta T cell",Naive_CD8
ts_immune_all_0476,TSP7_Spleen_NA_10X_1_1_TGGGCTGAGTGTTGTC,92794,TSP7,spleen,"naive thymus-derived CD8-positive, alpha-beta T cell",Naive_CD8
ts_immune_all_0476,TSP7_Spleen_NA_10X_1_1_TGACCCTGTGTCCATA,92566,TSP7,spleen,"naive thymus-derived CD8-positive, alpha-beta T cell",Naive_CD8
ts_immune_all_0476,TSP7_Spleen_NA_10X_1_1_GATCCCTTCAGACATC,90712,TSP7,spleen,"naive thymus-derived CD8-positive, alpha-beta T cell",Naive_CD8
ts_immune_all_0476,TSP7_Spleen_NA_10X_1_1_ACCTGTCTCCTATTTG,88229,TSP7,spleen,"naive thymus-derived CD8-positive, alpha-beta T cell",Naive_CD8
ts_immune_all_0534,TSP10_Blood_NA_10X_1_1_Enriched_AAGACTCGTCCTTGTC,569180,TSP10,blood,"naive thymus-derived CD4-positive, alpha-beta T cell",Naive_CD4
ts_immune_all_0534,TSP10_Blood_NA_10X_1_1_Enriched_TCACGCTGTCTGCATA,571538,TSP10,blood,"naive thymus-derived CD4-positive, alpha-beta T cell",Naive_CD4
ts_immune_all_0534,TSP10_Blood_NA_10X_1_1_Enriched_CATACTTGTCCTGGGT,570013,TSP10,blood,"naive thymus-derived CD4-positive, alpha-beta T cell",Naive_CD4
ts_immune_all_0534,TSP10_Blood_NA_10X_1_1_Enriched_GCATCTCGTGGTATGG,570854,TSP10,blood,"naive thymus-derived CD4-positive, alpha-beta T cell",Naive_CD4
ts_immune_all_0534,TSP10_Blood_NA_10X_1_1_Whole_TCACATTAGCTAAGTA,225836,TSP10,blood,"naive thymus-derived CD4-positive, alpha-beta T cell",Naive_CD4
ts_immune_all_0534,TSP10_Blood_NA_10X_1_1_Enriched_CTTCAATTCGAGGCAA,570553,TSP10,blood,"naive thymus-derived CD4-positive, alpha-beta T cell",Naive_CD4
ts_immune_all_0534,TSP10_Blood_NA_10X_1_1_Enriched_GACCAATTCCTCGATC,570630,TSP10,blood,"naive thymus-derived CD4-positive, alpha-beta T cell",Naive_CD4
ts_immune_all_0534,TSP10_Blood_NA_10X_1_1_Enriched_AACCTTTTCGGTATGT,569147,TSP10,blood,"naive thymus-derived CD4-positive, alpha-beta T cell",Naive_CD4
ts_immune_all_0534,TSP10_Blood_NA_10X_1_1_Enriched_TCTATACAGTCGTCTA,571768,TSP10,blood,"naive thymus-derived CD4-positive, alpha-beta T cell",Naive_CD4
ts_immune_all_0534,TSP10_Blood_NA_10X_1_1_Enriched_GTGACGCCAACGAGGT,571209,TSP10,blood,"naive thymus-derived CD4-positive, alpha-beta T cell",Naive_CD4
ts_immune_all_0534,TSP10_Blood_NA_10X_1_1_Whole_ACTTTCAAGGAGCAAA,225022,TSP10,blood,"naive thymus-derived CD4-positive, alpha-beta T cell",Naive_CD4
ts_immune_all_0534,TSP10_Blood_NA_10X_1_1_Enriched_GTGATGTAGCTACAAA,571220,TSP10,blood,"naive thymus-derived CD4-positive, alpha-beta T cell",Naive_CD4
ts_immune_all_0534,TSP10_Blood_NA_10X_1_1_Enriched_CAGGGCTGTTTGAAAG,569991,TSP10,blood,"naive thymus-derived CD4-positive, alpha-beta T cell",Naive_CD4
ts_immune_all_0534,TSP10_Blood_NA_10X_1_1_Enriched_AGTTCCCCAGGGCTTC,569661,TSP10,blood,"naive thymus-derived CD4-positive, alpha-beta T cell",Naive_CD4
ts_immune_all_0534,TSP10_Blood_NA_10X_1_1_Enriched_TCGAACAGTTTCCATT,571687,TSP10,blood,"naive thymus-derived CD4-positive, alpha-beta T cell",Naive_CD4
ts_immune_all_0534,TSP10_Blood_NA_10X_1_1_Whole_TTACCATGTATGAGCG,226040,TSP10,blood,"naive thymus-derived CD4-positive, alpha-beta T cell",Naive_CD4
ts_immune_all_0534,TSP10_Blood_NA_10X_1_1_Whole_CTAAGTGCATGAAGGC,225390,TSP10,blood,"naive thymus-derived CD4-positive, alpha-beta T cell",Naive_CD4
ts_immune_all_0534,TSP10_Blood_NA_10X_1_1_Whole_AGATGCTCACGGAAGT,225053,TSP10,blood,"naive thymus-derived CD4-positive, alpha-beta T cell",Naive_CD4
ts_immune_all_0534,TSP10_Blood_NA_10X_1_1_Whole_AACGGGATCCTAAGTG,224931,TSP10,blood,"naive thymus-derived CD4-positive, alpha-beta T cell",Naive_CD4
ts_immune_all_0534,TSP10_Blood_NA_10X_1_1_Whole_ATACTTCCAAAGGATT,225123,TSP10,blood,"naive thymus-derived CD4-positive, alpha-beta T cell",Naive_CD4
ts_immune_all_0534,TSP10_Blood_NA_10X_1_1_Enriched_CCTCCAAGTACCTGTA,570205,TSP10,blood,"naive thymus-derived CD4-positive, alpha-beta T cell",Naive_CD4
ts_immune_all_0534,TSP10_Blood_NA_10X_1_1_Enriched_GTAAGTCTCAAGCTTG,571101,TSP10,blood,"naive thymus-derived CD4-positive, alpha-beta T cell",Naive_CD4
ts_immune_all_0534,TSP10_Blood_NA_10X_1_1_Enriched_TTAGTCTAGTTGCGAG,572076,TSP10,blood,"naive thymus-derived CD4-positive, alpha-beta T cell",Naive_CD4
ts_immune_all_0534,TSP10_Blood_NA_10X_1_1_Enriched_TCAAGTGAGACTCTAC,571518,TSP10,blood,"naive thymus-derived CD4-positive, alpha-beta T cell",Naive_CD4
ts_immune_all_0534,TSP10_Blood_NA_10X_1_1_Enriched_CATCCGTCACACGGAA,570030,TSP10,blood,"naive thymus-derived CD4-positive, alpha-beta T cell",Naive_CD4
ts_immune_all_0534,TSP10_Blood_NA_10X_1_1_Enriched_CGTAAGTGTGTTCATG,570322,TSP10,blood,"naive thymus-derived CD4-positive, alpha-beta T cell",Naive_CD4
ts_immune_all_0534,TSP10_Blood_NA_10X_1_1_Enriched_AGGATCTGTCGGATTT,569562,TSP10,blood,"naive thymus-derived CD4-positive, alpha-beta T cell",Naive_CD4
ts_immune_all_0534,TSP10_Blood_NA_10X_1_1_Whole_GTGCACGAGGCTAGCA,225701,TSP10,blood,"naive thymus-derived CD4-positive, alpha-beta T cell",Naive_CD4
ts_immune_all_0534,TSP10_Blood_NA_10X_1_1_Enriched_GGTGTCGGTGGTTCTA,571083,TSP10,blood,"naive thymus-derived CD4-positive, alpha-beta T cell",Naive_CD4
ts_immune_all_0534,TSP10_Blood_NA_10X_1_1_Enriched_AACCTTTGTTGTGGCC,569144,TSP10,blood,"naive thymus-derived CD4-positive, alpha-beta T cell",Naive_CD4
ts_immune_all_0534,TSP10_Blood_NA_10X_1_1_Whole_CTTTCGGAGGCTATCT,225460,TSP10,blood,"naive thymus-derived CD4-positive, alpha-beta T cell",Naive_CD4
ts_immune_all_0534,TSP10_Blood_NA_10X_1_1_Whole_TACCTCGAGGCCCGTT,225766,TSP10,blood,"naive thymus-derived CD4-positive, alpha-beta T cell",Naive_CD4
ts_immune_all_0534,TSP10_Blood_NA_10X_1_1_Enriched_TGGAACTTCTCGCTTG,571936,TSP10,blood,"naive thymus-derived CD4-positive, alpha-beta T cell",Naive_CD4
ts_immune_all_0534,TSP10_Blood_NA_10X_1_1_Enriched_TAACGACGTAAGCGGT,571345,TSP10,blood,"naive thymus-derived CD4-positive, alpha-beta T cell",Naive_CD4
ts_immune_all_0534,TSP10_Blood_NA_10X_1_1_Whole_TCATCCGAGGATATAC,225859,TSP10,blood,"naive thymus-derived CD4-positive, alpha-beta T cell",Naive_CD4
ts_immune_all_0534,TSP10_Blood_NA_10X_1_1_Enriched_CTACCTGGTATCACGT,570376,TSP10,blood,"naive thymus-derived CD4-positive, alpha-beta T cell",Naive_CD4
ts_immune_all_0534,TSP10_Blood_NA_10X_1_1_Enriched_TGATTCTAGGTTCTAC,571880,TSP10,blood,"naive thymus-derived CD4-positive, alpha-beta T cell",Naive_CD4
ts_immune_all_0534,TSP10_Blood_NA_10X_1_1_Whole_ATCTCTATCCGCCTAT,225151,TSP10,blood,"naive thymus-derived CD4-positive, alpha-beta T cell",Naive_CD4
ts_immune_all_0534,TSP10_Blood_NA_10X_1_1_Enriched_TCGAAGTCATGAAGCG,571691,TSP10,blood,"naive thymus-derived CD4-positive, alpha-beta T cell",Naive_CD4
ts_immune_all_0534,TSP10_Blood_NA_10X_1_1_Enriched_TAGGTTGGTACTCAAC,571451,TSP10,blood,"naive thymus-derived CD4-positive, alpha-beta T cell",Naive_CD4
ts_immune_all_0534,TSP10_Blood_NA_10X_1_1_Enriched_ATGAGGGTCTACCCAC,569763,TSP10,blood,"naive thymus-derived CD4-positive, alpha-beta T cell",Naive_CD4
ts_immune_all_0534,TSP10_Blood_NA_10X_1_1_Enriched_TCAAGACAGATGACAT,571508,TSP10,blood,"naive thymus-derived CD4-positive, alpha-beta T cell",Naive_CD4
ts_immune_all_0534,TSP10_Blood_NA_10X_1_1_Whole_TCCTTCTCAAGCTCTA,225898,TSP10,blood,"naive thymus-derived CD4-positive, alpha-beta T cell",Naive_CD4
ts_immune_all_0534,TSP10_Blood_NA_10X_1_1_Whole_GGAATGGCACCTCTGT,225587,TSP10,blood,"naive thymus-derived CD4-positive, alpha-beta T cell",Naive_CD4
ts_immune_all_0534,TSP10_Blood_NA_10X_1_1_Whole_CCACTTGAGGCGACAT,225295,TSP10,blood,"naive thymus-derived CD4-positive, alpha-beta T cell",Naive_CD4
ts_immune_all_0534,TSP10_Blood_NA_10X_1_1_Enriched_TCCACGTGTCGCGTTG,571622,TSP10,blood,"naive thymus-derived CD4-positive, alpha-beta T cell",Naive_CD4
ts_immune_all_0534,TSP10_Blood_NA_10X_1_1_Whole_TTCACGCAGAAACCCG,226051,TSP10,blood,"naive thymus-derived CD4-positive, alpha-beta T cell",Naive_CD4
ts_immune_all_0534,TSP10_Blood_NA_10X_1_1_Enriched_TTCCTAAAGCGGCTCT,572116,TSP10,blood,"naive thymus-derived CD4-positive, alpha-beta T cell",Naive_CD4
ts_immune_all_0534,TSP10_Blood_NA_10X_1_1_Enriched_TCCACGTCAGACTGCC,571620,TSP10,blood,"naive thymus-derived CD4-positive, alpha-beta T cell",Naive_CD4
ts_immune_all_0534,TSP10_Blood_NA_10X_1_1_Enriched_GGGCCATTCCATACAG,571030,TSP10,blood,"naive thymus-derived CD4-positive, alpha-beta T cell",Naive_CD4
ts_immune_all_1118,TSP21_Eye_LacrimalGland_10X_1_1_TGGTGATAGGCATGCA,513193,TSP21,lacrimal gland,microglial cell,Macrophage
ts_immune_all_1118,TSP21_Eye_LacrimalGland_10X_1_1_ACGTACACACTAGGCC,509596,TSP21,lacrimal gland,microglial cell,Macrophage
ts_immune_all_1118,TSP21_Eye_LacrimalGland_10X_1_1_TTGGATGGTCTCCCTA,513468,TSP21,lacrimal gland,microglial cell,Macrophage
ts_immune_all_1118,TSP21_Eye_LacrimalGland_10X_1_1_TCGTGCTCACAATCTG,512892,TSP21,lacrimal gland,microglial cell,Macrophage
ts_immune_all_1118,TSP21_Eye_LacrimalGland_10X_1_1_GCAGGCTCATGAGGGT,511625,TSP21,lacrimal gland,microglial cell,Macrophage
ts_immune_all_1118,TSP21_Eye_LacrimalGland_10X_1_1_AGGGTTTGTGGTACAG,509882,TSP21,lacrimal gland,microglial cell,Macrophage
ts_immune_all_1118,TSP21_Eye_LacrimalGland_10X_1_1_GTCATTTGTCCGGACT,512113,TSP21,lacrimal gland,microglial cell,Macrophage
ts_immune_all_1118,TSP21_Eye_LacrimalGland_10X_1_1_GTCAAGTAGCCGAACA,512083,TSP21,lacrimal gland,microglial cell,Macrophage
ts_immune_all_1118,TSP21_Eye_LacrimalGland_10X_1_1_TAAGCCAAGGCCCGTT,512355,TSP21,lacrimal gland,microglial cell,Macrophage
ts_immune_all_1118,TSP21_Eye_LacrimalGland_10X_1_1_AATCGTGAGACGCAGT,509388,TSP21,lacrimal gland,microglial cell,Macrophage
ts_immune_all_1118,TSP21_Eye_LacrimalGland_10X_1_1_TGGAGAGCAGCAGGAT,513137,TSP21,lacrimal gland,microglial cell,Macrophage
ts_immune_all_1118,TSP21_Eye_LacrimalGland_10X_1_1_TGAACGTCAAGATCCT,512976,TSP21,lacrimal gland,microglial cell,Macrophage
ts_immune_all_1118,TSP21_Eye_LacrimalGland_10X_1_1_GGGAAGTAGTATGAAC,511846,TSP21,lacrimal gland,microglial cell,Macrophage
ts_immune_all_1118,TSP21_Eye_LacrimalGland_10X_1_1_AGATCGTAGCGAGTAC,509756,TSP21,lacrimal gland,microglial cell,Macrophage
ts_immune_all_1118,TSP21_Eye_LacrimalGland_10X_1_1_GCATCGGTCTGGTCAA,511642,TSP21,lacrimal gland,microglial cell,Macrophage
ts_immune_all_1118,TSP21_Eye_LacrimalGland_10X_1_1_GAGTTGTGTACCTGTA,511500,TSP21,lacrimal gland,microglial cell,Macrophage
ts_immune_all_1118,TSP21_Eye_LacrimalGland_10X_1_1_GAACGTTCACTCCTTG,511325,TSP21,lacrimal gland,microglial cell,Macrophage
ts_immune_all_1118,TSP21_Eye_LacrimalGland_10X_1_1_AACCAACCACCGGCTA,509265,TSP21,lacrimal gland,microglial cell,Macrophage
ts_immune_all_1118,TSP21_Eye_LacrimalGland_10X_1_1_TCCTTTCGTGATCGTT,512810,TSP21,lacrimal gland,microglial cell,Macrophage
ts_immune_all_1118,TSP21_Eye_LacrimalGland_10X_1_1_GGGACTCCAGCCGTTG,511870,TSP21,lacrimal gland,microglial cell,Macrophage
ts_immune_all_1118,TSP21_Eye_LacrimalGland_10X_1_1_TGACTCCCACTACCCT,512992,TSP21,lacrimal gland,microglial cell,Macrophage
ts_immune_all_1118,TSP21_Eye_LacrimalGland_10X_1_1_AACAAAGGTTCGGTAT,509242,TSP21,lacrimal gland,microglial cell,Macrophage
ts_immune_all_1118,TSP21_Eye_LacrimalGland_10X_1_1_CCACAAACAAGACGAC,510607,TSP21,lacrimal gland,microglial cell,Macrophage
ts_immune_all_1118,TSP21_Eye_LacrimalGland_10X_1_1_CTTGATTAGGTAAACT,511296,TSP21,lacrimal gland,microglial cell,Macrophage
ts_immune_all_1118,TSP21_Eye_LacrimalGland_10X_1_1_ACCCTTGGTTCTTAGG,509527,TSP21,lacrimal gland,microglial cell,Macrophage
ts_immune_all_1118,TSP21_Eye_LacrimalGland_10X_1_1_TCATCCGTCTTAGCAG,512672,TSP21,lacrimal gland,microglial cell,Macrophage
ts_immune_all_1118,TSP21_Eye_LacrimalGland_10X_1_1_CTGCAGGAGTCACGAG,511189,TSP21,lacrimal gland,microglial cell,Macrophage
ts_immune_all_1118,TSP21_Eye_LacrimalGland_10X_1_1_GATCACATCGGACCAC,511520,TSP21,lacrimal gland,microglial cell,Macrophage
ts_immune_all_1118,TSP21_Eye_LacrimalGland_10X_1_1_TGGTACAAGAGCCCAA,513185,TSP21,lacrimal gland,microglial cell,Macrophage
ts_immune_all_1118,TSP21_Eye_LacrimalGland_10X_1_1_TGCTTCGGTTTCGATG,513122,TSP21,lacrimal gland,microglial cell,Macrophage
ts_immune_all_1118,TSP21_Eye_LacrimalGland_10X_1_1_ATGGGTTGTCTAGGCC,510171,TSP21,lacrimal gland,microglial cell,Macrophage
ts_immune_all_1118,TSP21_Eye_LacrimalGland_10X_1_1_AAACCCATCTGCATAG,509200,TSP21,lacrimal gland,microglial cell,Macrophage
ts_immune_all_1118,TSP21_Eye_LacrimalGland_10X_1_1_CGGACACGTGGGCTTC,510908,TSP21,lacrimal gland,microglial cell,Macrophage
ts_immune_all_1118,TSP21_Eye_LacrimalGland_10X_1_1_ATTCCTACAAGTAGTA,510210,TSP21,lacrimal gland,microglial cell,Macrophage
ts_immune_all_1118,TSP21_Eye_LacrimalGland_10X_1_1_GACGTTATCCTTCTAA,511414,TSP21,lacrimal gland,microglial cell,Macrophage
ts_immune_all_1118,TSP21_Eye_LacrimalGland_10X_1_1_TCTATCATCTCCCAAC,512921,TSP21,lacrimal gland,microglial cell,Macrophage
ts_immune_all_1118,TSP21_Eye_LacrimalGland_10X_1_1_CACGTTCCAATTGGTC,510372,TSP21,lacrimal gland,microglial cell,Macrophage
ts_immune_all_1118,TSP21_Eye_LacrimalGland_10X_1_1_CTGTAGATCCACCCTA,511241,TSP21,lacrimal gland,microglial cell,Macrophage
ts_immune_all_1118,TSP21_Eye_LacrimalGland_10X_1_1_CCAAGCGGTTGAATCC,510597,TSP21,lacrimal gland,microglial cell,Macrophage
ts_immune_all_1118,TSP21_Eye_LacrimalGland_10X_1_1_TAAGTCGAGGCTTTCA,512363,TSP21,lacrimal gland,microglial cell,Macrophage
ts_immune_all_1118,TSP21_Eye_LacrimalGland_10X_1_1_CAGTTAGTCCAATCTT,510457,TSP21,lacrimal gland,microglial cell,Macrophage
ts_immune_all_1118,TSP21_Eye_LacrimalGland_10X_1_1_ATCCCTGGTTAGGAGC,510061,TSP21,lacrimal gland,microglial cell,Macrophage
ts_immune_all_1118,TSP21_Eye_LacrimalGland_10X_1_1_TCATGAGCATTAAGCC,512676,TSP21,lacrimal gland,microglial cell,Macrophage
ts_immune_all_1118,TSP21_Eye_LacrimalGland_10X_1_1_ACGATGTTCCGAGTGC,509563,TSP21,lacrimal gland,microglial cell,Macrophage
ts_immune_all_1118,TSP21_Eye_LacrimalGland_10X_1_1_TGAGCATTCTGTGTGA,513004,TSP21,lacrimal gland,microglial cell,Macrophage
ts_immune_all_1118,TSP21_Eye_LacrimalGland_10X_1_1_AGAGAGCGTTACCTTT,509738,TSP21,lacrimal gland,microglial cell,Macrophage
ts_immune_all_1118,TSP21_Eye_LacrimalGland_10X_1_1_TCGACCTCATGCCGCA,512826,TSP21,lacrimal gland,microglial cell,Macrophage
ts_immune_all_1118,TSP21_Eye_LacrimalGland_10X_1_1_CCCTTAGCAGCTAACT,510691,TSP21,lacrimal gland,microglial cell,Macrophage
ts_immune_all_1118,TSP21_Eye_LacrimalGland_10X_1_1_CCTGCATGTTCGATTG,510809,TSP21,lacrimal gland,microglial cell,Macrophage
ts_immune_all_1118,TSP21_Eye_LacrimalGland_10X_1_1_ACAGAAACAAACCATC,509457,TSP21,lacrimal gland,microglial cell,Macrophage
ts_immune_all_0614,TSP13_BM_vertebralbody_SS2_B133712_B134041_Immune_M5,1664,TSP13,bone marrow,monocyte,Cl_Mono
ts_immune_all_0614,TSP13_BM_vertebralbody_SS2_B133712_B134041_Immune_J2,1624,TSP13,bone marrow,monocyte,Cl_Mono
ts_immune_all_0614,TSP13_BM_vertebralbody_SS2_B133720_B134046_HSC_L13,5927,TSP13,bone marrow,monocyte,Cl_Mono
ts_immune_all_0614,TSP13_BM_vertebralbody_SS2_B133713_B134048_Endothelial_D17,1588,TSP13,bone marrow,monocyte,Cl_Mono
ts_immune_all_0614,TSP13_BM_vertebralbody_SS2_B133713_B134048_Endothelial_I15,1469,TSP13,bone marrow,monocyte,Cl_Mono
ts_immune_all_0614,TSP13_BM_vertebralbody_SS2_B133713_B134048_Endothelial_M17,1456,TSP13,bone marrow,monocyte,Cl_Mono
ts_immune_all_0614,TSP13_BM_vertebralbody_SS2_B133720_B134046_HSC_O23,5912,TSP13,bone marrow,monocyte,Cl_Mono
ts_immune_all_0614,TSP13_BM_vertebralbody_SS2_B133712_B134041_Immune_F4,1623,TSP13,bone marrow,monocyte,Cl_Mono
ts_immune_all_0614,TSP13_BM_vertebralbody_SS2_B133712_B134041_Immune_M6,1629,TSP13,bone marrow,monocyte,Cl_Mono
ts_immune_all_0614,TSP13_BM_vertebralbody_SS2_B133720_B134046_HSC_C19,5849,TSP13,bone marrow,monocyte,Cl_Mono
ts_immune_all_0614,TSP13_BM_vertebralbody_SS2_B133713_B134048_Endothelial_E7,1412,TSP13,bone marrow,monocyte,Cl_Mono
ts_immune_all_0614,TSP13_BM_vertebralbody_SS2_B133720_B134046_HSC_K22,5887,TSP13,bone marrow,monocyte,Cl_Mono
ts_immune_all_0614,TSP13_BM_vertebralbody_SS2_B133719_B134047_Stromal_M6,4613,TSP13,bone marrow,monocyte,Cl_Mono
ts_immune_all_0614,TSP13_BM_vertebralbody_SS2_B133713_B134048_Endothelial_B8,1428,TSP13,bone marrow,monocyte,Cl_Mono
ts_immune_all_0614,TSP13_BM_vertebralbody_SS2_B133712_B134041_Immune_B4,1609,TSP13,bone marrow,monocyte,Cl_Mono
ts_immune_all_0614,TSP13_BM_vertebralbody_SS2_B133719_B134047_Stromal_M21,4605,TSP13,bone marrow,monocyte,Cl_Mono
ts_immune_all_0614,TSP13_BM_vertebralbody_SS2_B133713_B134048_Endothelial_L6,1527,TSP13,bone marrow,monocyte,Cl_Mono
ts_immune_all_0614,TSP13_BM_vertebralbody_SS2_B133712_B134041_Immune_L11,1677,TSP13,bone marrow,monocyte,Cl_Mono
ts_immune_all_0614,TSP13_BM_vertebralbody_SS2_B133719_B134047_Stromal_M5,4617,TSP13,bone marrow,monocyte,Cl_Mono
ts_immune_all_0614,TSP13_BM_vertebralbody_SS2_B133713_B134048_Endothelial_L14,1508,TSP13,bone marrow,monocyte,Cl_Mono
ts_immune_all_0614,TSP13_BM_vertebralbody_SS2_B133720_B134046_HSC_C16,5858,TSP13,bone marrow,monocyte,Cl_Mono
ts_immune_all_0614,TSP13_BM_vertebralbody_SS2_B133713_B134048_Endothelial_L1,1433,TSP13,bone marrow,monocyte,Cl_Mono
ts_immune_all_0614,TSP13_BM_vertebralbody_SS2_B133720_B134046_HSC_N20,5942,TSP13,bone marrow,monocyte,Cl_Mono
ts_immune_all_0614,TSP13_BM_vertebralbody_SS2_B133712_B134041_Immune_J6,1678,TSP13,bone marrow,monocyte,Cl_Mono
ts_immune_all_0614,TSP13_BM_vertebralbody_SS2_B133713_B134048_Endothelial_P14,1418,TSP13,bone marrow,monocyte,Cl_Mono
ts_immune_all_0614,TSP13_BM_vertebralbody_SS2_B133713_B134048_Endothelial_B11,1489,TSP13,bone marrow,monocyte,Cl_Mono
ts_immune_all_0614,TSP13_BM_vertebralbody_SS2_B133712_B134041_Immune_N8,1603,TSP13,bone marrow,monocyte,Cl_Mono
ts_immune_all_0614,TSP13_BM_vertebralbody_SS2_B133720_B134046_HSC_H19,5954,TSP13,bone marrow,monocyte,Cl_Mono
ts_immune_all_0614,TSP13_BM_vertebralbody_SS2_B133712_B134041_Immune_N3,1645,TSP13,bone marrow,monocyte,Cl_Mono
ts_immune_all_0614,TSP13_BM_vertebralbody_SS2_B133712_B134041_Immune_D2,1668,TSP13,bone marrow,monocyte,Cl_Mono
ts_immune_all_0614,TSP13_BM_vertebralbody_SS2_B133720_B134046_HSC_F3,5829,TSP13,bone marrow,monocyte,Cl_Mono
ts_immune_all_0614,TSP13_BM_vertebralbody_SS2_B133720_B134046_HSC_M19,5956,TSP13,bone marrow,monocyte,Cl_Mono
ts_immune_all_0614,TSP13_BM_vertebralbody_SS2_B133712_B134041_Immune_G2,1604,TSP13,bone marrow,monocyte,Cl_Mono
ts_immune_all_0614,TSP13_BM_vertebralbody_SS2_B133713_B134048_Endothelial_H17,1495,TSP13,bone marrow,monocyte,Cl_Mono
ts_immune_all_0614,TSP13_BM_vertebralbody_SS2_B133719_B134047_Stromal_O4,4615,TSP13,bone marrow,monocyte,Cl_Mono
ts_immune_all_0614,TSP13_BM_vertebralbody_SS2_B133713_B134048_Endothelial_L13,1470,TSP13,bone marrow,monocyte,Cl_Mono
ts_immune_all_0614,TSP13_BM_vertebralbody_SS2_B133713_B134048_Endothelial_P15,1515,TSP13,bone marrow,monocyte,Cl_Mono
ts_immune_all_0614,TSP13_BM_vertebralbody_SS2_B133713_B134048_Endothelial_N16,1548,TSP13,bone marrow,monocyte,Cl_Mono
ts_immune_all_0614,TSP13_BM_vertebralbody_SS2_B133712_B134041_Immune_L7,1655,TSP13,bone marrow,monocyte,Cl_Mono
ts_immune_all_0614,TSP13_BM_vertebralbody_SS2_B133712_B134041_Immune_O16,1620,TSP13,bone marrow,monocyte,Cl_Mono
ts_immune_all_0614,TSP13_BM_vertebralbody_SS2_B133712_B134041_Immune_B2,1640,TSP13,bone marrow,monocyte,Cl_Mono
ts_immune_all_0614,TSP13_BM_vertebralbody_SS2_B133713_B134048_Endothelial_G9,1403,TSP13,bone marrow,monocyte,Cl_Mono
ts_immune_all_0614,TSP13_BM_vertebralbody_SS2_B133713_B134048_Endothelial_C18,1462,TSP13,bone marrow,monocyte,Cl_Mono
ts_immune_all_0614,TSP13_BM_vertebralbody_SS2_B133712_B134041_Immune_L8,1632,TSP13,bone marrow,monocyte,Cl_Mono
ts_immune_all_0614,TSP13_BM_vertebralbody_SS2_B133719_B134047_Stromal_J10,4611,TSP13,bone marrow,monocyte,Cl_Mono
ts_immune_all_0614,TSP13_BM_vertebralbody_SS2_B133720_B134046_HSC_L20,5972,TSP13,bone marrow,monocyte,Cl_Mono
ts_immune_all_0614,TSP13_BM_vertebralbody_SS2_B133720_B134046_HSC_H6,5976,TSP13,bone marrow,monocyte,Cl_Mono
ts_immune_all_0614,TSP13_BM_vertebralbody_SS2_B133712_B134041_Immune_B3,1601,TSP13,bone marrow,monocyte,Cl_Mono
ts_immune_all_0614,TSP13_BM_vertebralbody_SS2_B133712_B134041_Immune_I2,1606,TSP13,bone marrow,monocyte,Cl_Mono
ts_immune_all_0614,TSP13_BM_vertebralbody_SS2_B133720_B134046_HSC_M11,5842,TSP13,bone marrow,monocyte,Cl_Mono
ts_immune_all_0611,TSP13_BM_vertebralbody_SS2_B133720_B134046_HSC_E5,5854,TSP13,bone marrow,hematopoietic stem cell,HSC
ts_immune_all_0611,TSP13_BM_vertebralbody_SS2_B133720_B134046_HSC_B6,5924,TSP13,bone marrow,hematopoietic stem cell,HSC
ts_immune_all_0611,TSP13_BM_vertebralbody_SS2_B133720_B134046_HSC_M3,5930,TSP13,bone marrow,hematopoietic stem cell,HSC
ts_immune_all_0611,TSP13_BM_vertebralbody_SS2_B133720_B134046_HSC_P11,5910,TSP13,bone marrow,hematopoietic stem cell,HSC
ts_immune_all_0611,TSP13_BM_vertebralbody_SS2_B133720_B134046_HSC_N13,5935,TSP13,bone marrow,hematopoietic stem cell,HSC
ts_immune_all_0611,TSP13_BM_vertebralbody_SS2_B133720_B134046_HSC_A8,5991,TSP13,bone marrow,hematopoietic stem cell,HSC
ts_immune_all_0611,TSP13_BM_vertebralbody_SS2_B133720_B134046_HSC_P5,5966,TSP13,bone marrow,hematopoietic stem cell,HSC
ts_immune_all_0611,TSP13_BM_vertebralbody_SS2_B133720_B134046_HSC_O22,5994,TSP13,bone marrow,hematopoietic stem cell,HSC
ts_immune_all_0611,TSP13_BM_vertebralbody_SS2_B133720_B134046_HSC_L10,5873,TSP13,bone marrow,hematopoietic stem cell,HSC
ts_immune_all_0611,TSP13_BM_vertebralbody_SS2_B133720_B134046_HSC_N3,5894,TSP13,bone marrow,hematopoietic stem cell,HSC
ts_immune_all_0611,TSP13_BM_vertebralbody_SS2_B133720_B134046_HSC_L4,5968,TSP13,bone marrow,hematopoietic stem cell,HSC
ts_immune_all_0611,TSP13_BM_vertebralbody_SS2_B133720_B134046_HSC_J13,5847,TSP13,bone marrow,hematopoietic stem cell,HSC
ts_immune_all_0611,TSP13_BM_vertebralbody_SS2_B133720_B134046_HSC_O15,5909,TSP13,bone marrow,hematopoietic stem cell,HSC
ts_immune_all_0611,TSP13_BM_vertebralbody_SS2_B133720_B134046_HSC_B8,5855,TSP13,bone marrow,hematopoietic stem cell,HSC
ts_immune_all_0611,TSP13_BM_vertebralbody_SS2_B133720_B134046_HSC_L9,5913,TSP13,bone marrow,hematopoietic stem cell,HSC
ts_immune_all_0611,TSP13_BM_vertebralbody_SS2_B133720_B134046_HSC_J9,5878,TSP13,bone marrow,hematopoietic stem cell,HSC
ts_immune_all_0611,TSP13_BM_vertebralbody_SS2_B133720_B134046_HSC_F9,5963,TSP13,bone marrow,hematopoietic stem cell,HSC
ts_immune_all_0611,TSP13_BM_vertebralbody_SS2_B133720_B134046_HSC_L14,5964,TSP13,bone marrow,hematopoietic stem cell,HSC
ts_immune_all_0611,TSP13_BM_vertebralbody_SS2_B133720_B134046_HSC_I13,5950,TSP13,bone marrow,hematopoietic stem cell,HSC
ts_immune_all_0611,TSP13_BM_vertebralbody_SS2_B133720_B134046_HSC_C7,5907,TSP13,bone marrow,hematopoietic stem cell,HSC
ts_immune_all_0611,TSP13_BM_vertebralbody_SS2_B133720_B134046_HSC_K12,5985,TSP13,bone marrow,hematopoietic stem cell,HSC
ts_immune_all_0611,TSP13_BM_vertebralbody_SS2_B133720_B134046_HSC_C11,5948,TSP13,bone marrow,hematopoietic stem cell,HSC
ts_immune_all_0611,TSP13_BM_vertebralbody_SS2_B133720_B134046_HSC_I5,5869,TSP13,bone marrow,hematopoietic stem cell,HSC
ts_immune_all_0611,TSP13_BM_vertebralbody_SS2_B133720_B134046_HSC_M8,5922,TSP13,bone marrow,hematopoietic stem cell,HSC
ts_immune_all_0611,TSP13_BM_vertebralbody_SS2_B133720_B134046_HSC_F7,5870,TSP13,bone marrow,hematopoietic stem cell,HSC
ts_immune_all_0611,TSP13_BM_vertebralbody_SS2_B133720_B134046_HSC_B2,5981,TSP13,bone marrow,hematopoietic stem cell,HSC
ts_immune_all_0611,TSP13_BM_vertebralbody_SS2_B133720_B134046_HSC_F8,5925,TSP13,bone marrow,hematopoietic stem cell,HSC
ts_immune_all_0611,TSP13_BM_vertebralbody_SS2_B133720_B134046_HSC_P10,5859,TSP13,bone marrow,hematopoietic stem cell,HSC
ts_immune_all_0611,TSP13_BM_vertebralbody_SS2_B133720_B134046_HSC_J4,5877,TSP13,bone marrow,hematopoietic stem cell,HSC
ts_immune_all_0611,TSP13_BM_vertebralbody_SS2_B133720_B134046_HSC_O2,5929,TSP13,bone marrow,hematopoietic stem cell,HSC
ts_immune_all_0611,TSP13_BM_vertebralbody_SS2_B133720_B134046_HSC_D9,5867,TSP13,bone marrow,hematopoietic stem cell,HSC
ts_immune_all_0611,TSP13_BM_vertebralbody_SS2_B133720_B134046_HSC_P9,5836,TSP13,bone marrow,hematopoietic stem cell,HSC
ts_immune_all_0611,TSP13_BM_vertebralbody_SS2_B133720_B134046_HSC_C4,5904,TSP13,bone marrow,hematopoietic stem cell,HSC
ts_immune_all_0611,TSP13_BM_vertebralbody_SS2_B133720_B134046_HSC_O8,5891,TSP13,bone marrow,hematopoietic stem cell,HSC
ts_immune_all_0611,TSP13_BM_vertebralbody_SS2_B133712_B134041_Immune_A9,1635,TSP13,bone marrow,hematopoietic stem cell,HSC
ts_immune_all_0611,TSP13_BM_vertebralbody_SS2_B133720_B134046_HSC_C8,5965,TSP13,bone marrow,hematopoietic stem cell,HSC
ts_immune_all_0611,TSP13_BM_vertebralbody_SS2_B133720_B134046_HSC_E1,5879,TSP13,bone marrow,hematopoietic stem cell,HSC
ts_immune_all_0611,TSP13_BM_vertebralbody_SS2_B133720_B134046_HSC_M14,5892,TSP13,bone marrow,hematopoietic stem cell,HSC
ts_immune_all_0611,TSP13_BM_vertebralbody_SS2_B133720_B134046_HSC_M2,5962,TSP13,bone marrow,hematopoietic stem cell,HSC
ts_immune_all_0611,TSP13_BM_vertebralbody_SS2_B133720_B134046_HSC_C9,5934,TSP13,bone marrow,hematopoietic stem cell,HSC
ts_immune_all_0611,TSP13_BM_vertebralbody_SS2_B133720_B134046_HSC_E4,5899,TSP13,bone marrow,hematopoietic stem cell,HSC
ts_immune_all_0611,TSP13_BM_vertebralbody_SS2_B133720_B134046_HSC_P15,5893,TSP13,bone marrow,hematopoietic stem cell,HSC
ts_immune_all_0611,TSP13_BM_vertebralbody_SS2_B133720_B134046_HSC_K9,5881,TSP13,bone marrow,hematopoietic stem cell,HSC
ts_immune_all_0611,TSP13_BM_vertebralbody_SS2_B133720_B134046_HSC_I10,5923,TSP13,bone marrow,hematopoietic stem cell,HSC
ts_immune_all_0611,TSP13_BM_vertebralbody_SS2_B133720_B134046_HSC_H9,5897,TSP13,bone marrow,hematopoietic stem cell,HSC
ts_immune_all_0611,TSP13_BM_vertebralbody_SS2_B133720_B134046_HSC_N10,5974,TSP13,bone marrow,hematopoietic stem cell,HSC
ts_immune_all_0611,TSP13_BM_vertebralbody_SS2_B133720_B134046_HSC_C10,5984,TSP13,bone marrow,hematopoietic stem cell,HSC
ts_immune_all_0611,TSP13_BM_vertebralbody_SS2_B133720_B134046_HSC_M6,5957,TSP13,bone marrow,hematopoietic stem cell,HSC
ts_immune_all_0611,TSP13_BM_vertebralbody_SS2_B133720_B134046_HSC_N12,5828,TSP13,bone marrow,hematopoietic stem cell,HSC
ts_immune_all_0611,TSP13_BM_vertebralbody_SS2_B133720_B134046_HSC_P14,5997,TSP13,bone marrow,hematopoietic stem cell,HSC
ts_immune_all_1315,TSP25_FAT_Brown_10X_1_4_GCTGGGTCAACGATCT,310151,TSP25,brown adipose tissue,hematopoietic precursor cell,MPP
ts_immune_all_1315,TSP25_FAT_Brown_10X_1_5_TGGGATTTCGGTTCAA,541050,TSP25,brown adipose tissue,hematopoietic precursor cell,MPP
ts_immune_all_1315,TSP25_FAT_Brown_10X_1_3_TCAAGTGCAATAACGA,416954,TSP25,brown adipose tissue,hematopoietic precursor cell,MPP
ts_immune_all_1315,TSP25_FAT_Brown_10X_1_2_AGGATCTGTAGATTAG,298914,TSP25,brown adipose tissue,hematopoietic precursor cell,MPP
ts_immune_all_1315,TSP25_FAT_Brown_10X_1_6_TCTGGCTGTCGCAACC,591602,TSP25,brown adipose tissue,hematopoietic precursor cell,MPP
ts_immune_all_1315,TSP25_FAT_Brown_10X_1_2_GTGTGATGTAGGAGGG,301501,TSP25,brown adipose tissue,hematopoietic precursor cell,MPP
ts_immune_all_1315,TSP25_FAT_Brown_10X_1_3_CCACGAGTCAGTGCGC,414794,TSP25,brown adipose tissue,hematopoietic precursor cell,MPP
ts_immune_all_1315,TSP25_FAT_Brown_10X_1_6_TATCTTGTCTAGAACC,591175,TSP25,brown adipose tissue,hematopoietic precursor cell,MPP
ts_immune_all_1315,TSP25_FAT_Brown_10X_1_6_CAACAGTTCTGGTTGA,588603,TSP25,brown adipose tissue,hematopoietic precursor cell,MPP
ts_immune_all_1315,TSP25_FAT_Brown_10X_1_5_TTGAACGGTACTTGTG,541428,TSP25,brown adipose tissue,hematopoietic precursor cell,MPP
ts_immune_all_1315,TSP25_FAT_Brown_10X_1_2_CAATCGAGTCACCGAC,299423,TSP25,brown adipose tissue,hematopoietic precursor cell,MPP
ts_immune_all_1315,TSP25_FAT_Brown_10X_1_4_GTGTGGCCAGAAGCGT,310549,TSP25,brown adipose tissue,hematopoietic precursor cell,MPP
ts_immune_all_1315,TSP25_FAT_Brown_10X_1_5_ACTGTCCGTATCCTTT,536326,TSP25,brown adipose tissue,hematopoietic precursor cell,MPP
ts_immune_all_1315,TSP25_FAT_Brown_10X_1_2_CAACCTCGTGCAATAA,299389,TSP25,brown adipose tissue,hematopoietic precursor cell,MPP
ts_immune_all_1315,TSP25_FAT_Brown_10X_1_2_TTCTGTATCTCCTGAC,302794,TSP25,brown adipose tissue,hematopoietic precursor cell,MPP
ts_immune_all_1315,TSP25_FAT_Brown_10X_1_1_TACTTACAGCGACCCT,389802,TSP25,brown adipose tissue,hematopoietic precursor cell,MPP
ts_immune_all_1315,TSP25_FAT_Brown_10X_1_3_CATCGTCCATCAACCA,414685,TSP25,brown adipose tissue,hematopoietic precursor cell,MPP
ts_immune_all_1315,TSP25_FAT_Brown_10X_1_5_GGGTCTGCAGTTTCGA,539429,TSP25,brown adipose tissue,hematopoietic precursor cell,MPP
ts_immune_all_1315,TSP25_FAT_Brown_10X_1_2_CCCGAAGAGGAGTATT,299775,TSP25,brown adipose tissue,hematopoietic precursor cell,MPP
ts_immune_all_1315,TSP25_FAT_Brown_10X_1_3_TTGTTTGAGGCTCAAG,417940,TSP25,brown adipose tissue,hematopoietic precursor cell,MPP
ts_immune_all_1315,TSP25_FAT_Brown_10X_1_5_GGTAGAGAGTCCTACA,539478,TSP25,brown adipose tissue,hematopoietic precursor cell,MPP
ts_immune_all_1315,TSP25_FAT_Brown_10X_1_4_CAGTTAGTCCGCAACG,309134,TSP25,brown adipose tissue,hematopoietic precursor cell,MPP
ts_immune_all_1315,TSP25_FAT_Brown_10X_1_3_ATCCTATAGTTGAAGT,414187,TSP25,brown adipose tissue,hematopoietic precursor cell,MPP
ts_immune_all_1315,TSP25_FAT_Brown_10X_1_6_TATTTCGTCGGACTTA,591203,TSP25,brown adipose tissue,hematopoietic precursor cell,MPP
ts_immune_all_1315,TSP25_FAT_Brown_10X_1_2_TCAGCCTTCGTGTCAA,301951,TSP25,brown adipose tissue,hematopoietic precursor cell,MPP
ts_immune_all_1315,TSP25_FAT_Brown_10X_1_6_TCATATCTCTCCTGAC,591305,TSP25,brown adipose tissue,hematopoietic precursor cell,MPP
ts_immune_all_1315,TSP25_FAT_Brown_10X_1_6_GTGGAGAAGCGAGTCA,590824,TSP25,brown adipose tissue,hematopoietic precursor cell,MPP
ts_immune_all_1315,TSP25_FAT_Brown_10X_1_6_TACATTCCACATACGT,591012,TSP25,brown adipose tissue,hematopoietic precursor cell,MPP
ts_immune_all_1315,TSP25_FAT_Brown_10X_1_2_ATGCATGGTTTAGAGA,299243,TSP25,brown adipose tissue,hematopoietic precursor cell,MPP
ts_immune_all_1315,TSP25_FAT_Brown_10X_1_2_CAACCAACAAGCAGGT,299381,TSP25,brown adipose tissue,hematopoietic precursor cell,MPP
ts_immune_all_1315,TSP25_FAT_Brown_10X_1_3_ATTCTACCACTACAGT,414335,TSP25,brown adipose tissue,hematopoietic precursor cell,MPP
ts_immune_all_1315,TSP25_FAT_Brown_10X_1_5_TGTTCCGCACAAGTTC,541191,TSP25,brown adipose tissue,hematopoietic precursor cell,MPP
ts_immune_all_1315,TSP25_FAT_Brown_10X_1_5_ACTTTGTGTAGGCTCC,536376,TSP25,brown adipose tissue,hematopoietic precursor cell,MPP
ts_immune_all_1315,TSP25_FAT_Brown_10X_1_3_GTTTGGAAGGGTATAT,416671,TSP25,brown adipose tissue,hematopoietic precursor cell,MPP
ts_immune_all_1315,TSP25_FAT_Brown_10X_1_6_TTTCGATGTCAATGGG,592287,TSP25,brown adipose tissue,hematopoietic precursor cell,MPP
ts_immune_all_1315,TSP25_FAT_Brown_10X_1_6_GGGAGTATCAATCCGA,590461,TSP25,brown adipose tissue,hematopoietic precursor cell,MPP
ts_immune_all_1315,TSP25_FAT_Brown_10X_1_6_CTCAGGGCACCGGTCA,589565,TSP25,brown adipose tissue,hematopoietic precursor cell,MPP
ts_immune_all_1315,TSP25_FAT_Brown_10X_1_1_TTGCATTGTGAGGAAA,390489,TSP25,brown adipose tissue,hematopoietic precursor cell,MPP
ts_immune_all_1315,TSP25_FAT_Brown_10X_1_2_GTGTTAGCACAACATC,301510,TSP25,brown adipose tissue,hematopoietic precursor cell,MPP
ts_immune_all_1315,TSP25_FAT_Brown_10X_1_6_GCTTCACGTACAACGG,590328,TSP25,brown adipose tissue,hematopoietic precursor cell,MPP
ts_immune_all_1315,TSP25_FAT_Brown_10X_1_2_TGTAGACTCTCAGAAC,302561,TSP25,brown adipose tissue,hematopoietic precursor cell,MPP
ts_immune_all_1315,TSP25_FAT_Brown_10X_1_2_CTGGCAGAGGGAACAA,300370,TSP25,brown adipose tissue,hematopoietic precursor cell,MPP
ts_immune_all_1315,TSP25_FAT_Brown_10X_1_2_GTTACAGCAGTCAGTT,301520,TSP25,brown adipose tissue,hematopoietic precursor cell,MPP
ts_immune_all_1315,TSP25_FAT_Brown_10X_1_4_ACCTGAAGTATGAGAT,308411,TSP25,brown adipose tissue,hematopoietic precursor cell,MPP
ts_immune_all_1315,TSP25_FAT_Brown_10X_1_2_TAGCACATCTATGCCC,301791,TSP25,brown adipose tissue,hematopoietic precursor cell,MPP
ts_immune_all_1315,TSP25_FAT_Brown_10X_1_2_CCTCCAAGTGGGCTTC,299909,TSP25,brown adipose tissue,hematopoietic precursor cell,MPP
ts_immune_all_1315,TSP25_FAT_Brown_10X_1_2_CTCAGTCTCGGTAGAG,300226,TSP25,brown adipose tissue,hematopoietic precursor cell,MPP
ts_immune_all_1315,TSP25_FAT_Brown_10X_1_6_CAGAGCCAGGTACAAT,588764,TSP25,brown adipose tissue,hematopoietic precursor cell,MPP
ts_immune_all_1315,TSP25_FAT_Brown_10X_1_5_GTCAAACAGCTGAAGC,539641,TSP25,brown adipose tissue,hematopoietic precursor cell,MPP
ts_immune_all_1315,TSP25_FAT_Brown_10X_1_1_TCGACCTTCCCACAGG,390084,TSP25,brown adipose tissue,hematopoietic precursor cell,MPP
ts_immune_all_1499,TSP25_Tongue_Posterior_10X_1_1_GGGATGAGTATTTCCT,361102,TSP25,posterior part of tongue,plasma cell,Plasma
ts_immune_all_1499,TSP25_Tongue_Posterior_10X_1_1_TCGCAGGAGCGACTAG,361606,TSP25,posterior part of tongue,plasma cell,Plasma
ts_immune_all_1499,TSP25_Tongue_Posterior_10X_1_1_TCATGAGCAAAGGATT,361526,TSP25,posterior part of tongue,plasma cell,Plasma
ts_immune_all_1499,TSP25_Tongue_Posterior_10X_1_1_TACGTCCCACTACACA,361391,TSP25,posterior part of tongue,plasma cell,Plasma
ts_immune_all_1499,TSP25_Tongue_Posterior_10X_1_1_CATTCATGTCGTATGT,360401,TSP25,posterior part of tongue,plasma cell,Plasma
ts_immune_all_1499,TSP25_Tongue_Posterior_10X_1_1_CAGCACGAGTCCGCCA,360335,TSP25,posterior part of tongue,plasma cell,Plasma
ts_immune_all_1499,TSP25_Tongue_Posterior_10X_1_1_TCTCAGCTCTGGGCGT,361646,TSP25,posterior part of tongue,plasma cell,Plasma
ts_immune_all_1499,TSP25_Tongue_Posterior_10X_1_1_AAGCGAGGTCACCGCA,359770,TSP25,posterior part of tongue,plasma cell,Plasma
ts_immune_all_1499,TSP25_Tongue_Posterior_10X_1_1_CTGTAGAAGGCCCGTT,360744,TSP25,posterior part of tongue,plasma cell,Plasma
ts_immune_all_1499,TSP25_Tongue_Posterior_10X_1_1_AACCACAGTGCCGAAA,359730,TSP25,posterior part of tongue,plasma cell,Plasma
ts_immune_all_1499,TSP25_Tongue_Posterior_10X_1_1_ATTCAGGCATTCATCT,360212,TSP25,posterior part of tongue,plasma cell,Plasma
ts_immune_all_1499,TSP25_Tongue_Posterior_10X_1_1_CATAAGCCACGGGCTT,360361,TSP25,posterior part of tongue,plasma cell,Plasma
ts_immune_all_1499,TSP25_Tongue_Posterior_10X_1_1_ACAGCCGCATCTATCT,359827,TSP25,posterior part of tongue,plasma cell,Plasma
ts_immune_all_1499,TSP25_Tongue_Posterior_10X_1_1_ACGTAGTTCCATCCGT,359891,TSP25,posterior part of tongue,plasma cell,Plasma
ts_immune_all_1499,TSP25_Tongue_Posterior_10X_1_1_TATGTTCAGTCAGCCC,361452,TSP25,posterior part of tongue,plasma cell,Plasma
ts_immune_all_1499,TSP25_Tongue_Posterior_10X_1_1_TCTATCAGTCCAGAAG,361638,TSP25,posterior part of tongue,plasma cell,Plasma
ts_immune_all_1499,TSP25_Tongue_Posterior_10X_1_1_CCCATTGTCCAGTACA,360446,TSP25,posterior part of tongue,plasma cell,Plasma
ts_immune_all_1499,TSP25_Tongue_Posterior_10X_1_1_CCGTTCAAGCTCGAAG,360491,TSP25,posterior part of tongue,plasma cell,Plasma
ts_immune_all_1499,TSP25_Tongue_Posterior_10X_1_1_TTCCGGTGTTGAGTCT,361896,TSP25,posterior part of tongue,plasma cell,Plasma
ts_immune_all_1499,TSP25_Tongue_Posterior_10X_1_1_GCACATAGTTGGGACA,360955,TSP25,posterior part of tongue,plasma cell,Plasma
ts_immune_all_1499,TSP25_Tongue_Posterior_10X_1_1_TTGACCCAGTAAATGC,361935,TSP25,posterior part of tongue,plasma cell,Plasma
ts_immune_all_1499,TSP25_Tongue_Posterior_10X_1_1_CCAAGCGGTTTCACTT,360416,TSP25,posterior part of tongue,plasma cell,Plasma
ts_immune_all_1499,TSP25_Tongue_Posterior_10X_1_1_TCCTCGAAGGATGGCT,361581,TSP25,posterior part of tongue,plasma cell,Plasma
ts_immune_all_1499,TSP25_Tongue_Posterior_10X_1_1_TGCCGAGCAAGCTGCC,361728,TSP25,posterior part of tongue,plasma cell,Plasma
ts_immune_all_1499,TSP25_Tongue_Posterior_10X_1_1_TCCCACAGTTCCGCAG,361557,TSP25,posterior part of tongue,plasma cell,Plasma
ts_immune_all_1499,TSP25_Tongue_Posterior_10X_1_1_GGTGATTCACTCTAGA,361150,TSP25,posterior part of tongue,plasma cell,Plasma
ts_immune_all_1499,TSP25_Tongue_Posterior_10X_1_1_CGTTGGGGTGTCTCCT,360625,TSP25,posterior part of tongue,plasma cell,Plasma
ts_immune_all_1499,TSP25_Tongue_Posterior_10X_1_1_TCCACCACAACAGATA,361540,TSP25,posterior part of tongue,plasma cell,Plasma
ts_immune_all_1499,TSP25_Tongue_Posterior_10X_1_1_TAGACCAGTTCACCGG,361406,TSP25,posterior part of tongue,plasma cell,Plasma
ts_immune_all_1499,TSP25_Tongue_Posterior_10X_1_1_CACAGATTCTTAATCC,360281,TSP25,posterior part of tongue,plasma cell,Plasma
ts_immune_all_1499,TSP25_Tongue_Posterior_10X_1_1_AAGACAAGTGAGGCAT,359761,TSP25,posterior part of tongue,plasma cell,Plasma
ts_immune_all_1499,TSP25_Tongue_Posterior_10X_1_1_TCAGTGACATGTCAGT,361511,TSP25,posterior part of tongue,plasma cell,Plasma
ts_immune_all_1499,TSP25_Tongue_Posterior_10X_1_1_GCTTGGGGTGCACAAG,361039,TSP25,posterior part of tongue,plasma cell,Plasma
ts_immune_all_1499,TSP25_Tongue_Posterior_10X_1_1_CCGATCTGTTCGTGCG,360469,TSP25,posterior part of tongue,plasma cell,Plasma
ts_immune_all_1499,TSP25_Tongue_Posterior_10X_1_1_CAAAGAACAAGATGGC,360241,TSP25,posterior part of tongue,plasma cell,Plasma
ts_immune_all_1499,TSP25_Tongue_Posterior_10X_1_1_ACGGTTATCGTTCGCT,359882,TSP25,posterior part of tongue,plasma cell,Plasma
ts_immune_all_1499,TSP25_Tongue_Posterior_10X_1_1_CAGTGCGCAGCTACTA,360356,TSP25,posterior part of tongue,plasma cell,Plasma
ts_immune_all_1499,TSP25_Tongue_Posterior_10X_1_1_CGGCAGTAGAGCAGAA,360587,TSP25,posterior part of tongue,plasma cell,Plasma
ts_immune_all_1499,TSP25_Tongue_Posterior_10X_1_1_TGTGCGGGTGCAACGA,361816,TSP25,posterior part of tongue,plasma cell,Plasma
ts_immune_all_1499,TSP25_Tongue_Posterior_10X_1_1_TCTGGCTAGGTTATAG,361654,TSP25,posterior part of tongue,plasma cell,Plasma
ts_immune_all_1499,TSP25_Tongue_Posterior_10X_1_1_CTGCTCACACAATGAA,360729,TSP25,posterior part of tongue,plasma cell,Plasma
ts_immune_all_1499,TSP25_Tongue_Posterior_10X_1_1_GATTCTTCAGAACTAA,360939,TSP25,posterior part of tongue,plasma cell,Plasma
ts_immune_all_1499,TSP25_Tongue_Posterior_10X_1_1_TGTGTGAGTAGCGTCC,361824,TSP25,posterior part of tongue,plasma cell,Plasma
ts_immune_all_1499,TSP25_Tongue_Posterior_10X_1_1_ACAAAGAAGCGTTACT,359810,TSP25,posterior part of tongue,plasma cell,Plasma
ts_immune_all_1499,TSP25_Tongue_Posterior_10X_1_1_GAGACTTCACGCACCA,360878,TSP25,posterior part of tongue,plasma cell,Plasma
ts_immune_all_1499,TSP25_Tongue_Posterior_10X_1_1_ATTCCTAAGTCTGGAG,360218,TSP25,posterior part of tongue,plasma cell,Plasma
ts_immune_all_1499,TSP25_Tongue_Posterior_10X_1_1_TCTACCGCACCGGAAA,361633,TSP25,posterior part of tongue,plasma cell,Plasma
ts_immune_all_1499,TSP25_Tongue_Posterior_10X_1_1_TACTTACCATTGTGCA,361398,TSP25,posterior part of tongue,plasma cell,Plasma
ts_immune_all_1499,TSP25_Tongue_Posterior_10X_1_1_CAGATCATCCTTCTAA,360326,TSP25,posterior part of tongue,plasma cell,Plasma
ts_immune_all_1499,TSP25_Tongue_Posterior_10X_1_1_CTTGAGACAGACTGCC,360781,TSP25,posterior part of tongue,plasma cell,Plasma
ts_immune_all_0740,TSP14_Skin_Chest_10X_1_1_ACACCAACAAGCAGGT,284122,TSP14,skin of chest,"CD4-positive, alpha-beta T cell",Memory_CD4
ts_immune_all_0740,TSP14_Skin_Chest_10X_1_1_CGCATAAGTCGCAACC,284294,TSP14,skin of chest,"CD4-positive, alpha-beta T cell",Memory_CD4
ts_immune_all_0740,TSP14_Skin_Chest_10X_1_1_TGATGCAAGGGTTAAT,284599,TSP14,skin of chest,"CD4-positive, alpha-beta T cell",Memory_CD4
ts_immune_all_0740,TSP14_Skin_Chest_10X_1_1_ACAACCACATGAATCC,284118,TSP14,skin of chest,"CD4-positive, alpha-beta T cell",Memory_CD4
ts_immune_all_0740,TSP14_Skin_Chest_10X_1_1_AGGGCCTAGATCCAAA,284178,TSP14,skin of chest,"CD4-positive, alpha-beta T cell",Memory_CD4
ts_immune_all_0740,TSP14_Skin_Chest_10X_1_1_ACACAGTTCTTAGCTT,284120,TSP14,skin of chest,"CD4-positive, alpha-beta T cell",Memory_CD4
ts_immune_all_0740,TSP14_Skin_Chest_10X_1_1_GGGACCTAGCACTCCG,284416,TSP14,skin of chest,"CD4-positive, alpha-beta T cell",Memory_CD4
ts_immune_all_0740,TSP14_Skin_Chest_10X_1_1_TAAGTCGCAATTGCAC,284504,TSP14,skin of chest,"CD4-positive, alpha-beta T cell",Memory_CD4
ts_immune_all_0740,TSP14_Skin_Chest_10X_1_1_GTGTAACTCCCTCAAC,284484,TSP14,skin of chest,"CD4-positive, alpha-beta T cell",Memory_CD4
ts_immune_all_0740,TSP14_Skin_Chest_10X_1_1_TCGTCCAAGTATTAGG,284573,TSP14,skin of chest,"CD4-positive, alpha-beta T cell",Memory_CD4
ts_immune_all_0740,TSP14_Skin_Chest_10X_1_1_TCCTCTTGTAGGAGGG,284567,TSP14,skin of chest,"CD4-positive, alpha-beta T cell",Memory_CD4
ts_immune_all_0740,TSP14_Skin_Chest_10X_1_1_AAACGAACAGAGAGGG,284081,TSP14,skin of chest,"CD4-positive, alpha-beta T cell",Memory_CD4
ts_immune_all_0740,TSP14_Skin_Chest_10X_1_1_CTCGAGGAGGTGCCTC,284331,TSP14,skin of chest,"CD4-positive, alpha-beta T cell",Memory_CD4
ts_immune_all_0740,TSP14_Skin_Chest_10X_1_1_ACTACGAAGGTACTGG,284147,TSP14,skin of chest,"CD4-positive, alpha-beta T cell",Memory_CD4
ts_immune_all_0740,TSP14_Skin_Chest_10X_1_1_TTGGGTACACAACGTT,284661,TSP14,skin of chest,"CD4-positive, alpha-beta T cell",Memory_CD4
ts_immune_all_0740,TSP14_Skin_Chest_10X_1_1_TCTGCCATCCTCTAAT,284584,TSP14,skin of chest,"CD4-positive, alpha-beta T cell",Memory_CD4
ts_immune_all_0740,TSP14_Skin_Chest_10X_1_1_TGCATCCGTATCGTTG,284601,TSP14,skin of chest,"CD4-positive, alpha-beta T cell",Memory_CD4
ts_immune_all_0740,TSP14_Skin_Chest_10X_1_1_ACACTGACAACCACGC,284125,TSP14,skin of chest,"CD4-positive, alpha-beta T cell",Memory_CD4
ts_immune_all_0740,TSP14_Skin_Chest_10X_1_1_GGTTAACAGGTGCTTT,284436,TSP14,skin of chest,"CD4-positive, alpha-beta T cell",Memory_CD4
ts_immune_all_0740,TSP14_Skin_Chest_10X_1_1_AGTACCACAATAAGGT,284185,TSP14,skin of chest,"CD4-positive, alpha-beta T cell",Memory_CD4
ts_immune_all_0740,TSP14_Skin_chest_SS2_B115065_D102107_Immune-HLADRpos_J17,16575,TSP14,skin of chest,"CD4-positive, alpha-beta T cell",Memory_CD4
ts_immune_all_0740,TSP14_Skin_Chest_10X_1_1_GATGATCGTTGTTGCA,284380,TSP14,skin of chest,"CD4-positive, alpha-beta T cell",Memory_CD4
ts_immune_all_0740,TSP14_Skin_Chest_10X_1_1_GTGACGCGTCACTGAT,284467,TSP14,skin of chest,"CD4-positive, alpha-beta T cell",Memory_CD4
ts_immune_all_0740,TSP14_Skin_Chest_10X_1_1_TAGGTTGGTCAGGTAG,284529,TSP14,skin of chest,"CD4-positive, alpha-beta T cell",Memory_CD4
ts_immune_all_0740,TSP14_Skin_Chest_10X_1_1_CCTATCGTCTTCCTAA,284280,TSP14,skin of chest,"CD4-positive, alpha-beta T cell",Memory_CD4
ts_immune_all_0740,TSP14_Skin_Chest_10X_1_1_CATAGACGTAGCTGCC,284243,TSP14,skin of chest,"CD4-positive, alpha-beta T cell",Memory_CD4
ts_immune_all_0740,TSP14_Skin_Chest_10X_1_1_GTCTCACGTGATTGGG,284465,TSP14,skin of chest,"CD4-positive, alpha-beta T cell",Memory_CD4
ts_immune_all_0740,TSP14_Skin_Chest_10X_1_1_GTCATGACAGGTCAAG,284457,TSP14,skin of chest,"CD4-positive, alpha-beta T cell",Memory_CD4
ts_immune_all_0740,TSP14_Skin_Chest_10X_1_1_GAGACTTGTACCCAGC,284366,TSP14,skin of chest,"CD4-positive, alpha-beta T cell",Memory_CD4
ts_immune_all_0740,TSP14_Skin_Chest_10X_1_1_TAGACCAGTTCCGGTG,284521,TSP14,skin of chest,"CD4-positive, alpha-beta T cell",Memory_CD4
ts_immune_all_0740,TSP14_Skin_Chest_10X_1_1_TTCCTAAGTTCAGGTT,284644,TSP14,skin of chest,"CD4-positive, alpha-beta T cell",Memory_CD4
ts_immune_all_0740,TSP14_Skin_Chest_10X_1_1_TTGTTGTAGTTACGTC,284666,TSP14,skin of chest,"CD4-positive, alpha-beta T cell",Memory_CD4
ts_immune_all_0740,TSP14_Skin_Chest_10X_1_1_TCCTCTTTCAAGAGGC,284568,TSP14,skin of chest,"CD4-positive, alpha-beta T cell",Memory_CD4
ts_immune_all_0740,TSP14_Skin_Chest_10X_1_1_AAGCGTTGTTGCTAGT,284105,TSP14,skin of chest,"CD4-positive, alpha-beta T cell",Memory_CD4
ts_immune_all_0740,TSP14_Skin_Chest_10X_1_1_GACTTCCAGGTACCTT,284362,TSP14,skin of chest,"CD4-positive, alpha-beta T cell",Memory_CD4
ts_immune_all_0740,TSP14_Skin_Chest_10X_1_1_TCAGGTAAGGTATCTC,284548,TSP14,skin of chest,"CD4-positive, alpha-beta T cell",Memory_CD4
ts_immune_all_0740,TSP14_Skin_Chest_10X_1_1_AATTCCTCAGGGTTGA,284116,TSP14,skin of chest,"CD4-positive, alpha-beta T cell",Memory_CD4
ts_immune_all_0740,TSP14_Skin_Chest_10X_1_1_CGTGATACAGACTGCC,284311,TSP14,skin of chest,"CD4-positive, alpha-beta T cell",Memory_CD4
ts_immune_all_0740,TSP14_Skin_Chest_10X_1_1_CTAAGTGGTATCTTCT,284317,TSP14,skin of chest,"CD4-positive, alpha-beta T cell",Memory_CD4
ts_immune_all_0740,TSP14_Skin_Chest_10X_1_1_TTGGTTTAGCTGCCTG,284662,TSP14,skin of chest,"CD4-positive, alpha-beta T cell",Memory_CD4
ts_immune_all_0740,TSP14_Skin_Chest_10X_1_1_CTCGAGGTCGCTGTCT,284333,TSP14,skin of chest,"CD4-positive, alpha-beta T cell",Memory_CD4
ts_immune_all_0740,TSP14_Skin_Chest_10X_1_1_AGACAAAAGAGCAGTC,284161,TSP14,skin of chest,"CD4-positive, alpha-beta T cell",Memory_CD4
ts_immune_all_0740,TSP14_Skin_Chest_10X_1_1_GCCAGCAGTAGCTCGC,284390,TSP14,skin of chest,"CD4-positive, alpha-beta T cell",Memory_CD4
ts_immune_all_0740,TSP14_Skin_Chest_10X_1_1_TCTATACAGAATACAC,284580,TSP14,skin of chest,"CD4-positive, alpha-beta T cell",Memory_CD4
ts_immune_all_0740,TSP14_Skin_Chest_10X_1_1_AGATAGAGTCGATTAC,284168,TSP14,skin of chest,"CD4-positive, alpha-beta T cell",Memory_CD4
ts_immune_all_0740,TSP14_Skin_Chest_10X_1_1_TTAGGCAAGGTTCTTG,284632,TSP14,skin of chest,"CD4-positive, alpha-beta T cell",Memory_CD4
ts_immune_all_0740,TSP14_Skin_Chest_10X_1_1_TCATTGTTCTAGCCAA,284557,TSP14,skin of chest,"CD4-positive, alpha-beta T cell",Memory_CD4
ts_immune_all_0740,TSP14_Skin_Chest_10X_1_1_AATGACCCATGTACGT,284114,TSP14,skin of chest,"CD4-positive, alpha-beta T cell",Memory_CD4
ts_immune_all_0740,TSP14_Skin_Chest_10X_1_1_GAGCCTGCAAACAGGC,284368,TSP14,skin of chest,"CD4-positive, alpha-beta T cell",Memory_CD4
ts_immune_all_0740,TSP14_Skin_Chest_10X_1_1_ACATGCATCTCTAAGG,284128,TSP14,skin of chest,"CD4-positive, alpha-beta T cell",Memory_CD4
ts_immune_all_1705,TSP27_Muscle_Abdomen_10X3primev31_1_1_TGTTTGTGTCATGGCC,260139,TSP27,muscle of abdomen,"CD4-positive, alpha-beta T cell",Memory_CD4
ts_immune_all_1705,TSP27_Muscle_Abdomen_10X3primev31_1_1_TCCTAATAGTGAGCCA,260012,TSP27,muscle of abdomen,"CD4-positive, alpha-beta T cell",Memory_CD4
ts_immune_all_1705,TSP27_Muscle_Abdomen_10X3primev31_1_1_GAAGAATGTGGGACAT,259675,TSP27,muscle of abdomen,"CD4-positive, alpha-beta T cell",Memory_CD4
ts_immune_all_1705,TSP27_Muscle_Abdomen_10X3primev31_1_1_TTGTTTGTCCATCCGT,260185,TSP27,muscle of abdomen,"CD4-positive, alpha-beta T cell",Memory_CD4
ts_immune_all_1705,TSP27_Muscle_Abdomen_10X3primev31_1_1_GTGCACGTCGTAGTCA,259872,TSP27,muscle of abdomen,"CD4-positive, alpha-beta T cell",Memory_CD4
ts_immune_all_1705,TSP27_Muscle_Abdomen_10X3primev31_1_1_AGAACAAAGATACAGT,259298,TSP27,muscle of abdomen,"CD4-positive, alpha-beta T cell",Memory_CD4
ts_immune_all_1705,TSP27_Muscle_Abdomen_10X3primev31_1_1_TTTGACTAGAGGCGGA,260200,TSP27,muscle of abdomen,"CD4-positive, alpha-beta T cell",Memory_CD4
ts_immune_all_1705,TSP27_Muscle_Abdomen_10X3primev31_1_1_ATCGGCGGTCAGCTTA,259396,TSP27,muscle of abdomen,"CD4-positive, alpha-beta T cell",Memory_CD4
ts_immune_all_1705,TSP27_Muscle_Abdomen_10X3primev31_1_1_TATCGCCAGGATTTCC,259954,TSP27,muscle of abdomen,"CD4-positive, alpha-beta T cell",Memory_CD4
ts_immune_all_1705,TSP27_Muscle_Abdomen_10X3primev31_1_1_ATCGCCTGTCATCGGC,259393,TSP27,muscle of abdomen,"CD4-positive, alpha-beta T cell",Memory_CD4
ts_immune_all_1705,TSP27_Muscle_Abdomen_10X3primev31_1_1_GGCACGTAGTTACGTC,259786,TSP27,muscle of abdomen,"CD4-positive, alpha-beta T cell",Memory_CD4
ts_immune_all_1705,TSP27_Muscle_Abdomen_10X3primev31_1_1_TCATCCGTCTATCCAT,259991,TSP27,muscle of abdomen,"CD4-positive, alpha-beta T cell",Memory_CD4
ts_immune_all_1705,TSP27_Muscle_Abdomen_10X3primev31_1_1_TCACTCGCAACTTGGT,259974,TSP27,muscle of abdomen,"CD4-positive, alpha-beta T cell",Memory_CD4
ts_immune_all_1705,TSP27_Muscle_Abdomen_10X3primev31_1_1_TGCAGATTCAGGGATG,260091,TSP27,muscle of abdomen,"CD4-positive, alpha-beta T cell",Memory_CD4
ts_immune_all_1705,TSP27_Muscle_Abdomen_10X3primev31_1_1_TAGGGTTCATGGGAAC,259944,TSP27,muscle of abdomen,"CD4-positive, alpha-beta T cell",Memory_CD4
ts_immune_all_1705,TSP27_Muscle_Abdomen_10X3primev31_1_1_CACGGGTCATTGCCGG,259448,TSP27,muscle of abdomen,"CD4-positive, alpha-beta T cell",Memory_CD4
ts_immune_all_1705,TSP27_Muscle_Abdomen_10X3primev31_1_1_GATCACAAGCGAAACC,259713,TSP27,muscle of abdomen,"CD4-positive, alpha-beta T cell",Memory_CD4
ts_immune_all_1705,TSP27_Muscle_Abdomen_10X3primev31_1_1_TTTACCAAGTTACGAA,260186,TSP27,muscle of abdomen,"CD4-positive, alpha-beta T cell",Memory_CD4
ts_immune_all_1705,TSP27_Muscle_Abdomen_10X3primev31_1_1_GAGTCATGTGCTTCAA,259704,TSP27,muscle of abdomen,"CD4-positive, alpha-beta T cell",Memory_CD4
ts_immune_all_1705,TSP27_Muscle_Abdomen_10X3primev31_1_1_CTACATTGTGAAGCGT,259589,TSP27,muscle of abdomen,"CD4-positive, alpha-beta T cell",Memory_CD4
ts_immune_all_1705,TSP27_Muscle_Abdomen_10X3primev31_1_1_TGAATCGTCGCCTAGG,260069,TSP27,muscle of abdomen,"CD4-positive, alpha-beta T cell",Memory_CD4
ts_immune_all_1705,TSP27_Muscle_Abdomen_10X3primev31_1_1_CTGTACCCACTTCATT,259642,TSP27,muscle of abdomen,"CD4-positive, alpha-beta T cell",Memory_CD4
ts_immune_all_1705,TSP27_Muscle_Abdomen_10X3primev31_1_1_CGCATAATCCCTATTA,259565,TSP27,muscle of abdomen,"CD4-positive, alpha-beta T cell",Memory_CD4
ts_immune_all_1705,TSP27_Muscle_Abdomen_10X3primev31_1_1_TCGACGGGTCAACCAT,260027,TSP27,muscle of abdomen,"CD4-positive, alpha-beta T cell",Memory_CD4
ts_immune_all_1705,TSP27_Muscle_Abdomen_10X3primev31_1_1_AGACCATTCTCATGCC,259304,TSP27,muscle of abdomen,"CD4-positive, alpha-beta T cell",Memory_CD4
ts_immune_all_1705,TSP27_Muscle_Abdomen_10X3primev31_1_1_TTCTAACAGCAGTCTT,260164,TSP27,muscle of abdomen,"CD4-positive, alpha-beta T cell",Memory_CD4
ts_immune_all_1705,TSP27_Muscle_Abdomen_10X3primev31_1_1_GTTTGGAAGTGGAAGA,259908,TSP27,muscle of abdomen,"CD4-positive, alpha-beta T cell",Memory_CD4
ts_immune_all_1705,TSP27_Muscle_Abdomen_10X3primev31_1_1_CCACCATCACAAGGTG,259505,TSP27,muscle of abdomen,"CD4-positive, alpha-beta T cell",Memory_CD4
ts_immune_all_1705,TSP27_Muscle_Abdomen_10X3primev31_1_1_TGTGATGTCAAGCTTG,260126,TSP27,muscle of abdomen,"CD4-positive, alpha-beta T cell",Memory_CD4
ts_immune_all_1705,TSP27_Muscle_Abdomen_10X3primev31_1_1_AGCGATTCAGTCTGGC,259325,TSP27,muscle of abdomen,"CD4-positive, alpha-beta T cell",Memory_CD4
ts_immune_all_1705,TSP27_Muscle_Abdomen_10X3primev31_1_1_TGTGCGGAGTTGCGCC,260127,TSP27,muscle of abdomen,"CD4-positive, alpha-beta T cell",Memory_CD4
ts_immune_all_1705,TSP27_Muscle_Abdomen_10X3primev31_1_1_CTAACTTGTGCTCTTC,259584,TSP27,muscle of abdomen,"CD4-positive, alpha-beta T cell",Memory_CD4
ts_immune_all_1705,TSP27_Muscle_Abdomen_10X3primev31_1_1_ATGTCTTGTCATAAAG,259408,TSP27,muscle of abdomen,"CD4-positive, alpha-beta T cell",Memory_CD4
ts_immune_all_1705,TSP27_Muscle_Abdomen_10X3primev31_1_1_TGCTCGTTCCTATGGA,260098,TSP27,muscle of abdomen,"CD4-positive, alpha-beta T cell",Memory_CD4
ts_immune_all_1705,TSP27_Muscle_Abdomen_10X3primev31_1_1_ATAGGCTAGTCTGTAC,259376,TSP27,muscle of abdomen,"CD4-positive, alpha-beta T cell",Memory_CD4
ts_immune_all_1705,TSP27_Muscle_Abdomen_10X3primev31_1_1_TCCAGAAGTTTCACTT,260004,TSP27,muscle of abdomen,"CD4-positive, alpha-beta T cell",Memory_CD4
ts_immune_all_1705,TSP27_Muscle_Abdomen_10X3primev31_1_1_ATTCCTAGTACGTGTT,259417,TSP27,muscle of abdomen,"CD4-positive, alpha-beta T cell",Memory_CD4
ts_immune_all_1705,TSP27_Muscle_Abdomen_10X3primev31_1_1_CTCACTGAGACATCCT,259603,TSP27,muscle of abdomen,"CD4-positive, alpha-beta T cell",Memory_CD4
ts_immune_all_1705,TSP27_Muscle_Abdomen_10X3primev31_1_1_GGGACAACATTGAAGA,259795,TSP27,muscle of abdomen,"CD4-positive, alpha-beta T cell",Memory_CD4
ts_immune_all_1705,TSP27_Muscle_Abdomen_10X3primev31_1_1_AGTACTGCATCGCTCT,259352,TSP27,muscle of abdomen,"CD4-positive, alpha-beta T cell",Memory_CD4
ts_immune_all_1705,TSP27_Muscle_Abdomen_10X3primev31_1_1_ATCCCTGGTAAGTCAA,259387,TSP27,muscle of abdomen,"CD4-positive, alpha-beta T cell",Memory_CD4
ts_immune_all_1705,TSP27_Muscle_Abdomen_10X3primev31_1_1_TCGTGCTAGTATAACG,260044,TSP27,muscle of abdomen,"CD4-positive, alpha-beta T cell",Memory_CD4
ts_immune_all_1705,TSP27_Muscle_Abdomen_10X3primev31_1_1_TCAAGCATCCAGTGCG,259962,TSP27,muscle of abdomen,"CD4-positive, alpha-beta T cell",Memory_CD4
ts_immune_all_1705,TSP27_Muscle_Abdomen_10X3primev31_1_1_TGTGATGGTTCCTTGC,260125,TSP27,muscle of abdomen,"CD4-positive, alpha-beta T cell",Memory_CD4
ts_immune_all_1705,TSP27_Muscle_Abdomen_10X3primev31_1_1_CATCGCTGTCAAACGG,259477,TSP27,muscle of abdomen,"CD4-positive, alpha-beta T cell",Memory_CD4
ts_immune_all_1705,TSP27_Muscle_Abdomen_10X3primev31_1_1_AGTCACAGTCCTGTCT,259357,TSP27,muscle of abdomen,"CD4-positive, alpha-beta T cell",Memory_CD4
ts_immune_all_1705,TSP27_Muscle_Abdomen_10X3primev31_1_1_AGCGCCACAAGATGTA,259326,TSP27,muscle of abdomen,"CD4-positive, alpha-beta T cell",Memory_CD4
ts_immune_all_1705,TSP27_Muscle_Abdomen_10X3primev31_1_1_TTTCCTCTCGAATGCT,260199,TSP27,muscle of abdomen,"CD4-positive, alpha-beta T cell",Memory_CD4
ts_immune_all_1705,TSP27_Muscle_Abdomen_10X3primev31_1_1_TCGGTCTGTCGACGCT,260041,TSP27,muscle of abdomen,"CD4-positive, alpha-beta T cell",Memory_CD4
ts_immune_all_1705,TSP27_Muscle_Abdomen_10X3primev31_1_1_CCCAACTCAAGCGGAT,259514,TSP27,muscle of abdomen,"CD4-positive, alpha-beta T cell",Memory_CD4
ts_immune_all_0738,TSP14_Skin_chest_SS2_B115065_D102107_Immune-HLADRpos_P16,16539,TSP14,skin of chest,mast cell,Mast
ts_immune_all_0738,TSP14_Skin_chest_SS2_B115065_D102107_Immune-HLADRpos_O21,16544,TSP14,skin of chest,mast cell,Mast
ts_immune_all_0738,TSP14_Skin_chest_SS2_B115065_D102107_Immune-HLADRpos_I22,16530,TSP14,skin of chest,mast cell,Mast
ts_immune_all_0738,TSP14_Skin_Chest_10X_1_1_AGGGTCCGTTCGTAAC,284180,TSP14,skin of chest,mast cell,Mast
ts_immune_all_0738,TSP14_Skin_chest_SS2_B115065_D102107_Immune-HLADRpos_K14,16503,TSP14,skin of chest,mast cell,Mast
ts_immune_all_0738,TSP14_Skin_Chest_10X_1_1_GTTGTGAAGAAGCCAC,284497,TSP14,skin of chest,mast cell,Mast
ts_immune_all_0738,TSP14_Skin_Chest_10X_1_1_TTCGGTCGTGTGTCGC,284650,TSP14,skin of chest,mast cell,Mast
ts_immune_all_0738,TSP14_Skin_chest_SS2_B115065_D102107_Immune-HLADRpos_M21,16507,TSP14,skin of chest,mast cell,Mast
ts_immune_all_0738,TSP14_Skin_chest_SS2_B115065_D102107_Immune-HLADRpos_J16,16607,TSP14,skin of chest,mast cell,Mast
ts_immune_all_0738,TSP14_Skin_Chest_10X_1_1_CATGCTCAGAGTGTTA,284254,TSP14,skin of chest,mast cell,Mast
ts_immune_all_0738,TSP14_Skin_chest_SS2_B115065_D102107_Immune-HLADRpos_N9,16582,TSP14,skin of chest,mast cell,Mast
ts_immune_all_0738,TSP14_Skin_chest_SS2_B115065_D102107_Immune-HLADRpos_L20,16536,TSP14,skin of chest,mast cell,Mast
ts_immune_all_0738,TSP14_Skin_chest_SS2_B115065_D102107_Immune-HLADRpos_N12,16546,TSP14,skin of chest,mast cell,Mast
ts_immune_all_0738,TSP14_Skin_chest_SS2_B115065_D102107_Immune-HLADRpos_P8,16541,TSP14,skin of chest,mast cell,Mast
ts_immune_all_0738,TSP14_Skin_Chest_10X_1_1_ACACCAAAGACTCGAG,284121,TSP14,skin of chest,mast cell,Mast
ts_immune_all_0738,TSP14_Skin_Chest_10X_1_1_CATGCGGAGTAGCCAG,284252,TSP14,skin of chest,mast cell,Mast
ts_immune_all_0738,TSP14_Skin_chest_SS2_B115065_D102107_Immune-HLADRpos_N23,16540,TSP14,skin of chest,mast cell,Mast
ts_immune_all_0738,TSP14_Skin_Chest_10X_1_1_AACCCAACATGTGGCC,284097,TSP14,skin of chest,mast cell,Mast
ts_immune_all_0738,TSP14_Skin_Chest_10X_1_1_GGGAGTAGTTCACGAT,284420,TSP14,skin of chest,mast cell,Mast
ts_immune_all_0738,TSP14_Skin_chest_SS2_B115065_D102107_Immune-HLADRpos_O13,16611,TSP14,skin of chest,mast cell,Mast
ts_immune_all_0738,TSP14_Skin_Chest_10X_1_1_GGCTGTGGTCAGATTC,284414,TSP14,skin of chest,mast cell,Mast
ts_immune_all_0738,TSP14_Skin_chest_SS2_B115065_D102107_Immune-HLADRpos_J8,16553,TSP14,skin of chest,mast cell,Mast
ts_immune_all_0738,TSP14_Skin_Chest_10X_1_1_CACAGGCCAGGCTACC,284232,TSP14,skin of chest,mast cell,Mast
ts_immune_all_0738,TSP14_Skin_chest_SS2_B115065_D102107_Immune-HLADRpos_M23,16602,TSP14,skin of chest,mast cell,Mast
ts_immune_all_0738,TSP14_Skin_chest_SS2_B115065_D102107_Immune-HLADRpos_K7,16584,TSP14,skin of chest,mast cell,Mast
ts_immune_all_0738,TSP14_Skin_chest_SS2_B115065_D102107_Immune-HLADRpos_I11,16587,TSP14,skin of chest,mast cell,Mast
ts_immune_all_0738,TSP14_Skin_Chest_10X_1_1_AGCCAGCCATACCACA,284172,TSP14,skin of chest,mast cell,Mast
ts_immune_all_0738,TSP14_Skin_Chest_10X_1_1_CAGAGCCGTCTAACTG,284236,TSP14,skin of chest,mast cell,Mast
ts_immune_all_0738,TSP14_Skin_Chest_10X_1_1_CATGCGGGTCAACCAT,284253,TSP14,skin of chest,mast cell,Mast
ts_immune_all_0738,TSP14_Skin_chest_SS2_B115065_D102107_Immune-HLADRpos_L6,16581,TSP14,skin of chest,mast cell,Mast
ts_immune_all_0738,TSP14_Skin_Chest_10X_1_1_TTACGCCGTTCCTAGA,284630,TSP14,skin of chest,mast cell,Mast
ts_immune_all_0738,TSP14_Skin_chest_SS2_B115065_D102107_Immune-HLADRpos_K23,16561,TSP14,skin of chest,mast cell,Mast
ts_immune_all_0738,TSP14_Skin_Chest_10X_1_1_CTTCGGTCAAAGGAGA,284345,TSP14,skin of chest,mast cell,Mast
ts_immune_all_0738,TSP14_Skin_chest_SS2_B115065_D102107_Immune-HLADRpos_I13,16563,TSP14,skin of chest,mast cell,Mast
ts_immune_all_0738,TSP14_Skin_chest_SS2_B115065_D102107_Immune-HLADRpos_I14,16500,TSP14,skin of chest,mast cell,Mast
ts_immune_all_0738,TSP14_Skin_chest_SS2_B115065_D102107_Immune-HLADRpos_J9,16516,TSP14,skin of chest,mast cell,Mast
ts_immune_all_0738,TSP14_Skin_chest_SS2_B115065_D102107_Immune-HLADRpos_N20,16522,TSP14,skin of chest,mast cell,Mast
ts_immune_all_0738,TSP14_Skin_Chest_10X_1_1_CTCATGCGTATTGACC,284329,TSP14,skin of chest,mast cell,Mast
ts_immune_all_0738,TSP14_Skin_chest_SS2_B115065_D102107_Immune-HLADRpos_N2,16504,TSP14,skin of chest,mast cell,Mast
ts_immune_all_0738,TSP14_Skin_Chest_10X_1_1_GGGCGTTAGTATTAGG,284422,TSP14,skin of chest,mast cell,Mast
ts_immune_all_0738,TSP14_Skin_Chest_10X_1_1_GGTTAACGTTGGTGTT,284438,TSP14,skin of chest,mast cell,Mast
ts_immune_all_0738,TSP14_Skin_chest_SS2_B115065_D102107_Immune-HLADRpos_I7,16608,TSP14,skin of chest,mast cell,Mast
ts_immune_all_0738,TSP14_Skin_chest_SS2_B115065_D102107_Immune-HLADRpos_P10,16511,TSP14,skin of chest,mast cell,Mast
ts_immune_all_0738,TSP14_Skin_chest_SS2_B115065_D102107_Immune-HLADRpos_K21,16548,TSP14,skin of chest,mast cell,Mast
ts_immune_all_0738,TSP14_Skin_chest_SS2_B115065_D102107_Immune-HLADRpos_O2,16586,TSP14,skin of chest,mast cell,Mast
ts_immune_all_0738,TSP14_Skin_Chest_10X_1_1_GTGCTTCAGTGGTTCT,284477,TSP14,skin of chest,mast cell,Mast
ts_immune_all_0738,TSP14_Skin_chest_SS2_B115065_D102107_Immune-HLADRpos_M2,16578,TSP14,skin of chest,mast cell,Mast
ts_immune_all_0738,TSP14_Skin_Chest_10X_1_1_AGACTCACATCCGGCA,284164,TSP14,skin of chest,mast cell,Mast
ts_immune_all_0738,TSP14_Skin_chest_SS2_B115065_D102107_Immune-HLADRpos_N5,16598,TSP14,skin of chest,mast cell,Mast
ts_immune_all_0738,TSP14_Skin_chest_SS2_B115065_D102107_Immune-HLADRpos_L8,16498,TSP14,skin of chest,mast cell,Mast
ts_immune_all_1135,TSP21_Skin_NA_10X_1_1_TTGACCCAGGAACGTC,43652,TSP21,skin of body,"CD4-positive, alpha-beta T cell",Memory_CD4
ts_immune_all_1135,TSP21_Skin_NA_10X_1_1_GAAGAATGTGCTGTCG,42529,TSP21,skin of body,"CD4-positive, alpha-beta T cell",Memory_CD4
ts_immune_all_1135,TSP21_Skin_NA_10X_1_1_AAGTACCAGTTACGGG,41501,TSP21,skin of body,"CD4-positive, alpha-beta T cell",Memory_CD4
ts_immune_all_1135,TSP21_Skin_NA_10X_1_1_CCGTAGGGTATTGACC,42220,TSP21,skin of body,"CD4-positive, alpha-beta T cell",Memory_CD4
ts_immune_all_1135,TSP21_Skin_NA_10X_1_1_AACCTGATCATTTGGG,41460,TSP21,skin of body,"CD4-positive, alpha-beta T cell",Memory_CD4
ts_immune_all_1135,TSP21_Skin_NA_10X_1_1_ATTCCCGGTCAACCTA,41956,TSP21,skin of body,"CD4-positive, alpha-beta T cell",Memory_CD4
ts_immune_all_1135,TSP21_Skin_NA_10X_1_2_GAAGGGTGTTTACTTC,578775,TSP21,skin of body,"CD4-positive, alpha-beta T cell",Memory_CD4
ts_immune_all_1135,TSP21_Skin_NA_10X_1_1_TCCTTCTTCTCGACGG,43296,TSP21,skin of body,"CD4-positive, alpha-beta T cell",Memory_CD4
ts_immune_all_1135,TSP21_Skin_NA_10X_1_1_TTCCACGAGATCCCGC,43607,TSP21,skin of body,"CD4-positive, alpha-beta T cell",Memory_CD4
ts_immune_all_1135,TSP21_Skin_NA_10X_1_2_ATACTTCTCGCCTATC,578045,TSP21,skin of body,"CD4-positive, alpha-beta T cell",Memory_CD4
ts_immune_all_1135,TSP21_Skin_NA_10X_1_1_AGATAGACAAATAAGC,41687,TSP21,skin of body,"CD4-positive, alpha-beta T cell",Memory_CD4
ts_immune_all_1135,TSP21_Skin_NA_10X_1_1_ATCGGATGTATGGAGC,41875,TSP21,skin of body,"CD4-positive, alpha-beta T cell",Memory_CD4
ts_immune_all_1135,TSP21_Skin_NA_10X_1_1_ATCACAGCACAGGATG,41844,TSP21,skin of body,"CD4-positive, alpha-beta T cell",Memory_CD4
ts_immune_all_1135,TSP21_Skin_NA_10X_1_1_TGACTCCCAATTGCAC,43409,TSP21,skin of body,"CD4-positive, alpha-beta T cell",Memory_CD4
ts_immune_all_1135,TSP21_Skin_NA_10X_1_1_CTTAGGAGTTTCGGCG,42476,TSP21,skin of body,"CD4-positive, alpha-beta T cell",Memory_CD4
ts_immune_all_1135,TSP21_Skin_NA_10X_1_2_ATGGAGGTCAGGGATG,578123,TSP21,skin of body,"CD4-positive, alpha-beta T cell",Memory_CD4
ts_immune_all_1135,TSP21_Skin_NA_10X_1_2_GATGATCCATACTGTG,578900,TSP21,skin of body,"CD4-positive, alpha-beta T cell",Memory_CD4
ts_immune_all_1135,TSP21_Skin_NA_10X_1_1_CGATGCGAGGGCAGAG,42277,TSP21,skin of body,"CD4-positive, alpha-beta T cell",Memory_CD4
ts_immune_all_1135,TSP21_Skin_NA_10X_1_1_TTGGGCGCACTCGATA,43671,TSP21,skin of body,"CD4-positive, alpha-beta T cell",Memory_CD4
ts_immune_all_1135,TSP21_Skin_NA_10X_1_1_AACAACCCAGTTGGTT,41442,TSP21,skin of body,"CD4-positive, alpha-beta T cell",Memory_CD4
ts_immune_all_1135,TSP21_Skin_NA_10X_1_2_TTTGGTTAGACGGATC,579995,TSP21,skin of body,"CD4-positive, alpha-beta T cell",Memory_CD4
ts_immune_all_1135,TSP21_Skin_NA_10X_1_1_GATCACACACCCTCTA,42630,TSP21,skin of body,"CD4-positive, alpha-beta T cell",Memory_CD4
ts_immune_all_1135,TSP21_Skin_NA_10X_1_1_ACAACCATCGTAACCA,41532,TSP21,skin of body,"CD4-positive, alpha-beta T cell",Memory_CD4
ts_immune_all_1135,TSP21_Skin_NA_10X_1_1_GTTAGACTCGGAAACG,43004,TSP21,skin of body,"CD4-positive, alpha-beta T cell",Memory_CD4
ts_immune_all_1135,TSP21_Skin_NA_10X_1_1_TTACTGTTCAGCGGAA,43584,TSP21,skin of body,"CD4-positive, alpha-beta T cell",Memory_CD4
ts_immune_all_1135,TSP21_Skin_NA_10X_1_2_CATCAAGCAACTGAAA,578313,TSP21,skin of body,"CD4-positive, alpha-beta T cell",Memory_CD4
ts_immune_all_1135,TSP21_Skin_NA_10X_1_2_ATTATCCGTCACTCTC,578152,TSP21,skin of body,"CD4-positive, alpha-beta T cell",Memory_CD4
ts_immune_all_1135,TSP21_Skin_NA_10X_1_1_TTTCCTCAGCCTGCCA,43713,TSP21,skin of body,"CD4-positive, alpha-beta T cell",Memory_CD4
ts_immune_all_1135,TSP21_Skin_NA_10X_1_2_CATTCATAGAGGGTAA,578351,TSP21,skin of body,"CD4-positive, alpha-beta T cell",Memory_CD4
ts_immune_all_1135,TSP21_Skin_NA_10X_1_1_AGACACTGTGTTCGAT,41662,TSP21,skin of body,"CD4-positive, alpha-beta T cell",Memory_CD4
ts_immune_all_1135,TSP21_Skin_NA_10X_1_2_ATCACGAGTACAGTCT,578051,TSP21,skin of body,"CD4-positive, alpha-beta T cell",Memory_CD4
ts_immune_all_1135,TSP21_Skin_NA_10X_1_1_TATTTCGAGATGCTGG,43167,TSP21,skin of body,"CD4-positive, alpha-beta T cell",Memory_CD4
ts_immune_all_1135,TSP21_Skin_NA_10X_1_1_GTAGATCGTGCACATT,42899,TSP21,skin of body,"CD4-positive, alpha-beta T cell",Memory_CD4
ts_immune_all_1135,TSP21_Skin_NA_10X_1_2_GATGATCTCCGCAGTG,578901,TSP21,skin of body,"CD4-positive, alpha-beta T cell",Memory_CD4
ts_immune_all_1135,TSP21_Skin_NA_10X_1_2_ATTGGGTGTTATCTTC,578180,TSP21,skin of body,"CD4-positive, alpha-beta T cell",Memory_CD4
ts_immune_all_1135,TSP21_Skin_NA_10X_1_2_GGTCTGGCATCCTAAG,579093,TSP21,skin of body,"CD4-positive, alpha-beta T cell",Memory_CD4
ts_immune_all_1135,TSP21_Skin_NA_10X_1_1_TGGAACTCAAATGGCG,43487,TSP21,skin of body,"CD4-positive, alpha-beta T cell",Memory_CD4
ts_immune_all_1135,TSP21_Skin_NA_10X_1_1_AGTGACTAGAATACAC,41812,TSP21,skin of body,"CD4-positive, alpha-beta T cell",Memory_CD4
ts_immune_all_1135,TSP21_Skin_NA_10X_1_1_AATAGAGAGGCCCGTT,41510,TSP21,skin of body,"CD4-positive, alpha-beta T cell",Memory_CD4
ts_immune_all_1135,TSP21_Skin_NA_10X_1_1_GACATCATCCAATCTT,42555,TSP21,skin of body,"CD4-positive, alpha-beta T cell",Memory_CD4
ts_immune_all_1135,TSP21_Skin_NA_10X_1_2_TCTCAGCAGGACAACC,579618,TSP21,skin of body,"CD4-positive, alpha-beta T cell",Memory_CD4
ts_immune_all_1135,TSP21_Skin_NA_10X_1_1_CAGCAGCTCCCGAGAC,42068,TSP21,skin of body,"CD4-positive, alpha-beta T cell",Memory_CD4
ts_immune_all_1135,TSP21_Skin_NA_10X_1_2_CATGCGGGTCCTGTCT,578338,TSP21,skin of body,"CD4-positive, alpha-beta T cell",Memory_CD4
ts_immune_all_1135,TSP21_Skin_NA_10X_1_1_TATCCTAGTAGGAGTC,43145,TSP21,skin of body,"CD4-positive, alpha-beta T cell",Memory_CD4
ts_immune_all_1135,TSP21_Skin_NA_10X_1_1_TGACTCCTCGTCGCTT,43410,TSP21,skin of body,"CD4-positive, alpha-beta T cell",Memory_CD4
ts_immune_all_1135,TSP21_Skin_NA_10X_1_2_TCTGCCATCGCAGTGC,579626,TSP21,skin of body,"CD4-positive, alpha-beta T cell",Memory_CD4
ts_immune_all_1135,TSP21_Skin_NA_10X_1_1_ACTGTCCGTCCGCAGT,41623,TSP21,skin of body,"CD4-positive, alpha-beta T cell",Memory_CD4
ts_immune_all_1135,TSP21_Skin_NA_10X_1_1_GGTTGTAGTCCCGTGA,42880,TSP21,skin of body,"CD4-positive, alpha-beta T cell",Memory_CD4
ts_immune_all_1135,TSP21_Skin_NA_10X_1_1_ATGAGTCAGTGCGCTC,41893,TSP21,skin of body,"CD4-positive, alpha-beta T cell",Memory_CD4
ts_immune_all_1135,TSP21_Skin_NA_10X_1_1_GATGTTGAGCAGGTCA,42653,TSP21,skin of body,"CD4-positive, alpha-beta T cell",Memory_CD4
ts_immune_all_0763,TSP14_Vasculature_AortaVeneCava_10X_1_1_GGTGAAGCACTGTCCT,412960,TSP14,vasculature,"CD4-positive, alpha-beta T cell",Memory_CD4
ts_immune_all_0763,TSP14_Vasculature_NA_SS2_B133792_B002629_Immune_A9,1344,TSP14,vasculature,"CD4-positive, alpha-beta T cell",Memory_CD4
ts_immune_all_0763,TSP14_Vasculature_AortaVeneCava_10X_1_1_CATTTCATCTCTGCTG,412723,TSP14,vasculature,"CD4-positive, alpha-beta T cell",Memory_CD4
ts_immune_all_0763,TSP14_Vasculature_AortaVeneCava_10X_1_1_CCTTTGGGTGGCCCAT,412762,TSP14,vasculature,"CD4-positive, alpha-beta T cell",Memory_CD4
ts_immune_all_0763,TSP14_Vasculature_NA_SS2_B133792_B002629_Immune_B10,1336,TSP14,vasculature,"CD4-positive, alpha-beta T cell",Memory_CD4
ts_immune_all_0763,TSP14_Vasculature_AortaVeneCava_10X_1_1_TGTGATGCAACTGAAA,413182,TSP14,vasculature,"CD4-positive, alpha-beta T cell",Memory_CD4
ts_immune_all_0763,TSP14_Vasculature_AortaVeneCava_10X_1_1_CCCAACTTCTGCACCT,412735,TSP14,vasculature,"CD4-positive, alpha-beta T cell",Memory_CD4
ts_immune_all_0763,TSP14_Vasculature_AortaVeneCava_10X_1_1_CATGCAACAGAGACTG,412716,TSP14,vasculature,"CD4-positive, alpha-beta T cell",Memory_CD4
ts_immune_all_0763,TSP14_Vasculature_NA_SS2_B133792_B002629_Immune_M9,1365,TSP14,vasculature,"CD4-positive, alpha-beta T cell",Memory_CD4
ts_immune_all_0763,TSP14_Vasculature_AortaVeneCava_10X_1_1_CGGGTCAAGCGAGAAA,412787,TSP14,vasculature,"CD4-positive, alpha-beta T cell",Memory_CD4
ts_immune_all_0763,TSP14_Vasculature_AortaVeneCava_10X_1_1_GGTGTTACACGTCATA,412965,TSP14,vasculature,"CD4-positive, alpha-beta T cell",Memory_CD4
ts_immune_all_0763,TSP14_Vasculature_AortaVeneCava_10X_1_1_CCACACTAGCCAGTAG,412728,TSP14,vasculature,"CD4-positive, alpha-beta T cell",Memory_CD4
ts_immune_all_0763,TSP14_Vasculature_AortaVeneCava_10X_1_1_TGATGCATCACCTGGG,413148,TSP14,vasculature,"CD4-positive, alpha-beta T cell",Memory_CD4
ts_immune_all_0763,TSP14_Vasculature_AortaVeneCava_10X_1_1_ACAAAGATCAGCACCG,412533,TSP14,vasculature,"CD4-positive, alpha-beta T cell",Memory_CD4
ts_immune_all_0763,TSP14_Vasculature_NA_SS2_B133792_B002629_Immune_L9,1388,TSP14,vasculature,"CD4-positive, alpha-beta T cell",Memory_CD4
ts_immune_all_0763,TSP14_Vasculature_AortaVeneCava_10X_1_1_CCGCAAGCATCCTATT,412744,TSP14,vasculature,"CD4-positive, alpha-beta T cell",Memory_CD4
ts_immune_all_0763,TSP14_Vasculature_AortaVeneCava_10X_1_1_AGAGAATCACCTCTAC,412583,TSP14,vasculature,"CD4-positive, alpha-beta T cell",Memory_CD4
ts_immune_all_0763,TSP14_Vasculature_NA_SS2_B133792_B002629_Immune_O9,1357,TSP14,vasculature,"CD4-positive, alpha-beta T cell",Memory_CD4
ts_immune_all_0763,TSP14_Vasculature_AortaVeneCava_10X_1_1_CTGCATCCAGAGGCAT,412832,TSP14,vasculature,"CD4-positive, alpha-beta T cell",Memory_CD4
ts_immune_all_0763,TSP14_Vasculature_AortaVeneCava_10X_1_1_TTCATTGTCATTGTGG,413201,TSP14,vasculature,"CD4-positive, alpha-beta T cell",Memory_CD4
ts_immune_all_0763,TSP14_Vasculature_AortaVeneCava_10X_1_1_CCAATGATCTACACAG,412724,TSP14,vasculature,"CD4-positive, alpha-beta T cell",Memory_CD4
ts_immune_all_0763,TSP14_Vasculature_AortaVeneCava_10X_1_1_TGTACAGCATCGAGCC,413175,TSP14,vasculature,"CD4-positive, alpha-beta T cell",Memory_CD4
ts_immune_all_0763,TSP14_Vasculature_AortaVeneCava_10X_1_1_TGCTTCGGTTGATCGT,413157,TSP14,vasculature,"CD4-positive, alpha-beta T cell",Memory_CD4
ts_immune_all_0763,TSP14_Vasculature_AortaVeneCava_10X_1_1_GACAGCCAGGTACAGC,412864,TSP14,vasculature,"CD4-positive, alpha-beta T cell",Memory_CD4
ts_immune_all_0763,TSP14_Vasculature_AortaVeneCava_10X_1_1_ACTATTCCAGACTCTA,412567,TSP14,vasculature,"CD4-positive, alpha-beta T cell",Memory_CD4
ts_immune_all_0763,TSP14_Vasculature_NA_SS2_B133792_B002629_Immune_A11,1329,TSP14,vasculature,"CD4-positive, alpha-beta T cell",Memory_CD4
ts_immune_all_0763,TSP14_Vasculature_AortaVeneCava_10X_1_1_TCTCTGGAGATTGATG,413124,TSP14,vasculature,"CD4-positive, alpha-beta T cell",Memory_CD4
ts_immune_all_0763,TSP14_Vasculature_AortaVeneCava_10X_1_1_CATCAAGGTTGGGCCT,412708,TSP14,vasculature,"CD4-positive, alpha-beta T cell",Memory_CD4
ts_immune_all_0763,TSP14_Vasculature_AortaVeneCava_10X_1_1_ATTTCACGTGAGTCAG,412672,TSP14,vasculature,"CD4-positive, alpha-beta T cell",Memory_CD4
ts_immune_all_0763,TSP14_Vasculature_AortaVeneCava_10X_1_1_GAGACCCGTCAGCTTA,412877,TSP14,vasculature,"CD4-positive, alpha-beta T cell",Memory_CD4
ts_immune_all_0763,TSP14_Vasculature_AortaVeneCava_10X_1_1_TCATGGAAGGCCTAGA,413093,TSP14,vasculature,"CD4-positive, alpha-beta T cell",Memory_CD4
ts_immune_all_0763,TSP14_Vasculature_NA_SS2_B133792_B002629_Immune_L12,1362,TSP14,vasculature,"CD4-positive, alpha-beta T cell",Memory_CD4
ts_immune_all_0763,TSP14_Vasculature_AortaVeneCava_10X_1_1_CCGGTGACATATGAAG,412745,TSP14,vasculature,"CD4-positive, alpha-beta T cell",Memory_CD4
ts_immune_all_0763,TSP14_Vasculature_AortaVeneCava_10X_1_1_TTCTTGAAGAGATGCC,413216,TSP14,vasculature,"CD4-positive, alpha-beta T cell",Memory_CD4
ts_immune_all_0763,TSP14_Vasculature_AortaVeneCava_10X_1_1_GTTGTAGCAGGGACTA,413024,TSP14,vasculature,"CD4-positive, alpha-beta T cell",Memory_CD4
ts_immune_all_0763,TSP14_Vasculature_AortaVeneCava_10X_1_1_GAAGTAAGTAACTGCT,412860,TSP14,vasculature,"CD4-positive, alpha-beta T cell",Memory_CD4
ts_immune_all_0763,TSP14_Vasculature_NA_SS2_B133792_B002629_Immune_D10,1334,TSP14,vasculature,"CD4-positive, alpha-beta T cell",Memory_CD4
ts_immune_all_0763,TSP14_Vasculature_AortaVeneCava_10X_1_1_GCGGAAACAAGTGGAC,412922,TSP14,vasculature,"CD4-positive, alpha-beta T cell",Memory_CD4
ts_immune_all_0763,TSP14_Vasculature_AortaVeneCava_10X_1_1_ACTATCTTCGTCCTTG,412565,TSP14,vasculature,"CD4-positive, alpha-beta T cell",Memory_CD4
ts_immune_all_0763,TSP14_Vasculature_AortaVeneCava_10X_1_1_CTCATCGTCTGGACCG,412815,TSP14,vasculature,"CD4-positive, alpha-beta T cell",Memory_CD4
ts_immune_all_0763,TSP14_Vasculature_NA_SS2_B133792_B002629_Immune_O13,1340,TSP14,vasculature,"CD4-positive, alpha-beta T cell",Memory_CD4
ts_immune_all_0763,TSP14_Vasculature_NA_SS2_B133792_B002629_Immune_I5,1353,TSP14,vasculature,"CD4-positive, alpha-beta T cell",Memory_CD4
ts_immune_all_0763,TSP14_Vasculature_NA_SS2_B133792_B002629_Immune_O11,1343,TSP14,vasculature,"CD4-positive, alpha-beta T cell",Memory_CD4
ts_immune_all_0763,TSP14_Vasculature_AortaVeneCava_10X_1_1_AAGCGTTCAATCCAGT,412513,TSP14,vasculature,"CD4-positive, alpha-beta T cell",Memory_CD4
ts_immune_all_0763,TSP14_Vasculature_AortaVeneCava_10X_1_1_CTCAAGACAGGCTCTG,412809,TSP14,vasculature,"CD4-positive, alpha-beta T cell",Memory_CD4
ts_immune_all_0763,TSP14_Vasculature_AortaVeneCava_10X_1_1_ATAGGCTCACCAGTAT,412636,TSP14,vasculature,"CD4-positive, alpha-beta T cell",Memory_CD4
ts_immune_all_0763,TSP14_Vasculature_AortaVeneCava_10X_1_1_GATCAGTCATGAAGCG,412895,TSP14,vasculature,"CD4-positive, alpha-beta T cell",Memory_CD4
ts_immune_all_0763,TSP14_Vasculature_NA_SS2_B133792_B002629_Immune_L6,1387,TSP14,vasculature,"CD4-positive, alpha-beta T cell",Memory_CD4
ts_immune_all_0763,TSP14_Vasculature_AortaVeneCava_10X_1_1_AATGAAGTCGTTGTTT,412524,TSP14,vasculature,"CD4-positive, alpha-beta T cell",Memory_CD4
ts_immune_all_0763,TSP14_Vasculature_AortaVeneCava_10X_1_1_AGATGAATCAGCTAGT,412588,TSP14,vasculature,"CD4-positive, alpha-beta T cell",Memory_CD4
ts_immune_all_1320,TSP25_Vasculature_AortaThoracic_10X_2_1_TCGTGGGCAATGCAAA,455282,TSP25,thoracic aorta,"CD4-positive, alpha-beta T cell",Memory_CD4
ts_immune_all_1320,TSP25_Vasculature_AortaThoracic_10X_2_1_GACTTCCGTAGGCAAC,454728,TSP25,thoracic aorta,"CD4-positive, alpha-beta T cell",Memory_CD4
ts_immune_all_1320,TSP25_Vasculature_AortaThoracic_10X_2_1_ATCCATTTCGATTTCT,454244,TSP25,thoracic aorta,"CD4-positive, alpha-beta T cell",Memory_CD4
ts_immune_all_1320,TSP25_Vasculature_AortaThoracic_10X_2_1_AAGTACCGTTCAAGGG,453971,TSP25,thoracic aorta,"CD4-positive, alpha-beta T cell",Memory_CD4
ts_immune_all_1320,TSP25_Vasculature_AortaThoracic_10X_2_1_AGACAGGGTCTTCTAT,454113,TSP25,thoracic aorta,"CD4-positive, alpha-beta T cell",Memory_CD4
ts_immune_all_1320,TSP25_Vasculature_AortaThoracic_10X_2_1_TGGTTAGGTGTAAATG,455381,TSP25,thoracic aorta,"CD4-positive, alpha-beta T cell",Memory_CD4
ts_immune_all_1320,TSP25_Vasculature_AortaThoracic_10X_2_1_GTGTCCTCAGTATGAA,455060,TSP25,thoracic aorta,"CD4-positive, alpha-beta T cell",Memory_CD4
ts_immune_all_1320,TSP25_Vasculature_AortaThoracic_10X_2_1_TGATCAGTCATGCCGG,455337,TSP25,thoracic aorta,"CD4-positive, alpha-beta T cell",Memory_CD4
ts_immune_all_1320,TSP25_Vasculature_AortaThoracic_10X_2_1_ACTACGACACCTATCC,454063,TSP25,thoracic aorta,"CD4-positive, alpha-beta T cell",Memory_CD4
ts_immune_all_1320,TSP25_Vasculature_AortaThoracic_10X_2_1_AGGCTGCTCATACGGT,454176,TSP25,thoracic aorta,"CD4-positive, alpha-beta T cell",Memory_CD4
ts_immune_all_1320,TSP25_Vasculature_AortaThoracic_10X_2_1_TTGAGTGGTTTCGATG,455467,TSP25,thoracic aorta,"CD4-positive, alpha-beta T cell",Memory_CD4
ts_immune_all_1320,TSP25_Vasculature_AortaThoracic_10X_2_1_CAACGATAGCCTCACG,454319,TSP25,thoracic aorta,"CD4-positive, alpha-beta T cell",Memory_CD4
ts_immune_all_1320,TSP25_Vasculature_AortaThoracic_10X_2_1_GCGTGCAAGCTACGTT,454829,TSP25,thoracic aorta,"CD4-positive, alpha-beta T cell",Memory_CD4
ts_immune_all_1320,TSP25_Vasculature_AortaThoracic_10X_2_1_GAACTGTTCGCGCCAA,454678,TSP25,thoracic aorta,"CD4-positive, alpha-beta T cell",Memory_CD4
ts_immune_all_1320,TSP25_Vasculature_AortaThoracic_10X_2_1_AGAACAACACTTGTGA,454097,TSP25,thoracic aorta,"CD4-positive, alpha-beta T cell",Memory_CD4
ts_immune_all_1320,TSP25_Vasculature_AortaThoracic_10X_2_1_GGGACCTTCAAGCCGC,454894,TSP25,thoracic aorta,"CD4-positive, alpha-beta T cell",Memory_CD4
ts_immune_all_1320,TSP25_Vasculature_AortaThoracic_10X_2_1_GTATTGGGTTTACACG,454982,TSP25,thoracic aorta,"CD4-positive, alpha-beta T cell",Memory_CD4
ts_immune_all_1320,TSP25_Vasculature_AortaThoracic_10X_2_1_GCAACATAGAAGAGCA,454784,TSP25,thoracic aorta,"CD4-positive, alpha-beta T cell",Memory_CD4
ts_immune_all_1320,TSP25_Vasculature_AortaThoracic_10X_2_1_CAGAGCCCAAGCAGGT,454353,TSP25,thoracic aorta,"CD4-positive, alpha-beta T cell",Memory_CD4
ts_immune_all_1320,TSP25_Vasculature_AortaThoracic_10X_2_1_ACGATCAGTCCGATCG,454043,TSP25,thoracic aorta,"CD4-positive, alpha-beta T cell",Memory_CD4
ts_immune_all_1320,TSP25_Vasculature_AortaThoracic_10X_2_1_ATCGGCGTCGCGCTGA,454259,TSP25,thoracic aorta,"CD4-positive, alpha-beta T cell",Memory_CD4
ts_immune_all_1320,TSP25_Vasculature_AortaThoracic_10X_2_1_CCATAAGAGTAAATGC,454448,TSP25,thoracic aorta,"CD4-positive, alpha-beta T cell",Memory_CD4
ts_immune_all_1320,TSP25_Vasculature_AortaThoracic_10X_2_1_TTGTTCAAGCACTCGC,455483,TSP25,thoracic aorta,"CD4-positive, alpha-beta T cell",Memory_CD4
ts_immune_all_1320,TSP25_Vasculature_AortaThoracic_10X_2_1_AATAGAGCAACTGATC,453976,TSP25,thoracic aorta,"CD4-positive, alpha-beta T cell",Memory_CD4
ts_immune_all_1320,TSP25_Vasculature_AortaThoracic_10X_2_1_TCCGTGTCAATAACCC,455240,TSP25,thoracic aorta,"CD4-positive, alpha-beta T cell",Memory_CD4
ts_immune_all_1320,TSP25_Vasculature_AortaThoracic_10X_2_1_ACAAGCTAGCATTGAA,453994,TSP25,thoracic aorta,"CD4-positive, alpha-beta T cell",Memory_CD4
ts_immune_all_1320,TSP25_Vasculature_AortaThoracic_10X_2_1_CTATCTAGTAACTTCG,454588,TSP25,thoracic aorta,"CD4-positive, alpha-beta T cell",Memory_CD4
ts_immune_all_1320,TSP25_Vasculature_AortaThoracic_10X_2_1_GTGTTAGGTTGTCATG,455064,TSP25,thoracic aorta,"CD4-positive, alpha-beta T cell",Memory_CD4
ts_immune_all_1320,TSP25_Vasculature_AortaThoracic_10X_2_1_GCAGGCTAGTCACAGG,454791,TSP25,thoracic aorta,"CD4-positive, alpha-beta T cell",Memory_CD4
ts_immune_all_1320,TSP25_Vasculature_AortaThoracic_10X_2_1_GAATCACGTATCCCAA,454695,TSP25,thoracic aorta,"CD4-positive, alpha-beta T cell",Memory_CD4
ts_immune_all_1320,TSP25_Vasculature_AortaThoracic_10X_2_1_GCTTTCGGTCCAACGC,454855,TSP25,thoracic aorta,"CD4-positive, alpha-beta T cell",Memory_CD4
ts_immune_all_1320,TSP25_Vasculature_AortaThoracic_10X_2_1_CGATGGCGTATGGTAA,454518,TSP25,thoracic aorta,"CD4-positive, alpha-beta T cell",Memory_CD4
ts_immune_all_1320,TSP25_Vasculature_AortaThoracic_10X_2_1_ACGTCCTCAACTGCCG,454059,TSP25,thoracic aorta,"CD4-positive, alpha-beta T cell",Memory_CD4
ts_immune_all_1320,TSP25_Vasculature_AortaThoracic_10X_2_1_GAGCTGCTCTTCCACG,454743,TSP25,thoracic aorta,"CD4-positive, alpha-beta T cell",Memory_CD4
ts_immune_all_1320,TSP25_Vasculature_AortaThoracic_10X_2_1_TTGACCCGTCAAGCGA,455464,TSP25,thoracic aorta,"CD4-positive, alpha-beta T cell",Memory_CD4
ts_immune_all_1320,TSP25_Vasculature_AortaThoracic_10X_2_1_CTGCATCCAGTCGCTG,454629,TSP25,thoracic aorta,"CD4-positive, alpha-beta T cell",Memory_CD4
ts_immune_all_1320,TSP25_Vasculature_AortaThoracic_10X_2_1_CCTCCAATCCGAGGCT,454493,TSP25,thoracic aorta,"CD4-positive, alpha-beta T cell",Memory_CD4
ts_immune_all_1320,TSP25_Vasculature_AortaThoracic_10X_2_1_CCTCATGGTAGGTCAG,454492,TSP25,thoracic aorta,"CD4-positive, alpha-beta T cell",Memory_CD4
ts_immune_all_1320,TSP25_Vasculature_AortaThoracic_10X_2_1_GGAATGGTCCTGCTAC,454866,TSP25,thoracic aorta,"CD4-positive, alpha-beta T cell",Memory_CD4
ts_immune_all_1320,TSP25_Vasculature_AortaThoracic_10X_2_1_AACCTTTTCCGCAAAT,453947,TSP25,thoracic aorta,"CD4-positive, alpha-beta T cell",Memory_CD4
ts_immune_all_1320,TSP25_Vasculature_AortaThoracic_10X_2_1_CTCATGCGTATTTCCT,454602,TSP25,thoracic aorta,"CD4-positive, alpha-beta T cell",Memory_CD4
ts_immune_all_1320,TSP25_Vasculature_AortaThoracic_10X_2_1_CTCAGAAAGGAAGTGA,454594,TSP25,thoracic aorta,"CD4-positive, alpha-beta T cell",Memory_CD4
ts_immune_all_1320,TSP25_Vasculature_AortaThoracic_10X_2_1_AAACGCTAGGGAGTTC,453917,TSP25,thoracic aorta,"CD4-positive, alpha-beta T cell",Memory_CD4
ts_immune_all_1320,TSP25_Vasculature_AortaThoracic_10X_2_1_AGTCATGCAATGCAAA,454199,TSP25,thoracic aorta,"CD4-positive, alpha-beta T cell",Memory_CD4
ts_immune_all_1320,TSP25_Vasculature_AortaThoracic_10X_2_1_TGTTGAGGTGAGGAAA,455411,TSP25,thoracic aorta,"CD4-positive, alpha-beta T cell",Memory_CD4
ts_immune_all_1320,TSP25_Vasculature_AortaThoracic_10X_2_1_ATCTTCATCTTCCCGA,454266,TSP25,thoracic aorta,"CD4-positive, alpha-beta T cell",Memory_CD4
ts_immune_all_1320,TSP25_Vasculature_AortaThoracic_10X_2_1_AATGCCACATCACGGC,453983,TSP25,thoracic aorta,"CD4-positive, alpha-beta T cell",Memory_CD4
ts_immune_all_1320,TSP25_Vasculature_AortaThoracic_10X_2_1_CCACGAGAGAAATTCG,454440,TSP25,thoracic aorta,"CD4-positive, alpha-beta T cell",Memory_CD4
ts_immune_all_1320,TSP25_Vasculature_AortaThoracic_10X_2_1_CGGAATTCAGAGGCTA,454534,TSP25,thoracic aorta,"CD4-positive, alpha-beta T cell",Memory_CD4
ts_immune_all_1320,TSP25_Vasculature_AortaThoracic_10X_2_1_CCGTTCAGTTCCGCTT,454477,TSP25,thoracic aorta,"CD4-positive, alpha-beta T cell",Memory_CD4
ts_immune_all_0654,TSP14_Blood_NA_10X_2_1_GATCGTAAGTAATACG,331029,TSP14,blood,macrophage,Macrophage
ts_immune_all_0654,TSP14_Blood_NA_10X_3_1_GAACTGTAGTTACTCG,462532,TSP14,blood,macrophage,Macrophage
ts_immune_all_0654,TSP14_Blood_NA_10X_3_1_CCACGAGCATACTGAC,462046,TSP14,blood,macrophage,Macrophage
ts_immune_all_0654,TSP14_Blood_NA_10X_3_1_ACTGATGCATAATCCG,461343,TSP14,blood,macrophage,Macrophage
ts_immune_all_0654,TSP14_Blood_NA_10X_3_1_CTCTCGAAGAGAGCCT,462405,TSP14,blood,macrophage,Macrophage
ts_immune_all_0654,TSP14_Blood_NA_10X_3_1_GTGCACGGTAGCACAG,463167,TSP14,blood,macrophage,Macrophage
ts_immune_all_0654,TSP14_Blood_NA_10X_2_1_GTCTACCCATACACCA,332709,TSP14,blood,macrophage,Macrophage
ts_immune_all_0654,TSP14_Blood_NA_10X_3_1_GTTTACTCATGACTTG,463275,TSP14,blood,macrophage,Macrophage
ts_immune_all_0654,TSP14_Blood_NA_10X_2_1_TGTTGAGAGGTAGCAC,335645,TSP14,blood,macrophage,Macrophage
ts_immune_all_0654,TSP14_Blood_NA_10X_2_1_CTATCCGAGGTAATCA,329638,TSP14,blood,macrophage,Macrophage
ts_immune_all_0654,TSP14_Blood_NA_10X_3_1_TTGTTTGCATGAAGCG,464100,TSP14,blood,macrophage,Macrophage
ts_immune_all_0654,TSP14_Blood_NA_10X_3_1_TCATTTGCAGAGTAAT,463569,TSP14,blood,macrophage,Macrophage
ts_immune_all_0654,TSP14_Blood_NA_10X_3_1_CTAACCCAGTAGCCAG,462301,TSP14,blood,macrophage,Macrophage
ts_immune_all_0654,TSP14_Blood_NA_10X_2_1_GAGGGATCACTACCGG,330847,TSP14,blood,macrophage,Macrophage
ts_immune_all_0654,TSP14_Blood_NA_10X_1_1_5Prime_CAGATCAAGTGGTAAT,52651,TSP14,blood,macrophage,Macrophage
ts_immune_all_0654,TSP14_Blood_NA_10X_2_1_GGAGAACCAAGTTTGC,331726,TSP14,blood,macrophage,Macrophage
ts_immune_all_0654,TSP14_Blood_NA_10X_3_1_GTTATGGCAAGCCCAC,463244,TSP14,blood,macrophage,Macrophage
ts_immune_all_0654,TSP14_Blood_NA_10X_3_1_TACATTCTCAGCTTCC,463335,TSP14,blood,macrophage,Macrophage
ts_immune_all_0654,TSP14_Blood_NA_10X_2_1_CACCAAAGTGACGCCT,327750,TSP14,blood,macrophage,Macrophage
ts_immune_all_0654,TSP14_Blood_NA_10X_2_1_CTTAGGAAGTCTTCGA,330223,TSP14,blood,macrophage,Macrophage
ts_immune_all_0654,TSP14_Blood_NA_10X_3_1_CGAAGTTCAGAGGCAT,462183,TSP14,blood,macrophage,Macrophage
ts_immune_all_0654,TSP14_Blood_NA_10X_3_1_AGGTTGTGTTCGATTG,461538,TSP14,blood,macrophage,Macrophage
ts_immune_all_0654,TSP14_Blood_NA_10X_2_1_ACCCTCAGTTAACCTG,325453,TSP14,blood,macrophage,Macrophage
ts_immune_all_0654,TSP14_Blood_NA_10X_3_1_AATCGTGTCCGTGTGG,461184,TSP14,blood,macrophage,Macrophage
ts_immune_all_0654,TSP14_Blood_NA_10X_2_1_CCCTCAAAGTACCATC,328607,TSP14,blood,macrophage,Macrophage
ts_immune_all_0654,TSP14_Blood_NA_10X_2_1_GACCGTGAGCAGCGAT,330620,TSP14,blood,macrophage,Macrophage
ts_immune_all_0654,TSP14_Blood_NA_10X_3_1_AATCGTGTCTGGTCAA,461186,TSP14,blood,macrophage,Macrophage
ts_immune_all_0654,TSP14_Blood_NA_10X_3_1_ATGGTTGGTATGTCTG,461737,TSP14,blood,macrophage,Macrophage
ts_immune_all_0654,TSP14_Blood_NA_10X_2_1_TCGAAGTGTGAGGATC,334431,TSP14,blood,macrophage,Macrophage
ts_immune_all_0654,TSP14_Blood_NA_10X_3_1_GTGGAGACACTACAGT,463190,TSP14,blood,macrophage,Macrophage
ts_immune_all_0654,TSP14_Blood_NA_10X_2_1_TCATGAGAGAACTTCC,334060,TSP14,blood,macrophage,Macrophage
ts_immune_all_0654,TSP14_Blood_NA_10X_2_1_TGACCCTCAACTCGAT,334869,TSP14,blood,macrophage,Macrophage
ts_immune_all_0654,TSP14_Blood_NA_10X_3_1_CCGTAGGCAGTCAGCC,462113,TSP14,blood,macrophage,Macrophage
ts_immune_all_0654,TSP14_Blood_NA_10X_1_1_5Prime_GACGTTACAATGCCAT,53512,TSP14,blood,macrophage,Macrophage
ts_immune_all_0654,TSP14_Blood_NA_10X_2_1_ACAGCCGGTCCATACA,325299,TSP14,blood,macrophage,Macrophage
ts_immune_all_0654,TSP14_Blood_NA_10X_3_1_TCGTCCATCGACATAC,463690,TSP14,blood,macrophage,Macrophage
ts_immune_all_0654,TSP14_Blood_NA_10X_3_1_GATAGCTGTTCTCAGA,462685,TSP14,blood,macrophage,Macrophage
ts_immune_all_0654,TSP14_Blood_NA_10X_2_1_AGAGAATCAGAATGTA,326044,TSP14,blood,macrophage,Macrophage
ts_immune_all_0654,TSP14_Blood_NA_10X_3_1_TACAGGTAGCTTCGTA,463330,TSP14,blood,macrophage,Macrophage
ts_immune_all_0654,TSP14_Blood_NA_10X_2_1_TTCACCGGTAGCGTAG,335835,TSP14,blood,macrophage,Macrophage
ts_immune_all_0654,TSP14_Blood_NA_10X_3_1_ACTTATCCATCGCTGG,461362,TSP14,blood,macrophage,Macrophage
ts_immune_all_0654,TSP14_Blood_NA_10X_2_1_ACTTTCACAAGGAGTC,325870,TSP14,blood,macrophage,Macrophage
ts_immune_all_0654,TSP14_Blood_NA_10X_2_1_GCCGATGCATGGGCAA,331445,TSP14,blood,macrophage,Macrophage
ts_immune_all_0654,TSP14_Blood_NA_10X_3_1_GAGAAATTCCAACCAA,462612,TSP14,blood,macrophage,Macrophage
ts_immune_all_0654,TSP14_Blood_NA_10X_3_1_GAAGTAAGTTGATGTC,462560,TSP14,blood,macrophage,Macrophage
ts_immune_all_0654,TSP14_Blood_NA_10X_3_1_GATCAGTAGACCCGCT,462690,TSP14,blood,macrophage,Macrophage
ts_immune_all_0654,TSP14_Blood_NA_10X_3_1_AATCGACTCACTGTCC,461182,TSP14,blood,macrophage,Macrophage
ts_immune_all_0654,TSP14_Blood_NA_10X_2_1_5Prime_CTCAGAAGTTGTGGCC,449005,TSP14,blood,macrophage,Macrophage
ts_immune_all_0654,TSP14_Blood_NA_10X_1_1_5Prime_GTATTCTTCAGCTGGC,53981,TSP14,blood,macrophage,Macrophage
ts_immune_all_0654,TSP14_Blood_NA_10X_2_1_CCTTTGGTCGTGGCTG,329008,TSP14,blood,macrophage,Macrophage
ts_immune_all_0902,TSP14_Tongue_Posterior_10X_1_1_ACTACGAAGTCCGTCG,373359,TSP14,posterior part of tongue,"CD8-positive, alpha-beta T cell",Memory_CD8
ts_immune_all_0902,TSP14_Tongue_Posterior_10X_1_1_GCGGATCCATGAGGGT,373508,TSP14,posterior part of tongue,"CD8-positive, alpha-beta T cell",Memory_CD8
ts_immune_all_0902,TSP14_Tongue_Posterior_10X_1_1_GCAGCTGAGGTGCATG,373498,TSP14,posterior part of tongue,"CD8-positive, alpha-beta T cell",Memory_CD8
ts_immune_all_0902,TSP14_Tongue_Posterior_10X_1_1_CAACGATGTAGGTTTC,373414,TSP14,posterior part of tongue,"CD8-positive, alpha-beta T cell",Memory_CD8
ts_immune_all_0902,TSP14_Tongue_Posterior_10X_1_1_GTGACGCAGGTCATAA,373531,TSP14,posterior part of tongue,"CD8-positive, alpha-beta T cell",Memory_CD8
ts_immune_all_0902,TSP14_Tongue_Posterior_10X_1_1_TTCTCTCTCGCCACTT,373599,TSP14,posterior part of tongue,"CD8-positive, alpha-beta T cell",Memory_CD8
ts_immune_all_0902,TSP14_Tongue_Posterior_10X_1_1_GAATAGACACAACGTT,373480,TSP14,posterior part of tongue,"CD8-positive, alpha-beta T cell",Memory_CD8
ts_immune_all_0902,TSP14_Tongue_Posterior_10X_1_1_TCTTGCGTCTAGACCA,373575,TSP14,posterior part of tongue,"CD8-positive, alpha-beta T cell",Memory_CD8
ts_immune_all_0902,TSP14_Tongue_Posterior_10X_1_1_AGAGCAGTCTAACACG,373365,TSP14,posterior part of tongue,"CD8-positive, alpha-beta T cell",Memory_CD8
ts_immune_all_0902,TSP14_Tongue_Posterior_10X_1_1_TGAGCATCATCTAACG,373579,TSP14,posterior part of tongue,"CD8-positive, alpha-beta T cell",Memory_CD8
ts_immune_all_0902,TSP14_Tongue_Posterior_10X_1_1_CAGGCCAAGCCATTTG,373424,TSP14,posterior part of tongue,"CD8-positive, alpha-beta T cell",Memory_CD8
ts_immune_all_0902,TSP14_Tongue_Posterior_10X_1_1_GGGAGTACAATCACGT,373514,TSP14,posterior part of tongue,"CD8-positive, alpha-beta T cell",Memory_CD8
ts_immune_all_0902,TSP14_Tongue_Posterior_10X_1_1_CTGCAGGGTGCTGTCG,373469,TSP14,posterior part of tongue,"CD8-positive, alpha-beta T cell",Memory_CD8
ts_immune_all_0902,TSP14_Tongue_Posterior_10X_1_1_GTTACCCGTGGACCTC,373537,TSP14,posterior part of tongue,"CD8-positive, alpha-beta T cell",Memory_CD8
ts_immune_all_0902,TSP14_Tongue_Posterior_10X_1_1_ATGACCAGTGGATCGA,373398,TSP14,posterior part of tongue,"CD8-positive, alpha-beta T cell",Memory_CD8
ts_immune_all_0902,TSP14_Tongue_Posterior_10X_1_1_GCACATAGTACAGTCT,373497,TSP14,posterior part of tongue,"CD8-positive, alpha-beta T cell",Memory_CD8
ts_immune_all_0902,TSP14_Tongue_Posterior_10X_1_1_AGGGCTCAGCTCTTCC,373379,TSP14,posterior part of tongue,"CD8-positive, alpha-beta T cell",Memory_CD8
ts_immune_all_0902,TSP14_Tongue_Posterior_10X_1_1_CAACAGTAGGTTCACT,373412,TSP14,posterior part of tongue,"CD8-positive, alpha-beta T cell",Memory_CD8
ts_immune_all_0902,TSP14_Tongue_Posterior_10X_1_1_GAGAAATCACGACGCT,373486,TSP14,posterior part of tongue,"CD8-positive, alpha-beta T cell",Memory_CD8
ts_immune_all_0902,TSP14_Tongue_Posterior_10X_1_1_CATCGCTAGTGCTCGC,373428,TSP14,posterior part of tongue,"CD8-positive, alpha-beta T cell",Memory_CD8
ts_immune_all_0902,TSP14_Tongue_Posterior_10X_1_1_AAGTACCTCTCCATAT,373341,TSP14,posterior part of tongue,"CD8-positive, alpha-beta T cell",Memory_CD8
ts_immune_all_0902,TSP14_Tongue_Posterior_10X_1_1_GTAGCTAAGGAACGAA,373526,TSP14,posterior part of tongue,"CD8-positive, alpha-beta T cell",Memory_CD8
ts_immune_all_0902,TSP14_Tongue_Posterior_10X_1_1_TTCAATCGTGGTTTAC,373594,TSP14,posterior part of tongue,"CD8-positive, alpha-beta T cell",Memory_CD8
ts_immune_all_0902,TSP14_Tongue_Posterior_10X_1_1_ATCCTATTCCGATAGT,373395,TSP14,posterior part of tongue,"CD8-positive, alpha-beta T cell",Memory_CD8
ts_immune_all_0902,TSP14_Tongue_Posterior_10X_1_1_AGGCTGCAGTTGGACG,373377,TSP14,posterior part of tongue,"CD8-positive, alpha-beta T cell",Memory_CD8
ts_immune_all_0902,TSP14_Tongue_Posterior_10X_1_1_ACCCAAACATAAGCGG,373354,TSP14,posterior part of tongue,"CD8-positive, alpha-beta T cell",Memory_CD8
ts_immune_all_0902,TSP14_Tongue_Posterior_10X_1_1_CTTCTCTAGGCACTAG,373476,TSP14,posterior part of tongue,"CD8-positive, alpha-beta T cell",Memory_CD8
ts_immune_all_0902,TSP14_Tongue_Posterior_10X_1_1_TCAATCTTCGCGATCG,373555,TSP14,posterior part of tongue,"CD8-positive, alpha-beta T cell",Memory_CD8
ts_immune_all_0902,TSP14_Tongue_Posterior_10X_1_1_CAGCAATAGATGCGAC,373423,TSP14,posterior part of tongue,"CD8-positive, alpha-beta T cell",Memory_CD8
ts_immune_all_0902,TSP14_Tongue_Posterior_10X_1_1_GCCATTCGTGTTACTG,373503,TSP14,posterior part of tongue,"CD8-positive, alpha-beta T cell",Memory_CD8
ts_immune_all_0902,TSP14_Tongue_Posterior_10X_1_1_AAGTTCGTCCGGCTTT,373343,TSP14,posterior part of tongue,"CD8-positive, alpha-beta T cell",Memory_CD8
ts_immune_all_0902,TSP14_Tongue_Posterior_10X_1_1_AGCTACAGTATTAAGG,373372,TSP14,posterior part of tongue,"CD8-positive, alpha-beta T cell",Memory_CD8
ts_immune_all_0902,TSP14_Tongue_Posterior_10X_1_1_CCGATCTAGATTAGCA,373440,TSP14,posterior part of tongue,"CD8-positive, alpha-beta T cell",Memory_CD8
ts_immune_all_0902,TSP14_Tongue_Posterior_10X_1_1_GGTGGCTGTATGGTTC,373522,TSP14,posterior part of tongue,"CD8-positive, alpha-beta T cell",Memory_CD8
ts_immune_all_0902,TSP14_Tongue_Posterior_10X_1_1_CTAGGTATCGACTCCT,373462,TSP14,posterior part of tongue,"CD8-positive, alpha-beta T cell",Memory_CD8
ts_immune_all_0902,TSP14_Tongue_Posterior_10X_1_1_TGGTGATTCTTAATCC,373585,TSP14,posterior part of tongue,"CD8-positive, alpha-beta T cell",Memory_CD8
ts_immune_all_0902,TSP14_Tongue_Posterior_10X_1_1_AGGCCACGTAACTAAG,373376,TSP14,posterior part of tongue,"CD8-positive, alpha-beta T cell",Memory_CD8
ts_immune_all_0902,TSP14_Tongue_Posterior_10X_1_1_ATTTCACCACAGCTTA,373410,TSP14,posterior part of tongue,"CD8-positive, alpha-beta T cell",Memory_CD8
ts_immune_all_0902,TSP14_Tongue_Posterior_10X_1_1_TTCAATCAGTAGAGTT,373593,TSP14,posterior part of tongue,"CD8-positive, alpha-beta T cell",Memory_CD8
ts_immune_all_0902,TSP14_Tongue_Posterior_10X_1_1_TCCAGAAAGTGGACGT,373564,TSP14,posterior part of tongue,"CD8-positive, alpha-beta T cell",Memory_CD8
ts_immune_all_0902,TSP14_Tongue_Posterior_10X_1_1_CACGAATGTACAGTTC,373420,TSP14,posterior part of tongue,"CD8-positive, alpha-beta T cell",Memory_CD8
ts_immune_all_0902,TSP14_Tongue_Posterior_10X_1_1_CAAAGAAAGCGAATGC,373411,TSP14,posterior part of tongue,"CD8-positive, alpha-beta T cell",Memory_CD8
ts_immune_all_0902,TSP14_Tongue_Posterior_10X_1_1_AAACGCTCAACTTGGT,373332,TSP14,posterior part of tongue,"CD8-positive, alpha-beta T cell",Memory_CD8
ts_immune_all_0902,TSP14_Tongue_Posterior_10X_1_1_TTGAACGTCAAAGCCT,373600,TSP14,posterior part of tongue,"CD8-positive, alpha-beta T cell",Memory_CD8
ts_immune_all_0902,TSP14_Tongue_Posterior_10X_1_1_TCATGAGCACTGCTTC,373562,TSP14,posterior part of tongue,"CD8-positive, alpha-beta T cell",Memory_CD8
ts_immune_all_0902,TSP14_Tongue_Posterior_10X_1_1_AGTGACTGTAATCAAG,373385,TSP14,posterior part of tongue,"CD8-positive, alpha-beta T cell",Memory_CD8
ts_immune_all_0902,TSP14_Tongue_Posterior_10X_1_1_GCATTAGAGTGCGTCC,373502,TSP14,posterior part of tongue,"CD8-positive, alpha-beta T cell",Memory_CD8
ts_immune_all_0902,TSP14_Tongue_Posterior_10X_1_1_TTAGGGTGTTTGTGGT,373592,TSP14,posterior part of tongue,"CD8-positive, alpha-beta T cell",Memory_CD8
ts_immune_all_0902,TSP14_Tongue_Posterior_10X_1_1_ATCCTATGTCTCAGGC,373394,TSP14,posterior part of tongue,"CD8-positive, alpha-beta T cell",Memory_CD8
ts_immune_all_0902,TSP14_Tongue_Posterior_10X_1_1_CATCGGGCACTTGAGT,373429,TSP14,posterior part of tongue,"CD8-positive, alpha-beta T cell",Memory_CD8
ts_immune_all_1173,TSP21_Thymus_NA_10X_1_2_TGTCCCATCGTTGTTT,231199,TSP21,thymus,macrophage,Macrophage
ts_immune_all_1173,TSP21_Thymus_NA_10X_1_1_5prime_TTTGCGCCAGGTCGTC,587376,TSP21,thymus,macrophage,Macrophage
ts_immune_all_1173,TSP21_Thymus_NA_10X_1_2_GGATCTATCGTGGCGT,230980,TSP21,thymus,macrophage,Macrophage
ts_immune_all_1173,TSP21_Thymus_NA_10X_1_2_ACATTTCCACTTGACA,230548,TSP21,thymus,macrophage,Macrophage
ts_immune_all_1173,TSP21_Thymus_NA_10X_1_2_5prime_TCAGGATTCAAACGGG,340009,TSP21,thymus,macrophage,Macrophage
ts_immune_all_1173,TSP21_Thymus_NA_10X_1_2_AGTCATGTCGCTTAAG,230636,TSP21,thymus,macrophage,Macrophage
ts_immune_all_1173,TSP21_Thymus_NA_10X_1_2_5prime_GCATGATCAATGAATG,339796,TSP21,thymus,macrophage,Macrophage
ts_immune_all_1173,TSP21_Thymus_NA_10X_1_2_5prime_CTCACACTCAAACCAC,339672,TSP21,thymus,macrophage,Macrophage
ts_immune_all_1173,TSP21_Thymus_NA_10X_1_2_5prime_CGAGCACAGTGAAGTT,339588,TSP21,thymus,macrophage,Macrophage
ts_immune_all_1173,TSP21_Thymus_NA_10X_1_2_5prime_TTCCCAGGTTAAGGGC,340114,TSP21,thymus,macrophage,Macrophage
ts_immune_all_1173,TSP21_Thymus_NA_10X_1_1_5prime_AGTCTTTAGCACGCCT,586876,TSP21,thymus,macrophage,Macrophage
ts_immune_all_1173,TSP21_Thymus_NA_10X_1_1_AGGCATTGTGAGATTA,451207,TSP21,thymus,macrophage,Macrophage
ts_immune_all_1173,TSP21_Thymus_NA_10X_1_1_CTGTACCCATTGCCTC,451476,TSP21,thymus,macrophage,Macrophage
ts_immune_all_1173,TSP21_Thymus_NA_10X_1_1_5prime_TGAGCATTCAACGAAA,587307,TSP21,thymus,macrophage,Macrophage
ts_immune_all_1173,TSP21_Thymus_NA_10X_1_1_5prime_TGCGGGTTCTTGTATC,587326,TSP21,thymus,macrophage,Macrophage
ts_immune_all_1173,TSP21_Thymus_NA_10X_1_1_GTGCTGGGTGGGACAT,451673,TSP21,thymus,macrophage,Macrophage
ts_immune_all_1173,TSP21_Thymus_NA_10X_1_2_CGTCAAAAGAATAACC,230812,TSP21,thymus,macrophage,Macrophage
ts_immune_all_1173,TSP21_Thymus_NA_10X_1_2_5prime_GCCAAATTCTCCCTGA,339808,TSP21,thymus,macrophage,Macrophage
ts_immune_all_1173,TSP21_Thymus_NA_10X_1_2_5prime_CGTCAGGCAGCCACCA,339643,TSP21,thymus,macrophage,Macrophage
ts_immune_all_1173,TSP21_Thymus_NA_10X_1_2_AGAACAATCGCGTTTC,230576,TSP21,thymus,macrophage,Macrophage
ts_immune_all_1173,TSP21_Thymus_NA_10X_1_2_TCAGTTTGTCACGACC,231124,TSP21,thymus,macrophage,Macrophage
ts_immune_all_1173,TSP21_Thymus_NA_10X_1_2_5prime_GACGTGCTCTCAACTT,339751,TSP21,thymus,macrophage,Macrophage
ts_immune_all_1173,TSP21_Thymus_NA_10X_1_1_GGAGGATAGAGTGAAG,451593,TSP21,thymus,macrophage,Macrophage
ts_immune_all_1173,TSP21_Thymus_NA_10X_1_1_5prime_GACCTGGGTCAGAATA,587105,TSP21,thymus,macrophage,Macrophage
ts_immune_all_1173,TSP21_Thymus_NA_10X_1_1_GGCACGTTCTACCCAC,451598,TSP21,thymus,macrophage,Macrophage
ts_immune_all_1173,TSP21_Thymus_NA_10X_1_1_5prime_AGAGTGGTCAGTTGAC,586849,TSP21,thymus,macrophage,Macrophage
ts_immune_all_1173,TSP21_Thymus_NA_10X_1_1_CCTATCGCATGACACT,451395,TSP21,thymus,macrophage,Macrophage
ts_immune_all_1173,TSP21_Thymus_NA_10X_1_1_TTGTTCACACAATGAA,451947,TSP21,thymus,macrophage,Macrophage
ts_immune_all_1173,TSP21_Thymus_NA_10X_1_2_ACAGAAACAGGTGACA,230543,TSP21,thymus,macrophage,Macrophage
ts_immune_all_1173,TSP21_Thymus_NA_10X_1_2_5prime_GTCATTTCAGCGTCCA,339921,TSP21,thymus,macrophage,Macrophage
ts_immune_all_1173,TSP21_Thymus_NA_10X_1_2_GGGTATTGTTCCGCAG,230999,TSP21,thymus,macrophage,Macrophage
ts_immune_all_1173,TSP21_Thymus_NA_10X_1_1_GGGTGAAGTGTGTGGA,451626,TSP21,thymus,macrophage,Macrophage
ts_immune_all_1173,TSP21_Thymus_NA_10X_1_1_CCGTAGGAGTCTAGCT,451388,TSP21,thymus,macrophage,Macrophage
ts_immune_all_1173,TSP21_Thymus_NA_10X_1_2_AGGAGGTGTTCCGCAG,230609,TSP21,thymus,macrophage,Macrophage
ts_immune_all_1173,TSP21_Thymus_NA_10X_1_1_5prime_AGGTCATTCTGTCCGT,586873,TSP21,thymus,macrophage,Macrophage
ts_immune_all_1173,TSP21_Thymus_NA_10X_1_1_TCTAACTCAAGGGCAT,451821,TSP21,thymus,macrophage,Macrophage
ts_immune_all_1173,TSP21_Thymus_NA_10X_1_2_5prime_AGAGCGAGTCATGCCG,339378,TSP21,thymus,macrophage,Macrophage
ts_immune_all_1173,TSP21_Thymus_NA_10X_1_2_CCGTGAGGTCCAGCGT,230768,TSP21,thymus,macrophage,Macrophage
ts_immune_all_1173,TSP21_Thymus_NA_10X_1_1_5prime_GGACAAGCAACTGGCC,587172,TSP21,thymus,macrophage,Macrophage
ts_immune_all_1173,TSP21_Thymus_NA_10X_1_2_TACTTACAGAAGCGGG,231093,TSP21,thymus,macrophage,Macrophage
ts_immune_all_1173,TSP21_Thymus_NA_10X_1_1_GCTCAAACACTGAGTT,451578,TSP21,thymus,macrophage,Macrophage
ts_immune_all_1173,TSP21_Thymus_NA_10X_1_2_TACCCGTTCTTACCGC,231087,TSP21,thymus,macrophage,Macrophage
ts_immune_all_1173,TSP21_Thymus_NA_10X_1_1_GCCCGAAAGAGTTGTA,451567,TSP21,thymus,macrophage,Macrophage
ts_immune_all_1173,TSP21_Thymus_NA_10X_1_1_TGTGCGGGTCGCAACC,451900,TSP21,thymus,macrophage,Macrophage
ts_immune_all_1173,TSP21_Thymus_NA_10X_1_1_AGAGAATAGCAGATAT,451180,TSP21,thymus,macrophage,Macrophage
ts_immune_all_1173,TSP21_Thymus_NA_10X_1_2_5prime_GCACATATCTTGTTTG,339782,TSP21,thymus,macrophage,Macrophage
ts_immune_all_1173,TSP21_Thymus_NA_10X_1_1_5prime_CGTTAGACATTGGTAC,587032,TSP21,thymus,macrophage,Macrophage
ts_immune_all_1173,TSP21_Thymus_NA_10X_1_1_5prime_TGGCCAGGTCTCACCT,587336,TSP21,thymus,macrophage,Macrophage
ts_immune_all_1173,TSP21_Thymus_NA_10X_1_2_AGGCTGCTCCTGCCAT,230614,TSP21,thymus,macrophage,Macrophage
ts_immune_all_1173,TSP21_Thymus_NA_10X_1_2_ACTTTGTGTACCCGAC,230575,TSP21,thymus,macrophage,Macrophage
ts_immune_all_0886,TSP14_Muscle_Diaphragm_10X_1_1_AAGCGTTCAGTATGAA,303837,TSP14,muscle of pelvic diaphragm,"CD4-positive, alpha-beta T cell",Memory_CD4
ts_immune_all_0886,TSP14_Muscle_Diaphragm_10X_1_1_AGGTCTATCGTTCTAT,303871,TSP14,muscle of pelvic diaphragm,"CD4-positive, alpha-beta T cell",Memory_CD4
ts_immune_all_0886,TSP14_Muscle_Diaphragm_10X_1_1_CATTGTTTCATGCAGT,303920,TSP14,muscle of pelvic diaphragm,"CD4-positive, alpha-beta T cell",Memory_CD4
ts_immune_all_0886,TSP14_Muscle_Diaphragm_10X_1_1_GTCTAGAAGGATGGCT,304004,TSP14,muscle of pelvic diaphragm,"CD4-positive, alpha-beta T cell",Memory_CD4
ts_immune_all_0886,TSP14_Muscle_Diaphragm_10X_1_1_TTTGGTTGTTCTTCAT,304094,TSP14,muscle of pelvic diaphragm,"CD4-positive, alpha-beta T cell",Memory_CD4
ts_immune_all_0886,TSP14_Muscle_Diaphragm_10X_1_2_GGCACGTAGGGCTGAT,472173,TSP14,muscle of pelvic diaphragm,"CD4-positive, alpha-beta T cell",Memory_CD4
ts_immune_all_0886,TSP14_Muscle_Diaphragm_10X_1_1_TCCTAATGTTGAAGTA,304046,TSP14,muscle of pelvic diaphragm,"CD4-positive, alpha-beta T cell",Memory_CD4
ts_immune_all_0886,TSP14_Muscle_Diaphragm_10X_1_2_GTGAGTTTCCACGTAA,472202,TSP14,muscle of pelvic diaphragm,"CD4-positive, alpha-beta T cell",Memory_CD4
ts_immune_all_0886,TSP14_Muscle_Diaphragm_10X_1_1_GGCAGTCAGAATAGTC,303985,TSP14,muscle of pelvic diaphragm,"CD4-positive, alpha-beta T cell",Memory_CD4
ts_immune_all_0886,TSP14_Muscle_Diaphragm_10X_1_2_TTCGATTCAGGAGACT,472256,TSP14,muscle of pelvic diaphragm,"CD4-positive, alpha-beta T cell",Memory_CD4
ts_immune_all_0886,TSP14_Muscle_Diaphragm_10X_1_1_GCCAGTGCAGGGATAC,303980,TSP14,muscle of pelvic diaphragm,"CD4-positive, alpha-beta T cell",Memory_CD4
ts_immune_all_0886,TSP14_Muscle_Diaphragm_10X_1_1_CTATCTATCGCAATGT,303939,TSP14,muscle of pelvic diaphragm,"CD4-positive, alpha-beta T cell",Memory_CD4
ts_immune_all_0886,TSP14_Muscle_Diaphragm_10X_1_1_CTCTGGTCAGCTATTG,303945,TSP14,muscle of pelvic diaphragm,"CD4-positive, alpha-beta T cell",Memory_CD4
ts_immune_all_0886,TSP14_Muscle_Diaphragm_10X_1_1_GTTGCGGCAGATAAAC,304016,TSP14,muscle of pelvic diaphragm,"CD4-positive, alpha-beta T cell",Memory_CD4
ts_immune_all_0886,TSP14_Muscle_Diaphragm_10X_1_1_CCTCCTCGTTGCATTG,303927,TSP14,muscle of pelvic diaphragm,"CD4-positive, alpha-beta T cell",Memory_CD4
ts_immune_all_0886,TSP14_Muscle_Diaphragm_10X_1_1_GTCTTTATCAACGCTA,304005,TSP14,muscle of pelvic diaphragm,"CD4-positive, alpha-beta T cell",Memory_CD4
ts_immune_all_0886,TSP14_Muscle_Diaphragm_10X_1_1_CTGTCGTTCACATTGG,303949,TSP14,muscle of pelvic diaphragm,"CD4-positive, alpha-beta T cell",Memory_CD4
ts_immune_all_0886,TSP14_Muscle_Diaphragm_10X_1_2_TCATCCGCACATACTG,472229,TSP14,muscle of pelvic diaphragm,"CD4-positive, alpha-beta T cell",Memory_CD4
ts_immune_all_0886,TSP14_Muscle_Diaphragm_10X_1_1_CTCCATGAGCCTTCTC,303942,TSP14,muscle of pelvic diaphragm,"CD4-positive, alpha-beta T cell",Memory_CD4
ts_immune_all_0886,TSP14_Muscle_Diaphragm_10X_1_1_TCCAGAACATACCAGT,304041,TSP14,muscle of pelvic diaphragm,"CD4-positive, alpha-beta T cell",Memory_CD4
ts_immune_all_0886,TSP14_Muscle_Diaphragm_10X_1_2_TTTCACATCATTCGTT,472264,TSP14,muscle of pelvic diaphragm,"CD4-positive, alpha-beta T cell",Memory_CD4
ts_immune_all_0886,TSP14_Muscle_Diaphragm_10X_1_2_AGCATCAAGGTTCAGG,472045,TSP14,muscle of pelvic diaphragm,"CD4-positive, alpha-beta T cell",Memory_CD4
ts_immune_all_0886,TSP14_Muscle_Diaphragm_10X_1_1_CATAAGCTCTTCTAAC,303907,TSP14,muscle of pelvic diaphragm,"CD4-positive, alpha-beta T cell",Memory_CD4
ts_immune_all_0886,TSP14_Muscle_Diaphragm_10X_1_1_ACCTACCAGGGACAGG,303849,TSP14,muscle of pelvic diaphragm,"CD4-positive, alpha-beta T cell",Memory_CD4
ts_immune_all_0886,TSP14_Muscle_Diaphragm_10X_1_1_GGGATGATCCGGCAAC,303989,TSP14,muscle of pelvic diaphragm,"CD4-positive, alpha-beta T cell",Memory_CD4
ts_immune_all_0886,TSP14_Muscle_Diaphragm_10X_1_1_ATCCTATAGAGTTGAT,303877,TSP14,muscle of pelvic diaphragm,"CD4-positive, alpha-beta T cell",Memory_CD4
ts_immune_all_0886,TSP14_Muscle_Diaphragm_10X_1_2_AATCGACTCACACCCT,472017,TSP14,muscle of pelvic diaphragm,"CD4-positive, alpha-beta T cell",Memory_CD4
ts_immune_all_0886,TSP14_Muscle_Diaphragm_10X_1_1_AAGTCGTGTCGCAACC,303838,TSP14,muscle of pelvic diaphragm,"CD4-positive, alpha-beta T cell",Memory_CD4
ts_immune_all_0886,TSP14_Muscle_Diaphragm_10X_1_1_AAAGTGACAGGCTTGC,303836,TSP14,muscle of pelvic diaphragm,"CD4-positive, alpha-beta T cell",Memory_CD4
ts_immune_all_0886,TSP14_Muscle_Diaphragm_10X_1_2_CAAGAGGGTTCATCGA,472075,TSP14,muscle of pelvic diaphragm,"CD4-positive, alpha-beta T cell",Memory_CD4
ts_immune_all_0886,TSP14_Muscle_Diaphragm_10X_1_2_TACCGAACAGGAGGTT,472211,TSP14,muscle of pelvic diaphragm,"CD4-positive, alpha-beta T cell",Memory_CD4
ts_immune_all_0886,TSP14_Muscle_Diaphragm_10X_1_1_TCAGTTTAGACCTCAT,304034,TSP14,muscle of pelvic diaphragm,"CD4-positive, alpha-beta T cell",Memory_CD4
ts_immune_all_0886,TSP14_Muscle_Diaphragm_10X_1_2_GATGCTAAGGGTGAAA,472157,TSP14,muscle of pelvic diaphragm,"CD4-positive, alpha-beta T cell",Memory_CD4
ts_immune_all_0886,TSP14_Muscle_Diaphragm_10X_1_1_AATCGACCAGCGATTT,303841,TSP14,muscle of pelvic diaphragm,"CD4-positive, alpha-beta T cell",Memory_CD4
ts_immune_all_0886,TSP14_Muscle_Diaphragm_10X_1_1_ACGTACACAGGACAGT,303854,TSP14,muscle of pelvic diaphragm,"CD4-positive, alpha-beta T cell",Memory_CD4
ts_immune_all_0886,TSP14_Muscle_Diaphragm_10X_1_2_CGATGGCGTATCGAAA,472113,TSP14,muscle of pelvic diaphragm,"CD4-positive, alpha-beta T cell",Memory_CD4
ts_immune_all_0886,TSP14_Muscle_Diaphragm_10X_1_2_GACTTCCCACGCAGTC,472151,TSP14,muscle of pelvic diaphragm,"CD4-positive, alpha-beta T cell",Memory_CD4
ts_immune_all_0886,TSP14_Muscle_Diaphragm_10X_1_2_AGATGAAGTTCTAAGC,472043,TSP14,muscle of pelvic diaphragm,"CD4-positive, alpha-beta T cell",Memory_CD4
ts_immune_all_0886,TSP14_Muscle_Diaphragm_10X_1_1_GCACGTGAGCGCGTTC,303975,TSP14,muscle of pelvic diaphragm,"CD4-positive, alpha-beta T cell",Memory_CD4
ts_immune_all_0886,TSP14_Muscle_Diaphragm_10X_1_1_TCTCACGTCACTTGTT,304053,TSP14,muscle of pelvic diaphragm,"CD4-positive, alpha-beta T cell",Memory_CD4
ts_immune_all_0886,TSP14_Muscle_Diaphragm_10X_1_2_CATCCACAGGCTCTAT,472087,TSP14,muscle of pelvic diaphragm,"CD4-positive, alpha-beta T cell",Memory_CD4
ts_immune_all_0886,TSP14_Muscle_Diaphragm_10X_1_1_ATTCCCGCAAATCCCA,303890,TSP14,muscle of pelvic diaphragm,"CD4-positive, alpha-beta T cell",Memory_CD4
ts_immune_all_0886,TSP14_Muscle_Diaphragm_10X_1_1_GGGCCATTCATTCATC,303990,TSP14,muscle of pelvic diaphragm,"CD4-positive, alpha-beta T cell",Memory_CD4
ts_immune_all_0886,TSP14_Muscle_Diaphragm_10X_1_1_CAGGCCAGTGCTCTCT,303906,TSP14,muscle of pelvic diaphragm,"CD4-positive, alpha-beta T cell",Memory_CD4
ts_immune_all_0886,TSP14_Muscle_Diaphragm_10X_1_1_TTCATTGTCCGTGGCA,304077,TSP14,muscle of pelvic diaphragm,"CD4-positive, alpha-beta T cell",Memory_CD4
ts_immune_all_0886,TSP14_Muscle_Diaphragm_10X_1_1_CATCAAGAGGCTCCCA,303910,TSP14,muscle of pelvic diaphragm,"CD4-positive, alpha-beta T cell",Memory_CD4
ts_immune_all_0886,TSP14_Muscle_Diaphragm_10X_1_2_TTTGTTGTCATAAGGA,472266,TSP14,muscle of pelvic diaphragm,"CD4-positive, alpha-beta T cell",Memory_CD4
ts_immune_all_0886,TSP14_Muscle_Diaphragm_10X_1_2_CGGAGAAGTGACTAAA,472115,TSP14,muscle of pelvic diaphragm,"CD4-positive, alpha-beta T cell",Memory_CD4
ts_immune_all_0886,TSP14_Muscle_Diaphragm_10X_1_1_TTAGGGTGTGGTTTAC,304075,TSP14,muscle of pelvic diaphragm,"CD4-positive, alpha-beta T cell",Memory_CD4
ts_immune_all_0886,TSP14_Muscle_Diaphragm_10X_1_2_TGCGATATCGGCTTCT,472247,TSP14,muscle of pelvic diaphragm,"CD4-positive, alpha-beta T cell",Memory_CD4
ts_immune_all_1161,TSP21_Spleen_NA_10X_3_1_GTGTAACCACAGCTGC,194614,TSP21,spleen,intermediate monocyte,Cl_Mono
ts_immune_all_1161,TSP21_Spleen_NA_10X_2_1_AATCGTGGTGTCCGGT,336638,TSP21,spleen,intermediate monocyte,Cl_Mono
ts_immune_all_1161,TSP21_Spleen_NA_10X_3_1_5prime_ATCCACCCAGTCAGAG,384112,TSP21,spleen,intermediate monocyte,Cl_Mono
ts_immune_all_1161,TSP21_Spleen_NA_10X_2_1_GGGCGTTGTTTCACAG,338235,TSP21,spleen,intermediate monocyte,Cl_Mono
ts_immune_all_1161,TSP21_Spleen_NA_10X_2_1_TCCTAATAGGATGAGA,338771,TSP21,spleen,intermediate monocyte,Cl_Mono
ts_immune_all_1161,TSP21_Spleen_NA_10X_2_1_CTAACCCGTCGAAGCA,337641,TSP21,spleen,intermediate monocyte,Cl_Mono
ts_immune_all_1161,TSP21_Spleen_NA_10X_3_1_CATGCCTTCCGATCGG,192366,TSP21,spleen,intermediate monocyte,Cl_Mono
ts_immune_all_1161,TSP21_Spleen_NA_10X_3_1_5prime_CATATGGCATCAGTAC,384372,TSP21,spleen,intermediate monocyte,Cl_Mono
ts_immune_all_1161,TSP21_Spleen_NA_10X_2_1_CATTTCAGTTTCTATC,337372,TSP21,spleen,intermediate monocyte,Cl_Mono
ts_immune_all_1161,TSP21_Spleen_NA_10X_3_1_AGACACTTCGACCAAT,191256,TSP21,spleen,intermediate monocyte,Cl_Mono
ts_immune_all_1161,TSP21_Spleen_NA_10X_3_1_TTTGATCCAAGCACCC,196314,TSP21,spleen,intermediate monocyte,Cl_Mono
ts_immune_all_1161,TSP21_Spleen_NA_10X_2_1_CCTCAACTCTGGTGCG,337499,TSP21,spleen,intermediate monocyte,Cl_Mono
ts_immune_all_1161,TSP21_Spleen_NA_10X_2_1_TGTCAGACACACACGC,339054,TSP21,spleen,intermediate monocyte,Cl_Mono
ts_immune_all_1161,TSP21_Spleen_NA_10X_2_1_GGCACGTTCGAGCTGC,338193,TSP21,spleen,intermediate monocyte,Cl_Mono
ts_immune_all_1161,TSP21_Spleen_NA_10X_2_1_TCCTTTCCAGTCGGTC,338785,TSP21,spleen,intermediate monocyte,Cl_Mono
ts_immune_all_1161,TSP21_Spleen_NA_10X_2_1_GGCGTCATCCACAAGT,338201,TSP21,spleen,intermediate monocyte,Cl_Mono
ts_immune_all_1161,TSP21_Spleen_NA_10X_3_1_CATAGACAGTAGGATT,192290,TSP21,spleen,intermediate monocyte,Cl_Mono
ts_immune_all_1161,TSP21_Spleen_NA_10X_2_1_ACGATCAAGGCTCCCA,336725,TSP21,spleen,intermediate monocyte,Cl_Mono
ts_immune_all_1161,TSP21_Spleen_NA_10X_3_1_AACGGGAAGCGATGGT,190719,TSP21,spleen,intermediate monocyte,Cl_Mono
ts_immune_all_1161,TSP21_Spleen_NA_10X_3_1_CAGGCCAGTGACCGTC,192240,TSP21,spleen,intermediate monocyte,Cl_Mono
ts_immune_all_1161,TSP21_Spleen_NA_10X_2_1_AGTGATCAGTGCTACT,336961,TSP21,spleen,intermediate monocyte,Cl_Mono
ts_immune_all_1161,TSP21_Spleen_NA_10X_2_1_TTTGACTTCGGCATCG,339267,TSP21,spleen,intermediate monocyte,Cl_Mono
ts_immune_all_1161,TSP21_Spleen_NA_10X_2_1_GAAGCGAGTTTCCCAC,337866,TSP21,spleen,intermediate monocyte,Cl_Mono
ts_immune_all_1161,TSP21_Spleen_NA_10X_2_1_TAATCTCCAGCTTTCC,338533,TSP21,spleen,intermediate monocyte,Cl_Mono
ts_immune_all_1161,TSP21_Spleen_NA_10X_2_1_CAACAGTGTGCAAGAC,337144,TSP21,spleen,intermediate monocyte,Cl_Mono
ts_immune_all_1161,TSP21_Spleen_NA_10X_2_1_ATAGACCTCTCCACTG,336995,TSP21,spleen,intermediate monocyte,Cl_Mono
ts_immune_all_1161,TSP21_Spleen_NA_10X_2_1_CGTTGGGCACGTAGAG,337635,TSP21,spleen,intermediate monocyte,Cl_Mono
ts_immune_all_1161,TSP21_Spleen_NA_10X_1_1_ACTATGGTCCAAACCA,204589,TSP21,spleen,intermediate monocyte,Cl_Mono
ts_immune_all_1161,TSP21_Spleen_NA_10X_1_1_GGGTTTAGTCACTACA,205645,TSP21,spleen,intermediate monocyte,Cl_Mono
ts_immune_all_1161,TSP21_Spleen_NA_10X_3_1_CAATGACCAATAGGAT,192083,TSP21,spleen,intermediate monocyte,Cl_Mono
ts_immune_all_1161,TSP21_Spleen_NA_10X_2_1_ATCAGGTTCTGAATCG,337020,TSP21,spleen,intermediate monocyte,Cl_Mono
ts_immune_all_1161,TSP21_Spleen_NA_10X_1_1_GTAGGAGTCATGGTAC,205707,TSP21,spleen,intermediate monocyte,Cl_Mono
ts_immune_all_1161,TSP21_Spleen_NA_10X_3_1_CGCCAGATCGTAGCTA,192842,TSP21,spleen,intermediate monocyte,Cl_Mono
ts_immune_all_1161,TSP21_Spleen_NA_10X_3_1_5prime_CGTCTACCATTAGGCT,384732,TSP21,spleen,intermediate monocyte,Cl_Mono
ts_immune_all_1161,TSP21_Spleen_NA_10X_3_1_5prime_TCGAGGCTCACTTATC,385822,TSP21,spleen,intermediate monocyte,Cl_Mono
ts_immune_all_1161,TSP21_Spleen_NA_10X_2_1_CACAACAGTCGACGCT,337176,TSP21,spleen,intermediate monocyte,Cl_Mono
ts_immune_all_1161,TSP21_Spleen_NA_10X_2_1_TGATCTTCAGGTCCGT,338932,TSP21,spleen,intermediate monocyte,Cl_Mono
ts_immune_all_1161,TSP21_Spleen_NA_10X_1_1_TTGCGTCAGTTTCGGT,206351,TSP21,spleen,intermediate monocyte,Cl_Mono
ts_immune_all_1161,TSP21_Spleen_NA_10X_3_1_TCGTAGAGTGTCTTCC,195444,TSP21,spleen,intermediate monocyte,Cl_Mono
ts_immune_all_1161,TSP21_Spleen_NA_10X_2_1_TTTCATGTCTAATTCC,339255,TSP21,spleen,intermediate monocyte,Cl_Mono
ts_immune_all_1161,TSP21_Spleen_NA_10X_3_1_AACGAAACACAAGTGG,190711,TSP21,spleen,intermediate monocyte,Cl_Mono
ts_immune_all_1161,TSP21_Spleen_NA_10X_2_1_CATTGTTAGACGCATG,337368,TSP21,spleen,intermediate monocyte,Cl_Mono
ts_immune_all_1161,TSP21_Spleen_NA_10X_1_1_TACCCGTCAACTCGAT,205867,TSP21,spleen,intermediate monocyte,Cl_Mono
ts_immune_all_1161,TSP21_Spleen_NA_10X_2_1_ACTGTCCTCTACCCAC,336773,TSP21,spleen,intermediate monocyte,Cl_Mono
ts_immune_all_1161,TSP21_Spleen_NA_10X_3_1_TAGATCGCAATGACCT,194910,TSP21,spleen,intermediate monocyte,Cl_Mono
ts_immune_all_1161,TSP21_Spleen_NA_10X_3_1_AGGATCTCAGAATGTA,191450,TSP21,spleen,intermediate monocyte,Cl_Mono
ts_immune_all_1161,TSP21_Spleen_NA_10X_3_1_ACAGAAACAAGCGAGT,190927,TSP21,spleen,intermediate monocyte,Cl_Mono
ts_immune_all_1161,TSP21_Spleen_NA_10X_2_1_GGGTGAAAGTCTGTAC,338257,TSP21,spleen,intermediate monocyte,Cl_Mono
ts_immune_all_1161,TSP21_Spleen_NA_10X_2_1_TCGCAGGGTGACCGAA,338808,TSP21,spleen,intermediate monocyte,Cl_Mono
ts_immune_all_1161,TSP21_Spleen_NA_10X_3_1_5prime_ACAGCTAAGCTCCCAG,383770,TSP21,spleen,intermediate monocyte,Cl_Mono
ts_immune_all_1491,TSP25_Tongue_Posterior_10X_1_1_CCTCCTCGTATAGGGC,360511,TSP25,posterior part of tongue,macrophage,Macrophage
ts_immune_all_1491,TSP25_Tongue_Posterior_10X_1_1_AGGTTACTCGTCGACG,360073,TSP25,posterior part of tongue,macrophage,Macrophage
ts_immune_all_1491,TSP25_Tongue_Posterior_10X_1_1_CGAGGAAGTAGCTGCC,360541,TSP25,posterior part of tongue,macrophage,Macrophage
ts_immune_all_1491,TSP25_Tongue_Posterior_10X_1_1_TTTGGTTTCGGTAAGG,361993,TSP25,posterior part of tongue,macrophage,Macrophage
ts_immune_all_1491,TSP25_Tongue_Posterior_10X_1_1_TATCAGGAGCACCGTC,361438,TSP25,posterior part of tongue,macrophage,Macrophage
ts_immune_all_1491,TSP25_Tongue_Posterior_10X_1_1_GTGCAGCTCGACGATT,361270,TSP25,posterior part of tongue,macrophage,Macrophage
ts_immune_all_1491,TSP25_Tongue_Posterior_10X_1_1_CTAACTTCACCCAATA,360627,TSP25,posterior part of tongue,macrophage,Macrophage
ts_immune_all_1491,TSP25_Tongue_Posterior_10X_1_1_CATGCAACATGTGCCG,360387,TSP25,posterior part of tongue,macrophage,Macrophage
ts_immune_all_1491,TSP25_Tongue_Posterior_10X_1_1_GGTTCTCCATCAGTGT,361156,TSP25,posterior part of tongue,macrophage,Macrophage
ts_immune_all_1491,TSP25_Tongue_Posterior_10X_1_1_AGGAATACAGACGGAT,360025,TSP25,posterior part of tongue,macrophage,Macrophage
ts_immune_all_1491,TSP25_Tongue_Posterior_10X_1_1_CGTGATAGTGCATGTT,360616,TSP25,posterior part of tongue,macrophage,Macrophage
ts_immune_all_1491,TSP25_Tongue_Posterior_10X_1_1_GCTTGGGAGTGTCATC,361038,TSP25,posterior part of tongue,macrophage,Macrophage
ts_immune_all_1491,TSP25_Tongue_Posterior_10X_1_1_AGGGTCCCAGCACCCA,360051,TSP25,posterior part of tongue,macrophage,Macrophage
ts_immune_all_1491,TSP25_Tongue_Posterior_10X_1_1_CTATCTACAGTCGGTC,360647,TSP25,posterior part of tongue,macrophage,Macrophage
ts_immune_all_1491,TSP25_Tongue_Posterior_10X_1_1_CGAATTGGTCCCGTGA,360534,TSP25,posterior part of tongue,macrophage,Macrophage
ts_immune_all_1491,TSP25_Tongue_Posterior_10X_1_1_AAGCGAGGTATACAGA,359769,TSP25,posterior part of tongue,macrophage,Macrophage
ts_immune_all_1491,TSP25_Tongue_Posterior_10X_1_1_AACACACCAGACGCTC,359722,TSP25,posterior part of tongue,macrophage,Macrophage
ts_immune_all_1491,TSP25_Tongue_Posterior_10X_1_1_GAAGCGAGTCCAAATC,360809,TSP25,posterior part of tongue,macrophage,Macrophage
ts_immune_all_1491,TSP25_Tongue_Posterior_10X_1_1_TGTTGGACATCGAAGG,361837,TSP25,posterior part of tongue,macrophage,Macrophage
ts_immune_all_1491,TSP25_Tongue_Posterior_10X_1_1_GGAATCTAGTTATGGA,361049,TSP25,posterior part of tongue,macrophage,Macrophage
ts_immune_all_1491,TSP25_Tongue_Posterior_10X_1_1_GTGACGCCACTGTCGG,361251,TSP25,posterior part of tongue,macrophage,Macrophage
ts_immune_all_1491,TSP25_Tongue_Posterior_10X_1_1_GGGTCTGCATCCAACA,361122,TSP25,posterior part of tongue,macrophage,Macrophage
ts_immune_all_1491,TSP25_Tongue_Posterior_10X_1_1_AAAGGTATCCCATAAG,359707,TSP25,posterior part of tongue,macrophage,Macrophage
ts_immune_all_1491,TSP25_Tongue_Posterior_10X_1_1_ACGATGTCAAACTCTG,359872,TSP25,posterior part of tongue,macrophage,Macrophage
ts_immune_all_1491,TSP25_Tongue_Posterior_10X_1_1_CAGATTGGTTGATGTC,360329,TSP25,posterior part of tongue,macrophage,Macrophage
ts_immune_all_1491,TSP25_Tongue_Posterior_10X_1_1_TGTGATGAGCGCCATC,361811,TSP25,posterior part of tongue,macrophage,Macrophage
ts_immune_all_1491,TSP25_Tongue_Posterior_10X_1_1_AACGGGAAGAGTACCG,359750,TSP25,posterior part of tongue,macrophage,Macrophage
ts_immune_all_1491,TSP25_Tongue_Posterior_10X_1_1_CACTGTCCATTGGCAT,360311,TSP25,posterior part of tongue,macrophage,Macrophage
ts_immune_all_1491,TSP25_Tongue_Posterior_10X_1_1_GTACAACCAAGGTTGG,361175,TSP25,posterior part of tongue,macrophage,Macrophage
ts_immune_all_1491,TSP25_Tongue_Posterior_10X_1_1_GGGATGACAGTTAGAA,361101,TSP25,posterior part of tongue,macrophage,Macrophage
ts_immune_all_1491,TSP25_Tongue_Posterior_10X_1_1_TGAGGGACAGTCCGTG,361690,TSP25,posterior part of tongue,macrophage,Macrophage
ts_immune_all_1491,TSP25_Tongue_Posterior_10X_1_1_ATGGATCCATCACCAA,360194,TSP25,posterior part of tongue,macrophage,Macrophage
ts_immune_all_1491,TSP25_Tongue_Posterior_10X_1_1_CTAACTTTCTTGGTCC,360629,TSP25,posterior part of tongue,macrophage,Macrophage
ts_immune_all_1491,TSP25_Tongue_Posterior_10X_1_1_GACGTTAGTCACGCTG,360856,TSP25,posterior part of tongue,macrophage,Macrophage
ts_immune_all_1491,TSP25_Tongue_Posterior_10X_1_1_ATCGATGAGCAACTCT,360147,TSP25,posterior part of tongue,macrophage,Macrophage
ts_immune_all_1491,TSP25_Tongue_Posterior_10X_1_1_GAACACTCAAGCCTGC,360794,TSP25,posterior part of tongue,macrophage,Macrophage
ts_immune_all_1491,TSP25_Tongue_Posterior_10X_1_1_TCCAGAAAGCACACCC,361546,TSP25,posterior part of tongue,macrophage,Macrophage
ts_immune_all_1491,TSP25_Tongue_Posterior_10X_1_1_TATCTGTGTAGCCAGA,361447,TSP25,posterior part of tongue,macrophage,Macrophage
ts_immune_all_1491,TSP25_Tongue_Posterior_10X_1_1_ATCTCTAGTACACTCA,360165,TSP25,posterior part of tongue,macrophage,Macrophage
ts_immune_all_1491,TSP25_Tongue_Posterior_10X_1_1_TCCACGTCAGACTGCC,361544,TSP25,posterior part of tongue,macrophage,Macrophage
ts_immune_all_1491,TSP25_Tongue_Posterior_10X_1_1_CTCATTACAAACCGGA,360676,TSP25,posterior part of tongue,macrophage,Macrophage
ts_immune_all_1491,TSP25_Tongue_Posterior_10X_1_1_GCACATATCATTCTTG,360956,TSP25,posterior part of tongue,macrophage,Macrophage
ts_immune_all_1491,TSP25_Tongue_Posterior_10X_1_1_GAAGGGTAGGGAGGTG,360813,TSP25,posterior part of tongue,macrophage,Macrophage
ts_immune_all_1491,TSP25_Tongue_Posterior_10X_1_1_CTGCTCAAGCGTTAGG,360727,TSP25,posterior part of tongue,macrophage,Macrophage
ts_immune_all_1491,TSP25_Tongue_Posterior_10X_1_1_ATGCCTCCAGGCGATA,360183,TSP25,posterior part of tongue,macrophage,Macrophage
ts_immune_all_1491,TSP25_Tongue_Posterior_10X_1_1_GGGCTACAGCTCTGTA,361107,TSP25,posterior part of tongue,macrophage,Macrophage
ts_immune_all_1491,TSP25_Tongue_Posterior_10X_1_1_GCTTCACCACAACGCC,361036,TSP25,posterior part of tongue,macrophage,Macrophage
ts_immune_all_1491,TSP25_Tongue_Posterior_10X_1_1_CGAAGGACACTACAGT,360527,TSP25,posterior part of tongue,macrophage,Macrophage
ts_immune_all_1491,TSP25_Tongue_Posterior_10X_1_1_GATTCTTGTCAATCTG,360940,TSP25,posterior part of tongue,macrophage,Macrophage
ts_immune_all_1491,TSP25_Tongue_Posterior_10X_1_1_AGGAGGTGTGGGCTCT,360027,TSP25,posterior part of tongue,macrophage,Macrophage
ts_immune_all_0701,TSP14_LymphNode_Inguinal_SS2_B134012_D101265_ImmuneLinPos_J20,3502,TSP14,inguinal lymph node,B cell,Memory_B
ts_immune_all_0701,TSP14_LymphNode_Inguinal_SS2_B134012_D101265_ImmuneLinPos_I15,3473,TSP14,inguinal lymph node,B cell,Memory_B
ts_immune_all_0701,TSP14_LymphNode_Inguinal_SS2_B134025_D101267_Stromal_E17,4842,TSP14,inguinal lymph node,B cell,Memory_B
ts_immune_all_0701,TSP14_LymphNode_Inguinal_SS2_B134490_D101266_Stromal_E16,18844,TSP14,inguinal lymph node,B cell,Memory_B
ts_immune_all_0701,TSP14_LymphNode_Inguinal_SS2_B134490_D101266_Stromal_E13,18875,TSP14,inguinal lymph node,B cell,Memory_B
ts_immune_all_0701,TSP14_LymphNode_Inguinal_SS2_B134025_D101267_Stromal_A17,4929,TSP14,inguinal lymph node,B cell,Memory_B
ts_immune_all_0701,TSP14_LymphNode_Inguinal_SS2_B134490_D101266_Stromal_D22,18792,TSP14,inguinal lymph node,B cell,Memory_B
ts_immune_all_0701,TSP14_LymphNode_Inguinal_SS2_B134025_D101267_Stromal_A18,4973,TSP14,inguinal lymph node,B cell,Memory_B
ts_immune_all_0701,TSP14_LymphNode_Inguinal_SS2_B134490_D101266_Stromal_B22,18802,TSP14,inguinal lymph node,B cell,Memory_B
ts_immune_all_0701,TSP14_LymphNode_Inguinal_SS2_B134012_D101265_ImmuneLinPos_H14,3563,TSP14,inguinal lymph node,B cell,Memory_B
ts_immune_all_0701,TSP14_LymphNode_Inguinal_SS2_B134025_D101267_Stromal_E23,4882,TSP14,inguinal lymph node,B cell,Memory_B
ts_immune_all_0701,TSP14_LymphNode_Inguinal_SS2_B134012_D101265_ImmuneLinPos_I13,3445,TSP14,inguinal lymph node,B cell,Memory_B
ts_immune_all_0701,TSP14_LymphNode_Inguinal_SS2_B134025_D101267_Stromal_D18,4857,TSP14,inguinal lymph node,B cell,Memory_B
ts_immune_all_0701,TSP14_LymphNode_Inguinal_SS2_B134490_D101266_Stromal_E19,18835,TSP14,inguinal lymph node,B cell,Memory_B
ts_immune_all_0701,TSP14_LymphNode_Inguinal_SS2_B134490_D101266_Stromal_D18,18865,TSP14,inguinal lymph node,B cell,Memory_B
ts_immune_all_0701,TSP14_LymphNode_Inguinal_SS2_B134012_D101265_Endothelial_A20,3480,TSP14,inguinal lymph node,B cell,Memory_B
ts_immune_all_0701,TSP14_LymphNode_Inguinal_SS2_B134025_D101267_Stromal_E19,4962,TSP14,inguinal lymph node,B cell,Memory_B
ts_immune_all_0701,TSP14_LymphNode_Inguinal_SS2_B134490_D101266_ImmuneLinNeg_G14,18834,TSP14,inguinal lymph node,B cell,Memory_B
ts_immune_all_0701,TSP14_LymphNode_Inguinal_SS2_B134490_D101266_Stromal_D17,18902,TSP14,inguinal lymph node,B cell,Memory_B
ts_immune_all_0701,TSP14_LymphNode_Inguinal_SS2_B134012_D101265_Endothelial_E14,3575,TSP14,inguinal lymph node,B cell,Memory_B
ts_immune_all_0701,TSP14_LymphNode_Inguinal_SS2_B134012_D101265_ImmuneLinPos_M14,3488,TSP14,inguinal lymph node,B cell,Memory_B
ts_immune_all_0701,TSP14_LymphNode_Inguinal_SS2_B134025_D101267_Stromal_D17,4977,TSP14,inguinal lymph node,B cell,Memory_B
ts_immune_all_0701,TSP14_LymphNode_Inguinal_SS2_B134490_D101266_Stromal_D20,18828,TSP14,inguinal lymph node,B cell,Memory_B
ts_immune_all_0701,TSP14_LymphNode_Inguinal_SS2_B134490_D101266_Stromal_C20,18816,TSP14,inguinal lymph node,B cell,Memory_B
ts_immune_all_0701,TSP14_LymphNode_Inguinal_SS2_B134490_D101266_Stromal_D19,18766,TSP14,inguinal lymph node,B cell,Memory_B
ts_immune_all_0701,TSP14_LymphNode_Inguinal_SS2_B134025_D101267_Stromal_E20,4942,TSP14,inguinal lymph node,B cell,Memory_B
ts_immune_all_0701,TSP14_LymphNode_Inguinal_SS2_B134025_D101267_Stromal_D14,4881,TSP14,inguinal lymph node,B cell,Memory_B
ts_immune_all_0701,TSP14_LymphNode_Inguinal_SS2_B134490_D101266_Stromal_B19,18794,TSP14,inguinal lymph node,B cell,Memory_B
ts_immune_all_0701,TSP14_LymphNode_Inguinal_SS2_B134012_D101265_ImmuneLinPos_I21,3474,TSP14,inguinal lymph node,B cell,Memory_B
ts_immune_all_0701,TSP14_LymphNode_Inguinal_SS2_B134025_D101267_ImmuneLinNeg_L22,4914,TSP14,inguinal lymph node,B cell,Memory_B
ts_immune_all_0701,TSP14_LymphNode_Inguinal_SS2_B134490_D101266_Stromal_E12,18855,TSP14,inguinal lymph node,B cell,Memory_B
ts_immune_all_0701,TSP14_LymphNode_Inguinal_SS2_B134025_D101267_Stromal_E14,4921,TSP14,inguinal lymph node,B cell,Memory_B
ts_immune_all_0701,TSP14_LymphNode_Inguinal_SS2_B134025_D101267_Stromal_C9,4876,TSP14,inguinal lymph node,B cell,Memory_B
ts_immune_all_0701,TSP14_LymphNode_Inguinal_SS2_B134012_D101265_ImmuneLinPos_H15,3455,TSP14,inguinal lymph node,B cell,Memory_B
ts_immune_all_0701,TSP14_LymphNode_Inguinal_SS2_B134025_D101267_Stromal_C23,4858,TSP14,inguinal lymph node,B cell,Memory_B
ts_immune_all_0701,TSP14_LymphNode_Inguinal_SS2_B134490_D101266_Stromal_C23,18770,TSP14,inguinal lymph node,B cell,Memory_B
ts_immune_all_0701,TSP14_LymphNode_Inguinal_SS2_B134012_D101265_ImmuneLinPos_O16,3428,TSP14,inguinal lymph node,B cell,Memory_B
ts_immune_all_0701,TSP14_LymphNode_Inguinal_SS2_B134490_D101266_Stromal_E21,18775,TSP14,inguinal lymph node,B cell,Memory_B
ts_immune_all_0701,TSP14_LymphNode_Inguinal_SS2_B134025_D101267_Stromal_C16,4856,TSP14,inguinal lymph node,B cell,Memory_B
ts_immune_all_0701,TSP14_LymphNode_Inguinal_SS2_B134025_D101267_Stromal_C15,4896,TSP14,inguinal lymph node,B cell,Memory_B
ts_immune_all_0701,TSP14_LymphNode_Inguinal_SS2_B134012_D101265_ImmuneLinPos_G19,3482,TSP14,inguinal lymph node,B cell,Memory_B
ts_immune_all_0701,TSP14_LymphNode_Inguinal_SS2_B134490_D101266_Stromal_E23,18853,TSP14,inguinal lymph node,B cell,Memory_B
ts_immune_all_0701,TSP14_LymphNode_Inguinal_SS2_B134025_D101267_Stromal_A15,4972,TSP14,inguinal lymph node,B cell,Memory_B
ts_immune_all_0701,TSP14_LymphNode_Inguinal_SS2_B134012_D101265_Endothelial_C22,3424,TSP14,inguinal lymph node,B cell,Memory_B
ts_immune_all_0701,TSP14_LymphNode_Inguinal_SS2_B134012_D101265_ImmuneLinPos_J21,3532,TSP14,inguinal lymph node,B cell,Memory_B
ts_immune_all_0701,TSP14_LymphNode_Inguinal_SS2_B134012_D101265_ImmuneLinPos_L8,3434,TSP14,inguinal lymph node,B cell,Memory_B
ts_immune_all_0701,TSP14_LymphNode_Inguinal_SS2_B134490_D101266_ImmuneLinNeg_O16,18912,TSP14,inguinal lymph node,B cell,Memory_B
ts_immune_all_0701,TSP14_LymphNode_Inguinal_SS2_B134490_D101266_Stromal_A22,18900,TSP14,inguinal lymph node,B cell,Memory_B
ts_immune_all_0701,TSP14_LymphNode_Inguinal_SS2_B134012_D101265_ImmuneLinPos_P7,3518,TSP14,inguinal lymph node,B cell,Memory_B
ts_immune_all_0701,TSP14_LymphNode_Inguinal_SS2_B134490_D101266_Stromal_E18,18801,TSP14,inguinal lymph node,B cell,Memory_B
ts_immune_all_1353,TSP25_SalivaryGland_Sublingual_10X_1_1_ATTTACCAGCCACAAG,472656,TSP25,sublingual gland,"CD4-positive, alpha-beta T cell",Naive_CD4
ts_immune_all_1353,TSP25_SalivaryGland_Sublingual_10X_1_1_GGACGTCTCGAGAGAC,473252,TSP25,sublingual gland,"CD4-positive, alpha-beta T cell",Naive_CD4
ts_immune_all_1353,TSP25_SalivaryGland_Sublingual_10X_1_1_GATAGAATCACCTACC,473160,TSP25,sublingual gland,"CD4-positive, alpha-beta T cell",Naive_CD4
ts_immune_all_1353,TSP25_SalivaryGland_Sublingual_10X_1_1_CCGATCTGTGACTCTA,472811,TSP25,sublingual gland,"CD4-positive, alpha-beta T cell",Naive_CD4
ts_immune_all_1353,TSP25_SalivaryGland_Sublingual_10X_1_1_TGTAACGTCCGAGATT,473742,TSP25,sublingual gland,"CD4-positive, alpha-beta T cell",Naive_CD4
ts_immune_all_1353,TSP25_SalivaryGland_Sublingual_10X_1_1_ATTGGGTCAGACCAAG,472652,TSP25,sublingual gland,"CD4-positive, alpha-beta T cell",Naive_CD4
ts_immune_all_1353,TSP25_SalivaryGland_Sublingual_10X_1_1_GTTGTGACACCGTGGT,473440,TSP25,sublingual gland,"CD4-positive, alpha-beta T cell",Naive_CD4
ts_immune_all_1353,TSP25_SalivaryGland_Sublingual_10X_1_1_AGAGAATTCTTACTGT,472485,TSP25,sublingual gland,"CD4-positive, alpha-beta T cell",Naive_CD4
ts_immune_all_1353,TSP25_SalivaryGland_Sublingual_10X_1_1_TGGGATTTCAAATAGG,473730,TSP25,sublingual gland,"CD4-positive, alpha-beta T cell",Naive_CD4
ts_immune_all_1353,TSP25_SalivaryGland_Sublingual_10X_1_1_TCTGTCGGTCGAACGA,473641,TSP25,sublingual gland,"CD4-positive, alpha-beta T cell",Naive_CD4
ts_immune_all_1353,TSP25_SalivaryGland_Sublingual_10X_1_1_GAAGGACGTGTCTAAC,473084,TSP25,sublingual gland,"CD4-positive, alpha-beta T cell",Naive_CD4
ts_immune_all_1353,TSP25_SalivaryGland_Sublingual_10X_1_1_GGGTCACAGCTGAGCA,473306,TSP25,sublingual gland,"CD4-positive, alpha-beta T cell",Naive_CD4
ts_immune_all_1353,TSP25_SalivaryGland_Sublingual_10X_1_1_CAGTTAGCAAGAGGTC,472732,TSP25,sublingual gland,"CD4-positive, alpha-beta T cell",Naive_CD4
ts_immune_all_1353,TSP25_SalivaryGland_Sublingual_10X_1_1_CAACAGTCATTATGCG,472666,TSP25,sublingual gland,"CD4-positive, alpha-beta T cell",Naive_CD4
ts_immune_all_1353,TSP25_SalivaryGland_Sublingual_10X_1_1_TGTACAGCAGCTGAGA,473745,TSP25,sublingual gland,"CD4-positive, alpha-beta T cell",Naive_CD4
ts_immune_all_1353,TSP25_SalivaryGland_Sublingual_10X_1_1_CGGGCATGTACGATGG,472909,TSP25,sublingual gland,"CD4-positive, alpha-beta T cell",Naive_CD4
ts_immune_all_1353,TSP25_SalivaryGland_Sublingual_10X_1_1_TGTGGCGAGCGAGGAG,473762,TSP25,sublingual gland,"CD4-positive, alpha-beta T cell",Naive_CD4
ts_immune_all_1353,TSP25_SalivaryGland_Sublingual_10X_1_1_ACCTACCCACATATCG,472397,TSP25,sublingual gland,"CD4-positive, alpha-beta T cell",Naive_CD4
ts_immune_all_1353,TSP25_SalivaryGland_Sublingual_10X_1_1_CTGCATCCATCGGTTA,473022,TSP25,sublingual gland,"CD4-positive, alpha-beta T cell",Naive_CD4
ts_immune_all_1353,TSP25_SalivaryGland_Sublingual_10X_1_1_GGGCTCACACCTGCGA,473299,TSP25,sublingual gland,"CD4-positive, alpha-beta T cell",Naive_CD4
ts_immune_all_1353,TSP25_SalivaryGland_Sublingual_10X_1_1_TGATCTTCATCATGAC,473685,TSP25,sublingual gland,"CD4-positive, alpha-beta T cell",Naive_CD4
ts_immune_all_1353,TSP25_SalivaryGland_Sublingual_10X_1_1_CGCGTGAGTGTTGCCG,472895,TSP25,sublingual gland,"CD4-positive, alpha-beta T cell",Naive_CD4
ts_immune_all_1353,TSP25_SalivaryGland_Sublingual_10X_1_1_AGGACTTAGTGCCAGA,472517,TSP25,sublingual gland,"CD4-positive, alpha-beta T cell",Naive_CD4
ts_immune_all_1353,TSP25_SalivaryGland_Sublingual_10X_1_1_ATGCGATTCAGGGTAG,472624,TSP25,sublingual gland,"CD4-positive, alpha-beta T cell",Naive_CD4
ts_immune_all_1353,TSP25_SalivaryGland_Sublingual_10X_1_1_CACAGATTCCTACGAA,472690,TSP25,sublingual gland,"CD4-positive, alpha-beta T cell",Naive_CD4
ts_immune_all_1353,TSP25_SalivaryGland_Sublingual_10X_1_1_GGAGAACAGTGGTTAA,473253,TSP25,sublingual gland,"CD4-positive, alpha-beta T cell",Naive_CD4
ts_immune_all_1353,TSP25_SalivaryGland_Sublingual_10X_1_1_GTTGCGGAGGATGGCT,473434,TSP25,sublingual gland,"CD4-positive, alpha-beta T cell",Naive_CD4
ts_immune_all_1353,TSP25_SalivaryGland_Sublingual_10X_1_1_CGAATTGAGTAGATCA,472855,TSP25,sublingual gland,"CD4-positive, alpha-beta T cell",Naive_CD4
ts_immune_all_1353,TSP25_SalivaryGland_Sublingual_10X_1_1_TCGTGGGGTAAGGCCA,473620,TSP25,sublingual gland,"CD4-positive, alpha-beta T cell",Naive_CD4
ts_immune_all_1353,TSP25_SalivaryGland_Sublingual_10X_1_1_AGTAGCTCAACATCGT,472554,TSP25,sublingual gland,"CD4-positive, alpha-beta T cell",Naive_CD4
ts_immune_all_1353,TSP25_SalivaryGland_Sublingual_10X_1_1_CCCTGATTCCATACAG,472805,TSP25,sublingual gland,"CD4-positive, alpha-beta T cell",Naive_CD4
ts_immune_all_1353,TSP25_SalivaryGland_Sublingual_10X_1_1_CACATGATCACGTAGT,472693,TSP25,sublingual gland,"CD4-positive, alpha-beta T cell",Naive_CD4
ts_immune_all_1353,TSP25_SalivaryGland_Sublingual_10X_1_1_TTCACCGCAGGTCAGA,473804,TSP25,sublingual gland,"CD4-positive, alpha-beta T cell",Naive_CD4
ts_immune_all_1353,TSP25_SalivaryGland_Sublingual_10X_1_1_GTAATCGGTACGGGAT,473339,TSP25,sublingual gland,"CD4-positive, alpha-beta T cell",Naive_CD4
ts_immune_all_1353,TSP25_SalivaryGland_Sublingual_10X_1_1_TACTTGTTCTACACAG,473488,TSP25,sublingual gland,"CD4-positive, alpha-beta T cell",Naive_CD4
ts_immune_all_1353,TSP25_SalivaryGland_Sublingual_10X_1_1_GTATTTCAGCACACAG,473356,TSP25,sublingual gland,"CD4-positive, alpha-beta T cell",Naive_CD4
ts_immune_all_1353,TSP25_SalivaryGland_Sublingual_10X_1_1_GTGTCCTCACGGTGAA,473408,TSP25,sublingual gland,"CD4-positive, alpha-beta T cell",Naive_CD4
ts_immune_all_1353,TSP25_SalivaryGland_Sublingual_10X_1_1_AGACCCGCACGTACTA,472475,TSP25,sublingual gland,"CD4-positive, alpha-beta T cell",Naive_CD4
ts_immune_all_1353,TSP25_SalivaryGland_Sublingual_10X_1_1_TGTCCTGGTCGCGTCA,473753,TSP25,sublingual gland,"CD4-positive, alpha-beta T cell",Naive_CD4
ts_immune_all_1353,TSP25_SalivaryGland_Sublingual_10X_1_1_CGTAGTAGTTAATCGC,472924,TSP25,sublingual gland,"CD4-positive, alpha-beta T cell",Naive_CD4
ts_immune_all_1353,TSP25_SalivaryGland_Sublingual_10X_1_1_TTAGGGTAGACTTAAG,473795,TSP25,sublingual gland,"CD4-positive, alpha-beta T cell",Naive_CD4
ts_immune_all_1353,TSP25_SalivaryGland_Sublingual_10X_1_1_TTTATGCAGCTAGAGC,473889,TSP25,sublingual gland,"CD4-positive, alpha-beta T cell",Naive_CD4
ts_immune_all_1353,TSP25_SalivaryGland_Sublingual_10X_1_1_CATGGTACAGATCCAT,472758,TSP25,sublingual gland,"CD4-positive, alpha-beta T cell",Naive_CD4
ts_immune_all_1353,TSP25_SalivaryGland_Sublingual_10X_1_1_CGTAAGTAGGACAGTC,472919,TSP25,sublingual gland,"CD4-positive, alpha-beta T cell",Naive_CD4
ts_immune_all_1353,TSP25_SalivaryGland_Sublingual_10X_1_1_CGTGATAAGCAAGGAA,472929,TSP25,sublingual gland,"CD4-positive, alpha-beta T cell",Naive_CD4
ts_immune_all_1353,TSP25_SalivaryGland_Sublingual_10X_1_1_CAATACGTCGTTAGAC,472682,TSP25,sublingual gland,"CD4-positive, alpha-beta T cell",Naive_CD4
ts_immune_all_1353,TSP25_SalivaryGland_Sublingual_10X_1_1_TCCCATGTCCCTTTGG,473579,TSP25,sublingual gland,"CD4-positive, alpha-beta T cell",Naive_CD4
ts_immune_all_1353,TSP25_SalivaryGland_Sublingual_10X_1_1_GTAATCGGTCAAGTTC,473340,TSP25,sublingual gland,"CD4-positive, alpha-beta T cell",Naive_CD4
ts_immune_all_1353,TSP25_SalivaryGland_Sublingual_10X_1_1_CTTTCGGCACGACAAG,473065,TSP25,sublingual gland,"CD4-positive, alpha-beta T cell",Naive_CD4
ts_immune_all_1353,TSP25_SalivaryGland_Sublingual_10X_1_1_GGCAGTCTCTTCCTAA,473273,TSP25,sublingual gland,"CD4-positive, alpha-beta T cell",Naive_CD4
ts_immune_all_1506,TSP25_Bladder_NA_10X_1_2_GTATTGGGTTTCGTGA,120547,TSP25,bladder organ,B cell,Memory_B
ts_immune_all_1506,TSP25_Bladder_NA_10X_1_2_TCAGTGATCTATTGTC,120751,TSP25,bladder organ,B cell,Memory_B
ts_immune_all_1506,TSP25_Bladder_NA_10X_1_2_CATTCCGTCCATCACC,120016,TSP25,bladder organ,B cell,Memory_B
ts_immune_all_1506,TSP25_Bladder_NA_10X_1_2_TATTTCGGTTCTATCT,120716,TSP25,bladder organ,B cell,Memory_B
ts_immune_all_1506,TSP25_Bladder_NA_10X_1_2_AAAGGATGTGTCCACG,119545,TSP25,bladder organ,B cell,Memory_B
ts_immune_all_1506,TSP25_Bladder_NA_10X_1_2_AGTCATGCAGAAGTTA,119812,TSP25,bladder organ,B cell,Memory_B
ts_immune_all_1506,TSP25_Bladder_NA_10X_1_2_TGTCCCAAGCCTGAAG,120937,TSP25,bladder organ,B cell,Memory_B
ts_immune_all_1506,TSP25_Bladder_NA_10X_1_2_GTGGTTAAGACATATG,120608,TSP25,bladder organ,B cell,Memory_B
ts_immune_all_1506,TSP25_Bladder_NA_10X_1_1_TGCATGAGTTCGGTCG,567113,TSP25,bladder organ,B cell,Memory_B
ts_immune_all_1506,TSP25_Bladder_NA_10X_1_2_GTCTGTCGTTGACTGT,120581,TSP25,bladder organ,B cell,Memory_B
ts_immune_all_1506,TSP25_Bladder_NA_10X_1_1_GTAGCTAAGTGGACGT,566767,TSP25,bladder organ,B cell,Memory_B
ts_immune_all_1506,TSP25_Bladder_NA_10X_1_1_GAAGTAATCCGCACGA,566516,TSP25,bladder organ,B cell,Memory_B
ts_immune_all_1506,TSP25_Bladder_NA_10X_1_2_AGTAGCTGTGTAGCAG,119801,TSP25,bladder organ,B cell,Memory_B
ts_immune_all_1506,TSP25_Bladder_NA_10X_1_1_CAAGCTAAGGGTCTTT,566150,TSP25,bladder organ,B cell,Memory_B
ts_immune_all_1506,TSP25_Bladder_NA_10X_1_2_AGAGAGCAGGTTCTTG,119722,TSP25,bladder organ,B cell,Memory_B
ts_immune_all_1506,TSP25_Bladder_NA_10X_1_2_ACGTACAAGCAAACAT,119670,TSP25,bladder organ,B cell,Memory_B
ts_immune_all_1506,TSP25_Bladder_NA_10X_1_2_ATCAGGTAGGGCAGAG,119849,TSP25,bladder organ,B cell,Memory_B
ts_immune_all_1506,TSP25_Bladder_NA_10X_1_2_CCTCTAGTCCGCTAGG,120095,TSP25,bladder organ,B cell,Memory_B
ts_immune_all_1506,TSP25_Bladder_NA_10X_1_2_GGTAGAGGTAGAGATT,120494,TSP25,bladder organ,B cell,Memory_B
ts_immune_all_1506,TSP25_Bladder_NA_10X_1_1_GCACATATCGCGTGCA,566600,TSP25,bladder organ,B cell,Memory_B
ts_immune_all_1506,TSP25_Bladder_NA_10X_1_2_ATGGGAGGTGCATACT,119895,TSP25,bladder organ,B cell,Memory_B
ts_immune_all_1506,TSP25_Bladder_NA_10X_1_2_GTTGTAGTCAACGAGG,120647,TSP25,bladder organ,B cell,Memory_B
ts_immune_all_1506,TSP25_Bladder_NA_10X_1_2_CTCATCGGTATTTCCT,120217,TSP25,bladder organ,B cell,Memory_B
ts_immune_all_1506,TSP25_Bladder_NA_10X_1_2_CAAGGGACATGTCAGT,119937,TSP25,bladder organ,B cell,Memory_B
ts_immune_all_1506,TSP25_Bladder_NA_10X_1_2_CTTTCGGTCGTGGGTC,120278,TSP25,bladder organ,B cell,Memory_B
ts_immune_all_1506,TSP25_Bladder_NA_10X_1_2_TACTGCCGTCAGTCCG,120693,TSP25,bladder organ,B cell,Memory_B
ts_immune_all_1506,TSP25_Bladder_NA_10X_1_1_GTTAGACAGTTAGTAG,566846,TSP25,bladder organ,B cell,Memory_B
ts_immune_all_1506,TSP25_Bladder_NA_10X_1_2_TCTTTGAGTCAAAGTA,120854,TSP25,bladder organ,B cell,Memory_B
ts_immune_all_1506,TSP25_Bladder_NA_10X_1_1_ACCATTTCAAGCTACT,565894,TSP25,bladder organ,B cell,Memory_B
ts_immune_all_1506,TSP25_Bladder_NA_10X_1_1_GTACAGTCAGATCCAT,566763,TSP25,bladder organ,B cell,Memory_B
ts_immune_all_1506,TSP25_Bladder_NA_10X_1_1_ATGATCGTCGGTAACT,566096,TSP25,bladder organ,B cell,Memory_B
ts_immune_all_1506,TSP25_Bladder_NA_10X_1_2_TCAAGCATCACCGCTT,120718,TSP25,bladder organ,B cell,Memory_B
ts_immune_all_1506,TSP25_Bladder_NA_10X_1_2_GAGGCCTAGTGTTGAA,120333,TSP25,bladder organ,B cell,Memory_B
ts_immune_all_1506,TSP25_Bladder_NA_10X_1_1_GTGGCGTAGCCACTCG,566828,TSP25,bladder organ,B cell,Memory_B
ts_immune_all_1506,TSP25_Bladder_NA_10X_1_1_AACCAACGTCGTGGAA,565819,TSP25,bladder organ,B cell,Memory_B
ts_immune_all_1506,TSP25_Bladder_NA_10X_1_2_AATGAAGGTTGTCATG,119606,TSP25,bladder organ,B cell,Memory_B
ts_immune_all_1506,TSP25_Bladder_NA_10X_1_2_CACCGTTTCATCTCTA,119953,TSP25,bladder organ,B cell,Memory_B
ts_immune_all_1506,TSP25_Bladder_NA_10X_1_1_GATCAGTGTCTCTCAC,566580,TSP25,bladder organ,B cell,Memory_B
ts_immune_all_1506,TSP25_Bladder_NA_10X_1_1_ATCTCTAGTAGGTGCA,566082,TSP25,bladder organ,B cell,Memory_B
ts_immune_all_1506,TSP25_Bladder_NA_10X_1_1_GTAGTACTCACCATGA,566771,TSP25,bladder organ,B cell,Memory_B
ts_immune_all_1506,TSP25_Bladder_NA_10X_1_1_CATTCTATCGGTGTTA,566249,TSP25,bladder organ,B cell,Memory_B
ts_immune_all_1506,TSP25_Bladder_NA_10X_1_2_AGTTCGACATACCATG,119824,TSP25,bladder organ,B cell,Memory_B
ts_immune_all_1506,TSP25_Bladder_NA_10X_1_2_CATGCCTCATCGGTTA,120010,TSP25,bladder organ,B cell,Memory_B
ts_immune_all_1506,TSP25_Bladder_NA_10X_1_1_GATCACAGTAGACAAT,566577,TSP25,bladder organ,B cell,Memory_B
ts_immune_all_1506,TSP25_Bladder_NA_10X_1_2_GCCCAGAAGCTGGAGT,120401,TSP25,bladder organ,B cell,Memory_B
ts_immune_all_1506,TSP25_Bladder_NA_10X_1_2_CGGAACCTCGTGTTCC,120146,TSP25,bladder organ,B cell,Memory_B
ts_immune_all_1506,TSP25_Bladder_NA_10X_1_1_TGCATCCAGTCATGCT,567112,TSP25,bladder organ,B cell,Memory_B
ts_immune_all_1506,TSP25_Bladder_NA_10X_1_2_ACGATGTCACTGCACG,119655,TSP25,bladder organ,B cell,Memory_B
ts_immune_all_1506,TSP25_Bladder_NA_10X_1_1_GTAACACTCAGTCATG,566750,TSP25,bladder organ,B cell,Memory_B
ts_immune_all_1506,TSP25_Bladder_NA_10X_1_2_TGAGCATAGATTAGAC,120875,TSP25,bladder organ,B cell,Memory_B
ts_immune_all_1452,TSP25_Muscle_Abdomen_10X_1_1_CATCGCTGTGGGTCAA,373922,TSP25,muscle of abdomen,macrophage,Macrophage
ts_immune_all_1452,TSP25_Muscle_Abdomen_10X_1_1_CACATGACACGACCTG,373918,TSP25,muscle of abdomen,macrophage,Macrophage
ts_immune_all_1452,TSP25_Muscle_Abdomen_10X_1_1_ATTCGTTGTCGGTACC,373913,TSP25,muscle of abdomen,macrophage,Macrophage
ts_immune_all_1452,TSP25_Muscle_Abdomen_10X_1_1_CCTCATGCATAGAGGC,373931,TSP25,muscle of abdomen,macrophage,Macrophage
ts_immune_all_1452,TSP25_Muscle_Abdomen_10X_1_1_AGACTCAGTCAAAGCG,373901,TSP25,muscle of abdomen,macrophage,Macrophage
ts_immune_all_1452,TSP25_Muscle_Abdomen_10X_1_1_TGTCCCAGTACCGGCT,373989,TSP25,muscle of abdomen,macrophage,Macrophage
ts_immune_all_1452,TSP25_Muscle_Abdomen_10X_1_1_AAGCCATCAATAAGGT,373892,TSP25,muscle of abdomen,macrophage,Macrophage
ts_immune_all_1452,TSP25_Muscle_Abdomen_10X_1_1_GGAATCTTCTGTCCGT,373956,TSP25,muscle of abdomen,macrophage,Macrophage
ts_immune_all_1452,TSP25_Muscle_Abdomen_10X_1_1_TCATCCGAGACCTGGA,373976,TSP25,muscle of abdomen,macrophage,Macrophage
ts_immune_all_1452,TSP25_Muscle_Abdomen_10X_1_1_TTTGATCGTTGCTCGG,373998,TSP25,muscle of abdomen,macrophage,Macrophage
ts_immune_all_1452,TSP25_Muscle_Abdomen_10X_1_1_TTCGATTTCGCAATTG,373992,TSP25,muscle of abdomen,macrophage,Macrophage
ts_immune_all_1452,TSP25_Muscle_Abdomen_10X_1_1_CTCCGATCAGAGATGC,373939,TSP25,muscle of abdomen,macrophage,Macrophage
ts_immune_all_1452,TSP25_Muscle_Abdomen_10X_1_1_TCAGCAACATGGGCAA,373971,TSP25,muscle of abdomen,macrophage,Macrophage
ts_immune_all_1452,TSP25_Muscle_Abdomen_10X_1_1_CCTAACCTCTCATGGA,373929,TSP25,muscle of abdomen,macrophage,Macrophage
ts_immune_all_1452,TSP25_Muscle_Abdomen_10X_1_1_GTCAAGTGTATGAGAT,373960,TSP25,muscle of abdomen,macrophage,Macrophage
ts_immune_all_1452,TSP25_Muscle_Abdomen_10X_1_1_TCATCATTCGTGGCGT,373975,TSP25,muscle of abdomen,macrophage,Macrophage
ts_immune_all_1452,TSP25_Muscle_Abdomen_10X_1_1_TCTAACTCAGGCGAAT,373981,TSP25,muscle of abdomen,macrophage,Macrophage
ts_immune_all_1452,TSP25_Muscle_Abdomen_10X_1_1_ACATCCCTCGTAGTGT,373895,TSP25,muscle of abdomen,macrophage,Macrophage
ts_immune_all_1452,TSP25_Muscle_Abdomen_10X_1_1_ACTATCTTCAGAGTTC,373898,TSP25,muscle of abdomen,macrophage,Macrophage
ts_immune_all_1452,TSP25_Muscle_Abdomen_10X_1_1_CTAACTTAGGGACACT,373934,TSP25,muscle of abdomen,macrophage,Macrophage
ts_immune_all_1452,TSP25_Muscle_Abdomen_10X_1_1_TTTATGCCAAACGGCA,373995,TSP25,muscle of abdomen,macrophage,Macrophage
ts_immune_all_1452,TSP25_Muscle_Abdomen_10X_1_1_GCAGCTGCAGAGGCAT,373954,TSP25,muscle of abdomen,macrophage,Macrophage
ts_immune_all_1452,TSP25_Muscle_Abdomen_10X_1_1_GGTGTCGTCATAGGCT,373959,TSP25,muscle of abdomen,macrophage,Macrophage
ts_immune_all_1452,TSP25_Muscle_Abdomen_10X_1_1_CTAACCCAGAAATTGC,373933,TSP25,muscle of abdomen,macrophage,Macrophage
ts_immune_all_1452,TSP25_Muscle_Abdomen_10X_1_1_AGAACCTGTGGCTCTG,373900,TSP25,muscle of abdomen,macrophage,Macrophage
ts_immune_all_1452,TSP25_Muscle_Abdomen_10X_1_1_TCGCAGGAGCTGCCTG,373980,TSP25,muscle of abdomen,macrophage,Macrophage
ts_immune_all_1452,TSP25_Muscle_Abdomen_10X_1_1_AGTACCATCCAACTAG,373908,TSP25,muscle of abdomen,macrophage,Macrophage
ts_immune_all_1452,TSP25_Muscle_Abdomen_10X_1_1_GATCCCTTCTTGTGCC,373952,TSP25,muscle of abdomen,macrophage,Macrophage
ts_immune_all_1452,TSP25_Muscle_Abdomen_10X_1_1_CTCAGAAGTTCTCTCG,373936,TSP25,muscle of abdomen,macrophage,Macrophage
ts_immune_all_1452,TSP25_Muscle_Abdomen_10X_1_1_CTGGACGAGGGATCAC,373943,TSP25,muscle of abdomen,macrophage,Macrophage
ts_immune_all_1452,TSP25_Muscle_Abdomen_10X_1_1_TTTAGTCGTTCTCTAT,373994,TSP25,muscle of abdomen,macrophage,Macrophage
ts_immune_all_1452,TSP25_Muscle_Abdomen_10X_1_1_AGGTCTAGTTGTCTAG,373906,TSP25,muscle of abdomen,macrophage,Macrophage
ts_immune_all_1452,TSP25_Muscle_Abdomen_10X_1_1_CTGCATCGTTAAGGGC,373942,TSP25,muscle of abdomen,macrophage,Macrophage
ts_immune_all_1452,TSP25_Muscle_Abdomen_10X_1_1_TCTAACTGTTCGGACC,373982,TSP25,muscle of abdomen,macrophage,Macrophage
ts_immune_all_1452,TSP25_Muscle_Abdomen_10X_1_1_TAGATCGCAGCTGTAT,373967,TSP25,muscle of abdomen,macrophage,Macrophage
ts_immune_all_1452,TSP25_Muscle_Abdomen_10X_1_1_CAAAGAATCGACGATT,373914,TSP25,muscle of abdomen,macrophage,Macrophage
ts_immune_all_1452,TSP25_Muscle_Abdomen_10X_1_1_TTAATCCAGCTCGAAG,373990,TSP25,muscle of abdomen,macrophage,Macrophage
ts_immune_all_1452,TSP25_Muscle_Abdomen_10X_1_1_GGTAACTAGTTACGGG,373957,TSP25,muscle of abdomen,macrophage,Macrophage
ts_immune_all_1452,TSP25_Muscle_Abdomen_10X_1_1_CTCCCAAGTGGTTTGT,373938,TSP25,muscle of abdomen,macrophage,Macrophage
ts_immune_all_1452,TSP25_Muscle_Abdomen_10X_1_1_CTACCTGGTTACTCAG,373935,TSP25,muscle of abdomen,macrophage,Macrophage
ts_immune_all_1452,TSP25_Muscle_Abdomen_10X_1_1_CCTACGTAGTGCAAAT,373930,TSP25,muscle of abdomen,macrophage,Macrophage
ts_immune_all_1452,TSP25_Muscle_Abdomen_10X_1_1_TTACCATGTGTCCACG,373991,TSP25,muscle of abdomen,macrophage,Macrophage
ts_immune_all_1452,TSP25_Muscle_Abdomen_10X_1_1_TCACGCTGTCGAATTC,373969,TSP25,muscle of abdomen,macrophage,Macrophage
ts_immune_all_1452,TSP25_Muscle_Abdomen_10X_1_1_GATCAGTCATGAAGCG,373951,TSP25,muscle of abdomen,macrophage,Macrophage
ts_immune_all_1452,TSP25_Muscle_Abdomen_10X_1_1_ACCTGTCAGTGAGCCA,373896,TSP25,muscle of abdomen,macrophage,Macrophage
ts_immune_all_1452,TSP25_Muscle_Abdomen_10X_1_1_TCATTTGGTTACAGCT,373977,TSP25,muscle of abdomen,macrophage,Macrophage
ts_immune_all_1452,TSP25_Muscle_Abdomen_10X_1_1_CTTGAGAAGATCGACG,373945,TSP25,muscle of abdomen,macrophage,Macrophage
ts_immune_all_1452,TSP25_Muscle_Abdomen_10X_1_1_TTGACCCTCTGCATAG,373993,TSP25,muscle of abdomen,macrophage,Macrophage
ts_immune_all_1452,TSP25_Muscle_Abdomen_10X_1_1_TCATTTGGTTGAGTCT,373978,TSP25,muscle of abdomen,macrophage,Macrophage
ts_immune_all_1452,TSP25_Muscle_Abdomen_10X_1_1_AGGTCTACAGTTAGAA,373905,TSP25,muscle of abdomen,macrophage,Macrophage
ts_immune_all_1088,TSP21_Vasculature_CoronaryArteries_10X_2_1_CAACAACCACAGTCGC,367965,TSP21,coronary artery,"CD8-positive, alpha-beta T cell",Memory_CD4
ts_immune_all_1088,TSP21_Vasculature_CoronaryArteries_10X_1_1_TTGTGTTTCTAGGCCG,445174,TSP21,coronary artery,"CD8-positive, alpha-beta T cell",Memory_CD4
ts_immune_all_1088,TSP21_Vasculature_CoronaryArteries_10X_1_1_ATCCCTGTCTTCCTAA,445012,TSP21,coronary artery,"CD8-positive, alpha-beta T cell",Memory_CD4
ts_immune_all_1088,TSP21_Vasculature_CoronaryArteries_10X_2_1_AGTGTTGCACCTGTCT,367958,TSP21,coronary artery,"CD8-positive, alpha-beta T cell",Memory_CD4
ts_immune_all_1088,TSP21_Vasculature_CoronaryArteries_10X_1_1_ATCTTCAAGCCTGTCG,445015,TSP21,coronary artery,"CD8-positive, alpha-beta T cell",Memory_CD4
ts_immune_all_1088,TSP21_Vasculature_CoronaryArteries_10X_1_1_GCATTAGAGGAAAGGT,445092,TSP21,coronary artery,"CD8-positive, alpha-beta T cell",Memory_CD4
ts_immune_all_1088,TSP21_Vasculature_CoronaryArteries_10X_1_1_CTGTCGTTCGTAGGAG,445074,TSP21,coronary artery,"CD8-positive, alpha-beta T cell",Memory_CD4
ts_immune_all_1088,TSP21_Vasculature_CoronaryArteries_10X_1_1_CTATCCGCAGCAGTGA,445064,TSP21,coronary artery,"CD8-positive, alpha-beta T cell",Memory_CD4
ts_immune_all_1088,TSP21_Vasculature_CoronaryArteries_10X_1_1_AAGACAACAACAGCCC,444974,TSP21,coronary artery,"CD8-positive, alpha-beta T cell",Memory_CD4
ts_immune_all_1088,TSP21_Vasculature_CoronaryArteries_10X_1_1_AATCGACGTACGTGAG,444980,TSP21,coronary artery,"CD8-positive, alpha-beta T cell",Memory_CD4
ts_immune_all_1088,TSP21_Vasculature_CoronaryArteries_10X_1_1_ACTCTCGCAGTTCCAA,444990,TSP21,coronary artery,"CD8-positive, alpha-beta T cell",Memory_CD4
ts_immune_all_1088,TSP21_Vasculature_CoronaryArteries_10X_2_1_CCACGAGCACGCTGTG,367978,TSP21,coronary artery,"CD8-positive, alpha-beta T cell",Memory_CD4
ts_immune_all_1088,TSP21_Vasculature_CoronaryArteries_10X_1_1_TGCAGTAAGGATTTAG,445154,TSP21,coronary artery,"CD8-positive, alpha-beta T cell",Memory_CD4
ts_immune_all_1088,TSP21_Vasculature_CoronaryArteries_10X_1_1_CGTTCTGCAACCGGAA,445060,TSP21,coronary artery,"CD8-positive, alpha-beta T cell",Memory_CD4
ts_immune_all_1088,TSP21_Vasculature_CoronaryArteries_10X_2_1_GAGTTGTCACTGTGAT,368008,TSP21,coronary artery,"CD8-positive, alpha-beta T cell",Memory_CD4
ts_immune_all_1088,TSP21_Vasculature_CoronaryArteries_10X_2_1_CAGAGCCTCTGTACAG,367973,TSP21,coronary artery,"CD8-positive, alpha-beta T cell",Memory_CD4
ts_immune_all_1088,TSP21_Vasculature_CoronaryArteries_10X_2_1_CCTCTAGTCTCAGTCC,367985,TSP21,coronary artery,"CD8-positive, alpha-beta T cell",Memory_CD4
ts_immune_all_1088,TSP21_Vasculature_CoronaryArteries_10X_1_1_GTCGTTCGTTCAAGGG,445114,TSP21,coronary artery,"CD8-positive, alpha-beta T cell",Memory_CD4
ts_immune_all_1088,TSP21_Vasculature_CoronaryArteries_10X_1_1_CACGAATCAACACACT,445028,TSP21,coronary artery,"CD8-positive, alpha-beta T cell",Memory_CD4
ts_immune_all_1088,TSP21_Vasculature_CoronaryArteries_10X_2_1_AATGCCATCTCAATCT,367938,TSP21,coronary artery,"CD8-positive, alpha-beta T cell",Memory_CD4
ts_immune_all_1088,TSP21_Vasculature_CoronaryArteries_10X_2_1_TGCTGAATCAAGTGGG,368051,TSP21,coronary artery,"CD8-positive, alpha-beta T cell",Memory_CD4
ts_immune_all_1088,TSP21_Vasculature_CoronaryArteries_10X_1_1_GATAGCTAGAGAGTTT,445085,TSP21,coronary artery,"CD8-positive, alpha-beta T cell",Memory_CD4
ts_immune_all_1088,TSP21_Vasculature_CoronaryArteries_10X_1_1_CTCATTATCTATACTC,445069,TSP21,coronary artery,"CD8-positive, alpha-beta T cell",Memory_CD4
ts_immune_all_1088,TSP21_Vasculature_CoronaryArteries_10X_1_1_AGGTCTACACGCTGTG,445001,TSP21,coronary artery,"CD8-positive, alpha-beta T cell",Memory_CD4
ts_immune_all_1088,TSP21_Vasculature_CoronaryArteries_10X_1_1_CTACTATTCCCGAGTG,445063,TSP21,coronary artery,"CD8-positive, alpha-beta T cell",Memory_CD4
ts_immune_all_1088,TSP21_Vasculature_CoronaryArteries_10X_1_1_TCAGGTAGTCGTGCCA,445136,TSP21,coronary artery,"CD8-positive, alpha-beta T cell",Memory_CD4
ts_immune_all_1088,TSP21_Vasculature_CoronaryArteries_10X_1_1_ATCCATTTCTCCCATG,445011,TSP21,coronary artery,"CD8-positive, alpha-beta T cell",Memory_CD4
ts_immune_all_1088,TSP21_Vasculature_CoronaryArteries_10X_1_1_TTCCTAATCCACTTCG,445167,TSP21,coronary artery,"CD8-positive, alpha-beta T cell",Memory_CD4
ts_immune_all_1088,TSP21_Vasculature_CoronaryArteries_10X_2_1_CACGTGGTCGAGATAA,367970,TSP21,coronary artery,"CD8-positive, alpha-beta T cell",Memory_CD4
ts_immune_all_1088,TSP21_Vasculature_CoronaryArteries_10X_2_1_ACGGTTACAATAGTCC,367940,TSP21,coronary artery,"CD8-positive, alpha-beta T cell",Memory_CD4
ts_immune_all_1088,TSP21_Vasculature_CoronaryArteries_10X_2_1_TCCAGAACACTAGTAC,368039,TSP21,coronary artery,"CD8-positive, alpha-beta T cell",Memory_CD4
ts_immune_all_1088,TSP21_Vasculature_CoronaryArteries_10X_1_1_TCTGGCTAGCTTAAGA,445145,TSP21,coronary artery,"CD8-positive, alpha-beta T cell",Memory_CD4
ts_immune_all_1088,TSP21_Vasculature_CoronaryArteries_10X_2_1_CTGTATTTCTTACCAT,368002,TSP21,coronary artery,"CD8-positive, alpha-beta T cell",Memory_CD4
ts_immune_all_1088,TSP21_Vasculature_CoronaryArteries_10X_1_1_CTGGACGCACCACTGG,445072,TSP21,coronary artery,"CD8-positive, alpha-beta T cell",Memory_CD4
ts_immune_all_1088,TSP21_Vasculature_CoronaryArteries_10X_2_1_TGATCAGTCCGATCTC,368049,TSP21,coronary artery,"CD8-positive, alpha-beta T cell",Memory_CD4
ts_immune_all_1088,TSP21_Vasculature_CoronaryArteries_10X_1_1_AGAAATGAGCAGCCTC,444992,TSP21,coronary artery,"CD8-positive, alpha-beta T cell",Memory_CD4
ts_immune_all_1088,TSP21_Vasculature_CoronaryArteries_10X_2_1_ACTCCCAAGCACCGTC,367945,TSP21,coronary artery,"CD8-positive, alpha-beta T cell",Memory_CD4
ts_immune_all_1088,TSP21_Vasculature_CoronaryArteries_10X_1_1_GGGTAGAAGTTGTAGA,445103,TSP21,coronary artery,"CD8-positive, alpha-beta T cell",Memory_CD4
ts_immune_all_1088,TSP21_Vasculature_CoronaryArteries_10X_1_1_AGTGATCTCTCCCTAG,445004,TSP21,coronary artery,"CD8-positive, alpha-beta T cell",Memory_CD4
ts_immune_all_1088,TSP21_Vasculature_CoronaryArteries_10X_1_1_GTGCTGGTCACAGTGT,445117,TSP21,coronary artery,"CD8-positive, alpha-beta T cell",Memory_CD4
ts_immune_all_1088,TSP21_Vasculature_CoronaryArteries_10X_1_1_TAGAGTCAGACAGCTG,445129,TSP21,coronary artery,"CD8-positive, alpha-beta T cell",Memory_CD4
ts_immune_all_1088,TSP21_Vasculature_CoronaryArteries_10X_2_1_CTCAATTGTTCAATCG,367993,TSP21,coronary artery,"CD8-positive, alpha-beta T cell",Memory_CD4
ts_immune_all_1088,TSP21_Vasculature_CoronaryArteries_10X_1_1_CGATGGCTCTCGCTCA,445057,TSP21,coronary artery,"CD8-positive, alpha-beta T cell",Memory_CD4
ts_immune_all_1088,TSP21_Vasculature_CoronaryArteries_10X_1_1_TATTTCGTCACAGTGT,445133,TSP21,coronary artery,"CD8-positive, alpha-beta T cell",Memory_CD4
ts_immune_all_1088,TSP21_Vasculature_CoronaryArteries_10X_1_1_GGCTTGGGTAGTGGCA,445100,TSP21,coronary artery,"CD8-positive, alpha-beta T cell",Memory_CD4
ts_immune_all_1088,TSP21_Vasculature_CoronaryArteries_10X_2_1_GCACGGTAGATAACGT,368011,TSP21,coronary artery,"CD8-positive, alpha-beta T cell",Memory_CD4
ts_immune_all_1088,TSP21_Vasculature_CoronaryArteries_10X_1_1_GGATGTTCATAGGTAA,445098,TSP21,coronary artery,"CD8-positive, alpha-beta T cell",Memory_CD4
ts_immune_all_1088,TSP21_Vasculature_CoronaryArteries_10X_1_1_CACAGGCCAAAGAACT,445027,TSP21,coronary artery,"CD8-positive, alpha-beta T cell",Memory_CD4
ts_immune_all_1088,TSP21_Vasculature_CoronaryArteries_10X_1_1_TACGCTCTCCATCCGT,445126,TSP21,coronary artery,"CD8-positive, alpha-beta T cell",Memory_CD4
ts_immune_all_1088,TSP21_Vasculature_CoronaryArteries_10X_1_1_TGACCCTAGTATTAGG,445148,TSP21,coronary artery,"CD8-positive, alpha-beta T cell",Memory_CD4
ts_immune_all_0877,TSP14_Muscle_Abdomen_10X_1_1_TGATGCAGTAGCGAGT,359603,TSP14,muscle of abdomen,neutrophil,Neutrophil
ts_immune_all_0877,TSP14_Muscle_Abdomen_10X_1_1_GCAGGCTTCCAAAGGG,359503,TSP14,muscle of abdomen,neutrophil,Neutrophil
ts_immune_all_0877,TSP14_Muscle_Abdomen_10X_1_1_GATCAGTTCTGCTAGA,359490,TSP14,muscle of abdomen,neutrophil,Neutrophil
ts_immune_all_0877,TSP14_Muscle_Abdomen_10X_1_1_ACTTTCATCTGGACTA,359375,TSP14,muscle of abdomen,neutrophil,Neutrophil
ts_immune_all_0877,TSP14_Muscle_Abdomen_10X_1_1_GGAAGTGGTCCGGCAT,359512,TSP14,muscle of abdomen,neutrophil,Neutrophil
ts_immune_all_0877,TSP14_Muscle_Abdomen_10X_1_1_TGCGACGTCGAACACT,359609,TSP14,muscle of abdomen,neutrophil,Neutrophil
ts_immune_all_0877,TSP14_Muscle_Abdomen_10X_1_1_ACATTTCAGTCAGGGT,359365,TSP14,muscle of abdomen,neutrophil,Neutrophil
ts_immune_all_0877,TSP14_Muscle_Abdomen_10X_1_1_GATAGAAAGATACAGT,359489,TSP14,muscle of abdomen,neutrophil,Neutrophil
ts_immune_all_0877,TSP14_Muscle_Abdomen_10X_1_1_ACCACAAGTGTCCGTG,359366,TSP14,muscle of abdomen,neutrophil,Neutrophil
ts_immune_all_0877,TSP14_Muscle_Abdomen_10X_1_1_TTCATGTGTCCAAATC,359627,TSP14,muscle of abdomen,neutrophil,Neutrophil
ts_immune_all_0877,TSP14_Muscle_Abdomen_10X_1_1_GTATTGGTCTCTCAAT,359536,TSP14,muscle of abdomen,neutrophil,Neutrophil
ts_immune_all_0877,TSP14_Muscle_Abdomen_10X_1_1_CTGTATTCAACTTGGT,359469,TSP14,muscle of abdomen,neutrophil,Neutrophil
ts_immune_all_0877,TSP14_Muscle_Abdomen_10X_1_1_CACTAAGGTATTCCGA,359416,TSP14,muscle of abdomen,neutrophil,Neutrophil
ts_immune_all_0877,TSP14_Muscle_Abdomen_10X_1_1_TGGGATTAGCGAACTG,359614,TSP14,muscle of abdomen,neutrophil,Neutrophil
ts_immune_all_0877,TSP14_Muscle_Abdomen_10X_1_1_AACAGGGCACATATCG,359348,TSP14,muscle of abdomen,neutrophil,Neutrophil
ts_immune_all_0877,TSP14_Muscle_Abdomen_10X_1_1_GGTGAAGAGGTTCATC,359532,TSP14,muscle of abdomen,neutrophil,Neutrophil
ts_immune_all_0877,TSP14_Muscle_Abdomen_10X_1_1_GATCGTATCGCTAGCG,359493,TSP14,muscle of abdomen,neutrophil,Neutrophil
ts_immune_all_0877,TSP14_Muscle_Abdomen_10X_1_1_CCTCAACCAAATCAGA,359440,TSP14,muscle of abdomen,neutrophil,Neutrophil
ts_immune_all_0877,TSP14_Muscle_Abdomen_10X_1_1_GACCCAGGTCAGTCGC,359478,TSP14,muscle of abdomen,neutrophil,Neutrophil
ts_immune_all_0877,TSP14_Muscle_Abdomen_10X_1_1_ATCGGCGTCCCGTTCA,359394,TSP14,muscle of abdomen,neutrophil,Neutrophil
ts_immune_all_0877,TSP14_Muscle_Abdomen_10X_1_1_CGTCCATAGCGCTGAA,359449,TSP14,muscle of abdomen,neutrophil,Neutrophil
ts_immune_all_0877,TSP14_Muscle_Abdomen_10X_1_1_AATGGAACAAGCTACT,359356,TSP14,muscle of abdomen,neutrophil,Neutrophil
ts_immune_all_0877,TSP14_Muscle_Abdomen_10X_1_1_CGAGTTATCGCGTTTC,359443,TSP14,muscle of abdomen,neutrophil,Neutrophil
ts_immune_all_0877,TSP14_Muscle_Abdomen_10X_1_1_TGTTGGATCGCGTTTC,359623,TSP14,muscle of abdomen,neutrophil,Neutrophil
ts_immune_all_0877,TSP14_Muscle_Abdomen_10X_1_1_GCTACAATCTCGGCTT,359505,TSP14,muscle of abdomen,neutrophil,Neutrophil
ts_immune_all_0877,TSP14_Muscle_Abdomen_10X_1_1_TCCTTCTCAAGCAGGT,359587,TSP14,muscle of abdomen,neutrophil,Neutrophil
ts_immune_all_0877,TSP14_Muscle_Abdomen_10X_1_1_ATTTACCGTTCCTAGA,359404,TSP14,muscle of abdomen,neutrophil,Neutrophil
ts_immune_all_0877,TSP14_Muscle_Abdomen_10X_1_1_CATCAAGTCGTCTCAC,359427,TSP14,muscle of abdomen,neutrophil,Neutrophil
ts_immune_all_0877,TSP14_Muscle_Abdomen_10X_1_1_ACTGCAAGTGTAAATG,359373,TSP14,muscle of abdomen,neutrophil,Neutrophil
ts_immune_all_0877,TSP14_Muscle_Abdomen_10X_1_1_GATCGTAGTCACGACC,359492,TSP14,muscle of abdomen,neutrophil,Neutrophil
ts_immune_all_0877,TSP14_Muscle_Abdomen_10X_1_1_TCACGGGGTGGTCCCA,359573,TSP14,muscle of abdomen,neutrophil,Neutrophil
ts_immune_all_0877,TSP14_Muscle_Abdomen_10X_1_1_TCGCACTTCATCTATC,359589,TSP14,muscle of abdomen,neutrophil,Neutrophil
ts_immune_all_0877,TSP14_Muscle_Abdomen_10X_1_1_GGGTGAACAACACGTT,359529,TSP14,muscle of abdomen,neutrophil,Neutrophil
ts_immune_all_0877,TSP14_Muscle_Abdomen_10X_1_1_TCATGAGCAACTACGT,359581,TSP14,muscle of abdomen,neutrophil,Neutrophil
ts_immune_all_0877,TSP14_Muscle_Abdomen_10X_1_1_GAGAGGTGTCCGGTCA,359483,TSP14,muscle of abdomen,neutrophil,Neutrophil
ts_immune_all_0877,TSP14_Muscle_Abdomen_10X_1_1_TCCTCGAGTTCAAGTC,359585,TSP14,muscle of abdomen,neutrophil,Neutrophil
ts_immune_all_0877,TSP14_Muscle_Abdomen_10X_1_1_TTGGGTACACAAATCC,359634,TSP14,muscle of abdomen,neutrophil,Neutrophil
ts_immune_all_0877,TSP14_Muscle_Abdomen_10X_1_1_AGGGTCCGTCTGTTAG,359381,TSP14,muscle of abdomen,neutrophil,Neutrophil
ts_immune_all_0877,TSP14_Muscle_Abdomen_10X_1_1_TACTTCATCAAGTTGC,359558,TSP14,muscle of abdomen,neutrophil,Neutrophil
ts_immune_all_0877,TSP14_Muscle_Abdomen_10X_1_1_AAAGGATGTTCTCCAC,359343,TSP14,muscle of abdomen,neutrophil,Neutrophil
ts_immune_all_0877,TSP14_Muscle_Abdomen_10X_1_1_TGAATCGAGCATGGGT,359597,TSP14,muscle of abdomen,neutrophil,Neutrophil
ts_immune_all_0877,TSP14_Muscle_Abdomen_10X_1_1_TTGACCCTCCTCATAT,359632,TSP14,muscle of abdomen,neutrophil,Neutrophil
ts_immune_all_0877,TSP14_Muscle_Abdomen_10X_1_1_GGGTATTCAGTCGCTG,359527,TSP14,muscle of abdomen,neutrophil,Neutrophil
ts_immune_all_0877,TSP14_Muscle_Abdomen_10X_1_1_TTGTTTGCAGTAGTTC,359637,TSP14,muscle of abdomen,neutrophil,Neutrophil
ts_immune_all_0877,TSP14_Muscle_Abdomen_10X_1_1_TCCACGTTCCTAGCGG,359584,TSP14,muscle of abdomen,neutrophil,Neutrophil
ts_immune_all_0877,TSP14_Muscle_Abdomen_10X_1_1_TATGTTCCATTGACCA,359567,TSP14,muscle of abdomen,neutrophil,Neutrophil
ts_immune_all_0877,TSP14_Muscle_Abdomen_10X_1_1_ATTGGGTGTCAGGTGA,359403,TSP14,muscle of abdomen,neutrophil,Neutrophil
ts_immune_all_0877,TSP14_Muscle_Abdomen_10X_1_1_GAGCCTGAGGAGACCT,359485,TSP14,muscle of abdomen,neutrophil,Neutrophil
ts_immune_all_0877,TSP14_Muscle_Abdomen_10X_1_1_TCATCCGAGCGTTACT,359579,TSP14,muscle of abdomen,neutrophil,Neutrophil
ts_immune_all_0877,TSP14_Muscle_Abdomen_10X_1_1_TGTGAGTAGTGCTCAT,359620,TSP14,muscle of abdomen,neutrophil,Neutrophil
ts_immune_all_0037,TSP1_Muscle_Abdomen_10X3primev31_1_1_ATTCCTATCGAAGGAC,452007,TSP1,muscle of abdomen,"CD4-positive, alpha-beta T cell",Memory_CD4
ts_immune_all_0037,TSP1_Muscle_Abdomen_10X3primev31_1_2_GTCGTTCGTCAAGCCC,213424,TSP1,muscle of abdomen,"CD4-positive, alpha-beta T cell",Memory_CD4
ts_immune_all_0037,TSP1_Muscle_Abdominal_SS2_B107909_B107909Blue_Immune_E10,17546,TSP1,muscle of abdomen,"CD4-positive, alpha-beta T cell",Memory_CD4
ts_immune_all_0037,TSP1_Muscle_Abdominal_SS2_B107909_B107909Blue_Immune_K16,17458,TSP1,muscle of abdomen,"CD4-positive, alpha-beta T cell",Memory_CD4
ts_immune_all_0037,TSP1_Muscle_Abdominal_SS2_B107909_B107909Blue_Immune_D21,17551,TSP1,muscle of abdomen,"CD4-positive, alpha-beta T cell",Memory_CD4
ts_immune_all_0037,TSP1_Muscle_Abdominal_SS2_B107909_B107909Blue_Immune_F11,17582,TSP1,muscle of abdomen,"CD4-positive, alpha-beta T cell",Memory_CD4
ts_immune_all_0037,TSP1_Muscle_Abdominal_SS2_B107909_B107909Blue_Immune_E14,17525,TSP1,muscle of abdomen,"CD4-positive, alpha-beta T cell",Memory_CD4
ts_immune_all_0037,TSP1_Muscle_Abdominal_SS2_B107909_B107909Blue_Immune_H12,17644,TSP1,muscle of abdomen,"CD4-positive, alpha-beta T cell",Memory_CD4
ts_immune_all_0037,TSP1_Muscle_Abdominal_SS2_B107909_B107909Blue_Immune_E4,17488,TSP1,muscle of abdomen,"CD4-positive, alpha-beta T cell",Memory_CD4
ts_immune_all_0037,TSP1_Muscle_Abdominal_SS2_B107909_B107909Blue_Immune_F15,17682,TSP1,muscle of abdomen,"CD4-positive, alpha-beta T cell",Memory_CD4
ts_immune_all_0037,TSP1_Muscle_Abdominal_SS2_B107909_B107909Blue_Immune_K22,17477,TSP1,muscle of abdomen,"CD4-positive, alpha-beta T cell",Memory_CD4
ts_immune_all_0037,TSP1_Muscle_Abdominal_SS2_B107909_B107909Blue_Immune_P2,17523,TSP1,muscle of abdomen,"CD4-positive, alpha-beta T cell",Memory_CD4
ts_immune_all_0037,TSP1_Muscle_Abdominal_SS2_B107909_B107909Blue_Immune_D13,17512,TSP1,muscle of abdomen,"CD4-positive, alpha-beta T cell",Memory_CD4
ts_immune_all_0037,TSP1_Muscle_Abdominal_SS2_B107909_B107909Blue_Immune_I16,17617,TSP1,muscle of abdomen,"CD4-positive, alpha-beta T cell",Memory_CD4
ts_immune_all_0037,TSP1_Muscle_Abdominal_SS2_B107909_B107909Blue_Immune_N1,17663,TSP1,muscle of abdomen,"CD4-positive, alpha-beta T cell",Memory_CD4
ts_immune_all_0037,TSP1_Muscle_Abdominal_SS2_B107909_B107909Blue_Immune_D22,17438,TSP1,muscle of abdomen,"CD4-positive, alpha-beta T cell",Memory_CD4
ts_immune_all_0037,TSP1_Muscle_Abdominal_SS2_B107909_B107909Blue_Immune_L18,17598,TSP1,muscle of abdomen,"CD4-positive, alpha-beta T cell",Memory_CD4
ts_immune_all_0037,TSP1_Muscle_Abdominal_SS2_B107909_B107909Blue_Immune_M4,17666,TSP1,muscle of abdomen,"CD4-positive, alpha-beta T cell",Memory_CD4
ts_immune_all_0037,TSP1_Muscle_Abdominal_SS2_B107909_B107909Blue_Immune_M1,17599,TSP1,muscle of abdomen,"CD4-positive, alpha-beta T cell",Memory_CD4
ts_immune_all_0037,TSP1_Muscle_Abdominal_SS2_B107909_B107909Blue_Immune_B2,17447,TSP1,muscle of abdomen,"CD4-positive, alpha-beta T cell",Memory_CD4
ts_immune_all_0037,TSP1_Muscle_Abdominal_SS2_B107909_B107909Blue_Immune_L17,17528,TSP1,muscle of abdomen,"CD4-positive, alpha-beta T cell",Memory_CD4
ts_immune_all_0037,TSP1_Muscle_Abdominal_SS2_B107909_B107909Blue_Immune_H4,17501,TSP1,muscle of abdomen,"CD4-positive, alpha-beta T cell",Memory_CD4
ts_immune_all_0037,TSP1_Muscle_Abdomen_10X3primev31_1_1_ATGAGGGGTTCCTTGC,452005,TSP1,muscle of abdomen,"CD4-positive, alpha-beta T cell",Memory_CD4
ts_immune_all_0037,TSP1_Muscle_Abdominal_SS2_B107909_B107909Blue_Immune_J4,17467,TSP1,muscle of abdomen,"CD4-positive, alpha-beta T cell",Memory_CD4
ts_immune_all_0037,TSP1_Muscle_Abdominal_SS2_B107909_B107909Blue_Immune_P20,17515,TSP1,muscle of abdomen,"CD4-positive, alpha-beta T cell",Memory_CD4
ts_immune_all_0037,TSP1_Muscle_Abdominal_SS2_B107909_B107909Blue_Immune_E11,17569,TSP1,muscle of abdomen,"CD4-positive, alpha-beta T cell",Memory_CD4
ts_immune_all_0037,TSP1_Muscle_Abdominal_SS2_B107909_B107909Blue_Immune_F20,17626,TSP1,muscle of abdomen,"CD4-positive, alpha-beta T cell",Memory_CD4
ts_immune_all_0037,TSP1_Muscle_Abdominal_SS2_B107909_B107909Blue_Immune_B6,17645,TSP1,muscle of abdomen,"CD4-positive, alpha-beta T cell",Memory_CD4
ts_immune_all_0037,TSP1_Muscle_Abdominal_SS2_B107909_B107909Blue_Immune_B13,17720,TSP1,muscle of abdomen,"CD4-positive, alpha-beta T cell",Memory_CD4
ts_immune_all_0037,TSP1_Muscle_Abdominal_SS2_B107909_B107909Blue_Immune_C17,17462,TSP1,muscle of abdomen,"CD4-positive, alpha-beta T cell",Memory_CD4
ts_immune_all_0037,TSP1_Muscle_Abdominal_SS2_B107909_B107909Blue_Immune_O12,17553,TSP1,muscle of abdomen,"CD4-positive, alpha-beta T cell",Memory_CD4
ts_immune_all_0037,TSP1_Muscle_Abdominal_SS2_B107909_B107909Blue_Immune_B9,17670,TSP1,muscle of abdomen,"CD4-positive, alpha-beta T cell",Memory_CD4
ts_immune_all_0037,TSP1_Muscle_Abdomen_10X3primev31_1_3_GGCACGTGTGGTCTGC,157991,TSP1,muscle of abdomen,"CD4-positive, alpha-beta T cell",Memory_CD4
ts_immune_all_0037,TSP1_Muscle_Abdominal_SS2_B107909_B107909Blue_Immune_L3,17610,TSP1,muscle of abdomen,"CD4-positive, alpha-beta T cell",Memory_CD4
ts_immune_all_0037,TSP1_Muscle_Abdominal_SS2_B107909_B107909Blue_Immune_N19,17673,TSP1,muscle of abdomen,"CD4-positive, alpha-beta T cell",Memory_CD4
ts_immune_all_0037,TSP1_Muscle_Abdominal_SS2_B107909_B107909Blue_Immune_G2,17656,TSP1,muscle of abdomen,"CD4-positive, alpha-beta T cell",Memory_CD4
ts_immune_all_0037,TSP1_Muscle_Abdominal_SS2_B107909_B107909Blue_Immune_K12,17533,TSP1,muscle of abdomen,"CD4-positive, alpha-beta T cell",Memory_CD4
ts_immune_all_0037,TSP1_Muscle_Abdominal_SS2_B107909_B107909Blue_Immune_O3,17621,TSP1,muscle of abdomen,"CD4-positive, alpha-beta T cell",Memory_CD4
ts_immune_all_0037,TSP1_Muscle_Abdomen_10X3primev31_1_2_GTCAAGTGTATCGTAC,213422,TSP1,muscle of abdomen,"CD4-positive, alpha-beta T cell",Memory_CD4
ts_immune_all_0037,TSP1_Muscle_Abdominal_SS2_B107909_B107909Blue_Immune_E2,17513,TSP1,muscle of abdomen,"CD4-positive, alpha-beta T cell",Memory_CD4
ts_immune_all_0037,TSP1_Muscle_Abdominal_SS2_B107909_B107909Blue_Immune_H2,17665,TSP1,muscle of abdomen,"CD4-positive, alpha-beta T cell",Memory_CD4
ts_immune_all_0037,TSP1_Muscle_Abdominal_SS2_B107909_B107909Blue_Immune_H15,17619,TSP1,muscle of abdomen,"CD4-positive, alpha-beta T cell",Memory_CD4
ts_immune_all_0037,TSP1_Muscle_Abdominal_SS2_B107909_B107909Blue_Immune_D9,17549,TSP1,muscle of abdomen,"CD4-positive, alpha-beta T cell",Memory_CD4
ts_immune_all_0037,TSP1_Muscle_Abdominal_SS2_B107909_B107909Blue_Immune_L9,17723,TSP1,muscle of abdomen,"CD4-positive, alpha-beta T cell",Memory_CD4
ts_immune_all_0037,TSP1_Muscle_Abdominal_SS2_B107909_B107909Blue_Immune_P7,17450,TSP1,muscle of abdomen,"CD4-positive, alpha-beta T cell",Memory_CD4
ts_immune_all_0037,TSP1_Muscle_Abdominal_SS2_B107909_B107909Blue_Immune_O13,17511,TSP1,muscle of abdomen,"CD4-positive, alpha-beta T cell",Memory_CD4
ts_immune_all_0037,TSP1_Muscle_Abdominal_SS2_B107909_B107909Blue_Immune_B10,17583,TSP1,muscle of abdomen,"CD4-positive, alpha-beta T cell",Memory_CD4
ts_immune_all_0037,TSP1_Muscle_Abdominal_SS2_B107909_B107909Blue_Immune_N21,17452,TSP1,muscle of abdomen,"CD4-positive, alpha-beta T cell",Memory_CD4
ts_immune_all_0037,TSP1_Muscle_Abdominal_SS2_B107909_B107909Blue_Immune_E12,17456,TSP1,muscle of abdomen,"CD4-positive, alpha-beta T cell",Memory_CD4
ts_immune_all_0037,TSP1_Muscle_Abdominal_SS2_B107909_B107909Blue_Immune_K21,17559,TSP1,muscle of abdomen,"CD4-positive, alpha-beta T cell",Memory_CD4
ts_immune_all_0847,TSP14_BoneMarrow_NA_10X_2_1_AGTCTCCGTAACCCGC,66010,TSP14,bone marrow,T cell,Memory_CD8
ts_immune_all_0847,TSP14_BoneMarrow_NA_10X_2_1_5Prime_GCTGCAGGTGAGCGAT,285212,TSP14,bone marrow,T cell,Memory_CD8
ts_immune_all_0847,TSP14_BoneMarrow_NA_10X_2_1_CTCATTACAGGATTCT,66742,TSP14,bone marrow,T cell,Memory_CD8
ts_immune_all_0847,TSP14_BoneMarrow_NA_10X_2_1_TCCCATGGTGTCATTG,67772,TSP14,bone marrow,T cell,Memory_CD8
ts_immune_all_0847,TSP14_BoneMarrow_NA_10X_1_1_TCCCAGTGTTACACAC,62423,TSP14,bone marrow,T cell,Memory_CD8
ts_immune_all_0847,TSP14_BoneMarrow_NA_10X_4_1_CTCCCAATCGCATGAT,549960,TSP14,bone marrow,T cell,Memory_CD8
ts_immune_all_0847,TSP14_BoneMarrow_NA_10X_4_1_TGCTGAATCCGTTGGG,551460,TSP14,bone marrow,T cell,Memory_CD8
ts_immune_all_0847,TSP14_BoneMarrow_NA_10X_2_1_CTAACCCTCGCTCCTA,66672,TSP14,bone marrow,T cell,Memory_CD8
ts_immune_all_0847,TSP14_BoneMarrow_NA_10X_2_1_CGGAATTGTTGCGAAG,66613,TSP14,bone marrow,T cell,Memory_CD8
ts_immune_all_0847,TSP14_BoneMarrow_NA_10X_2_1_GATCATGGTGTGCTTA,67029,TSP14,bone marrow,T cell,Memory_CD8
ts_immune_all_0847,TSP14_BoneMarrow_NA_10X_2_1_GAATCACCAACAGAGC,66915,TSP14,bone marrow,T cell,Memory_CD8
ts_immune_all_0847,TSP14_BoneMarrow_NA_10X_2_1_ATTCTTGAGGGATCTG,66184,TSP14,bone marrow,T cell,Memory_CD8
ts_immune_all_0847,TSP14_BoneMarrow_NA_10X_2_1_TTTCAGTTCGAGAACG,68268,TSP14,bone marrow,T cell,Memory_CD8
ts_immune_all_0847,TSP14_BoneMarrow_NA_10X_4_1_GTTCATTAGGAGACCT,550839,TSP14,bone marrow,T cell,Memory_CD8
ts_immune_all_0847,TSP14_BoneMarrow_NA_10X_2_1_TTCCACGAGGGTCTTT,68139,TSP14,bone marrow,T cell,Memory_CD8
ts_immune_all_0847,TSP14_BoneMarrow_NA_10X_1_1_ATTCCTAAGCGTCGAA,60431,TSP14,bone marrow,T cell,Memory_CD8
ts_immune_all_0847,TSP14_BoneMarrow_NA_10X_1_1_TTGCTGCTCTGTCCGT,62970,TSP14,bone marrow,T cell,Memory_CD8
ts_immune_all_0847,TSP14_BoneMarrow_NA_10X_2_1_GACCTTCTCATATGGC,66941,TSP14,bone marrow,T cell,Memory_CD8
ts_immune_all_0847,TSP14_BoneMarrow_NA_10X_2_1_TGTAACGTCAACGCTA,68046,TSP14,bone marrow,T cell,Memory_CD8
ts_immune_all_0847,TSP14_BoneMarrow_NA_10X_2_1_ATCTTCATCGACATTG,66103,TSP14,bone marrow,T cell,Memory_CD8
ts_immune_all_0847,TSP14_BoneMarrow_NA_10X_2_1_AGAAGTAAGATTAGCA,65817,TSP14,bone marrow,T cell,Memory_CD8
ts_immune_all_0847,TSP14_BoneMarrow_NA_10X_2_1_TACTTCACAGGTCCCA,67597,TSP14,bone marrow,T cell,Memory_CD8
ts_immune_all_0847,TSP14_BoneMarrow_NA_10X_2_1_AAAGGATTCACTTGTT,65535,TSP14,bone marrow,T cell,Memory_CD8
ts_immune_all_0847,TSP14_BoneMarrow_NA_10X_2_1_GACTGATAGCGGGTTA,66955,TSP14,bone marrow,T cell,Memory_CD8
ts_immune_all_0847,TSP14_BoneMarrow_NA_10X_2_1_TACCGAATCACCGGTG,67577,TSP14,bone marrow,T cell,Memory_CD8
ts_immune_all_0847,TSP14_BoneMarrow_NA_10X_2_1_CGCCAGAAGAGTTGTA,66600,TSP14,bone marrow,T cell,Memory_CD8
ts_immune_all_0847,TSP14_BoneMarrow_NA_10X_2_1_AAAGGTACAACCCGCA,65537,TSP14,bone marrow,T cell,Memory_CD8
ts_immune_all_0847,TSP14_BoneMarrow_NA_10X_2_1_TATTCCAAGGCGCTTC,67645,TSP14,bone marrow,T cell,Memory_CD8
ts_immune_all_0847,TSP14_BoneMarrow_NA_10X_2_1_TCAATCTTCACTGGGC,67666,TSP14,bone marrow,T cell,Memory_CD8
ts_immune_all_0847,TSP14_BoneMarrow_NA_10X_2_1_GATAGCTGTCGCTTAA,67009,TSP14,bone marrow,T cell,Memory_CD8
ts_immune_all_0847,TSP14_BoneMarrow_NA_10X_2_1_GTAGAGGTCGGTCGGT,67339,TSP14,bone marrow,T cell,Memory_CD8
ts_immune_all_0847,TSP14_BoneMarrow_NA_10X_2_1_CACCAAATCAGTAGGG,66259,TSP14,bone marrow,T cell,Memory_CD8
ts_immune_all_0847,TSP14_BoneMarrow_NA_10X_2_1_CTTCAATTCGGTTAGT,66841,TSP14,bone marrow,T cell,Memory_CD8
ts_immune_all_0847,TSP14_BoneMarrow_NA_10X_2_1_CTGGCAGGTCGACTGC,66815,TSP14,bone marrow,T cell,Memory_CD8
ts_immune_all_0847,TSP14_BoneMarrow_NA_10X_2_1_AGGAAATGTAGACGGT,65907,TSP14,bone marrow,T cell,Memory_CD8
ts_immune_all_0847,TSP14_BoneMarrow_NA_10X_2_1_ATCCGTCAGTTTGGCT,66082,TSP14,bone marrow,T cell,Memory_CD8
ts_immune_all_0847,TSP14_BoneMarrow_NA_10X_2_1_TACCTCGCATCCTTCG,67582,TSP14,bone marrow,T cell,Memory_CD8
ts_immune_all_0847,TSP14_BoneMarrow_NA_10X_2_1_5Prime_ACTGATGTCCGAATGT,284766,TSP14,bone marrow,T cell,Memory_CD8
ts_immune_all_0847,TSP14_BoneMarrow_NA_10X_2_1_CACTGTCCACTCAAGT,66285,TSP14,bone marrow,T cell,Memory_CD8
ts_immune_all_0847,TSP14_BoneMarrow_NA_10X_2_1_GAACGTTAGATCACTC,66886,TSP14,bone marrow,T cell,Memory_CD8
ts_immune_all_0847,TSP14_BoneMarrow_NA_10X_2_1_TTGGGCGGTCACCGAC,68219,TSP14,bone marrow,T cell,Memory_CD8
ts_immune_all_0847,TSP14_BoneMarrow_NA_10X_2_1_TGGTGATTCCATTGTT,68040,TSP14,bone marrow,T cell,Memory_CD8
ts_immune_all_0847,TSP14_BoneMarrow_NA_10X_2_1_TCCTAATCATAGCTGT,67779,TSP14,bone marrow,T cell,Memory_CD8
ts_immune_all_0847,TSP14_BoneMarrow_NA_10X_2_1_CCGGGTAGTACGAAAT,66497,TSP14,bone marrow,T cell,Memory_CD8
ts_immune_all_0847,TSP14_BoneMarrow_NA_10X_2_1_GGTCTGGTCACCCTGT,67296,TSP14,bone marrow,T cell,Memory_CD8
ts_immune_all_0847,TSP14_BoneMarrow_NA_10X_2_1_TGCAGTATCGTCGGGT,67955,TSP14,bone marrow,T cell,Memory_CD8
ts_immune_all_0847,TSP14_BoneMarrow_NA_10X_2_1_TGACTCCCACTCTCGT,67912,TSP14,bone marrow,T cell,Memory_CD8
ts_immune_all_0847,TSP14_BoneMarrow_NA_10X_2_1_TACATTCCAATCCTAG,67567,TSP14,bone marrow,T cell,Memory_CD8
ts_immune_all_0847,TSP14_BoneMarrow_NA_10X_1_1_TTCGCTGGTGCTAGCC,62921,TSP14,bone marrow,T cell,Memory_CD8
ts_immune_all_0847,TSP14_BoneMarrow_NA_10X_2_1_CAATACGCATTCATCT,66229,TSP14,bone marrow,T cell,Memory_CD8
ts_immune_all_0733,TSP14_SalivaryGland_Sublingual_10X_1_1_TCTTGCGCAGAGACTG,582773,TSP14,sublingual gland,"CD8-positive, alpha-beta T cell",Memory_CD4
ts_immune_all_0733,TSP14_SalivaryGland_Sublingual_10X_1_1_GGAGCAACACTGAGGA,582454,TSP14,sublingual gland,"CD8-positive, alpha-beta T cell",Memory_CD4
ts_immune_all_0733,TSP14_SalivaryGland_Sublingual_10X_1_1_CATACCCCATTGCTTT,582081,TSP14,sublingual gland,"CD8-positive, alpha-beta T cell",Memory_CD4
ts_immune_all_0733,TSP14_SalivaryGland_Sublingual_10X_1_1_TGATGGTAGCCAAGCA,582798,TSP14,sublingual gland,"CD8-positive, alpha-beta T cell",Memory_CD4
ts_immune_all_0733,TSP14_SalivaryGland_Sublingual_10X_1_1_CTATCTAAGTAGCCAG,582230,TSP14,sublingual gland,"CD8-positive, alpha-beta T cell",Memory_CD4
ts_immune_all_0733,TSP14_SalivaryGland_Sublingual_10X_1_1_CACCAAAAGTAGATCA,582051,TSP14,sublingual gland,"CD8-positive, alpha-beta T cell",Memory_CD4
ts_immune_all_0733,TSP14_SalivaryGland_Sublingual_10X_1_1_AAGTGAACAGCTGAAG,581741,TSP14,sublingual gland,"CD8-positive, alpha-beta T cell",Memory_CD4
ts_immune_all_0733,TSP14_SalivaryGland_Sublingual_10X_1_1_TTCTAGTAGACCTCCG,582902,TSP14,sublingual gland,"CD8-positive, alpha-beta T cell",Memory_CD4
ts_immune_all_0733,TSP14_SalivaryGland_Sublingual_10X_1_1_GGGCTCACAGTTGCGC,582488,TSP14,sublingual gland,"CD8-positive, alpha-beta T cell",Memory_CD4
ts_immune_all_0733,TSP14_SalivaryGland_Sublingual_10X_1_1_TGCCGAGTCCTCAGGG,582809,TSP14,sublingual gland,"CD8-positive, alpha-beta T cell",Memory_CD4
ts_immune_all_0733,TSP14_SalivaryGland_Sublingual_10X_1_1_AAGTACCAGACGGATC,581737,TSP14,sublingual gland,"CD8-positive, alpha-beta T cell",Memory_CD4
ts_immune_all_0733,TSP14_SalivaryGland_Sublingual_10X_1_1_CTGTATTGTCTGATCA,582286,TSP14,sublingual gland,"CD8-positive, alpha-beta T cell",Memory_CD4
ts_immune_all_0733,TSP14_SalivaryGland_Sublingual_10X_1_1_CCACGAGAGAGATTCA,582120,TSP14,sublingual gland,"CD8-positive, alpha-beta T cell",Memory_CD4
ts_immune_all_0733,TSP14_SalivaryGland_Sublingual_10X_1_1_GGATCTACAACCAACT,582458,TSP14,sublingual gland,"CD8-positive, alpha-beta T cell",Memory_CD4
ts_immune_all_0733,TSP14_SalivaryGland_Sublingual_10X_1_1_AAAGTCCCAATAGGGC,581704,TSP14,sublingual gland,"CD8-positive, alpha-beta T cell",Memory_CD4
ts_immune_all_0733,TSP14_SalivaryGland_Sublingual_10X_1_1_AAAGTGATCAATGCAC,581707,TSP14,sublingual gland,"CD8-positive, alpha-beta T cell",Memory_CD4
ts_immune_all_0733,TSP14_SalivaryGland_Sublingual_10X_1_1_TCGACCTAGAACGCGT,582744,TSP14,sublingual gland,"CD8-positive, alpha-beta T cell",Memory_CD4
ts_immune_all_0733,TSP14_SalivaryGland_Sublingual_10X_1_1_CACGGGTAGGCCCGTT,582054,TSP14,sublingual gland,"CD8-positive, alpha-beta T cell",Memory_CD4
ts_immune_all_0733,TSP14_SalivaryGland_Sublingual_10X_1_1_GTAGGAGTCATACGAC,582532,TSP14,sublingual gland,"CD8-positive, alpha-beta T cell",Memory_CD4
ts_immune_all_0733,TSP14_SalivaryGland_Sublingual_10X_1_1_GATGATCAGTGCCGAA,582387,TSP14,sublingual gland,"CD8-positive, alpha-beta T cell",Memory_CD4
ts_immune_all_0733,TSP14_SalivaryGland_Sublingual_10X_1_1_GAGGGATAGAGCCATG,582359,TSP14,sublingual gland,"CD8-positive, alpha-beta T cell",Memory_CD4
ts_immune_all_0733,TSP14_SalivaryGland_Sublingual_10X_1_1_ACTCTCGTCTTGGATG,581840,TSP14,sublingual gland,"CD8-positive, alpha-beta T cell",Memory_CD4
ts_immune_all_0733,TSP14_SalivaryGland_Sublingual_10X_1_1_TATCTGTAGAGATCGC,582661,TSP14,sublingual gland,"CD8-positive, alpha-beta T cell",Memory_CD4
ts_immune_all_0733,TSP14_SalivaryGland_Sublingual_10X_1_1_CACAACAGTAGTCACT,582044,TSP14,sublingual gland,"CD8-positive, alpha-beta T cell",Memory_CD4
ts_immune_all_0733,TSP14_SalivaryGland_Sublingual_10X_1_1_AAACGAACACCAGCCA,581695,TSP14,sublingual gland,"CD8-positive, alpha-beta T cell",Memory_CD4
ts_immune_all_0733,TSP14_SalivaryGland_Sublingual_10X_1_1_TCATCCGGTTACGCCG,582715,TSP14,sublingual gland,"CD8-positive, alpha-beta T cell",Memory_CD4
ts_immune_all_0733,TSP14_SalivaryGland_Sublingual_10X_1_1_GAGTGTTTCCACACCT,582367,TSP14,sublingual gland,"CD8-positive, alpha-beta T cell",Memory_CD4
ts_immune_all_0733,TSP14_SalivaryGland_Sublingual_10X_1_1_TACCCACCAGAGGCTA,582616,TSP14,sublingual gland,"CD8-positive, alpha-beta T cell",Memory_CD4
ts_immune_all_0733,TSP14_SalivaryGland_Sublingual_10X_1_1_GAAGGGTGTTGCAACT,582326,TSP14,sublingual gland,"CD8-positive, alpha-beta T cell",Memory_CD4
ts_immune_all_0733,TSP14_SalivaryGland_Sublingual_10X_1_1_TGACTCCGTCACTACA,582788,TSP14,sublingual gland,"CD8-positive, alpha-beta T cell",Memory_CD4
ts_immune_all_0733,TSP14_SalivaryGland_Sublingual_10X_1_1_CTCCTCCAGCCGATTT,582254,TSP14,sublingual gland,"CD8-positive, alpha-beta T cell",Memory_CD4
ts_immune_all_0733,TSP14_SalivaryGland_Sublingual_10X_1_1_CTAACTTGTACAGAAT,582218,TSP14,sublingual gland,"CD8-positive, alpha-beta T cell",Memory_CD4
ts_immune_all_0733,TSP14_SalivaryGland_Sublingual_10X_1_1_GCACGGTCACAGAAGC,582400,TSP14,sublingual gland,"CD8-positive, alpha-beta T cell",Memory_CD4
ts_immune_all_0733,TSP14_SalivaryGland_Sublingual_10X_1_1_GCGGAAATCTAGTACG,582425,TSP14,sublingual gland,"CD8-positive, alpha-beta T cell",Memory_CD4
ts_immune_all_0733,TSP14_SalivaryGland_Sublingual_10X_1_1_TTACCGCCACTACCCT,582871,TSP14,sublingual gland,"CD8-positive, alpha-beta T cell",Memory_CD4
ts_immune_all_0733,TSP14_SalivaryGland_Sublingual_10X_1_1_TCTGGCTGTCACCACG,582769,TSP14,sublingual gland,"CD8-positive, alpha-beta T cell",Memory_CD4
ts_immune_all_0733,TSP14_SalivaryGland_Sublingual_10X_1_1_TACTGCCTCCGACATA,582628,TSP14,sublingual gland,"CD8-positive, alpha-beta T cell",Memory_CD4
ts_immune_all_0733,TSP14_SalivaryGland_Sublingual_10X_1_1_TGCGACGCATCGGCCA,582811,TSP14,sublingual gland,"CD8-positive, alpha-beta T cell",Memory_CD4
ts_immune_all_0733,TSP14_SalivaryGland_Sublingual_10X_1_1_GTTTACTGTTGCATAC,582597,TSP14,sublingual gland,"CD8-positive, alpha-beta T cell",Memory_CD4
ts_immune_all_0733,TSP14_SalivaryGland_Sublingual_10X_1_1_CATGGATCACTGGCCA,582099,TSP14,sublingual gland,"CD8-positive, alpha-beta T cell",Memory_CD4
ts_immune_all_0733,TSP14_SalivaryGland_Sublingual_10X_1_1_ACGTTCCCATGGTGGA,581825,TSP14,sublingual gland,"CD8-positive, alpha-beta T cell",Memory_CD4
ts_immune_all_0733,TSP14_SalivaryGland_Sublingual_10X_1_1_AATGGCTAGGATCACG,581759,TSP14,sublingual gland,"CD8-positive, alpha-beta T cell",Memory_CD4
ts_immune_all_0733,TSP14_SalivaryGland_Sublingual_10X_1_1_CTGTCGTAGCAATTCC,582287,TSP14,sublingual gland,"CD8-positive, alpha-beta T cell",Memory_CD4
ts_immune_all_0733,TSP14_SalivaryGland_Sublingual_10X_1_1_TGGGATTTCAGACAAA,582837,TSP14,sublingual gland,"CD8-positive, alpha-beta T cell",Memory_CD4
ts_immune_all_0733,TSP14_SalivaryGland_Sublingual_10X_1_1_TACTTGTGTTCTCAGA,582633,TSP14,sublingual gland,"CD8-positive, alpha-beta T cell",Memory_CD4
ts_immune_all_0733,TSP14_SalivaryGland_Sublingual_10X_1_1_CACATGAAGCTTAAGA,582049,TSP14,sublingual gland,"CD8-positive, alpha-beta T cell",Memory_CD4
ts_immune_all_0733,TSP14_SalivaryGland_Sublingual_10X_1_1_TTTCACATCCCGTGAG,582939,TSP14,sublingual gland,"CD8-positive, alpha-beta T cell",Memory_CD4
ts_immune_all_0733,TSP14_SalivaryGland_Sublingual_10X_1_1_GAGGGTAGTAGCTCGC,582363,TSP14,sublingual gland,"CD8-positive, alpha-beta T cell",Memory_CD4
ts_immune_all_0733,TSP14_SalivaryGland_Sublingual_10X_1_1_AGCGCCACAGGCTTGC,581889,TSP14,sublingual gland,"CD8-positive, alpha-beta T cell",Memory_CD4
ts_immune_all_0733,TSP14_SalivaryGland_Sublingual_10X_1_1_TACATTCAGGAACATT,582615,TSP14,sublingual gland,"CD8-positive, alpha-beta T cell",Memory_CD4
ts_immune_all_1592,TSP27_Stomach_Mucosa_10X3primev31_1_1_GTAACACCATGTGCTA,142171,TSP27,mucosa of stomach,B cell,Naive_B
ts_immune_all_1592,TSP27_Stomach_Mucosa_10X3primev31_1_1_CGTTCTGAGGCACCAA,141097,TSP27,mucosa of stomach,B cell,Naive_B
ts_immune_all_1592,TSP27_Stomach_Mucosa_10X3primev31_1_1_TGGGTTAAGGTCATAA,143292,TSP27,mucosa of stomach,B cell,Naive_B
ts_immune_all_1592,TSP27_Stomach_Mucosa_10X3primev31_1_1_GTCAAACAGCAGCCCT,142237,TSP27,mucosa of stomach,B cell,Naive_B
ts_immune_all_1592,TSP27_Stomach_Mucosa_10X3primev31_1_1_GAGAAATTCCTCTAGC,141574,TSP27,mucosa of stomach,B cell,Naive_B
ts_immune_all_1592,TSP27_Stomach_Mucosa_10X3primev31_1_1_GGAACCCCATGCCATA,141931,TSP27,mucosa of stomach,B cell,Naive_B
ts_immune_all_1592,TSP27_Stomach_Mucosa_10X3primev31_1_1_ATTCAGGAGAGGGTCT,140294,TSP27,mucosa of stomach,B cell,Naive_B
ts_immune_all_1592,TSP27_Stomach_Mucosa_10X3primev31_1_1_GGTCTGGAGTGCAGGT,142117,TSP27,mucosa of stomach,B cell,Naive_B
ts_immune_all_1592,TSP27_Stomach_Mucosa_10X3primev31_1_1_TGAGCATTCTGGAGAG,143133,TSP27,mucosa of stomach,B cell,Naive_B
ts_immune_all_1592,TSP27_Stomach_Mucosa_10X3primev31_1_1_TAAGTCGGTTGTTTGG,142515,TSP27,mucosa of stomach,B cell,Naive_B
ts_immune_all_1592,TSP27_Stomach_Mucosa_10X3primev31_1_1_ATGAGGGGTTCTCCCA,140209,TSP27,mucosa of stomach,B cell,Naive_B
ts_immune_all_1592,TSP27_Stomach_Mucosa_10X3primev31_1_1_GGAGGATAGACGACGT,141969,TSP27,mucosa of stomach,B cell,Naive_B
ts_immune_all_1592,TSP27_Stomach_Mucosa_10X3primev31_1_1_ACACTGAAGGTTCCAT,139518,TSP27,mucosa of stomach,B cell,Naive_B
ts_immune_all_1592,TSP27_Stomach_Mucosa_10X3primev31_1_1_CGTAGTACAGTTTGGT,141070,TSP27,mucosa of stomach,B cell,Naive_B
ts_immune_all_1592,TSP27_Stomach_Mucosa_10X3primev31_1_1_ATTTCACCAAGGCAAC,140344,TSP27,mucosa of stomach,B cell,Naive_B
ts_immune_all_1592,TSP27_Stomach_Mucosa_10X3primev31_1_1_AGATGAACAACCCGCA,139820,TSP27,mucosa of stomach,B cell,Naive_B
ts_immune_all_1592,TSP27_Stomach_Mucosa_10X3primev31_1_1_AGGATAACATTGCTTT,139917,TSP27,mucosa of stomach,B cell,Naive_B
ts_immune_all_1592,TSP27_Stomach_Mucosa_10X3primev31_1_1_TGGGTTATCCCGTTGT,143297,TSP27,mucosa of stomach,B cell,Naive_B
ts_immune_all_1592,TSP27_Stomach_Mucosa_10X3primev31_1_1_GTCTAGATCTTCCAGC,142304,TSP27,mucosa of stomach,B cell,Naive_B
ts_immune_all_1592,TSP27_Stomach_Mucosa_10X3primev31_1_1_GGCTGTGTCAATGCAC,142001,TSP27,mucosa of stomach,B cell,Naive_B
ts_immune_all_1592,TSP27_Stomach_Mucosa_10X3primev31_1_1_TTTACGTGTATCGTAC,143631,TSP27,mucosa of stomach,B cell,Naive_B
ts_immune_all_1592,TSP27_Stomach_Mucosa_10X3primev31_1_1_CATCCGTGTATCGCAT,140617,TSP27,mucosa of stomach,B cell,Naive_B
ts_immune_all_1592,TSP27_Stomach_Mucosa_10X3primev31_1_1_CCGGTGAAGACCTGGA,140823,TSP27,mucosa of stomach,B cell,Naive_B
ts_immune_all_1592,TSP27_Stomach_Mucosa_10X3primev31_1_1_TTGTTGTGTATCCCAA,143615,TSP27,mucosa of stomach,B cell,Naive_B
ts_immune_all_1592,TSP27_Stomach_Mucosa_10X3primev31_1_1_TGTCCTGCACGTACAT,143338,TSP27,mucosa of stomach,B cell,Naive_B
ts_immune_all_1592,TSP27_Stomach_Mucosa_10X3primev31_1_1_GACCTTCTCATCCTAT,141530,TSP27,mucosa of stomach,B cell,Naive_B
ts_immune_all_1592,TSP27_Stomach_Mucosa_10X3primev31_1_1_TGTTGAGTCCAAGAGG,143388,TSP27,mucosa of stomach,B cell,Naive_B
ts_immune_all_1592,TSP27_Stomach_Mucosa_10X3primev31_1_1_ATGAAAGAGGTCACTT,140198,TSP27,mucosa of stomach,B cell,Naive_B
ts_immune_all_1592,TSP27_Stomach_Mucosa_10X3primev31_1_1_CAAGACTCAACCCGCA,140391,TSP27,mucosa of stomach,B cell,Naive_B
ts_immune_all_1592,TSP27_Stomach_Mucosa_10X3primev31_1_1_AGAGCCCTCTCTGCTG,139802,TSP27,mucosa of stomach,B cell,Naive_B
ts_immune_all_1592,TSP27_Stomach_Mucosa_10X3primev31_1_1_TCTTTGACAACACAAA,143086,TSP27,mucosa of stomach,B cell,Naive_B
ts_immune_all_1592,TSP27_Stomach_Mucosa_10X3primev31_1_1_CATTGTTAGACTGGGT,140694,TSP27,mucosa of stomach,B cell,Naive_B
ts_immune_all_1592,TSP27_Stomach_Mucosa_10X3primev31_1_1_CTCCTCCCACGTAACT,141265,TSP27,mucosa of stomach,B cell,Naive_B
ts_immune_all_1592,TSP27_Stomach_Mucosa_10X3primev31_1_1_CAGTGCGCATCTGTTT,140557,TSP27,mucosa of stomach,B cell,Naive_B
ts_immune_all_1592,TSP27_Stomach_Mucosa_10X3primev31_1_1_GTCTTTATCAGAGCAG,142316,TSP27,mucosa of stomach,B cell,Naive_B
ts_immune_all_1592,TSP27_Stomach_Mucosa_10X3primev31_1_1_TCTCAGCTCTCTATAC,143054,TSP27,mucosa of stomach,B cell,Naive_B
ts_immune_all_1592,TSP27_Stomach_Mucosa_10X3primev31_1_1_TGACTCCAGGCCCAAA,143122,TSP27,mucosa of stomach,B cell,Naive_B
ts_immune_all_1592,TSP27_Stomach_Mucosa_10X3primev31_1_1_GAGTTGTAGTGATGGC,141642,TSP27,mucosa of stomach,B cell,Naive_B
ts_immune_all_1592,TSP27_Stomach_Mucosa_10X3primev31_1_1_AGTTAGCCACACGCCA,140069,TSP27,mucosa of stomach,B cell,Naive_B
ts_immune_all_1592,TSP27_Stomach_Mucosa_10X3primev31_1_1_CCTAAGAAGGTCCCTG,140849,TSP27,mucosa of stomach,B cell,Naive_B
ts_immune_all_1592,TSP27_Stomach_Mucosa_10X3primev31_1_1_TGGTGATCAGATCCAT,143306,TSP27,mucosa of stomach,B cell,Naive_B
ts_immune_all_1592,TSP27_Stomach_Mucosa_10X3primev31_1_1_TTGACCCTCTCGAACA,143551,TSP27,mucosa of stomach,B cell,Naive_B
ts_immune_all_1592,TSP27_Stomach_Mucosa_10X3primev31_1_1_GTTACCCAGAAACTGT,142414,TSP27,mucosa of stomach,B cell,Naive_B
ts_immune_all_1592,TSP27_Stomach_Mucosa_10X3primev31_1_1_TCCTTTCAGGCTCACC,142949,TSP27,mucosa of stomach,B cell,Naive_B
ts_immune_all_1592,TSP27_Stomach_Mucosa_10X3primev31_1_1_TATACCTGTGACCGAA,142662,TSP27,mucosa of stomach,B cell,Naive_B
ts_immune_all_1592,TSP27_Stomach_Mucosa_10X3primev31_1_1_AGTGATCAGCGTGCTC,140045,TSP27,mucosa of stomach,B cell,Naive_B
ts_immune_all_1592,TSP27_Stomach_Mucosa_10X3primev31_1_1_GTTTACTTCGAACTCA,142478,TSP27,mucosa of stomach,B cell,Naive_B
ts_immune_all_1592,TSP27_Stomach_Mucosa_10X3primev31_1_1_ATTCAGGCACTGAATC,140296,TSP27,mucosa of stomach,B cell,Naive_B
ts_immune_all_1592,TSP27_Stomach_Mucosa_10X3primev31_1_1_TGTGAGTAGCGAATGC,143342,TSP27,mucosa of stomach,B cell,Naive_B
ts_immune_all_1592,TSP27_Stomach_Mucosa_10X3primev31_1_1_CTTACCGCAACATACC,141365,TSP27,mucosa of stomach,B cell,Naive_B
ts_immune_all_0366,TSP6_Liver_NA_10X_1_1_AGCCAATGTAACGGTG,163438,TSP6,liver,non-classical monocyte,Cl_Mono
ts_immune_all_0366,TSP6_Liver_NA_10X_1_1_TGTTTGTGTCCGAAGA,165179,TSP6,liver,non-classical monocyte,Cl_Mono
ts_immune_all_0366,TSP6_Liver_NA_10X_1_2_GCTGAATGTATGGTAA,367237,TSP6,liver,non-classical monocyte,Cl_Mono
ts_immune_all_0366,TSP6_Liver_NA_10X_1_1_ATCGTAGTCGCTACGG,163587,TSP6,liver,non-classical monocyte,Cl_Mono
ts_immune_all_0366,TSP6_Liver_NA_10X_1_1_TATTGGGCACCTGTCT,164806,TSP6,liver,non-classical monocyte,Cl_Mono
ts_immune_all_0366,TSP6_Liver_NA_10X_1_1_GAGACTTCAGGTAGTG,164288,TSP6,liver,non-classical monocyte,Cl_Mono
ts_immune_all_0366,TSP6_Liver_NA_10X_1_1_AGTACCAAGCTAGATA,163514,TSP6,liver,non-classical monocyte,Cl_Mono
ts_immune_all_0366,TSP6_Liver_NA_10X_1_2_TTGTTTGGTCGAATGG,367618,TSP6,liver,non-classical monocyte,Cl_Mono
ts_immune_all_0366,TSP6_Liver_NA_10X_1_1_GTGTCCTTCGTGTGAT,164651,TSP6,liver,non-classical monocyte,Cl_Mono
ts_immune_all_0366,TSP6_Liver_NA_10X_1_1_TCACACCGTGGAATGC,164830,TSP6,liver,non-classical monocyte,Cl_Mono
ts_immune_all_0366,TSP6_Liver_NA_10X_1_1_CTATCTAGTTACGTAC,164101,TSP6,liver,non-classical monocyte,Cl_Mono
ts_immune_all_0366,TSP6_Liver_NA_10X_1_1_TCGTCCAAGAGTCGAC,164960,TSP6,liver,non-classical monocyte,Cl_Mono
ts_immune_all_0366,TSP6_Liver_NA_10X_1_1_TTTATGCCAATAACCC,165299,TSP6,liver,non-classical monocyte,Cl_Mono
ts_immune_all_0366,TSP6_Liver_NA_10X_1_2_GGCACGTCACAATGAA,367255,TSP6,liver,non-classical monocyte,Cl_Mono
ts_immune_all_0366,TSP6_Liver_NA_10X_1_1_ATCCCTGCAGTCGAGA,163575,TSP6,liver,non-classical monocyte,Cl_Mono
ts_immune_all_0366,TSP6_Liver_NA_10X_1_1_TACAACGTCAGTCACA,164717,TSP6,liver,non-classical monocyte,Cl_Mono
ts_immune_all_0366,TSP6_Liver_NA_10X_1_2_GGAGCAATCAACGCTA,367252,TSP6,liver,non-classical monocyte,Cl_Mono
ts_immune_all_0366,TSP6_Liver_NA_10X_1_1_AGCGCCATCCCTATTA,163458,TSP6,liver,non-classical monocyte,Cl_Mono
ts_immune_all_0366,TSP6_Liver_NA_10X_1_1_ATGAGGGTCACCTACC,163603,TSP6,liver,non-classical monocyte,Cl_Mono
ts_immune_all_0366,TSP6_Liver_NA_10X_1_2_CTTTCGGCATCTGTTT,367150,TSP6,liver,non-classical monocyte,Cl_Mono
ts_immune_all_0366,TSP6_Liver_NA_10X_1_1_AGCCAGCTCCTGATAG,163449,TSP6,liver,non-classical monocyte,Cl_Mono
ts_immune_all_0366,TSP6_Liver_NA_10X_1_1_ACATTTCCATGCCGCA,163286,TSP6,liver,non-classical monocyte,Cl_Mono
ts_immune_all_0366,TSP6_Liver_NA_10X_1_2_AGTGATCCAGGAATCG,366900,TSP6,liver,non-classical monocyte,Cl_Mono
ts_immune_all_0366,TSP6_Liver_NA_10X_1_1_GTCTGTCAGCTGACCC,164613,TSP6,liver,non-classical monocyte,Cl_Mono
ts_immune_all_0366,TSP6_Liver_NA_10X_1_1_TCAGTGAGTAGCTTAC,164850,TSP6,liver,non-classical monocyte,Cl_Mono
ts_immune_all_0366,TSP6_Liver_NA_10X_1_1_TGCTTCGAGCATGTTC,165095,TSP6,liver,non-classical monocyte,Cl_Mono
ts_immune_all_0366,TSP6_Liver_NA_10X_1_1_GGGACTCTCGCAATTG,164481,TSP6,liver,non-classical monocyte,Cl_Mono
ts_immune_all_0366,TSP6_Liver_NA_10X_1_1_GGCAGTCCAATCGCAT,164457,TSP6,liver,non-classical monocyte,Cl_Mono
ts_immune_all_0366,TSP6_Liver_NA_10X_1_1_TATTCCAAGTTTCAGC,164804,TSP6,liver,non-classical monocyte,Cl_Mono
ts_immune_all_0366,TSP6_Liver_NA_10X_1_1_GTAGATCCAATTCTCT,164557,TSP6,liver,non-classical monocyte,Cl_Mono
ts_immune_all_0366,TSP6_Liver_NA_10X_1_1_GGTGATTGTGCATACT,164528,TSP6,liver,non-classical monocyte,Cl_Mono
ts_immune_all_0366,TSP6_Liver_NA_10X_1_2_CAATCGACATTGAAGA,366970,TSP6,liver,non-classical monocyte,Cl_Mono
ts_immune_all_0366,TSP6_Liver_NA_10X_1_1_CAAGCTAAGCTAATCC,163692,TSP6,liver,non-classical monocyte,Cl_Mono
ts_immune_all_0366,TSP6_Liver_NA_10X_1_1_TGAGACTAGCACTCAT,165013,TSP6,liver,non-classical monocyte,Cl_Mono
ts_immune_all_0366,TSP6_Liver_NA_10X_1_2_TATATCCTCGCCATAA,367405,TSP6,liver,non-classical monocyte,Cl_Mono
ts_immune_all_0366,TSP6_Liver_NA_10X_1_1_AGACAGGGTCTGTGAT,163402,TSP6,liver,non-classical monocyte,Cl_Mono
ts_immune_all_0366,TSP6_Liver_NA_10X_1_1_TCCACGTCATTCTCCG,164888,TSP6,liver,non-classical monocyte,Cl_Mono
ts_immune_all_0366,TSP6_Liver_NA_10X_1_1_GGTAACTAGCTTCTAG,164511,TSP6,liver,non-classical monocyte,Cl_Mono
ts_immune_all_0366,TSP6_Liver_NA_10X_1_1_ACTGCAACACGGGCTT,163358,TSP6,liver,non-classical monocyte,Cl_Mono
ts_immune_all_0366,TSP6_Liver_NA_10X_1_2_TCTGTCGCAGGAACCA,367486,TSP6,liver,non-classical monocyte,Cl_Mono
ts_immune_all_0366,TSP6_Liver_NA_10X_1_1_ATCTCTAAGGACAACC,163590,TSP6,liver,non-classical monocyte,Cl_Mono
ts_immune_all_0366,TSP6_Liver_NA_10X_1_1_CGAGGAATCCATTGGA,163996,TSP6,liver,non-classical monocyte,Cl_Mono
ts_immune_all_0366,TSP6_Liver_NA_10X_1_1_GGTAACTAGACGGATC,164510,TSP6,liver,non-classical monocyte,Cl_Mono
ts_immune_all_0366,TSP6_Liver_NA_10X_1_2_TCAGTGATCGAAGTGG,367435,TSP6,liver,non-classical monocyte,Cl_Mono
ts_immune_all_0366,TSP6_Liver_NA_10X_1_2_GAGTGAGAGGGTTAGC,367182,TSP6,liver,non-classical monocyte,Cl_Mono
ts_immune_all_0366,TSP6_Liver_NA_10X_1_1_TACTTACCAACCGTGC,164749,TSP6,liver,non-classical monocyte,Cl_Mono
ts_immune_all_0366,TSP6_Liver_NA_10X_1_1_GGGTAGAAGGAAAGAC,164497,TSP6,liver,non-classical monocyte,Cl_Mono
ts_immune_all_0366,TSP6_Liver_NA_10X_1_1_GTGACGCCATCGATCA,164619,TSP6,liver,non-classical monocyte,Cl_Mono
ts_immune_all_0366,TSP6_Liver_NA_10X_1_1_AAGCGTTTCGTTGCCT,163228,TSP6,liver,non-classical monocyte,Cl_Mono
ts_immune_all_0366,TSP6_Liver_NA_10X_1_2_TTGGTTTTCATCTATC,367611,TSP6,liver,non-classical monocyte,Cl_Mono
ts_immune_all_1344,TSP25_SalivaryGland_Submandibular_10X_1_1_GGGACAAAGTGTTCAC,41247,TSP25,submandibular gland,"CD8-positive, alpha-beta T cell",Memory_CD8
ts_immune_all_1344,TSP25_SalivaryGland_Submandibular_10X_1_1_GGTCTGGCATTACTCT,41261,TSP25,submandibular gland,"CD8-positive, alpha-beta T cell",Memory_CD8
ts_immune_all_1344,TSP25_SalivaryGland_Submandibular_10X_1_1_CTGCAGGCAAGCGCAA,41171,TSP25,submandibular gland,"CD8-positive, alpha-beta T cell",Memory_CD8
ts_immune_all_1344,TSP25_SalivaryGland_Submandibular_10X_1_1_TCACACCTCGGCCAAC,41321,TSP25,submandibular gland,"CD8-positive, alpha-beta T cell",Memory_CD8
ts_immune_all_1344,TSP25_SalivaryGland_Submandibular_10X_1_1_AGGATAATCTATCCAT,41034,TSP25,submandibular gland,"CD8-positive, alpha-beta T cell",Memory_CD8
ts_immune_all_1344,TSP25_SalivaryGland_Submandibular_10X_1_1_TCCGGGATCCAATCTT,41340,TSP25,submandibular gland,"CD8-positive, alpha-beta T cell",Memory_CD8
ts_immune_all_1344,TSP25_SalivaryGland_Submandibular_10X_1_1_CGAGGCTCATTCACAG,41134,TSP25,submandibular gland,"CD8-positive, alpha-beta T cell",Memory_CD8
ts_immune_all_1344,TSP25_SalivaryGland_Submandibular_10X_1_1_ACACCAACAATTTCTC,40988,TSP25,submandibular gland,"CD8-positive, alpha-beta T cell",Memory_CD8
ts_immune_all_1344,TSP25_SalivaryGland_Submandibular_10X_1_1_GAAATGAGTCGTCAGC,41189,TSP25,submandibular gland,"CD8-positive, alpha-beta T cell",Memory_CD8
ts_immune_all_1344,TSP25_SalivaryGland_Submandibular_10X_1_1_CTCCCAAGTGGTATGG,41167,TSP25,submandibular gland,"CD8-positive, alpha-beta T cell",Memory_CD8
ts_immune_all_1344,TSP25_SalivaryGland_Submandibular_10X_1_1_ATTACTCTCCCTCTAG,41069,TSP25,submandibular gland,"CD8-positive, alpha-beta T cell",Memory_CD8
ts_immune_all_1344,TSP25_SalivaryGland_Submandibular_10X_1_1_TTGTTGTTCGACATCA,41411,TSP25,submandibular gland,"CD8-positive, alpha-beta T cell",Memory_CD8
ts_immune_all_1344,TSP25_SalivaryGland_Submandibular_10X_1_1_ACCCTCACAAGATGGC,40999,TSP25,submandibular gland,"CD8-positive, alpha-beta T cell",Memory_CD8
ts_immune_all_1344,TSP25_SalivaryGland_Submandibular_10X_1_1_TTCTAACAGGAAAGTG,41398,TSP25,submandibular gland,"CD8-positive, alpha-beta T cell",Memory_CD8
ts_immune_all_1344,TSP25_SalivaryGland_Submandibular_10X_1_1_GTCTAGATCCACACAA,41281,TSP25,submandibular gland,"CD8-positive, alpha-beta T cell",Memory_CD8
ts_immune_all_1344,TSP25_SalivaryGland_Submandibular_10X_1_1_CTTCTAAAGACGGATC,41184,TSP25,submandibular gland,"CD8-positive, alpha-beta T cell",Memory_CD8
ts_immune_all_1344,TSP25_SalivaryGland_Submandibular_10X_1_1_ACTCTCGTCCTTATCA,41008,TSP25,submandibular gland,"CD8-positive, alpha-beta T cell",Memory_CD8
ts_immune_all_1344,TSP25_SalivaryGland_Submandibular_10X_1_1_ACCAAACAGTACTGGG,40997,TSP25,submandibular gland,"CD8-positive, alpha-beta T cell",Memory_CD8
ts_immune_all_1344,TSP25_SalivaryGland_Submandibular_10X_1_1_AAACGAATCTCCCTAG,40971,TSP25,submandibular gland,"CD8-positive, alpha-beta T cell",Memory_CD8
ts_immune_all_1344,TSP25_SalivaryGland_Submandibular_10X_1_1_CGCATGGCATAAGCGG,41140,TSP25,submandibular gland,"CD8-positive, alpha-beta T cell",Memory_CD8
ts_immune_all_1344,TSP25_SalivaryGland_Submandibular_10X_1_1_CAACGGCTCTATGCCC,41081,TSP25,submandibular gland,"CD8-positive, alpha-beta T cell",Memory_CD8
ts_immune_all_1344,TSP25_SalivaryGland_Submandibular_10X_1_1_TCCTCTTAGTGGATAT,41342,TSP25,submandibular gland,"CD8-positive, alpha-beta T cell",Memory_CD8
ts_immune_all_1344,TSP25_SalivaryGland_Submandibular_10X_1_1_CGTCAAAAGAATCGCG,41147,TSP25,submandibular gland,"CD8-positive, alpha-beta T cell",Memory_CD8
ts_immune_all_1344,TSP25_SalivaryGland_Submandibular_10X_1_1_AGGTCTATCACCTCAC,41043,TSP25,submandibular gland,"CD8-positive, alpha-beta T cell",Memory_CD8
ts_immune_all_1344,TSP25_SalivaryGland_Submandibular_10X_1_1_CTTCCTTAGTAGGTTA,41182,TSP25,submandibular gland,"CD8-positive, alpha-beta T cell",Memory_CD8
ts_immune_all_1344,TSP25_SalivaryGland_Submandibular_10X_1_1_CTCTGGTCAACCCTAA,41170,TSP25,submandibular gland,"CD8-positive, alpha-beta T cell",Memory_CD8
ts_immune_all_1344,TSP25_SalivaryGland_Submandibular_10X_1_1_GCCATGGTCTTAGTTC,41232,TSP25,submandibular gland,"CD8-positive, alpha-beta T cell",Memory_CD8
ts_immune_all_1344,TSP25_SalivaryGland_Submandibular_10X_1_1_GTCATCCAGTATGACA,41272,TSP25,submandibular gland,"CD8-positive, alpha-beta T cell",Memory_CD8
ts_immune_all_1344,TSP25_SalivaryGland_Submandibular_10X_1_1_TCTATCAGTGTAGCAG,41351,TSP25,submandibular gland,"CD8-positive, alpha-beta T cell",Memory_CD8
ts_immune_all_1344,TSP25_SalivaryGland_Submandibular_10X_1_1_AGGCATTGTTAGGACG,41036,TSP25,submandibular gland,"CD8-positive, alpha-beta T cell",Memory_CD8
ts_immune_all_1344,TSP25_SalivaryGland_Submandibular_10X_1_1_ATAGACCGTGGGTATG,41053,TSP25,submandibular gland,"CD8-positive, alpha-beta T cell",Memory_CD8
ts_immune_all_1344,TSP25_SalivaryGland_Submandibular_10X_1_1_GAAACCTTCGGATAAA,41188,TSP25,submandibular gland,"CD8-positive, alpha-beta T cell",Memory_CD8
ts_immune_all_1344,TSP25_SalivaryGland_Submandibular_10X_1_1_CTTCTAAGTATGATCC,41185,TSP25,submandibular gland,"CD8-positive, alpha-beta T cell",Memory_CD8
ts_immune_all_1344,TSP25_SalivaryGland_Submandibular_10X_1_1_ACTTCGCAGAAGATCT,41013,TSP25,submandibular gland,"CD8-positive, alpha-beta T cell",Memory_CD8
ts_immune_all_1344,TSP25_SalivaryGland_Submandibular_10X_1_1_CGTTAGAAGGCACTCC,41154,TSP25,submandibular gland,"CD8-positive, alpha-beta T cell",Memory_CD8
ts_immune_all_1344,TSP25_SalivaryGland_Submandibular_10X_1_1_TTGTGTTCATCGAACT,41410,TSP25,submandibular gland,"CD8-positive, alpha-beta T cell",Memory_CD8
ts_immune_all_1344,TSP25_SalivaryGland_Submandibular_10X_1_1_AGCTTCCAGGAGCAAA,41027,TSP25,submandibular gland,"CD8-positive, alpha-beta T cell",Memory_CD8
ts_immune_all_1344,TSP25_SalivaryGland_Submandibular_10X_1_1_CCACCATGTGTTTGCA,41116,TSP25,submandibular gland,"CD8-positive, alpha-beta T cell",Memory_CD8
ts_immune_all_1344,TSP25_SalivaryGland_Submandibular_10X_1_1_TACCGGGGTCGTGGTC,41303,TSP25,submandibular gland,"CD8-positive, alpha-beta T cell",Memory_CD8
ts_immune_all_1344,TSP25_SalivaryGland_Submandibular_10X_1_1_AAGGAATAGGAGAGTA,40982,TSP25,submandibular gland,"CD8-positive, alpha-beta T cell",Memory_CD8
ts_immune_all_1344,TSP25_SalivaryGland_Submandibular_10X_1_1_CATGCGGCATCGCTCT,41105,TSP25,submandibular gland,"CD8-positive, alpha-beta T cell",Memory_CD8
ts_immune_all_1344,TSP25_SalivaryGland_Submandibular_10X_1_1_ACACAGTCACACGGAA,40985,TSP25,submandibular gland,"CD8-positive, alpha-beta T cell",Memory_CD8
ts_immune_all_1344,TSP25_SalivaryGland_Submandibular_10X_1_1_CCTCACAGTACTTCCC,41123,TSP25,submandibular gland,"CD8-positive, alpha-beta T cell",Memory_CD8
ts_immune_all_1344,TSP25_SalivaryGland_Submandibular_10X_1_1_GCCATGGCAACTCGTA,41231,TSP25,submandibular gland,"CD8-positive, alpha-beta T cell",Memory_CD8
ts_immune_all_1344,TSP25_SalivaryGland_Submandibular_10X_1_1_TTCTAACCACTAACGT,41399,TSP25,submandibular gland,"CD8-positive, alpha-beta T cell",Memory_CD8
ts_immune_all_1344,TSP25_SalivaryGland_Submandibular_10X_1_1_ATTACCTAGATACATG,41067,TSP25,submandibular gland,"CD8-positive, alpha-beta T cell",Memory_CD8
ts_immune_all_1344,TSP25_SalivaryGland_Submandibular_10X_1_1_CAGGGCTCACGTATAC,41100,TSP25,submandibular gland,"CD8-positive, alpha-beta T cell",Memory_CD8
ts_immune_all_1344,TSP25_SalivaryGland_Submandibular_10X_1_1_CTGCCTATCTATCCAT,41173,TSP25,submandibular gland,"CD8-positive, alpha-beta T cell",Memory_CD8
ts_immune_all_1344,TSP25_SalivaryGland_Submandibular_10X_1_1_TGTTGGAGTGTACAGG,41383,TSP25,submandibular gland,"CD8-positive, alpha-beta T cell",Memory_CD8
ts_immune_all_1344,TSP25_SalivaryGland_Submandibular_10X_1_1_CCCTGATCACATCCCT,41118,TSP25,submandibular gland,"CD8-positive, alpha-beta T cell",Memory_CD8
ts_immune_all_0711,TSP14_Vasculature_CoronaryArteries_10X_1_1_AGGGTGAAGCCAAGTG,54954,TSP14,coronary artery,"CD4-positive, alpha-beta T cell",Memory_CD4
ts_immune_all_0711,TSP14_Vasculature_CoronaryArteries_10X_1_1_TCATTACCAAGCGAAC,55630,TSP14,coronary artery,"CD4-positive, alpha-beta T cell",Memory_CD4
ts_immune_all_0711,TSP14_Vasculature_CoronaryArteries_10X_1_1_TGTCAGAGTACGTGAG,55762,TSP14,coronary artery,"CD4-positive, alpha-beta T cell",Memory_CD4
ts_immune_all_0711,TSP14_Vasculature_CoronaryArteries_10X_1_1_GCCAGTGTCAGCTCTC,55396,TSP14,coronary artery,"CD4-positive, alpha-beta T cell",Memory_CD4
ts_immune_all_0711,TSP14_Vasculature_CoronaryArteries_10X_1_1_CAACCAAAGGTGGTTG,55060,TSP14,coronary artery,"CD4-positive, alpha-beta T cell",Memory_CD4
ts_immune_all_0711,TSP14_Vasculature_CoronaryArteries_10X_1_1_GCCCGAAAGGTTCCGC,55401,TSP14,coronary artery,"CD4-positive, alpha-beta T cell",Memory_CD4
ts_immune_all_0711,TSP14_Vasculature_CoronaryArteries_10X_1_1_CTCAATTTCTTCCACG,55258,TSP14,coronary artery,"CD4-positive, alpha-beta T cell",Memory_CD4
ts_immune_all_0711,TSP14_Vasculature_CoronaryArteries_10X_1_1_GTCAAGTTCGCCAACG,55499,TSP14,coronary artery,"CD4-positive, alpha-beta T cell",Memory_CD4
ts_immune_all_0711,TSP14_Vasculature_CoronaryArteries_10X_1_1_TACCTGCGTGTATACC,55578,TSP14,coronary artery,"CD4-positive, alpha-beta T cell",Memory_CD4
ts_immune_all_0711,TSP14_Vasculature_CoronaryArteries_10X_1_1_CACGTTCCAGTTTCGA,55079,TSP14,coronary artery,"CD4-positive, alpha-beta T cell",Memory_CD4
ts_immune_all_0711,TSP14_Vasculature_CoronaryArteries_10X_1_1_AAACCCAAGTGATAAC,54786,TSP14,coronary artery,"CD4-positive, alpha-beta T cell",Memory_CD4
ts_immune_all_0711,TSP14_Vasculature_CoronaryArteries_10X_1_1_GTTGTAGGTCACAGAG,55560,TSP14,coronary artery,"CD4-positive, alpha-beta T cell",Memory_CD4
ts_immune_all_0711,TSP14_Vasculature_CoronaryArteries_10X_1_1_CACAGGCCAACCAACT,55070,TSP14,coronary artery,"CD4-positive, alpha-beta T cell",Memory_CD4
ts_immune_all_0711,TSP14_Vasculature_CoronaryArteries_10X_1_1_GGCGTCATCCACTGAA,55442,TSP14,coronary artery,"CD4-positive, alpha-beta T cell",Memory_CD4
ts_immune_all_0711,TSP14_Vasculature_CoronaryArteries_10X_1_1_AAAGAACTCTAGCAAC,54791,TSP14,coronary artery,"CD4-positive, alpha-beta T cell",Memory_CD4
ts_immune_all_0711,TSP14_Vasculature_CoronaryArteries_10X_1_1_TGCAGATGTATAGGAT,55713,TSP14,coronary artery,"CD4-positive, alpha-beta T cell",Memory_CD4
ts_immune_all_0711,TSP14_Vasculature_CoronaryArteries_10X_1_1_TCCGTGTGTGGCAACA,55652,TSP14,coronary artery,"CD4-positive, alpha-beta T cell",Memory_CD4
ts_immune_all_0711,TSP14_Vasculature_CoronaryArteries_10X_1_1_GAGGCAAGTTGGGATG,55336,TSP14,coronary artery,"CD4-positive, alpha-beta T cell",Memory_CD4
ts_immune_all_0711,TSP14_Vasculature_CoronaryArteries_10X_1_1_TCTATCAGTAGTTCCA,55681,TSP14,coronary artery,"CD4-positive, alpha-beta T cell",Memory_CD4
ts_immune_all_0711,TSP14_Vasculature_CoronaryArteries_10X_1_1_AGGTGTTTCTCTGAGA,54957,TSP14,coronary artery,"CD4-positive, alpha-beta T cell",Memory_CD4
ts_immune_all_0711,TSP14_Vasculature_CoronaryArteries_10X_1_1_TGATCTTTCCGTGTAA,55703,TSP14,coronary artery,"CD4-positive, alpha-beta T cell",Memory_CD4
ts_immune_all_0711,TSP14_Vasculature_CoronaryArteries_10X_1_1_TTGGGTAGTCGCGTTG,55814,TSP14,coronary artery,"CD4-positive, alpha-beta T cell",Memory_CD4
ts_immune_all_0711,TSP14_Vasculature_CoronaryArteries_10X_1_1_GTGACGCCACTCAAGT,55515,TSP14,coronary artery,"CD4-positive, alpha-beta T cell",Memory_CD4
ts_immune_all_0711,TSP14_Vasculature_CoronaryArteries_10X_1_1_AGTACTGAGTAAGACT,54966,TSP14,coronary artery,"CD4-positive, alpha-beta T cell",Memory_CD4
ts_immune_all_0711,TSP14_Vasculature_CoronaryArteries_10X_1_1_TCACGCTCATGCAGCC,55616,TSP14,coronary artery,"CD4-positive, alpha-beta T cell",Memory_CD4
ts_immune_all_0711,TSP14_Vasculature_CoronaryArteries_10X_1_1_GTGCACGTCGTAACAC,55520,TSP14,coronary artery,"CD4-positive, alpha-beta T cell",Memory_CD4
ts_immune_all_0711,TSP14_Vasculature_CoronaryArteries_10X_1_1_ACACGCGTCCTGGTCT,54844,TSP14,coronary artery,"CD4-positive, alpha-beta T cell",Memory_CD4
ts_immune_all_0711,TSP14_Vasculature_CoronaryArteries_10X_1_1_AAAGTCCGTCTAATCG,54797,TSP14,coronary artery,"CD4-positive, alpha-beta T cell",Memory_CD4
ts_immune_all_0711,TSP14_Vasculature_CoronaryArteries_10X_1_1_AAGTGAAAGGGCGAGA,54823,TSP14,coronary artery,"CD4-positive, alpha-beta T cell",Memory_CD4
ts_immune_all_0711,TSP14_Vasculature_CoronaryArteries_10X_1_1_GACCCAGGTTCTTGTT,55323,TSP14,coronary artery,"CD4-positive, alpha-beta T cell",Memory_CD4
ts_immune_all_0711,TSP14_Vasculature_CoronaryArteries_10X_1_1_CATGCAAGTTTACGAC,55116,TSP14,coronary artery,"CD4-positive, alpha-beta T cell",Memory_CD4
ts_immune_all_0711,TSP14_Vasculature_CoronaryArteries_10X_1_1_ACAGGGACAGCTGTTA,54850,TSP14,coronary artery,"CD4-positive, alpha-beta T cell",Memory_CD4
ts_immune_all_0711,TSP14_Vasculature_CoronaryArteries_10X_1_1_TTCCGGTAGTTCTACG,55795,TSP14,coronary artery,"CD4-positive, alpha-beta T cell",Memory_CD4
ts_immune_all_0711,TSP14_Vasculature_CoronaryArteries_10X_1_1_CACTGTCCACGGCCAT,55083,TSP14,coronary artery,"CD4-positive, alpha-beta T cell",Memory_CD4
ts_immune_all_0711,TSP14_Vasculature_CoronaryArteries_10X_1_1_GCGTTTCGTGTTAAAG,55420,TSP14,coronary artery,"CD4-positive, alpha-beta T cell",Memory_CD4
ts_immune_all_0711,TSP14_Vasculature_CoronaryArteries_10X_1_1_GAGGGTAGTACTGCCG,55342,TSP14,coronary artery,"CD4-positive, alpha-beta T cell",Memory_CD4
ts_immune_all_0711,TSP14_Vasculature_CoronaryArteries_10X_1_1_CTTGAGACATGGAGAC,55303,TSP14,coronary artery,"CD4-positive, alpha-beta T cell",Memory_CD4
ts_immune_all_0711,TSP14_Vasculature_CoronaryArteries_10X_1_1_ATGGGTTAGACTCGAG,55035,TSP14,coronary artery,"CD4-positive, alpha-beta T cell",Memory_CD4
ts_immune_all_0711,TSP14_Vasculature_CoronaryArteries_10X_1_1_CCGATGGGTTGGGAAC,55165,TSP14,coronary artery,"CD4-positive, alpha-beta T cell",Memory_CD4
ts_immune_all_0711,TSP14_Vasculature_CoronaryArteries_10X_1_1_CCATCACTCCAATGCA,55153,TSP14,coronary artery,"CD4-positive, alpha-beta T cell",Memory_CD4
ts_immune_all_0711,TSP14_Vasculature_CoronaryArteries_10X_1_1_ACTTAGGCACGCAGTC,54894,TSP14,coronary artery,"CD4-positive, alpha-beta T cell",Memory_CD4
ts_immune_all_0711,TSP14_Vasculature_CoronaryArteries_10X_1_1_AGACCCGCAATTTCCT,54907,TSP14,coronary artery,"CD4-positive, alpha-beta T cell",Memory_CD4
ts_immune_all_0711,TSP14_Vasculature_CoronaryArteries_10X_1_1_CTCAGGGAGGGCCTCT,55261,TSP14,coronary artery,"CD4-positive, alpha-beta T cell",Memory_CD4
ts_immune_all_0711,TSP14_Vasculature_CoronaryArteries_10X_1_1_CCCAACTGTTTCACAG,55154,TSP14,coronary artery,"CD4-positive, alpha-beta T cell",Memory_CD4
ts_immune_all_0711,TSP14_Vasculature_CoronaryArteries_10X_1_1_TCAGTGATCGGACTGC,55622,TSP14,coronary artery,"CD4-positive, alpha-beta T cell",Memory_CD4
ts_immune_all_0711,TSP14_Vasculature_CoronaryArteries_10X_1_1_TGGGAAGTCTCGCCTA,55748,TSP14,coronary artery,"CD4-positive, alpha-beta T cell",Memory_CD4
ts_immune_all_0711,TSP14_Vasculature_CoronaryArteries_10X_1_1_GAGTGAGAGCAAGTCG,55347,TSP14,coronary artery,"CD4-positive, alpha-beta T cell",Memory_CD4
ts_immune_all_0711,TSP14_Vasculature_CoronaryArteries_10X_1_1_GCGATCGCAAACGGCA,55411,TSP14,coronary artery,"CD4-positive, alpha-beta T cell",Memory_CD4
ts_immune_all_0711,TSP14_Vasculature_CoronaryArteries_10X_1_1_TAAGCCAGTCGCGTTG,55569,TSP14,coronary artery,"CD4-positive, alpha-beta T cell",Memory_CD4
ts_immune_all_0711,TSP14_Vasculature_CoronaryArteries_10X_1_1_CGAGTTAGTGCGTTTA,55210,TSP14,coronary artery,"CD4-positive, alpha-beta T cell",Memory_CD4
ts_immune_all_1439,TSP25_BoneMarrow_NA_10X_1_1_TACTTCAAGTATGGCG,411923,TSP25,bone marrow,natural killer cell,NK
ts_immune_all_1439,TSP25_BoneMarrow_NA_10X_1_1_5prime_TCACAAGAGACTGGGT,324345,TSP25,bone marrow,natural killer cell,NK
ts_immune_all_1439,TSP25_BoneMarrow_NA_10X_2_1_GACCCAGTCGCAATGT,555475,TSP25,bone marrow,natural killer cell,NK
ts_immune_all_1439,TSP25_BoneMarrow_NA_10X_2_1_AGTGACTAGCCTGCCA,555054,TSP25,bone marrow,natural killer cell,NK
ts_immune_all_1439,TSP25_BoneMarrow_NA_10X_1_1_5prime_TACACGACAAGGTGTG,324285,TSP25,bone marrow,natural killer cell,NK
ts_immune_all_1439,TSP25_BoneMarrow_NA_10X_1_1_AGATAGAAGTCTGCAT,411116,TSP25,bone marrow,natural killer cell,NK
ts_immune_all_1439,TSP25_BoneMarrow_NA_10X_1_1_CTAAGTGTCTCTGGTC,411481,TSP25,bone marrow,natural killer cell,NK
ts_immune_all_1439,TSP25_BoneMarrow_NA_10X_1_1_TTGGATGCACAAGTGG,412223,TSP25,bone marrow,natural killer cell,NK
ts_immune_all_1439,TSP25_BoneMarrow_NA_10X_1_1_GAGGCAATCGAATGCT,411614,TSP25,bone marrow,natural killer cell,NK
ts_immune_all_1439,TSP25_BoneMarrow_NA_10X_1_1_5prime_GGTGTTAAGTTGTAGA,324205,TSP25,bone marrow,natural killer cell,NK
ts_immune_all_1439,TSP25_BoneMarrow_NA_10X_2_1_TCAAGTGAGGCCACTC,555830,TSP25,bone marrow,natural killer cell,NK
ts_immune_all_1439,TSP25_BoneMarrow_NA_10X_2_1_TGACAGTGTCCAGAAG,555944,TSP25,bone marrow,natural killer cell,NK
ts_immune_all_1439,TSP25_BoneMarrow_NA_10X_1_1_TCCTAATTCTTCTAAC,412010,TSP25,bone marrow,natural killer cell,NK
ts_immune_all_1439,TSP25_BoneMarrow_NA_10X_1_1_5prime_CTAGTGATCAGGATCT,323934,TSP25,bone marrow,natural killer cell,NK
ts_immune_all_1439,TSP25_BoneMarrow_NA_10X_1_1_TTCTGTAAGTAGGTTA,412207,TSP25,bone marrow,natural killer cell,NK
ts_immune_all_1439,TSP25_BoneMarrow_NA_10X_2_1_TGATGGTCAGCACAGA,555972,TSP25,bone marrow,natural killer cell,NK
ts_immune_all_1439,TSP25_BoneMarrow_NA_10X_1_1_5prime_CCTTACGCACCAGTTA,323816,TSP25,bone marrow,natural killer cell,NK
ts_immune_all_1439,TSP25_BoneMarrow_NA_10X_1_1_5prime_TGAAAGAGTTTGACTG,324406,TSP25,bone marrow,natural killer cell,NK
ts_immune_all_1439,TSP25_BoneMarrow_NA_10X_2_1_CGCAGGTAGGGTTAAT,555328,TSP25,bone marrow,natural killer cell,NK
ts_immune_all_1439,TSP25_BoneMarrow_NA_10X_1_1_TGCGACGCAAATGGAT,412104,TSP25,bone marrow,natural killer cell,NK
ts_immune_all_1439,TSP25_BoneMarrow_NA_10X_2_1_CCTAAGATCGTACACA,555286,TSP25,bone marrow,natural killer cell,NK
ts_immune_all_1439,TSP25_BoneMarrow_NA_10X_1_1_5prime_TGAAAGACACCCAGTG,324404,TSP25,bone marrow,natural killer cell,NK
ts_immune_all_1439,TSP25_BoneMarrow_NA_10X_1_1_5prime_CAAGTTGGTGGTCTCG,323671,TSP25,bone marrow,natural killer cell,NK
ts_immune_all_1439,TSP25_BoneMarrow_NA_10X_1_1_GACCCAGGTAAGCTCT,411591,TSP25,bone marrow,natural killer cell,NK
ts_immune_all_1439,TSP25_BoneMarrow_NA_10X_2_1_CGGGTCAGTAGTCTTG,555347,TSP25,bone marrow,natural killer cell,NK
ts_immune_all_1439,TSP25_BoneMarrow_NA_10X_1_1_5prime_ACAGCTATCCTACAGA,323451,TSP25,bone marrow,natural killer cell,NK
ts_immune_all_1439,TSP25_BoneMarrow_NA_10X_1_1_GACCTTCCAGGTCCCA,411594,TSP25,bone marrow,natural killer cell,NK
ts_immune_all_1439,TSP25_BoneMarrow_NA_10X_1_1_5prime_CATTATCCATTCCTGC,323762,TSP25,bone marrow,natural killer cell,NK
ts_immune_all_1439,TSP25_BoneMarrow_NA_10X_2_1_GGCACGTAGAGGGTCT,555596,TSP25,bone marrow,natural killer cell,NK
ts_immune_all_1439,TSP25_BoneMarrow_NA_10X_2_1_TTCTGTACAGTGTATC,556084,TSP25,bone marrow,natural killer cell,NK
ts_immune_all_1439,TSP25_BoneMarrow_NA_10X_1_1_5prime_TGTGGTATCCAGTAGT,324483,TSP25,bone marrow,natural killer cell,NK
ts_immune_all_1439,TSP25_BoneMarrow_NA_10X_1_1_5prime_AGCTTGAAGCGATAGC,323561,TSP25,bone marrow,natural killer cell,NK
ts_immune_all_1439,TSP25_BoneMarrow_NA_10X_1_1_5prime_TACTCGCTCTGGTTCC,324312,TSP25,bone marrow,natural killer cell,NK
ts_immune_all_1439,TSP25_BoneMarrow_NA_10X_1_1_ATCCGTCCAAGGCTTT,411219,TSP25,bone marrow,natural killer cell,NK
ts_immune_all_1439,TSP25_BoneMarrow_NA_10X_2_1_ATGAAAGAGAATAGTC,555103,TSP25,bone marrow,natural killer cell,NK
ts_immune_all_1439,TSP25_BoneMarrow_NA_10X_1_1_AGGGAGTTCCAAAGGG,411153,TSP25,bone marrow,natural killer cell,NK
ts_immune_all_1439,TSP25_BoneMarrow_NA_10X_2_1_TGATTTCAGCTGACAG,555976,TSP25,bone marrow,natural killer cell,NK
ts_immune_all_1439,TSP25_BoneMarrow_NA_10X_1_1_CAATTTCGTTCCGGTG,411293,TSP25,bone marrow,natural killer cell,NK
ts_immune_all_1439,TSP25_BoneMarrow_NA_10X_2_1_GTAGGAGGTTTGTTCT,555663,TSP25,bone marrow,natural killer cell,NK
ts_immune_all_1439,TSP25_BoneMarrow_NA_10X_2_1_ACTATTCCATGCGTGC,554957,TSP25,bone marrow,natural killer cell,NK
ts_immune_all_1439,TSP25_BoneMarrow_NA_10X_1_1_CCTCCTCAGAGTCTTC,411411,TSP25,bone marrow,natural killer cell,NK
ts_immune_all_1439,TSP25_BoneMarrow_NA_10X_1_1_AGCGTATTCGCCGAAC,411134,TSP25,bone marrow,natural killer cell,NK
ts_immune_all_1439,TSP25_BoneMarrow_NA_10X_1_1_5prime_AGCGTATAGAAACCTA,323549,TSP25,bone marrow,natural killer cell,NK
ts_immune_all_1439,TSP25_BoneMarrow_NA_10X_1_1_5prime_CTGAAACTCCAAACAC,323964,TSP25,bone marrow,natural killer cell,NK
ts_immune_all_1439,TSP25_BoneMarrow_NA_10X_1_1_CACGTGGGTCGAGTGA,411306,TSP25,bone marrow,natural killer cell,NK
ts_immune_all_1439,TSP25_BoneMarrow_NA_10X_1_1_5prime_CCGTACTCACCACCAG,323789,TSP25,bone marrow,natural killer cell,NK
ts_immune_all_1439,TSP25_BoneMarrow_NA_10X_1_1_5prime_GCATGTAAGCTTCGCG,324086,TSP25,bone marrow,natural killer cell,NK
ts_immune_all_1439,TSP25_BoneMarrow_NA_10X_1_1_CCTCATGCAAGATTGA,411409,TSP25,bone marrow,natural killer cell,NK
ts_immune_all_1439,TSP25_BoneMarrow_NA_10X_1_1_GAAGCGAAGCTGCCTG,411583,TSP25,bone marrow,natural killer cell,NK
ts_immune_all_1439,TSP25_BoneMarrow_NA_10X_1_1_5prime_TACACGAAGAGGTACC,324284,TSP25,bone marrow,natural killer cell,NK
ts_immune_all_1139,TSP21_Skin_NA_10X_1_1_CGTAGTAAGAGAGCGG,42329,TSP21,skin of body,plasma cell,Plasma
ts_immune_all_1139,TSP21_Skin_NA_10X_1_1_CTTGATTCAAGTGCAG,42501,TSP21,skin of body,plasma cell,Plasma
ts_immune_all_1139,TSP21_Skin_NA_10X_1_1_TGATTCTCATCAGTGT,43439,TSP21,skin of body,plasma cell,Plasma
ts_immune_all_1139,TSP21_Skin_NA_10X_1_1_GCGTGCATCACACCGG,42732,TSP21,skin of body,plasma cell,Plasma
ts_immune_all_1139,TSP21_Skin_NA_10X_1_1_TCCGTGTTCGTGTTCC,43271,TSP21,skin of body,plasma cell,Plasma
ts_immune_all_1139,TSP21_Skin_NA_10X_1_1_CGATGCGAGGTTATAG,42278,TSP21,skin of body,plasma cell,Plasma
ts_immune_all_1139,TSP21_Skin_NA_10X_1_2_AAATGGATCCGAGCTG,577602,TSP21,skin of body,plasma cell,Plasma
ts_immune_all_1139,TSP21_Skin_NA_10X_1_1_TTCATTGCATCTCCCA,43603,TSP21,skin of body,plasma cell,Plasma
ts_immune_all_1139,TSP21_Skin_NA_10X_1_2_CATTTCAGTCGCATGC,578372,TSP21,skin of body,plasma cell,Plasma
ts_immune_all_1139,TSP21_Skin_NA_10X_1_2_TTTCATGCAACCTATG,579983,TSP21,skin of body,plasma cell,Plasma
ts_immune_all_1139,TSP21_Skin_NA_10X_1_1_TAGATCGAGCGTATAA,43115,TSP21,skin of body,plasma cell,Plasma
ts_immune_all_1139,TSP21_Skin_NA_10X_1_1_ACGGAAGTCGCCAGTG,41581,TSP21,skin of body,plasma cell,Plasma
ts_immune_all_1139,TSP21_Skin_NA_10X_1_1_GTAGATCGTCCACATA,42898,TSP21,skin of body,plasma cell,Plasma
ts_immune_all_1139,TSP21_Skin_NA_10X_1_1_TTTCATGCATGTGCTA,43709,TSP21,skin of body,plasma cell,Plasma
ts_immune_all_1139,TSP21_Skin_NA_10X_1_1_GATAGAAGTTAGGGAC,42625,TSP21,skin of body,plasma cell,Plasma
ts_immune_all_1139,TSP21_Skin_NA_10X_1_1_ACTTAGGAGACATATG,41628,TSP21,skin of body,plasma cell,Plasma
ts_immune_all_1139,TSP21_Skin_NA_10X_1_1_GACTCAAAGCTTGTTG,42573,TSP21,skin of body,plasma cell,Plasma
ts_immune_all_1139,TSP21_Skin_NA_10X_1_1_ACTATCTGTGCATCTA,41605,TSP21,skin of body,plasma cell,Plasma
ts_immune_all_1139,TSP21_Skin_NA_10X_1_1_GTGTTCCCATCCGAGC,42992,TSP21,skin of body,plasma cell,Plasma
ts_immune_all_1139,TSP21_Skin_NA_10X_1_1_AAAGAACCATCGGAGA,41428,TSP21,skin of body,plasma cell,Plasma
ts_immune_all_1139,TSP21_Skin_NA_10X_1_1_AAGACAAAGTCATGAA,41471,TSP21,skin of body,plasma cell,Plasma
ts_immune_all_1139,TSP21_Skin_NA_10X_1_1_TACATTCTCATTCCTA,43074,TSP21,skin of body,plasma cell,Plasma
ts_immune_all_1139,TSP21_Skin_NA_10X_1_1_AAGCGTTCATTGAGGG,41492,TSP21,skin of body,plasma cell,Plasma
ts_immune_all_1139,TSP21_Skin_NA_10X_1_1_TAGACCAGTGCGGATA,43111,TSP21,skin of body,plasma cell,Plasma
ts_immune_all_1139,TSP21_Skin_NA_10X_1_1_CTGTCGTGTTTGGAAA,42465,TSP21,skin of body,plasma cell,Plasma
ts_immune_all_1139,TSP21_Skin_NA_10X_1_1_AGTCTCCAGTTAGAAC,41809,TSP21,skin of body,plasma cell,Plasma
ts_immune_all_1139,TSP21_Skin_NA_10X_1_1_AGTAGCTCAATGTTGC,41798,TSP21,skin of body,plasma cell,Plasma
ts_immune_all_1139,TSP21_Skin_NA_10X_1_1_TGATTTCGTTGCCAAT,43444,TSP21,skin of body,plasma cell,Plasma
ts_immune_all_1139,TSP21_Skin_NA_10X_1_1_ATAGAGAGTTTCCATT,41836,TSP21,skin of body,plasma cell,Plasma
ts_immune_all_1139,TSP21_Skin_NA_10X_1_1_GGGTCTGCATTCAGGT,42844,TSP21,skin of body,plasma cell,Plasma
ts_immune_all_1139,TSP21_Skin_NA_10X_1_1_GGAGGTAAGCCTCAGC,42779,TSP21,skin of body,plasma cell,Plasma
ts_immune_all_1139,TSP21_Skin_NA_10X_1_1_ATTCAGGTCCATCTCG,41944,TSP21,skin of body,plasma cell,Plasma
ts_immune_all_1139,TSP21_Skin_NA_10X_1_1_TGGATCAAGCTACGTT,43492,TSP21,skin of body,plasma cell,Plasma
ts_immune_all_1139,TSP21_Skin_NA_10X_1_1_CCACGTTCATGGTGGA,42173,TSP21,skin of body,plasma cell,Plasma
ts_immune_all_1139,TSP21_Skin_NA_10X_1_1_TCACATTCAGATACCT,43187,TSP21,skin of body,plasma cell,Plasma
ts_immune_all_1139,TSP21_Skin_NA_10X_1_1_TAGGAGGCAGCCCAGT,43120,TSP21,skin of body,plasma cell,Plasma
ts_immune_all_1139,TSP21_Skin_NA_10X_1_1_CATTCCGCACGACAAG,42138,TSP21,skin of body,plasma cell,Plasma
ts_immune_all_1139,TSP21_Skin_NA_10X_1_1_CTACCCATCGCTAATG,42368,TSP21,skin of body,plasma cell,Plasma
ts_immune_all_1139,TSP21_Skin_NA_10X_1_1_AGTGATCAGGGTACAC,41815,TSP21,skin of body,plasma cell,Plasma
ts_immune_all_1139,TSP21_Skin_NA_10X_1_2_CCCGAAGCACCCAACG,578412,TSP21,skin of body,plasma cell,Plasma
ts_immune_all_1139,TSP21_Skin_NA_10X_1_1_TGGTTAGGTCGCATTA,43519,TSP21,skin of body,plasma cell,Plasma
ts_immune_all_1139,TSP21_Skin_NA_10X_1_1_AGATGCTGTCCTGGGT,41697,TSP21,skin of body,plasma cell,Plasma
ts_immune_all_1139,TSP21_Skin_NA_10X_1_1_TGACAGTAGATGAATC,43399,TSP21,skin of body,plasma cell,Plasma
ts_immune_all_1139,TSP21_Skin_NA_10X_1_1_GAGGGATCAGCCCACA,42603,TSP21,skin of body,plasma cell,Plasma
ts_immune_all_1139,TSP21_Skin_NA_10X_1_1_TGTCCTGCAATCCTTT,43536,TSP21,skin of body,plasma cell,Plasma
ts_immune_all_1139,TSP21_Skin_NA_10X_1_1_CCTGTTGGTGACCTGC,42253,TSP21,skin of body,plasma cell,Plasma
ts_immune_all_1139,TSP21_Skin_NA_10X_1_1_GTGTCCTGTTGCTGAT,42981,TSP21,skin of body,plasma cell,Plasma
ts_immune_all_1139,TSP21_Skin_NA_10X_1_1_GATCCCTCAGTCTGGC,42635,TSP21,skin of body,plasma cell,Plasma
ts_immune_all_1139,TSP21_Skin_NA_10X_1_1_GGGAGTATCCATGCAA,42810,TSP21,skin of body,plasma cell,Plasma
ts_immune_all_1139,TSP21_Skin_NA_10X_1_1_CGTAGTACAGGATTCT,42332,TSP21,skin of body,plasma cell,Plasma
ts_immune_all_0901,TSP14_Tongue_Posterior_10X_1_1_TCAAGCAGTCGTTTCC,373552,TSP14,posterior part of tongue,"CD8-positive, alpha-beta T cell",Memory_CD4
ts_immune_all_0901,TSP14_Tongue_Posterior_10X_1_1_ATCCTATCACAGAGAC,373393,TSP14,posterior part of tongue,"CD8-positive, alpha-beta T cell",Memory_CD4
ts_immune_all_0901,TSP14_Tongue_Posterior_10X_1_1_AGGTGTTGTACGAGCA,373382,TSP14,posterior part of tongue,"CD8-positive, alpha-beta T cell",Memory_CD4
ts_immune_all_0901,TSP14_Tongue_Posterior_10X_1_1_ATTGTTCCACGTTCGG,373409,TSP14,posterior part of tongue,"CD8-positive, alpha-beta T cell",Memory_CD4
ts_immune_all_0901,TSP14_Tongue_Posterior_10X_1_1_ATTCAGGGTTCCGCTT,373403,TSP14,posterior part of tongue,"CD8-positive, alpha-beta T cell",Memory_CD4
ts_immune_all_0901,TSP14_Tongue_Posterior_10X_1_1_ACCTGAATCCGCACGA,373355,TSP14,posterior part of tongue,"CD8-positive, alpha-beta T cell",Memory_CD4
ts_immune_all_0901,TSP14_Tongue_Posterior_10X_1_1_CTGGTCTGTGAACGGT,373472,TSP14,posterior part of tongue,"CD8-positive, alpha-beta T cell",Memory_CD4
ts_immune_all_0901,TSP14_Tongue_Posterior_10X_1_1_TCATCCGAGCTGACAG,373561,TSP14,posterior part of tongue,"CD8-positive, alpha-beta T cell",Memory_CD4
ts_immune_all_0901,TSP14_Tongue_Posterior_10X_1_1_ATCAGGTAGCACTCGC,373390,TSP14,posterior part of tongue,"CD8-positive, alpha-beta T cell",Memory_CD4
ts_immune_all_0901,TSP14_Tongue_Posterior_10X_1_1_GAAGCGAGTACAGAGC,373477,TSP14,posterior part of tongue,"CD8-positive, alpha-beta T cell",Memory_CD4
ts_immune_all_0901,TSP14_Tongue_Posterior_10X_1_1_GGTGGCTGTGTGTGTT,373523,TSP14,posterior part of tongue,"CD8-positive, alpha-beta T cell",Memory_CD4
ts_immune_all_0901,TSP14_Tongue_Posterior_10X_1_1_GGGCTCATCAGTGTCA,373517,TSP14,posterior part of tongue,"CD8-positive, alpha-beta T cell",Memory_CD4
ts_immune_all_0901,TSP14_Tongue_Posterior_10X_1_1_GGGCGTTAGGTGCAGT,373516,TSP14,posterior part of tongue,"CD8-positive, alpha-beta T cell",Memory_CD4
ts_immune_all_0901,TSP14_Tongue_Posterior_10X_1_1_GAGTTGTGTGACACAG,373491,TSP14,posterior part of tongue,"CD8-positive, alpha-beta T cell",Memory_CD4
ts_immune_all_0901,TSP14_Tongue_Posterior_10X_1_1_GATTCTTAGCTATCTG,373494,TSP14,posterior part of tongue,"CD8-positive, alpha-beta T cell",Memory_CD4
ts_immune_all_0901,TSP14_Tongue_Posterior_10X_1_1_AGTTAGCCATTAAAGG,373388,TSP14,posterior part of tongue,"CD8-positive, alpha-beta T cell",Memory_CD4
ts_immune_all_0901,TSP14_Tongue_Posterior_10X_1_1_GAGGGATTCCCGATCT,373489,TSP14,posterior part of tongue,"CD8-positive, alpha-beta T cell",Memory_CD4
ts_immune_all_0901,TSP14_Tongue_Posterior_10X_1_1_TAGTGCACACCTAAAC,373547,TSP14,posterior part of tongue,"CD8-positive, alpha-beta T cell",Memory_CD4
ts_immune_all_0901,TSP14_Tongue_Posterior_10X_1_1_TTTCATGCACTGAGTT,373606,TSP14,posterior part of tongue,"CD8-positive, alpha-beta T cell",Memory_CD4
ts_immune_all_0901,TSP14_Tongue_Posterior_10X_1_1_ATGACCAAGTACCGGA,373397,TSP14,posterior part of tongue,"CD8-positive, alpha-beta T cell",Memory_CD4
ts_immune_all_0901,TSP14_Tongue_Posterior_10X_1_1_CCCTCAACACGAGAAC,373437,TSP14,posterior part of tongue,"CD8-positive, alpha-beta T cell",Memory_CD4
ts_immune_all_0901,TSP14_Tongue_Posterior_10X_1_1_TCGGGACTCATTACGG,373569,TSP14,posterior part of tongue,"CD8-positive, alpha-beta T cell",Memory_CD4
ts_immune_all_0901,TSP14_Tongue_Posterior_10X_1_1_GATTGGTAGTCCCAAT,373495,TSP14,posterior part of tongue,"CD8-positive, alpha-beta T cell",Memory_CD4
ts_immune_all_0901,TSP14_Tongue_Posterior_10X_1_1_GAAGGACAGAAACTCA,373478,TSP14,posterior part of tongue,"CD8-positive, alpha-beta T cell",Memory_CD4
ts_immune_all_0901,TSP14_Tongue_Posterior_10X_1_1_TTTGACTAGCCTATCA,373608,TSP14,posterior part of tongue,"CD8-positive, alpha-beta T cell",Memory_CD4
ts_immune_all_0901,TSP14_Tongue_Posterior_10X_1_1_GTAATCGGTATTCCGA,373525,TSP14,posterior part of tongue,"CD8-positive, alpha-beta T cell",Memory_CD4
ts_immune_all_0901,TSP14_Tongue_Posterior_10X_1_1_TCAGGGCAGCTGAAAT,373557,TSP14,posterior part of tongue,"CD8-positive, alpha-beta T cell",Memory_CD4
ts_immune_all_0901,TSP14_Tongue_Posterior_10X_1_1_TCCCATGAGAGAGCGG,373565,TSP14,posterior part of tongue,"CD8-positive, alpha-beta T cell",Memory_CD4
ts_immune_all_0901,TSP14_Tongue_Posterior_10X_1_1_TGAGACTGTTATGGTC,373578,TSP14,posterior part of tongue,"CD8-positive, alpha-beta T cell",Memory_CD4
ts_immune_all_0901,TSP14_Tongue_Posterior_10X_1_1_CGGAGAACACGCACCA,373456,TSP14,posterior part of tongue,"CD8-positive, alpha-beta T cell",Memory_CD4
ts_immune_all_0901,TSP14_Tongue_Posterior_10X_1_1_CTCCCTCAGTCCGCCA,373465,TSP14,posterior part of tongue,"CD8-positive, alpha-beta T cell",Memory_CD4
ts_immune_all_0901,TSP14_Tongue_Posterior_10X_1_1_TGTTGAGTCCTAGCCT,373589,TSP14,posterior part of tongue,"CD8-positive, alpha-beta T cell",Memory_CD4
ts_immune_all_0901,TSP14_Tongue_Posterior_10X_1_1_TTTACCATCCGTGACG,373604,TSP14,posterior part of tongue,"CD8-positive, alpha-beta T cell",Memory_CD4
ts_immune_all_0901,TSP14_Tongue_Posterior_10X_1_1_ACAAAGACAATAGTCC,373348,TSP14,posterior part of tongue,"CD8-positive, alpha-beta T cell",Memory_CD4
ts_immune_all_0901,TSP14_Tongue_Posterior_10X_1_1_AAGCCATGTTGGTAGG,373339,TSP14,posterior part of tongue,"CD8-positive, alpha-beta T cell",Memory_CD4
ts_immune_all_0901,TSP14_Tongue_Posterior_10X_1_1_ATTCTACCAAGCACCC,373407,TSP14,posterior part of tongue,"CD8-positive, alpha-beta T cell",Memory_CD4
ts_immune_all_0901,TSP14_Tongue_Posterior_10X_1_1_AGGCATTAGGATATAC,373375,TSP14,posterior part of tongue,"CD8-positive, alpha-beta T cell",Memory_CD4
ts_immune_all_0901,TSP14_Tongue_Posterior_10X_1_1_TTACGCCAGTCATTGC,373591,TSP14,posterior part of tongue,"CD8-positive, alpha-beta T cell",Memory_CD4
ts_immune_all_0901,TSP14_Tongue_Posterior_10X_1_1_CCTAACCGTCAAACGG,373444,TSP14,posterior part of tongue,"CD8-positive, alpha-beta T cell",Memory_CD4
ts_immune_all_0901,TSP14_Tongue_Posterior_10X_1_1_GGTCACGAGCCTGCCA,373521,TSP14,posterior part of tongue,"CD8-positive, alpha-beta T cell",Memory_CD4
ts_immune_all_0901,TSP14_Tongue_Posterior_10X_1_1_CGTCCATGTTGTCTAG,373459,TSP14,posterior part of tongue,"CD8-positive, alpha-beta T cell",Memory_CD4
ts_immune_all_0901,TSP14_Tongue_Posterior_10X_1_1_ATGTCCCAGTGGGAAA,373402,TSP14,posterior part of tongue,"CD8-positive, alpha-beta T cell",Memory_CD4
ts_immune_all_0901,TSP14_Tongue_Posterior_10X_1_1_CCCTCAATCTTTGCGC,373438,TSP14,posterior part of tongue,"CD8-positive, alpha-beta T cell",Memory_CD4
ts_immune_all_0901,TSP14_Tongue_Posterior_10X_1_1_TCATACTGTAGCGTAG,373559,TSP14,posterior part of tongue,"CD8-positive, alpha-beta T cell",Memory_CD4
ts_immune_all_0901,TSP14_Tongue_Posterior_10X_1_1_ACGATGTGTAGACTGG,373356,TSP14,posterior part of tongue,"CD8-positive, alpha-beta T cell",Memory_CD4
ts_immune_all_0901,TSP14_Tongue_Posterior_10X_1_1_ATGAGGGGTCCGTACG,373399,TSP14,posterior part of tongue,"CD8-positive, alpha-beta T cell",Memory_CD4
ts_immune_all_0901,TSP14_Tongue_Posterior_10X_1_1_GCATGATTCACTCTTA,373501,TSP14,posterior part of tongue,"CD8-positive, alpha-beta T cell",Memory_CD4
ts_immune_all_0901,TSP14_Tongue_Posterior_10X_1_1_ATCGATGCAGCATTGT,373396,TSP14,posterior part of tongue,"CD8-positive, alpha-beta T cell",Memory_CD4
ts_immune_all_0901,TSP14_Tongue_Posterior_10X_1_1_ACTACGATCACACCCT,373360,TSP14,posterior part of tongue,"CD8-positive, alpha-beta T cell",Memory_CD4
ts_immune_all_0901,TSP14_Tongue_Posterior_10X_1_1_AATCGTGGTCACTCGG,373344,TSP14,posterior part of tongue,"CD8-positive, alpha-beta T cell",Memory_CD4
ts_immune_all_0891,TSP14_Tongue_Anterior_10X_1_1_TCACGCTAGGTTACCT,138600,TSP14,anterior part of tongue,macrophage,Macrophage
ts_immune_all_0891,TSP14_Tongue_Anterior_10X_1_1_GTTCCGTTCTTTGGAG,138571,TSP14,anterior part of tongue,macrophage,Macrophage
ts_immune_all_0891,TSP14_Tongue_Anterior_10X_1_1_TGATTTCAGAGTGACC,138637,TSP14,anterior part of tongue,macrophage,Macrophage
ts_immune_all_0891,TSP14_Tongue_Anterior_10X_1_1_GAAGTAATCCTCACTG,138503,TSP14,anterior part of tongue,macrophage,Macrophage
ts_immune_all_0891,TSP14_Tongue_Anterior_10X_1_1_TCCTAATAGTGTACCT,138618,TSP14,anterior part of tongue,macrophage,Macrophage
ts_immune_all_0891,TSP14_Tongue_Anterior_10X_1_1_CGGTCAGTCGATACGT,138462,TSP14,anterior part of tongue,macrophage,Macrophage
ts_immune_all_0891,TSP14_Tongue_Anterior_10X_1_1_ATTATCCCAAATAAGC,138399,TSP14,anterior part of tongue,macrophage,Macrophage
ts_immune_all_0891,TSP14_Tongue_Anterior_10X_1_1_TTCATGTCACTGAGTT,138670,TSP14,anterior part of tongue,macrophage,Macrophage
ts_immune_all_0891,TSP14_Tongue_Anterior_10X_1_1_TCTGCCAGTACCGGCT,138625,TSP14,anterior part of tongue,macrophage,Macrophage
ts_immune_all_0891,TSP14_Tongue_Anterior_10X_1_1_TACACCCGTCCTACGG,138579,TSP14,anterior part of tongue,macrophage,Macrophage
ts_immune_all_0891,TSP14_Tongue_Anterior_10X_1_1_GAGACCCTCCAAACCA,138505,TSP14,anterior part of tongue,macrophage,Macrophage
ts_immune_all_0891,TSP14_Tongue_Anterior_10X_1_1_ATGATCGAGTCCCGGT,138394,TSP14,anterior part of tongue,macrophage,Macrophage
ts_immune_all_0891,TSP14_Tongue_Anterior_10X_1_1_AACAGGGCAACCGTAT,138323,TSP14,anterior part of tongue,macrophage,Macrophage
ts_immune_all_0891,TSP14_Tongue_Anterior_10X_1_1_GCCGTGATCTCGTGAA,138529,TSP14,anterior part of tongue,macrophage,Macrophage
ts_immune_all_0891,TSP14_Tongue_Anterior_10X_1_1_ACATGCAAGAGGTTAT,138342,TSP14,anterior part of tongue,macrophage,Macrophage
ts_immune_all_0891,TSP14_Tongue_Anterior_10X_1_1_CTCCGATAGTAGGCCA,138481,TSP14,anterior part of tongue,macrophage,Macrophage
ts_immune_all_0891,TSP14_Tongue_Anterior_10X_1_1_TCCATCGGTATTGGCT,138611,TSP14,anterior part of tongue,macrophage,Macrophage
ts_immune_all_0891,TSP14_Tongue_Anterior_10X_1_1_AAGGTAACACGTAGTT,138328,TSP14,anterior part of tongue,macrophage,Macrophage
ts_immune_all_0891,TSP14_Tongue_Anterior_10X_1_1_CTTCAATAGAACCCGA,138495,TSP14,anterior part of tongue,macrophage,Macrophage
ts_immune_all_0891,TSP14_Tongue_Anterior_10X_1_1_CACTGGGGTGCGGATA,138418,TSP14,anterior part of tongue,macrophage,Macrophage
ts_immune_all_0891,TSP14_Tongue_Anterior_10X_1_1_ACAGGGATCGAGTGGA,138341,TSP14,anterior part of tongue,macrophage,Macrophage
ts_immune_all_0891,TSP14_Tongue_Anterior_10X_1_1_AGCCACGGTCCCACGA,138373,TSP14,anterior part of tongue,macrophage,Macrophage
ts_immune_all_0891,TSP14_Tongue_Anterior_10X_1_1_TCTGTCGCACATTCGA,138626,TSP14,anterior part of tongue,macrophage,Macrophage
ts_immune_all_0891,TSP14_Tongue_Anterior_10X_1_1_TATCTTGTCCCAGTGG,138594,TSP14,anterior part of tongue,macrophage,Macrophage
ts_immune_all_0891,TSP14_Tongue_Anterior_10X_1_1_TGTGAGTAGGACTGGT,138653,TSP14,anterior part of tongue,macrophage,Macrophage
ts_immune_all_0891,TSP14_Tongue_Anterior_10X_1_1_TTGGGCGCATGATGCT,138687,TSP14,anterior part of tongue,macrophage,Macrophage
ts_immune_all_0891,TSP14_Tongue_Anterior_10X_1_1_GCAACATAGGTTCTTG,138521,TSP14,anterior part of tongue,macrophage,Macrophage
ts_immune_all_0891,TSP14_Tongue_Anterior_10X_1_1_CTCTGGTGTTTCGTGA,138485,TSP14,anterior part of tongue,macrophage,Macrophage
ts_immune_all_0891,TSP14_Tongue_Anterior_10X_1_1_TTTCAGTTCATTTGTC,138690,TSP14,anterior part of tongue,macrophage,Macrophage
ts_immune_all_0891,TSP14_Tongue_Anterior_10X_1_1_TGATCAGGTCCGTTTC,138634,TSP14,anterior part of tongue,macrophage,Macrophage
ts_immune_all_0891,TSP14_Tongue_Anterior_10X_1_1_CATTCATAGGCACGAT,138437,TSP14,anterior part of tongue,macrophage,Macrophage
ts_immune_all_0891,TSP14_Tongue_Anterior_10X_1_1_CACGTGGAGTCATGCT,138413,TSP14,anterior part of tongue,macrophage,Macrophage
ts_immune_all_0891,TSP14_Tongue_Anterior_10X_1_1_CGTTCTGAGCTGCCAC,138467,TSP14,anterior part of tongue,macrophage,Macrophage
ts_immune_all_0891,TSP14_Tongue_Anterior_10X_1_1_TCTACCGGTGCAGATG,138622,TSP14,anterior part of tongue,macrophage,Macrophage
ts_immune_all_0891,TSP14_Tongue_Anterior_10X_1_1_GCAGCCACAGTGTATC,138523,TSP14,anterior part of tongue,macrophage,Macrophage
ts_immune_all_0891,TSP14_Tongue_Anterior_10X_1_1_TGTCAGAGTAATGTGA,138651,TSP14,anterior part of tongue,macrophage,Macrophage
ts_immune_all_0891,TSP14_Tongue_Anterior_10X_1_1_CTCCGATTCTGAGATC,138483,TSP14,anterior part of tongue,macrophage,Macrophage
ts_immune_all_0891,TSP14_Tongue_Anterior_10X_1_1_TGTGAGTTCTGCCCTA,138654,TSP14,anterior part of tongue,macrophage,Macrophage
ts_immune_all_0891,TSP14_Tongue_Anterior_10X_1_1_CTCCCTCCACAACCGC,138480,TSP14,anterior part of tongue,macrophage,Macrophage
ts_immune_all_0891,TSP14_Tongue_Anterior_10X_1_1_TCGGTCTGTGTGTTTG,138621,TSP14,anterior part of tongue,macrophage,Macrophage
ts_immune_all_0891,TSP14_Tongue_Anterior_10X_1_1_CACAACACACACACGC,138410,TSP14,anterior part of tongue,macrophage,Macrophage
ts_immune_all_0891,TSP14_Tongue_Anterior_10X_1_1_CCTCACATCGTAACCA,138452,TSP14,anterior part of tongue,macrophage,Macrophage
ts_immune_all_0891,TSP14_Tongue_Anterior_10X_1_1_TTCCTAATCCGCTTAC,138673,TSP14,anterior part of tongue,macrophage,Macrophage
ts_immune_all_0891,TSP14_Tongue_Anterior_10X_1_1_CTACCCAAGAAGCGCT,138469,TSP14,anterior part of tongue,macrophage,Macrophage
ts_immune_all_0891,TSP14_Tongue_Anterior_10X_1_1_AAGTTCGTCGAAGAAT,138330,TSP14,anterior part of tongue,macrophage,Macrophage
ts_immune_all_0891,TSP14_Tongue_anterior_SS2_B134630_D101277_Immune_N17,8316,TSP14,anterior part of tongue,macrophage,Macrophage
ts_immune_all_0891,TSP14_Tongue_Anterior_10X_1_1_GTTGCGGAGTAAGAGG,138572,TSP14,anterior part of tongue,macrophage,Macrophage
ts_immune_all_0891,TSP14_Tongue_Anterior_10X_1_1_TGTTTGTGTTGCCGCA,138661,TSP14,anterior part of tongue,macrophage,Macrophage
ts_immune_all_0891,TSP14_Tongue_Anterior_10X_1_1_TTACCATTCTGCGGCA,138663,TSP14,anterior part of tongue,macrophage,Macrophage
ts_immune_all_0891,TSP14_Tongue_Anterior_10X_1_1_TATTCCACAAGTGCAG,138595,TSP14,anterior part of tongue,macrophage,Macrophage
ts_immune_all_0658,TSP14_Blood_NA_10X_1_2_CGCGTGACAGTCGAGA,230166,TSP14,blood,natural killer cell,NK
ts_immune_all_0658,TSP14_Blood_NA_10X_1_1_5Prime_CGTTGGGTCAACACAC,53172,TSP14,blood,natural killer cell,NK
ts_immune_all_0658,TSP14_Blood_NA_10X_2_1_5Prime_TACGGTAGTGTGAATA,449368,TSP14,blood,natural killer cell,NK
ts_immune_all_0658,TSP14_Blood_NA_10X_1_1_5Prime_AGGTCATTCGCCATAA,52314,TSP14,blood,natural killer cell,NK
ts_immune_all_0658,TSP14_Blood_NA_10X_3_1_AAGGTAACAACAAGTA,461161,TSP14,blood,natural killer cell,NK
ts_immune_all_0658,TSP14_Blood_NA_10X_3_1_GTGATGTAGGCTATCT,463162,TSP14,blood,natural killer cell,NK
ts_immune_all_0658,TSP14_Blood_NA_10X_1_1_5Prime_CATATGGTCAGCTTAG,52710,TSP14,blood,natural killer cell,NK
ts_immune_all_0658,TSP14_Blood_NA_10X_2_1_5Prime_CGTAGGCTCGTAGATC,448964,TSP14,blood,natural killer cell,NK
ts_immune_all_0658,TSP14_Blood_NA_10X_3_1_GAGTTGTGTGAACGGT,462669,TSP14,blood,natural killer cell,NK
ts_immune_all_0658,TSP14_Blood_NA_10X_3_1_GGAATCTTCTGCCTCA,462887,TSP14,blood,natural killer cell,NK
ts_immune_all_0658,TSP14_Blood_NA_10X_3_1_GGGCTACAGATGTTGA,462968,TSP14,blood,natural killer cell,NK
ts_immune_all_0658,TSP14_Blood_NA_10X_1_1_5Prime_ACTTTCATCATTGCGA,52195,TSP14,blood,natural killer cell,NK
ts_immune_all_0658,TSP14_Blood_NA_10X_3_1_TCTTCCTGTCAGCGTC,463740,TSP14,blood,natural killer cell,NK
ts_immune_all_0658,TSP14_Blood_NA_10X_2_1_5Prime_CTAGAGTCAATGGTCT,448997,TSP14,blood,natural killer cell,NK
ts_immune_all_0658,TSP14_Blood_NA_10X_3_1_AAGCATCGTCTGTGCG,461136,TSP14,blood,natural killer cell,NK
ts_immune_all_0658,TSP14_Blood_NA_10X_2_1_TATCAGGCATCCTAAG,333674,TSP14,blood,natural killer cell,NK
ts_immune_all_0658,TSP14_Blood_NA_10X_2_1_TACGCTCCACAACGAG,333445,TSP14,blood,natural killer cell,NK
ts_immune_all_0658,TSP14_Blood_NA_10X_3_1_GGTCTGGAGTTGAAGT,463021,TSP14,blood,natural killer cell,NK
ts_immune_all_0658,TSP14_Blood_NA_10X_2_1_GTAGGTTAGCACACCC,332497,TSP14,blood,natural killer cell,NK
ts_immune_all_0658,TSP14_Blood_NA_10X_2_1_5Prime_GCATGTAAGATCCGAG,449162,TSP14,blood,natural killer cell,NK
ts_immune_all_0658,TSP14_Blood_NA_10X_3_1_CTCATTAAGCGCCTAC,462368,TSP14,blood,natural killer cell,NK
ts_immune_all_0658,TSP14_Blood_NA_10X_1_2_CACTGAAGTGTGGTCC,230120,TSP14,blood,natural killer cell,NK
ts_immune_all_0658,TSP14_Blood_NA_10X_2_1_GCACATAGTACGCTTA,331182,TSP14,blood,natural killer cell,NK
ts_immune_all_0658,TSP14_Blood_NA_10X_3_1_CTGTCGTTCCAATCTT,462472,TSP14,blood,natural killer cell,NK
ts_immune_all_0658,TSP14_Blood_NA_10X_2_1_5Prime_CGATCGGGTGCGAAAC,448914,TSP14,blood,natural killer cell,NK
ts_immune_all_0658,TSP14_Blood_NA_10X_3_1_ACTGTGACATAGAAAC,461356,TSP14,blood,natural killer cell,NK
ts_immune_all_0658,TSP14_Blood_NA_10X_3_1_ATTACTCGTTCCGTTC,461753,TSP14,blood,natural killer cell,NK
ts_immune_all_0658,TSP14_Blood_NA_10X_3_1_GATGTTGTCTGTCCCA,462732,TSP14,blood,natural killer cell,NK
ts_immune_all_0658,TSP14_Blood_NA_10X_3_1_CAACGGCTCTTGCGCT,461831,TSP14,blood,natural killer cell,NK
ts_immune_all_0658,TSP14_Blood_NA_10X_2_1_5Prime_TCGAGGCGTCGCATCG,449429,TSP14,blood,natural killer cell,NK
ts_immune_all_0658,TSP14_Blood_NA_10X_2_1_5Prime_TCTGGAAGTTCGAATC,449455,TSP14,blood,natural killer cell,NK
ts_immune_all_0658,TSP14_Blood_NA_10X_3_1_AGGCTGCAGCGTCAAG,461497,TSP14,blood,natural killer cell,NK
ts_immune_all_0658,TSP14_Blood_NA_10X_1_2_CGGGTCAGTTGATGTC,230171,TSP14,blood,natural killer cell,NK
ts_immune_all_0658,TSP14_Blood_NA_10X_1_1_5Prime_ACTGTCCGTTCAGGCC,52177,TSP14,blood,natural killer cell,NK
ts_immune_all_0658,TSP14_Blood_NA_10X_1_1_5Prime_GTGCGGTGTGGCAAAC,54048,TSP14,blood,natural killer cell,NK
ts_immune_all_0658,TSP14_Blood_NA_10X_1_2_GAGACCCGTAAGTTAG,230238,TSP14,blood,natural killer cell,NK
ts_immune_all_0658,TSP14_Blood_NA_10X_3_1_AGGAATAGTCCTCATC,461477,TSP14,blood,natural killer cell,NK
ts_immune_all_0658,TSP14_Blood_NA_10X_3_1_TCACGCTGTGACAACG,463485,TSP14,blood,natural killer cell,NK
ts_immune_all_0658,TSP14_Blood_NA_10X_2_1_5Prime_AGCTTGAGTAGCAAAT,448640,TSP14,blood,natural killer cell,NK
ts_immune_all_0658,TSP14_Blood_NA_10X_3_1_TCCTGCACACGATTCA,463636,TSP14,blood,natural killer cell,NK
ts_immune_all_0658,TSP14_Blood_NA_10X_3_1_AGTGACTTCTCGGTCT,461579,TSP14,blood,natural killer cell,NK
ts_immune_all_0658,TSP14_Blood_NA_10X_1_2_TGAATCGCATAACCCA,230412,TSP14,blood,natural killer cell,NK
ts_immune_all_0658,TSP14_Blood_NA_10X_1_1_5Prime_AGAGTGGTCGCACTCT,52225,TSP14,blood,natural killer cell,NK
ts_immune_all_0658,TSP14_Blood_NA_10X_2_1_5Prime_ACTGCTCAGGGCTTCC,448588,TSP14,blood,natural killer cell,NK
ts_immune_all_0658,TSP14_Blood_NA_10X_1_1_5Prime_ACTGTCCCATCGGACC,52174,TSP14,blood,natural killer cell,NK
ts_immune_all_0658,TSP14_Blood_NA_10X_3_1_AGTCAACAGGTAAGGA,461558,TSP14,blood,natural killer cell,NK
ts_immune_all_0658,TSP14_Blood_NA_10X_1_1_5Prime_CACATTTGTCGGCACT,52602,TSP14,blood,natural killer cell,NK
ts_immune_all_0658,TSP14_Blood_NA_10X_2_1_5Prime_GACCTGGCATGGTCAT,449105,TSP14,blood,natural killer cell,NK
ts_immune_all_0658,TSP14_Blood_NA_10X_3_1_CCACTTGAGCGTGAAC,462051,TSP14,blood,natural killer cell,NK
ts_immune_all_0658,TSP14_Blood_NA_10X_2_1_GCATCGGCACTACTTT,331288,TSP14,blood,natural killer cell,NK
ts_immune_all_1002,TSP21_LymphNodes_Supradiaphagmatic_10X_2_1_5prime_CACAGGCTCCTACAGA,115470,TSP21,lymph node,regulatory T cell,Treg
ts_immune_all_1002,TSP21_LymphNodes_Supradiaphagmatic_10X_2_1_5prime_GACTACAAGTTGCAGG,117196,TSP21,lymph node,regulatory T cell,Treg
ts_immune_all_1002,TSP21_LymphNodes_Supradiaphagmatic_10X_2_1_5prime_CACACTCGTTACGCGC,115460,TSP21,lymph node,regulatory T cell,Treg
ts_immune_all_1002,TSP21_LymphNodes_Supradiaphagmatic_10X_2_1_5prime_TAGAGCTCAGCCAGAA,118548,TSP21,lymph node,regulatory T cell,Treg
ts_immune_all_1002,TSP21_LymphNodes_Supradiaphagmatic_10X_2_1_5prime_GCTGCGAAGCAGCCTC,117628,TSP21,lymph node,regulatory T cell,Treg
ts_immune_all_1002,TSP21_LymphNodes_Supradiaphagmatic_10X_2_1_5prime_CGGCTAGGTCGATTGT,116356,TSP21,lymph node,regulatory T cell,Treg
ts_immune_all_1002,TSP21_LymphNodes_Supradiaphagmatic_10X_2_1_5prime_GAACCTACAATAGCAA,117023,TSP21,lymph node,regulatory T cell,Treg
ts_immune_all_1002,TSP21_LymphNodes_Supradiaphagmatic_10X_2_1_5prime_TGCCCATCATCTCGCT,119075,TSP21,lymph node,regulatory T cell,Treg
ts_immune_all_1002,TSP21_LymphNodes_Supradiaphagmatic_10X_2_1_5prime_CAGTAACGTCAGCTAT,115671,TSP21,lymph node,regulatory T cell,Treg
ts_immune_all_1002,TSP21_LymphNodes_Supradiaphagmatic_10X_2_1_5prime_CTCTACGCAACTGCTA,116736,TSP21,lymph node,regulatory T cell,Treg
ts_immune_all_1002,TSP21_LymphNodes_Supradiaphagmatic_10X_2_1_5prime_TAAGAGATCTGCAAGT,118387,TSP21,lymph node,regulatory T cell,Treg
ts_immune_all_1002,TSP21_LymphNodes_Supradiaphagmatic_10X_2_1_5prime_ATCTACTCAGCCAGAA,115203,TSP21,lymph node,regulatory T cell,Treg
ts_immune_all_1002,TSP21_LymphNodes_Supradiaphagmatic_10X_2_1_5prime_TGGCTGGTCTGTCCGT,119182,TSP21,lymph node,regulatory T cell,Treg
ts_immune_all_1002,TSP21_LymphNodes_Supradiaphagmatic_10X_2_1_5prime_TGAGCATCACAGCCCA,119014,TSP21,lymph node,regulatory T cell,Treg
ts_immune_all_1002,TSP21_LymphNodes_Supradiaphagmatic_10X_2_1_5prime_AACTGGTTCCGATATG,114289,TSP21,lymph node,regulatory T cell,Treg
ts_immune_all_1002,TSP21_LymphNodes_Supradiaphagmatic_10X_2_1_5prime_ATTGGACCATCAGTAC,115313,TSP21,lymph node,regulatory T cell,Treg
ts_immune_all_1002,TSP21_LymphNodes_Supradiaphagmatic_10X_2_1_5prime_CGTAGGCCACGCCAGT,116392,TSP21,lymph node,regulatory T cell,Treg
ts_immune_all_1002,TSP21_LymphNodes_Supradiaphagmatic_10X_2_1_5prime_TCAGGTATCCGTACAA,118744,TSP21,lymph node,regulatory T cell,Treg
ts_immune_all_1002,TSP21_LymphNodes_Supradiaphagmatic_10X_2_1_5prime_AGTAGTCCAGACAAGC,115034,TSP21,lymph node,regulatory T cell,Treg
ts_immune_all_1002,TSP21_LymphNodes_Supradiaphagmatic_10X_2_1_5prime_CCTTCCCCACCTATCC,116092,TSP21,lymph node,regulatory T cell,Treg
ts_immune_all_1002,TSP21_LymphNodes_Supradiaphagmatic_10X_2_1_5prime_ACCGTAAGTGATAAGT,114537,TSP21,lymph node,regulatory T cell,Treg
ts_immune_all_1002,TSP21_LymphNodes_Supradiaphagmatic_10X_2_1_5prime_CTGATCCTCGTACGGC,116820,TSP21,lymph node,regulatory T cell,Treg
ts_immune_all_1002,TSP21_LymphNodes_Supradiaphagmatic_10X_2_1_5prime_CTACGTCTCGGAAACG,116564,TSP21,lymph node,regulatory T cell,Treg
ts_immune_all_1002,TSP21_LymphNodes_Supradiaphagmatic_10X_2_1_5prime_TTAACTCCAGCCTTGG,119273,TSP21,lymph node,regulatory T cell,Treg
ts_immune_all_1002,TSP21_LymphNodes_Supradiaphagmatic_10X_2_1_5prime_GAGCAGATCTTTAGTC,117230,TSP21,lymph node,regulatory T cell,Treg
ts_immune_all_1002,TSP21_LymphNodes_Supradiaphagmatic_10X_2_1_5prime_ACACCGGCAAGCTGGA,114422,TSP21,lymph node,regulatory T cell,Treg
ts_immune_all_1002,TSP21_LymphNodes_Supradiaphagmatic_10X_2_1_5prime_TACCTATTCCTCCTAG,118430,TSP21,lymph node,regulatory T cell,Treg
ts_immune_all_1002,TSP21_LymphNodes_Supradiaphagmatic_10X_2_1_5prime_AGTGTCAGTTCTGTTT,115078,TSP21,lymph node,regulatory T cell,Treg
ts_immune_all_1002,TSP21_LymphNodes_Supradiaphagmatic_10X_2_1_5prime_GGACGTCCATGTCTCC,117754,TSP21,lymph node,regulatory T cell,Treg
ts_immune_all_1002,TSP21_LymphNodes_Supradiaphagmatic_10X_2_1_5prime_ATGCGATAGGATTCGG,115235,TSP21,lymph node,regulatory T cell,Treg
ts_immune_all_1002,TSP21_LymphNodes_Supradiaphagmatic_10X_2_1_5prime_CTGCCTACACCTATCC,116828,TSP21,lymph node,regulatory T cell,Treg
ts_immune_all_1002,TSP21_LymphNodes_Supradiaphagmatic_10X_2_1_5prime_TACTCGCCATTTGCTT,118499,TSP21,lymph node,regulatory T cell,Treg
ts_immune_all_1002,TSP21_LymphNodes_Supradiaphagmatic_10X_2_1_5prime_TCGTAGACAGATAATG,118859,TSP21,lymph node,regulatory T cell,Treg
ts_immune_all_1002,TSP21_LymphNodes_Supradiaphagmatic_10X_2_1_5prime_CTCGTCACAGACAAGC,116716,TSP21,lymph node,regulatory T cell,Treg
ts_immune_all_1002,TSP21_LymphNodes_Supradiaphagmatic_10X_2_1_5prime_CTCTAATGTTGGTGGA,116727,TSP21,lymph node,regulatory T cell,Treg
ts_immune_all_1002,TSP21_LymphNodes_Supradiaphagmatic_10X_2_1_5prime_GACTGCGCATAACCTG,117207,TSP21,lymph node,regulatory T cell,Treg
ts_immune_all_1002,TSP21_LymphNodes_Supradiaphagmatic_10X_2_1_5prime_GATTCAGAGCTGATAA,117330,TSP21,lymph node,regulatory T cell,Treg
ts_immune_all_1002,TSP21_LymphNodes_Supradiaphagmatic_10X_2_1_5prime_TCGGGACGTCTCTCGT,118827,TSP21,lymph node,regulatory T cell,Treg
ts_immune_all_1002,TSP21_LymphNodes_Supradiaphagmatic_10X_2_1_5prime_CGTCACTGTGCCTGGT,116403,TSP21,lymph node,regulatory T cell,Treg
ts_immune_all_1002,TSP21_LymphNodes_Supradiaphagmatic_10X_2_1_5prime_TGACTAGAGATCACGG,118975,TSP21,lymph node,regulatory T cell,Treg
ts_immune_all_1002,TSP21_LymphNodes_Supradiaphagmatic_10X_2_1_5prime_GTGCTTCTCTTCTGGC,118268,TSP21,lymph node,regulatory T cell,Treg
ts_immune_all_1002,TSP21_LymphNodes_Supradiaphagmatic_10X_2_1_5prime_AGATCTGCATCACAAC,114826,TSP21,lymph node,regulatory T cell,Treg
ts_immune_all_1002,TSP21_LymphNodes_Supradiaphagmatic_10X_2_1_5prime_TGAGCCGAGGACCACA,119025,TSP21,lymph node,regulatory T cell,Treg
ts_immune_all_1002,TSP21_LymphNodes_Supradiaphagmatic_10X_2_1_5prime_TACTTGTGTAGTGAAT,118525,TSP21,lymph node,regulatory T cell,Treg
ts_immune_all_1002,TSP21_LymphNodes_Supradiaphagmatic_10X_2_1_5prime_GTTCTCGCAATCTGCA,118352,TSP21,lymph node,regulatory T cell,Treg
ts_immune_all_1002,TSP21_LymphNodes_Supradiaphagmatic_10X_2_1_5prime_CAAGGCCAGTATCTCG,115394,TSP21,lymph node,regulatory T cell,Treg
ts_immune_all_1002,TSP21_LymphNodes_Supradiaphagmatic_10X_2_1_5prime_GCGACCAGTCCCTACT,117514,TSP21,lymph node,regulatory T cell,Treg
ts_immune_all_1002,TSP21_LymphNodes_Supradiaphagmatic_10X_2_1_5prime_GGGTTGCGTAATCGTC,117933,TSP21,lymph node,regulatory T cell,Treg
ts_immune_all_1002,TSP21_LymphNodes_Supradiaphagmatic_10X_2_1_5prime_CTGTTTATCAGGTAAA,116897,TSP21,lymph node,regulatory T cell,Treg
ts_immune_all_1002,TSP21_LymphNodes_Supradiaphagmatic_10X_2_1_5prime_GTAGGCCGTAAGGGCT,118052,TSP21,lymph node,regulatory T cell,Treg
ts_immune_all_1417,TSP25_Prostate_NA_10X_1_1_CAGCGTGTCGGAACTT,138874,TSP25,prostate gland,B cell,Naive_B
ts_immune_all_1417,TSP25_Prostate_NA_10X_1_2_GTAACCATCGAAATCC,311896,TSP25,prostate gland,B cell,Naive_B
ts_immune_all_1417,TSP25_Prostate_NA_10X_1_1_CGAGTGCAGAAGCGAA,138925,TSP25,prostate gland,B cell,Naive_B
ts_immune_all_1417,TSP25_Prostate_NA_10X_1_2_CCGTAGGCACAAGCTT,311785,TSP25,prostate gland,B cell,Naive_B
ts_immune_all_1417,TSP25_Prostate_NA_10X_1_1_ACAAGCTGTGGAATGC,138758,TSP25,prostate gland,B cell,Naive_B
ts_immune_all_1417,TSP25_Prostate_NA_10X_1_1_CATGGTATCTATCGTT,138886,TSP25,prostate gland,B cell,Naive_B
ts_immune_all_1417,TSP25_Prostate_NA_10X_1_1_CCTCTCCGTAATTAGG,138916,TSP25,prostate gland,B cell,Naive_B
ts_immune_all_1417,TSP25_Prostate_NA_10X_1_1_ACCTGTCCATGATCTG,138773,TSP25,prostate gland,B cell,Naive_B
ts_immune_all_1417,TSP25_Prostate_NA_10X_1_2_AGACAAAAGTTAACAG,311672,TSP25,prostate gland,B cell,Naive_B
ts_immune_all_1417,TSP25_Prostate_NA_10X_1_1_ACGGAAGGTACAGAGC,138775,TSP25,prostate gland,B cell,Naive_B
ts_immune_all_1417,TSP25_Prostate_NA_10X_1_1_TCCTCCCAGTGGACGT,139123,TSP25,prostate gland,B cell,Naive_B
ts_immune_all_1417,TSP25_Prostate_NA_10X_1_1_TGGGAAGAGGTCTACT,139160,TSP25,prostate gland,B cell,Naive_B
ts_immune_all_1417,TSP25_Prostate_NA_10X_1_2_TCATGGAAGAGCAGCT,311963,TSP25,prostate gland,B cell,Naive_B
ts_immune_all_1417,TSP25_Prostate_NA_10X_1_2_CAGGTATGTTTCTATC,311751,TSP25,prostate gland,B cell,Naive_B
ts_immune_all_1417,TSP25_Prostate_NA_10X_1_1_AAGACAAGTTTGAAAG,138739,TSP25,prostate gland,B cell,Naive_B
ts_immune_all_1417,TSP25_Prostate_NA_10X_1_2_TGCAGATGTCCACAGC,311999,TSP25,prostate gland,B cell,Naive_B
ts_immune_all_1417,TSP25_Prostate_NA_10X_1_2_GGTGAAGCAACACGAG,311893,TSP25,prostate gland,B cell,Naive_B
ts_immune_all_1417,TSP25_Prostate_NA_10X_1_2_CGCCATTAGGACGCAT,311798,TSP25,prostate gland,B cell,Naive_B
ts_immune_all_1417,TSP25_Prostate_NA_10X_1_1_CACAACAAGAAGAGCA,138859,TSP25,prostate gland,B cell,Naive_B
ts_immune_all_1417,TSP25_Prostate_NA_10X_1_1_CAACAGTGTGGTGATG,138855,TSP25,prostate gland,B cell,Naive_B
ts_immune_all_1417,TSP25_Prostate_NA_10X_1_1_CATTTCATCGAACGCC,138893,TSP25,prostate gland,B cell,Naive_B
ts_immune_all_1417,TSP25_Prostate_NA_10X_1_2_AGAAGCGCAACTGCCG,311668,TSP25,prostate gland,B cell,Naive_B
ts_immune_all_1417,TSP25_Prostate_NA_10X_1_2_TGCTCCAGTCACTCAA,312001,TSP25,prostate gland,B cell,Naive_B
ts_immune_all_1417,TSP25_Prostate_NA_10X_1_2_TGAACGTCAGGAATAT,311989,TSP25,prostate gland,B cell,Naive_B
ts_immune_all_1417,TSP25_Prostate_NA_10X_1_2_ACCCTCACAACTCATG,311650,TSP25,prostate gland,B cell,Naive_B
ts_immune_all_1417,TSP25_Prostate_NA_10X_1_2_GGAACCCAGTGTTCAC,311876,TSP25,prostate gland,B cell,Naive_B
ts_immune_all_1417,TSP25_Prostate_NA_10X_1_1_GAAGGGTGTCTCCCTA,138973,TSP25,prostate gland,B cell,Naive_B
ts_immune_all_1417,TSP25_Prostate_NA_10X_1_1_CTTTCAACAGGACGAT,138963,TSP25,prostate gland,B cell,Naive_B
ts_immune_all_1417,TSP25_Prostate_NA_10X_1_2_CAGCCAGAGTCACAGG,311744,TSP25,prostate gland,B cell,Naive_B
ts_immune_all_1417,TSP25_Prostate_NA_10X_1_1_CTGCTCACAGCCGTCA,138951,TSP25,prostate gland,B cell,Naive_B
ts_immune_all_1417,TSP25_Prostate_NA_10X_1_2_CGCCAGAGTAAGGCCA,311796,TSP25,prostate gland,B cell,Naive_B
ts_immune_all_1417,TSP25_Prostate_NA_10X_1_2_TGAATCGCAGGCTACC,311990,TSP25,prostate gland,B cell,Naive_B
ts_immune_all_1417,TSP25_Prostate_NA_10X_1_2_TTACCATAGGATTTAG,312022,TSP25,prostate gland,B cell,Naive_B
ts_immune_all_1417,TSP25_Prostate_NA_10X_1_2_GGGTTATCAAACGAGC,311888,TSP25,prostate gland,B cell,Naive_B
ts_immune_all_1417,TSP25_Prostate_NA_10X_1_1_TCATTCACACAAACGG,139114,TSP25,prostate gland,B cell,Naive_B
ts_immune_all_1417,TSP25_Prostate_NA_10X_1_1_AGTTCCCTCCATTGTT,138829,TSP25,prostate gland,B cell,Naive_B
ts_immune_all_1417,TSP25_Prostate_NA_10X_1_2_TTCCAATTCAAGAGTA,312026,TSP25,prostate gland,B cell,Naive_B
ts_immune_all_1417,TSP25_Prostate_NA_10X_1_1_AGCTCAACAGGTTCCG,138810,TSP25,prostate gland,B cell,Naive_B
ts_immune_all_1417,TSP25_Prostate_NA_10X_1_1_TAATTCCTCTCCAAGA,139082,TSP25,prostate gland,B cell,Naive_B
ts_immune_all_1417,TSP25_Prostate_NA_10X_1_2_GGTGTCGTCCTAAACG,311895,TSP25,prostate gland,B cell,Naive_B
ts_immune_all_1417,TSP25_Prostate_NA_10X_1_2_AACTTCTCAGAGGACT,311628,TSP25,prostate gland,B cell,Naive_B
ts_immune_all_1417,TSP25_Prostate_NA_10X_1_2_GTAGATCGTCATATGC,311901,TSP25,prostate gland,B cell,Naive_B
ts_immune_all_1417,TSP25_Prostate_NA_10X_1_1_GGGTTTATCTGGCCGA,139040,TSP25,prostate gland,B cell,Naive_B
ts_immune_all_1417,TSP25_Prostate_NA_10X_1_1_CGGGCATGTAGGAGGG,138930,TSP25,prostate gland,B cell,Naive_B
ts_immune_all_1417,TSP25_Prostate_NA_10X_1_1_CACAGGCTCTGCCTGT,138862,TSP25,prostate gland,B cell,Naive_B
ts_immune_all_1417,TSP25_Prostate_NA_10X_1_1_CGTCCATTCGTCAACA,138934,TSP25,prostate gland,B cell,Naive_B
ts_immune_all_1417,TSP25_Prostate_NA_10X_1_2_TCACATTCACACACGC,311954,TSP25,prostate gland,B cell,Naive_B
ts_immune_all_1417,TSP25_Prostate_NA_10X_1_2_CTGTAGACATAGTCGT,311829,TSP25,prostate gland,B cell,Naive_B
ts_immune_all_1417,TSP25_Prostate_NA_10X_1_1_GCATCGGTCGAGCCAC,139012,TSP25,prostate gland,B cell,Naive_B
ts_immune_all_1417,TSP25_Prostate_NA_10X_1_1_CAACAACGTAGAGATT,138854,TSP25,prostate gland,B cell,Naive_B
ts_immune_all_1522,TSP26_LI_ColonSigmoid_10X3primev31_1_1_GGATGTTGTTCCAAAC,288690,TSP26,sigmoid colon,mast cell,Mast
ts_immune_all_1522,TSP26_LI_ColonSigmoid_10X3primev31_1_1_CGAAGTTCAGATTTCG,288330,TSP26,sigmoid colon,mast cell,Mast
ts_immune_all_1522,TSP26_LI_ColonSigmoid_10X3primev31_1_1_CGCAGGTCACTGCGAC,288349,TSP26,sigmoid colon,mast cell,Mast
ts_immune_all_1522,TSP26_LI_ColonSigmoid_10X3primev31_1_1_AGCTACAGTCTTGCGG,287919,TSP26,sigmoid colon,mast cell,Mast
ts_immune_all_1522,TSP26_LI_ColonSigmoid_10X3primev31_1_1_TCATGAGAGCCTTTCC,289014,TSP26,sigmoid colon,mast cell,Mast
ts_immune_all_1522,TSP26_LI_ColonSigmoid_10X3primev31_1_1_TATCGCCCAGAGTTGG,288970,TSP26,sigmoid colon,mast cell,Mast
ts_immune_all_1522,TSP26_LI_ColonSigmoid_10X3primev31_1_1_ATCGTGAGTTAGAAAC,288031,TSP26,sigmoid colon,mast cell,Mast
ts_immune_all_1522,TSP26_LI_ColonSigmoid_10X3primev31_1_1_GTCTAGATCTCGAGTA,288813,TSP26,sigmoid colon,mast cell,Mast
ts_immune_all_1522,TSP26_LI_ColonSigmoid_10X3primev31_1_1_GTATTGGTCTCCTGAC,288782,TSP26,sigmoid colon,mast cell,Mast
ts_immune_all_1522,TSP26_LI_ColonSigmoid_10X3primev31_1_1_ACCTGTCCACGGCCAT,287814,TSP26,sigmoid colon,mast cell,Mast
ts_immune_all_1522,TSP26_LI_ColonSigmoid_10X3primev31_1_1_TAGTGCAGTGTCATCA,288957,TSP26,sigmoid colon,mast cell,Mast
ts_immune_all_1522,TSP26_LI_ColonSigmoid_10X3primev31_1_1_ACACCAAAGAGAGTGA,287775,TSP26,sigmoid colon,mast cell,Mast
ts_immune_all_1522,TSP26_LI_ColonSigmoid_10X3primev31_1_1_AAGGTAAGTACTCGTA,287746,TSP26,sigmoid colon,mast cell,Mast
ts_immune_all_1522,TSP26_LI_ColonSigmoid_10X3primev31_1_1_GTTACGATCCTGCCAT,288857,TSP26,sigmoid colon,mast cell,Mast
ts_immune_all_1522,TSP26_LI_ColonSigmoid_10X3primev31_1_1_ATCACAGGTAGGAGTC,288004,TSP26,sigmoid colon,mast cell,Mast
ts_immune_all_1522,TSP26_LI_ColonSigmoid_10X3primev31_1_1_GAATAGAAGTGTTGTC,288507,TSP26,sigmoid colon,mast cell,Mast
ts_immune_all_1522,TSP26_LI_ColonSigmoid_10X3primev31_1_1_TCATTTGAGGACTTCT,289023,TSP26,sigmoid colon,mast cell,Mast
ts_immune_all_1522,TSP26_LI_ColonSigmoid_10X3primev31_1_1_TCCGAAAAGCATGCAG,289043,TSP26,sigmoid colon,mast cell,Mast
ts_immune_all_1522,TSP26_LI_ColonSigmoid_10X3primev31_1_1_GTGCGTGTCGATGGAG,288828,TSP26,sigmoid colon,mast cell,Mast
ts_immune_all_1522,TSP26_LI_ColonSigmoid_10X3primev31_1_1_ATGAAAGAGTTGTAGA,288034,TSP26,sigmoid colon,mast cell,Mast
ts_immune_all_1522,TSP26_LI_ColonSigmoid_10X3primev31_1_1_TCGTCCAAGAGGCTGT,289084,TSP26,sigmoid colon,mast cell,Mast
ts_immune_all_1522,TSP26_LI_ColonSigmoid_10X3primev31_1_1_GTTCCGTTCACGAACT,288868,TSP26,sigmoid colon,mast cell,Mast
ts_immune_all_1522,TSP26_LI_ColonSigmoid_10X3primev31_1_1_GGAATGGTCCACATAG,288676,TSP26,sigmoid colon,mast cell,Mast
ts_immune_all_1522,TSP26_LI_ColonSigmoid_10X3primev31_1_1_CGAGAAGTCAGAGTTC,288337,TSP26,sigmoid colon,mast cell,Mast
ts_immune_all_1522,TSP26_LI_ColonSigmoid_10X3primev31_1_1_ACCGTTCTCCACGTAA,287808,TSP26,sigmoid colon,mast cell,Mast
ts_immune_all_1522,TSP26_LI_ColonSigmoid_10X3primev31_1_1_TGACGCGAGTGATAAC,289122,TSP26,sigmoid colon,mast cell,Mast
ts_immune_all_1522,TSP26_LI_ColonSigmoid_10X3primev31_1_1_TTGAGTGAGGGTTGCA,289320,TSP26,sigmoid colon,mast cell,Mast
ts_immune_all_1522,TSP26_LI_ColonSigmoid_10X3primev31_1_1_GACAGCCGTGCTGCAC,288518,TSP26,sigmoid colon,mast cell,Mast
ts_immune_all_1522,TSP26_LI_ColonSigmoid_10X3primev31_1_1_CACTGGGTCTGAGATC,288137,TSP26,sigmoid colon,mast cell,Mast
ts_immune_all_1522,TSP26_LI_ColonSigmoid_10X3primev31_1_1_ACTTTCAAGTTCCGTA,287868,TSP26,sigmoid colon,mast cell,Mast
ts_immune_all_1522,TSP26_LI_ColonSigmoid_10X3primev31_1_1_CTCCCTCCACTTGGCG,288429,TSP26,sigmoid colon,mast cell,Mast
ts_immune_all_1522,TSP26_LI_ColonSigmoid_10X3primev31_1_1_TTTATGCAGCTCGCAC,289361,TSP26,sigmoid colon,mast cell,Mast
ts_immune_all_1522,TSP26_LI_ColonSigmoid_10X3primev31_1_1_CCTGCATGTTAGCTAC,288318,TSP26,sigmoid colon,mast cell,Mast
ts_immune_all_1522,TSP26_LI_ColonSigmoid_10X3primev31_1_1_TGTTCATAGCGTCTGC,289235,TSP26,sigmoid colon,mast cell,Mast
ts_immune_all_1522,TSP26_LI_ColonSigmoid_10X3primev31_1_1_TGATCTTCATTCGGGC,289145,TSP26,sigmoid colon,mast cell,Mast
ts_immune_all_1522,TSP26_LI_ColonSigmoid_10X3primev31_1_1_ACATCGAAGGAGTCTG,287791,TSP26,sigmoid colon,mast cell,Mast
ts_immune_all_1522,TSP26_LI_ColonSigmoid_10X3primev31_1_1_AGACCATTCGGCTGTG,287886,TSP26,sigmoid colon,mast cell,Mast
ts_immune_all_1522,TSP26_LI_ColonSigmoid_10X3primev31_1_1_AGGGTCCCAATGACCT,287943,TSP26,sigmoid colon,mast cell,Mast
ts_immune_all_1522,TSP26_LI_ColonSigmoid_10X3primev31_1_1_GGCACGTTCGGTAGAG,288692,TSP26,sigmoid colon,mast cell,Mast
ts_immune_all_1522,TSP26_LI_ColonSigmoid_10X3primev31_1_1_GGTTAACCATACCATG,288749,TSP26,sigmoid colon,mast cell,Mast
ts_immune_all_1522,TSP26_LI_ColonSigmoid_10X3primev31_1_1_TTGTGGATCTATTTCG,289349,TSP26,sigmoid colon,mast cell,Mast
ts_immune_all_1522,TSP26_LI_ColonSigmoid_10X3primev31_1_1_GAATCGTAGGCAGGGA,288510,TSP26,sigmoid colon,mast cell,Mast
ts_immune_all_1522,TSP26_LI_ColonSigmoid_10X3primev31_1_1_TGGGCGTTCAAGTTGC,289200,TSP26,sigmoid colon,mast cell,Mast
ts_immune_all_1522,TSP26_LI_ColonSigmoid_10X3primev31_1_1_TCTTGCGGTCTCGCGA,289111,TSP26,sigmoid colon,mast cell,Mast
ts_immune_all_1522,TSP26_LI_ColonSigmoid_10X3primev31_1_1_ACGTAACAGGAAGTCC,287832,TSP26,sigmoid colon,mast cell,Mast
ts_immune_all_1522,TSP26_LI_ColonSigmoid_10X3primev31_1_1_AATGGAACAATCGCAT,287761,TSP26,sigmoid colon,mast cell,Mast
ts_immune_all_1522,TSP26_LI_ColonSigmoid_10X3primev31_1_1_AGACACTCAGAGTGAC,287883,TSP26,sigmoid colon,mast cell,Mast
ts_immune_all_1522,TSP26_LI_ColonSigmoid_10X3primev31_1_1_GGGTTTAAGCACCCAC,288725,TSP26,sigmoid colon,mast cell,Mast
ts_immune_all_1522,TSP26_LI_ColonSigmoid_10X3primev31_1_1_GTTACAGTCGCACGAC,288851,TSP26,sigmoid colon,mast cell,Mast
ts_immune_all_1522,TSP26_LI_ColonSigmoid_10X3primev31_1_1_CCTAACCGTGCTGTCG,288291,TSP26,sigmoid colon,mast cell,Mast
ts_immune_all_0905,TSP14_Bladder_NA_SS2_B134493_D101258_Immune_E12,6375,TSP14,bladder organ,mast cell,Mast
ts_immune_all_0905,TSP14_Bladder_NA_10X_1_1_TTTGGTTTCCAGTTCC,494334,TSP14,bladder organ,mast cell,Mast
ts_immune_all_0905,TSP14_Bladder_NA_10X_1_1_CTCAAGATCTAAGCCA,493806,TSP14,bladder organ,mast cell,Mast
ts_immune_all_0905,TSP14_Bladder_NA_10X_1_1_CCACACTTCAGTAGGG,493711,TSP14,bladder organ,mast cell,Mast
ts_immune_all_0905,TSP14_Bladder_NA_10X_1_1_ATCTTCACAGCCTACG,493603,TSP14,bladder organ,mast cell,Mast
ts_immune_all_0905,TSP14_Bladder_NA_10X_1_1_AGTACCATCATAGACC,493568,TSP14,bladder organ,mast cell,Mast
ts_immune_all_0905,TSP14_Bladder_NA_10X_1_1_TGGGAAGAGGAAAGAC,494250,TSP14,bladder organ,mast cell,Mast
ts_immune_all_0905,TSP14_Bladder_NA_10X_1_1_GGGAGTAAGAACTCCT,493977,TSP14,bladder organ,mast cell,Mast
ts_immune_all_0905,TSP14_Bladder_NA_10X_1_1_TCATTACCACGTAGAG,494159,TSP14,bladder organ,mast cell,Mast
ts_immune_all_0905,TSP14_Bladder_NA_10X_1_1_TCGCACTAGCCTGCCA,494190,TSP14,bladder organ,mast cell,Mast
ts_immune_all_0905,TSP14_Bladder_NA_10X_1_1_TTGGATGGTTAAGGGC,494315,TSP14,bladder organ,mast cell,Mast
ts_immune_all_0905,TSP14_Bladder_NA_10X_1_1_ACTGTCCAGAGACAAG,493504,TSP14,bladder organ,mast cell,Mast
ts_immune_all_0905,TSP14_Bladder_NA_10X_1_1_GGGAGTAAGTGAGGTC,493978,TSP14,bladder organ,mast cell,Mast
ts_immune_all_0905,TSP14_Bladder_NA_10X_1_1_ACTATTCAGCAAGCCA,493501,TSP14,bladder organ,mast cell,Mast
ts_immune_all_0905,TSP14_Bladder_NA_10X_1_1_TGATCAGCAACAGATA,494228,TSP14,bladder organ,mast cell,Mast
ts_immune_all_0905,TSP14_Bladder_NA_10X_1_1_GCTGCAGCAAGTTTGC,493947,TSP14,bladder organ,mast cell,Mast
ts_immune_all_0905,TSP14_Bladder_NA_10X_1_1_CATAGACGTCGATTCA,493687,TSP14,bladder organ,mast cell,Mast
ts_immune_all_0905,TSP14_Bladder_NA_10X_1_1_GTCATTTCAGAGTGTG,494029,TSP14,bladder organ,mast cell,Mast
ts_immune_all_0905,TSP14_Bladder_NA_10X_1_1_TTCTTCCCACCTTCCA,494306,TSP14,bladder organ,mast cell,Mast
ts_immune_all_0905,TSP14_Bladder_NA_10X_1_1_TGCGGCAAGAGGCCAT,494244,TSP14,bladder organ,mast cell,Mast
ts_immune_all_0905,TSP14_Bladder_NA_10X_1_1_ATTCATCAGGTAAAGG,493626,TSP14,bladder organ,mast cell,Mast
ts_immune_all_0905,TSP14_Bladder_NA_10X_1_1_TGAGCGCCAGACGCTC,494224,TSP14,bladder organ,mast cell,Mast
ts_immune_all_0905,TSP14_Bladder_NA_SS2_B134493_D101258_Immune_H14,6421,TSP14,bladder organ,mast cell,Mast
ts_immune_all_0905,TSP14_Bladder_NA_10X_1_1_ACGATCAAGAGGATGA,493490,TSP14,bladder organ,mast cell,Mast
ts_immune_all_0905,TSP14_Bladder_NA_10X_1_1_GATCAGTAGAAGTGTT,493899,TSP14,bladder organ,mast cell,Mast
ts_immune_all_0905,TSP14_Bladder_NA_10X_1_1_AACAAAGCAGCCCAGT,493429,TSP14,bladder organ,mast cell,Mast
ts_immune_all_0905,TSP14_Bladder_NA_SS2_B134493_D101258_Immune_F14,6392,TSP14,bladder organ,mast cell,Mast
ts_immune_all_0905,TSP14_Bladder_NA_10X_1_1_GGGAGATAGTCGTTAC,493974,TSP14,bladder organ,mast cell,Mast
ts_immune_all_0905,TSP14_Bladder_NA_10X_1_1_CGTCAAACACGCGCTA,493788,TSP14,bladder organ,mast cell,Mast
ts_immune_all_0905,TSP14_Bladder_NA_10X_1_1_ACATCCCAGAGTCCGA,493475,TSP14,bladder organ,mast cell,Mast
ts_immune_all_0905,TSP14_Bladder_NA_10X_1_1_ACCTGAACATCGCCTT,493487,TSP14,bladder organ,mast cell,Mast
ts_immune_all_0905,TSP14_Bladder_NA_10X_1_1_ACCTACCTCATCTGTT,493485,TSP14,bladder organ,mast cell,Mast
ts_immune_all_0905,TSP14_Bladder_NA_10X_1_1_GTCATTTCAACTAGAA,494028,TSP14,bladder organ,mast cell,Mast
ts_immune_all_0905,TSP14_Bladder_NA_10X_1_1_GTTGTCCTCTGCTCTG,494079,TSP14,bladder organ,mast cell,Mast
ts_immune_all_0905,TSP14_Bladder_NA_10X_1_1_CGACAGCGTAACTTCG,493762,TSP14,bladder organ,mast cell,Mast
ts_immune_all_0905,TSP14_Bladder_NA_10X_1_1_CAAGAGGCATGAATAG,493647,TSP14,bladder organ,mast cell,Mast
ts_immune_all_0905,TSP14_Bladder_NA_10X_1_1_GGCTTGGCAATTGAGA,493965,TSP14,bladder organ,mast cell,Mast
ts_immune_all_0905,TSP14_Bladder_NA_SS2_B134493_D101258_Immune_D11,6468,TSP14,bladder organ,mast cell,Mast
ts_immune_all_0905,TSP14_Bladder_NA_10X_1_1_AAACCCATCGGTAACT,493423,TSP14,bladder organ,mast cell,Mast
ts_immune_all_0905,TSP14_Bladder_NA_10X_1_1_TGCATGATCGTGCATA,494239,TSP14,bladder organ,mast cell,Mast
ts_immune_all_0905,TSP14_Bladder_NA_10X_1_1_GAAGCGAGTCCGGTGT,493861,TSP14,bladder organ,mast cell,Mast
ts_immune_all_0905,TSP14_Bladder_NA_SS2_B134493_D101258_Immune_D3,6489,TSP14,bladder organ,mast cell,Mast
ts_immune_all_0905,TSP14_Bladder_NA_10X_1_1_AGGATCTTCAGGAACG,493549,TSP14,bladder organ,mast cell,Mast
ts_immune_all_0905,TSP14_Bladder_NA_10X_1_1_AAGTTCGTCACTACGA,493457,TSP14,bladder organ,mast cell,Mast
ts_immune_all_0905,TSP14_Bladder_NA_10X_1_1_TCTGCCAGTATCTTCT,494208,TSP14,bladder organ,mast cell,Mast
ts_immune_all_0905,TSP14_Bladder_NA_10X_1_1_GACTATGCACTTTATC,493874,TSP14,bladder organ,mast cell,Mast
ts_immune_all_0905,TSP14_Bladder_NA_SS2_B134493_D101258_Immune_I7,6507,TSP14,bladder organ,mast cell,Mast
ts_immune_all_0905,TSP14_Bladder_NA_10X_1_1_TTGGGATAGCAAGCCA,494317,TSP14,bladder organ,mast cell,Mast
ts_immune_all_0905,TSP14_Bladder_NA_SS2_B134493_D101258_Immune_E5,6486,TSP14,bladder organ,mast cell,Mast
ts_immune_all_0905,TSP14_Bladder_NA_SS2_B134493_D101258_Immune_D15,6405,TSP14,bladder organ,mast cell,Mast
ts_immune_all_1221,TSP21_Bladder_NA_10X_1_1_GTTGCTCGTATGACAA,24757,TSP21,bladder organ,erythrocyte,Erythrocyte
ts_immune_all_1221,TSP21_Bladder_NA_10X_1_2_GTGCTGGCAATTCTCT,87525,TSP21,bladder organ,erythrocyte,Erythrocyte
ts_immune_all_1221,TSP21_Bladder_NA_10X_1_1_TGAGCGCTCGAGCCTG,24887,TSP21,bladder organ,erythrocyte,Erythrocyte
ts_immune_all_1221,TSP21_Bladder_NA_10X_1_2_TCGAACATCAGGGTAG,87664,TSP21,bladder organ,erythrocyte,Erythrocyte
ts_immune_all_1221,TSP21_Bladder_NA_10X_1_1_ATTACCTCATGTGGCC,24298,TSP21,bladder organ,erythrocyte,Erythrocyte
ts_immune_all_1221,TSP21_Bladder_NA_10X_1_2_TCTGCCAAGTATAGAC,87686,TSP21,bladder organ,erythrocyte,Erythrocyte
ts_immune_all_1221,TSP21_Bladder_NA_10X_1_1_TTACGCCAGGGCGAAG,24960,TSP21,bladder organ,erythrocyte,Erythrocyte
ts_immune_all_1221,TSP21_Bladder_NA_10X_1_2_CAGATCACACGCAAAG,87140,TSP21,bladder organ,erythrocyte,Erythrocyte
ts_immune_all_1221,TSP21_Bladder_NA_10X_1_2_TTAATCCGTCGTGGTC,87774,TSP21,bladder organ,erythrocyte,Erythrocyte
ts_immune_all_1221,TSP21_Bladder_NA_10X_1_2_AAGACTCAGAAGCGAA,86900,TSP21,bladder organ,erythrocyte,Erythrocyte
ts_immune_all_1221,TSP21_Bladder_NA_10X_1_1_CTACGGGCAGTCGTTA,24493,TSP21,bladder organ,erythrocyte,Erythrocyte
ts_immune_all_1221,TSP21_Bladder_NA_10X_1_2_GCCAGTGGTATTTCGG,87413,TSP21,bladder organ,erythrocyte,Erythrocyte
ts_immune_all_1221,TSP21_Bladder_NA_10X_1_2_ACATTTCTCCGTGACG,86931,TSP21,bladder organ,erythrocyte,Erythrocyte
ts_immune_all_1221,TSP21_Bladder_NA_10X_1_1_TAACCAGCAATGGGTG,24761,TSP21,bladder organ,erythrocyte,Erythrocyte
ts_immune_all_1221,TSP21_Bladder_NA_10X_1_1_ATCCACCGTAAGCAAT,24270,TSP21,bladder organ,erythrocyte,Erythrocyte
ts_immune_all_1221,TSP21_Bladder_NA_10X_1_1_TACATTCGTTATTCCT,24769,TSP21,bladder organ,erythrocyte,Erythrocyte
ts_immune_all_1221,TSP21_Bladder_NA_10X_1_1_AACACACTCGTACACA,24130,TSP21,bladder organ,erythrocyte,Erythrocyte
ts_immune_all_1221,TSP21_Bladder_NA_10X_1_1_ACCCAAAGTTAGAAGT,24183,TSP21,bladder organ,erythrocyte,Erythrocyte
ts_immune_all_1221,TSP21_Bladder_NA_10X_1_1_ATTACTCGTCAATCTG,24299,TSP21,bladder organ,erythrocyte,Erythrocyte
ts_immune_all_1221,TSP21_Bladder_NA_10X_1_1_GACTGATCAACGATCT,24585,TSP21,bladder organ,erythrocyte,Erythrocyte
ts_immune_all_1221,TSP21_Bladder_NA_10X_1_1_CAGTTAGCACCAGTAT,24353,TSP21,bladder organ,erythrocyte,Erythrocyte
ts_immune_all_1221,TSP21_Bladder_NA_10X_1_1_CTGCATCGTCGCCACA,24527,TSP21,bladder organ,erythrocyte,Erythrocyte
ts_immune_all_1221,TSP21_Bladder_NA_10X_1_1_CCCGAAGGTTTCACAG,24407,TSP21,bladder organ,erythrocyte,Erythrocyte
ts_immune_all_1221,TSP21_Bladder_NA_10X_1_2_ATCGATGCAGGAACCA,87074,TSP21,bladder organ,erythrocyte,Erythrocyte
ts_immune_all_1221,TSP21_Bladder_NA_10X_1_1_CAGGTATGTTCCAAAC,24349,TSP21,bladder organ,erythrocyte,Erythrocyte
ts_immune_all_1221,TSP21_Bladder_NA_10X_1_2_TCACTCGGTTGCCTAA,87612,TSP21,bladder organ,erythrocyte,Erythrocyte
ts_immune_all_1221,TSP21_Bladder_NA_10X_1_1_GGCTTGGTCCAGTTCC,24677,TSP21,bladder organ,erythrocyte,Erythrocyte
ts_immune_all_1221,TSP21_Bladder_NA_10X_1_1_GTACAACAGGGCAAGG,24710,TSP21,bladder organ,erythrocyte,Erythrocyte
ts_immune_all_1221,TSP21_Bladder_NA_10X_1_1_ACGTCCTAGTACGAGC,24203,TSP21,bladder organ,erythrocyte,Erythrocyte
ts_immune_all_1221,TSP21_Bladder_NA_10X_1_2_CAACCAACAAACAGGC,87106,TSP21,bladder organ,erythrocyte,Erythrocyte
ts_immune_all_1221,TSP21_Bladder_NA_10X_1_2_ACGCACGAGTCACGCC,86949,TSP21,bladder organ,erythrocyte,Erythrocyte
ts_immune_all_1221,TSP21_Bladder_NA_10X_1_1_TACTGCCGTTCGTAAC,24783,TSP21,bladder organ,erythrocyte,Erythrocyte
ts_immune_all_1221,TSP21_Bladder_NA_10X_1_1_ACGTAGTCAGTAGTTC,24201,TSP21,bladder organ,erythrocyte,Erythrocyte
ts_immune_all_1221,TSP21_Bladder_NA_10X_1_2_GTGCACGGTATCCTTT,87520,TSP21,bladder organ,erythrocyte,Erythrocyte
ts_immune_all_1221,TSP21_Bladder_NA_10X_1_1_TGATGCATCGGTAAGG,24896,TSP21,bladder organ,erythrocyte,Erythrocyte
ts_immune_all_1221,TSP21_Bladder_NA_10X_1_2_GGTAATCGTTCCAAAC,87471,TSP21,bladder organ,erythrocyte,Erythrocyte
ts_immune_all_1221,TSP21_Bladder_NA_10X_1_1_GAAGAATCAGAAATTG,24553,TSP21,bladder organ,erythrocyte,Erythrocyte
ts_immune_all_1221,TSP21_Bladder_NA_10X_1_2_TGTAGACGTACAATAG,87757,TSP21,bladder organ,erythrocyte,Erythrocyte
ts_immune_all_1221,TSP21_Bladder_NA_10X_1_2_GAGCCTGAGTTAGTAG,87369,TSP21,bladder organ,erythrocyte,Erythrocyte
ts_immune_all_1221,TSP21_Bladder_NA_10X_1_2_AGTCTCCGTACTGTTG,87043,TSP21,bladder organ,erythrocyte,Erythrocyte
ts_immune_all_1221,TSP21_Bladder_NA_10X_1_2_GTTGCGGTCCGCAACG,87542,TSP21,bladder organ,erythrocyte,Erythrocyte
ts_immune_all_1221,TSP21_Bladder_NA_10X_1_1_GGGATGATCGAACGGA,24687,TSP21,bladder organ,erythrocyte,Erythrocyte
ts_immune_all_1221,TSP21_Bladder_NA_10X_1_2_CCAAGCGAGCTACGTT,87174,TSP21,bladder organ,erythrocyte,Erythrocyte
ts_immune_all_1221,TSP21_Bladder_NA_10X_1_1_ACCAACATCGGTGTTA,24179,TSP21,bladder organ,erythrocyte,Erythrocyte
ts_immune_all_1221,TSP21_Bladder_NA_10X_1_1_GCCCAGACAGGAATCG,24637,TSP21,bladder organ,erythrocyte,Erythrocyte
ts_immune_all_1221,TSP21_Bladder_NA_10X_1_2_TATCGCCCAGAGAAAG,87590,TSP21,bladder organ,erythrocyte,Erythrocyte
ts_immune_all_1221,TSP21_Bladder_NA_10X_1_2_GAGGCAATCCCTTTGG,87372,TSP21,bladder organ,erythrocyte,Erythrocyte
ts_immune_all_1221,TSP21_Bladder_NA_10X_1_2_GTGAGGACAGTCTGGC,87514,TSP21,bladder organ,erythrocyte,Erythrocyte
ts_immune_all_1221,TSP21_Bladder_NA_10X_1_2_GCGGATCCATCTCAAG,87422,TSP21,bladder organ,erythrocyte,Erythrocyte
ts_immune_all_1221,TSP21_Bladder_NA_10X_1_1_AACACACGTGCAATAA,24129,TSP21,bladder organ,erythrocyte,Erythrocyte
ts_immune_all_1621,TSP27_Heart_RightVentricle_10X3primev31_1_1_CATCCCAGTTATCCAG,313454,TSP27,heart right ventricle,"CD8-positive, alpha-beta T cell",Memory_CD8
ts_immune_all_1621,TSP27_Heart_RightVentricle_10X3primev31_1_1_CAGGGCTAGTTGTCGT,313450,TSP27,heart right ventricle,"CD8-positive, alpha-beta T cell",Memory_CD8
ts_immune_all_1621,TSP27_Heart_RightVentricle_10X3primev31_1_1_TCGGGCATCTAGTGTG,313657,TSP27,heart right ventricle,"CD8-positive, alpha-beta T cell",Memory_CD8
ts_immune_all_1621,TSP27_Heart_RightVentricle_10X3primev31_1_1_TCGACCTGTCCTTTGC,313653,TSP27,heart right ventricle,"CD8-positive, alpha-beta T cell",Memory_CD8
ts_immune_all_1621,TSP27_Heart_RightVentricle_10X3primev31_1_1_AACGTCATCGGAGTAG,313364,TSP27,heart right ventricle,"CD8-positive, alpha-beta T cell",Memory_CD8
ts_immune_all_1621,TSP27_Heart_RightVentricle_10X3primev31_1_1_TATCTTGAGATAGCTA,313636,TSP27,heart right ventricle,"CD8-positive, alpha-beta T cell",Memory_CD8
ts_immune_all_1621,TSP27_Heart_RightVentricle_10X3primev31_1_1_GCAGTTAGTACAGCGA,313550,TSP27,heart right ventricle,"CD8-positive, alpha-beta T cell",Memory_CD8
ts_immune_all_1621,TSP27_Heart_RightVentricle_10X3primev31_1_1_GCAGTTAAGCGCAATG,313549,TSP27,heart right ventricle,"CD8-positive, alpha-beta T cell",Memory_CD8
ts_immune_all_1621,TSP27_Heart_RightVentricle_10X3primev31_1_1_GTGTGGCTCACGTCCT,313607,TSP27,heart right ventricle,"CD8-positive, alpha-beta T cell",Memory_CD8
ts_immune_all_1621,TSP27_Heart_RightVentricle_10X3primev31_1_1_CTGCCTAAGTCTGGAG,313503,TSP27,heart right ventricle,"CD8-positive, alpha-beta T cell",Memory_CD8
ts_immune_all_1621,TSP27_Heart_RightVentricle_10X3primev31_1_1_CATGCCTAGATAGTGT,313459,TSP27,heart right ventricle,"CD8-positive, alpha-beta T cell",Memory_CD8
ts_immune_all_1621,TSP27_Heart_RightVentricle_10X3primev31_1_1_ATGGGAGGTGTGCTTA,313432,TSP27,heart right ventricle,"CD8-positive, alpha-beta T cell",Memory_CD8
ts_immune_all_1621,TSP27_Heart_RightVentricle_10X3primev31_1_1_CAACCAATCAAAGCCT,313441,TSP27,heart right ventricle,"CD8-positive, alpha-beta T cell",Memory_CD8
ts_immune_all_1621,TSP27_Heart_RightVentricle_10X3primev31_1_1_GTAAGTCAGGCTCAAG,313587,TSP27,heart right ventricle,"CD8-positive, alpha-beta T cell",Memory_CD8
ts_immune_all_1621,TSP27_Heart_RightVentricle_10X3primev31_1_1_CATCGCTCAGTGGGTA,313456,TSP27,heart right ventricle,"CD8-positive, alpha-beta T cell",Memory_CD8
ts_immune_all_1621,TSP27_Heart_RightVentricle_10X3primev31_1_1_GAGTGTTAGCATGATA,313537,TSP27,heart right ventricle,"CD8-positive, alpha-beta T cell",Memory_CD8
ts_immune_all_1621,TSP27_Heart_RightVentricle_10X3primev31_1_1_TCATCATAGGAGAGTA,313643,TSP27,heart right ventricle,"CD8-positive, alpha-beta T cell",Memory_CD8
ts_immune_all_1621,TSP27_Heart_RightVentricle_10X3primev31_1_1_ACCACAAGTAGCTTTG,313380,TSP27,heart right ventricle,"CD8-positive, alpha-beta T cell",Memory_CD8
ts_immune_all_1621,TSP27_Heart_RightVentricle_10X3primev31_1_1_GACTCAAGTTTGGCTA,313532,TSP27,heart right ventricle,"CD8-positive, alpha-beta T cell",Memory_CD8
ts_immune_all_1621,TSP27_Heart_RightVentricle_10X3primev31_1_1_GGAATCTCAGGGATAC,313572,TSP27,heart right ventricle,"CD8-positive, alpha-beta T cell",Memory_CD8
ts_immune_all_1621,TSP27_Heart_RightVentricle_10X3primev31_1_1_CTCCGATCAGCGTTTA,313498,TSP27,heart right ventricle,"CD8-positive, alpha-beta T cell",Memory_CD8
ts_immune_all_1621,TSP27_Heart_RightVentricle_10X3primev31_1_1_TGAGTCAAGTGATGGC,313672,TSP27,heart right ventricle,"CD8-positive, alpha-beta T cell",Memory_CD8
ts_immune_all_1621,TSP27_Heart_RightVentricle_10X3primev31_1_1_ACTTCGCTCCCGAGTG,313393,TSP27,heart right ventricle,"CD8-positive, alpha-beta T cell",Memory_CD8
ts_immune_all_1621,TSP27_Heart_RightVentricle_10X3primev31_1_1_ATTGGGTAGCGTATAA,313440,TSP27,heart right ventricle,"CD8-positive, alpha-beta T cell",Memory_CD8
ts_immune_all_1621,TSP27_Heart_RightVentricle_10X3primev31_1_1_GGAAGTGGTGACTAAA,313571,TSP27,heart right ventricle,"CD8-positive, alpha-beta T cell",Memory_CD8
ts_immune_all_1621,TSP27_Heart_RightVentricle_10X3primev31_1_1_TTGTGTTAGACAGCTG,313702,TSP27,heart right ventricle,"CD8-positive, alpha-beta T cell",Memory_CD8
ts_immune_all_1621,TSP27_Heart_RightVentricle_10X3primev31_1_1_CTTCTCTAGGTACATA,313512,TSP27,heart right ventricle,"CD8-positive, alpha-beta T cell",Memory_CD8
ts_immune_all_1621,TSP27_Heart_RightVentricle_10X3primev31_1_1_ATTCACTCACGGAAGT,313436,TSP27,heart right ventricle,"CD8-positive, alpha-beta T cell",Memory_CD8
ts_immune_all_1621,TSP27_Heart_RightVentricle_10X3primev31_1_1_CGAGGCTTCAGTCCGG,313480,TSP27,heart right ventricle,"CD8-positive, alpha-beta T cell",Memory_CD8
ts_immune_all_1621,TSP27_Heart_RightVentricle_10X3primev31_1_1_GATCGTAAGCCGATTT,313541,TSP27,heart right ventricle,"CD8-positive, alpha-beta T cell",Memory_CD8
ts_immune_all_1621,TSP27_Heart_RightVentricle_10X3primev31_1_1_TGCGGCAGTTACCCTC,313675,TSP27,heart right ventricle,"CD8-positive, alpha-beta T cell",Memory_CD8
ts_immune_all_1621,TSP27_Heart_RightVentricle_10X3primev31_1_1_GGGAGATGTCGAGATG,313577,TSP27,heart right ventricle,"CD8-positive, alpha-beta T cell",Memory_CD8
ts_immune_all_1621,TSP27_Heart_RightVentricle_10X3primev31_1_1_TGATGGTCAGAACCGA,313673,TSP27,heart right ventricle,"CD8-positive, alpha-beta T cell",Memory_CD8
ts_immune_all_1621,TSP27_Heart_RightVentricle_10X3primev31_1_1_AGCTCAACAGATAAAC,313400,TSP27,heart right ventricle,"CD8-positive, alpha-beta T cell",Memory_CD8
ts_immune_all_1621,TSP27_Heart_RightVentricle_10X3primev31_1_1_ATACCGATCTCTGAGA,313416,TSP27,heart right ventricle,"CD8-positive, alpha-beta T cell",Memory_CD8
ts_immune_all_1621,TSP27_Heart_RightVentricle_10X3primev31_1_1_CATCCGTAGTTTGCTG,313455,TSP27,heart right ventricle,"CD8-positive, alpha-beta T cell",Memory_CD8
ts_immune_all_1621,TSP27_Heart_RightVentricle_10X3primev31_1_1_CGTGTCTGTGCCGAAA,313490,TSP27,heart right ventricle,"CD8-positive, alpha-beta T cell",Memory_CD8
ts_immune_all_1621,TSP27_Heart_RightVentricle_10X3primev31_1_1_AGGACTTAGATGCTTC,313402,TSP27,heart right ventricle,"CD8-positive, alpha-beta T cell",Memory_CD8
ts_immune_all_1621,TSP27_Heart_RightVentricle_10X3primev31_1_1_GAGTCTATCGCATTAG,313536,TSP27,heart right ventricle,"CD8-positive, alpha-beta T cell",Memory_CD8
ts_immune_all_1621,TSP27_Heart_RightVentricle_10X3primev31_1_1_GCTGAATAGCATGCAG,313567,TSP27,heart right ventricle,"CD8-positive, alpha-beta T cell",Memory_CD8
ts_immune_all_1621,TSP27_Heart_RightVentricle_10X3primev31_1_1_CCACACTGTAGAGCTG,313465,TSP27,heart right ventricle,"CD8-positive, alpha-beta T cell",Memory_CD8
ts_immune_all_1621,TSP27_Heart_RightVentricle_10X3primev31_1_1_GTCCTCAGTTGGCTAT,313599,TSP27,heart right ventricle,"CD8-positive, alpha-beta T cell",Memory_CD8
ts_immune_all_1621,TSP27_Heart_RightVentricle_10X3primev31_1_1_CTGCTCATCCTAGCGG,313505,TSP27,heart right ventricle,"CD8-positive, alpha-beta T cell",Memory_CD8
ts_immune_all_1621,TSP27_Heart_RightVentricle_10X3primev31_1_1_AAGATAGGTGTTAGCT,313367,TSP27,heart right ventricle,"CD8-positive, alpha-beta T cell",Memory_CD8
ts_immune_all_1621,TSP27_Heart_RightVentricle_10X3primev31_1_1_ACTATGGCAACCAACT,313386,TSP27,heart right ventricle,"CD8-positive, alpha-beta T cell",Memory_CD8
ts_immune_all_1621,TSP27_Heart_RightVentricle_10X3primev31_1_1_AGGTGTTTCGGAATTC,313405,TSP27,heart right ventricle,"CD8-positive, alpha-beta T cell",Memory_CD8
ts_immune_all_1621,TSP27_Heart_RightVentricle_10X3primev31_1_1_TTGACCCAGCCACAAG,313697,TSP27,heart right ventricle,"CD8-positive, alpha-beta T cell",Memory_CD8
ts_immune_all_1621,TSP27_Heart_RightVentricle_10X3primev31_1_1_CTGCGAGTCGAGAATA,313504,TSP27,heart right ventricle,"CD8-positive, alpha-beta T cell",Memory_CD8
ts_immune_all_1621,TSP27_Heart_RightVentricle_10X3primev31_1_1_GGTTCTCCACATTCTT,313583,TSP27,heart right ventricle,"CD8-positive, alpha-beta T cell",Memory_CD8
ts_immune_all_1621,TSP27_Heart_RightVentricle_10X3primev31_1_1_AGTCAACTCCTTACCG,313413,TSP27,heart right ventricle,"CD8-positive, alpha-beta T cell",Memory_CD8
ts_immune_all_1383,TSP25_Spleen_NA_10X_1_1_ACGATCAGTTGTGGCC,447521,TSP25,spleen,classical monocyte,Cl_Mono
ts_immune_all_1383,TSP25_Spleen_NA_10X_2_1_TACCCGTTCGCTCCTA,212607,TSP25,spleen,classical monocyte,Cl_Mono
ts_immune_all_1383,TSP25_Spleen_NA_10X_1_1_GGAGATGAGAGCATCG,448066,TSP25,spleen,classical monocyte,Cl_Mono
ts_immune_all_1383,TSP25_Spleen_NA_10X_2_1_CGTGTCTTCCGAGGCT,211970,TSP25,spleen,classical monocyte,Cl_Mono
ts_immune_all_1383,TSP25_Spleen_NA_10X_1_1_CTGTACCCAATCAGCT,447956,TSP25,spleen,classical monocyte,Cl_Mono
ts_immune_all_1383,TSP25_Spleen_NA_10X_1_1_TGCATGAGTCTCTCTG,448359,TSP25,spleen,classical monocyte,Cl_Mono
ts_immune_all_1383,TSP25_Spleen_NA_10X_1_1_5prime_CGGGTCATCTCCTATA,108366,TSP25,spleen,classical monocyte,Cl_Mono
ts_immune_all_1383,TSP25_Spleen_NA_10X_2_1_AACTTCTAGACTCGAG,211226,TSP25,spleen,classical monocyte,Cl_Mono
ts_immune_all_1383,TSP25_Spleen_NA_10X_1_1_CTGTCGTTCGACATAC,447962,TSP25,spleen,classical monocyte,Cl_Mono
ts_immune_all_1383,TSP25_Spleen_NA_10X_1_1_GAGATGGCAAATTGGA,448002,TSP25,spleen,classical monocyte,Cl_Mono
ts_immune_all_1383,TSP25_Spleen_NA_10X_2_1_TCCGAAAAGGGTACGT,212770,TSP25,spleen,classical monocyte,Cl_Mono
ts_immune_all_1383,TSP25_Spleen_NA_10X_1_1_TACATTCTCGTGGCGT,448189,TSP25,spleen,classical monocyte,Cl_Mono
ts_immune_all_1383,TSP25_Spleen_NA_10X_1_1_5prime_CCTCAGTCATTAGGCT,108303,TSP25,spleen,classical monocyte,Cl_Mono
ts_immune_all_1383,TSP25_Spleen_NA_10X_2_1_CACGTTCGTACGCTTA,211703,TSP25,spleen,classical monocyte,Cl_Mono
ts_immune_all_1383,TSP25_Spleen_NA_10X_2_1_CAACCTCTCAACTGAC,211658,TSP25,spleen,classical monocyte,Cl_Mono
ts_immune_all_1383,TSP25_Spleen_NA_10X_1_1_TGATTCTCACTTGTCC,448348,TSP25,spleen,classical monocyte,Cl_Mono
ts_immune_all_1383,TSP25_Spleen_NA_10X_2_1_CAACAGTGTCGCACGT,211653,TSP25,spleen,classical monocyte,Cl_Mono
ts_immune_all_1383,TSP25_Spleen_NA_10X_2_1_GGGTGTCCAGAGCCCT,212397,TSP25,spleen,classical monocyte,Cl_Mono
ts_immune_all_1383,TSP25_Spleen_NA_10X_1_1_ACTATCTAGTGCAACG,447534,TSP25,spleen,classical monocyte,Cl_Mono
ts_immune_all_1383,TSP25_Spleen_NA_10X_1_1_CATGCAATCGACCACG,447790,TSP25,spleen,classical monocyte,Cl_Mono
ts_immune_all_1383,TSP25_Spleen_NA_10X_1_1_GAGTTTGTCCAAAGGG,448017,TSP25,spleen,classical monocyte,Cl_Mono
ts_immune_all_1383,TSP25_Spleen_NA_10X_1_1_GTGCTTCAGAAGTCCG,448149,TSP25,spleen,classical monocyte,Cl_Mono
ts_immune_all_1383,TSP25_Spleen_NA_10X_1_1_5prime_CTCGTCAAGGAGCGTT,108436,TSP25,spleen,classical monocyte,Cl_Mono
ts_immune_all_1383,TSP25_Spleen_NA_10X_2_1_AGTACTGTCCGCACGA,211502,TSP25,spleen,classical monocyte,Cl_Mono
ts_immune_all_1383,TSP25_Spleen_NA_10X_1_1_GTCACGGTCCGCATAA,448124,TSP25,spleen,classical monocyte,Cl_Mono
ts_immune_all_1383,TSP25_Spleen_NA_10X_1_1_5prime_GGTGAAGCAGCATGAG,108657,TSP25,spleen,classical monocyte,Cl_Mono
ts_immune_all_1383,TSP25_Spleen_NA_10X_1_1_TCCAGAAGTTCTCGCT,448275,TSP25,spleen,classical monocyte,Cl_Mono
ts_immune_all_1383,TSP25_Spleen_NA_10X_1_1_AGGGAGTCATGGAGAC,447597,TSP25,spleen,classical monocyte,Cl_Mono
ts_immune_all_1383,TSP25_Spleen_NA_10X_2_1_GCCATTCAGTCATGGG,212287,TSP25,spleen,classical monocyte,Cl_Mono
ts_immune_all_1383,TSP25_Spleen_NA_10X_1_1_GCCCGAAAGAGAGTGA,448046,TSP25,spleen,classical monocyte,Cl_Mono
ts_immune_all_1383,TSP25_Spleen_NA_10X_1_1_CCACACTAGCAACTTC,447810,TSP25,spleen,classical monocyte,Cl_Mono
ts_immune_all_1383,TSP25_Spleen_NA_10X_2_1_CTGCTCATCTACGCGG,212070,TSP25,spleen,classical monocyte,Cl_Mono
ts_immune_all_1383,TSP25_Spleen_NA_10X_1_1_TCTGCCATCATTTCGT,448326,TSP25,spleen,classical monocyte,Cl_Mono
ts_immune_all_1383,TSP25_Spleen_NA_10X_1_1_CACACAACAGATACTC,447733,TSP25,spleen,classical monocyte,Cl_Mono
ts_immune_all_1383,TSP25_Spleen_NA_10X_2_1_AGTAGCTGTCTCGCGA,211504,TSP25,spleen,classical monocyte,Cl_Mono
ts_immune_all_1383,TSP25_Spleen_NA_10X_1_1_5prime_GTACGTAGTATGGTTC,108668,TSP25,spleen,classical monocyte,Cl_Mono
ts_immune_all_1383,TSP25_Spleen_NA_10X_1_1_GACCGTGTCCGATAGT,447992,TSP25,spleen,classical monocyte,Cl_Mono
ts_immune_all_1383,TSP25_Spleen_NA_10X_1_1_TAATCTCTCCTTTAGT,448181,TSP25,spleen,classical monocyte,Cl_Mono
ts_immune_all_1383,TSP25_Spleen_NA_10X_2_1_GGGAGATAGTGACACG,212370,TSP25,spleen,classical monocyte,Cl_Mono
ts_immune_all_1383,TSP25_Spleen_NA_10X_1_1_GATTCTTAGAATCCCT,448025,TSP25,spleen,classical monocyte,Cl_Mono
ts_immune_all_1383,TSP25_Spleen_NA_10X_1_1_AAGACTCAGTATGCAA,447469,TSP25,spleen,classical monocyte,Cl_Mono
ts_immune_all_1383,TSP25_Spleen_NA_10X_2_1_TTTGATCTCTCTGCCA,213166,TSP25,spleen,classical monocyte,Cl_Mono
ts_immune_all_1383,TSP25_Spleen_NA_10X_1_1_ATCACTTAGCAACTTC,447655,TSP25,spleen,classical monocyte,Cl_Mono
ts_immune_all_1383,TSP25_Spleen_NA_10X_2_1_GTTCTATAGAAGCCTG,212561,TSP25,spleen,classical monocyte,Cl_Mono
ts_immune_all_1383,TSP25_Spleen_NA_10X_2_1_CTGGACGCAACCGACC,212072,TSP25,spleen,classical monocyte,Cl_Mono
ts_immune_all_1383,TSP25_Spleen_NA_10X_1_1_GTTGCTCCAAGACGAC,448174,TSP25,spleen,classical monocyte,Cl_Mono
ts_immune_all_1383,TSP25_Spleen_NA_10X_2_1_GTCGTAAAGCAAGGAA,212486,TSP25,spleen,classical monocyte,Cl_Mono
ts_immune_all_1383,TSP25_Spleen_NA_10X_2_1_CTCTGGTCAAAGGAGA,212046,TSP25,spleen,classical monocyte,Cl_Mono
ts_immune_all_1383,TSP25_Spleen_NA_10X_1_1_AAGAACACATGCCGCA,447468,TSP25,spleen,classical monocyte,Cl_Mono
ts_immune_all_1383,TSP25_Spleen_NA_10X_1_1_TCTCAGCTCTTAGCTT,448322,TSP25,spleen,classical monocyte,Cl_Mono
ts_immune_all_0683,TSP14_Skin_Abdomen_10X_1_1_CTCACTGTCGTTCTAT,502729,TSP14,skin of abdomen,"CD4-positive, alpha-beta T cell",Memory_CD4
ts_immune_all_0683,TSP14_Skin_abdomen_SS2_B115069_D102100_Immune-HLADRneg_C11,5425,TSP14,skin of abdomen,"CD4-positive, alpha-beta T cell",Memory_CD4
ts_immune_all_0683,TSP14_Skin_abdomen_SS2_B115069_D102100_Immune-HLADRneg_F4,5294,TSP14,skin of abdomen,"CD4-positive, alpha-beta T cell",Memory_CD4
ts_immune_all_0683,TSP14_Skin_Abdomen_10X_1_1_AGATAGAGTTAGTTCG,502491,TSP14,skin of abdomen,"CD4-positive, alpha-beta T cell",Memory_CD4
ts_immune_all_0683,TSP14_Skin_abdomen_SS2_B115069_D102100_Immune-HLADRneg_F9,5510,TSP14,skin of abdomen,"CD4-positive, alpha-beta T cell",Memory_CD4
ts_immune_all_0683,TSP14_Skin_Abdomen_10X_1_1_GACCCTTTCCGTCAAA,502801,TSP14,skin of abdomen,"CD4-positive, alpha-beta T cell",Memory_CD4
ts_immune_all_0683,TSP14_Skin_abdomen_SS2_B115069_D102100_Immune-HLADRneg_G7,5458,TSP14,skin of abdomen,"CD4-positive, alpha-beta T cell",Memory_CD4
ts_immune_all_0683,TSP14_Skin_Abdomen_10X_1_1_TGTGCGGGTGATCATC,503150,TSP14,skin of abdomen,"CD4-positive, alpha-beta T cell",Memory_CD4
ts_immune_all_0683,TSP14_Skin_Abdomen_10X_1_1_AAGCGTTTCACTAGCA,502420,TSP14,skin of abdomen,"CD4-positive, alpha-beta T cell",Memory_CD4
ts_immune_all_0683,TSP14_Skin_Abdomen_10X_1_1_CGCATAACAGTGTGCC,502698,TSP14,skin of abdomen,"CD4-positive, alpha-beta T cell",Memory_CD4
ts_immune_all_0683,TSP14_Skin_Abdomen_10X_1_1_CATTGCCGTTCCAAAC,502638,TSP14,skin of abdomen,"CD4-positive, alpha-beta T cell",Memory_CD4
ts_immune_all_0683,TSP14_Skin_Abdomen_10X_1_1_GGGTGAAGTCGTCTCT,502900,TSP14,skin of abdomen,"CD4-positive, alpha-beta T cell",Memory_CD4
ts_immune_all_0683,TSP14_Skin_abdomen_SS2_B115069_D102100_Immune-HLADRneg_D22,5500,TSP14,skin of abdomen,"CD4-positive, alpha-beta T cell",Memory_CD4
ts_immune_all_0683,TSP14_Skin_Abdomen_10X_1_1_CTCTCAGGTTCTTGCC,502751,TSP14,skin of abdomen,"CD4-positive, alpha-beta T cell",Memory_CD4
ts_immune_all_0683,TSP14_Skin_Abdomen_10X_1_1_TGACAGTCACTCCGAG,503107,TSP14,skin of abdomen,"CD4-positive, alpha-beta T cell",Memory_CD4
ts_immune_all_0683,TSP14_Skin_abdomen_SS2_B115069_D102100_Immune-HLADRneg_C19,5396,TSP14,skin of abdomen,"CD4-positive, alpha-beta T cell",Memory_CD4
ts_immune_all_0683,TSP14_Skin_Abdomen_10X_1_1_CTCATGCGTTGTCAGT,502735,TSP14,skin of abdomen,"CD4-positive, alpha-beta T cell",Memory_CD4
ts_immune_all_0683,TSP14_Skin_Abdomen_10X_1_1_GCCCAGAAGGATGTTA,502853,TSP14,skin of abdomen,"CD4-positive, alpha-beta T cell",Memory_CD4
ts_immune_all_0683,TSP14_Skin_Abdomen_10X_1_1_TGCTCCAGTTTACTTC,503131,TSP14,skin of abdomen,"CD4-positive, alpha-beta T cell",Memory_CD4
ts_immune_all_0683,TSP14_Skin_Abdomen_10X_1_1_CACGAATCACGCCAGT,502603,TSP14,skin of abdomen,"CD4-positive, alpha-beta T cell",Memory_CD4
ts_immune_all_0683,TSP14_Skin_Abdomen_10X_1_1_GCTGCAGCAATTCACG,502871,TSP14,skin of abdomen,"CD4-positive, alpha-beta T cell",Memory_CD4
ts_immune_all_0683,TSP14_Skin_Abdomen_10X_1_1_TACCCACGTCGTACTA,502993,TSP14,skin of abdomen,"CD4-positive, alpha-beta T cell",Memory_CD4
ts_immune_all_0683,TSP14_Skin_Abdomen_10X_1_1_CATGAGTTCGACGTCG,502623,TSP14,skin of abdomen,"CD4-positive, alpha-beta T cell",Memory_CD4
ts_immune_all_0683,TSP14_Skin_Abdomen_10X_1_1_GTCTCACAGTAATACG,502944,TSP14,skin of abdomen,"CD4-positive, alpha-beta T cell",Memory_CD4
ts_immune_all_0683,TSP14_Skin_Abdomen_10X_1_1_ATCTTCACAACGCATT,502559,TSP14,skin of abdomen,"CD4-positive, alpha-beta T cell",Memory_CD4
ts_immune_all_0683,TSP14_Skin_Abdomen_10X_1_1_TCGATTTAGACGATAT,503077,TSP14,skin of abdomen,"CD4-positive, alpha-beta T cell",Memory_CD4
ts_immune_all_0683,TSP14_Skin_Abdomen_10X_1_1_CCACACTGTGATAGAT,502643,TSP14,skin of abdomen,"CD4-positive, alpha-beta T cell",Memory_CD4
ts_immune_all_0683,TSP14_Skin_Abdomen_10X_1_1_TCTCACGTCCAGCCTT,503096,TSP14,skin of abdomen,"CD4-positive, alpha-beta T cell",Memory_CD4
ts_immune_all_0683,TSP14_Skin_Abdomen_10X_1_1_GTTAGACAGTGTTCAC,502968,TSP14,skin of abdomen,"CD4-positive, alpha-beta T cell",Memory_CD4
ts_immune_all_0683,TSP14_Skin_Abdomen_10X_1_1_ACTGATGTCACTACTT,502473,TSP14,skin of abdomen,"CD4-positive, alpha-beta T cell",Memory_CD4
ts_immune_all_0683,TSP14_Skin_Abdomen_10X_1_1_CCGAACGGTCCGACGT,502661,TSP14,skin of abdomen,"CD4-positive, alpha-beta T cell",Memory_CD4
ts_immune_all_0683,TSP14_Skin_Abdomen_10X_1_1_TCCGAAAGTGATGGCA,503058,TSP14,skin of abdomen,"CD4-positive, alpha-beta T cell",Memory_CD4
ts_immune_all_0683,TSP14_Skin_Abdomen_10X_1_1_CTTCAATTCTTTCCAA,502772,TSP14,skin of abdomen,"CD4-positive, alpha-beta T cell",Memory_CD4
ts_immune_all_0683,TSP14_Skin_Abdomen_10X_1_1_TCTATACTCAGACATC,503094,TSP14,skin of abdomen,"CD4-positive, alpha-beta T cell",Memory_CD4
ts_immune_all_0683,TSP14_Skin_Abdomen_10X_1_1_TCCCACAAGCCTAACT,503056,TSP14,skin of abdomen,"CD4-positive, alpha-beta T cell",Memory_CD4
ts_immune_all_0683,TSP14_Skin_Abdomen_10X_1_1_GTTGTAGAGACTTCGT,502976,TSP14,skin of abdomen,"CD4-positive, alpha-beta T cell",Memory_CD4
ts_immune_all_0683,TSP14_Skin_Abdomen_10X_1_1_GAAATGATCAGCAATC,502782,TSP14,skin of abdomen,"CD4-positive, alpha-beta T cell",Memory_CD4
ts_immune_all_0683,TSP14_Skin_Abdomen_10X_1_1_CGGTCAGTCGTGTCAA,502705,TSP14,skin of abdomen,"CD4-positive, alpha-beta T cell",Memory_CD4
ts_immune_all_0683,TSP14_Skin_Abdomen_10X_1_1_AACAGGGTCGACGAGA,502406,TSP14,skin of abdomen,"CD4-positive, alpha-beta T cell",Memory_CD4
ts_immune_all_0683,TSP14_Skin_Abdomen_10X_1_1_CTCAACCTCTGAGATC,502727,TSP14,skin of abdomen,"CD4-positive, alpha-beta T cell",Memory_CD4
ts_immune_all_0683,TSP14_Skin_Abdomen_10X_1_1_CAGCGTGCAGCACAGA,502610,TSP14,skin of abdomen,"CD4-positive, alpha-beta T cell",Memory_CD4
ts_immune_all_0683,TSP14_Skin_Abdomen_10X_1_1_TTTCATGTCAAGTTGC,503201,TSP14,skin of abdomen,"CD4-positive, alpha-beta T cell",Memory_CD4
ts_immune_all_0683,TSP14_Skin_Abdomen_10X_1_1_GAGAAATAGGACAGTC,502807,TSP14,skin of abdomen,"CD4-positive, alpha-beta T cell",Memory_CD4
ts_immune_all_0683,TSP14_Skin_Abdomen_10X_1_1_ACGGAAGCACTGAGTT,502460,TSP14,skin of abdomen,"CD4-positive, alpha-beta T cell",Memory_CD4
ts_immune_all_0683,TSP14_Skin_Abdomen_10X_1_1_CGATGGCGTACCAATC,502696,TSP14,skin of abdomen,"CD4-positive, alpha-beta T cell",Memory_CD4
ts_immune_all_0683,TSP14_Skin_abdomen_SS2_B115069_D102100_Immune-HLADRneg_G11,5448,TSP14,skin of abdomen,"CD4-positive, alpha-beta T cell",Memory_CD4
ts_immune_all_0683,TSP14_Skin_Abdomen_10X_1_1_CGGAACCGTGGACCAA,502699,TSP14,skin of abdomen,"CD4-positive, alpha-beta T cell",Memory_CD4
ts_immune_all_0683,TSP14_Skin_Abdomen_10X_1_1_CTTACCGCATACACCA,502767,TSP14,skin of abdomen,"CD4-positive, alpha-beta T cell",Memory_CD4
ts_immune_all_0683,TSP14_Skin_Abdomen_10X_1_1_GTGACGCAGCATGGGT,502947,TSP14,skin of abdomen,"CD4-positive, alpha-beta T cell",Memory_CD4
ts_immune_all_0683,TSP14_Skin_abdomen_SS2_B115069_D102100_Immune-HLADRneg_H14,5420,TSP14,skin of abdomen,"CD4-positive, alpha-beta T cell",Memory_CD4
ts_immune_all_0727,TSP14_SalivaryGland_Parotid_10X_1_1_TGGATCATCCACTTCG,100008,TSP14,parotid gland,plasma cell,Plasma
ts_immune_all_0727,TSP14_SalivaryGland_Parotid_10X_1_1_ATCACGACACACCTGG,97205,TSP14,parotid gland,plasma cell,Plasma
ts_immune_all_0727,TSP14_Salivary_parotid_SS2_B133794_B002623_Endothelial_F10,13775,TSP14,parotid gland,plasma cell,Plasma
ts_immune_all_0727,TSP14_Salivary_parotid_SS2_B133794_B002623_Endothelial_E3,13726,TSP14,parotid gland,plasma cell,Plasma
ts_immune_all_0727,TSP14_Salivary_parotid_SS2_B133794_B002623_Endothelial_G9,13723,TSP14,parotid gland,plasma cell,Plasma
ts_immune_all_0727,TSP14_Salivary_parotid_SS2_B133793_D102109_Endothelial_F17,6111,TSP14,parotid gland,plasma cell,Plasma
ts_immune_all_0727,TSP14_SalivaryGland_Parotid_10X_1_1_AGGGCTCAGGGTGAAA,97069,TSP14,parotid gland,plasma cell,Plasma
ts_immune_all_0727,TSP14_SalivaryGland_Parotid_10X_1_1_CTGAGGCGTGACAGCA,98288,TSP14,parotid gland,plasma cell,Plasma
ts_immune_all_0727,TSP14_Salivary_parotid_SS2_B133794_B002623_Immune_D7,13713,TSP14,parotid gland,plasma cell,Plasma
ts_immune_all_0727,TSP14_SalivaryGland_Parotid_10X_1_1_TGATCAGCAAAGACTA,99890,TSP14,parotid gland,plasma cell,Plasma
ts_immune_all_0727,TSP14_SalivaryGland_Parotid_10X_1_1_AATGACCTCAGGACAG,96609,TSP14,parotid gland,plasma cell,Plasma
ts_immune_all_0727,TSP14_Salivary_parotid_SS2_B133794_B002623_Endothelial_G3,13716,TSP14,parotid gland,plasma cell,Plasma
ts_immune_all_0727,TSP14_SalivaryGland_Parotid_10X_1_1_GTTATGGTCAACCGAT,99244,TSP14,parotid gland,plasma cell,Plasma
ts_immune_all_0727,TSP14_SalivaryGland_Parotid_10X_1_1_GGGAGTAGTGGGTTGA,98915,TSP14,parotid gland,plasma cell,Plasma
ts_immune_all_0727,TSP14_SalivaryGland_Parotid_10X_1_1_GGGCCATGTCTCGGAC,98929,TSP14,parotid gland,plasma cell,Plasma
ts_immune_all_0727,TSP14_SalivaryGland_Parotid_10X_1_1_TCTGGCTAGACAACTA,99817,TSP14,parotid gland,plasma cell,Plasma
ts_immune_all_0727,TSP14_SalivaryGland_Parotid_10X_1_1_TATTCCAAGTTGCGAG,99467,TSP14,parotid gland,plasma cell,Plasma
ts_immune_all_0727,TSP14_SalivaryGland_Parotid_10X_1_1_GAGTGTTTCTCGCCTA,98596,TSP14,parotid gland,plasma cell,Plasma
ts_immune_all_0727,TSP14_SalivaryGland_Parotid_10X_1_1_GAAGAATAGGCTTAGG,98434,TSP14,parotid gland,plasma cell,Plasma
ts_immune_all_0727,TSP14_SalivaryGland_Parotid_10X_1_1_TCGGATACACGCCAGT,99741,TSP14,parotid gland,plasma cell,Plasma
ts_immune_all_0727,TSP14_SalivaryGland_Parotid_10X_1_1_CATGCAATCGTTATCT,97671,TSP14,parotid gland,plasma cell,Plasma
ts_immune_all_0727,TSP14_SalivaryGland_Parotid_10X_1_1_CAGCAATAGGATCATA,97559,TSP14,parotid gland,plasma cell,Plasma
ts_immune_all_0727,TSP14_SalivaryGland_Parotid_10X_1_1_GGGCTACCACCTTCGT,98934,TSP14,parotid gland,plasma cell,Plasma
ts_immune_all_0727,TSP14_SalivaryGland_Parotid_10X_1_1_TTGTGTTCACACTTAG,100322,TSP14,parotid gland,plasma cell,Plasma
ts_immune_all_0727,TSP14_SalivaryGland_Parotid_10X_1_1_TGTTTGTAGTAGACCG,100127,TSP14,parotid gland,plasma cell,Plasma
ts_immune_all_0727,TSP14_SalivaryGland_Parotid_10X_1_1_TAACGACCACGACCTG,99296,TSP14,parotid gland,plasma cell,Plasma
ts_immune_all_0727,TSP14_SalivaryGland_Parotid_10X_1_1_CTAACCCAGCGCTTCG,98119,TSP14,parotid gland,plasma cell,Plasma
ts_immune_all_0727,TSP14_Salivary_parotid_SS2_B133793_D102109_Endothelial_H2,6115,TSP14,parotid gland,plasma cell,Plasma
ts_immune_all_0727,TSP14_SalivaryGland_Parotid_10X_1_1_TTCTTCCTCCGCACTT,100270,TSP14,parotid gland,plasma cell,Plasma
ts_immune_all_0727,TSP14_Salivary_parotid_SS2_B133794_B002623_Endothelial_G21,13747,TSP14,parotid gland,plasma cell,Plasma
ts_immune_all_0727,TSP14_Salivary_parotid_SS2_B133794_B002623_Endothelial_E23,13730,TSP14,parotid gland,plasma cell,Plasma
ts_immune_all_0727,TSP14_Salivary_parotid_SS2_B133794_B002623_Endothelial_H1,13760,TSP14,parotid gland,plasma cell,Plasma
ts_immune_all_0727,TSP14_Salivary_parotid_SS2_B133794_B002623_Endothelial_E20,13741,TSP14,parotid gland,plasma cell,Plasma
ts_immune_all_0727,TSP14_SalivaryGland_Parotid_10X_1_1_TGATCTTTCTTTGCGC,99899,TSP14,parotid gland,plasma cell,Plasma
ts_immune_all_0727,TSP14_Salivary_parotid_SS2_B133793_D102109_Endothelial_E14,6113,TSP14,parotid gland,plasma cell,Plasma
ts_immune_all_0727,TSP14_Salivary_parotid_SS2_B133794_B002623_Endothelial_G16,13709,TSP14,parotid gland,plasma cell,Plasma
ts_immune_all_0727,TSP14_Salivary_parotid_SS2_B133793_D102109_Endothelial_F21,6101,TSP14,parotid gland,plasma cell,Plasma
ts_immune_all_0727,TSP14_Salivary_parotid_SS2_B133793_D102109_Endothelial_F4,6107,TSP14,parotid gland,plasma cell,Plasma
ts_immune_all_0727,TSP14_Salivary_parotid_SS2_B133794_B002623_Endothelial_H16,13708,TSP14,parotid gland,plasma cell,Plasma
ts_immune_all_0727,TSP14_SalivaryGland_Parotid_10X_1_1_GTCACTCGTATTGCCA,99086,TSP14,parotid gland,plasma cell,Plasma
ts_immune_all_0727,TSP14_Salivary_parotid_SS2_B133793_D102109_Endothelial_H10,6109,TSP14,parotid gland,plasma cell,Plasma
ts_immune_all_0727,TSP14_Salivary_parotid_SS2_B133793_D102109_Endothelial_H3,6103,TSP14,parotid gland,plasma cell,Plasma
ts_immune_all_0727,TSP14_Salivary_parotid_SS2_B133794_B002623_Endothelial_F18,13770,TSP14,parotid gland,plasma cell,Plasma
ts_immune_all_0727,TSP14_SalivaryGland_Parotid_10X_1_1_GGTGTTAGTCCCAAAT,98993,TSP14,parotid gland,plasma cell,Plasma
ts_immune_all_0727,TSP14_Salivary_parotid_SS2_B133794_B002623_Endothelial_F14,13735,TSP14,parotid gland,plasma cell,Plasma
ts_immune_all_0727,TSP14_SalivaryGland_Parotid_10X_1_1_GTTCTATTCTAGCAAC,99266,TSP14,parotid gland,plasma cell,Plasma
ts_immune_all_0727,TSP14_Salivary_parotid_SS2_B133794_B002623_Endothelial_H10,13728,TSP14,parotid gland,plasma cell,Plasma
ts_immune_all_0727,TSP14_SalivaryGland_Parotid_10X_1_1_GACGCTGAGGAGTATT,98510,TSP14,parotid gland,plasma cell,Plasma
ts_immune_all_0727,TSP14_Salivary_parotid_SS2_B133793_D102109_Endothelial_H17,6104,TSP14,parotid gland,plasma cell,Plasma
ts_immune_all_0727,TSP14_SalivaryGland_Parotid_10X_1_1_CTGCCTATCATCACTT,98320,TSP14,parotid gland,plasma cell,Plasma
ts_immune_all_0615,TSP13_BM_vertebralbody_SS2_B133713_B134048_Endothelial_B2,1593,TSP13,bone marrow,"CD4-positive, alpha-beta T cell",Memory_CD4
ts_immune_all_0615,TSP13_BM_vertebralbody_SS2_B133720_B134046_HSC_O16,5850,TSP13,bone marrow,"CD4-positive, alpha-beta T cell",Memory_CD4
ts_immune_all_0615,TSP13_BM_vertebralbody_SS2_B133713_B134048_Endothelial_F8,1598,TSP13,bone marrow,"CD4-positive, alpha-beta T cell",Memory_CD4
ts_immune_all_0615,TSP13_BM_vertebralbody_SS2_B133713_B134048_Endothelial_A10,1484,TSP13,bone marrow,"CD4-positive, alpha-beta T cell",Memory_CD4
ts_immune_all_0615,TSP13_BM_vertebralbody_SS2_B133720_B134046_HSC_J14,5943,TSP13,bone marrow,"CD4-positive, alpha-beta T cell",Memory_CD4
ts_immune_all_0615,TSP13_BM_vertebralbody_SS2_B133713_B134048_Endothelial_M7,1453,TSP13,bone marrow,"CD4-positive, alpha-beta T cell",Memory_CD4
ts_immune_all_0615,TSP13_BM_vertebralbody_SS2_B133720_B134046_HSC_C5,5843,TSP13,bone marrow,"CD4-positive, alpha-beta T cell",Memory_CD4
ts_immune_all_0615,TSP13_BM_vertebralbody_SS2_B133713_B134048_Endothelial_P12,1572,TSP13,bone marrow,"CD4-positive, alpha-beta T cell",Memory_CD4
ts_immune_all_0615,TSP13_BM_vertebralbody_SS2_B133720_B134046_HSC_B14,5995,TSP13,bone marrow,"CD4-positive, alpha-beta T cell",Memory_CD4
ts_immune_all_0615,TSP13_BM_vertebralbody_SS2_B133713_B134048_Endothelial_D3,1465,TSP13,bone marrow,"CD4-positive, alpha-beta T cell",Memory_CD4
ts_immune_all_0615,TSP13_BM_vertebralbody_SS2_B133713_B134048_Endothelial_M19,1472,TSP13,bone marrow,"CD4-positive, alpha-beta T cell",Memory_CD4
ts_immune_all_0615,TSP13_BM_vertebralbody_SS2_B133713_B134048_Endothelial_N2,1560,TSP13,bone marrow,"CD4-positive, alpha-beta T cell",Memory_CD4
ts_immune_all_0615,TSP13_BM_vertebralbody_SS2_B133720_B134046_HSC_G1,5951,TSP13,bone marrow,"CD4-positive, alpha-beta T cell",Memory_CD4
ts_immune_all_0615,TSP13_BM_vertebralbody_SS2_B133713_B134048_Endothelial_I12,1556,TSP13,bone marrow,"CD4-positive, alpha-beta T cell",Memory_CD4
ts_immune_all_0615,TSP13_BM_vertebralbody_SS2_B133720_B134046_HSC_H2,5969,TSP13,bone marrow,"CD4-positive, alpha-beta T cell",Memory_CD4
ts_immune_all_0615,TSP13_BM_vertebralbody_SS2_B133720_B134046_HSC_A12,5998,TSP13,bone marrow,"CD4-positive, alpha-beta T cell",Memory_CD4
ts_immune_all_0615,TSP13_BM_vertebralbody_SS2_B133713_B134048_Endothelial_H15,1568,TSP13,bone marrow,"CD4-positive, alpha-beta T cell",Memory_CD4
ts_immune_all_0615,TSP13_BM_vertebralbody_SS2_B133720_B134046_HSC_P16,5846,TSP13,bone marrow,"CD4-positive, alpha-beta T cell",Memory_CD4
ts_immune_all_0615,TSP13_BM_vertebralbody_SS2_B133720_B134046_HSC_L1,5915,TSP13,bone marrow,"CD4-positive, alpha-beta T cell",Memory_CD4
ts_immune_all_0615,TSP13_BM_vertebralbody_SS2_B133713_B134048_Endothelial_A5,1532,TSP13,bone marrow,"CD4-positive, alpha-beta T cell",Memory_CD4
ts_immune_all_0615,TSP13_BM_vertebralbody_SS2_B133720_B134046_HSC_G8,5947,TSP13,bone marrow,"CD4-positive, alpha-beta T cell",Memory_CD4
ts_immune_all_0615,TSP13_BM_vertebralbody_SS2_B133713_B134048_Endothelial_C1,1578,TSP13,bone marrow,"CD4-positive, alpha-beta T cell",Memory_CD4
ts_immune_all_0615,TSP13_BM_vertebralbody_SS2_B133713_B134048_Endothelial_J3,1429,TSP13,bone marrow,"CD4-positive, alpha-beta T cell",Memory_CD4
ts_immune_all_0615,TSP13_BM_vertebralbody_SS2_B133713_B134048_Endothelial_M11,1498,TSP13,bone marrow,"CD4-positive, alpha-beta T cell",Memory_CD4
ts_immune_all_0615,TSP13_BM_vertebralbody_SS2_B133712_B134041_Immune_C5,1600,TSP13,bone marrow,"CD4-positive, alpha-beta T cell",Memory_CD4
ts_immune_all_0615,TSP13_BM_vertebralbody_SS2_B133713_B134048_Endothelial_N8,1480,TSP13,bone marrow,"CD4-positive, alpha-beta T cell",Memory_CD4
ts_immune_all_0615,TSP13_BM_vertebralbody_SS2_B133713_B134048_Endothelial_O16,1551,TSP13,bone marrow,"CD4-positive, alpha-beta T cell",Memory_CD4
ts_immune_all_0615,TSP13_BM_vertebralbody_SS2_B133712_B134041_Immune_H5,1661,TSP13,bone marrow,"CD4-positive, alpha-beta T cell",Memory_CD4
ts_immune_all_0615,TSP13_BM_vertebralbody_SS2_B133713_B134048_Endothelial_D13,1457,TSP13,bone marrow,"CD4-positive, alpha-beta T cell",Memory_CD4
ts_immune_all_0615,TSP13_BM_vertebralbody_SS2_B133712_B134041_Immune_N10,1673,TSP13,bone marrow,"CD4-positive, alpha-beta T cell",Memory_CD4
ts_immune_all_0615,TSP13_BM_vertebralbody_SS2_B133713_B134048_Endothelial_N13,1519,TSP13,bone marrow,"CD4-positive, alpha-beta T cell",Memory_CD4
ts_immune_all_0615,TSP13_BM_vertebralbody_SS2_B133720_B134046_HSC_N16,5889,TSP13,bone marrow,"CD4-positive, alpha-beta T cell",Memory_CD4
ts_immune_all_0615,TSP13_BM_vertebralbody_SS2_B133713_B134048_Endothelial_I16,1574,TSP13,bone marrow,"CD4-positive, alpha-beta T cell",Memory_CD4
ts_immune_all_0615,TSP13_BM_vertebralbody_SS2_B133713_B134048_Endothelial_E4,1529,TSP13,bone marrow,"CD4-positive, alpha-beta T cell",Memory_CD4
ts_immune_all_0615,TSP13_BM_vertebralbody_SS2_B133712_B134041_Immune_M13,1602,TSP13,bone marrow,"CD4-positive, alpha-beta T cell",Memory_CD4
ts_immune_all_0615,TSP13_BM_vertebralbody_SS2_B133720_B134046_HSC_M16,5857,TSP13,bone marrow,"CD4-positive, alpha-beta T cell",Memory_CD4
ts_immune_all_0615,TSP13_BM_vertebralbody_SS2_B133720_B134046_HSC_M15,5970,TSP13,bone marrow,"CD4-positive, alpha-beta T cell",Memory_CD4
ts_immune_all_0615,TSP13_BM_vertebralbody_SS2_B133720_B134046_HSC_G4,5988,TSP13,bone marrow,"CD4-positive, alpha-beta T cell",Memory_CD4
ts_immune_all_0615,TSP13_BM_vertebralbody_SS2_B133712_B134041_Immune_P10,1628,TSP13,bone marrow,"CD4-positive, alpha-beta T cell",Memory_CD4
ts_immune_all_0615,TSP13_BM_vertebralbody_SS2_B133720_B134046_HSC_H14,5959,TSP13,bone marrow,"CD4-positive, alpha-beta T cell",Memory_CD4
ts_immune_all_0615,TSP13_BM_vertebralbody_SS2_B133720_B134046_HSC_C6,5835,TSP13,bone marrow,"CD4-positive, alpha-beta T cell",Memory_CD4
ts_immune_all_0615,TSP13_BM_vertebralbody_SS2_B133713_B134048_Endothelial_C16,1570,TSP13,bone marrow,"CD4-positive, alpha-beta T cell",Memory_CD4
ts_immune_all_0615,TSP13_BM_vertebralbody_SS2_B133713_B134048_Endothelial_P3,1535,TSP13,bone marrow,"CD4-positive, alpha-beta T cell",Memory_CD4
ts_immune_all_0615,TSP13_BM_vertebralbody_SS2_B133713_B134048_Endothelial_B13,1461,TSP13,bone marrow,"CD4-positive, alpha-beta T cell",Memory_CD4
ts_immune_all_0615,TSP13_BM_vertebralbody_SS2_B133713_B134048_Endothelial_F3,1459,TSP13,bone marrow,"CD4-positive, alpha-beta T cell",Memory_CD4
ts_immune_all_0615,TSP13_BM_vertebralbody_SS2_B133720_B134046_HSC_E2,5865,TSP13,bone marrow,"CD4-positive, alpha-beta T cell",Memory_CD4
ts_immune_all_0615,TSP13_BM_vertebralbody_SS2_B133712_B134041_Immune_A5,1648,TSP13,bone marrow,"CD4-positive, alpha-beta T cell",Memory_CD4
ts_immune_all_0615,TSP13_BM_vertebralbody_SS2_B133713_B134048_Endothelial_O15,1487,TSP13,bone marrow,"CD4-positive, alpha-beta T cell",Memory_CD4
ts_immune_all_0615,TSP13_BM_vertebralbody_SS2_B133720_B134046_HSC_J15,5833,TSP13,bone marrow,"CD4-positive, alpha-beta T cell",Memory_CD4
ts_immune_all_0615,TSP13_BM_vertebralbody_SS2_B133720_B134046_HSC_E8,5914,TSP13,bone marrow,"CD4-positive, alpha-beta T cell",Memory_CD4
ts_immune_all_1112,TSP21_Eye_Anterior_10X_1_1_ATGGTTGCACATTCGA,147533,TSP21,anterior segment of eyeball,"CD8-positive, alpha-beta T cell",Memory_CD4
ts_immune_all_1112,TSP21_Eye_Anterior_10X_1_1_TATATCCCAGCGTATT,147648,TSP21,anterior segment of eyeball,"CD8-positive, alpha-beta T cell",Memory_CD4
ts_immune_all_1112,TSP21_Eye_Anterior_10X_1_1_CATGCAAAGGCACGAT,147548,TSP21,anterior segment of eyeball,"CD8-positive, alpha-beta T cell",Memory_CD4
ts_immune_all_1112,TSP21_Eye_Anterior_10X_1_1_CATTGAGCATTGACCA,147552,TSP21,anterior segment of eyeball,"CD8-positive, alpha-beta T cell",Memory_CD4
ts_immune_all_1112,TSP21_Eye_Anterior_10X_1_1_CCTCAGTCAGGCCCTA,147558,TSP21,anterior segment of eyeball,"CD8-positive, alpha-beta T cell",Memory_CD4
ts_immune_all_1112,TSP21_Eye_Anterior_10X_1_1_TTTGTTGGTTGGCCTG,147697,TSP21,anterior segment of eyeball,"CD8-positive, alpha-beta T cell",Memory_CD4
ts_immune_all_1112,TSP21_Eye_Anterior_10X_1_1_CACCAAAGTTGCCAAT,147542,TSP21,anterior segment of eyeball,"CD8-positive, alpha-beta T cell",Memory_CD4
ts_immune_all_1112,TSP21_Eye_Anterior_10X_1_1_AGCTTCCGTCATCTAG,147512,TSP21,anterior segment of eyeball,"CD8-positive, alpha-beta T cell",Memory_CD4
ts_immune_all_1112,TSP21_Eye_Anterior_10X_1_1_TCATCATCAAATACGA,147657,TSP21,anterior segment of eyeball,"CD8-positive, alpha-beta T cell",Memory_CD4
ts_immune_all_1112,TSP21_Eye_Anterior_10X_1_1_TACGCTCAGATAACAC,147644,TSP21,anterior segment of eyeball,"CD8-positive, alpha-beta T cell",Memory_CD4
ts_immune_all_1112,TSP21_Eye_Anterior_10X_1_1_GTCAAGTCACGCCAGT,147629,TSP21,anterior segment of eyeball,"CD8-positive, alpha-beta T cell",Memory_CD4
ts_immune_all_1112,TSP21_Eye_Anterior_10X_1_1_ATCCGTCCAAAGCTCT,147524,TSP21,anterior segment of eyeball,"CD8-positive, alpha-beta T cell",Memory_CD4
ts_immune_all_1112,TSP21_Eye_Anterior_10X_1_1_TCGGGCAAGGCCCGTT,147668,TSP21,anterior segment of eyeball,"CD8-positive, alpha-beta T cell",Memory_CD4
ts_immune_all_1112,TSP21_Eye_Anterior_10X_1_1_TCAAGACTCACCTGGG,147651,TSP21,anterior segment of eyeball,"CD8-positive, alpha-beta T cell",Memory_CD4
ts_immune_all_1112,TSP21_Eye_Anterior_10X_1_1_AAACCCACACCCTATC,147486,TSP21,anterior segment of eyeball,"CD8-positive, alpha-beta T cell",Memory_CD4
ts_immune_all_1112,TSP21_Eye_Anterior_10X_1_1_TGCATGATCATGTCAG,147679,TSP21,anterior segment of eyeball,"CD8-positive, alpha-beta T cell",Memory_CD4
ts_immune_all_1112,TSP21_Eye_Anterior_10X_1_1_ATGGATCGTGGTCTTA,147529,TSP21,anterior segment of eyeball,"CD8-positive, alpha-beta T cell",Memory_CD4
ts_immune_all_1112,TSP21_Eye_Anterior_10X_1_1_TAAGCGTGTTCCTAAG,147640,TSP21,anterior segment of eyeball,"CD8-positive, alpha-beta T cell",Memory_CD4
ts_immune_all_1112,TSP21_Eye_Anterior_10X_1_1_TATTCCAGTCATAGTC,147649,TSP21,anterior segment of eyeball,"CD8-positive, alpha-beta T cell",Memory_CD4
ts_immune_all_1112,TSP21_Eye_Anterior_10X_1_1_GCAGCCAAGAATTGCA,147614,TSP21,anterior segment of eyeball,"CD8-positive, alpha-beta T cell",Memory_CD4
ts_immune_all_1112,TSP21_Eye_Anterior_10X_1_1_AGATCCATCCCTATTA,147509,TSP21,anterior segment of eyeball,"CD8-positive, alpha-beta T cell",Memory_CD4
ts_immune_all_1112,TSP21_Eye_Anterior_10X_1_1_CCTGCATCATCAGTCA,147562,TSP21,anterior segment of eyeball,"CD8-positive, alpha-beta T cell",Memory_CD4
ts_immune_all_1112,TSP21_Eye_Anterior_10X_1_1_GCAACATTCCTACACC,147612,TSP21,anterior segment of eyeball,"CD8-positive, alpha-beta T cell",Memory_CD4
ts_immune_all_1112,TSP21_Eye_Anterior_10X_1_1_TCCCACAGTTGAGAGC,147660,TSP21,anterior segment of eyeball,"CD8-positive, alpha-beta T cell",Memory_CD4
ts_immune_all_1112,TSP21_Eye_Anterior_10X_1_1_AAGGTAACAGAGGGTT,147492,TSP21,anterior segment of eyeball,"CD8-positive, alpha-beta T cell",Memory_CD4
ts_immune_all_1112,TSP21_Eye_Anterior_10X_1_1_CTCCATGAGCAAATGT,147581,TSP21,anterior segment of eyeball,"CD8-positive, alpha-beta T cell",Memory_CD4
ts_immune_all_1112,TSP21_Eye_Anterior_10X_1_1_ACGTCCTCACGCCACA,147501,TSP21,anterior segment of eyeball,"CD8-positive, alpha-beta T cell",Memory_CD4
ts_immune_all_1112,TSP21_Eye_Anterior_10X_1_1_CCTCTAGTCGCTCTCA,147561,TSP21,anterior segment of eyeball,"CD8-positive, alpha-beta T cell",Memory_CD4
ts_immune_all_1112,TSP21_Eye_Anterior_10X_1_1_GTAAGTCTCGCTAATG,147627,TSP21,anterior segment of eyeball,"CD8-positive, alpha-beta T cell",Memory_CD4
ts_immune_all_1112,TSP21_Eye_Anterior_10X_1_1_TGTTCTACAATAGGGC,147687,TSP21,anterior segment of eyeball,"CD8-positive, alpha-beta T cell",Memory_CD4
ts_immune_all_1112,TSP21_Eye_Anterior_10X_1_1_GTTGTGATCGCAGTTA,147637,TSP21,anterior segment of eyeball,"CD8-positive, alpha-beta T cell",Memory_CD4
ts_immune_all_1112,TSP21_Eye_Anterior_10X_1_1_CTTCTAAGTCGCATCG,147596,TSP21,anterior segment of eyeball,"CD8-positive, alpha-beta T cell",Memory_CD4
ts_immune_all_1112,TSP21_Eye_Anterior_10X_1_1_CCACCATAGTCACGAG,147554,TSP21,anterior segment of eyeball,"CD8-positive, alpha-beta T cell",Memory_CD4
ts_immune_all_1112,TSP21_Eye_Anterior_10X_1_1_CTCAGAATCTACGGTA,147579,TSP21,anterior segment of eyeball,"CD8-positive, alpha-beta T cell",Memory_CD4
ts_immune_all_1112,TSP21_Eye_Anterior_10X_1_1_CTGAGGCAGGATCACG,147590,TSP21,anterior segment of eyeball,"CD8-positive, alpha-beta T cell",Memory_CD4
ts_immune_all_1112,TSP21_Eye_Anterior_10X_1_1_GTACAGTGTGAGATTA,147628,TSP21,anterior segment of eyeball,"CD8-positive, alpha-beta T cell",Memory_CD4
ts_immune_all_1112,TSP21_Eye_Anterior_10X_1_1_TAGCACACACCGTGAC,147647,TSP21,anterior segment of eyeball,"CD8-positive, alpha-beta T cell",Memory_CD4
ts_immune_all_1112,TSP21_Eye_Anterior_10X_1_1_GACTTCCGTGAGTTTC,147603,TSP21,anterior segment of eyeball,"CD8-positive, alpha-beta T cell",Memory_CD4
ts_immune_all_1112,TSP21_Eye_Anterior_10X_1_1_CTGCCTATCTCAGAAC,147593,TSP21,anterior segment of eyeball,"CD8-positive, alpha-beta T cell",Memory_CD4
ts_immune_all_1112,TSP21_Eye_Anterior_10X_1_1_TTCACCGTCACACCCT,147689,TSP21,anterior segment of eyeball,"CD8-positive, alpha-beta T cell",Memory_CD4
ts_immune_all_1112,TSP21_Eye_Anterior_10X_1_1_GCAGGCTCAAATGAGT,147615,TSP21,anterior segment of eyeball,"CD8-positive, alpha-beta T cell",Memory_CD4
ts_immune_all_1112,TSP21_Eye_Anterior_10X_1_1_TTCACGCAGTCCTACA,147690,TSP21,anterior segment of eyeball,"CD8-positive, alpha-beta T cell",Memory_CD4
ts_immune_all_1112,TSP21_Eye_Anterior_10X_1_1_TCTATCATCACTTTGT,147670,TSP21,anterior segment of eyeball,"CD8-positive, alpha-beta T cell",Memory_CD4
ts_immune_all_1112,TSP21_Eye_Anterior_10X_1_1_CACCGTTGTCTGTCCT,147543,TSP21,anterior segment of eyeball,"CD8-positive, alpha-beta T cell",Memory_CD4
ts_immune_all_1112,TSP21_Eye_Anterior_10X_1_1_CACCAAACACATGAAA,147541,TSP21,anterior segment of eyeball,"CD8-positive, alpha-beta T cell",Memory_CD4
ts_immune_all_1112,TSP21_Eye_Anterior_10X_1_1_TGAACGTGTTACGTAC,147672,TSP21,anterior segment of eyeball,"CD8-positive, alpha-beta T cell",Memory_CD4
ts_immune_all_1112,TSP21_Eye_Anterior_10X_1_1_TCAGCAAAGTCCGCCA,147654,TSP21,anterior segment of eyeball,"CD8-positive, alpha-beta T cell",Memory_CD4
ts_immune_all_1112,TSP21_Eye_Anterior_10X_1_1_GAGTTTGCATTGAGGG,147608,TSP21,anterior segment of eyeball,"CD8-positive, alpha-beta T cell",Memory_CD4
ts_immune_all_1112,TSP21_Eye_Anterior_10X_1_1_ATAGAGAAGTAGACAT,147521,TSP21,anterior segment of eyeball,"CD8-positive, alpha-beta T cell",Memory_CD4
ts_immune_all_1112,TSP21_Eye_Anterior_10X_1_1_TGATTCTAGTATGATG,147677,TSP21,anterior segment of eyeball,"CD8-positive, alpha-beta T cell",Memory_CD4
ts_immune_all_1681,TSP27_Thymus_NA_10X3primev31_1_2_TGCAGGCGTGTTGACT,70882,TSP27,thymus,"naive thymus-derived CD4-positive, alpha-beta T cell",Naive_CD4
ts_immune_all_1681,TSP27_Thymus_NA_10X3primev31_1_2_TCGCAGGGTGATTGGG,70845,TSP27,thymus,"naive thymus-derived CD4-positive, alpha-beta T cell",Naive_CD4
ts_immune_all_1681,TSP27_Thymus_NA_10X3primev31_1_2_AAGCATCAGCGTCAGA,70239,TSP27,thymus,"naive thymus-derived CD4-positive, alpha-beta T cell",Naive_CD4
ts_immune_all_1681,TSP27_Thymus_NA_10X3primev31_1_2_CAACAGTGTGAATGTA,70411,TSP27,thymus,"naive thymus-derived CD4-positive, alpha-beta T cell",Naive_CD4
ts_immune_all_1681,TSP27_Thymus_NA_10X3primev31_1_2_CAAAGAATCAGACTGT,70408,TSP27,thymus,"naive thymus-derived CD4-positive, alpha-beta T cell",Naive_CD4
ts_immune_all_1681,TSP27_Thymus_NA_10X3primev31_1_1_GTGGTTAAGCACCGTC,65306,TSP27,thymus,"naive thymus-derived CD4-positive, alpha-beta T cell",Naive_CD4
ts_immune_all_1681,TSP27_Thymus_NA_10X3primev31_1_2_ACAGGGAAGGTCGTAG,70261,TSP27,thymus,"naive thymus-derived CD4-positive, alpha-beta T cell",Naive_CD4
ts_immune_all_1681,TSP27_Thymus_NA_10X3primev31_1_2_TACATTCCACGTCGTG,70768,TSP27,thymus,"naive thymus-derived CD4-positive, alpha-beta T cell",Naive_CD4
ts_immune_all_1681,TSP27_Thymus_NA_10X3primev31_1_2_GTAGGTTAGCAGCACA,70717,TSP27,thymus,"naive thymus-derived CD4-positive, alpha-beta T cell",Naive_CD4
ts_immune_all_1681,TSP27_Thymus_NA_10X3primev31_1_2_TCACGCTTCGCCGAGT,70816,TSP27,thymus,"naive thymus-derived CD4-positive, alpha-beta T cell",Naive_CD4
ts_immune_all_1681,TSP27_Thymus_NA_10X3primev31_1_1_GGTGATTTCACCACAA,65269,TSP27,thymus,"naive thymus-derived CD4-positive, alpha-beta T cell",Naive_CD4
ts_immune_all_1681,TSP27_Thymus_NA_10X3primev31_1_2_ATCACTTAGCACCTGC,70369,TSP27,thymus,"naive thymus-derived CD4-positive, alpha-beta T cell",Naive_CD4
ts_immune_all_1681,TSP27_Thymus_NA_10X3primev31_1_1_CGCCAGAGTACAATAG,65100,TSP27,thymus,"naive thymus-derived CD4-positive, alpha-beta T cell",Naive_CD4
ts_immune_all_1681,TSP27_Thymus_NA_10X3primev31_1_2_GCTTGGGTCCGTTGGG,70670,TSP27,thymus,"naive thymus-derived CD4-positive, alpha-beta T cell",Naive_CD4
ts_immune_all_1681,TSP27_Thymus_NA_10X3primev31_1_1_TATTGCTTCTGGACTA,65356,TSP27,thymus,"naive thymus-derived CD4-positive, alpha-beta T cell",Naive_CD4
ts_immune_all_1681,TSP27_Thymus_NA_10X3primev31_1_1_TTTACTGAGAGTCCGA,65512,TSP27,thymus,"naive thymus-derived CD4-positive, alpha-beta T cell",Naive_CD4
ts_immune_all_1681,TSP27_Thymus_NA_10X3primev31_1_2_CTGAGGCGTAGGTTTC,70550,TSP27,thymus,"naive thymus-derived CD4-positive, alpha-beta T cell",Naive_CD4
ts_immune_all_1681,TSP27_Thymus_NA_10X3primev31_1_2_GCCGTGATCTGCCTCA,70654,TSP27,thymus,"naive thymus-derived CD4-positive, alpha-beta T cell",Naive_CD4
ts_immune_all_1681,TSP27_Thymus_NA_10X3primev31_1_1_CAGCGTGGTCGTTGGC,65033,TSP27,thymus,"naive thymus-derived CD4-positive, alpha-beta T cell",Naive_CD4
ts_immune_all_1681,TSP27_Thymus_NA_10X3primev31_1_1_TTGTGGACAAATGATG,65504,TSP27,thymus,"naive thymus-derived CD4-positive, alpha-beta T cell",Naive_CD4
ts_immune_all_1681,TSP27_Thymus_NA_10X3primev31_1_1_GAGCCTGCATAATCGC,65192,TSP27,thymus,"naive thymus-derived CD4-positive, alpha-beta T cell",Naive_CD4
ts_immune_all_1681,TSP27_Thymus_NA_10X3primev31_1_2_GCCCAGAGTTGCACGC,70652,TSP27,thymus,"naive thymus-derived CD4-positive, alpha-beta T cell",Naive_CD4
ts_immune_all_1681,TSP27_Thymus_NA_10X3primev31_1_1_AGGTGTTAGTCAACAA,64926,TSP27,thymus,"naive thymus-derived CD4-positive, alpha-beta T cell",Naive_CD4
ts_immune_all_1681,TSP27_Thymus_NA_10X3primev31_1_2_CTGTCGTTCATGGGAG,70565,TSP27,thymus,"naive thymus-derived CD4-positive, alpha-beta T cell",Naive_CD4
ts_immune_all_1681,TSP27_Thymus_NA_10X3primev31_1_1_AACCTTTAGGGCGAGA,64824,TSP27,thymus,"naive thymus-derived CD4-positive, alpha-beta T cell",Naive_CD4
ts_immune_all_1681,TSP27_Thymus_NA_10X3primev31_1_2_TCTATACAGAGGCTGT,70857,TSP27,thymus,"naive thymus-derived CD4-positive, alpha-beta T cell",Naive_CD4
ts_immune_all_1681,TSP27_Thymus_NA_10X3primev31_1_1_ACGTTCCAGTATGATG,64876,TSP27,thymus,"naive thymus-derived CD4-positive, alpha-beta T cell",Naive_CD4
ts_immune_all_1681,TSP27_Thymus_NA_10X3primev31_1_1_GTAGAAACACTAGTAC,65278,TSP27,thymus,"naive thymus-derived CD4-positive, alpha-beta T cell",Naive_CD4
ts_immune_all_1681,TSP27_Thymus_NA_10X3primev31_1_2_AGTCTCCCAGCTTCCT,70356,TSP27,thymus,"naive thymus-derived CD4-positive, alpha-beta T cell",Naive_CD4
ts_immune_all_1681,TSP27_Thymus_NA_10X3primev31_1_1_TCATTTGCAAGCGGAT,65384,TSP27,thymus,"naive thymus-derived CD4-positive, alpha-beta T cell",Naive_CD4
ts_immune_all_1681,TSP27_Thymus_NA_10X3primev31_1_2_TGGGAGAAGCGGATCA,70899,TSP27,thymus,"naive thymus-derived CD4-positive, alpha-beta T cell",Naive_CD4
ts_immune_all_1681,TSP27_Thymus_NA_10X3primev31_1_2_ATGAGGGTCACTGATG,70388,TSP27,thymus,"naive thymus-derived CD4-positive, alpha-beta T cell",Naive_CD4
ts_immune_all_1681,TSP27_Thymus_NA_10X3primev31_1_2_TATTCCAAGTATTCCG,70803,TSP27,thymus,"naive thymus-derived CD4-positive, alpha-beta T cell",Naive_CD4
ts_immune_all_1681,TSP27_Thymus_NA_10X3primev31_1_1_TCAAGTGTCGTAGGGA,65362,TSP27,thymus,"naive thymus-derived CD4-positive, alpha-beta T cell",Naive_CD4
ts_immune_all_1681,TSP27_Thymus_NA_10X3primev31_1_1_TCCTTCTCAGACACAG,65395,TSP27,thymus,"naive thymus-derived CD4-positive, alpha-beta T cell",Naive_CD4
ts_immune_all_1681,TSP27_Thymus_NA_10X3primev31_1_2_CATGAGTAGCAATAAC,70453,TSP27,thymus,"naive thymus-derived CD4-positive, alpha-beta T cell",Naive_CD4
ts_immune_all_1681,TSP27_Thymus_NA_10X3primev31_1_1_CTCGAGGGTCTAGATC,65146,TSP27,thymus,"naive thymus-derived CD4-positive, alpha-beta T cell",Naive_CD4
ts_immune_all_1681,TSP27_Thymus_NA_10X3primev31_1_2_GCTGCAGGTAGTATAG,70665,TSP27,thymus,"naive thymus-derived CD4-positive, alpha-beta T cell",Naive_CD4
ts_immune_all_1681,TSP27_Thymus_NA_10X3primev31_1_2_GGTAACTCAGATTTCG,70693,TSP27,thymus,"naive thymus-derived CD4-positive, alpha-beta T cell",Naive_CD4
ts_immune_all_1681,TSP27_Thymus_NA_10X3primev31_1_1_TGGAGGACACACCTTC,65447,TSP27,thymus,"naive thymus-derived CD4-positive, alpha-beta T cell",Naive_CD4
ts_immune_all_1681,TSP27_Thymus_NA_10X3primev31_1_1_GAGGCCTCATTAAAGG,65197,TSP27,thymus,"naive thymus-derived CD4-positive, alpha-beta T cell",Naive_CD4
ts_immune_all_1681,TSP27_Thymus_NA_10X3primev31_1_2_CCATCACGTACAAGCG,70468,TSP27,thymus,"naive thymus-derived CD4-positive, alpha-beta T cell",Naive_CD4
ts_immune_all_1681,TSP27_Thymus_NA_10X3primev31_1_1_GGAGCAAAGTCGGCCT,65243,TSP27,thymus,"naive thymus-derived CD4-positive, alpha-beta T cell",Naive_CD4
ts_immune_all_1681,TSP27_Thymus_NA_10X3primev31_1_1_GAGTTGTGTAGATTGA,65202,TSP27,thymus,"naive thymus-derived CD4-positive, alpha-beta T cell",Naive_CD4
ts_immune_all_1681,TSP27_Thymus_NA_10X3primev31_1_1_AACCATGGTCGCAACC,64821,TSP27,thymus,"naive thymus-derived CD4-positive, alpha-beta T cell",Naive_CD4
ts_immune_all_1681,TSP27_Thymus_NA_10X3primev31_1_2_GTTCCGTCAGGCAATG,70752,TSP27,thymus,"naive thymus-derived CD4-positive, alpha-beta T cell",Naive_CD4
ts_immune_all_1681,TSP27_Thymus_NA_10X3primev31_1_1_ATTCCATCAAGTGACG,64986,TSP27,thymus,"naive thymus-derived CD4-positive, alpha-beta T cell",Naive_CD4
ts_immune_all_1681,TSP27_Thymus_NA_10X3primev31_1_1_ACTGTGATCGTTCAGA,64886,TSP27,thymus,"naive thymus-derived CD4-positive, alpha-beta T cell",Naive_CD4
ts_immune_all_1681,TSP27_Thymus_NA_10X3primev31_1_2_TCCAGAACAACGCCCA,70833,TSP27,thymus,"naive thymus-derived CD4-positive, alpha-beta T cell",Naive_CD4
ts_immune_all_1681,TSP27_Thymus_NA_10X3primev31_1_2_GCGATCGGTAAGCAAT,70657,TSP27,thymus,"naive thymus-derived CD4-positive, alpha-beta T cell",Naive_CD4
ts_immune_all_0989,TSP21_LymphNodes_Supradiaphagmatic_10X_2_1_5prime_CGGCTAGTCTCAACTT,116361,TSP21,lymph node,T cell,Memory_CD4
ts_immune_all_0989,TSP21_LymphNodes_Supradiaphagmatic_10X_2_1_5prime_GCCTCTAAGAGCTGCA,117496,TSP21,lymph node,T cell,Memory_CD4
ts_immune_all_0989,TSP21_LymphNodes_Supradiaphagmatic_10X_2_1_TTCCTAATCCATACAG,154917,TSP21,lymph node,T cell,Memory_CD4
ts_immune_all_0989,TSP21_LymphNodes_Supradiaphagmatic_10X_1_2_ACGATCAAGACCTTTG,81533,TSP21,lymph node,T cell,Memory_CD4
ts_immune_all_0989,TSP21_LymphNodes_Supradiaphagmatic_10X_2_1_5prime_AGGTCCGCACTTCTGC,115021,TSP21,lymph node,T cell,Memory_CD4
ts_immune_all_0989,TSP21_LymphNodes_Supradiaphagmatic_10X_2_1_CTATCCGGTAGGACTG,150948,TSP21,lymph node,T cell,Memory_CD4
ts_immune_all_0989,TSP21_LymphNodes_Supradiaphagmatic_10X_2_1_GTCTTTACATCAACCA,152871,TSP21,lymph node,T cell,Memory_CD4
ts_immune_all_0989,TSP21_LymphNodes_Supradiaphagmatic_10X_2_1_CCTCACATCTCACTCG,150439,TSP21,lymph node,T cell,Memory_CD4
ts_immune_all_0989,TSP21_LymphNodes_Supradiaphagmatic_10X_1_2_GGCACGTGTCGAACGA,84440,TSP21,lymph node,T cell,Memory_CD4
ts_immune_all_0989,TSP21_LymphNodes_Supradiaphagmatic_10X_2_1_GAGGCAATCCACTAGA,151673,TSP21,lymph node,T cell,Memory_CD4
ts_immune_all_0989,TSP21_LymphNodes_Supradiaphagmatic_10X_1_2_GTCTAGAGTCCTGGGT,84809,TSP21,lymph node,T cell,Memory_CD4
ts_immune_all_0989,TSP21_LymphNodes_Supradiaphagmatic_10X_2_1_CGAGGAAAGGTCACTT,150572,TSP21,lymph node,T cell,Memory_CD4
ts_immune_all_0989,TSP21_LymphNodes_Supradiaphagmatic_10X_2_1_GCCAGCACAGAGTGTG,152012,TSP21,lymph node,T cell,Memory_CD4
ts_immune_all_0989,TSP21_LymphNodes_Supradiaphagmatic_10X_2_1_5prime_ATTACTCGTAGCTAAA,115278,TSP21,lymph node,T cell,Memory_CD4
ts_immune_all_0989,TSP21_LymphNodes_Supradiaphagmatic_10X_2_1_TGAGGAGGTCTGTCAA,154314,TSP21,lymph node,T cell,Memory_CD4
ts_immune_all_0989,TSP21_LymphNodes_Supradiaphagmatic_10X_2_1_TCAGTCCCAGCAATTC,153737,TSP21,lymph node,T cell,Memory_CD4
ts_immune_all_0989,TSP21_LymphNodes_Supradiaphagmatic_10X_2_1_5prime_CTAGTGACAAGTAGTA,116594,TSP21,lymph node,T cell,Memory_CD4
ts_immune_all_0989,TSP21_LymphNodes_Supradiaphagmatic_10X_2_1_CTCATGCCAAGTGTCT,151052,TSP21,lymph node,T cell,Memory_CD4
ts_immune_all_0989,TSP21_LymphNodes_Supradiaphagmatic_10X_2_1_AATAGAGAGATGTTGA,147992,TSP21,lymph node,T cell,Memory_CD4
ts_immune_all_0989,TSP21_LymphNodes_Supradiaphagmatic_10X_2_1_TACAGGTTCAAGGACG,153300,TSP21,lymph node,T cell,Memory_CD4
ts_immune_all_0989,TSP21_LymphNodes_Supradiaphagmatic_10X_2_1_CTCAATTTCGTACCTC,150991,TSP21,lymph node,T cell,Memory_CD4
ts_immune_all_0989,TSP21_LymphNodes_Supradiaphagmatic_10X_2_1_GACACGCGTTACACTG,151499,TSP21,lymph node,T cell,Memory_CD4
ts_immune_all_0989,TSP21_LymphNodes_Supradiaphagmatic_10X_2_1_GCAACCGCATTGACCA,151903,TSP21,lymph node,T cell,Memory_CD4
ts_immune_all_0989,TSP21_LymphNodes_Supradiaphagmatic_10X_2_1_5prime_ATCTGCCTCGCCAAAT,115223,TSP21,lymph node,T cell,Memory_CD4
ts_immune_all_0989,TSP21_LymphNodes_Supradiaphagmatic_10X_2_1_TCTTTGATCGACCACG,154218,TSP21,lymph node,T cell,Memory_CD4
ts_immune_all_0989,TSP21_LymphNodes_Supradiaphagmatic_10X_2_1_CCGGTAGAGCATTGTC,150342,TSP21,lymph node,T cell,Memory_CD4
ts_immune_all_0989,TSP21_LymphNodes_Supradiaphagmatic_10X_2_1_TGTAACGCACGATAGG,154606,TSP21,lymph node,T cell,Memory_CD4
ts_immune_all_0989,TSP21_LymphNodes_Supradiaphagmatic_10X_2_1_AGAACAAGTAGGCAAC,148504,TSP21,lymph node,T cell,Memory_CD4
ts_immune_all_0989,TSP21_LymphNodes_Supradiaphagmatic_10X_2_1_TCAGCAAGTTCGGTAT,153706,TSP21,lymph node,T cell,Memory_CD4
ts_immune_all_0989,TSP21_LymphNodes_Supradiaphagmatic_10X_2_1_TACCGAAAGGGCTAAC,153334,TSP21,lymph node,T cell,Memory_CD4
ts_immune_all_0989,TSP21_LymphNodes_Supradiaphagmatic_10X_2_1_TGATTTCCATGGGTCC,154369,TSP21,lymph node,T cell,Memory_CD4
ts_immune_all_0989,TSP21_LymphNodes_Supradiaphagmatic_10X_1_2_GGTGATTCAAGGTCAG,84598,TSP21,lymph node,T cell,Memory_CD4
ts_immune_all_0989,TSP21_LymphNodes_Supradiaphagmatic_10X_1_2_TTACGCCCACTAGTAC,86185,TSP21,lymph node,T cell,Memory_CD4
ts_immune_all_0989,TSP21_LymphNodes_Supradiaphagmatic_10X_2_1_ATACCTTAGTCCCAGC,149101,TSP21,lymph node,T cell,Memory_CD4
ts_immune_all_0989,TSP21_LymphNodes_Supradiaphagmatic_10X_2_1_CGATGGCAGCTGGCCT,150615,TSP21,lymph node,T cell,Memory_CD4
ts_immune_all_0989,TSP21_LymphNodes_Supradiaphagmatic_10X_2_1_GTGACGCAGGGAGATA,152879,TSP21,lymph node,T cell,Memory_CD4
ts_immune_all_0989,TSP21_LymphNodes_Supradiaphagmatic_10X_1_2_TTACGCCGTTGTCATG,86191,TSP21,lymph node,T cell,Memory_CD4
ts_immune_all_0989,TSP21_LymphNodes_Supradiaphagmatic_10X_2_1_5prime_AGAGCTTAGCCAGTTT,114803,TSP21,lymph node,T cell,Memory_CD4
ts_immune_all_0989,TSP21_LymphNodes_Supradiaphagmatic_10X_2_1_TAGGTACAGTTGGCTT,153508,TSP21,lymph node,T cell,Memory_CD4
ts_immune_all_0989,TSP21_LymphNodes_Supradiaphagmatic_10X_2_1_CATCCACAGGAGCAAA,149991,TSP21,lymph node,T cell,Memory_CD4
ts_immune_all_0989,TSP21_LymphNodes_Supradiaphagmatic_10X_2_1_TAATCTCTCAGTGGGA,153260,TSP21,lymph node,T cell,Memory_CD4
ts_immune_all_0989,TSP21_LymphNodes_Supradiaphagmatic_10X_2_1_ATGTCCCAGTCTAACC,149424,TSP21,lymph node,T cell,Memory_CD4
ts_immune_all_0989,TSP21_LymphNodes_Supradiaphagmatic_10X_2_1_ACTATCTCATGAATAG,148364,TSP21,lymph node,T cell,Memory_CD4
ts_immune_all_0989,TSP21_LymphNodes_Supradiaphagmatic_10X_2_1_5prime_ATTTCTGGTGCTGTAT,115339,TSP21,lymph node,T cell,Memory_CD4
ts_immune_all_0989,TSP21_LymphNodes_Supradiaphagmatic_10X_2_1_GTGGGAAGTCTCACGG,152988,TSP21,lymph node,T cell,Memory_CD4
ts_immune_all_0989,TSP21_LymphNodes_Supradiaphagmatic_10X_2_1_GTAAGTCTCTTTCCGG,152602,TSP21,lymph node,T cell,Memory_CD4
ts_immune_all_0989,TSP21_LymphNodes_Supradiaphagmatic_10X_2_1_TCCATCGTCCAGTTCC,153869,TSP21,lymph node,T cell,Memory_CD4
ts_immune_all_0989,TSP21_LymphNodes_Supradiaphagmatic_10X_2_1_GCTGGGTCAAGCGGAT,152164,TSP21,lymph node,T cell,Memory_CD4
ts_immune_all_0989,TSP21_LymphNodes_Supradiaphagmatic_10X_2_1_CTCATGCAGTCTGCGC,151050,TSP21,lymph node,T cell,Memory_CD4
ts_immune_all_0989,TSP21_LymphNodes_Supradiaphagmatic_10X_2_1_GGAATCTGTCATTCCC,152211,TSP21,lymph node,T cell,Memory_CD4
ts_immune_all_0431,TSP7_LymphNodes_Inguinal_10X_1_1_CGGAGAACAGTTGTTG,317878,TSP7,inguinal lymph node,natural killer cell,NK
ts_immune_all_0431,TSP7_LymphNodes_Inguinal_10X_1_1_ATCACGACAGGTTACT,315963,TSP7,inguinal lymph node,natural killer cell,NK
ts_immune_all_0431,TSP7_LymphNodes_Inguinal_10X_1_1_TTCCACGAGGTCACAG,322930,TSP7,inguinal lymph node,natural killer cell,NK
ts_immune_all_0431,TSP7_LymphNode_inguinal_SS2_B134143_B133906_Stromal_B11,8624,TSP7,inguinal lymph node,natural killer cell,NK
ts_immune_all_0431,TSP7_LymphNodes_Inguinal_10X_1_1_ATGGGAGAGCAAGTGC,316209,TSP7,inguinal lymph node,natural killer cell,NK
ts_immune_all_0431,TSP7_LymphNodes_Inguinal_10X_1_1_ATGGAGGTCCGACGGT,316194,TSP7,inguinal lymph node,natural killer cell,NK
ts_immune_all_0431,TSP7_LymphNodes_Inguinal_10X_1_1_CGAGTGCGTTCTCTAT,317732,TSP7,inguinal lymph node,natural killer cell,NK
ts_immune_all_0431,TSP7_LymphNodes_Inguinal_10X_1_1_AATGAAGGTCTACATG,314679,TSP7,inguinal lymph node,natural killer cell,NK
ts_immune_all_0431,TSP7_LymphNodes_Inguinal_10X_1_1_GGAATGGTCTATCACT,319676,TSP7,inguinal lymph node,natural killer cell,NK
ts_immune_all_0431,TSP7_LymphNodes_Inguinal_10X_1_1_AATAGAGTCTGTCGCT,314650,TSP7,inguinal lymph node,natural killer cell,NK
ts_immune_all_0431,TSP7_LymphNode_inguinal_SS2_B134143_B133906_Stromal_A20,8358,TSP7,inguinal lymph node,natural killer cell,NK
ts_immune_all_0431,TSP7_LymphNodes_Inguinal_10X_1_1_TCACATTCAGGCAATG,321420,TSP7,inguinal lymph node,natural killer cell,NK
ts_immune_all_0431,TSP7_LymphNodes_Inguinal_10X_1_1_GTGCACGGTTTAGACC,320550,TSP7,inguinal lymph node,natural killer cell,NK
ts_immune_all_0431,TSP7_LymphNodes_Inguinal_10X_1_1_TTGAGTGTCTGTCCCA,323100,TSP7,inguinal lymph node,natural killer cell,NK
ts_immune_all_0431,TSP7_LymphNodes_Inguinal_10X_1_1_GACCGTGCAGCGGTTC,318846,TSP7,inguinal lymph node,natural killer cell,NK
ts_immune_all_0431,TSP7_LymphNode_inguinal_SS2_B134143_B133906_ImmuneLinNeg_N19,8548,TSP7,inguinal lymph node,natural killer cell,NK
ts_immune_all_0431,TSP7_LymphNodes_Inguinal_10X_1_1_TTCCTAAGTCCGCAGT,322966,TSP7,inguinal lymph node,natural killer cell,NK
ts_immune_all_0431,TSP7_LymphNodes_Inguinal_10X_1_1_AGCCAGCAGGACAGCT,315455,TSP7,inguinal lymph node,natural killer cell,NK
ts_immune_all_0431,TSP7_LymphNodes_Inguinal_10X_1_1_GTGGGAAGTCTTCATT,320636,TSP7,inguinal lymph node,natural killer cell,NK
ts_immune_all_0431,TSP7_LymphNodes_Inguinal_10X_1_1_TTAGGCAGTGGGTTGA,322829,TSP7,inguinal lymph node,natural killer cell,NK
ts_immune_all_0431,TSP7_LymphNode_inguinal_SS2_B134143_B133906_ImmuneLinNeg_N16,8417,TSP7,inguinal lymph node,natural killer cell,NK
ts_immune_all_0431,TSP7_LymphNodes_Inguinal_10X_1_1_GAGAGGTGTCTACTGA,318963,TSP7,inguinal lymph node,natural killer cell,NK
ts_immune_all_0431,TSP7_LymphNodes_Inguinal_10X_1_1_CATGGTAAGTACGAGC,317056,TSP7,inguinal lymph node,natural killer cell,NK
ts_immune_all_0431,TSP7_LymphNodes_Inguinal_10X_1_1_CCGAACGCAAGTATCC,317343,TSP7,inguinal lymph node,natural killer cell,NK
ts_immune_all_0431,TSP7_LymphNodes_Inguinal_10X_1_1_CGCGTGAGTCTACATG,317847,TSP7,inguinal lymph node,natural killer cell,NK
ts_immune_all_0431,TSP7_LymphNodes_Inguinal_10X_1_1_AAGTTCGAGAGCAGCT,314636,TSP7,inguinal lymph node,natural killer cell,NK
ts_immune_all_0431,TSP7_LymphNodes_Inguinal_10X_1_1_TACGGTAAGGTCCGAA,321085,TSP7,inguinal lymph node,natural killer cell,NK
ts_immune_all_0431,TSP7_LymphNodes_Inguinal_10X_1_1_TGAACGTTCGGACAAG,322128,TSP7,inguinal lymph node,natural killer cell,NK
ts_immune_all_0431,TSP7_LymphNodes_Inguinal_10X_1_1_CCTCAACAGTCACGAG,317495,TSP7,inguinal lymph node,natural killer cell,NK
ts_immune_all_0431,TSP7_LymphNodes_Inguinal_10X_1_1_AAGTTCGAGCAGCGAT,314638,TSP7,inguinal lymph node,natural killer cell,NK
ts_immune_all_0431,TSP7_LymphNodes_Inguinal_10X_1_1_ACCCAAAAGAGTGACC,314893,TSP7,inguinal lymph node,natural killer cell,NK
ts_immune_all_0431,TSP7_LymphNodes_Inguinal_10X_1_1_ACCGTTCAGCTGGCTC,314932,TSP7,inguinal lymph node,natural killer cell,NK
ts_immune_all_0431,TSP7_LymphNode_inguinal_SS2_B134143_B133906_ImmuneLinNeg_J7,8635,TSP7,inguinal lymph node,natural killer cell,NK
ts_immune_all_0431,TSP7_LymphNodes_Inguinal_10X_1_1_GGCTGTGGTTCAGCTA,319791,TSP7,inguinal lymph node,natural killer cell,NK
ts_immune_all_0431,TSP7_LymphNodes_Inguinal_10X_1_1_TGACGCGCATAATGCC,322172,TSP7,inguinal lymph node,natural killer cell,NK
ts_immune_all_0431,TSP7_LymphNode_inguinal_SS2_B134143_B133906_Stromal_A13,8640,TSP7,inguinal lymph node,natural killer cell,NK
ts_immune_all_0431,TSP7_LymphNodes_Inguinal_10X_1_1_TTCCACGGTCCGGACT,322934,TSP7,inguinal lymph node,natural killer cell,NK
ts_immune_all_0431,TSP7_LymphNodes_Inguinal_10X_1_1_TACCCACGTATCGAGG,321002,TSP7,inguinal lymph node,natural killer cell,NK
ts_immune_all_0431,TSP7_LymphNodes_Inguinal_10X_1_1_GGTGTTATCCGAGAAG,320093,TSP7,inguinal lymph node,natural killer cell,NK
ts_immune_all_0431,TSP7_LymphNodes_Inguinal_10X_1_1_TGTTGGACAGTAGAAT,322740,TSP7,inguinal lymph node,natural killer cell,NK
ts_immune_all_0431,TSP7_LymphNodes_Inguinal_10X_1_1_CAGATACAGTCGGCAA,316743,TSP7,inguinal lymph node,natural killer cell,NK
ts_immune_all_0431,TSP7_LymphNodes_Inguinal_10X_1_1_TACTGCCAGGTACTGG,321103,TSP7,inguinal lymph node,natural killer cell,NK
ts_immune_all_0431,TSP7_LymphNodes_Inguinal_10X_1_1_CTTCCTTCACTACCCT,318592,TSP7,inguinal lymph node,natural killer cell,NK
ts_immune_all_0431,TSP7_LymphNode_inguinal_SS2_B134154_B133916_Stromal_C13,7416,TSP7,inguinal lymph node,natural killer cell,NK
ts_immune_all_0431,TSP7_LymphNodes_Inguinal_10X_1_1_CGTGTCTAGTACCGGA,317990,TSP7,inguinal lymph node,natural killer cell,NK
ts_immune_all_0431,TSP7_LymphNodes_Inguinal_10X_1_1_GAGTCATTCCTCAGGG,319052,TSP7,inguinal lymph node,natural killer cell,NK
ts_immune_all_0431,TSP7_LymphNodes_Inguinal_10X_1_1_TATTTCGGTTGGACTT,321342,TSP7,inguinal lymph node,natural killer cell,NK
ts_immune_all_0431,TSP7_LymphNodes_Inguinal_10X_1_1_ACAAGCTGTTAACAGA,314770,TSP7,inguinal lymph node,natural killer cell,NK
ts_immune_all_0431,TSP7_LymphNodes_Inguinal_10X_1_1_AAGTACCAGTGCTCAT,314612,TSP7,inguinal lymph node,natural killer cell,NK
ts_immune_all_0431,TSP7_LymphNodes_Inguinal_10X_1_1_TCATGTTTCGTCTAAG,321589,TSP7,inguinal lymph node,natural killer cell,NK
ts_immune_all_0619,TSP14_LymphNode_NA_10X_1_1_5Prime_GTTAAGCGTTAAAGAC,171659,TSP14,lymph node,T cell,Memory_CD4
ts_immune_all_0619,TSP14_LymphNode_NA_10X_1_1_CCACGAGTCGAGCCAC,528250,TSP14,lymph node,T cell,Memory_CD4
ts_immune_all_0619,TSP14_LymphNode_NA_10X_2_1_TCGAACAAGTGGATAT,106312,TSP14,lymph node,T cell,Memory_CD4
ts_immune_all_0619,TSP14_LymphNode_NA_10X_2_1_CCGATGGGTTTGAACC,102825,TSP14,lymph node,T cell,Memory_CD4
ts_immune_all_0619,TSP14_LymphNode_NA_10X_2_1_5Prime_ATCATCTGTTATCACG,293193,TSP14,lymph node,T cell,Memory_CD4
ts_immune_all_0619,TSP14_LymphNode_NA_10X_2_1_CGAGGCTAGAACTTCC,103083,TSP14,lymph node,T cell,Memory_CD4
ts_immune_all_0619,TSP14_LymphNode_NA_10X_1_1_ATTTCACCAGGCACAA,527451,TSP14,lymph node,T cell,Memory_CD4
ts_immune_all_0619,TSP14_LymphNode_NA_10X_2_1_GGGTGAATCCACGTGG,104858,TSP14,lymph node,T cell,Memory_CD4
ts_immune_all_0619,TSP14_LymphNode_NA_10X_2_1_ACTTATCTCCGAAGGA,101111,TSP14,lymph node,T cell,Memory_CD4
ts_immune_all_0619,TSP14_LymphNode_NA_10X_2_1_CTAGGTATCCATATGG,103424,TSP14,lymph node,T cell,Memory_CD4
ts_immune_all_0619,TSP14_LymphNode_NA_10X_2_1_GCGGAAAGTGAGACGT,104516,TSP14,lymph node,T cell,Memory_CD4
ts_immune_all_0619,TSP14_LymphNode_NA_10X_1_1_TCCTCGAGTTGTCATG,532768,TSP14,lymph node,T cell,Memory_CD4
ts_immune_all_0619,TSP14_LymphNode_NA_10X_1_1_AACAGGGAGAAACACT,525374,TSP14,lymph node,T cell,Memory_CD4
ts_immune_all_0619,TSP14_LymphNode_NA_10X_1_1_CTTCAATCATCTATCT,529552,TSP14,lymph node,T cell,Memory_CD4
ts_immune_all_0619,TSP14_LymphNode_NA_10X_2_1_TTCTGTAGTGACCTGC,107332,TSP14,lymph node,T cell,Memory_CD4
ts_immune_all_0619,TSP14_LymphNode_NA_10X_1_1_CCACACTGTAACTAAG,528226,TSP14,lymph node,T cell,Memory_CD4
ts_immune_all_0619,TSP14_LymphNode_NA_10X_2_1_GGAGATGCAATGGCAG,104652,TSP14,lymph node,T cell,Memory_CD4
ts_immune_all_0619,TSP14_LymphNode_NA_10X_1_1_ACGGTCGCAATAGTCC,525993,TSP14,lymph node,T cell,Memory_CD4
ts_immune_all_0619,TSP14_LymphNode_NA_10X_1_1_CGCAGGTTCTAGGAAA,528744,TSP14,lymph node,T cell,Memory_CD4
ts_immune_all_0619,TSP14_LymphNode_NA_10X_2_1_5Prime_TACGGGCGTACCAGTT,296658,TSP14,lymph node,T cell,Memory_CD4
ts_immune_all_0619,TSP14_LymphNode_NA_10X_2_1_GTGATGTTCCTCTCTT,105305,TSP14,lymph node,T cell,Memory_CD4
ts_immune_all_0619,TSP14_LymphNode_NA_10X_2_1_5Prime_AAGGCAGTCCCACTTG,292263,TSP14,lymph node,T cell,Memory_CD4
ts_immune_all_0619,TSP14_LymphNode_NA_10X_2_1_GTAGAAAGTACAAACA,105049,TSP14,lymph node,T cell,Memory_CD4
ts_immune_all_0619,TSP14_LymphNode_NA_10X_2_1_CACGGGTAGGGCAACT,102250,TSP14,lymph node,T cell,Memory_CD4
ts_immune_all_0619,TSP14_LymphNode_NA_10X_1_1_TGCGGGTTCCTACTGC,533399,TSP14,lymph node,T cell,Memory_CD4
ts_immune_all_0619,TSP14_LymphNode_NA_10X_2_1_TCGGGTGCAGGCATTT,106409,TSP14,lymph node,T cell,Memory_CD4
ts_immune_all_0619,TSP14_LymphNode_NA_10X_2_1_GCCTGTTCAACACAAA,104496,TSP14,lymph node,T cell,Memory_CD4
ts_immune_all_0619,TSP14_LymphNode_NA_10X_2_1_ACCCTTGCATCCTATT,100896,TSP14,lymph node,T cell,Memory_CD4
ts_immune_all_0619,TSP14_LymphNode_NA_10X_1_1_ACGGGTCAGTGCACCC,525984,TSP14,lymph node,T cell,Memory_CD4
ts_immune_all_0619,TSP14_LymphNode_NA_10X_1_1_GTGATGTCAACAGCCC,531473,TSP14,lymph node,T cell,Memory_CD4
ts_immune_all_0619,TSP14_LymphNode_NA_10X_1_1_TTCTGTAAGCTAGCCC,534059,TSP14,lymph node,T cell,Memory_CD4
ts_immune_all_0619,TSP14_LymphNode_NA_10X_2_1_TCCTCGATCTTACGTT,106266,TSP14,lymph node,T cell,Memory_CD4
ts_immune_all_0619,TSP14_LymphNode_NA_10X_1_1_GACAGCCGTATGAGCG,529784,TSP14,lymph node,T cell,Memory_CD4
ts_immune_all_0619,TSP14_LymphNode_NA_10X_1_1_ATCCCTGAGGGCAACT,527027,TSP14,lymph node,T cell,Memory_CD4
ts_immune_all_0619,TSP14_LymphNode_NA_10X_1_1_AAAGTCCCAAAGACTA,525309,TSP14,lymph node,T cell,Memory_CD4
ts_immune_all_0619,TSP14_LymphNode_NA_10X_1_1_CTGAGCGCATCATCCC,529349,TSP14,lymph node,T cell,Memory_CD4
ts_immune_all_0619,TSP14_LymphNode_NA_10X_1_1_AGTAGCTTCACGGACC,526775,TSP14,lymph node,T cell,Memory_CD4
ts_immune_all_0619,TSP14_LymphNode_NA_10X_2_1_GACCCTTAGAGCACTG,103969,TSP14,lymph node,T cell,Memory_CD4
ts_immune_all_0619,TSP14_LymphNode_NA_10X_1_1_TGCCGAGGTGGCTGAA,533351,TSP14,lymph node,T cell,Memory_CD4
ts_immune_all_0619,TSP14_LymphNode_NA_10X_1_1_ATTTCTGAGTATTGCC,527460,TSP14,lymph node,T cell,Memory_CD4
ts_immune_all_0619,TSP14_LymphNode_NA_10X_1_1_AGCGATTGTCACTCAA,526451,TSP14,lymph node,T cell,Memory_CD4
ts_immune_all_0619,TSP14_LymphNode_NA_10X_1_1_AGGCATTGTGTCCGTG,526607,TSP14,lymph node,T cell,Memory_CD4
ts_immune_all_0619,TSP14_LymphNode_NA_10X_1_1_CATTGTTAGGTTTGAA,528153,TSP14,lymph node,T cell,Memory_CD4
ts_immune_all_0619,TSP14_LymphNode_NA_10X_2_1_AAAGAACCAGTTCACA,100441,TSP14,lymph node,T cell,Memory_CD4
ts_immune_all_0619,TSP14_LymphNode_NA_10X_2_1_TCTTTGATCCGCATAA,106560,TSP14,lymph node,T cell,Memory_CD4
ts_immune_all_0619,TSP14_LymphNode_NA_10X_1_1_ATCAGGTCAGACCAGA,526990,TSP14,lymph node,T cell,Memory_CD4
ts_immune_all_0619,TSP14_LymphNode_NA_10X_2_1_5Prime_CACCACTAGCACAGGT,293573,TSP14,lymph node,T cell,Memory_CD4
ts_immune_all_0619,TSP14_LymphNode_NA_10X_2_1_5Prime_ATCACGAAGTCAAGCG,293173,TSP14,lymph node,T cell,Memory_CD4
ts_immune_all_0619,TSP14_LymphNode_NA_10X_1_1_CATGCCTCACAACCGC,528058,TSP14,lymph node,T cell,Memory_CD4
ts_immune_all_0619,TSP14_LymphNode_NA_10X_2_1_AGTGATCCAAACAGGC,101608,TSP14,lymph node,T cell,Memory_CD4
ts_immune_all_0617,TSP13_BM_vertebralbody_SS2_B133713_B134048_Endothelial_G13,1501,TSP13,bone marrow,neutrophil,Neutrophil
ts_immune_all_0617,TSP13_BM_vertebralbody_SS2_B133713_B134048_Endothelial_D16,1408,TSP13,bone marrow,neutrophil,Neutrophil
ts_immune_all_0617,TSP13_BM_vertebralbody_SS2_B133713_B134048_Endothelial_O20,1585,TSP13,bone marrow,neutrophil,Neutrophil
ts_immune_all_0617,TSP13_BM_vertebralbody_SS2_B133713_B134048_Endothelial_O21,1576,TSP13,bone marrow,neutrophil,Neutrophil
ts_immune_all_0617,TSP13_BM_vertebralbody_SS2_B133713_B134048_Endothelial_I20,1595,TSP13,bone marrow,neutrophil,Neutrophil
ts_immune_all_0617,TSP13_BM_vertebralbody_SS2_B133713_B134048_Endothelial_J21,1584,TSP13,bone marrow,neutrophil,Neutrophil
ts_immune_all_0617,TSP13_BM_vertebralbody_SS2_B133713_B134048_Endothelial_E6,1485,TSP13,bone marrow,neutrophil,Neutrophil
ts_immune_all_0617,TSP13_BM_vertebralbody_SS2_B133713_B134048_Endothelial_J16,1458,TSP13,bone marrow,neutrophil,Neutrophil
ts_immune_all_0617,TSP13_BM_vertebralbody_SS2_B133713_B134048_Endothelial_D10,1430,TSP13,bone marrow,neutrophil,Neutrophil
ts_immune_all_0617,TSP13_BM_vertebralbody_SS2_B133713_B134048_Endothelial_K14,1467,TSP13,bone marrow,neutrophil,Neutrophil
ts_immune_all_0617,TSP13_BM_vertebralbody_SS2_B133713_B134048_Endothelial_G10,1473,TSP13,bone marrow,neutrophil,Neutrophil
ts_immune_all_0617,TSP13_BM_vertebralbody_SS2_B133713_B134048_Endothelial_I14,1544,TSP13,bone marrow,neutrophil,Neutrophil
ts_immune_all_0617,TSP13_BM_vertebralbody_SS2_B133713_B134048_Endothelial_O12,1466,TSP13,bone marrow,neutrophil,Neutrophil
ts_immune_all_0617,TSP13_BM_vertebralbody_SS2_B133713_B134048_Endothelial_M14,1565,TSP13,bone marrow,neutrophil,Neutrophil
ts_immune_all_0617,TSP13_BM_vertebralbody_SS2_B133713_B134048_Endothelial_P18,1538,TSP13,bone marrow,neutrophil,Neutrophil
ts_immune_all_0617,TSP13_BM_vertebralbody_SS2_B133713_B134048_Endothelial_K16,1558,TSP13,bone marrow,neutrophil,Neutrophil
ts_immune_all_0617,TSP13_BM_vertebralbody_SS2_B133713_B134048_Endothelial_P20,1541,TSP13,bone marrow,neutrophil,Neutrophil
ts_immune_all_0617,TSP13_BM_vertebralbody_SS2_B133713_B134048_Endothelial_I18,1567,TSP13,bone marrow,neutrophil,Neutrophil
ts_immune_all_0617,TSP13_BM_vertebralbody_SS2_B133713_B134048_Endothelial_L21,1409,TSP13,bone marrow,neutrophil,Neutrophil
ts_immune_all_0617,TSP13_BM_vertebralbody_SS2_B133713_B134048_Endothelial_F5,1504,TSP13,bone marrow,neutrophil,Neutrophil
ts_immune_all_0617,TSP13_BM_vertebralbody_SS2_B133713_B134048_Endothelial_N19,1423,TSP13,bone marrow,neutrophil,Neutrophil
ts_immune_all_0617,TSP13_BM_vertebralbody_SS2_B133712_B134041_Immune_O15,1657,TSP13,bone marrow,neutrophil,Neutrophil
ts_immune_all_0617,TSP13_BM_vertebralbody_SS2_B133713_B134048_Endothelial_G14,1537,TSP13,bone marrow,neutrophil,Neutrophil
ts_immune_all_0617,TSP13_BM_vertebralbody_SS2_B133713_B134048_Endothelial_O13,1468,TSP13,bone marrow,neutrophil,Neutrophil
ts_immune_all_0617,TSP13_BM_vertebralbody_SS2_B133713_B134048_Endothelial_H9,1547,TSP13,bone marrow,neutrophil,Neutrophil
ts_immune_all_0617,TSP13_BM_vertebralbody_SS2_B133713_B134048_Endothelial_J20,1554,TSP13,bone marrow,neutrophil,Neutrophil
ts_immune_all_0617,TSP13_BM_vertebralbody_SS2_B133713_B134048_Endothelial_L15,1587,TSP13,bone marrow,neutrophil,Neutrophil
ts_immune_all_0617,TSP13_BM_vertebralbody_SS2_B133713_B134048_Endothelial_M18,1490,TSP13,bone marrow,neutrophil,Neutrophil
ts_immune_all_0617,TSP13_BM_vertebralbody_SS2_B133713_B134048_Endothelial_K21,1442,TSP13,bone marrow,neutrophil,Neutrophil
ts_immune_all_0617,TSP13_BM_vertebralbody_SS2_B133713_B134048_Endothelial_N15,1521,TSP13,bone marrow,neutrophil,Neutrophil
ts_immune_all_0617,TSP13_BM_vertebralbody_SS2_B133713_B134048_Endothelial_M13,1557,TSP13,bone marrow,neutrophil,Neutrophil
ts_immune_all_0617,TSP13_BM_vertebralbody_SS2_B133712_B134041_Immune_N7,1615,TSP13,bone marrow,neutrophil,Neutrophil
ts_immune_all_0617,TSP13_BM_vertebralbody_SS2_B133713_B134048_Endothelial_I13,1569,TSP13,bone marrow,neutrophil,Neutrophil
ts_immune_all_0617,TSP13_BM_vertebralbody_SS2_B133713_B134048_Endothelial_F21,1577,TSP13,bone marrow,neutrophil,Neutrophil
ts_immune_all_0617,TSP13_BM_vertebralbody_SS2_B133713_B134048_Endothelial_P19,1553,TSP13,bone marrow,neutrophil,Neutrophil
ts_immune_all_0617,TSP13_BM_vertebralbody_SS2_B133713_B134048_Endothelial_L7,1536,TSP13,bone marrow,neutrophil,Neutrophil
ts_immune_all_0617,TSP13_BM_vertebralbody_SS2_B133713_B134048_Endothelial_P22,1478,TSP13,bone marrow,neutrophil,Neutrophil
ts_immune_all_0617,TSP13_BM_vertebralbody_SS2_B133713_B134048_Endothelial_J15,1449,TSP13,bone marrow,neutrophil,Neutrophil
ts_immune_all_0617,TSP13_BM_vertebralbody_SS2_B133713_B134048_Endothelial_C7,1477,TSP13,bone marrow,neutrophil,Neutrophil
ts_immune_all_0617,TSP13_BM_vertebralbody_SS2_B133713_B134048_Endothelial_P13,1525,TSP13,bone marrow,neutrophil,Neutrophil
ts_immune_all_0617,TSP13_BM_vertebralbody_SS2_B133713_B134048_Endothelial_K18,1419,TSP13,bone marrow,neutrophil,Neutrophil
ts_immune_all_0617,TSP13_BM_vertebralbody_SS2_B133713_B134048_Endothelial_B10,1589,TSP13,bone marrow,neutrophil,Neutrophil
ts_immune_all_0617,TSP13_BM_vertebralbody_SS2_B133713_B134048_Endothelial_E11,1530,TSP13,bone marrow,neutrophil,Neutrophil
ts_immune_all_0617,TSP13_BM_vertebralbody_SS2_B133713_B134048_Endothelial_L18,1405,TSP13,bone marrow,neutrophil,Neutrophil
ts_immune_all_0617,TSP13_BM_vertebralbody_SS2_B133713_B134048_Endothelial_M20,1406,TSP13,bone marrow,neutrophil,Neutrophil
ts_immune_all_0617,TSP13_BM_vertebralbody_SS2_B133712_B134041_Immune_M15,1625,TSP13,bone marrow,neutrophil,Neutrophil
ts_immune_all_0617,TSP13_BM_vertebralbody_SS2_B133713_B134048_Endothelial_D18,1444,TSP13,bone marrow,neutrophil,Neutrophil
ts_immune_all_0617,TSP13_BM_vertebralbody_SS2_B133713_B134048_Endothelial_H7,1563,TSP13,bone marrow,neutrophil,Neutrophil
ts_immune_all_0617,TSP13_BM_vertebralbody_SS2_B133713_B134048_Endothelial_J17,1506,TSP13,bone marrow,neutrophil,Neutrophil
ts_immune_all_0617,TSP13_BM_vertebralbody_SS2_B133713_B134048_Endothelial_N20,1559,TSP13,bone marrow,neutrophil,Neutrophil
ts_immune_all_1062,TSP21_Uterus_Endometrium_10X_1_1_GCACGTGGTGAGGCAT,188556,TSP21,endometrium,natural killer cell,NK
ts_immune_all_1062,TSP21_Uterus_Endometrium_10X_1_1_CTGTGGGCAAGAGCTG,188456,TSP21,endometrium,natural killer cell,NK
ts_immune_all_1062,TSP21_Uterus_Endometrium_10X_1_1_AAACGAAAGACGGTCA,188018,TSP21,endometrium,natural killer cell,NK
ts_immune_all_1062,TSP21_Uterus_Endometrium_10X_1_1_TTCTGTACACCCTAGG,189001,TSP21,endometrium,natural killer cell,NK
ts_immune_all_1062,TSP21_Uterus_Endometrium_10X_1_1_GTTGTGACAGCCTTCT,188717,TSP21,endometrium,natural killer cell,NK
ts_immune_all_1062,TSP21_Uterus_Endometrium_10X_1_1_TTACAGGAGCGTCTCG,188963,TSP21,endometrium,natural killer cell,NK
ts_immune_all_1062,TSP21_Uterus_Endometrium_10X_1_1_TGGAACTTCAATCAGC,188923,TSP21,endometrium,natural killer cell,NK
ts_immune_all_1062,TSP21_Uterus_Endometrium_10X_1_1_CCGTAGGGTCTTCATT,188342,TSP21,endometrium,natural killer cell,NK
ts_immune_all_1062,TSP21_Uterus_Endometrium_10X_1_1_GTGTGATGTTAAGACA,188696,TSP21,endometrium,natural killer cell,NK
ts_immune_all_1062,TSP21_Uterus_Endometrium_10X_1_1_CCTCACAGTTACCTTT,188355,TSP21,endometrium,natural killer cell,NK
ts_immune_all_1062,TSP21_Uterus_Endometrium_10X_1_1_CCACGTTCACACCGAC,188314,TSP21,endometrium,natural killer cell,NK
ts_immune_all_1062,TSP21_Uterus_Endometrium_10X_1_1_TTTCGATAGAGTCGAC,189034,TSP21,endometrium,natural killer cell,NK
ts_immune_all_1062,TSP21_Uterus_Endometrium_10X_1_1_AGACACTTCCAACCGG,188115,TSP21,endometrium,natural killer cell,NK
ts_immune_all_1062,TSP21_Uterus_Endometrium_10X_1_1_TACATTCGTAGACAAT,188740,TSP21,endometrium,natural killer cell,NK
ts_immune_all_1062,TSP21_Uterus_Endometrium_10X_1_1_ACTGTGACAGACGATG,188102,TSP21,endometrium,natural killer cell,NK
ts_immune_all_1062,TSP21_Uterus_Endometrium_10X_1_1_GTTGTGACAGCGTTGC,188718,TSP21,endometrium,natural killer cell,NK
ts_immune_all_1062,TSP21_Uterus_Endometrium_10X_1_1_CACACAACAGGGATAC,188251,TSP21,endometrium,natural killer cell,NK
ts_immune_all_1062,TSP21_Uterus_Endometrium_10X_1_1_GGGTCTGCAACCGCCA,188628,TSP21,endometrium,natural killer cell,NK
ts_immune_all_1062,TSP21_Uterus_Endometrium_10X_1_1_CTTCAATGTCACGTGC,188459,TSP21,endometrium,natural killer cell,NK
ts_immune_all_1062,TSP21_Uterus_Endometrium_10X_1_1_GGGATGAAGGGCCAAT,188617,TSP21,endometrium,natural killer cell,NK
ts_immune_all_1062,TSP21_Uterus_Endometrium_10X_1_1_GCTTTCGTCAGGTAAA,188587,TSP21,endometrium,natural killer cell,NK
ts_immune_all_1062,TSP21_Uterus_Endometrium_10X_1_1_CAGATTGCATTGGGAG,188273,TSP21,endometrium,natural killer cell,NK
ts_immune_all_1062,TSP21_Uterus_Endometrium_10X_1_1_AAGTTCGAGGTACAGC,188053,TSP21,endometrium,natural killer cell,NK
ts_immune_all_1062,TSP21_Uterus_Endometrium_10X_1_1_TGGAACTGTTTCACAG,188922,TSP21,endometrium,natural killer cell,NK
ts_immune_all_1062,TSP21_Uterus_Endometrium_10X_1_1_CGGGACTGTACAGCGA,188393,TSP21,endometrium,natural killer cell,NK
ts_immune_all_1062,TSP21_Uterus_Endometrium_10X_1_1_TTTCAGTAGCAATTCC,189030,TSP21,endometrium,natural killer cell,NK
ts_immune_all_1062,TSP21_Uterus_Endometrium_10X_1_1_TATCAGGGTGGTCCCA,188773,TSP21,endometrium,natural killer cell,NK
ts_immune_all_1062,TSP21_Uterus_Endometrium_10X_1_1_AGCGATTCACTCTGCT,188135,TSP21,endometrium,natural killer cell,NK
ts_immune_all_1062,TSP21_Uterus_Endometrium_10X_1_1_CCCGAAGAGTTCCTGA,188321,TSP21,endometrium,natural killer cell,NK
ts_immune_all_1062,TSP21_Uterus_Endometrium_10X_1_1_AAAGAACTCATTCGGA,188024,TSP21,endometrium,natural killer cell,NK
ts_immune_all_1062,TSP21_Uterus_Endometrium_10X_1_1_TGCGGGTCAAGCTCTA,188913,TSP21,endometrium,natural killer cell,NK
ts_immune_all_1062,TSP21_Uterus_Endometrium_10X_1_1_CATGAGTCAGACAATA,188297,TSP21,endometrium,natural killer cell,NK
ts_immune_all_1062,TSP21_Uterus_Endometrium_10X_1_1_CCTCTAGCAGCGAACA,188361,TSP21,endometrium,natural killer cell,NK
ts_immune_all_1062,TSP21_Uterus_Endometrium_10X_1_1_TATCTTGAGCTGAAAT,188778,TSP21,endometrium,natural killer cell,NK
ts_immune_all_1062,TSP21_Uterus_Endometrium_10X_1_1_GTAATGCCACAGTACT,188650,TSP21,endometrium,natural killer cell,NK
ts_immune_all_1062,TSP21_Uterus_Endometrium_10X_1_1_GGAAGTGGTGGTGATG,188590,TSP21,endometrium,natural killer cell,NK
ts_immune_all_1062,TSP21_Uterus_Endometrium_10X_1_1_CGAAGTTCAATGTTGC,188367,TSP21,endometrium,natural killer cell,NK
ts_immune_all_1062,TSP21_Uterus_Endometrium_10X_1_1_CTCAGAAAGGTCTACT,188422,TSP21,endometrium,natural killer cell,NK
ts_immune_all_1062,TSP21_Uterus_Endometrium_10X_1_1_GAGTTACAGGCGCTTC,188520,TSP21,endometrium,natural killer cell,NK
ts_immune_all_1062,TSP21_Uterus_Endometrium_10X_1_1_GATAGAAAGGAGAATG,188527,TSP21,endometrium,natural killer cell,NK
ts_immune_all_1062,TSP21_Uterus_Endometrium_10X_1_1_CCACGTTTCAGCGCGT,188315,TSP21,endometrium,natural killer cell,NK
ts_immune_all_1062,TSP21_Uterus_Endometrium_10X_1_1_TACGGTAGTGAAGCGT,188750,TSP21,endometrium,natural killer cell,NK
ts_immune_all_1062,TSP21_Uterus_Endometrium_10X_1_1_CCGTAGGTCACCACAA,188343,TSP21,endometrium,natural killer cell,NK
ts_immune_all_1062,TSP21_Uterus_Endometrium_10X_1_1_AGACCCGAGGTAAACT,188120,TSP21,endometrium,natural killer cell,NK
ts_immune_all_1062,TSP21_Uterus_Endometrium_10X_1_1_CCGGTGATCGCCATAA,188340,TSP21,endometrium,natural killer cell,NK
ts_immune_all_1062,TSP21_Uterus_Endometrium_10X_1_1_GGGTCACTCTCGACGG,188627,TSP21,endometrium,natural killer cell,NK
ts_immune_all_1062,TSP21_Uterus_Endometrium_10X_1_1_ATCACAGTCCATCCGT,188196,TSP21,endometrium,natural killer cell,NK
ts_immune_all_1062,TSP21_Uterus_Endometrium_10X_1_1_CAGATTGGTCTCGGAC,188274,TSP21,endometrium,natural killer cell,NK
ts_immune_all_1062,TSP21_Uterus_Endometrium_10X_1_1_CGGAACCGTCCATACA,188387,TSP21,endometrium,natural killer cell,NK
ts_immune_all_1062,TSP21_Uterus_Endometrium_10X_1_1_ATGCGATTCACCGCTT,188223,TSP21,endometrium,natural killer cell,NK
ts_immune_all_0840,TSP14_Thymus_NA_10X_1_1_TTTACTGCATCGAGCC,478110,TSP14,thymus,thymocyte,DN_T
ts_immune_all_0840,TSP14_Thymus_NA_SS2_B134021_D102002_Immune_K23,12008,TSP14,thymus,thymocyte,DN_T
ts_immune_all_0840,TSP14_Thymus_NA_SS2_B134021_D102002_Immune_P23,12073,TSP14,thymus,thymocyte,DN_T
ts_immune_all_0840,TSP14_Thymus_NA_10X_1_1_5Prime_GGAACTTTCAGTGTTG,47099,TSP14,thymus,thymocyte,DN_T
ts_immune_all_0840,TSP14_Thymus_NA_10X_1_1_5Prime_AAACCTGGTCTCTTAT,43744,TSP14,thymus,thymocyte,DN_T
ts_immune_all_0840,TSP14_Thymus_NA_SS2_B134021_D102002_Immune_I20,12034,TSP14,thymus,thymocyte,DN_T
ts_immune_all_0840,TSP14_Thymus_NA_SS2_B134021_D102002_Immune_P3,11978,TSP14,thymus,thymocyte,DN_T
ts_immune_all_0840,TSP14_Thymus_NA_10X_1_1_5Prime_CATATGGGTAGGAGTC,45225,TSP14,thymus,thymocyte,DN_T
ts_immune_all_0840,TSP14_Thymus_NA_10X_1_1_5Prime_AGTGGGACAATGCCAT,44646,TSP14,thymus,thymocyte,DN_T
ts_immune_all_0840,TSP14_Thymus_NA_SS2_B134021_D102002_Immune_N18,12044,TSP14,thymus,thymocyte,DN_T
ts_immune_all_0840,TSP14_Thymus_NA_SS2_B134021_D102002_Immune_M21,12016,TSP14,thymus,thymocyte,DN_T
ts_immune_all_0840,TSP14_Thymus_NA_10X_1_1_5Prime_CATTATCCAAATTGCC,45323,TSP14,thymus,thymocyte,DN_T
ts_immune_all_0840,TSP14_Thymus_NA_10X_1_1_TGTTCCGTCGGACGTC,477837,TSP14,thymus,thymocyte,DN_T
ts_immune_all_0840,TSP14_Thymus_NA_SS2_B134021_D102002_Immune_G22,12036,TSP14,thymus,thymocyte,DN_T
ts_immune_all_0840,TSP14_Thymus_NA_10X_1_1_5Prime_ATGGGAGCAGTAACGG,44817,TSP14,thymus,thymocyte,DN_T
ts_immune_all_0840,TSP14_Thymus_NA_10X_1_1_5Prime_GTTAAGCTCAATAAGG,47656,TSP14,thymus,thymocyte,DN_T
ts_immune_all_0840,TSP14_Thymus_NA_10X_1_1_5Prime_CGCCAAGCAATCCAAC,45710,TSP14,thymus,thymocyte,DN_T
ts_immune_all_0840,TSP14_Thymus_NA_10X_1_1_5Prime_CACCAGGTCACGGTTA,45070,TSP14,thymus,thymocyte,DN_T
ts_immune_all_0840,TSP14_Thymus_NA_10X_1_1_TGATTCTTCAGCCTCT,477624,TSP14,thymus,thymocyte,DN_T
ts_immune_all_0840,TSP14_Thymus_NA_10X_1_1_5Prime_TACGGGCCAGTATCTG,47802,TSP14,thymus,thymocyte,DN_T
ts_immune_all_0840,TSP14_Thymus_NA_SS2_B134021_D102002_Immune_C23,12027,TSP14,thymus,thymocyte,DN_T
ts_immune_all_0840,TSP14_Thymus_NA_SS2_B134021_D102002_Immune_C22,12047,TSP14,thymus,thymocyte,DN_T
ts_immune_all_0840,TSP14_Thymus_NA_10X_1_1_5Prime_AGCCTAATCCGTCATC,44468,TSP14,thymus,thymocyte,DN_T
ts_immune_all_0840,TSP14_Thymus_NA_SS2_B134021_D102002_Immune_N2,11997,TSP14,thymus,thymocyte,DN_T
ts_immune_all_0840,TSP14_Thymus_NA_SS2_B134021_D102002_Immune_C15,12078,TSP14,thymus,thymocyte,DN_T
ts_immune_all_0840,TSP14_Thymus_NA_SS2_B134021_D102002_Immune_P10,12072,TSP14,thymus,thymocyte,DN_T
ts_immune_all_0840,TSP14_Thymus_NA_10X_1_1_5Prime_TTTGCGCGTCACTTCC,48807,TSP14,thymus,thymocyte,DN_T
ts_immune_all_0840,TSP14_Thymus_NA_10X_1_1_5Prime_TACTCGCAGCGTAGTG,47828,TSP14,thymus,thymocyte,DN_T
ts_immune_all_0840,TSP14_Thymus_NA_10X_1_1_5Prime_CATGCCTCACGGCCAT,45307,TSP14,thymus,thymocyte,DN_T
ts_immune_all_0840,TSP14_Thymus_NA_10X_1_1_5Prime_ACTATCTCATTCGACA,44271,TSP14,thymus,thymocyte,DN_T
ts_immune_all_0840,TSP14_Thymus_NA_10X_1_1_5Prime_GTTACAGGTCCAGTTA,47670,TSP14,thymus,thymocyte,DN_T
ts_immune_all_0840,TSP14_Thymus_NA_10X_1_1_TAGATCGAGGGTGAAA,477081,TSP14,thymus,thymocyte,DN_T
ts_immune_all_0840,TSP14_Thymus_NA_SS2_B134021_D102002_Immune_I23,12029,TSP14,thymus,thymocyte,DN_T
ts_immune_all_0840,TSP14_Thymus_NA_10X_1_1_5Prime_AAGGTTCTCTAACCGA,43952,TSP14,thymus,thymocyte,DN_T
ts_immune_all_0840,TSP14_Thymus_NA_10X_1_1_5Prime_CATCAAGGTTCCATGA,45248,TSP14,thymus,thymocyte,DN_T
ts_immune_all_0840,TSP14_Thymus_NA_10X_1_1_5Prime_CCTACCACAGTATAAG,45514,TSP14,thymus,thymocyte,DN_T
ts_immune_all_0840,TSP14_Thymus_NA_10X_1_1_5Prime_TGGGCGTCACGTTGGC,48458,TSP14,thymus,thymocyte,DN_T
ts_immune_all_0840,TSP14_Thymus_NA_SS2_B134021_D102002_Immune_O8,11987,TSP14,thymus,thymocyte,DN_T
ts_immune_all_0840,TSP14_Thymus_NA_10X_1_1_5Prime_TCAATCTGTCTAAACC,47972,TSP14,thymus,thymocyte,DN_T
ts_immune_all_0840,TSP14_Thymus_NA_10X_1_1_5Prime_TAGGCATCACTATCTT,47893,TSP14,thymus,thymocyte,DN_T
ts_immune_all_0840,TSP14_Thymus_NA_SS2_B134021_D102002_Immune_H13,11994,TSP14,thymus,thymocyte,DN_T
ts_immune_all_0840,TSP14_Thymus_NA_10X_1_1_5Prime_AGCATACCACGAGGTA,44454,TSP14,thymus,thymocyte,DN_T
ts_immune_all_0840,TSP14_Thymus_NA_10X_1_1_5Prime_GTCATTTGTAACGTTC,47523,TSP14,thymus,thymocyte,DN_T
ts_immune_all_0840,TSP14_Thymus_NA_10X_1_1_5Prime_AACTCTTAGATGCCTT,43864,TSP14,thymus,thymocyte,DN_T
ts_immune_all_0840,TSP14_Thymus_NA_SS2_B134021_D102002_Immune_P16,12105,TSP14,thymus,thymocyte,DN_T
ts_immune_all_0840,TSP14_Thymus_NA_SS2_B134021_D102002_Immune_I22,12000,TSP14,thymus,thymocyte,DN_T
ts_immune_all_0840,TSP14_Thymus_NA_SS2_B134021_D102002_Immune_N21,12025,TSP14,thymus,thymocyte,DN_T
ts_immune_all_0840,TSP14_Thymus_NA_10X_1_1_GTCGCGACAGACACCC,476720,TSP14,thymus,thymocyte,DN_T
ts_immune_all_0840,TSP14_Thymus_NA_SS2_B134021_D102002_Immune_N19,11976,TSP14,thymus,thymocyte,DN_T
ts_immune_all_0840,TSP14_Thymus_NA_10X_1_1_5Prime_TGCCAAAAGGCCATAG,48335,TSP14,thymus,thymocyte,DN_T
ts_immune_all_0504,TSP8_Prostate_NA_10X_1_1_ATCCCTGTCATCGCCT,534662,TSP8,prostate gland,erythrocyte,Erythrocyte
ts_immune_all_0504,TSP8_Prostate_NA_10X_1_2_CTTCTCTTCCAGCTCT,51187,TSP8,prostate gland,erythrocyte,Erythrocyte
ts_immune_all_0504,TSP8_Prostate_NA_10X_1_1_GGTTAACCACTCTCGT,535250,TSP8,prostate gland,erythrocyte,Erythrocyte
ts_immune_all_0504,TSP8_Prostate_NA_10X_1_2_TACGCTCAGCAAATCA,51385,TSP8,prostate gland,erythrocyte,Erythrocyte
ts_immune_all_0504,TSP8_Prostate_NA_10X_1_2_CTCCCAACAATGCTCA,51140,TSP8,prostate gland,erythrocyte,Erythrocyte
ts_immune_all_0504,TSP8_Prostate_NA_10X_1_1_TGGATCAGTAGATTAG,535615,TSP8,prostate gland,erythrocyte,Erythrocyte
ts_immune_all_0504,TSP8_Prostate_NA_10X_1_1_TCGGTCTGTGTGACCC,535524,TSP8,prostate gland,erythrocyte,Erythrocyte
ts_immune_all_0504,TSP8_Prostate_NA_10X_1_1_TCAAGCATCAAGATAG,535426,TSP8,prostate gland,erythrocyte,Erythrocyte
ts_immune_all_0504,TSP8_Prostate_NA_10X_1_1_AACCAACGTGTGGTCC,534427,TSP8,prostate gland,erythrocyte,Erythrocyte
ts_immune_all_0504,TSP8_Prostate_NA_10X_1_2_ATTCAGGCACCGGCTA,50944,TSP8,prostate gland,erythrocyte,Erythrocyte
ts_immune_all_0504,TSP8_Prostate_NA_10X_1_2_CGGGACTGTGACGCCT,51102,TSP8,prostate gland,erythrocyte,Erythrocyte
ts_immune_all_0504,TSP8_Prostate_NA_10X_1_1_GTTCCGTTCAAGCCCG,535349,TSP8,prostate gland,erythrocyte,Erythrocyte
ts_immune_all_0504,TSP8_Prostate_NA_10X_1_2_ACCAACAGTAAGATAC,50803,TSP8,prostate gland,erythrocyte,Erythrocyte
ts_immune_all_0504,TSP8_Prostate_NA_10X_1_2_GACCCTTTCGAACCAT,51209,TSP8,prostate gland,erythrocyte,Erythrocyte
ts_immune_all_0504,TSP8_Prostate_NA_10X_1_1_ATTCCTAGTAGGTCAG,534710,TSP8,prostate gland,erythrocyte,Erythrocyte
ts_immune_all_0504,TSP8_Prostate_NA_10X_1_2_AACCATGGTTCTCGTC,50761,TSP8,prostate gland,erythrocyte,Erythrocyte
ts_immune_all_0504,TSP8_Prostate_NA_10X_1_2_CATTCATTCATCACTT,51025,TSP8,prostate gland,erythrocyte,Erythrocyte
ts_immune_all_0504,TSP8_Prostate_NA_10X_1_1_TCCATCGAGCTACGTT,535478,TSP8,prostate gland,erythrocyte,Erythrocyte
ts_immune_all_0504,TSP8_Prostate_NA_10X_1_1_GCACGGTTCTGGGCAC,535133,TSP8,prostate gland,erythrocyte,Erythrocyte
ts_immune_all_0504,TSP8_Prostate_NA_10X_1_1_GATGACTAGATGTAGT,535111,TSP8,prostate gland,erythrocyte,Erythrocyte
ts_immune_all_0504,TSP8_Prostate_NA_10X_1_1_TAGGAGGCAAGTATCC,535406,TSP8,prostate gland,erythrocyte,Erythrocyte
ts_immune_all_0504,TSP8_Prostate_NA_10X_1_2_ACGCACGCATACTTTC,50818,TSP8,prostate gland,erythrocyte,Erythrocyte
ts_immune_all_0504,TSP8_Prostate_NA_10X_1_1_TTACTGTGTGAGTTTC,535664,TSP8,prostate gland,erythrocyte,Erythrocyte
ts_immune_all_0504,TSP8_Prostate_NA_10X_1_1_TCATATCCAAATGCTC,535462,TSP8,prostate gland,erythrocyte,Erythrocyte
ts_immune_all_0504,TSP8_Prostate_NA_10X_1_1_CAGCAGCGTACGAAAT,534775,TSP8,prostate gland,erythrocyte,Erythrocyte
ts_immune_all_0504,TSP8_Prostate_NA_10X_1_2_CGGGTCACAAGGCAAC,51103,TSP8,prostate gland,erythrocyte,Erythrocyte
ts_immune_all_0504,TSP8_Prostate_NA_10X_1_1_GCTACAACATGGGTCC,535179,TSP8,prostate gland,erythrocyte,Erythrocyte
ts_immune_all_0504,TSP8_Prostate_NA_10X_1_1_AGAGCCCCAATACCTG,534570,TSP8,prostate gland,erythrocyte,Erythrocyte
ts_immune_all_0504,TSP8_Prostate_NA_10X_1_1_GCCGATGCACGATAGG,535164,TSP8,prostate gland,erythrocyte,Erythrocyte
ts_immune_all_0504,TSP8_Prostate_NA_10X_1_1_TGCTGAATCCAGTACA,535602,TSP8,prostate gland,erythrocyte,Erythrocyte
ts_immune_all_0504,TSP8_Prostate_NA_10X_1_1_GCGAGAACAACTGATC,535170,TSP8,prostate gland,erythrocyte,Erythrocyte
ts_immune_all_0504,TSP8_Prostate_NA_10X_1_2_TCATTTGAGGTCGACA,51441,TSP8,prostate gland,erythrocyte,Erythrocyte
ts_immune_all_0504,TSP8_Prostate_NA_10X_1_1_ATTCACTGTAGAATGT,534704,TSP8,prostate gland,erythrocyte,Erythrocyte
ts_immune_all_0504,TSP8_Prostate_NA_10X_1_1_AACCCAAGTTACCTTT,534438,TSP8,prostate gland,erythrocyte,Erythrocyte
ts_immune_all_0504,TSP8_Prostate_NA_10X_1_1_TCCGGGACAAGCACCC,535490,TSP8,prostate gland,erythrocyte,Erythrocyte
ts_immune_all_0504,TSP8_Prostate_NA_10X_1_1_CGGAATTAGCCTGTCG,534913,TSP8,prostate gland,erythrocyte,Erythrocyte
ts_immune_all_0504,TSP8_Prostate_NA_10X_1_1_TTAGGCATCCCAGGAC,535667,TSP8,prostate gland,erythrocyte,Erythrocyte
ts_immune_all_0504,TSP8_Prostate_NA_10X_1_1_GTTACGACATCGTGCG,535341,TSP8,prostate gland,erythrocyte,Erythrocyte
ts_immune_all_0504,TSP8_Prostate_NA_10X_1_2_CCAAGCGTCGATTTCT,51033,TSP8,prostate gland,erythrocyte,Erythrocyte
ts_immune_all_0504,TSP8_Prostate_NA_10X_1_2_ATTCTACTCCTGTTAT,50955,TSP8,prostate gland,erythrocyte,Erythrocyte
ts_immune_all_0504,TSP8_Prostate_NA_10X_1_1_GGGAGTATCTTCCCGA,535221,TSP8,prostate gland,erythrocyte,Erythrocyte
ts_immune_all_0504,TSP8_Prostate_NA_10X_1_2_ACGCACGAGACTCCGC,50815,TSP8,prostate gland,erythrocyte,Erythrocyte
ts_immune_all_0504,TSP8_Prostate_NA_10X_1_2_CTGGACGTCCCTCGAT,51164,TSP8,prostate gland,erythrocyte,Erythrocyte
ts_immune_all_0504,TSP8_Prostate_NA_10X_1_1_ATTCTACGTTCTCAGA,534719,TSP8,prostate gland,erythrocyte,Erythrocyte
ts_immune_all_0504,TSP8_Prostate_NA_10X_1_2_TCTGGCTTCCCGAATA,51485,TSP8,prostate gland,erythrocyte,Erythrocyte
ts_immune_all_0504,TSP8_Prostate_NA_10X_1_2_CCTCCAATCACCTCGT,51070,TSP8,prostate gland,erythrocyte,Erythrocyte
ts_immune_all_0504,TSP8_Prostate_NA_10X_1_2_GAGGGTACAGAGCGTA,51224,TSP8,prostate gland,erythrocyte,Erythrocyte
ts_immune_all_0504,TSP8_Prostate_NA_10X_1_1_CAATACGTCACTTTGT,534743,TSP8,prostate gland,erythrocyte,Erythrocyte
ts_immune_all_0504,TSP8_Prostate_NA_10X_1_1_GTGCTGGTCGCCAGAC,535320,TSP8,prostate gland,erythrocyte,Erythrocyte
ts_immune_all_0504,TSP8_Prostate_NA_10X_1_1_TAGAGTCTCTGAGGTT,535399,TSP8,prostate gland,erythrocyte,Erythrocyte
ts_immune_all_1708,TSP27_Muscle_Abdomen_10X3primev31_1_1_GGTGGCTCATATGCGT,259827,TSP27,muscle of abdomen,neutrophil,Neutrophil
ts_immune_all_1708,TSP27_Muscle_Abdomen_10X3primev31_1_1_GAGGCAACACTGTGAT,259701,TSP27,muscle of abdomen,neutrophil,Neutrophil
ts_immune_all_1708,TSP27_Muscle_Abdomen_10X3primev31_1_1_TCACACCGTCACGCTG,259966,TSP27,muscle of abdomen,neutrophil,Neutrophil
ts_immune_all_1708,TSP27_Muscle_Abdomen_10X3primev31_1_1_TATTTCGCAGTGAGCA,259958,TSP27,muscle of abdomen,neutrophil,Neutrophil
ts_immune_all_1708,TSP27_Muscle_Abdomen_10X3primev31_1_1_TCCATCGGTTGCAACT,260006,TSP27,muscle of abdomen,neutrophil,Neutrophil
ts_immune_all_1708,TSP27_Muscle_Abdomen_10X3primev31_1_1_CTAAGTGCATAGGTTC,259585,TSP27,muscle of abdomen,neutrophil,Neutrophil
ts_immune_all_1708,TSP27_Muscle_Abdomen_10X3primev31_1_1_GCGGAAAAGCCTCCAG,259756,TSP27,muscle of abdomen,neutrophil,Neutrophil
ts_immune_all_1708,TSP27_Muscle_Abdomen_10X3primev31_1_1_AAAGGTATCCTTACCG,259188,TSP27,muscle of abdomen,neutrophil,Neutrophil
ts_immune_all_1708,TSP27_Muscle_Abdomen_10X3primev31_1_1_ATCGATGGTATGCTAC,259389,TSP27,muscle of abdomen,neutrophil,Neutrophil
ts_immune_all_1708,TSP27_Muscle_Abdomen_10X3primev31_1_1_AAGCCATGTTGCTCAA,259219,TSP27,muscle of abdomen,neutrophil,Neutrophil
ts_immune_all_1708,TSP27_Muscle_Abdomen_10X3primev31_1_1_TAACACGTCTCTGACC,259909,TSP27,muscle of abdomen,neutrophil,Neutrophil
ts_immune_all_1708,TSP27_Muscle_Abdomen_10X3primev31_1_1_GGGCTCATCTGTCCGT,259809,TSP27,muscle of abdomen,neutrophil,Neutrophil
ts_immune_all_1708,TSP27_Muscle_Abdomen_10X3primev31_1_1_CGACAGCGTACCCGCA,259554,TSP27,muscle of abdomen,neutrophil,Neutrophil
ts_immune_all_1708,TSP27_Muscle_Abdomen_10X3primev31_1_1_ACCCTTGGTTGGGTAG,259265,TSP27,muscle of abdomen,neutrophil,Neutrophil
ts_immune_all_1708,TSP27_Muscle_Abdomen_10X3primev31_1_1_CACTGTCTCAGATTGC,259460,TSP27,muscle of abdomen,neutrophil,Neutrophil
ts_immune_all_1708,TSP27_Muscle_Abdomen_10X3primev31_1_1_CCTAAGAAGGAGAATG,259535,TSP27,muscle of abdomen,neutrophil,Neutrophil
ts_immune_all_1708,TSP27_Muscle_Abdomen_10X3primev31_1_1_TCCGTGTGTAACATGA,260010,TSP27,muscle of abdomen,neutrophil,Neutrophil
ts_immune_all_1708,TSP27_Muscle_Abdomen_10X3primev31_1_1_CCATCACAGGGATCGT,259513,TSP27,muscle of abdomen,neutrophil,Neutrophil
ts_immune_all_1708,TSP27_Muscle_Abdomen_10X3primev31_1_1_CATCGGGGTCGCCACA,259479,TSP27,muscle of abdomen,neutrophil,Neutrophil
ts_immune_all_1708,TSP27_Muscle_Abdomen_10X3primev31_1_1_CGCAGGTGTGCGAACA,259563,TSP27,muscle of abdomen,neutrophil,Neutrophil
ts_immune_all_1708,TSP27_Muscle_Abdomen_10X3primev31_1_1_AGTTCCCTCGTGCTCT,259369,TSP27,muscle of abdomen,neutrophil,Neutrophil
ts_immune_all_1708,TSP27_Muscle_Abdomen_10X3primev31_1_1_ATACTTCCAGCAGTAG,259372,TSP27,muscle of abdomen,neutrophil,Neutrophil
ts_immune_all_1708,TSP27_Muscle_Abdomen_10X3primev31_1_1_CCCTCAAAGATGACCG,259522,TSP27,muscle of abdomen,neutrophil,Neutrophil
ts_immune_all_1708,TSP27_Muscle_Abdomen_10X3primev31_1_1_CGATCGGTCCTACACC,259559,TSP27,muscle of abdomen,neutrophil,Neutrophil
ts_immune_all_1708,TSP27_Muscle_Abdomen_10X3primev31_1_1_ATCGCCTCAACCTAAC,259392,TSP27,muscle of abdomen,neutrophil,Neutrophil
ts_immune_all_1708,TSP27_Muscle_Abdomen_10X3primev31_1_1_TGTCAGACACAAATAG,260117,TSP27,muscle of abdomen,neutrophil,Neutrophil
ts_immune_all_1708,TSP27_Muscle_Abdomen_10X3primev31_1_1_AGATAGATCGCGTGCA,259314,TSP27,muscle of abdomen,neutrophil,Neutrophil
ts_immune_all_1708,TSP27_Muscle_Abdomen_10X3primev31_1_1_AGAACCTAGGGATGTC,259300,TSP27,muscle of abdomen,neutrophil,Neutrophil
ts_immune_all_1708,TSP27_Muscle_Abdomen_10X3primev31_1_1_GAGACCCAGAATTGTG,259697,TSP27,muscle of abdomen,neutrophil,Neutrophil
ts_immune_all_1708,TSP27_Muscle_Abdomen_10X3primev31_1_1_ATAGGCTTCCGTTGAA,259377,TSP27,muscle of abdomen,neutrophil,Neutrophil
ts_immune_all_1708,TSP27_Muscle_Abdomen_10X3primev31_1_1_TGCACGGTCCGGCAGT,260089,TSP27,muscle of abdomen,neutrophil,Neutrophil
ts_immune_all_1708,TSP27_Muscle_Abdomen_10X3primev31_1_1_TTTCACAAGTGCTCGC,260195,TSP27,muscle of abdomen,neutrophil,Neutrophil
ts_immune_all_1708,TSP27_Muscle_Abdomen_10X3primev31_1_1_CATTGAGGTTCTCTAT,259495,TSP27,muscle of abdomen,neutrophil,Neutrophil
ts_immune_all_1708,TSP27_Muscle_Abdomen_10X3primev31_1_1_TTGTTCATCTCTATGT,260181,TSP27,muscle of abdomen,neutrophil,Neutrophil
ts_immune_all_1708,TSP27_Muscle_Abdomen_10X3primev31_1_1_GTATTGGCAAGCCCAC,259851,TSP27,muscle of abdomen,neutrophil,Neutrophil
ts_immune_all_1708,TSP27_Muscle_Abdomen_10X3primev31_1_1_TGTGAGTTCAACCGAT,260121,TSP27,muscle of abdomen,neutrophil,Neutrophil
ts_immune_all_1708,TSP27_Muscle_Abdomen_10X3primev31_1_1_CGTTCTGAGGCACTCC,259583,TSP27,muscle of abdomen,neutrophil,Neutrophil
ts_immune_all_1708,TSP27_Muscle_Abdomen_10X3primev31_1_1_ACCAAACCATTGTCGA,259258,TSP27,muscle of abdomen,neutrophil,Neutrophil
ts_immune_all_1708,TSP27_Muscle_Abdomen_10X3primev31_1_1_TCATATCTCGTAGCCG,259986,TSP27,muscle of abdomen,neutrophil,Neutrophil
ts_immune_all_1708,TSP27_Muscle_Abdomen_10X3primev31_1_1_GAGACTTCAGATACCT,259699,TSP27,muscle of abdomen,neutrophil,Neutrophil
ts_immune_all_1708,TSP27_Muscle_Abdomen_10X3primev31_1_1_AGATGCTTCGTGCACG,259319,TSP27,muscle of abdomen,neutrophil,Neutrophil
ts_immune_all_1708,TSP27_Muscle_Abdomen_10X3primev31_1_1_GGAGGTAAGCATGCGA,259784,TSP27,muscle of abdomen,neutrophil,Neutrophil
ts_immune_all_1708,TSP27_Muscle_Abdomen_10X3primev31_1_1_ATTTCTGAGGGCCTCT,259426,TSP27,muscle of abdomen,neutrophil,Neutrophil
ts_immune_all_1708,TSP27_Muscle_Abdomen_10X3primev31_1_1_ACTTTGTAGGTAAGTT,259294,TSP27,muscle of abdomen,neutrophil,Neutrophil
ts_immune_all_1708,TSP27_Muscle_Abdomen_10X3primev31_1_1_GAACTGTAGACCTCAT,259672,TSP27,muscle of abdomen,neutrophil,Neutrophil
ts_immune_all_1708,TSP27_Muscle_Abdomen_10X3primev31_1_1_CTGTAGATCCGATGTA,259645,TSP27,muscle of abdomen,neutrophil,Neutrophil
ts_immune_all_1708,TSP27_Muscle_Abdomen_10X3primev31_1_1_CATGCCTCATTCGGGC,259484,TSP27,muscle of abdomen,neutrophil,Neutrophil
ts_immune_all_1708,TSP27_Muscle_Abdomen_10X3primev31_1_1_AGTGATCCATGTTACG,259365,TSP27,muscle of abdomen,neutrophil,Neutrophil
ts_immune_all_1708,TSP27_Muscle_Abdomen_10X3primev31_1_1_TCCACCACAAGCGGAT,259999,TSP27,muscle of abdomen,neutrophil,Neutrophil
ts_immune_all_1708,TSP27_Muscle_Abdomen_10X3primev31_1_1_TGGCGTGCATAACAGA,260107,TSP27,muscle of abdomen,neutrophil,Neutrophil
ts_immune_all_1740,TSP27_Bladder_NA_10X3primev31_1_2_GCATCGGAGCCAGAGT,121895,TSP27,bladder organ,"CD4-positive, alpha-beta T cell",Memory_CD4
ts_immune_all_1740,TSP27_Bladder_NA_10X3primev31_1_2_TAACGACCACACAGCC,122030,TSP27,bladder organ,"CD4-positive, alpha-beta T cell",Memory_CD4
ts_immune_all_1740,TSP27_Bladder_NA_10X3primev31_1_2_GGGTTTAAGTAGTCCT,121943,TSP27,bladder organ,"CD4-positive, alpha-beta T cell",Memory_CD4
ts_immune_all_1740,TSP27_Bladder_NA_10X3primev31_1_2_AGGGTTTAGCGCCTAC,121598,TSP27,bladder organ,"CD4-positive, alpha-beta T cell",Memory_CD4
ts_immune_all_1740,TSP27_Bladder_NA_10X3primev31_1_2_ATTCACTCACGGTGAA,121642,TSP27,bladder organ,"CD4-positive, alpha-beta T cell",Memory_CD4
ts_immune_all_1740,TSP27_Bladder_NA_10X3primev31_1_2_GGGTCTGCACCTCGTT,121940,TSP27,bladder organ,"CD4-positive, alpha-beta T cell",Memory_CD4
ts_immune_all_1740,TSP27_Bladder_NA_10X3primev31_1_2_AGAGAATAGGCTCTCG,121568,TSP27,bladder organ,"CD4-positive, alpha-beta T cell",Memory_CD4
ts_immune_all_1740,TSP27_Bladder_NA_10X3primev31_1_2_GTCCCATCACGCACCA,121983,TSP27,bladder organ,"CD4-positive, alpha-beta T cell",Memory_CD4
ts_immune_all_1740,TSP27_Bladder_NA_10X3primev31_1_2_GTAGGTTTCCAATGCA,121974,TSP27,bladder organ,"CD4-positive, alpha-beta T cell",Memory_CD4
ts_immune_all_1740,TSP27_Bladder_NA_10X3primev31_1_2_AAGTTCGAGATGTTAG,121511,TSP27,bladder organ,"CD4-positive, alpha-beta T cell",Memory_CD4
ts_immune_all_1740,TSP27_Bladder_NA_10X3primev31_1_2_TCAGTGACACTACCGG,122065,TSP27,bladder organ,"CD4-positive, alpha-beta T cell",Memory_CD4
ts_immune_all_1740,TSP27_Bladder_NA_10X3primev31_1_2_ACAGGGATCGGAACTT,121522,TSP27,bladder organ,"CD4-positive, alpha-beta T cell",Memory_CD4
ts_immune_all_1740,TSP27_Bladder_NA_10X3primev31_1_2_CATCGGGGTATCACGT,121705,TSP27,bladder organ,"CD4-positive, alpha-beta T cell",Memory_CD4
ts_immune_all_1740,TSP27_Bladder_NA_10X3primev31_1_2_ACTCTCGAGATGACAT,121551,TSP27,bladder organ,"CD4-positive, alpha-beta T cell",Memory_CD4
ts_immune_all_1740,TSP27_Bladder_NA_10X3primev31_1_2_TGTCCCAGTGTTCGTA,122171,TSP27,bladder organ,"CD4-positive, alpha-beta T cell",Memory_CD4
ts_immune_all_1740,TSP27_Bladder_NA_10X3primev31_1_2_CTCATTAAGTGTTGAA,121820,TSP27,bladder organ,"CD4-positive, alpha-beta T cell",Memory_CD4
ts_immune_all_1740,TSP27_Bladder_NA_10X3primev31_1_2_CAATACGGTCGATTTG,121666,TSP27,bladder organ,"CD4-positive, alpha-beta T cell",Memory_CD4
ts_immune_all_1740,TSP27_Bladder_NA_10X3primev31_1_2_CCTGTTGAGCTGTTCA,121756,TSP27,bladder organ,"CD4-positive, alpha-beta T cell",Memory_CD4
ts_immune_all_1740,TSP27_Bladder_NA_10X3primev31_1_2_GCATGATGTACTCCGG,121897,TSP27,bladder organ,"CD4-positive, alpha-beta T cell",Memory_CD4
ts_immune_all_1740,TSP27_Bladder_NA_10X3primev31_1_2_TGTGCGGAGAAGGGAT,122174,TSP27,bladder organ,"CD4-positive, alpha-beta T cell",Memory_CD4
ts_immune_all_1740,TSP27_Bladder_NA_10X3primev31_1_2_TCTCAGCAGTCACAGG,122110,TSP27,bladder organ,"CD4-positive, alpha-beta T cell",Memory_CD4
ts_immune_all_1740,TSP27_Bladder_NA_10X3primev31_1_2_CCACACTAGCAGCCCT,121719,TSP27,bladder organ,"CD4-positive, alpha-beta T cell",Memory_CD4
ts_immune_all_1740,TSP27_Bladder_NA_10X3primev31_1_2_CCTCAACGTCAGACGA,121745,TSP27,bladder organ,"CD4-positive, alpha-beta T cell",Memory_CD4
ts_immune_all_1740,TSP27_Bladder_NA_10X3primev31_1_2_TCTACATAGTGCCAGA,122106,TSP27,bladder organ,"CD4-positive, alpha-beta T cell",Memory_CD4
ts_immune_all_1740,TSP27_Bladder_NA_10X3primev31_1_2_TGGTAGTCAATGTTGC,122162,TSP27,bladder organ,"CD4-positive, alpha-beta T cell",Memory_CD4
ts_immune_all_1740,TSP27_Bladder_NA_10X3primev31_1_2_CGTTGGGAGACCAGCA,121800,TSP27,bladder organ,"CD4-positive, alpha-beta T cell",Memory_CD4
ts_immune_all_1740,TSP27_Bladder_NA_10X3primev31_1_2_ACATCGATCCGCAGTG,121527,TSP27,bladder organ,"CD4-positive, alpha-beta T cell",Memory_CD4
ts_immune_all_1740,TSP27_Bladder_NA_10X3primev31_1_2_GCAGCTGTCATTGCCC,121894,TSP27,bladder organ,"CD4-positive, alpha-beta T cell",Memory_CD4
ts_immune_all_1740,TSP27_Bladder_NA_10X3primev31_1_2_ATTCATCGTATGAGGC,121644,TSP27,bladder organ,"CD4-positive, alpha-beta T cell",Memory_CD4
ts_immune_all_1740,TSP27_Bladder_NA_10X3primev31_1_2_ATTCTACCAGGTCCGT,121648,TSP27,bladder organ,"CD4-positive, alpha-beta T cell",Memory_CD4
ts_immune_all_1740,TSP27_Bladder_NA_10X3primev31_1_2_GTGTGGCGTACAAAGT,122008,TSP27,bladder organ,"CD4-positive, alpha-beta T cell",Memory_CD4
ts_immune_all_1740,TSP27_Bladder_NA_10X3primev31_1_2_GAAGAATCAAACCGGA,121845,TSP27,bladder organ,"CD4-positive, alpha-beta T cell",Memory_CD4
ts_immune_all_1740,TSP27_Bladder_NA_10X3primev31_1_2_CAGTTCCCACCCTGAG,121699,TSP27,bladder organ,"CD4-positive, alpha-beta T cell",Memory_CD4
ts_immune_all_1740,TSP27_Bladder_NA_10X3primev31_1_2_TACGGTAGTTGGCTAT,122041,TSP27,bladder organ,"CD4-positive, alpha-beta T cell",Memory_CD4
ts_immune_all_1740,TSP27_Bladder_NA_10X3primev31_1_2_GGTAACTTCCCATAGA,121946,TSP27,bladder organ,"CD4-positive, alpha-beta T cell",Memory_CD4
ts_immune_all_1740,TSP27_Bladder_NA_10X3primev31_1_2_CCTCTCCGTGCACGCT,121752,TSP27,bladder organ,"CD4-positive, alpha-beta T cell",Memory_CD4
ts_immune_all_1740,TSP27_Bladder_NA_10X3primev31_1_2_CGAATTGCACCTGTCT,121762,TSP27,bladder organ,"CD4-positive, alpha-beta T cell",Memory_CD4
ts_immune_all_1740,TSP27_Bladder_NA_10X3primev31_1_2_CCTAACCTCAATCAGC,121738,TSP27,bladder organ,"CD4-positive, alpha-beta T cell",Memory_CD4
ts_immune_all_1740,TSP27_Bladder_NA_10X3primev31_1_2_CCTGTTGCAATGGCCC,121757,TSP27,bladder organ,"CD4-positive, alpha-beta T cell",Memory_CD4
ts_immune_all_1740,TSP27_Bladder_NA_10X3primev31_1_2_TGGATCAGTAGTTAGA,122151,TSP27,bladder organ,"CD4-positive, alpha-beta T cell",Memory_CD4
ts_immune_all_1740,TSP27_Bladder_NA_10X3primev31_1_2_TGTACAGAGCTTTGTG,122165,TSP27,bladder organ,"CD4-positive, alpha-beta T cell",Memory_CD4
ts_immune_all_1740,TSP27_Bladder_NA_10X3primev31_1_2_CGTAAGTAGAAACCAT,121790,TSP27,bladder organ,"CD4-positive, alpha-beta T cell",Memory_CD4
ts_immune_all_1740,TSP27_Bladder_NA_10X3primev31_1_2_AATAGAGCACTTCAAG,121512,TSP27,bladder organ,"CD4-positive, alpha-beta T cell",Memory_CD4
ts_immune_all_1740,TSP27_Bladder_NA_10X3primev31_1_2_GTGGAGAGTTCATCGA,122003,TSP27,bladder organ,"CD4-positive, alpha-beta T cell",Memory_CD4
ts_immune_all_1740,TSP27_Bladder_NA_10X3primev31_1_2_ATTCCCGCAATCAAGA,121647,TSP27,bladder organ,"CD4-positive, alpha-beta T cell",Memory_CD4
ts_immune_all_1740,TSP27_Bladder_NA_10X3primev31_1_2_GACCGTGAGGGCAACT,121862,TSP27,bladder organ,"CD4-positive, alpha-beta T cell",Memory_CD4
ts_immune_all_1740,TSP27_Bladder_NA_10X3primev31_1_2_CACGGGTCACTATCCC,121678,TSP27,bladder organ,"CD4-positive, alpha-beta T cell",Memory_CD4
ts_immune_all_1740,TSP27_Bladder_NA_10X3primev31_1_2_TCCTGCAGTCAGATTC,122090,TSP27,bladder organ,"CD4-positive, alpha-beta T cell",Memory_CD4
ts_immune_all_1740,TSP27_Bladder_NA_10X3primev31_1_2_CCTACGTAGCGACCCT,121740,TSP27,bladder organ,"CD4-positive, alpha-beta T cell",Memory_CD4
ts_immune_all_1740,TSP27_Bladder_NA_10X3primev31_1_2_ATCCATTGTGTATACC,121625,TSP27,bladder organ,"CD4-positive, alpha-beta T cell",Memory_CD4
ts_immune_all_1322,TSP25_Vasculature_AortaThoracic_10X_2_1_GAAGTAACATCGAACT,454688,TSP25,thoracic aorta,"CD8-positive, alpha-beta T cell",NK
ts_immune_all_1322,TSP25_Vasculature_AortaThoracic_10X_2_1_ACCCAAATCCAAATGC,454028,TSP25,thoracic aorta,"CD8-positive, alpha-beta T cell",NK
ts_immune_all_1322,TSP25_Vasculature_AortaThoracic_10X_2_1_AACCACATCCAATCCC,453938,TSP25,thoracic aorta,"CD8-positive, alpha-beta T cell",NK
ts_immune_all_1322,TSP25_Vasculature_AortaThoracic_10X_2_1_ACAGGGAAGCGAATGC,454010,TSP25,thoracic aorta,"CD8-positive, alpha-beta T cell",NK
ts_immune_all_1322,TSP25_Vasculature_AortaThoracic_10X_2_1_CATTGAGAGATACGAT,454422,TSP25,thoracic aorta,"CD8-positive, alpha-beta T cell",NK
ts_immune_all_1322,TSP25_Vasculature_AortaThoracic_10X_2_1_TCTTAGTCATACTTTC,455302,TSP25,thoracic aorta,"CD8-positive, alpha-beta T cell",NK
ts_immune_all_1322,TSP25_Vasculature_AortaThoracic_10X_2_1_GCTTTCGCATCATTTC,454853,TSP25,thoracic aorta,"CD8-positive, alpha-beta T cell",NK
ts_immune_all_1322,TSP25_Vasculature_AortaThoracic_10X_2_1_GCCATGGGTCAGTCTA,454805,TSP25,thoracic aorta,"CD8-positive, alpha-beta T cell",NK
ts_immune_all_1322,TSP25_Vasculature_AortaThoracic_10X_2_1_GGGTGAACATGACACT,454921,TSP25,thoracic aorta,"CD8-positive, alpha-beta T cell",NK
ts_immune_all_1322,TSP25_Vasculature_AortaThoracic_10X_2_1_CATTGCCGTTCCTACC,454424,TSP25,thoracic aorta,"CD8-positive, alpha-beta T cell",NK
ts_immune_all_1322,TSP25_Vasculature_AortaThoracic_10X_2_1_TCGTAGACATCAGCGC,455277,TSP25,thoracic aorta,"CD8-positive, alpha-beta T cell",NK
ts_immune_all_1322,TSP25_Vasculature_AortaThoracic_10X_2_1_GTGGCGTTCGATGCAT,455051,TSP25,thoracic aorta,"CD8-positive, alpha-beta T cell",NK
ts_immune_all_1322,TSP25_Vasculature_AortaThoracic_10X_2_1_ATTCCCGCAACTGATC,454297,TSP25,thoracic aorta,"CD8-positive, alpha-beta T cell",NK
ts_immune_all_1322,TSP25_Vasculature_AortaThoracic_10X_2_1_CATCGGGGTATCAGCT,454404,TSP25,thoracic aorta,"CD8-positive, alpha-beta T cell",NK
ts_immune_all_1322,TSP25_Vasculature_AortaThoracic_10X_2_1_CATCGGGGTCAGTTTG,454405,TSP25,thoracic aorta,"CD8-positive, alpha-beta T cell",NK
ts_immune_all_1322,TSP25_Vasculature_AortaThoracic_10X_2_1_GAGCCTGTCGGTCATA,454741,TSP25,thoracic aorta,"CD8-positive, alpha-beta T cell",NK
ts_immune_all_1322,TSP25_Vasculature_AortaThoracic_10X_2_1_TGTCCTGTCTATTCGT,455390,TSP25,thoracic aorta,"CD8-positive, alpha-beta T cell",NK
ts_immune_all_1322,TSP25_Vasculature_AortaThoracic_10X_2_1_TCGGTCTAGCGCATCC,455275,TSP25,thoracic aorta,"CD8-positive, alpha-beta T cell",NK
ts_immune_all_1322,TSP25_Vasculature_AortaThoracic_10X_2_1_TGTGGCGTCGGACCAC,455397,TSP25,thoracic aorta,"CD8-positive, alpha-beta T cell",NK
ts_immune_all_1322,TSP25_Vasculature_AortaThoracic_10X_2_1_CAGCAGCGTACGACAG,454372,TSP25,thoracic aorta,"CD8-positive, alpha-beta T cell",NK
ts_immune_all_1322,TSP25_Vasculature_AortaThoracic_10X_2_1_GGAATCTAGATTCGAA,454860,TSP25,thoracic aorta,"CD8-positive, alpha-beta T cell",NK
ts_immune_all_1322,TSP25_Vasculature_AortaThoracic_10X_2_1_CACTTCGTCGGCATAT,454352,TSP25,thoracic aorta,"CD8-positive, alpha-beta T cell",NK
ts_immune_all_1322,TSP25_Vasculature_AortaThoracic_10X_2_1_TCTTGCGTCTTCTGTA,455308,TSP25,thoracic aorta,"CD8-positive, alpha-beta T cell",NK
ts_immune_all_1322,TSP25_Vasculature_AortaThoracic_10X_2_1_ATTTCTGCATATCTGG,454311,TSP25,thoracic aorta,"CD8-positive, alpha-beta T cell",NK
ts_immune_all_1322,TSP25_Vasculature_AortaThoracic_10X_2_1_CAGATACAGGTCATCT,454356,TSP25,thoracic aorta,"CD8-positive, alpha-beta T cell",NK
ts_immune_all_1322,TSP25_Vasculature_AortaThoracic_10X_2_1_GGAAGTGTCGACCACG,454859,TSP25,thoracic aorta,"CD8-positive, alpha-beta T cell",NK
ts_immune_all_1322,TSP25_Vasculature_AortaThoracic_10X_2_1_ATCCACCTCGGTCGAC,454242,TSP25,thoracic aorta,"CD8-positive, alpha-beta T cell",NK
ts_immune_all_1322,TSP25_Vasculature_AortaThoracic_10X_2_1_GAGAGGTTCTAATTCC,454738,TSP25,thoracic aorta,"CD8-positive, alpha-beta T cell",NK
ts_immune_all_1322,TSP25_Vasculature_AortaThoracic_10X_2_1_TCAAGACGTTATTCCT,455186,TSP25,thoracic aorta,"CD8-positive, alpha-beta T cell",NK
ts_immune_all_1322,TSP25_Vasculature_AortaThoracic_10X_2_1_AGTTAGCGTTTGCCGG,454210,TSP25,thoracic aorta,"CD8-positive, alpha-beta T cell",NK
ts_immune_all_1322,TSP25_Vasculature_AortaThoracic_10X_2_1_CCTCAACGTGCTCGTG,454483,TSP25,thoracic aorta,"CD8-positive, alpha-beta T cell",NK
ts_immune_all_1322,TSP25_Vasculature_AortaThoracic_10X_2_1_GTGTAACAGAGTTGCG,455058,TSP25,thoracic aorta,"CD8-positive, alpha-beta T cell",NK
ts_immune_all_1322,TSP25_Vasculature_AortaThoracic_10X_2_1_TGTTACTGTCTAGTGT,455402,TSP25,thoracic aorta,"CD8-positive, alpha-beta T cell",NK
ts_immune_all_1322,TSP25_Vasculature_AortaThoracic_10X_2_1_GTACAGTCATACGCAT,454965,TSP25,thoracic aorta,"CD8-positive, alpha-beta T cell",NK
ts_immune_all_1322,TSP25_Vasculature_AortaThoracic_10X_2_1_CATTTCAGTCGGTGTC,454431,TSP25,thoracic aorta,"CD8-positive, alpha-beta T cell",NK
ts_immune_all_1322,TSP25_Vasculature_AortaThoracic_10X_2_1_TCCATCGCAACAAAGT,455237,TSP25,thoracic aorta,"CD8-positive, alpha-beta T cell",NK
ts_immune_all_1322,TSP25_Vasculature_AortaThoracic_10X_2_1_CTGAGGCTCGTTCTCG,454627,TSP25,thoracic aorta,"CD8-positive, alpha-beta T cell",NK
ts_immune_all_1322,TSP25_Vasculature_AortaThoracic_10X_2_1_CAACGATCAGAGATTA,454321,TSP25,thoracic aorta,"CD8-positive, alpha-beta T cell",NK
ts_immune_all_1322,TSP25_Vasculature_AortaThoracic_10X_2_1_CGGTCAGAGGGTACGT,454548,TSP25,thoracic aorta,"CD8-positive, alpha-beta T cell",NK
ts_immune_all_1322,TSP25_Vasculature_AortaThoracic_10X_2_1_CATGGATTCCAACTGA,454416,TSP25,thoracic aorta,"CD8-positive, alpha-beta T cell",NK
ts_immune_all_1322,TSP25_Vasculature_AortaThoracic_10X_2_1_ACCCTTGAGTCCGTCG,454034,TSP25,thoracic aorta,"CD8-positive, alpha-beta T cell",NK
ts_immune_all_1322,TSP25_Vasculature_AortaThoracic_10X_2_1_GTCGTAACAGCAGTTT,455023,TSP25,thoracic aorta,"CD8-positive, alpha-beta T cell",NK
ts_immune_all_1322,TSP25_Vasculature_AortaThoracic_10X_2_1_GGAGAACGTGATACTC,454870,TSP25,thoracic aorta,"CD8-positive, alpha-beta T cell",NK
ts_immune_all_1322,TSP25_Vasculature_AortaThoracic_10X_2_1_TCATCATCATTAAAGG,455223,TSP25,thoracic aorta,"CD8-positive, alpha-beta T cell",NK
ts_immune_all_1322,TSP25_Vasculature_AortaThoracic_10X_2_1_TACTTGTGTCAGCGTC,455146,TSP25,thoracic aorta,"CD8-positive, alpha-beta T cell",NK
ts_immune_all_1322,TSP25_Vasculature_AortaThoracic_10X_2_1_GAGAAATTCCCATAGA,454731,TSP25,thoracic aorta,"CD8-positive, alpha-beta T cell",NK
ts_immune_all_1322,TSP25_Vasculature_AortaThoracic_10X_2_1_GTGCTGGAGACATCCT,455046,TSP25,thoracic aorta,"CD8-positive, alpha-beta T cell",NK
ts_immune_all_1322,TSP25_Vasculature_AortaThoracic_10X_2_1_GTAGGTTTCATGGATC,454977,TSP25,thoracic aorta,"CD8-positive, alpha-beta T cell",NK
ts_immune_all_1322,TSP25_Vasculature_AortaThoracic_10X_2_1_CCATAAGGTAGTGGCA,454450,TSP25,thoracic aorta,"CD8-positive, alpha-beta T cell",NK
ts_immune_all_1322,TSP25_Vasculature_AortaThoracic_10X_2_1_TGTTCTAGTTAAGACA,455407,TSP25,thoracic aorta,"CD8-positive, alpha-beta T cell",NK
ts_immune_all_1211,TSP21_Trachea_NA_10X_1_1_GACAGCCCACTAACGT,210560,TSP21,trachea,neutrophil,Neutrophil
ts_immune_all_1211,TSP21_Trachea_NA_10X_1_1_CCGGACATCTTACACT,210516,TSP21,trachea,neutrophil,Neutrophil
ts_immune_all_1211,TSP21_Trachea_NA_10X_1_1_CACAGGCCACCCTAGG,210496,TSP21,trachea,neutrophil,Neutrophil
ts_immune_all_1211,TSP21_Trachea_NA_10X_1_1_TGGGTTATCCTCACCA,210669,TSP21,trachea,neutrophil,Neutrophil
ts_immune_all_1211,TSP21_Trachea_NA_10X_1_1_GACTGATTCATGGATC,210567,TSP21,trachea,neutrophil,Neutrophil
ts_immune_all_1211,TSP21_Trachea_NA_10X_1_1_GACCAATCATCCTCAC,210563,TSP21,trachea,neutrophil,Neutrophil
ts_immune_all_1211,TSP21_Trachea_NA_10X_1_1_CCGATGGCATACACCA,210512,TSP21,trachea,neutrophil,Neutrophil
ts_immune_all_1211,TSP21_Trachea_NA_10X_1_1_AGAACCTAGCTAGAGC,210450,TSP21,trachea,neutrophil,Neutrophil
ts_immune_all_1211,TSP21_Trachea_NA_10X_1_1_GTGCACGGTGGCCACT,210609,TSP21,trachea,neutrophil,Neutrophil
ts_immune_all_1211,TSP21_Trachea_NA_10X_1_1_ACCTACCTCTTTACAC,210441,TSP21,trachea,neutrophil,Neutrophil
ts_immune_all_1211,TSP21_Trachea_NA_10X_1_1_TATACCTTCGAGTCCG,210629,TSP21,trachea,neutrophil,Neutrophil
ts_immune_all_1211,TSP21_Trachea_NA_10X_1_1_ACCACAACAGTTGGTT,210437,TSP21,trachea,neutrophil,Neutrophil
ts_immune_all_1211,TSP21_Trachea_NA_10X_1_1_GCCATTCTCAAGCCCG,210578,TSP21,trachea,neutrophil,Neutrophil
ts_immune_all_1211,TSP21_Trachea_NA_10X_1_1_AAGGAATGTTTGGGTT,210429,TSP21,trachea,neutrophil,Neutrophil
ts_immune_all_1211,TSP21_Trachea_NA_10X_1_1_AGCCACGCAGATAAAC,210457,TSP21,trachea,neutrophil,Neutrophil
ts_immune_all_1211,TSP21_Trachea_NA_10X_1_1_TGCGATAGTAGATTGA,210666,TSP21,trachea,neutrophil,Neutrophil
ts_immune_all_1211,TSP21_Trachea_NA_10X_1_1_ATGACCAGTCCAGCGT,210482,TSP21,trachea,neutrophil,Neutrophil
ts_immune_all_1211,TSP21_Trachea_NA_10X_1_1_TTAGGCAGTACTGCGC,210678,TSP21,trachea,neutrophil,Neutrophil
ts_immune_all_1211,TSP21_Trachea_NA_10X_1_1_ATATCCTCAATCTGCA,210474,TSP21,trachea,neutrophil,Neutrophil
ts_immune_all_1211,TSP21_Trachea_NA_10X_1_1_AACCTGACATGTGCTA,210425,TSP21,trachea,neutrophil,Neutrophil
ts_immune_all_1211,TSP21_Trachea_NA_10X_1_1_TTCTTGAAGCCTCTTC,210689,TSP21,trachea,neutrophil,Neutrophil
ts_immune_all_1211,TSP21_Trachea_NA_10X_1_1_TACGCTCGTGGTCTAT,210623,TSP21,trachea,neutrophil,Neutrophil
ts_immune_all_1211,TSP21_Trachea_NA_10X_1_1_CACTGTCAGCATACTC,210498,TSP21,trachea,neutrophil,Neutrophil
ts_immune_all_1211,TSP21_Trachea_NA_10X_1_1_TGCATCCCAACACAAA,210664,TSP21,trachea,neutrophil,Neutrophil
ts_immune_all_1211,TSP21_Trachea_NA_10X_1_1_CTTCCTTCACGCGCAT,210551,TSP21,trachea,neutrophil,Neutrophil
ts_immune_all_1211,TSP21_Trachea_NA_10X_1_1_AGCCACGAGATTAGTG,210456,TSP21,trachea,neutrophil,Neutrophil
ts_immune_all_1211,TSP21_Trachea_NA_10X_1_1_GATCACACACGCAGTC,210572,TSP21,trachea,neutrophil,Neutrophil
ts_immune_all_1211,TSP21_Trachea_NA_10X_1_1_TGACTCCGTGACTATC,210660,TSP21,trachea,neutrophil,Neutrophil
ts_immune_all_1211,TSP21_Trachea_NA_10X_1_1_CTTGAGACATCCCACT,210557,TSP21,trachea,neutrophil,Neutrophil
ts_immune_all_1211,TSP21_Trachea_NA_10X_1_1_TTTGGTTAGCCACAAG,210696,TSP21,trachea,neutrophil,Neutrophil
ts_immune_all_1211,TSP21_Trachea_NA_10X_1_1_AAACCCATCGAATCCA,210420,TSP21,trachea,neutrophil,Neutrophil
ts_immune_all_1211,TSP21_Trachea_NA_10X_1_1_AGATCCACAACTTCTT,210455,TSP21,trachea,neutrophil,Neutrophil
ts_immune_all_1211,TSP21_Trachea_NA_10X_1_1_TCGACGGAGCAGCACA,210647,TSP21,trachea,neutrophil,Neutrophil
ts_immune_all_1211,TSP21_Trachea_NA_10X_1_1_CGTAATGGTCTGTAGT,210531,TSP21,trachea,neutrophil,Neutrophil
ts_immune_all_1211,TSP21_Trachea_NA_10X_1_1_TCTCAGCGTACGATCT,210653,TSP21,trachea,neutrophil,Neutrophil
ts_immune_all_1211,TSP21_Trachea_NA_10X_1_1_GTAGAGGGTCAATCTG,210599,TSP21,trachea,neutrophil,Neutrophil
ts_immune_all_1211,TSP21_Trachea_NA_10X_1_1_CAACGGCCAGCGTACC,210490,TSP21,trachea,neutrophil,Neutrophil
ts_immune_all_1211,TSP21_Trachea_NA_10X_1_1_CCTCACAGTTAAAGTG,210518,TSP21,trachea,neutrophil,Neutrophil
ts_immune_all_1211,TSP21_Trachea_NA_10X_1_1_GTAGGTTAGCATGCAG,210601,TSP21,trachea,neutrophil,Neutrophil
ts_immune_all_1211,TSP21_Trachea_NA_10X_1_1_AGGATCTTCCGCTTAC,210463,TSP21,trachea,neutrophil,Neutrophil
ts_immune_all_1211,TSP21_Trachea_NA_10X_1_1_ACCTACCGTGGAAGTC,210440,TSP21,trachea,neutrophil,Neutrophil
ts_immune_all_1211,TSP21_Trachea_NA_10X_1_1_TCTCCGAGTCTTGAAC,210654,TSP21,trachea,neutrophil,Neutrophil
ts_immune_all_1211,TSP21_Trachea_NA_10X_1_1_CTTCGGTGTCATACCA,210553,TSP21,trachea,neutrophil,Neutrophil
ts_immune_all_1211,TSP21_Trachea_NA_10X_1_1_CTTCCGAAGATGCCGA,210550,TSP21,trachea,neutrophil,Neutrophil
ts_immune_all_1211,TSP21_Trachea_NA_10X_1_1_CAGAGCCCAGTGTGCC,210500,TSP21,trachea,neutrophil,Neutrophil
ts_immune_all_1211,TSP21_Trachea_NA_10X_1_1_CGCAGGTGTGAGGATC,210525,TSP21,trachea,neutrophil,Neutrophil
ts_immune_all_1211,TSP21_Trachea_NA_10X_1_1_ATCACAGGTATCCTTT,210475,TSP21,trachea,neutrophil,Neutrophil
ts_immune_all_1211,TSP21_Trachea_NA_10X_1_1_TCATGGAGTTGCCAAT,210636,TSP21,trachea,neutrophil,Neutrophil
ts_immune_all_1211,TSP21_Trachea_NA_10X_1_1_GTAACACGTCGGTAAG,210597,TSP21,trachea,neutrophil,Neutrophil
ts_immune_all_1211,TSP21_Trachea_NA_10X_1_1_TTAGGGTCATCCTCAC,210679,TSP21,trachea,neutrophil,Neutrophil
ts_immune_all_1659,TSP27_SI_Ileum_10X3primev31_1_1_ATAGGCTCAGCGAGTA,144416,TSP27,ileum,natural killer cell,NK
ts_immune_all_1659,TSP27_SI_Ileum_10X3primev31_1_1_GCTACCTGTACGTAGG,144839,TSP27,ileum,natural killer cell,NK
ts_immune_all_1659,TSP27_SI_Ileum_10X3primev31_1_1_AGGGTCCTCGATTGAC,144371,TSP27,ileum,natural killer cell,NK
ts_immune_all_1659,TSP27_SI_Ileum_10X3primev31_1_1_CGTCAAAAGGCGCTCT,144652,TSP27,ileum,natural killer cell,NK
ts_immune_all_1659,TSP27_SI_Ileum_10X3primev31_1_1_ACAGGGACAATGAACA,144250,TSP27,ileum,natural killer cell,NK
ts_immune_all_1659,TSP27_SI_Ileum_10X3primev31_1_1_AGTGACTTCTGTAAGC,144396,TSP27,ileum,natural killer cell,NK
ts_immune_all_1659,TSP27_SI_Ileum_10X3primev31_1_1_ACGATGTGTATGATCC,144273,TSP27,ileum,natural killer cell,NK
ts_immune_all_1659,TSP27_SI_Ileum_10X3primev31_1_1_GACACGCGTATCGTGT,144749,TSP27,ileum,natural killer cell,NK
ts_immune_all_1659,TSP27_SI_Ileum_10X3primev31_1_1_CTCAACCAGCTCGACC,144674,TSP27,ileum,natural killer cell,NK
ts_immune_all_1659,TSP27_SI_Ileum_10X3primev31_1_1_ATATCCTGTACCACGC,144418,TSP27,ileum,natural killer cell,NK
ts_immune_all_1659,TSP27_SI_Ileum_10X3primev31_1_1_GGGTGAACAGGATGAC,144885,TSP27,ileum,natural killer cell,NK
ts_immune_all_1659,TSP27_SI_Ileum_10X3primev31_1_1_ACATTTCTCTTGGATG,144255,TSP27,ileum,natural killer cell,NK
ts_immune_all_1659,TSP27_SI_Ileum_10X3primev31_1_1_CGCATAATCATTTCGT,144626,TSP27,ileum,natural killer cell,NK
ts_immune_all_1659,TSP27_SI_Ileum_10X3primev31_1_1_TGAGCGCCATGCCGGT,145160,TSP27,ileum,natural killer cell,NK
ts_immune_all_1659,TSP27_SI_Ileum_10X3primev31_1_1_AAGACAACACAATGCT,144213,TSP27,ileum,natural killer cell,NK
ts_immune_all_1659,TSP27_SI_Ileum_10X3primev31_1_1_TTCTTCCAGCCTGCCA,145267,TSP27,ileum,natural killer cell,NK
ts_immune_all_1659,TSP27_SI_Ileum_10X3primev31_1_1_GATTTCTCAACGGGTA,144800,TSP27,ileum,natural killer cell,NK
ts_immune_all_1659,TSP27_SI_Ileum_10X3primev31_1_1_TGATGCATCATTTACC,145175,TSP27,ileum,natural killer cell,NK
ts_immune_all_1659,TSP27_SI_Ileum_10X3primev31_1_1_CTAGACATCCGCAAAT,144670,TSP27,ileum,natural killer cell,NK
ts_immune_all_1659,TSP27_SI_Ileum_10X3primev31_1_1_GGGTTATGTGCTGCAC,144886,TSP27,ileum,natural killer cell,NK
ts_immune_all_1659,TSP27_SI_Ileum_10X3primev31_1_1_GGGAAGTGTAGGTTTC,144872,TSP27,ileum,natural killer cell,NK
ts_immune_all_1659,TSP27_SI_Ileum_10X3primev31_1_1_CACGTTCCAGACAAGC,144500,TSP27,ileum,natural killer cell,NK
ts_immune_all_1659,TSP27_SI_Ileum_10X3primev31_1_1_TGCGGCACAAATTGCC,145192,TSP27,ileum,natural killer cell,NK
ts_immune_all_1659,TSP27_SI_Ileum_10X3primev31_1_1_TGATCAGAGAGCTGAC,145170,TSP27,ileum,natural killer cell,NK
ts_immune_all_1659,TSP27_SI_Ileum_10X3primev31_1_1_AGAGAATAGTCCGCGT,144324,TSP27,ileum,natural killer cell,NK
ts_immune_all_1659,TSP27_SI_Ileum_10X3primev31_1_1_TCCCAGTGTAGGTCAG,145095,TSP27,ileum,natural killer cell,NK
ts_immune_all_1659,TSP27_SI_Ileum_10X3primev31_1_1_TCATTTGAGCTCCACG,145084,TSP27,ileum,natural killer cell,NK
ts_immune_all_1659,TSP27_SI_Ileum_10X3primev31_1_1_TTCCGTGTCTCAGGCG,145255,TSP27,ileum,natural killer cell,NK
ts_immune_all_1659,TSP27_SI_Ileum_10X3primev31_1_1_AGATCCATCCACTAGA,144336,TSP27,ileum,natural killer cell,NK
ts_immune_all_1659,TSP27_SI_Ileum_10X3primev31_1_1_TCAAGCACAGGCAATG,145044,TSP27,ileum,natural killer cell,NK
ts_immune_all_1659,TSP27_SI_Ileum_10X3primev31_1_1_TGGGATTGTTACGTAC,145212,TSP27,ileum,natural killer cell,NK
ts_immune_all_1659,TSP27_SI_Ileum_10X3primev31_1_1_CGTCAAATCCGACATA,144653,TSP27,ileum,natural killer cell,NK
ts_immune_all_1659,TSP27_SI_Ileum_10X3primev31_1_1_CCACTTGCAAACCACT,144571,TSP27,ileum,natural killer cell,NK
ts_immune_all_1659,TSP27_SI_Ileum_10X3primev31_1_1_AAAGTGAAGATTAGAC,144191,TSP27,ileum,natural killer cell,NK
ts_immune_all_1659,TSP27_SI_Ileum_10X3primev31_1_1_GGCTTTCAGGCGTCCT,144870,TSP27,ileum,natural killer cell,NK
ts_immune_all_1659,TSP27_SI_Ileum_10X3primev31_1_1_ATGCCTCGTCCTGGGT,144447,TSP27,ileum,natural killer cell,NK
ts_immune_all_1659,TSP27_SI_Ileum_10X3primev31_1_1_GTGAGCCAGTAGTCAA,144940,TSP27,ileum,natural killer cell,NK
ts_immune_all_1659,TSP27_SI_Ileum_10X3primev31_1_1_TTCTAACTCCATCTAT,145263,TSP27,ileum,natural killer cell,NK
ts_immune_all_1659,TSP27_SI_Ileum_10X3primev31_1_1_TTGGATGCAGGGATAC,145280,TSP27,ileum,natural killer cell,NK
ts_immune_all_1659,TSP27_SI_Ileum_10X3primev31_1_1_CATAGACAGTCCCGAC,144529,TSP27,ileum,natural killer cell,NK
ts_immune_all_1659,TSP27_SI_Ileum_10X3primev31_1_1_ACAAAGATCTAAACGC,144238,TSP27,ileum,natural killer cell,NK
ts_immune_all_1659,TSP27_SI_Ileum_10X3primev31_1_1_GCGGAAAAGAGCAGCT,144832,TSP27,ileum,natural killer cell,NK
ts_immune_all_1659,TSP27_SI_Ileum_10X3primev31_1_1_ACCCAAAGTTGGGAAC,144264,TSP27,ileum,natural killer cell,NK
ts_immune_all_1659,TSP27_SI_Ileum_10X3primev31_1_1_CTTTCGGGTGTATCCA,144733,TSP27,ileum,natural killer cell,NK
ts_immune_all_1659,TSP27_SI_Ileum_10X3primev31_1_1_GACCGTGTCAATCAGC,144759,TSP27,ileum,natural killer cell,NK
ts_immune_all_1659,TSP27_SI_Ileum_10X3primev31_1_1_TCCTCTTTCGGAAACG,145106,TSP27,ileum,natural killer cell,NK
ts_immune_all_1659,TSP27_SI_Ileum_10X3primev31_1_1_ATCGGCGGTTAGAAAC,144434,TSP27,ileum,natural killer cell,NK
ts_immune_all_1659,TSP27_SI_Ileum_10X3primev31_1_1_TCAATCTAGGCGCTCT,145052,TSP27,ileum,natural killer cell,NK
ts_immune_all_1659,TSP27_SI_Ileum_10X3primev31_1_1_TAACCAGTCTCTCCGA,144983,TSP27,ileum,natural killer cell,NK
ts_immune_all_1659,TSP27_SI_Ileum_10X3primev31_1_1_TGGATGTTCATGACAC,145208,TSP27,ileum,natural killer cell,NK
ts_immune_all_0039,TSP1_Muscle_Abdominal_SS2_B107909_B107909Blue_Immune_L21,17522,TSP1,muscle of abdomen,"CD8-positive, alpha-beta T cell",Memory_CD8
ts_immune_all_0039,TSP1_Muscle_Abdominal_SS2_B107909_B107909Blue_Immune_O2,17667,TSP1,muscle of abdomen,"CD8-positive, alpha-beta T cell",Memory_CD8
ts_immune_all_0039,TSP1_Muscle_Abdominal_SS2_B107909_B107909Blue_Immune_G23,17577,TSP1,muscle of abdomen,"CD8-positive, alpha-beta T cell",Memory_CD8
ts_immune_all_0039,TSP1_Muscle_Abdominal_SS2_B107909_B107909Blue_Immune_O17,17674,TSP1,muscle of abdomen,"CD8-positive, alpha-beta T cell",Memory_CD8
ts_immune_all_0039,TSP1_Muscle_Abdominal_SS2_B107909_B107909Blue_Immune_P5,17574,TSP1,muscle of abdomen,"CD8-positive, alpha-beta T cell",Memory_CD8
ts_immune_all_0039,TSP1_Muscle_Abdomen_10X3primev31_1_1_ACTGATGAGTCCTGCG,452003,TSP1,muscle of abdomen,"CD8-positive, alpha-beta T cell",Memory_CD8
ts_immune_all_0039,TSP1_Muscle_Abdominal_SS2_B107909_B107909Blue_Immune_M17,17433,TSP1,muscle of abdomen,"CD8-positive, alpha-beta T cell",Memory_CD8
ts_immune_all_0039,TSP1_Muscle_Abdominal_SS2_B107909_B107909Blue_Immune_P11,17564,TSP1,muscle of abdomen,"CD8-positive, alpha-beta T cell",Memory_CD8
ts_immune_all_0039,TSP1_Muscle_Abdominal_SS2_B107909_B107909Blue_Immune_A2,17552,TSP1,muscle of abdomen,"CD8-positive, alpha-beta T cell",Memory_CD8
ts_immune_all_0039,TSP1_Muscle_Abdomen_10X3primev31_1_2_TTCCTAATCACGGGCT,213435,TSP1,muscle of abdomen,"CD8-positive, alpha-beta T cell",Memory_CD8
ts_immune_all_0039,TSP1_Muscle_Abdominal_SS2_B107909_B107909Blue_Immune_H13,17493,TSP1,muscle of abdomen,"CD8-positive, alpha-beta T cell",Memory_CD8
ts_immune_all_0039,TSP1_Muscle_Abdominal_SS2_B107909_B107909Blue_Immune_A9,17648,TSP1,muscle of abdomen,"CD8-positive, alpha-beta T cell",Memory_CD8
ts_immune_all_0039,TSP1_Muscle_Abdominal_SS2_B107909_B107909Blue_Immune_H19,17516,TSP1,muscle of abdomen,"CD8-positive, alpha-beta T cell",Memory_CD8
ts_immune_all_0039,TSP1_Muscle_Abdomen_10X3primev31_1_1_GCAACATCACATCATG,452022,TSP1,muscle of abdomen,"CD8-positive, alpha-beta T cell",Memory_CD8
ts_immune_all_0039,TSP1_Muscle_Abdominal_SS2_B107909_B107909Blue_Immune_J23,17679,TSP1,muscle of abdomen,"CD8-positive, alpha-beta T cell",Memory_CD8
ts_immune_all_0039,TSP1_Muscle_Abdominal_SS2_B107909_B107909Blue_Immune_M12,17661,TSP1,muscle of abdomen,"CD8-positive, alpha-beta T cell",Memory_CD8
ts_immune_all_0039,TSP1_Muscle_Abdomen_10X3primev31_1_3_TGCTCGTAGGTGCTTT,158005,TSP1,muscle of abdomen,"CD8-positive, alpha-beta T cell",Memory_CD8
ts_immune_all_0039,TSP1_Muscle_Abdominal_SS2_B107909_B107909Blue_Immune_B11,17681,TSP1,muscle of abdomen,"CD8-positive, alpha-beta T cell",Memory_CD8
ts_immune_all_0039,TSP1_Muscle_Abdominal_SS2_B107909_B107909Blue_Immune_A4,17527,TSP1,muscle of abdomen,"CD8-positive, alpha-beta T cell",Memory_CD8
ts_immune_all_0039,TSP1_Muscle_Abdominal_SS2_B107909_B107909Blue_Immune_A1,17695,TSP1,muscle of abdomen,"CD8-positive, alpha-beta T cell",Memory_CD8
ts_immune_all_0039,TSP1_Muscle_Abdominal_SS2_B107909_B107909Blue_Immune_P14,17639,TSP1,muscle of abdomen,"CD8-positive, alpha-beta T cell",Memory_CD8
ts_immune_all_0039,TSP1_Muscle_Abdominal_SS2_B107909_B107909Blue_Immune_N9,17609,TSP1,muscle of abdomen,"CD8-positive, alpha-beta T cell",Memory_CD8
ts_immune_all_0039,TSP1_Muscle_Abdomen_10X3primev31_1_3_CGATGGCTCCTCACGT,157972,TSP1,muscle of abdomen,"CD8-positive, alpha-beta T cell",Memory_CD8
ts_immune_all_0039,TSP1_Muscle_Abdominal_SS2_B107909_B107909Blue_Immune_H20,17601,TSP1,muscle of abdomen,"CD8-positive, alpha-beta T cell",Memory_CD8
ts_immune_all_0039,TSP1_Muscle_Abdomen_10X3primev31_1_3_TTGACCCCAGATGCGA,158011,TSP1,muscle of abdomen,"CD8-positive, alpha-beta T cell",Memory_CD8
ts_immune_all_0039,TSP1_Muscle_Abdominal_SS2_B107909_B107909Blue_Immune_G6,17457,TSP1,muscle of abdomen,"CD8-positive, alpha-beta T cell",Memory_CD8
ts_immune_all_0039,TSP1_Muscle_Abdomen_10X3primev31_1_3_TCATGCCCAACCGTAT,157998,TSP1,muscle of abdomen,"CD8-positive, alpha-beta T cell",Memory_CD8
ts_immune_all_0039,TSP1_Muscle_Abdominal_SS2_B107909_B107909Blue_Immune_G22,17517,TSP1,muscle of abdomen,"CD8-positive, alpha-beta T cell",Memory_CD8
ts_immune_all_0039,TSP1_Muscle_Abdominal_SS2_B107909_B107909Blue_Immune_A16,17442,TSP1,muscle of abdomen,"CD8-positive, alpha-beta T cell",Memory_CD8
ts_immune_all_0039,TSP1_Muscle_Abdomen_10X3primev31_1_3_CGTTAGAAGACTCGAG,157976,TSP1,muscle of abdomen,"CD8-positive, alpha-beta T cell",Memory_CD8
ts_immune_all_0039,TSP1_Muscle_Abdomen_10X3primev31_1_2_TAACTTCCAATGCAGG,213427,TSP1,muscle of abdomen,"CD8-positive, alpha-beta T cell",Memory_CD8
ts_immune_all_0039,TSP1_Muscle_Abdominal_SS2_B107909_B107909Blue_Immune_H8,17476,TSP1,muscle of abdomen,"CD8-positive, alpha-beta T cell",Memory_CD8
ts_immune_all_0039,TSP1_Muscle_Abdominal_SS2_B107909_B107909Blue_Immune_L12,17489,TSP1,muscle of abdomen,"CD8-positive, alpha-beta T cell",Memory_CD8
ts_immune_all_0039,TSP1_Muscle_Abdomen_10X3primev31_1_2_GTCGCGAGTTTCGTAG,213423,TSP1,muscle of abdomen,"CD8-positive, alpha-beta T cell",Memory_CD8
ts_immune_all_0039,TSP1_Muscle_Abdomen_10X3primev31_1_1_GGGTATTCAAAGACGC,452029,TSP1,muscle of abdomen,"CD8-positive, alpha-beta T cell",Memory_CD8
ts_immune_all_0039,TSP1_Muscle_Abdomen_10X3primev31_1_3_CTCAACCCATCGGTTA,157978,TSP1,muscle of abdomen,"CD8-positive, alpha-beta T cell",Memory_CD8
ts_immune_all_0039,TSP1_Muscle_Abdominal_SS2_B107909_B107909Blue_Immune_C23,17694,TSP1,muscle of abdomen,"CD8-positive, alpha-beta T cell",Memory_CD8
ts_immune_all_0039,TSP1_Muscle_Abdominal_SS2_B107909_B107909Blue_Immune_N11,17562,TSP1,muscle of abdomen,"CD8-positive, alpha-beta T cell",Memory_CD8
ts_immune_all_0039,TSP1_Muscle_Abdominal_SS2_B107909_B107909Blue_Immune_G19,17538,TSP1,muscle of abdomen,"CD8-positive, alpha-beta T cell",Memory_CD8
ts_immune_all_0039,TSP1_Muscle_Abdominal_SS2_B107909_B107909Blue_Immune_F3,17686,TSP1,muscle of abdomen,"CD8-positive, alpha-beta T cell",Memory_CD8
ts_immune_all_0039,TSP1_Muscle_Abdominal_SS2_B107909_B107909Blue_Immune_A19,17530,TSP1,muscle of abdomen,"CD8-positive, alpha-beta T cell",Memory_CD8
ts_immune_all_0039,TSP1_Muscle_Abdomen_10X3primev31_1_3_CAGGCCATCGAGAGAC,157968,TSP1,muscle of abdomen,"CD8-positive, alpha-beta T cell",Memory_CD8
ts_immune_all_0039,TSP1_Muscle_Abdominal_SS2_B107909_B107909Blue_Immune_G3,17684,TSP1,muscle of abdomen,"CD8-positive, alpha-beta T cell",Memory_CD8
ts_immune_all_0039,TSP1_Muscle_Abdominal_SS2_B107909_B107909Blue_Immune_A23,17566,TSP1,muscle of abdomen,"CD8-positive, alpha-beta T cell",Memory_CD8
ts_immune_all_0039,TSP1_Muscle_Abdominal_SS2_B107909_B107909Blue_Immune_G13,17660,TSP1,muscle of abdomen,"CD8-positive, alpha-beta T cell",Memory_CD8
ts_immune_all_0039,TSP1_Muscle_Abdominal_SS2_B107909_B107909Blue_Immune_A8,17482,TSP1,muscle of abdomen,"CD8-positive, alpha-beta T cell",Memory_CD8
ts_immune_all_0039,TSP1_Muscle_Abdominal_SS2_B107909_B107909Blue_Immune_F18,17724,TSP1,muscle of abdomen,"CD8-positive, alpha-beta T cell",Memory_CD8
ts_immune_all_0039,TSP1_Muscle_Abdomen_10X3primev31_1_2_GGGAGATAGCAAGCCA,213419,TSP1,muscle of abdomen,"CD8-positive, alpha-beta T cell",Memory_CD8
ts_immune_all_0039,TSP1_Muscle_Abdominal_SS2_B107909_B107909Blue_Immune_H18,17568,TSP1,muscle of abdomen,"CD8-positive, alpha-beta T cell",Memory_CD8
ts_immune_all_0039,TSP1_Muscle_Abdomen_10X3primev31_1_2_TTCCAATGTCACAGTT,213434,TSP1,muscle of abdomen,"CD8-positive, alpha-beta T cell",Memory_CD8
ts_immune_all_1254,TSP25_Blood_NA_10X_1_1_5prime_GAACCTAGTCCGCTGA,23136,TSP25,blood,classical monocyte,Cl_Mono
ts_immune_all_1254,TSP25_Blood_NA_10X_1_1_PBMC_GAGGCAACAGGCTCTG,303427,TSP25,blood,classical monocyte,Cl_Mono
ts_immune_all_1254,TSP25_Blood_NA_10X_1_1_PBMC_CCCTGATCATCCGGTG,303298,TSP25,blood,classical monocyte,Cl_Mono
ts_immune_all_1254,TSP25_Blood_NA_10X_1_2_PBMC_AGTCACAAGGCACCAA,202491,TSP25,blood,classical monocyte,Cl_Mono
ts_immune_all_1254,TSP25_Blood_NA_10X_1_1_PBMC_AGACCCGTCATTGCCC,303090,TSP25,blood,classical monocyte,Cl_Mono
ts_immune_all_1254,TSP25_Blood_NA_10X_1_1_5prime_CTCAGAACAACTTGAC,23023,TSP25,blood,classical monocyte,Cl_Mono
ts_immune_all_1254,TSP25_Blood_NA_10X_1_2_PBMC_CTGGACGCACAGTCCG,202736,TSP25,blood,classical monocyte,Cl_Mono
ts_immune_all_1254,TSP25_Blood_NA_10X_1_2_PBMC_ACAAAGACAAAGCGTG,202393,TSP25,blood,classical monocyte,Cl_Mono
ts_immune_all_1254,TSP25_Blood_NA_10X_1_2_PBMC_CCACAAACATACGCAT,202636,TSP25,blood,classical monocyte,Cl_Mono
ts_immune_all_1254,TSP25_Blood_NA_10X_1_2_PBMC_GAATCGTAGAGTCAAT,202772,TSP25,blood,classical monocyte,Cl_Mono
ts_immune_all_1254,TSP25_Blood_NA_10X_1_2_PBMC_AGGTCTAAGTATAGAC,202485,TSP25,blood,classical monocyte,Cl_Mono
ts_immune_all_1254,TSP25_Blood_NA_10X_1_1_PBMC_GTAGATCTCCAGCTCT,303531,TSP25,blood,classical monocyte,Cl_Mono
ts_immune_all_1254,TSP25_Blood_NA_10X_1_1_5prime_TGAGCATAGATGAGAG,23671,TSP25,blood,classical monocyte,Cl_Mono
ts_immune_all_1254,TSP25_Blood_NA_10X_1_1_PBMC_CGCAGGTGTGGTTTGT,303324,TSP25,blood,classical monocyte,Cl_Mono
ts_immune_all_1254,TSP25_Blood_NA_10X_1_2_PBMC_GGGACCTAGAGAGCCT,202876,TSP25,blood,classical monocyte,Cl_Mono
ts_immune_all_1254,TSP25_Blood_NA_10X_1_2_PBMC_ACTGTCCTCTCATTGT,202436,TSP25,blood,classical monocyte,Cl_Mono
ts_immune_all_1254,TSP25_Blood_NA_10X_1_2_PBMC_CTGCAGGCATGGCTAT,202733,TSP25,blood,classical monocyte,Cl_Mono
ts_immune_all_1254,TSP25_Blood_NA_10X_1_1_PBMC_GGGTATTTCTAGTCAG,303508,TSP25,blood,classical monocyte,Cl_Mono
ts_immune_all_1254,TSP25_Blood_NA_10X_1_1_5prime_CAGAATCTCACGCATA,22728,TSP25,blood,classical monocyte,Cl_Mono
ts_immune_all_1254,TSP25_Blood_NA_10X_1_1_PBMC_AACCATGAGAGGTGCT,302990,TSP25,blood,classical monocyte,Cl_Mono
ts_immune_all_1254,TSP25_Blood_NA_10X_1_2_PBMC_TTGACCCTCGGTAAGG,203185,TSP25,blood,classical monocyte,Cl_Mono
ts_immune_all_1254,TSP25_Blood_NA_10X_1_1_PBMC_GGTTGTAGTACATTGC,303520,TSP25,blood,classical monocyte,Cl_Mono
ts_immune_all_1254,TSP25_Blood_NA_10X_1_1_5prime_TCATTTGGTACTTAGC,23614,TSP25,blood,classical monocyte,Cl_Mono
ts_immune_all_1254,TSP25_Blood_NA_10X_1_2_PBMC_CGGGTGTCAGTAGGAC,202688,TSP25,blood,classical monocyte,Cl_Mono
ts_immune_all_1254,TSP25_Blood_NA_10X_1_1_5prime_GGACAAGGTCATGCCG,23322,TSP25,blood,classical monocyte,Cl_Mono
ts_immune_all_1254,TSP25_Blood_NA_10X_1_2_PBMC_ACTGTGAGTCTGGTTA,202437,TSP25,blood,classical monocyte,Cl_Mono
ts_immune_all_1254,TSP25_Blood_NA_10X_1_2_PBMC_TCTGGCTCACACACTA,203075,TSP25,blood,classical monocyte,Cl_Mono
ts_immune_all_1254,TSP25_Blood_NA_10X_1_2_PBMC_TTACCATTCGCCCAGA,203155,TSP25,blood,classical monocyte,Cl_Mono
ts_immune_all_1254,TSP25_Blood_NA_10X_1_2_PBMC_ACTTCCGTCATTTCCA,202441,TSP25,blood,classical monocyte,Cl_Mono
ts_immune_all_1254,TSP25_Blood_NA_10X_1_2_PBMC_CGTGTCTAGTCGCCAC,202699,TSP25,blood,classical monocyte,Cl_Mono
ts_immune_all_1254,TSP25_Blood_NA_10X_1_1_PBMC_GCACATACATAGATCC,303447,TSP25,blood,classical monocyte,Cl_Mono
ts_immune_all_1254,TSP25_Blood_NA_10X_1_1_5prime_GTGAAGGCAAGACGTG,23450,TSP25,blood,classical monocyte,Cl_Mono
ts_immune_all_1254,TSP25_Blood_NA_10X_1_1_5prime_GTCGGGTGTTGTCTTT,23439,TSP25,blood,classical monocyte,Cl_Mono
ts_immune_all_1254,TSP25_Blood_NA_10X_1_2_PBMC_AAAGTGAGTGTCTCCT,202353,TSP25,blood,classical monocyte,Cl_Mono
ts_immune_all_1254,TSP25_Blood_NA_10X_1_1_PBMC_CTTTCGGTCTCTGAGA,303401,TSP25,blood,classical monocyte,Cl_Mono
ts_immune_all_1254,TSP25_Blood_NA_10X_1_1_5prime_CTGTTTACAATGTAAG,23094,TSP25,blood,classical monocyte,Cl_Mono
ts_immune_all_1254,TSP25_Blood_NA_10X_1_2_PBMC_GAGGGATTCGTTCTCG,202797,TSP25,blood,classical monocyte,Cl_Mono
ts_immune_all_1254,TSP25_Blood_NA_10X_1_1_PBMC_ACTGATGGTGAGAGGG,303064,TSP25,blood,classical monocyte,Cl_Mono
ts_immune_all_1254,TSP25_Blood_NA_10X_1_1_5prime_CTTAACTGTAGTACCT,23102,TSP25,blood,classical monocyte,Cl_Mono
ts_immune_all_1254,TSP25_Blood_NA_10X_1_2_PBMC_TGGAGAGGTACTAACC,203116,TSP25,blood,classical monocyte,Cl_Mono
ts_immune_all_1254,TSP25_Blood_NA_10X_1_2_PBMC_CTGGCAGGTCCAGGTC,202737,TSP25,blood,classical monocyte,Cl_Mono
ts_immune_all_1254,TSP25_Blood_NA_10X_1_1_5prime_TATCAGGTCCTCGCAT,23564,TSP25,blood,classical monocyte,Cl_Mono
ts_immune_all_1254,TSP25_Blood_NA_10X_1_1_5prime_AGCTCTCGTGAGTGAC,22557,TSP25,blood,classical monocyte,Cl_Mono
ts_immune_all_1254,TSP25_Blood_NA_10X_1_1_PBMC_TTCACGCGTTGGACCC,303783,TSP25,blood,classical monocyte,Cl_Mono
ts_immune_all_1254,TSP25_Blood_NA_10X_1_1_PBMC_AGAAATGGTACGATGG,303079,TSP25,blood,classical monocyte,Cl_Mono
ts_immune_all_1254,TSP25_Blood_NA_10X_1_2_PBMC_CCAAGCGTCCGCATAA,202633,TSP25,blood,classical monocyte,Cl_Mono
ts_immune_all_1254,TSP25_Blood_NA_10X_1_1_5prime_GCGGGTTCATATGCTG,23288,TSP25,blood,classical monocyte,Cl_Mono
ts_immune_all_1254,TSP25_Blood_NA_10X_1_1_5prime_AGCTCTCTCAGTTAGC,22558,TSP25,blood,classical monocyte,Cl_Mono
ts_immune_all_1254,TSP25_Blood_NA_10X_1_1_5prime_AATCCAGAGCTTCGCG,22414,TSP25,blood,classical monocyte,Cl_Mono
ts_immune_all_1254,TSP25_Blood_NA_10X_1_2_PBMC_TGTGTGAGTCTCTCTG,203144,TSP25,blood,classical monocyte,Cl_Mono
ts_immune_all_1373,TSP25_Spleen_NA_10X_2_1_TTCGATTCATGAGATA,213092,TSP25,spleen,macrophage,Macrophage
ts_immune_all_1373,TSP25_Spleen_NA_10X_1_1_GAGTCATCATGTTACG,448011,TSP25,spleen,macrophage,Macrophage
ts_immune_all_1373,TSP25_Spleen_NA_10X_2_1_CAATCGATCCCTCGAT,211676,TSP25,spleen,macrophage,Macrophage
ts_immune_all_1373,TSP25_Spleen_NA_10X_2_1_AAAGTGAAGAGATTCA,211183,TSP25,spleen,macrophage,Macrophage
ts_immune_all_1373,TSP25_Spleen_NA_10X_1_1_TTCCAATCATGCCGCA,448421,TSP25,spleen,macrophage,Macrophage
ts_immune_all_1373,TSP25_Spleen_NA_10X_1_1_5prime_TCGCGTTCAATCCAAC,108833,TSP25,spleen,macrophage,Macrophage
ts_immune_all_1373,TSP25_Spleen_NA_10X_2_1_TCCTAATGTACGATCT,212784,TSP25,spleen,macrophage,Macrophage
ts_immune_all_1373,TSP25_Spleen_NA_10X_2_1_CTCCATGGTATCACGT,212028,TSP25,spleen,macrophage,Macrophage
ts_immune_all_1373,TSP25_Spleen_NA_10X_1_1_CACTTCGGTCAGCGTC,447752,TSP25,spleen,macrophage,Macrophage
ts_immune_all_1373,TSP25_Spleen_NA_10X_1_1_GATTGGTCACACCTGG,448027,TSP25,spleen,macrophage,Macrophage
ts_immune_all_1373,TSP25_Spleen_NA_10X_2_1_CAGCGTGAGATCGGTG,211728,TSP25,spleen,macrophage,Macrophage
ts_immune_all_1373,TSP25_Spleen_NA_10X_1_1_ACATGCATCGAGTCTA,447504,TSP25,spleen,macrophage,Macrophage
ts_immune_all_1373,TSP25_Spleen_NA_10X_1_1_5prime_AGCTCCTGTAGCGTGA,108087,TSP25,spleen,macrophage,Macrophage
ts_immune_all_1373,TSP25_Spleen_NA_10X_1_1_5prime_CTGGTCTAGCAATCTC,108462,TSP25,spleen,macrophage,Macrophage
ts_immune_all_1373,TSP25_Spleen_NA_10X_1_1_5prime_GGACAGAAGCGTTGCC,108608,TSP25,spleen,macrophage,Macrophage
ts_immune_all_1373,TSP25_Spleen_NA_10X_1_1_5prime_CTGATAGTCGTTTGCC,108448,TSP25,spleen,macrophage,Macrophage
ts_immune_all_1373,TSP25_Spleen_NA_10X_1_1_5prime_CGCTTCAAGGCTAGGT,108347,TSP25,spleen,macrophage,Macrophage
ts_immune_all_1373,TSP25_Spleen_NA_10X_1_1_ATTCCCGGTGACAACG,447697,TSP25,spleen,macrophage,Macrophage
ts_immune_all_1373,TSP25_Spleen_NA_10X_2_1_CTTGATTTCGTAGCCG,212103,TSP25,spleen,macrophage,Macrophage
ts_immune_all_1373,TSP25_Spleen_NA_10X_1_1_ATAGACCCAATTGAGA,447646,TSP25,spleen,macrophage,Macrophage
ts_immune_all_1373,TSP25_Spleen_NA_10X_1_1_5prime_AATCCAGAGAACAACT,107984,TSP25,spleen,macrophage,Macrophage
ts_immune_all_1373,TSP25_Spleen_NA_10X_1_1_GTGAGTTAGCAATTCC,448145,TSP25,spleen,macrophage,Macrophage
ts_immune_all_1373,TSP25_Spleen_NA_10X_2_1_AATCACGAGTTCAACC,211256,TSP25,spleen,macrophage,Macrophage
ts_immune_all_1373,TSP25_Spleen_NA_10X_1_1_ATACCTTCACCCTAAA,447644,TSP25,spleen,macrophage,Macrophage
ts_immune_all_1373,TSP25_Spleen_NA_10X_1_1_5prime_ACACTGAGTTCCCTTG,107996,TSP25,spleen,macrophage,Macrophage
ts_immune_all_1373,TSP25_Spleen_NA_10X_1_1_TTGCTGCAGTAGCCAG,448450,TSP25,spleen,macrophage,Macrophage
ts_immune_all_1373,TSP25_Spleen_NA_10X_2_1_TCGGGACAGGCAATGC,212822,TSP25,spleen,macrophage,Macrophage
ts_immune_all_1373,TSP25_Spleen_NA_10X_1_1_TCATGCCGTGAACTAA,448266,TSP25,spleen,macrophage,Macrophage
ts_immune_all_1373,TSP25_Spleen_NA_10X_1_1_AAAGTGAGTAGCGATG,447449,TSP25,spleen,macrophage,Macrophage
ts_immune_all_1373,TSP25_Spleen_NA_10X_1_1_AGACCCGAGCGATCGA,447568,TSP25,spleen,macrophage,Macrophage
ts_immune_all_1373,TSP25_Spleen_NA_10X_2_1_GTCCACTTCACAACCA,212476,TSP25,spleen,macrophage,Macrophage
ts_immune_all_1373,TSP25_Spleen_NA_10X_1_1_TTTGTTGAGAAATTCG,448476,TSP25,spleen,macrophage,Macrophage
ts_immune_all_1373,TSP25_Spleen_NA_10X_2_1_CTCCACAAGAGGACTC,212023,TSP25,spleen,macrophage,Macrophage
ts_immune_all_1373,TSP25_Spleen_NA_10X_1_1_AAGCGAGAGCTTCGTA,447477,TSP25,spleen,macrophage,Macrophage
ts_immune_all_1373,TSP25_Spleen_NA_10X_2_1_TGTGGCGGTCTAGATC,213021,TSP25,spleen,macrophage,Macrophage
ts_immune_all_1373,TSP25_Spleen_NA_10X_1_1_5prime_CGCTTCATCTTCCTTC,108349,TSP25,spleen,macrophage,Macrophage
ts_immune_all_1373,TSP25_Spleen_NA_10X_2_1_ATCCGTCAGATCGACG,211556,TSP25,spleen,macrophage,Macrophage
ts_immune_all_1373,TSP25_Spleen_NA_10X_2_1_GGCACGTTCCAACCAA,212350,TSP25,spleen,macrophage,Macrophage
ts_immune_all_1373,TSP25_Spleen_NA_10X_1_1_5prime_GCGCAGTTCCTCAACC,108579,TSP25,spleen,macrophage,Macrophage
ts_immune_all_1373,TSP25_Spleen_NA_10X_2_1_TCTTGCGTCTGGGTCG,212878,TSP25,spleen,macrophage,Macrophage
ts_immune_all_1373,TSP25_Spleen_NA_10X_1_1_ATTCACTAGTATTGCC,447689,TSP25,spleen,macrophage,Macrophage
ts_immune_all_1373,TSP25_Spleen_NA_10X_1_1_5prime_TCTTTCCGTCACCTAA,108848,TSP25,spleen,macrophage,Macrophage
ts_immune_all_1373,TSP25_Spleen_NA_10X_1_1_ACCACAACAATAACCC,447505,TSP25,spleen,macrophage,Macrophage
ts_immune_all_1373,TSP25_Spleen_NA_10X_1_1_5prime_ACGCCGAAGGCAATTA,108026,TSP25,spleen,macrophage,Macrophage
ts_immune_all_1373,TSP25_Spleen_NA_10X_2_1_CTAGGTATCCAACACA,211994,TSP25,spleen,macrophage,Macrophage
ts_immune_all_1373,TSP25_Spleen_NA_10X_2_1_TTTACTGTCACCTCGT,213148,TSP25,spleen,macrophage,Macrophage
ts_immune_all_1373,TSP25_Spleen_NA_10X_2_1_TTGGTTTCAGACACCC,213131,TSP25,spleen,macrophage,Macrophage
ts_immune_all_1373,TSP25_Spleen_NA_10X_1_1_CCTCATGTCCTTCTGG,447855,TSP25,spleen,macrophage,Macrophage
ts_immune_all_1373,TSP25_Spleen_NA_10X_1_1_AGGTTGTGTTTGCAGT,447613,TSP25,spleen,macrophage,Macrophage
ts_immune_all_1373,TSP25_Spleen_NA_10X_1_1_GTCGAATGTCCACACG,448131,TSP25,spleen,macrophage,Macrophage
ts_immune_all_1182,TSP21_Thymus_NA_10X_1_2_5prime_GAGGTGAGTATGAATG,339763,TSP21,thymus,"naive thymus-derived CD8-positive, alpha-beta T cell",Naive_CD8
ts_immune_all_1182,TSP21_Thymus_NA_10X_1_2_5prime_ATCTGCCCAAGCGATG,339434,TSP21,thymus,"naive thymus-derived CD8-positive, alpha-beta T cell",Naive_CD8
ts_immune_all_1182,TSP21_Thymus_NA_10X_1_1_5prime_ACGAGCCTCTCTGAGA,586830,TSP21,thymus,"naive thymus-derived CD8-positive, alpha-beta T cell",Naive_CD8
ts_immune_all_1182,TSP21_Thymus_NA_10X_1_1_5prime_TGGTTCCCATGCCTTC,587343,TSP21,thymus,"naive thymus-derived CD8-positive, alpha-beta T cell",Naive_CD8
ts_immune_all_1182,TSP21_Thymus_NA_10X_1_2_5prime_CTTGGCTTCTTCGGTC,339719,TSP21,thymus,"naive thymus-derived CD8-positive, alpha-beta T cell",Naive_CD8
ts_immune_all_1182,TSP21_Thymus_NA_10X_1_1_AGGACGAGTGACATCT,451200,TSP21,thymus,"naive thymus-derived CD8-positive, alpha-beta T cell",Naive_CD8
ts_immune_all_1182,TSP21_Thymus_NA_10X_1_1_CTAGACACAATACGAA,451445,TSP21,thymus,"naive thymus-derived CD8-positive, alpha-beta T cell",Naive_CD8
ts_immune_all_1182,TSP21_Thymus_NA_10X_1_1_GTCGTAACATCGGAGA,451662,TSP21,thymus,"naive thymus-derived CD8-positive, alpha-beta T cell",Naive_CD8
ts_immune_all_1182,TSP21_Thymus_NA_10X_1_1_GCTGAATCAATACCTG,451580,TSP21,thymus,"naive thymus-derived CD8-positive, alpha-beta T cell",Naive_CD8
ts_immune_all_1182,TSP21_Thymus_NA_10X_1_1_5prime_GAACCTATCCCGGATG,587095,TSP21,thymus,"naive thymus-derived CD8-positive, alpha-beta T cell",Naive_CD8
ts_immune_all_1182,TSP21_Thymus_NA_10X_1_2_5prime_GTGCTTCCATTAACCG,339939,TSP21,thymus,"naive thymus-derived CD8-positive, alpha-beta T cell",Naive_CD8
ts_immune_all_1182,TSP21_Thymus_NA_10X_1_1_5prime_TAAGAGATCGGTCTAA,587236,TSP21,thymus,"naive thymus-derived CD8-positive, alpha-beta T cell",Naive_CD8
ts_immune_all_1182,TSP21_Thymus_NA_10X_1_1_5prime_CCAATCCCACGAAACG,586966,TSP21,thymus,"naive thymus-derived CD8-positive, alpha-beta T cell",Naive_CD8
ts_immune_all_1182,TSP21_Thymus_NA_10X_1_1_5prime_AGCATACTCAACGCTA,586854,TSP21,thymus,"naive thymus-derived CD8-positive, alpha-beta T cell",Naive_CD8
ts_immune_all_1182,TSP21_Thymus_NA_10X_1_2_5prime_TACTCATTCTGGAGCC,339965,TSP21,thymus,"naive thymus-derived CD8-positive, alpha-beta T cell",Naive_CD8
ts_immune_all_1182,TSP21_Thymus_NA_10X_1_1_5prime_ATCATGGTCGGAAATA,586892,TSP21,thymus,"naive thymus-derived CD8-positive, alpha-beta T cell",Naive_CD8
ts_immune_all_1182,TSP21_Thymus_NA_10X_1_1_GAATCACTCGAATGCT,451501,TSP21,thymus,"naive thymus-derived CD8-positive, alpha-beta T cell",Naive_CD8
ts_immune_all_1182,TSP21_Thymus_NA_10X_1_1_5prime_GTGCAGCGTGACTCAT,587222,TSP21,thymus,"naive thymus-derived CD8-positive, alpha-beta T cell",Naive_CD8
ts_immune_all_1182,TSP21_Thymus_NA_10X_1_2_5prime_CTCATTAGTCAAAGAT,339676,TSP21,thymus,"naive thymus-derived CD8-positive, alpha-beta T cell",Naive_CD8
ts_immune_all_1182,TSP21_Thymus_NA_10X_1_2_CATCCACCATAAGCGG,230728,TSP21,thymus,"naive thymus-derived CD8-positive, alpha-beta T cell",Naive_CD8
ts_immune_all_1182,TSP21_Thymus_NA_10X_1_2_5prime_GGGAGATCACCAGATT,339875,TSP21,thymus,"naive thymus-derived CD8-positive, alpha-beta T cell",Naive_CD8
ts_immune_all_1182,TSP21_Thymus_NA_10X_1_1_5prime_GCGCGATCATTCGACA,587153,TSP21,thymus,"naive thymus-derived CD8-positive, alpha-beta T cell",Naive_CD8
ts_immune_all_1182,TSP21_Thymus_NA_10X_1_2_TATTTCGGTTAAACAG,231111,TSP21,thymus,"naive thymus-derived CD8-positive, alpha-beta T cell",Naive_CD8
ts_immune_all_1182,TSP21_Thymus_NA_10X_1_2_5prime_CATCAGATCTTTAGTC,339527,TSP21,thymus,"naive thymus-derived CD8-positive, alpha-beta T cell",Naive_CD8
ts_immune_all_1182,TSP21_Thymus_NA_10X_1_2_CAGGCCAAGGACCCAA,230717,TSP21,thymus,"naive thymus-derived CD8-positive, alpha-beta T cell",Naive_CD8
ts_immune_all_1182,TSP21_Thymus_NA_10X_1_1_5prime_CGAATGTCACGACTCG,586995,TSP21,thymus,"naive thymus-derived CD8-positive, alpha-beta T cell",Naive_CD8
ts_immune_all_1182,TSP21_Thymus_NA_10X_1_1_5prime_AGCTCTCCAGTATGCT,586859,TSP21,thymus,"naive thymus-derived CD8-positive, alpha-beta T cell",Naive_CD8
ts_immune_all_1182,TSP21_Thymus_NA_10X_1_2_5prime_TAGTGGTAGCGTTTAC,339991,TSP21,thymus,"naive thymus-derived CD8-positive, alpha-beta T cell",Naive_CD8
ts_immune_all_1182,TSP21_Thymus_NA_10X_1_2_5prime_CCAGCGAGTCCGTCAG,339548,TSP21,thymus,"naive thymus-derived CD8-positive, alpha-beta T cell",Naive_CD8
ts_immune_all_1182,TSP21_Thymus_NA_10X_1_1_5prime_TAAGCGTAGAGCAATT,587237,TSP21,thymus,"naive thymus-derived CD8-positive, alpha-beta T cell",Naive_CD8
ts_immune_all_1182,TSP21_Thymus_NA_10X_1_2_5prime_CTAGTGAGTTGGTAAA,339668,TSP21,thymus,"naive thymus-derived CD8-positive, alpha-beta T cell",Naive_CD8
ts_immune_all_1182,TSP21_Thymus_NA_10X_1_1_CCCAACTGTGTCTTGA,451376,TSP21,thymus,"naive thymus-derived CD8-positive, alpha-beta T cell",Naive_CD8
ts_immune_all_1182,TSP21_Thymus_NA_10X_1_1_5prime_GGAGCAATCACTGGGC,587179,TSP21,thymus,"naive thymus-derived CD8-positive, alpha-beta T cell",Naive_CD8
ts_immune_all_1182,TSP21_Thymus_NA_10X_1_1_5prime_ACGCAGCTCGGCGGTT,586836,TSP21,thymus,"naive thymus-derived CD8-positive, alpha-beta T cell",Naive_CD8
ts_immune_all_1182,TSP21_Thymus_NA_10X_1_2_TGCGGCATCGAGTACT,231183,TSP21,thymus,"naive thymus-derived CD8-positive, alpha-beta T cell",Naive_CD8
ts_immune_all_1182,TSP21_Thymus_NA_10X_1_2_TGTGAGTCAGACGCTC,231201,TSP21,thymus,"naive thymus-derived CD8-positive, alpha-beta T cell",Naive_CD8
ts_immune_all_1182,TSP21_Thymus_NA_10X_1_2_AGGAAATTCGCAAGAG,230604,TSP21,thymus,"naive thymus-derived CD8-positive, alpha-beta T cell",Naive_CD8
ts_immune_all_1182,TSP21_Thymus_NA_10X_1_1_5prime_TACACGAGTTGGAGGT,587243,TSP21,thymus,"naive thymus-derived CD8-positive, alpha-beta T cell",Naive_CD8
ts_immune_all_1182,TSP21_Thymus_NA_10X_1_2_5prime_CATTATCTCAGATAAG,339537,TSP21,thymus,"naive thymus-derived CD8-positive, alpha-beta T cell",Naive_CD8
ts_immune_all_1182,TSP21_Thymus_NA_10X_1_2_5prime_TACGGATAGTCCATAC,339960,TSP21,thymus,"naive thymus-derived CD8-positive, alpha-beta T cell",Naive_CD8
ts_immune_all_1182,TSP21_Thymus_NA_10X_1_2_5prime_CAGCGACAGCTACCGC,339508,TSP21,thymus,"naive thymus-derived CD8-positive, alpha-beta T cell",Naive_CD8
ts_immune_all_1182,TSP21_Thymus_NA_10X_1_1_5prime_CGAGCACTCAAGGTAA,587000,TSP21,thymus,"naive thymus-derived CD8-positive, alpha-beta T cell",Naive_CD8
ts_immune_all_1182,TSP21_Thymus_NA_10X_1_1_5prime_TAGACCAGTGTTGAGG,587253,TSP21,thymus,"naive thymus-derived CD8-positive, alpha-beta T cell",Naive_CD8
ts_immune_all_1182,TSP21_Thymus_NA_10X_1_1_5prime_TGGTTAGCAAGAAGAG,587341,TSP21,thymus,"naive thymus-derived CD8-positive, alpha-beta T cell",Naive_CD8
ts_immune_all_1182,TSP21_Thymus_NA_10X_1_2_GCGTGCACAGACCATT,230962,TSP21,thymus,"naive thymus-derived CD8-positive, alpha-beta T cell",Naive_CD8
ts_immune_all_1182,TSP21_Thymus_NA_10X_1_1_5prime_CTCGTACAGGCATGGT,587059,TSP21,thymus,"naive thymus-derived CD8-positive, alpha-beta T cell",Naive_CD8
ts_immune_all_1182,TSP21_Thymus_NA_10X_1_2_5prime_CTGATAGTCACCACCT,339697,TSP21,thymus,"naive thymus-derived CD8-positive, alpha-beta T cell",Naive_CD8
ts_immune_all_1182,TSP21_Thymus_NA_10X_1_1_5prime_GGAAAGCCAGATGGGT,587161,TSP21,thymus,"naive thymus-derived CD8-positive, alpha-beta T cell",Naive_CD8
ts_immune_all_1182,TSP21_Thymus_NA_10X_1_2_5prime_GTACTTTTCCATGCTC,339909,TSP21,thymus,"naive thymus-derived CD8-positive, alpha-beta T cell",Naive_CD8
ts_immune_all_1182,TSP21_Thymus_NA_10X_1_1_5prime_ATCCACCCAACTGCTA,586893,TSP21,thymus,"naive thymus-derived CD8-positive, alpha-beta T cell",Naive_CD8
ts_immune_all_1186,TSP21_BoneMarrow_NA_10X_1_1_GACAGCCCACACCGCA,305388,TSP21,bone marrow,common myeloid progenitor,CMP
ts_immune_all_1186,TSP21_BoneMarrow_NA_10X_1_1_TCAATCTCAGAGAAAG,306122,TSP21,bone marrow,common myeloid progenitor,CMP
ts_immune_all_1186,TSP21_BoneMarrow_NA_10X_1_1_CTCTCGACACAGAAGC,305243,TSP21,bone marrow,common myeloid progenitor,CMP
ts_immune_all_1186,TSP21_BoneMarrow_NA_10X_1_1_AGGACGATCATGCCCT,304471,TSP21,bone marrow,common myeloid progenitor,CMP
ts_immune_all_1186,TSP21_BoneMarrow_NA_10X_1_1_GTCAGCGAGTCGCGAA,305835,TSP21,bone marrow,common myeloid progenitor,CMP
ts_immune_all_1186,TSP21_BoneMarrow_NA_10X_1_1_TCTATCATCCATCACC,306320,TSP21,bone marrow,common myeloid progenitor,CMP
ts_immune_all_1186,TSP21_BoneMarrow_NA_10X_1_1_ATGTCTTAGTGGATAT,304656,TSP21,bone marrow,common myeloid progenitor,CMP
ts_immune_all_1186,TSP21_BoneMarrow_NA_10X_1_1_TTACGTTTCACTGGTA,306575,TSP21,bone marrow,common myeloid progenitor,CMP
ts_immune_all_1186,TSP21_BoneMarrow_NA_10X_1_1_AAAGGGCCAACATCGT,304108,TSP21,bone marrow,common myeloid progenitor,CMP
ts_immune_all_1186,TSP21_BoneMarrow_NA_10X_1_1_GCAGGCTAGGATCATA,305555,TSP21,bone marrow,common myeloid progenitor,CMP
ts_immune_all_1186,TSP21_BoneMarrow_NA_10X_1_1_5prime_GCAGTTATCTATCCCG,581305,TSP21,bone marrow,common myeloid progenitor,CMP
ts_immune_all_1186,TSP21_BoneMarrow_NA_10X_1_1_ACGCACGGTCGAGCTC,304284,TSP21,bone marrow,common myeloid progenitor,CMP
ts_immune_all_1186,TSP21_BoneMarrow_NA_10X_1_1_CGGAATTTCCATTGTT,305069,TSP21,bone marrow,common myeloid progenitor,CMP
ts_immune_all_1186,TSP21_BoneMarrow_NA_10X_1_1_5prime_GTCTTCGCAGGGTTAG,581433,TSP21,bone marrow,common myeloid progenitor,CMP
ts_immune_all_1186,TSP21_BoneMarrow_NA_10X_1_1_CATCGCTTCGTGCTCT,304851,TSP21,bone marrow,common myeloid progenitor,CMP
ts_immune_all_1186,TSP21_BoneMarrow_NA_10X_1_1_TGGAACTCACAGCCAC,306455,TSP21,bone marrow,common myeloid progenitor,CMP
ts_immune_all_1186,TSP21_BoneMarrow_NA_10X_1_1_GTACAGTTCGCGCCAA,305804,TSP21,bone marrow,common myeloid progenitor,CMP
ts_immune_all_1186,TSP21_BoneMarrow_NA_10X_1_1_TCCTCCCCATCGCTCT,306245,TSP21,bone marrow,common myeloid progenitor,CMP
ts_immune_all_1186,TSP21_BoneMarrow_NA_10X_1_1_CACAGGCCACTGCACG,304750,TSP21,bone marrow,common myeloid progenitor,CMP
ts_immune_all_1186,TSP21_BoneMarrow_NA_10X_1_1_TTCCGTGGTGGGCTCT,306608,TSP21,bone marrow,common myeloid progenitor,CMP
ts_immune_all_1186,TSP21_BoneMarrow_NA_10X_1_1_5prime_CTAAGACCACGAAACG,581157,TSP21,bone marrow,common myeloid progenitor,CMP
ts_immune_all_1186,TSP21_BoneMarrow_NA_10X_1_1_AGGCTGCGTACCATAC,304493,TSP21,bone marrow,common myeloid progenitor,CMP
ts_immune_all_1186,TSP21_BoneMarrow_NA_10X_1_1_AGACCATAGTAGTCTC,304398,TSP21,bone marrow,common myeloid progenitor,CMP
ts_immune_all_1186,TSP21_BoneMarrow_NA_10X_1_1_TGGTGATGTCGATTTG,306493,TSP21,bone marrow,common myeloid progenitor,CMP
ts_immune_all_1186,TSP21_BoneMarrow_NA_10X_1_1_GAGACCCAGCCAAGGT,305432,TSP21,bone marrow,common myeloid progenitor,CMP
ts_immune_all_1186,TSP21_BoneMarrow_NA_10X_1_1_TCCATCGGTGTAAATG,306210,TSP21,bone marrow,common myeloid progenitor,CMP
ts_immune_all_1186,TSP21_BoneMarrow_NA_10X_1_1_ATCCACCGTCCTGTCT,304594,TSP21,bone marrow,common myeloid progenitor,CMP
ts_immune_all_1186,TSP21_BoneMarrow_NA_10X_1_1_5prime_TCGTACCGTACATGTC,581563,TSP21,bone marrow,common myeloid progenitor,CMP
ts_immune_all_1186,TSP21_BoneMarrow_NA_10X_1_1_GAAGAATGTCGAAACG,305357,TSP21,bone marrow,common myeloid progenitor,CMP
ts_immune_all_1186,TSP21_BoneMarrow_NA_10X_1_1_CCCTAACTCGTCTACC,304927,TSP21,bone marrow,common myeloid progenitor,CMP
ts_immune_all_1186,TSP21_BoneMarrow_NA_10X_1_1_TACTGCCGTTGTTGAC,306040,TSP21,bone marrow,common myeloid progenitor,CMP
ts_immune_all_1186,TSP21_BoneMarrow_NA_10X_1_1_ACCCTCATCGTGCATA,304263,TSP21,bone marrow,common myeloid progenitor,CMP
ts_immune_all_1186,TSP21_BoneMarrow_NA_10X_1_1_CAGCAATCACGTCGGT,304799,TSP21,bone marrow,common myeloid progenitor,CMP
ts_immune_all_1186,TSP21_BoneMarrow_NA_10X_1_1_CCGATCTTCCTGTTAT,304944,TSP21,bone marrow,common myeloid progenitor,CMP
ts_immune_all_1186,TSP21_BoneMarrow_NA_10X_1_1_TACGGGCCAGGTCAAG,306035,TSP21,bone marrow,common myeloid progenitor,CMP
ts_immune_all_1186,TSP21_BoneMarrow_NA_10X_1_1_CACGGGTCAAACGAGC,304766,TSP21,bone marrow,common myeloid progenitor,CMP
ts_immune_all_1186,TSP21_BoneMarrow_NA_10X_1_1_GCCAGTGGTTCCAAAC,305587,TSP21,bone marrow,common myeloid progenitor,CMP
ts_immune_all_1186,TSP21_BoneMarrow_NA_10X_1_1_TTCTTCCTCCTTCACG,306640,TSP21,bone marrow,common myeloid progenitor,CMP
ts_immune_all_1186,TSP21_BoneMarrow_NA_10X_1_1_TGTAGACCAACCACAT,306510,TSP21,bone marrow,common myeloid progenitor,CMP
ts_immune_all_1186,TSP21_BoneMarrow_NA_10X_1_1_TAGGGTTTCTAAACGC,306070,TSP21,bone marrow,common myeloid progenitor,CMP
ts_immune_all_1186,TSP21_BoneMarrow_NA_10X_1_1_CTAACCCCAGAATTCC,305141,TSP21,bone marrow,common myeloid progenitor,CMP
ts_immune_all_1186,TSP21_BoneMarrow_NA_10X_1_1_GCCTGTTTCCGTTTCG,305605,TSP21,bone marrow,common myeloid progenitor,CMP
ts_immune_all_1186,TSP21_BoneMarrow_NA_10X_1_1_CGGTCAGTCTCAGTCC,305102,TSP21,bone marrow,common myeloid progenitor,CMP
ts_immune_all_1186,TSP21_BoneMarrow_NA_10X_1_1_TATCTTGCATACTTTC,306102,TSP21,bone marrow,common myeloid progenitor,CMP
ts_immune_all_1186,TSP21_BoneMarrow_NA_10X_1_1_GCACGGTTCAGGAGAC,305545,TSP21,bone marrow,common myeloid progenitor,CMP
ts_immune_all_1186,TSP21_BoneMarrow_NA_10X_1_1_TTCCTTCTCCGTGCGA,306618,TSP21,bone marrow,common myeloid progenitor,CMP
ts_immune_all_1186,TSP21_BoneMarrow_NA_10X_1_1_AGGCATTCAATAGGAT,304485,TSP21,bone marrow,common myeloid progenitor,CMP
ts_immune_all_1186,TSP21_BoneMarrow_NA_10X_1_1_TCACAAGCAAGAAACT,306128,TSP21,bone marrow,common myeloid progenitor,CMP
ts_immune_all_1186,TSP21_BoneMarrow_NA_10X_1_1_5prime_CTCCTAGGTGCACTTA,581181,TSP21,bone marrow,common myeloid progenitor,CMP
ts_immune_all_1186,TSP21_BoneMarrow_NA_10X_1_1_TCATACTCACCAGGTC,306174,TSP21,bone marrow,common myeloid progenitor,CMP
ts_immune_all_0393,TSP7_LymphNodes_Supradiaphagmatic_10X_1_1_TTGCCTGTCAGCACCG,186876,TSP7,lymph node,neutrophil,Neutrophil
ts_immune_all_0393,TSP7_LymphNodes_Supradiaphagmatic_10X_1_1_CGTGAATCACGGGCTT,184378,TSP7,lymph node,neutrophil,Neutrophil
ts_immune_all_0393,TSP7_LymphNodes_Supradiaphagmatic_10X_1_1_CGCATGGTCCCAGGAC,184294,TSP7,lymph node,neutrophil,Neutrophil
ts_immune_all_0393,TSP7_LymphNodes_Supradiaphagmatic_10X_1_1_TTTACGTCAGCACGAA,186935,TSP7,lymph node,neutrophil,Neutrophil
ts_immune_all_0393,TSP7_LymphNodes_Supradiaphagmatic_10X_1_1_TATCTTGGTGCTATTG,185993,TSP7,lymph node,neutrophil,Neutrophil
ts_immune_all_0393,TSP7_LymphNodes_Supradiaphagmatic_10X_1_1_ATCGTAGCACATTACG,183513,TSP7,lymph node,neutrophil,Neutrophil
ts_immune_all_0393,TSP7_LymphNodes_Supradiaphagmatic_10X_1_1_AATGACCCATGAATAG,182907,TSP7,lymph node,neutrophil,Neutrophil
ts_immune_all_0393,TSP7_LymphNodes_Supradiaphagmatic_10X_1_1_ATCACTTCATGAGTAA,183472,TSP7,lymph node,neutrophil,Neutrophil
ts_immune_all_0393,TSP7_LymphNodes_Supradiaphagmatic_10X_1_1_TTCCGGTCAGTTCACA,186786,TSP7,lymph node,neutrophil,Neutrophil
ts_immune_all_0393,TSP7_LymphNodes_Supradiaphagmatic_10X_1_1_CGTTGGGCAATTCTCT,184399,TSP7,lymph node,neutrophil,Neutrophil
ts_immune_all_0393,TSP7_LymphNodes_Supradiaphagmatic_10X_1_1_ATTCACTCATTCCTAT,183618,TSP7,lymph node,neutrophil,Neutrophil
ts_immune_all_0393,TSP7_LymphNodes_Supradiaphagmatic_10X_1_1_CTAAGTGGTAACTTCG,184409,TSP7,lymph node,neutrophil,Neutrophil
ts_immune_all_0393,TSP7_LymphNodes_Supradiaphagmatic_10X_1_1_TCTAACTTCATGCAGT,186299,TSP7,lymph node,neutrophil,Neutrophil
ts_immune_all_0393,TSP7_LymphNodes_Supradiaphagmatic_10X_1_1_TTTCCTCGTATGGGAC,186974,TSP7,lymph node,neutrophil,Neutrophil
ts_immune_all_0393,TSP7_LymphNodes_Supradiaphagmatic_10X_1_1_TAACACGTCCCTTGGT,185766,TSP7,lymph node,neutrophil,Neutrophil
ts_immune_all_0393,TSP7_LymphNodes_Supradiaphagmatic_10X_1_1_AATGGAATCTCTCGAC,182916,TSP7,lymph node,neutrophil,Neutrophil
ts_immune_all_0393,TSP7_LymphNodes_Supradiaphagmatic_10X_1_1_CTCACTGTCCCGTTCA,184473,TSP7,lymph node,neutrophil,Neutrophil
ts_immune_all_0393,TSP7_LymphNodes_Supradiaphagmatic_10X_1_1_CATTGCCTCTAGTGAC,183987,TSP7,lymph node,neutrophil,Neutrophil
ts_immune_all_0393,TSP7_LymphNodes_Supradiaphagmatic_10X_1_1_TCAAGACCACGGCTAC,186013,TSP7,lymph node,neutrophil,Neutrophil
ts_immune_all_0393,TSP7_LymphNodes_Supradiaphagmatic_10X_1_1_ACATCGACATCTAGAC,182981,TSP7,lymph node,neutrophil,Neutrophil
ts_immune_all_0393,TSP7_LymphNodes_Supradiaphagmatic_10X_1_1_TGATGGTTCATAGGCT,186458,TSP7,lymph node,neutrophil,Neutrophil
ts_immune_all_0393,TSP7_LymphNodes_Supradiaphagmatic_10X_1_1_TCCCATGAGTAGCCAG,186154,TSP7,lymph node,neutrophil,Neutrophil
ts_immune_all_0393,TSP7_LymphNodes_Supradiaphagmatic_10X_1_1_ATGAGTCGTTAAACAG,183550,TSP7,lymph node,neutrophil,Neutrophil
ts_immune_all_0393,TSP7_LymphNodes_Supradiaphagmatic_10X_1_1_TTGCATTAGCAAGTCG,186863,TSP7,lymph node,neutrophil,Neutrophil
ts_immune_all_0393,TSP7_LymphNodes_Supradiaphagmatic_10X_1_1_GGGTTATTCGGCATCG,185373,TSP7,lymph node,neutrophil,Neutrophil
ts_immune_all_0393,TSP7_LymphNodes_Supradiaphagmatic_10X_1_1_CCCTCTCAGGCCTAGA,184079,TSP7,lymph node,neutrophil,Neutrophil
ts_immune_all_0393,TSP7_LymphNodes_Supradiaphagmatic_10X_1_1_ATCCGTCGTGGTTCTA,183497,TSP7,lymph node,neutrophil,Neutrophil
ts_immune_all_0393,TSP7_LymphNodes_Supradiaphagmatic_10X_1_1_TGTAAGCGTGGATCAG,186610,TSP7,lymph node,neutrophil,Neutrophil
ts_immune_all_0393,TSP7_LymphNodes_Supradiaphagmatic_10X_1_1_CAGTTCCGTGACTGAG,183888,TSP7,lymph node,neutrophil,Neutrophil
ts_immune_all_0393,TSP7_LymphNodes_Supradiaphagmatic_10X_1_1_CATTGAGTCCGCGGAT,183984,TSP7,lymph node,neutrophil,Neutrophil
ts_immune_all_0393,TSP7_LymphNodes_Supradiaphagmatic_10X_1_1_ATCGTAGTCGCTTACC,183515,TSP7,lymph node,neutrophil,Neutrophil
ts_immune_all_0393,TSP7_LymphNodes_Supradiaphagmatic_10X_1_1_GAGACCCTCGTTAGTG,184854,TSP7,lymph node,neutrophil,Neutrophil
ts_immune_all_0393,TSP7_LymphNodes_Supradiaphagmatic_10X_1_1_TGTTCCGCACGACTAT,186673,TSP7,lymph node,neutrophil,Neutrophil
ts_immune_all_0393,TSP7_LymphNodes_Supradiaphagmatic_10X_1_1_GTCCCATAGGGCAATC,185548,TSP7,lymph node,neutrophil,Neutrophil
ts_immune_all_0393,TSP7_LymphNodes_Supradiaphagmatic_10X_1_1_ACGTTCCCACCTGCAG,183081,TSP7,lymph node,neutrophil,Neutrophil
ts_immune_all_0393,TSP7_LymphNodes_Supradiaphagmatic_10X_1_1_AACCACAAGCGTGCTC,182787,TSP7,lymph node,neutrophil,Neutrophil
ts_immune_all_0393,TSP7_LymphNodes_Supradiaphagmatic_10X_1_1_TGATTCTCAAGGAGTC,186461,TSP7,lymph node,neutrophil,Neutrophil
ts_immune_all_0393,TSP7_LymphNodes_Supradiaphagmatic_10X_1_1_GATCCCTCAGCATTGT,184955,TSP7,lymph node,neutrophil,Neutrophil
ts_immune_all_0393,TSP7_LymphNodes_Supradiaphagmatic_10X_1_1_CCAATTTAGTTTCGAC,184007,TSP7,lymph node,neutrophil,Neutrophil
ts_immune_all_0393,TSP7_LymphNodes_Supradiaphagmatic_10X_1_1_CGGAGAAAGTAGGCCA,184319,TSP7,lymph node,neutrophil,Neutrophil
ts_immune_all_0393,TSP7_LymphNodes_Supradiaphagmatic_10X_1_1_GTATTTCAGTCAGAGC,185505,TSP7,lymph node,neutrophil,Neutrophil
ts_immune_all_0393,TSP7_LymphNodes_Supradiaphagmatic_10X_1_1_CAGAGCCCAGCAAGAC,183837,TSP7,lymph node,neutrophil,Neutrophil
ts_immune_all_0393,TSP7_LymphNodes_Supradiaphagmatic_10X_1_1_AGTCACACAGGCCTGT,183380,TSP7,lymph node,neutrophil,Neutrophil
ts_immune_all_0393,TSP7_LymphNodes_Supradiaphagmatic_10X_1_1_CATTGTTCAGGCTATT,183989,TSP7,lymph node,neutrophil,Neutrophil
ts_immune_all_0393,TSP7_LymphNodes_Supradiaphagmatic_10X_1_1_GCATTAGGTGGTCCCA,185064,TSP7,lymph node,neutrophil,Neutrophil
ts_immune_all_0393,TSP7_LymphNodes_Supradiaphagmatic_10X_1_1_AGATGAATCTCTTGCG,183222,TSP7,lymph node,neutrophil,Neutrophil
ts_immune_all_0393,TSP7_LymphNodes_Supradiaphagmatic_10X_1_1_AGCATCATCTGAGAGG,183228,TSP7,lymph node,neutrophil,Neutrophil
ts_immune_all_0393,TSP7_LymphNodes_Supradiaphagmatic_10X_1_1_CGGGTGTGTCGATTAC,184349,TSP7,lymph node,neutrophil,Neutrophil
ts_immune_all_0393,TSP7_LymphNodes_Supradiaphagmatic_10X_1_1_CCGTTCATCGGTTAGT,184145,TSP7,lymph node,neutrophil,Neutrophil
ts_immune_all_0393,TSP7_LymphNodes_Supradiaphagmatic_10X_1_1_CATCCACTCCATATGG,183923,TSP7,lymph node,neutrophil,Neutrophil
ts_immune_all_0835,TSP14_Thymus_NA_10X_2_1_5Prime_ATCTGCCCAGGTTTCA,189344,TSP14,thymus,natural killer cell,NK
ts_immune_all_0835,TSP14_Thymus_NA_10X_2_1_ATAGGCTAGGGTCAAC,393539,TSP14,thymus,natural killer cell,NK
ts_immune_all_0835,TSP14_Thymus_NA_10X_2_1_5Prime_ACGATACGTAAGCACG,189156,TSP14,thymus,natural killer cell,NK
ts_immune_all_0835,TSP14_Thymus_NA_10X_2_1_ATCGATGTCGCGCTGA,393558,TSP14,thymus,natural killer cell,NK
ts_immune_all_0835,TSP14_Thymus_NA_10X_1_1_GGTTGTATCACTGATG,476621,TSP14,thymus,natural killer cell,NK
ts_immune_all_0835,TSP14_Thymus_NA_10X_2_1_5Prime_AAACGGGCAAACGTGG,189040,TSP14,thymus,natural killer cell,NK
ts_immune_all_0835,TSP14_Thymus_NA_10X_1_1_5Prime_CAACTAGAGTGGGTTG,44911,TSP14,thymus,natural killer cell,NK
ts_immune_all_0835,TSP14_Thymus_NA_10X_2_1_TTTCACACAAGGTCGA,394554,TSP14,thymus,natural killer cell,NK
ts_immune_all_0835,TSP14_Thymus_NA_10X_1_1_5Prime_CGATCGGTCGTCACGG,45672,TSP14,thymus,natural killer cell,NK
ts_immune_all_0835,TSP14_Thymus_NA_10X_2_1_GCTGGGTCACGCGGTT,394048,TSP14,thymus,natural killer cell,NK
ts_immune_all_0835,TSP14_Thymus_NA_10X_2_1_5Prime_TGAGGGAAGGCCGAAT,190433,TSP14,thymus,natural killer cell,NK
ts_immune_all_0835,TSP14_Thymus_NA_10X_2_1_5Prime_GACCTGGTCAATAAGG,189902,TSP14,thymus,natural killer cell,NK
ts_immune_all_0835,TSP14_Thymus_NA_10X_2_1_5Prime_CTCGGAGAGATAGCAT,189784,TSP14,thymus,natural killer cell,NK
ts_immune_all_0835,TSP14_Thymus_NA_10X_2_1_5Prime_TTGGAACAGGGTCTCC,190559,TSP14,thymus,natural killer cell,NK
ts_immune_all_0835,TSP14_Thymus_NA_10X_1_1_5Prime_TCTCATATCGTCGTTC,48173,TSP14,thymus,natural killer cell,NK
ts_immune_all_0835,TSP14_Thymus_NA_10X_2_1_TAGCACAAGACCAACG,394266,TSP14,thymus,natural killer cell,NK
ts_immune_all_0835,TSP14_Thymus_NA_10X_2_1_5Prime_TCGGGACAGTGGGCTA,190379,TSP14,thymus,natural killer cell,NK
ts_immune_all_0835,TSP14_Thymus_NA_10X_2_1_5Prime_ACAGCCGTCACCAGGC,189114,TSP14,thymus,natural killer cell,NK
ts_immune_all_0835,TSP14_Thymus_NA_10X_2_1_5Prime_CAGAATCGTTGAGGTG,189435,TSP14,thymus,natural killer cell,NK
ts_immune_all_0835,TSP14_Thymus_NA_10X_1_1_5Prime_AAAGATGAGAATCTCC,43756,TSP14,thymus,natural killer cell,NK
ts_immune_all_0835,TSP14_Thymus_NA_10X_2_1_5Prime_CGTCCATTCCACGCAG,189697,TSP14,thymus,natural killer cell,NK
ts_immune_all_0835,TSP14_Thymus_NA_10X_2_1_5Prime_GATGAGGAGGGCTTCC,189966,TSP14,thymus,natural killer cell,NK
ts_immune_all_0835,TSP14_Thymus_NA_10X_2_1_GGTGTCGAGTGCCCGT,394111,TSP14,thymus,natural killer cell,NK
ts_immune_all_0835,TSP14_Thymus_NA_10X_2_1_5Prime_TTAACTCGTCTAGAGG,190497,TSP14,thymus,natural killer cell,NK
ts_immune_all_0835,TSP14_Thymus_NA_10X_2_1_GGTTAACAGCACCGTC,394115,TSP14,thymus,natural killer cell,NK
ts_immune_all_0835,TSP14_Thymus_NA_10X_2_1_5Prime_GTTCTCGCAGACTCGC,190253,TSP14,thymus,natural killer cell,NK
ts_immune_all_0835,TSP14_Thymus_NA_10X_1_1_TTAGGCACAGGAGACT,477890,TSP14,thymus,natural killer cell,NK
ts_immune_all_0835,TSP14_Thymus_NA_10X_1_1_5Prime_TGGCGCATCGTCGTTC,48433,TSP14,thymus,natural killer cell,NK
ts_immune_all_0835,TSP14_Thymus_NA_10X_2_1_TAACACGGTCTCAGAT,394221,TSP14,thymus,natural killer cell,NK
ts_immune_all_0835,TSP14_Thymus_NA_10X_2_1_5Prime_CAGATCAAGACTTTCG,189443,TSP14,thymus,natural killer cell,NK
ts_immune_all_0835,TSP14_Thymus_NA_10X_2_1_5Prime_AAGGAGCGTGGTACAG,189088,TSP14,thymus,natural killer cell,NK
ts_immune_all_0835,TSP14_Thymus_NA_10X_2_1_GCCTGTTAGACTCCGC,394027,TSP14,thymus,natural killer cell,NK
ts_immune_all_0835,TSP14_Thymus_NA_10X_2_1_5Prime_AGGGATGGTTCAGCGC,189276,TSP14,thymus,natural killer cell,NK
ts_immune_all_0835,TSP14_Thymus_NA_10X_1_1_5Prime_TAGAGCTGTCCGAGTC,47874,TSP14,thymus,natural killer cell,NK
ts_immune_all_0835,TSP14_Thymus_NA_10X_2_1_5Prime_AAAGTAGTCGGCATCG,189045,TSP14,thymus,natural killer cell,NK
ts_immune_all_0835,TSP14_Thymus_NA_10X_2_1_5Prime_CGTTAGATCGTCACGG,189714,TSP14,thymus,natural killer cell,NK
ts_immune_all_0835,TSP14_Thymus_NA_10X_2_1_CATACAGCAGTAGTGG,393682,TSP14,thymus,natural killer cell,NK
ts_immune_all_0835,TSP14_Thymus_NA_10X_2_1_5Prime_ATGGGAGCAGATAATG,189356,TSP14,thymus,natural killer cell,NK
ts_immune_all_0835,TSP14_Thymus_NA_10X_2_1_5Prime_AGCGGTCTCATGCAAC,189249,TSP14,thymus,natural killer cell,NK
ts_immune_all_0835,TSP14_Thymus_NA_10X_2_1_5Prime_CTGGTCTAGTCCATAC,189841,TSP14,thymus,natural killer cell,NK
ts_immune_all_0835,TSP14_Thymus_NA_10X_2_1_5Prime_CGACTTCAGAAACCAT,189617,TSP14,thymus,natural killer cell,NK
ts_immune_all_0835,TSP14_Thymus_NA_10X_2_1_TCATGGACATTGGATC,394316,TSP14,thymus,natural killer cell,NK
ts_immune_all_0835,TSP14_Thymus_NA_10X_2_1_AGTACTGCAGTGGCTC,393513,TSP14,thymus,natural killer cell,NK
ts_immune_all_0835,TSP14_Thymus_NA_10X_2_1_5Prime_CTAGAGTCAGTACACT,189748,TSP14,thymus,natural killer cell,NK
ts_immune_all_0835,TSP14_Thymus_NA_10X_2_1_5Prime_ATAAGAGCAGCTGGCT,189312,TSP14,thymus,natural killer cell,NK
ts_immune_all_0835,TSP14_Thymus_NA_10X_2_1_5Prime_TTGAACGAGTGGTAGC,190538,TSP14,thymus,natural killer cell,NK
ts_immune_all_0835,TSP14_Thymus_NA_10X_2_1_5Prime_CTGATCCTCGAGGTAG,189822,TSP14,thymus,natural killer cell,NK
ts_immune_all_0835,TSP14_Thymus_NA_10X_2_1_5Prime_GCATGATTCGATAGAA,190012,TSP14,thymus,natural killer cell,NK
ts_immune_all_0835,TSP14_Thymus_NA_10X_2_1_5Prime_ATTACTCAGAGAGCTC,189366,TSP14,thymus,natural killer cell,NK
ts_immune_all_0835,TSP14_Thymus_NA_10X_2_1_5Prime_CGATTGAGTTGATTGC,189641,TSP14,thymus,natural killer cell,NK
ts_immune_all_0773,TSP14_Spleen_NA_10X_1_1_CAATTTCAGTGCTCAT,31456,TSP14,spleen,monocyte,Cl_Mono
ts_immune_all_0773,TSP14_Spleen_NA_10X_2_1_CTCATCGAGTCTTGGT,559211,TSP14,spleen,monocyte,Cl_Mono
ts_immune_all_0773,TSP14_Spleen_NA_10X_2_1_5Prime_CTAAGACTCGAATGCT,27464,TSP14,spleen,monocyte,Cl_Mono
ts_immune_all_0773,TSP14_Spleen_NA_SS2_B134022_D101280_ImmuneLinNeg_G9,14115,TSP14,spleen,monocyte,Cl_Mono
ts_immune_all_0773,TSP14_Spleen_NA_10X_1_1_5Prime_CTTTGCGCAGGAACGT,215679,TSP14,spleen,monocyte,Cl_Mono
ts_immune_all_0773,TSP14_Spleen_NA_10X_1_1_5Prime_GAGGTGAGTAAGAGGA,215873,TSP14,spleen,monocyte,Cl_Mono
ts_immune_all_0773,TSP14_Spleen_NA_10X_2_1_5Prime_CTGCGGACAGTAACGG,27688,TSP14,spleen,monocyte,Cl_Mono
ts_immune_all_0773,TSP14_Spleen_NA_10X_1_1_5Prime_ACTTTCAGTGATAAGT,213935,TSP14,spleen,monocyte,Cl_Mono
ts_immune_all_0773,TSP14_Spleen_NA_10X_1_1_5Prime_GCTTGAAAGCTAGCCC,216227,TSP14,spleen,monocyte,Cl_Mono
ts_immune_all_0773,TSP14_Spleen_NA_10X_2_1_TAGCACACAATAAGGT,561073,TSP14,spleen,monocyte,Cl_Mono
ts_immune_all_0773,TSP14_Spleen_NA_10X_1_1_5Prime_TTTCCTCAGTAACCCT,217715,TSP14,spleen,monocyte,Cl_Mono
ts_immune_all_0773,TSP14_Spleen_NA_10X_1_1_5Prime_CCTAAAGCAGATCGGA,214941,TSP14,spleen,monocyte,Cl_Mono
ts_immune_all_0773,TSP14_Spleen_NA_10X_1_1_TGTTACTCATTCCTCG,35696,TSP14,spleen,monocyte,Cl_Mono
ts_immune_all_0773,TSP14_Spleen_NA_10X_2_1_GACTCAAGTGGCCACT,559631,TSP14,spleen,monocyte,Cl_Mono
ts_immune_all_0773,TSP14_Spleen_NA_10X_1_1_5Prime_TTATGCTGTCTAAAGA,217577,TSP14,spleen,monocyte,Cl_Mono
ts_immune_all_0773,TSP14_Spleen_NA_10X_1_1_5Prime_AGGGAGTCATCACCCT,214108,TSP14,spleen,monocyte,Cl_Mono
ts_immune_all_0773,TSP14_Spleen_NA_10X_2_1_5Prime_GAAATGACAGGATCGA,27799,TSP14,spleen,monocyte,Cl_Mono
ts_immune_all_0773,TSP14_Spleen_NA_10X_2_1_5Prime_TTTGCGCGTACTTCTT,29737,TSP14,spleen,monocyte,Cl_Mono
ts_immune_all_0773,TSP14_Spleen_NA_10X_1_1_5Prime_GTTCATTTCGACCAGC,216771,TSP14,spleen,monocyte,Cl_Mono
ts_immune_all_0773,TSP14_Spleen_NA_10X_2_1_AACCATGTCTTGGTGA,556763,TSP14,spleen,monocyte,Cl_Mono
ts_immune_all_0773,TSP14_Spleen_NA_10X_2_1_GAACGTTGTGCCGGTT,559491,TSP14,spleen,monocyte,Cl_Mono
ts_immune_all_0773,TSP14_Spleen_NA_10X_1_1_5Prime_CACACAACAGACGCCT,214505,TSP14,spleen,monocyte,Cl_Mono
ts_immune_all_0773,TSP14_Spleen_NA_10X_1_1_5Prime_AGTCTTTAGTAGTGCG,214157,TSP14,spleen,monocyte,Cl_Mono
ts_immune_all_0773,TSP14_Spleen_NA_10X_1_1_5Prime_TTCTCCTGTGGCGAAT,217628,TSP14,spleen,monocyte,Cl_Mono
ts_immune_all_0773,TSP14_Spleen_NA_10X_1_1_5Prime_CACACCTTCCTCCTAG,214521,TSP14,spleen,monocyte,Cl_Mono
ts_immune_all_0773,TSP14_Spleen_NA_10X_1_1_5Prime_TGGTTCCCATCGATGT,217507,TSP14,spleen,monocyte,Cl_Mono
ts_immune_all_0773,TSP14_Spleen_NA_10X_1_1_5Prime_TCTCATAGTCAACATC,217231,TSP14,spleen,monocyte,Cl_Mono
ts_immune_all_0773,TSP14_Spleen_NA_10X_2_1_AGACCCGCAATGCAGG,557313,TSP14,spleen,monocyte,Cl_Mono
ts_immune_all_0773,TSP14_Spleen_NA_10X_1_1_5Prime_ACGTCAAGTGTGTGCC,213852,TSP14,spleen,monocyte,Cl_Mono
ts_immune_all_0773,TSP14_Spleen_NA_10X_2_1_5Prime_TGCCCATGTCGAACAG,29370,TSP14,spleen,monocyte,Cl_Mono
ts_immune_all_0773,TSP14_Spleen_NA_10X_1_1_5Prime_TTTGGTTGTGGCTCCA,217735,TSP14,spleen,monocyte,Cl_Mono
ts_immune_all_0773,TSP14_Spleen_NA_10X_1_1_GCCCAGACATGACTAC,33381,TSP14,spleen,monocyte,Cl_Mono
ts_immune_all_0773,TSP14_Spleen_NA_10X_1_1_5Prime_CAACTAGCACCAGATT,214449,TSP14,spleen,monocyte,Cl_Mono
ts_immune_all_0773,TSP14_Spleen_NA_10X_1_1_5Prime_CAGGTGCCACACTGCG,214674,TSP14,spleen,monocyte,Cl_Mono
ts_immune_all_0773,TSP14_Spleen_NA_10X_2_1_5Prime_TGACTTTCAGGATTGG,29291,TSP14,spleen,monocyte,Cl_Mono
ts_immune_all_0773,TSP14_Spleen_NA_10X_1_1_5Prime_AGGGAGTAGTGCGATG,214105,TSP14,spleen,monocyte,Cl_Mono
ts_immune_all_0773,TSP14_Spleen_NA_10X_2_1_CCACAAATCGCAATTG,558584,TSP14,spleen,monocyte,Cl_Mono
ts_immune_all_0773,TSP14_Spleen_NA_10X_1_1_5Prime_TCAGCAAAGTCTCGGC,217072,TSP14,spleen,monocyte,Cl_Mono
ts_immune_all_0773,TSP14_Spleen_NA_10X_1_1_5Prime_TTCGGTCGTTAAGTAG,217603,TSP14,spleen,monocyte,Cl_Mono
ts_immune_all_0773,TSP14_Spleen_NA_10X_1_1_GCAGCCAGTGTTTCTT,33300,TSP14,spleen,monocyte,Cl_Mono
ts_immune_all_0773,TSP14_Spleen_NA_10X_2_1_AGGTGTTCAACAACAA,557583,TSP14,spleen,monocyte,Cl_Mono
ts_immune_all_0773,TSP14_Spleen_NA_10X_2_1_GTAGAAAGTACGGCAA,560480,TSP14,spleen,monocyte,Cl_Mono
ts_immune_all_0773,TSP14_Spleen_NA_10X_1_1_5Prime_AGAGCGACACCTTGTC,213958,TSP14,spleen,monocyte,Cl_Mono
ts_immune_all_0773,TSP14_Spleen_NA_10X_1_1_5Prime_GAAATGAAGCCAGGAT,215694,TSP14,spleen,monocyte,Cl_Mono
ts_immune_all_0773,TSP14_Spleen_NA_10X_1_1_5Prime_TCTATTGCAGTGAGTG,217216,TSP14,spleen,monocyte,Cl_Mono
ts_immune_all_0773,TSP14_Spleen_NA_10X_2_1_CTTAGGATCAGTGGGA,559429,TSP14,spleen,monocyte,Cl_Mono
ts_immune_all_0773,TSP14_Spleen_NA_10X_1_1_5Prime_CTAGAGTGTCTAAACC,215430,TSP14,spleen,monocyte,Cl_Mono
ts_immune_all_0773,TSP14_Spleen_NA_10X_2_1_CTCCTTTGTTCTTGTT,559286,TSP14,spleen,monocyte,Cl_Mono
ts_immune_all_0773,TSP14_Spleen_NA_10X_2_1_GATGCTATCGAGTCTA,559838,TSP14,spleen,monocyte,Cl_Mono
ts_immune_all_0773,TSP14_Spleen_NA_10X_1_1_5Prime_TACAGTGGTCCGTCAG,216861,TSP14,spleen,monocyte,Cl_Mono
ts_immune_all_0491,TSP7_Tongue_Posterior_10X_1_1_CGTAAGTTCTACTATC,223966,TSP7,posterior part of tongue,regulatory T cell,Treg
ts_immune_all_0491,TSP7_Tongue_Posterior_10X_1_1_GATGATCTCGGCTCTT,224194,TSP7,posterior part of tongue,regulatory T cell,Treg
ts_immune_all_0491,TSP7_Tongue_Posterior_10X_1_1_GTGTCCTGTGGCGTAA,224418,TSP7,posterior part of tongue,regulatory T cell,Treg
ts_immune_all_0491,TSP7_Tongue_Posterior_10X_1_1_TAGGTACGTCCCGTGA,224510,TSP7,posterior part of tongue,regulatory T cell,Treg
ts_immune_all_0491,TSP7_Tongue_Posterior_10X_1_1_TCCCAGTGTCACTCAA,224606,TSP7,posterior part of tongue,regulatory T cell,Treg
ts_immune_all_0491,TSP7_Tongue_Posterior_10X_1_1_AAGTGAAAGACTCTTG,223448,TSP7,posterior part of tongue,regulatory T cell,Treg
ts_immune_all_0491,TSP7_Tongue_Posterior_10X_1_1_AACAACCTCTCTCGAC,223395,TSP7,posterior part of tongue,regulatory T cell,Treg
ts_immune_all_0491,TSP7_Tongue_Posterior_10X_1_1_CTACCCATCTGAGTCA,223993,TSP7,posterior part of tongue,regulatory T cell,Treg
ts_immune_all_0491,TSP7_Tongue_Posterior_10X_1_1_GAAACCTGTTGTCAGT,224109,TSP7,posterior part of tongue,regulatory T cell,Treg
ts_immune_all_0491,TSP7_Tongue_Posterior_10X_1_1_CTACTATGTGGCAACA,223998,TSP7,posterior part of tongue,regulatory T cell,Treg
ts_immune_all_0491,TSP7_Tongue_Posterior_10X_1_1_ATCGGCGCAATGGCCC,223679,TSP7,posterior part of tongue,regulatory T cell,Treg
ts_immune_all_0491,TSP7_Tongue_Posterior_10X_1_1_TTTCAGTCAGAGTCAG,224888,TSP7,posterior part of tongue,regulatory T cell,Treg
ts_immune_all_0491,TSP7_Tongue_Posterior_10X_1_1_GCCAACGGTATTTCTC,224228,TSP7,posterior part of tongue,regulatory T cell,Treg
ts_immune_all_0491,TSP7_Tongue_Posterior_10X_1_1_GCTGGGTGTGTAAATG,224259,TSP7,posterior part of tongue,regulatory T cell,Treg
ts_immune_all_0491,TSP7_Tongue_Posterior_10X_1_1_TGCTTCGAGCCGCTTG,224721,TSP7,posterior part of tongue,regulatory T cell,Treg
ts_immune_all_0491,TSP7_Tongue_Posterior_10X_1_1_CTCAGTCAGCAGTAAT,224020,TSP7,posterior part of tongue,regulatory T cell,Treg
ts_immune_all_0491,TSP7_Tongue_Posterior_10X_1_1_ACACAGTGTGTACATC,223472,TSP7,posterior part of tongue,regulatory T cell,Treg
ts_immune_all_0491,TSP7_Tongue_Posterior_10X_1_1_TTTACGTTCGGAAACG,224878,TSP7,posterior part of tongue,regulatory T cell,Treg
ts_immune_all_0491,TSP7_Tongue_Posterior_10X_1_1_TCTGGCTGTTGTCCCT,224664,TSP7,posterior part of tongue,regulatory T cell,Treg
ts_immune_all_0491,TSP7_Tongue_Posterior_10X_1_1_CTGGTCTTCTGCGAGC,224078,TSP7,posterior part of tongue,regulatory T cell,Treg
ts_immune_all_0491,TSP7_Tongue_Posterior_10X_1_1_CGGACACCAGCGTAGA,223951,TSP7,posterior part of tongue,regulatory T cell,Treg
ts_immune_all_0491,TSP7_Tongue_Posterior_10X_1_1_ATCGCCTCAGGCGTTC,223677,TSP7,posterior part of tongue,regulatory T cell,Treg
ts_immune_all_0491,TSP7_Tongue_Posterior_10X_1_1_GGGTTTAGTACGCTTA,224322,TSP7,posterior part of tongue,regulatory T cell,Treg
ts_immune_all_0491,TSP7_Tongue_Posterior_10X_1_1_CTGAATGGTTTCGCTC,224059,TSP7,posterior part of tongue,regulatory T cell,Treg
ts_immune_all_0491,TSP7_Tongue_Posterior_10X_1_1_TGATCAGGTATCCCAA,224695,TSP7,posterior part of tongue,regulatory T cell,Treg
ts_immune_all_0491,TSP7_Tongue_Posterior_10X_1_1_TCCTTCTCAGTCAACT,224624,TSP7,posterior part of tongue,regulatory T cell,Treg
ts_immune_all_0491,TSP7_Tongue_Posterior_10X_1_1_AACGTCAAGTAAACGT,223415,TSP7,posterior part of tongue,regulatory T cell,Treg
ts_immune_all_0491,TSP7_Tongue_Posterior_10X_1_1_AACCACAGTTCCGCTT,223403,TSP7,posterior part of tongue,regulatory T cell,Treg
ts_immune_all_0491,TSP7_Tongue_Posterior_10X_1_1_AGATGCTGTCTGCAAT,223570,TSP7,posterior part of tongue,regulatory T cell,Treg
ts_immune_all_0491,TSP7_Tongue_Posterior_10X_1_1_CTCTCAGAGGTCCCTG,224050,TSP7,posterior part of tongue,regulatory T cell,Treg
ts_immune_all_0491,TSP7_Tongue_Posterior_10X_1_1_TAGATCGGTTCATCGA,224500,TSP7,posterior part of tongue,regulatory T cell,Treg
ts_immune_all_0491,TSP7_Tongue_Posterior_10X_1_1_GAGTGAGCATGGATCT,224171,TSP7,posterior part of tongue,regulatory T cell,Treg
ts_immune_all_0491,TSP7_Tongue_Posterior_10X_1_1_GTCTTTAGTTTACCTT,224394,TSP7,posterior part of tongue,regulatory T cell,Treg
ts_immune_all_0491,TSP7_Tongue_Posterior_10X_1_1_TCCATCGCACCAGGTC,224596,TSP7,posterior part of tongue,regulatory T cell,Treg
ts_immune_all_0491,TSP7_Tongue_Posterior_10X_1_1_GTGTCCTTCCCTAGGG,224419,TSP7,posterior part of tongue,regulatory T cell,Treg
ts_immune_all_0491,TSP7_Tongue_Posterior_10X_1_1_GGTAATCTCTAGTCAG,224323,TSP7,posterior part of tongue,regulatory T cell,Treg
ts_immune_all_0491,TSP7_Tongue_Posterior_10X_1_1_CGCCATTCACGTCGGT,223942,TSP7,posterior part of tongue,regulatory T cell,Treg
ts_immune_all_0491,TSP7_Tongue_Posterior_10X_1_1_ATCCTATAGTCATGGG,223674,TSP7,posterior part of tongue,regulatory T cell,Treg
ts_immune_all_0491,TSP7_Tongue_Posterior_10X_1_1_TATATCCAGAACAAGG,224516,TSP7,posterior part of tongue,regulatory T cell,Treg
ts_immune_all_0491,TSP7_Tongue_Posterior_10X_1_1_AGACACTCAAATCAAG,223546,TSP7,posterior part of tongue,regulatory T cell,Treg
ts_immune_all_0491,TSP7_Tongue_Posterior_10X_1_1_GAAGGACCAGGCACTC,224117,TSP7,posterior part of tongue,regulatory T cell,Treg
ts_immune_all_0491,TSP7_Tongue_Posterior_10X_1_1_AATGGCTCATCGAAGG,223462,TSP7,posterior part of tongue,regulatory T cell,Treg
ts_immune_all_0491,TSP7_Tongue_Posterior_10X_1_1_TTGACCCCACCAATTG,224844,TSP7,posterior part of tongue,regulatory T cell,Treg
ts_immune_all_0491,TSP7_Tongue_Posterior_10X_1_1_TCACACCGTCGTCAGC,224548,TSP7,posterior part of tongue,regulatory T cell,Treg
ts_immune_all_0491,TSP7_Tongue_Posterior_10X_1_1_TGCGGGTTCTCGTGAA,224715,TSP7,posterior part of tongue,regulatory T cell,Treg
ts_immune_all_0491,TSP7_Tongue_Posterior_10X_1_1_GACGTTATCCAGTACA,224145,TSP7,posterior part of tongue,regulatory T cell,Treg
ts_immune_all_0491,TSP7_Tongue_Posterior_10X_1_1_CAGTTAGCAAGTGGAC,223798,TSP7,posterior part of tongue,regulatory T cell,Treg
ts_immune_all_0491,TSP7_Tongue_Posterior_10X_1_1_GTGGAGACATTCACCC,224411,TSP7,posterior part of tongue,regulatory T cell,Treg
ts_immune_all_0491,TSP7_Tongue_Posterior_10X_1_1_ATGAGGGAGATAGCAT,223692,TSP7,posterior part of tongue,regulatory T cell,Treg
ts_immune_all_0491,TSP7_Tongue_Posterior_10X_1_1_TTAGGGTGTACAGTTC,224799,TSP7,posterior part of tongue,regulatory T cell,Treg
ts_immune_all_1179,TSP21_Thymus_NA_10X_1_1_TAGGAGGGTACTCAAC,451734,TSP21,thymus,neutrophil,Neutrophil
ts_immune_all_1179,TSP21_Thymus_NA_10X_1_1_5prime_AACTCCCAGTACCGGA,586803,TSP21,thymus,neutrophil,Neutrophil
ts_immune_all_1179,TSP21_Thymus_NA_10X_1_2_GGGTTATCACCCAATA,231006,TSP21,thymus,neutrophil,Neutrophil
ts_immune_all_1179,TSP21_Thymus_NA_10X_1_1_AAGCCATTCTGAGAGG,451111,TSP21,thymus,neutrophil,Neutrophil
ts_immune_all_1179,TSP21_Thymus_NA_10X_1_1_ATGCCTCCACAGGATG,451275,TSP21,thymus,neutrophil,Neutrophil
ts_immune_all_1179,TSP21_Thymus_NA_10X_1_1_ACGATCAGTCAATCTG,451148,TSP21,thymus,neutrophil,Neutrophil
ts_immune_all_1179,TSP21_Thymus_NA_10X_1_1_ACGATGTAGGGTTAAT,451149,TSP21,thymus,neutrophil,Neutrophil
ts_immune_all_1179,TSP21_Thymus_NA_10X_1_2_CTTGATTCAGAACGCA,230883,TSP21,thymus,neutrophil,Neutrophil
ts_immune_all_1179,TSP21_Thymus_NA_10X_1_2_TGTGATGCAGAGCTAG,231202,TSP21,thymus,neutrophil,Neutrophil
ts_immune_all_1179,TSP21_Thymus_NA_10X_1_1_AGAACCTTCCTGGTCT,451177,TSP21,thymus,neutrophil,Neutrophil
ts_immune_all_1179,TSP21_Thymus_NA_10X_1_2_CGTCCATCATAGAGGC,230814,TSP21,thymus,neutrophil,Neutrophil
ts_immune_all_1179,TSP21_Thymus_NA_10X_1_2_GGTTCTCAGCAGGTCA,231015,TSP21,thymus,neutrophil,Neutrophil
ts_immune_all_1179,TSP21_Thymus_NA_10X_1_2_GCCAGTGTCCACACCT,230956,TSP21,thymus,neutrophil,Neutrophil
ts_immune_all_1179,TSP21_Thymus_NA_10X_1_2_TTGGGCGGTCCGGTGT,231228,TSP21,thymus,neutrophil,Neutrophil
ts_immune_all_1179,TSP21_Thymus_NA_10X_1_1_CTACCCACAATTGCCA,451441,TSP21,thymus,neutrophil,Neutrophil
ts_immune_all_1179,TSP21_Thymus_NA_10X_1_1_TGCTGAAGTGGAAGTC,451873,TSP21,thymus,neutrophil,Neutrophil
ts_immune_all_1179,TSP21_Thymus_NA_10X_1_1_ATGCGATTCTGGTTGA,451277,TSP21,thymus,neutrophil,Neutrophil
ts_immune_all_1179,TSP21_Thymus_NA_10X_1_1_AAAGGTATCGATTGGT,451088,TSP21,thymus,neutrophil,Neutrophil
ts_immune_all_1179,TSP21_Thymus_NA_10X_1_2_TACCCGTAGGATGTTA,231086,TSP21,thymus,neutrophil,Neutrophil
ts_immune_all_1179,TSP21_Thymus_NA_10X_1_2_GTGAGGACAGTGTGCC,231050,TSP21,thymus,neutrophil,Neutrophil
ts_immune_all_1179,TSP21_Thymus_NA_10X_1_2_GTTTACTTCAGCAGAG,231073,TSP21,thymus,neutrophil,Neutrophil
ts_immune_all_1179,TSP21_Thymus_NA_10X_1_1_ATCCTATAGTAGCATA,451256,TSP21,thymus,neutrophil,Neutrophil
ts_immune_all_1179,TSP21_Thymus_NA_10X_1_1_GTTACGAAGGACTGGT,451685,TSP21,thymus,neutrophil,Neutrophil
ts_immune_all_1179,TSP21_Thymus_NA_10X_1_1_CTTGAGAAGAAGAACG,451486,TSP21,thymus,neutrophil,Neutrophil
ts_immune_all_1179,TSP21_Thymus_NA_10X_1_1_CCTCATGAGCTACGTT,451397,TSP21,thymus,neutrophil,Neutrophil
ts_immune_all_1179,TSP21_Thymus_NA_10X_1_1_CTGCCATTCATAAGGA,451471,TSP21,thymus,neutrophil,Neutrophil
ts_immune_all_1179,TSP21_Thymus_NA_10X_1_1_ATCATTCTCCTGCTAC,451251,TSP21,thymus,neutrophil,Neutrophil
ts_immune_all_1179,TSP21_Thymus_NA_10X_1_1_GAGGGTAAGTACTGGG,451528,TSP21,thymus,neutrophil,Neutrophil
ts_immune_all_1179,TSP21_Thymus_NA_10X_1_2_GTCGAATCAGTAACAA,231039,TSP21,thymus,neutrophil,Neutrophil
ts_immune_all_1179,TSP21_Thymus_NA_10X_1_2_GTTCGCTGTCCCTGAG,231066,TSP21,thymus,neutrophil,Neutrophil
ts_immune_all_1179,TSP21_Thymus_NA_10X_1_2_ATTCTTGAGATGGCGT,230692,TSP21,thymus,neutrophil,Neutrophil
ts_immune_all_1179,TSP21_Thymus_NA_10X_1_2_AAAGTCCCATGCCGCA,230486,TSP21,thymus,neutrophil,Neutrophil
ts_immune_all_1179,TSP21_Thymus_NA_10X_1_2_CTTGAGAAGTTGAAGT,230882,TSP21,thymus,neutrophil,Neutrophil
ts_immune_all_1179,TSP21_Thymus_NA_10X_1_2_5prime_CTTAACTGTATCTGCA,339712,TSP21,thymus,neutrophil,Neutrophil
ts_immune_all_1179,TSP21_Thymus_NA_10X_1_2_GCCAGGTTCGAGTACT,230954,TSP21,thymus,neutrophil,Neutrophil
ts_immune_all_1179,TSP21_Thymus_NA_10X_1_2_TCGAAGTCATGCAGCC,231150,TSP21,thymus,neutrophil,Neutrophil
ts_immune_all_1179,TSP21_Thymus_NA_10X_1_1_ATGAGGGTCCTGTTGC,451270,TSP21,thymus,neutrophil,Neutrophil
ts_immune_all_1179,TSP21_Thymus_NA_10X_1_2_TATTCCAGTCTCTCAC,231107,TSP21,thymus,neutrophil,Neutrophil
ts_immune_all_1179,TSP21_Thymus_NA_10X_1_1_CATCGGGGTTCCTTGC,451346,TSP21,thymus,neutrophil,Neutrophil
ts_immune_all_1179,TSP21_Thymus_NA_10X_1_1_TCATTCACAGTAGTTC,451778,TSP21,thymus,neutrophil,Neutrophil
ts_immune_all_1179,TSP21_Thymus_NA_10X_1_2_CCGGGTACAGCTACCG,230760,TSP21,thymus,neutrophil,Neutrophil
ts_immune_all_1179,TSP21_Thymus_NA_10X_1_2_TTGGTTTAGCTAGAGC,231230,TSP21,thymus,neutrophil,Neutrophil
ts_immune_all_1179,TSP21_Thymus_NA_10X_1_2_GTGCTGGAGTTACGGG,231058,TSP21,thymus,neutrophil,Neutrophil
ts_immune_all_1179,TSP21_Thymus_NA_10X_1_2_CTGAGCGTCACCTCTG,230852,TSP21,thymus,neutrophil,Neutrophil
ts_immune_all_1179,TSP21_Thymus_NA_10X_1_1_ACTGATGAGCGACTTT,451168,TSP21,thymus,neutrophil,Neutrophil
ts_immune_all_1179,TSP21_Thymus_NA_10X_1_2_TTTACCAGTCCAAAGG,231241,TSP21,thymus,neutrophil,Neutrophil
ts_immune_all_1179,TSP21_Thymus_NA_10X_1_2_GTCTCACAGGATTCCT,231046,TSP21,thymus,neutrophil,Neutrophil
ts_immune_all_1179,TSP21_Thymus_NA_10X_1_2_GCAGGCTCAACCAACT,230944,TSP21,thymus,neutrophil,Neutrophil
ts_immune_all_1179,TSP21_Thymus_NA_10X_1_2_TTTGATCCAAGTACCT,231250,TSP21,thymus,neutrophil,Neutrophil
ts_immune_all_1179,TSP21_Thymus_NA_10X_1_2_ACTGTCCAGTAATTGG,230570,TSP21,thymus,neutrophil,Neutrophil
ts_immune_all_1092,TSP21_Eye_Eyelid_10X_1_1_ATTCCCGGTGGCTGCT,583829,TSP21,eyelid,microglial cell,Macrophage
ts_immune_all_1092,TSP21_Eye_Eyelid_10X_1_1_GATTCGACATGTAACC,585103,TSP21,eyelid,microglial cell,Macrophage
ts_immune_all_1092,TSP21_Eye_Eyelid_10X_1_1_GTTGTGACATTAGGCT,585784,TSP21,eyelid,microglial cell,Macrophage
ts_immune_all_1092,TSP21_Eye_Eyelid_10X_1_1_AGACCATCACAACGTT,583394,TSP21,eyelid,microglial cell,Macrophage
ts_immune_all_1092,TSP21_Eye_Eyelid_10X_1_1_CAAGACTCACGTCGGT,583891,TSP21,eyelid,microglial cell,Macrophage
ts_immune_all_1092,TSP21_Eye_Eyelid_10X_1_1_TCAGTCCCAGGGATAC,586052,TSP21,eyelid,microglial cell,Macrophage
ts_immune_all_1092,TSP21_Eye_Eyelid_10X_1_1_ATGACCATCGACATCA,583747,TSP21,eyelid,microglial cell,Macrophage
ts_immune_all_1092,TSP21_Eye_Eyelid_10X_1_1_CTGTGGGTCTATCCAT,584805,TSP21,eyelid,microglial cell,Macrophage
ts_immune_all_1092,TSP21_Eye_Eyelid_10X_1_1_ATGCCTCCAGTGAGCA,583764,TSP21,eyelid,microglial cell,Macrophage
ts_immune_all_1092,TSP21_Eye_Eyelid_10X_1_1_CCCTCAAAGGCAATGC,584287,TSP21,eyelid,microglial cell,Macrophage
ts_immune_all_1092,TSP21_Eye_Eyelid_10X_1_1_GTAATGCCAGTTGTTG,585526,TSP21,eyelid,microglial cell,Macrophage
ts_immune_all_1092,TSP21_Eye_Eyelid_10X_1_1_ATGAGTCAGTCCTACA,583751,TSP21,eyelid,microglial cell,Macrophage
ts_immune_all_1092,TSP21_Eye_Eyelid_10X_1_1_AGTCAACGTTTACTTC,583607,TSP21,eyelid,microglial cell,Macrophage
ts_immune_all_1092,TSP21_Eye_Eyelid_10X_1_1_ATAGGCTAGACTTAAG,583652,TSP21,eyelid,microglial cell,Macrophage
ts_immune_all_1092,TSP21_Eye_Eyelid_10X_1_1_TCATATCCAAGCGCTC,586069,TSP21,eyelid,microglial cell,Macrophage
ts_immune_all_1092,TSP21_Eye_Eyelid_10X_1_1_TGTCAGAGTCCAAATC,586544,TSP21,eyelid,microglial cell,Macrophage
ts_immune_all_1092,TSP21_Eye_Eyelid_10X_1_1_TCGGATACACTCAAGT,586236,TSP21,eyelid,microglial cell,Macrophage
ts_immune_all_1092,TSP21_Eye_Eyelid_10X_1_1_CGAGTGCCACTCCTGT,584451,TSP21,eyelid,microglial cell,Macrophage
ts_immune_all_1092,TSP21_Eye_Eyelid_10X_1_1_GACTCAACACCCTTAC,584965,TSP21,eyelid,microglial cell,Macrophage
ts_immune_all_1092,TSP21_Eye_Eyelid_10X_1_1_ACCTACCCATCCTTGC,583246,TSP21,eyelid,microglial cell,Macrophage
ts_immune_all_1092,TSP21_Eye_Eyelid_10X_1_1_ATTGTTCAGCCTCACG,583843,TSP21,eyelid,microglial cell,Macrophage
ts_immune_all_1092,TSP21_Eye_Eyelid_10X_1_1_CCGTTCACAATCGTCA,584345,TSP21,eyelid,microglial cell,Macrophage
ts_immune_all_1092,TSP21_Eye_Eyelid_10X_1_1_GCGGAAACACGTTCGG,585241,TSP21,eyelid,microglial cell,Macrophage
ts_immune_all_1092,TSP21_Eye_Eyelid_10X_1_1_TGCTGAAGTGGCAGAT,586453,TSP21,eyelid,microglial cell,Macrophage
ts_immune_all_1092,TSP21_Eye_Eyelid_10X_1_1_CCTCACAGTATCAGGG,584373,TSP21,eyelid,microglial cell,Macrophage
ts_immune_all_1092,TSP21_Eye_Eyelid_10X_1_1_TAAGCACAGCTGTTAC,585810,TSP21,eyelid,microglial cell,Macrophage
ts_immune_all_1092,TSP21_Eye_Eyelid_10X_1_1_CCACTTGTCAAACCCA,584249,TSP21,eyelid,microglial cell,Macrophage
ts_immune_all_1092,TSP21_Eye_Eyelid_10X_1_1_GATCAGTCACTCACTC,585053,TSP21,eyelid,microglial cell,Macrophage
ts_immune_all_1092,TSP21_Eye_Eyelid_10X_1_1_ATCAGGTGTCCATCTC,583678,TSP21,eyelid,microglial cell,Macrophage
ts_immune_all_1092,TSP21_Eye_Eyelid_10X_1_1_ACAGGGATCGAAATCC,583188,TSP21,eyelid,microglial cell,Macrophage
ts_immune_all_1092,TSP21_Eye_Eyelid_10X_1_1_GCAGCCACAAATGCGG,585149,TSP21,eyelid,microglial cell,Macrophage
ts_immune_all_1092,TSP21_Eye_Eyelid_10X_1_1_GTTACAGGTGTTATCG,585732,TSP21,eyelid,microglial cell,Macrophage
ts_immune_all_1092,TSP21_Eye_Eyelid_10X_1_1_CACACAATCGAGAAAT,583945,TSP21,eyelid,microglial cell,Macrophage
ts_immune_all_1092,TSP21_Eye_Eyelid_10X_1_1_ATGCATGAGCGACTTT,583757,TSP21,eyelid,microglial cell,Macrophage
ts_immune_all_1092,TSP21_Eye_Eyelid_10X_1_1_CAACGATTCTGCTCTG,583882,TSP21,eyelid,microglial cell,Macrophage
ts_immune_all_1092,TSP21_Eye_Eyelid_10X_1_1_CATGAGTAGCATAGGC,584140,TSP21,eyelid,microglial cell,Macrophage
ts_immune_all_1092,TSP21_Eye_Eyelid_10X_1_1_TGTTTGTGTCTAGGCC,586581,TSP21,eyelid,microglial cell,Macrophage
ts_immune_all_1092,TSP21_Eye_Eyelid_10X_1_1_GTGCACGGTATGAAAC,585661,TSP21,eyelid,microglial cell,Macrophage
ts_immune_all_1092,TSP21_Eye_Eyelid_10X_1_1_CCCTTAGAGTGTTCCA,584308,TSP21,eyelid,microglial cell,Macrophage
ts_immune_all_1092,TSP21_Eye_Eyelid_10X_1_1_CAAGACTCACCGTGCA,583890,TSP21,eyelid,microglial cell,Macrophage
ts_immune_all_1092,TSP21_Eye_Eyelid_10X_1_1_CTGGACGTCGATGCTA,584782,TSP21,eyelid,microglial cell,Macrophage
ts_immune_all_1092,TSP21_Eye_Eyelid_10X_1_1_CAATTTCTCCAGGACC,583927,TSP21,eyelid,microglial cell,Macrophage
ts_immune_all_1092,TSP21_Eye_Eyelid_10X_1_1_CAAAGAAAGGGACACT,583851,TSP21,eyelid,microglial cell,Macrophage
ts_immune_all_1092,TSP21_Eye_Eyelid_10X_1_1_GCGAGAATCCCTAGGG,585235,TSP21,eyelid,microglial cell,Macrophage
ts_immune_all_1092,TSP21_Eye_Eyelid_10X_1_1_GAGCTGCAGCCTCTTC,585002,TSP21,eyelid,microglial cell,Macrophage
ts_immune_all_1092,TSP21_Eye_Eyelid_10X_1_1_TCGTCCATCCCGTTGT,586257,TSP21,eyelid,microglial cell,Macrophage
ts_immune_all_1092,TSP21_Eye_Eyelid_10X_1_1_AATCACGGTGATTAGA,583105,TSP21,eyelid,microglial cell,Macrophage
ts_immune_all_1092,TSP21_Eye_Eyelid_10X_1_1_TTCTGTAAGTCACAGG,586675,TSP21,eyelid,microglial cell,Macrophage
ts_immune_all_1092,TSP21_Eye_Eyelid_10X_1_1_ATGACCATCCAAGAGG,583746,TSP21,eyelid,microglial cell,Macrophage
ts_immune_all_1092,TSP21_Eye_Eyelid_10X_1_1_TGTCCCACAGGAATCG,586549,TSP21,eyelid,microglial cell,Macrophage
ts_immune_all_0419,TSP7_Blood_NA_SS2_B134150_B133902_Lymphocyte_B3,6544,TSP7,blood,mature NK T cell,NK
ts_immune_all_0419,TSP7_Blood_NA_SS2_B134150_B133902_Lymphocyte_O23,6518,TSP7,blood,mature NK T cell,NK
ts_immune_all_0419,TSP7_Blood_NA_10X_1_1_CTGGCAGGTTTACGTG,128692,TSP7,blood,mature NK T cell,NK
ts_immune_all_0419,TSP7_Blood_NA_10X_1_1_TACCCGTGTTATGTGC,131385,TSP7,blood,mature NK T cell,NK
ts_immune_all_0419,TSP7_Blood_NA_10X_2_1_TTGCATTGTACCTGTA,523200,TSP7,blood,mature NK T cell,NK
ts_immune_all_0419,TSP7_Blood_NA_10X_1_1_AGCATCACATTACTCT,125394,TSP7,blood,mature NK T cell,NK
ts_immune_all_0419,TSP7_Blood_NA_SS2_B134150_B133902_Lymphocyte_B20,6715,TSP7,blood,mature NK T cell,NK
ts_immune_all_0419,TSP7_Blood_NA_SS2_B134150_B133902_Lymphocyte_E2,6677,TSP7,blood,mature NK T cell,NK
ts_immune_all_0419,TSP7_Blood_NA_SS2_B134150_B133902_Lymphocyte_C21,6707,TSP7,blood,mature NK T cell,NK
ts_immune_all_0419,TSP7_Blood_NA_SS2_B134150_B133902_Lymphocyte_J21,6679,TSP7,blood,mature NK T cell,NK
ts_immune_all_0419,TSP7_Blood_NA_SS2_B134150_B133902_Lymphocyte_D12,6646,TSP7,blood,mature NK T cell,NK
ts_immune_all_0419,TSP7_Blood_NA_10X_1_1_GTCTCACGTTAGGGAC,130821,TSP7,blood,mature NK T cell,NK
ts_immune_all_0419,TSP7_Blood_NA_10X_2_1_CGTCAAACAAGATTGA,517586,TSP7,blood,mature NK T cell,NK
ts_immune_all_0419,TSP7_Blood_NA_10X_1_1_AACACACTCTAACGCA,124295,TSP7,blood,mature NK T cell,NK
ts_immune_all_0419,TSP7_Blood_NA_SS2_B134150_B133902_Lymphocyte_D16,6716,TSP7,blood,mature NK T cell,NK
ts_immune_all_0419,TSP7_Blood_NA_10X_1_1_GATAGCTTCTATCCAT,129389,TSP7,blood,mature NK T cell,NK
ts_immune_all_0419,TSP7_Blood_NA_10X_1_1_CCCTCTCGTGTCGCTG,127473,TSP7,blood,mature NK T cell,NK
ts_immune_all_0419,TSP7_Blood_NA_10X_2_1_TGGGCGTCACTAGGTT,522543,TSP7,blood,mature NK T cell,NK
ts_immune_all_0419,TSP7_Blood_NA_SS2_B134150_B133902_Lymphocyte_J8,6556,TSP7,blood,mature NK T cell,NK
ts_immune_all_0419,TSP7_Blood_NA_SS2_B134150_B133902_Lymphocyte_M8,6638,TSP7,blood,mature NK T cell,NK
ts_immune_all_0419,TSP7_Blood_NA_10X_1_1_TACATTCTCTAGTGAC,131369,TSP7,blood,mature NK T cell,NK
ts_immune_all_0419,TSP7_Blood_NA_10X_2_1_CGGAGAAAGCCTAACT,517487,TSP7,blood,mature NK T cell,NK
ts_immune_all_0419,TSP7_Blood_NA_SS2_B134150_B133902_Lymphocyte_B10,6548,TSP7,blood,mature NK T cell,NK
ts_immune_all_0419,TSP7_Blood_NA_SS2_B134150_B133902_Lymphocyte_G21,6625,TSP7,blood,mature NK T cell,NK
ts_immune_all_0419,TSP7_Blood_NA_10X_2_1_CTAAGTGGTAATCAAG,517699,TSP7,blood,mature NK T cell,NK
ts_immune_all_0419,TSP7_Blood_NA_10X_2_1_TTCCGGTAGTGACACG,523012,TSP7,blood,mature NK T cell,NK
ts_immune_all_0419,TSP7_Blood_NA_10X_1_1_GCTGAATAGCATTGAA,129888,TSP7,blood,mature NK T cell,NK
ts_immune_all_0419,TSP7_Blood_NA_SS2_B134150_B133902_Lymphocyte_G15,6628,TSP7,blood,mature NK T cell,NK
ts_immune_all_0419,TSP7_Blood_NA_10X_2_1_CCACTTGGTGTGTTTG,516839,TSP7,blood,mature NK T cell,NK
ts_immune_all_0419,TSP7_Blood_NA_10X_2_1_CCGGTAGAGACTGTTC,517021,TSP7,blood,mature NK T cell,NK
ts_immune_all_0419,TSP7_Blood_NA_SS2_B134150_B133902_Lymphocyte_F19,6585,TSP7,blood,mature NK T cell,NK
ts_immune_all_0419,TSP7_Blood_NA_10X_2_1_ACAACCAGTCCTCATC,514113,TSP7,blood,mature NK T cell,NK
ts_immune_all_0419,TSP7_Blood_NA_10X_2_1_ATGTCCCAGACGATAT,515827,TSP7,blood,mature NK T cell,NK
ts_immune_all_0419,TSP7_Blood_NA_SS2_B134150_B133902_Lymphocyte_C15,6528,TSP7,blood,mature NK T cell,NK
ts_immune_all_0419,TSP7_Blood_NA_10X_1_1_TGAGGAGGTTGGCTAT,132764,TSP7,blood,mature NK T cell,NK
ts_immune_all_0419,TSP7_Blood_NA_10X_2_1_ATCCCTGGTAGCGATG,515578,TSP7,blood,mature NK T cell,NK
ts_immune_all_0419,TSP7_Blood_NA_10X_1_1_TTTGGAGAGAGCATCG,134060,TSP7,blood,mature NK T cell,NK
ts_immune_all_0419,TSP7_Blood_NA_10X_2_1_TCAATCTGTTAGGAGC,521217,TSP7,blood,mature NK T cell,NK
ts_immune_all_0419,TSP7_Blood_NA_10X_1_1_ATTGGGTAGCATGATA,126476,TSP7,blood,mature NK T cell,NK
ts_immune_all_0419,TSP7_Blood_NA_10X_1_1_TTCAATCCAAGCGAAC,133523,TSP7,blood,mature NK T cell,NK
ts_immune_all_0419,TSP7_Blood_NA_10X_1_1_GGAACCCGTAGCACAG,129940,TSP7,blood,mature NK T cell,NK
ts_immune_all_0419,TSP7_Blood_NA_10X_1_1_TTTACTGCATCGGTTA,133957,TSP7,blood,mature NK T cell,NK
ts_immune_all_0419,TSP7_Blood_NA_SS2_B134150_B133902_Lymphocyte_H9,6666,TSP7,blood,mature NK T cell,NK
ts_immune_all_0419,TSP7_Blood_NA_10X_1_1_ACTGCAAAGCACGTCC,125109,TSP7,blood,mature NK T cell,NK
ts_immune_all_0419,TSP7_Blood_NA_10X_2_1_ACTTAGGCATGACAGG,514624,TSP7,blood,mature NK T cell,NK
ts_immune_all_0419,TSP7_Blood_NA_10X_2_1_CTGCCATCACCCTTAC,518094,TSP7,blood,mature NK T cell,NK
ts_immune_all_0419,TSP7_Blood_NA_10X_2_1_GTAGGAGCAAACGTGG,520044,TSP7,blood,mature NK T cell,NK
ts_immune_all_0419,TSP7_Blood_NA_10X_1_1_CGGACACCAACCACGC,128016,TSP7,blood,mature NK T cell,NK
ts_immune_all_0419,TSP7_Blood_NA_10X_2_1_CCCTTAGTCATTGTTC,516944,TSP7,blood,mature NK T cell,NK
ts_immune_all_0419,TSP7_Blood_NA_10X_1_1_TTACTGTGTAGTAAGT,133483,TSP7,blood,mature NK T cell,NK
ts_immune_all_1192,TSP21_BoneMarrow_NA_10X_1_1_AAGCCATAGCATGGGT,304164,TSP21,bone marrow,natural killer cell,NK
ts_immune_all_1192,TSP21_BoneMarrow_NA_10X_1_1_CATGCGGGTACGGTTT,304864,TSP21,bone marrow,natural killer cell,NK
ts_immune_all_1192,TSP21_BoneMarrow_NA_10X_1_1_TACGCTCAGCATGCGA,306031,TSP21,bone marrow,natural killer cell,NK
ts_immune_all_1192,TSP21_BoneMarrow_NA_10X_1_1_GACGTTATCATCACTT,305409,TSP21,bone marrow,natural killer cell,NK
ts_immune_all_1192,TSP21_BoneMarrow_NA_10X_1_1_TCAAGTGGTGTACAGG,306117,TSP21,bone marrow,natural killer cell,NK
ts_immune_all_1192,TSP21_BoneMarrow_NA_10X_1_1_5prime_AGAATAGGTATAATGG,580813,TSP21,bone marrow,natural killer cell,NK
ts_immune_all_1192,TSP21_BoneMarrow_NA_10X_1_1_GTGGCGTAGGTCCCTG,305913,TSP21,bone marrow,natural killer cell,NK
ts_immune_all_1192,TSP21_BoneMarrow_NA_10X_1_1_5prime_CTAGAGTGTAACGACG,581169,TSP21,bone marrow,natural killer cell,NK
ts_immune_all_1192,TSP21_BoneMarrow_NA_10X_1_1_ACCCTCACAGGCCCTA,304261,TSP21,bone marrow,natural killer cell,NK
ts_immune_all_1192,TSP21_BoneMarrow_NA_10X_1_1_5prime_ACACCCTTCTTCATGT,580743,TSP21,bone marrow,natural killer cell,NK
ts_immune_all_1192,TSP21_BoneMarrow_NA_10X_1_1_CCCATTGCACGCACCA,304913,TSP21,bone marrow,natural killer cell,NK
ts_immune_all_1192,TSP21_BoneMarrow_NA_10X_1_1_5prime_CTTAGGAAGTTAGCGG,581221,TSP21,bone marrow,natural killer cell,NK
ts_immune_all_1192,TSP21_BoneMarrow_NA_10X_1_1_CCTGTTGCAGTCCCGA,304998,TSP21,bone marrow,natural killer cell,NK
ts_immune_all_1192,TSP21_BoneMarrow_NA_10X_1_1_AATGACCGTGGAGAAA,304200,TSP21,bone marrow,natural killer cell,NK
ts_immune_all_1192,TSP21_BoneMarrow_NA_10X_1_1_CGCCATTTCATCGGGC,305064,TSP21,bone marrow,natural killer cell,NK
ts_immune_all_1192,TSP21_BoneMarrow_NA_10X_1_1_5prime_CACTCCACACATAACC,580977,TSP21,bone marrow,natural killer cell,NK
ts_immune_all_1192,TSP21_BoneMarrow_NA_10X_1_1_CTACGGGCAGGTTTAC,305167,TSP21,bone marrow,natural killer cell,NK
ts_immune_all_1192,TSP21_BoneMarrow_NA_10X_1_1_CGGGCATGTGTATACC,305089,TSP21,bone marrow,natural killer cell,NK
ts_immune_all_1192,TSP21_BoneMarrow_NA_10X_1_1_5prime_TGCCCTAGTAGGGTAC,581604,TSP21,bone marrow,natural killer cell,NK
ts_immune_all_1192,TSP21_BoneMarrow_NA_10X_1_1_5prime_GGACAGACAGTAACGG,581359,TSP21,bone marrow,natural killer cell,NK
ts_immune_all_1192,TSP21_BoneMarrow_NA_10X_1_1_CGTGATAAGAAGCCTG,305124,TSP21,bone marrow,natural killer cell,NK
ts_immune_all_1192,TSP21_BoneMarrow_NA_10X_1_1_5prime_TGACGGCCAAACTGTC,581582,TSP21,bone marrow,natural killer cell,NK
ts_immune_all_1192,TSP21_BoneMarrow_NA_10X_1_1_AGGCCACTCTGTACAG,304490,TSP21,bone marrow,natural killer cell,NK
ts_immune_all_1192,TSP21_BoneMarrow_NA_10X_1_1_5prime_CACTCCAGTCGAGTTT,580978,TSP21,bone marrow,natural killer cell,NK
ts_immune_all_1192,TSP21_BoneMarrow_NA_10X_1_1_5prime_TCAACGACAAGCTGAG,581524,TSP21,bone marrow,natural killer cell,NK
ts_immune_all_1192,TSP21_BoneMarrow_NA_10X_1_1_TACTTGTCACGAGAAC,306048,TSP21,bone marrow,natural killer cell,NK
ts_immune_all_1192,TSP21_BoneMarrow_NA_10X_1_1_TGCGGGTGTGTTCGAT,306434,TSP21,bone marrow,natural killer cell,NK
ts_immune_all_1192,TSP21_BoneMarrow_NA_10X_1_1_AGGATAACAAGGTCTT,304478,TSP21,bone marrow,natural killer cell,NK
ts_immune_all_1192,TSP21_BoneMarrow_NA_10X_1_1_CAGTTCCTCGACCACG,304818,TSP21,bone marrow,natural killer cell,NK
ts_immune_all_1192,TSP21_BoneMarrow_NA_10X_1_1_GGGACTCCAATGAACA,305706,TSP21,bone marrow,natural killer cell,NK
ts_immune_all_1192,TSP21_BoneMarrow_NA_10X_1_1_5prime_ACGAGCCGTATTCTCT,580775,TSP21,bone marrow,natural killer cell,NK
ts_immune_all_1192,TSP21_BoneMarrow_NA_10X_1_1_5prime_CGTCAGGAGTTAGGTA,581138,TSP21,bone marrow,natural killer cell,NK
ts_immune_all_1192,TSP21_BoneMarrow_NA_10X_1_1_TGAGTCAGTCCAGCGT,306381,TSP21,bone marrow,natural killer cell,NK
ts_immune_all_1192,TSP21_BoneMarrow_NA_10X_1_1_5prime_GGAAAGCCAAGTAATG,581350,TSP21,bone marrow,natural killer cell,NK
ts_immune_all_1192,TSP21_BoneMarrow_NA_10X_1_1_AGCGCTGAGACATAAC,304445,TSP21,bone marrow,natural killer cell,NK
ts_immune_all_1192,TSP21_BoneMarrow_NA_10X_1_1_5prime_TTGCGTCTCCAAACAC,581673,TSP21,bone marrow,natural killer cell,NK
ts_immune_all_1192,TSP21_BoneMarrow_NA_10X_1_1_CGCAGGTAGGATCACG,305049,TSP21,bone marrow,natural killer cell,NK
ts_immune_all_1192,TSP21_BoneMarrow_NA_10X_1_1_TGTTGAGAGGATACGC,306548,TSP21,bone marrow,natural killer cell,NK
ts_immune_all_1192,TSP21_BoneMarrow_NA_10X_1_1_GCGAGAACAACTGCTA,305607,TSP21,bone marrow,natural killer cell,NK
ts_immune_all_1192,TSP21_BoneMarrow_NA_10X_1_1_GAAGTAATCCGCACGA,305376,TSP21,bone marrow,natural killer cell,NK
ts_immune_all_1192,TSP21_BoneMarrow_NA_10X_1_1_5prime_CTTCTCTTCGTACGGC,581225,TSP21,bone marrow,natural killer cell,NK
ts_immune_all_1192,TSP21_BoneMarrow_NA_10X_1_1_5prime_TGCCCTAGTCTCAACA,581605,TSP21,bone marrow,natural killer cell,NK
ts_immune_all_1192,TSP21_BoneMarrow_NA_10X_1_1_GTAACCATCGCTCCTA,305790,TSP21,bone marrow,natural killer cell,NK
ts_immune_all_1192,TSP21_BoneMarrow_NA_10X_1_1_5prime_CGATGTAGTCAGAGGT,581105,TSP21,bone marrow,natural killer cell,NK
ts_immune_all_1192,TSP21_BoneMarrow_NA_10X_1_1_ACTATTCGTACTCAAC,304327,TSP21,bone marrow,natural killer cell,NK
ts_immune_all_1192,TSP21_BoneMarrow_NA_10X_1_1_ATCACGATCCCGAATA,304586,TSP21,bone marrow,natural killer cell,NK
ts_immune_all_1192,TSP21_BoneMarrow_NA_10X_1_1_5prime_GGGAATGAGGATGTAT,581379,TSP21,bone marrow,natural killer cell,NK
ts_immune_all_1192,TSP21_BoneMarrow_NA_10X_1_1_TGCCGAGTCAAGTCTG,306419,TSP21,bone marrow,natural killer cell,NK
ts_immune_all_1192,TSP21_BoneMarrow_NA_10X_1_1_CTGTATTTCGTCGCTT,305294,TSP21,bone marrow,natural killer cell,NK
ts_immune_all_1192,TSP21_BoneMarrow_NA_10X_1_1_ACCTGAAAGTTCCGTA,304269,TSP21,bone marrow,natural killer cell,NK
ts_immune_all_1274,TSP25_Vasculature_Aorta_10X_1_1_TCTTTGAGTAGCGCTC,219990,TSP25,aorta,monocyte,Macrophage
ts_immune_all_1274,TSP25_Vasculature_Aorta_10X_1_1_ATCTTCAAGAAGAACG,218279,TSP25,aorta,monocyte,Macrophage
ts_immune_all_1274,TSP25_Vasculature_Aorta_10X_1_1_ATGCCTCAGGGATCGT,218302,TSP25,aorta,monocyte,Macrophage
ts_immune_all_1274,TSP25_Vasculature_Aorta_10X_1_1_TCTACCGCATCCAACA,219947,TSP25,aorta,monocyte,Macrophage
ts_immune_all_1274,TSP25_Vasculature_Aorta_10X_1_1_GCGTTTCTCGATGCTA,219258,TSP25,aorta,monocyte,Macrophage
ts_immune_all_1274,TSP25_Vasculature_Aorta_10X_1_1_AGACAGGCATGACTAC,218045,TSP25,aorta,monocyte,Macrophage
ts_immune_all_1274,TSP25_Vasculature_Aorta_10X_1_1_CGAAGGACATGTACGT,218678,TSP25,aorta,monocyte,Macrophage
ts_immune_all_1274,TSP25_Vasculature_Aorta_10X_1_1_CCGTGAGTCTGAGAAA,218632,TSP25,aorta,monocyte,Macrophage
ts_immune_all_1274,TSP25_Vasculature_Aorta_10X_1_1_GGGTTATCACCCAACG,219380,TSP25,aorta,monocyte,Macrophage
ts_immune_all_1274,TSP25_Vasculature_Aorta_10X_1_1_GTGAGCCGTTGAGGAC,219517,TSP25,aorta,monocyte,Macrophage
ts_immune_all_1274,TSP25_Vasculature_Aorta_10X_1_1_TCTTAGTCAACTCATG,219976,TSP25,aorta,monocyte,Macrophage
ts_immune_all_1274,TSP25_Vasculature_Aorta_10X_1_1_GATGGAGGTTTCGTAG,219177,TSP25,aorta,monocyte,Macrophage
ts_immune_all_1274,TSP25_Vasculature_Aorta_10X_1_1_CATAGACTCATCTCTA,218499,TSP25,aorta,monocyte,Macrophage
ts_immune_all_1274,TSP25_Vasculature_Aorta_10X_1_1_CACCGTTTCGCCTTTG,218422,TSP25,aorta,monocyte,Macrophage
ts_immune_all_1274,TSP25_Vasculature_Aorta_10X_1_1_GGTGTTAGTAGACGTG,219409,TSP25,aorta,monocyte,Macrophage
ts_immune_all_1274,TSP25_Vasculature_Aorta_10X_1_1_TGCGACGGTGGTCCCA,220054,TSP25,aorta,monocyte,Macrophage
ts_immune_all_1274,TSP25_Vasculature_Aorta_10X_1_1_AACGAAAAGCGAGAAA,217811,TSP25,aorta,monocyte,Macrophage
ts_immune_all_1274,TSP25_Vasculature_Aorta_10X_1_1_TGCGATATCCGAGATT,220060,TSP25,aorta,monocyte,Macrophage
ts_immune_all_1274,TSP25_Vasculature_Aorta_10X_1_1_ACTGATGTCACTACTT,217998,TSP25,aorta,monocyte,Macrophage
ts_immune_all_1274,TSP25_Vasculature_Aorta_10X_1_1_TGTTACTTCGTCTAAG,220150,TSP25,aorta,monocyte,Macrophage
ts_immune_all_1274,TSP25_Vasculature_Aorta_10X_1_1_TGAGGTTCATGACGAG,220018,TSP25,aorta,monocyte,Macrophage
ts_immune_all_1274,TSP25_Vasculature_Aorta_10X_1_1_TGATGCAAGTATCCTG,220027,TSP25,aorta,monocyte,Macrophage
ts_immune_all_1274,TSP25_Vasculature_Aorta_10X_1_1_GGTGTTATCTCTGACC,219410,TSP25,aorta,monocyte,Macrophage
ts_immune_all_1274,TSP25_Vasculature_Aorta_10X_1_1_TTACGTTGTGGATGAC,220177,TSP25,aorta,monocyte,Macrophage
ts_immune_all_1274,TSP25_Vasculature_Aorta_10X_1_1_ATGCGATTCCTGTACC,218304,TSP25,aorta,monocyte,Macrophage
ts_immune_all_1274,TSP25_Vasculature_Aorta_10X_1_1_AGGGCTCGTGGCTGCT,218143,TSP25,aorta,monocyte,Macrophage
ts_immune_all_1274,TSP25_Vasculature_Aorta_10X_1_1_TCCGAAAAGCGACATG,219861,TSP25,aorta,monocyte,Macrophage
ts_immune_all_1274,TSP25_Vasculature_Aorta_10X_1_1_AGGCTGCCAGACACCC,218130,TSP25,aorta,monocyte,Macrophage
ts_immune_all_1274,TSP25_Vasculature_Aorta_10X_1_1_CTCATGCAGTAAACGT,218862,TSP25,aorta,monocyte,Macrophage
ts_immune_all_1274,TSP25_Vasculature_Aorta_10X_1_1_TCACGGGTCATCGACA,219786,TSP25,aorta,monocyte,Macrophage
ts_immune_all_1274,TSP25_Vasculature_Aorta_10X_1_1_GTAACCATCAAGCCTA,219420,TSP25,aorta,monocyte,Macrophage
ts_immune_all_1274,TSP25_Vasculature_Aorta_10X_1_1_AGCCAGCTCAGGACAG,218082,TSP25,aorta,monocyte,Macrophage
ts_immune_all_1274,TSP25_Vasculature_Aorta_10X_1_1_GTGTTCCAGCGACTAG,219569,TSP25,aorta,monocyte,Macrophage
ts_immune_all_1274,TSP25_Vasculature_Aorta_10X_1_1_TCTACCGTCCCATTTA,219950,TSP25,aorta,monocyte,Macrophage
ts_immune_all_1274,TSP25_Vasculature_Aorta_10X_1_1_CCACCATTCTTGAGCA,218578,TSP25,aorta,monocyte,Macrophage
ts_immune_all_1274,TSP25_Vasculature_Aorta_10X_1_1_CGTCCATGTCAAGCCC,218760,TSP25,aorta,monocyte,Macrophage
ts_immune_all_1274,TSP25_Vasculature_Aorta_10X_1_1_GTCCCATGTGAAGCTG,219483,TSP25,aorta,monocyte,Macrophage
ts_immune_all_1274,TSP25_Vasculature_Aorta_10X_1_1_CATACAGGTTGCCAAT,218494,TSP25,aorta,monocyte,Macrophage
ts_immune_all_1274,TSP25_Vasculature_Aorta_10X_1_1_TAATTCCGTGGGTCAA,219639,TSP25,aorta,monocyte,Macrophage
ts_immune_all_1274,TSP25_Vasculature_Aorta_10X_1_1_TTTCATGTCTGTCGTC,220325,TSP25,aorta,monocyte,Macrophage
ts_immune_all_1274,TSP25_Vasculature_Aorta_10X_1_1_TCCATGCCACTGGAAG,219855,TSP25,aorta,monocyte,Macrophage
ts_immune_all_1274,TSP25_Vasculature_Aorta_10X_1_1_CTCTCGATCACGGTCG,218913,TSP25,aorta,monocyte,Macrophage
ts_immune_all_1274,TSP25_Vasculature_Aorta_10X_1_1_ATCATTCAGTTTGAGA,218252,TSP25,aorta,monocyte,Macrophage
ts_immune_all_1274,TSP25_Vasculature_Aorta_10X_1_1_GCAGCTGAGAGAAGGT,219202,TSP25,aorta,monocyte,Macrophage
ts_immune_all_1274,TSP25_Vasculature_Aorta_10X_1_1_GATCGTACATCCGCGA,219165,TSP25,aorta,monocyte,Macrophage
ts_immune_all_1274,TSP25_Vasculature_Aorta_10X_1_1_TTGTTCAAGACAACAT,220291,TSP25,aorta,monocyte,Macrophage
ts_immune_all_1274,TSP25_Vasculature_Aorta_10X_1_1_AGGCTGCTCCACGTAA,218132,TSP25,aorta,monocyte,Macrophage
ts_immune_all_1274,TSP25_Vasculature_Aorta_10X_1_1_AGGGTGAGTCGGAACA,218149,TSP25,aorta,monocyte,Macrophage
ts_immune_all_1274,TSP25_Vasculature_Aorta_10X_1_1_TGACCCTTCTTGGTGA,220003,TSP25,aorta,monocyte,Macrophage
ts_immune_all_1274,TSP25_Vasculature_Aorta_10X_1_1_TCATTCACATTCCTCG,219843,TSP25,aorta,monocyte,Macrophage
ts_immune_all_1699,TSP27_BoneMarrow_NA_10X3primev31_1_1_GTAGGAGCAGAGCCCT,351114,TSP27,bone marrow,hematopoietic precursor cell,Cl_Mono
ts_immune_all_1699,TSP27_BoneMarrow_NA_10X3primev31_1_1_GATCAGTTCGATTCCC,351067,TSP27,bone marrow,hematopoietic precursor cell,Cl_Mono
ts_immune_all_1699,TSP27_BoneMarrow_NA_10X3primev31_1_2_TATCAGGAGATGACCG,51801,TSP27,bone marrow,hematopoietic precursor cell,Cl_Mono
ts_immune_all_1699,TSP27_BoneMarrow_NA_10X3primev31_1_1_GCTTGGGTCGGTGTTA,351087,TSP27,bone marrow,hematopoietic precursor cell,Cl_Mono
ts_immune_all_1699,TSP27_BoneMarrow_NA_10X3primev31_1_1_CTCCTCCCAGGGTTGA,351024,TSP27,bone marrow,hematopoietic precursor cell,Cl_Mono
ts_immune_all_1699,TSP27_BoneMarrow_NA_10X3primev31_1_1_GCGGATCGTGCCCACA,351083,TSP27,bone marrow,hematopoietic precursor cell,Cl_Mono
ts_immune_all_1699,TSP27_BoneMarrow_NA_10X3primev31_1_1_TGTAGACAGGGCAAGG,351226,TSP27,bone marrow,hematopoietic precursor cell,Cl_Mono
ts_immune_all_1699,TSP27_BoneMarrow_NA_10X3primev31_1_1_CGGGCATCAATACGCT,351001,TSP27,bone marrow,hematopoietic precursor cell,Cl_Mono
ts_immune_all_1699,TSP27_BoneMarrow_NA_10X3primev31_1_1_CAGCAATCATGACTCA,350943,TSP27,bone marrow,hematopoietic precursor cell,Cl_Mono
ts_immune_all_1699,TSP27_BoneMarrow_NA_10X3primev31_1_1_TTACGTTAGCGTCAGA,351233,TSP27,bone marrow,hematopoietic precursor cell,Cl_Mono
ts_immune_all_1699,TSP27_BoneMarrow_NA_10X3primev31_1_1_CCTCCTCGTTTCGTTT,350991,TSP27,bone marrow,hematopoietic precursor cell,Cl_Mono
ts_immune_all_1699,TSP27_BoneMarrow_NA_10X3primev31_1_1_CTCCTCCGTGGGACAT,351025,TSP27,bone marrow,hematopoietic precursor cell,Cl_Mono
ts_immune_all_1699,TSP27_BoneMarrow_NA_10X3primev31_1_1_TCATTTGTCGTTCAGA,351185,TSP27,bone marrow,hematopoietic precursor cell,Cl_Mono
ts_immune_all_1699,TSP27_BoneMarrow_NA_10X3primev31_1_1_AAGACAACACGAAAGC,350837,TSP27,bone marrow,hematopoietic precursor cell,Cl_Mono
ts_immune_all_1699,TSP27_BoneMarrow_NA_10X3primev31_1_1_TTTATGCAGTAGACAT,351253,TSP27,bone marrow,hematopoietic precursor cell,Cl_Mono
ts_immune_all_1699,TSP27_BoneMarrow_NA_10X3primev31_1_1_GAATAGATCCCGAATA,351050,TSP27,bone marrow,hematopoietic precursor cell,Cl_Mono
ts_immune_all_1699,TSP27_BoneMarrow_NA_10X3primev31_1_2_TTGCATTTCACCCTGT,51835,TSP27,bone marrow,hematopoietic precursor cell,Cl_Mono
ts_immune_all_1699,TSP27_BoneMarrow_NA_10X3primev31_1_1_GGTAACTGTACAGTCT,351098,TSP27,bone marrow,hematopoietic precursor cell,Cl_Mono
ts_immune_all_1699,TSP27_BoneMarrow_NA_10X3primev31_1_1_GATTCTTTCCCTCGTA,351071,TSP27,bone marrow,hematopoietic precursor cell,Cl_Mono
ts_immune_all_1699,TSP27_BoneMarrow_NA_10X3primev31_1_1_CCTCCTCAGTCACGAG,350989,TSP27,bone marrow,hematopoietic precursor cell,Cl_Mono
ts_immune_all_1699,TSP27_BoneMarrow_NA_10X3primev31_1_1_ATCGCCTTCCGAGAAG,350911,TSP27,bone marrow,hematopoietic precursor cell,Cl_Mono
ts_immune_all_1699,TSP27_BoneMarrow_NA_10X3primev31_1_1_TCCCACACAACCAACT,351189,TSP27,bone marrow,hematopoietic precursor cell,Cl_Mono
ts_immune_all_1699,TSP27_BoneMarrow_NA_10X3primev31_1_1_ATGGGTTCAATAGGGC,350920,TSP27,bone marrow,hematopoietic precursor cell,Cl_Mono
ts_immune_all_1699,TSP27_BoneMarrow_NA_10X3primev31_1_1_GGAACCCGTGCCTAAT,351088,TSP27,bone marrow,hematopoietic precursor cell,Cl_Mono
ts_immune_all_1699,TSP27_BoneMarrow_NA_10X3primev31_1_1_ACGATGTAGCTCCGAC,350857,TSP27,bone marrow,hematopoietic precursor cell,Cl_Mono
ts_immune_all_1699,TSP27_BoneMarrow_NA_10X3primev31_1_1_ATCCATTTCAGCCTTC,350910,TSP27,bone marrow,hematopoietic precursor cell,Cl_Mono
ts_immune_all_1699,TSP27_BoneMarrow_NA_10X3primev31_1_1_AGGTTGTTCCCGAGAC,350899,TSP27,bone marrow,hematopoietic precursor cell,Cl_Mono
ts_immune_all_1699,TSP27_BoneMarrow_NA_10X3primev31_1_2_AGTTCCCTCTTAGGAC,51680,TSP27,bone marrow,hematopoietic precursor cell,Cl_Mono
ts_immune_all_1699,TSP27_BoneMarrow_NA_10X3primev31_1_1_AGAGAGCAGCAATAGT,350874,TSP27,bone marrow,hematopoietic precursor cell,Cl_Mono
ts_immune_all_1699,TSP27_BoneMarrow_NA_10X3primev31_1_2_CTCAGGGCAATCTAGC,51729,TSP27,bone marrow,hematopoietic precursor cell,Cl_Mono
ts_immune_all_1699,TSP27_BoneMarrow_NA_10X3primev31_1_2_CTGGCAGCACTTTAGG,51733,TSP27,bone marrow,hematopoietic precursor cell,Cl_Mono
ts_immune_all_1699,TSP27_BoneMarrow_NA_10X3primev31_1_1_ATCACAGTCTTGAGCA,350908,TSP27,bone marrow,hematopoietic precursor cell,Cl_Mono
ts_immune_all_1699,TSP27_BoneMarrow_NA_10X3primev31_1_1_CAGATACGTCTCTCCA,350942,TSP27,bone marrow,hematopoietic precursor cell,Cl_Mono
ts_immune_all_1699,TSP27_BoneMarrow_NA_10X3primev31_1_1_CTGCCTATCTCTATAC,351033,TSP27,bone marrow,hematopoietic precursor cell,Cl_Mono
ts_immune_all_1699,TSP27_BoneMarrow_NA_10X3primev31_1_1_TTTATGCAGGCTGAAC,351252,TSP27,bone marrow,hematopoietic precursor cell,Cl_Mono
ts_immune_all_1699,TSP27_BoneMarrow_NA_10X3primev31_1_1_TAAGCGTGTATTCCTT,351137,TSP27,bone marrow,hematopoietic precursor cell,Cl_Mono
ts_immune_all_1699,TSP27_BoneMarrow_NA_10X3primev31_1_1_TCCATGCAGTGACACG,351187,TSP27,bone marrow,hematopoietic precursor cell,Cl_Mono
ts_immune_all_1699,TSP27_BoneMarrow_NA_10X3primev31_1_2_AATGACCAGTCCCGAC,51640,TSP27,bone marrow,hematopoietic precursor cell,Cl_Mono
ts_immune_all_1699,TSP27_BoneMarrow_NA_10X3primev31_1_1_GGCAGTCGTCGTCATA,351092,TSP27,bone marrow,hematopoietic precursor cell,Cl_Mono
ts_immune_all_1699,TSP27_BoneMarrow_NA_10X3primev31_1_1_GTTACCCGTATCGCGC,351130,TSP27,bone marrow,hematopoietic precursor cell,Cl_Mono
ts_immune_all_1699,TSP27_BoneMarrow_NA_10X3primev31_1_1_CGAGAAGTCGCTCATC,350997,TSP27,bone marrow,hematopoietic precursor cell,Cl_Mono
ts_immune_all_1699,TSP27_BoneMarrow_NA_10X3primev31_1_1_TAATCTCAGGATAATC,351139,TSP27,bone marrow,hematopoietic precursor cell,Cl_Mono
ts_immune_all_1699,TSP27_BoneMarrow_NA_10X3primev31_1_1_CAGTGCGAGTTAGTAG,350951,TSP27,bone marrow,hematopoietic precursor cell,Cl_Mono
ts_immune_all_1699,TSP27_BoneMarrow_NA_10X3primev31_1_1_GAGAGGTGTACACGCC,351061,TSP27,bone marrow,hematopoietic precursor cell,Cl_Mono
ts_immune_all_1699,TSP27_BoneMarrow_NA_10X3primev31_1_1_TGCATGATCCCAAGCG,351215,TSP27,bone marrow,hematopoietic precursor cell,Cl_Mono
ts_immune_all_1699,TSP27_BoneMarrow_NA_10X3primev31_1_1_ACGTTCCGTGCACATT,350864,TSP27,bone marrow,hematopoietic precursor cell,Cl_Mono
ts_immune_all_1699,TSP27_BoneMarrow_NA_10X3primev31_1_2_CGGGTGTAGGTCACCC,51722,TSP27,bone marrow,hematopoietic precursor cell,Cl_Mono
ts_immune_all_1699,TSP27_BoneMarrow_NA_10X3primev31_1_1_GCAGCCAGTCTCCCTA,351075,TSP27,bone marrow,hematopoietic precursor cell,Cl_Mono
ts_immune_all_1699,TSP27_BoneMarrow_NA_10X3primev31_1_1_GTTCTATTCAGACTGT,351133,TSP27,bone marrow,hematopoietic precursor cell,Cl_Mono
ts_immune_all_1699,TSP27_BoneMarrow_NA_10X3primev31_1_1_GTTCTATGTGGTAACG,351132,TSP27,bone marrow,hematopoietic precursor cell,Cl_Mono
ts_immune_all_0713,TSP14_Vasculature_CoronaryArteries_10X_1_1_GACCTTCGTCGTCATA,55325,TSP14,coronary artery,neutrophil,Neutrophil
ts_immune_all_0713,TSP14_Vasculature_CoronaryArteries_10X_1_1_GGTTGTAAGCCATATC,55481,TSP14,coronary artery,neutrophil,Neutrophil
ts_immune_all_0713,TSP14_Vasculature_CoronaryArteries_10X_1_1_ACAGGGAAGTTCGCAT,54849,TSP14,coronary artery,neutrophil,Neutrophil
ts_immune_all_0713,TSP14_Vasculature_CoronaryArteries_10X_1_1_CAGATTGTCGCTTGAA,55088,TSP14,coronary artery,neutrophil,Neutrophil
ts_immune_all_0713,TSP14_Vasculature_CoronaryArteries_10X_1_1_CTGGACGGTTGGGACA,55287,TSP14,coronary artery,neutrophil,Neutrophil
ts_immune_all_0713,TSP14_Vasculature_CoronaryArteries_10X_1_1_TGAGGGACACAAGCCC,55701,TSP14,coronary artery,neutrophil,Neutrophil
ts_immune_all_0713,TSP14_Vasculature_CoronaryArteries_10X_1_1_CTGCCTAGTACTTGTG,55284,TSP14,coronary artery,neutrophil,Neutrophil
ts_immune_all_0713,TSP14_Vasculature_CoronaryArteries_10X_1_1_GGGATCCAGGCTAACG,55454,TSP14,coronary artery,neutrophil,Neutrophil
ts_immune_all_0713,TSP14_Vasculature_CoronaryArteries_10X_1_1_ACCAAACTCGTTCGCT,54859,TSP14,coronary artery,neutrophil,Neutrophil
ts_immune_all_0713,TSP14_Vasculature_CoronaryArteries_10X_1_1_TGGGCTGTCTGTGCTC,55754,TSP14,coronary artery,neutrophil,Neutrophil
ts_immune_all_0713,TSP14_Vasculature_CoronaryArteries_10X_1_1_GTAGAGGGTTACGATC,55487,TSP14,coronary artery,neutrophil,Neutrophil
ts_immune_all_0713,TSP14_Vasculature_CoronaryArteries_10X_1_1_ATCCCTGAGGTCGAGT,55007,TSP14,coronary artery,neutrophil,Neutrophil
ts_immune_all_0713,TSP14_Vasculature_CoronaryArteries_10X_1_1_AATGGAAGTCCCTAAA,54835,TSP14,coronary artery,neutrophil,Neutrophil
ts_immune_all_0713,TSP14_Vasculature_CoronaryArteries_10X_1_1_CAACAGTTCACTACGA,55059,TSP14,coronary artery,neutrophil,Neutrophil
ts_immune_all_0713,TSP14_Vasculature_CoronaryArteries_10X_1_1_TGTAGACGTACCCACG,55760,TSP14,coronary artery,neutrophil,Neutrophil
ts_immune_all_0713,TSP14_Vasculature_CoronaryArteries_10X_1_1_CCTGTTGGTCGAATTC,55191,TSP14,coronary artery,neutrophil,Neutrophil
ts_immune_all_0713,TSP14_Vasculature_CoronaryArteries_10X_1_1_TTAGTCTTCATGTCTT,55789,TSP14,coronary artery,neutrophil,Neutrophil
ts_immune_all_0713,TSP14_Vasculature_CoronaryArteries_10X_1_1_CTGCAGGCACATGACT,55283,TSP14,coronary artery,neutrophil,Neutrophil
ts_immune_all_0713,TSP14_Vasculature_CoronaryArteries_10X_1_1_TTCGCTGGTACGCTTA,55801,TSP14,coronary artery,neutrophil,Neutrophil
ts_immune_all_0713,TSP14_Vasculature_CoronaryArteries_10X_1_1_TTGTTTGGTGTGTCCG,55825,TSP14,coronary artery,neutrophil,Neutrophil
ts_immune_all_0713,TSP14_Vasculature_CoronaryArteries_10X_1_1_GTCTACCGTGCGGATA,55511,TSP14,coronary artery,neutrophil,Neutrophil
ts_immune_all_0713,TSP14_Vasculature_CoronaryArteries_10X_1_1_TGTTGAGAGGGTATAT,55776,TSP14,coronary artery,neutrophil,Neutrophil
ts_immune_all_0713,TSP14_Vasculature_CoronaryArteries_10X_1_1_ACAAGCTTCCAACACA,54841,TSP14,coronary artery,neutrophil,Neutrophil
ts_immune_all_0713,TSP14_Vasculature_CoronaryArteries_10X_1_1_CCGATCTGTGATGGCA,55161,TSP14,coronary artery,neutrophil,Neutrophil
ts_immune_all_0713,TSP14_Vasculature_CoronaryArteries_10X_1_1_AGATCGTAGGGTCTTT,54918,TSP14,coronary artery,neutrophil,Neutrophil
ts_immune_all_0713,TSP14_Vasculature_CoronaryArteries_10X_1_1_AGGATCTGTAGCGATG,54943,TSP14,coronary artery,neutrophil,Neutrophil
ts_immune_all_0713,TSP14_Vasculature_CoronaryArteries_10X_1_1_AGCTTCCGTCACATTG,54935,TSP14,coronary artery,neutrophil,Neutrophil
ts_immune_all_0713,TSP14_Vasculature_CoronaryArteries_10X_1_1_ACAGAAACACCTGATA,54846,TSP14,coronary artery,neutrophil,Neutrophil
ts_immune_all_0713,TSP14_Vasculature_CoronaryArteries_10X_1_1_CATGGATTCGGTCGGT,55127,TSP14,coronary artery,neutrophil,Neutrophil
ts_immune_all_0713,TSP14_Vasculature_CoronaryArteries_10X_1_1_AGATCCAAGCAGATAT,54915,TSP14,coronary artery,neutrophil,Neutrophil
ts_immune_all_0713,TSP14_Vasculature_CoronaryArteries_10X_1_1_CTTCTCTAGTTATGGA,55301,TSP14,coronary artery,neutrophil,Neutrophil
ts_immune_all_0713,TSP14_Vasculature_CoronaryArteries_10X_1_1_CTCCTTTGTATCAAGA,55277,TSP14,coronary artery,neutrophil,Neutrophil
ts_immune_all_0713,TSP14_Vasculature_CoronaryArteries_10X_1_1_ATTACCTTCGGAAACG,55039,TSP14,coronary artery,neutrophil,Neutrophil
ts_immune_all_0713,TSP14_Vasculature_CoronaryArteries_10X_1_1_GCTTCACTCGTGACTA,55426,TSP14,coronary artery,neutrophil,Neutrophil
ts_immune_all_0713,TSP14_Vasculature_CoronaryArteries_10X_1_1_GTCTACCGTAGCGCTC,55510,TSP14,coronary artery,neutrophil,Neutrophil
ts_immune_all_0713,TSP14_Vasculature_CoronaryArteries_10X_1_1_CATGCTCGTGATTAGA,55122,TSP14,coronary artery,neutrophil,Neutrophil
ts_immune_all_0713,TSP14_Vasculature_CoronaryArteries_10X_1_1_CACTTCGCACATTCTT,55085,TSP14,coronary artery,neutrophil,Neutrophil
ts_immune_all_0713,TSP14_Vasculature_CoronaryArteries_10X_1_1_AGACCATAGGTGCGAT,54906,TSP14,coronary artery,neutrophil,Neutrophil
ts_immune_all_0713,TSP14_Vasculature_CoronaryArteries_10X_1_1_GAAGCCCGTGAAGCGT,55307,TSP14,coronary artery,neutrophil,Neutrophil
ts_immune_all_0713,TSP14_Vasculature_CoronaryArteries_10X_1_1_CTTCCTTTCGATACGT,55298,TSP14,coronary artery,neutrophil,Neutrophil
ts_immune_all_0713,TSP14_Vasculature_CoronaryArteries_10X_1_1_GTCAAGTCAAATAAGC,55498,TSP14,coronary artery,neutrophil,Neutrophil
ts_immune_all_0713,TSP14_Vasculature_CoronaryArteries_10X_1_1_ATACCTTAGCTTACGT,54986,TSP14,coronary artery,neutrophil,Neutrophil
ts_immune_all_0713,TSP14_Vasculature_CoronaryArteries_10X_1_1_TGATCTTTCTTCTCAA,55704,TSP14,coronary artery,neutrophil,Neutrophil
ts_immune_all_0713,TSP14_Vasculature_CoronaryArteries_10X_1_1_CCACAAATCTGGGTCG,55142,TSP14,coronary artery,neutrophil,Neutrophil
ts_immune_all_0713,TSP14_Vasculature_CoronaryArteries_10X_1_1_ATTACCTCAATACCTG,55037,TSP14,coronary artery,neutrophil,Neutrophil
ts_immune_all_0713,TSP14_Vasculature_CoronaryArteries_10X_1_1_AAAGAACCAGGGACTA,54790,TSP14,coronary artery,neutrophil,Neutrophil
ts_immune_all_0713,TSP14_Vasculature_CoronaryArteries_10X_1_1_GCTTGGGAGGTCCCGT,55427,TSP14,coronary artery,neutrophil,Neutrophil
ts_immune_all_0713,TSP14_Vasculature_CoronaryArteries_10X_1_1_TGGGCGTCACCATATG,55750,TSP14,coronary artery,neutrophil,Neutrophil
ts_immune_all_0713,TSP14_Vasculature_CoronaryArteries_10X_1_1_TCGTGGGGTTGTCATG,55674,TSP14,coronary artery,neutrophil,Neutrophil
ts_immune_all_0713,TSP14_Vasculature_CoronaryArteries_10X_1_1_TACTGCCAGCCAAGCA,55582,TSP14,coronary artery,neutrophil,Neutrophil
ts_immune_all_0850,TSP14_BoneMarrow_NA_10X_4_1_TCGGGACTCAGGTAAA,551269,TSP14,bone marrow,macrophage,Cl_Mono
ts_immune_all_0850,TSP14_BoneMarrow_NA_10X_1_1_CGACAGCTCGTGTGAT,60880,TSP14,bone marrow,macrophage,Cl_Mono
ts_immune_all_0850,TSP14_BoneMarrow_NA_10X_4_1_AATGGCTGTCCATACA,548695,TSP14,bone marrow,macrophage,Cl_Mono
ts_immune_all_0850,TSP14_BoneMarrow_NA_10X_1_1_ATCTTCACAACGGGTA,60342,TSP14,bone marrow,macrophage,Cl_Mono
ts_immune_all_0850,TSP14_BoneMarrow_NA_10X_1_1_5Prime_CTACGTCCAGACGCCT,350435,TSP14,bone marrow,macrophage,Cl_Mono
ts_immune_all_0850,TSP14_BoneMarrow_NA_10X_1_1_5Prime_TCGCGTTAGCGTAATA,350723,TSP14,bone marrow,macrophage,Cl_Mono
ts_immune_all_0850,TSP14_BoneMarrow_NA_10X_2_1_GCTGCAGAGTTCTCTT,67156,TSP14,bone marrow,macrophage,Cl_Mono
ts_immune_all_0850,TSP14_BoneMarrow_NA_10X_1_1_TCGGATACACTTACAG,62496,TSP14,bone marrow,macrophage,Cl_Mono
ts_immune_all_0850,TSP14_BoneMarrow_NA_10X_1_1_ACCTGAATCCAACTAG,59910,TSP14,bone marrow,macrophage,Cl_Mono
ts_immune_all_0850,TSP14_BoneMarrow_NA_10X_1_1_GTCACGGAGGCCATAG,61897,TSP14,bone marrow,macrophage,Cl_Mono
ts_immune_all_0850,TSP14_BoneMarrow_NA_10X_1_1_CAGGTATAGAAGGGAT,60604,TSP14,bone marrow,macrophage,Cl_Mono
ts_immune_all_0850,TSP14_BoneMarrow_NA_10X_4_1_TCATCATTCCTACACC,551140,TSP14,bone marrow,macrophage,Cl_Mono
ts_immune_all_0850,TSP14_BoneMarrow_NA_10X_1_1_5Prime_CGCTATCGTGGTCTCG,350391,TSP14,bone marrow,macrophage,Cl_Mono
ts_immune_all_0850,TSP14_BoneMarrow_NA_10X_1_1_CAATACGTCGTTAGTG,60501,TSP14,bone marrow,macrophage,Cl_Mono
ts_immune_all_0850,TSP14_BoneMarrow_NA_10X_4_1_CTTAGGACAGTGTGCC,550062,TSP14,bone marrow,macrophage,Cl_Mono
ts_immune_all_0850,TSP14_BoneMarrow_NA_10X_2_1_GGATCTAGTATTCTCT,67204,TSP14,bone marrow,macrophage,Cl_Mono
ts_immune_all_0850,TSP14_BoneMarrow_NA_10X_1_1_CCTCCTCTCAGAATAG,60838,TSP14,bone marrow,macrophage,Cl_Mono
ts_immune_all_0850,TSP14_BoneMarrow_NA_10X_1_1_CTAGGTAAGTGCCGAA,61055,TSP14,bone marrow,macrophage,Cl_Mono
ts_immune_all_0850,TSP14_BoneMarrow_NA_10X_4_1_CCTCAACTCCGCATAA,549659,TSP14,bone marrow,macrophage,Cl_Mono
ts_immune_all_0850,TSP14_BoneMarrow_NA_10X_1_1_5Prime_GTGCGGTGTTACCAGT,350643,TSP14,bone marrow,macrophage,Cl_Mono
ts_immune_all_0850,TSP14_BoneMarrow_NA_10X_1_1_5Prime_CCGTACTAGCTAGTGG,350345,TSP14,bone marrow,macrophage,Cl_Mono
ts_immune_all_0850,TSP14_BoneMarrow_NA_10X_1_1_GACTTCCAGACAACAT,61338,TSP14,bone marrow,macrophage,Cl_Mono
ts_immune_all_0850,TSP14_BoneMarrow_NA_10X_1_1_5Prime_TGACAACGTGCAGGTA,350744,TSP14,bone marrow,macrophage,Cl_Mono
ts_immune_all_0850,TSP14_BoneMarrow_NA_10X_4_1_TGTGGCGAGTAGGCCA,551563,TSP14,bone marrow,macrophage,Cl_Mono
ts_immune_all_0850,TSP14_BoneMarrow_NA_10X_4_1_TCGTAGAGTGTATTGC,551279,TSP14,bone marrow,macrophage,Cl_Mono
ts_immune_all_0850,TSP14_BoneMarrow_NA_10X_1_1_5Prime_AGTGTCACACGAGGTA,350225,TSP14,bone marrow,macrophage,Cl_Mono
ts_immune_all_0850,TSP14_BoneMarrow_NA_10X_1_1_5Prime_GACTAACCAGTATAAG,350513,TSP14,bone marrow,macrophage,Cl_Mono
ts_immune_all_0850,TSP14_BoneMarrow_NA_10X_1_1_GTTCGCTCACTCCGGA,62081,TSP14,bone marrow,macrophage,Cl_Mono
ts_immune_all_0850,TSP14_BoneMarrow_NA_10X_1_1_5Prime_CGTAGCGCAACACGCC,350400,TSP14,bone marrow,macrophage,Cl_Mono
ts_immune_all_0850,TSP14_BoneMarrow_NA_10X_1_1_5Prime_AAAGTAGAGCTCTCGG,350117,TSP14,bone marrow,macrophage,Cl_Mono
ts_immune_all_0850,TSP14_BoneMarrow_NA_10X_1_1_5Prime_GGAGCAAGTGTAACGG,350586,TSP14,bone marrow,macrophage,Cl_Mono
ts_immune_all_0850,TSP14_BoneMarrow_NA_10X_1_1_TCCTCTTTCAAGTGGG,62457,TSP14,bone marrow,macrophage,Cl_Mono
ts_immune_all_0850,TSP14_BoneMarrow_NA_10X_1_1_5Prime_GAACATCCACTTCTGC,350487,TSP14,bone marrow,macrophage,Cl_Mono
ts_immune_all_0850,TSP14_BoneMarrow_NA_10X_1_1_ATCTTCAGTTTGAAAG,60343,TSP14,bone marrow,macrophage,Cl_Mono
ts_immune_all_0850,TSP14_BoneMarrow_NA_10X_2_1_CTAAGTGGTGTACATC,66678,TSP14,bone marrow,macrophage,Cl_Mono
ts_immune_all_0850,TSP14_BoneMarrow_NA_10X_4_1_ATTCTACAGTGTTGTC,549290,TSP14,bone marrow,macrophage,Cl_Mono
ts_immune_all_0850,TSP14_BoneMarrow_NA_10X_1_1_GAGGGATGTGCCGTAC,61383,TSP14,bone marrow,macrophage,Cl_Mono
ts_immune_all_0850,TSP14_BoneMarrow_NA_10X_2_1_ACTGTGACATCGATAC,65788,TSP14,bone marrow,macrophage,Cl_Mono
ts_immune_all_0850,TSP14_BoneMarrow_NA_10X_1_1_TCATTCAAGGGACAGG,62378,TSP14,bone marrow,macrophage,Cl_Mono
ts_immune_all_0850,TSP14_BoneMarrow_NA_10X_1_1_AGTACTGCAACCGCTG,60201,TSP14,bone marrow,macrophage,Cl_Mono
ts_immune_all_0850,TSP14_BoneMarrow_NA_10X_4_1_CTGCCTATCACTGTTT,550015,TSP14,bone marrow,macrophage,Cl_Mono
ts_immune_all_0850,TSP14_BoneMarrow_NA_10X_1_1_CGAGGCTTCCCATGGG,60890,TSP14,bone marrow,macrophage,Cl_Mono
ts_immune_all_0850,TSP14_BoneMarrow_NA_10X_1_1_ACTATTCAGACATGCG,59958,TSP14,bone marrow,macrophage,Cl_Mono
ts_immune_all_0850,TSP14_BoneMarrow_NA_10X_1_1_TTCGGTCTCGAGTACT,62926,TSP14,bone marrow,macrophage,Cl_Mono
ts_immune_all_0850,TSP14_BoneMarrow_NA_10X_4_1_ACGCACGTCCTTCACG,548812,TSP14,bone marrow,macrophage,Cl_Mono
ts_immune_all_0850,TSP14_BoneMarrow_NA_10X_1_1_CAACGATCATAACTCG,60471,TSP14,bone marrow,macrophage,Cl_Mono
ts_immune_all_0850,TSP14_BoneMarrow_NA_10X_2_1_ATCGGCGAGTATAGGT,66092,TSP14,bone marrow,macrophage,Cl_Mono
ts_immune_all_0850,TSP14_BoneMarrow_NA_10X_1_1_5Prime_TGGACGCGTCACCCAG,350775,TSP14,bone marrow,macrophage,Cl_Mono
ts_immune_all_0850,TSP14_BoneMarrow_NA_10X_4_1_CCACGTTTCTGGGTCG,549574,TSP14,bone marrow,macrophage,Cl_Mono
ts_immune_all_0850,TSP14_BoneMarrow_NA_10X_1_1_CTCATCGCACAGTACT,61092,TSP14,bone marrow,macrophage,Cl_Mono
ts_immune_all_1433,TSP25_BoneMarrow_NA_10X_1_1_5prime_ACATGGTTCACTATTC,323455,TSP25,bone marrow,common myeloid progenitor,CMP
ts_immune_all_1433,TSP25_BoneMarrow_NA_10X_1_1_CTCCTCCGTGCGGCTT,411524,TSP25,bone marrow,common myeloid progenitor,CMP
ts_immune_all_1433,TSP25_BoneMarrow_NA_10X_1_1_TCGTCCAAGCTCACTA,412032,TSP25,bone marrow,common myeloid progenitor,CMP
ts_immune_all_1433,TSP25_BoneMarrow_NA_10X_1_1_5prime_GGCCGATTCGGCGGTT,324171,TSP25,bone marrow,common myeloid progenitor,CMP
ts_immune_all_1433,TSP25_BoneMarrow_NA_10X_1_1_AGTAGCTCAACGCCCA,411176,TSP25,bone marrow,common myeloid progenitor,CMP
ts_immune_all_1433,TSP25_BoneMarrow_NA_10X_1_1_TGGTACAGTCAATCTG,412136,TSP25,bone marrow,common myeloid progenitor,CMP
ts_immune_all_1433,TSP25_BoneMarrow_NA_10X_1_1_ACAGCCGAGAAAGCGA,411030,TSP25,bone marrow,common myeloid progenitor,CMP
ts_immune_all_1433,TSP25_BoneMarrow_NA_10X_1_1_5prime_TTCTCCTAGGACCACA,324510,TSP25,bone marrow,common myeloid progenitor,CMP
ts_immune_all_1433,TSP25_BoneMarrow_NA_10X_2_1_CTTCAATGTAATTGGA,555434,TSP25,bone marrow,common myeloid progenitor,CMP
ts_immune_all_1433,TSP25_BoneMarrow_NA_10X_1_1_GACCAATTCACAGAGG,411590,TSP25,bone marrow,common myeloid progenitor,CMP
ts_immune_all_1433,TSP25_BoneMarrow_NA_10X_2_1_TCGGGTGGTACAAAGT,555910,TSP25,bone marrow,common myeloid progenitor,CMP
ts_immune_all_1433,TSP25_BoneMarrow_NA_10X_2_1_GTGTAACAGGAAGTGA,555720,TSP25,bone marrow,common myeloid progenitor,CMP
ts_immune_all_1433,TSP25_BoneMarrow_NA_10X_2_1_GACTGATCAGGACTTT,555488,TSP25,bone marrow,common myeloid progenitor,CMP
ts_immune_all_1433,TSP25_BoneMarrow_NA_10X_2_1_TCCTCGAGTCTCCTGT,555885,TSP25,bone marrow,common myeloid progenitor,CMP
ts_immune_all_1433,TSP25_BoneMarrow_NA_10X_1_1_ATTCTACGTATCTCGA,411269,TSP25,bone marrow,common myeloid progenitor,CMP
ts_immune_all_1433,TSP25_BoneMarrow_NA_10X_2_1_GACTCAAAGAAGCCTG,555483,TSP25,bone marrow,common myeloid progenitor,CMP
ts_immune_all_1433,TSP25_BoneMarrow_NA_10X_1_1_TGAGTCATCACCCATC,412084,TSP25,bone marrow,common myeloid progenitor,CMP
ts_immune_all_1433,TSP25_BoneMarrow_NA_10X_1_1_5prime_CGGACGTAGATCCGAG,323868,TSP25,bone marrow,common myeloid progenitor,CMP
ts_immune_all_1433,TSP25_BoneMarrow_NA_10X_1_1_AATCACGAGCAGATAT,411010,TSP25,bone marrow,common myeloid progenitor,CMP
ts_immune_all_1433,TSP25_BoneMarrow_NA_10X_2_1_CATGGTATCTAAACGC,555234,TSP25,bone marrow,common myeloid progenitor,CMP
ts_immune_all_1433,TSP25_BoneMarrow_NA_10X_2_1_AGCCACGTCTGTCGTC,554996,TSP25,bone marrow,common myeloid progenitor,CMP
ts_immune_all_1433,TSP25_BoneMarrow_NA_10X_1_1_TCCACGTGTATGGTAA,412001,TSP25,bone marrow,common myeloid progenitor,CMP
ts_immune_all_1433,TSP25_BoneMarrow_NA_10X_2_1_ATCTCTAGTCAGTCGC,555101,TSP25,bone marrow,common myeloid progenitor,CMP
ts_immune_all_1433,TSP25_BoneMarrow_NA_10X_2_1_CTGAATGGTCGCTTAA,555415,TSP25,bone marrow,common myeloid progenitor,CMP
ts_immune_all_1433,TSP25_BoneMarrow_NA_10X_1_1_5prime_GTATCTTAGGCAATTA,324224,TSP25,bone marrow,common myeloid progenitor,CMP
ts_immune_all_1433,TSP25_BoneMarrow_NA_10X_1_1_5prime_GCTTCCATCATATCGG,324131,TSP25,bone marrow,common myeloid progenitor,CMP
ts_immune_all_1433,TSP25_BoneMarrow_NA_10X_1_1_TCTACCGAGGTAAAGG,412044,TSP25,bone marrow,common myeloid progenitor,CMP
ts_immune_all_1433,TSP25_BoneMarrow_NA_10X_1_1_5prime_GTCAAGTCATGTTCCC,324231,TSP25,bone marrow,common myeloid progenitor,CMP
ts_immune_all_1433,TSP25_BoneMarrow_NA_10X_1_1_CGCATGGTCGTTCAGA,411445,TSP25,bone marrow,common myeloid progenitor,CMP
ts_immune_all_1433,TSP25_BoneMarrow_NA_10X_1_1_GGGTAGATCCAAGGGA,411748,TSP25,bone marrow,common myeloid progenitor,CMP
ts_immune_all_1433,TSP25_BoneMarrow_NA_10X_2_1_TCGTCCATCCCAAGCG,555918,TSP25,bone marrow,common myeloid progenitor,CMP
ts_immune_all_1433,TSP25_BoneMarrow_NA_10X_1_1_CACTGTCTCGACATCA,411309,TSP25,bone marrow,common myeloid progenitor,CMP
ts_immune_all_1433,TSP25_BoneMarrow_NA_10X_2_1_TGATTTCTCTGTGCAA,555977,TSP25,bone marrow,common myeloid progenitor,CMP
ts_immune_all_1433,TSP25_BoneMarrow_NA_10X_2_1_TAACGACTCTTAGGAC,555759,TSP25,bone marrow,common myeloid progenitor,CMP
ts_immune_all_1433,TSP25_BoneMarrow_NA_10X_2_1_AGCGTATGTAATTGGA,555002,TSP25,bone marrow,common myeloid progenitor,CMP
ts_immune_all_1433,TSP25_BoneMarrow_NA_10X_1_1_GCGGAAATCTCCATAT,411695,TSP25,bone marrow,common myeloid progenitor,CMP
ts_immune_all_1433,TSP25_BoneMarrow_NA_10X_1_1_5prime_CGACTTCGTCTGATTG,323841,TSP25,bone marrow,common myeloid progenitor,CMP
ts_immune_all_1433,TSP25_BoneMarrow_NA_10X_1_1_TTTCCTCCACTACGGC,412236,TSP25,bone marrow,common myeloid progenitor,CMP
ts_immune_all_1433,TSP25_BoneMarrow_NA_10X_2_1_TTCCTAACAGGAATCG,556074,TSP25,bone marrow,common myeloid progenitor,CMP
ts_immune_all_1433,TSP25_BoneMarrow_NA_10X_1_1_5prime_ATTTCTGAGCACGCCT,323646,TSP25,bone marrow,common myeloid progenitor,CMP
ts_immune_all_1433,TSP25_BoneMarrow_NA_10X_2_1_TGACCCTTCCACAAGT,555946,TSP25,bone marrow,common myeloid progenitor,CMP
ts_immune_all_1433,TSP25_BoneMarrow_NA_10X_2_1_GGTAATCTCGTCTAAG,555628,TSP25,bone marrow,common myeloid progenitor,CMP
ts_immune_all_1433,TSP25_BoneMarrow_NA_10X_1_1_CGAGTGCGTAGAGACC,411433,TSP25,bone marrow,common myeloid progenitor,CMP
ts_immune_all_1433,TSP25_BoneMarrow_NA_10X_2_1_ATCGGCGAGAGCAGCT,555095,TSP25,bone marrow,common myeloid progenitor,CMP
ts_immune_all_1433,TSP25_BoneMarrow_NA_10X_2_1_AGACACTAGTAATCCC,554980,TSP25,bone marrow,common myeloid progenitor,CMP
ts_immune_all_1433,TSP25_BoneMarrow_NA_10X_1_1_GTCTACCAGGCTTAGG,411828,TSP25,bone marrow,common myeloid progenitor,CMP
ts_immune_all_1433,TSP25_BoneMarrow_NA_10X_2_1_CCGGGTAAGTTTCGGT,555272,TSP25,bone marrow,common myeloid progenitor,CMP
ts_immune_all_1433,TSP25_BoneMarrow_NA_10X_2_1_CTTTCAACACCTCAGG,555448,TSP25,bone marrow,common myeloid progenitor,CMP
ts_immune_all_1433,TSP25_BoneMarrow_NA_10X_2_1_CCATCACGTAGTTACC,555262,TSP25,bone marrow,common myeloid progenitor,CMP
ts_immune_all_1433,TSP25_BoneMarrow_NA_10X_1_1_5prime_AGTAGTCTCAAGGCTT,323585,TSP25,bone marrow,common myeloid progenitor,CMP
ts_immune_all_0011,TSP1_Blood_NA_10X3primev31_1_3_GTTACGATCAACCCGG,69788,TSP1,blood,"CD8-positive, alpha-beta T cell",NK
ts_immune_all_0011,TSP1_Blood_NA_10X3primev31_1_2_TGCAGTAAGCTAAATG,307974,TSP1,blood,"CD8-positive, alpha-beta T cell",NK
ts_immune_all_0011,TSP1_Blood_NA_10X3primev31_1_3_TTGGGTAAGACTCTTG,70187,TSP1,blood,"CD8-positive, alpha-beta T cell",NK
ts_immune_all_0011,TSP1_Blood_NA_10X3primev31_1_3_GACTGATAGAACGTGC,69507,TSP1,blood,"CD8-positive, alpha-beta T cell",NK
ts_immune_all_0011,TSP1_Blood_NA_10X3primev31_1_1_TAACCAGTCCGTATAG,258813,TSP1,blood,"CD8-positive, alpha-beta T cell",NK
ts_immune_all_0011,TSP1_Blood_NA_10X3primev31_1_1_CCTCTCCAGAATTGTG,258328,TSP1,blood,"CD8-positive, alpha-beta T cell",NK
ts_immune_all_0011,TSP1_Blood_NA_10X3primev31_1_2_AGTGATCTCTCAGGCG,306962,TSP1,blood,"CD8-positive, alpha-beta T cell",NK
ts_immune_all_0011,TSP1_Blood_NA_10X3primev31_1_2_TTGGGATTCCCATTCG,308103,TSP1,blood,"CD8-positive, alpha-beta T cell",NK
ts_immune_all_0011,TSP1_Blood_NA_10X3primev31_1_2_CATAAGCTCCTGTAAG,307142,TSP1,blood,"CD8-positive, alpha-beta T cell",NK
ts_immune_all_0011,TSP1_Blood_NA_10X3primev31_1_1_CGCATAAGTCCAGCAC,258362,TSP1,blood,"CD8-positive, alpha-beta T cell",NK
ts_immune_all_0011,TSP1_Blood_NA_10X3primev31_1_1_GTTTACTGTTAAGGGC,258804,TSP1,blood,"CD8-positive, alpha-beta T cell",NK
ts_immune_all_0011,TSP1_Blood_NA_10X3primev31_1_3_TGGAGGAGTAGCGAGT,70075,TSP1,blood,"CD8-positive, alpha-beta T cell",NK
ts_immune_all_0011,TSP1_Blood_NA_10X3primev31_1_1_GTTAGACTCCCATAGA,258789,TSP1,blood,"CD8-positive, alpha-beta T cell",NK
ts_immune_all_0011,TSP1_Blood_NA_10X3primev31_1_1_GCCCGAATCCTGGGAC,258594,TSP1,blood,"CD8-positive, alpha-beta T cell",NK
ts_immune_all_0011,TSP1_Blood_NA_10X3primev31_1_2_ATTTCTGGTAACGCGA,307056,TSP1,blood,"CD8-positive, alpha-beta T cell",NK
ts_immune_all_0011,TSP1_Blood_NA_10X3primev31_1_2_CCTCCAATCCTTCTTC,307246,TSP1,blood,"CD8-positive, alpha-beta T cell",NK
ts_immune_all_0011,TSP1_Blood_NA_10X3primev31_1_1_CGAGAAGTCTTCACGC,258347,TSP1,blood,"CD8-positive, alpha-beta T cell",NK
ts_immune_all_0011,TSP1_Blood_NA_10X3primev31_1_2_TATATCCAGCTCAGAG,307797,TSP1,blood,"CD8-positive, alpha-beta T cell",NK
ts_immune_all_0011,TSP1_Blood_NA_10X3primev31_1_2_GGGCCATGTGGGACAT,307578,TSP1,blood,"CD8-positive, alpha-beta T cell",NK
ts_immune_all_0011,TSP1_Blood_NA_10X3primev31_1_2_AGGTTACGTGTATACC,306948,TSP1,blood,"CD8-positive, alpha-beta T cell",NK
ts_immune_all_0011,TSP1_Blood_NA_10X3primev31_1_2_CGTGTCTAGAGAATCT,307302,TSP1,blood,"CD8-positive, alpha-beta T cell",NK
ts_immune_all_0011,TSP1_Blood_NA_10X3primev31_1_1_CATTCTAGTCCCAAAT,258260,TSP1,blood,"CD8-positive, alpha-beta T cell",NK
ts_immune_all_0011,TSP1_Blood_NA_10X3primev31_1_3_ACGTAACAGTGTGTTC,68875,TSP1,blood,"CD8-positive, alpha-beta T cell",NK
ts_immune_all_0011,TSP1_Blood_NA_10X3primev31_1_1_CATCGGGAGCGCACAA,258246,TSP1,blood,"CD8-positive, alpha-beta T cell",NK
ts_immune_all_0011,TSP1_Blood_NA_10X3primev31_1_2_TAACACGTCGAAATCC,307729,TSP1,blood,"CD8-positive, alpha-beta T cell",NK
ts_immune_all_0011,TSP1_Blood_NA_10X3primev31_1_2_CTCATCGGTACACGTT,307335,TSP1,blood,"CD8-positive, alpha-beta T cell",NK
ts_immune_all_0011,TSP1_Blood_NA_10X3primev31_1_2_CCCTCTCAGTTGCATC,307211,TSP1,blood,"CD8-positive, alpha-beta T cell",NK
ts_immune_all_0011,TSP1_Blood_NA_10X3primev31_1_3_TAACACGTCACGGTCG,69808,TSP1,blood,"CD8-positive, alpha-beta T cell",NK
ts_immune_all_0011,TSP1_Blood_NA_10X3primev31_1_1_GAGTCATAGGTAGACC,258534,TSP1,blood,"CD8-positive, alpha-beta T cell",NK
ts_immune_all_0011,TSP1_Blood_NA_10X3primev31_1_3_GTGAGCCCAGTGTACT,69759,TSP1,blood,"CD8-positive, alpha-beta T cell",NK
ts_immune_all_0011,TSP1_Blood_NA_10X3primev31_1_2_TCATCATAGTGCGCTC,307852,TSP1,blood,"CD8-positive, alpha-beta T cell",NK
ts_immune_all_0011,TSP1_Blood_NA_10X3primev31_1_3_GTACAACCACCATAAC,69710,TSP1,blood,"CD8-positive, alpha-beta T cell",NK
ts_immune_all_0011,TSP1_Blood_NA_10X3primev31_1_2_GAGCTGCAGTGTTGTC,307457,TSP1,blood,"CD8-positive, alpha-beta T cell",NK
ts_immune_all_0011,TSP1_Blood_NA_10X3primev31_1_2_TCACAAGAGATACTGA,307828,TSP1,blood,"CD8-positive, alpha-beta T cell",NK
ts_immune_all_0011,TSP1_Blood_NA_10X3primev31_1_1_CATAGACAGTCACTAC,258240,TSP1,blood,"CD8-positive, alpha-beta T cell",NK
ts_immune_all_0011,TSP1_Blood_NA_10X3primev31_1_2_TAGAGTCCATGAAAGT,307785,TSP1,blood,"CD8-positive, alpha-beta T cell",NK
ts_immune_all_0011,TSP1_Blood_NA_10X3primev31_1_2_TCATTACAGGGTCAAC,307858,TSP1,blood,"CD8-positive, alpha-beta T cell",NK
ts_immune_all_0011,TSP1_Blood_NA_10X3primev31_1_3_CTTTCGGCAACTTGCA,69462,TSP1,blood,"CD8-positive, alpha-beta T cell",NK
ts_immune_all_0011,TSP1_Blood_NA_10X3primev31_1_2_CGGGTGTGTCACGACC,307288,TSP1,blood,"CD8-positive, alpha-beta T cell",NK
ts_immune_all_0011,TSP1_Blood_NA_10X3primev31_1_3_AACAAAGTCCTACGAA,68767,TSP1,blood,"CD8-positive, alpha-beta T cell",NK
ts_immune_all_0011,TSP1_Blood_NA_10X3primev31_1_3_CGAATTGTCGCTTGAA,69299,TSP1,blood,"CD8-positive, alpha-beta T cell",NK
ts_immune_all_0011,TSP1_Blood_NA_10X3primev31_1_1_TCTAACTCATCCAACA,258955,TSP1,blood,"CD8-positive, alpha-beta T cell",NK
ts_immune_all_0011,TSP1_Blood_NA_10X3primev31_1_1_GGGTGTCCAGGCCCTA,258679,TSP1,blood,"CD8-positive, alpha-beta T cell",NK
ts_immune_all_0011,TSP1_Blood_NA_10X3primev31_1_3_CCTAAGAGTTGCGGCT,69266,TSP1,blood,"CD8-positive, alpha-beta T cell",NK
ts_immune_all_0011,TSP1_Blood_NA_10X3primev31_1_1_CGGGTGTGTCGTTGCG,258373,TSP1,blood,"CD8-positive, alpha-beta T cell",NK
ts_immune_all_0011,TSP1_Blood_NA_10X3primev31_1_3_ATGTCTTGTGTTCATG,69058,TSP1,blood,"CD8-positive, alpha-beta T cell",NK
ts_immune_all_0011,TSP1_Blood_NA_10X3primev31_1_1_CGTTCTGTCGTTTACT,258397,TSP1,blood,"CD8-positive, alpha-beta T cell",NK
ts_immune_all_0011,TSP1_Blood_NA_10X3primev31_1_2_GCATCTCAGGACAACC,307507,TSP1,blood,"CD8-positive, alpha-beta T cell",NK
ts_immune_all_0011,TSP1_Blood_NA_10X3primev31_1_3_CGGACACGTACTGCCG,69328,TSP1,blood,"CD8-positive, alpha-beta T cell",NK
ts_immune_all_0011,TSP1_Blood_NA_10X3primev31_1_1_CAACCAACATATCTCT,258169,TSP1,blood,"CD8-positive, alpha-beta T cell",NK
ts_immune_all_1175,TSP21_Thymus_NA_10X_1_1_GGCTTTCTCAATCGGT,451604,TSP21,thymus,B cell,Naive_B
ts_immune_all_1175,TSP21_Thymus_NA_10X_1_2_5prime_ATCATGGTCTCCAGGG,339421,TSP21,thymus,B cell,Naive_B
ts_immune_all_1175,TSP21_Thymus_NA_10X_1_1_TCAGTCCCAACCTAAC,451769,TSP21,thymus,B cell,Naive_B
ts_immune_all_1175,TSP21_Thymus_NA_10X_1_2_5prime_CGAACATGTCCTCTTG,339582,TSP21,thymus,B cell,Naive_B
ts_immune_all_1175,TSP21_Thymus_NA_10X_1_1_CAATGACCATTGGATC,451305,TSP21,thymus,B cell,Naive_B
ts_immune_all_1175,TSP21_Thymus_NA_10X_1_2_5prime_CAGAATCAGAGCCCAA,339494,TSP21,thymus,B cell,Naive_B
ts_immune_all_1175,TSP21_Thymus_NA_10X_1_1_TCTACATGTGTTGAGG,451822,TSP21,thymus,B cell,Naive_B
ts_immune_all_1175,TSP21_Thymus_NA_10X_1_2_5prime_TGTGGTAGTAAGGGCT,340093,TSP21,thymus,B cell,Naive_B
ts_immune_all_1175,TSP21_Thymus_NA_10X_1_2_5prime_CGATTGATCGTCGTTC,339601,TSP21,thymus,B cell,Naive_B
ts_immune_all_1175,TSP21_Thymus_NA_10X_1_2_5prime_TCAACGATCTTACCTA,339999,TSP21,thymus,B cell,Naive_B
ts_immune_all_1175,TSP21_Thymus_NA_10X_1_1_TTGGTTTAGGGAGTGG,451944,TSP21,thymus,B cell,Naive_B
ts_immune_all_1175,TSP21_Thymus_NA_10X_1_2_5prime_CTTGGCTAGTCCCACG,339717,TSP21,thymus,B cell,Naive_B
ts_immune_all_1175,TSP21_Thymus_NA_10X_1_2_5prime_TGAGCCGCAGCATACT,340056,TSP21,thymus,B cell,Naive_B
ts_immune_all_1175,TSP21_Thymus_NA_10X_1_1_AACGTCAGTGTCATTG,451105,TSP21,thymus,B cell,Naive_B
ts_immune_all_1175,TSP21_Thymus_NA_10X_1_1_5prime_CTTCTCTGTTGGTGGA,587087,TSP21,thymus,B cell,Naive_B
ts_immune_all_1175,TSP21_Thymus_NA_10X_1_2_GTAATGCGTCCGTACG,231023,TSP21,thymus,B cell,Naive_B
ts_immune_all_1175,TSP21_Thymus_NA_10X_1_1_GTGAGTTTCCATACAG,451667,TSP21,thymus,B cell,Naive_B
ts_immune_all_1175,TSP21_Thymus_NA_10X_1_2_GCCAGGTTCATTTCCA,230953,TSP21,thymus,B cell,Naive_B
ts_immune_all_1175,TSP21_Thymus_NA_10X_1_1_5prime_TCTATTGTCGTACCGG,587294,TSP21,thymus,B cell,Naive_B
ts_immune_all_1175,TSP21_Thymus_NA_10X_1_1_CATAGACTCAACCTTT,451338,TSP21,thymus,B cell,Naive_B
ts_immune_all_1175,TSP21_Thymus_NA_10X_1_2_CTAACCCAGCTGAAGC,230827,TSP21,thymus,B cell,Naive_B
ts_immune_all_1175,TSP21_Thymus_NA_10X_1_2_AGTGTTGGTCTTGAAC,230640,TSP21,thymus,B cell,Naive_B
ts_immune_all_1175,TSP21_Thymus_NA_10X_1_2_5prime_AGCTCCTTCCGTTGTC,339393,TSP21,thymus,B cell,Naive_B
ts_immune_all_1175,TSP21_Thymus_NA_10X_1_1_GTGGTTAGTATCCTCC,451677,TSP21,thymus,B cell,Naive_B
ts_immune_all_1175,TSP21_Thymus_NA_10X_1_2_5prime_TGCGCAGTCCGTCATC,340067,TSP21,thymus,B cell,Naive_B
ts_immune_all_1175,TSP21_Thymus_NA_10X_1_2_5prime_TCTTTCCAGAGGTTAT,340040,TSP21,thymus,B cell,Naive_B
ts_immune_all_1175,TSP21_Thymus_NA_10X_1_2_5prime_CCATTCGCAGACGCCT,339551,TSP21,thymus,B cell,Naive_B
ts_immune_all_1175,TSP21_Thymus_NA_10X_1_2_5prime_TTCCCAGCACACTGCG,340111,TSP21,thymus,B cell,Naive_B
ts_immune_all_1175,TSP21_Thymus_NA_10X_1_2_5prime_GCTGCAGCAACAACCT,339826,TSP21,thymus,B cell,Naive_B
ts_immune_all_1175,TSP21_Thymus_NA_10X_1_2_AGATCGTAGCACTCGC,230590,TSP21,thymus,B cell,Naive_B
ts_immune_all_1175,TSP21_Thymus_NA_10X_1_2_5prime_TAGACCATCAACACCA,339978,TSP21,thymus,B cell,Naive_B
ts_immune_all_1175,TSP21_Thymus_NA_10X_1_1_GGTAATCCACTACCGG,451634,TSP21,thymus,B cell,Naive_B
ts_immune_all_1175,TSP21_Thymus_NA_10X_1_2_TCCTCTTGTCATAAAG,231147,TSP21,thymus,B cell,Naive_B
ts_immune_all_1175,TSP21_Thymus_NA_10X_1_2_5prime_TAGAGCTGTTAGTGGG,339980,TSP21,thymus,B cell,Naive_B
ts_immune_all_1175,TSP21_Thymus_NA_10X_1_1_5prime_GCAAACTAGCTCCTCT,587133,TSP21,thymus,B cell,Naive_B
ts_immune_all_1175,TSP21_Thymus_NA_10X_1_2_5prime_ACTTACTTCTAACTGG,339373,TSP21,thymus,B cell,Naive_B
ts_immune_all_1175,TSP21_Thymus_NA_10X_1_1_GGTTAACAGATGATTG,451641,TSP21,thymus,B cell,Naive_B
ts_immune_all_1175,TSP21_Thymus_NA_10X_1_2_5prime_CGTGTCTCAAAGCGGT,339648,TSP21,thymus,B cell,Naive_B
ts_immune_all_1175,TSP21_Thymus_NA_10X_1_2_ATTCAGGAGGGATCAC,230684,TSP21,thymus,B cell,Naive_B
ts_immune_all_1175,TSP21_Thymus_NA_10X_1_2_5prime_GGCGACTGTCTAGTGT,339865,TSP21,thymus,B cell,Naive_B
ts_immune_all_1175,TSP21_Thymus_NA_10X_1_2_AGGCTGCTCGTCTCAC,230615,TSP21,thymus,B cell,Naive_B
ts_immune_all_1175,TSP21_Thymus_NA_10X_1_2_CGATCGGTCGATTTCT,230796,TSP21,thymus,B cell,Naive_B
ts_immune_all_1175,TSP21_Thymus_NA_10X_1_1_5prime_CTTCTCTAGCTGGAAC,587086,TSP21,thymus,B cell,Naive_B
ts_immune_all_1175,TSP21_Thymus_NA_10X_1_2_5prime_TAGCCGGCATACTCTT,339986,TSP21,thymus,B cell,Naive_B
ts_immune_all_1175,TSP21_Thymus_NA_10X_1_2_GGAGCAAAGAGGGTAA,230974,TSP21,thymus,B cell,Naive_B
ts_immune_all_1175,TSP21_Thymus_NA_10X_1_2_GATTGGTCAGAAGCTG,230935,TSP21,thymus,B cell,Naive_B
ts_immune_all_1175,TSP21_Thymus_NA_10X_1_2_AGATGCTAGTAACGTA,230595,TSP21,thymus,B cell,Naive_B
ts_immune_all_1175,TSP21_Thymus_NA_10X_1_2_ACATTTCAGGTCTACT,230547,TSP21,thymus,B cell,Naive_B
ts_immune_all_1175,TSP21_Thymus_NA_10X_1_2_CACATGAAGTTGCTCA,230709,TSP21,thymus,B cell,Naive_B
ts_immune_all_1175,TSP21_Thymus_NA_10X_1_1_5prime_CATCAAGCAAGTCATC,586955,TSP21,thymus,B cell,Naive_B
ts_immune_all_0898,TSP14_Tongue_Posterior_10X_1_1_GGAGGATAGGATTCAA,373512,TSP14,posterior part of tongue,macrophage,Macrophage
ts_immune_all_0898,TSP14_Tongue_Posterior_10X_1_1_TTTGATCGTTGGCCGT,373609,TSP14,posterior part of tongue,macrophage,Macrophage
ts_immune_all_0898,TSP14_Tongue_Posterior_10X_1_1_TATCAGGTCCATGCAA,373549,TSP14,posterior part of tongue,macrophage,Macrophage
ts_immune_all_0898,TSP14_Tongue_Posterior_10X_1_1_CACTGAAGTGTTGATC,373422,TSP14,posterior part of tongue,macrophage,Macrophage
ts_immune_all_0898,TSP14_Tongue_Posterior_10X_1_1_TTCATTGTCTCCTACG,373596,TSP14,posterior part of tongue,macrophage,Macrophage
ts_immune_all_0898,TSP14_Tongue_Posterior_10X_1_1_CTTCTAATCTGTCTCG,373475,TSP14,posterior part of tongue,macrophage,Macrophage
ts_immune_all_0898,TSP14_Tongue_Posterior_10X_1_1_CACAGGCAGGGTACAC,373417,TSP14,posterior part of tongue,macrophage,Macrophage
ts_immune_all_0898,TSP14_Tongue_Posterior_10X_1_1_TCATTTGCATTCGGGC,373563,TSP14,posterior part of tongue,macrophage,Macrophage
ts_immune_all_0898,TSP14_Tongue_Posterior_10X_1_1_CGTAATGAGGCAATGC,373457,TSP14,posterior part of tongue,macrophage,Macrophage
ts_immune_all_0898,TSP14_Tongue_Posterior_10X_1_1_AGCGTATTCCTCTCGA,373371,TSP14,posterior part of tongue,macrophage,Macrophage
ts_immune_all_0898,TSP14_Tongue_Posterior_10X_1_1_TCAGGTAAGAGTTGAT,373558,TSP14,posterior part of tongue,macrophage,Macrophage
ts_immune_all_0898,TSP14_Tongue_Posterior_10X_1_1_TCATACTGTGAGGATC,373560,TSP14,posterior part of tongue,macrophage,Macrophage
ts_immune_all_0898,TSP14_Tongue_Posterior_10X_1_1_GTGATGTAGGGTACGT,373533,TSP14,posterior part of tongue,macrophage,Macrophage
ts_immune_all_0898,TSP14_Tongue_Posterior_10X_1_1_ACACGCGGTCACAATC,373351,TSP14,posterior part of tongue,macrophage,Macrophage
ts_immune_all_0898,TSP14_Tongue_Posterior_10X_1_1_CCGGGTAGTCGGATTT,373442,TSP14,posterior part of tongue,macrophage,Macrophage
ts_immune_all_0898,TSP14_Tongue_Posterior_10X_1_1_ACATCGACACAATGAA,373353,TSP14,posterior part of tongue,macrophage,Macrophage
ts_immune_all_0898,TSP14_Tongue_Posterior_10X_1_1_TTCATGTAGTCGTCTA,373595,TSP14,posterior part of tongue,macrophage,Macrophage
ts_immune_all_0898,TSP14_Tongue_Posterior_10X_1_1_ATGATCGAGGTCATCT,373400,TSP14,posterior part of tongue,macrophage,Macrophage
ts_immune_all_0898,TSP14_Tongue_Posterior_10X_1_1_CTTACCGAGACTCTTG,373473,TSP14,posterior part of tongue,macrophage,Macrophage
ts_immune_all_0898,TSP14_Tongue_Posterior_10X_1_1_CATCGTCCACGCGTGT,373430,TSP14,posterior part of tongue,macrophage,Macrophage
ts_immune_all_0898,TSP14_Tongue_Posterior_10X_1_1_AGTGATCTCGCCATAA,373386,TSP14,posterior part of tongue,macrophage,Macrophage
ts_immune_all_0898,TSP14_Tongue_Posterior_10X_1_1_GTCCTCATCTTTACAC,373530,TSP14,posterior part of tongue,macrophage,Macrophage
ts_immune_all_0898,TSP14_Tongue_Posterior_10X_1_1_CGTGAATAGATAGCTA,373460,TSP14,posterior part of tongue,macrophage,Macrophage
ts_immune_all_0898,TSP14_Tongue_Posterior_10X_1_1_GTCATCCCACTCCGAG,373528,TSP14,posterior part of tongue,macrophage,Macrophage
ts_immune_all_0898,TSP14_Tongue_Posterior_10X_1_1_TTTCGATCACTTTATC,373607,TSP14,posterior part of tongue,macrophage,Macrophage
ts_immune_all_0898,TSP14_Tongue_Posterior_10X_1_1_ATTCGTTAGACGAGCT,373406,TSP14,posterior part of tongue,macrophage,Macrophage
ts_immune_all_0898,TSP14_Tongue_Posterior_10X_1_1_TCTATACCAAAGGTTA,373571,TSP14,posterior part of tongue,macrophage,Macrophage
ts_immune_all_0898,TSP14_Tongue_Posterior_10X_1_1_TGTTCCGGTAGAATAC,373588,TSP14,posterior part of tongue,macrophage,Macrophage
ts_immune_all_0898,TSP14_Tongue_Posterior_10X_1_1_AGAGCAGAGATGGGCT,373364,TSP14,posterior part of tongue,macrophage,Macrophage
ts_immune_all_0898,TSP14_Tongue_Posterior_10X_1_1_GAAGGACCATCAGCGC,373479,TSP14,posterior part of tongue,macrophage,Macrophage
ts_immune_all_0898,TSP14_Tongue_Posterior_10X_1_1_CTGGACGGTTCAAGTC,373471,TSP14,posterior part of tongue,macrophage,Macrophage
ts_immune_all_0898,TSP14_Tongue_Posterior_10X_1_1_GTCAGCGGTAGTGGCA,373527,TSP14,posterior part of tongue,macrophage,Macrophage
ts_immune_all_0898,TSP14_Tongue_Posterior_10X_1_1_GTGAGGATCCAGTGTA,373532,TSP14,posterior part of tongue,macrophage,Macrophage
ts_immune_all_0898,TSP14_Tongue_Posterior_10X_1_1_GCAGCTGCAACTCGAT,373499,TSP14,posterior part of tongue,macrophage,Macrophage
ts_immune_all_0898,TSP14_Tongue_Posterior_10X_1_1_AGACTCATCTGCAGCG,373363,TSP14,posterior part of tongue,macrophage,Macrophage
ts_immune_all_0898,TSP14_Tongue_Posterior_10X_1_1_GTTACCCTCTGATTCT,373538,TSP14,posterior part of tongue,macrophage,Macrophage
ts_immune_all_0898,TSP14_Tongue_Posterior_10X_1_1_CCCAACTAGAATTGTG,373435,TSP14,posterior part of tongue,macrophage,Macrophage
ts_immune_all_0898,TSP14_Tongue_Posterior_10X_1_1_GACTCTCGTTCTGACA,373485,TSP14,posterior part of tongue,macrophage,Macrophage
ts_immune_all_0898,TSP14_Tongue_Posterior_10X_1_1_CAACCAAGTTAGGACG,373413,TSP14,posterior part of tongue,macrophage,Macrophage
ts_immune_all_0898,TSP14_Tongue_Posterior_10X_1_1_CTCCTTTTCTCGAGTA,373467,TSP14,posterior part of tongue,macrophage,Macrophage
ts_immune_all_0898,TSP14_Tongue_Posterior_10X_1_1_CTGCAGGCACCCTCTA,373468,TSP14,posterior part of tongue,macrophage,Macrophage
ts_immune_all_0898,TSP14_Tongue_Posterior_10X_1_1_CTCCAACAGGAATCGC,373464,TSP14,posterior part of tongue,macrophage,Macrophage
ts_immune_all_0898,TSP14_Tongue_Posterior_10X_1_1_AGCGCTGGTCCGAAAG,373370,TSP14,posterior part of tongue,macrophage,Macrophage
ts_immune_all_0898,TSP14_Tongue_Posterior_10X_1_1_GAGTGTTAGTTGTCAC,373490,TSP14,posterior part of tongue,macrophage,Macrophage
ts_immune_all_0898,TSP14_Tongue_Posterior_10X_1_1_ACTGCAAAGACTCTAC,373361,TSP14,posterior part of tongue,macrophage,Macrophage
ts_immune_all_0898,TSP14_Tongue_Posterior_10X_1_1_TGACAGTAGTTGGAGC,373577,TSP14,posterior part of tongue,macrophage,Macrophage
ts_immune_all_0898,TSP14_Tongue_Posterior_10X_1_1_TACCGGGGTGCGTTTA,373543,TSP14,posterior part of tongue,macrophage,Macrophage
ts_immune_all_0898,TSP14_Tongue_Posterior_10X_1_1_GGAATCTTCGCGAAGA,373511,TSP14,posterior part of tongue,macrophage,Macrophage
ts_immune_all_0898,TSP14_Tongue_Posterior_10X_1_1_TCTATCAGTCATGGCC,373572,TSP14,posterior part of tongue,macrophage,Macrophage
ts_immune_all_0898,TSP14_Tongue_Posterior_10X_1_1_CCCATTGGTCCGGACT,373436,TSP14,posterior part of tongue,macrophage,Macrophage
ts_immune_all_0900,TSP14_Tongue_Posterior_10X_1_1_AGGTCTAGTATGGGAC,373381,TSP14,posterior part of tongue,"CD4-positive, alpha-beta T cell",Memory_CD4
ts_immune_all_0900,TSP14_Tongue_Posterior_10X_1_1_GGCTTTCTCCTCACCA,373513,TSP14,posterior part of tongue,"CD4-positive, alpha-beta T cell",Memory_CD4
ts_immune_all_0900,TSP14_Tongue_Posterior_10X_1_1_CCTCAACTCCAAACCA,373447,TSP14,posterior part of tongue,"CD4-positive, alpha-beta T cell",Memory_CD4
ts_immune_all_0900,TSP14_Tongue_Posterior_10X_1_1_TTACAGGTCCTCCACA,373590,TSP14,posterior part of tongue,"CD4-positive, alpha-beta T cell",Memory_CD4
ts_immune_all_0900,TSP14_Tongue_Posterior_10X_1_1_TGCGATAAGATCCCAT,373580,TSP14,posterior part of tongue,"CD4-positive, alpha-beta T cell",Memory_CD4
ts_immune_all_0900,TSP14_Tongue_Posterior_10X_1_1_GGGCCATAGCCAAGGT,373515,TSP14,posterior part of tongue,"CD4-positive, alpha-beta T cell",Memory_CD4
ts_immune_all_0900,TSP14_Tongue_Posterior_10X_1_1_CCTCAGTCAAGCACAG,373448,TSP14,posterior part of tongue,"CD4-positive, alpha-beta T cell",Memory_CD4
ts_immune_all_0900,TSP14_Tongue_Posterior_10X_1_1_CTCAGGGCAAATGCTC,373463,TSP14,posterior part of tongue,"CD4-positive, alpha-beta T cell",Memory_CD4
ts_immune_all_0900,TSP14_Tongue_Posterior_10X_1_1_TCAAGTGGTGTCATTG,373554,TSP14,posterior part of tongue,"CD4-positive, alpha-beta T cell",Memory_CD4
ts_immune_all_0900,TSP14_Tongue_Posterior_10X_1_1_CAGGGCTCACTTGACA,373425,TSP14,posterior part of tongue,"CD4-positive, alpha-beta T cell",Memory_CD4
ts_immune_all_0900,TSP14_Tongue_Posterior_10X_1_1_GAGGCCTGTCTGCGCA,373488,TSP14,posterior part of tongue,"CD4-positive, alpha-beta T cell",Memory_CD4
ts_immune_all_0900,TSP14_Tongue_Posterior_10X_1_1_CACTAAGAGTTATGGA,373421,TSP14,posterior part of tongue,"CD4-positive, alpha-beta T cell",Memory_CD4
ts_immune_all_0900,TSP14_Tongue_Posterior_10X_1_1_GGGTCACCAAGCGAGT,373518,TSP14,posterior part of tongue,"CD4-positive, alpha-beta T cell",Memory_CD4
ts_immune_all_0900,TSP14_Tongue_Posterior_10X_1_1_GATTTCTTCCTCTAGC,373496,TSP14,posterior part of tongue,"CD4-positive, alpha-beta T cell",Memory_CD4
ts_immune_all_0900,TSP14_Tongue_Posterior_10X_1_1_TTCCTAAAGACCCTTA,373597,TSP14,posterior part of tongue,"CD4-positive, alpha-beta T cell",Memory_CD4
ts_immune_all_0900,TSP14_Tongue_Posterior_10X_1_1_CGATGCGCACTGAGGA,373455,TSP14,posterior part of tongue,"CD4-positive, alpha-beta T cell",Memory_CD4
ts_immune_all_0900,TSP14_Tongue_Posterior_10X_1_1_GACCCTTTCTGGGCAC,373482,TSP14,posterior part of tongue,"CD4-positive, alpha-beta T cell",Memory_CD4
ts_immune_all_0900,TSP14_Tongue_Posterior_10X_1_1_TTCGGTCAGCCTAACT,373598,TSP14,posterior part of tongue,"CD4-positive, alpha-beta T cell",Memory_CD4
ts_immune_all_0900,TSP14_Tongue_Posterior_10X_1_1_GGAATCTAGGCACTCC,373510,TSP14,posterior part of tongue,"CD4-positive, alpha-beta T cell",Memory_CD4
ts_immune_all_0900,TSP14_Tongue_Posterior_10X_1_1_GCCGTGATCGCCAGTG,373506,TSP14,posterior part of tongue,"CD4-positive, alpha-beta T cell",Memory_CD4
ts_immune_all_0900,TSP14_Tongue_Posterior_10X_1_1_GATCATGAGAAACTGT,373492,TSP14,posterior part of tongue,"CD4-positive, alpha-beta T cell",Memory_CD4
ts_immune_all_0900,TSP14_Tongue_Posterior_10X_1_1_ATCCACCCACTTGAGT,373392,TSP14,posterior part of tongue,"CD4-positive, alpha-beta T cell",Memory_CD4
ts_immune_all_0900,TSP14_Tongue_Posterior_10X_1_1_ATCAGGTGTTTACCAG,373391,TSP14,posterior part of tongue,"CD4-positive, alpha-beta T cell",Memory_CD4
ts_immune_all_0900,TSP14_Tongue_Posterior_10X_1_1_TGTTACTGTCATCTAG,373587,TSP14,posterior part of tongue,"CD4-positive, alpha-beta T cell",Memory_CD4
ts_immune_all_0900,TSP14_Tongue_Posterior_10X_1_1_AGGGCTCCAGATACCT,373380,TSP14,posterior part of tongue,"CD4-positive, alpha-beta T cell",Memory_CD4
ts_immune_all_0900,TSP14_Tongue_Posterior_10X_1_1_AGCATCAAGCCAAGTG,373366,TSP14,posterior part of tongue,"CD4-positive, alpha-beta T cell",Memory_CD4
ts_immune_all_0900,TSP14_Tongue_Posterior_10X_1_1_ACAAAGACAGTGGTGA,373349,TSP14,posterior part of tongue,"CD4-positive, alpha-beta T cell",Memory_CD4
ts_immune_all_0900,TSP14_Tongue_Posterior_10X_1_1_CCACTTGCAACATCGT,373434,TSP14,posterior part of tongue,"CD4-positive, alpha-beta T cell",Memory_CD4
ts_immune_all_0900,TSP14_Tongue_Posterior_10X_1_1_TATCTGTCAATTTCCT,373550,TSP14,posterior part of tongue,"CD4-positive, alpha-beta T cell",Memory_CD4
ts_immune_all_0900,TSP14_Tongue_Posterior_10X_1_1_ATGGAGGCACTAAACC,373401,TSP14,posterior part of tongue,"CD4-positive, alpha-beta T cell",Memory_CD4
ts_immune_all_0900,TSP14_Tongue_Posterior_10X_1_1_CCTATCGCATTCTTCA,373446,TSP14,posterior part of tongue,"CD4-positive, alpha-beta T cell",Memory_CD4
ts_immune_all_0900,TSP14_Tongue_Posterior_10X_1_1_GCTCAAATCATTGTGG,373509,TSP14,posterior part of tongue,"CD4-positive, alpha-beta T cell",Memory_CD4
ts_immune_all_0900,TSP14_Tongue_Posterior_10X_1_1_TCGGGACTCGTTGTGA,373570,TSP14,posterior part of tongue,"CD4-positive, alpha-beta T cell",Memory_CD4
ts_immune_all_0900,TSP14_Tongue_Posterior_10X_1_1_GTTCATTCATCTTTCA,373539,TSP14,posterior part of tongue,"CD4-positive, alpha-beta T cell",Memory_CD4
ts_immune_all_0900,TSP14_Tongue_Posterior_10X_1_1_ATTCCCGGTTGTGGCC,373405,TSP14,posterior part of tongue,"CD4-positive, alpha-beta T cell",Memory_CD4
ts_immune_all_0900,TSP14_Tongue_Posterior_10X_1_1_GACTCAACACCCATAA,373484,TSP14,posterior part of tongue,"CD4-positive, alpha-beta T cell",Memory_CD4
ts_immune_all_0900,TSP14_Tongue_Posterior_10X_1_1_GAGCTGCTCATTTCGT,373487,TSP14,posterior part of tongue,"CD4-positive, alpha-beta T cell",Memory_CD4
ts_immune_all_0900,TSP14_Tongue_Posterior_10X_1_1_TGAATGCGTGGGTCAA,373576,TSP14,posterior part of tongue,"CD4-positive, alpha-beta T cell",Memory_CD4
ts_immune_all_0900,TSP14_Tongue_Posterior_10X_1_1_CTAGACATCTCTCTTC,373461,TSP14,posterior part of tongue,"CD4-positive, alpha-beta T cell",Memory_CD4
ts_immune_all_0900,TSP14_Tongue_Posterior_10X_1_1_GGTAATCAGGGCTGAT,373520,TSP14,posterior part of tongue,"CD4-positive, alpha-beta T cell",Memory_CD4
ts_immune_all_0900,TSP14_Tongue_Posterior_10X_1_1_CCGGTGAGTCATCACA,373443,TSP14,posterior part of tongue,"CD4-positive, alpha-beta T cell",Memory_CD4
ts_immune_all_0900,TSP14_Tongue_Posterior_10X_1_1_CGAAGGACACAAGTTC,373449,TSP14,posterior part of tongue,"CD4-positive, alpha-beta T cell",Memory_CD4
ts_immune_all_0900,TSP14_Tongue_Posterior_10X_1_1_CATACTTTCCCGAGGT,373426,TSP14,posterior part of tongue,"CD4-positive, alpha-beta T cell",Memory_CD4
ts_immune_all_0900,TSP14_Tongue_Posterior_10X_1_1_AATGGAACATAGAATG,373345,TSP14,posterior part of tongue,"CD4-positive, alpha-beta T cell",Memory_CD4
ts_immune_all_0900,TSP14_Tongue_Posterior_10X_1_1_AAGTTCGAGATTTGCC,373342,TSP14,posterior part of tongue,"CD4-positive, alpha-beta T cell",Memory_CD4
ts_immune_all_0900,TSP14_Tongue_Posterior_10X_1_1_CACAACATCGAGATAA,373416,TSP14,posterior part of tongue,"CD4-positive, alpha-beta T cell",Memory_CD4
ts_immune_all_0900,TSP14_Tongue_Posterior_10X_1_1_AGGGAGTAGATTCGAA,373378,TSP14,posterior part of tongue,"CD4-positive, alpha-beta T cell",Memory_CD4
ts_immune_all_0900,TSP14_Tongue_Posterior_10X_1_1_AAGTACCTCGGTTAGT,373340,TSP14,posterior part of tongue,"CD4-positive, alpha-beta T cell",Memory_CD4
ts_immune_all_0900,TSP14_Tongue_Posterior_10X_1_1_ACGGGTCTCGGTCAGC,373358,TSP14,posterior part of tongue,"CD4-positive, alpha-beta T cell",Memory_CD4
ts_immune_all_0900,TSP14_Tongue_Posterior_10X_1_1_CCGATGGTCAACGTGT,373441,TSP14,posterior part of tongue,"CD4-positive, alpha-beta T cell",Memory_CD4
ts_immune_all_1670,TSP27_FAT_SAT_10X3primev31_1_1_AAATGGAAGAATCCCT,502283,TSP27,subcutaneous adipose tissue,neutrophil,Neutrophil
ts_immune_all_1670,TSP27_FAT_SAT_10X3primev31_1_1_CATACCCAGAATGTTG,502313,TSP27,subcutaneous adipose tissue,neutrophil,Neutrophil
ts_immune_all_1670,TSP27_FAT_SAT_10X3primev31_1_1_GTATTGGCACAGTCCG,502351,TSP27,subcutaneous adipose tissue,neutrophil,Neutrophil
ts_immune_all_1670,TSP27_FAT_SAT_10X3primev31_1_1_TCCTCTTGTCAGGAGT,502373,TSP27,subcutaneous adipose tissue,neutrophil,Neutrophil
ts_immune_all_1670,TSP27_FAT_SAT_10X3primev31_1_1_TCCTAATTCTGGCTGG,502372,TSP27,subcutaneous adipose tissue,neutrophil,Neutrophil
ts_immune_all_1670,TSP27_FAT_SAT_10X3primev31_1_1_AGAAGTAGTCACGACC,502296,TSP27,subcutaneous adipose tissue,neutrophil,Neutrophil
ts_immune_all_1670,TSP27_FAT_SAT_10X3primev31_1_1_ATTCCTATCCGGCAAC,502307,TSP27,subcutaneous adipose tissue,neutrophil,Neutrophil
ts_immune_all_1670,TSP27_FAT_SAT_10X3primev31_1_1_CCTCAACTCCACTGAA,502319,TSP27,subcutaneous adipose tissue,neutrophil,Neutrophil
ts_immune_all_1670,TSP27_FAT_SAT_10X3primev31_1_1_TCGAACATCAACGTGT,502376,TSP27,subcutaneous adipose tissue,neutrophil,Neutrophil
ts_immune_all_1670,TSP27_FAT_SAT_10X3primev31_1_1_TGCATCCGTGGATGAC,502381,TSP27,subcutaneous adipose tissue,neutrophil,Neutrophil
ts_immune_all_1670,TSP27_FAT_SAT_10X3primev31_1_1_TGGGATTTCGGACTTA,502384,TSP27,subcutaneous adipose tissue,neutrophil,Neutrophil
ts_immune_all_1670,TSP27_FAT_SAT_10X3primev31_1_1_CCTCCTCTCTACACTT,502320,TSP27,subcutaneous adipose tissue,neutrophil,Neutrophil
ts_immune_all_1670,TSP27_FAT_SAT_10X3primev31_1_1_TGGGATTTCTTCGGTC,502385,TSP27,subcutaneous adipose tissue,neutrophil,Neutrophil
ts_immune_all_1670,TSP27_FAT_SAT_10X3primev31_1_1_GAGTCATTCCGCTAGG,502332,TSP27,subcutaneous adipose tissue,neutrophil,Neutrophil
ts_immune_all_1670,TSP27_FAT_SAT_10X3primev31_1_1_GTAGAGGGTTTGATCG,502350,TSP27,subcutaneous adipose tissue,neutrophil,Neutrophil
ts_immune_all_1670,TSP27_FAT_SAT_10X3primev31_1_1_ACTTTGTAGTAAAGCT,502294,TSP27,subcutaneous adipose tissue,neutrophil,Neutrophil
ts_immune_all_1670,TSP27_FAT_SAT_10X3primev31_1_1_TGCGGGTCAAGTTTGC,502383,TSP27,subcutaneous adipose tissue,neutrophil,Neutrophil
ts_immune_all_1670,TSP27_FAT_SAT_10X3primev31_1_1_CAGGTATGTGGACCAA,502312,TSP27,subcutaneous adipose tissue,neutrophil,Neutrophil
ts_immune_all_1670,TSP27_FAT_SAT_10X3primev31_1_1_TCACGGGGTCGACGCT,502368,TSP27,subcutaneous adipose tissue,neutrophil,Neutrophil
ts_immune_all_1670,TSP27_FAT_SAT_10X3primev31_1_1_GACTTCCTCGGCATTA,502331,TSP27,subcutaneous adipose tissue,neutrophil,Neutrophil
ts_immune_all_1670,TSP27_FAT_SAT_10X3primev31_1_1_CTGAGGCCACTACCCT,502324,TSP27,subcutaneous adipose tissue,neutrophil,Neutrophil
ts_immune_all_1670,TSP27_FAT_SAT_10X3primev31_1_1_CCGTTCATCTCGCTCA,502316,TSP27,subcutaneous adipose tissue,neutrophil,Neutrophil
ts_immune_all_1670,TSP27_FAT_SAT_10X3primev31_1_1_AGTCACAAGACTAAGT,502298,TSP27,subcutaneous adipose tissue,neutrophil,Neutrophil
ts_immune_all_1670,TSP27_FAT_SAT_10X3primev31_1_1_ACGATGTCACTGGCCA,502292,TSP27,subcutaneous adipose tissue,neutrophil,Neutrophil
ts_immune_all_1670,TSP27_FAT_SAT_10X3primev31_1_1_GCATTAGAGGTTCACT,502339,TSP27,subcutaneous adipose tissue,neutrophil,Neutrophil
ts_immune_all_1670,TSP27_FAT_SAT_10X3primev31_1_1_TATCGCCGTCTGCATA,502365,TSP27,subcutaneous adipose tissue,neutrophil,Neutrophil
ts_immune_all_1670,TSP27_FAT_SAT_10X3primev31_1_1_TCTCACGCACGCGCTA,502378,TSP27,subcutaneous adipose tissue,neutrophil,Neutrophil
ts_immune_all_1670,TSP27_FAT_SAT_10X3primev31_1_1_GAACACTCAGCAGTAG,502326,TSP27,subcutaneous adipose tissue,neutrophil,Neutrophil
ts_immune_all_1670,TSP27_FAT_SAT_10X3primev31_1_1_TCCTGCACAGATCCAT,502375,TSP27,subcutaneous adipose tissue,neutrophil,Neutrophil
ts_immune_all_1670,TSP27_FAT_SAT_10X3primev31_1_1_ATGTCTTTCCACTTCG,502305,TSP27,subcutaneous adipose tissue,neutrophil,Neutrophil
ts_immune_all_1670,TSP27_FAT_SAT_10X3primev31_1_1_TTCGGTCAGATTAGTG,502392,TSP27,subcutaneous adipose tissue,neutrophil,Neutrophil
ts_immune_all_1670,TSP27_FAT_SAT_10X3primev31_1_1_GTCTTTAAGCATGATA,502357,TSP27,subcutaneous adipose tissue,neutrophil,Neutrophil
ts_immune_all_1670,TSP27_FAT_SAT_10X3primev31_1_1_GTATTTCCATGTCGTA,502353,TSP27,subcutaneous adipose tissue,neutrophil,Neutrophil
ts_immune_all_1670,TSP27_FAT_SAT_10X3primev31_1_1_AACCACAAGGAACGAA,502284,TSP27,subcutaneous adipose tissue,neutrophil,Neutrophil
ts_immune_all_1670,TSP27_FAT_SAT_10X3primev31_1_1_TCGATTTGTGTACATC,502377,TSP27,subcutaneous adipose tissue,neutrophil,Neutrophil
ts_immune_all_1670,TSP27_FAT_SAT_10X3primev31_1_1_TACTTCACAAATCAGA,502361,TSP27,subcutaneous adipose tissue,neutrophil,Neutrophil
ts_immune_all_1670,TSP27_FAT_SAT_10X3primev31_1_1_GGCACGTAGCAGATAT,502343,TSP27,subcutaneous adipose tissue,neutrophil,Neutrophil
ts_immune_all_1670,TSP27_FAT_SAT_10X3primev31_1_1_ATCCATTCATACAGCT,502299,TSP27,subcutaneous adipose tissue,neutrophil,Neutrophil
ts_immune_all_1670,TSP27_FAT_SAT_10X3primev31_1_1_GCAGCCAGTACTCCGG,502337,TSP27,subcutaneous adipose tissue,neutrophil,Neutrophil
ts_immune_all_1670,TSP27_FAT_SAT_10X3primev31_1_1_ATCCCTGGTATTGACC,502300,TSP27,subcutaneous adipose tissue,neutrophil,Neutrophil
ts_immune_all_1670,TSP27_FAT_SAT_10X3primev31_1_1_GGTCTGGCAGACGATG,502348,TSP27,subcutaneous adipose tissue,neutrophil,Neutrophil
ts_immune_all_1670,TSP27_FAT_SAT_10X3primev31_1_1_GTCTGTCAGCCAAGCA,502356,TSP27,subcutaneous adipose tissue,neutrophil,Neutrophil
ts_immune_all_1670,TSP27_FAT_SAT_10X3primev31_1_1_CCGTGAGAGGGAGATA,502315,TSP27,subcutaneous adipose tissue,neutrophil,Neutrophil
ts_immune_all_1670,TSP27_FAT_SAT_10X3primev31_1_1_TACACCCAGCTCTATG,502360,TSP27,subcutaneous adipose tissue,neutrophil,Neutrophil
ts_immune_all_1670,TSP27_FAT_SAT_10X3primev31_1_1_AACTTCTTCCACCTCA,502285,TSP27,subcutaneous adipose tissue,neutrophil,Neutrophil
ts_immune_all_1670,TSP27_FAT_SAT_10X3primev31_1_1_TTTCATGGTTTGTGGT,502393,TSP27,subcutaneous adipose tissue,neutrophil,Neutrophil
ts_immune_all_1670,TSP27_FAT_SAT_10X3primev31_1_1_AATGCCATCAACACCA,502288,TSP27,subcutaneous adipose tissue,neutrophil,Neutrophil
ts_immune_all_1670,TSP27_FAT_SAT_10X3primev31_1_1_GTAGAAACAGTCTGGC,502349,TSP27,subcutaneous adipose tissue,neutrophil,Neutrophil
ts_immune_all_1670,TSP27_FAT_SAT_10X3primev31_1_1_CGGACACTCTGTTCAT,502321,TSP27,subcutaneous adipose tissue,neutrophil,Neutrophil
ts_immune_all_1670,TSP27_FAT_SAT_10X3primev31_1_1_TCATACTAGTCTTCCC,502369,TSP27,subcutaneous adipose tissue,neutrophil,Neutrophil
ts_immune_all_1257,TSP25_Testis_NA_10X_1_2_ATTCCATGTATGAAGT,76101,TSP25,testis,tissue-resident macrophage,Macrophage
ts_immune_all_1257,TSP25_Testis_NA_10X_1_2_AATGGCTAGCAGATAT,76097,TSP25,testis,tissue-resident macrophage,Macrophage
ts_immune_all_1257,TSP25_Testis_NA_10X_1_2_TTCACCGGTGATCATC,76123,TSP25,testis,tissue-resident macrophage,Macrophage
ts_immune_all_1257,TSP25_Testis_NA_10X_1_2_TACGGGCTCAGTCACA,76116,TSP25,testis,tissue-resident macrophage,Macrophage
ts_immune_all_1257,TSP25_Testis_NA_10X_1_2_ATCCATTCATCGTGCG,76100,TSP25,testis,tissue-resident macrophage,Macrophage
ts_immune_all_1257,TSP25_Testis_NA_10X_1_1_CAAGCTAGTAGAGGAA,493205,TSP25,testis,tissue-resident macrophage,Macrophage
ts_immune_all_1257,TSP25_Testis_NA_10X_1_2_CTCTGGTGTGCTGCAC,76110,TSP25,testis,tissue-resident macrophage,Macrophage
ts_immune_all_1257,TSP25_Testis_NA_10X_1_1_GTGTCCTAGGCTCTAT,493222,TSP25,testis,tissue-resident macrophage,Macrophage
ts_immune_all_1257,TSP25_Testis_NA_10X_1_2_CTCGAGGCAGTCAGTT,76109,TSP25,testis,tissue-resident macrophage,Macrophage
ts_immune_all_1257,TSP25_Testis_NA_10X_1_2_TGGAGAGGTCGATTTG,76122,TSP25,testis,tissue-resident macrophage,Macrophage
ts_immune_all_1257,TSP25_Testis_NA_10X_1_1_GCAGCTGAGAAGCCAC,493216,TSP25,testis,tissue-resident macrophage,Macrophage
ts_immune_all_1257,TSP25_Testis_NA_10X_1_1_TCAGCCTGTGGCACTC,493225,TSP25,testis,tissue-resident macrophage,Macrophage
ts_immune_all_1257,TSP25_Testis_NA_10X_1_2_GTAGAAAAGCTGTACT,76115,TSP25,testis,tissue-resident macrophage,Macrophage
ts_immune_all_1257,TSP25_Testis_NA_10X_1_1_ATTACCTTCTATCGGA,493204,TSP25,testis,tissue-resident macrophage,Macrophage
ts_immune_all_1257,TSP25_Testis_NA_10X_1_2_TTCGGTCGTATTTCCT,76124,TSP25,testis,tissue-resident macrophage,Macrophage
ts_immune_all_1257,TSP25_Testis_NA_10X_1_2_TCGTAGAGTCAGGTAG,76120,TSP25,testis,tissue-resident macrophage,Macrophage
ts_immune_all_1257,TSP25_Testis_NA_10X_1_1_TTTGACTAGGTTATAG,493230,TSP25,testis,tissue-resident macrophage,Macrophage
ts_immune_all_1257,TSP25_Testis_NA_10X_1_1_AGGGCCTAGCTCACTA,493199,TSP25,testis,tissue-resident macrophage,Macrophage
ts_immune_all_1257,TSP25_Testis_NA_10X_1_1_CGAGAAGGTGTCTTCC,493210,TSP25,testis,tissue-resident macrophage,Macrophage
ts_immune_all_1257,TSP25_Testis_NA_10X_1_1_CAGCACGCACCTCAGG,493207,TSP25,testis,tissue-resident macrophage,Macrophage
ts_immune_all_1257,TSP25_Testis_NA_10X_1_2_TGCAGGCCATCTAGAC,76121,TSP25,testis,tissue-resident macrophage,Macrophage
ts_immune_all_1257,TSP25_Testis_NA_10X_1_2_CAGATTGAGGGCTTCC,76102,TSP25,testis,tissue-resident macrophage,Macrophage
ts_immune_all_1257,TSP25_Testis_NA_10X_1_1_CTCTCGAGTTCTTAGG,493212,TSP25,testis,tissue-resident macrophage,Macrophage
ts_immune_all_1257,TSP25_Testis_NA_10X_1_1_GTGTGGCGTTGCCGCA,493223,TSP25,testis,tissue-resident macrophage,Macrophage
ts_immune_all_1257,TSP25_Testis_NA_10X_1_1_GTTCATTGTGGGATTG,493224,TSP25,testis,tissue-resident macrophage,Macrophage
ts_immune_all_1257,TSP25_Testis_NA_10X_1_1_AGGGTCCGTGGCAACA,493200,TSP25,testis,tissue-resident macrophage,Macrophage
ts_immune_all_1257,TSP25_Testis_NA_10X_1_2_GGTAACTAGGTAAAGG,76114,TSP25,testis,tissue-resident macrophage,Macrophage
ts_immune_all_1257,TSP25_Testis_NA_10X_1_2_AATGCCATCATGGATC,76096,TSP25,testis,tissue-resident macrophage,Macrophage
ts_immune_all_1257,TSP25_Testis_NA_10X_1_1_GATCCCTTCGAATCCA,493215,TSP25,testis,tissue-resident macrophage,Macrophage
ts_immune_all_1257,TSP25_Testis_NA_10X_1_1_CCCTAACAGCACTAGG,493209,TSP25,testis,tissue-resident macrophage,Macrophage
ts_immune_all_1257,TSP25_Testis_NA_10X_1_2_GAGATGGAGCTCGAAG,76112,TSP25,testis,tissue-resident macrophage,Macrophage
ts_immune_all_1257,TSP25_Testis_NA_10X_1_1_TTCAATCAGAACGCGT,493228,TSP25,testis,tissue-resident macrophage,Macrophage
ts_immune_all_1257,TSP25_Testis_NA_10X_1_1_AGTTAGCAGAAATCCA,493201,TSP25,testis,tissue-resident macrophage,Macrophage
ts_immune_all_1257,TSP25_Testis_NA_10X_1_2_CATTCATTCTACGCAA,76106,TSP25,testis,tissue-resident macrophage,Macrophage
ts_immune_all_1257,TSP25_Testis_NA_10X_1_1_ACATTTCTCGGTAGGA,493198,TSP25,testis,tissue-resident macrophage,Macrophage
ts_immune_all_1257,TSP25_Testis_NA_10X_1_1_CATTGTTGTACTGACT,493208,TSP25,testis,tissue-resident macrophage,Macrophage
ts_immune_all_1257,TSP25_Testis_NA_10X_1_2_CGAGGAATCGAGATGG,76108,TSP25,testis,tissue-resident macrophage,Macrophage
ts_immune_all_1257,TSP25_Testis_NA_10X_1_2_CAGATTGCAGTCGGTC,76103,TSP25,testis,tissue-resident macrophage,Macrophage
ts_immune_all_1257,TSP25_Testis_NA_10X_1_1_GGGTGAACATCTTCGC,493220,TSP25,testis,tissue-resident macrophage,Macrophage
ts_immune_all_1257,TSP25_Testis_NA_10X_1_1_GCCTGTTGTATCGTGT,493217,TSP25,testis,tissue-resident macrophage,Macrophage
ts_immune_all_1257,TSP25_Testis_NA_10X_1_1_CGTCCATTCGGTCATA,493211,TSP25,testis,tissue-resident macrophage,Macrophage
ts_immune_all_1257,TSP25_Testis_NA_10X_1_1_CTTCGGTCATTGAAGA,493213,TSP25,testis,tissue-resident macrophage,Macrophage
ts_immune_all_1257,TSP25_Testis_NA_10X_1_1_GACCCAGCACAGCTTA,493214,TSP25,testis,tissue-resident macrophage,Macrophage
ts_immune_all_1257,TSP25_Testis_NA_10X_1_1_TGTAACGGTGCTATTG,493227,TSP25,testis,tissue-resident macrophage,Macrophage
ts_immune_all_1257,TSP25_Testis_NA_10X_1_2_TAGACTGAGACGCAGT,76117,TSP25,testis,tissue-resident macrophage,Macrophage
ts_immune_all_1257,TSP25_Testis_NA_10X_1_1_GGGTTTAAGGTCGAGT,493221,TSP25,testis,tissue-resident macrophage,Macrophage
ts_immune_all_1257,TSP25_Testis_NA_10X_1_1_ACACCAAGTCCAGCAC,493197,TSP25,testis,tissue-resident macrophage,Macrophage
ts_immune_all_1257,TSP25_Testis_NA_10X_1_2_ACATGCATCACCATCC,76098,TSP25,testis,tissue-resident macrophage,Macrophage
ts_immune_all_1257,TSP25_Testis_NA_10X_1_2_GACCGTGAGTGCGCTC,76111,TSP25,testis,tissue-resident macrophage,Macrophage
ts_immune_all_1257,TSP25_Testis_NA_10X_1_1_GGGTCACCAAGAGAGA,493219,TSP25,testis,tissue-resident macrophage,Macrophage
ts_immune_all_1432,TSP25_BoneMarrow_NA_10X_2_1_ATATCCTAGTCTACCA,555072,TSP25,bone marrow,erythroid progenitor cell,MEP
ts_immune_all_1432,TSP25_BoneMarrow_NA_10X_1_1_5prime_ACTTTCACACAGACAG,323526,TSP25,bone marrow,erythroid progenitor cell,MEP
ts_immune_all_1432,TSP25_BoneMarrow_NA_10X_1_1_5prime_CGTCAGGAGTTAAGTG,323897,TSP25,bone marrow,erythroid progenitor cell,MEP
ts_immune_all_1432,TSP25_BoneMarrow_NA_10X_1_1_5prime_TCAACGAAGGGAGTAA,324338,TSP25,bone marrow,erythroid progenitor cell,MEP
ts_immune_all_1432,TSP25_BoneMarrow_NA_10X_1_1_5prime_CATGCCTGTGCGCTTG,323756,TSP25,bone marrow,erythroid progenitor cell,MEP
ts_immune_all_1432,TSP25_BoneMarrow_NA_10X_1_1_TTAGGGTGTACGATTC,412183,TSP25,bone marrow,erythroid progenitor cell,MEP
ts_immune_all_1432,TSP25_BoneMarrow_NA_10X_1_1_5prime_TCGGTAAAGTAACCCT,324383,TSP25,bone marrow,erythroid progenitor cell,MEP
ts_immune_all_1432,TSP25_BoneMarrow_NA_10X_1_1_GATTGGTTCCAACCGG,411652,TSP25,bone marrow,erythroid progenitor cell,MEP
ts_immune_all_1432,TSP25_BoneMarrow_NA_10X_1_1_5prime_TCGCGAGCACTTAACG,324376,TSP25,bone marrow,erythroid progenitor cell,MEP
ts_immune_all_1432,TSP25_BoneMarrow_NA_10X_1_1_5prime_CAACCAATCACTTATC,323655,TSP25,bone marrow,erythroid progenitor cell,MEP
ts_immune_all_1432,TSP25_BoneMarrow_NA_10X_1_1_GAGACTTGTGAACGGT,411609,TSP25,bone marrow,erythroid progenitor cell,MEP
ts_immune_all_1432,TSP25_BoneMarrow_NA_10X_1_1_5prime_CTTAACTGTATAGGTA,323993,TSP25,bone marrow,erythroid progenitor cell,MEP
ts_immune_all_1432,TSP25_BoneMarrow_NA_10X_1_1_5prime_GTACGTAGTCTAACGT,324214,TSP25,bone marrow,erythroid progenitor cell,MEP
ts_immune_all_1432,TSP25_BoneMarrow_NA_10X_1_1_5prime_ACTATCTAGGCCGAAT,323499,TSP25,bone marrow,erythroid progenitor cell,MEP
ts_immune_all_1432,TSP25_BoneMarrow_NA_10X_1_1_5prime_CGAGCCAGTATTCGTG,323847,TSP25,bone marrow,erythroid progenitor cell,MEP
ts_immune_all_1432,TSP25_BoneMarrow_NA_10X_2_1_CTATCCGAGATGCCGA,555380,TSP25,bone marrow,erythroid progenitor cell,MEP
ts_immune_all_1432,TSP25_BoneMarrow_NA_10X_1_1_5prime_ATCATGGTCACATACG,323616,TSP25,bone marrow,erythroid progenitor cell,MEP
ts_immune_all_1432,TSP25_BoneMarrow_NA_10X_1_1_5prime_CTGAAGTAGGCTACGA,323966,TSP25,bone marrow,erythroid progenitor cell,MEP
ts_immune_all_1432,TSP25_BoneMarrow_NA_10X_1_1_5prime_ATAAGAGGTGCAACTT,323597,TSP25,bone marrow,erythroid progenitor cell,MEP
ts_immune_all_1432,TSP25_BoneMarrow_NA_10X_1_1_5prime_CTCGAGGGTATATCCG,323949,TSP25,bone marrow,erythroid progenitor cell,MEP
ts_immune_all_1432,TSP25_BoneMarrow_NA_10X_1_1_5prime_AAAGTAGGTCATCGGC,323392,TSP25,bone marrow,erythroid progenitor cell,MEP
ts_immune_all_1432,TSP25_BoneMarrow_NA_10X_1_1_5prime_TGAGGGAAGGCTCATT,324425,TSP25,bone marrow,erythroid progenitor cell,MEP
ts_immune_all_1432,TSP25_BoneMarrow_NA_10X_1_1_TGTTCCGCAAAGGCGT,412163,TSP25,bone marrow,erythroid progenitor cell,MEP
ts_immune_all_1432,TSP25_BoneMarrow_NA_10X_1_1_5prime_GAGCAGACACAGGCCT,324037,TSP25,bone marrow,erythroid progenitor cell,MEP
ts_immune_all_1432,TSP25_BoneMarrow_NA_10X_1_1_5prime_GTCACAAGTACATGTC,324233,TSP25,bone marrow,erythroid progenitor cell,MEP
ts_immune_all_1432,TSP25_BoneMarrow_NA_10X_1_1_5prime_CTGCTGTAGGTGCTTT,323983,TSP25,bone marrow,erythroid progenitor cell,MEP
ts_immune_all_1432,TSP25_BoneMarrow_NA_10X_2_1_TGAATGCAGAAGTGTT,555942,TSP25,bone marrow,erythroid progenitor cell,MEP
ts_immune_all_1432,TSP25_BoneMarrow_NA_10X_2_1_ATTTACCAGACCATGG,555137,TSP25,bone marrow,erythroid progenitor cell,MEP
ts_immune_all_1432,TSP25_BoneMarrow_NA_10X_1_1_5prime_AGCTCTCCAGATCCAT,323558,TSP25,bone marrow,erythroid progenitor cell,MEP
ts_immune_all_1432,TSP25_BoneMarrow_NA_10X_1_1_5prime_AGAGTGGCAGGTGGAT,323538,TSP25,bone marrow,erythroid progenitor cell,MEP
ts_immune_all_1432,TSP25_BoneMarrow_NA_10X_1_1_5prime_CCATTCGCACATTCGA,323775,TSP25,bone marrow,erythroid progenitor cell,MEP
ts_immune_all_1432,TSP25_BoneMarrow_NA_10X_1_1_5prime_TTCGGTCCAAGTTCTG,324504,TSP25,bone marrow,erythroid progenitor cell,MEP
ts_immune_all_1432,TSP25_BoneMarrow_NA_10X_1_1_TGAATGCCATGGATCT,412067,TSP25,bone marrow,erythroid progenitor cell,MEP
ts_immune_all_1432,TSP25_BoneMarrow_NA_10X_1_1_5prime_CCTTCCCAGCTGCGAA,323820,TSP25,bone marrow,erythroid progenitor cell,MEP
ts_immune_all_1432,TSP25_BoneMarrow_NA_10X_1_1_5prime_CAGGTGCTCATAACCG,323733,TSP25,bone marrow,erythroid progenitor cell,MEP
ts_immune_all_1432,TSP25_BoneMarrow_NA_10X_2_1_ACGGGTCTCTTCCGTG,554939,TSP25,bone marrow,erythroid progenitor cell,MEP
ts_immune_all_1432,TSP25_BoneMarrow_NA_10X_1_1_CATACCCTCAAAGCCT,411328,TSP25,bone marrow,erythroid progenitor cell,MEP
ts_immune_all_1432,TSP25_BoneMarrow_NA_10X_1_1_TGATTTCCACATCATG,412092,TSP25,bone marrow,erythroid progenitor cell,MEP
ts_immune_all_1432,TSP25_BoneMarrow_NA_10X_1_1_5prime_TGACAACGTGCATCTA,324409,TSP25,bone marrow,erythroid progenitor cell,MEP
ts_immune_all_1432,TSP25_BoneMarrow_NA_10X_2_1_TTCGGTCAGGGAGTTC,556079,TSP25,bone marrow,erythroid progenitor cell,MEP
ts_immune_all_1432,TSP25_BoneMarrow_NA_10X_1_1_5prime_CACCTTGCAGCTCGCA,323702,TSP25,bone marrow,erythroid progenitor cell,MEP
ts_immune_all_1432,TSP25_BoneMarrow_NA_10X_1_1_TGAGGTTCACTACCGG,412081,TSP25,bone marrow,erythroid progenitor cell,MEP
ts_immune_all_1432,TSP25_BoneMarrow_NA_10X_1_1_5prime_TGACAACCATCCGTGG,324408,TSP25,bone marrow,erythroid progenitor cell,MEP
ts_immune_all_1432,TSP25_BoneMarrow_NA_10X_1_1_5prime_AACACGTAGTTGAGTA,323395,TSP25,bone marrow,erythroid progenitor cell,MEP
ts_immune_all_1432,TSP25_BoneMarrow_NA_10X_1_1_5prime_TGACTAGAGCTCCTCT,324415,TSP25,bone marrow,erythroid progenitor cell,MEP
ts_immune_all_1432,TSP25_BoneMarrow_NA_10X_1_1_5prime_CGAGCCAAGTTAAGTG,323846,TSP25,bone marrow,erythroid progenitor cell,MEP
ts_immune_all_1432,TSP25_BoneMarrow_NA_10X_1_1_5prime_GGAACTTCACGGACAA,324141,TSP25,bone marrow,erythroid progenitor cell,MEP
ts_immune_all_1432,TSP25_BoneMarrow_NA_10X_2_1_ATTTCTGCAACGGGTA,555142,TSP25,bone marrow,erythroid progenitor cell,MEP
ts_immune_all_1432,TSP25_BoneMarrow_NA_10X_1_1_5prime_CAGTCCTTCCTAGAAC,323740,TSP25,bone marrow,erythroid progenitor cell,MEP
ts_immune_all_1432,TSP25_BoneMarrow_NA_10X_1_1_5prime_AAACCTGGTGCATCTA,323385,TSP25,bone marrow,erythroid progenitor cell,MEP
ts_immune_all_1568,TSP27_FAT_MAT_10X3primev31_1_1_GCAGCTGGTCGACGCT,21707,TSP27,adipose tissue,neutrophil,Neutrophil
ts_immune_all_1568,TSP27_FAT_MAT_10X3primev31_1_1_ATTATCCTCTTCGACC,21635,TSP27,adipose tissue,neutrophil,Neutrophil
ts_immune_all_1568,TSP27_FAT_MAT_10X3primev31_1_1_TATATCCAGCGCCTCA,21745,TSP27,adipose tissue,neutrophil,Neutrophil
ts_immune_all_1568,TSP27_FAT_MAT_10X3primev31_1_1_GATTGGTTCCATTTAC,21704,TSP27,adipose tissue,neutrophil,Neutrophil
ts_immune_all_1568,TSP27_FAT_MAT_10X3primev31_1_1_GTGGGAACAGTAACAA,21729,TSP27,adipose tissue,neutrophil,Neutrophil
ts_immune_all_1568,TSP27_FAT_MAT_10X3primev31_1_1_TCATGGATCAAGTCGT,21754,TSP27,adipose tissue,neutrophil,Neutrophil
ts_immune_all_1568,TSP27_FAT_MAT_10X3primev31_1_1_CAACAACTCGACATCA,21639,TSP27,adipose tissue,neutrophil,Neutrophil
ts_immune_all_1568,TSP27_FAT_MAT_10X3primev31_1_1_TACCGAATCATGCCCT,21740,TSP27,adipose tissue,neutrophil,Neutrophil
ts_immune_all_1568,TSP27_FAT_MAT_10X3primev31_1_1_CATTGCCTCAACGCTA,21659,TSP27,adipose tissue,neutrophil,Neutrophil
ts_immune_all_1568,TSP27_FAT_MAT_10X3primev31_1_1_CAACGGCGTTGCTAGT,21640,TSP27,adipose tissue,neutrophil,Neutrophil
ts_immune_all_1568,TSP27_FAT_MAT_10X3primev31_1_1_ATTCCTATCTGGGTCG,21636,TSP27,adipose tissue,neutrophil,Neutrophil
ts_immune_all_1568,TSP27_FAT_MAT_10X3primev31_1_1_TCTTCCTAGCTGACTT,21758,TSP27,adipose tissue,neutrophil,Neutrophil
ts_immune_all_1568,TSP27_FAT_MAT_10X3primev31_1_1_GTGCACGTCACACGAT,21727,TSP27,adipose tissue,neutrophil,Neutrophil
ts_immune_all_1568,TSP27_FAT_MAT_10X3primev31_1_1_GAGTGTTGTTTGCAGT,21698,TSP27,adipose tissue,neutrophil,Neutrophil
ts_immune_all_1568,TSP27_FAT_MAT_10X3primev31_1_1_TCCTAATTCAGTAGGG,21755,TSP27,adipose tissue,neutrophil,Neutrophil
ts_immune_all_1568,TSP27_FAT_MAT_10X3primev31_1_1_GGAGATGTCGGAGTAG,21712,TSP27,adipose tissue,neutrophil,Neutrophil
ts_immune_all_1568,TSP27_FAT_MAT_10X3primev31_1_1_GAGTCATAGCATTTGC,21696,TSP27,adipose tissue,neutrophil,Neutrophil
ts_immune_all_1568,TSP27_FAT_MAT_10X3primev31_1_1_GGCTTGGCAGGTGACA,21715,TSP27,adipose tissue,neutrophil,Neutrophil
ts_immune_all_1568,TSP27_FAT_MAT_10X3primev31_1_1_CATACTTTCATTCACT,21654,TSP27,adipose tissue,neutrophil,Neutrophil
ts_immune_all_1568,TSP27_FAT_MAT_10X3primev31_1_1_AGACACTAGTGGATAT,21614,TSP27,adipose tissue,neutrophil,Neutrophil
ts_immune_all_1568,TSP27_FAT_MAT_10X3primev31_1_1_TGAATGCGTGATGAAT,21759,TSP27,adipose tissue,neutrophil,Neutrophil
ts_immune_all_1568,TSP27_FAT_MAT_10X3primev31_1_1_ACTATTCTCACTGTCC,21610,TSP27,adipose tissue,neutrophil,Neutrophil
ts_immune_all_1568,TSP27_FAT_MAT_10X3primev31_1_1_GACAGCCAGATAACAC,21688,TSP27,adipose tissue,neutrophil,Neutrophil
ts_immune_all_1568,TSP27_FAT_MAT_10X3primev31_1_1_GATTGGTAGATTACCC,21703,TSP27,adipose tissue,neutrophil,Neutrophil
ts_immune_all_1568,TSP27_FAT_MAT_10X3primev31_1_1_TTCTGTAAGGATACCG,21776,TSP27,adipose tissue,neutrophil,Neutrophil
ts_immune_all_1568,TSP27_FAT_MAT_10X3primev31_1_1_CCGTTCAAGTGTTGTC,21664,TSP27,adipose tissue,neutrophil,Neutrophil
ts_immune_all_1568,TSP27_FAT_MAT_10X3primev31_1_1_CTGCGAGTCGTCTCAC,21677,TSP27,adipose tissue,neutrophil,Neutrophil
ts_immune_all_1568,TSP27_FAT_MAT_10X3primev31_1_1_TAGGGTTAGCATGTTC,21743,TSP27,adipose tissue,neutrophil,Neutrophil
ts_immune_all_1568,TSP27_FAT_MAT_10X3primev31_1_1_ACCCAAACAGACAATA,21602,TSP27,adipose tissue,neutrophil,Neutrophil
ts_immune_all_1568,TSP27_FAT_MAT_10X3primev31_1_1_ACGATGTTCCATCCGT,21605,TSP27,adipose tissue,neutrophil,Neutrophil
ts_immune_all_1568,TSP27_FAT_MAT_10X3primev31_1_1_TTTACCAAGATTAGCA,21777,TSP27,adipose tissue,neutrophil,Neutrophil
ts_immune_all_1568,TSP27_FAT_MAT_10X3primev31_1_1_CGCAGGTAGCACTAGG,21667,TSP27,adipose tissue,neutrophil,Neutrophil
ts_immune_all_1568,TSP27_FAT_MAT_10X3primev31_1_1_GTCAGCGTCGGCTGTG,21724,TSP27,adipose tissue,neutrophil,Neutrophil
ts_immune_all_1568,TSP27_FAT_MAT_10X3primev31_1_1_GGCTTGGCAGGGAGAG,21714,TSP27,adipose tissue,neutrophil,Neutrophil
ts_immune_all_1568,TSP27_FAT_MAT_10X3primev31_1_1_AAGCGAGTCGGACTGC,21596,TSP27,adipose tissue,neutrophil,Neutrophil
ts_immune_all_1568,TSP27_FAT_MAT_10X3primev31_1_1_TCATGGACAAATCAAG,21753,TSP27,adipose tissue,neutrophil,Neutrophil
ts_immune_all_1568,TSP27_FAT_MAT_10X3primev31_1_1_CCGGGTACAGCCTACG,21662,TSP27,adipose tissue,neutrophil,Neutrophil
ts_immune_all_1568,TSP27_FAT_MAT_10X3primev31_1_1_ATGACCATCTCGTCAC,21632,TSP27,adipose tissue,neutrophil,Neutrophil
ts_immune_all_1568,TSP27_FAT_MAT_10X3primev31_1_1_GAGGCAATCAAGGCTT,21695,TSP27,adipose tissue,neutrophil,Neutrophil
ts_immune_all_1568,TSP27_FAT_MAT_10X3primev31_1_1_AGCTACAGTTCGGCGT,21619,TSP27,adipose tissue,neutrophil,Neutrophil
ts_immune_all_1568,TSP27_FAT_MAT_10X3primev31_1_1_AGTACTGCATTGGCAT,21625,TSP27,adipose tissue,neutrophil,Neutrophil
ts_immune_all_1568,TSP27_FAT_MAT_10X3primev31_1_1_CTCATCGGTTCGGCTG,21676,TSP27,adipose tissue,neutrophil,Neutrophil
ts_immune_all_1568,TSP27_FAT_MAT_10X3primev31_1_1_CACTGTCGTTCAAGGG,21649,TSP27,adipose tissue,neutrophil,Neutrophil
ts_immune_all_1568,TSP27_FAT_MAT_10X3primev31_1_1_ATACCTTAGGACTAAT,21627,TSP27,adipose tissue,neutrophil,Neutrophil
ts_immune_all_1568,TSP27_FAT_MAT_10X3primev31_1_1_GCTCAAATCCTGGGAC,21710,TSP27,adipose tissue,neutrophil,Neutrophil
ts_immune_all_1568,TSP27_FAT_MAT_10X3primev31_1_1_CTATCTATCACTACTT,21674,TSP27,adipose tissue,neutrophil,Neutrophil
ts_immune_all_1568,TSP27_FAT_MAT_10X3primev31_1_1_CGTTAGAGTCACAGAG,21670,TSP27,adipose tissue,neutrophil,Neutrophil
ts_immune_all_1568,TSP27_FAT_MAT_10X3primev31_1_1_GCAGTTATCTTCGTAT,21708,TSP27,adipose tissue,neutrophil,Neutrophil
ts_immune_all_1568,TSP27_FAT_MAT_10X3primev31_1_1_CATAGACCACGACGTC,21655,TSP27,adipose tissue,neutrophil,Neutrophil
ts_immune_all_1568,TSP27_FAT_MAT_10X3primev31_1_1_TGTTCATCAGGCTCTG,21770,TSP27,adipose tissue,neutrophil,Neutrophil
ts_immune_all_1108,TSP21_SalivaryGland_Submandibular_10X_1_1_GAAGGGTTCCATGATG,405847,TSP21,submandibular gland,"CD8-positive, alpha-beta T cell",Memory_CD8
ts_immune_all_1108,TSP21_SalivaryGland_Submandibular_10X_1_1_TTGGGATTCGTTACCC,406053,TSP21,submandibular gland,"CD8-positive, alpha-beta T cell",Memory_CD8
ts_immune_all_1108,TSP21_SalivaryGland_Submandibular_10X_1_1_ATCTTCAGTTTGACAC,405730,TSP21,submandibular gland,"CD8-positive, alpha-beta T cell",Memory_CD8
ts_immune_all_1108,TSP21_SalivaryGland_Submandibular_10X_1_1_TTTCACAGTGGTGATG,406055,TSP21,submandibular gland,"CD8-positive, alpha-beta T cell",Memory_CD8
ts_immune_all_1108,TSP21_SalivaryGland_Submandibular_10X_1_1_GCCAACGGTTGCTCGG,405883,TSP21,submandibular gland,"CD8-positive, alpha-beta T cell",Memory_CD8
ts_immune_all_1108,TSP21_SalivaryGland_Submandibular_10X_1_1_CATCGTCGTCCTCATC,405772,TSP21,submandibular gland,"CD8-positive, alpha-beta T cell",Memory_CD8
ts_immune_all_1108,TSP21_SalivaryGland_Submandibular_10X_1_1_ATGCGATCAGCTGTGC,405739,TSP21,submandibular gland,"CD8-positive, alpha-beta T cell",Memory_CD8
ts_immune_all_1108,TSP21_SalivaryGland_Submandibular_10X_1_1_CTGCTCAAGCTCGCAC,405831,TSP21,submandibular gland,"CD8-positive, alpha-beta T cell",Memory_CD8
ts_immune_all_1108,TSP21_SalivaryGland_Submandibular_10X_1_1_CACCGTTCAAGGTCAG,405763,TSP21,submandibular gland,"CD8-positive, alpha-beta T cell",Memory_CD8
ts_immune_all_1108,TSP21_SalivaryGland_Submandibular_10X_1_1_CCTTGTGAGCCTAACT,405799,TSP21,submandibular gland,"CD8-positive, alpha-beta T cell",Memory_CD8
ts_immune_all_1108,TSP21_SalivaryGland_Submandibular_10X_1_1_CACATGACAAGCAGGT,405761,TSP21,submandibular gland,"CD8-positive, alpha-beta T cell",Memory_CD8
ts_immune_all_1108,TSP21_SalivaryGland_Submandibular_10X_1_1_GTTAGACTCCTTGAAG,405944,TSP21,submandibular gland,"CD8-positive, alpha-beta T cell",Memory_CD8
ts_immune_all_1108,TSP21_SalivaryGland_Submandibular_10X_1_1_CACTAAGGTTATTCCT,405764,TSP21,submandibular gland,"CD8-positive, alpha-beta T cell",Memory_CD8
ts_immune_all_1108,TSP21_SalivaryGland_Submandibular_10X_1_1_TATTGGGTCACCTCGT,405966,TSP21,submandibular gland,"CD8-positive, alpha-beta T cell",Memory_CD8
ts_immune_all_1108,TSP21_SalivaryGland_Submandibular_10X_1_1_TCGCACTGTCGCGGTT,405983,TSP21,submandibular gland,"CD8-positive, alpha-beta T cell",Memory_CD8
ts_immune_all_1108,TSP21_SalivaryGland_Submandibular_10X_1_1_ACATCGACAGCTGTCG,405680,TSP21,submandibular gland,"CD8-positive, alpha-beta T cell",Memory_CD8
ts_immune_all_1108,TSP21_SalivaryGland_Submandibular_10X_1_1_CCCGGAAAGGCTCTAT,405789,TSP21,submandibular gland,"CD8-positive, alpha-beta T cell",Memory_CD8
ts_immune_all_1108,TSP21_SalivaryGland_Submandibular_10X_1_1_CAACCTCGTACGATTC,405754,TSP21,submandibular gland,"CD8-positive, alpha-beta T cell",Memory_CD8
ts_immune_all_1108,TSP21_SalivaryGland_Submandibular_10X_1_1_GGGACCTGTTCTAACG,405907,TSP21,submandibular gland,"CD8-positive, alpha-beta T cell",Memory_CD8
ts_immune_all_1108,TSP21_SalivaryGland_Submandibular_10X_1_1_GAAACCTCAGAGTAAT,405844,TSP21,submandibular gland,"CD8-positive, alpha-beta T cell",Memory_CD8
ts_immune_all_1108,TSP21_SalivaryGland_Submandibular_10X_1_1_CCCAACTTCGACGCTG,405787,TSP21,submandibular gland,"CD8-positive, alpha-beta T cell",Memory_CD8
ts_immune_all_1108,TSP21_SalivaryGland_Submandibular_10X_1_1_GCGTGCACATGTGCTA,405893,TSP21,submandibular gland,"CD8-positive, alpha-beta T cell",Memory_CD8
ts_immune_all_1108,TSP21_SalivaryGland_Submandibular_10X_1_1_TGGAGAGAGGCTCTAT,406018,TSP21,submandibular gland,"CD8-positive, alpha-beta T cell",Memory_CD8
ts_immune_all_1108,TSP21_SalivaryGland_Submandibular_10X_1_1_CTGAGGCTCACGGGCT,405827,TSP21,submandibular gland,"CD8-positive, alpha-beta T cell",Memory_CD8
ts_immune_all_1108,TSP21_SalivaryGland_Submandibular_10X_1_1_TAGGGTTCAACAGCTT,405959,TSP21,submandibular gland,"CD8-positive, alpha-beta T cell",Memory_CD8
ts_immune_all_1108,TSP21_SalivaryGland_Submandibular_10X_1_1_TCAGGGCCAGCTTTCC,405970,TSP21,submandibular gland,"CD8-positive, alpha-beta T cell",Memory_CD8
ts_immune_all_1108,TSP21_SalivaryGland_Submandibular_10X_1_1_TATTCCAGTATACCTG,405965,TSP21,submandibular gland,"CD8-positive, alpha-beta T cell",Memory_CD8
ts_immune_all_1108,TSP21_SalivaryGland_Submandibular_10X_1_1_TTACGTTTCCGGACTG,406041,TSP21,submandibular gland,"CD8-positive, alpha-beta T cell",Memory_CD8
ts_immune_all_1108,TSP21_SalivaryGland_Submandibular_10X_1_1_AAAGGATGTGTCATCA,405655,TSP21,submandibular gland,"CD8-positive, alpha-beta T cell",Memory_CD8
ts_immune_all_1108,TSP21_SalivaryGland_Submandibular_10X_1_1_ACGGTTAAGGTTGGAC,405690,TSP21,submandibular gland,"CD8-positive, alpha-beta T cell",Memory_CD8
ts_immune_all_1108,TSP21_SalivaryGland_Submandibular_10X_1_1_TCATCATCACACGTGC,405972,TSP21,submandibular gland,"CD8-positive, alpha-beta T cell",Memory_CD8
ts_immune_all_1108,TSP21_SalivaryGland_Submandibular_10X_1_1_TCTTGCGTCATGAAAG,405996,TSP21,submandibular gland,"CD8-positive, alpha-beta T cell",Memory_CD8
ts_immune_all_1108,TSP21_SalivaryGland_Submandibular_10X_1_1_ACGGTCGAGGGAGGGT,405688,TSP21,submandibular gland,"CD8-positive, alpha-beta T cell",Memory_CD8
ts_immune_all_1108,TSP21_SalivaryGland_Submandibular_10X_1_1_CTGCAGGAGCCAGTAG,405829,TSP21,submandibular gland,"CD8-positive, alpha-beta T cell",Memory_CD8
ts_immune_all_1108,TSP21_SalivaryGland_Submandibular_10X_1_1_GGGTTTACATGAGAAT,405910,TSP21,submandibular gland,"CD8-positive, alpha-beta T cell",Memory_CD8
ts_immune_all_1108,TSP21_SalivaryGland_Submandibular_10X_1_1_TGGTACAAGCGTTGTT,406024,TSP21,submandibular gland,"CD8-positive, alpha-beta T cell",Memory_CD8
ts_immune_all_1108,TSP21_SalivaryGland_Submandibular_10X_1_1_ATTGGGTGTCAAGCGA,405748,TSP21,submandibular gland,"CD8-positive, alpha-beta T cell",Memory_CD8
ts_immune_all_1108,TSP21_SalivaryGland_Submandibular_10X_1_1_CCCAACTTCCAATCCC,405786,TSP21,submandibular gland,"CD8-positive, alpha-beta T cell",Memory_CD8
ts_immune_all_1108,TSP21_SalivaryGland_Submandibular_10X_1_1_GAGATGGTCTCCGAAA,405856,TSP21,submandibular gland,"CD8-positive, alpha-beta T cell",Memory_CD8
ts_immune_all_1108,TSP21_SalivaryGland_Submandibular_10X_1_1_GACACGCAGCTGTCCG,405849,TSP21,submandibular gland,"CD8-positive, alpha-beta T cell",Memory_CD8
ts_immune_all_1108,TSP21_SalivaryGland_Submandibular_10X_1_1_GATGAGGCATGACTGT,405868,TSP21,submandibular gland,"CD8-positive, alpha-beta T cell",Memory_CD8
ts_immune_all_1108,TSP21_SalivaryGland_Submandibular_10X_1_1_TATCGCCCACGGGCTT,405964,TSP21,submandibular gland,"CD8-positive, alpha-beta T cell",Memory_CD8
ts_immune_all_1108,TSP21_SalivaryGland_Submandibular_10X_1_1_CATTCATGTCTGCCTT,405778,TSP21,submandibular gland,"CD8-positive, alpha-beta T cell",Memory_CD8
ts_immune_all_1108,TSP21_SalivaryGland_Submandibular_10X_1_1_CTGGTCTAGCCGGAAT,405832,TSP21,submandibular gland,"CD8-positive, alpha-beta T cell",Memory_CD8
ts_immune_all_1108,TSP21_SalivaryGland_Submandibular_10X_1_1_TTCTCTCTCGCCCAGA,406047,TSP21,submandibular gland,"CD8-positive, alpha-beta T cell",Memory_CD8
ts_immune_all_1108,TSP21_SalivaryGland_Submandibular_10X_1_1_TTGGATGGTCTTCCGT,406051,TSP21,submandibular gland,"CD8-positive, alpha-beta T cell",Memory_CD8
ts_immune_all_1108,TSP21_SalivaryGland_Submandibular_10X_1_1_AAACGAACACGAAGAC,405654,TSP21,submandibular gland,"CD8-positive, alpha-beta T cell",Memory_CD8
ts_immune_all_1108,TSP21_SalivaryGland_Submandibular_10X_1_1_GTGACGCTCATGGCCG,405930,TSP21,submandibular gland,"CD8-positive, alpha-beta T cell",Memory_CD8
ts_immune_all_1108,TSP21_SalivaryGland_Submandibular_10X_1_1_CTATCTAGTCTAATCG,405820,TSP21,submandibular gland,"CD8-positive, alpha-beta T cell",Memory_CD8
ts_immune_all_1108,TSP21_SalivaryGland_Submandibular_10X_1_1_GCGTGCAAGAATCCCT,405891,TSP21,submandibular gland,"CD8-positive, alpha-beta T cell",Memory_CD8
ts_immune_all_1338,TSP25_Vasculature_CoronaryArteries_10X_1_1_CATACCCAGTTGCGCC,94251,TSP25,coronary artery,mature NK T cell,NK
ts_immune_all_1338,TSP25_Vasculature_CoronaryArteries_10X_1_1_GTAGAAAGTATCGGTT,95368,TSP25,coronary artery,mature NK T cell,NK
ts_immune_all_1338,TSP25_Vasculature_CoronaryArteries_10X_1_1_CCTCACACATGCAGCC,94457,TSP25,coronary artery,mature NK T cell,NK
ts_immune_all_1338,TSP25_Vasculature_CoronaryArteries_10X_1_1_ATGGGTTCATGACGGA,94021,TSP25,coronary artery,mature NK T cell,NK
ts_immune_all_1338,TSP25_Vasculature_CoronaryArteries_10X_1_1_TTCTTCCTCGGTGTAT,96299,TSP25,coronary artery,mature NK T cell,NK
ts_immune_all_1338,TSP25_Vasculature_CoronaryArteries_10X_1_1_AATGGAATCTGCTCTG,93482,TSP25,coronary artery,mature NK T cell,NK
ts_immune_all_1338,TSP25_Vasculature_CoronaryArteries_10X_1_1_GAAGGGTAGCAGTAAT,94854,TSP25,coronary artery,mature NK T cell,NK
ts_immune_all_1338,TSP25_Vasculature_CoronaryArteries_10X_1_1_TAACACGCATTGACCA,95590,TSP25,coronary artery,mature NK T cell,NK
ts_immune_all_1338,TSP25_Vasculature_CoronaryArteries_10X_1_1_TCATTTGAGCCACTCG,95836,TSP25,coronary artery,mature NK T cell,NK
ts_immune_all_1338,TSP25_Vasculature_CoronaryArteries_10X_1_1_AACCTTTCACATTCTT,93389,TSP25,coronary artery,mature NK T cell,NK
ts_immune_all_1338,TSP25_Vasculature_CoronaryArteries_10X_1_1_CAAGGGACATAATGAG,94124,TSP25,coronary artery,mature NK T cell,NK
ts_immune_all_1338,TSP25_Vasculature_CoronaryArteries_10X_1_1_ATTTACCAGTAGCCAG,94076,TSP25,coronary artery,mature NK T cell,NK
ts_immune_all_1338,TSP25_Vasculature_CoronaryArteries_10X_1_1_GGATGTTGTTCGGTAT,95198,TSP25,coronary artery,mature NK T cell,NK
ts_immune_all_1338,TSP25_Vasculature_CoronaryArteries_10X_1_1_AGCGCCACACTACCGG,93764,TSP25,coronary artery,mature NK T cell,NK
ts_immune_all_1338,TSP25_Vasculature_CoronaryArteries_10X_1_1_TCCATCGCATAGCACT,95843,TSP25,coronary artery,mature NK T cell,NK
ts_immune_all_1338,TSP25_Vasculature_CoronaryArteries_10X_1_1_AGTTCGACAAATGGAT,93897,TSP25,coronary artery,mature NK T cell,NK
ts_immune_all_1338,TSP25_Vasculature_CoronaryArteries_10X_1_1_TTCCTTCCACCTCAGG,96272,TSP25,coronary artery,mature NK T cell,NK
ts_immune_all_1338,TSP25_Vasculature_CoronaryArteries_10X_1_1_TTTACGTCAAGATTGA,96362,TSP25,coronary artery,mature NK T cell,NK
ts_immune_all_1338,TSP25_Vasculature_CoronaryArteries_10X_1_1_GTCTGTCGTACGTACT,95466,TSP25,coronary artery,mature NK T cell,NK
ts_immune_all_1338,TSP25_Vasculature_CoronaryArteries_10X_1_1_GTCCACTGTTGACTGT,95430,TSP25,coronary artery,mature NK T cell,NK
ts_immune_all_1338,TSP25_Vasculature_CoronaryArteries_10X_1_1_TTGTTGTGTACTAACC,96352,TSP25,coronary artery,mature NK T cell,NK
ts_immune_all_1338,TSP25_Vasculature_CoronaryArteries_10X_1_1_TACCGGGCAACGAGGT,95638,TSP25,coronary artery,mature NK T cell,NK
ts_immune_all_1338,TSP25_Vasculature_CoronaryArteries_10X_1_1_GAAGCGATCATTACCT,94850,TSP25,coronary artery,mature NK T cell,NK
ts_immune_all_1338,TSP25_Vasculature_CoronaryArteries_10X_1_1_TAGTGCAGTTCCAAAC,95698,TSP25,coronary artery,mature NK T cell,NK
ts_immune_all_1338,TSP25_Vasculature_CoronaryArteries_10X_1_1_CCATAAGTCCCTTGGT,94370,TSP25,coronary artery,mature NK T cell,NK
ts_immune_all_1338,TSP25_Vasculature_CoronaryArteries_10X_1_1_GTAGGTTGTAGACGTG,95385,TSP25,coronary artery,mature NK T cell,NK
ts_immune_all_1338,TSP25_Vasculature_CoronaryArteries_10X_1_1_TGACTCCAGTTTCGAC,95996,TSP25,coronary artery,mature NK T cell,NK
ts_immune_all_1338,TSP25_Vasculature_CoronaryArteries_10X_1_1_TTGTGTTCACTTGGGC,96344,TSP25,coronary artery,mature NK T cell,NK
ts_immune_all_1338,TSP25_Vasculature_CoronaryArteries_10X_1_1_AATGAAGAGTAAAGCT,93467,TSP25,coronary artery,mature NK T cell,NK
ts_immune_all_1338,TSP25_Vasculature_CoronaryArteries_10X_1_1_CACGTGGTCAAGGCTT,94173,TSP25,coronary artery,mature NK T cell,NK
ts_immune_all_1338,TSP25_Vasculature_CoronaryArteries_10X_1_1_TGAGGAGGTCTTGAAC,96012,TSP25,coronary artery,mature NK T cell,NK
ts_immune_all_1338,TSP25_Vasculature_CoronaryArteries_10X_1_1_CTAACTTTCGATACTG,94615,TSP25,coronary artery,mature NK T cell,NK
ts_immune_all_1338,TSP25_Vasculature_CoronaryArteries_10X_1_1_GACTTCCAGAGAGGGC,94919,TSP25,coronary artery,mature NK T cell,NK
ts_immune_all_1338,TSP25_Vasculature_CoronaryArteries_10X_1_1_TCATTCACAATGAAAC,95831,TSP25,coronary artery,mature NK T cell,NK
ts_immune_all_1338,TSP25_Vasculature_CoronaryArteries_10X_1_1_AGCCACGTCATTCGTT,93753,TSP25,coronary artery,mature NK T cell,NK
ts_immune_all_1338,TSP25_Vasculature_CoronaryArteries_10X_1_1_TCGGTCTGTCGAGTTT,95922,TSP25,coronary artery,mature NK T cell,NK
ts_immune_all_1338,TSP25_Vasculature_CoronaryArteries_10X_1_1_CATAAGCTCGCTGATA,94247,TSP25,coronary artery,mature NK T cell,NK
ts_immune_all_1338,TSP25_Vasculature_CoronaryArteries_10X_1_1_ATCCTATAGTTCGCAT,93947,TSP25,coronary artery,mature NK T cell,NK
ts_immune_all_1338,TSP25_Vasculature_CoronaryArteries_10X_1_1_ATGCCTCTCGTGGAAG,94007,TSP25,coronary artery,mature NK T cell,NK
ts_immune_all_1338,TSP25_Vasculature_CoronaryArteries_10X_1_1_AACGTCACACATGACT,93401,TSP25,coronary artery,mature NK T cell,NK
ts_immune_all_1338,TSP25_Vasculature_CoronaryArteries_10X_1_1_GGGATGATCTCGTGGG,95254,TSP25,coronary artery,mature NK T cell,NK
ts_immune_all_1338,TSP25_Vasculature_CoronaryArteries_10X_1_1_AAGGAATGTCTGTTAG,93431,TSP25,coronary artery,mature NK T cell,NK
ts_immune_all_1338,TSP25_Vasculature_CoronaryArteries_10X_1_1_CGTAATGGTATCTCTT,94585,TSP25,coronary artery,mature NK T cell,NK
ts_immune_all_1338,TSP25_Vasculature_CoronaryArteries_10X_1_1_TAGGAGGGTGTATTCG,95685,TSP25,coronary artery,mature NK T cell,NK
ts_immune_all_1338,TSP25_Vasculature_CoronaryArteries_10X_1_1_GACATCATCTGCATAG,94878,TSP25,coronary artery,mature NK T cell,NK
ts_immune_all_1338,TSP25_Vasculature_CoronaryArteries_10X_1_1_TGATCTTGTTCATCGA,96029,TSP25,coronary artery,mature NK T cell,NK
ts_immune_all_1338,TSP25_Vasculature_CoronaryArteries_10X_1_1_TCGAACATCTGGCCTT,95882,TSP25,coronary artery,mature NK T cell,NK
ts_immune_all_1338,TSP25_Vasculature_CoronaryArteries_10X_1_1_TTGGGTAAGGCCTTCG,96330,TSP25,coronary artery,mature NK T cell,NK
ts_immune_all_1338,TSP25_Vasculature_CoronaryArteries_10X_1_1_CAACGATTCTGTTCAT,94105,TSP25,coronary artery,mature NK T cell,NK
ts_immune_all_1338,TSP25_Vasculature_CoronaryArteries_10X_1_1_CGAGGAAGTCTCTCAC,94517,TSP25,coronary artery,mature NK T cell,NK
ts_immune_all_1110,TSP21_Eye_Anterior_10X_1_1_ATGAAAGAGGTAAGGA,147525,TSP21,anterior segment of eyeball,B cell,Naive_B
ts_immune_all_1110,TSP21_Eye_Anterior_10X_1_1_TCTGCCATCAAACTGC,147671,TSP21,anterior segment of eyeball,B cell,Naive_B
ts_immune_all_1110,TSP21_Eye_Anterior_10X_1_1_ATGCGATAGCTATCTG,147527,TSP21,anterior segment of eyeball,B cell,Naive_B
ts_immune_all_1110,TSP21_Eye_Anterior_10X_1_1_CTTGATTTCCATAGGT,147597,TSP21,anterior segment of eyeball,B cell,Naive_B
ts_immune_all_1110,TSP21_Eye_Anterior_10X_1_1_AGTTCGACACTCATAG,147520,TSP21,anterior segment of eyeball,B cell,Naive_B
ts_immune_all_1110,TSP21_Eye_Anterior_10X_1_1_CAATTTCGTTCTTGCC,147540,TSP21,anterior segment of eyeball,B cell,Naive_B
ts_immune_all_1110,TSP21_Eye_Anterior_10X_1_1_GCACGTGCACCAGACC,147613,TSP21,anterior segment of eyeball,B cell,Naive_B
ts_immune_all_1110,TSP21_Eye_Anterior_10X_1_1_TGGGCTGAGACAACTA,147683,TSP21,anterior segment of eyeball,B cell,Naive_B
ts_immune_all_1110,TSP21_Eye_Anterior_10X_1_1_GTGAGGACAGCGCGTT,147633,TSP21,anterior segment of eyeball,B cell,Naive_B
ts_immune_all_1110,TSP21_Eye_Anterior_10X_1_1_GAGAGGTCACAAAGCG,147605,TSP21,anterior segment of eyeball,B cell,Naive_B
ts_immune_all_1110,TSP21_Eye_Anterior_10X_1_1_ATGGGAGAGACTAAGT,147532,TSP21,anterior segment of eyeball,B cell,Naive_B
ts_immune_all_1110,TSP21_Eye_Anterior_10X_1_1_CCACCATCAGAAGTGC,147555,TSP21,anterior segment of eyeball,B cell,Naive_B
ts_immune_all_1110,TSP21_Eye_Anterior_10X_1_1_AGAGCAGCACCCTATC,147508,TSP21,anterior segment of eyeball,B cell,Naive_B
ts_immune_all_1110,TSP21_Eye_Anterior_10X_1_1_CTGGACGTCAACCGAT,147594,TSP21,anterior segment of eyeball,B cell,Naive_B
ts_immune_all_1110,TSP21_Eye_Anterior_10X_1_1_ATCCACCGTTGCTCGG,147522,TSP21,anterior segment of eyeball,B cell,Naive_B
ts_immune_all_1110,TSP21_Eye_Anterior_10X_1_1_GTCTCACGTAGTCCTA,147632,TSP21,anterior segment of eyeball,B cell,Naive_B
ts_immune_all_1110,TSP21_Eye_Anterior_10X_1_1_ATGGATCTCGTGACTA,147531,TSP21,anterior segment of eyeball,B cell,Naive_B
ts_immune_all_1110,TSP21_Eye_Anterior_10X_1_1_CTCCGATGTAGTCTGT,147584,TSP21,anterior segment of eyeball,B cell,Naive_B
ts_immune_all_1110,TSP21_Eye_Anterior_10X_1_1_CGGCAGTGTCACAGAG,147566,TSP21,anterior segment of eyeball,B cell,Naive_B
ts_immune_all_1110,TSP21_Eye_Anterior_10X_1_1_AGTAGCTAGGATCATA,147517,TSP21,anterior segment of eyeball,B cell,Naive_B
ts_immune_all_1110,TSP21_Eye_Anterior_10X_1_1_TCCCAGTCAAATACGA,147661,TSP21,anterior segment of eyeball,B cell,Naive_B
ts_immune_all_1110,TSP21_Eye_Anterior_10X_1_1_TGGAGGAGTTGTTGCA,147681,TSP21,anterior segment of eyeball,B cell,Naive_B
ts_immune_all_1110,TSP21_Eye_Anterior_10X_1_1_ATGCCTCTCATAGACC,147526,TSP21,anterior segment of eyeball,B cell,Naive_B
ts_immune_all_1110,TSP21_Eye_Anterior_10X_1_1_GAGACTTTCCATTTGT,147604,TSP21,anterior segment of eyeball,B cell,Naive_B
ts_immune_all_1110,TSP21_Eye_Anterior_10X_1_1_CGTTGGGCACAGCTTA,147571,TSP21,anterior segment of eyeball,B cell,Naive_B
ts_immune_all_1110,TSP21_Eye_Anterior_10X_1_1_CTACCCAGTACGTACT,147572,TSP21,anterior segment of eyeball,B cell,Naive_B
ts_immune_all_1110,TSP21_Eye_Anterior_10X_1_1_ACATGCAGTCGAGTGA,147496,TSP21,anterior segment of eyeball,B cell,Naive_B
ts_immune_all_1110,TSP21_Eye_Anterior_10X_1_1_GTCGAATCACACCGAC,147631,TSP21,anterior segment of eyeball,B cell,Naive_B
ts_immune_all_1110,TSP21_Eye_Anterior_10X_1_1_GGAGATGAGGCGTCCT,147620,TSP21,anterior segment of eyeball,B cell,Naive_B
ts_immune_all_1110,TSP21_Eye_Anterior_10X_1_1_TGATGCACAAGGTCGA,147676,TSP21,anterior segment of eyeball,B cell,Naive_B
ts_immune_all_1110,TSP21_Eye_Anterior_10X_1_1_TCCGATCGTTAGAAGT,147664,TSP21,anterior segment of eyeball,B cell,Naive_B
ts_immune_all_1110,TSP21_Eye_Anterior_10X_1_1_CTCAAGATCGGAATGG,147578,TSP21,anterior segment of eyeball,B cell,Naive_B
ts_immune_all_1110,TSP21_Eye_Anterior_10X_1_1_GTGGCGTTCATTTGCT,147634,TSP21,anterior segment of eyeball,B cell,Naive_B
ts_immune_all_1110,TSP21_Eye_Anterior_10X_1_1_GATGGAGCACGCTGTG,147610,TSP21,anterior segment of eyeball,B cell,Naive_B
ts_immune_all_1110,TSP21_Eye_Anterior_10X_1_1_CATGGATGTACGAGCA,147550,TSP21,anterior segment of eyeball,B cell,Naive_B
ts_immune_all_1110,TSP21_Eye_Anterior_10X_1_1_AGGTAGGAGTCCGTCG,147515,TSP21,anterior segment of eyeball,B cell,Naive_B
ts_immune_all_1110,TSP21_Eye_Anterior_10X_1_1_TAGACCAAGACCTTTG,147646,TSP21,anterior segment of eyeball,B cell,Naive_B
ts_immune_all_1110,TSP21_Eye_Anterior_10X_1_1_CGTAATGGTTATAGCC,147568,TSP21,anterior segment of eyeball,B cell,Naive_B
ts_immune_all_1110,TSP21_Eye_Anterior_10X_1_1_TCACTATGTGAGCCAA,147652,TSP21,anterior segment of eyeball,B cell,Naive_B
ts_immune_all_1110,TSP21_Eye_Anterior_10X_1_1_CTCGAGGTCTCTATGT,147586,TSP21,anterior segment of eyeball,B cell,Naive_B
ts_immune_all_1110,TSP21_Eye_Anterior_10X_1_1_CTCTCAGTCCTTCAGC,147587,TSP21,anterior segment of eyeball,B cell,Naive_B
ts_immune_all_1110,TSP21_Eye_Anterior_10X_1_1_AGCATCACACCATAAC,147511,TSP21,anterior segment of eyeball,B cell,Naive_B
ts_immune_all_1110,TSP21_Eye_Anterior_10X_1_1_TATTGGGAGCAGCCCT,147650,TSP21,anterior segment of eyeball,B cell,Naive_B
ts_immune_all_1110,TSP21_Eye_Anterior_10X_1_1_ACACAGTGTTGATGTC,147494,TSP21,anterior segment of eyeball,B cell,Naive_B
ts_immune_all_1110,TSP21_Eye_Anterior_10X_1_1_TCAGGTACACGGTAGA,147655,TSP21,anterior segment of eyeball,B cell,Naive_B
ts_immune_all_1110,TSP21_Eye_Anterior_10X_1_1_TCTAACTGTCAACACT,147669,TSP21,anterior segment of eyeball,B cell,Naive_B
ts_immune_all_1110,TSP21_Eye_Anterior_10X_1_1_CACTGTCAGTGCACTT,147545,TSP21,anterior segment of eyeball,B cell,Naive_B
ts_immune_all_1110,TSP21_Eye_Anterior_10X_1_1_CATGAGTGTGTGAATA,147547,TSP21,anterior segment of eyeball,B cell,Naive_B
ts_immune_all_1110,TSP21_Eye_Anterior_10X_1_1_CTGCATCGTAGGACTG,147592,TSP21,anterior segment of eyeball,B cell,Naive_B
ts_immune_all_1110,TSP21_Eye_Anterior_10X_1_1_AACACACAGAACTCCT,147491,TSP21,anterior segment of eyeball,B cell,Naive_B
ts_immune_all_0373,TSP6_Trachea_NA_10X_1_2_TGGTGATAGGGCGAGA,22319,TSP6,trachea,monocyte,Cl_Mono
ts_immune_all_0373,TSP6_Trachea_NA_10X_1_2_TATCTTGAGAAGCGGG,22251,TSP6,trachea,monocyte,Cl_Mono
ts_immune_all_0373,TSP6_Trachea_NA_10X_2_1_TAGGGTTAGGGATCAC,58153,TSP6,trachea,monocyte,Cl_Mono
ts_immune_all_0373,TSP6_Trachea_NA_10X_2_1_TCAGTCCCAATGTCTG,58262,TSP6,trachea,monocyte,Cl_Mono
ts_immune_all_0373,TSP6_Trachea_NA_10X_1_2_CCACACTCAATATCCG,22063,TSP6,trachea,monocyte,Cl_Mono
ts_immune_all_0373,TSP6_Trachea_NA_10X_2_1_CGTTAGACATTCCTCG,57078,TSP6,trachea,monocyte,Cl_Mono
ts_immune_all_0373,TSP6_Trachea_NA_10X_1_2_GTATTTCCAACGTATC,22210,TSP6,trachea,monocyte,Cl_Mono
ts_immune_all_0373,TSP6_Trachea_NA_10X_2_1_CAGCCAGTCACTGTCC,56653,TSP6,trachea,monocyte,Cl_Mono
ts_immune_all_0373,TSP6_Trachea_NA_10X_1_2_CGGGTGTGTCCGGCAT,22097,TSP6,trachea,monocyte,Cl_Mono
ts_immune_all_0373,TSP6_Trachea_NA_10X_2_1_GCTTGGGCAATAGGAT,57612,TSP6,trachea,monocyte,Cl_Mono
ts_immune_all_0373,TSP6_Trachea_NA_10X_1_2_GATGACTAGCTACTAC,22156,TSP6,trachea,monocyte,Cl_Mono
ts_immune_all_0373,TSP6_Trachea_NA_10X_2_1_AGTCATGTCAAACGTC,56320,TSP6,trachea,monocyte,Cl_Mono
ts_immune_all_0373,TSP6_Trachea_NA_10X_2_1_TCAAGCATCCGCACGA,58210,TSP6,trachea,monocyte,Cl_Mono
ts_immune_all_0373,TSP6_Trachea_NA_10X_1_1_ATCGGATAGCTAGCCC,508916,TSP6,trachea,monocyte,Cl_Mono
ts_immune_all_0373,TSP6_Trachea_NA_10X_1_2_GGAGAACTCACTGATG,22183,TSP6,trachea,monocyte,Cl_Mono
ts_immune_all_0373,TSP6_Trachea_NA_10X_1_1_TGCGGGTGTTGTAAAG,509165,TSP6,trachea,monocyte,Cl_Mono
ts_immune_all_0373,TSP6_Trachea_NA_10X_2_1_AGGACTTGTGGCTACC,56236,TSP6,trachea,monocyte,Cl_Mono
ts_immune_all_0373,TSP6_Trachea_NA_10X_2_1_CCTAAGATCATGAGTC,56891,TSP6,trachea,monocyte,Cl_Mono
ts_immune_all_0373,TSP6_Trachea_NA_10X_1_2_AGTCACATCATCCTAT,22016,TSP6,trachea,monocyte,Cl_Mono
ts_immune_all_0373,TSP6_Trachea_NA_10X_2_1_GCACATAGTGCATCTA,57488,TSP6,trachea,monocyte,Cl_Mono
ts_immune_all_0373,TSP6_Trachea_NA_10X_1_2_AGGGTTTAGCGACTTT,22009,TSP6,trachea,monocyte,Cl_Mono
ts_immune_all_0373,TSP6_Trachea_NA_10X_2_1_CGGCAGTAGCCGCTTG,57026,TSP6,trachea,monocyte,Cl_Mono
ts_immune_all_0373,TSP6_Trachea_NA_10X_2_1_GTGTGGCCACGCCAGT,57960,TSP6,trachea,monocyte,Cl_Mono
ts_immune_all_0373,TSP6_Trachea_NA_10X_2_1_ATTGTTCGTTGCGGCT,56532,TSP6,trachea,monocyte,Cl_Mono
ts_immune_all_0373,TSP6_Trachea_NA_10X_2_1_ACGCACGGTTCTCGTC,56069,TSP6,trachea,monocyte,Cl_Mono
ts_immune_all_0373,TSP6_Trachea_NA_10X_1_2_CATGCCTTCGAGTGGA,22059,TSP6,trachea,monocyte,Cl_Mono
ts_immune_all_0373,TSP6_Trachea_NA_10X_2_1_GATTCTTAGAATAACC,57468,TSP6,trachea,monocyte,Cl_Mono
ts_immune_all_0373,TSP6_Trachea_NA_10X_2_1_GTAAGTCTCGCGTGCA,57796,TSP6,trachea,monocyte,Cl_Mono
ts_immune_all_0373,TSP6_Trachea_NA_10X_1_1_TCGGGCACAAGTGACG,509145,TSP6,trachea,monocyte,Cl_Mono
ts_immune_all_0373,TSP6_Trachea_NA_10X_1_1_ATCAGGTCATTCATCT,508912,TSP6,trachea,monocyte,Cl_Mono
ts_immune_all_0373,TSP6_Trachea_NA_10X_1_2_ATACCTTTCCGGCAGT,22021,TSP6,trachea,monocyte,Cl_Mono
ts_immune_all_0373,TSP6_Trachea_NA_10X_1_1_CTCAGTCAGAGTGGCT,508996,TSP6,trachea,monocyte,Cl_Mono
ts_immune_all_0373,TSP6_Trachea_NA_10X_2_1_ATCGTAGCAGCATCTA,56422,TSP6,trachea,monocyte,Cl_Mono
ts_immune_all_0373,TSP6_Trachea_NA_10X_2_1_GTACAGTGTCGTAATC,57808,TSP6,trachea,monocyte,Cl_Mono
ts_immune_all_0373,TSP6_Trachea_NA_10X_1_1_AGTAGCTAGAAATTGC,508903,TSP6,trachea,monocyte,Cl_Mono
ts_immune_all_0373,TSP6_Trachea_NA_10X_1_2_GTAGGTTAGATGCGAC,22208,TSP6,trachea,monocyte,Cl_Mono
ts_immune_all_0373,TSP6_Trachea_NA_10X_2_1_TGATCTTAGTTTCTTC,58545,TSP6,trachea,monocyte,Cl_Mono
ts_immune_all_0373,TSP6_Trachea_NA_10X_2_1_GCTGCAGAGTATCTGC,57603,TSP6,trachea,monocyte,Cl_Mono
ts_immune_all_0373,TSP6_Trachea_NA_10X_2_1_CATTGCCCAGCTGTGC,56765,TSP6,trachea,monocyte,Cl_Mono
ts_immune_all_0373,TSP6_Trachea_NA_10X_2_1_GGATCTAAGTAGAGTT,57650,TSP6,trachea,monocyte,Cl_Mono
ts_immune_all_0373,TSP6_Trachea_NA_10X_2_1_TGTTGGAGTTGCATGT,58701,TSP6,trachea,monocyte,Cl_Mono
ts_immune_all_0373,TSP6_Trachea_NA_10X_2_1_GATCATGAGCGTGAAC,57440,TSP6,trachea,monocyte,Cl_Mono
ts_immune_all_0373,TSP6_Trachea_NA_10X_2_1_TTCTAGTGTTAAAGTG,58790,TSP6,trachea,monocyte,Cl_Mono
ts_immune_all_0373,TSP6_Trachea_NA_10X_2_1_AGGTCATAGGGCCCTT,56276,TSP6,trachea,monocyte,Cl_Mono
ts_immune_all_0373,TSP6_Trachea_NA_10X_1_1_GCACATATCCGGACGT,509060,TSP6,trachea,monocyte,Cl_Mono
ts_immune_all_0373,TSP6_Trachea_NA_10X_1_2_CTCACTGCACTGCATA,22110,TSP6,trachea,monocyte,Cl_Mono
ts_immune_all_0373,TSP6_Trachea_NA_10X_2_1_GTGCGTGAGTAGTCTC,57924,TSP6,trachea,monocyte,Cl_Mono
ts_immune_all_0373,TSP6_Trachea_NA_10X_1_1_TCAAGTGTCTGCGGAC,509126,TSP6,trachea,monocyte,Cl_Mono
ts_immune_all_0373,TSP6_Trachea_NA_10X_2_1_GCGGATCGTCACCACG,57575,TSP6,trachea,monocyte,Cl_Mono
ts_immune_all_0373,TSP6_Trachea_NA_10X_2_1_AGTAACCGTAACATCC,56292,TSP6,trachea,monocyte,Cl_Mono
ts_immune_all_1484,TSP25_Muscle_Diaphragm_10X_1_1_CTCAGGGCAGAGGCAT,50701,TSP25,muscle of pelvic diaphragm,macrophage,Macrophage
ts_immune_all_1484,TSP25_Muscle_Diaphragm_10X_1_1_TCAAGACGTTGGGATG,50737,TSP25,muscle of pelvic diaphragm,macrophage,Macrophage
ts_immune_all_1484,TSP25_Muscle_Diaphragm_10X_1_1_GTAGGTTAGCGGTATG,50721,TSP25,muscle of pelvic diaphragm,macrophage,Macrophage
ts_immune_all_1484,TSP25_Muscle_Diaphragm_10X_1_1_CGGAATTAGAGCCATG,50699,TSP25,muscle of pelvic diaphragm,macrophage,Macrophage
ts_immune_all_1484,TSP25_Muscle_Diaphragm_10X_1_1_AAAGAACGTCGGAAAC,50666,TSP25,muscle of pelvic diaphragm,macrophage,Macrophage
ts_immune_all_1484,TSP25_Muscle_Diaphragm_10X_1_1_GACACGCGTCTTGCGG,50709,TSP25,muscle of pelvic diaphragm,macrophage,Macrophage
ts_immune_all_1484,TSP25_Muscle_Diaphragm_10X_1_1_GTCTGTCGTCTACTGA,50724,TSP25,muscle of pelvic diaphragm,macrophage,Macrophage
ts_immune_all_1484,TSP25_Muscle_Diaphragm_10X_1_1_TTCAGGATCCTCGCAT,50747,TSP25,muscle of pelvic diaphragm,macrophage,Macrophage
ts_immune_all_1484,TSP25_Muscle_Diaphragm_10X_1_1_CACTGGGTCGTAGCTA,50687,TSP25,muscle of pelvic diaphragm,macrophage,Macrophage
ts_immune_all_1484,TSP25_Muscle_Diaphragm_10X_1_1_GTTGTAGGTCTGTGGC,50727,TSP25,muscle of pelvic diaphragm,macrophage,Macrophage
ts_immune_all_1484,TSP25_Muscle_Diaphragm_10X_1_1_CCAAGCGAGGGCATGT,50689,TSP25,muscle of pelvic diaphragm,macrophage,Macrophage
ts_immune_all_1484,TSP25_Muscle_Diaphragm_10X_1_1_TTCGATTTCGAACACT,50748,TSP25,muscle of pelvic diaphragm,macrophage,Macrophage
ts_immune_all_1484,TSP25_Muscle_Diaphragm_10X_1_1_ACCCTCAGTTTGGGTT,50670,TSP25,muscle of pelvic diaphragm,macrophage,Macrophage
ts_immune_all_1484,TSP25_Muscle_Diaphragm_10X_1_1_TTCTCTCAGCTACTAC,50749,TSP25,muscle of pelvic diaphragm,macrophage,Macrophage
ts_immune_all_1484,TSP25_Muscle_Diaphragm_10X_1_1_CTTCCTTTCAGACTGT,50705,TSP25,muscle of pelvic diaphragm,macrophage,Macrophage
ts_immune_all_1484,TSP25_Muscle_Diaphragm_10X_1_1_AATGGAACAGGAACCA,50668,TSP25,muscle of pelvic diaphragm,macrophage,Macrophage
ts_immune_all_1484,TSP25_Muscle_Diaphragm_10X_1_1_CTTAGGACACCCTTGT,50704,TSP25,muscle of pelvic diaphragm,macrophage,Macrophage
ts_immune_all_1484,TSP25_Muscle_Diaphragm_10X_1_1_TGTCCTGCACAGCGCT,50746,TSP25,muscle of pelvic diaphragm,macrophage,Macrophage
ts_immune_all_1484,TSP25_Muscle_Diaphragm_10X_1_1_GGGCTCACAGAAATCA,50718,TSP25,muscle of pelvic diaphragm,macrophage,Macrophage
ts_immune_all_1484,TSP25_Muscle_Diaphragm_10X_1_1_ATCTTCAGTTTAGAGA,50681,TSP25,muscle of pelvic diaphragm,macrophage,Macrophage
ts_immune_all_1484,TSP25_Muscle_Diaphragm_10X_1_1_ACTATCTTCCACAAGT,50671,TSP25,muscle of pelvic diaphragm,macrophage,Macrophage
ts_immune_all_1484,TSP25_Muscle_Diaphragm_10X_1_1_GTCATTTGTCCTCAGG,50722,TSP25,muscle of pelvic diaphragm,macrophage,Macrophage
ts_immune_all_1484,TSP25_Muscle_Diaphragm_10X_1_1_CGCATAAAGCGAGTCA,50698,TSP25,muscle of pelvic diaphragm,macrophage,Macrophage
ts_immune_all_1484,TSP25_Muscle_Diaphragm_10X_1_1_TAAGTCGGTTTGCAGT,50730,TSP25,muscle of pelvic diaphragm,macrophage,Macrophage
ts_immune_all_1484,TSP25_Muscle_Diaphragm_10X_1_1_TATTTCGTCGCGCCAA,50736,TSP25,muscle of pelvic diaphragm,macrophage,Macrophage
ts_immune_all_1484,TSP25_Muscle_Diaphragm_10X_1_1_TAAGCACGTGTACAGG,50729,TSP25,muscle of pelvic diaphragm,macrophage,Macrophage
ts_immune_all_1484,TSP25_Muscle_Diaphragm_10X_1_1_GGGTCTGAGGCATTTC,50719,TSP25,muscle of pelvic diaphragm,macrophage,Macrophage
ts_immune_all_1484,TSP25_Muscle_Diaphragm_10X_1_1_TAGGAGGTCCTTCAGC,50732,TSP25,muscle of pelvic diaphragm,macrophage,Macrophage
ts_immune_all_1484,TSP25_Muscle_Diaphragm_10X_1_1_AGACCCGGTATGGAGC,50673,TSP25,muscle of pelvic diaphragm,macrophage,Macrophage
ts_immune_all_1484,TSP25_Muscle_Diaphragm_10X_1_1_GTTATGGGTTATCTTC,50726,TSP25,muscle of pelvic diaphragm,macrophage,Macrophage
ts_immune_all_1484,TSP25_Muscle_Diaphragm_10X_1_1_ATCGTAGGTGCTCGTG,50679,TSP25,muscle of pelvic diaphragm,macrophage,Macrophage
ts_immune_all_1484,TSP25_Muscle_Diaphragm_10X_1_1_GAGACTTTCGCAATTG,50711,TSP25,muscle of pelvic diaphragm,macrophage,Macrophage
ts_immune_all_1484,TSP25_Muscle_Diaphragm_10X_1_1_GCAACCGCAGGAGGAG,50714,TSP25,muscle of pelvic diaphragm,macrophage,Macrophage
ts_immune_all_1484,TSP25_Muscle_Diaphragm_10X_1_1_ACAACCAGTTTCGATG,50669,TSP25,muscle of pelvic diaphragm,macrophage,Macrophage
ts_immune_all_1484,TSP25_Muscle_Diaphragm_10X_1_1_CCGCAAGCACGTTCGG,50693,TSP25,muscle of pelvic diaphragm,macrophage,Macrophage
ts_immune_all_1484,TSP25_Muscle_Diaphragm_10X_1_1_TGAATGCGTTAGCTAC,50743,TSP25,muscle of pelvic diaphragm,macrophage,Macrophage
ts_immune_all_1484,TSP25_Muscle_Diaphragm_10X_1_1_ATCCTATGTGCTCCGA,50678,TSP25,muscle of pelvic diaphragm,macrophage,Macrophage
ts_immune_all_1484,TSP25_Muscle_Diaphragm_10X_1_1_CCGTTCATCGCTCCTA,50694,TSP25,muscle of pelvic diaphragm,macrophage,Macrophage
ts_immune_all_1484,TSP25_Muscle_Diaphragm_10X_1_1_GTGCGTGGTGTTGACT,50725,TSP25,muscle of pelvic diaphragm,macrophage,Macrophage
ts_immune_all_1484,TSP25_Muscle_Diaphragm_10X_1_1_AGACACTCATGGGTTT,50672,TSP25,muscle of pelvic diaphragm,macrophage,Macrophage
ts_immune_all_1484,TSP25_Muscle_Diaphragm_10X_1_1_ATCGTCCTCGCACGGT,50680,TSP25,muscle of pelvic diaphragm,macrophage,Macrophage
ts_immune_all_1484,TSP25_Muscle_Diaphragm_10X_1_1_CTTCGGTGTAGCGCCT,50706,TSP25,muscle of pelvic diaphragm,macrophage,Macrophage
ts_immune_all_1484,TSP25_Muscle_Diaphragm_10X_1_1_AGCTACATCTGACGCG,50675,TSP25,muscle of pelvic diaphragm,macrophage,Macrophage
ts_immune_all_1484,TSP25_Muscle_Diaphragm_10X_1_1_TGAGGTTTCGCTCCTA,50745,TSP25,muscle of pelvic diaphragm,macrophage,Macrophage
ts_immune_all_1484,TSP25_Muscle_Diaphragm_10X_1_1_GGTGGCTTCGCAGATT,50720,TSP25,muscle of pelvic diaphragm,macrophage,Macrophage
ts_immune_all_1484,TSP25_Muscle_Diaphragm_10X_1_1_GTCGTTCTCTGTGCGG,50723,TSP25,muscle of pelvic diaphragm,macrophage,Macrophage
ts_immune_all_1484,TSP25_Muscle_Diaphragm_10X_1_1_TAGTGCAAGTTGTCAC,50734,TSP25,muscle of pelvic diaphragm,macrophage,Macrophage
ts_immune_all_1484,TSP25_Muscle_Diaphragm_10X_1_1_ATTCTTGGTAATTGGA,50685,TSP25,muscle of pelvic diaphragm,macrophage,Macrophage
ts_immune_all_1484,TSP25_Muscle_Diaphragm_10X_1_1_AGTACCATCTATACGG,50676,TSP25,muscle of pelvic diaphragm,macrophage,Macrophage
ts_immune_all_1484,TSP25_Muscle_Diaphragm_10X_1_1_GGAAGTGCATCCGAGC,50717,TSP25,muscle of pelvic diaphragm,macrophage,Macrophage
ts_immune_all_1051,TSP21_FAT_MAT_10X_1_1_GACTTCCAGAAGCTGC,439185,TSP21,adipose tissue,natural killer cell,NK
ts_immune_all_1051,TSP21_FAT_MAT_10X_1_1_GCTTCACGTTTCCCAC,440120,TSP21,adipose tissue,natural killer cell,NK
ts_immune_all_1051,TSP21_FAT_MAT_10X_1_1_TACCTGCAGGTGCCAA,441947,TSP21,adipose tissue,natural killer cell,NK
ts_immune_all_1051,TSP21_FAT_MAT_10X_1_1_TCACACCGTGGAAATT,442359,TSP21,adipose tissue,natural killer cell,NK
ts_immune_all_1051,TSP21_FAT_MAT_10X_1_1_CGAGAAGGTCCAGTTA,437534,TSP21,adipose tissue,natural killer cell,NK
ts_immune_all_1051,TSP21_FAT_MAT_10X_1_1_TATATCCCACTCCTTG,442158,TSP21,adipose tissue,natural killer cell,NK
ts_immune_all_1051,TSP21_FAT_MAT_10X_1_1_TACGGGCTCTTTACAC,441982,TSP21,adipose tissue,natural killer cell,NK
ts_immune_all_1051,TSP21_FAT_MAT_10X_1_1_GTCACTCAGGTTAGTA,441057,TSP21,adipose tissue,natural killer cell,NK
ts_immune_all_1051,TSP21_FAT_MAT_10X_1_1_TGAATCGAGGACGCAT,443334,TSP21,adipose tissue,natural killer cell,NK
ts_immune_all_1051,TSP21_FAT_MAT_10X_1_1_AGGGTCCCACTTGAAC,434905,TSP21,adipose tissue,natural killer cell,NK
ts_immune_all_1051,TSP21_FAT_MAT_10X_1_1_AGCCACGGTGGCATCC,434639,TSP21,adipose tissue,natural killer cell,NK
ts_immune_all_1051,TSP21_FAT_MAT_10X_1_1_GATGACTCACATGGTT,439512,TSP21,adipose tissue,natural killer cell,NK
ts_immune_all_1051,TSP21_FAT_MAT_10X_1_1_GTCCACTTCTTAAGGC,441137,TSP21,adipose tissue,natural killer cell,NK
ts_immune_all_1051,TSP21_FAT_MAT_10X_1_1_GACTATGAGGCCACCT,439137,TSP21,adipose tissue,natural killer cell,NK
ts_immune_all_1051,TSP21_FAT_MAT_10X_1_1_AAGACAATCCACCTGT,433455,TSP21,adipose tissue,natural killer cell,NK
ts_immune_all_1051,TSP21_FAT_MAT_10X_1_1_GTAGATCAGTCTTCCC,440922,TSP21,adipose tissue,natural killer cell,NK
ts_immune_all_1051,TSP21_FAT_MAT_10X_1_1_GCATCGGGTATCGCGC,439761,TSP21,adipose tissue,natural killer cell,NK
ts_immune_all_1051,TSP21_FAT_MAT_10X_1_1_CCGATGGAGCAACTCT,437118,TSP21,adipose tissue,natural killer cell,NK
ts_immune_all_1051,TSP21_FAT_MAT_10X_1_1_ACGTAGTAGTAGGGTC,434155,TSP21,adipose tissue,natural killer cell,NK
ts_immune_all_1051,TSP21_FAT_MAT_10X_1_1_TGCCGAGCATGTGGCC,443675,TSP21,adipose tissue,natural killer cell,NK
ts_immune_all_1051,TSP21_FAT_MAT_10X_1_1_GAGATGGGTCAATCTG,439259,TSP21,adipose tissue,natural killer cell,NK
ts_immune_all_1051,TSP21_FAT_MAT_10X_1_1_TCTGGCTTCTCCAATT,443258,TSP21,adipose tissue,natural killer cell,NK
ts_immune_all_1051,TSP21_FAT_MAT_10X_1_1_CACGGGTGTCTAGGTT,436186,TSP21,adipose tissue,natural killer cell,NK
ts_immune_all_1051,TSP21_FAT_MAT_10X_1_1_GCCATGGTCCACCTGT,439888,TSP21,adipose tissue,natural killer cell,NK
ts_immune_all_1051,TSP21_FAT_MAT_10X_1_1_ATGGGTTCACTGAGTT,435625,TSP21,adipose tissue,natural killer cell,NK
ts_immune_all_1051,TSP21_FAT_MAT_10X_1_1_GCCATGGTCTTGCAAG,439892,TSP21,adipose tissue,natural killer cell,NK
ts_immune_all_1051,TSP21_FAT_MAT_10X_1_1_ACAAAGATCCGGTTCT,433736,TSP21,adipose tissue,natural killer cell,NK
ts_immune_all_1051,TSP21_FAT_MAT_10X_1_1_GACGTTATCTCAGAAC,439135,TSP21,adipose tissue,natural killer cell,NK
ts_immune_all_1051,TSP21_FAT_MAT_10X_1_1_CGATGGCCAAACACGG,437623,TSP21,adipose tissue,natural killer cell,NK
ts_immune_all_1051,TSP21_FAT_MAT_10X_1_1_TTACGCCCATCGTGGC,444270,TSP21,adipose tissue,natural killer cell,NK
ts_immune_all_1051,TSP21_FAT_MAT_10X_1_1_AACGAAACATTGAAGA,433393,TSP21,adipose tissue,natural killer cell,NK
ts_immune_all_1051,TSP21_FAT_MAT_10X_1_1_CATTGCCAGATGCAGC,436770,TSP21,adipose tissue,natural killer cell,NK
ts_immune_all_1051,TSP21_FAT_MAT_10X_1_1_GTCAAACGTTGACGGA,441012,TSP21,adipose tissue,natural killer cell,NK
ts_immune_all_1051,TSP21_FAT_MAT_10X_1_1_TAACCAGCAACCGTAT,441718,TSP21,adipose tissue,natural killer cell,NK
ts_immune_all_1051,TSP21_FAT_MAT_10X_1_1_CGTCCATCAGAGTTCT,437931,TSP21,adipose tissue,natural killer cell,NK
ts_immune_all_1051,TSP21_FAT_MAT_10X_1_1_TTGCTGCGTTACCGTA,444700,TSP21,adipose tissue,natural killer cell,NK
ts_immune_all_1051,TSP21_FAT_MAT_10X_1_1_TGGGATTAGGTCCTGC,443899,TSP21,adipose tissue,natural killer cell,NK
ts_immune_all_1051,TSP21_FAT_MAT_10X_1_1_TTGGGATGTACGAGCA,444720,TSP21,adipose tissue,natural killer cell,NK
ts_immune_all_1051,TSP21_FAT_MAT_10X_1_1_TGTTCATAGCGTGCTC,444154,TSP21,adipose tissue,natural killer cell,NK
ts_immune_all_1051,TSP21_FAT_MAT_10X_1_1_AGACCATTCCGAGAAG,434468,TSP21,adipose tissue,natural killer cell,NK
ts_immune_all_1051,TSP21_FAT_MAT_10X_1_1_TGATTCTTCATTCTTG,443569,TSP21,adipose tissue,natural killer cell,NK
ts_immune_all_1051,TSP21_FAT_MAT_10X_1_1_CTCAACCGTCCGTTTC,438202,TSP21,adipose tissue,natural killer cell,NK
ts_immune_all_1051,TSP21_FAT_MAT_10X_1_1_GCACTAATCCTTCGAC,439706,TSP21,adipose tissue,natural killer cell,NK
ts_immune_all_1051,TSP21_FAT_MAT_10X_1_1_GGCAGTCGTGATTCAC,440327,TSP21,adipose tissue,natural killer cell,NK
ts_immune_all_1051,TSP21_FAT_MAT_10X_1_1_TCATTCATCTTGGCTC,442655,TSP21,adipose tissue,natural killer cell,NK
ts_immune_all_1051,TSP21_FAT_MAT_10X_1_1_AAGCGTTAGCTCGTGC,433522,TSP21,adipose tissue,natural killer cell,NK
ts_immune_all_1051,TSP21_FAT_MAT_10X_1_1_TCTAACTGTACCATAC,443143,TSP21,adipose tissue,natural killer cell,NK
ts_immune_all_1051,TSP21_FAT_MAT_10X_1_1_CTACGGGGTGCTCCGA,438130,TSP21,adipose tissue,natural killer cell,NK
ts_immune_all_1051,TSP21_FAT_MAT_10X_1_1_CCTCATGCAGCTTTGA,437345,TSP21,adipose tissue,natural killer cell,NK
ts_immune_all_1051,TSP21_FAT_MAT_10X_1_1_ACAGCCGAGTCCTGTA,433826,TSP21,adipose tissue,natural killer cell,NK
ts_immune_all_0539,TSP10_FAT_MAT_10X_1_1_CAGATTGTCCACGAAT,452618,TSP10,adipose tissue,B cell,Naive_B
ts_immune_all_0539,TSP10_FAT_MAT_10X_1_1_GGGTTTATCCAGTTCC,453270,TSP10,adipose tissue,B cell,Naive_B
ts_immune_all_0539,TSP10_FAT_MAT_10X_1_1_AGGAATACAACAGTGG,452337,TSP10,adipose tissue,B cell,Naive_B
ts_immune_all_0539,TSP10_FAT_MAT_10X_1_1_GCCATGGTCTACCAGA,453147,TSP10,adipose tissue,B cell,Naive_B
ts_immune_all_0539,TSP10_FAT_MAT_10X_1_1_GGGCTCACAATAAGGT,453255,TSP10,adipose tissue,B cell,Naive_B
ts_immune_all_0539,TSP10_FAT_MAT_10X_1_1_TTCCGGTAGTCGCCCA,453806,TSP10,adipose tissue,B cell,Naive_B
ts_immune_all_0539,TSP10_FAT_MAT_10X_1_1_CAGGGCTCAAAGCACG,452632,TSP10,adipose tissue,B cell,Naive_B
ts_immune_all_0539,TSP10_FAT_MAT_10X_1_1_GACACGCTCATCTCTA,453017,TSP10,adipose tissue,B cell,Naive_B
ts_immune_all_0539,TSP10_FAT_MAT_10X_1_1_TCATGGAAGAGCAACC,453546,TSP10,adipose tissue,B cell,Naive_B
ts_immune_all_0539,TSP10_FAT_MAT_10X_1_1_AGGTTGTAGCTCTGTA,452372,TSP10,adipose tissue,B cell,Naive_B
ts_immune_all_0539,TSP10_FAT_MAT_10X_1_1_ATTTACCGTCAGATTC,452535,TSP10,adipose tissue,B cell,Naive_B
ts_immune_all_0539,TSP10_FAT_MAT_10X_1_1_ATGTCTTGTACCAGAG,452503,TSP10,adipose tissue,B cell,Naive_B
ts_immune_all_0539,TSP10_FAT_MAT_10X_1_1_TTGGGATAGACTAGAT,453852,TSP10,adipose tissue,B cell,Naive_B
ts_immune_all_0539,TSP10_Fat_MAT_SS2_B134181_B115064_Endothelial_I12,15114,TSP10,adipose tissue,B cell,Naive_B
ts_immune_all_0539,TSP10_FAT_MAT_10X_1_1_GAGGGTACAGGGACTA,453064,TSP10,adipose tissue,B cell,Naive_B
ts_immune_all_0539,TSP10_Fat_MAT_SS2_B134171_B115063_Immune_B3,1070,TSP10,adipose tissue,B cell,Naive_B
ts_immune_all_0539,TSP10_FAT_MAT_10X_1_1_ATTCCATTCGCCAGTG,452516,TSP10,adipose tissue,B cell,Naive_B
ts_immune_all_0539,TSP10_FAT_MAT_10X_1_1_ACTTTCATCATTGGTG,452272,TSP10,adipose tissue,B cell,Naive_B
ts_immune_all_0539,TSP10_Fat_MAT_SS2_B134171_B115063_Immune_B20,1108,TSP10,adipose tissue,B cell,Naive_B
ts_immune_all_0539,TSP10_FAT_MAT_10X_1_1_TCATACTGTCACTTCC,453537,TSP10,adipose tissue,B cell,Naive_B
ts_immune_all_0539,TSP10_FAT_MAT_10X_1_1_GTCATTTTCACCTTAT,453337,TSP10,adipose tissue,B cell,Naive_B
ts_immune_all_0539,TSP10_FAT_MAT_10X_1_1_CTGCGAGCACGTAACT,452957,TSP10,adipose tissue,B cell,Naive_B
ts_immune_all_0539,TSP10_FAT_MAT_10X_1_1_GCATCGGCAGCCCAGT,453130,TSP10,adipose tissue,B cell,Naive_B
ts_immune_all_0539,TSP10_FAT_MAT_10X_1_1_ATTCGTTCAAATGGAT,452521,TSP10,adipose tissue,B cell,Naive_B
ts_immune_all_0539,TSP10_FAT_MAT_10X_1_1_TCCTCGAGTATACCCA,453586,TSP10,adipose tissue,B cell,Naive_B
ts_immune_all_0539,TSP10_Fat_MAT_SS2_B134171_B115063_Immune_G23,1071,TSP10,adipose tissue,B cell,Naive_B
ts_immune_all_0539,TSP10_FAT_MAT_10X_1_1_CTCCTCCAGTAAACTG,452928,TSP10,adipose tissue,B cell,Naive_B
ts_immune_all_0539,TSP10_FAT_MAT_10X_1_1_CATAAGCTCTTGAGCA,452644,TSP10,adipose tissue,B cell,Naive_B
ts_immune_all_0539,TSP10_FAT_MAT_10X_1_1_TCTTCCTGTCGTTGGC,453645,TSP10,adipose tissue,B cell,Naive_B
ts_immune_all_0539,TSP10_FAT_MAT_10X_1_1_CCACTTGGTGTATCCA,452715,TSP10,adipose tissue,B cell,Naive_B
ts_immune_all_0539,TSP10_FAT_MAT_10X_1_1_GTGTCCTGTGACACGA,453383,TSP10,adipose tissue,B cell,Naive_B
ts_immune_all_0539,TSP10_FAT_MAT_10X_1_1_CAAGAGGAGGAGATAG,452569,TSP10,adipose tissue,B cell,Naive_B
ts_immune_all_0539,TSP10_FAT_MAT_10X_1_1_CATACAGCAAGTCGTT,452647,TSP10,adipose tissue,B cell,Naive_B
ts_immune_all_0539,TSP10_FAT_MAT_10X_1_1_TGAGCGCTCATTATCC,453664,TSP10,adipose tissue,B cell,Naive_B
ts_immune_all_0539,TSP10_FAT_MAT_10X_1_1_GATGTTGGTCCTCAGG,453097,TSP10,adipose tissue,B cell,Naive_B
ts_immune_all_0539,TSP10_Fat_MAT_SS2_B134171_B115063_Immune_D15,1079,TSP10,adipose tissue,B cell,Naive_B
ts_immune_all_0539,TSP10_FAT_MAT_10X_1_1_AATAGAGGTTCCTTGC,452150,TSP10,adipose tissue,B cell,Naive_B
ts_immune_all_0539,TSP10_FAT_MAT_10X_1_1_GAGCCTGGTGAGTCAG,453055,TSP10,adipose tissue,B cell,Naive_B
ts_immune_all_0539,TSP10_FAT_MAT_10X_1_1_TTCTAACGTACAAACA,453829,TSP10,adipose tissue,B cell,Naive_B
ts_immune_all_0539,TSP10_FAT_MAT_10X_1_1_AGCCAGCGTGCATGTT,452322,TSP10,adipose tissue,B cell,Naive_B
ts_immune_all_0539,TSP10_FAT_MAT_10X_1_1_ATTACCTGTGAGTAAT,452505,TSP10,adipose tissue,B cell,Naive_B
ts_immune_all_0539,TSP10_Fat_MAT_SS2_B134171_B115063_Immune_K16,1095,TSP10,adipose tissue,B cell,Naive_B
ts_immune_all_0539,TSP10_FAT_MAT_10X_1_1_AGCTTCCTCTTGATTC,452332,TSP10,adipose tissue,B cell,Naive_B
ts_immune_all_0539,TSP10_FAT_MAT_10X_1_1_GATGATCTCTATCACT,453092,TSP10,adipose tissue,B cell,Naive_B
ts_immune_all_0539,TSP10_FAT_MAT_10X_1_1_ATTGGGTGTAGCACAG,452530,TSP10,adipose tissue,B cell,Naive_B
ts_immune_all_0539,TSP10_FAT_MAT_10X_1_1_TACCTGCCAGAGCTAG,453442,TSP10,adipose tissue,B cell,Naive_B
ts_immune_all_0539,TSP10_FAT_MAT_10X_1_1_AATGCCATCATACAGC,452160,TSP10,adipose tissue,B cell,Naive_B
ts_immune_all_0539,TSP10_FAT_MAT_10X_1_1_GGTCTGGTCTCATTGT,453275,TSP10,adipose tissue,B cell,Naive_B
ts_immune_all_0539,TSP10_Fat_MAT_SS2_B134181_B115064_Endothelial_D9,15081,TSP10,adipose tissue,B cell,Naive_B
ts_immune_all_0539,TSP10_FAT_MAT_10X_1_1_CGTAATGAGCCAGAGT,452853,TSP10,adipose tissue,B cell,Naive_B
ts_immune_all_0457,TSP7_Spleen_NA_10X_1_1_CCCAACTGTTCACGAT,89603,TSP7,spleen,T cell,Memory_CD4
ts_immune_all_0457,TSP7_Spleen_NA_10X_1_1_TTCCTTCGTACCGCGT,93102,TSP7,spleen,T cell,Memory_CD4
ts_immune_all_0457,TSP7_Spleen_NA_10X_1_1_TGTCAGAAGTGCTCGC,92855,TSP7,spleen,T cell,Memory_CD4
ts_immune_all_0457,TSP7_Spleen_NA_10X_1_1_TGCTCGTGTGGCAGAT,92717,TSP7,spleen,T cell,Memory_CD4
ts_immune_all_0457,TSP7_Spleen_NA_10X_1_1_CACACAAAGACTTAAG,89207,TSP7,spleen,T cell,Memory_CD4
ts_immune_all_0457,TSP7_Spleen_NA_10X_1_1_ATCGATGCACACCTGG,88872,TSP7,spleen,T cell,Memory_CD4
ts_immune_all_0457,TSP7_Spleen_NA_10X_1_1_TTTACTGTCCATCGTC,93251,TSP7,spleen,T cell,Memory_CD4
ts_immune_all_0457,TSP7_Spleen_NA_10X_1_1_AGGACTTCAAGAAACT,88595,TSP7,spleen,T cell,Memory_CD4
ts_immune_all_0457,TSP7_Spleen_NA_10X_1_1_CTCATTACACAGAGAC,90160,TSP7,spleen,T cell,Memory_CD4
ts_immune_all_0457,TSP7_Spleen_NA_10X_1_1_ACACCAAAGCTGAAAT,88122,TSP7,spleen,T cell,Memory_CD4
ts_immune_all_0457,TSP7_Spleen_NA_10X_1_1_GTTGTCCAGGAGGCAG,91731,TSP7,spleen,T cell,Memory_CD4
ts_immune_all_0457,TSP7_Spleen_NA_10X_1_1_TTCGATTCATGTCTAG,93107,TSP7,spleen,T cell,Memory_CD4
ts_immune_all_0457,TSP7_Spleen_NA_10X_1_1_TTCCGGTAGCAATTCC,93075,TSP7,spleen,T cell,Memory_CD4
ts_immune_all_0457,TSP7_Spleen_NA_10X_1_1_TTCCACGAGAACAAGG,93067,TSP7,spleen,T cell,Memory_CD4
ts_immune_all_0457,TSP7_Spleen_NA_10X_1_1_TCAATTCAGCGAGTAC,92088,TSP7,spleen,T cell,Memory_CD4
ts_immune_all_0457,TSP7_Spleen_NA_10X_1_1_TGGATGTAGTATGAAC,92755,TSP7,spleen,T cell,Memory_CD4
ts_immune_all_0457,TSP7_Spleen_NA_10X_2_1_TCACATTAGCACCGAA,553579,TSP7,spleen,T cell,Memory_CD4
ts_immune_all_0457,TSP7_Spleen_NA_10X_1_1_CCTCTCCCAAGCGAGT,89779,TSP7,spleen,T cell,Memory_CD4
ts_immune_all_0457,TSP7_Spleen_NA_10X_1_1_TCTATACCAGAAGCGT,92466,TSP7,spleen,T cell,Memory_CD4
ts_immune_all_0457,TSP7_Spleen_NA_10X_1_1_GTAGGAGAGGATACGC,91374,TSP7,spleen,T cell,Memory_CD4
ts_immune_all_0457,TSP7_Spleen_NA_10X_2_1_GGCTGTGGTGTCTAAC,553226,TSP7,spleen,T cell,Memory_CD4
ts_immune_all_0457,TSP7_Spleen_NA_10X_1_1_TATCAGGGTACAGCGA,92010,TSP7,spleen,T cell,Memory_CD4
ts_immune_all_0457,TSP7_Spleen_NA_10X_1_1_TCATGGAAGCCGCTTG,92198,TSP7,spleen,T cell,Memory_CD4
ts_immune_all_0457,TSP7_Spleen_NA_10X_1_1_AACCAACCAGAGGCAT,87924,TSP7,spleen,T cell,Memory_CD4
ts_immune_all_0457,TSP7_Spleen_NA_10X_2_1_GACCCTTCACACGGAA,552979,TSP7,spleen,T cell,Memory_CD4
ts_immune_all_0457,TSP7_Spleen_NA_10X_1_1_GCGATCGCACCAATTG,90928,TSP7,spleen,T cell,Memory_CD4
ts_immune_all_0457,TSP7_Spleen_NA_10X_1_1_GTGAGCCCACAAGCTT,91524,TSP7,spleen,T cell,Memory_CD4
ts_immune_all_0457,TSP7_Spleen_NA_10X_1_1_TCAAGACTCGTAACCA,92070,TSP7,spleen,T cell,Memory_CD4
ts_immune_all_0457,TSP7_Spleen_NA_10X_1_1_GGTGTCGCAAATGGTA,91287,TSP7,spleen,T cell,Memory_CD4
ts_immune_all_0457,TSP7_Spleen_NA_10X_1_1_CCAATGATCGACGCGT,89548,TSP7,spleen,T cell,Memory_CD4
ts_immune_all_0457,TSP7_Spleen_NA_10X_1_1_CATCGGGTCGAACGCC,89439,TSP7,spleen,T cell,Memory_CD4
ts_immune_all_0457,TSP7_Spleen_NA_10X_1_1_TTCCAATCACGCGCTA,93061,TSP7,spleen,T cell,Memory_CD4
ts_immune_all_0457,TSP7_Spleen_NA_10X_1_1_GAGTTACAGACCAACG,90666,TSP7,spleen,T cell,Memory_CD4
ts_immune_all_0457,TSP7_Spleen_NA_10X_1_1_TCCCAGTAGAGTATAC,92271,TSP7,spleen,T cell,Memory_CD4
ts_immune_all_0457,TSP7_Spleen_NA_10X_1_1_GCGGATCGTCGCCACA,90941,TSP7,spleen,T cell,Memory_CD4
ts_immune_all_0457,TSP7_Spleen_NA_10X_1_1_AGTGCCGTCGGCTTGG,88759,TSP7,spleen,T cell,Memory_CD4
ts_immune_all_0457,TSP7_Spleen_NA_10X_1_1_CTACTATCATTGGATC,90066,TSP7,spleen,T cell,Memory_CD4
ts_immune_all_0457,TSP7_Spleen_NA_10X_1_1_AGTTCCCGTGCCTGCA,88775,TSP7,spleen,T cell,Memory_CD4
ts_immune_all_0457,TSP7_Spleen_NA_10X_1_1_GCTGCAGTCATCTATC,90980,TSP7,spleen,T cell,Memory_CD4
ts_immune_all_0457,TSP7_Spleen_NA_10X_1_1_ACGATCATCAGGCGAA,88237,TSP7,spleen,T cell,Memory_CD4
ts_immune_all_0457,TSP7_Spleen_NA_10X_1_1_CTGCCATGTCTGGTTA,90289,TSP7,spleen,T cell,Memory_CD4
ts_immune_all_0457,TSP7_Spleen_NA_10X_1_1_GAAGCGATCGCGCTGA,90464,TSP7,spleen,T cell,Memory_CD4
ts_immune_all_0457,TSP7_Spleen_NA_10X_1_1_TATCGCCCACAGCCAC,92020,TSP7,spleen,T cell,Memory_CD4
ts_immune_all_0457,TSP7_Spleen_NA_10X_1_1_CTCAGGGTCGGCATTA,90140,TSP7,spleen,T cell,Memory_CD4
ts_immune_all_0457,TSP7_Spleen_NA_10X_1_1_CGTAATGGTCGGTGTC,89966,TSP7,spleen,T cell,Memory_CD4
ts_immune_all_0457,TSP7_Spleen_NA_10X_1_1_CCGATCTTCACGTAGT,89669,TSP7,spleen,T cell,Memory_CD4
ts_immune_all_0457,TSP7_Spleen_NA_10X_1_1_CAATACGGTATACAGA,89172,TSP7,spleen,T cell,Memory_CD4
ts_immune_all_0457,TSP7_Spleen_NA_10X_1_1_ACATCGACATTGACTG,88147,TSP7,spleen,T cell,Memory_CD4
ts_immune_all_0457,TSP7_Spleen_NA_10X_1_1_TGAGGTTTCCCTCTCC,92602,TSP7,spleen,T cell,Memory_CD4
ts_immune_all_0457,TSP7_Spleen_NA_10X_1_1_GACACGCTCTGAGTCA,90501,TSP7,spleen,T cell,Memory_CD4
ts_immune_all_0723,TSP14_SalivaryGland_Parotid_10X_1_1_TTAGGCATCGATTCCC,100170,TSP14,parotid gland,"CD4-positive, alpha-beta T cell",Memory_CD4
ts_immune_all_0723,TSP14_SalivaryGland_Parotid_10X_1_1_TCATGGATCTTTACAC,99605,TSP14,parotid gland,"CD4-positive, alpha-beta T cell",Memory_CD4
ts_immune_all_0723,TSP14_Salivary_parotid_SS2_B133794_B002623_Immune_A17,13752,TSP14,parotid gland,"CD4-positive, alpha-beta T cell",Memory_CD4
ts_immune_all_0723,TSP14_SalivaryGland_Parotid_10X_1_1_TGACGCGGTCAGTTTG,99860,TSP14,parotid gland,"CD4-positive, alpha-beta T cell",Memory_CD4
ts_immune_all_0723,TSP14_Salivary_parotid_SS2_B133794_B002623_Immune_B6,13751,TSP14,parotid gland,"CD4-positive, alpha-beta T cell",Memory_CD4
ts_immune_all_0723,TSP14_SalivaryGland_Parotid_10X_1_1_TCGGGCATCTCCTACG,99751,TSP14,parotid gland,"CD4-positive, alpha-beta T cell",Memory_CD4
ts_immune_all_0723,TSP14_SalivaryGland_Parotid_10X_1_1_TGTCCCAAGAGGACTC,100078,TSP14,parotid gland,"CD4-positive, alpha-beta T cell",Memory_CD4
ts_immune_all_0723,TSP14_Salivary_parotid_SS2_B133794_B002623_Immune_B14,13720,TSP14,parotid gland,"CD4-positive, alpha-beta T cell",Memory_CD4
ts_immune_all_0723,TSP14_Salivary_parotid_SS2_B133794_B002623_Immune_C22,13766,TSP14,parotid gland,"CD4-positive, alpha-beta T cell",Memory_CD4
ts_immune_all_0723,TSP14_Salivary_parotid_SS2_B133794_B002623_Immune_D18,13721,TSP14,parotid gland,"CD4-positive, alpha-beta T cell",Memory_CD4
ts_immune_all_0723,TSP14_SalivaryGland_Parotid_10X_1_1_CCTAACCAGCACCGTC,97874,TSP14,parotid gland,"CD4-positive, alpha-beta T cell",Memory_CD4
ts_immune_all_0723,TSP14_SalivaryGland_Parotid_10X_1_1_ATTCACTCAGATCACT,97347,TSP14,parotid gland,"CD4-positive, alpha-beta T cell",Memory_CD4
ts_immune_all_0723,TSP14_Salivary_parotid_SS2_B133793_D102109_Immune_A23,6102,TSP14,parotid gland,"CD4-positive, alpha-beta T cell",Memory_CD4
ts_immune_all_0723,TSP14_SalivaryGland_Parotid_10X_1_1_ACATGCAAGTCCCAAT,96687,TSP14,parotid gland,"CD4-positive, alpha-beta T cell",Memory_CD4
ts_immune_all_0723,TSP14_Salivary_parotid_SS2_B133794_B002623_Immune_D14,13725,TSP14,parotid gland,"CD4-positive, alpha-beta T cell",Memory_CD4
ts_immune_all_0723,TSP14_SalivaryGland_Parotid_10X_1_1_ATCACGAAGGTCACCC,97204,TSP14,parotid gland,"CD4-positive, alpha-beta T cell",Memory_CD4
ts_immune_all_0723,TSP14_Salivary_parotid_SS2_B133794_B002623_Immune_C10,13750,TSP14,parotid gland,"CD4-positive, alpha-beta T cell",Memory_CD4
ts_immune_all_0723,TSP14_SalivaryGland_Parotid_10X_1_1_CGATCGGCATTAAGCC,97988,TSP14,parotid gland,"CD4-positive, alpha-beta T cell",Memory_CD4
ts_immune_all_0723,TSP14_SalivaryGland_Parotid_10X_1_1_CAGGCCACAATAGGGC,97583,TSP14,parotid gland,"CD4-positive, alpha-beta T cell",Memory_CD4
ts_immune_all_0723,TSP14_Salivary_parotid_SS2_B133794_B002623_Immune_D4,13769,TSP14,parotid gland,"CD4-positive, alpha-beta T cell",Memory_CD4
ts_immune_all_0723,TSP14_SalivaryGland_Parotid_10X_1_1_TGTGAGTCAAATTGCC,100086,TSP14,parotid gland,"CD4-positive, alpha-beta T cell",Memory_CD4
ts_immune_all_0723,TSP14_SalivaryGland_Parotid_10X_1_1_TCGTGCTAGAAGTGTT,99767,TSP14,parotid gland,"CD4-positive, alpha-beta T cell",Memory_CD4
ts_immune_all_0723,TSP14_SalivaryGland_Parotid_10X_1_1_GACAGCCAGGTTATAG,98477,TSP14,parotid gland,"CD4-positive, alpha-beta T cell",Memory_CD4
ts_immune_all_0723,TSP14_SalivaryGland_Parotid_10X_1_1_CAACGATTCGCTTAAG,97420,TSP14,parotid gland,"CD4-positive, alpha-beta T cell",Memory_CD4
ts_immune_all_0723,TSP14_SalivaryGland_Parotid_10X_1_1_CTCTCAGTCTGGCCGA,98267,TSP14,parotid gland,"CD4-positive, alpha-beta T cell",Memory_CD4
ts_immune_all_0723,TSP14_SalivaryGland_Parotid_10X_1_1_GGCTGTGAGCGATGAC,98872,TSP14,parotid gland,"CD4-positive, alpha-beta T cell",Memory_CD4
ts_immune_all_0723,TSP14_SalivaryGland_Parotid_10X_1_1_CCTCCAAAGATTTGCC,97917,TSP14,parotid gland,"CD4-positive, alpha-beta T cell",Memory_CD4
ts_immune_all_0723,TSP14_Salivary_parotid_SS2_B133794_B002623_Immune_B11,13765,TSP14,parotid gland,"CD4-positive, alpha-beta T cell",Memory_CD4
ts_immune_all_0723,TSP14_SalivaryGland_Parotid_10X_1_1_TAACCAGTCTCGTCGT,99292,TSP14,parotid gland,"CD4-positive, alpha-beta T cell",Memory_CD4
ts_immune_all_0723,TSP14_Salivary_parotid_SS2_B133794_B002623_Immune_D22,13767,TSP14,parotid gland,"CD4-positive, alpha-beta T cell",Memory_CD4
ts_immune_all_0723,TSP14_SalivaryGland_Parotid_10X_1_1_TCCACGTAGGAGATAG,99627,TSP14,parotid gland,"CD4-positive, alpha-beta T cell",Memory_CD4
ts_immune_all_0723,TSP14_SalivaryGland_Parotid_10X_1_1_TTGCGTCCAGGGCTTC,100294,TSP14,parotid gland,"CD4-positive, alpha-beta T cell",Memory_CD4
ts_immune_all_0723,TSP14_SalivaryGland_Parotid_10X_1_1_CGTTAGACAACCGTAT,98107,TSP14,parotid gland,"CD4-positive, alpha-beta T cell",Memory_CD4
ts_immune_all_0723,TSP14_SalivaryGland_Parotid_10X_1_1_TTACTGTTCTCCCAAC,100165,TSP14,parotid gland,"CD4-positive, alpha-beta T cell",Memory_CD4
ts_immune_all_0723,TSP14_Salivary_parotid_SS2_B133794_B002623_Immune_A13,13712,TSP14,parotid gland,"CD4-positive, alpha-beta T cell",Memory_CD4
ts_immune_all_0723,TSP14_SalivaryGland_Parotid_10X_1_1_TCAATTCTCAGACATC,99514,TSP14,parotid gland,"CD4-positive, alpha-beta T cell",Memory_CD4
ts_immune_all_0723,TSP14_Salivary_parotid_SS2_B133794_B002623_Immune_C11,13738,TSP14,parotid gland,"CD4-positive, alpha-beta T cell",Memory_CD4
ts_immune_all_0723,TSP14_Salivary_parotid_SS2_B133794_B002623_Immune_C21,13764,TSP14,parotid gland,"CD4-positive, alpha-beta T cell",Memory_CD4
ts_immune_all_0723,TSP14_SalivaryGland_Parotid_10X_1_1_CATGCCTTCACCTACC,97675,TSP14,parotid gland,"CD4-positive, alpha-beta T cell",Memory_CD4
ts_immune_all_0723,TSP14_Salivary_parotid_SS2_B133794_B002623_Immune_D21,13759,TSP14,parotid gland,"CD4-positive, alpha-beta T cell",Memory_CD4
ts_immune_all_0723,TSP14_SalivaryGland_Parotid_10X_1_1_TCCTTTCGTAGCTCGC,99696,TSP14,parotid gland,"CD4-positive, alpha-beta T cell",Memory_CD4
ts_immune_all_0723,TSP14_SalivaryGland_Parotid_10X_1_1_ACATGCAAGGCCCGTT,96685,TSP14,parotid gland,"CD4-positive, alpha-beta T cell",Memory_CD4
ts_immune_all_0723,TSP14_SalivaryGland_Parotid_10X_1_1_TTCGCTGCAATTGCGT,100240,TSP14,parotid gland,"CD4-positive, alpha-beta T cell",Memory_CD4
ts_immune_all_0723,TSP14_Salivary_parotid_SS2_B133794_B002623_Immune_C12,13774,TSP14,parotid gland,"CD4-positive, alpha-beta T cell",Memory_CD4
ts_immune_all_0723,TSP14_SalivaryGland_Parotid_10X_1_1_GTTATGGGTGGCTCTG,99243,TSP14,parotid gland,"CD4-positive, alpha-beta T cell",Memory_CD4
ts_immune_all_0723,TSP14_SalivaryGland_Parotid_10X_1_1_TCAGTCCAGTATCTGC,99563,TSP14,parotid gland,"CD4-positive, alpha-beta T cell",Memory_CD4
ts_immune_all_0723,TSP14_SalivaryGland_Parotid_10X_1_1_CTCCTTTCAAGTGGAC,98252,TSP14,parotid gland,"CD4-positive, alpha-beta T cell",Memory_CD4
ts_immune_all_0723,TSP14_SalivaryGland_Parotid_10X_1_1_CCTCTCCTCCAGCACG,97933,TSP14,parotid gland,"CD4-positive, alpha-beta T cell",Memory_CD4
ts_immune_all_0723,TSP14_SalivaryGland_Parotid_10X_1_1_ATGAGTCGTTAACAGA,97285,TSP14,parotid gland,"CD4-positive, alpha-beta T cell",Memory_CD4
ts_immune_all_0723,TSP14_SalivaryGland_Parotid_10X_1_1_TAACACGTCACTGCTC,99284,TSP14,parotid gland,"CD4-positive, alpha-beta T cell",Memory_CD4
ts_immune_all_0640,TSP14_LI_Distal_10X_1_1_CCGTTCAGTTGGCCGT,135561,TSP14,large intestine,mast cell,Mast
ts_immune_all_0640,TSP14_LI_Distal_10X_1_1_TTACCATGTATGTCTG,138051,TSP14,large intestine,mast cell,Mast
ts_immune_all_0640,TSP14_LI_Proximal_10X_1_1_TTCCTAAGTTGCATTG,488470,TSP14,large intestine,mast cell,Mast
ts_immune_all_0640,TSP14_LI_Proximal_10X_1_1_GTGCTGGCATCCTAAG,487942,TSP14,large intestine,mast cell,Mast
ts_immune_all_0640,TSP14_LI_Distal_10X_1_1_TCACTATTCTAGTGAC,137407,TSP14,large intestine,mast cell,Mast
ts_immune_all_0640,TSP14_LI_Proximal_10X_1_1_GATGTTGGTACTCGAT,487655,TSP14,large intestine,mast cell,Mast
ts_immune_all_0640,TSP14_LI_Proximal_10X_1_1_TGCGATAAGATTCGCT,488346,TSP14,large intestine,mast cell,Mast
ts_immune_all_0640,TSP14_LI_Distal_10X_1_1_ATCGTCCAGACCATGG,134947,TSP14,large intestine,mast cell,Mast
ts_immune_all_0640,TSP14_LI_Distal_10X_1_1_TAGATCGGTATAATGG,137268,TSP14,large intestine,mast cell,Mast
ts_immune_all_0640,TSP14_LI_Distal_10X_1_1_AGTCATGAGCTCGACC,134801,TSP14,large intestine,mast cell,Mast
ts_immune_all_0640,TSP14_LI_Distal_10X_1_1_CCTCAGTGTGGACAGT,135595,TSP14,large intestine,mast cell,Mast
ts_immune_all_0640,TSP14_LI_Distal_10X_1_1_CCACCATTCGCGGACT,135466,TSP14,large intestine,mast cell,Mast
ts_immune_all_0640,TSP14_LI_Distal_10X_1_1_AAGGTAACACCGCTGA,134235,TSP14,large intestine,mast cell,Mast
ts_immune_all_0640,TSP14_LI_Proximal_10X_1_1_GTAGAGGAGATTCGCT,487880,TSP14,large intestine,mast cell,Mast
ts_immune_all_0640,TSP14_LI_Distal_10X_1_1_GGGCTCAGTGGTATGG,136706,TSP14,large intestine,mast cell,Mast
ts_immune_all_0640,TSP14_LI_Proximal_10X_1_1_GGGTAGACACTTGTGA,487825,TSP14,large intestine,mast cell,Mast
ts_immune_all_0640,TSP14_LI_Distal_10X_1_1_GCCCAGAGTGTTAAAG,136517,TSP14,large intestine,mast cell,Mast
ts_immune_all_0640,TSP14_LI_Distal_10X_1_1_GGCTTTCGTTGCATTG,136655,TSP14,large intestine,mast cell,Mast
ts_immune_all_0640,TSP14_LI_Distal_10X_1_1_CAACGGCAGAGGCTGT,135143,TSP14,large intestine,mast cell,Mast
ts_immune_all_0640,TSP14_LI_Distal_10X_1_1_CAGCGTGAGACTCATC,135284,TSP14,large intestine,mast cell,Mast
ts_immune_all_0640,TSP14_LI_Distal_10X_1_1_GTGGGAAAGTATGACA,137016,TSP14,large intestine,mast cell,Mast
ts_immune_all_0640,TSP14_LI_Distal_10X_1_1_CTACATTAGATGAATC,135836,TSP14,large intestine,mast cell,Mast
ts_immune_all_0640,TSP14_LI_Distal_10X_1_1_CGAATTGGTTACCGTA,135653,TSP14,large intestine,mast cell,Mast
ts_immune_all_0640,TSP14_LI_Proximal_10X_1_1_TCATTTGCAACCGCTG,488184,TSP14,large intestine,mast cell,Mast
ts_immune_all_0640,TSP14_LI_distal_SS2_B134608_D101534_Stromal_O5,11911,TSP14,large intestine,mast cell,Mast
ts_immune_all_0640,TSP14_LI_Proximal_10X_1_1_AAGCGTTGTTCTCAGA,486623,TSP14,large intestine,mast cell,Mast
ts_immune_all_0640,TSP14_LI_Distal_10X_1_1_CCATCACGTAGCGATG,135484,TSP14,large intestine,mast cell,Mast
ts_immune_all_0640,TSP14_LI_Proximal_10X_1_1_TTTCACAGTCGTCGGT,488553,TSP14,large intestine,mast cell,Mast
ts_immune_all_0640,TSP14_LI_Proximal_10X_1_1_CCAAGCGTCCTACCAC,487213,TSP14,large intestine,mast cell,Mast
ts_immune_all_0640,TSP14_LI_Distal_10X_1_1_TGTAGACAGCCTATTG,137968,TSP14,large intestine,mast cell,Mast
ts_immune_all_0640,TSP14_LI_Distal_10X_1_1_AAGCATCAGGGCAGAG,134209,TSP14,large intestine,mast cell,Mast
ts_immune_all_0640,TSP14_LI_Distal_10X_1_1_TGCGACGCAGCTATTG,137841,TSP14,large intestine,mast cell,Mast
ts_immune_all_0640,TSP14_LI_Distal_10X_1_1_AACAAAGAGGTGGTTG,134139,TSP14,large intestine,mast cell,Mast
ts_immune_all_0640,TSP14_LI_Distal_10X_1_1_TCTTAGTAGCATTGAA,137692,TSP14,large intestine,mast cell,Mast
ts_immune_all_0640,TSP14_LI_Distal_10X_1_1_TCCTTTCTCTGGACTA,137568,TSP14,large intestine,mast cell,Mast
ts_immune_all_0640,TSP14_LI_Distal_10X_1_1_ATCGGCGCAGTTCACA,134941,TSP14,large intestine,mast cell,Mast
ts_immune_all_0640,TSP14_LI_Proximal_10X_1_1_CACACAAAGGCTAAAT,487086,TSP14,large intestine,mast cell,Mast
ts_immune_all_0640,TSP14_LI_Distal_10X_1_1_ATAGGCTTCTGTTCAT,134871,TSP14,large intestine,mast cell,Mast
ts_immune_all_0640,TSP14_LI_Distal_10X_1_1_CATGAGTAGACCACGA,135376,TSP14,large intestine,mast cell,Mast
ts_immune_all_0640,TSP14_LI_Distal_10X_1_1_CTAACCCGTACATTGC,135825,TSP14,large intestine,mast cell,Mast
ts_immune_all_0640,TSP14_LI_Distal_10X_1_1_ATCGATGGTCGGTGTC,134922,TSP14,large intestine,mast cell,Mast
ts_immune_all_0640,TSP14_LI_Distal_10X_1_1_CTCAACCGTAGAGGAA,135897,TSP14,large intestine,mast cell,Mast
ts_immune_all_0640,TSP14_LI_Distal_10X_1_1_TGATTCTAGTAAATGC,137798,TSP14,large intestine,mast cell,Mast
ts_immune_all_0640,TSP14_LI_Proximal_10X_1_1_AGTGCCGAGTACGAGC,486906,TSP14,large intestine,mast cell,Mast
ts_immune_all_0640,TSP14_LI_Distal_10X_1_1_GGAACCCTCGATACTG,136587,TSP14,large intestine,mast cell,Mast
ts_immune_all_0640,TSP14_LI_Proximal_10X_1_1_GGTAATCCACCCTATC,487840,TSP14,large intestine,mast cell,Mast
ts_immune_all_0640,TSP14_LI_Distal_10X_1_1_AGTGCCGGTAGGCTGA,134821,TSP14,large intestine,mast cell,Mast
ts_immune_all_0640,TSP14_LI_Distal_10X_1_1_TACGGGCAGGAACTCG,137211,TSP14,large intestine,mast cell,Mast
ts_immune_all_0640,TSP14_LI_Distal_10X_1_1_AGGTAGGCACACCGAC,134741,TSP14,large intestine,mast cell,Mast
ts_immune_all_0640,TSP14_LI_Proximal_10X_1_1_GAAGCCCAGCCGGAAT,487560,TSP14,large intestine,mast cell,Mast
ts_immune_all_0589,TSP11_BoneMarrow_NA_10X_1_1_LinDepleted_ACTTGTTTCTGATACG,504577,TSP11,bone marrow,B cell,Naive_B
ts_immune_all_0589,TSP11_BoneMarrow_NA_10X_1_1_LinEnriched_TATCAGGAGCTAAGAT,573125,TSP11,bone marrow,B cell,Naive_B
ts_immune_all_0589,TSP11_BM_NA_SS2_B134009_B003956_LinNegMarrow_O2,3986,TSP11,bone marrow,B cell,Naive_B
ts_immune_all_0589,TSP11_BoneMarrow_NA_10X_1_1_LinEnriched_CTGATAGAGGCTCATT,572784,TSP11,bone marrow,B cell,Naive_B
ts_immune_all_0589,TSP11_BM_NA_SS2_B133711_B003959_Leukocyte_D8,19435,TSP11,bone marrow,B cell,Naive_B
ts_immune_all_0589,TSP11_BoneMarrow_NA_10X_1_1_LinDepleted_ACGATGTGTTAAGACA,504569,TSP11,bone marrow,B cell,Naive_B
ts_immune_all_0589,TSP11_BoneMarrow_NA_10X_1_1_LinEnriched_TCTTCGGCATCCTTGC,573194,TSP11,bone marrow,B cell,Naive_B
ts_immune_all_0589,TSP11_BoneMarrow_NA_10X_1_1_LinDepleted_CTCTACGAGGCACATG,504757,TSP11,bone marrow,B cell,Naive_B
ts_immune_all_0589,TSP11_BoneMarrow_NA_10X_1_1_LinEnriched_CTCGTCAGTTATCGGT,572772,TSP11,bone marrow,B cell,Naive_B
ts_immune_all_0589,TSP11_BM_NA_SS2_B134009_B003956_LinNegMarrow_J4,4072,TSP11,bone marrow,B cell,Naive_B
ts_immune_all_0589,TSP11_BoneMarrow_NA_10X_1_1_LinEnriched_CATCAGAAGCTAGGCA,572556,TSP11,bone marrow,B cell,Naive_B
ts_immune_all_0589,TSP11_BoneMarrow_NA_10X_1_1_LinEnriched_CATATGGTCATCGGAT,572548,TSP11,bone marrow,B cell,Naive_B
ts_immune_all_0589,TSP11_BM_NA_SS2_B133711_B003959_Leukocyte_C3,19308,TSP11,bone marrow,B cell,Naive_B
ts_immune_all_0589,TSP11_BoneMarrow_NA_10X_1_1_LinEnriched_CCAATCCTCGCATGGC,572580,TSP11,bone marrow,B cell,Naive_B
ts_immune_all_0589,TSP11_BoneMarrow_NA_10X_1_1_LinEnriched_AATCGGTCATGGGAAC,572294,TSP11,bone marrow,B cell,Naive_B
ts_immune_all_0589,TSP11_BoneMarrow_NA_10X_1_1_LinEnriched_GCCTCTATCTCTTATG,572906,TSP11,bone marrow,B cell,Naive_B
ts_immune_all_0589,TSP11_BoneMarrow_NA_10X_1_1_LinEnriched_CACCTTGGTCTGGTCG,572522,TSP11,bone marrow,B cell,Naive_B
ts_immune_all_0589,TSP11_BoneMarrow_NA_10X_1_1_LinDepleted_ACACCCTGTTCTCATT,504552,TSP11,bone marrow,B cell,Naive_B
ts_immune_all_0589,TSP11_BM_NA_SS2_B133711_B003959_Leukocyte_H15,19429,TSP11,bone marrow,B cell,Naive_B
ts_immune_all_0589,TSP11_BoneMarrow_NA_10X_1_1_LinDepleted_TCATTACTCGCAAACT,504942,TSP11,bone marrow,B cell,Naive_B
ts_immune_all_0589,TSP11_BoneMarrow_NA_10X_1_1_LinEnriched_CCTCAGTAGCCAGGAT,572632,TSP11,bone marrow,B cell,Naive_B
ts_immune_all_0589,TSP11_BM_NA_SS2_B133711_B003959_Leukocyte_G12,19335,TSP11,bone marrow,B cell,Naive_B
ts_immune_all_0589,TSP11_BM_NA_SS2_B134009_B003956_LinNegMarrow_H6,3944,TSP11,bone marrow,B cell,Naive_B
ts_immune_all_0589,TSP11_BoneMarrow_NA_10X_1_1_LinEnriched_CACAGTACAGACGCCT,572505,TSP11,bone marrow,B cell,Naive_B
ts_immune_all_0589,TSP11_BoneMarrow_NA_10X_1_1_LinDepleted_CCTATTACAGCCTATA,504702,TSP11,bone marrow,B cell,Naive_B
ts_immune_all_0589,TSP11_BoneMarrow_NA_10X_1_1_LinEnriched_GACGTTATCCGGCACA,572843,TSP11,bone marrow,B cell,Naive_B
ts_immune_all_0589,TSP11_BoneMarrow_NA_10X_1_1_LinEnriched_GTGGGTCCATGGATGG,573065,TSP11,bone marrow,B cell,Naive_B
ts_immune_all_0589,TSP11_BoneMarrow_NA_10X_1_1_LinEnriched_CCAGCGATCTGGTATG,572591,TSP11,bone marrow,B cell,Naive_B
ts_immune_all_0589,TSP11_BoneMarrow_NA_10X_1_1_LinEnriched_TGCACCTAGACTTTCG,573230,TSP11,bone marrow,B cell,Naive_B
ts_immune_all_0589,TSP11_BoneMarrow_NA_10X_1_1_LinEnriched_ATCATGGAGTACATGA,572430,TSP11,bone marrow,B cell,Naive_B
ts_immune_all_0589,TSP11_BoneMarrow_NA_10X_1_1_LinDepleted_CGAATGTGTATCGCAT,504709,TSP11,bone marrow,B cell,Naive_B
ts_immune_all_0589,TSP11_BM_NA_SS2_B134009_B003956_LinNegMarrow_G1,4088,TSP11,bone marrow,B cell,Naive_B
ts_immune_all_0589,TSP11_BoneMarrow_NA_10X_1_1_LinEnriched_TCTTCGGGTCGCGGTT,573195,TSP11,bone marrow,B cell,Naive_B
ts_immune_all_0589,TSP11_BoneMarrow_NA_10X_1_1_LinEnriched_ATAACGCTCCAGAAGG,572418,TSP11,bone marrow,B cell,Naive_B
ts_immune_all_0589,TSP11_BoneMarrow_NA_10X_1_1_LinDepleted_CTACATTCACCTCGGA,504741,TSP11,bone marrow,B cell,Naive_B
ts_immune_all_0589,TSP11_BoneMarrow_NA_10X_1_1_LinEnriched_GTATTCTTCTACGAGT,573032,TSP11,bone marrow,B cell,Naive_B
ts_immune_all_0589,TSP11_BoneMarrow_NA_10X_1_1_LinEnriched_CCTAAAGCAGGGAGAG,572621,TSP11,bone marrow,B cell,Naive_B
ts_immune_all_0589,TSP11_BoneMarrow_NA_10X_1_1_LinDepleted_CAGAGAGGTCCCTACT,504662,TSP11,bone marrow,B cell,Naive_B
ts_immune_all_0589,TSP11_BoneMarrow_NA_10X_1_1_LinEnriched_GGAATAACAACGATCT,572945,TSP11,bone marrow,B cell,Naive_B
ts_immune_all_0589,TSP11_BoneMarrow_NA_10X_1_1_LinEnriched_GATGAGGTCAATCACG,572877,TSP11,bone marrow,B cell,Naive_B
ts_immune_all_0589,TSP11_BM_NA_SS2_B134009_B003956_LinNegMarrow_D6,3990,TSP11,bone marrow,B cell,Naive_B
ts_immune_all_0589,TSP11_BoneMarrow_NA_10X_1_1_LinEnriched_TTCCCAGGTGATAAAC,573284,TSP11,bone marrow,B cell,Naive_B
ts_immune_all_0589,TSP11_BoneMarrow_NA_10X_1_1_LinDepleted_GACTACATCACGGTTA,504789,TSP11,bone marrow,B cell,Naive_B
ts_immune_all_0589,TSP11_BoneMarrow_NA_10X_1_1_LinEnriched_CTAATGGTCGACAGCC,572732,TSP11,bone marrow,B cell,Naive_B
ts_immune_all_0589,TSP11_BoneMarrow_NA_10X_1_1_LinEnriched_CGGTTAAGTCTGGAGA,572703,TSP11,bone marrow,B cell,Naive_B
ts_immune_all_0589,TSP11_BoneMarrow_NA_10X_1_1_LinEnriched_ATCCACCTCTGTTTGT,572434,TSP11,bone marrow,B cell,Naive_B
ts_immune_all_0589,TSP11_BM_NA_SS2_B133711_B003959_Leukocyte_H7,19342,TSP11,bone marrow,B cell,Naive_B
ts_immune_all_0589,TSP11_BoneMarrow_NA_10X_1_1_LinEnriched_CTCGTACGTTGAGTTC,572770,TSP11,bone marrow,B cell,Naive_B
ts_immune_all_0589,TSP11_BoneMarrow_NA_10X_1_1_LinEnriched_GGATTACAGAATCTCC,572965,TSP11,bone marrow,B cell,Naive_B
ts_immune_all_0589,TSP11_BM_NA_SS2_B133715_B003958_Leukocyte_K17,12172,TSP11,bone marrow,B cell,Naive_B
ts_immune_all_1523,TSP26_LI_ColonSigmoid_10X3primev31_1_1_TTAATCCCAAAGGATT,289247,TSP26,sigmoid colon,B cell,Naive_B
ts_immune_all_1523,TSP26_LI_ColonSigmoid_10X3primev31_1_1_AGATGAAAGATGACCG,287901,TSP26,sigmoid colon,B cell,Naive_B
ts_immune_all_1523,TSP26_LI_ColonSigmoid_10X3primev31_1_1_CAATCGAAGCAAATCA,288095,TSP26,sigmoid colon,B cell,Naive_B
ts_immune_all_1523,TSP26_LI_ColonSigmoid_10X3primev31_1_1_GTGCACGCACATCATG,288823,TSP26,sigmoid colon,B cell,Naive_B
ts_immune_all_1523,TSP26_LI_ColonSigmoid_10X3primev31_1_1_TTCCAATTCAATCTTC,289281,TSP26,sigmoid colon,B cell,Naive_B
ts_immune_all_1523,TSP26_LI_ColonSigmoid_10X3primev31_1_1_AGCTTCCGTGTCCGGT,287923,TSP26,sigmoid colon,B cell,Naive_B
ts_immune_all_1523,TSP26_LI_ColonSigmoid_10X3primev31_1_1_ACCAAACCAGGACAGT,287796,TSP26,sigmoid colon,B cell,Naive_B
ts_immune_all_1523,TSP26_LI_ColonSigmoid_10X3primev31_1_1_GTTACAGTCGCCAGAC,288852,TSP26,sigmoid colon,B cell,Naive_B
ts_immune_all_1523,TSP26_LI_ColonSigmoid_10X3primev31_1_1_CACAGATGTGTGAGCA,288107,TSP26,sigmoid colon,B cell,Naive_B
ts_immune_all_1523,TSP26_LI_ColonSigmoid_10X3primev31_1_1_GGTAACTAGAACCCGA,288727,TSP26,sigmoid colon,B cell,Naive_B
ts_immune_all_1523,TSP26_LI_ColonSigmoid_10X3primev31_1_1_AGGTAGGTCGAGATAA,287954,TSP26,sigmoid colon,B cell,Naive_B
ts_immune_all_1523,TSP26_LI_ColonSigmoid_10X3primev31_1_1_GAGGCCTAGCTCACTA,288553,TSP26,sigmoid colon,B cell,Naive_B
ts_immune_all_1523,TSP26_LI_ColonSigmoid_10X3primev31_1_1_GAAGCGAAGAATTCAG,288502,TSP26,sigmoid colon,B cell,Naive_B
ts_immune_all_1523,TSP26_LI_ColonSigmoid_10X3primev31_1_1_GCATCTCCAGAGTCTT,288616,TSP26,sigmoid colon,B cell,Naive_B
ts_immune_all_1523,TSP26_LI_ColonSigmoid_10X3primev31_1_1_GACTCAAAGGCCACTC,288535,TSP26,sigmoid colon,B cell,Naive_B
ts_immune_all_1523,TSP26_LI_ColonSigmoid_10X3primev31_1_1_TTTACCACAGCTACTA,289355,TSP26,sigmoid colon,B cell,Naive_B
ts_immune_all_1523,TSP26_LI_ColonSigmoid_10X3primev31_1_1_CCTCAACAGAGAGCAA,288295,TSP26,sigmoid colon,B cell,Naive_B
ts_immune_all_1523,TSP26_LI_ColonSigmoid_10X3primev31_1_1_AATGGCTCATCTCGTC,287764,TSP26,sigmoid colon,B cell,Naive_B
ts_immune_all_1523,TSP26_LI_ColonSigmoid_10X3primev31_1_1_CAGGCCATCAAAGGTA,288159,TSP26,sigmoid colon,B cell,Naive_B
ts_immune_all_1523,TSP26_LI_ColonSigmoid_10X3primev31_1_1_GATGACTAGTCCCGAC,288584,TSP26,sigmoid colon,B cell,Naive_B
ts_immune_all_1523,TSP26_LI_ColonSigmoid_10X3primev31_1_1_AGTTCGATCCCATTCG,287991,TSP26,sigmoid colon,B cell,Naive_B
ts_immune_all_1523,TSP26_LI_ColonSigmoid_10X3primev31_1_1_CATGCGGCACTCCTGT,288196,TSP26,sigmoid colon,B cell,Naive_B
ts_immune_all_1523,TSP26_LI_ColonSigmoid_10X3primev31_1_1_ACGTCCTAGCCTGACC,287837,TSP26,sigmoid colon,B cell,Naive_B
ts_immune_all_1523,TSP26_LI_ColonSigmoid_10X3primev31_1_1_CCGAACGGTCGTATGT,288260,TSP26,sigmoid colon,B cell,Naive_B
ts_immune_all_1523,TSP26_LI_ColonSigmoid_10X3primev31_1_1_TTTGACTAGCACGGAT,289371,TSP26,sigmoid colon,B cell,Naive_B
ts_immune_all_1523,TSP26_LI_ColonSigmoid_10X3primev31_1_1_ACTATTCGTCTGCGCA,287848,TSP26,sigmoid colon,B cell,Naive_B
ts_immune_all_1523,TSP26_LI_ColonSigmoid_10X3primev31_1_1_TGCATCCCAATATCCG,289164,TSP26,sigmoid colon,B cell,Naive_B
ts_immune_all_1523,TSP26_LI_ColonSigmoid_10X3primev31_1_1_AACGTCAAGGTTAGTA,287719,TSP26,sigmoid colon,B cell,Naive_B
ts_immune_all_1523,TSP26_LI_ColonSigmoid_10X3primev31_1_1_AGTCTCCGTGCCCAGT,287978,TSP26,sigmoid colon,B cell,Naive_B
ts_immune_all_1523,TSP26_LI_ColonSigmoid_10X3primev31_1_1_TTGAACGGTCATCCGG,289311,TSP26,sigmoid colon,B cell,Naive_B
ts_immune_all_1523,TSP26_LI_ColonSigmoid_10X3primev31_1_1_TCCTGCACAAGACCGA,289054,TSP26,sigmoid colon,B cell,Naive_B
ts_immune_all_1523,TSP26_LI_ColonSigmoid_10X3primev31_1_1_CGTTGGGGTGCAGATG,288381,TSP26,sigmoid colon,B cell,Naive_B
ts_immune_all_1523,TSP26_LI_ColonSigmoid_10X3primev31_1_1_CATCCACTCGCTCTCA,288180,TSP26,sigmoid colon,B cell,Naive_B
ts_immune_all_1523,TSP26_LI_ColonSigmoid_10X3primev31_1_1_TGAGTCATCACAAGGG,289138,TSP26,sigmoid colon,B cell,Naive_B
ts_immune_all_1523,TSP26_LI_ColonSigmoid_10X3primev31_1_1_TGGGCTGAGCAGCAGT,289201,TSP26,sigmoid colon,B cell,Naive_B
ts_immune_all_1523,TSP26_LI_ColonSigmoid_10X3primev31_1_1_GAGAGGTTCTCGCAGG,288549,TSP26,sigmoid colon,B cell,Naive_B
ts_immune_all_1523,TSP26_LI_ColonSigmoid_10X3primev31_1_1_CGTTAGACACTTGTCC,288374,TSP26,sigmoid colon,B cell,Naive_B
ts_immune_all_1523,TSP26_LI_ColonSigmoid_10X3primev31_1_1_TGCATCCTCTAATTCC,289167,TSP26,sigmoid colon,B cell,Naive_B
ts_immune_all_1523,TSP26_LI_ColonSigmoid_10X3primev31_1_1_CGGGCATGTGTAGCAG,288364,TSP26,sigmoid colon,B cell,Naive_B
ts_immune_all_1523,TSP26_LI_ColonSigmoid_10X3primev31_1_1_GGGATCCTCTCCTACG,288712,TSP26,sigmoid colon,B cell,Naive_B
ts_immune_all_1523,TSP26_LI_ColonSigmoid_10X3primev31_1_1_AACGTCATCGTCTACC,287722,TSP26,sigmoid colon,B cell,Naive_B
ts_immune_all_1523,TSP26_LI_ColonSigmoid_10X3primev31_1_1_CTCAGGGGTATAGGGC,288416,TSP26,sigmoid colon,B cell,Naive_B
ts_immune_all_1523,TSP26_LI_ColonSigmoid_10X3primev31_1_1_CCCTCAACATGAGATA,288249,TSP26,sigmoid colon,B cell,Naive_B
ts_immune_all_1523,TSP26_LI_ColonSigmoid_10X3primev31_1_1_TGCTTCGGTTGGAGGT,289183,TSP26,sigmoid colon,B cell,Naive_B
ts_immune_all_1523,TSP26_LI_ColonSigmoid_10X3primev31_1_1_AACACACGTGTTTACG,287702,TSP26,sigmoid colon,B cell,Naive_B
ts_immune_all_1523,TSP26_LI_ColonSigmoid_10X3primev31_1_1_GGGAGATGTTAGCGGA,288708,TSP26,sigmoid colon,B cell,Naive_B
ts_immune_all_1523,TSP26_LI_ColonSigmoid_10X3primev31_1_1_CTTGAGAGTGACGTCC,288488,TSP26,sigmoid colon,B cell,Naive_B
ts_immune_all_1523,TSP26_LI_ColonSigmoid_10X3primev31_1_1_AAGGTAATCATCGTAG,287747,TSP26,sigmoid colon,B cell,Naive_B
ts_immune_all_1523,TSP26_LI_ColonSigmoid_10X3primev31_1_1_AGAGAGCTCCAATCCC,287894,TSP26,sigmoid colon,B cell,Naive_B
ts_immune_all_1523,TSP26_LI_ColonSigmoid_10X3primev31_1_1_GAGTTGTCACTAACGT,288569,TSP26,sigmoid colon,B cell,Naive_B
ts_immune_all_0363,TSP6_Liver_NA_SS2_L144742_B133819_Hepatocyte_H8,2052,TSP6,liver,myeloid dendritic cell,Dendritic
ts_immune_all_0363,TSP6_Liver_NA_SS2_L144744_B133819_Hepatocyte_B7,17258,TSP6,liver,myeloid dendritic cell,Dendritic
ts_immune_all_0363,TSP6_Liver_NA_SS2_L144744_B133819_Hepatocyte_H10,17259,TSP6,liver,myeloid dendritic cell,Dendritic
ts_immune_all_0363,TSP6_Liver_NA_10X_1_1_AAAGAACGTAGCACAG,163149,TSP6,liver,myeloid dendritic cell,Dendritic
ts_immune_all_0363,TSP6_Liver_NA_10X_1_1_AAAGGTATCTCGCTTG,163160,TSP6,liver,myeloid dendritic cell,Dendritic
ts_immune_all_0363,TSP6_Liver_NA_10X_1_1_AAGTTCGTCCTCAGGG,163239,TSP6,liver,myeloid dendritic cell,Dendritic
ts_immune_all_0363,TSP6_Liver_NA_10X_1_1_ACGTTCCCACGTAACT,163342,TSP6,liver,myeloid dendritic cell,Dendritic
ts_immune_all_0363,TSP6_Liver_NA_10X_1_1_ACTTCGCTCTCGACGG,163376,TSP6,liver,myeloid dendritic cell,Dendritic
ts_immune_all_0363,TSP6_Liver_NA_10X_1_1_AGAAATGCATCGGCCA,163381,TSP6,liver,myeloid dendritic cell,Dendritic
ts_immune_all_0363,TSP6_Liver_NA_10X_1_1_AGTAGCTCAGTGTACT,163516,TSP6,liver,myeloid dendritic cell,Dendritic
ts_immune_all_0363,TSP6_Liver_NA_10X_1_1_ATGCCTCGTTTATGCG,163613,TSP6,liver,myeloid dendritic cell,Dendritic
ts_immune_all_0363,TSP6_Liver_NA_10X_1_1_CACAACAGTATGTGTC,163707,TSP6,liver,myeloid dendritic cell,Dendritic
ts_immune_all_0363,TSP6_Liver_NA_10X_1_1_CAGATACCAGGTGTTT,163748,TSP6,liver,myeloid dendritic cell,Dendritic
ts_immune_all_0363,TSP6_Liver_NA_10X_1_1_CAGGCCATCACACGAT,163768,TSP6,liver,myeloid dendritic cell,Dendritic
ts_immune_all_0363,TSP6_Liver_NA_10X_1_1_CATCCGTCACTGAATC,163808,TSP6,liver,myeloid dendritic cell,Dendritic
ts_immune_all_0363,TSP6_Liver_NA_10X_1_1_CCCATTGCAAGCTACT,163893,TSP6,liver,myeloid dendritic cell,Dendritic
ts_immune_all_0363,TSP6_Liver_NA_10X_1_1_CGTAAGTCACTTGAAC,164039,TSP6,liver,myeloid dendritic cell,Dendritic
ts_immune_all_0363,TSP6_Liver_NA_10X_1_1_CGTAATGGTGTGTGGA,164044,TSP6,liver,myeloid dendritic cell,Dendritic
ts_immune_all_0363,TSP6_Liver_NA_10X_1_1_CTCAACCGTAACATGA,164102,TSP6,liver,myeloid dendritic cell,Dendritic
ts_immune_all_0363,TSP6_Liver_NA_10X_1_1_GAAACCTTCACCGACG,164218,TSP6,liver,myeloid dendritic cell,Dendritic
ts_immune_all_0363,TSP6_Liver_NA_10X_1_1_GAAATGACAAGATGGC,164220,TSP6,liver,myeloid dendritic cell,Dendritic
ts_immune_all_0363,TSP6_Liver_NA_10X_1_1_GAAGGACAGCAGCAGT,164236,TSP6,liver,myeloid dendritic cell,Dendritic
ts_immune_all_0363,TSP6_Liver_NA_10X_1_1_GAATCACCACTAACGT,164250,TSP6,liver,myeloid dendritic cell,Dendritic
ts_immune_all_0363,TSP6_Liver_NA_10X_1_1_GAGACCCCACTCGATA,164283,TSP6,liver,myeloid dendritic cell,Dendritic
ts_immune_all_0363,TSP6_Liver_NA_10X_1_1_GAGCTGCTCTGTCCCA,164297,TSP6,liver,myeloid dendritic cell,Dendritic
ts_immune_all_0363,TSP6_Liver_NA_10X_1_1_GATGAGGTCCGCAGTG,164341,TSP6,liver,myeloid dendritic cell,Dendritic
ts_immune_all_0363,TSP6_Liver_NA_10X_1_1_GCTTTCGTCATCTACT,164434,TSP6,liver,myeloid dendritic cell,Dendritic
ts_immune_all_0363,TSP6_Liver_NA_10X_1_1_GGTCACGTCATGAGGG,164522,TSP6,liver,myeloid dendritic cell,Dendritic
ts_immune_all_0363,TSP6_Liver_NA_10X_1_1_GTCTCACAGCACTCTA,164609,TSP6,liver,myeloid dendritic cell,Dendritic
ts_immune_all_0363,TSP6_Liver_NA_10X_1_1_TAACACGCACCCGTAG,164690,TSP6,liver,myeloid dendritic cell,Dendritic
ts_immune_all_0363,TSP6_Liver_NA_10X_1_1_TACAACGGTAGCGATG,164716,TSP6,liver,myeloid dendritic cell,Dendritic
ts_immune_all_0363,TSP6_Liver_NA_10X_1_1_TCATGAGAGACATAGT,164860,TSP6,liver,myeloid dendritic cell,Dendritic
ts_immune_all_0363,TSP6_Liver_NA_10X_1_1_TCCATCGCACCGAATT,164894,TSP6,liver,myeloid dendritic cell,Dendritic
ts_immune_all_0363,TSP6_Liver_NA_10X_1_1_TCGATTTTCGCAAGAG,164937,TSP6,liver,myeloid dendritic cell,Dendritic
ts_immune_all_0363,TSP6_Liver_NA_10X_1_1_TCTGTCGGTACGTTCA,164991,TSP6,liver,myeloid dendritic cell,Dendritic
ts_immune_all_0363,TSP6_Liver_NA_10X_1_1_TCTTTGACATACATCG,165000,TSP6,liver,myeloid dendritic cell,Dendritic
ts_immune_all_0363,TSP6_Liver_NA_10X_1_1_TGTGTGAAGTAGGGTC,165164,TSP6,liver,myeloid dendritic cell,Dendritic
ts_immune_all_0363,TSP6_Liver_NA_10X_1_1_TGTTGAGCAAGCGATG,165175,TSP6,liver,myeloid dendritic cell,Dendritic
ts_immune_all_0363,TSP6_Liver_NA_10X_1_1_TTGTGGAGTGATATAG,165279,TSP6,liver,myeloid dendritic cell,Dendritic
ts_immune_all_0363,TSP6_Liver_NA_10X_1_2_AAGCGAGAGATGACAT,366785,TSP6,liver,myeloid dendritic cell,Dendritic
ts_immune_all_0363,TSP6_Liver_NA_10X_1_2_ACTTCGCAGGATACCG,366843,TSP6,liver,myeloid dendritic cell,Dendritic
ts_immune_all_0363,TSP6_Liver_NA_10X_1_2_CATGCCTAGGAATCGC,367012,TSP6,liver,myeloid dendritic cell,Dendritic
ts_immune_all_0363,TSP6_Liver_NA_10X_1_2_CTCACTGGTCCGGTGT,367106,TSP6,liver,myeloid dendritic cell,Dendritic
ts_immune_all_0363,TSP6_Liver_NA_10X_1_2_GCAACATTCCGCAAAT,367199,TSP6,liver,myeloid dendritic cell,Dendritic
ts_immune_all_0363,TSP6_Liver_NA_10X_1_2_GTAATGCGTTCCCAAA,367295,TSP6,liver,myeloid dendritic cell,Dendritic
ts_immune_all_0363,TSP6_Liver_NA_10X_1_2_TACCTGCAGACCATAA,367382,TSP6,liver,myeloid dendritic cell,Dendritic
ts_immune_all_0363,TSP6_Liver_NA_10X_1_2_TCAGCCTCAGATTCGT,367430,TSP6,liver,myeloid dendritic cell,Dendritic
ts_immune_all_0363,TSP6_Liver_NA_10X_1_2_TCATCCGCAATAGGAT,367445,TSP6,liver,myeloid dendritic cell,Dendritic
ts_immune_all_0363,TSP6_Liver_NA_10X_1_2_TGGTGATAGGTTCCAT,367550,TSP6,liver,myeloid dendritic cell,Dendritic
ts_immune_all_0363,TSP6_Liver_NA_10X_1_2_TTCATTGAGCCAGACA,367587,TSP6,liver,myeloid dendritic cell,Dendritic
ts_immune_all_0603,TSP11_BoneMarrow_NA_10X_1_1_LinDepleted_ACACCGGTCAACGAAA,504554,TSP11,bone marrow,hematopoietic precursor cell,MPP
ts_immune_all_0603,TSP11_BoneMarrow_NA_10X_1_1_LinDepleted_ACACTGATCACAGTAC,504555,TSP11,bone marrow,hematopoietic precursor cell,MPP
ts_immune_all_0603,TSP11_BoneMarrow_NA_10X_1_1_LinDepleted_ACCCACTAGGACAGAA,504559,TSP11,bone marrow,hematopoietic precursor cell,MPP
ts_immune_all_0603,TSP11_BoneMarrow_NA_10X_1_1_LinDepleted_ACCCACTAGTACATGA,504560,TSP11,bone marrow,hematopoietic precursor cell,MPP
ts_immune_all_0603,TSP11_BoneMarrow_NA_10X_1_1_LinDepleted_ACCCACTCACCTGGTG,504561,TSP11,bone marrow,hematopoietic precursor cell,MPP
ts_immune_all_0603,TSP11_BoneMarrow_NA_10X_1_1_LinDepleted_ACTTTCAAGCTTATCG,504578,TSP11,bone marrow,hematopoietic precursor cell,MPP
ts_immune_all_0603,TSP11_BoneMarrow_NA_10X_1_1_LinDepleted_AGAGTGGAGATGTAAC,504583,TSP11,bone marrow,hematopoietic precursor cell,MPP
ts_immune_all_0603,TSP11_BoneMarrow_NA_10X_1_1_LinDepleted_AGCTCTCCACAGTCGC,504596,TSP11,bone marrow,hematopoietic precursor cell,MPP
ts_immune_all_0603,TSP11_BoneMarrow_NA_10X_1_1_LinDepleted_AGGTCCGCATGTTCCC,504601,TSP11,bone marrow,hematopoietic precursor cell,MPP
ts_immune_all_0603,TSP11_BoneMarrow_NA_10X_1_1_LinDepleted_AGTCTTTAGGATCGCA,504603,TSP11,bone marrow,hematopoietic precursor cell,MPP
ts_immune_all_0603,TSP11_BoneMarrow_NA_10X_1_1_LinDepleted_ATTACTCGTGCGATAG,504625,TSP11,bone marrow,hematopoietic precursor cell,MPP
ts_immune_all_0603,TSP11_BoneMarrow_NA_10X_1_1_LinDepleted_ATTATCCGTATCGCAT,504628,TSP11,bone marrow,hematopoietic precursor cell,MPP
ts_immune_all_0603,TSP11_BoneMarrow_NA_10X_1_1_LinDepleted_CACACAACAGTATGCT,504643,TSP11,bone marrow,hematopoietic precursor cell,MPP
ts_immune_all_0603,TSP11_BoneMarrow_NA_10X_1_1_LinDepleted_CACCACTCACGAAATA,504653,TSP11,bone marrow,hematopoietic precursor cell,MPP
ts_immune_all_0603,TSP11_BoneMarrow_NA_10X_1_1_LinDepleted_CATGACATCGTTGACA,504679,TSP11,bone marrow,hematopoietic precursor cell,MPP
ts_immune_all_0603,TSP11_BoneMarrow_NA_10X_1_1_LinDepleted_CCGTACTGTGATGTGG,504696,TSP11,bone marrow,hematopoietic precursor cell,MPP
ts_immune_all_0603,TSP11_BoneMarrow_NA_10X_1_1_LinDepleted_CCTCAGTTCTAAGCCA,504704,TSP11,bone marrow,hematopoietic precursor cell,MPP
ts_immune_all_0603,TSP11_BoneMarrow_NA_10X_1_1_LinDepleted_CGATTGATCCGTAGTA,504719,TSP11,bone marrow,hematopoietic precursor cell,MPP
ts_immune_all_0603,TSP11_BoneMarrow_NA_10X_1_1_LinDepleted_CTACATTGTCAGATAA,504742,TSP11,bone marrow,hematopoietic precursor cell,MPP
ts_immune_all_0603,TSP11_BoneMarrow_NA_10X_1_1_LinDepleted_CTACCCAGTCTAGCGC,504744,TSP11,bone marrow,hematopoietic precursor cell,MPP
ts_immune_all_0603,TSP11_BoneMarrow_NA_10X_1_1_LinDepleted_CTCGGAGAGAGAACAG,504753,TSP11,bone marrow,hematopoietic precursor cell,MPP
ts_immune_all_0603,TSP11_BoneMarrow_NA_10X_1_1_LinDepleted_CTGTTTACAGCCTTGG,504766,TSP11,bone marrow,hematopoietic precursor cell,MPP
ts_immune_all_0603,TSP11_BoneMarrow_NA_10X_1_1_LinDepleted_GACGTGCTCCGCTGTT,504785,TSP11,bone marrow,hematopoietic precursor cell,MPP
ts_immune_all_0603,TSP11_BoneMarrow_NA_10X_1_1_LinDepleted_GATCAGTGTTATTCTC,504794,TSP11,bone marrow,hematopoietic precursor cell,MPP
ts_immune_all_0603,TSP11_BoneMarrow_NA_10X_1_1_LinDepleted_GATCGCGCAAGAAAGG,504795,TSP11,bone marrow,hematopoietic precursor cell,MPP
ts_immune_all_0603,TSP11_BoneMarrow_NA_10X_1_1_LinDepleted_GATGAAAAGATGAGAG,504796,TSP11,bone marrow,hematopoietic precursor cell,MPP
ts_immune_all_0603,TSP11_BoneMarrow_NA_10X_1_1_LinDepleted_GCAATCACAAACGCGA,504802,TSP11,bone marrow,hematopoietic precursor cell,MPP
ts_immune_all_0603,TSP11_BoneMarrow_NA_10X_1_1_LinDepleted_GCTGCGATCTAACTTC,504823,TSP11,bone marrow,hematopoietic precursor cell,MPP
ts_immune_all_0603,TSP11_BoneMarrow_NA_10X_1_1_LinDepleted_GGGAGATCACTTGGAT,504843,TSP11,bone marrow,hematopoietic precursor cell,MPP
ts_immune_all_0603,TSP11_BoneMarrow_NA_10X_1_1_LinDepleted_GTACGTATCCAGGGCT,504863,TSP11,bone marrow,hematopoietic precursor cell,MPP
ts_immune_all_0603,TSP11_BoneMarrow_NA_10X_1_1_LinDepleted_GTAGTCAAGTTGAGTA,504866,TSP11,bone marrow,hematopoietic precursor cell,MPP
ts_immune_all_0603,TSP11_BoneMarrow_NA_10X_1_1_LinDepleted_GTCACGGAGGCCCGTT,504874,TSP11,bone marrow,hematopoietic precursor cell,MPP
ts_immune_all_0603,TSP11_BoneMarrow_NA_10X_1_1_LinDepleted_GTCACGGCATGACGGA,504878,TSP11,bone marrow,hematopoietic precursor cell,MPP
ts_immune_all_0603,TSP11_BoneMarrow_NA_10X_1_1_LinDepleted_GTTAAGCCACTACAGT,504891,TSP11,bone marrow,hematopoietic precursor cell,MPP
ts_immune_all_0603,TSP11_BoneMarrow_NA_10X_1_1_LinDepleted_GTTCTCGCATGGTCTA,504897,TSP11,bone marrow,hematopoietic precursor cell,MPP
ts_immune_all_0603,TSP11_BoneMarrow_NA_10X_1_1_LinDepleted_TACCTATGTTTGTGTG,504904,TSP11,bone marrow,hematopoietic precursor cell,MPP
ts_immune_all_0603,TSP11_BoneMarrow_NA_10X_1_1_LinDepleted_TACTCGCAGGAACTGC,504911,TSP11,bone marrow,hematopoietic precursor cell,MPP
ts_immune_all_0603,TSP11_BoneMarrow_NA_10X_1_1_LinDepleted_TAGACCACATTTCACT,504918,TSP11,bone marrow,hematopoietic precursor cell,MPP
ts_immune_all_0603,TSP11_BoneMarrow_NA_10X_1_1_LinDepleted_TAGTGGTCAGCAGTTT,504921,TSP11,bone marrow,hematopoietic precursor cell,MPP
ts_immune_all_0603,TSP11_BoneMarrow_NA_10X_1_1_LinDepleted_TCAATCTGTTCCACTC,504932,TSP11,bone marrow,hematopoietic precursor cell,MPP
ts_immune_all_0603,TSP11_BoneMarrow_NA_10X_1_1_LinDepleted_TCGGTAAGTCTAAAGA,504949,TSP11,bone marrow,hematopoietic precursor cell,MPP
ts_immune_all_0603,TSP11_BoneMarrow_NA_10X_1_1_LinDepleted_TCTTCGGCATCGGAAG,504960,TSP11,bone marrow,hematopoietic precursor cell,MPP
ts_immune_all_0603,TSP11_BoneMarrow_NA_10X_1_1_LinDepleted_TCTTCGGGTTAGATGA,504961,TSP11,bone marrow,hematopoietic precursor cell,MPP
ts_immune_all_0603,TSP11_BoneMarrow_NA_10X_1_1_LinDepleted_TGCGCAGCAAGGCTCC,504975,TSP11,bone marrow,hematopoietic precursor cell,MPP
ts_immune_all_0603,TSP11_BoneMarrow_NA_10X_1_1_LinDepleted_TGCGCAGTCAACGCTA,504976,TSP11,bone marrow,hematopoietic precursor cell,MPP
ts_immune_all_0603,TSP11_BoneMarrow_NA_10X_1_1_LinDepleted_TTGTAGGAGGTTCCTA,505006,TSP11,bone marrow,hematopoietic precursor cell,MPP
ts_immune_all_0603,TSP11_BoneMarrow_NA_10X_1_1_LinDepleted_TTTGTCATCTTACCGC,505012,TSP11,bone marrow,hematopoietic precursor cell,MPP
ts_immune_all_0603,TSP11_BoneMarrow_NA_10X_1_1_LinEnriched_CCACTACGTTGGTTTG,572585,TSP11,bone marrow,hematopoietic precursor cell,MPP
ts_immune_all_0603,TSP11_BoneMarrow_NA_10X_1_1_LinEnriched_GCGCGATAGAGCCTAG,572918,TSP11,bone marrow,hematopoietic precursor cell,MPP
ts_immune_all_0603,TSP11_BoneMarrow_NA_10X_1_1_LinEnriched_TTGACTTTCGGTCTAA,573312,TSP11,bone marrow,hematopoietic precursor cell,MPP
ts_immune_all_0657,TSP14_Blood_NA_SS2_B134612_D101995_Lymphocyte_J3,4635,TSP14,blood,monocyte,Cl_Mono
ts_immune_all_0657,TSP14_Blood_NA_SS2_B134613_D101996_ImmuneLinNeg_K7,9912,TSP14,blood,monocyte,Cl_Mono
ts_immune_all_0657,TSP14_Blood_NA_SS2_B134613_D101996_ImmuneLinNeg_O23,9913,TSP14,blood,monocyte,Cl_Mono
ts_immune_all_0657,TSP14_Blood_NA_SS2_B134613_D101996_ImmuneLinNeg_B23,9927,TSP14,blood,monocyte,Cl_Mono
ts_immune_all_0657,TSP14_Blood_NA_SS2_B134613_D101996_ImmuneLinNeg_B13,9931,TSP14,blood,monocyte,Cl_Mono
ts_immune_all_0657,TSP14_Blood_NA_SS2_B134613_D101996_ImmuneLinNeg_N21,9933,TSP14,blood,monocyte,Cl_Mono
ts_immune_all_0657,TSP14_Blood_NA_SS2_B134613_D101996_ImmuneLinNeg_L21,9935,TSP14,blood,monocyte,Cl_Mono
ts_immune_all_0657,TSP14_Blood_NA_SS2_B134613_D101996_ImmuneLinNeg_L13,9943,TSP14,blood,monocyte,Cl_Mono
ts_immune_all_0657,TSP14_Blood_NA_SS2_B134613_D101996_ImmuneLinNeg_B18,9946,TSP14,blood,monocyte,Cl_Mono
ts_immune_all_0657,TSP14_Blood_NA_SS2_B134613_D101996_ImmuneLinNeg_D5,9947,TSP14,blood,monocyte,Cl_Mono
ts_immune_all_0657,TSP14_Blood_NA_SS2_B134613_D101996_ImmuneLinNeg_O10,9948,TSP14,blood,monocyte,Cl_Mono
ts_immune_all_0657,TSP14_Blood_NA_SS2_B134613_D101996_ImmuneLinNeg_A16,9949,TSP14,blood,monocyte,Cl_Mono
ts_immune_all_0657,TSP14_Blood_NA_SS2_B134613_D101996_ImmuneLinNeg_J17,9951,TSP14,blood,monocyte,Cl_Mono
ts_immune_all_0657,TSP14_Blood_NA_SS2_B134613_D101996_ImmuneLinNeg_O17,9964,TSP14,blood,monocyte,Cl_Mono
ts_immune_all_0657,TSP14_Blood_NA_SS2_B134613_D101996_ImmuneLinNeg_M19,9967,TSP14,blood,monocyte,Cl_Mono
ts_immune_all_0657,TSP14_Blood_NA_SS2_B134613_D101996_ImmuneLinNeg_O11,9968,TSP14,blood,monocyte,Cl_Mono
ts_immune_all_0657,TSP14_Blood_NA_SS2_B134613_D101996_ImmuneLinNeg_H14,9973,TSP14,blood,monocyte,Cl_Mono
ts_immune_all_0657,TSP14_Blood_NA_SS2_B134613_D101996_ImmuneLinNeg_O9,9979,TSP14,blood,monocyte,Cl_Mono
ts_immune_all_0657,TSP14_Blood_NA_SS2_B134613_D101996_ImmuneLinNeg_K22,9982,TSP14,blood,monocyte,Cl_Mono
ts_immune_all_0657,TSP14_Blood_NA_SS2_B134613_D101996_ImmuneLinNeg_F6,9986,TSP14,blood,monocyte,Cl_Mono
ts_immune_all_0657,TSP14_Blood_NA_SS2_B134613_D101996_ImmuneLinNeg_K1,9987,TSP14,blood,monocyte,Cl_Mono
ts_immune_all_0657,TSP14_Blood_NA_SS2_B134613_D101996_ImmuneLinNeg_A18,9997,TSP14,blood,monocyte,Cl_Mono
ts_immune_all_0657,TSP14_Blood_NA_SS2_B134613_D101996_ImmuneLinNeg_F8,10004,TSP14,blood,monocyte,Cl_Mono
ts_immune_all_0657,TSP14_Blood_NA_SS2_B134613_D101996_ImmuneLinNeg_F13,10006,TSP14,blood,monocyte,Cl_Mono
ts_immune_all_0657,TSP14_Blood_NA_SS2_B134613_D101996_ImmuneLinNeg_F12,10011,TSP14,blood,monocyte,Cl_Mono
ts_immune_all_0657,TSP14_Blood_NA_SS2_B134613_D101996_ImmuneLinNeg_C13,10014,TSP14,blood,monocyte,Cl_Mono
ts_immune_all_0657,TSP14_Blood_NA_SS2_B134613_D101996_ImmuneLinNeg_K17,10018,TSP14,blood,monocyte,Cl_Mono
ts_immune_all_0657,TSP14_Blood_NA_SS2_B134613_D101996_ImmuneLinNeg_F22,10019,TSP14,blood,monocyte,Cl_Mono
ts_immune_all_0657,TSP14_Blood_NA_SS2_B134613_D101996_ImmuneLinNeg_J10,10021,TSP14,blood,monocyte,Cl_Mono
ts_immune_all_0657,TSP14_Blood_NA_SS2_B134613_D101996_ImmuneLinNeg_H13,10022,TSP14,blood,monocyte,Cl_Mono
ts_immune_all_0657,TSP14_Blood_NA_SS2_B134613_D101996_ImmuneLinNeg_J18,10023,TSP14,blood,monocyte,Cl_Mono
ts_immune_all_0657,TSP14_Blood_NA_SS2_B134613_D101996_ImmuneLinNeg_K20,10026,TSP14,blood,monocyte,Cl_Mono
ts_immune_all_0657,TSP14_Blood_NA_SS2_B134613_D101996_ImmuneLinNeg_H5,10028,TSP14,blood,monocyte,Cl_Mono
ts_immune_all_0657,TSP14_Blood_NA_SS2_B134613_D101996_ImmuneLinNeg_N14,10029,TSP14,blood,monocyte,Cl_Mono
ts_immune_all_0657,TSP14_Blood_NA_SS2_B134613_D101996_ImmuneLinNeg_N3,10037,TSP14,blood,monocyte,Cl_Mono
ts_immune_all_0657,TSP14_Blood_NA_SS2_B134613_D101996_ImmuneLinNeg_A20,10042,TSP14,blood,monocyte,Cl_Mono
ts_immune_all_0657,TSP14_Blood_NA_SS2_B134613_D101996_ImmuneLinNeg_P9,10043,TSP14,blood,monocyte,Cl_Mono
ts_immune_all_0657,TSP14_Blood_NA_SS2_B134613_D101996_ImmuneLinNeg_I19,10046,TSP14,blood,monocyte,Cl_Mono
ts_immune_all_0657,TSP14_Blood_NA_SS2_B134613_D101996_ImmuneLinNeg_P23,10050,TSP14,blood,monocyte,Cl_Mono
ts_immune_all_0657,TSP14_Blood_NA_SS2_B134613_D101996_ImmuneLinNeg_K4,10052,TSP14,blood,monocyte,Cl_Mono
ts_immune_all_0657,TSP14_Blood_NA_SS2_B134613_D101996_ImmuneLinNeg_D20,10057,TSP14,blood,monocyte,Cl_Mono
ts_immune_all_0657,TSP14_Blood_NA_SS2_B134613_D101996_ImmuneLinNeg_C23,10059,TSP14,blood,monocyte,Cl_Mono
ts_immune_all_0657,TSP14_Blood_NA_SS2_B134613_D101996_ImmuneLinNeg_C20,10061,TSP14,blood,monocyte,Cl_Mono
ts_immune_all_0657,TSP14_Blood_NA_SS2_B134613_D101996_ImmuneLinNeg_G17,10062,TSP14,blood,monocyte,Cl_Mono
ts_immune_all_0657,TSP14_Blood_NA_SS2_B134613_D101996_ImmuneLinNeg_D15,10065,TSP14,blood,monocyte,Cl_Mono
ts_immune_all_0657,TSP14_Blood_NA_SS2_B134613_D101996_ImmuneLinNeg_L20,10070,TSP14,blood,monocyte,Cl_Mono
ts_immune_all_0657,TSP14_Blood_NA_SS2_B134613_D101996_ImmuneLinNeg_O8,10072,TSP14,blood,monocyte,Cl_Mono
ts_immune_all_0657,TSP14_Blood_NA_SS2_B134613_D101996_ImmuneLinNeg_D22,10075,TSP14,blood,monocyte,Cl_Mono
ts_immune_all_0657,TSP14_Blood_NA_SS2_B134613_D101996_ImmuneLinNeg_C18,10082,TSP14,blood,monocyte,Cl_Mono
ts_immune_all_0657,TSP14_Blood_NA_SS2_B134613_D101996_ImmuneLinNeg_D16,10084,TSP14,blood,monocyte,Cl_Mono
ts_immune_all_0639,TSP14_LymphNode_NA_10X_2_1_ACACGCGCAAGACTGG,100802,TSP14,lymph node,intermediate monocyte,Cl_Mono
ts_immune_all_0639,TSP14_LymphNode_NA_10X_2_1_AGCGTATAGTGGGAAA,101324,TSP14,lymph node,intermediate monocyte,Cl_Mono
ts_immune_all_0639,TSP14_LymphNode_NA_10X_2_1_AGGCTGCAGCGATGCA,101432,TSP14,lymph node,intermediate monocyte,Cl_Mono
ts_immune_all_0639,TSP14_LymphNode_NA_10X_2_1_ATGCCTCTCGGTGTAT,101894,TSP14,lymph node,intermediate monocyte,Cl_Mono
ts_immune_all_0639,TSP14_LymphNode_NA_10X_2_1_CATCGCTTCCTTATGT,102501,TSP14,lymph node,intermediate monocyte,Cl_Mono
ts_immune_all_0639,TSP14_LymphNode_NA_10X_2_1_CATCGGGAGTGTAGAT,102506,TSP14,lymph node,intermediate monocyte,Cl_Mono
ts_immune_all_0639,TSP14_LymphNode_NA_10X_2_1_CATGCCTGTGTACGCC,102541,TSP14,lymph node,intermediate monocyte,Cl_Mono
ts_immune_all_0639,TSP14_LymphNode_NA_10X_2_1_CCACGTTCAAACTAGA,102700,TSP14,lymph node,intermediate monocyte,Cl_Mono
ts_immune_all_0639,TSP14_LymphNode_NA_10X_2_1_CCCATTGAGCATGCAG,102732,TSP14,lymph node,intermediate monocyte,Cl_Mono
ts_immune_all_0639,TSP14_LymphNode_NA_10X_2_1_CGTAAGTTCGCATTAG,103252,TSP14,lymph node,intermediate monocyte,Cl_Mono
ts_immune_all_0639,TSP14_LymphNode_NA_10X_2_1_CTAACTTCAACGGCCT,103350,TSP14,lymph node,intermediate monocyte,Cl_Mono
ts_immune_all_0639,TSP14_LymphNode_NA_10X_2_1_CTAAGTGTCGACGATT,103359,TSP14,lymph node,intermediate monocyte,Cl_Mono
ts_immune_all_0639,TSP14_LymphNode_NA_10X_2_1_CTGTGGGGTACTTGTG,103743,TSP14,lymph node,intermediate monocyte,Cl_Mono
ts_immune_all_0639,TSP14_LymphNode_NA_10X_2_1_GCACGGTTCACATCAG,104342,TSP14,lymph node,intermediate monocyte,Cl_Mono
ts_immune_all_0639,TSP14_LymphNode_NA_10X_2_1_GCATGATTCTAGGCAT,104403,TSP14,lymph node,intermediate monocyte,Cl_Mono
ts_immune_all_0639,TSP14_LymphNode_NA_10X_2_1_GGACGTCTCTGGGTCG,104646,TSP14,lymph node,intermediate monocyte,Cl_Mono
ts_immune_all_0639,TSP14_LymphNode_NA_10X_2_1_GGGTTATGTCTTCAAG,104875,TSP14,lymph node,intermediate monocyte,Cl_Mono
ts_immune_all_0639,TSP14_LymphNode_NA_10X_2_1_GGTAGAGTCCTCACGT,104918,TSP14,lymph node,intermediate monocyte,Cl_Mono
ts_immune_all_0639,TSP14_LymphNode_NA_10X_2_1_GTGCGTGCACCAATTG,105325,TSP14,lymph node,intermediate monocyte,Cl_Mono
ts_immune_all_0639,TSP14_LymphNode_NA_10X_2_1_GTTACAGTCATGACAC,105420,TSP14,lymph node,intermediate monocyte,Cl_Mono
ts_immune_all_0639,TSP14_LymphNode_NA_10X_2_1_TGCGGCAGTAGAATGT,106781,TSP14,lymph node,intermediate monocyte,Cl_Mono
ts_immune_all_0639,TSP14_LymphNode_NA_10X_2_1_TGTCAGATCGGAAACG,106997,TSP14,lymph node,intermediate monocyte,Cl_Mono
ts_immune_all_0639,TSP14_LymphNode_NA_10X_2_1_TGTCCCACAGCGTTGC,107002,TSP14,lymph node,intermediate monocyte,Cl_Mono
ts_immune_all_0639,TSP14_LymphNode_NA_10X_2_1_TTATTGCCAGATCATC,107162,TSP14,lymph node,intermediate monocyte,Cl_Mono
ts_immune_all_0639,TSP14_LymphNode_NA_10X_1_1_5Prime_AAAGTAGGTTTGACTG,165403,TSP14,lymph node,intermediate monocyte,Cl_Mono
ts_immune_all_0639,TSP14_LymphNode_NA_10X_1_1_5Prime_ACGATGTGTAGCGCTC,166041,TSP14,lymph node,intermediate monocyte,Cl_Mono
ts_immune_all_0639,TSP14_LymphNode_NA_10X_1_1_5Prime_CAGAATCAGAGGGCTT,167540,TSP14,lymph node,intermediate monocyte,Cl_Mono
ts_immune_all_0639,TSP14_LymphNode_NA_10X_1_1_5Prime_CTGTGCTTCCAAGCCG,169557,TSP14,lymph node,intermediate monocyte,Cl_Mono
ts_immune_all_0639,TSP14_LymphNode_NA_10X_1_1_5Prime_TACTTGTTCGCGTTTC,171985,TSP14,lymph node,intermediate monocyte,Cl_Mono
ts_immune_all_0639,TSP14_LymphNode_NA_10X_2_1_5Prime_AACTGGTTCGAACGGA,292201,TSP14,lymph node,intermediate monocyte,Cl_Mono
ts_immune_all_0639,TSP14_LymphNode_NA_10X_2_1_5Prime_AAGCCGCTCCCAGGTG,292238,TSP14,lymph node,intermediate monocyte,Cl_Mono
ts_immune_all_0639,TSP14_LymphNode_NA_10X_2_1_5Prime_ACACCAAAGCTAAGAT,292335,TSP14,lymph node,intermediate monocyte,Cl_Mono
ts_immune_all_0639,TSP14_LymphNode_NA_10X_2_1_5Prime_ACGGGCTAGAATTGTG,292630,TSP14,lymph node,intermediate monocyte,Cl_Mono
ts_immune_all_0639,TSP14_LymphNode_NA_10X_2_1_5Prime_ATCACGAAGCCTCGTG,293172,TSP14,lymph node,intermediate monocyte,Cl_Mono
ts_immune_all_0639,TSP14_LymphNode_NA_10X_2_1_5Prime_ATGGGAGAGCCACGTC,293295,TSP14,lymph node,intermediate monocyte,Cl_Mono
ts_immune_all_0639,TSP14_LymphNode_NA_10X_2_1_5Prime_ATTACTCGTTACGTCA,293321,TSP14,lymph node,intermediate monocyte,Cl_Mono
ts_immune_all_0639,TSP14_LymphNode_NA_10X_2_1_5Prime_CCCAGTTTCGTAGGTT,293995,TSP14,lymph node,intermediate monocyte,Cl_Mono
ts_immune_all_0639,TSP14_LymphNode_NA_10X_2_1_5Prime_CGCTGGAGTGTAAGTA,294415,TSP14,lymph node,intermediate monocyte,Cl_Mono
ts_immune_all_0639,TSP14_LymphNode_NA_10X_2_1_5Prime_CGTCAGGAGTAGGTGC,294549,TSP14,lymph node,intermediate monocyte,Cl_Mono
ts_immune_all_0639,TSP14_LymphNode_NA_10X_2_1_5Prime_CTCGTCAGTTTGTTGG,294862,TSP14,lymph node,intermediate monocyte,Cl_Mono
ts_immune_all_0639,TSP14_LymphNode_NA_10X_2_1_5Prime_CTTTGCGAGCAGACTG,295080,TSP14,lymph node,intermediate monocyte,Cl_Mono
ts_immune_all_0639,TSP14_LymphNode_NA_10X_2_1_5Prime_GATCAGTTCAAAGACA,295396,TSP14,lymph node,intermediate monocyte,Cl_Mono
ts_immune_all_0639,TSP14_LymphNode_NA_10X_2_1_5Prime_GCTCCTAGTAAACCTC,295746,TSP14,lymph node,intermediate monocyte,Cl_Mono
ts_immune_all_0639,TSP14_LymphNode_NA_10X_2_1_5Prime_GGGTTGCCAAGGTTCT,296130,TSP14,lymph node,intermediate monocyte,Cl_Mono
ts_immune_all_0639,TSP14_LymphNode_NA_10X_2_1_5Prime_TACGGATGTATTCTCT,296647,TSP14,lymph node,intermediate monocyte,Cl_Mono
ts_immune_all_0639,TSP14_LymphNode_NA_10X_2_1_5Prime_TGAGCATCAGTATGCT,297219,TSP14,lymph node,intermediate monocyte,Cl_Mono
ts_immune_all_0639,TSP14_LymphNode_NA_10X_2_1_5Prime_TGAGGGACACAAGACG,297239,TSP14,lymph node,intermediate monocyte,Cl_Mono
ts_immune_all_0639,TSP14_LymphNode_NA_10X_2_1_5Prime_TTCGAAGTCACTCTTA,297586,TSP14,lymph node,intermediate monocyte,Cl_Mono
ts_immune_all_0639,TSP14_LymphNode_NA_10X_2_1_5Prime_TTGAACGAGTGTCCAT,297646,TSP14,lymph node,intermediate monocyte,Cl_Mono
ts_immune_all_0639,TSP14_LymphNode_NA_10X_1_1_GACTCTCTCCTAGCGG,529901,TSP14,lymph node,intermediate monocyte,Cl_Mono
ts_immune_all_1217,TSP21_Eye_OralMucosa_10X_1_1_AACAGGGTCACAGTGT,404881,TSP21,buccal mucosa,"CD8-positive, alpha-beta T cell",Memory_CD4
ts_immune_all_1217,TSP21_Eye_OralMucosa_10X_1_1_AATGCCACATGTTCAG,404882,TSP21,buccal mucosa,"CD8-positive, alpha-beta T cell",Memory_CD4
ts_immune_all_1217,TSP21_Eye_OralMucosa_10X_1_1_ACAAGCTGTCCGCAGT,404884,TSP21,buccal mucosa,"CD8-positive, alpha-beta T cell",Memory_CD4
ts_immune_all_1217,TSP21_Eye_OralMucosa_10X_1_1_ACATCGAGTCTGTGCG,404887,TSP21,buccal mucosa,"CD8-positive, alpha-beta T cell",Memory_CD4
ts_immune_all_1217,TSP21_Eye_OralMucosa_10X_1_1_ACCCAAATCTCATGGA,404889,TSP21,buccal mucosa,"CD8-positive, alpha-beta T cell",Memory_CD4
ts_immune_all_1217,TSP21_Eye_OralMucosa_10X_1_1_ACGATCATCAACTTTC,404890,TSP21,buccal mucosa,"CD8-positive, alpha-beta T cell",Memory_CD4
ts_immune_all_1217,TSP21_Eye_OralMucosa_10X_1_1_ACGTAGTCAGGCTATT,404893,TSP21,buccal mucosa,"CD8-positive, alpha-beta T cell",Memory_CD4
ts_immune_all_1217,TSP21_Eye_OralMucosa_10X_1_1_AGAGAGCAGGGACAGG,404894,TSP21,buccal mucosa,"CD8-positive, alpha-beta T cell",Memory_CD4
ts_immune_all_1217,TSP21_Eye_OralMucosa_10X_1_1_AGATCGTAGTCCGCCA,404895,TSP21,buccal mucosa,"CD8-positive, alpha-beta T cell",Memory_CD4
ts_immune_all_1217,TSP21_Eye_OralMucosa_10X_1_1_AGCTACATCATCGCTC,404898,TSP21,buccal mucosa,"CD8-positive, alpha-beta T cell",Memory_CD4
ts_immune_all_1217,TSP21_Eye_OralMucosa_10X_1_1_ATAGACCAGAAGGCTC,404900,TSP21,buccal mucosa,"CD8-positive, alpha-beta T cell",Memory_CD4
ts_immune_all_1217,TSP21_Eye_OralMucosa_10X_1_1_ATATCCTGTGTCACAT,404902,TSP21,buccal mucosa,"CD8-positive, alpha-beta T cell",Memory_CD4
ts_immune_all_1217,TSP21_Eye_OralMucosa_10X_1_1_ATCACTTTCACTCGAA,404904,TSP21,buccal mucosa,"CD8-positive, alpha-beta T cell",Memory_CD4
ts_immune_all_1217,TSP21_Eye_OralMucosa_10X_1_1_ATGCATGCACCAGTTA,404905,TSP21,buccal mucosa,"CD8-positive, alpha-beta T cell",Memory_CD4
ts_immune_all_1217,TSP21_Eye_OralMucosa_10X_1_1_ATGCATGCACGAGAAC,404906,TSP21,buccal mucosa,"CD8-positive, alpha-beta T cell",Memory_CD4
ts_immune_all_1217,TSP21_Eye_OralMucosa_10X_1_1_ATTCACTGTGATCATC,404907,TSP21,buccal mucosa,"CD8-positive, alpha-beta T cell",Memory_CD4
ts_immune_all_1217,TSP21_Eye_OralMucosa_10X_1_1_ATTCCATGTGCTTATG,404908,TSP21,buccal mucosa,"CD8-positive, alpha-beta T cell",Memory_CD4
ts_immune_all_1217,TSP21_Eye_OralMucosa_10X_1_1_CACATGAGTCATCACA,404909,TSP21,buccal mucosa,"CD8-positive, alpha-beta T cell",Memory_CD4
ts_immune_all_1217,TSP21_Eye_OralMucosa_10X_1_1_CAGCAATAGGTGCAGT,404914,TSP21,buccal mucosa,"CD8-positive, alpha-beta T cell",Memory_CD4
ts_immune_all_1217,TSP21_Eye_OralMucosa_10X_1_1_CCCTAACCAGTCACGC,404919,TSP21,buccal mucosa,"CD8-positive, alpha-beta T cell",Memory_CD4
ts_immune_all_1217,TSP21_Eye_OralMucosa_10X_1_1_CCGGACACATACCGTA,404920,TSP21,buccal mucosa,"CD8-positive, alpha-beta T cell",Memory_CD4
ts_immune_all_1217,TSP21_Eye_OralMucosa_10X_1_1_CCTCCAAGTAGAATAC,404922,TSP21,buccal mucosa,"CD8-positive, alpha-beta T cell",Memory_CD4
ts_immune_all_1217,TSP21_Eye_OralMucosa_10X_1_1_CGAAGTTAGAGGCCAT,404923,TSP21,buccal mucosa,"CD8-positive, alpha-beta T cell",Memory_CD4
ts_immune_all_1217,TSP21_Eye_OralMucosa_10X_1_1_CGGAACCGTAATGCTC,404926,TSP21,buccal mucosa,"CD8-positive, alpha-beta T cell",Memory_CD4
ts_immune_all_1217,TSP21_Eye_OralMucosa_10X_1_1_CGGGTGTAGTCTGCGC,404927,TSP21,buccal mucosa,"CD8-positive, alpha-beta T cell",Memory_CD4
ts_immune_all_1217,TSP21_Eye_OralMucosa_10X_1_1_CGGGTGTCAAGAGTGC,404928,TSP21,buccal mucosa,"CD8-positive, alpha-beta T cell",Memory_CD4
ts_immune_all_1217,TSP21_Eye_OralMucosa_10X_1_1_CGTTCTGCAAGATCCT,404929,TSP21,buccal mucosa,"CD8-positive, alpha-beta T cell",Memory_CD4
ts_immune_all_1217,TSP21_Eye_OralMucosa_10X_1_1_CTCATGCTCGCACTCT,404930,TSP21,buccal mucosa,"CD8-positive, alpha-beta T cell",Memory_CD4
ts_immune_all_1217,TSP21_Eye_OralMucosa_10X_1_1_CTCCCTCTCGCCTTTG,404933,TSP21,buccal mucosa,"CD8-positive, alpha-beta T cell",Memory_CD4
ts_immune_all_1217,TSP21_Eye_OralMucosa_10X_1_1_CTGATCCTCAAACCTG,404934,TSP21,buccal mucosa,"CD8-positive, alpha-beta T cell",Memory_CD4
ts_immune_all_1217,TSP21_Eye_OralMucosa_10X_1_1_GACGCTGGTCGGAACA,404941,TSP21,buccal mucosa,"CD8-positive, alpha-beta T cell",Memory_CD4
ts_immune_all_1217,TSP21_Eye_OralMucosa_10X_1_1_GACTCTCAGCCGAACA,404944,TSP21,buccal mucosa,"CD8-positive, alpha-beta T cell",Memory_CD4
ts_immune_all_1217,TSP21_Eye_OralMucosa_10X_1_1_GGGCCATCAGTGCGCT,404951,TSP21,buccal mucosa,"CD8-positive, alpha-beta T cell",Memory_CD4
ts_immune_all_1217,TSP21_Eye_OralMucosa_10X_1_1_GGTAATCCATTGGCAT,404952,TSP21,buccal mucosa,"CD8-positive, alpha-beta T cell",Memory_CD4
ts_immune_all_1217,TSP21_Eye_OralMucosa_10X_1_1_GTAGGTTTCGAGTGGA,404953,TSP21,buccal mucosa,"CD8-positive, alpha-beta T cell",Memory_CD4
ts_immune_all_1217,TSP21_Eye_OralMucosa_10X_1_1_GTGACGCTCAGCTGTA,404956,TSP21,buccal mucosa,"CD8-positive, alpha-beta T cell",Memory_CD4
ts_immune_all_1217,TSP21_Eye_OralMucosa_10X_1_1_GTTCATTTCCCTCAAC,404962,TSP21,buccal mucosa,"CD8-positive, alpha-beta T cell",Memory_CD4
ts_immune_all_1217,TSP21_Eye_OralMucosa_10X_1_1_TAATCTCTCGAGATAA,404964,TSP21,buccal mucosa,"CD8-positive, alpha-beta T cell",Memory_CD4
ts_immune_all_1217,TSP21_Eye_OralMucosa_10X_1_1_TAGACTGAGTAAACGT,404966,TSP21,buccal mucosa,"CD8-positive, alpha-beta T cell",Memory_CD4
ts_immune_all_1217,TSP21_Eye_OralMucosa_10X_1_1_TCAAGTGGTAGGTACG,404969,TSP21,buccal mucosa,"CD8-positive, alpha-beta T cell",Memory_CD4
ts_immune_all_1217,TSP21_Eye_OralMucosa_10X_1_1_TCGCACTCAATAGTGA,404975,TSP21,buccal mucosa,"CD8-positive, alpha-beta T cell",Memory_CD4
ts_immune_all_1217,TSP21_Eye_OralMucosa_10X_1_1_TCGGGTGTCGCCGATG,404978,TSP21,buccal mucosa,"CD8-positive, alpha-beta T cell",Memory_CD4
ts_immune_all_1217,TSP21_Eye_OralMucosa_10X_1_1_TCTTCCTCAACAAAGT,404979,TSP21,buccal mucosa,"CD8-positive, alpha-beta T cell",Memory_CD4
ts_immune_all_1217,TSP21_Eye_OralMucosa_10X_1_1_TGGAGGACAATGGGTG,404985,TSP21,buccal mucosa,"CD8-positive, alpha-beta T cell",Memory_CD4
ts_immune_all_1217,TSP21_Eye_OralMucosa_10X_1_1_TGTGGCGGTATTAAGG,404988,TSP21,buccal mucosa,"CD8-positive, alpha-beta T cell",Memory_CD4
ts_immune_all_1217,TSP21_Eye_OralMucosa_10X_1_1_TTAGTCTCAGAATTCC,404989,TSP21,buccal mucosa,"CD8-positive, alpha-beta T cell",Memory_CD4
ts_immune_all_1217,TSP21_Eye_OralMucosa_10X_1_1_TTCCTCTGTGAGTGAC,404992,TSP21,buccal mucosa,"CD8-positive, alpha-beta T cell",Memory_CD4
ts_immune_all_1217,TSP21_Eye_OralMucosa_10X_1_1_TTCTAACGTCATCACA,404993,TSP21,buccal mucosa,"CD8-positive, alpha-beta T cell",Memory_CD4
ts_immune_all_1217,TSP21_Eye_OralMucosa_10X_1_1_TTGATGGAGCCTGAAG,404994,TSP21,buccal mucosa,"CD8-positive, alpha-beta T cell",Memory_CD4
ts_immune_all_1217,TSP21_Eye_OralMucosa_10X_1_1_TTGCCTGCATCTCGTC,404995,TSP21,buccal mucosa,"CD8-positive, alpha-beta T cell",Memory_CD4
ts_immune_all_0677,TSP14_Vasculature_InfVenaCava_SS2_B134014_D102103_Immune_D13,8664,TSP14,inferior vena cava,macrophage,Macrophage
ts_immune_all_0677,TSP14_Vasculature_InfVenaCava_SS2_B134014_D102103_Immune_G12,8666,TSP14,inferior vena cava,macrophage,Macrophage
ts_immune_all_0677,TSP14_Vasculature_InfVenaCava_SS2_B134014_D102103_Immune_N5,8668,TSP14,inferior vena cava,macrophage,Macrophage
ts_immune_all_0677,TSP14_Vasculature_InfVenaCava_SS2_B134014_D102103_Immune_B10,8669,TSP14,inferior vena cava,macrophage,Macrophage
ts_immune_all_0677,TSP14_Vasculature_InfVenaCava_SS2_B134014_D102103_Immune_D6,8673,TSP14,inferior vena cava,macrophage,Macrophage
ts_immune_all_0677,TSP14_Vasculature_InfVenaCava_SS2_B134014_D102103_Immune_D7,8675,TSP14,inferior vena cava,macrophage,Macrophage
ts_immune_all_0677,TSP14_Vasculature_InfVenaCava_SS2_B134014_D102103_Immune_L12,8676,TSP14,inferior vena cava,macrophage,Macrophage
ts_immune_all_0677,TSP14_Vasculature_InfVenaCava_SS2_B134014_D102103_Immune_B6,8677,TSP14,inferior vena cava,macrophage,Macrophage
ts_immune_all_0677,TSP14_Vasculature_InfVenaCava_SS2_B134014_D102103_Immune_O6,8681,TSP14,inferior vena cava,macrophage,Macrophage
ts_immune_all_0677,TSP14_Vasculature_InfVenaCava_SS2_B134014_D102103_Immune_C13,8682,TSP14,inferior vena cava,macrophage,Macrophage
ts_immune_all_0677,TSP14_Vasculature_InfVenaCava_SS2_B134014_D102103_Immune_D5,8683,TSP14,inferior vena cava,macrophage,Macrophage
ts_immune_all_0677,TSP14_Vasculature_InfVenaCava_SS2_B134014_D102103_Immune_L8,8684,TSP14,inferior vena cava,macrophage,Macrophage
ts_immune_all_0677,TSP14_Vasculature_InfVenaCava_SS2_B134014_D102103_Immune_J6,8685,TSP14,inferior vena cava,macrophage,Macrophage
ts_immune_all_0677,TSP14_Vasculature_InfVenaCava_SS2_B134014_D102103_Immune_I11,8686,TSP14,inferior vena cava,macrophage,Macrophage
ts_immune_all_0677,TSP14_Vasculature_InfVenaCava_SS2_B134014_D102103_Immune_I12,8687,TSP14,inferior vena cava,macrophage,Macrophage
ts_immune_all_0677,TSP14_Vasculature_InfVenaCava_SS2_B134014_D102103_Immune_I9,8689,TSP14,inferior vena cava,macrophage,Macrophage
ts_immune_all_0677,TSP14_Vasculature_InfVenaCava_SS2_B134014_D102103_Immune_O12,8692,TSP14,inferior vena cava,macrophage,Macrophage
ts_immune_all_0677,TSP14_Vasculature_InfVenaCava_SS2_B134014_D102103_Immune_K9,8693,TSP14,inferior vena cava,macrophage,Macrophage
ts_immune_all_0677,TSP14_Vasculature_InfVenaCava_SS2_B134014_D102103_Immune_K13,8694,TSP14,inferior vena cava,macrophage,Macrophage
ts_immune_all_0677,TSP14_Vasculature_InfVenaCava_SS2_B134014_D102103_Immune_O13,8700,TSP14,inferior vena cava,macrophage,Macrophage
ts_immune_all_0677,TSP14_Vasculature_InfVenaCava_SS2_B134014_D102103_Immune_B9,8701,TSP14,inferior vena cava,macrophage,Macrophage
ts_immune_all_0677,TSP14_Vasculature_InfVenaCava_SS2_B134014_D102103_Immune_E12,8702,TSP14,inferior vena cava,macrophage,Macrophage
ts_immune_all_0677,TSP14_Vasculature_InfVenaCava_SS2_B134014_D102103_Immune_L9,8703,TSP14,inferior vena cava,macrophage,Macrophage
ts_immune_all_0677,TSP14_Vasculature_InfVenaCava_SS2_B134014_D102103_Immune_O5,8704,TSP14,inferior vena cava,macrophage,Macrophage
ts_immune_all_0677,TSP14_Vasculature_InfVenaCava_SS2_B134014_D102103_Immune_K7,8705,TSP14,inferior vena cava,macrophage,Macrophage
ts_immune_all_0677,TSP14_Vasculature_InfVenaCava_SS2_B134014_D102103_Immune_A12,8706,TSP14,inferior vena cava,macrophage,Macrophage
ts_immune_all_0677,TSP14_Vasculature_InfVenaCava_SS2_B134014_D102103_Immune_K5,8708,TSP14,inferior vena cava,macrophage,Macrophage
ts_immune_all_0677,TSP14_Vasculature_InfVenaCava_SS2_B134014_D102103_Immune_J13,8710,TSP14,inferior vena cava,macrophage,Macrophage
ts_immune_all_0677,TSP14_Vasculature_InfVenaCava_SS2_B134014_D102103_Immune_B11,8712,TSP14,inferior vena cava,macrophage,Macrophage
ts_immune_all_0677,TSP14_Vasculature_InfVenaCava_SS2_B134014_D102103_Immune_H8,8713,TSP14,inferior vena cava,macrophage,Macrophage
ts_immune_all_0677,TSP14_Vasculature_InfVenaCava_SS2_B134014_D102103_Immune_G5,8714,TSP14,inferior vena cava,macrophage,Macrophage
ts_immune_all_0677,TSP14_Vasculature_InfVenaCava_SS2_B134014_D102103_Immune_G10,8719,TSP14,inferior vena cava,macrophage,Macrophage
ts_immune_all_0677,TSP14_Vasculature_InfVenaCava_SS2_B134014_D102103_Immune_M6,8720,TSP14,inferior vena cava,macrophage,Macrophage
ts_immune_all_0677,TSP14_Vasculature_InfVenaCava_SS2_B134014_D102103_Immune_H7,8724,TSP14,inferior vena cava,macrophage,Macrophage
ts_immune_all_0677,TSP14_Vasculature_InfVenaCava_SS2_B134014_D102103_Immune_F13,8725,TSP14,inferior vena cava,macrophage,Macrophage
ts_immune_all_0677,TSP14_Vasculature_InfVenaCava_SS2_B134014_D102103_Immune_F9,8727,TSP14,inferior vena cava,macrophage,Macrophage
ts_immune_all_0677,TSP14_Vasculature_InfVenaCava_SS2_B134014_D102103_Immune_C10,8728,TSP14,inferior vena cava,macrophage,Macrophage
ts_immune_all_0677,TSP14_Vasculature_InfVenaCava_SS2_B134014_D102103_Immune_M12,8729,TSP14,inferior vena cava,macrophage,Macrophage
ts_immune_all_0677,TSP14_Vasculature_InfVenaCava_SS2_B134014_D102103_Immune_G7,8730,TSP14,inferior vena cava,macrophage,Macrophage
ts_immune_all_0677,TSP14_Vasculature_InfVenaCava_SS2_B134014_D102103_Immune_H12,8731,TSP14,inferior vena cava,macrophage,Macrophage
ts_immune_all_0677,TSP14_Vasculature_InfVenaCava_SS2_B134014_D102103_Immune_E8,8734,TSP14,inferior vena cava,macrophage,Macrophage
ts_immune_all_0677,TSP14_Vasculature_InfVenaCava_SS2_B134014_D102103_Immune_N13,8736,TSP14,inferior vena cava,macrophage,Macrophage
ts_immune_all_0677,TSP14_Vasculature_InfVenaCava_SS2_B134014_D102103_Immune_L13,8737,TSP14,inferior vena cava,macrophage,Macrophage
ts_immune_all_0677,TSP14_Vasculature_InfVenaCava_SS2_B134014_D102103_Immune_I8,8738,TSP14,inferior vena cava,macrophage,Macrophage
ts_immune_all_0677,TSP14_Vasculature_InfVenaCava_SS2_B134014_D102103_Immune_N6,8739,TSP14,inferior vena cava,macrophage,Macrophage
ts_immune_all_0677,TSP14_Vasculature_InfVenaCava_SS2_B134014_D102103_Immune_E9,8740,TSP14,inferior vena cava,macrophage,Macrophage
ts_immune_all_0677,TSP14_Vasculature_InfVenaCava_SS2_B134014_D102103_Immune_F12,8741,TSP14,inferior vena cava,macrophage,Macrophage
ts_immune_all_0677,TSP14_Vasculature_InfVenaCava_SS2_B134014_D102103_Immune_G11,8742,TSP14,inferior vena cava,macrophage,Macrophage
ts_immune_all_0677,TSP14_Vasculature_InfVenaCava_SS2_B134014_D102103_Immune_J7,8744,TSP14,inferior vena cava,macrophage,Macrophage
ts_immune_all_0677,TSP14_Vasculature_InfVenaCava_SS2_B134014_D102103_Immune_L6,8745,TSP14,inferior vena cava,macrophage,Macrophage
ts_immune_all_0764,TSP14_Vasculature_NA_SS2_B133792_B002629_Immune_I11,1332,TSP14,vasculature,"CD8-positive, alpha-beta T cell",Memory_CD4
ts_immune_all_0764,TSP14_Vasculature_NA_SS2_B133792_B002629_Immune_K11,1341,TSP14,vasculature,"CD8-positive, alpha-beta T cell",Memory_CD4
ts_immune_all_0764,TSP14_Vasculature_NA_SS2_B133792_B002629_Immune_K13,1342,TSP14,vasculature,"CD8-positive, alpha-beta T cell",Memory_CD4
ts_immune_all_0764,TSP14_Vasculature_NA_SS2_B133792_B002629_Immune_H8,1345,TSP14,vasculature,"CD8-positive, alpha-beta T cell",Memory_CD4
ts_immune_all_0764,TSP14_Vasculature_NA_SS2_B133792_B002629_Immune_O8,1349,TSP14,vasculature,"CD8-positive, alpha-beta T cell",Memory_CD4
ts_immune_all_0764,TSP14_Vasculature_NA_SS2_B133792_B002629_Immune_H7,1352,TSP14,vasculature,"CD8-positive, alpha-beta T cell",Memory_CD4
ts_immune_all_0764,TSP14_Vasculature_NA_SS2_B133792_B002629_Immune_N5,1358,TSP14,vasculature,"CD8-positive, alpha-beta T cell",Memory_CD4
ts_immune_all_0764,TSP14_Vasculature_NA_SS2_B133792_B002629_Immune_H13,1370,TSP14,vasculature,"CD8-positive, alpha-beta T cell",Memory_CD4
ts_immune_all_0764,TSP14_Vasculature_NA_SS2_B133792_B002629_Immune_A13,1372,TSP14,vasculature,"CD8-positive, alpha-beta T cell",Memory_CD4
ts_immune_all_0764,TSP14_Vasculature_NA_SS2_B133792_B002629_Immune_C13,1378,TSP14,vasculature,"CD8-positive, alpha-beta T cell",Memory_CD4
ts_immune_all_0764,TSP14_Vasculature_NA_SS2_B133792_B002629_Immune_N9,1390,TSP14,vasculature,"CD8-positive, alpha-beta T cell",Memory_CD4
ts_immune_all_0764,TSP14_Vasculature_NA_SS2_B133792_B002629_Immune_B11,1391,TSP14,vasculature,"CD8-positive, alpha-beta T cell",Memory_CD4
ts_immune_all_0764,TSP14_Vasculature_AortaVeneCava_10X_1_1_AAGCATCCAGATCCTA,412510,TSP14,vasculature,"CD8-positive, alpha-beta T cell",Memory_CD4
ts_immune_all_0764,TSP14_Vasculature_AortaVeneCava_10X_1_1_ACCAAACCACCGGAAA,412550,TSP14,vasculature,"CD8-positive, alpha-beta T cell",Memory_CD4
ts_immune_all_0764,TSP14_Vasculature_AortaVeneCava_10X_1_1_ACGTACACACTACACA,412563,TSP14,vasculature,"CD8-positive, alpha-beta T cell",Memory_CD4
ts_immune_all_0764,TSP14_Vasculature_AortaVeneCava_10X_1_1_ACTTCCGAGCACTCAT,412574,TSP14,vasculature,"CD8-positive, alpha-beta T cell",Memory_CD4
ts_immune_all_0764,TSP14_Vasculature_AortaVeneCava_10X_1_1_AGACTCAAGATCCAAA,412582,TSP14,vasculature,"CD8-positive, alpha-beta T cell",Memory_CD4
ts_immune_all_0764,TSP14_Vasculature_AortaVeneCava_10X_1_1_AGTGACTCATTGCCTC,412625,TSP14,vasculature,"CD8-positive, alpha-beta T cell",Memory_CD4
ts_immune_all_0764,TSP14_Vasculature_AortaVeneCava_10X_1_1_AGTTCGACATGGGTTT,412629,TSP14,vasculature,"CD8-positive, alpha-beta T cell",Memory_CD4
ts_immune_all_0764,TSP14_Vasculature_AortaVeneCava_10X_1_1_ATAGAGACAGTCAGTT,412633,TSP14,vasculature,"CD8-positive, alpha-beta T cell",Memory_CD4
ts_immune_all_0764,TSP14_Vasculature_AortaVeneCava_10X_1_1_ATAGGCTCAATCAGCT,412635,TSP14,vasculature,"CD8-positive, alpha-beta T cell",Memory_CD4
ts_immune_all_0764,TSP14_Vasculature_AortaVeneCava_10X_1_1_ATCGTAGTCGCGTTTC,412645,TSP14,vasculature,"CD8-positive, alpha-beta T cell",Memory_CD4
ts_immune_all_0764,TSP14_Vasculature_AortaVeneCava_10X_1_1_ATGCATGGTATGTCCA,412653,TSP14,vasculature,"CD8-positive, alpha-beta T cell",Memory_CD4
ts_immune_all_0764,TSP14_Vasculature_AortaVeneCava_10X_1_1_ATGTCCCCAACGGCCT,412656,TSP14,vasculature,"CD8-positive, alpha-beta T cell",Memory_CD4
ts_immune_all_0764,TSP14_Vasculature_AortaVeneCava_10X_1_1_ATTCAGGGTCACTCAA,412663,TSP14,vasculature,"CD8-positive, alpha-beta T cell",Memory_CD4
ts_immune_all_0764,TSP14_Vasculature_AortaVeneCava_10X_1_1_CCTCATGGTCACCACG,412755,TSP14,vasculature,"CD8-positive, alpha-beta T cell",Memory_CD4
ts_immune_all_0764,TSP14_Vasculature_AortaVeneCava_10X_1_1_CGAAGTTTCGATGCTA,412764,TSP14,vasculature,"CD8-positive, alpha-beta T cell",Memory_CD4
ts_immune_all_0764,TSP14_Vasculature_AortaVeneCava_10X_1_1_CTCAGAACACTGAATC,412810,TSP14,vasculature,"CD8-positive, alpha-beta T cell",Memory_CD4
ts_immune_all_0764,TSP14_Vasculature_AortaVeneCava_10X_1_1_CTCATCGAGTAGGAAG,412813,TSP14,vasculature,"CD8-positive, alpha-beta T cell",Memory_CD4
ts_immune_all_0764,TSP14_Vasculature_AortaVeneCava_10X_1_1_CTCCACAAGCCGGAAT,412818,TSP14,vasculature,"CD8-positive, alpha-beta T cell",Memory_CD4
ts_immune_all_0764,TSP14_Vasculature_AortaVeneCava_10X_1_1_CTTCCTTGTTGGACCC,412847,TSP14,vasculature,"CD8-positive, alpha-beta T cell",Memory_CD4
ts_immune_all_0764,TSP14_Vasculature_AortaVeneCava_10X_1_1_GACTCAACACAATTCG,412874,TSP14,vasculature,"CD8-positive, alpha-beta T cell",Memory_CD4
ts_immune_all_0764,TSP14_Vasculature_AortaVeneCava_10X_1_1_GCCATGGTCTGTCTCG,412914,TSP14,vasculature,"CD8-positive, alpha-beta T cell",Memory_CD4
ts_immune_all_0764,TSP14_Vasculature_AortaVeneCava_10X_1_1_GCTCAAAGTGACCTGC,412926,TSP14,vasculature,"CD8-positive, alpha-beta T cell",Memory_CD4
ts_immune_all_0764,TSP14_Vasculature_AortaVeneCava_10X_1_1_GGGTGTCAGTCAGCCC,412956,TSP14,vasculature,"CD8-positive, alpha-beta T cell",Memory_CD4
ts_immune_all_0764,TSP14_Vasculature_AortaVeneCava_10X_1_1_GTCTACCGTGGCTTAT,412995,TSP14,vasculature,"CD8-positive, alpha-beta T cell",Memory_CD4
ts_immune_all_0764,TSP14_Vasculature_AortaVeneCava_10X_1_1_TAACACGCAAGAATAC,413029,TSP14,vasculature,"CD8-positive, alpha-beta T cell",Memory_CD4
ts_immune_all_0764,TSP14_Vasculature_AortaVeneCava_10X_1_1_TAACACGGTAGGCTGA,413032,TSP14,vasculature,"CD8-positive, alpha-beta T cell",Memory_CD4
ts_immune_all_0764,TSP14_Vasculature_AortaVeneCava_10X_1_1_TACGTCCAGGTCATCT,413045,TSP14,vasculature,"CD8-positive, alpha-beta T cell",Memory_CD4
ts_immune_all_0764,TSP14_Vasculature_AortaVeneCava_10X_1_1_TCACGGGGTAGACAGC,413076,TSP14,vasculature,"CD8-positive, alpha-beta T cell",Memory_CD4
ts_immune_all_0764,TSP14_Vasculature_AortaVeneCava_10X_1_1_TCAGGGCGTAGTTACC,413082,TSP14,vasculature,"CD8-positive, alpha-beta T cell",Memory_CD4
ts_immune_all_0764,TSP14_Vasculature_AortaVeneCava_10X_1_1_TCATGCCTCGTAGGGA,413092,TSP14,vasculature,"CD8-positive, alpha-beta T cell",Memory_CD4
ts_immune_all_0764,TSP14_Vasculature_AortaVeneCava_10X_1_1_TGAGGGAAGTAACCTC,413145,TSP14,vasculature,"CD8-positive, alpha-beta T cell",Memory_CD4
ts_immune_all_0764,TSP14_Vasculature_AortaVeneCava_10X_1_1_TGGAACTAGCTCCGAC,413161,TSP14,vasculature,"CD8-positive, alpha-beta T cell",Memory_CD4
ts_immune_all_0764,TSP14_Vasculature_AortaVeneCava_10X_1_1_TGTCCCATCAAGTCGT,413179,TSP14,vasculature,"CD8-positive, alpha-beta T cell",Memory_CD4
ts_immune_all_0764,TSP14_Vasculature_AortaVeneCava_10X_1_1_TTCAATCTCAGATTGC,413198,TSP14,vasculature,"CD8-positive, alpha-beta T cell",Memory_CD4
ts_immune_all_0764,TSP14_Vasculature_AortaVeneCava_10X_1_1_TTCACCGAGGTCTACT,413199,TSP14,vasculature,"CD8-positive, alpha-beta T cell",Memory_CD4
ts_immune_all_0764,TSP14_Vasculature_AortaVeneCava_10X_1_1_TTCTTCCAGACTGTTC,413215,TSP14,vasculature,"CD8-positive, alpha-beta T cell",Memory_CD4
ts_immune_all_0764,TSP14_Vasculature_AortaVeneCava_10X_1_1_TTGTGTTTCATGAGTC,413226,TSP14,vasculature,"CD8-positive, alpha-beta T cell",Memory_CD4
ts_immune_all_1158,TSP21_Spleen_NA_10X_3_1_AAAGAACCAAAGCAAT,190615,TSP21,spleen,non-classical monocyte,NC_Mono
ts_immune_all_1158,TSP21_Spleen_NA_10X_3_1_ACTATTCGTTCCACGG,191124,TSP21,spleen,non-classical monocyte,NC_Mono
ts_immune_all_1158,TSP21_Spleen_NA_10X_3_1_AGAACAAAGAACCGCA,191221,TSP21,spleen,non-classical monocyte,NC_Mono
ts_immune_all_1158,TSP21_Spleen_NA_10X_3_1_ATAGGCTCAGAAGCGT,191679,TSP21,spleen,non-classical monocyte,NC_Mono
ts_immune_all_1158,TSP21_Spleen_NA_10X_3_1_CCAATGATCCCTTGGT,192442,TSP21,spleen,non-classical monocyte,NC_Mono
ts_immune_all_1158,TSP21_Spleen_NA_10X_3_1_CCTCCTCCAAGCGAGT,192698,TSP21,spleen,non-classical monocyte,NC_Mono
ts_immune_all_1158,TSP21_Spleen_NA_10X_3_1_CTCAATTCAGCCGTCA,193097,TSP21,spleen,non-classical monocyte,NC_Mono
ts_immune_all_1158,TSP21_Spleen_NA_10X_3_1_GGCACGTGTCCCAAAT,194092,TSP21,spleen,non-classical monocyte,NC_Mono
ts_immune_all_1158,TSP21_Spleen_NA_10X_3_1_TCAGCAAGTAGTGATA,195107,TSP21,spleen,non-classical monocyte,NC_Mono
ts_immune_all_1158,TSP21_Spleen_NA_10X_3_1_TCAGTTTCAGTACTAC,195146,TSP21,spleen,non-classical monocyte,NC_Mono
ts_immune_all_1158,TSP21_Spleen_NA_10X_1_1_CAATACGCACTACTTT,204890,TSP21,spleen,non-classical monocyte,NC_Mono
ts_immune_all_1158,TSP21_Spleen_NA_10X_1_1_GGGATCCTCGTGGACC,205619,TSP21,spleen,non-classical monocyte,NC_Mono
ts_immune_all_1158,TSP21_Spleen_NA_10X_1_1_TCATCATAGACGGATC,205995,TSP21,spleen,non-classical monocyte,NC_Mono
ts_immune_all_1158,TSP21_Spleen_NA_10X_2_1_AAGCGAGCAGTTTCAG,336600,TSP21,spleen,non-classical monocyte,NC_Mono
ts_immune_all_1158,TSP21_Spleen_NA_10X_2_1_AATCGTGCAAGCGATG,336636,TSP21,spleen,non-classical monocyte,NC_Mono
ts_immune_all_1158,TSP21_Spleen_NA_10X_2_1_AGAACCTCATCTCGTC,336798,TSP21,spleen,non-classical monocyte,NC_Mono
ts_immune_all_1158,TSP21_Spleen_NA_10X_2_1_AGGGAGTGTGCTCTTC,336914,TSP21,spleen,non-classical monocyte,NC_Mono
ts_immune_all_1158,TSP21_Spleen_NA_10X_2_1_AGGTTGTAGAAGCGCT,336938,TSP21,spleen,non-classical monocyte,NC_Mono
ts_immune_all_1158,TSP21_Spleen_NA_10X_2_1_ATTCCCGGTGCTGCAC,337115,TSP21,spleen,non-classical monocyte,NC_Mono
ts_immune_all_1158,TSP21_Spleen_NA_10X_2_1_ATTCTTGAGCACCGAA,337124,TSP21,spleen,non-classical monocyte,NC_Mono
ts_immune_all_1158,TSP21_Spleen_NA_10X_2_1_CAACAGTCACTGTCCT,337143,TSP21,spleen,non-classical monocyte,NC_Mono
ts_immune_all_1158,TSP21_Spleen_NA_10X_2_1_CACGTGGTCGAGAGCA,337211,TSP21,spleen,non-classical monocyte,NC_Mono
ts_immune_all_1158,TSP21_Spleen_NA_10X_2_1_CGAAGTTGTTGCCATA,337547,TSP21,spleen,non-classical monocyte,NC_Mono
ts_immune_all_1158,TSP21_Spleen_NA_10X_2_1_CGACAGCAGTCGAATA,337553,TSP21,spleen,non-classical monocyte,NC_Mono
ts_immune_all_1158,TSP21_Spleen_NA_10X_2_1_CGTGATAAGAAGCGGG,337622,TSP21,spleen,non-classical monocyte,NC_Mono
ts_immune_all_1158,TSP21_Spleen_NA_10X_2_1_CTTCCGATCGAACACT,337824,TSP21,spleen,non-classical monocyte,NC_Mono
ts_immune_all_1158,TSP21_Spleen_NA_10X_2_1_GAATCGTCAGGCACTC,337889,TSP21,spleen,non-classical monocyte,NC_Mono
ts_immune_all_1158,TSP21_Spleen_NA_10X_2_1_GAGGGATGTGGCCCAT,337982,TSP21,spleen,non-classical monocyte,NC_Mono
ts_immune_all_1158,TSP21_Spleen_NA_10X_2_1_GCAACATCACCGTGCA,338053,TSP21,spleen,non-classical monocyte,NC_Mono
ts_immune_all_1158,TSP21_Spleen_NA_10X_2_1_GGAGATGAGAAGCGGG,338176,TSP21,spleen,non-classical monocyte,NC_Mono
ts_immune_all_1158,TSP21_Spleen_NA_10X_2_1_GGCGTCATCTTAATCC,338202,TSP21,spleen,non-classical monocyte,NC_Mono
ts_immune_all_1158,TSP21_Spleen_NA_10X_2_1_GGGCTCAAGGAATCGC,338240,TSP21,spleen,non-classical monocyte,NC_Mono
ts_immune_all_1158,TSP21_Spleen_NA_10X_2_1_GTAACACTCGAACACT,338301,TSP21,spleen,non-classical monocyte,NC_Mono
ts_immune_all_1158,TSP21_Spleen_NA_10X_2_1_GTCTGTCAGTTGCGCC,338397,TSP21,spleen,non-classical monocyte,NC_Mono
ts_immune_all_1158,TSP21_Spleen_NA_10X_2_1_GTGTAACCATTGCTTT,338456,TSP21,spleen,non-classical monocyte,NC_Mono
ts_immune_all_1158,TSP21_Spleen_NA_10X_2_1_TGCTTGCGTTGGACTT,339001,TSP21,spleen,non-classical monocyte,NC_Mono
ts_immune_all_1158,TSP21_Spleen_NA_10X_2_1_TGGTAGTAGATCGCTT,339033,TSP21,spleen,non-classical monocyte,NC_Mono
ts_immune_all_1158,TSP21_Spleen_NA_10X_2_1_TGTAAGCGTCCTATAG,339046,TSP21,spleen,non-classical monocyte,NC_Mono
ts_immune_all_1158,TSP21_Spleen_NA_10X_2_1_TTACCATCAGCGTTTA,339108,TSP21,spleen,non-classical monocyte,NC_Mono
ts_immune_all_1158,TSP21_Spleen_NA_10X_2_1_TTTCGATCAAGGCGTA,339260,TSP21,spleen,non-classical monocyte,NC_Mono
ts_immune_all_1158,TSP21_Spleen_NA_10X_3_1_5prime_ACAGCTAAGAACTGTA,383767,TSP21,spleen,non-classical monocyte,NC_Mono
ts_immune_all_1158,TSP21_Spleen_NA_10X_3_1_5prime_ACGGGCTGTCGCTTCT,383871,TSP21,spleen,non-classical monocyte,NC_Mono
ts_immune_all_1158,TSP21_Spleen_NA_10X_3_1_5prime_AGTGGGACATCCGGGT,384064,TSP21,spleen,non-classical monocyte,NC_Mono
ts_immune_all_1158,TSP21_Spleen_NA_10X_3_1_5prime_CTAAGACAGTCACGCC,384768,TSP21,spleen,non-classical monocyte,NC_Mono
ts_immune_all_1158,TSP21_Spleen_NA_10X_3_1_5prime_GAACGGACAGGATCGA,384979,TSP21,spleen,non-classical monocyte,NC_Mono
ts_immune_all_1158,TSP21_Spleen_NA_10X_3_1_5prime_GTTAAGCGTCACCTAA,385578,TSP21,spleen,non-classical monocyte,NC_Mono
ts_immune_all_1158,TSP21_Spleen_NA_10X_3_1_5prime_TACGGATGTCTCTCTG,385647,TSP21,spleen,non-classical monocyte,NC_Mono
ts_immune_all_1158,TSP21_Spleen_NA_10X_3_1_5prime_TAGAGCTAGTGGGCTA,385696,TSP21,spleen,non-classical monocyte,NC_Mono
ts_immune_all_1158,TSP21_Spleen_NA_10X_3_1_5prime_TAGTGGTAGCGCTCCA,385714,TSP21,spleen,non-classical monocyte,NC_Mono
ts_immune_all_1201,TSP21_BoneMarrow_NA_10X_1_1_AACCATGAGATGGCGT,304136,TSP21,bone marrow,classical monocyte,Cl_Mono
ts_immune_all_1201,TSP21_BoneMarrow_NA_10X_1_1_ACATGCAAGGTGCTTT,304250,TSP21,bone marrow,classical monocyte,Cl_Mono
ts_immune_all_1201,TSP21_BoneMarrow_NA_10X_1_1_AGTCTCCTCTTCCCAG,304542,TSP21,bone marrow,classical monocyte,Cl_Mono
ts_immune_all_1201,TSP21_BoneMarrow_NA_10X_1_1_AGTGACTCAAGGTCAG,304544,TSP21,bone marrow,classical monocyte,Cl_Mono
ts_immune_all_1201,TSP21_BoneMarrow_NA_10X_1_1_ATCGGCGGTAGTTCCA,304613,TSP21,bone marrow,classical monocyte,Cl_Mono
ts_immune_all_1201,TSP21_BoneMarrow_NA_10X_1_1_ATGGGTTGTTCAAGTC,304649,TSP21,bone marrow,classical monocyte,Cl_Mono
ts_immune_all_1201,TSP21_BoneMarrow_NA_10X_1_1_ATGTCTTAGTTCTACG,304657,TSP21,bone marrow,classical monocyte,Cl_Mono
ts_immune_all_1201,TSP21_BoneMarrow_NA_10X_1_1_CAACCTCTCTGATGGT,304710,TSP21,bone marrow,classical monocyte,Cl_Mono
ts_immune_all_1201,TSP21_BoneMarrow_NA_10X_1_1_CAATCGAGTCCCAAAT,304728,TSP21,bone marrow,classical monocyte,Cl_Mono
ts_immune_all_1201,TSP21_BoneMarrow_NA_10X_1_1_CAATCGAGTGTCTTGA,304730,TSP21,bone marrow,classical monocyte,Cl_Mono
ts_immune_all_1201,TSP21_BoneMarrow_NA_10X_1_1_CAATTTCTCGGCTGTG,304733,TSP21,bone marrow,classical monocyte,Cl_Mono
ts_immune_all_1201,TSP21_BoneMarrow_NA_10X_1_1_CACTGGGAGGCTGAAC,304780,TSP21,bone marrow,classical monocyte,Cl_Mono
ts_immune_all_1201,TSP21_BoneMarrow_NA_10X_1_1_CATCCGTCACGTAACT,304844,TSP21,bone marrow,classical monocyte,Cl_Mono
ts_immune_all_1201,TSP21_BoneMarrow_NA_10X_1_1_CCTACGTCAGGCTACC,304972,TSP21,bone marrow,classical monocyte,Cl_Mono
ts_immune_all_1201,TSP21_BoneMarrow_NA_10X_1_1_CCTACGTCATCGTTCC,304973,TSP21,bone marrow,classical monocyte,Cl_Mono
ts_immune_all_1201,TSP21_BoneMarrow_NA_10X_1_1_CGAAGTTCATAACAGA,305017,TSP21,bone marrow,classical monocyte,Cl_Mono
ts_immune_all_1201,TSP21_BoneMarrow_NA_10X_1_1_CGAGAAGCAACACGAG,305026,TSP21,bone marrow,classical monocyte,Cl_Mono
ts_immune_all_1201,TSP21_BoneMarrow_NA_10X_1_1_CGCCAGAGTGGAACCA,305060,TSP21,bone marrow,classical monocyte,Cl_Mono
ts_immune_all_1201,TSP21_BoneMarrow_NA_10X_1_1_CGGGACTGTTAGCGGA,305081,TSP21,bone marrow,classical monocyte,Cl_Mono
ts_immune_all_1201,TSP21_BoneMarrow_NA_10X_1_1_CGTCAAAGTACGATGG,305115,TSP21,bone marrow,classical monocyte,Cl_Mono
ts_immune_all_1201,TSP21_BoneMarrow_NA_10X_1_1_CTGAATGGTCGTACTA,305254,TSP21,bone marrow,classical monocyte,Cl_Mono
ts_immune_all_1201,TSP21_BoneMarrow_NA_10X_1_1_GAACTGTAGGACAACC,305354,TSP21,bone marrow,classical monocyte,Cl_Mono
ts_immune_all_1201,TSP21_BoneMarrow_NA_10X_1_1_GAGACCCCAGTTTCAG,305435,TSP21,bone marrow,classical monocyte,Cl_Mono
ts_immune_all_1201,TSP21_BoneMarrow_NA_10X_1_1_GAGTCATCAACAAAGT,305466,TSP21,bone marrow,classical monocyte,Cl_Mono
ts_immune_all_1201,TSP21_BoneMarrow_NA_10X_1_1_GAGTCTACATGTGCTA,305471,TSP21,bone marrow,classical monocyte,Cl_Mono
ts_immune_all_1201,TSP21_BoneMarrow_NA_10X_1_1_GAGTGTTGTAGGTCAG,305478,TSP21,bone marrow,classical monocyte,Cl_Mono
ts_immune_all_1201,TSP21_BoneMarrow_NA_10X_1_1_GCATGATCATGTCTAG,305565,TSP21,bone marrow,classical monocyte,Cl_Mono
ts_immune_all_1201,TSP21_BoneMarrow_NA_10X_1_1_GCTGGGTGTCAGTTTG,305641,TSP21,bone marrow,classical monocyte,Cl_Mono
ts_immune_all_1201,TSP21_BoneMarrow_NA_10X_1_1_GCTTTCGTCTCCCATG,305652,TSP21,bone marrow,classical monocyte,Cl_Mono
ts_immune_all_1201,TSP21_BoneMarrow_NA_10X_1_1_GGCGTCAAGGGCCAAT,305681,TSP21,bone marrow,classical monocyte,Cl_Mono
ts_immune_all_1201,TSP21_BoneMarrow_NA_10X_1_1_GTAACACCACCGTACG,305789,TSP21,bone marrow,classical monocyte,Cl_Mono
ts_immune_all_1201,TSP21_BoneMarrow_NA_10X_1_1_GTAAGTCCATTCTTCA,305791,TSP21,bone marrow,classical monocyte,Cl_Mono
ts_immune_all_1201,TSP21_BoneMarrow_NA_10X_1_1_GTCAGCGCAATCGCCG,305836,TSP21,bone marrow,classical monocyte,Cl_Mono
ts_immune_all_1201,TSP21_BoneMarrow_NA_10X_1_1_GTCATTTCACAGCTTA,305848,TSP21,bone marrow,classical monocyte,Cl_Mono
ts_immune_all_1201,TSP21_BoneMarrow_NA_10X_1_1_GTTCATTAGAACCGCA,305952,TSP21,bone marrow,classical monocyte,Cl_Mono
ts_immune_all_1201,TSP21_BoneMarrow_NA_10X_1_1_GTTGAACAGTGGAAAG,305961,TSP21,bone marrow,classical monocyte,Cl_Mono
ts_immune_all_1201,TSP21_BoneMarrow_NA_10X_1_1_TCAAGACCACCTCAGG,306111,TSP21,bone marrow,classical monocyte,Cl_Mono
ts_immune_all_1201,TSP21_BoneMarrow_NA_10X_1_1_TCATATCCATAGGTTC,306179,TSP21,bone marrow,classical monocyte,Cl_Mono
ts_immune_all_1201,TSP21_BoneMarrow_NA_10X_1_1_TCGAAGTGTCATCAGT,306264,TSP21,bone marrow,classical monocyte,Cl_Mono
ts_immune_all_1201,TSP21_BoneMarrow_NA_10X_1_1_TGAGGAGAGATTGACA,306368,TSP21,bone marrow,classical monocyte,Cl_Mono
ts_immune_all_1201,TSP21_BoneMarrow_NA_10X_1_1_TGGATCACAGAGTTCT,306466,TSP21,bone marrow,classical monocyte,Cl_Mono
ts_immune_all_1201,TSP21_BoneMarrow_NA_10X_1_1_TGTAAGCCAACTTCTT,306504,TSP21,bone marrow,classical monocyte,Cl_Mono
ts_immune_all_1201,TSP21_BoneMarrow_NA_10X_1_1_TTGCTGCTCGCTGTCT,306670,TSP21,bone marrow,classical monocyte,Cl_Mono
ts_immune_all_1201,TSP21_BoneMarrow_NA_10X_1_1_TTTACTGTCCTTCGAC,306698,TSP21,bone marrow,classical monocyte,Cl_Mono
ts_immune_all_1201,TSP21_BoneMarrow_NA_10X_1_1_5prime_AGCTTGAAGCTCAACT,580846,TSP21,bone marrow,classical monocyte,Cl_Mono
ts_immune_all_1201,TSP21_BoneMarrow_NA_10X_1_1_5prime_CCTCAGTTCACGAAGG,581073,TSP21,bone marrow,classical monocyte,Cl_Mono
ts_immune_all_1201,TSP21_BoneMarrow_NA_10X_1_1_5prime_CCTCAGTTCCAAGCCG,581074,TSP21,bone marrow,classical monocyte,Cl_Mono
ts_immune_all_1201,TSP21_BoneMarrow_NA_10X_1_1_5prime_TATTACCTCGAATCCA,581522,TSP21,bone marrow,classical monocyte,Cl_Mono
ts_immune_all_1201,TSP21_BoneMarrow_NA_10X_1_1_5prime_TTCTCCTAGACTAGAT,581651,TSP21,bone marrow,classical monocyte,Cl_Mono
ts_immune_all_1462,TSP25_LymphNodes_Mesenteric_10X_1_1_AAACGCTGTACCCGAC,464171,TSP25,mesenteric lymph node,natural killer cell,NK
ts_immune_all_1462,TSP25_LymphNodes_Mesenteric_10X_1_1_AAAGAACAGCTCGCAC,464176,TSP25,mesenteric lymph node,natural killer cell,NK
ts_immune_all_1462,TSP25_LymphNodes_Mesenteric_10X_1_1_ACCAACAGTGAGTAGC,464707,TSP25,mesenteric lymph node,natural killer cell,NK
ts_immune_all_1462,TSP25_LymphNodes_Mesenteric_10X_1_1_ACCTACCTCAAGAGGC,464768,TSP25,mesenteric lymph node,natural killer cell,NK
ts_immune_all_1462,TSP25_LymphNodes_Mesenteric_10X_1_1_ACTTCGCTCGGCTTCT,464965,TSP25,mesenteric lymph node,natural killer cell,NK
ts_immune_all_1462,TSP25_LymphNodes_Mesenteric_10X_1_1_AGCGTATAGTGGAAGA,465200,TSP25,mesenteric lymph node,natural killer cell,NK
ts_immune_all_1462,TSP25_LymphNodes_Mesenteric_10X_1_1_AGCTCAAGTGACAACG,465221,TSP25,mesenteric lymph node,natural killer cell,NK
ts_immune_all_1462,TSP25_LymphNodes_Mesenteric_10X_1_1_AGCTCAATCCAGCTCT,465223,TSP25,mesenteric lymph node,natural killer cell,NK
ts_immune_all_1462,TSP25_LymphNodes_Mesenteric_10X_1_1_AGGCATTAGGTTCTAC,465297,TSP25,mesenteric lymph node,natural killer cell,NK
ts_immune_all_1462,TSP25_LymphNodes_Mesenteric_10X_1_1_ATCTTCAGTAGACGTG,465774,TSP25,mesenteric lymph node,natural killer cell,NK
ts_immune_all_1462,TSP25_LymphNodes_Mesenteric_10X_1_1_ATTCTACGTTCAAAGA,465974,TSP25,mesenteric lymph node,natural killer cell,NK
ts_immune_all_1462,TSP25_LymphNodes_Mesenteric_10X_1_1_CATAAGCCACACTTAG,466399,TSP25,mesenteric lymph node,natural killer cell,NK
ts_immune_all_1462,TSP25_LymphNodes_Mesenteric_10X_1_1_CCAAGCGAGATGAAGG,466624,TSP25,mesenteric lymph node,natural killer cell,NK
ts_immune_all_1462,TSP25_LymphNodes_Mesenteric_10X_1_1_CCACAAAGTTCAGTAC,466652,TSP25,mesenteric lymph node,natural killer cell,NK
ts_immune_all_1462,TSP25_LymphNodes_Mesenteric_10X_1_1_CCATAAGTCCGAACGC,466705,TSP25,mesenteric lymph node,natural killer cell,NK
ts_immune_all_1462,TSP25_LymphNodes_Mesenteric_10X_1_1_CCGTAGGAGAGGTCAC,466848,TSP25,mesenteric lymph node,natural killer cell,NK
ts_immune_all_1462,TSP25_LymphNodes_Mesenteric_10X_1_1_CGAGGCTTCGGACAAG,467065,TSP25,mesenteric lymph node,natural killer cell,NK
ts_immune_all_1462,TSP25_LymphNodes_Mesenteric_10X_1_1_CGCATAAGTACTCAAC,467107,TSP25,mesenteric lymph node,natural killer cell,NK
ts_immune_all_1462,TSP25_LymphNodes_Mesenteric_10X_1_1_CGGAATTAGTTACGGG,467147,TSP25,mesenteric lymph node,natural killer cell,NK
ts_immune_all_1462,TSP25_LymphNodes_Mesenteric_10X_1_1_CGTGCTTCACTTGTGA,467293,TSP25,mesenteric lymph node,natural killer cell,NK
ts_immune_all_1462,TSP25_LymphNodes_Mesenteric_10X_1_1_CGTTAGATCTCTATAC,467311,TSP25,mesenteric lymph node,natural killer cell,NK
ts_immune_all_1462,TSP25_LymphNodes_Mesenteric_10X_1_1_CTCAAGATCGAGTACT,467460,TSP25,mesenteric lymph node,natural killer cell,NK
ts_immune_all_1462,TSP25_LymphNodes_Mesenteric_10X_1_1_CTGGACGTCCCACAGG,467676,TSP25,mesenteric lymph node,natural killer cell,NK
ts_immune_all_1462,TSP25_LymphNodes_Mesenteric_10X_1_1_CTGTGAACACTTGTGA,467732,TSP25,mesenteric lymph node,natural killer cell,NK
ts_immune_all_1462,TSP25_LymphNodes_Mesenteric_10X_1_1_CTTCGGTCACATTCTT,467809,TSP25,mesenteric lymph node,natural killer cell,NK
ts_immune_all_1462,TSP25_LymphNodes_Mesenteric_10X_1_1_GAGCTGCCATCTAGAC,468128,TSP25,mesenteric lymph node,natural killer cell,NK
ts_immune_all_1462,TSP25_LymphNodes_Mesenteric_10X_1_1_GAGTGTTGTCTTCGAA,468192,TSP25,mesenteric lymph node,natural killer cell,NK
ts_immune_all_1462,TSP25_LymphNodes_Mesenteric_10X_1_1_GCACGTGAGGTCCCGT,468395,TSP25,mesenteric lymph node,natural killer cell,NK
ts_immune_all_1462,TSP25_LymphNodes_Mesenteric_10X_1_1_GTAATCGAGAGGCCAT,469165,TSP25,mesenteric lymph node,natural killer cell,NK
ts_immune_all_1462,TSP25_LymphNodes_Mesenteric_10X_1_1_GTCACGGTCTGCTTTA,469311,TSP25,mesenteric lymph node,natural killer cell,NK
ts_immune_all_1462,TSP25_LymphNodes_Mesenteric_10X_1_1_GTGCTGGCAACTGTGT,469518,TSP25,mesenteric lymph node,natural killer cell,NK
ts_immune_all_1462,TSP25_LymphNodes_Mesenteric_10X_1_1_GTGGGAAGTCGTCGGT,469560,TSP25,mesenteric lymph node,natural killer cell,NK
ts_immune_all_1462,TSP25_LymphNodes_Mesenteric_10X_1_1_GTTCTATTCGCTCATC,469693,TSP25,mesenteric lymph node,natural killer cell,NK
ts_immune_all_1462,TSP25_LymphNodes_Mesenteric_10X_1_1_TAAGCCAAGATAACAC,469809,TSP25,mesenteric lymph node,natural killer cell,NK
ts_immune_all_1462,TSP25_LymphNodes_Mesenteric_10X_1_1_TATATCCTCTCCCTAG,470103,TSP25,mesenteric lymph node,natural killer cell,NK
ts_immune_all_1462,TSP25_LymphNodes_Mesenteric_10X_1_1_TATCAGGAGCTCGAAG,470107,TSP25,mesenteric lymph node,natural killer cell,NK
ts_immune_all_1462,TSP25_LymphNodes_Mesenteric_10X_1_1_TCACACCAGAACGCGT,470249,TSP25,mesenteric lymph node,natural killer cell,NK
ts_immune_all_1462,TSP25_LymphNodes_Mesenteric_10X_1_1_TCATGGATCACCCTCA,470411,TSP25,mesenteric lymph node,natural killer cell,NK
ts_immune_all_1462,TSP25_LymphNodes_Mesenteric_10X_1_1_TCTCACGTCCGCACTT,470814,TSP25,mesenteric lymph node,natural killer cell,NK
ts_immune_all_1462,TSP25_LymphNodes_Mesenteric_10X_1_1_TCTCTGGCAGTAGGAC,470833,TSP25,mesenteric lymph node,natural killer cell,NK
ts_immune_all_1462,TSP25_LymphNodes_Mesenteric_10X_1_1_TGATCTTCACTTCAAG,471034,TSP25,mesenteric lymph node,natural killer cell,NK
ts_immune_all_1462,TSP25_LymphNodes_Mesenteric_10X_1_1_TGATTTCCATGGAAGC,471056,TSP25,mesenteric lymph node,natural killer cell,NK
ts_immune_all_1462,TSP25_LymphNodes_Mesenteric_10X_1_1_TGCTCCAGTCCAGTTA,471143,TSP25,mesenteric lymph node,natural killer cell,NK
ts_immune_all_1462,TSP25_LymphNodes_Mesenteric_10X_1_1_TGGTGATTCCAGCACG,471273,TSP25,mesenteric lymph node,natural killer cell,NK
ts_immune_all_1462,TSP25_LymphNodes_Mesenteric_10X_1_1_TGTGAGTCACGCGCTA,471339,TSP25,mesenteric lymph node,natural killer cell,NK
ts_immune_all_1462,TSP25_LymphNodes_Mesenteric_10X_1_1_TGTTCCGGTATGTCCA,471404,TSP25,mesenteric lymph node,natural killer cell,NK
ts_immune_all_1462,TSP25_LymphNodes_Mesenteric_10X_1_1_TTCCTTCCAGGACAGT,471641,TSP25,mesenteric lymph node,natural killer cell,NK
ts_immune_all_1462,TSP25_LymphNodes_Mesenteric_10X_1_1_TTCGATTAGGCATCAG,471650,TSP25,mesenteric lymph node,natural killer cell,NK
ts_immune_all_1462,TSP25_LymphNodes_Mesenteric_10X_1_1_TTGGGCGTCAATCCAG,471823,TSP25,mesenteric lymph node,natural killer cell,NK
ts_immune_all_1477,TSP25_Trachea_NA_10X_1_2_ACCCTCACAGGCTATT,122359,TSP25,trachea,"CD8-positive, alpha-beta T cell",Memory_CD4
ts_immune_all_1477,TSP25_Trachea_NA_10X_1_2_AGGAATACACAAGCTT,122501,TSP25,trachea,"CD8-positive, alpha-beta T cell",Memory_CD4
ts_immune_all_1477,TSP25_Trachea_NA_10X_1_2_ATAGACCCATCGAAGG,122574,TSP25,trachea,"CD8-positive, alpha-beta T cell",Memory_CD4
ts_immune_all_1477,TSP25_Trachea_NA_10X_1_2_CGTGTCTGTGCTTATG,122947,TSP25,trachea,"CD8-positive, alpha-beta T cell",Memory_CD4
ts_immune_all_1477,TSP25_Trachea_NA_10X_1_2_CTAACTTGTAACGTTC,122957,TSP25,trachea,"CD8-positive, alpha-beta T cell",Memory_CD4
ts_immune_all_1477,TSP25_Trachea_NA_10X_1_2_CTCACTGAGGTGGTTG,122985,TSP25,trachea,"CD8-positive, alpha-beta T cell",Memory_CD4
ts_immune_all_1477,TSP25_Trachea_NA_10X_1_2_GACTTCCCATCCGAGC,123137,TSP25,trachea,"CD8-positive, alpha-beta T cell",Memory_CD4
ts_immune_all_1477,TSP25_Trachea_NA_10X_1_2_GAGATGGGTCGTCGGT,123144,TSP25,trachea,"CD8-positive, alpha-beta T cell",Memory_CD4
ts_immune_all_1477,TSP25_Trachea_NA_10X_1_2_GATGATCTCCTACCAC,123180,TSP25,trachea,"CD8-positive, alpha-beta T cell",Memory_CD4
ts_immune_all_1477,TSP25_Trachea_NA_10X_1_2_GCAACATAGACTTCCA,123188,TSP25,trachea,"CD8-positive, alpha-beta T cell",Memory_CD4
ts_immune_all_1477,TSP25_Trachea_NA_10X_1_2_GCAACATAGTGTACAA,123189,TSP25,trachea,"CD8-positive, alpha-beta T cell",Memory_CD4
ts_immune_all_1477,TSP25_Trachea_NA_10X_1_2_GGCACGTAGTGAGTTA,123274,TSP25,trachea,"CD8-positive, alpha-beta T cell",Memory_CD4
ts_immune_all_1477,TSP25_Trachea_NA_10X_1_2_GGTAATCCAGGACTTT,123324,TSP25,trachea,"CD8-positive, alpha-beta T cell",Memory_CD4
ts_immune_all_1477,TSP25_Trachea_NA_10X_1_2_GGTGGCTTCTTCCACG,123333,TSP25,trachea,"CD8-positive, alpha-beta T cell",Memory_CD4
ts_immune_all_1477,TSP25_Trachea_NA_10X_1_2_GTCTGTCAGGTCTTTG,123406,TSP25,trachea,"CD8-positive, alpha-beta T cell",Memory_CD4
ts_immune_all_1477,TSP25_Trachea_NA_10X_1_2_GTCTTTAGTATGTCTG,123409,TSP25,trachea,"CD8-positive, alpha-beta T cell",Memory_CD4
ts_immune_all_1477,TSP25_Trachea_NA_10X_1_2_GTGCAGCCAAATACAG,123421,TSP25,trachea,"CD8-positive, alpha-beta T cell",Memory_CD4
ts_immune_all_1477,TSP25_Trachea_NA_10X_1_2_GTGGGAACACGACAGA,123438,TSP25,trachea,"CD8-positive, alpha-beta T cell",Memory_CD4
ts_immune_all_1477,TSP25_Trachea_NA_10X_1_2_GTGTTAGCAGCTGTGC,123455,TSP25,trachea,"CD8-positive, alpha-beta T cell",Memory_CD4
ts_immune_all_1477,TSP25_Trachea_NA_10X_1_2_TACCCGTGTCGTCGGT,123514,TSP25,trachea,"CD8-positive, alpha-beta T cell",Memory_CD4
ts_immune_all_1477,TSP25_Trachea_NA_10X_1_2_TCGTCCACAACGATTC,123708,TSP25,trachea,"CD8-positive, alpha-beta T cell",Memory_CD4
ts_immune_all_1477,TSP25_Trachea_NA_10X_1_2_TGATCTTCACTGATTG,123762,TSP25,trachea,"CD8-positive, alpha-beta T cell",Memory_CD4
ts_immune_all_1477,TSP25_Trachea_NA_10X_1_2_TGCTTCGAGATGCCGA,123800,TSP25,trachea,"CD8-positive, alpha-beta T cell",Memory_CD4
ts_immune_all_1477,TSP25_Trachea_NA_10X_1_2_TGGCGTGCAGCGGTTC,123817,TSP25,trachea,"CD8-positive, alpha-beta T cell",Memory_CD4
ts_immune_all_1477,TSP25_Trachea_NA_10X_1_2_TGTAAGCAGCTGTTCA,123834,TSP25,trachea,"CD8-positive, alpha-beta T cell",Memory_CD4
ts_immune_all_1477,TSP25_Trachea_NA_10X_1_2_TTCCAATTCTAACGGT,123897,TSP25,trachea,"CD8-positive, alpha-beta T cell",Memory_CD4
ts_immune_all_1477,TSP25_Trachea_NA_10X_1_2_TTCGATTTCTGCGGCA,123904,TSP25,trachea,"CD8-positive, alpha-beta T cell",Memory_CD4
ts_immune_all_1477,TSP25_Trachea_NA_10X_1_2_TTGGGCGTCGGAGATG,123935,TSP25,trachea,"CD8-positive, alpha-beta T cell",Memory_CD4
ts_immune_all_1477,TSP25_Trachea_NA_10X_1_2_TTTACCATCGAACTCA,123947,TSP25,trachea,"CD8-positive, alpha-beta T cell",Memory_CD4
ts_immune_all_1477,TSP25_Trachea_NA_10X_1_1_ATCACGACAGACCATT,362352,TSP25,trachea,"CD8-positive, alpha-beta T cell",Memory_CD4
ts_immune_all_1477,TSP25_Trachea_NA_10X_1_1_CAAGAGGGTCGGTACC,362462,TSP25,trachea,"CD8-positive, alpha-beta T cell",Memory_CD4
ts_immune_all_1477,TSP25_Trachea_NA_10X_1_1_CATCCGTAGAATTTGG,362546,TSP25,trachea,"CD8-positive, alpha-beta T cell",Memory_CD4
ts_immune_all_1477,TSP25_Trachea_NA_10X_1_1_CGGACACAGATCCGAG,362705,TSP25,trachea,"CD8-positive, alpha-beta T cell",Memory_CD4
ts_immune_all_1477,TSP25_Trachea_NA_10X_1_1_CGTGATACAGAGTCAG,362729,TSP25,trachea,"CD8-positive, alpha-beta T cell",Memory_CD4
ts_immune_all_1477,TSP25_Trachea_NA_10X_1_1_CTCAATTAGTGGACTG,362774,TSP25,trachea,"CD8-positive, alpha-beta T cell",Memory_CD4
ts_immune_all_1477,TSP25_Trachea_NA_10X_1_1_GAGTGTTAGCCTCAAT,362953,TSP25,trachea,"CD8-positive, alpha-beta T cell",Memory_CD4
ts_immune_all_1477,TSP25_Trachea_NA_10X_1_1_GCAGCCATCATGAGGG,363023,TSP25,trachea,"CD8-positive, alpha-beta T cell",Memory_CD4
ts_immune_all_1477,TSP25_Trachea_NA_10X_1_1_GCATCTCAGAGTCAGC,363034,TSP25,trachea,"CD8-positive, alpha-beta T cell",Memory_CD4
ts_immune_all_1477,TSP25_Trachea_NA_10X_1_1_GGGAAGTGTAGCTTGT,363137,TSP25,trachea,"CD8-positive, alpha-beta T cell",Memory_CD4
ts_immune_all_1477,TSP25_Trachea_NA_10X_1_1_GTATTGGGTGTGTGGA,363224,TSP25,trachea,"CD8-positive, alpha-beta T cell",Memory_CD4
ts_immune_all_1477,TSP25_Trachea_NA_10X_1_1_TAGGTTGGTGACTCTA,363405,TSP25,trachea,"CD8-positive, alpha-beta T cell",Memory_CD4
ts_immune_all_1477,TSP25_Trachea_NA_10X_1_1_TCAATTCGTACGGGAT,363447,TSP25,trachea,"CD8-positive, alpha-beta T cell",Memory_CD4
ts_immune_all_1477,TSP25_Trachea_NA_10X_1_1_TCAGTCCTCTCTGGTC,363480,TSP25,trachea,"CD8-positive, alpha-beta T cell",Memory_CD4
ts_immune_all_1477,TSP25_Trachea_NA_10X_1_1_TCCTAATTCTCAATCT,363531,TSP25,trachea,"CD8-positive, alpha-beta T cell",Memory_CD4
ts_immune_all_1477,TSP25_Trachea_NA_10X_1_1_TCGCAGGTCCGAGCTG,363552,TSP25,trachea,"CD8-positive, alpha-beta T cell",Memory_CD4
ts_immune_all_1477,TSP25_Trachea_NA_10X_1_1_TCTTTGAGTGGCAACA,363614,TSP25,trachea,"CD8-positive, alpha-beta T cell",Memory_CD4
ts_immune_all_1477,TSP25_Trachea_NA_10X_1_1_TGGATCACAATGTCAC,363687,TSP25,trachea,"CD8-positive, alpha-beta T cell",Memory_CD4
ts_immune_all_1477,TSP25_Trachea_NA_10X_1_1_TTGAACGCATGCCGGT,363810,TSP25,trachea,"CD8-positive, alpha-beta T cell",Memory_CD4
ts_immune_all_1477,TSP25_Trachea_NA_10X_1_1_TTGGTTTCAGCATTGT,363833,TSP25,trachea,"CD8-positive, alpha-beta T cell",Memory_CD4
ts_immune_all_1209,TSP21_Trachea_NA_10X_1_1_AAAGTCCTCGACATCA,210423,TSP21,trachea,"CD8-positive, alpha-beta T cell",Memory_CD4
ts_immune_all_1209,TSP21_Trachea_NA_10X_1_1_AACTTCTCACTCACTC,210426,TSP21,trachea,"CD8-positive, alpha-beta T cell",Memory_CD4
ts_immune_all_1209,TSP21_Trachea_NA_10X_1_1_AATGGCTTCAATGTCG,210431,TSP21,trachea,"CD8-positive, alpha-beta T cell",Memory_CD4
ts_immune_all_1209,TSP21_Trachea_NA_10X_1_1_ACCATTTAGTGTTGAA,210438,TSP21,trachea,"CD8-positive, alpha-beta T cell",Memory_CD4
ts_immune_all_1209,TSP21_Trachea_NA_10X_1_1_ACGGAAGCATCTCGTC,210443,TSP21,trachea,"CD8-positive, alpha-beta T cell",Memory_CD4
ts_immune_all_1209,TSP21_Trachea_NA_10X_1_1_ACTATTCTCGAGCCTG,210445,TSP21,trachea,"CD8-positive, alpha-beta T cell",Memory_CD4
ts_immune_all_1209,TSP21_Trachea_NA_10X_1_1_ACTCCCATCCTCAGGG,210446,TSP21,trachea,"CD8-positive, alpha-beta T cell",Memory_CD4
ts_immune_all_1209,TSP21_Trachea_NA_10X_1_1_AGACAAAAGCGAATGC,210452,TSP21,trachea,"CD8-positive, alpha-beta T cell",Memory_CD4
ts_immune_all_1209,TSP21_Trachea_NA_10X_1_1_AGAGCAGAGGCGTCCT,210454,TSP21,trachea,"CD8-positive, alpha-beta T cell",Memory_CD4
ts_immune_all_1209,TSP21_Trachea_NA_10X_1_1_AGCCAGCCAGGCATGA,210459,TSP21,trachea,"CD8-positive, alpha-beta T cell",Memory_CD4
ts_immune_all_1209,TSP21_Trachea_NA_10X_1_1_AGCCAGCGTGAGCCAA,210460,TSP21,trachea,"CD8-positive, alpha-beta T cell",Memory_CD4
ts_immune_all_1209,TSP21_Trachea_NA_10X_1_1_AGCTACAGTGCCCTTT,210462,TSP21,trachea,"CD8-positive, alpha-beta T cell",Memory_CD4
ts_immune_all_1209,TSP21_Trachea_NA_10X_1_1_AGGGCCTCAGTAGTGG,210467,TSP21,trachea,"CD8-positive, alpha-beta T cell",Memory_CD4
ts_immune_all_1209,TSP21_Trachea_NA_10X_1_1_AGGGTGACAACCAATC,210468,TSP21,trachea,"CD8-positive, alpha-beta T cell",Memory_CD4
ts_immune_all_1209,TSP21_Trachea_NA_10X_1_1_AGGTAGGGTCGAGATG,210471,TSP21,trachea,"CD8-positive, alpha-beta T cell",Memory_CD4
ts_immune_all_1209,TSP21_Trachea_NA_10X_1_1_ATCGTCCAGGTAGTAT,210478,TSP21,trachea,"CD8-positive, alpha-beta T cell",Memory_CD4
ts_immune_all_1209,TSP21_Trachea_NA_10X_1_1_ATCGTCCCACCAGACC,210479,TSP21,trachea,"CD8-positive, alpha-beta T cell",Memory_CD4
ts_immune_all_1209,TSP21_Trachea_NA_10X_1_1_ATTACCTAGGTATTGA,210486,TSP21,trachea,"CD8-positive, alpha-beta T cell",Memory_CD4
ts_immune_all_1209,TSP21_Trachea_NA_10X_1_1_CAAGACTGTCGCAACC,210492,TSP21,trachea,"CD8-positive, alpha-beta T cell",Memory_CD4
ts_immune_all_1209,TSP21_Trachea_NA_10X_1_1_CACAGATGTAGTATAG,210495,TSP21,trachea,"CD8-positive, alpha-beta T cell",Memory_CD4
ts_immune_all_1209,TSP21_Trachea_NA_10X_1_1_CAGTGCGCAGACACCC,210503,TSP21,trachea,"CD8-positive, alpha-beta T cell",Memory_CD4
ts_immune_all_1209,TSP21_Trachea_NA_10X_1_1_CATTGAGCATCATCCC,210507,TSP21,trachea,"CD8-positive, alpha-beta T cell",Memory_CD4
ts_immune_all_1209,TSP21_Trachea_NA_10X_1_1_CCTCAACGTCTTACAG,210517,TSP21,trachea,"CD8-positive, alpha-beta T cell",Memory_CD4
ts_immune_all_1209,TSP21_Trachea_NA_10X_1_1_CCTTGTGCAGCCGTTG,210522,TSP21,trachea,"CD8-positive, alpha-beta T cell",Memory_CD4
ts_immune_all_1209,TSP21_Trachea_NA_10X_1_1_CTACCCAAGTAGTCTC,210537,TSP21,trachea,"CD8-positive, alpha-beta T cell",Memory_CD4
ts_immune_all_1209,TSP21_Trachea_NA_10X_1_1_CTCAAGAAGATCACCT,210540,TSP21,trachea,"CD8-positive, alpha-beta T cell",Memory_CD4
ts_immune_all_1209,TSP21_Trachea_NA_10X_1_1_CTCATGCTCTTGGTCC,210542,TSP21,trachea,"CD8-positive, alpha-beta T cell",Memory_CD4
ts_immune_all_1209,TSP21_Trachea_NA_10X_1_1_CTGTACCCATCCGCGA,210548,TSP21,trachea,"CD8-positive, alpha-beta T cell",Memory_CD4
ts_immune_all_1209,TSP21_Trachea_NA_10X_1_1_CTTCGGTAGAGCTGCA,210552,TSP21,trachea,"CD8-positive, alpha-beta T cell",Memory_CD4
ts_immune_all_1209,TSP21_Trachea_NA_10X_1_1_CTTCTAAAGCATGATA,210554,TSP21,trachea,"CD8-positive, alpha-beta T cell",Memory_CD4
ts_immune_all_1209,TSP21_Trachea_NA_10X_1_1_GAACACTAGCATGATA,210558,TSP21,trachea,"CD8-positive, alpha-beta T cell",Memory_CD4
ts_immune_all_1209,TSP21_Trachea_NA_10X_1_1_GAGTCATTCGCGGACT,210569,TSP21,trachea,"CD8-positive, alpha-beta T cell",Memory_CD4
ts_immune_all_1209,TSP21_Trachea_NA_10X_1_1_GATCCCTGTTATCTTC,210573,TSP21,trachea,"CD8-positive, alpha-beta T cell",Memory_CD4
ts_immune_all_1209,TSP21_Trachea_NA_10X_1_1_GATGAGGAGATACAGT,210575,TSP21,trachea,"CD8-positive, alpha-beta T cell",Memory_CD4
ts_immune_all_1209,TSP21_Trachea_NA_10X_1_1_GGGATCCTCGTCACCT,210590,TSP21,trachea,"CD8-positive, alpha-beta T cell",Memory_CD4
ts_immune_all_1209,TSP21_Trachea_NA_10X_1_1_TACACCCAGAGCAGAA,210619,TSP21,trachea,"CD8-positive, alpha-beta T cell",Memory_CD4
ts_immune_all_1209,TSP21_Trachea_NA_10X_1_1_TAGATCGCAGGAGACT,210627,TSP21,trachea,"CD8-positive, alpha-beta T cell",Memory_CD4
ts_immune_all_1209,TSP21_Trachea_NA_10X_1_1_TAGGGTTTCGGCTTCT,210628,TSP21,trachea,"CD8-positive, alpha-beta T cell",Memory_CD4
ts_immune_all_1209,TSP21_Trachea_NA_10X_1_1_TCACACCGTGAATGAT,210632,TSP21,trachea,"CD8-positive, alpha-beta T cell",Memory_CD4
ts_immune_all_1209,TSP21_Trachea_NA_10X_1_1_TCCCACACATCACCAA,210638,TSP21,trachea,"CD8-positive, alpha-beta T cell",Memory_CD4
ts_immune_all_1209,TSP21_Trachea_NA_10X_1_1_TCCTTCTAGTCGTCTA,210643,TSP21,trachea,"CD8-positive, alpha-beta T cell",Memory_CD4
ts_immune_all_1209,TSP21_Trachea_NA_10X_1_1_TCGCTTGTCTGTTCAT,210649,TSP21,trachea,"CD8-positive, alpha-beta T cell",Memory_CD4
ts_immune_all_1209,TSP21_Trachea_NA_10X_1_1_TCGTGCTCAGAGTTGG,210650,TSP21,trachea,"CD8-positive, alpha-beta T cell",Memory_CD4
ts_immune_all_1209,TSP21_Trachea_NA_10X_1_1_TCTTCCTAGATGAATC,210657,TSP21,trachea,"CD8-positive, alpha-beta T cell",Memory_CD4
ts_immune_all_1209,TSP21_Trachea_NA_10X_1_1_TGGGCTGAGAAGCCTG,210668,TSP21,trachea,"CD8-positive, alpha-beta T cell",Memory_CD4
ts_immune_all_1209,TSP21_Trachea_NA_10X_1_1_TGGTAGTGTCCACTCT,210671,TSP21,trachea,"CD8-positive, alpha-beta T cell",Memory_CD4
ts_immune_all_1209,TSP21_Trachea_NA_10X_1_1_TTCACCGAGTGGCGAT,210682,TSP21,trachea,"CD8-positive, alpha-beta T cell",Memory_CD4
ts_immune_all_1209,TSP21_Trachea_NA_10X_1_1_TTCTTCCAGTGCGACA,210688,TSP21,trachea,"CD8-positive, alpha-beta T cell",Memory_CD4
ts_immune_all_1209,TSP21_Trachea_NA_10X_1_1_TTGGGCGTCGTCAGAT,210690,TSP21,trachea,"CD8-positive, alpha-beta T cell",Memory_CD4
ts_immune_all_1016,TSP21_Blood_NA_10X_3_1_5prime_ACGGGTCAGCCTTGAT,71050,TSP21,blood,plasma cell,Plasma
ts_immune_all_1016,TSP21_Blood_NA_10X_3_1_5prime_AGAGCTTAGCGGATCA,71081,TSP21,blood,plasma cell,Plasma
ts_immune_all_1016,TSP21_Blood_NA_10X_3_1_5prime_TCGGTAACAAGTAATG,71717,TSP21,blood,plasma cell,Plasma
ts_immune_all_1016,TSP21_Blood_NA_10X_3_1_5prime_TGACGGCCACGAAATA,71739,TSP21,blood,plasma cell,Plasma
ts_immune_all_1016,TSP21_Blood_NA_10X_2_1_AACGGGATCCTTGAAG,280240,TSP21,blood,plasma cell,Plasma
ts_immune_all_1016,TSP21_Blood_NA_10X_2_1_GGGTCACCAGTTAGGG,282350,TSP21,blood,plasma cell,Plasma
ts_immune_all_1016,TSP21_Blood_NA_10X_2_1_TCATGAGTCGGTCGGT,282951,TSP21,blood,plasma cell,Plasma
ts_immune_all_1016,TSP21_Blood_NA_10X_1_1_AACCTGAGTGCCCTTT,340182,TSP21,blood,plasma cell,Plasma
ts_immune_all_1016,TSP21_Blood_NA_10X_1_1_ACTGTGACAGTCTGGC,340364,TSP21,blood,plasma cell,Plasma
ts_immune_all_1016,TSP21_Blood_NA_10X_1_1_AGCTACAGTGCAGGAT,340430,TSP21,blood,plasma cell,Plasma
ts_immune_all_1016,TSP21_Blood_NA_10X_1_1_AGGACGAGTCCTGTTC,340438,TSP21,blood,plasma cell,Plasma
ts_immune_all_1016,TSP21_Blood_NA_10X_1_1_AGGTAGGAGGGTAGCT,340473,TSP21,blood,plasma cell,Plasma
ts_immune_all_1016,TSP21_Blood_NA_10X_1_1_CAATTTCCAAGACGAC,340673,TSP21,blood,plasma cell,Plasma
ts_immune_all_1016,TSP21_Blood_NA_10X_1_1_CAGTTAGAGCACAAAT,340734,TSP21,blood,plasma cell,Plasma
ts_immune_all_1016,TSP21_Blood_NA_10X_1_1_CGAAGGATCATTTGTC,340884,TSP21,blood,plasma cell,Plasma
ts_immune_all_1016,TSP21_Blood_NA_10X_1_1_CGCCATTCATACAGCT,340920,TSP21,blood,plasma cell,Plasma
ts_immune_all_1016,TSP21_Blood_NA_10X_1_1_GCGTGCACATCGCTCT,341294,TSP21,blood,plasma cell,Plasma
ts_immune_all_1016,TSP21_Blood_NA_10X_1_1_GTCACTCAGCAAGTCG,341474,TSP21,blood,plasma cell,Plasma
ts_immune_all_1016,TSP21_Blood_NA_10X_1_1_TATCAGGTCTTGCGCT,341704,TSP21,blood,plasma cell,Plasma
ts_immune_all_1016,TSP21_Blood_NA_10X_1_1_TTTCGATAGGCCTTCG,342197,TSP21,blood,plasma cell,Plasma
ts_immune_all_1016,TSP21_Blood_NA_10X_3_1_ACTGTGACATTAAAGG,386301,TSP21,blood,plasma cell,Plasma
ts_immune_all_1016,TSP21_Blood_NA_10X_3_1_AGCCAATCAACGATCT,386324,TSP21,blood,plasma cell,Plasma
ts_immune_all_1016,TSP21_Blood_NA_10X_3_1_AGTCTCCAGGCCTGCT,386354,TSP21,blood,plasma cell,Plasma
ts_immune_all_1016,TSP21_Blood_NA_10X_3_1_ATGTCTTCACAAATGA,386394,TSP21,blood,plasma cell,Plasma
ts_immune_all_1016,TSP21_Blood_NA_10X_3_1_ATTCCCGCAGCTAACT,386405,TSP21,blood,plasma cell,Plasma
ts_immune_all_1016,TSP21_Blood_NA_10X_3_1_CACACAAAGGACTTCT,386425,TSP21,blood,plasma cell,Plasma
ts_immune_all_1016,TSP21_Blood_NA_10X_3_1_CAGCCAGTCATAGGCT,386444,TSP21,blood,plasma cell,Plasma
ts_immune_all_1016,TSP21_Blood_NA_10X_3_1_CATTGTTGTTAGGCCC,386475,TSP21,blood,plasma cell,Plasma
ts_immune_all_1016,TSP21_Blood_NA_10X_3_1_CCACGTTCACCAAAGG,386487,TSP21,blood,plasma cell,Plasma
ts_immune_all_1016,TSP21_Blood_NA_10X_3_1_CCTACGTTCGTCTACC,386510,TSP21,blood,plasma cell,Plasma
ts_immune_all_1016,TSP21_Blood_NA_10X_3_1_CGGGTCAAGGTCATCT,386550,TSP21,blood,plasma cell,Plasma
ts_immune_all_1016,TSP21_Blood_NA_10X_3_1_CGTTAGACAGCAGTTT,386560,TSP21,blood,plasma cell,Plasma
ts_immune_all_1016,TSP21_Blood_NA_10X_3_1_CTCACTGAGCACCCAC,386581,TSP21,blood,plasma cell,Plasma
ts_immune_all_1016,TSP21_Blood_NA_10X_3_1_CTCACTGGTTGGGATG,386583,TSP21,blood,plasma cell,Plasma
ts_immune_all_1016,TSP21_Blood_NA_10X_3_1_CTGCGAGCAGAACATA,386615,TSP21,blood,plasma cell,Plasma
ts_immune_all_1016,TSP21_Blood_NA_10X_3_1_GATAGAACATACAGGG,386682,TSP21,blood,plasma cell,Plasma
ts_immune_all_1016,TSP21_Blood_NA_10X_3_1_GTAGAGGGTGATTGGG,386770,TSP21,blood,plasma cell,Plasma
ts_immune_all_1016,TSP21_Blood_NA_10X_3_1_GTTGTAGTCCTAGCTC,386815,TSP21,blood,plasma cell,Plasma
ts_immune_all_1016,TSP21_Blood_NA_10X_3_1_TCAAGCAAGTAAAGCT,386855,TSP21,blood,plasma cell,Plasma
ts_immune_all_1016,TSP21_Blood_NA_10X_3_1_TCCATGCCACTTCATT,386896,TSP21,blood,plasma cell,Plasma
ts_immune_all_1016,TSP21_Blood_NA_10X_3_1_TGATTTCCAGGGTCTC,386962,TSP21,blood,plasma cell,Plasma
ts_immune_all_1016,TSP21_Blood_NA_10X_3_1_TGCTGAAGTCATATGC,386973,TSP21,blood,plasma cell,Plasma
ts_immune_all_1016,TSP21_Blood_NA_10X_3_1_TGTTCTACATCATCCC,386994,TSP21,blood,plasma cell,Plasma
ts_immune_all_1016,TSP21_Blood_NA_10X_3_1_TTACTGTTCCTGTACC,387008,TSP21,blood,plasma cell,Plasma
ts_immune_all_1016,TSP21_Blood_NA_10X_3_2_ACTTATCCAGCAGTAG,542331,TSP21,blood,plasma cell,Plasma
ts_immune_all_1016,TSP21_Blood_NA_10X_3_2_TCAATTCCAGATACTC,546935,TSP21,blood,plasma cell,Plasma
ts_immune_all_1016,TSP21_Blood_NA_10X_3_2_TCAGGTAAGTGGTCAG,547020,TSP21,blood,plasma cell,Plasma
ts_immune_all_1016,TSP21_Blood_NA_10X_3_2_TTCTAACCATGTACGT,548223,TSP21,blood,plasma cell,Plasma
ts_immune_all_1016,TSP21_Blood_NA_10X_3_2_TTGAGTGTCAAGAAAC,548281,TSP21,blood,plasma cell,Plasma
ts_immune_all_0831,TSP14_Thymus_NA_SS2_B134098_D102004_Immune_I21,324,TSP14,thymus,erythrocyte,Erythrocyte
ts_immune_all_0831,TSP14_Thymus_NA_SS2_B134098_D102004_Immune_C19,337,TSP14,thymus,erythrocyte,Erythrocyte
ts_immune_all_0831,TSP14_Thymus_NA_SS2_B134535_B002631_Stromal_J23,6265,TSP14,thymus,erythrocyte,Erythrocyte
ts_immune_all_0831,TSP14_Thymus_NA_SS2_B134021_D102002_Immune_O23,12043,TSP14,thymus,erythrocyte,Erythrocyte
ts_immune_all_0831,TSP14_Thymus_NA_SS2_B134021_D102002_Immune_K18,12081,TSP14,thymus,erythrocyte,Erythrocyte
ts_immune_all_0831,TSP14_Thymus_NA_SS2_B134021_D102002_Immune_O15,12106,TSP14,thymus,erythrocyte,Erythrocyte
ts_immune_all_0831,TSP14_Thymus_NA_SS2_B134011_D102112_Endothelial_O15,17728,TSP14,thymus,erythrocyte,Erythrocyte
ts_immune_all_0831,TSP14_Thymus_NA_SS2_B134020_B002630_Immune_O16,20542,TSP14,thymus,erythrocyte,Erythrocyte
ts_immune_all_0831,TSP14_Thymus_NA_10X_2_1_5Prime_AACTCAGTCCTCATTA,189064,TSP14,thymus,erythrocyte,Erythrocyte
ts_immune_all_0831,TSP14_Thymus_NA_10X_2_1_5Prime_AACTTTCGTTTCGCTC,189083,TSP14,thymus,erythrocyte,Erythrocyte
ts_immune_all_0831,TSP14_Thymus_NA_10X_2_1_5Prime_AATCCAGTCCGAGCCA,189097,TSP14,thymus,erythrocyte,Erythrocyte
ts_immune_all_0831,TSP14_Thymus_NA_10X_2_1_5Prime_ACATACGGTCTTCAAG,189123,TSP14,thymus,erythrocyte,Erythrocyte
ts_immune_all_0831,TSP14_Thymus_NA_10X_2_1_5Prime_ACTTGTTTCAGGCGAA,189213,TSP14,thymus,erythrocyte,Erythrocyte
ts_immune_all_0831,TSP14_Thymus_NA_10X_2_1_5Prime_AGGCCACCACCAGGTC,189265,TSP14,thymus,erythrocyte,Erythrocyte
ts_immune_all_0831,TSP14_Thymus_NA_10X_2_1_5Prime_AGGTCATAGCCACTAT,189281,TSP14,thymus,erythrocyte,Erythrocyte
ts_immune_all_0831,TSP14_Thymus_NA_10X_2_1_5Prime_ATAACGCAGATCCGAG,189306,TSP14,thymus,erythrocyte,Erythrocyte
ts_immune_all_0831,TSP14_Thymus_NA_10X_2_1_5Prime_ATAGACCGTTACTGAC,189321,TSP14,thymus,erythrocyte,Erythrocyte
ts_immune_all_0831,TSP14_Thymus_NA_10X_2_1_5Prime_ATGGGAGGTAATTGGA,189357,TSP14,thymus,erythrocyte,Erythrocyte
ts_immune_all_0831,TSP14_Thymus_NA_10X_2_1_5Prime_ATTGGTGAGGGCTCTC,189375,TSP14,thymus,erythrocyte,Erythrocyte
ts_immune_all_0831,TSP14_Thymus_NA_10X_2_1_5Prime_CATCCACGTACAGTGG,189488,TSP14,thymus,erythrocyte,Erythrocyte
ts_immune_all_0831,TSP14_Thymus_NA_10X_2_1_5Prime_CGGACTGAGCCGATTT,189662,TSP14,thymus,erythrocyte,Erythrocyte
ts_immune_all_0831,TSP14_Thymus_NA_10X_2_1_5Prime_CGGAGTCGTTGCGTTA,189674,TSP14,thymus,erythrocyte,Erythrocyte
ts_immune_all_0831,TSP14_Thymus_NA_10X_2_1_5Prime_CTCACACGTTCCACAA,189761,TSP14,thymus,erythrocyte,Erythrocyte
ts_immune_all_0831,TSP14_Thymus_NA_10X_2_1_5Prime_CTCGAGGCACGTGAGA,189781,TSP14,thymus,erythrocyte,Erythrocyte
ts_immune_all_0831,TSP14_Thymus_NA_10X_2_1_5Prime_GATGCTACATCTATGG,189971,TSP14,thymus,erythrocyte,Erythrocyte
ts_immune_all_0831,TSP14_Thymus_NA_10X_2_1_5Prime_GGACAAGAGGGTTTCT,190076,TSP14,thymus,erythrocyte,Erythrocyte
ts_immune_all_0831,TSP14_Thymus_NA_10X_2_1_5Prime_GGACAAGTCAGATAAG,190079,TSP14,thymus,erythrocyte,Erythrocyte
ts_immune_all_0831,TSP14_Thymus_NA_10X_2_1_5Prime_GGCAATTAGAGACTTA,190095,TSP14,thymus,erythrocyte,Erythrocyte
ts_immune_all_0831,TSP14_Thymus_NA_10X_2_1_5Prime_GTAGTCAGTGTGACGA,190174,TSP14,thymus,erythrocyte,Erythrocyte
ts_immune_all_0831,TSP14_Thymus_NA_10X_2_1_5Prime_GTCAAGTCAGGGATTG,190183,TSP14,thymus,erythrocyte,Erythrocyte
ts_immune_all_0831,TSP14_Thymus_NA_10X_2_1_5Prime_TCCACACAGACACTAA,190365,TSP14,thymus,erythrocyte,Erythrocyte
ts_immune_all_0831,TSP14_Thymus_NA_10X_2_1_5Prime_TCGTAGAAGTCGTACT,190387,TSP14,thymus,erythrocyte,Erythrocyte
ts_immune_all_0831,TSP14_Thymus_NA_10X_2_1_5Prime_TTAACTCAGTACGCGA,190494,TSP14,thymus,erythrocyte,Erythrocyte
ts_immune_all_0831,TSP14_Thymus_NA_10X_2_1_AATGGAACACTTGTCC,393363,TSP14,thymus,erythrocyte,Erythrocyte
ts_immune_all_0831,TSP14_Thymus_NA_10X_2_1_ACACAGTAGTCCGCGT,393372,TSP14,thymus,erythrocyte,Erythrocyte
ts_immune_all_0831,TSP14_Thymus_NA_10X_2_1_ATTCCCGCAACTACGT,393608,TSP14,thymus,erythrocyte,Erythrocyte
ts_immune_all_0831,TSP14_Thymus_NA_10X_2_1_CCCTCTCAGTCGTCTA,393733,TSP14,thymus,erythrocyte,Erythrocyte
ts_immune_all_0831,TSP14_Thymus_NA_10X_2_1_CCTCAGTAGAGCATCG,393757,TSP14,thymus,erythrocyte,Erythrocyte
ts_immune_all_0831,TSP14_Thymus_NA_10X_2_1_CGAAGTTCAAAGAACT,393771,TSP14,thymus,erythrocyte,Erythrocyte
ts_immune_all_0831,TSP14_Thymus_NA_10X_2_1_CGCCATTGTTGGGACA,393791,TSP14,thymus,erythrocyte,Erythrocyte
ts_immune_all_0831,TSP14_Thymus_NA_10X_2_1_GAGACCCAGCGTTAGG,393957,TSP14,thymus,erythrocyte,Erythrocyte
ts_immune_all_0831,TSP14_Thymus_NA_10X_2_1_GCAGCTGTCGGTCGAC,394004,TSP14,thymus,erythrocyte,Erythrocyte
ts_immune_all_0831,TSP14_Thymus_NA_10X_2_1_GCCCAGAAGTTTGAGA,394022,TSP14,thymus,erythrocyte,Erythrocyte
ts_immune_all_0831,TSP14_Thymus_NA_10X_2_1_GGAATGGTCACTGGGC,394064,TSP14,thymus,erythrocyte,Erythrocyte
ts_immune_all_0831,TSP14_Thymus_NA_10X_2_1_GTCCTCACATGCGGTC,394158,TSP14,thymus,erythrocyte,Erythrocyte
ts_immune_all_0831,TSP14_Thymus_NA_10X_2_1_TACCGGGTCTTCCTAA,394247,TSP14,thymus,erythrocyte,Erythrocyte
ts_immune_all_0831,TSP14_Thymus_NA_10X_2_1_TACGCTCGTCTCTCCA,394251,TSP14,thymus,erythrocyte,Erythrocyte
ts_immune_all_0831,TSP14_Thymus_NA_10X_2_1_TATGTTCGTACGGGAT,394282,TSP14,thymus,erythrocyte,Erythrocyte
ts_immune_all_0831,TSP14_Thymus_NA_10X_2_1_TTGGGCGAGGAGAGGC,394535,TSP14,thymus,erythrocyte,Erythrocyte
ts_immune_all_1035,TSP21_Heart_Left_10X_1_2_AAGAACATCCACAGGC,412253,TSP21,heart,monocyte,Cl_Mono
ts_immune_all_1035,TSP21_Heart_Left_10X_1_2_AGGAAATGTCATTCCC,412283,TSP21,heart,monocyte,Cl_Mono
ts_immune_all_1035,TSP21_Heart_Left_10X_1_2_AGGGTGACAGGGATAC,412284,TSP21,heart,monocyte,Cl_Mono
ts_immune_all_1035,TSP21_Heart_Left_10X_1_2_AGGTTGTAGATGGCAC,412287,TSP21,heart,monocyte,Cl_Mono
ts_immune_all_1035,TSP21_Heart_Left_10X_1_2_AGTGCCGCACAACCGC,412291,TSP21,heart,monocyte,Cl_Mono
ts_immune_all_1035,TSP21_Heart_Left_10X_1_2_ATAGACCCAAATACGA,412293,TSP21,heart,monocyte,Cl_Mono
ts_immune_all_1035,TSP21_Heart_Left_10X_1_2_ATTATCCTCTGGTCAA,412302,TSP21,heart,monocyte,Cl_Mono
ts_immune_all_1035,TSP21_Heart_Left_10X_1_2_CAAGACTTCGCCAACG,412308,TSP21,heart,monocyte,Cl_Mono
ts_immune_all_1035,TSP21_Heart_Left_10X_1_2_CCGGACAGTGGATCGA,412327,TSP21,heart,monocyte,Cl_Mono
ts_immune_all_1035,TSP21_Heart_Left_10X_1_2_CGTTCTGTCAGACAAA,412343,TSP21,heart,monocyte,Cl_Mono
ts_immune_all_1035,TSP21_Heart_Left_10X_1_2_CTACTATCACTTGGGC,412345,TSP21,heart,monocyte,Cl_Mono
ts_immune_all_1035,TSP21_Heart_Left_10X_1_2_GAATCGTTCTAGCAAC,412361,TSP21,heart,monocyte,Cl_Mono
ts_immune_all_1035,TSP21_Heart_Left_10X_1_2_GAGGCCTGTCGGTAAG,412367,TSP21,heart,monocyte,Cl_Mono
ts_immune_all_1035,TSP21_Heart_Left_10X_1_2_GCATCGGTCCTGTAGA,412377,TSP21,heart,monocyte,Cl_Mono
ts_immune_all_1035,TSP21_Heart_Left_10X_1_2_GCATCTCTCTACCCAC,412378,TSP21,heart,monocyte,Cl_Mono
ts_immune_all_1035,TSP21_Heart_Left_10X_1_2_GCCATGGTCGTAACAC,412382,TSP21,heart,monocyte,Cl_Mono
ts_immune_all_1035,TSP21_Heart_Left_10X_1_2_GGGAAGTTCTCTAAGG,412390,TSP21,heart,monocyte,Cl_Mono
ts_immune_all_1035,TSP21_Heart_Left_10X_1_2_GGGTGTCCAGGCGATA,412397,TSP21,heart,monocyte,Cl_Mono
ts_immune_all_1035,TSP21_Heart_Left_10X_1_2_GTACAACTCCTTGGAA,412398,TSP21,heart,monocyte,Cl_Mono
ts_immune_all_1035,TSP21_Heart_Left_10X_1_2_GTCATCCAGCAGAAAG,412400,TSP21,heart,monocyte,Cl_Mono
ts_immune_all_1035,TSP21_Heart_Left_10X_1_2_GTCATTTAGTACCGGA,412401,TSP21,heart,monocyte,Cl_Mono
ts_immune_all_1035,TSP21_Heart_Left_10X_1_2_GTCCACTTCCGAACGC,412402,TSP21,heart,monocyte,Cl_Mono
ts_immune_all_1035,TSP21_Heart_Left_10X_1_2_GTGATGTGTTGGCCTG,412407,TSP21,heart,monocyte,Cl_Mono
ts_immune_all_1035,TSP21_Heart_Left_10X_1_2_GTGCGTGGTCGTCAGC,412409,TSP21,heart,monocyte,Cl_Mono
ts_immune_all_1035,TSP21_Heart_Left_10X_1_2_GTGGAAGGTATGAGGC,412412,TSP21,heart,monocyte,Cl_Mono
ts_immune_all_1035,TSP21_Heart_Left_10X_1_2_GTTACCCTCCGCACTT,412415,TSP21,heart,monocyte,Cl_Mono
ts_immune_all_1035,TSP21_Heart_Left_10X_1_2_GTTGCTCCACTTCTCG,412417,TSP21,heart,monocyte,Cl_Mono
ts_immune_all_1035,TSP21_Heart_Left_10X_1_2_GTTGTAGGTTGCTCAA,412418,TSP21,heart,monocyte,Cl_Mono
ts_immune_all_1035,TSP21_Heart_Left_10X_1_2_TAAGTCGGTTGGATCT,412420,TSP21,heart,monocyte,Cl_Mono
ts_immune_all_1035,TSP21_Heart_Left_10X_1_2_TACCGGGTCGTTGTGA,412425,TSP21,heart,monocyte,Cl_Mono
ts_immune_all_1035,TSP21_Heart_Left_10X_1_2_TACCTCGGTACGCGTC,412426,TSP21,heart,monocyte,Cl_Mono
ts_immune_all_1035,TSP21_Heart_Left_10X_1_2_TACGCTCAGAAGTGTT,412428,TSP21,heart,monocyte,Cl_Mono
ts_immune_all_1035,TSP21_Heart_Left_10X_1_2_TCATGCCGTCACTAGT,412440,TSP21,heart,monocyte,Cl_Mono
ts_immune_all_1035,TSP21_Heart_Left_10X_1_2_TCCATGCTCGCAATGT,412443,TSP21,heart,monocyte,Cl_Mono
ts_immune_all_1035,TSP21_Heart_Left_10X_1_2_TCGAAGTCACAAATCC,412447,TSP21,heart,monocyte,Cl_Mono
ts_immune_all_1035,TSP21_Heart_Left_10X_1_2_TCTCTGGAGACAACAT,412453,TSP21,heart,monocyte,Cl_Mono
ts_immune_all_1035,TSP21_Heart_Left_10X_1_2_TGTCCTGTCATTGCTT,412467,TSP21,heart,monocyte,Cl_Mono
ts_immune_all_1035,TSP21_Heart_Left_10X_1_2_TGTGATGAGGGCCCTT,412469,TSP21,heart,monocyte,Cl_Mono
ts_immune_all_1035,TSP21_Heart_Left_10X_1_2_TGTGCGGGTATCTCTT,412471,TSP21,heart,monocyte,Cl_Mono
ts_immune_all_1035,TSP21_Heart_Left_10X_1_2_TTCCGGTGTGGAACCA,412481,TSP21,heart,monocyte,Cl_Mono
ts_immune_all_1035,TSP21_Heart_Left_10X_1_2_TTCCTAAAGTTAACAG,412482,TSP21,heart,monocyte,Cl_Mono
ts_immune_all_1035,TSP21_Heart_Left_10X_1_2_TTGCATTGTGATGGCA,412484,TSP21,heart,monocyte,Cl_Mono
ts_immune_all_1035,TSP21_Heart_Left_10X_1_2_TTGTGGACATCTAGAC,412488,TSP21,heart,monocyte,Cl_Mono
ts_immune_all_1035,TSP21_Heart_Left_10X_1_1_ATTCAGGAGTCAAGCG,419630,TSP21,heart,monocyte,Cl_Mono
ts_immune_all_1035,TSP21_Heart_Left_10X_1_1_CAGCCAGAGCACACAG,419634,TSP21,heart,monocyte,Cl_Mono
ts_immune_all_1035,TSP21_Heart_Left_10X_1_1_CGAAGGATCTCCGATC,419645,TSP21,heart,monocyte,Cl_Mono
ts_immune_all_1035,TSP21_Heart_Left_10X_1_1_TCGGTCTGTCGCAGTC,419702,TSP21,heart,monocyte,Cl_Mono
ts_immune_all_1035,TSP21_Heart_Left_10X_1_1_TCTTAGTCAACTTCTT,419705,TSP21,heart,monocyte,Cl_Mono
ts_immune_all_1035,TSP21_Heart_Left_10X_1_1_TGTTGAGTCCCTTGGT,419709,TSP21,heart,monocyte,Cl_Mono
ts_immune_all_1436,TSP25_BoneMarrow_NA_10X_1_1_5prime_AAAGTAGTCGGTCTAA,323393,TSP25,bone marrow,B cell,Memory_B
ts_immune_all_1436,TSP25_BoneMarrow_NA_10X_1_1_5prime_ACACTGAAGAGGACGG,323445,TSP25,bone marrow,B cell,Memory_B
ts_immune_all_1436,TSP25_BoneMarrow_NA_10X_1_1_5prime_ACGAGGAGTGAAATCA,323469,TSP25,bone marrow,B cell,Memory_B
ts_immune_all_1436,TSP25_BoneMarrow_NA_10X_1_1_5prime_CACAAACTCTAACTGG,323674,TSP25,bone marrow,B cell,Memory_B
ts_immune_all_1436,TSP25_BoneMarrow_NA_10X_1_1_5prime_CATCAGATCATATCGG,323746,TSP25,bone marrow,B cell,Memory_B
ts_immune_all_1436,TSP25_BoneMarrow_NA_10X_1_1_5prime_CCGGTAGTCTGTCCGT,323788,TSP25,bone marrow,B cell,Memory_B
ts_immune_all_1436,TSP25_BoneMarrow_NA_10X_1_1_5prime_CGAACATAGATGCCTT,323831,TSP25,bone marrow,B cell,Memory_B
ts_immune_all_1436,TSP25_BoneMarrow_NA_10X_1_1_5prime_CGGAGTCAGATATACG,323877,TSP25,bone marrow,B cell,Memory_B
ts_immune_all_1436,TSP25_BoneMarrow_NA_10X_1_1_5prime_CTTAACTAGCGAGAAA,323990,TSP25,bone marrow,B cell,Memory_B
ts_immune_all_1436,TSP25_BoneMarrow_NA_10X_1_1_5prime_GATGAGGCAGTTTACG,324059,TSP25,bone marrow,B cell,Memory_B
ts_immune_all_1436,TSP25_BoneMarrow_NA_10X_1_1_5prime_GCAGTTATCCTAAGTG,324077,TSP25,bone marrow,B cell,Memory_B
ts_immune_all_1436,TSP25_BoneMarrow_NA_10X_1_1_5prime_GCCAAATTCTGCGGCA,324091,TSP25,bone marrow,B cell,Memory_B
ts_immune_all_1436,TSP25_BoneMarrow_NA_10X_1_1_5prime_GCGGGTTAGATATGCA,324117,TSP25,bone marrow,B cell,Memory_B
ts_immune_all_1436,TSP25_BoneMarrow_NA_10X_1_1_5prime_GCTTCCAAGATAGTCA,324129,TSP25,bone marrow,B cell,Memory_B
ts_immune_all_1436,TSP25_BoneMarrow_NA_10X_1_1_5prime_GGACGTCCATACTCTT,324158,TSP25,bone marrow,B cell,Memory_B
ts_immune_all_1436,TSP25_BoneMarrow_NA_10X_1_1_5prime_GTAACGTCAATGGAAT,324207,TSP25,bone marrow,B cell,Memory_B
ts_immune_all_1436,TSP25_BoneMarrow_NA_10X_1_1_5prime_TACGGGCCAAGAGGCT,324294,TSP25,bone marrow,B cell,Memory_B
ts_immune_all_1436,TSP25_BoneMarrow_NA_10X_1_1_5prime_TCAATCTTCGCCATAA,324344,TSP25,bone marrow,B cell,Memory_B
ts_immune_all_1436,TSP25_BoneMarrow_NA_10X_1_1_5prime_TGCGTGGCAATGTTGC,324449,TSP25,bone marrow,B cell,Memory_B
ts_immune_all_1436,TSP25_BoneMarrow_NA_10X_1_1_5prime_TTGTAGGCAAGACACG,324531,TSP25,bone marrow,B cell,Memory_B
ts_immune_all_1436,TSP25_BoneMarrow_NA_10X_1_1_5prime_TTTCCTCAGTACGATA,324543,TSP25,bone marrow,B cell,Memory_B
ts_immune_all_1436,TSP25_BoneMarrow_NA_10X_1_1_ACGGTTAGTACAGTCT,411068,TSP25,bone marrow,B cell,Memory_B
ts_immune_all_1436,TSP25_BoneMarrow_NA_10X_1_1_ACTGTGATCCTTTAGT,411088,TSP25,bone marrow,B cell,Memory_B
ts_immune_all_1436,TSP25_BoneMarrow_NA_10X_1_1_ATCTTCAAGTAGTCCT,411232,TSP25,bone marrow,B cell,Memory_B
ts_immune_all_1436,TSP25_BoneMarrow_NA_10X_1_1_CTCATGCGTTGGCTAT,411510,TSP25,bone marrow,B cell,Memory_B
ts_immune_all_1436,TSP25_BoneMarrow_NA_10X_1_1_TACTTACCAGTACTAC,411922,TSP25,bone marrow,B cell,Memory_B
ts_immune_all_1436,TSP25_BoneMarrow_NA_10X_1_1_TAGATCGGTACGCTTA,411930,TSP25,bone marrow,B cell,Memory_B
ts_immune_all_1436,TSP25_BoneMarrow_NA_10X_1_1_TCAAGCATCCTAGCGG,411958,TSP25,bone marrow,B cell,Memory_B
ts_immune_all_1436,TSP25_BoneMarrow_NA_10X_1_1_TCACATTTCGACTCCT,411969,TSP25,bone marrow,B cell,Memory_B
ts_immune_all_1436,TSP25_BoneMarrow_NA_10X_1_1_TCATTGTAGAATTGCA,411994,TSP25,bone marrow,B cell,Memory_B
ts_immune_all_1436,TSP25_BoneMarrow_NA_10X_1_1_TCATTTGAGGTCGAGT,411996,TSP25,bone marrow,B cell,Memory_B
ts_immune_all_1436,TSP25_BoneMarrow_NA_10X_1_1_TGGGAGAGTAACAGTA,412129,TSP25,bone marrow,B cell,Memory_B
ts_immune_all_1436,TSP25_BoneMarrow_NA_10X_1_1_TGGGATTCACGCTGTG,412131,TSP25,bone marrow,B cell,Memory_B
ts_immune_all_1436,TSP25_BoneMarrow_NA_10X_2_1_AATTCCTGTCCACACG,554893,TSP25,bone marrow,B cell,Memory_B
ts_immune_all_1436,TSP25_BoneMarrow_NA_10X_2_1_AGTGATCAGGGTACGT,555058,TSP25,bone marrow,B cell,Memory_B
ts_immune_all_1436,TSP25_BoneMarrow_NA_10X_2_1_CACTTCGCAAGGTACG,555182,TSP25,bone marrow,B cell,Memory_B
ts_immune_all_1436,TSP25_BoneMarrow_NA_10X_2_1_CCACCATTCGTGTTCC,555256,TSP25,bone marrow,B cell,Memory_B
ts_immune_all_1436,TSP25_BoneMarrow_NA_10X_2_1_CTCCATGAGTTGCCCG,555398,TSP25,bone marrow,B cell,Memory_B
ts_immune_all_1436,TSP25_BoneMarrow_NA_10X_2_1_GACACGCCAGTTGTTG,555467,TSP25,bone marrow,B cell,Memory_B
ts_immune_all_1436,TSP25_BoneMarrow_NA_10X_2_1_GGGCTCATCGGAACTT,555617,TSP25,bone marrow,B cell,Memory_B
ts_immune_all_1436,TSP25_BoneMarrow_NA_10X_2_1_GTACAGTTCAGCTCTC,555657,TSP25,bone marrow,B cell,Memory_B
ts_immune_all_1436,TSP25_BoneMarrow_NA_10X_2_1_TACCCGTTCCATGAGT,555774,TSP25,bone marrow,B cell,Memory_B
ts_immune_all_1436,TSP25_BoneMarrow_NA_10X_2_1_TACGCTCTCATCACCC,555781,TSP25,bone marrow,B cell,Memory_B
ts_immune_all_1436,TSP25_BoneMarrow_NA_10X_2_1_TACGGTAAGTCACGAG,555785,TSP25,bone marrow,B cell,Memory_B
ts_immune_all_1436,TSP25_BoneMarrow_NA_10X_2_1_TCCCAGTGTGTAGTGG,555871,TSP25,bone marrow,B cell,Memory_B
ts_immune_all_1436,TSP25_BoneMarrow_NA_10X_2_1_TTATTGCCAAGCGATG,556058,TSP25,bone marrow,B cell,Memory_B
ts_immune_all_1436,TSP25_BoneMarrow_NA_10X_2_1_TTGAGTGTCAGCCCAG,556088,TSP25,bone marrow,B cell,Memory_B
ts_immune_all_1436,TSP25_BoneMarrow_NA_10X_2_1_TTGCCTGCAGAGCCCT,556095,TSP25,bone marrow,B cell,Memory_B
ts_immune_all_0756,TSP14_Lung_proximal_SS2_B134631_D101271_Epithelial_A16,5539,TSP14,lung,non-classical monocyte,NC_Mono
ts_immune_all_0756,TSP14_Lung_proximal_SS2_B134631_D101271_Epithelial_D12,5542,TSP14,lung,non-classical monocyte,NC_Mono
ts_immune_all_0756,TSP14_Lung_proximal_SS2_B134631_D101271_Stromal_K2,5582,TSP14,lung,non-classical monocyte,NC_Mono
ts_immune_all_0756,TSP14_Lung_proximal_SS2_B134631_D101271_Epithelial_B15,5587,TSP14,lung,non-classical monocyte,NC_Mono
ts_immune_all_0756,TSP14_Lung_proximal_SS2_B134631_D101271_Epithelial_C13,5592,TSP14,lung,non-classical monocyte,NC_Mono
ts_immune_all_0756,TSP14_Lung_distal_SS2_B134543_D101269_Endothelial_E12,12984,TSP14,lung,non-classical monocyte,NC_Mono
ts_immune_all_0756,TSP14_Lung_distal_SS2_B134543_D101269_Immune_M2,12985,TSP14,lung,non-classical monocyte,NC_Mono
ts_immune_all_0756,TSP14_Lung_distal_SS2_B134543_D101269_Endothelial_E7,12989,TSP14,lung,non-classical monocyte,NC_Mono
ts_immune_all_0756,TSP14_Lung_distal_SS2_B134543_D101269_Immune_N8,12997,TSP14,lung,non-classical monocyte,NC_Mono
ts_immune_all_0756,TSP14_Lung_distal_SS2_B134543_D101269_Immune_N10,13013,TSP14,lung,non-classical monocyte,NC_Mono
ts_immune_all_0756,TSP14_Lung_distal_SS2_B134542_D101264_Immune_N22,20069,TSP14,lung,non-classical monocyte,NC_Mono
ts_immune_all_0756,TSP14_Lung_distal_SS2_B134542_D101264_Immune_N19,20078,TSP14,lung,non-classical monocyte,NC_Mono
ts_immune_all_0756,TSP14_Lung_distal_SS2_B134542_D101264_Immune_O19,20079,TSP14,lung,non-classical monocyte,NC_Mono
ts_immune_all_0756,TSP14_Lung_distal_SS2_B134542_D101264_Immune_M15,20083,TSP14,lung,non-classical monocyte,NC_Mono
ts_immune_all_0756,TSP14_Lung_distal_SS2_B134542_D101264_Immune_P19,20088,TSP14,lung,non-classical monocyte,NC_Mono
ts_immune_all_0756,TSP14_Lung_distal_SS2_B134542_D101264_Endothelial_G21,20091,TSP14,lung,non-classical monocyte,NC_Mono
ts_immune_all_0756,TSP14_Lung_distal_SS2_B134542_D101264_Immune_M2,20109,TSP14,lung,non-classical monocyte,NC_Mono
ts_immune_all_0756,TSP14_Lung_distal_SS2_B134542_D101264_Immune_P8,20110,TSP14,lung,non-classical monocyte,NC_Mono
ts_immune_all_0756,TSP14_Lung_distal_SS2_B134542_D101264_Endothelial_H17,20118,TSP14,lung,non-classical monocyte,NC_Mono
ts_immune_all_0756,TSP14_Lung_distal_SS2_B134542_D101264_Immune_O11,20125,TSP14,lung,non-classical monocyte,NC_Mono
ts_immune_all_0756,TSP14_Lung_distal_SS2_B134542_D101264_Immune_O14,20126,TSP14,lung,non-classical monocyte,NC_Mono
ts_immune_all_0756,TSP14_Lung_distal_SS2_B134542_D101264_Immune_M18,20131,TSP14,lung,non-classical monocyte,NC_Mono
ts_immune_all_0756,TSP14_Lung_distal_SS2_B134542_D101264_Immune_M17,20133,TSP14,lung,non-classical monocyte,NC_Mono
ts_immune_all_0756,TSP14_Lung_proximal_SS2_B133800_D101263_Immune_P23,21212,TSP14,lung,non-classical monocyte,NC_Mono
ts_immune_all_0756,TSP14_Lung_proximal_SS2_B133800_D101263_Immune_P17,21225,TSP14,lung,non-classical monocyte,NC_Mono
ts_immune_all_0756,TSP14_Lung_proximal_SS2_B133800_D101263_Immune_P15,21251,TSP14,lung,non-classical monocyte,NC_Mono
ts_immune_all_0756,TSP14_Lung_Proximal_10X_1_1_AAAGTCCCACTTTATC,445178,TSP14,lung,non-classical monocyte,NC_Mono
ts_immune_all_0756,TSP14_Lung_Proximal_10X_1_1_AGCGATTTCTCACCCA,445307,TSP14,lung,non-classical monocyte,NC_Mono
ts_immune_all_0756,TSP14_Lung_Proximal_10X_1_1_ATTACCTAGAGGTTAT,445389,TSP14,lung,non-classical monocyte,NC_Mono
ts_immune_all_0756,TSP14_Lung_Proximal_10X_1_1_CAGATACTCACTACTT,445441,TSP14,lung,non-classical monocyte,NC_Mono
ts_immune_all_0756,TSP14_Lung_Proximal_10X_1_1_CCACACTTCCTTCTTC,445489,TSP14,lung,non-classical monocyte,NC_Mono
ts_immune_all_0756,TSP14_Lung_Proximal_10X_1_1_CGAATTGTCTCAATCT,445540,TSP14,lung,non-classical monocyte,NC_Mono
ts_immune_all_0756,TSP14_Lung_Proximal_10X_1_1_GAGACCCAGAATCGCG,445689,TSP14,lung,non-classical monocyte,NC_Mono
ts_immune_all_0756,TSP14_Lung_Proximal_10X_1_1_GTGTGATAGCACCCAC,445882,TSP14,lung,non-classical monocyte,NC_Mono
ts_immune_all_0756,TSP14_Lung_Proximal_10X_1_1_TGCATCCAGCCACAAG,446078,TSP14,lung,non-classical monocyte,NC_Mono
ts_immune_all_0756,TSP14_Lung_Proximal_10X_1_1_TGCTTCGTCCTGTAAG,446093,TSP14,lung,non-classical monocyte,NC_Mono
ts_immune_all_0756,TSP14_Lung_Proximal_10X_1_1_TTACCGCTCGCAGATT,446139,TSP14,lung,non-classical monocyte,NC_Mono
ts_immune_all_0756,TSP14_Lung_Proximal_10X_1_1_TTGCGTCGTACCTAAC,446180,TSP14,lung,non-classical monocyte,NC_Mono
ts_immune_all_0756,TSP14_Lung_Distal_10X_1_1_AGCATCACAGTTCTAG,446373,TSP14,lung,non-classical monocyte,NC_Mono
ts_immune_all_0756,TSP14_Lung_Distal_10X_1_1_AGCGTCGCAACCGGAA,446385,TSP14,lung,non-classical monocyte,NC_Mono
ts_immune_all_0756,TSP14_Lung_Distal_10X_1_1_CTCCAACGTGTTCCAA,446770,TSP14,lung,non-classical monocyte,NC_Mono
ts_immune_all_0756,TSP14_Lung_Distal_10X_1_1_CTCGAGGTCACTTCTA,446779,TSP14,lung,non-classical monocyte,NC_Mono
ts_immune_all_0756,TSP14_Lung_Distal_10X_1_1_GAGACCCAGCTAGAGC,446850,TSP14,lung,non-classical monocyte,NC_Mono
ts_immune_all_0756,TSP14_Lung_Distal_10X_1_1_GCATCTCTCAGCCTTC,446900,TSP14,lung,non-classical monocyte,NC_Mono
ts_immune_all_0756,TSP14_Lung_Distal_10X_1_1_TGAACGTCAATGTCTG,447252,TSP14,lung,non-classical monocyte,NC_Mono
ts_immune_all_0756,TSP14_Lung_Distal_10X_1_1_TGAGACTCAAGAGATT,447263,TSP14,lung,non-classical monocyte,NC_Mono
ts_immune_all_0756,TSP14_Lung_Distal_10X_1_1_TTAGGGTTCAACCTTT,447366,TSP14,lung,non-classical monocyte,NC_Mono
ts_immune_all_0756,TSP14_Lung_Distal_10X_1_1_TTGCATTAGACAAGCC,447413,TSP14,lung,non-classical monocyte,NC_Mono
ts_immune_all_1604,TSP27_Mammary_NA_10X3primev31_1_2_AGACACTTCATTGGTG,203793,TSP27,mammary gland,"CD4-positive, alpha-beta T cell",Memory_CD4
ts_immune_all_1604,TSP27_Mammary_NA_10X3primev31_1_2_AGAGCCCTCTCCAAGA,203799,TSP27,mammary gland,"CD4-positive, alpha-beta T cell",Memory_CD4
ts_immune_all_1604,TSP27_Mammary_NA_10X3primev31_1_2_AGCTTCCGTCTACACA,203808,TSP27,mammary gland,"CD4-positive, alpha-beta T cell",Memory_CD4
ts_immune_all_1604,TSP27_Mammary_NA_10X3primev31_1_2_AGTTCCCTCACCGGTG,203839,TSP27,mammary gland,"CD4-positive, alpha-beta T cell",Memory_CD4
ts_immune_all_1604,TSP27_Mammary_NA_10X3primev31_1_2_ATCATTCAGCGTGTTT,203842,TSP27,mammary gland,"CD4-positive, alpha-beta T cell",Memory_CD4
ts_immune_all_1604,TSP27_Mammary_NA_10X3primev31_1_2_CAACAGTGTGACCGAA,203879,TSP27,mammary gland,"CD4-positive, alpha-beta T cell",Memory_CD4
ts_immune_all_1604,TSP27_Mammary_NA_10X3primev31_1_2_CAACCAAGTTCCCACT,203880,TSP27,mammary gland,"CD4-positive, alpha-beta T cell",Memory_CD4
ts_immune_all_1604,TSP27_Mammary_NA_10X3primev31_1_2_CATTTCAGTTGGTGTT,203932,TSP27,mammary gland,"CD4-positive, alpha-beta T cell",Memory_CD4
ts_immune_all_1604,TSP27_Mammary_NA_10X3primev31_1_2_CCATAAGTCTCTATGT,203944,TSP27,mammary gland,"CD4-positive, alpha-beta T cell",Memory_CD4
ts_immune_all_1604,TSP27_Mammary_NA_10X3primev31_1_2_CCCGAAGGTGGTTTAC,203947,TSP27,mammary gland,"CD4-positive, alpha-beta T cell",Memory_CD4
ts_immune_all_1604,TSP27_Mammary_NA_10X3primev31_1_2_CCCGAAGGTTCTCTCG,203948,TSP27,mammary gland,"CD4-positive, alpha-beta T cell",Memory_CD4
ts_immune_all_1604,TSP27_Mammary_NA_10X3primev31_1_2_CCCGAAGTCTGAGAGG,203949,TSP27,mammary gland,"CD4-positive, alpha-beta T cell",Memory_CD4
ts_immune_all_1604,TSP27_Mammary_NA_10X3primev31_1_2_CCGGTAGCAGTCCGTG,203962,TSP27,mammary gland,"CD4-positive, alpha-beta T cell",Memory_CD4
ts_immune_all_1604,TSP27_Mammary_NA_10X3primev31_1_2_CCGTAGGTCTAGTGAC,203963,TSP27,mammary gland,"CD4-positive, alpha-beta T cell",Memory_CD4
ts_immune_all_1604,TSP27_Mammary_NA_10X3primev31_1_2_CGGCAGTAGCTGTACT,203982,TSP27,mammary gland,"CD4-positive, alpha-beta T cell",Memory_CD4
ts_immune_all_1604,TSP27_Mammary_NA_10X3primev31_1_2_CGGGTGTCATACCGTA,203991,TSP27,mammary gland,"CD4-positive, alpha-beta T cell",Memory_CD4
ts_immune_all_1604,TSP27_Mammary_NA_10X3primev31_1_2_CGGTCAGAGGAAGTAG,203992,TSP27,mammary gland,"CD4-positive, alpha-beta T cell",Memory_CD4
ts_immune_all_1604,TSP27_Mammary_NA_10X3primev31_1_2_CTGATCCGTATGACAA,204031,TSP27,mammary gland,"CD4-positive, alpha-beta T cell",Memory_CD4
ts_immune_all_1604,TSP27_Mammary_NA_10X3primev31_1_2_GAATCGTCAACGTAAA,204058,TSP27,mammary gland,"CD4-positive, alpha-beta T cell",Memory_CD4
ts_immune_all_1604,TSP27_Mammary_NA_10X3primev31_1_2_GACGCTGTCACCATCC,204067,TSP27,mammary gland,"CD4-positive, alpha-beta T cell",Memory_CD4
ts_immune_all_1604,TSP27_Mammary_NA_10X3primev31_1_2_GACTGATGTACCACGC,204072,TSP27,mammary gland,"CD4-positive, alpha-beta T cell",Memory_CD4
ts_immune_all_1604,TSP27_Mammary_NA_10X3primev31_1_2_GAGCTGCCATGACTTG,204078,TSP27,mammary gland,"CD4-positive, alpha-beta T cell",Memory_CD4
ts_immune_all_1604,TSP27_Mammary_NA_10X3primev31_1_2_GATGACTTCCCTGGTT,204091,TSP27,mammary gland,"CD4-positive, alpha-beta T cell",Memory_CD4
ts_immune_all_1604,TSP27_Mammary_NA_10X3primev31_1_2_GATGTTGCATAGGTAA,204098,TSP27,mammary gland,"CD4-positive, alpha-beta T cell",Memory_CD4
ts_immune_all_1604,TSP27_Mammary_NA_10X3primev31_1_2_GCAACCGCACTTGAAC,204103,TSP27,mammary gland,"CD4-positive, alpha-beta T cell",Memory_CD4
ts_immune_all_1604,TSP27_Mammary_NA_10X3primev31_1_2_GCCAGGTAGTGGTTGG,204110,TSP27,mammary gland,"CD4-positive, alpha-beta T cell",Memory_CD4
ts_immune_all_1604,TSP27_Mammary_NA_10X3primev31_1_2_GCCATGGTCTAGACAC,204113,TSP27,mammary gland,"CD4-positive, alpha-beta T cell",Memory_CD4
ts_immune_all_1604,TSP27_Mammary_NA_10X3primev31_1_2_GCGGAAAAGCGGGTTA,204122,TSP27,mammary gland,"CD4-positive, alpha-beta T cell",Memory_CD4
ts_immune_all_1604,TSP27_Mammary_NA_10X3primev31_1_2_GCTACCTGTAAGTTAG,204131,TSP27,mammary gland,"CD4-positive, alpha-beta T cell",Memory_CD4
ts_immune_all_1604,TSP27_Mammary_NA_10X3primev31_1_2_GCTGAATTCCTAGAGT,204132,TSP27,mammary gland,"CD4-positive, alpha-beta T cell",Memory_CD4
ts_immune_all_1604,TSP27_Mammary_NA_10X3primev31_1_2_GGAACCCGTACGAAAT,204137,TSP27,mammary gland,"CD4-positive, alpha-beta T cell",Memory_CD4
ts_immune_all_1604,TSP27_Mammary_NA_10X3primev31_1_2_GTAACACCAAACCACT,204169,TSP27,mammary gland,"CD4-positive, alpha-beta T cell",Memory_CD4
ts_immune_all_1604,TSP27_Mammary_NA_10X3primev31_1_2_GTAGAAACATAGGCGA,204174,TSP27,mammary gland,"CD4-positive, alpha-beta T cell",Memory_CD4
ts_immune_all_1604,TSP27_Mammary_NA_10X3primev31_1_2_GTCCTCAGTCATAGTC,204182,TSP27,mammary gland,"CD4-positive, alpha-beta T cell",Memory_CD4
ts_immune_all_1604,TSP27_Mammary_NA_10X3primev31_1_2_GTGGAAGTCCTGCCAT,204204,TSP27,mammary gland,"CD4-positive, alpha-beta T cell",Memory_CD4
ts_immune_all_1604,TSP27_Mammary_NA_10X3primev31_1_2_GTGTGATTCTGACGCG,204209,TSP27,mammary gland,"CD4-positive, alpha-beta T cell",Memory_CD4
ts_immune_all_1604,TSP27_Mammary_NA_10X3primev31_1_2_GTTGCGGGTCTGTGAT,204224,TSP27,mammary gland,"CD4-positive, alpha-beta T cell",Memory_CD4
ts_immune_all_1604,TSP27_Mammary_NA_10X3primev31_1_2_GTTGCGGTCGGTAACT,204226,TSP27,mammary gland,"CD4-positive, alpha-beta T cell",Memory_CD4
ts_immune_all_1604,TSP27_Mammary_NA_10X3primev31_1_2_GTTGCTCAGTAGAATC,204227,TSP27,mammary gland,"CD4-positive, alpha-beta T cell",Memory_CD4
ts_immune_all_1604,TSP27_Mammary_NA_10X3primev31_1_2_TCAGCCTAGCACTCCG,204277,TSP27,mammary gland,"CD4-positive, alpha-beta T cell",Memory_CD4
ts_immune_all_1604,TSP27_Mammary_NA_10X3primev31_1_2_TCCATGCAGGGTATAT,204295,TSP27,mammary gland,"CD4-positive, alpha-beta T cell",Memory_CD4
ts_immune_all_1604,TSP27_Mammary_NA_10X3primev31_1_2_TCCGATCTCGTGCATA,204299,TSP27,mammary gland,"CD4-positive, alpha-beta T cell",Memory_CD4
ts_immune_all_1604,TSP27_Mammary_NA_10X3primev31_1_2_TCCTTCTAGTATGAGT,204304,TSP27,mammary gland,"CD4-positive, alpha-beta T cell",Memory_CD4
ts_immune_all_1604,TSP27_Mammary_NA_10X3primev31_1_2_TGTACAGAGTCCTGTA,204361,TSP27,mammary gland,"CD4-positive, alpha-beta T cell",Memory_CD4
ts_immune_all_1604,TSP27_Mammary_NA_10X3primev31_1_2_TGTTGGATCCCTGTTG,204375,TSP27,mammary gland,"CD4-positive, alpha-beta T cell",Memory_CD4
ts_immune_all_1604,TSP27_Mammary_NA_10X3primev31_1_2_TTCCTTCCATTCAGCA,204392,TSP27,mammary gland,"CD4-positive, alpha-beta T cell",Memory_CD4
ts_immune_all_1604,TSP27_Mammary_NA_10X3primev31_1_2_TTCTCTCCATACAGGG,204394,TSP27,mammary gland,"CD4-positive, alpha-beta T cell",Memory_CD4
ts_immune_all_0572,TSP10_Fat_SCAT_SS2_B134180_B133833_Immune_K9,7948,TSP10,subcutaneous adipose tissue,mast cell,Mast
ts_immune_all_0572,TSP10_Fat_SCAT_SS2_B134180_B133833_Immune_G5,8088,TSP10,subcutaneous adipose tissue,mast cell,Mast
ts_immune_all_0572,TSP10_FAT_SCAT_10X_1_1_AAAGGATTCCACGTGG,563549,TSP10,subcutaneous adipose tissue,mast cell,Mast
ts_immune_all_0572,TSP10_FAT_SCAT_10X_1_1_AACGTCACAGTCGCTG,563591,TSP10,subcutaneous adipose tissue,mast cell,Mast
ts_immune_all_0572,TSP10_FAT_SCAT_10X_1_1_AATCGTGTCCCGTTCA,563635,TSP10,subcutaneous adipose tissue,mast cell,Mast
ts_immune_all_0572,TSP10_FAT_SCAT_10X_1_1_ACAAGCTAGTCTTGGT,563660,TSP10,subcutaneous adipose tissue,mast cell,Mast
ts_immune_all_0572,TSP10_FAT_SCAT_10X_1_1_ACCTACCTCGACTCCT,563697,TSP10,subcutaneous adipose tissue,mast cell,Mast
ts_immune_all_0572,TSP10_FAT_SCAT_10X_1_1_ACGATCATCATGGTAC,563703,TSP10,subcutaneous adipose tissue,mast cell,Mast
ts_immune_all_0572,TSP10_FAT_SCAT_10X_1_1_ACTATGGTCTGTCCGT,563741,TSP10,subcutaneous adipose tissue,mast cell,Mast
ts_immune_all_0572,TSP10_FAT_SCAT_10X_1_1_ACTTCCGTCTATCGTT,563755,TSP10,subcutaneous adipose tissue,mast cell,Mast
ts_immune_all_0572,TSP10_FAT_SCAT_10X_1_1_AGAACCTTCTGACCCT,563769,TSP10,subcutaneous adipose tissue,mast cell,Mast
ts_immune_all_0572,TSP10_FAT_SCAT_10X_1_1_AGGTTACCACCCATAA,563877,TSP10,subcutaneous adipose tissue,mast cell,Mast
ts_immune_all_0572,TSP10_FAT_SCAT_10X_1_1_CAACCTCGTGACCTGC,564051,TSP10,subcutaneous adipose tissue,mast cell,Mast
ts_immune_all_0572,TSP10_FAT_SCAT_10X_1_1_CAGATTGGTCAGGCAA,564111,TSP10,subcutaneous adipose tissue,mast cell,Mast
ts_immune_all_0572,TSP10_FAT_SCAT_10X_1_1_CATGAGTAGACAGCTG,564167,TSP10,subcutaneous adipose tissue,mast cell,Mast
ts_immune_all_0572,TSP10_FAT_SCAT_10X_1_1_CCCTTAGGTCAGACTT,564245,TSP10,subcutaneous adipose tissue,mast cell,Mast
ts_immune_all_0572,TSP10_FAT_SCAT_10X_1_1_CCGTGAGCAGGCTCTG,564262,TSP10,subcutaneous adipose tissue,mast cell,Mast
ts_immune_all_0572,TSP10_FAT_SCAT_10X_1_1_CCGTGAGTCCTTCAGC,564263,TSP10,subcutaneous adipose tissue,mast cell,Mast
ts_immune_all_0572,TSP10_FAT_SCAT_10X_1_1_CCTCAACTCATTGGTG,564278,TSP10,subcutaneous adipose tissue,mast cell,Mast
ts_immune_all_0572,TSP10_FAT_SCAT_10X_1_1_CCTCATGCAGAGGAAA,564290,TSP10,subcutaneous adipose tissue,mast cell,Mast
ts_immune_all_0572,TSP10_FAT_SCAT_10X_1_1_CCTTGTGCACAACGCC,564309,TSP10,subcutaneous adipose tissue,mast cell,Mast
ts_immune_all_0572,TSP10_FAT_SCAT_10X_1_1_CGGCAGTCAGCTACAT,564367,TSP10,subcutaneous adipose tissue,mast cell,Mast
ts_immune_all_0572,TSP10_FAT_SCAT_10X_1_1_CTACATTTCTTACGGA,564415,TSP10,subcutaneous adipose tissue,mast cell,Mast
ts_immune_all_0572,TSP10_FAT_SCAT_10X_1_1_CTCAGTCCAGCTAACT,564455,TSP10,subcutaneous adipose tissue,mast cell,Mast
ts_immune_all_0572,TSP10_FAT_SCAT_10X_1_1_CTCATTAAGATGACCG,564462,TSP10,subcutaneous adipose tissue,mast cell,Mast
ts_immune_all_0572,TSP10_FAT_SCAT_10X_1_1_GAAGCCCCAACTCGAT,564600,TSP10,subcutaneous adipose tissue,mast cell,Mast
ts_immune_all_0572,TSP10_FAT_SCAT_10X_1_1_GAGGCAAGTCGTATGT,564678,TSP10,subcutaneous adipose tissue,mast cell,Mast
ts_immune_all_0572,TSP10_FAT_SCAT_10X_1_1_GCAACCGCATTCTCCG,564760,TSP10,subcutaneous adipose tissue,mast cell,Mast
ts_immune_all_0572,TSP10_FAT_SCAT_10X_1_1_GGCACGTTCACGATCA,564868,TSP10,subcutaneous adipose tissue,mast cell,Mast
ts_immune_all_0572,TSP10_FAT_SCAT_10X_1_1_GGCTTTCGTGAATATG,564878,TSP10,subcutaneous adipose tissue,mast cell,Mast
ts_immune_all_0572,TSP10_FAT_SCAT_10X_1_1_GGTCACGGTACTCAAC,564933,TSP10,subcutaneous adipose tissue,mast cell,Mast
ts_immune_all_0572,TSP10_FAT_SCAT_10X_1_1_GTCTAGAAGTGCTCAT,565039,TSP10,subcutaneous adipose tissue,mast cell,Mast
ts_immune_all_0572,TSP10_FAT_SCAT_10X_1_1_GTGAGCCCACCATAAC,565056,TSP10,subcutaneous adipose tissue,mast cell,Mast
ts_immune_all_0572,TSP10_FAT_SCAT_10X_1_1_TAACCAGAGTACAACA,565165,TSP10,subcutaneous adipose tissue,mast cell,Mast
ts_immune_all_0572,TSP10_FAT_SCAT_10X_1_1_TACTTGTAGCAACTTC,565220,TSP10,subcutaneous adipose tissue,mast cell,Mast
ts_immune_all_0572,TSP10_FAT_SCAT_10X_1_1_TATCCTAGTAACAGTA,565254,TSP10,subcutaneous adipose tissue,mast cell,Mast
ts_immune_all_0572,TSP10_FAT_SCAT_10X_1_1_TCACTCGAGTCTAGAA,565289,TSP10,subcutaneous adipose tissue,mast cell,Mast
ts_immune_all_0572,TSP10_FAT_SCAT_10X_1_1_TCCACCATCACTCACC,565337,TSP10,subcutaneous adipose tissue,mast cell,Mast
ts_immune_all_0572,TSP10_FAT_SCAT_10X_1_1_TCGCACTTCTCCAATT,565391,TSP10,subcutaneous adipose tissue,mast cell,Mast
ts_immune_all_0572,TSP10_FAT_SCAT_10X_1_1_TGATCAGAGTATGAGT,565494,TSP10,subcutaneous adipose tissue,mast cell,Mast
ts_immune_all_0572,TSP10_FAT_SCAT_10X_1_1_TGTGCGGAGCCTGAAG,565601,TSP10,subcutaneous adipose tissue,mast cell,Mast
ts_immune_all_0572,TSP10_FAT_SCAT_10X_1_1_TGTTACTTCGCCGATG,565611,TSP10,subcutaneous adipose tissue,mast cell,Mast
ts_immune_all_0572,TSP10_FAT_SCAT_10X_1_1_TTGCATTTCTAGACAC,565722,TSP10,subcutaneous adipose tissue,mast cell,Mast
ts_immune_all_0572,TSP10_FAT_SCAT_10X_1_1_TTGGGATAGTACGTCT,565735,TSP10,subcutaneous adipose tissue,mast cell,Mast
ts_immune_all_0572,TSP10_FAT_SCAT_10X_1_1_TTGTGGACAGATCCAT,565753,TSP10,subcutaneous adipose tissue,mast cell,Mast
ts_immune_all_0572,TSP10_FAT_SCAT_10X_1_1_TTTACGTGTGATCGTT,565768,TSP10,subcutaneous adipose tissue,mast cell,Mast
ts_immune_all_0572,TSP10_FAT_SCAT_10X_1_1_TTTCCTCGTTGTCAGT,565783,TSP10,subcutaneous adipose tissue,mast cell,Mast
ts_immune_all_0667,TSP14_Blood_NA_10X_1_1_ATCTTCATCTTGAACG,23873,TSP14,blood,hematopoietic precursor cell,MPP
ts_immune_all_0667,TSP14_Blood_NA_10X_1_1_CACTTCGTCCACTTTA,23896,TSP14,blood,hematopoietic precursor cell,MPP
ts_immune_all_0667,TSP14_Blood_NA_10X_1_1_CATTGAGTCATCTATC,23908,TSP14,blood,hematopoietic precursor cell,MPP
ts_immune_all_0667,TSP14_Blood_NA_10X_1_1_CCTCAACAGTCACACT,23921,TSP14,blood,hematopoietic precursor cell,MPP
ts_immune_all_0667,TSP14_Blood_NA_10X_1_1_CGGACACCAATAGTGA,23936,TSP14,blood,hematopoietic precursor cell,MPP
ts_immune_all_0667,TSP14_Blood_NA_10X_1_1_CTTCCTTGTCAACCTA,23960,TSP14,blood,hematopoietic precursor cell,MPP
ts_immune_all_0667,TSP14_Blood_NA_10X_1_1_GACCAATGTGGTCAAG,23968,TSP14,blood,hematopoietic precursor cell,MPP
ts_immune_all_0667,TSP14_Blood_NA_10X_1_1_GGTCACGCACATTACG,23987,TSP14,blood,hematopoietic precursor cell,MPP
ts_immune_all_0667,TSP14_Blood_NA_10X_1_1_TCATCCGTCTTACCGC,24031,TSP14,blood,hematopoietic precursor cell,MPP
ts_immune_all_0667,TSP14_Blood_NA_10X_1_1_TTTCAGTGTCTTGGTA,24076,TSP14,blood,hematopoietic precursor cell,MPP
ts_immune_all_0667,TSP14_Blood_NA_10X_1_1_TTTGATCTCACTACTT,24080,TSP14,blood,hematopoietic precursor cell,MPP
ts_immune_all_0667,TSP14_Blood_NA_10X_1_1_5Prime_AGGTCCGGTTTGACAC,52322,TSP14,blood,hematopoietic precursor cell,MPP
ts_immune_all_0667,TSP14_Blood_NA_10X_1_1_5Prime_ATGCGATCATTAACCG,52437,TSP14,blood,hematopoietic precursor cell,MPP
ts_immune_all_0667,TSP14_Blood_NA_10X_1_1_5Prime_ATTGGTGTCCGAATGT,52484,TSP14,blood,hematopoietic precursor cell,MPP
ts_immune_all_0667,TSP14_Blood_NA_10X_1_1_5Prime_CACTCCACAAGCGTAG,52629,TSP14,blood,hematopoietic precursor cell,MPP
ts_immune_all_0667,TSP14_Blood_NA_10X_1_1_5Prime_CCGTTCATCATATCGG,52868,TSP14,blood,hematopoietic precursor cell,MPP
ts_immune_all_0667,TSP14_Blood_NA_10X_1_1_5Prime_GATTCAGGTTAGATGA,53602,TSP14,blood,hematopoietic precursor cell,MPP
ts_immune_all_0667,TSP14_Blood_NA_10X_1_1_5Prime_GGAACTTCAGAGTGTG,53764,TSP14,blood,hematopoietic precursor cell,MPP
ts_immune_all_0667,TSP14_Blood_NA_10X_1_2_ACTGATGAGAGATCGC,230010,TSP14,blood,hematopoietic precursor cell,MPP
ts_immune_all_0667,TSP14_Blood_NA_10X_1_2_AGCGCCACAAGGCCTC,230032,TSP14,blood,hematopoietic precursor cell,MPP
ts_immune_all_0667,TSP14_Blood_NA_10X_1_2_AGGGTCCGTAGTCGGA,230040,TSP14,blood,hematopoietic precursor cell,MPP
ts_immune_all_0667,TSP14_Blood_NA_10X_1_2_ATTACTCTCACTTTGT,230087,TSP14,blood,hematopoietic precursor cell,MPP
ts_immune_all_0667,TSP14_Blood_NA_10X_1_2_CCACGTTAGGCTAAAT,230142,TSP14,blood,hematopoietic precursor cell,MPP
ts_immune_all_0667,TSP14_Blood_NA_10X_1_2_CCACGTTCAATGAGCG,230143,TSP14,blood,hematopoietic precursor cell,MPP
ts_immune_all_0667,TSP14_Blood_NA_10X_1_2_GAAACCTGTACCACGC,230218,TSP14,blood,hematopoietic precursor cell,MPP
ts_immune_all_0667,TSP14_Blood_NA_10X_1_2_GAGTCTACACCTTCCA,230240,TSP14,blood,hematopoietic precursor cell,MPP
ts_immune_all_0667,TSP14_Blood_NA_10X_1_2_GCCCGAACAAATACGA,230265,TSP14,blood,hematopoietic precursor cell,MPP
ts_immune_all_0667,TSP14_Blood_NA_10X_1_2_GCCCGAATCGGATACT,230267,TSP14,blood,hematopoietic precursor cell,MPP
ts_immune_all_0667,TSP14_Blood_NA_10X_1_2_GCTACAAGTCAAATCC,230275,TSP14,blood,hematopoietic precursor cell,MPP
ts_immune_all_0667,TSP14_Blood_NA_10X_1_2_TAGAGTCAGTAAGACT,230361,TSP14,blood,hematopoietic precursor cell,MPP
ts_immune_all_0667,TSP14_Blood_NA_10X_1_2_TCTCCGACACCAGCGT,230403,TSP14,blood,hematopoietic precursor cell,MPP
ts_immune_all_0667,TSP14_Blood_NA_10X_1_2_TTCACGCTCGTCCATC,230450,TSP14,blood,hematopoietic precursor cell,MPP
ts_immune_all_0667,TSP14_Blood_NA_10X_1_2_TTTACCATCAGCTGTA,230475,TSP14,blood,hematopoietic precursor cell,MPP
ts_immune_all_0667,TSP14_Blood_NA_10X_2_1_ATAGGCTCAAGACCTT,326812,TSP14,blood,hematopoietic precursor cell,MPP
ts_immune_all_0667,TSP14_Blood_NA_10X_2_1_GTTACGAAGCATCCTA,333018,TSP14,blood,hematopoietic precursor cell,MPP
ts_immune_all_0667,TSP14_Blood_NA_10X_2_1_5Prime_CACCACTGTAGCGTAG,448758,TSP14,blood,hematopoietic precursor cell,MPP
ts_immune_all_0667,TSP14_Blood_NA_10X_2_1_5Prime_CAGAATCTCTGTTTGT,448768,TSP14,blood,hematopoietic precursor cell,MPP
ts_immune_all_0667,TSP14_Blood_NA_10X_2_1_5Prime_CTTACCGTCAGAGACG,449060,TSP14,blood,hematopoietic precursor cell,MPP
ts_immune_all_0667,TSP14_Blood_NA_10X_2_1_5Prime_GGCGTGTCAGGGAGAG,449228,TSP14,blood,hematopoietic precursor cell,MPP
ts_immune_all_0667,TSP14_Blood_NA_10X_2_1_5Prime_GTTACAGCATAGGATA,449336,TSP14,blood,hematopoietic precursor cell,MPP
ts_immune_all_0667,TSP14_Blood_NA_10X_2_1_5Prime_TACAGTGTCTTTACAC,449358,TSP14,blood,hematopoietic precursor cell,MPP
ts_immune_all_0667,TSP14_Blood_NA_10X_3_1_ATCGTGAGTTCTCTCG,461692,TSP14,blood,hematopoietic precursor cell,MPP
ts_immune_all_0667,TSP14_Blood_NA_10X_3_1_CACGTTCTCCGTGCGA,461892,TSP14,blood,hematopoietic precursor cell,MPP
ts_immune_all_0667,TSP14_Blood_NA_10X_3_1_CTCATGCGTGGATTTC,462365,TSP14,blood,hematopoietic precursor cell,MPP
ts_immune_all_0667,TSP14_Blood_NA_10X_3_1_TCCCACATCACAACCA,463601,TSP14,blood,hematopoietic precursor cell,MPP
ts_immune_all_0667,TSP14_Blood_NA_10X_3_1_TGATCTTCACATACGT,463786,TSP14,blood,hematopoietic precursor cell,MPP
ts_immune_all_0667,TSP14_Blood_NA_10X_3_1_TGCTCCAAGGGTATAT,463821,TSP14,blood,hematopoietic precursor cell,MPP
ts_immune_all_0800,TSP14_Liver_NA_SS2_B133707_D102113_Endothelial_A5,12759,TSP14,liver,plasma cell,Plasma
ts_immune_all_0800,TSP14_Liver_NA_SS2_B133707_D102113_Endothelial_B6,12838,TSP14,liver,plasma cell,Plasma
ts_immune_all_0800,TSP14_Liver_NA_SS2_B133710_D102115_Epithelial_A10,19486,TSP14,liver,plasma cell,Plasma
ts_immune_all_0800,TSP14_Liver_NA_SS2_B133710_D102115_Epithelial_A15,19488,TSP14,liver,plasma cell,Plasma
ts_immune_all_0800,TSP14_Liver_NA_SS2_B133710_D102115_Epithelial_E18,19494,TSP14,liver,plasma cell,Plasma
ts_immune_all_0800,TSP14_Liver_NA_SS2_B133708_D102105_Immune_H6,20499,TSP14,liver,plasma cell,Plasma
ts_immune_all_0800,TSP14_Liver_NA_SS2_B133708_D102105_Endothelial_C20,20500,TSP14,liver,plasma cell,Plasma
ts_immune_all_0800,TSP14_Liver_NA_SS2_B133708_D102105_Immune_J16,20501,TSP14,liver,plasma cell,Plasma
ts_immune_all_0800,TSP14_Liver_NA_SS2_B133708_D102105_Immune_G13,20503,TSP14,liver,plasma cell,Plasma
ts_immune_all_0800,TSP14_Liver_NA_SS2_B133708_D102105_Epithelial_N16,20505,TSP14,liver,plasma cell,Plasma
ts_immune_all_0800,TSP14_Liver_NA_SS2_B133708_D102105_Epithelial_L19,20507,TSP14,liver,plasma cell,Plasma
ts_immune_all_0800,TSP14_Liver_NA_SS2_B133708_D102105_Epithelial_N22,20508,TSP14,liver,plasma cell,Plasma
ts_immune_all_0800,TSP14_Liver_NA_SS2_B133708_D102105_Immune_I9,20509,TSP14,liver,plasma cell,Plasma
ts_immune_all_0800,TSP14_Liver_NA_SS2_B133708_D102105_Epithelial_P3,20510,TSP14,liver,plasma cell,Plasma
ts_immune_all_0800,TSP14_Liver_NA_SS2_B133708_D102105_Epithelial_M21,20511,TSP14,liver,plasma cell,Plasma
ts_immune_all_0800,TSP14_Liver_NA_SS2_B133708_D102105_Epithelial_P23,20514,TSP14,liver,plasma cell,Plasma
ts_immune_all_0800,TSP14_Liver_NA_SS2_B133708_D102105_Immune_H20,20515,TSP14,liver,plasma cell,Plasma
ts_immune_all_0800,TSP14_Liver_NA_SS2_B133708_D102105_Epithelial_L12,20517,TSP14,liver,plasma cell,Plasma
ts_immune_all_0800,TSP14_Liver_NA_SS2_B133708_D102105_Endothelial_C19,20522,TSP14,liver,plasma cell,Plasma
ts_immune_all_0800,TSP14_Liver_NA_SS2_B133708_D102105_Endothelial_E21,20526,TSP14,liver,plasma cell,Plasma
ts_immune_all_0800,TSP14_Liver_NA_SS2_B133708_D102105_Epithelial_N19,20528,TSP14,liver,plasma cell,Plasma
ts_immune_all_0800,TSP14_Liver_NA_SS2_B133708_D102105_Immune_I13,20529,TSP14,liver,plasma cell,Plasma
ts_immune_all_0800,TSP14_Liver_NA_SS2_B133708_D102105_Epithelial_P6,20532,TSP14,liver,plasma cell,Plasma
ts_immune_all_0800,TSP14_Liver_NA_SS2_B133708_D102105_Endothelial_C13,20533,TSP14,liver,plasma cell,Plasma
ts_immune_all_0800,TSP14_Liver_NA_SS2_B133708_D102105_Immune_I18,20535,TSP14,liver,plasma cell,Plasma
ts_immune_all_0800,TSP14_Liver_NA_SS2_B133708_D102105_Epithelial_K21,20536,TSP14,liver,plasma cell,Plasma
ts_immune_all_0800,TSP14_Liver_NA_SS2_B133708_D102105_Endothelial_B4,20537,TSP14,liver,plasma cell,Plasma
ts_immune_all_0800,TSP14_Liver_NA_SS2_B133708_D102105_Epithelial_P12,20538,TSP14,liver,plasma cell,Plasma
ts_immune_all_0800,TSP14_Liver_NA_10X_1_1_CTCCCTCTCAGGTAAA,143900,TSP14,liver,plasma cell,Plasma
ts_immune_all_0800,TSP14_Liver_NA_10X_1_1_GAAATGATCAGACTGT,143927,TSP14,liver,plasma cell,Plasma
ts_immune_all_0800,TSP14_Liver_NA_10X_1_1_GACCAATTCGGTCTAA,143937,TSP14,liver,plasma cell,Plasma
ts_immune_all_0800,TSP14_Liver_NA_10X_1_1_GAGCCTGTCTTACTGT,143946,TSP14,liver,plasma cell,Plasma
ts_immune_all_0800,TSP14_Liver_NA_10X_1_1_GCCAGTGGTGCTCTTC,143970,TSP14,liver,plasma cell,Plasma
ts_immune_all_0800,TSP14_Liver_NA_10X_1_1_TCCATCGTCCTGTAGA,144102,TSP14,liver,plasma cell,Plasma
ts_immune_all_0800,TSP14_Liver_NA_10X_1_1_TCCTCTTCATAGGCGA,144107,TSP14,liver,plasma cell,Plasma
ts_immune_all_0800,TSP14_Liver_NA_10X_1_1_TCGAAGTCATCGATGT,144111,TSP14,liver,plasma cell,Plasma
ts_immune_all_0800,TSP14_Liver_NA_10X_2_1_AACCTTTAGCACGTCC,358790,TSP14,liver,plasma cell,Plasma
ts_immune_all_0800,TSP14_Liver_NA_10X_2_1_AATGCCACATCTCATT,358802,TSP14,liver,plasma cell,Plasma
ts_immune_all_0800,TSP14_Liver_NA_10X_2_1_ACGGTCGCAGGCATGA,358827,TSP14,liver,plasma cell,Plasma
ts_immune_all_0800,TSP14_Liver_NA_10X_2_1_AGTAACCCATCGATCA,358874,TSP14,liver,plasma cell,Plasma
ts_immune_all_0800,TSP14_Liver_NA_10X_2_1_ATGAAAGGTGGATGAC,358900,TSP14,liver,plasma cell,Plasma
ts_immune_all_0800,TSP14_Liver_NA_10X_2_1_CATGCCTGTAGGCTGA,358959,TSP14,liver,plasma cell,Plasma
ts_immune_all_0800,TSP14_Liver_NA_10X_2_1_CCCATTGCACAGTCAT,358975,TSP14,liver,plasma cell,Plasma
ts_immune_all_0800,TSP14_Liver_NA_10X_2_1_CGAGGCTCACCTATCC,358994,TSP14,liver,plasma cell,Plasma
ts_immune_all_0800,TSP14_Liver_NA_10X_2_1_CTATCCGCAAGCTGCC,359028,TSP14,liver,plasma cell,Plasma
ts_immune_all_0800,TSP14_Liver_NA_10X_2_1_GGAACCCCATCTAACG,359135,TSP14,liver,plasma cell,Plasma
ts_immune_all_0800,TSP14_Liver_NA_10X_2_1_GTCTTTAAGTTTCTTC,359187,TSP14,liver,plasma cell,Plasma
ts_immune_all_0493,TSP8_Blood_NA_10X_1_1_AAAGAACAGAGCATCG,76145,TSP8,blood,B cell,Memory_B
ts_immune_all_0493,TSP8_Blood_NA_10X_1_1_AACCAACCACTGAATC,76214,TSP8,blood,B cell,Memory_B
ts_immune_all_0493,TSP8_Blood_NA_10X_1_1_AATGCCACAGCATCTA,76370,TSP8,blood,B cell,Memory_B
ts_immune_all_0493,TSP8_Blood_NA_10X_1_1_ACGGTCGAGATTGTGA,76570,TSP8,blood,B cell,Memory_B
ts_immune_all_0493,TSP8_Blood_NA_10X_1_1_ACTTCCGTCGTGTGAT,76687,TSP8,blood,B cell,Memory_B
ts_immune_all_0493,TSP8_Blood_NA_10X_1_1_AGCCAATCAGAGGTAC,76814,TSP8,blood,B cell,Memory_B
ts_immune_all_0493,TSP8_Blood_NA_10X_1_1_AGGCCACGTATACGGG,76900,TSP8,blood,B cell,Memory_B
ts_immune_all_0493,TSP8_Blood_NA_10X_1_1_AGGCCACGTGAGGATC,76901,TSP8,blood,B cell,Memory_B
ts_immune_all_0493,TSP8_Blood_NA_10X_1_1_ATCCTATTCGGTTGTA,77127,TSP8,blood,B cell,Memory_B
ts_immune_all_0493,TSP8_Blood_NA_10X_1_1_ATCTTCACAACAGATA,77173,TSP8,blood,B cell,Memory_B
ts_immune_all_0493,TSP8_Blood_NA_10X_1_1_ATTCACTAGCAGCCCT,77278,TSP8,blood,B cell,Memory_B
ts_immune_all_0493,TSP8_Blood_NA_10X_1_1_CACACAACATACAGGG,77444,TSP8,blood,B cell,Memory_B
ts_immune_all_0493,TSP8_Blood_NA_10X_1_1_CACAGGCAGTATGGAT,77452,TSP8,blood,B cell,Memory_B
ts_immune_all_0493,TSP8_Blood_NA_10X_1_1_CACGTTCTCTATCGCC,77502,TSP8,blood,B cell,Memory_B
ts_immune_all_0493,TSP8_Blood_NA_10X_1_1_CAGCGTGCAAGAGGCT,77580,TSP8,blood,B cell,Memory_B
ts_immune_all_0493,TSP8_Blood_NA_10X_1_1_CATACCCAGGCCACCT,77617,TSP8,blood,B cell,Memory_B
ts_immune_all_0493,TSP8_Blood_NA_10X_1_1_CATTCCGGTTGTTGCA,77731,TSP8,blood,B cell,Memory_B
ts_immune_all_0493,TSP8_Blood_NA_10X_1_1_CCAAGCGCAGCTCTGG,77763,TSP8,blood,B cell,Memory_B
ts_immune_all_0493,TSP8_Blood_NA_10X_1_1_CGAAGGACAACCGTGC,78004,TSP8,blood,B cell,Memory_B
ts_immune_all_0493,TSP8_Blood_NA_10X_1_1_CGTAAGTCACCCTTGT,78150,TSP8,blood,B cell,Memory_B
ts_immune_all_0493,TSP8_Blood_NA_10X_1_1_CTCCATGAGGCTGAAC,78361,TSP8,blood,B cell,Memory_B
ts_immune_all_0493,TSP8_Blood_NA_10X_1_1_CTCTCGAGTTGGGTAG,78409,TSP8,blood,B cell,Memory_B
ts_immune_all_0493,TSP8_Blood_NA_10X_1_1_CTGAATGAGCCATGCC,78418,TSP8,blood,B cell,Memory_B
ts_immune_all_0493,TSP8_Blood_NA_10X_1_1_CTTCCTTCACCGGAAA,78535,TSP8,blood,B cell,Memory_B
ts_immune_all_0493,TSP8_Blood_NA_10X_1_1_CTTCTCTCACAGCTTA,78554,TSP8,blood,B cell,Memory_B
ts_immune_all_0493,TSP8_Blood_NA_10X_1_1_GAAACCTCATGCACTA,78589,TSP8,blood,B cell,Memory_B
ts_immune_all_0493,TSP8_Blood_NA_10X_1_1_GAAATGACATGGCTAT,78598,TSP8,blood,B cell,Memory_B
ts_immune_all_0493,TSP8_Blood_NA_10X_1_1_GACCTTCGTCGTCTCT,78703,TSP8,blood,B cell,Memory_B
ts_immune_all_0493,TSP8_Blood_NA_10X_1_1_GAGAAATAGTCAGCCC,78743,TSP8,blood,B cell,Memory_B
ts_immune_all_0493,TSP8_Blood_NA_10X_1_1_GATCACAGTCCAACGC,78819,TSP8,blood,B cell,Memory_B
ts_immune_all_0493,TSP8_Blood_NA_10X_1_1_GGCGTCAGTTTCGTGA,79173,TSP8,blood,B cell,Memory_B
ts_immune_all_0493,TSP8_Blood_NA_10X_1_1_GGCGTCATCTTGGCTC,79175,TSP8,blood,B cell,Memory_B
ts_immune_all_0493,TSP8_Blood_NA_10X_1_1_GGGATCCCATACCGTA,79212,TSP8,blood,B cell,Memory_B
ts_immune_all_0493,TSP8_Blood_NA_10X_1_1_GTAGAAACAAGATGGC,79399,TSP8,blood,B cell,Memory_B
ts_immune_all_0493,TSP8_Blood_NA_10X_1_1_GTAGGAGGTCCGTACG,79420,TSP8,blood,B cell,Memory_B
ts_immune_all_0493,TSP8_Blood_NA_10X_1_1_GTGACGCCAGGACAGT,79539,TSP8,blood,B cell,Memory_B
ts_immune_all_0493,TSP8_Blood_NA_10X_1_1_GTGCAGCTCCTCCACA,79570,TSP8,blood,B cell,Memory_B
ts_immune_all_0493,TSP8_Blood_NA_10X_1_1_GTGTAACTCACCACAA,79618,TSP8,blood,B cell,Memory_B
ts_immune_all_0493,TSP8_Blood_NA_10X_1_1_TAGGGTTAGGTCGACA,79915,TSP8,blood,B cell,Memory_B
ts_immune_all_0493,TSP8_Blood_NA_10X_1_1_TCAATCTCATCATTGG,80008,TSP8,blood,B cell,Memory_B
ts_immune_all_0493,TSP8_Blood_NA_10X_1_1_TCCTTCTAGGTGAGAA,80221,TSP8,blood,B cell,Memory_B
ts_immune_all_0493,TSP8_Blood_NA_10X_1_1_TCGAACAGTGGCTTGC,80235,TSP8,blood,B cell,Memory_B
ts_immune_all_0493,TSP8_Blood_NA_10X_1_1_TCGTGGGGTCAGTTTG,80316,TSP8,blood,B cell,Memory_B
ts_immune_all_0493,TSP8_Blood_NA_10X_1_1_TGTTGAGCAGCAGATG,80755,TSP8,blood,B cell,Memory_B
ts_immune_all_0493,TSP8_Blood_NA_10X_1_1_TTCCTCTCACTTGTCC,80878,TSP8,blood,B cell,Memory_B
ts_immune_all_0493,TSP8_Blood_NA_10X_1_1_TTGTTTGGTATAGCTC,81033,TSP8,blood,B cell,Memory_B
ts_immune_all_0745,TSP14_Skin_chest_SS2_B115065_D102107_Immune-HLADRpos_M19,16543,TSP14,skin of chest,regulatory T cell,Treg
ts_immune_all_0745,TSP14_Skin_chest_SS2_B115065_D102107_Immune-HLADRpos_M16,16591,TSP14,skin of chest,regulatory T cell,Treg
ts_immune_all_0745,TSP14_Skin_Chest_10X_1_1_AAAGGTAGTGAAGCGT,284084,TSP14,skin of chest,regulatory T cell,Treg
ts_immune_all_0745,TSP14_Skin_Chest_10X_1_1_AACCACAGTACAAACA,284093,TSP14,skin of chest,regulatory T cell,Treg
ts_immune_all_0745,TSP14_Skin_Chest_10X_1_1_AAGATAGCAGATCATC,284103,TSP14,skin of chest,regulatory T cell,Treg
ts_immune_all_0745,TSP14_Skin_Chest_10X_1_1_ACTATCTAGTTCGGTT,284149,TSP14,skin of chest,regulatory T cell,Treg
ts_immune_all_0745,TSP14_Skin_Chest_10X_1_1_AGGTCTAAGATCGCTT,284182,TSP14,skin of chest,regulatory T cell,Treg
ts_immune_all_0745,TSP14_Skin_Chest_10X_1_1_ATCTTCAAGTTAACAG,284209,TSP14,skin of chest,regulatory T cell,Treg
ts_immune_all_0745,TSP14_Skin_Chest_10X_1_1_CAACCAAGTGTCATGT,284222,TSP14,skin of chest,regulatory T cell,Treg
ts_immune_all_0745,TSP14_Skin_Chest_10X_1_1_CAACGGCTCAACGCTA,284224,TSP14,skin of chest,regulatory T cell,Treg
ts_immune_all_0745,TSP14_Skin_Chest_10X_1_1_CACTGAATCACCGCTT,284234,TSP14,skin of chest,regulatory T cell,Treg
ts_immune_all_0745,TSP14_Skin_Chest_10X_1_1_CACTGTCCAAATGATG,284235,TSP14,skin of chest,regulatory T cell,Treg
ts_immune_all_0745,TSP14_Skin_Chest_10X_1_1_CATTCATGTGGTTTAC,284256,TSP14,skin of chest,regulatory T cell,Treg
ts_immune_all_0745,TSP14_Skin_Chest_10X_1_1_CCGATCTCAATAGGAT,284271,TSP14,skin of chest,regulatory T cell,Treg
ts_immune_all_0745,TSP14_Skin_Chest_10X_1_1_CCGTTCACAGCCCAGT,284275,TSP14,skin of chest,regulatory T cell,Treg
ts_immune_all_0745,TSP14_Skin_Chest_10X_1_1_CGTCCATCAACCGTGC,284308,TSP14,skin of chest,regulatory T cell,Treg
ts_immune_all_0745,TSP14_Skin_Chest_10X_1_1_CGTGATACATACTTTC,284312,TSP14,skin of chest,regulatory T cell,Treg
ts_immune_all_0745,TSP14_Skin_Chest_10X_1_1_CGTTGGGGTGCTCTTC,284314,TSP14,skin of chest,regulatory T cell,Treg
ts_immune_all_0745,TSP14_Skin_Chest_10X_1_1_CTGATCCAGCCATCCG,284337,TSP14,skin of chest,regulatory T cell,Treg
ts_immune_all_0745,TSP14_Skin_Chest_10X_1_1_CTGCGAGTCACCTTGC,284340,TSP14,skin of chest,regulatory T cell,Treg
ts_immune_all_0745,TSP14_Skin_Chest_10X_1_1_CTTAGGAAGAATCGAT,284342,TSP14,skin of chest,regulatory T cell,Treg
ts_immune_all_0745,TSP14_Skin_Chest_10X_1_1_GAAGGACTCGCGGTAC,284355,TSP14,skin of chest,regulatory T cell,Treg
ts_immune_all_0745,TSP14_Skin_Chest_10X_1_1_GCATGATGTCACATTG,284387,TSP14,skin of chest,regulatory T cell,Treg
ts_immune_all_0745,TSP14_Skin_Chest_10X_1_1_GCTGAATAGGCTCAAG,284404,TSP14,skin of chest,regulatory T cell,Treg
ts_immune_all_0745,TSP14_Skin_Chest_10X_1_1_GGAGAACGTCACAGTT,284408,TSP14,skin of chest,regulatory T cell,Treg
ts_immune_all_0745,TSP14_Skin_Chest_10X_1_1_GGGTTATCAATTCACG,284426,TSP14,skin of chest,regulatory T cell,Treg
ts_immune_all_0745,TSP14_Skin_Chest_10X_1_1_GTAATCGCAACCAACT,284441,TSP14,skin of chest,regulatory T cell,Treg
ts_immune_all_0745,TSP14_Skin_Chest_10X_1_1_GTAGGTTCAAGGTCGA,284445,TSP14,skin of chest,regulatory T cell,Treg
ts_immune_all_0745,TSP14_Skin_Chest_10X_1_1_GTCAGCGTCTCGGGAC,284454,TSP14,skin of chest,regulatory T cell,Treg
ts_immune_all_0745,TSP14_Skin_Chest_10X_1_1_GTCATCCGTACTCGAT,284456,TSP14,skin of chest,regulatory T cell,Treg
ts_immune_all_0745,TSP14_Skin_Chest_10X_1_1_GTGAGCCGTAGAATGT,284469,TSP14,skin of chest,regulatory T cell,Treg
ts_immune_all_0745,TSP14_Skin_Chest_10X_1_1_GTTATGGTCACCTCAC,284489,TSP14,skin of chest,regulatory T cell,Treg
ts_immune_all_0745,TSP14_Skin_Chest_10X_1_1_TACTTGTTCGCTCTAC,284520,TSP14,skin of chest,regulatory T cell,Treg
ts_immune_all_0745,TSP14_Skin_Chest_10X_1_1_TAGTGCACACGCCACA,284531,TSP14,skin of chest,regulatory T cell,Treg
ts_immune_all_0745,TSP14_Skin_Chest_10X_1_1_TATCGCCAGACAGTCG,284534,TSP14,skin of chest,regulatory T cell,Treg
ts_immune_all_0745,TSP14_Skin_Chest_10X_1_1_TATTCCAGTGCATTAC,284536,TSP14,skin of chest,regulatory T cell,Treg
ts_immune_all_0745,TSP14_Skin_Chest_10X_1_1_TCAGCCTAGTGCGTCC,284547,TSP14,skin of chest,regulatory T cell,Treg
ts_immune_all_0745,TSP14_Skin_Chest_10X_1_1_TCATCCGTCACAGTGT,284552,TSP14,skin of chest,regulatory T cell,Treg
ts_immune_all_0745,TSP14_Skin_Chest_10X_1_1_TCATGGAAGGTCACAG,284554,TSP14,skin of chest,regulatory T cell,Treg
ts_immune_all_0745,TSP14_Skin_Chest_10X_1_1_TCATTTGTCCACTGAA,284558,TSP14,skin of chest,regulatory T cell,Treg
ts_immune_all_0745,TSP14_Skin_Chest_10X_1_1_TCGGGACGTTGTCCCT,284571,TSP14,skin of chest,regulatory T cell,Treg
ts_immune_all_0745,TSP14_Skin_Chest_10X_1_1_TCTACCGAGCAAGTCG,284578,TSP14,skin of chest,regulatory T cell,Treg
ts_immune_all_0745,TSP14_Skin_Chest_10X_1_1_TGGCGTGCACTAGAGG,284613,TSP14,skin of chest,regulatory T cell,Treg
ts_immune_all_0745,TSP14_Skin_Chest_10X_1_1_TGTGGCGAGTGCAGCA,284619,TSP14,skin of chest,regulatory T cell,Treg
ts_immune_all_0745,TSP14_Skin_Chest_10X_1_1_TTACGCCGTCCTGTCT,284629,TSP14,skin of chest,regulatory T cell,Treg
ts_immune_all_0745,TSP14_Skin_Chest_10X_1_1_TTTACTGGTAGTAAGT,284670,TSP14,skin of chest,regulatory T cell,Treg
ts_immune_all_0482,TSP7_Tongue_Posterior_10X_1_1_AAAGAACCACTAGAGG,223380,TSP7,posterior part of tongue,mast cell,Mast
ts_immune_all_0482,TSP7_Tongue_Posterior_10X_1_1_AACCTGACACTCACTC,223410,TSP7,posterior part of tongue,mast cell,Mast
ts_immune_all_0482,TSP7_Tongue_Posterior_10X_1_1_AAGTACCGTTGGGATG,223441,TSP7,posterior part of tongue,mast cell,Mast
ts_immune_all_0482,TSP7_Tongue_Posterior_10X_1_1_AAGTCGTGTCAACCAT,223446,TSP7,posterior part of tongue,mast cell,Mast
ts_immune_all_0482,TSP7_Tongue_Posterior_10X_1_1_ACCATTTCAGCGCGTT,223486,TSP7,posterior part of tongue,mast cell,Mast
ts_immune_all_0482,TSP7_Tongue_Posterior_10X_1_1_ACTTAGGTCCAAACCA,223532,TSP7,posterior part of tongue,mast cell,Mast
ts_immune_all_0482,TSP7_Tongue_Posterior_10X_1_1_AGGATAAAGAATCGTA,223601,TSP7,posterior part of tongue,mast cell,Mast
ts_immune_all_0482,TSP7_Tongue_Posterior_10X_1_1_AGGGCCTGTCCGTTTC,223611,TSP7,posterior part of tongue,mast cell,Mast
ts_immune_all_0482,TSP7_Tongue_Posterior_10X_1_1_CAAAGAACATCCTCAC,223738,TSP7,posterior part of tongue,mast cell,Mast
ts_immune_all_0482,TSP7_Tongue_Posterior_10X_1_1_CAACCTCGTCACTTAG,223746,TSP7,posterior part of tongue,mast cell,Mast
ts_immune_all_0482,TSP7_Tongue_Posterior_10X_1_1_CAGATTGTCGCCGAGT,223788,TSP7,posterior part of tongue,mast cell,Mast
ts_immune_all_0482,TSP7_Tongue_Posterior_10X_1_1_CATACCCTCTGTGCTC,223807,TSP7,posterior part of tongue,mast cell,Mast
ts_immune_all_0482,TSP7_Tongue_Posterior_10X_1_1_CATCCGTGTCGTATGT,223812,TSP7,posterior part of tongue,mast cell,Mast
ts_immune_all_0482,TSP7_Tongue_Posterior_10X_1_1_CCCTCTCCACTAACGT,223859,TSP7,posterior part of tongue,mast cell,Mast
ts_immune_all_0482,TSP7_Tongue_Posterior_10X_1_1_CCTCACAGTCTTCCGT,223900,TSP7,posterior part of tongue,mast cell,Mast
ts_immune_all_0482,TSP7_Tongue_Posterior_10X_1_1_CCTGCATGTGTACAGG,223910,TSP7,posterior part of tongue,mast cell,Mast
ts_immune_all_0482,TSP7_Tongue_Posterior_10X_1_1_CCTGTTGGTGAAGCGT,223914,TSP7,posterior part of tongue,mast cell,Mast
ts_immune_all_0482,TSP7_Tongue_Posterior_10X_1_1_CTACCCAAGTGACCTT,223991,TSP7,posterior part of tongue,mast cell,Mast
ts_immune_all_0482,TSP7_Tongue_Posterior_10X_1_1_CTAGACACAAATGGTA,224000,TSP7,posterior part of tongue,mast cell,Mast
ts_immune_all_0482,TSP7_Tongue_Posterior_10X_1_1_CTCCTCCTCGTGCGAC,224044,TSP7,posterior part of tongue,mast cell,Mast
ts_immune_all_0482,TSP7_Tongue_Posterior_10X_1_1_CTGTACCTCAGCGCGT,224080,TSP7,posterior part of tongue,mast cell,Mast
ts_immune_all_0482,TSP7_Tongue_Posterior_10X_1_1_CTTACCGTCAAGAATG,224091,TSP7,posterior part of tongue,mast cell,Mast
ts_immune_all_0482,TSP7_Tongue_Posterior_10X_1_1_GATCAGTAGATAACGT,224178,TSP7,posterior part of tongue,mast cell,Mast
ts_immune_all_0482,TSP7_Tongue_Posterior_10X_1_1_GATTGGTTCGTAGTGT,224203,TSP7,posterior part of tongue,mast cell,Mast
ts_immune_all_0482,TSP7_Tongue_Posterior_10X_1_1_GCCATGGAGACTACGG,224237,TSP7,posterior part of tongue,mast cell,Mast
ts_immune_all_0482,TSP7_Tongue_Posterior_10X_1_1_GCCGTGAGTGTTGCCG,224246,TSP7,posterior part of tongue,mast cell,Mast
ts_immune_all_0482,TSP7_Tongue_Posterior_10X_1_1_GCTGCAGCAGATTCGT,224256,TSP7,posterior part of tongue,mast cell,Mast
ts_immune_all_0482,TSP7_Tongue_Posterior_10X_1_1_GGGACTCTCCTATTTG,224299,TSP7,posterior part of tongue,mast cell,Mast
ts_immune_all_0482,TSP7_Tongue_Posterior_10X_1_1_GGTCACGGTCGAACAG,224327,TSP7,posterior part of tongue,mast cell,Mast
ts_immune_all_0482,TSP7_Tongue_Posterior_10X_1_1_GTAGTACTCGCACGGT,224360,TSP7,posterior part of tongue,mast cell,Mast
ts_immune_all_0482,TSP7_Tongue_Posterior_10X_1_1_GTTACGAGTAATCAGA,224428,TSP7,posterior part of tongue,mast cell,Mast
ts_immune_all_0482,TSP7_Tongue_Posterior_10X_1_1_GTTAGACAGACATACA,224430,TSP7,posterior part of tongue,mast cell,Mast
ts_immune_all_0482,TSP7_Tongue_Posterior_10X_1_1_TACACCCGTTTAGAGA,224467,TSP7,posterior part of tongue,mast cell,Mast
ts_immune_all_0482,TSP7_Tongue_Posterior_10X_1_1_TAGGAGGCATAAGCGG,224502,TSP7,posterior part of tongue,mast cell,Mast
ts_immune_all_0482,TSP7_Tongue_Posterior_10X_1_1_TCAGTGATCCTAAACG,224566,TSP7,posterior part of tongue,mast cell,Mast
ts_immune_all_0482,TSP7_Tongue_Posterior_10X_1_1_TCAGTGATCTCGCGTT,224567,TSP7,posterior part of tongue,mast cell,Mast
ts_immune_all_0482,TSP7_Tongue_Posterior_10X_1_1_TCATGCCTCCTACAAG,224577,TSP7,posterior part of tongue,mast cell,Mast
ts_immune_all_0482,TSP7_Tongue_Posterior_10X_1_1_TCTATCAGTCGAGTTT,224653,TSP7,posterior part of tongue,mast cell,Mast
ts_immune_all_0482,TSP7_Tongue_Posterior_10X_1_1_TCTGGCTCAGCAGGAT,224663,TSP7,posterior part of tongue,mast cell,Mast
ts_immune_all_0482,TSP7_Tongue_Posterior_10X_1_1_TGAATCGAGTAGACCG,224676,TSP7,posterior part of tongue,mast cell,Mast
ts_immune_all_0482,TSP7_Tongue_Posterior_10X_1_1_TGGAGGACAGAGGACT,224730,TSP7,posterior part of tongue,mast cell,Mast
ts_immune_all_0482,TSP7_Tongue_Posterior_10X_1_1_TTGACCCGTGGTAATA,224845,TSP7,posterior part of tongue,mast cell,Mast
ts_immune_all_0482,TSP7_Tongue_Posterior_10X_1_1_TTGATGGCAGTTGTCA,224850,TSP7,posterior part of tongue,mast cell,Mast
ts_immune_all_0482,TSP7_Tongue_Posterior_10X_1_1_TTTATGCAGGTTTGAA,224884,TSP7,posterior part of tongue,mast cell,Mast
ts_immune_all_0482,TSP7_Tongue_Posterior_10X_1_1_TTTGACTTCGAACGGA,224894,TSP7,posterior part of tongue,mast cell,Mast
ts_immune_all_0482,TSP7_Tongue_Posterior_10X_1_1_TTTGTTGCACTGAGGA,224898,TSP7,posterior part of tongue,mast cell,Mast
ts_immune_all_1335,TSP25_Vasculature_CoronaryArteries_10X_1_1_AACAAAGTCCAATGCA,93348,TSP25,coronary artery,basophil,Basophil
ts_immune_all_1335,TSP25_Vasculature_CoronaryArteries_10X_1_1_ACAGGGACAGGTGAGT,93523,TSP25,coronary artery,basophil,Basophil
ts_immune_all_1335,TSP25_Vasculature_CoronaryArteries_10X_1_1_ACCCAAACACTATCCC,93561,TSP25,coronary artery,basophil,Basophil
ts_immune_all_1335,TSP25_Vasculature_CoronaryArteries_10X_1_1_AGAAGCGCACCAACAT,93674,TSP25,coronary artery,basophil,Basophil
ts_immune_all_1335,TSP25_Vasculature_CoronaryArteries_10X_1_1_AGAGCAGAGATTGATG,93717,TSP25,coronary artery,basophil,Basophil
ts_immune_all_1335,TSP25_Vasculature_CoronaryArteries_10X_1_1_AGATGCTAGATGCGAC,93743,TSP25,coronary artery,basophil,Basophil
ts_immune_all_1335,TSP25_Vasculature_CoronaryArteries_10X_1_1_AGGACTTCAACACGAG,93793,TSP25,coronary artery,basophil,Basophil
ts_immune_all_1335,TSP25_Vasculature_CoronaryArteries_10X_1_1_AGTCATGCATCTTAGG,93872,TSP25,coronary artery,basophil,Basophil
ts_immune_all_1335,TSP25_Vasculature_CoronaryArteries_10X_1_1_ATTGGGTTCAATCGGT,94071,TSP25,coronary artery,basophil,Basophil
ts_immune_all_1335,TSP25_Vasculature_CoronaryArteries_10X_1_1_CAAAGAACACAGCCAC,94086,TSP25,coronary artery,basophil,Basophil
ts_immune_all_1335,TSP25_Vasculature_CoronaryArteries_10X_1_1_CAAGGGAGTGCCTGAC,94127,TSP25,coronary artery,basophil,Basophil
ts_immune_all_1335,TSP25_Vasculature_CoronaryArteries_10X_1_1_CACACAAAGTGGATAT,94149,TSP25,coronary artery,basophil,Basophil
ts_immune_all_1335,TSP25_Vasculature_CoronaryArteries_10X_1_1_CAGCAGCCAGTATGAA,94222,TSP25,coronary artery,basophil,Basophil
ts_immune_all_1335,TSP25_Vasculature_CoronaryArteries_10X_1_1_CATGCGGCATGGGCAA,94302,TSP25,coronary artery,basophil,Basophil
ts_immune_all_1335,TSP25_Vasculature_CoronaryArteries_10X_1_1_CATGGTATCCTTCACG,94316,TSP25,coronary artery,basophil,Basophil
ts_immune_all_1335,TSP25_Vasculature_CoronaryArteries_10X_1_1_CCACGAGGTAAGTAGT,94360,TSP25,coronary artery,basophil,Basophil
ts_immune_all_1335,TSP25_Vasculature_CoronaryArteries_10X_1_1_CCACGTTGTCTCCCTA,94366,TSP25,coronary artery,basophil,Basophil
ts_immune_all_1335,TSP25_Vasculature_CoronaryArteries_10X_1_1_CCCTTAGGTACAAAGT,94400,TSP25,coronary artery,basophil,Basophil
ts_immune_all_1335,TSP25_Vasculature_CoronaryArteries_10X_1_1_CCTTCAGCACTTTAGG,94494,TSP25,coronary artery,basophil,Basophil
ts_immune_all_1335,TSP25_Vasculature_CoronaryArteries_10X_1_1_CGGAACCAGATGTTGA,94554,TSP25,coronary artery,basophil,Basophil
ts_immune_all_1335,TSP25_Vasculature_CoronaryArteries_10X_1_1_CGTGTCTCAGCGACCT,94601,TSP25,coronary artery,basophil,Basophil
ts_immune_all_1335,TSP25_Vasculature_CoronaryArteries_10X_1_1_CTATCCGGTGTTTGCA,94661,TSP25,coronary artery,basophil,Basophil
ts_immune_all_1335,TSP25_Vasculature_CoronaryArteries_10X_1_1_CTCCGATGTAAGCGGT,94706,TSP25,coronary artery,basophil,Basophil
ts_immune_all_1335,TSP25_Vasculature_CoronaryArteries_10X_1_1_GAGTCTAAGTCACGAG,94956,TSP25,coronary artery,basophil,Basophil
ts_immune_all_1335,TSP25_Vasculature_CoronaryArteries_10X_1_1_GATGCTATCGCAGTTA,95002,TSP25,coronary artery,basophil,Basophil
ts_immune_all_1335,TSP25_Vasculature_CoronaryArteries_10X_1_1_GCCAGTGAGCATGGGT,95069,TSP25,coronary artery,basophil,Basophil
ts_immune_all_1335,TSP25_Vasculature_CoronaryArteries_10X_1_1_GGAGGTAGTCCAGCGT,95187,TSP25,coronary artery,basophil,Basophil
ts_immune_all_1335,TSP25_Vasculature_CoronaryArteries_10X_1_1_GGGACAACATATGCGT,95229,TSP25,coronary artery,basophil,Basophil
ts_immune_all_1335,TSP25_Vasculature_CoronaryArteries_10X_1_1_GGGTTATGTCTTCGAA,95288,TSP25,coronary artery,basophil,Basophil
ts_immune_all_1335,TSP25_Vasculature_CoronaryArteries_10X_1_1_GTAGATCCATAATGAG,95376,TSP25,coronary artery,basophil,Basophil
ts_immune_all_1335,TSP25_Vasculature_CoronaryArteries_10X_1_1_GTCATTTAGATACGAT,95423,TSP25,coronary artery,basophil,Basophil
ts_immune_all_1335,TSP25_Vasculature_CoronaryArteries_10X_1_1_GTCTGTCGTACCCACG,95465,TSP25,coronary artery,basophil,Basophil
ts_immune_all_1335,TSP25_Vasculature_CoronaryArteries_10X_1_1_GTTGTAGAGCACACAG,95579,TSP25,coronary artery,basophil,Basophil
ts_immune_all_1335,TSP25_Vasculature_CoronaryArteries_10X_1_1_TACGGTAGTTGCGGAA,95656,TSP25,coronary artery,basophil,Basophil
ts_immune_all_1335,TSP25_Vasculature_CoronaryArteries_10X_1_1_TATCTTGAGATGACAT,95720,TSP25,coronary artery,basophil,Basophil
ts_immune_all_1335,TSP25_Vasculature_CoronaryArteries_10X_1_1_TCAATTCCAAGGGCAT,95756,TSP25,coronary artery,basophil,Basophil
ts_immune_all_1335,TSP25_Vasculature_CoronaryArteries_10X_1_1_TCATTGTGTGAGCGAT,95835,TSP25,coronary artery,basophil,Basophil
ts_immune_all_1335,TSP25_Vasculature_CoronaryArteries_10X_1_1_TCCCAGTTCCATTGTT,95853,TSP25,coronary artery,basophil,Basophil
ts_immune_all_1335,TSP25_Vasculature_CoronaryArteries_10X_1_1_TCGGGCACACCCAATA,95916,TSP25,coronary artery,basophil,Basophil
ts_immune_all_1335,TSP25_Vasculature_CoronaryArteries_10X_1_1_TCGTCCACATACAGAA,95927,TSP25,coronary artery,basophil,Basophil
ts_immune_all_1335,TSP25_Vasculature_CoronaryArteries_10X_1_1_TCTATACTCTTGGCTC,95945,TSP25,coronary artery,basophil,Basophil
ts_immune_all_1335,TSP25_Vasculature_CoronaryArteries_10X_1_1_TGAGGGACAGTGCCTG,96015,TSP25,coronary artery,basophil,Basophil
ts_immune_all_1335,TSP25_Vasculature_CoronaryArteries_10X_1_1_TGGGAAGTCTGTCGTC,96124,TSP25,coronary artery,basophil,Basophil
ts_immune_all_1335,TSP25_Vasculature_CoronaryArteries_10X_1_1_TGTCCTGAGGTGATCG,96168,TSP25,coronary artery,basophil,Basophil
ts_immune_all_1335,TSP25_Vasculature_CoronaryArteries_10X_1_1_TTGAGTGGTCCGGACT,96309,TSP25,coronary artery,basophil,Basophil
ts_immune_all_1335,TSP25_Vasculature_CoronaryArteries_10X_1_1_TTTCGATGTTTCACAG,96392,TSP25,coronary artery,basophil,Basophil
ts_immune_all_1642,TSP27_Spleen_NA_10X3primev31_2_1_ACTCCCAGTATGAGAT,270047,TSP27,spleen,innate lymphoid cell,ILC
ts_immune_all_1642,TSP27_Spleen_NA_10X3primev31_2_1_ACTTTCAGTACGGATG,270109,TSP27,spleen,innate lymphoid cell,ILC
ts_immune_all_1642,TSP27_Spleen_NA_10X3primev31_2_1_AGACCCGAGCGCATCC,270165,TSP27,spleen,innate lymphoid cell,ILC
ts_immune_all_1642,TSP27_Spleen_NA_10X3primev31_2_1_AGGAAATTCTAACACG,270300,TSP27,spleen,innate lymphoid cell,ILC
ts_immune_all_1642,TSP27_Spleen_NA_10X3primev31_2_1_AGGATAAAGAAGATCT,270330,TSP27,spleen,innate lymphoid cell,ILC
ts_immune_all_1642,TSP27_Spleen_NA_10X3primev31_2_1_AGTAGCTGTCATTGCA,270419,TSP27,spleen,innate lymphoid cell,ILC
ts_immune_all_1642,TSP27_Spleen_NA_10X3primev31_2_1_AGTCAACAGTCTAGAA,270430,TSP27,spleen,innate lymphoid cell,ILC
ts_immune_all_1642,TSP27_Spleen_NA_10X3primev31_2_1_ATTCCTAAGCAGGTCA,270731,TSP27,spleen,innate lymphoid cell,ILC
ts_immune_all_1642,TSP27_Spleen_NA_10X3primev31_2_1_ATTCTTGCATACCGTA,270748,TSP27,spleen,innate lymphoid cell,ILC
ts_immune_all_1642,TSP27_Spleen_NA_10X3primev31_2_1_CCCTGATAGTTCACTG,271244,TSP27,spleen,innate lymphoid cell,ILC
ts_immune_all_1642,TSP27_Spleen_NA_10X3primev31_2_1_CGATGCGTCCGAGTGC,271486,TSP27,spleen,innate lymphoid cell,ILC
ts_immune_all_1642,TSP27_Spleen_NA_10X3primev31_2_1_CGGACACTCGCTTGCT,271530,TSP27,spleen,innate lymphoid cell,ILC
ts_immune_all_1642,TSP27_Spleen_NA_10X3primev31_2_1_CTACAGACATAGAAAC,271653,TSP27,spleen,innate lymphoid cell,ILC
ts_immune_all_1642,TSP27_Spleen_NA_10X3primev31_2_1_CTAGACAAGGGTTTCT,271690,TSP27,spleen,innate lymphoid cell,ILC
ts_immune_all_1642,TSP27_Spleen_NA_10X3primev31_2_1_GAGAGGTGTCGCGTTG,272147,TSP27,spleen,innate lymphoid cell,ILC
ts_immune_all_1642,TSP27_Spleen_NA_10X3primev31_2_1_GAGATGGTCGAACACT,272156,TSP27,spleen,innate lymphoid cell,ILC
ts_immune_all_1642,TSP27_Spleen_NA_10X3primev31_2_1_GCACATAAGATCCCAT,272332,TSP27,spleen,innate lymphoid cell,ILC
ts_immune_all_1642,TSP27_Spleen_NA_10X3primev31_2_1_GCCATTCAGTTGTAGA,272406,TSP27,spleen,innate lymphoid cell,ILC
ts_immune_all_1642,TSP27_Spleen_NA_10X3primev31_2_1_GCGGAAACAGAAGCGT,272442,TSP27,spleen,innate lymphoid cell,ILC
ts_immune_all_1642,TSP27_Spleen_NA_10X3primev31_2_1_GCTCAAATCCATCGTC,272475,TSP27,spleen,innate lymphoid cell,ILC
ts_immune_all_1642,TSP27_Spleen_NA_10X3primev31_2_1_GGTTCTCCATAGAAAC,272757,TSP27,spleen,innate lymphoid cell,ILC
ts_immune_all_1642,TSP27_Spleen_NA_10X3primev31_2_1_GTCAAACCATCCCACT,272872,TSP27,spleen,innate lymphoid cell,ILC
ts_immune_all_1642,TSP27_Spleen_NA_10X3primev31_2_1_GTTACCCCACGTAGTT,273093,TSP27,spleen,innate lymphoid cell,ILC
ts_immune_all_1642,TSP27_Spleen_NA_10X3primev31_2_1_TACAGGTAGACTTCCA,273238,TSP27,spleen,innate lymphoid cell,ILC
ts_immune_all_1642,TSP27_Spleen_NA_10X3primev31_2_1_TACCCACCAGGGAGAG,273256,TSP27,spleen,innate lymphoid cell,ILC
ts_immune_all_1642,TSP27_Spleen_NA_10X3primev31_2_1_TACCTGCTCACTCACC,273278,TSP27,spleen,innate lymphoid cell,ILC
ts_immune_all_1642,TSP27_Spleen_NA_10X3primev31_2_1_TCCAGAAGTCACTAGT,273597,TSP27,spleen,innate lymphoid cell,ILC
ts_immune_all_1642,TSP27_Spleen_NA_10X3primev31_2_1_TCCATGCAGCCGTTAT,273607,TSP27,spleen,innate lymphoid cell,ILC
ts_immune_all_1642,TSP27_Spleen_NA_10X3primev31_2_1_TCCGAAAAGTTCCGTA,273630,TSP27,spleen,innate lymphoid cell,ILC
ts_immune_all_1642,TSP27_Spleen_NA_10X3primev31_2_1_TCCTCCCAGATGGCGT,273655,TSP27,spleen,innate lymphoid cell,ILC
ts_immune_all_1642,TSP27_Spleen_NA_10X3primev31_2_1_TCTGGCTGTCAGTTTG,273826,TSP27,spleen,innate lymphoid cell,ILC
ts_immune_all_1642,TSP27_Spleen_NA_10X3primev31_2_1_TGGGCGTTCGCCATAA,274100,TSP27,spleen,innate lymphoid cell,ILC
ts_immune_all_1642,TSP27_Spleen_NA_10X3primev31_2_1_TTACTGTGTCCTTTGC,274267,TSP27,spleen,innate lymphoid cell,ILC
ts_immune_all_1642,TSP27_Spleen_NA_10X3primev31_1_1_ACAGAAAAGCCGTTGC,494781,TSP27,spleen,innate lymphoid cell,ILC
ts_immune_all_1642,TSP27_Spleen_NA_10X3primev31_1_1_ACTGATGGTATCGTTG,495069,TSP27,spleen,innate lymphoid cell,ILC
ts_immune_all_1642,TSP27_Spleen_NA_10X3primev31_1_1_CAGGGCTTCGTGGGAA,496526,TSP27,spleen,innate lymphoid cell,ILC
ts_immune_all_1642,TSP27_Spleen_NA_10X3primev31_1_1_CCCTAACAGGATTCCT,496901,TSP27,spleen,innate lymphoid cell,ILC
ts_immune_all_1642,TSP27_Spleen_NA_10X3primev31_1_1_CCTCCTCTCCGTAGGC,497118,TSP27,spleen,innate lymphoid cell,ILC
ts_immune_all_1642,TSP27_Spleen_NA_10X3primev31_1_1_CGATCGGGTTCGTACA,497273,TSP27,spleen,innate lymphoid cell,ILC
ts_immune_all_1642,TSP27_Spleen_NA_10X3primev31_1_1_GACACGCAGGCACTCC,498278,TSP27,spleen,innate lymphoid cell,ILC
ts_immune_all_1642,TSP27_Spleen_NA_10X3primev31_1_1_GCATCTCCAGGTCAAG,498813,TSP27,spleen,innate lymphoid cell,ILC
ts_immune_all_1642,TSP27_Spleen_NA_10X3primev31_1_1_GCCAACGTCAGACAAA,498837,TSP27,spleen,innate lymphoid cell,ILC
ts_immune_all_1642,TSP27_Spleen_NA_10X3primev31_1_1_GTCACTCTCAAGCGTT,499665,TSP27,spleen,innate lymphoid cell,ILC
ts_immune_all_1642,TSP27_Spleen_NA_10X3primev31_1_1_GTGCTGGAGGATGAGA,499856,TSP27,spleen,innate lymphoid cell,ILC
ts_immune_all_1642,TSP27_Spleen_NA_10X3primev31_1_1_TTCACCGGTTGGGTTT,501798,TSP27,spleen,innate lymphoid cell,ILC
ts_immune_all_1642,TSP27_Spleen_NA_10X3primev31_1_1_TTCCTCTTCGAGATAA,501899,TSP27,spleen,innate lymphoid cell,ILC
ts_immune_all_1319,TSP25_Vasculature_AortaThoracic_10X_2_1_AACCAACCAGCTCGGT,453936,TSP25,thoracic aorta,natural killer cell,NK
ts_immune_all_1319,TSP25_Vasculature_AortaThoracic_10X_2_1_AAGCCATGTTCACGAT,453963,TSP25,thoracic aorta,natural killer cell,NK
ts_immune_all_1319,TSP25_Vasculature_AortaThoracic_10X_2_1_ACAAGCTCATAGACTC,453995,TSP25,thoracic aorta,natural killer cell,NK
ts_immune_all_1319,TSP25_Vasculature_AortaThoracic_10X_2_1_ACAGAAATCAGACCGC,454006,TSP25,thoracic aorta,natural killer cell,NK
ts_immune_all_1319,TSP25_Vasculature_AortaThoracic_10X_2_1_ACCGTTCCAAGAAACT,454038,TSP25,thoracic aorta,natural killer cell,NK
ts_immune_all_1319,TSP25_Vasculature_AortaThoracic_10X_2_1_AGACAGGGTCACGCTG,454111,TSP25,thoracic aorta,natural killer cell,NK
ts_immune_all_1319,TSP25_Vasculature_AortaThoracic_10X_2_1_AGACCATCAGAACTTC,454115,TSP25,thoracic aorta,natural killer cell,NK
ts_immune_all_1319,TSP25_Vasculature_AortaThoracic_10X_2_1_AGGTAGGGTGCCTAAT,454184,TSP25,thoracic aorta,natural killer cell,NK
ts_immune_all_1319,TSP25_Vasculature_AortaThoracic_10X_2_1_AGTAGCTAGGTAGTCG,454192,TSP25,thoracic aorta,natural killer cell,NK
ts_immune_all_1319,TSP25_Vasculature_AortaThoracic_10X_2_1_AGTCATGCACTAGTAC,454200,TSP25,thoracic aorta,natural killer cell,NK
ts_immune_all_1319,TSP25_Vasculature_AortaThoracic_10X_2_1_ATCAGGTGTCTATGAC,454235,TSP25,thoracic aorta,natural killer cell,NK
ts_immune_all_1319,TSP25_Vasculature_AortaThoracic_10X_2_1_ATCGTCCAGCATATGA,454261,TSP25,thoracic aorta,natural killer cell,NK
ts_immune_all_1319,TSP25_Vasculature_AortaThoracic_10X_2_1_ATGCATGCAGCACAAG,454274,TSP25,thoracic aorta,natural killer cell,NK
ts_immune_all_1319,TSP25_Vasculature_AortaThoracic_10X_2_1_ATTCCCGGTTGGATCT,454298,TSP25,thoracic aorta,natural killer cell,NK
ts_immune_all_1319,TSP25_Vasculature_AortaThoracic_10X_2_1_CAAGGGACAGTCCGTG,454327,TSP25,thoracic aorta,natural killer cell,NK
ts_immune_all_1319,TSP25_Vasculature_AortaThoracic_10X_2_1_CAATCGATCGGCGATC,454329,TSP25,thoracic aorta,natural killer cell,NK
ts_immune_all_1319,TSP25_Vasculature_AortaThoracic_10X_2_1_CAGCACGTCGACGAGA,454367,TSP25,thoracic aorta,natural killer cell,NK
ts_immune_all_1319,TSP25_Vasculature_AortaThoracic_10X_2_1_CCAATGATCTCGCAGG,454433,TSP25,thoracic aorta,natural killer cell,NK
ts_immune_all_1319,TSP25_Vasculature_AortaThoracic_10X_2_1_CGAATTGCACACCTGG,454509,TSP25,thoracic aorta,natural killer cell,NK
ts_immune_all_1319,TSP25_Vasculature_AortaThoracic_10X_2_1_CTACATTTCAACTCTT,454577,TSP25,thoracic aorta,natural killer cell,NK
ts_immune_all_1319,TSP25_Vasculature_AortaThoracic_10X_2_1_CTAGACAAGCCTTTGA,454582,TSP25,thoracic aorta,natural killer cell,NK
ts_immune_all_1319,TSP25_Vasculature_AortaThoracic_10X_2_1_CTGGTCTCAGTGCGCT,454641,TSP25,thoracic aorta,natural killer cell,NK
ts_immune_all_1319,TSP25_Vasculature_AortaThoracic_10X_2_1_GACCAATCAATCACGT,454707,TSP25,thoracic aorta,natural killer cell,NK
ts_immune_all_1319,TSP25_Vasculature_AortaThoracic_10X_2_1_GAGAAATCACTGGCGT,454729,TSP25,thoracic aorta,natural killer cell,NK
ts_immune_all_1319,TSP25_Vasculature_AortaThoracic_10X_2_1_GCACGTGTCAAAGAAC,454788,TSP25,thoracic aorta,natural killer cell,NK
ts_immune_all_1319,TSP25_Vasculature_AortaThoracic_10X_2_1_GCGGAAACAATGGCCC,454824,TSP25,thoracic aorta,natural killer cell,NK
ts_immune_all_1319,TSP25_Vasculature_AortaThoracic_10X_2_1_GGGAGTAAGAAATGGG,454899,TSP25,thoracic aorta,natural killer cell,NK
ts_immune_all_1319,TSP25_Vasculature_AortaThoracic_10X_2_1_GTGATGTAGCGCTTCG,455037,TSP25,thoracic aorta,natural killer cell,NK
ts_immune_all_1319,TSP25_Vasculature_AortaThoracic_10X_2_1_GTGATGTCAACTGCCG,455038,TSP25,thoracic aorta,natural killer cell,NK
ts_immune_all_1319,TSP25_Vasculature_AortaThoracic_10X_2_1_GTGGGAAAGGGATCTG,455052,TSP25,thoracic aorta,natural killer cell,NK
ts_immune_all_1319,TSP25_Vasculature_AortaThoracic_10X_2_1_TAATCTCAGGAAGAAC,455112,TSP25,thoracic aorta,natural killer cell,NK
ts_immune_all_1319,TSP25_Vasculature_AortaThoracic_10X_2_1_TACCTGCAGTACAGAT,455129,TSP25,thoracic aorta,natural killer cell,NK
ts_immune_all_1319,TSP25_Vasculature_AortaThoracic_10X_2_1_TACGGGCAGAACCCGA,455133,TSP25,thoracic aorta,natural killer cell,NK
ts_immune_all_1319,TSP25_Vasculature_AortaThoracic_10X_2_1_TAGAGTCGTACTTGTG,455153,TSP25,thoracic aorta,natural killer cell,NK
ts_immune_all_1319,TSP25_Vasculature_AortaThoracic_10X_2_1_TCACGGGAGCGCCGTT,455202,TSP25,thoracic aorta,natural killer cell,NK
ts_immune_all_1319,TSP25_Vasculature_AortaThoracic_10X_2_1_TCATCATGTACGTTCA,455224,TSP25,thoracic aorta,natural killer cell,NK
ts_immune_all_1319,TSP25_Vasculature_AortaThoracic_10X_2_1_TCATGTTCACAGCCAC,455230,TSP25,thoracic aorta,natural killer cell,NK
ts_immune_all_1319,TSP25_Vasculature_AortaThoracic_10X_2_1_TCCTTCTTCTAAACGC,455253,TSP25,thoracic aorta,natural killer cell,NK
ts_immune_all_1319,TSP25_Vasculature_AortaThoracic_10X_2_1_TCGTGCTCAGCGTACC,455281,TSP25,thoracic aorta,natural killer cell,NK
ts_immune_all_1319,TSP25_Vasculature_AortaThoracic_10X_2_1_TGAATGCAGTCGCGAA,455316,TSP25,thoracic aorta,natural killer cell,NK
ts_immune_all_1319,TSP25_Vasculature_AortaThoracic_10X_2_1_TGAGGAGAGTAGACCG,455329,TSP25,thoracic aorta,natural killer cell,NK
ts_immune_all_1319,TSP25_Vasculature_AortaThoracic_10X_2_1_TGGTAGTAGGACAGCT,455377,TSP25,thoracic aorta,natural killer cell,NK
ts_immune_all_1319,TSP25_Vasculature_AortaThoracic_10X_2_1_TGTTACTAGAAGCGGG,455400,TSP25,thoracic aorta,natural killer cell,NK
ts_immune_all_1319,TSP25_Vasculature_AortaThoracic_10X_2_1_TTCATTGTCTCTGAGA,455435,TSP25,thoracic aorta,natural killer cell,NK
ts_immune_all_1319,TSP25_Vasculature_AortaThoracic_10X_2_1_TTGTTGTAGGTCACAG,455485,TSP25,thoracic aorta,natural killer cell,NK
ts_immune_all_1319,TSP25_Vasculature_AortaThoracic_10X_2_1_TTTCAGTAGTTGTACC,455495,TSP25,thoracic aorta,natural killer cell,NK
ts_immune_all_0830,TSP14_Prostate_NA_10X_1_2_AAGCGAGAGGCTGAAC,312686,TSP14,prostate gland,neutrophil,Neutrophil
ts_immune_all_0830,TSP14_Prostate_NA_10X_1_2_AGCGCCATCATGACAC,312759,TSP14,prostate gland,neutrophil,Neutrophil
ts_immune_all_0830,TSP14_Prostate_NA_10X_1_2_CAACCTCCAGTCTGGC,312831,TSP14,prostate gland,neutrophil,Neutrophil
ts_immune_all_0830,TSP14_Prostate_NA_10X_1_2_CCGCAAGGTGACTCGC,312895,TSP14,prostate gland,neutrophil,Neutrophil
ts_immune_all_0830,TSP14_Prostate_NA_10X_1_2_CTCCAACCATGTGTCA,312961,TSP14,prostate gland,neutrophil,Neutrophil
ts_immune_all_0830,TSP14_Prostate_NA_10X_1_2_GACGTTAGTTGGCCTG,313009,TSP14,prostate gland,neutrophil,Neutrophil
ts_immune_all_0830,TSP14_Prostate_NA_10X_1_2_GAGGCCTGTTCAAGGG,313018,TSP14,prostate gland,neutrophil,Neutrophil
ts_immune_all_0830,TSP14_Prostate_NA_10X_1_2_GATCCCTCAAACCACT,313029,TSP14,prostate gland,neutrophil,Neutrophil
ts_immune_all_0830,TSP14_Prostate_NA_10X_1_2_GCACTAAAGCGCTTCG,313039,TSP14,prostate gland,neutrophil,Neutrophil
ts_immune_all_0830,TSP14_Prostate_NA_10X_1_2_GCAGCTGGTCAACCTA,313043,TSP14,prostate gland,neutrophil,Neutrophil
ts_immune_all_0830,TSP14_Prostate_NA_10X_1_2_GGAGCAAAGTTTGTCG,313069,TSP14,prostate gland,neutrophil,Neutrophil
ts_immune_all_0830,TSP14_Prostate_NA_10X_1_2_GGCACGTGTTCACGAT,313073,TSP14,prostate gland,neutrophil,Neutrophil
ts_immune_all_0830,TSP14_Prostate_NA_10X_1_2_GTGGAAGAGTTAACGA,313135,TSP14,prostate gland,neutrophil,Neutrophil
ts_immune_all_0830,TSP14_Prostate_NA_10X_1_2_TAGTGCACAGACTCTA,313178,TSP14,prostate gland,neutrophil,Neutrophil
ts_immune_all_0830,TSP14_Prostate_NA_10X_1_2_TCGGGCAAGTGTCATC,313230,TSP14,prostate gland,neutrophil,Neutrophil
ts_immune_all_0830,TSP14_Prostate_NA_10X_1_2_TCTCTGGTCCTCCACA,313239,TSP14,prostate gland,neutrophil,Neutrophil
ts_immune_all_0830,TSP14_Prostate_NA_10X_1_2_TGTGCGGAGTAAACGT,313284,TSP14,prostate gland,neutrophil,Neutrophil
ts_immune_all_0830,TSP14_Prostate_NA_10X_1_2_TTTGACTAGCGCCTCA,313346,TSP14,prostate gland,neutrophil,Neutrophil
ts_immune_all_0830,TSP14_Prostate_NA_10X_1_2_TTTGACTGTAAGGCTG,313349,TSP14,prostate gland,neutrophil,Neutrophil
ts_immune_all_0830,TSP14_Prostate_NA_10X_1_1_AAACGCTCAGTGACCC,382927,TSP14,prostate gland,neutrophil,Neutrophil
ts_immune_all_0830,TSP14_Prostate_NA_10X_1_1_AGAAGCGTCTAGGCCG,383004,TSP14,prostate gland,neutrophil,Neutrophil
ts_immune_all_0830,TSP14_Prostate_NA_10X_1_1_AGTCACATCCTACTGC,383044,TSP14,prostate gland,neutrophil,Neutrophil
ts_immune_all_0830,TSP14_Prostate_NA_10X_1_1_ATCTTCATCTAGTTCT,383069,TSP14,prostate gland,neutrophil,Neutrophil
ts_immune_all_0830,TSP14_Prostate_NA_10X_1_1_CACCAAACAAGATGGC,383096,TSP14,prostate gland,neutrophil,Neutrophil
ts_immune_all_0830,TSP14_Prostate_NA_10X_1_1_CACTGAAAGCGAATGC,383098,TSP14,prostate gland,neutrophil,Neutrophil
ts_immune_all_0830,TSP14_Prostate_NA_10X_1_1_CATAAGCAGATCCGAG,383111,TSP14,prostate gland,neutrophil,Neutrophil
ts_immune_all_0830,TSP14_Prostate_NA_10X_1_1_CATGCGGCAGCTAACT,383124,TSP14,prostate gland,neutrophil,Neutrophil
ts_immune_all_0830,TSP14_Prostate_NA_10X_1_1_CATTGTTAGGTATAGT,383133,TSP14,prostate gland,neutrophil,Neutrophil
ts_immune_all_0830,TSP14_Prostate_NA_10X_1_1_CCTTGTGCACACACTA,383172,TSP14,prostate gland,neutrophil,Neutrophil
ts_immune_all_0830,TSP14_Prostate_NA_10X_1_1_CGATGGCAGGGCAATC,383178,TSP14,prostate gland,neutrophil,Neutrophil
ts_immune_all_0830,TSP14_Prostate_NA_10X_1_1_CGGGTGTGTAGCTTAC,383186,TSP14,prostate gland,neutrophil,Neutrophil
ts_immune_all_0830,TSP14_Prostate_NA_10X_1_1_CTACATTTCACCTCTG,383193,TSP14,prostate gland,neutrophil,Neutrophil
ts_immune_all_0830,TSP14_Prostate_NA_10X_1_1_CTGCGAGGTCACTCGG,383225,TSP14,prostate gland,neutrophil,Neutrophil
ts_immune_all_0830,TSP14_Prostate_NA_10X_1_1_GACGTTACAGCTACTA,383259,TSP14,prostate gland,neutrophil,Neutrophil
ts_immune_all_0830,TSP14_Prostate_NA_10X_1_1_GCGTTTCTCCTTTGAT,383307,TSP14,prostate gland,neutrophil,Neutrophil
ts_immune_all_0830,TSP14_Prostate_NA_10X_1_1_GTAGCTATCTGGACTA,383362,TSP14,prostate gland,neutrophil,Neutrophil
ts_immune_all_0830,TSP14_Prostate_NA_10X_1_1_TCACGGGGTAGCCAGA,383456,TSP14,prostate gland,neutrophil,Neutrophil
ts_immune_all_0830,TSP14_Prostate_NA_10X_1_1_TCATGCCAGTAAATGC,383468,TSP14,prostate gland,neutrophil,Neutrophil
ts_immune_all_0830,TSP14_Prostate_NA_10X_1_1_TCATTCACACACCTAA,383470,TSP14,prostate gland,neutrophil,Neutrophil
ts_immune_all_0830,TSP14_Prostate_NA_10X_1_1_TCCTCGAAGTTGCATC,383479,TSP14,prostate gland,neutrophil,Neutrophil
ts_immune_all_0830,TSP14_Prostate_NA_10X_1_1_TCGGTCTGTGTGATGG,383493,TSP14,prostate gland,neutrophil,Neutrophil
ts_immune_all_0830,TSP14_Prostate_NA_10X_1_1_TCTCACGGTTCTAAGC,383502,TSP14,prostate gland,neutrophil,Neutrophil
ts_immune_all_0830,TSP14_Prostate_NA_10X_1_1_TGGGCGTTCGTTCATT,383540,TSP14,prostate gland,neutrophil,Neutrophil
ts_immune_all_0830,TSP14_Prostate_NA_10X_1_1_TGGGTTATCCTTCTGG,383543,TSP14,prostate gland,neutrophil,Neutrophil
ts_immune_all_0830,TSP14_Prostate_NA_10X_1_1_TTCATGTAGGCTCTAT,383569,TSP14,prostate gland,neutrophil,Neutrophil
ts_immune_all_0830,TSP14_Prostate_NA_10X_1_1_TTTACCACAGAACTAA,383595,TSP14,prostate gland,neutrophil,Neutrophil
ts_immune_all_0660,TSP14_Blood_NA_SS2_B134612_D101995_Lymphocyte_O13,4622,TSP14,blood,"CD8-positive, alpha-beta T cell",Memory_CD8
ts_immune_all_0660,TSP14_Blood_NA_SS2_B134612_D101995_Lymphocyte_E1,4630,TSP14,blood,"CD8-positive, alpha-beta T cell",Memory_CD8
ts_immune_all_0660,TSP14_Blood_NA_10X_1_1_TTTCAGTTCATTTACC,24077,TSP14,blood,"CD8-positive, alpha-beta T cell",Memory_CD8
ts_immune_all_0660,TSP14_Blood_NA_10X_1_1_5Prime_AACCATGCAGTCAGCC,51895,TSP14,blood,"CD8-positive, alpha-beta T cell",Memory_CD8
ts_immune_all_0660,TSP14_Blood_NA_10X_1_1_5Prime_CAAGATCAGCCGGTAA,52524,TSP14,blood,"CD8-positive, alpha-beta T cell",Memory_CD8
ts_immune_all_0660,TSP14_Blood_NA_10X_1_1_5Prime_CCTAGCTGTGATGCCC,52898,TSP14,blood,"CD8-positive, alpha-beta T cell",Memory_CD8
ts_immune_all_0660,TSP14_Blood_NA_10X_1_1_5Prime_CTAAGACAGACTAAGT,53184,TSP14,blood,"CD8-positive, alpha-beta T cell",Memory_CD8
ts_immune_all_0660,TSP14_Blood_NA_10X_1_1_5Prime_GCGGGTTGTACCGTAT,53712,TSP14,blood,"CD8-positive, alpha-beta T cell",Memory_CD8
ts_immune_all_0660,TSP14_Blood_NA_10X_1_1_5Prime_GGACAGATCGGCTTGG,53787,TSP14,blood,"CD8-positive, alpha-beta T cell",Memory_CD8
ts_immune_all_0660,TSP14_Blood_NA_10X_1_1_5Prime_GTAACGTCATTCTTAC,53936,TSP14,blood,"CD8-positive, alpha-beta T cell",Memory_CD8
ts_immune_all_0660,TSP14_Blood_NA_10X_1_1_5Prime_TCGCGAGCATGTAGTC,54384,TSP14,blood,"CD8-positive, alpha-beta T cell",Memory_CD8
ts_immune_all_0660,TSP14_Blood_NA_10X_1_1_5Prime_TCGGTAAAGTTAGCGG,54402,TSP14,blood,"CD8-positive, alpha-beta T cell",Memory_CD8
ts_immune_all_0660,TSP14_Blood_NA_10X_1_1_5Prime_TGACTTTTCTTGAGAC,54477,TSP14,blood,"CD8-positive, alpha-beta T cell",Memory_CD8
ts_immune_all_0660,TSP14_Blood_NA_10X_1_1_5Prime_TGAGAGGCATTGTGCA,54483,TSP14,blood,"CD8-positive, alpha-beta T cell",Memory_CD8
ts_immune_all_0660,TSP14_Blood_NA_10X_1_1_5Prime_TTAGGACTCACATAGC,54653,TSP14,blood,"CD8-positive, alpha-beta T cell",Memory_CD8
ts_immune_all_0660,TSP14_Blood_NA_10X_1_2_GAATCACTCGGAACTT,230227,TSP14,blood,"CD8-positive, alpha-beta T cell",Memory_CD8
ts_immune_all_0660,TSP14_Blood_NA_10X_2_1_ACATCCCAGCGATGCA,325318,TSP14,blood,"CD8-positive, alpha-beta T cell",Memory_CD8
ts_immune_all_0660,TSP14_Blood_NA_10X_2_1_AGCATCACACTCCTGT,326160,TSP14,blood,"CD8-positive, alpha-beta T cell",Memory_CD8
ts_immune_all_0660,TSP14_Blood_NA_10X_2_1_ATTCGTTCACCCTTGT,327381,TSP14,blood,"CD8-positive, alpha-beta T cell",Memory_CD8
ts_immune_all_0660,TSP14_Blood_NA_10X_2_1_ATTTACCCATGGCTGC,327445,TSP14,blood,"CD8-positive, alpha-beta T cell",Memory_CD8
ts_immune_all_0660,TSP14_Blood_NA_10X_2_1_CCCTCTCAGGGCATGT,328620,TSP14,blood,"CD8-positive, alpha-beta T cell",Memory_CD8
ts_immune_all_0660,TSP14_Blood_NA_10X_2_1_CCGTTCACACTGCGAC,328785,TSP14,blood,"CD8-positive, alpha-beta T cell",Memory_CD8
ts_immune_all_0660,TSP14_Blood_NA_10X_2_1_CTCAGTCAGAGTATAC,329749,TSP14,blood,"CD8-positive, alpha-beta T cell",Memory_CD8
ts_immune_all_0660,TSP14_Blood_NA_10X_2_1_CTGGCAGGTACCTGTA,330112,TSP14,blood,"CD8-positive, alpha-beta T cell",Memory_CD8
ts_immune_all_0660,TSP14_Blood_NA_10X_2_1_GACTTCCGTATCCCTC,330730,TSP14,blood,"CD8-positive, alpha-beta T cell",Memory_CD8
ts_immune_all_0660,TSP14_Blood_NA_10X_2_1_GATTTCTGTTAAGTCC,331152,TSP14,blood,"CD8-positive, alpha-beta T cell",Memory_CD8
ts_immune_all_0660,TSP14_Blood_NA_10X_2_1_GTGCAGCTCAGCTAGT,332839,TSP14,blood,"CD8-positive, alpha-beta T cell",Memory_CD8
ts_immune_all_0660,TSP14_Blood_NA_10X_2_1_TATCTGTTCGGTCTAA,333717,TSP14,blood,"CD8-positive, alpha-beta T cell",Memory_CD8
ts_immune_all_0660,TSP14_Blood_NA_10X_2_1_TCATATCTCACATCAG,334024,TSP14,blood,"CD8-positive, alpha-beta T cell",Memory_CD8
ts_immune_all_0660,TSP14_Blood_NA_10X_2_1_TGTAGACCAGGTGTGA,335474,TSP14,blood,"CD8-positive, alpha-beta T cell",Memory_CD8
ts_immune_all_0660,TSP14_Blood_NA_10X_2_1_TGTGTGACACGACGTC,335582,TSP14,blood,"CD8-positive, alpha-beta T cell",Memory_CD8
ts_immune_all_0660,TSP14_Blood_NA_10X_2_1_TTCCTAAAGTGAGGCT,335939,TSP14,blood,"CD8-positive, alpha-beta T cell",Memory_CD8
ts_immune_all_0660,TSP14_Blood_NA_10X_2_1_5Prime_AACGTTGAGCAGGCTA,448497,TSP14,blood,"CD8-positive, alpha-beta T cell",Memory_CD8
ts_immune_all_0660,TSP14_Blood_NA_10X_2_1_5Prime_CATTCGCCAGTCACTA,448819,TSP14,blood,"CD8-positive, alpha-beta T cell",Memory_CD8
ts_immune_all_0660,TSP14_Blood_NA_10X_2_1_5Prime_GGCAATTCAATCTACG,449218,TSP14,blood,"CD8-positive, alpha-beta T cell",Memory_CD8
ts_immune_all_0660,TSP14_Blood_NA_10X_2_1_5Prime_TATTACCAGAAACCTA,449391,TSP14,blood,"CD8-positive, alpha-beta T cell",Memory_CD8
ts_immune_all_0660,TSP14_Blood_NA_10X_2_1_5Prime_TGACAACTCCTGCAGG,449468,TSP14,blood,"CD8-positive, alpha-beta T cell",Memory_CD8
ts_immune_all_0660,TSP14_Blood_NA_10X_2_1_5Prime_TTATGCTAGTACGATA,449545,TSP14,blood,"CD8-positive, alpha-beta T cell",Memory_CD8
ts_immune_all_0660,TSP14_Blood_NA_10X_3_1_CAGCAGCAGGATGAGA,461923,TSP14,blood,"CD8-positive, alpha-beta T cell",Memory_CD8
ts_immune_all_0660,TSP14_Blood_NA_10X_3_1_CTACATTTCGCTGACG,462320,TSP14,blood,"CD8-positive, alpha-beta T cell",Memory_CD8
ts_immune_all_0660,TSP14_Blood_NA_10X_3_1_CTTCTCTCATCTCGTC,462504,TSP14,blood,"CD8-positive, alpha-beta T cell",Memory_CD8
ts_immune_all_0660,TSP14_Blood_NA_10X_3_1_GATTTCTGTATACCCA,462743,TSP14,blood,"CD8-positive, alpha-beta T cell",Memory_CD8
ts_immune_all_0660,TSP14_Blood_NA_10X_3_1_GCGAGAACATTGCTTT,462822,TSP14,blood,"CD8-positive, alpha-beta T cell",Memory_CD8
ts_immune_all_0660,TSP14_Blood_NA_10X_3_1_GTGGCGTGTCGGATTT,463194,TSP14,blood,"CD8-positive, alpha-beta T cell",Memory_CD8
ts_immune_all_0660,TSP14_Blood_NA_10X_3_1_GTTATGGAGCAGGTCA,463243,TSP14,blood,"CD8-positive, alpha-beta T cell",Memory_CD8
ts_immune_all_0660,TSP14_Blood_NA_10X_3_1_TTCACGCCAGGTTTAC,463983,TSP14,blood,"CD8-positive, alpha-beta T cell",Memory_CD8
ts_immune_all_0616,TSP13_BM_vertebralbody_SS2_B133713_B134048_Endothelial_F7,1416,TSP13,bone marrow,"CD8-positive, alpha-beta T cell",Memory_CD8
ts_immune_all_0616,TSP13_BM_vertebralbody_SS2_B133713_B134048_Endothelial_M3,1420,TSP13,bone marrow,"CD8-positive, alpha-beta T cell",Memory_CD8
ts_immune_all_0616,TSP13_BM_vertebralbody_SS2_B133713_B134048_Endothelial_F13,1424,TSP13,bone marrow,"CD8-positive, alpha-beta T cell",Memory_CD8
ts_immune_all_0616,TSP13_BM_vertebralbody_SS2_B133713_B134048_Endothelial_F2,1435,TSP13,bone marrow,"CD8-positive, alpha-beta T cell",Memory_CD8
ts_immune_all_0616,TSP13_BM_vertebralbody_SS2_B133713_B134048_Endothelial_K1,1436,TSP13,bone marrow,"CD8-positive, alpha-beta T cell",Memory_CD8
ts_immune_all_0616,TSP13_BM_vertebralbody_SS2_B133713_B134048_Endothelial_D5,1439,TSP13,bone marrow,"CD8-positive, alpha-beta T cell",Memory_CD8
ts_immune_all_0616,TSP13_BM_vertebralbody_SS2_B133713_B134048_Endothelial_A11,1440,TSP13,bone marrow,"CD8-positive, alpha-beta T cell",Memory_CD8
ts_immune_all_0616,TSP13_BM_vertebralbody_SS2_B133713_B134048_Endothelial_H13,1441,TSP13,bone marrow,"CD8-positive, alpha-beta T cell",Memory_CD8
ts_immune_all_0616,TSP13_BM_vertebralbody_SS2_B133713_B134048_Endothelial_G15,1447,TSP13,bone marrow,"CD8-positive, alpha-beta T cell",Memory_CD8
ts_immune_all_0616,TSP13_BM_vertebralbody_SS2_B133713_B134048_Endothelial_F16,1450,TSP13,bone marrow,"CD8-positive, alpha-beta T cell",Memory_CD8
ts_immune_all_0616,TSP13_BM_vertebralbody_SS2_B133713_B134048_Endothelial_B3,1460,TSP13,bone marrow,"CD8-positive, alpha-beta T cell",Memory_CD8
ts_immune_all_0616,TSP13_BM_vertebralbody_SS2_B133713_B134048_Endothelial_A16,1464,TSP13,bone marrow,"CD8-positive, alpha-beta T cell",Memory_CD8
ts_immune_all_0616,TSP13_BM_vertebralbody_SS2_B133713_B134048_Endothelial_D1,1471,TSP13,bone marrow,"CD8-positive, alpha-beta T cell",Memory_CD8
ts_immune_all_0616,TSP13_BM_vertebralbody_SS2_B133713_B134048_Endothelial_G1,1474,TSP13,bone marrow,"CD8-positive, alpha-beta T cell",Memory_CD8
ts_immune_all_0616,TSP13_BM_vertebralbody_SS2_B133713_B134048_Endothelial_P5,1481,TSP13,bone marrow,"CD8-positive, alpha-beta T cell",Memory_CD8
ts_immune_all_0616,TSP13_BM_vertebralbody_SS2_B133713_B134048_Endothelial_M15,1493,TSP13,bone marrow,"CD8-positive, alpha-beta T cell",Memory_CD8
ts_immune_all_0616,TSP13_BM_vertebralbody_SS2_B133713_B134048_Endothelial_O9,1499,TSP13,bone marrow,"CD8-positive, alpha-beta T cell",Memory_CD8
ts_immune_all_0616,TSP13_BM_vertebralbody_SS2_B133713_B134048_Endothelial_F1,1502,TSP13,bone marrow,"CD8-positive, alpha-beta T cell",Memory_CD8
ts_immune_all_0616,TSP13_BM_vertebralbody_SS2_B133713_B134048_Endothelial_C15,1503,TSP13,bone marrow,"CD8-positive, alpha-beta T cell",Memory_CD8
ts_immune_all_0616,TSP13_BM_vertebralbody_SS2_B133713_B134048_Endothelial_E17,1505,TSP13,bone marrow,"CD8-positive, alpha-beta T cell",Memory_CD8
ts_immune_all_0616,TSP13_BM_vertebralbody_SS2_B133713_B134048_Endothelial_E5,1507,TSP13,bone marrow,"CD8-positive, alpha-beta T cell",Memory_CD8
ts_immune_all_0616,TSP13_BM_vertebralbody_SS2_B133713_B134048_Endothelial_E8,1509,TSP13,bone marrow,"CD8-positive, alpha-beta T cell",Memory_CD8
ts_immune_all_0616,TSP13_BM_vertebralbody_SS2_B133713_B134048_Endothelial_J10,1512,TSP13,bone marrow,"CD8-positive, alpha-beta T cell",Memory_CD8
ts_immune_all_0616,TSP13_BM_vertebralbody_SS2_B133713_B134048_Endothelial_A12,1513,TSP13,bone marrow,"CD8-positive, alpha-beta T cell",Memory_CD8
ts_immune_all_0616,TSP13_BM_vertebralbody_SS2_B133713_B134048_Endothelial_B9,1514,TSP13,bone marrow,"CD8-positive, alpha-beta T cell",Memory_CD8
ts_immune_all_0616,TSP13_BM_vertebralbody_SS2_B133713_B134048_Endothelial_I6,1517,TSP13,bone marrow,"CD8-positive, alpha-beta T cell",Memory_CD8
ts_immune_all_0616,TSP13_BM_vertebralbody_SS2_B133713_B134048_Endothelial_L3,1520,TSP13,bone marrow,"CD8-positive, alpha-beta T cell",Memory_CD8
ts_immune_all_0616,TSP13_BM_vertebralbody_SS2_B133713_B134048_Endothelial_C3,1522,TSP13,bone marrow,"CD8-positive, alpha-beta T cell",Memory_CD8
ts_immune_all_0616,TSP13_BM_vertebralbody_SS2_B133713_B134048_Endothelial_I19,1524,TSP13,bone marrow,"CD8-positive, alpha-beta T cell",Memory_CD8
ts_immune_all_0616,TSP13_BM_vertebralbody_SS2_B133713_B134048_Endothelial_I1,1526,TSP13,bone marrow,"CD8-positive, alpha-beta T cell",Memory_CD8
ts_immune_all_0616,TSP13_BM_vertebralbody_SS2_B133713_B134048_Endothelial_H1,1533,TSP13,bone marrow,"CD8-positive, alpha-beta T cell",Memory_CD8
ts_immune_all_0616,TSP13_BM_vertebralbody_SS2_B133713_B134048_Endothelial_C14,1539,TSP13,bone marrow,"CD8-positive, alpha-beta T cell",Memory_CD8
ts_immune_all_0616,TSP13_BM_vertebralbody_SS2_B133713_B134048_Endothelial_G17,1542,TSP13,bone marrow,"CD8-positive, alpha-beta T cell",Memory_CD8
ts_immune_all_0616,TSP13_BM_vertebralbody_SS2_B133713_B134048_Endothelial_O3,1546,TSP13,bone marrow,"CD8-positive, alpha-beta T cell",Memory_CD8
ts_immune_all_0616,TSP13_BM_vertebralbody_SS2_B133713_B134048_Endothelial_G8,1550,TSP13,bone marrow,"CD8-positive, alpha-beta T cell",Memory_CD8
ts_immune_all_0616,TSP13_BM_vertebralbody_SS2_B133713_B134048_Endothelial_F17,1555,TSP13,bone marrow,"CD8-positive, alpha-beta T cell",Memory_CD8
ts_immune_all_0616,TSP13_BM_vertebralbody_SS2_B133713_B134048_Endothelial_E1,1566,TSP13,bone marrow,"CD8-positive, alpha-beta T cell",Memory_CD8
ts_immune_all_0616,TSP13_BM_vertebralbody_SS2_B133713_B134048_Endothelial_H5,1571,TSP13,bone marrow,"CD8-positive, alpha-beta T cell",Memory_CD8
ts_immune_all_0616,TSP13_BM_vertebralbody_SS2_B133713_B134048_Endothelial_D11,1591,TSP13,bone marrow,"CD8-positive, alpha-beta T cell",Memory_CD8
ts_immune_all_0616,TSP13_BM_vertebralbody_SS2_B133713_B134048_Endothelial_J1,1592,TSP13,bone marrow,"CD8-positive, alpha-beta T cell",Memory_CD8
ts_immune_all_0616,TSP13_BM_vertebralbody_SS2_B133713_B134048_Endothelial_G18,1597,TSP13,bone marrow,"CD8-positive, alpha-beta T cell",Memory_CD8
ts_immune_all_0616,TSP13_BM_vertebralbody_SS2_B133712_B134041_Immune_N14,1608,TSP13,bone marrow,"CD8-positive, alpha-beta T cell",Memory_CD8
ts_immune_all_0616,TSP13_BM_vertebralbody_SS2_B133712_B134041_Immune_L4,1639,TSP13,bone marrow,"CD8-positive, alpha-beta T cell",Memory_CD8
ts_immune_all_0616,TSP13_BM_vertebralbody_SS2_B133712_B134041_Immune_O1,1653,TSP13,bone marrow,"CD8-positive, alpha-beta T cell",Memory_CD8
ts_immune_all_0616,TSP13_BM_vertebralbody_SS2_B133720_B134046_HSC_O20,5967,TSP13,bone marrow,"CD8-positive, alpha-beta T cell",Memory_CD8
ts_immune_all_1397,TSP25_SI_Ileum_10X_1_1_AACAGGGAGGCTGGAT,25016,TSP25,ileum,monocyte,Cl_Mono
ts_immune_all_1397,TSP25_SI_Ileum_10X_1_1_AAGTCGTCACTATGTG,25030,TSP25,ileum,monocyte,Cl_Mono
ts_immune_all_1397,TSP25_SI_Ileum_10X_1_1_ACACAGTAGTAGGCCA,25044,TSP25,ileum,monocyte,Cl_Mono
ts_immune_all_1397,TSP25_SI_Ileum_10X_1_1_ACCATTTTCGAAGTGG,25056,TSP25,ileum,monocyte,Cl_Mono
ts_immune_all_1397,TSP25_SI_Ileum_10X_1_1_ACGTCCTAGAAGCGGG,25071,TSP25,ileum,monocyte,Cl_Mono
ts_immune_all_1397,TSP25_SI_Ileum_10X_1_1_AGACCCGTCAAAGAAC,25096,TSP25,ileum,monocyte,Cl_Mono
ts_immune_all_1397,TSP25_SI_Ileum_10X_1_1_AGATCCACAGGTGACA,25099,TSP25,ileum,monocyte,Cl_Mono
ts_immune_all_1397,TSP25_SI_Ileum_10X_1_1_AGTAACCGTACGAGTG,25117,TSP25,ileum,monocyte,Cl_Mono
ts_immune_all_1397,TSP25_SI_Ileum_10X_1_1_AGTACCATCCACCCTA,25120,TSP25,ileum,monocyte,Cl_Mono
ts_immune_all_1397,TSP25_SI_Ileum_10X_1_1_AGTAGCTAGGAAGAAC,25121,TSP25,ileum,monocyte,Cl_Mono
ts_immune_all_1397,TSP25_SI_Ileum_10X_1_1_AGTCTCCGTTCTCGCT,25127,TSP25,ileum,monocyte,Cl_Mono
ts_immune_all_1397,TSP25_SI_Ileum_10X_1_1_AGTGCCGAGAGTGTGC,25129,TSP25,ileum,monocyte,Cl_Mono
ts_immune_all_1397,TSP25_SI_Ileum_10X_1_1_ATCACAGGTCACTTAG,25143,TSP25,ileum,monocyte,Cl_Mono
ts_immune_all_1397,TSP25_SI_Ileum_10X_1_1_ATCACGAAGTATGAAC,25144,TSP25,ileum,monocyte,Cl_Mono
ts_immune_all_1397,TSP25_SI_Ileum_10X_1_1_ATTTCTGCAGCGCTTG,25175,TSP25,ileum,monocyte,Cl_Mono
ts_immune_all_1397,TSP25_SI_Ileum_10X_1_1_CAACAGTAGACTCATC,25179,TSP25,ileum,monocyte,Cl_Mono
ts_immune_all_1397,TSP25_SI_Ileum_10X_1_1_CACATGAGTATGAGCG,25188,TSP25,ileum,monocyte,Cl_Mono
ts_immune_all_1397,TSP25_SI_Ileum_10X_1_1_CATAAGCAGCGTCAAG,25205,TSP25,ileum,monocyte,Cl_Mono
ts_immune_all_1397,TSP25_SI_Ileum_10X_1_1_CATCGGGTCATATGGC,25211,TSP25,ileum,monocyte,Cl_Mono
ts_immune_all_1397,TSP25_SI_Ileum_10X_1_1_CCACACTAGTAGAGTT,25227,TSP25,ileum,monocyte,Cl_Mono
ts_immune_all_1397,TSP25_SI_Ileum_10X_1_1_CGTGCTTCAGAAGTTA,25269,TSP25,ileum,monocyte,Cl_Mono
ts_immune_all_1397,TSP25_SI_Ileum_10X_1_1_CTCTCAGAGGTCACCC,25296,TSP25,ileum,monocyte,Cl_Mono
ts_immune_all_1397,TSP25_SI_Ileum_10X_1_1_CTGTCGTGTCAAAGTA,25308,TSP25,ileum,monocyte,Cl_Mono
ts_immune_all_1397,TSP25_SI_Ileum_10X_1_1_CTTCCTTTCGGAATTC,25317,TSP25,ileum,monocyte,Cl_Mono
ts_immune_all_1397,TSP25_SI_Ileum_10X_1_1_GAGATGGCAAACACCT,25335,TSP25,ileum,monocyte,Cl_Mono
ts_immune_all_1397,TSP25_SI_Ileum_10X_1_1_GAGGCAAAGTTGTCGT,25337,TSP25,ileum,monocyte,Cl_Mono
ts_immune_all_1397,TSP25_SI_Ileum_10X_1_1_GCCCGAACAAGGTACG,25372,TSP25,ileum,monocyte,Cl_Mono
ts_immune_all_1397,TSP25_SI_Ileum_10X_1_1_GCGGATCTCCTTATGT,25375,TSP25,ileum,monocyte,Cl_Mono
ts_immune_all_1397,TSP25_SI_Ileum_10X_1_1_GCTCAAAAGATCCCGC,25377,TSP25,ileum,monocyte,Cl_Mono
ts_immune_all_1397,TSP25_SI_Ileum_10X_1_1_GTCCTCAAGACATAGT,25426,TSP25,ileum,monocyte,Cl_Mono
ts_immune_all_1397,TSP25_SI_Ileum_10X_1_1_GTTATGGTCCACAGCG,25439,TSP25,ileum,monocyte,Cl_Mono
ts_immune_all_1397,TSP25_SI_Ileum_10X_1_1_GTTGAACCAGAGTGTG,25447,TSP25,ileum,monocyte,Cl_Mono
ts_immune_all_1397,TSP25_SI_Ileum_10X_1_1_GTTGTGAGTAACCCTA,25450,TSP25,ileum,monocyte,Cl_Mono
ts_immune_all_1397,TSP25_SI_Ileum_10X_1_1_TATACCTAGAATCGAT,25471,TSP25,ileum,monocyte,Cl_Mono
ts_immune_all_1397,TSP25_SI_Ileum_10X_1_1_TCACAAGGTGCAGGAT,25478,TSP25,ileum,monocyte,Cl_Mono
ts_immune_all_1397,TSP25_SI_Ileum_10X_1_1_TCGTGCTTCTCACCCA,25512,TSP25,ileum,monocyte,Cl_Mono
ts_immune_all_1397,TSP25_SI_Ileum_10X_1_1_TGCGACGGTCGAATGG,25536,TSP25,ileum,monocyte,Cl_Mono
ts_immune_all_1397,TSP25_SI_Ileum_10X_1_1_TGCTTCGAGGTGATCG,25545,TSP25,ileum,monocyte,Cl_Mono
ts_immune_all_1397,TSP25_SI_Ileum_10X_1_1_TGGATGTAGCTCCGAC,25553,TSP25,ileum,monocyte,Cl_Mono
ts_immune_all_1397,TSP25_SI_Ileum_10X_1_1_TGTTCCGTCTGAGCAT,25573,TSP25,ileum,monocyte,Cl_Mono
ts_immune_all_1397,TSP25_SI_Ileum_10X_1_1_TGTTGAGCAATGTGGG,25575,TSP25,ileum,monocyte,Cl_Mono
ts_immune_all_1397,TSP25_SI_Ileum_10X_1_1_TTACCATGTTCCGCTT,25579,TSP25,ileum,monocyte,Cl_Mono
ts_immune_all_1397,TSP25_SI_Ileum_10X_1_1_TTACTGTCAAGCAATA,25583,TSP25,ileum,monocyte,Cl_Mono
ts_immune_all_1397,TSP25_SI_Ileum_10X_1_1_TTCCTAAGTAGTCTTG,25590,TSP25,ileum,monocyte,Cl_Mono
ts_immune_all_1397,TSP25_SI_Ileum_10X_1_1_TTGCATTGTACTAAGA,25607,TSP25,ileum,monocyte,Cl_Mono
ts_immune_all_0893,TSP14_Tongue_Anterior_10X_1_1_AAACCCAGTAGCGATG,138317,TSP14,anterior part of tongue,"CD4-positive, alpha-beta T cell",Memory_CD4
ts_immune_all_0893,TSP14_Tongue_Anterior_10X_1_1_AAATGGACAAGGCCTC,138319,TSP14,anterior part of tongue,"CD4-positive, alpha-beta T cell",Memory_CD4
ts_immune_all_0893,TSP14_Tongue_Anterior_10X_1_1_AAGTCGTTCGATACAC,138329,TSP14,anterior part of tongue,"CD4-positive, alpha-beta T cell",Memory_CD4
ts_immune_all_0893,TSP14_Tongue_Anterior_10X_1_1_AGAACAACATCCTTCG,138359,TSP14,anterior part of tongue,"CD4-positive, alpha-beta T cell",Memory_CD4
ts_immune_all_0893,TSP14_Tongue_Anterior_10X_1_1_AGACCCGCAATTGGTC,138366,TSP14,anterior part of tongue,"CD4-positive, alpha-beta T cell",Memory_CD4
ts_immune_all_0893,TSP14_Tongue_Anterior_10X_1_1_AGAGAATTCGTGGAAG,138368,TSP14,anterior part of tongue,"CD4-positive, alpha-beta T cell",Memory_CD4
ts_immune_all_0893,TSP14_Tongue_Anterior_10X_1_1_AGCCACGTCTCGTGAA,138374,TSP14,anterior part of tongue,"CD4-positive, alpha-beta T cell",Memory_CD4
ts_immune_all_0893,TSP14_Tongue_Anterior_10X_1_1_AGTAGCTAGTCACTAC,138384,TSP14,anterior part of tongue,"CD4-positive, alpha-beta T cell",Memory_CD4
ts_immune_all_0893,TSP14_Tongue_Anterior_10X_1_1_AGTGATCCATGACTAC,138388,TSP14,anterior part of tongue,"CD4-positive, alpha-beta T cell",Memory_CD4
ts_immune_all_0893,TSP14_Tongue_Anterior_10X_1_1_ATACTTCCAATAGAGT,138389,TSP14,anterior part of tongue,"CD4-positive, alpha-beta T cell",Memory_CD4
ts_immune_all_0893,TSP14_Tongue_Anterior_10X_1_1_ATTACTCTCTTACCAT,138398,TSP14,anterior part of tongue,"CD4-positive, alpha-beta T cell",Memory_CD4
ts_immune_all_0893,TSP14_Tongue_Anterior_10X_1_1_ATTCTACCATGTAACC,138403,TSP14,anterior part of tongue,"CD4-positive, alpha-beta T cell",Memory_CD4
ts_immune_all_0893,TSP14_Tongue_Anterior_10X_1_1_ATTTCACTCTCCAAGA,138406,TSP14,anterior part of tongue,"CD4-positive, alpha-beta T cell",Memory_CD4
ts_immune_all_0893,TSP14_Tongue_Anterior_10X_1_1_CAACAACAGCTAAGTA,138408,TSP14,anterior part of tongue,"CD4-positive, alpha-beta T cell",Memory_CD4
ts_immune_all_0893,TSP14_Tongue_Anterior_10X_1_1_CAACGATCACAGCTTA,138409,TSP14,anterior part of tongue,"CD4-positive, alpha-beta T cell",Memory_CD4
ts_immune_all_0893,TSP14_Tongue_Anterior_10X_1_1_CACGTGGCAGCAGATG,138415,TSP14,anterior part of tongue,"CD4-positive, alpha-beta T cell",Memory_CD4
ts_immune_all_0893,TSP14_Tongue_Anterior_10X_1_1_CAGTTCCAGCGCGTTC,138426,TSP14,anterior part of tongue,"CD4-positive, alpha-beta T cell",Memory_CD4
ts_immune_all_0893,TSP14_Tongue_Anterior_10X_1_1_CCCTCAAGTCTTCGAA,138443,TSP14,anterior part of tongue,"CD4-positive, alpha-beta T cell",Memory_CD4
ts_immune_all_0893,TSP14_Tongue_Anterior_10X_1_1_CGAGAAGCATGGAGAC,138455,TSP14,anterior part of tongue,"CD4-positive, alpha-beta T cell",Memory_CD4
ts_immune_all_0893,TSP14_Tongue_Anterior_10X_1_1_CGTGATAGTCAAGCGA,138463,TSP14,anterior part of tongue,"CD4-positive, alpha-beta T cell",Memory_CD4
ts_immune_all_0893,TSP14_Tongue_Anterior_10X_1_1_CTCAGAACACGGCGTT,138475,TSP14,anterior part of tongue,"CD4-positive, alpha-beta T cell",Memory_CD4
ts_immune_all_0893,TSP14_Tongue_Anterior_10X_1_1_CTCGAGGCATGATAGA,138484,TSP14,anterior part of tongue,"CD4-positive, alpha-beta T cell",Memory_CD4
ts_immune_all_0893,TSP14_Tongue_Anterior_10X_1_1_GAACACTTCATGGTAC,138502,TSP14,anterior part of tongue,"CD4-positive, alpha-beta T cell",Memory_CD4
ts_immune_all_0893,TSP14_Tongue_Anterior_10X_1_1_GAGGCAATCTGTGCGG,138511,TSP14,anterior part of tongue,"CD4-positive, alpha-beta T cell",Memory_CD4
ts_immune_all_0893,TSP14_Tongue_Anterior_10X_1_1_GCACATAGTCGCTCGA,138522,TSP14,anterior part of tongue,"CD4-positive, alpha-beta T cell",Memory_CD4
ts_immune_all_0893,TSP14_Tongue_Anterior_10X_1_1_GCATTAGCACCATTCC,138526,TSP14,anterior part of tongue,"CD4-positive, alpha-beta T cell",Memory_CD4
ts_immune_all_0893,TSP14_Tongue_Anterior_10X_1_1_GCTACAACAACCGACC,138531,TSP14,anterior part of tongue,"CD4-positive, alpha-beta T cell",Memory_CD4
ts_immune_all_0893,TSP14_Tongue_Anterior_10X_1_1_GGGACAAAGCTCCATA,138539,TSP14,anterior part of tongue,"CD4-positive, alpha-beta T cell",Memory_CD4
ts_immune_all_0893,TSP14_Tongue_Anterior_10X_1_1_GGGTAGAAGCCTTCTC,138543,TSP14,anterior part of tongue,"CD4-positive, alpha-beta T cell",Memory_CD4
ts_immune_all_0893,TSP14_Tongue_Anterior_10X_1_1_GGTGTTAAGCGTGCCT,138547,TSP14,anterior part of tongue,"CD4-positive, alpha-beta T cell",Memory_CD4
ts_immune_all_0893,TSP14_Tongue_Anterior_10X_1_1_GTGTGATTCTACGGGC,138566,TSP14,anterior part of tongue,"CD4-positive, alpha-beta T cell",Memory_CD4
ts_immune_all_0893,TSP14_Tongue_Anterior_10X_1_1_TAAGCCAAGGCCACTC,138578,TSP14,anterior part of tongue,"CD4-positive, alpha-beta T cell",Memory_CD4
ts_immune_all_0893,TSP14_Tongue_Anterior_10X_1_1_TACCCGTCACCGGTCA,138582,TSP14,anterior part of tongue,"CD4-positive, alpha-beta T cell",Memory_CD4
ts_immune_all_0893,TSP14_Tongue_Anterior_10X_1_1_TACGTCCAGGTACTGG,138587,TSP14,anterior part of tongue,"CD4-positive, alpha-beta T cell",Memory_CD4
ts_immune_all_0893,TSP14_Tongue_Anterior_10X_1_1_TCACATTGTGTGTCGC,138599,TSP14,anterior part of tongue,"CD4-positive, alpha-beta T cell",Memory_CD4
ts_immune_all_0893,TSP14_Tongue_Anterior_10X_1_1_TCACGCTTCAAACCCA,138601,TSP14,anterior part of tongue,"CD4-positive, alpha-beta T cell",Memory_CD4
ts_immune_all_0893,TSP14_Tongue_Anterior_10X_1_1_TCATGCCGTACCTAGT,138606,TSP14,anterior part of tongue,"CD4-positive, alpha-beta T cell",Memory_CD4
ts_immune_all_0893,TSP14_Tongue_Anterior_10X_1_1_TCTTGCGTCTGCTAGA,138629,TSP14,anterior part of tongue,"CD4-positive, alpha-beta T cell",Memory_CD4
ts_immune_all_0893,TSP14_Tongue_Anterior_10X_1_1_TGTGATGAGCACGGAT,138655,TSP14,anterior part of tongue,"CD4-positive, alpha-beta T cell",Memory_CD4
ts_immune_all_0893,TSP14_Tongue_Anterior_10X_1_1_TGTGATGGTAAGTTAG,138657,TSP14,anterior part of tongue,"CD4-positive, alpha-beta T cell",Memory_CD4
ts_immune_all_0893,TSP14_Tongue_Anterior_10X_1_1_TTAGGGTAGTTGGCTT,138665,TSP14,anterior part of tongue,"CD4-positive, alpha-beta T cell",Memory_CD4
ts_immune_all_0893,TSP14_Tongue_Anterior_10X_1_1_TTAGGGTGTCAACACT,138666,TSP14,anterior part of tongue,"CD4-positive, alpha-beta T cell",Memory_CD4
ts_immune_all_0893,TSP14_Tongue_Anterior_10X_1_1_TTCCGTGTCCTTATAC,138672,TSP14,anterior part of tongue,"CD4-positive, alpha-beta T cell",Memory_CD4
ts_immune_all_0893,TSP14_Tongue_Anterior_10X_1_1_TTCCTCTTCGCAAGAG,138675,TSP14,anterior part of tongue,"CD4-positive, alpha-beta T cell",Memory_CD4
ts_immune_all_0893,TSP14_Tongue_Anterior_10X_1_1_TTTGGTTCAGCGACAA,138693,TSP14,anterior part of tongue,"CD4-positive, alpha-beta T cell",Memory_CD4
ts_immune_all_1020,TSP21_Blood_NA_10X_2_1_AATGAAGAGCCAGAGT,280319,TSP21,blood,non-classical monocyte,NC_Mono
ts_immune_all_1020,TSP21_Blood_NA_10X_2_1_ATTACCTAGGTGCATG,280957,TSP21,blood,non-classical monocyte,NC_Mono
ts_immune_all_1020,TSP21_Blood_NA_10X_2_1_CGCCATTCAGTCAGTT,281521,TSP21,blood,non-classical monocyte,NC_Mono
ts_immune_all_1020,TSP21_Blood_NA_10X_1_1_AGAAGCGTCAAGGACG,340382,TSP21,blood,non-classical monocyte,NC_Mono
ts_immune_all_1020,TSP21_Blood_NA_10X_1_1_GGTGTCGCAACCAGAG,341411,TSP21,blood,non-classical monocyte,NC_Mono
ts_immune_all_1020,TSP21_Blood_NA_10X_1_1_TGGGAAGGTGCAGATG,342002,TSP21,blood,non-classical monocyte,NC_Mono
ts_immune_all_1020,TSP21_Blood_NA_10X_3_1_CACTGAAGTCACTCGG,386439,TSP21,blood,non-classical monocyte,NC_Mono
ts_immune_all_1020,TSP21_Blood_NA_10X_3_1_CCATCACTCCAATCCC,386491,TSP21,blood,non-classical monocyte,NC_Mono
ts_immune_all_1020,TSP21_Blood_NA_10X_3_1_CTCAACCCACAAGCAG,386576,TSP21,blood,non-classical monocyte,NC_Mono
ts_immune_all_1020,TSP21_Blood_NA_10X_3_1_CTCAATTCACTCAGAT,386579,TSP21,blood,non-classical monocyte,NC_Mono
ts_immune_all_1020,TSP21_Blood_NA_10X_3_1_TACGTCCCACAGTACT,386839,TSP21,blood,non-classical monocyte,NC_Mono
ts_immune_all_1020,TSP21_Blood_NA_10X_3_1_TCCCACAGTAGGTTTC,386897,TSP21,blood,non-classical monocyte,NC_Mono
ts_immune_all_1020,TSP21_Blood_NA_10X_3_1_TGACAGTCATGACACT,386950,TSP21,blood,non-classical monocyte,NC_Mono
ts_immune_all_1020,TSP21_Blood_NA_10X_3_2_AAGACAAGTAGTCTGT,541829,TSP21,blood,non-classical monocyte,NC_Mono
ts_immune_all_1020,TSP21_Blood_NA_10X_3_2_ACGTTCCCATTGAGGG,542249,TSP21,blood,non-classical monocyte,NC_Mono
ts_immune_all_1020,TSP21_Blood_NA_10X_3_2_ACTTTCAAGCGACTGA,542362,TSP21,blood,non-classical monocyte,NC_Mono
ts_immune_all_1020,TSP21_Blood_NA_10X_3_2_AGATAGAAGTGCACCC,542486,TSP21,blood,non-classical monocyte,NC_Mono
ts_immune_all_1020,TSP21_Blood_NA_10X_3_2_ATCGGCGAGCATGGGT,543030,TSP21,blood,non-classical monocyte,NC_Mono
ts_immune_all_1020,TSP21_Blood_NA_10X_3_2_ATTACCTTCACTGTTT,543189,TSP21,blood,non-classical monocyte,NC_Mono
ts_immune_all_1020,TSP21_Blood_NA_10X_3_2_CAAAGAAGTAGGATAT,543288,TSP21,blood,non-classical monocyte,NC_Mono
ts_immune_all_1020,TSP21_Blood_NA_10X_3_2_CAAGCTAAGTTGGGAC,543352,TSP21,blood,non-classical monocyte,NC_Mono
ts_immune_all_1020,TSP21_Blood_NA_10X_3_2_CCTCAACTCGAGAAGC,544082,TSP21,blood,non-classical monocyte,NC_Mono
ts_immune_all_1020,TSP21_Blood_NA_10X_3_2_CGAGAAGAGTACCGGA,544194,TSP21,blood,non-classical monocyte,NC_Mono
ts_immune_all_1020,TSP21_Blood_NA_10X_3_2_CTACGGGGTCCGCAGT,544518,TSP21,blood,non-classical monocyte,NC_Mono
ts_immune_all_1020,TSP21_Blood_NA_10X_3_2_CTGCCATCAGCTATTG,544765,TSP21,blood,non-classical monocyte,NC_Mono
ts_immune_all_1020,TSP21_Blood_NA_10X_3_2_GCCAGTGCAGTTCCAA,545516,TSP21,blood,non-classical monocyte,NC_Mono
ts_immune_all_1020,TSP21_Blood_NA_10X_3_2_GGCAGTCGTGTCATTG,545776,TSP21,blood,non-classical monocyte,NC_Mono
ts_immune_all_1020,TSP21_Blood_NA_10X_3_2_GTATTGGGTTCAGCGC,546125,TSP21,blood,non-classical monocyte,NC_Mono
ts_immune_all_1020,TSP21_Blood_NA_10X_3_2_GTCAGCGGTCTAACGT,546172,TSP21,blood,non-classical monocyte,NC_Mono
ts_immune_all_1020,TSP21_Blood_NA_10X_3_2_GTCCACTAGTGGACTG,546208,TSP21,blood,non-classical monocyte,NC_Mono
ts_immune_all_1020,TSP21_Blood_NA_10X_3_2_GTTCGCTTCTTTCAGT,546509,TSP21,blood,non-classical monocyte,NC_Mono
ts_immune_all_1020,TSP21_Blood_NA_10X_3_2_TAATTCCTCCTTATGT,546643,TSP21,blood,non-classical monocyte,NC_Mono
ts_immune_all_1020,TSP21_Blood_NA_10X_3_2_TACCCGTCAAAGCACG,546684,TSP21,blood,non-classical monocyte,NC_Mono
ts_immune_all_1020,TSP21_Blood_NA_10X_3_2_TACCTCGCACATTCGA,546697,TSP21,blood,non-classical monocyte,NC_Mono
ts_immune_all_1020,TSP21_Blood_NA_10X_3_2_TCAATCTAGTTGCGCC,546930,TSP21,blood,non-classical monocyte,NC_Mono
ts_immune_all_1020,TSP21_Blood_NA_10X_3_2_TCACGCTCATCCCGTT,546970,TSP21,blood,non-classical monocyte,NC_Mono
ts_immune_all_1020,TSP21_Blood_NA_10X_3_2_TCAGCCTTCTACTTCA,547011,TSP21,blood,non-classical monocyte,NC_Mono
ts_immune_all_1020,TSP21_Blood_NA_10X_3_2_TCATTCACAACGTATC,547122,TSP21,blood,non-classical monocyte,NC_Mono
ts_immune_all_1020,TSP21_Blood_NA_10X_3_2_TCATTGTCAAGAGAGA,547130,TSP21,blood,non-classical monocyte,NC_Mono
ts_immune_all_1020,TSP21_Blood_NA_10X_3_2_TCTACATAGATGTTAG,547414,TSP21,blood,non-classical monocyte,NC_Mono
ts_immune_all_1020,TSP21_Blood_NA_10X_3_2_TGAGGAGCAACCCTAA,547596,TSP21,blood,non-classical monocyte,NC_Mono
ts_immune_all_1020,TSP21_Blood_NA_10X_3_2_TTCATTGGTCACTCTC,548151,TSP21,blood,non-classical monocyte,NC_Mono
ts_immune_all_1020,TSP21_Blood_NA_10X_3_2_TTCCAATTCAAGTGTC,548155,TSP21,blood,non-classical monocyte,NC_Mono
ts_immune_all_1020,TSP21_Blood_NA_10X_3_2_TTGGGTACAACACGAG,548339,TSP21,blood,non-classical monocyte,NC_Mono
ts_immune_all_1331,TSP25_Vasculature_CoronaryArteries_10X_1_1_AACACACAGGGACAGG,93363,TSP25,coronary artery,natural killer cell,NK
ts_immune_all_1331,TSP25_Vasculature_CoronaryArteries_10X_1_1_ACACTGATCGAAATCC,93514,TSP25,coronary artery,natural killer cell,NK
ts_immune_all_1331,TSP25_Vasculature_CoronaryArteries_10X_1_1_ACCTGTCCAGTAGATA,93583,TSP25,coronary artery,natural killer cell,NK
ts_immune_all_1331,TSP25_Vasculature_CoronaryArteries_10X_1_1_ACGCACGGTAGCCAGA,93594,TSP25,coronary artery,natural killer cell,NK
ts_immune_all_1331,TSP25_Vasculature_CoronaryArteries_10X_1_1_ACGGTTACATCACCAA,93607,TSP25,coronary artery,natural killer cell,NK
ts_immune_all_1331,TSP25_Vasculature_CoronaryArteries_10X_1_1_AGACTCATCGCCGATG,93706,TSP25,coronary artery,natural killer cell,NK
ts_immune_all_1331,TSP25_Vasculature_CoronaryArteries_10X_1_1_AGAGAGCAGCATGCGA,93711,TSP25,coronary artery,natural killer cell,NK
ts_immune_all_1331,TSP25_Vasculature_CoronaryArteries_10X_1_1_AGATCCAGTAAGTCAA,93735,TSP25,coronary artery,natural killer cell,NK
ts_immune_all_1331,TSP25_Vasculature_CoronaryArteries_10X_1_1_AGGAAATTCTGTCGTC,93785,TSP25,coronary artery,natural killer cell,NK
ts_immune_all_1331,TSP25_Vasculature_CoronaryArteries_10X_1_1_AGGAATAGTTTACTGG,93789,TSP25,coronary artery,natural killer cell,NK
ts_immune_all_1331,TSP25_Vasculature_CoronaryArteries_10X_1_1_CACACAAAGTAATCCC,94148,TSP25,coronary artery,natural killer cell,NK
ts_immune_all_1331,TSP25_Vasculature_CoronaryArteries_10X_1_1_CACTAAGAGGTCTGGA,94180,TSP25,coronary artery,natural killer cell,NK
ts_immune_all_1331,TSP25_Vasculature_CoronaryArteries_10X_1_1_CAGTTAGAGATGGCGT,94243,TSP25,coronary artery,natural killer cell,NK
ts_immune_all_1331,TSP25_Vasculature_CoronaryArteries_10X_1_1_CATTCATTCCAAGCAT,94319,TSP25,coronary artery,natural killer cell,NK
ts_immune_all_1331,TSP25_Vasculature_CoronaryArteries_10X_1_1_CCAAGCGGTTATCTTC,94343,TSP25,coronary artery,natural killer cell,NK
ts_immune_all_1331,TSP25_Vasculature_CoronaryArteries_10X_1_1_CCTCCAAGTGACAGCA,94470,TSP25,coronary artery,natural killer cell,NK
ts_immune_all_1331,TSP25_Vasculature_CoronaryArteries_10X_1_1_CGGAACCCAGCGATTT,94556,TSP25,coronary artery,natural killer cell,NK
ts_immune_all_1331,TSP25_Vasculature_CoronaryArteries_10X_1_1_CTGAGCGCATGGCGCT,94734,TSP25,coronary artery,natural killer cell,NK
ts_immune_all_1331,TSP25_Vasculature_CoronaryArteries_10X_1_1_GACTCAACATTGAAAG,94910,TSP25,coronary artery,natural killer cell,NK
ts_immune_all_1331,TSP25_Vasculature_CoronaryArteries_10X_1_1_GATTGGTGTATCGCAT,95015,TSP25,coronary artery,natural killer cell,NK
ts_immune_all_1331,TSP25_Vasculature_CoronaryArteries_10X_1_1_GCCAGCATCAAAGACA,95062,TSP25,coronary artery,natural killer cell,NK
ts_immune_all_1331,TSP25_Vasculature_CoronaryArteries_10X_1_1_GCTACAAAGTGGGAAA,95124,TSP25,coronary artery,natural killer cell,NK
ts_immune_all_1331,TSP25_Vasculature_CoronaryArteries_10X_1_1_GCTACAAGTTCGAGCC,95126,TSP25,coronary artery,natural killer cell,NK
ts_immune_all_1331,TSP25_Vasculature_CoronaryArteries_10X_1_1_GGAGCAAAGCTAAGTA,95175,TSP25,coronary artery,natural killer cell,NK
ts_immune_all_1331,TSP25_Vasculature_CoronaryArteries_10X_1_1_GGCTTGGTCGTGGGTC,95224,TSP25,coronary artery,natural killer cell,NK
ts_immune_all_1331,TSP25_Vasculature_CoronaryArteries_10X_1_1_GGGAGATAGCACCGAA,95242,TSP25,coronary artery,natural killer cell,NK
ts_immune_all_1331,TSP25_Vasculature_CoronaryArteries_10X_1_1_GGGAGATCACCAGCTG,95243,TSP25,coronary artery,natural killer cell,NK
ts_immune_all_1331,TSP25_Vasculature_CoronaryArteries_10X_1_1_GTAATCGCATAGTCGT,95348,TSP25,coronary artery,natural killer cell,NK
ts_immune_all_1331,TSP25_Vasculature_CoronaryArteries_10X_1_1_GTAATGCAGCCATTGT,95352,TSP25,coronary artery,natural killer cell,NK
ts_immune_all_1331,TSP25_Vasculature_CoronaryArteries_10X_1_1_GTCATCCCACGCTGAC,95416,TSP25,coronary artery,natural killer cell,NK
ts_immune_all_1331,TSP25_Vasculature_CoronaryArteries_10X_1_1_GTGTAACAGGCGCTTC,95516,TSP25,coronary artery,natural killer cell,NK
ts_immune_all_1331,TSP25_Vasculature_CoronaryArteries_10X_1_1_TAAGCGTAGGTGCTGA,95600,TSP25,coronary artery,natural killer cell,NK
ts_immune_all_1331,TSP25_Vasculature_CoronaryArteries_10X_1_1_TACCGAACAGAGAAAG,95633,TSP25,coronary artery,natural killer cell,NK
ts_immune_all_1331,TSP25_Vasculature_CoronaryArteries_10X_1_1_TACCTGCTCTGGCTGG,95643,TSP25,coronary artery,natural killer cell,NK
ts_immune_all_1331,TSP25_Vasculature_CoronaryArteries_10X_1_1_TACGTCCTCAGGCGAA,95661,TSP25,coronary artery,natural killer cell,NK
ts_immune_all_1331,TSP25_Vasculature_CoronaryArteries_10X_1_1_TATCTGTTCAGCTTCC,95718,TSP25,coronary artery,natural killer cell,NK
ts_immune_all_1331,TSP25_Vasculature_CoronaryArteries_10X_1_1_TCACATTGTCATCACA,95765,TSP25,coronary artery,natural killer cell,NK
ts_immune_all_1331,TSP25_Vasculature_CoronaryArteries_10X_1_1_TCGCTTGGTCGCATCG,95911,TSP25,coronary artery,natural killer cell,NK
ts_immune_all_1331,TSP25_Vasculature_CoronaryArteries_10X_1_1_TGAGCGCGTTCGTGCG,96007,TSP25,coronary artery,natural killer cell,NK
ts_immune_all_1331,TSP25_Vasculature_CoronaryArteries_10X_1_1_TGCGACGTCCCAGGAC,96074,TSP25,coronary artery,natural killer cell,NK
ts_immune_all_1331,TSP25_Vasculature_CoronaryArteries_10X_1_1_TTAGGCACAATCCAGT,96229,TSP25,coronary artery,natural killer cell,NK
ts_immune_all_1331,TSP25_Vasculature_CoronaryArteries_10X_1_1_TTCCACGCACCGGCTA,96260,TSP25,coronary artery,natural killer cell,NK
ts_immune_all_1331,TSP25_Vasculature_CoronaryArteries_10X_1_1_TTTCGATCATGGAGAC,96390,TSP25,coronary artery,natural killer cell,NK
ts_immune_all_1331,TSP25_Vasculature_CoronaryArteries_10X_1_1_TTTGGAGAGCACTCAT,96398,TSP25,coronary artery,natural killer cell,NK
ts_immune_all_1258,TSP25_Stomach_NA_10X_1_1_AACGTCATCTGTACAG,220427,TSP25,stomach,T cell,Memory_CD4
ts_immune_all_1258,TSP25_Stomach_NA_10X_1_1_ACACAGTAGAGGGTGG,220514,TSP25,stomach,T cell,Memory_CD4
ts_immune_all_1258,TSP25_Stomach_NA_10X_1_1_ACTATCTCATCGGATT,220630,TSP25,stomach,T cell,Memory_CD4
ts_immune_all_1258,TSP25_Stomach_NA_10X_1_1_ACTTTCAGTGAGCAGT,220671,TSP25,stomach,T cell,Memory_CD4
ts_immune_all_1258,TSP25_Stomach_NA_10X_1_1_AGCGATTAGCCTGTCG,220740,TSP25,stomach,T cell,Memory_CD4
ts_immune_all_1258,TSP25_Stomach_NA_10X_1_1_ATCACAGCAGGACATG,220897,TSP25,stomach,T cell,Memory_CD4
ts_immune_all_1258,TSP25_Stomach_NA_10X_1_1_CACAACAAGTCTACCA,221082,TSP25,stomach,T cell,Memory_CD4
ts_immune_all_1258,TSP25_Stomach_NA_10X_1_1_CACTGAAGTCCGCAGT,221123,TSP25,stomach,T cell,Memory_CD4
ts_immune_all_1258,TSP25_Stomach_NA_10X_1_1_CCCTCTCCACCCTATC,221323,TSP25,stomach,T cell,Memory_CD4
ts_immune_all_1258,TSP25_Stomach_NA_10X_1_1_CCCTTAGTCGTCTCAC,221330,TSP25,stomach,T cell,Memory_CD4
ts_immune_all_1258,TSP25_Stomach_NA_10X_1_1_CCTACGTAGAGTCCGA,221378,TSP25,stomach,T cell,Memory_CD4
ts_immune_all_1258,TSP25_Stomach_NA_10X_1_1_CGAAGGAGTTCTTAGG,221431,TSP25,stomach,T cell,Memory_CD4
ts_immune_all_1258,TSP25_Stomach_NA_10X_1_1_CGACAGCGTAGTGTGG,221443,TSP25,stomach,T cell,Memory_CD4
ts_immune_all_1258,TSP25_Stomach_NA_10X_1_1_CGATCGGTCCAAGGGA,221463,TSP25,stomach,T cell,Memory_CD4
ts_immune_all_1258,TSP25_Stomach_NA_10X_1_1_CTCACTGGTAGATCCT,221641,TSP25,stomach,T cell,Memory_CD4
ts_immune_all_1258,TSP25_Stomach_NA_10X_1_1_CTGCATCGTCGTTGCG,221722,TSP25,stomach,T cell,Memory_CD4
ts_immune_all_1258,TSP25_Stomach_NA_10X_1_1_GCCAGTGAGACTAGAT,222080,TSP25,stomach,T cell,Memory_CD4
ts_immune_all_1258,TSP25_Stomach_NA_10X_1_1_GCTTTCGAGAACGCGT,222145,TSP25,stomach,T cell,Memory_CD4
ts_immune_all_1258,TSP25_Stomach_NA_10X_1_1_TAACACGCAAGTAGTA,222554,TSP25,stomach,T cell,Memory_CD4
ts_immune_all_1258,TSP25_Stomach_NA_10X_1_1_TCATCATGTCACTCAA,222766,TSP25,stomach,T cell,Memory_CD4
ts_immune_all_1258,TSP25_Stomach_NA_10X_1_1_TCGGATATCCTGTTGC,222872,TSP25,stomach,T cell,Memory_CD4
ts_immune_all_1258,TSP25_Stomach_NA_10X_1_1_TGCTCCATCCAAGCTA,223055,TSP25,stomach,T cell,Memory_CD4
ts_immune_all_1258,TSP25_Stomach_NA_10X_1_1_TTATTGCTCAAGCCGC,223198,TSP25,stomach,T cell,Memory_CD4
ts_immune_all_1258,TSP25_Stomach_NA_10X_1_1_TTCAATCTCCAGCTCT,223201,TSP25,stomach,T cell,Memory_CD4
ts_immune_all_1258,TSP25_Stomach_NA_10X_1_1_TTGGGCGGTTCGGTAT,223311,TSP25,stomach,T cell,Memory_CD4
ts_immune_all_1258,TSP25_Stomach_NA_10X_1_2_AAAGTGACACGCTGCA,482674,TSP25,stomach,T cell,Memory_CD4
ts_immune_all_1258,TSP25_Stomach_NA_10X_1_2_ACCAAACTCTCAACGA,482857,TSP25,stomach,T cell,Memory_CD4
ts_immune_all_1258,TSP25_Stomach_NA_10X_1_2_ACGGTTACACATTCGA,482918,TSP25,stomach,T cell,Memory_CD4
ts_immune_all_1258,TSP25_Stomach_NA_10X_1_2_AGTAACCGTTAAGTCC,483194,TSP25,stomach,T cell,Memory_CD4
ts_immune_all_1258,TSP25_Stomach_NA_10X_1_2_ATCACTTTCGATGCTA,483289,TSP25,stomach,T cell,Memory_CD4
ts_immune_all_1258,TSP25_Stomach_NA_10X_1_2_ATGAAAGTCAAGAAAC,483348,TSP25,stomach,T cell,Memory_CD4
ts_immune_all_1258,TSP25_Stomach_NA_10X_1_2_ATTTCTGAGGTGATAT,483470,TSP25,stomach,T cell,Memory_CD4
ts_immune_all_1258,TSP25_Stomach_NA_10X_1_2_CCGGTGATCGGAATTC,483779,TSP25,stomach,T cell,Memory_CD4
ts_immune_all_1258,TSP25_Stomach_NA_10X_1_2_CGTTGGGCAAGCTGTT,484007,TSP25,stomach,T cell,Memory_CD4
ts_immune_all_1258,TSP25_Stomach_NA_10X_1_2_CTTCCGAAGAAACTAC,484253,TSP25,stomach,T cell,Memory_CD4
ts_immune_all_1258,TSP25_Stomach_NA_10X_1_2_CTTTCAAGTGTCACAT,484284,TSP25,stomach,T cell,Memory_CD4
ts_immune_all_1258,TSP25_Stomach_NA_10X_1_2_GATCATGCATGTGCTA,484465,TSP25,stomach,T cell,Memory_CD4
ts_immune_all_1258,TSP25_Stomach_NA_10X_1_2_GCAGCCATCCACAGCG,484543,TSP25,stomach,T cell,Memory_CD4
ts_immune_all_1258,TSP25_Stomach_NA_10X_1_2_GTCATTTCAATCTCTT,484933,TSP25,stomach,T cell,Memory_CD4
ts_immune_all_1258,TSP25_Stomach_NA_10X_1_2_GTGAGGATCGTGTCAA,484996,TSP25,stomach,T cell,Memory_CD4
ts_immune_all_1258,TSP25_Stomach_NA_10X_1_2_GTTCGCTTCCCTCGTA,485083,TSP25,stomach,T cell,Memory_CD4
ts_immune_all_1258,TSP25_Stomach_NA_10X_1_2_GTTGTCCTCTACTGAG,485106,TSP25,stomach,T cell,Memory_CD4
ts_immune_all_1258,TSP25_Stomach_NA_10X_1_2_TCCCACACATCGGCCA,485431,TSP25,stomach,T cell,Memory_CD4
ts_immune_all_1258,TSP25_Stomach_NA_10X_1_2_TTACTGTGTAACTAAG,485897,TSP25,stomach,T cell,Memory_CD4
ts_immune_all_1156,TSP21_Spleen_NA_10X_3_1_AACCCAACATCATTTC,190695,TSP21,spleen,regulatory T cell,Treg
ts_immune_all_1156,TSP21_Spleen_NA_10X_3_1_AATGCCACATGCCGAC,190854,TSP21,spleen,regulatory T cell,Treg
ts_immune_all_1156,TSP21_Spleen_NA_10X_3_1_ACATCCCAGGAACGTC,190945,TSP21,spleen,regulatory T cell,Treg
ts_immune_all_1156,TSP21_Spleen_NA_10X_3_1_AGAAGTATCATTACTC,191246,TSP21,spleen,regulatory T cell,Treg
ts_immune_all_1156,TSP21_Spleen_NA_10X_3_1_AGCCAATCACAAGTTC,191346,TSP21,spleen,regulatory T cell,Treg
ts_immune_all_1156,TSP21_Spleen_NA_10X_3_1_ATCACGATCAGGACGA,191705,TSP21,spleen,regulatory T cell,Treg
ts_immune_all_1156,TSP21_Spleen_NA_10X_3_1_ATCACTTGTGTAACGG,191713,TSP21,spleen,regulatory T cell,Treg
ts_immune_all_1156,TSP21_Spleen_NA_10X_3_1_ATCGGATGTCAAAGCG,191766,TSP21,spleen,regulatory T cell,Treg
ts_immune_all_1156,TSP21_Spleen_NA_10X_3_1_ATGGGAGTCTCGGGAC,191859,TSP21,spleen,regulatory T cell,Treg
ts_immune_all_1156,TSP21_Spleen_NA_10X_3_1_CATCGGGAGACCAAGC,192334,TSP21,spleen,regulatory T cell,Treg
ts_immune_all_1156,TSP21_Spleen_NA_10X_3_1_CCGGTGAAGTCATCGT,192598,TSP21,spleen,regulatory T cell,Treg
ts_immune_all_1156,TSP21_Spleen_NA_10X_3_1_CCGTAGGAGCTGGCTC,192604,TSP21,spleen,regulatory T cell,Treg
ts_immune_all_1156,TSP21_Spleen_NA_10X_3_1_CTCAACCTCCGTATAG,193093,TSP21,spleen,regulatory T cell,Treg
ts_immune_all_1156,TSP21_Spleen_NA_10X_3_1_CTCATTAAGCGCCCAT,193148,TSP21,spleen,regulatory T cell,Treg
ts_immune_all_1156,TSP21_Spleen_NA_10X_3_1_CTCGAGGCAGAACTCT,193206,TSP21,spleen,regulatory T cell,Treg
ts_immune_all_1156,TSP21_Spleen_NA_10X_3_1_GATCACACAATCAGCT,193681,TSP21,spleen,regulatory T cell,Treg
ts_immune_all_1156,TSP21_Spleen_NA_10X_3_1_GATGCTACACCTCGTT,193731,TSP21,spleen,regulatory T cell,Treg
ts_immune_all_1156,TSP21_Spleen_NA_10X_3_1_GCCAGTGCAAGCAGGT,193859,TSP21,spleen,regulatory T cell,Treg
ts_immune_all_1156,TSP21_Spleen_NA_10X_3_1_GCCAGTGTCGCTTAAG,193862,TSP21,spleen,regulatory T cell,Treg
ts_immune_all_1156,TSP21_Spleen_NA_10X_3_1_GCCCGAAGTCCAAAGG,193884,TSP21,spleen,regulatory T cell,Treg
ts_immune_all_1156,TSP21_Spleen_NA_10X_3_1_GGAACCCAGCAAATCA,194003,TSP21,spleen,regulatory T cell,Treg
ts_immune_all_1156,TSP21_Spleen_NA_10X_3_1_GGGAAGTCAACTGGTT,194126,TSP21,spleen,regulatory T cell,Treg
ts_immune_all_1156,TSP21_Spleen_NA_10X_3_1_GGTCTGGGTTTGTTGG,194284,TSP21,spleen,regulatory T cell,Treg
ts_immune_all_1156,TSP21_Spleen_NA_10X_3_1_GTATTTCTCACAGTGT,194442,TSP21,spleen,regulatory T cell,Treg
ts_immune_all_1156,TSP21_Spleen_NA_10X_3_1_GTTAGTGTCATGCCCT,194675,TSP21,spleen,regulatory T cell,Treg
ts_immune_all_1156,TSP21_Spleen_NA_10X_3_1_GTTCATTTCATCTGTT,194688,TSP21,spleen,regulatory T cell,Treg
ts_immune_all_1156,TSP21_Spleen_NA_10X_3_1_GTTGTGATCACTGTCC,194732,TSP21,spleen,regulatory T cell,Treg
ts_immune_all_1156,TSP21_Spleen_NA_10X_3_1_TACTGCCCAGCGTATT,194875,TSP21,spleen,regulatory T cell,Treg
ts_immune_all_1156,TSP21_Spleen_NA_10X_3_1_TAGAGTCGTCGCAGTC,194903,TSP21,spleen,regulatory T cell,Treg
ts_immune_all_1156,TSP21_Spleen_NA_10X_3_1_TATCAGGTCCTCACGT,194967,TSP21,spleen,regulatory T cell,Treg
ts_immune_all_1156,TSP21_Spleen_NA_10X_3_1_TATCCTAAGTGGAAAG,194970,TSP21,spleen,regulatory T cell,Treg
ts_immune_all_1156,TSP21_Spleen_NA_10X_3_1_TCACTATTCGCCAGAC,195093,TSP21,spleen,regulatory T cell,Treg
ts_immune_all_1156,TSP21_Spleen_NA_10X_3_1_TCATGGATCAACGTGT,195195,TSP21,spleen,regulatory T cell,Treg
ts_immune_all_1156,TSP21_Spleen_NA_10X_3_1_TCCACCACAAGAGAGA,195226,TSP21,spleen,regulatory T cell,Treg
ts_immune_all_1156,TSP21_Spleen_NA_10X_3_1_TCGTAGAGTGATTGGG,195443,TSP21,spleen,regulatory T cell,Treg
ts_immune_all_1156,TSP21_Spleen_NA_10X_3_1_TGACGCGCATGCGTGC,195593,TSP21,spleen,regulatory T cell,Treg
ts_immune_all_1156,TSP21_Spleen_NA_10X_3_1_TGCGGCACACTGTGTA,195729,TSP21,spleen,regulatory T cell,Treg
ts_immune_all_1156,TSP21_Spleen_NA_10X_3_1_TGCGGCACATACAGGG,195731,TSP21,spleen,regulatory T cell,Treg
ts_immune_all_1156,TSP21_Spleen_NA_10X_3_1_TGGGCTGTCATCCTGC,195828,TSP21,spleen,regulatory T cell,Treg
ts_immune_all_1156,TSP21_Spleen_NA_10X_3_1_TTACCGCGTTGCCGCA,195981,TSP21,spleen,regulatory T cell,Treg
ts_immune_all_1156,TSP21_Spleen_NA_10X_3_1_TTACGCCGTAGTTACC,195986,TSP21,spleen,regulatory T cell,Treg
ts_immune_all_1156,TSP21_Spleen_NA_10X_3_1_TTTCGATCATAGACTC,196297,TSP21,spleen,regulatory T cell,Treg
ts_immune_all_1156,TSP21_Spleen_NA_10X_3_1_5prime_ACACCGGCAACACGCC,383752,TSP21,spleen,regulatory T cell,Treg
ts_immune_all_1541,TSP26_SI_Ileum_10X3primev31_1_1_AAACCCAAGCAAATCA,268326,TSP26,ileum,"CD4-positive, alpha-beta T cell",Memory_CD4
ts_immune_all_1541,TSP26_SI_Ileum_10X3primev31_1_1_AAACCCAGTGTACAGG,268327,TSP26,ileum,"CD4-positive, alpha-beta T cell",Memory_CD4
ts_immune_all_1541,TSP26_SI_Ileum_10X3primev31_1_1_AACGGGAGTTAATCGC,268335,TSP26,ileum,"CD4-positive, alpha-beta T cell",Memory_CD4
ts_immune_all_1541,TSP26_SI_Ileum_10X3primev31_1_1_AGAAGCGAGGATGAGA,268360,TSP26,ileum,"CD4-positive, alpha-beta T cell",Memory_CD4
ts_immune_all_1541,TSP26_SI_Ileum_10X3primev31_1_1_AGACCCGCAGTGTGGA,268363,TSP26,ileum,"CD4-positive, alpha-beta T cell",Memory_CD4
ts_immune_all_1541,TSP26_SI_Ileum_10X3primev31_1_1_AGCATCACATGGTGGA,268366,TSP26,ileum,"CD4-positive, alpha-beta T cell",Memory_CD4
ts_immune_all_1541,TSP26_SI_Ileum_10X3primev31_1_1_AGCTACACACGAAAGC,268369,TSP26,ileum,"CD4-positive, alpha-beta T cell",Memory_CD4
ts_immune_all_1541,TSP26_SI_Ileum_10X3primev31_1_1_AGCTACACATTGGCAT,268370,TSP26,ileum,"CD4-positive, alpha-beta T cell",Memory_CD4
ts_immune_all_1541,TSP26_SI_Ileum_10X3primev31_1_1_AGGTTGTAGAGCACTG,268378,TSP26,ileum,"CD4-positive, alpha-beta T cell",Memory_CD4
ts_immune_all_1541,TSP26_SI_Ileum_10X3primev31_1_1_AGTGATCCATTGCTGA,268384,TSP26,ileum,"CD4-positive, alpha-beta T cell",Memory_CD4
ts_immune_all_1541,TSP26_SI_Ileum_10X3primev31_1_1_ATGAAAGGTCGTTATG,268394,TSP26,ileum,"CD4-positive, alpha-beta T cell",Memory_CD4
ts_immune_all_1541,TSP26_SI_Ileum_10X3primev31_1_1_ATGCATGTCTCAGGCG,268396,TSP26,ileum,"CD4-positive, alpha-beta T cell",Memory_CD4
ts_immune_all_1541,TSP26_SI_Ileum_10X3primev31_1_1_CAACAGTGTTCCTACC,268408,TSP26,ileum,"CD4-positive, alpha-beta T cell",Memory_CD4
ts_immune_all_1541,TSP26_SI_Ileum_10X3primev31_1_1_CAACGGCAGAGGTTAT,268410,TSP26,ileum,"CD4-positive, alpha-beta T cell",Memory_CD4
ts_immune_all_1541,TSP26_SI_Ileum_10X3primev31_1_1_CCACGTTTCCCTCGAT,268434,TSP26,ileum,"CD4-positive, alpha-beta T cell",Memory_CD4
ts_immune_all_1541,TSP26_SI_Ileum_10X3primev31_1_1_CCCGAAGGTGCTGATT,268440,TSP26,ileum,"CD4-positive, alpha-beta T cell",Memory_CD4
ts_immune_all_1541,TSP26_SI_Ileum_10X3primev31_1_1_CCTCCTCGTAGGTTTC,268450,TSP26,ileum,"CD4-positive, alpha-beta T cell",Memory_CD4
ts_immune_all_1541,TSP26_SI_Ileum_10X3primev31_1_1_CGTAATGGTCAAGGCA,268464,TSP26,ileum,"CD4-positive, alpha-beta T cell",Memory_CD4
ts_immune_all_1541,TSP26_SI_Ileum_10X3primev31_1_1_CGTAGTAAGGAAGTGA,268467,TSP26,ileum,"CD4-positive, alpha-beta T cell",Memory_CD4
ts_immune_all_1541,TSP26_SI_Ileum_10X3primev31_1_1_CTCAATTGTGAGTTTC,268479,TSP26,ileum,"CD4-positive, alpha-beta T cell",Memory_CD4
ts_immune_all_1541,TSP26_SI_Ileum_10X3primev31_1_1_CTCTCAGGTACTAGCT,268490,TSP26,ileum,"CD4-positive, alpha-beta T cell",Memory_CD4
ts_immune_all_1541,TSP26_SI_Ileum_10X3primev31_1_1_GAAACCTAGCGAATGC,268500,TSP26,ileum,"CD4-positive, alpha-beta T cell",Memory_CD4
ts_immune_all_1541,TSP26_SI_Ileum_10X3primev31_1_1_GACTGATGTATCCCAA,268508,TSP26,ileum,"CD4-positive, alpha-beta T cell",Memory_CD4
ts_immune_all_1541,TSP26_SI_Ileum_10X3primev31_1_1_GAGGCCTGTCTCAGAT,268513,TSP26,ileum,"CD4-positive, alpha-beta T cell",Memory_CD4
ts_immune_all_1541,TSP26_SI_Ileum_10X3primev31_1_1_GATCACATCGCTCTCA,268520,TSP26,ileum,"CD4-positive, alpha-beta T cell",Memory_CD4
ts_immune_all_1541,TSP26_SI_Ileum_10X3primev31_1_1_GATCGTACACCAACAT,268522,TSP26,ileum,"CD4-positive, alpha-beta T cell",Memory_CD4
ts_immune_all_1541,TSP26_SI_Ileum_10X3primev31_1_1_GCCGTGAGTCGTTTCC,268533,TSP26,ileum,"CD4-positive, alpha-beta T cell",Memory_CD4
ts_immune_all_1541,TSP26_SI_Ileum_10X3primev31_1_1_GCGATCGGTGCGTGCT,268534,TSP26,ileum,"CD4-positive, alpha-beta T cell",Memory_CD4
ts_immune_all_1541,TSP26_SI_Ileum_10X3primev31_1_1_GTGCAGCCACGACGTC,268571,TSP26,ileum,"CD4-positive, alpha-beta T cell",Memory_CD4
ts_immune_all_1541,TSP26_SI_Ileum_10X3primev31_1_1_GTGCTGGAGATAACAC,268573,TSP26,ileum,"CD4-positive, alpha-beta T cell",Memory_CD4
ts_immune_all_1541,TSP26_SI_Ileum_10X3primev31_1_1_GTGGAAGGTAGCTTAC,268575,TSP26,ileum,"CD4-positive, alpha-beta T cell",Memory_CD4
ts_immune_all_1541,TSP26_SI_Ileum_10X3primev31_1_1_GTTCCGTCATGTGTCA,268578,TSP26,ileum,"CD4-positive, alpha-beta T cell",Memory_CD4
ts_immune_all_1541,TSP26_SI_Ileum_10X3primev31_1_1_TAACTTCCAGACACCC,268582,TSP26,ileum,"CD4-positive, alpha-beta T cell",Memory_CD4
ts_immune_all_1541,TSP26_SI_Ileum_10X3primev31_1_1_TACATTCCAGGTCCGT,268590,TSP26,ileum,"CD4-positive, alpha-beta T cell",Memory_CD4
ts_immune_all_1541,TSP26_SI_Ileum_10X3primev31_1_1_TACCCACGTATCGGTT,268591,TSP26,ileum,"CD4-positive, alpha-beta T cell",Memory_CD4
ts_immune_all_1541,TSP26_SI_Ileum_10X3primev31_1_1_TCCCACAGTAGTGATA,268615,TSP26,ileum,"CD4-positive, alpha-beta T cell",Memory_CD4
ts_immune_all_1541,TSP26_SI_Ileum_10X3primev31_1_1_TCCCAGTGTTTCGTGA,268616,TSP26,ileum,"CD4-positive, alpha-beta T cell",Memory_CD4
ts_immune_all_1541,TSP26_SI_Ileum_10X3primev31_1_1_TCCTCTTTCAGTAGGG,268619,TSP26,ileum,"CD4-positive, alpha-beta T cell",Memory_CD4
ts_immune_all_1541,TSP26_SI_Ileum_10X3primev31_1_1_TCTATCAGTCCACACG,268638,TSP26,ileum,"CD4-positive, alpha-beta T cell",Memory_CD4
ts_immune_all_1541,TSP26_SI_Ileum_10X3primev31_1_1_TGGAGGACACACAGCC,268655,TSP26,ileum,"CD4-positive, alpha-beta T cell",Memory_CD4
ts_immune_all_1541,TSP26_SI_Ileum_10X3primev31_1_1_TGTAGACGTGACACAG,268665,TSP26,ileum,"CD4-positive, alpha-beta T cell",Memory_CD4
ts_immune_all_1541,TSP26_SI_Ileum_10X3primev31_1_1_TTCTAACGTGGTCTCG,268676,TSP26,ileum,"CD4-positive, alpha-beta T cell",Memory_CD4
ts_immune_all_1541,TSP26_SI_Ileum_10X3primev31_1_1_TTGCATTCATTAGGAA,268681,TSP26,ileum,"CD4-positive, alpha-beta T cell",Memory_CD4
ts_immune_all_1263,TSP25_Stomach_NA_10X_1_1_AAAGGATAGACATAAC,220349,TSP25,stomach,natural killer cell,NK
ts_immune_all_1263,TSP25_Stomach_NA_10X_1_1_AAGACTCAGTCTTGGT,220436,TSP25,stomach,natural killer cell,NK
ts_immune_all_1263,TSP25_Stomach_NA_10X_1_1_ACTCTCGTCTCCGAAA,220642,TSP25,stomach,natural killer cell,NK
ts_immune_all_1263,TSP25_Stomach_NA_10X_1_1_ACTGTCCAGTTCCGTA,220652,TSP25,stomach,natural killer cell,NK
ts_immune_all_1263,TSP25_Stomach_NA_10X_1_1_AGGGTGATCTCCGCAT,220812,TSP25,stomach,natural killer cell,NK
ts_immune_all_1263,TSP25_Stomach_NA_10X_1_1_CACAGATCACGACAGA,221092,TSP25,stomach,natural killer cell,NK
ts_immune_all_1263,TSP25_Stomach_NA_10X_1_1_CACTAAGAGCTGGAGT,221117,TSP25,stomach,natural killer cell,NK
ts_immune_all_1263,TSP25_Stomach_NA_10X_1_1_CCGCAAGCAGTTAGAA,221351,TSP25,stomach,natural killer cell,NK
ts_immune_all_1263,TSP25_Stomach_NA_10X_1_1_CGGAATTAGTAGACCG,221498,TSP25,stomach,natural killer cell,NK
ts_immune_all_1263,TSP25_Stomach_NA_10X_1_1_CTCACTGCATGCCGAC,221640,TSP25,stomach,natural killer cell,NK
ts_immune_all_1263,TSP25_Stomach_NA_10X_1_1_GAGCCTGGTCGTAATC,221934,TSP25,stomach,natural killer cell,NK
ts_immune_all_1263,TSP25_Stomach_NA_10X_1_1_GCGTTTCCATTGAGGG,222118,TSP25,stomach,natural killer cell,NK
ts_immune_all_1263,TSP25_Stomach_NA_10X_1_1_GGGAGATTCCCTGTTG,222222,TSP25,stomach,natural killer cell,NK
ts_immune_all_1263,TSP25_Stomach_NA_10X_1_1_GTAACCAGTCGACGCT,222320,TSP25,stomach,natural killer cell,NK
ts_immune_all_1263,TSP25_Stomach_NA_10X_1_1_GTTGCGGCAACTGAAA,222532,TSP25,stomach,natural killer cell,NK
ts_immune_all_1263,TSP25_Stomach_NA_10X_1_1_TACACCCTCTCGACGG,222590,TSP25,stomach,natural killer cell,NK
ts_immune_all_1263,TSP25_Stomach_NA_10X_1_1_TACAGGTGTTCGGCGT,222593,TSP25,stomach,natural killer cell,NK
ts_immune_all_1263,TSP25_Stomach_NA_10X_1_1_TCATACTGTTACCCTC,222759,TSP25,stomach,natural killer cell,NK
ts_immune_all_1263,TSP25_Stomach_NA_10X_1_1_TCCAGAAAGCCGTCGT,222798,TSP25,stomach,natural killer cell,NK
ts_immune_all_1263,TSP25_Stomach_NA_10X_1_1_TCCAGAATCAAGAGTA,222800,TSP25,stomach,natural killer cell,NK
ts_immune_all_1263,TSP25_Stomach_NA_10X_1_1_TCGAAGTTCCGTGTGG,222847,TSP25,stomach,natural killer cell,NK
ts_immune_all_1263,TSP25_Stomach_NA_10X_1_1_TTATTGCCACCGAATT,223196,TSP25,stomach,natural killer cell,NK
ts_immune_all_1263,TSP25_Stomach_NA_10X_1_1_TTGCTGCAGAACCCGA,223297,TSP25,stomach,natural killer cell,NK
ts_immune_all_1263,TSP25_Stomach_NA_10X_1_1_TTTACCAGTGAGCTCC,223334,TSP25,stomach,natural killer cell,NK
ts_immune_all_1263,TSP25_Stomach_NA_10X_1_1_TTTCATGAGTACAACA,223353,TSP25,stomach,natural killer cell,NK
ts_immune_all_1263,TSP25_Stomach_NA_10X_1_2_ACCCTTGGTAATACCC,482879,TSP25,stomach,natural killer cell,NK
ts_immune_all_1263,TSP25_Stomach_NA_10X_1_2_ACTATGGGTCGGTGTC,482943,TSP25,stomach,natural killer cell,NK
ts_immune_all_1263,TSP25_Stomach_NA_10X_1_2_AGATAGATCACCTGGG,483057,TSP25,stomach,natural killer cell,NK
ts_immune_all_1263,TSP25_Stomach_NA_10X_1_2_AGGGTGAAGCCGCTTG,483165,TSP25,stomach,natural killer cell,NK
ts_immune_all_1263,TSP25_Stomach_NA_10X_1_2_CATCGCTGTGTAAATG,483643,TSP25,stomach,natural killer cell,NK
ts_immune_all_1263,TSP25_Stomach_NA_10X_1_2_CGCGTGATCTGTCTCG,483934,TSP25,stomach,natural killer cell,NK
ts_immune_all_1263,TSP25_Stomach_NA_10X_1_2_CTACTATAGGACAAGA,484041,TSP25,stomach,natural killer cell,NK
ts_immune_all_1263,TSP25_Stomach_NA_10X_1_2_CTCCAACCACCAATTG,484106,TSP25,stomach,natural killer cell,NK
ts_immune_all_1263,TSP25_Stomach_NA_10X_1_2_CTCCCTCCAACAGATA,484122,TSP25,stomach,natural killer cell,NK
ts_immune_all_1263,TSP25_Stomach_NA_10X_1_2_GACCCAGCAACCAGAG,484359,TSP25,stomach,natural killer cell,NK
ts_immune_all_1263,TSP25_Stomach_NA_10X_1_2_GGTCACGCACCTGCTT,484805,TSP25,stomach,natural killer cell,NK
ts_immune_all_1263,TSP25_Stomach_NA_10X_1_2_GTCCACTCACACGCCA,484937,TSP25,stomach,natural killer cell,NK
ts_immune_all_1263,TSP25_Stomach_NA_10X_1_2_TAATTCCGTCTTTCAT,485157,TSP25,stomach,natural killer cell,NK
ts_immune_all_1263,TSP25_Stomach_NA_10X_1_2_TAGACTGGTGAGGATC,485220,TSP25,stomach,natural killer cell,NK
ts_immune_all_1263,TSP25_Stomach_NA_10X_1_2_TCTTAGTCAATTAGGA,485599,TSP25,stomach,natural killer cell,NK
ts_immune_all_1263,TSP25_Stomach_NA_10X_1_2_TGAATCGCAGAGACTG,485616,TSP25,stomach,natural killer cell,NK
ts_immune_all_1263,TSP25_Stomach_NA_10X_1_2_TGACCCTGTTGGATCT,485629,TSP25,stomach,natural killer cell,NK
ts_immune_all_1263,TSP25_Stomach_NA_10X_1_2_TGATGCACACAGCTGC,485675,TSP25,stomach,natural killer cell,NK
ts_immune_all_0507,TSP8_Prostate_NA_10X_1_2_AATGAAGTCTTCTGTA,50780,TSP8,prostate gland,"CD4-positive, alpha-beta T cell",Memory_CD4
ts_immune_all_0507,TSP8_Prostate_NA_10X_1_2_CAGATTGTCAATCCGA,50998,TSP8,prostate gland,"CD4-positive, alpha-beta T cell",Memory_CD4
ts_immune_all_0507,TSP8_Prostate_NA_10X_1_2_CCGGTAGAGTCCTGCG,51055,TSP8,prostate gland,"CD4-positive, alpha-beta T cell",Memory_CD4
ts_immune_all_0507,TSP8_Prostate_NA_10X_1_2_CGGAGAACACGTGTGC,51099,TSP8,prostate gland,"CD4-positive, alpha-beta T cell",Memory_CD4
ts_immune_all_0507,TSP8_Prostate_NA_10X_1_2_CTCTCGATCTTCGTAT,51151,TSP8,prostate gland,"CD4-positive, alpha-beta T cell",Memory_CD4
ts_immune_all_0507,TSP8_Prostate_NA_10X_1_2_GATGACTCAGAGGTTG,51235,TSP8,prostate gland,"CD4-positive, alpha-beta T cell",Memory_CD4
ts_immune_all_0507,TSP8_Prostate_NA_10X_1_2_GGCAGTCAGCTGAAAT,51289,TSP8,prostate gland,"CD4-positive, alpha-beta T cell",Memory_CD4
ts_immune_all_0507,TSP8_Prostate_NA_10X_1_2_GTCACTCGTCACGCTG,51334,TSP8,prostate gland,"CD4-positive, alpha-beta T cell",Memory_CD4
ts_immune_all_0507,TSP8_Prostate_NA_10X_1_2_TACATTCAGGTTGCCC,51378,TSP8,prostate gland,"CD4-positive, alpha-beta T cell",Memory_CD4
ts_immune_all_0507,TSP8_Prostate_NA_10X_1_2_TCAAGTGTCCGTAATG,51411,TSP8,prostate gland,"CD4-positive, alpha-beta T cell",Memory_CD4
ts_immune_all_0507,TSP8_Prostate_NA_10X_1_2_TCCTAATTCGGACGTC,51458,TSP8,prostate gland,"CD4-positive, alpha-beta T cell",Memory_CD4
ts_immune_all_0507,TSP8_Prostate_NA_10X_1_2_TGTGTGAAGGAATCGC,51555,TSP8,prostate gland,"CD4-positive, alpha-beta T cell",Memory_CD4
ts_immune_all_0507,TSP8_Prostate_NA_10X_1_1_AACCCAAAGTACCATC,534435,TSP8,prostate gland,"CD4-positive, alpha-beta T cell",Memory_CD4
ts_immune_all_0507,TSP8_Prostate_NA_10X_1_1_AAGGTAATCTTGGTCC,534452,TSP8,prostate gland,"CD4-positive, alpha-beta T cell",Memory_CD4
ts_immune_all_0507,TSP8_Prostate_NA_10X_1_1_AGAACCTTCTTCCTAA,534554,TSP8,prostate gland,"CD4-positive, alpha-beta T cell",Memory_CD4
ts_immune_all_0507,TSP8_Prostate_NA_10X_1_1_CAACAACCAATAGTGA,534730,TSP8,prostate gland,"CD4-positive, alpha-beta T cell",Memory_CD4
ts_immune_all_0507,TSP8_Prostate_NA_10X_1_1_CATGCCTCACAGCCTG,534805,TSP8,prostate gland,"CD4-positive, alpha-beta T cell",Memory_CD4
ts_immune_all_0507,TSP8_Prostate_NA_10X_1_1_CGCATAAAGACGGTTG,534903,TSP8,prostate gland,"CD4-positive, alpha-beta T cell",Memory_CD4
ts_immune_all_0507,TSP8_Prostate_NA_10X_1_1_CTACTATTCCGAACGC,534953,TSP8,prostate gland,"CD4-positive, alpha-beta T cell",Memory_CD4
ts_immune_all_0507,TSP8_Prostate_NA_10X_1_1_CTCAGAAGTGGTCTTA,534964,TSP8,prostate gland,"CD4-positive, alpha-beta T cell",Memory_CD4
ts_immune_all_0507,TSP8_Prostate_NA_10X_1_1_CTCATTATCAGCACCG,534977,TSP8,prostate gland,"CD4-positive, alpha-beta T cell",Memory_CD4
ts_immune_all_0507,TSP8_Prostate_NA_10X_1_1_CTCCACAAGTAGGATT,534983,TSP8,prostate gland,"CD4-positive, alpha-beta T cell",Memory_CD4
ts_immune_all_0507,TSP8_Prostate_NA_10X_1_1_CTGCCATGTAATGCTC,535012,TSP8,prostate gland,"CD4-positive, alpha-beta T cell",Memory_CD4
ts_immune_all_0507,TSP8_Prostate_NA_10X_1_1_CTGTGAATCGGCCAAC,535022,TSP8,prostate gland,"CD4-positive, alpha-beta T cell",Memory_CD4
ts_immune_all_0507,TSP8_Prostate_NA_10X_1_1_GAAGTAATCTCAGAAC,535058,TSP8,prostate gland,"CD4-positive, alpha-beta T cell",Memory_CD4
ts_immune_all_0507,TSP8_Prostate_NA_10X_1_1_GACTCAACATTGGGAG,535078,TSP8,prostate gland,"CD4-positive, alpha-beta T cell",Memory_CD4
ts_immune_all_0507,TSP8_Prostate_NA_10X_1_1_GATGGAGAGTCAACAA,535117,TSP8,prostate gland,"CD4-positive, alpha-beta T cell",Memory_CD4
ts_immune_all_0507,TSP8_Prostate_NA_10X_1_1_GCCAGCAGTACAGTTC,535152,TSP8,prostate gland,"CD4-positive, alpha-beta T cell",Memory_CD4
ts_immune_all_0507,TSP8_Prostate_NA_10X_1_1_GCCAGTGCACCCGTAG,535156,TSP8,prostate gland,"CD4-positive, alpha-beta T cell",Memory_CD4
ts_immune_all_0507,TSP8_Prostate_NA_10X_1_1_GCGATCGTCTCACCCA,535175,TSP8,prostate gland,"CD4-positive, alpha-beta T cell",Memory_CD4
ts_immune_all_0507,TSP8_Prostate_NA_10X_1_1_GGATGTTGTGATCGTT,535205,TSP8,prostate gland,"CD4-positive, alpha-beta T cell",Memory_CD4
ts_immune_all_0507,TSP8_Prostate_NA_10X_1_1_GGCAGTCAGTGCCGAA,535207,TSP8,prostate gland,"CD4-positive, alpha-beta T cell",Memory_CD4
ts_immune_all_0507,TSP8_Prostate_NA_10X_1_1_GTACAACCACATGACT,535260,TSP8,prostate gland,"CD4-positive, alpha-beta T cell",Memory_CD4
ts_immune_all_0507,TSP8_Prostate_NA_10X_1_1_GTGTGGCCACAGTGTT,535333,TSP8,prostate gland,"CD4-positive, alpha-beta T cell",Memory_CD4
ts_immune_all_0507,TSP8_Prostate_NA_10X_1_1_TCAATTCGTAATGCTC,535436,TSP8,prostate gland,"CD4-positive, alpha-beta T cell",Memory_CD4
ts_immune_all_0507,TSP8_Prostate_NA_10X_1_1_TCACTCGGTAACACGG,535446,TSP8,prostate gland,"CD4-positive, alpha-beta T cell",Memory_CD4
ts_immune_all_0507,TSP8_Prostate_NA_10X_1_1_TCAGGTAGTTCGTTCC,535451,TSP8,prostate gland,"CD4-positive, alpha-beta T cell",Memory_CD4
ts_immune_all_0507,TSP8_Prostate_NA_10X_1_1_TCCGGGAAGTGTCATC,535489,TSP8,prostate gland,"CD4-positive, alpha-beta T cell",Memory_CD4
ts_immune_all_0507,TSP8_Prostate_NA_10X_1_1_TCTAACTGTCGTCATA,535531,TSP8,prostate gland,"CD4-positive, alpha-beta T cell",Memory_CD4
ts_immune_all_0507,TSP8_Prostate_NA_10X_1_1_TCTCACGCATCGATGT,535541,TSP8,prostate gland,"CD4-positive, alpha-beta T cell",Memory_CD4
ts_immune_all_0507,TSP8_Prostate_NA_10X_1_1_TTCGGTCCATCCGTTC,535696,TSP8,prostate gland,"CD4-positive, alpha-beta T cell",Memory_CD4
ts_immune_all_0507,TSP8_Prostate_NA_10X_1_1_TTCTGTAGTGGTCCCA,535700,TSP8,prostate gland,"CD4-positive, alpha-beta T cell",Memory_CD4
ts_immune_all_0507,TSP8_Prostate_NA_10X_1_1_TTTGTTGAGACTAGAT,535746,TSP8,prostate gland,"CD4-positive, alpha-beta T cell",Memory_CD4
ts_immune_all_1162,TSP21_FAT_SCAT_10X_1_1_AAAGGATGTCTTGGTA,265071,TSP21,subcutaneous adipose tissue,mast cell,Mast
ts_immune_all_1162,TSP21_FAT_SCAT_10X_1_1_AACAAAGGTATAGGGC,265088,TSP21,subcutaneous adipose tissue,mast cell,Mast
ts_immune_all_1162,TSP21_FAT_SCAT_10X_1_1_AATGCCAAGTCATAGA,265200,TSP21,subcutaneous adipose tissue,mast cell,Mast
ts_immune_all_1162,TSP21_FAT_SCAT_10X_1_1_ACAGCCGTCCATCAGA,265249,TSP21,subcutaneous adipose tissue,mast cell,Mast
ts_immune_all_1162,TSP21_FAT_SCAT_10X_1_1_AGAAGCGTCAGCCTCT,265433,TSP21,subcutaneous adipose tissue,mast cell,Mast
ts_immune_all_1162,TSP21_FAT_SCAT_10X_1_1_AGAGCCCCATAACGGG,265454,TSP21,subcutaneous adipose tissue,mast cell,Mast
ts_immune_all_1162,TSP21_FAT_SCAT_10X_1_1_AGGAAATGTACGGTTT,265520,TSP21,subcutaneous adipose tissue,mast cell,Mast
ts_immune_all_1162,TSP21_FAT_SCAT_10X_1_1_CAACGGCAGACTTCAC,265851,TSP21,subcutaneous adipose tissue,mast cell,Mast
ts_immune_all_1162,TSP21_FAT_SCAT_10X_1_1_CAACGGCCATCCTTGC,265854,TSP21,subcutaneous adipose tissue,mast cell,Mast
ts_immune_all_1162,TSP21_FAT_SCAT_10X_1_1_CAGGGCTAGACAAGCC,265965,TSP21,subcutaneous adipose tissue,mast cell,Mast
ts_immune_all_1162,TSP21_FAT_SCAT_10X_1_1_CCTTCAGCACACTGGC,266229,TSP21,subcutaneous adipose tissue,mast cell,Mast
ts_immune_all_1162,TSP21_FAT_SCAT_10X_1_1_CGATCGGTCCTATTGT,266272,TSP21,subcutaneous adipose tissue,mast cell,Mast
ts_immune_all_1162,TSP21_FAT_SCAT_10X_1_1_CGGAGAATCTACTTCA,266316,TSP21,subcutaneous adipose tissue,mast cell,Mast
ts_immune_all_1162,TSP21_FAT_SCAT_10X_1_1_CGTAGTAGTACGATTC,266343,TSP21,subcutaneous adipose tissue,mast cell,Mast
ts_immune_all_1162,TSP21_FAT_SCAT_10X_1_1_CGTCCATAGCACCAGA,266353,TSP21,subcutaneous adipose tissue,mast cell,Mast
ts_immune_all_1162,TSP21_FAT_SCAT_10X_1_1_CGTGATATCGCGATCG,266363,TSP21,subcutaneous adipose tissue,mast cell,Mast
ts_immune_all_1162,TSP21_FAT_SCAT_10X_1_1_CGTTGGGTCATGGATC,266378,TSP21,subcutaneous adipose tissue,mast cell,Mast
ts_immune_all_1162,TSP21_FAT_SCAT_10X_1_1_CTGGTCTAGACGGAAA,266527,TSP21,subcutaneous adipose tissue,mast cell,Mast
ts_immune_all_1162,TSP21_FAT_SCAT_10X_1_1_CTGGTCTAGATCCAAA,266529,TSP21,subcutaneous adipose tissue,mast cell,Mast
ts_immune_all_1162,TSP21_FAT_SCAT_10X_1_1_GACATCAGTCCACGCA,266641,TSP21,subcutaneous adipose tissue,mast cell,Mast
ts_immune_all_1162,TSP21_FAT_SCAT_10X_1_1_GAGGCAACACTACGGC,266720,TSP21,subcutaneous adipose tissue,mast cell,Mast
ts_immune_all_1162,TSP21_FAT_SCAT_10X_1_1_GAGGCAAGTTGCCAAT,266723,TSP21,subcutaneous adipose tissue,mast cell,Mast
ts_immune_all_1162,TSP21_FAT_SCAT_10X_1_1_GATGATCGTGTTACTG,266796,TSP21,subcutaneous adipose tissue,mast cell,Mast
ts_immune_all_1162,TSP21_FAT_SCAT_10X_1_1_GCTGCAGAGTTTGAGA,266956,TSP21,subcutaneous adipose tissue,mast cell,Mast
ts_immune_all_1162,TSP21_FAT_SCAT_10X_1_1_GCTTGGGTCCATCGTC,266966,TSP21,subcutaneous adipose tissue,mast cell,Mast
ts_immune_all_1162,TSP21_FAT_SCAT_10X_1_1_GGGCTCAAGCATACTC,267068,TSP21,subcutaneous adipose tissue,mast cell,Mast
ts_immune_all_1162,TSP21_FAT_SCAT_10X_1_1_GTAGGTTAGTCATCCA,267169,TSP21,subcutaneous adipose tissue,mast cell,Mast
ts_immune_all_1162,TSP21_FAT_SCAT_10X_1_1_GTGAGCCCACTGGACC,267265,TSP21,subcutaneous adipose tissue,mast cell,Mast
ts_immune_all_1162,TSP21_FAT_SCAT_10X_1_1_GTTCGCTCACAAATCC,267360,TSP21,subcutaneous adipose tissue,mast cell,Mast
ts_immune_all_1162,TSP21_FAT_SCAT_10X_1_1_TAACGACAGCTAGAAT,267407,TSP21,subcutaneous adipose tissue,mast cell,Mast
ts_immune_all_1162,TSP21_FAT_SCAT_10X_1_1_TACCGGGAGTCACAGG,267481,TSP21,subcutaneous adipose tissue,mast cell,Mast
ts_immune_all_1162,TSP21_FAT_SCAT_10X_1_1_TATCAGGTCATTCCTA,267559,TSP21,subcutaneous adipose tissue,mast cell,Mast
ts_immune_all_1162,TSP21_FAT_SCAT_10X_1_1_TCCGGGACAGAGTCAG,267723,TSP21,subcutaneous adipose tissue,mast cell,Mast
ts_immune_all_1162,TSP21_FAT_SCAT_10X_1_1_TCCTCCCGTATGGAGC,267730,TSP21,subcutaneous adipose tissue,mast cell,Mast
ts_immune_all_1162,TSP21_FAT_SCAT_10X_1_1_TCCTCGACAGCGTACC,267732,TSP21,subcutaneous adipose tissue,mast cell,Mast
ts_immune_all_1162,TSP21_FAT_SCAT_10X_1_1_TCGATTTTCCCAATAG,267769,TSP21,subcutaneous adipose tissue,mast cell,Mast
ts_immune_all_1162,TSP21_FAT_SCAT_10X_1_1_TGCACGGCATAGAGGC,267907,TSP21,subcutaneous adipose tissue,mast cell,Mast
ts_immune_all_1162,TSP21_FAT_SCAT_10X_1_1_TGCATCCCACTAGAGG,267923,TSP21,subcutaneous adipose tissue,mast cell,Mast
ts_immune_all_1162,TSP21_FAT_SCAT_10X_1_1_TGGATCATCAGCCTTC,267984,TSP21,subcutaneous adipose tissue,mast cell,Mast
ts_immune_all_1162,TSP21_FAT_SCAT_10X_1_1_TTCATGTAGTTAACGA,268142,TSP21,subcutaneous adipose tissue,mast cell,Mast
ts_immune_all_1162,TSP21_FAT_SCAT_10X_1_1_TTCGATTGTGCCTGAC,268180,TSP21,subcutaneous adipose tissue,mast cell,Mast
ts_immune_all_1162,TSP21_FAT_SCAT_10X_1_1_TTGCCTGGTGGAGGTT,268238,TSP21,subcutaneous adipose tissue,mast cell,Mast
ts_immune_all_1162,TSP21_FAT_SCAT_10X_1_1_TTGCTGCCAATGCAGG,268247,TSP21,subcutaneous adipose tissue,mast cell,Mast
ts_immune_all_0867,TSP14_BoneMarrow_NA_10X_1_1_AACAGGGAGGTGAGCT,59705,TSP14,bone marrow,intermediate monocyte,Cl_Mono
ts_immune_all_0867,TSP14_BoneMarrow_NA_10X_1_1_AACAGGGTCTAAGAAG,59707,TSP14,bone marrow,intermediate monocyte,Cl_Mono
ts_immune_all_0867,TSP14_BoneMarrow_NA_10X_1_1_AGAAATGAGGTTCCAT,60006,TSP14,bone marrow,intermediate monocyte,Cl_Mono
ts_immune_all_0867,TSP14_BoneMarrow_NA_10X_1_1_ATGGGTTTCGCAGTTA,60385,TSP14,bone marrow,intermediate monocyte,Cl_Mono
ts_immune_all_0867,TSP14_BoneMarrow_NA_10X_1_1_ATTCAGGGTCTCCTGT,60418,TSP14,bone marrow,intermediate monocyte,Cl_Mono
ts_immune_all_0867,TSP14_BoneMarrow_NA_10X_1_1_CAGATTGCAACCAATC,60578,TSP14,bone marrow,intermediate monocyte,Cl_Mono
ts_immune_all_0867,TSP14_BoneMarrow_NA_10X_1_1_CATCCCACACGTACAT,60648,TSP14,bone marrow,intermediate monocyte,Cl_Mono
ts_immune_all_0867,TSP14_BoneMarrow_NA_10X_1_1_CATGCCTGTATTGACC,60681,TSP14,bone marrow,intermediate monocyte,Cl_Mono
ts_immune_all_0867,TSP14_BoneMarrow_NA_10X_1_1_CCCGAAGTCTTAATCC,60763,TSP14,bone marrow,intermediate monocyte,Cl_Mono
ts_immune_all_0867,TSP14_BoneMarrow_NA_10X_1_1_CCGGGTAAGGACAACC,60790,TSP14,bone marrow,intermediate monocyte,Cl_Mono
ts_immune_all_0867,TSP14_BoneMarrow_NA_10X_1_1_CTACATTCATGTGGCC,61041,TSP14,bone marrow,intermediate monocyte,Cl_Mono
ts_immune_all_0867,TSP14_BoneMarrow_NA_10X_1_1_CTTACCGGTAGTGCGA,61204,TSP14,bone marrow,intermediate monocyte,Cl_Mono
ts_immune_all_0867,TSP14_BoneMarrow_NA_10X_1_1_CTTCGGTTCAAGTTGC,61223,TSP14,bone marrow,intermediate monocyte,Cl_Mono
ts_immune_all_0867,TSP14_BoneMarrow_NA_10X_1_1_CTTGATTTCTGGCCGA,61239,TSP14,bone marrow,intermediate monocyte,Cl_Mono
ts_immune_all_0867,TSP14_BoneMarrow_NA_10X_1_1_GATCAGTTCAAGTGGG,61420,TSP14,bone marrow,intermediate monocyte,Cl_Mono
ts_immune_all_0867,TSP14_BoneMarrow_NA_10X_1_1_GTAGCTAGTACACGCC,61868,TSP14,bone marrow,intermediate monocyte,Cl_Mono
ts_immune_all_0867,TSP14_BoneMarrow_NA_10X_1_1_GTGTAACCACACTGGC,62028,TSP14,bone marrow,intermediate monocyte,Cl_Mono
ts_immune_all_0867,TSP14_BoneMarrow_NA_10X_1_1_GTTCGCTCAGATTAAG,62082,TSP14,bone marrow,intermediate monocyte,Cl_Mono
ts_immune_all_0867,TSP14_BoneMarrow_NA_10X_1_1_TCATATCGTCGAGTTT,62346,TSP14,bone marrow,intermediate monocyte,Cl_Mono
ts_immune_all_0867,TSP14_BoneMarrow_NA_10X_1_1_TCCATCGCAGAAACCG,62404,TSP14,bone marrow,intermediate monocyte,Cl_Mono
ts_immune_all_0867,TSP14_BoneMarrow_NA_10X_1_1_TCTAACTGTAGACAAT,62533,TSP14,bone marrow,intermediate monocyte,Cl_Mono
ts_immune_all_0867,TSP14_BoneMarrow_NA_10X_1_1_TGCCGAGGTCCGATCG,62692,TSP14,bone marrow,intermediate monocyte,Cl_Mono
ts_immune_all_0867,TSP14_BoneMarrow_NA_10X_1_1_TGCGATAAGAGTACCG,62698,TSP14,bone marrow,intermediate monocyte,Cl_Mono
ts_immune_all_0867,TSP14_BoneMarrow_NA_10X_1_1_TGCGGGTGTCTACGTA,62702,TSP14,bone marrow,intermediate monocyte,Cl_Mono
ts_immune_all_0867,TSP14_BoneMarrow_NA_10X_1_1_TGTGATGCACTTGACA,62807,TSP14,bone marrow,intermediate monocyte,Cl_Mono
ts_immune_all_0867,TSP14_BoneMarrow_NA_10X_4_1_AACAACCCAGGTTTAC,548563,TSP14,bone marrow,intermediate monocyte,Cl_Mono
ts_immune_all_0867,TSP14_BoneMarrow_NA_10X_4_1_ACCACAAGTCGTTCAA,548775,TSP14,bone marrow,intermediate monocyte,Cl_Mono
ts_immune_all_0867,TSP14_BoneMarrow_NA_10X_4_1_AGCCAGCCAGCGCTTG,548968,TSP14,bone marrow,intermediate monocyte,Cl_Mono
ts_immune_all_0867,TSP14_BoneMarrow_NA_10X_4_1_AGCGTATAGAGACAAG,548979,TSP14,bone marrow,intermediate monocyte,Cl_Mono
ts_immune_all_0867,TSP14_BoneMarrow_NA_10X_4_1_ATACCTTTCCGCTTAC,549115,TSP14,bone marrow,intermediate monocyte,Cl_Mono
ts_immune_all_0867,TSP14_BoneMarrow_NA_10X_4_1_ATCGTAGTCCTAGCGG,549178,TSP14,bone marrow,intermediate monocyte,Cl_Mono
ts_immune_all_0867,TSP14_BoneMarrow_NA_10X_4_1_CACAACACATTCTGTT,549357,TSP14,bone marrow,intermediate monocyte,Cl_Mono
ts_immune_all_0867,TSP14_BoneMarrow_NA_10X_4_1_CAGTTCCAGTGGAAAG,549451,TSP14,bone marrow,intermediate monocyte,Cl_Mono
ts_immune_all_0867,TSP14_BoneMarrow_NA_10X_4_1_CCACACTTCCACGGGT,549565,TSP14,bone marrow,intermediate monocyte,Cl_Mono
ts_immune_all_0867,TSP14_BoneMarrow_NA_10X_4_1_CCCTTAGTCAGCGGAA,549600,TSP14,bone marrow,intermediate monocyte,Cl_Mono
ts_immune_all_0867,TSP14_BoneMarrow_NA_10X_4_1_GCGTGCACAGTGAGCA,550395,TSP14,bone marrow,intermediate monocyte,Cl_Mono
ts_immune_all_0867,TSP14_BoneMarrow_NA_10X_4_1_GCTACCTGTGAGTGAC,550405,TSP14,bone marrow,intermediate monocyte,Cl_Mono
ts_immune_all_0867,TSP14_BoneMarrow_NA_10X_4_1_GCTGCAGTCTTGGAAC,550417,TSP14,bone marrow,intermediate monocyte,Cl_Mono
ts_immune_all_0867,TSP14_BoneMarrow_NA_10X_4_1_GTCTACCAGCATCAAA,550717,TSP14,bone marrow,intermediate monocyte,Cl_Mono
ts_immune_all_0867,TSP14_BoneMarrow_NA_10X_4_1_TACTTACAGAGAAGGT,550966,TSP14,bone marrow,intermediate monocyte,Cl_Mono
ts_immune_all_0867,TSP14_BoneMarrow_NA_10X_4_1_TAGATCGGTCGTACAT,550992,TSP14,bone marrow,intermediate monocyte,Cl_Mono
ts_immune_all_0867,TSP14_BoneMarrow_NA_10X_4_1_TCAAGACGTACCATAC,551050,TSP14,bone marrow,intermediate monocyte,Cl_Mono
ts_immune_all_0867,TSP14_BoneMarrow_NA_10X_4_1_TCGGGACCAACGGCCT,551266,TSP14,bone marrow,intermediate monocyte,Cl_Mono
ts_immune_all_1668,TSP27_FAT_SAT_10X3primev31_1_1_AAGACTCTCACCTTGC,502286,TSP27,subcutaneous adipose tissue,macrophage,Macrophage
ts_immune_all_1668,TSP27_FAT_SAT_10X3primev31_1_1_AAGCGAGCAAAGCAAT,502287,TSP27,subcutaneous adipose tissue,macrophage,Macrophage
ts_immune_all_1668,TSP27_FAT_SAT_10X3primev31_1_1_AATGGCTTCCGGCAAC,502289,TSP27,subcutaneous adipose tissue,macrophage,Macrophage
ts_immune_all_1668,TSP27_FAT_SAT_10X3primev31_1_1_ACCACAAGTCGAGTGA,502290,TSP27,subcutaneous adipose tissue,macrophage,Macrophage
ts_immune_all_1668,TSP27_FAT_SAT_10X3primev31_1_1_ACGATCAGTTAGAAGT,502291,TSP27,subcutaneous adipose tissue,macrophage,Macrophage
ts_immune_all_1668,TSP27_FAT_SAT_10X3primev31_1_1_ACTTATCAGTTGCTGT,502293,TSP27,subcutaneous adipose tissue,macrophage,Macrophage
ts_immune_all_1668,TSP27_FAT_SAT_10X3primev31_1_1_AGAAGCGTCGGCATAT,502295,TSP27,subcutaneous adipose tissue,macrophage,Macrophage
ts_immune_all_1668,TSP27_FAT_SAT_10X3primev31_1_1_AGCTCAATCTAGAGCT,502297,TSP27,subcutaneous adipose tissue,macrophage,Macrophage
ts_immune_all_1668,TSP27_FAT_SAT_10X3primev31_1_1_ATCTCTATCTTCTAAC,502302,TSP27,subcutaneous adipose tissue,macrophage,Macrophage
ts_immune_all_1668,TSP27_FAT_SAT_10X3primev31_1_1_ATGACCACATCGTGGC,502303,TSP27,subcutaneous adipose tissue,macrophage,Macrophage
ts_immune_all_1668,TSP27_FAT_SAT_10X3primev31_1_1_ATGGATCCATACGCAT,502304,TSP27,subcutaneous adipose tissue,macrophage,Macrophage
ts_immune_all_1668,TSP27_FAT_SAT_10X3primev31_1_1_CAACGATTCATCGCCT,502308,TSP27,subcutaneous adipose tissue,macrophage,Macrophage
ts_immune_all_1668,TSP27_FAT_SAT_10X3primev31_1_1_CAGCCAGCAATTGTGC,502310,TSP27,subcutaneous adipose tissue,macrophage,Macrophage
ts_immune_all_1668,TSP27_FAT_SAT_10X3primev31_1_1_CAGCCAGGTATGCGGA,502311,TSP27,subcutaneous adipose tissue,macrophage,Macrophage
ts_immune_all_1668,TSP27_FAT_SAT_10X3primev31_1_1_CATGCAAGTGTCCTAA,502314,TSP27,subcutaneous adipose tissue,macrophage,Macrophage
ts_immune_all_1668,TSP27_FAT_SAT_10X3primev31_1_1_CCTAAGAAGGTGCGAT,502317,TSP27,subcutaneous adipose tissue,macrophage,Macrophage
ts_immune_all_1668,TSP27_FAT_SAT_10X3primev31_1_1_CCTATCGCAGATACTC,502318,TSP27,subcutaneous adipose tissue,macrophage,Macrophage
ts_immune_all_1668,TSP27_FAT_SAT_10X3primev31_1_1_CTAACCCAGCTACTGT,502322,TSP27,subcutaneous adipose tissue,macrophage,Macrophage
ts_immune_all_1668,TSP27_FAT_SAT_10X3primev31_1_1_CTCATCGGTCTCAGAT,502323,TSP27,subcutaneous adipose tissue,macrophage,Macrophage
ts_immune_all_1668,TSP27_FAT_SAT_10X3primev31_1_1_GAAGCCCGTGCACAAG,502327,TSP27,subcutaneous adipose tissue,macrophage,Macrophage
ts_immune_all_1668,TSP27_FAT_SAT_10X3primev31_1_1_GACTATGGTTAGGACG,502329,TSP27,subcutaneous adipose tissue,macrophage,Macrophage
ts_immune_all_1668,TSP27_FAT_SAT_10X3primev31_1_1_GACTCAAGTTCGTTCC,502330,TSP27,subcutaneous adipose tissue,macrophage,Macrophage
ts_immune_all_1668,TSP27_FAT_SAT_10X3primev31_1_1_GATGACTGTCCCGCAA,502335,TSP27,subcutaneous adipose tissue,macrophage,Macrophage
ts_immune_all_1668,TSP27_FAT_SAT_10X3primev31_1_1_GCCCAGAAGGCCCGTT,502340,TSP27,subcutaneous adipose tissue,macrophage,Macrophage
ts_immune_all_1668,TSP27_FAT_SAT_10X3primev31_1_1_GCTACCTCAACCGACC,502341,TSP27,subcutaneous adipose tissue,macrophage,Macrophage
ts_immune_all_1668,TSP27_FAT_SAT_10X3primev31_1_1_GCTTGGGCAGCACCCA,502342,TSP27,subcutaneous adipose tissue,macrophage,Macrophage
ts_immune_all_1668,TSP27_FAT_SAT_10X3primev31_1_1_GGGCCATCACTCCTGT,502344,TSP27,subcutaneous adipose tissue,macrophage,Macrophage
ts_immune_all_1668,TSP27_FAT_SAT_10X3primev31_1_1_GGGCTCATCCAAATGC,502346,TSP27,subcutaneous adipose tissue,macrophage,Macrophage
ts_immune_all_1668,TSP27_FAT_SAT_10X3primev31_1_1_GGGTATTCAAGCGAAC,502347,TSP27,subcutaneous adipose tissue,macrophage,Macrophage
ts_immune_all_1668,TSP27_FAT_SAT_10X3primev31_1_1_GTCTACCTCGGTAGAG,502355,TSP27,subcutaneous adipose tissue,macrophage,Macrophage
ts_immune_all_1668,TSP27_FAT_SAT_10X3primev31_1_1_GTGGCGTAGCCGTAAG,502358,TSP27,subcutaneous adipose tissue,macrophage,Macrophage
ts_immune_all_1668,TSP27_FAT_SAT_10X3primev31_1_1_GTGTTCCAGCAGTCTT,502359,TSP27,subcutaneous adipose tissue,macrophage,Macrophage
ts_immune_all_1668,TSP27_FAT_SAT_10X3primev31_1_1_TAGATCGCACCCGTAG,502363,TSP27,subcutaneous adipose tissue,macrophage,Macrophage
ts_immune_all_1668,TSP27_FAT_SAT_10X3primev31_1_1_TATATCCAGAGAAGGT,502364,TSP27,subcutaneous adipose tissue,macrophage,Macrophage
ts_immune_all_1668,TSP27_FAT_SAT_10X3primev31_1_1_TATCTGTGTTGCGAAG,502366,TSP27,subcutaneous adipose tissue,macrophage,Macrophage
ts_immune_all_1668,TSP27_FAT_SAT_10X3primev31_1_1_TCACGGGCAATTTCGG,502367,TSP27,subcutaneous adipose tissue,macrophage,Macrophage
ts_immune_all_1668,TSP27_FAT_SAT_10X3primev31_1_1_TCCCACACACAGTGTT,502371,TSP27,subcutaneous adipose tissue,macrophage,Macrophage
ts_immune_all_1668,TSP27_FAT_SAT_10X3primev31_1_1_TCCTCTTTCGCGAAGA,502374,TSP27,subcutaneous adipose tissue,macrophage,Macrophage
ts_immune_all_1668,TSP27_FAT_SAT_10X3primev31_1_1_TGTTCTATCTTTCGAT,502386,TSP27,subcutaneous adipose tissue,macrophage,Macrophage
ts_immune_all_1668,TSP27_FAT_SAT_10X3primev31_1_1_TTAGTCTCATGATCTG,502388,TSP27,subcutaneous adipose tissue,macrophage,Macrophage
ts_immune_all_1668,TSP27_FAT_SAT_10X3primev31_1_1_TTCCAATAGTCATCGT,502390,TSP27,subcutaneous adipose tissue,macrophage,Macrophage
ts_immune_all_1668,TSP27_FAT_SAT_10X3primev31_1_1_TTCCGTGCACTGATTG,502391,TSP27,subcutaneous adipose tissue,macrophage,Macrophage
ts_immune_all_1093,TSP21_Eye_Eyelid_10X_1_1_AACAAAGTCTAGTGAC,582987,TSP21,eyelid,erythrocyte,Erythrocyte
ts_immune_all_1093,TSP21_Eye_Eyelid_10X_1_1_AACACACCACGCTTAA,582996,TSP21,eyelid,erythrocyte,Erythrocyte
ts_immune_all_1093,TSP21_Eye_Eyelid_10X_1_1_AAGCATCAGGCCTAAG,583070,TSP21,eyelid,erythrocyte,Erythrocyte
ts_immune_all_1093,TSP21_Eye_Eyelid_10X_1_1_AAGCGAGTCCGGTTCT,583079,TSP21,eyelid,erythrocyte,Erythrocyte
ts_immune_all_1093,TSP21_Eye_Eyelid_10X_1_1_AATGGCTCATCCGTGG,583134,TSP21,eyelid,erythrocyte,Erythrocyte
ts_immune_all_1093,TSP21_Eye_Eyelid_10X_1_1_ACATCCCAGGTCGCCT,583189,TSP21,eyelid,erythrocyte,Erythrocyte
ts_immune_all_1093,TSP21_Eye_Eyelid_10X_1_1_ACCGTTCGTGACCTGC,583243,TSP21,eyelid,erythrocyte,Erythrocyte
ts_immune_all_1093,TSP21_Eye_Eyelid_10X_1_1_ACTTAGGCAAGGTCTT,583353,TSP21,eyelid,erythrocyte,Erythrocyte
ts_immune_all_1093,TSP21_Eye_Eyelid_10X_1_1_AGGTTACGTGCACATT,583579,TSP21,eyelid,erythrocyte,Erythrocyte
ts_immune_all_1093,TSP21_Eye_Eyelid_10X_1_1_ATCACGAGTTGCAAGG,583668,TSP21,eyelid,erythrocyte,Erythrocyte
ts_immune_all_1093,TSP21_Eye_Eyelid_10X_1_1_ATCTTCACAGACCAAG,583737,TSP21,eyelid,erythrocyte,Erythrocyte
ts_immune_all_1093,TSP21_Eye_Eyelid_10X_1_1_ATGAAAGTCGCATTAG,583741,TSP21,eyelid,erythrocyte,Erythrocyte
ts_immune_all_1093,TSP21_Eye_Eyelid_10X_1_1_CAAGCTACAGCACACC,583898,TSP21,eyelid,erythrocyte,Erythrocyte
ts_immune_all_1093,TSP21_Eye_Eyelid_10X_1_1_CAATCGAAGTTGCGCC,583911,TSP21,eyelid,erythrocyte,Erythrocyte
ts_immune_all_1093,TSP21_Eye_Eyelid_10X_1_1_CACACAACAATACCCA,583939,TSP21,eyelid,erythrocyte,Erythrocyte
ts_immune_all_1093,TSP21_Eye_Eyelid_10X_1_1_CAGCAATCAAATCCCA,584037,TSP21,eyelid,erythrocyte,Erythrocyte
ts_immune_all_1093,TSP21_Eye_Eyelid_10X_1_1_CCCTCAACATGGAGAC,584290,TSP21,eyelid,erythrocyte,Erythrocyte
ts_immune_all_1093,TSP21_Eye_Eyelid_10X_1_1_CCGGTGAAGCGCCATC,584334,TSP21,eyelid,erythrocyte,Erythrocyte
ts_immune_all_1093,TSP21_Eye_Eyelid_10X_1_1_CCGGTGACAAATCCCA,584335,TSP21,eyelid,erythrocyte,Erythrocyte
ts_immune_all_1093,TSP21_Eye_Eyelid_10X_1_1_CCTAAGACAGACCATT,584353,TSP21,eyelid,erythrocyte,Erythrocyte
ts_immune_all_1093,TSP21_Eye_Eyelid_10X_1_1_CGGCAGTTCTGCCTGT,584518,TSP21,eyelid,erythrocyte,Erythrocyte
ts_immune_all_1093,TSP21_Eye_Eyelid_10X_1_1_CGGGACTAGCTGCCAC,584519,TSP21,eyelid,erythrocyte,Erythrocyte
ts_immune_all_1093,TSP21_Eye_Eyelid_10X_1_1_GAATCGTGTGAGTTGG,584901,TSP21,eyelid,erythrocyte,Erythrocyte
ts_immune_all_1093,TSP21_Eye_Eyelid_10X_1_1_GACACGCCAGAAACCG,584903,TSP21,eyelid,erythrocyte,Erythrocyte
ts_immune_all_1093,TSP21_Eye_Eyelid_10X_1_1_GACATCAGTCCGATCG,584918,TSP21,eyelid,erythrocyte,Erythrocyte
ts_immune_all_1093,TSP21_Eye_Eyelid_10X_1_1_GGCACGTCACAGTATC,585349,TSP21,eyelid,erythrocyte,Erythrocyte
ts_immune_all_1093,TSP21_Eye_Eyelid_10X_1_1_GGGCGTTGTGAATTAG,585411,TSP21,eyelid,erythrocyte,Erythrocyte
ts_immune_all_1093,TSP21_Eye_Eyelid_10X_1_1_GTAGAAAAGCCACAAG,585537,TSP21,eyelid,erythrocyte,Erythrocyte
ts_immune_all_1093,TSP21_Eye_Eyelid_10X_1_1_GTAGGAGTCGCTGCGA,585551,TSP21,eyelid,erythrocyte,Erythrocyte
ts_immune_all_1093,TSP21_Eye_Eyelid_10X_1_1_GTCCTCAGTAAGACCG,585598,TSP21,eyelid,erythrocyte,Erythrocyte
ts_immune_all_1093,TSP21_Eye_Eyelid_10X_1_1_GTCGCGACATCCGAGC,585607,TSP21,eyelid,erythrocyte,Erythrocyte
ts_immune_all_1093,TSP21_Eye_Eyelid_10X_1_1_GTGGCGTGTATCGGTT,585691,TSP21,eyelid,erythrocyte,Erythrocyte
ts_immune_all_1093,TSP21_Eye_Eyelid_10X_1_1_GTGTAACTCGATCCAA,585704,TSP21,eyelid,erythrocyte,Erythrocyte
ts_immune_all_1093,TSP21_Eye_Eyelid_10X_1_1_GTTGCTCGTCGTAATC,585771,TSP21,eyelid,erythrocyte,Erythrocyte
ts_immune_all_1093,TSP21_Eye_Eyelid_10X_1_1_TACAGGTAGGCCATAG,585847,TSP21,eyelid,erythrocyte,Erythrocyte
ts_immune_all_1093,TSP21_Eye_Eyelid_10X_1_1_TACATTCTCGTACCTC,585858,TSP21,eyelid,erythrocyte,Erythrocyte
ts_immune_all_1093,TSP21_Eye_Eyelid_10X_1_1_TAGGAGGAGGTTCAGG,585930,TSP21,eyelid,erythrocyte,Erythrocyte
ts_immune_all_1093,TSP21_Eye_Eyelid_10X_1_1_TATTTCGTCTCATTTG,585978,TSP21,eyelid,erythrocyte,Erythrocyte
ts_immune_all_1093,TSP21_Eye_Eyelid_10X_1_1_TGAGACTGTTAACAGA,586361,TSP21,eyelid,erythrocyte,Erythrocyte
ts_immune_all_1093,TSP21_Eye_Eyelid_10X_1_1_TGCTCGTGTCTGTGAT,586448,TSP21,eyelid,erythrocyte,Erythrocyte
ts_immune_all_1093,TSP21_Eye_Eyelid_10X_1_1_TGGGCTGTCGAGTGAG,586510,TSP21,eyelid,erythrocyte,Erythrocyte
ts_immune_all_1093,TSP21_Eye_Eyelid_10X_1_1_TGTCAGAAGACTCTAC,586540,TSP21,eyelid,erythrocyte,Erythrocyte
ts_immune_all_0588,TSP11_BM_NA_SS2_B133715_B003958_Leukocyte_O11,12147,TSP11,bone marrow,B cell,Memory_B
ts_immune_all_0588,TSP11_BM_NA_SS2_B133711_B003959_Leukocyte_P11,19284,TSP11,bone marrow,B cell,Memory_B
ts_immune_all_0588,TSP11_BM_NA_SS2_B133711_B003959_Leukocyte_D4,19408,TSP11,bone marrow,B cell,Memory_B
ts_immune_all_0588,TSP11_BM_NA_SS2_B133711_B003959_Leukocyte_K7,19438,TSP11,bone marrow,B cell,Memory_B
ts_immune_all_0588,TSP11_BM_NA_SS2_B133711_B003959_Leukocyte_G9,19452,TSP11,bone marrow,B cell,Memory_B
ts_immune_all_0588,TSP11_BoneMarrow_NA_10X_1_1_LinDepleted_ACCGTAAAGGGAGTAA,504563,TSP11,bone marrow,B cell,Memory_B
ts_immune_all_0588,TSP11_BoneMarrow_NA_10X_1_1_LinDepleted_ATCCGAAGTTCGCGAC,504617,TSP11,bone marrow,B cell,Memory_B
ts_immune_all_0588,TSP11_BoneMarrow_NA_10X_1_1_LinDepleted_ATTGGACAGTCTTGCA,504630,TSP11,bone marrow,B cell,Memory_B
ts_immune_all_0588,TSP11_BoneMarrow_NA_10X_1_1_LinDepleted_CGTAGGCGTCCCGACA,504733,TSP11,bone marrow,B cell,Memory_B
ts_immune_all_0588,TSP11_BoneMarrow_NA_10X_1_1_LinDepleted_GACCAATAGTGTCTCA,504780,TSP11,bone marrow,B cell,Memory_B
ts_immune_all_0588,TSP11_BoneMarrow_NA_10X_1_1_LinDepleted_GATGAGGTCCAAGCCG,504797,TSP11,bone marrow,B cell,Memory_B
ts_immune_all_0588,TSP11_BoneMarrow_NA_10X_1_1_LinDepleted_GCAGTTACAAGCGAGT,504806,TSP11,bone marrow,B cell,Memory_B
ts_immune_all_0588,TSP11_BoneMarrow_NA_10X_1_1_LinDepleted_GCGGGTTCATTTGCCC,504816,TSP11,bone marrow,B cell,Memory_B
ts_immune_all_0588,TSP11_BoneMarrow_NA_10X_1_1_LinDepleted_GGTGAAGCAGCATACT,504850,TSP11,bone marrow,B cell,Memory_B
ts_immune_all_0588,TSP11_BoneMarrow_NA_10X_1_1_LinDepleted_GTACGTAGTGTAATGA,504862,TSP11,bone marrow,B cell,Memory_B
ts_immune_all_0588,TSP11_BoneMarrow_NA_10X_1_1_LinDepleted_GTACTCCCATGCGCAC,504864,TSP11,bone marrow,B cell,Memory_B
ts_immune_all_0588,TSP11_BoneMarrow_NA_10X_1_1_LinDepleted_GTTTCTATCGAATGGG,504898,TSP11,bone marrow,B cell,Memory_B
ts_immune_all_0588,TSP11_BoneMarrow_NA_10X_1_1_LinDepleted_TCAGGTATCACATGCA,504940,TSP11,bone marrow,B cell,Memory_B
ts_immune_all_0588,TSP11_BoneMarrow_NA_10X_1_1_LinDepleted_TGGGAAGGTGCTCTTC,504982,TSP11,bone marrow,B cell,Memory_B
ts_immune_all_0588,TSP11_BoneMarrow_NA_10X_1_1_LinDepleted_TTCTTAGGTTGTGGCC,505001,TSP11,bone marrow,B cell,Memory_B
ts_immune_all_0588,TSP11_BoneMarrow_NA_10X_1_1_LinDepleted_TTGGAACTCGCGTTTC,505004,TSP11,bone marrow,B cell,Memory_B
ts_immune_all_0588,TSP11_BoneMarrow_NA_10X_1_1_LinEnriched_ACGATACTCGCTTAGA,572324,TSP11,bone marrow,B cell,Memory_B
ts_immune_all_0588,TSP11_BoneMarrow_NA_10X_1_1_LinEnriched_ACGGCCACACCTATCC,572338,TSP11,bone marrow,B cell,Memory_B
ts_immune_all_0588,TSP11_BoneMarrow_NA_10X_1_1_LinEnriched_ATGCGATCATACTACG,572448,TSP11,bone marrow,B cell,Memory_B
ts_immune_all_0588,TSP11_BoneMarrow_NA_10X_1_1_LinEnriched_CAAGATCAGAGGTTGC,572480,TSP11,bone marrow,B cell,Memory_B
ts_immune_all_0588,TSP11_BoneMarrow_NA_10X_1_1_LinEnriched_CATTATCGTCCGTTAA,572571,TSP11,bone marrow,B cell,Memory_B
ts_immune_all_0588,TSP11_BoneMarrow_NA_10X_1_1_LinEnriched_CCGGGATTCCACGTTC,572610,TSP11,bone marrow,B cell,Memory_B
ts_immune_all_0588,TSP11_BoneMarrow_NA_10X_1_1_LinEnriched_CGAACATCACGGTAAG,572646,TSP11,bone marrow,B cell,Memory_B
ts_immune_all_0588,TSP11_BoneMarrow_NA_10X_1_1_LinEnriched_CGAACATCATTGGGCC,572647,TSP11,bone marrow,B cell,Memory_B
ts_immune_all_0588,TSP11_BoneMarrow_NA_10X_1_1_LinEnriched_CGCGTTTGTACTTCTT,572674,TSP11,bone marrow,B cell,Memory_B
ts_immune_all_0588,TSP11_BoneMarrow_NA_10X_1_1_LinEnriched_CGGACACCAAGTAGTA,572682,TSP11,bone marrow,B cell,Memory_B
ts_immune_all_0588,TSP11_BoneMarrow_NA_10X_1_1_LinEnriched_CGTGAGCTCATCGCTC,572718,TSP11,bone marrow,B cell,Memory_B
ts_immune_all_0588,TSP11_BoneMarrow_NA_10X_1_1_LinEnriched_CTAATGGCATGTTCCC,572730,TSP11,bone marrow,B cell,Memory_B
ts_immune_all_0588,TSP11_BoneMarrow_NA_10X_1_1_LinEnriched_CTTAGGACAGCATACT,572806,TSP11,bone marrow,B cell,Memory_B
ts_immune_all_0588,TSP11_BoneMarrow_NA_10X_1_1_LinEnriched_GAAGCAGTCTTTACGT,572823,TSP11,bone marrow,B cell,Memory_B
ts_immune_all_0588,TSP11_BoneMarrow_NA_10X_1_1_LinEnriched_GACTAACGTGGGTCAA,572846,TSP11,bone marrow,B cell,Memory_B
ts_immune_all_0588,TSP11_BoneMarrow_NA_10X_1_1_LinEnriched_GGGACCTAGCCAGGAT,572991,TSP11,bone marrow,B cell,Memory_B
ts_immune_all_0588,TSP11_BoneMarrow_NA_10X_1_1_LinEnriched_GTCACAAAGTGGGATC,573035,TSP11,bone marrow,B cell,Memory_B
ts_immune_all_0588,TSP11_BoneMarrow_NA_10X_1_1_LinEnriched_TCCACACTCAGAAATG,573163,TSP11,bone marrow,B cell,Memory_B
ts_immune_all_0588,TSP11_BoneMarrow_NA_10X_1_1_LinEnriched_TGCCCATGTACCCAAT,573241,TSP11,bone marrow,B cell,Memory_B
ts_immune_all_0588,TSP11_BoneMarrow_NA_10X_1_1_LinEnriched_TTCGAAGGTGCAGGTA,573289,TSP11,bone marrow,B cell,Memory_B
ts_immune_all_0588,TSP11_BoneMarrow_NA_10X_1_1_LinEnriched_TTGAACGAGTTAGCGG,573306,TSP11,bone marrow,B cell,Memory_B
ts_immune_all_1678,TSP27_Thymus_NA_10X3primev31_1_1_AAAGAACAGGAGGGTG,64810,TSP27,thymus,neutrophil,Neutrophil
ts_immune_all_1678,TSP27_Thymus_NA_10X3primev31_1_1_AACAAGAAGGGAGATA,64817,TSP27,thymus,neutrophil,Neutrophil
ts_immune_all_1678,TSP27_Thymus_NA_10X3primev31_1_1_AGCTACAAGCCTTCTC,64912,TSP27,thymus,neutrophil,Neutrophil
ts_immune_all_1678,TSP27_Thymus_NA_10X3primev31_1_1_AGGAGGTGTCCTATAG,64917,TSP27,thymus,neutrophil,Neutrophil
ts_immune_all_1678,TSP27_Thymus_NA_10X3primev31_1_1_AGGCATTGTCATCTAG,64922,TSP27,thymus,neutrophil,Neutrophil
ts_immune_all_1678,TSP27_Thymus_NA_10X3primev31_1_1_AGTGTTGCAGAGTTCT,64941,TSP27,thymus,neutrophil,Neutrophil
ts_immune_all_1678,TSP27_Thymus_NA_10X3primev31_1_1_CACGAATAGATCACCT,65019,TSP27,thymus,neutrophil,Neutrophil
ts_immune_all_1678,TSP27_Thymus_NA_10X3primev31_1_1_CACGAATCAGTCCCGA,65020,TSP27,thymus,neutrophil,Neutrophil
ts_immune_all_1678,TSP27_Thymus_NA_10X3primev31_1_1_CCAAGCGAGCCATTGT,65054,TSP27,thymus,neutrophil,Neutrophil
ts_immune_all_1678,TSP27_Thymus_NA_10X3primev31_1_1_CCACGTTTCTCGCAGG,65064,TSP27,thymus,neutrophil,Neutrophil
ts_immune_all_1678,TSP27_Thymus_NA_10X3primev31_1_1_CTATCCGGTGGGTTGA,65123,TSP27,thymus,neutrophil,Neutrophil
ts_immune_all_1678,TSP27_Thymus_NA_10X3primev31_1_1_CTGCCTATCCCTCAAC,65153,TSP27,thymus,neutrophil,Neutrophil
ts_immune_all_1678,TSP27_Thymus_NA_10X3primev31_1_1_GATAGAATCAAATAGG,65204,TSP27,thymus,neutrophil,Neutrophil
ts_immune_all_1678,TSP27_Thymus_NA_10X3primev31_1_1_TATATCCCACAACCGC,65346,TSP27,thymus,neutrophil,Neutrophil
ts_immune_all_1678,TSP27_Thymus_NA_10X3primev31_1_1_TATCTTGGTCTCTCCA,65354,TSP27,thymus,neutrophil,Neutrophil
ts_immune_all_1678,TSP27_Thymus_NA_10X3primev31_1_1_TGATCAGTCAAGGACG,65431,TSP27,thymus,neutrophil,Neutrophil
ts_immune_all_1678,TSP27_Thymus_NA_10X3primev31_1_1_TTATTGCAGCAACTCT,65478,TSP27,thymus,neutrophil,Neutrophil
ts_immune_all_1678,TSP27_Thymus_NA_10X3primev31_1_1_TTTGACTGTTCCAAAC,65515,TSP27,thymus,neutrophil,Neutrophil
ts_immune_all_1678,TSP27_Thymus_NA_10X3primev31_1_1_TTTGGTTAGTGGACGT,65516,TSP27,thymus,neutrophil,Neutrophil
ts_immune_all_1678,TSP27_Thymus_NA_10X3primev31_1_2_AAAGTCCCATGACTCA,70229,TSP27,thymus,neutrophil,Neutrophil
ts_immune_all_1678,TSP27_Thymus_NA_10X3primev31_1_2_AACCTTTAGTACAACA,70235,TSP27,thymus,neutrophil,Neutrophil
ts_immune_all_1678,TSP27_Thymus_NA_10X3primev31_1_2_ACAGAAATCCCTCTAG,70260,TSP27,thymus,neutrophil,Neutrophil
ts_immune_all_1678,TSP27_Thymus_NA_10X3primev31_1_2_ACGTACAAGTGATGGC,70279,TSP27,thymus,neutrophil,Neutrophil
ts_immune_all_1678,TSP27_Thymus_NA_10X3primev31_1_2_ACTATCTAGGCTCACC,70282,TSP27,thymus,neutrophil,Neutrophil
ts_immune_all_1678,TSP27_Thymus_NA_10X3primev31_1_2_CAACGGCTCTTCTCAA,70417,TSP27,thymus,neutrophil,Neutrophil
ts_immune_all_1678,TSP27_Thymus_NA_10X3primev31_1_2_CAAGACTGTAACGCGA,70418,TSP27,thymus,neutrophil,Neutrophil
ts_immune_all_1678,TSP27_Thymus_NA_10X3primev31_1_2_CAGGTATCACAGTATC,70443,TSP27,thymus,neutrophil,Neutrophil
ts_immune_all_1678,TSP27_Thymus_NA_10X3primev31_1_2_CCCAACTCAACCGTAT,70470,TSP27,thymus,neutrophil,Neutrophil
ts_immune_all_1678,TSP27_Thymus_NA_10X3primev31_1_2_CCTAACCCATCACGGC,70484,TSP27,thymus,neutrophil,Neutrophil
ts_immune_all_1678,TSP27_Thymus_NA_10X3primev31_1_2_CGACAGCAGATAGCAT,70498,TSP27,thymus,neutrophil,Neutrophil
ts_immune_all_1678,TSP27_Thymus_NA_10X3primev31_1_2_CTCCATGCACCAGGTC,70541,TSP27,thymus,neutrophil,Neutrophil
ts_immune_all_1678,TSP27_Thymus_NA_10X3primev31_1_2_CTCCTCCAGTGTCATC,70544,TSP27,thymus,neutrophil,Neutrophil
ts_immune_all_1678,TSP27_Thymus_NA_10X3primev31_1_2_CTGTACCTCTTCGGTC,70561,TSP27,thymus,neutrophil,Neutrophil
ts_immune_all_1678,TSP27_Thymus_NA_10X3primev31_1_2_GCTACCTGTGTACGCC,70662,TSP27,thymus,neutrophil,Neutrophil
ts_immune_all_1678,TSP27_Thymus_NA_10X3primev31_1_2_GGGCTCATCAAGAGTA,70687,TSP27,thymus,neutrophil,Neutrophil
ts_immune_all_1678,TSP27_Thymus_NA_10X3primev31_1_2_GTAAGTCGTTTATGCG,70702,TSP27,thymus,neutrophil,Neutrophil
ts_immune_all_1678,TSP27_Thymus_NA_10X3primev31_1_2_GTCCACTCACCGGCTA,70725,TSP27,thymus,neutrophil,Neutrophil
ts_immune_all_1678,TSP27_Thymus_NA_10X3primev31_1_2_TACCCACAGCACGATG,70769,TSP27,thymus,neutrophil,Neutrophil
ts_immune_all_1678,TSP27_Thymus_NA_10X3primev31_1_2_TAGATCGAGCACCTGC,70788,TSP27,thymus,neutrophil,Neutrophil
ts_immune_all_1678,TSP27_Thymus_NA_10X3primev31_1_2_TATCTGTCATTCTCTA,70800,TSP27,thymus,neutrophil,Neutrophil
ts_immune_all_1678,TSP27_Thymus_NA_10X3primev31_1_2_TCCTCTTGTCGTCTCT,70841,TSP27,thymus,neutrophil,Neutrophil
ts_immune_all_1678,TSP27_Thymus_NA_10X3primev31_1_2_TGGGATTCAGAAGTTA,70902,TSP27,thymus,neutrophil,Neutrophil
ts_immune_all_0456,TSP7_SalivaryGland_Parotid_10X_1_2_ACATGCAGTCTACGTA,111344,TSP7,parotid gland,plasma cell,Plasma
ts_immune_all_0456,TSP7_SalivaryGland_Parotid_10X_1_2_AGACAGGAGTGCGACA,111462,TSP7,parotid gland,plasma cell,Plasma
ts_immune_all_0456,TSP7_SalivaryGland_Parotid_10X_1_2_ATCACGATCCGCTAGG,111607,TSP7,parotid gland,plasma cell,Plasma
ts_immune_all_0456,TSP7_SalivaryGland_Parotid_10X_1_2_ATGGGTTGTGGAGGTT,111669,TSP7,parotid gland,plasma cell,Plasma
ts_immune_all_0456,TSP7_SalivaryGland_Parotid_10X_1_2_CAACAACTCAAGGTGG,111715,TSP7,parotid gland,plasma cell,Plasma
ts_immune_all_0456,TSP7_SalivaryGland_Parotid_10X_1_2_CACACAAGTTAGGGAC,111750,TSP7,parotid gland,plasma cell,Plasma
ts_immune_all_0456,TSP7_SalivaryGland_Parotid_10X_1_2_CATCGCTTCTGTCTCG,111849,TSP7,parotid gland,plasma cell,Plasma
ts_immune_all_0456,TSP7_SalivaryGland_Parotid_10X_1_2_CGTAAGTTCTGAACGT,112058,TSP7,parotid gland,plasma cell,Plasma
ts_immune_all_0456,TSP7_SalivaryGland_Parotid_10X_1_2_CTGTATTGTGCAGTGA,112194,TSP7,parotid gland,plasma cell,Plasma
ts_immune_all_0456,TSP7_SalivaryGland_Parotid_10X_1_2_GAGTCTAGTGGCCTCA,112336,TSP7,parotid gland,plasma cell,Plasma
ts_immune_all_0456,TSP7_SalivaryGland_Parotid_10X_1_2_GTAGATCAGTCATAGA,112596,TSP7,parotid gland,plasma cell,Plasma
ts_immune_all_0456,TSP7_SalivaryGland_Parotid_10X_1_2_GTCACTCTCCTTGGAA,112620,TSP7,parotid gland,plasma cell,Plasma
ts_immune_all_0456,TSP7_SalivaryGland_Parotid_10X_1_2_TAAGCGTGTCACGCTG,112756,TSP7,parotid gland,plasma cell,Plasma
ts_immune_all_0456,TSP7_SalivaryGland_Parotid_10X_1_2_TATACCTCAGACTGCC,112831,TSP7,parotid gland,plasma cell,Plasma
ts_immune_all_0456,TSP7_SalivaryGland_Parotid_10X_1_2_TCATCCGAGGGACAGG,112905,TSP7,parotid gland,plasma cell,Plasma
ts_immune_all_0456,TSP7_SalivaryGland_Parotid_10X_1_2_TCCATCGTCAATGTCG,112928,TSP7,parotid gland,plasma cell,Plasma
ts_immune_all_0456,TSP7_SalivaryGland_Parotid_10X_1_2_TCCTAATTCGCAACAT,112942,TSP7,parotid gland,plasma cell,Plasma
ts_immune_all_0456,TSP7_SalivaryGland_Parotid_10X_1_2_TCTATCAGTATGCTAC,113021,TSP7,parotid gland,plasma cell,Plasma
ts_immune_all_0456,TSP7_SalivaryGland_Parotid_10X_1_2_TGATTCTGTCTTACAG,113083,TSP7,parotid gland,plasma cell,Plasma
ts_immune_all_0456,TSP7_SalivaryGland_Parotid_10X_1_2_TTTACCATCACCTGGG,113328,TSP7,parotid gland,plasma cell,Plasma
ts_immune_all_0456,TSP7_SalivaryGland_Parotid_10X_1_1_AACCATGCACCGTGCA,505087,TSP7,parotid gland,plasma cell,Plasma
ts_immune_all_0456,TSP7_SalivaryGland_Parotid_10X_1_1_AAGCCATAGGGAGTGG,505144,TSP7,parotid gland,plasma cell,Plasma
ts_immune_all_0456,TSP7_SalivaryGland_Parotid_10X_1_1_AGAAATGCATTGCTGA,505448,TSP7,parotid gland,plasma cell,Plasma
ts_immune_all_0456,TSP7_SalivaryGland_Parotid_10X_1_1_AGGGCTCTCAACTTTC,505641,TSP7,parotid gland,plasma cell,Plasma
ts_immune_all_0456,TSP7_SalivaryGland_Parotid_10X_1_1_AGTGACTTCCCACAGG,505717,TSP7,parotid gland,plasma cell,Plasma
ts_immune_all_0456,TSP7_SalivaryGland_Parotid_10X_1_1_ATCGCCTTCTTCCCAG,505814,TSP7,parotid gland,plasma cell,Plasma
ts_immune_all_0456,TSP7_SalivaryGland_Parotid_10X_1_1_ATGCATGGTTGGCCGT,505851,TSP7,parotid gland,plasma cell,Plasma
ts_immune_all_0456,TSP7_SalivaryGland_Parotid_10X_1_1_ATGCCTCCAAATGGAT,505854,TSP7,parotid gland,plasma cell,Plasma
ts_immune_all_0456,TSP7_SalivaryGland_Parotid_10X_1_1_CCGAACGAGGATCATA,506282,TSP7,parotid gland,plasma cell,Plasma
ts_immune_all_0456,TSP7_SalivaryGland_Parotid_10X_1_1_CCGCAAGTCTCCTACG,506294,TSP7,parotid gland,plasma cell,Plasma
ts_immune_all_0456,TSP7_SalivaryGland_Parotid_10X_1_1_GGATCTACATAGAATG,507282,TSP7,parotid gland,plasma cell,Plasma
ts_immune_all_0456,TSP7_SalivaryGland_Parotid_10X_1_1_GGGAAGTGTATGCTAC,507313,TSP7,parotid gland,plasma cell,Plasma
ts_immune_all_0456,TSP7_SalivaryGland_Parotid_10X_1_1_GTTGCTCAGCACCAGA,507709,TSP7,parotid gland,plasma cell,Plasma
ts_immune_all_0456,TSP7_SalivaryGland_Parotid_10X_1_1_TAAGCCATCGGAAACG,507759,TSP7,parotid gland,plasma cell,Plasma
ts_immune_all_0456,TSP7_SalivaryGland_Parotid_10X_1_1_TCACTCGTCTGGTTGA,507971,TSP7,parotid gland,plasma cell,Plasma
ts_immune_all_0456,TSP7_SalivaryGland_Parotid_10X_1_1_TCCTAATCAGTCAGAG,508115,TSP7,parotid gland,plasma cell,Plasma
ts_immune_all_0456,TSP7_SalivaryGland_Parotid_10X_1_1_TCTCCGATCACCCTTG,508221,TSP7,parotid gland,plasma cell,Plasma
ts_immune_all_0456,TSP7_SalivaryGland_Parotid_10X_1_1_TCTTGCGAGTATGGAT,508247,TSP7,parotid gland,plasma cell,Plasma
ts_immune_all_0456,TSP7_SalivaryGland_Parotid_10X_1_1_TGACAGTCAACTGCTA,508266,TSP7,parotid gland,plasma cell,Plasma
ts_immune_all_0456,TSP7_SalivaryGland_Parotid_10X_1_1_TTACAGGTCGCTACGG,508564,TSP7,parotid gland,plasma cell,Plasma
ts_immune_all_0456,TSP7_SalivaryGland_Parotid_10X_1_1_TTGCATTAGCGTATGG,508721,TSP7,parotid gland,plasma cell,Plasma
ts_immune_all_0456,TSP7_SalivaryGland_Parotid_10X_1_1_TTGTTGTCACACAGAG,508772,TSP7,parotid gland,plasma cell,Plasma
ts_immune_all_0441,TSP7_LymphNode_inguinal_SS2_B134154_B133916_ImmuneLinPos_K17,7573,TSP7,inguinal lymph node,classical monocyte,Cl_Mono
ts_immune_all_0441,TSP7_LymphNodes_Inguinal_10X_1_1_AAGCCATTCATACGGT,314571,TSP7,inguinal lymph node,classical monocyte,Cl_Mono
ts_immune_all_0441,TSP7_LymphNodes_Inguinal_10X_1_1_AAGGAATGTGGATCAG,314593,TSP7,inguinal lymph node,classical monocyte,Cl_Mono
ts_immune_all_0441,TSP7_LymphNodes_Inguinal_10X_1_1_AATGGCTCAAATAAGC,314717,TSP7,inguinal lymph node,classical monocyte,Cl_Mono
ts_immune_all_0441,TSP7_LymphNodes_Inguinal_10X_1_1_ACATGCAAGTGCAACG,314848,TSP7,inguinal lymph node,classical monocyte,Cl_Mono
ts_immune_all_0441,TSP7_LymphNodes_Inguinal_10X_1_1_ACGTAGTAGGGTCACA,315036,TSP7,inguinal lymph node,classical monocyte,Cl_Mono
ts_immune_all_0441,TSP7_LymphNodes_Inguinal_10X_1_1_AGGGCCTCACCAGTTA,315622,TSP7,inguinal lymph node,classical monocyte,Cl_Mono
ts_immune_all_0441,TSP7_LymphNodes_Inguinal_10X_1_1_AGTGTTGAGTTACTCG,315830,TSP7,inguinal lymph node,classical monocyte,Cl_Mono
ts_immune_all_0441,TSP7_LymphNodes_Inguinal_10X_1_1_ATACCGATCGAAGTGG,315886,TSP7,inguinal lymph node,classical monocyte,Cl_Mono
ts_immune_all_0441,TSP7_LymphNodes_Inguinal_10X_1_1_ATGAAAGGTAGGAGTC,316117,TSP7,inguinal lymph node,classical monocyte,Cl_Mono
ts_immune_all_0441,TSP7_LymphNodes_Inguinal_10X_1_1_ATTGTTCGTAACGATA,316385,TSP7,inguinal lymph node,classical monocyte,Cl_Mono
ts_immune_all_0441,TSP7_LymphNodes_Inguinal_10X_1_1_CACATGAGTGTATACC,316607,TSP7,inguinal lymph node,classical monocyte,Cl_Mono
ts_immune_all_0441,TSP7_LymphNodes_Inguinal_10X_1_1_CACTGAAGTCATAGTC,316695,TSP7,inguinal lymph node,classical monocyte,Cl_Mono
ts_immune_all_0441,TSP7_LymphNodes_Inguinal_10X_1_1_CATTCATTCCGAGGCT,317073,TSP7,inguinal lymph node,classical monocyte,Cl_Mono
ts_immune_all_0441,TSP7_LymphNodes_Inguinal_10X_1_1_CCTGCATAGAGTGTTA,317584,TSP7,inguinal lymph node,classical monocyte,Cl_Mono
ts_immune_all_0441,TSP7_LymphNodes_Inguinal_10X_1_1_CTTTCGGCACGCACCA,318652,TSP7,inguinal lymph node,classical monocyte,Cl_Mono
ts_immune_all_0441,TSP7_LymphNodes_Inguinal_10X_1_1_GACCGTGGTGTCATTG,318849,TSP7,inguinal lymph node,classical monocyte,Cl_Mono
ts_immune_all_0441,TSP7_LymphNodes_Inguinal_10X_1_1_GAGACCCGTGGAACCA,318947,TSP7,inguinal lymph node,classical monocyte,Cl_Mono
ts_immune_all_0441,TSP7_LymphNodes_Inguinal_10X_1_1_GATTCGAAGCATGTTC,319232,TSP7,inguinal lymph node,classical monocyte,Cl_Mono
ts_immune_all_0441,TSP7_LymphNodes_Inguinal_10X_1_1_GATTGGTTCGACGTCG,319258,TSP7,inguinal lymph node,classical monocyte,Cl_Mono
ts_immune_all_0441,TSP7_LymphNodes_Inguinal_10X_1_1_GCCATGGGTACGTGAG,319455,TSP7,inguinal lymph node,classical monocyte,Cl_Mono
ts_immune_all_0441,TSP7_LymphNodes_Inguinal_10X_1_1_GGAATCTGTAACATCC,319661,TSP7,inguinal lymph node,classical monocyte,Cl_Mono
ts_immune_all_0441,TSP7_LymphNodes_Inguinal_10X_1_1_GGGTCACAGGTCGTAG,319933,TSP7,inguinal lymph node,classical monocyte,Cl_Mono
ts_immune_all_0441,TSP7_LymphNodes_Inguinal_10X_1_1_GGTTGTACAAGCAATA,320115,TSP7,inguinal lymph node,classical monocyte,Cl_Mono
ts_immune_all_0441,TSP7_LymphNodes_Inguinal_10X_1_1_GTAACACCAAGTGCTT,320128,TSP7,inguinal lymph node,classical monocyte,Cl_Mono
ts_immune_all_0441,TSP7_LymphNodes_Inguinal_10X_1_1_GTCGAATCAGTGTGGA,320401,TSP7,inguinal lymph node,classical monocyte,Cl_Mono
ts_immune_all_0441,TSP7_LymphNodes_Inguinal_10X_1_1_GTGACGCTCGCAGTTA,320496,TSP7,inguinal lymph node,classical monocyte,Cl_Mono
ts_immune_all_0441,TSP7_LymphNodes_Inguinal_10X_1_1_TAAGTCGTCTACGGGC,320945,TSP7,inguinal lymph node,classical monocyte,Cl_Mono
ts_immune_all_0441,TSP7_LymphNodes_Inguinal_10X_1_1_TACACCCGTGCAACAG,320977,TSP7,inguinal lymph node,classical monocyte,Cl_Mono
ts_immune_all_0441,TSP7_LymphNodes_Inguinal_10X_1_1_TACCGGGCATTATGCG,321027,TSP7,inguinal lymph node,classical monocyte,Cl_Mono
ts_immune_all_0441,TSP7_LymphNodes_Inguinal_10X_1_1_TAGACTGAGGTACAGC,321166,TSP7,inguinal lymph node,classical monocyte,Cl_Mono
ts_immune_all_0441,TSP7_LymphNodes_Inguinal_10X_1_1_TCAAGTGTCTTTCTAG,321374,TSP7,inguinal lymph node,classical monocyte,Cl_Mono
ts_immune_all_0441,TSP7_LymphNodes_Inguinal_10X_1_1_TCGCACTCAGAAACCG,321859,TSP7,inguinal lymph node,classical monocyte,Cl_Mono
ts_immune_all_0441,TSP7_LymphNodes_Inguinal_10X_1_1_TCGCACTGTTAGGACG,321869,TSP7,inguinal lymph node,classical monocyte,Cl_Mono
ts_immune_all_0441,TSP7_LymphNodes_Inguinal_10X_1_1_TCGTAGAGTCTGTCAA,321948,TSP7,inguinal lymph node,classical monocyte,Cl_Mono
ts_immune_all_0441,TSP7_LymphNodes_Inguinal_10X_1_1_TGAGACTAGGAATTAC,322186,TSP7,inguinal lymph node,classical monocyte,Cl_Mono
ts_immune_all_0441,TSP7_LymphNodes_Inguinal_10X_1_1_TGCACGGCAGTTCTAG,322299,TSP7,inguinal lymph node,classical monocyte,Cl_Mono
ts_immune_all_0441,TSP7_LymphNodes_Inguinal_10X_1_1_TGTAAGCGTCCAAAGG,322586,TSP7,inguinal lymph node,classical monocyte,Cl_Mono
ts_immune_all_0441,TSP7_LymphNodes_Inguinal_10X_1_1_TGTGGCGTCCTCGATC,322685,TSP7,inguinal lymph node,classical monocyte,Cl_Mono
ts_immune_all_0441,TSP7_LymphNodes_Inguinal_10X_1_1_TTCCACGTCGCCGAAC,322937,TSP7,inguinal lymph node,classical monocyte,Cl_Mono
ts_immune_all_0441,TSP7_LymphNodes_Inguinal_10X_1_1_TTCCGTGCAGGTAGTG,322954,TSP7,inguinal lymph node,classical monocyte,Cl_Mono
ts_immune_all_0441,TSP7_LymphNodes_Inguinal_10X_1_1_TTGGTTTCACAGCGCT,323182,TSP7,inguinal lymph node,classical monocyte,Cl_Mono
ts_immune_all_1715,TSP27_Stomach_Muscle_10X3primev31_1_1_AAAGGGCAGCATCAAA,369507,TSP27,stomach smooth muscle,"CD4-positive, alpha-beta T cell",Memory_CD4
ts_immune_all_1715,TSP27_Stomach_Muscle_10X3primev31_1_1_AACAAGACAAACTCTG,369537,TSP27,stomach smooth muscle,"CD4-positive, alpha-beta T cell",Memory_CD4
ts_immune_all_1715,TSP27_Stomach_Muscle_10X3primev31_1_1_AATCGACCATACCGTA,369652,TSP27,stomach smooth muscle,"CD4-positive, alpha-beta T cell",Memory_CD4
ts_immune_all_1715,TSP27_Stomach_Muscle_10X3primev31_1_1_ACTATTCGTACTGACT,369845,TSP27,stomach smooth muscle,"CD4-positive, alpha-beta T cell",Memory_CD4
ts_immune_all_1715,TSP27_Stomach_Muscle_10X3primev31_1_1_ACTTCCGAGGATTTGA,369883,TSP27,stomach smooth muscle,"CD4-positive, alpha-beta T cell",Memory_CD4
ts_immune_all_1715,TSP27_Stomach_Muscle_10X3primev31_1_1_AGCCAATAGGCATTTC,369988,TSP27,stomach smooth muscle,"CD4-positive, alpha-beta T cell",Memory_CD4
ts_immune_all_1715,TSP27_Stomach_Muscle_10X3primev31_1_1_AGTGCCGCAGGTTTAC,370156,TSP27,stomach smooth muscle,"CD4-positive, alpha-beta T cell",Memory_CD4
ts_immune_all_1715,TSP27_Stomach_Muscle_10X3primev31_1_1_ATGAAAGTCCAACACA,370276,TSP27,stomach smooth muscle,"CD4-positive, alpha-beta T cell",Memory_CD4
ts_immune_all_1715,TSP27_Stomach_Muscle_10X3primev31_1_1_CAGTTCCAGGCGCTTC,370583,TSP27,stomach smooth muscle,"CD4-positive, alpha-beta T cell",Memory_CD4
ts_immune_all_1715,TSP27_Stomach_Muscle_10X3primev31_1_1_CATCGCTTCGCTGTCT,370639,TSP27,stomach smooth muscle,"CD4-positive, alpha-beta T cell",Memory_CD4
ts_immune_all_1715,TSP27_Stomach_Muscle_10X3primev31_1_1_CATCGTCAGAGAGGTA,370643,TSP27,stomach smooth muscle,"CD4-positive, alpha-beta T cell",Memory_CD4
ts_immune_all_1715,TSP27_Stomach_Muscle_10X3primev31_1_1_CCCGGAATCCCAGCGA,370766,TSP27,stomach smooth muscle,"CD4-positive, alpha-beta T cell",Memory_CD4
ts_immune_all_1715,TSP27_Stomach_Muscle_10X3primev31_1_1_CCTTTGGGTCCTCCAT,370898,TSP27,stomach smooth muscle,"CD4-positive, alpha-beta T cell",Memory_CD4
ts_immune_all_1715,TSP27_Stomach_Muscle_10X3primev31_1_1_CGGGACTCATCACAGT,370987,TSP27,stomach smooth muscle,"CD4-positive, alpha-beta T cell",Memory_CD4
ts_immune_all_1715,TSP27_Stomach_Muscle_10X3primev31_1_1_GACCCTTAGGGTACGT,371378,TSP27,stomach smooth muscle,"CD4-positive, alpha-beta T cell",Memory_CD4
ts_immune_all_1715,TSP27_Stomach_Muscle_10X3primev31_1_1_GAGAGGTCAGAGTTGG,371427,TSP27,stomach smooth muscle,"CD4-positive, alpha-beta T cell",Memory_CD4
ts_immune_all_1715,TSP27_Stomach_Muscle_10X3primev31_1_1_GATGATCAGTGCGACA,371510,TSP27,stomach smooth muscle,"CD4-positive, alpha-beta T cell",Memory_CD4
ts_immune_all_1715,TSP27_Stomach_Muscle_10X3primev31_1_1_GCACGGTGTATCGCTA,371558,TSP27,stomach smooth muscle,"CD4-positive, alpha-beta T cell",Memory_CD4
ts_immune_all_1715,TSP27_Stomach_Muscle_10X3primev31_1_1_GGAGGATTCCTGGGAC,371700,TSP27,stomach smooth muscle,"CD4-positive, alpha-beta T cell",Memory_CD4
ts_immune_all_1715,TSP27_Stomach_Muscle_10X3primev31_1_1_GGCACGTAGCCTCTCT,371717,TSP27,stomach smooth muscle,"CD4-positive, alpha-beta T cell",Memory_CD4
ts_immune_all_1715,TSP27_Stomach_Muscle_10X3primev31_1_1_GGGATCCGTTCCTACC,371776,TSP27,stomach smooth muscle,"CD4-positive, alpha-beta T cell",Memory_CD4
ts_immune_all_1715,TSP27_Stomach_Muscle_10X3primev31_1_1_GGGTCACGTCCAGCCA,371803,TSP27,stomach smooth muscle,"CD4-positive, alpha-beta T cell",Memory_CD4
ts_immune_all_1715,TSP27_Stomach_Muscle_10X3primev31_1_1_GGGTTATGTAACAGTA,371813,TSP27,stomach smooth muscle,"CD4-positive, alpha-beta T cell",Memory_CD4
ts_immune_all_1715,TSP27_Stomach_Muscle_10X3primev31_1_1_GTCGTAACACAAAGCG,372006,TSP27,stomach smooth muscle,"CD4-positive, alpha-beta T cell",Memory_CD4
ts_immune_all_1715,TSP27_Stomach_Muscle_10X3primev31_1_1_GTGGAAGCACGAGGAT,372060,TSP27,stomach smooth muscle,"CD4-positive, alpha-beta T cell",Memory_CD4
ts_immune_all_1715,TSP27_Stomach_Muscle_10X3primev31_1_1_GTGTTAGCATGACGAG,372102,TSP27,stomach smooth muscle,"CD4-positive, alpha-beta T cell",Memory_CD4
ts_immune_all_1715,TSP27_Stomach_Muscle_10X3primev31_1_1_GTTACCCAGCGCCGTT,372110,TSP27,stomach smooth muscle,"CD4-positive, alpha-beta T cell",Memory_CD4
ts_immune_all_1715,TSP27_Stomach_Muscle_10X3primev31_1_1_TACCGAAAGAGAGTTT,372232,TSP27,stomach smooth muscle,"CD4-positive, alpha-beta T cell",Memory_CD4
ts_immune_all_1715,TSP27_Stomach_Muscle_10X3primev31_1_1_TAGGGTTCATCGGAGA,372301,TSP27,stomach smooth muscle,"CD4-positive, alpha-beta T cell",Memory_CD4
ts_immune_all_1715,TSP27_Stomach_Muscle_10X3primev31_1_1_TCCCACAAGCCTAACT,372519,TSP27,stomach smooth muscle,"CD4-positive, alpha-beta T cell",Memory_CD4
ts_immune_all_1715,TSP27_Stomach_Muscle_10X3primev31_1_1_TCCTAATGTTCGGCGT,372556,TSP27,stomach smooth muscle,"CD4-positive, alpha-beta T cell",Memory_CD4
ts_immune_all_1715,TSP27_Stomach_Muscle_10X3primev31_1_1_TCCTCCCAGGCCCGTT,372557,TSP27,stomach smooth muscle,"CD4-positive, alpha-beta T cell",Memory_CD4
ts_immune_all_1715,TSP27_Stomach_Muscle_10X3primev31_1_1_TCCTCGAGTTATCCAG,372566,TSP27,stomach smooth muscle,"CD4-positive, alpha-beta T cell",Memory_CD4
ts_immune_all_1715,TSP27_Stomach_Muscle_10X3primev31_1_1_TCGCACTTCGTTCATT,372614,TSP27,stomach smooth muscle,"CD4-positive, alpha-beta T cell",Memory_CD4
ts_immune_all_1715,TSP27_Stomach_Muscle_10X3primev31_1_1_TCTTAGTGTTTGAACC,372705,TSP27,stomach smooth muscle,"CD4-positive, alpha-beta T cell",Memory_CD4
ts_immune_all_1715,TSP27_Stomach_Muscle_10X3primev31_1_1_TCTTCCTAGATGCAGC,372708,TSP27,stomach smooth muscle,"CD4-positive, alpha-beta T cell",Memory_CD4
ts_immune_all_1715,TSP27_Stomach_Muscle_10X3primev31_1_1_TGAATCGGTCATCGCG,372730,TSP27,stomach smooth muscle,"CD4-positive, alpha-beta T cell",Memory_CD4
ts_immune_all_1715,TSP27_Stomach_Muscle_10X3primev31_1_1_TGACGCGGTGTGTCGC,372750,TSP27,stomach smooth muscle,"CD4-positive, alpha-beta T cell",Memory_CD4
ts_immune_all_1715,TSP27_Stomach_Muscle_10X3primev31_1_1_TTAGTCTCAGGCGAAT,373036,TSP27,stomach smooth muscle,"CD4-positive, alpha-beta T cell",Memory_CD4
ts_immune_all_1715,TSP27_Stomach_Muscle_10X3primev31_1_1_TTCCAATGTCGCTCGA,373068,TSP27,stomach smooth muscle,"CD4-positive, alpha-beta T cell",Memory_CD4
ts_immune_all_1715,TSP27_Stomach_Muscle_10X3primev31_1_1_TTGAGTGAGATTAGTG,373142,TSP27,stomach smooth muscle,"CD4-positive, alpha-beta T cell",Memory_CD4
ts_immune_all_1715,TSP27_Stomach_Muscle_10X3primev31_1_1_TTGTGGAGTGTCTTAG,373187,TSP27,stomach smooth muscle,"CD4-positive, alpha-beta T cell",Memory_CD4
ts_immune_all_1622,TSP27_Heart_RightVentricle_10X3primev31_1_1_AACCCAAGTTCCTAGA,313362,TSP27,heart right ventricle,neutrophil,Neutrophil
ts_immune_all_1622,TSP27_Heart_RightVentricle_10X3primev31_1_1_AATTTCCTCCCAATAG,313373,TSP27,heart right ventricle,neutrophil,Neutrophil
ts_immune_all_1622,TSP27_Heart_RightVentricle_10X3primev31_1_1_ACACTGATCCACACCT,313377,TSP27,heart right ventricle,neutrophil,Neutrophil
ts_immune_all_1622,TSP27_Heart_RightVentricle_10X3primev31_1_1_ACTTATCCAAACGTGG,313392,TSP27,heart right ventricle,neutrophil,Neutrophil
ts_immune_all_1622,TSP27_Heart_RightVentricle_10X3primev31_1_1_AGGATAATCACGGGAA,313403,TSP27,heart right ventricle,neutrophil,Neutrophil
ts_immune_all_1622,TSP27_Heart_RightVentricle_10X3primev31_1_1_AGGTTGTCATGGGCAA,313406,TSP27,heart right ventricle,neutrophil,Neutrophil
ts_immune_all_1622,TSP27_Heart_RightVentricle_10X3primev31_1_1_AGTACCAGTGACAACG,313407,TSP27,heart right ventricle,neutrophil,Neutrophil
ts_immune_all_1622,TSP27_Heart_RightVentricle_10X3primev31_1_1_ATATCCTCACCGTCGA,313419,TSP27,heart right ventricle,neutrophil,Neutrophil
ts_immune_all_1622,TSP27_Heart_RightVentricle_10X3primev31_1_1_ATGGGAGGTCCACATA,313431,TSP27,heart right ventricle,neutrophil,Neutrophil
ts_immune_all_1622,TSP27_Heart_RightVentricle_10X3primev31_1_1_ATTCAGGTCCTCATAT,313438,TSP27,heart right ventricle,neutrophil,Neutrophil
ts_immune_all_1622,TSP27_Heart_RightVentricle_10X3primev31_1_1_CAACGGCGTAGATTGA,313443,TSP27,heart right ventricle,neutrophil,Neutrophil
ts_immune_all_1622,TSP27_Heart_RightVentricle_10X3primev31_1_1_CAATTTCAGAGGCCAT,313444,TSP27,heart right ventricle,neutrophil,Neutrophil
ts_immune_all_1622,TSP27_Heart_RightVentricle_10X3primev31_1_1_CACACAAGTCTTACTT,313446,TSP27,heart right ventricle,neutrophil,Neutrophil
ts_immune_all_1622,TSP27_Heart_RightVentricle_10X3primev31_1_1_CATAGACCACTGGCCA,313453,TSP27,heart right ventricle,neutrophil,Neutrophil
ts_immune_all_1622,TSP27_Heart_RightVentricle_10X3primev31_1_1_CCCATTGCACGTCGTG,313468,TSP27,heart right ventricle,neutrophil,Neutrophil
ts_immune_all_1622,TSP27_Heart_RightVentricle_10X3primev31_1_1_CCGTGAGGTTGTCATG,313474,TSP27,heart right ventricle,neutrophil,Neutrophil
ts_immune_all_1622,TSP27_Heart_RightVentricle_10X3primev31_1_1_CGGGCATAGATAGCAT,313485,TSP27,heart right ventricle,neutrophil,Neutrophil
ts_immune_all_1622,TSP27_Heart_RightVentricle_10X3primev31_1_1_CGTCAAACACGATTCA,313488,TSP27,heart right ventricle,neutrophil,Neutrophil
ts_immune_all_1622,TSP27_Heart_RightVentricle_10X3primev31_1_1_CGTTCTGTCCCATACC,313492,TSP27,heart right ventricle,neutrophil,Neutrophil
ts_immune_all_1622,TSP27_Heart_RightVentricle_10X3primev31_1_1_CTACAGAGTCAGCGTC,313494,TSP27,heart right ventricle,neutrophil,Neutrophil
ts_immune_all_1622,TSP27_Heart_RightVentricle_10X3primev31_1_1_CTCAATTTCATTCATC,313495,TSP27,heart right ventricle,neutrophil,Neutrophil
ts_immune_all_1622,TSP27_Heart_RightVentricle_10X3primev31_1_1_CTCACTGCACGGTGAA,313496,TSP27,heart right ventricle,neutrophil,Neutrophil
ts_immune_all_1622,TSP27_Heart_RightVentricle_10X3primev31_1_1_GAAACCTAGTTTCTTC,313518,TSP27,heart right ventricle,neutrophil,Neutrophil
ts_immune_all_1622,TSP27_Heart_RightVentricle_10X3primev31_1_1_GACCCAGTCAAGGTGG,313527,TSP27,heart right ventricle,neutrophil,Neutrophil
ts_immune_all_1622,TSP27_Heart_RightVentricle_10X3primev31_1_1_GCCCGAACATACTTTC,313557,TSP27,heart right ventricle,neutrophil,Neutrophil
ts_immune_all_1622,TSP27_Heart_RightVentricle_10X3primev31_1_1_GCTACCTCAATCTGCA,313566,TSP27,heart right ventricle,neutrophil,Neutrophil
ts_immune_all_1622,TSP27_Heart_RightVentricle_10X3primev31_1_1_GTAGATCTCGGTGTTA,313590,TSP27,heart right ventricle,neutrophil,Neutrophil
ts_immune_all_1622,TSP27_Heart_RightVentricle_10X3primev31_1_1_GTGTGATCACGGTGAA,313606,TSP27,heart right ventricle,neutrophil,Neutrophil
ts_immune_all_1622,TSP27_Heart_RightVentricle_10X3primev31_1_1_GTTGAACCAAGATCCT,313611,TSP27,heart right ventricle,neutrophil,Neutrophil
ts_immune_all_1622,TSP27_Heart_RightVentricle_10X3primev31_1_1_GTTGTCCGTTTATGCG,313615,TSP27,heart right ventricle,neutrophil,Neutrophil
ts_immune_all_1622,TSP27_Heart_RightVentricle_10X3primev31_1_1_TACCTGCCAGCACAGA,313624,TSP27,heart right ventricle,neutrophil,Neutrophil
ts_immune_all_1622,TSP27_Heart_RightVentricle_10X3primev31_1_1_TAGATCGAGTTCGGTT,313628,TSP27,heart right ventricle,neutrophil,Neutrophil
ts_immune_all_1622,TSP27_Heart_RightVentricle_10X3primev31_1_1_TCACTATGTTCATCGA,313640,TSP27,heart right ventricle,neutrophil,Neutrophil
ts_immune_all_1622,TSP27_Heart_RightVentricle_10X3primev31_1_1_TCCTCGATCCATCTAT,313649,TSP27,heart right ventricle,neutrophil,Neutrophil
ts_immune_all_1622,TSP27_Heart_RightVentricle_10X3primev31_1_1_TCGATTTTCTCTTCAA,313655,TSP27,heart right ventricle,neutrophil,Neutrophil
ts_immune_all_1622,TSP27_Heart_RightVentricle_10X3primev31_1_1_TCTCAGCCAATCTCTT,313665,TSP27,heart right ventricle,neutrophil,Neutrophil
ts_immune_all_1622,TSP27_Heart_RightVentricle_10X3primev31_1_1_TGAACGTGTCCGAAAG,313667,TSP27,heart right ventricle,neutrophil,Neutrophil
ts_immune_all_1622,TSP27_Heart_RightVentricle_10X3primev31_1_1_TGCGACGCACAAATCC,313674,TSP27,heart right ventricle,neutrophil,Neutrophil
ts_immune_all_1622,TSP27_Heart_RightVentricle_10X3primev31_1_1_TTCATTGTCAGCCTTC,313691,TSP27,heart right ventricle,neutrophil,Neutrophil
ts_immune_all_1622,TSP27_Heart_RightVentricle_10X3primev31_1_1_TTCCAATAGGGATCTG,313692,TSP27,heart right ventricle,neutrophil,Neutrophil
ts_immune_all_1622,TSP27_Heart_RightVentricle_10X3primev31_1_1_TTGAGTGAGGTCCCGT,313699,TSP27,heart right ventricle,neutrophil,Neutrophil
ts_immune_all_1622,TSP27_Heart_RightVentricle_10X3primev31_1_1_TTGTGGATCAAGTCTG,313701,TSP27,heart right ventricle,neutrophil,Neutrophil
ts_immune_all_0827,TSP14_Prostate_NA_10X_1_2_AACCATGAGAAGGATG,312671,TSP14,prostate gland,"CD4-positive, alpha-beta T cell",Memory_CD4
ts_immune_all_0827,TSP14_Prostate_NA_10X_1_2_AACCTGAGTTCCAAAC,312676,TSP14,prostate gland,"CD4-positive, alpha-beta T cell",Memory_CD4
ts_immune_all_0827,TSP14_Prostate_NA_10X_1_2_ACACGCGCACTGCGTG,312702,TSP14,prostate gland,"CD4-positive, alpha-beta T cell",Memory_CD4
ts_immune_all_0827,TSP14_Prostate_NA_10X_1_2_ACAGCCGTCGGTCGAC,312705,TSP14,prostate gland,"CD4-positive, alpha-beta T cell",Memory_CD4
ts_immune_all_0827,TSP14_Prostate_NA_10X_1_2_AGACACTTCTGTCGTC,312750,TSP14,prostate gland,"CD4-positive, alpha-beta T cell",Memory_CD4
ts_immune_all_0827,TSP14_Prostate_NA_10X_1_2_ATGAGTCGTACAATAG,312810,TSP14,prostate gland,"CD4-positive, alpha-beta T cell",Memory_CD4
ts_immune_all_0827,TSP14_Prostate_NA_10X_1_2_CGGCAGTCAAGATCCT,312929,TSP14,prostate gland,"CD4-positive, alpha-beta T cell",Memory_CD4
ts_immune_all_0827,TSP14_Prostate_NA_10X_1_2_GAATAGAGTTGCATCA,312995,TSP14,prostate gland,"CD4-positive, alpha-beta T cell",Memory_CD4
ts_immune_all_0827,TSP14_Prostate_NA_10X_1_2_GACTTCCCATACTTTC,313012,TSP14,prostate gland,"CD4-positive, alpha-beta T cell",Memory_CD4
ts_immune_all_0827,TSP14_Prostate_NA_10X_1_2_GAGTGAGCACAGTCCG,313024,TSP14,prostate gland,"CD4-positive, alpha-beta T cell",Memory_CD4
ts_immune_all_0827,TSP14_Prostate_NA_10X_1_2_GAGTTGTCACATAACC,313027,TSP14,prostate gland,"CD4-positive, alpha-beta T cell",Memory_CD4
ts_immune_all_0827,TSP14_Prostate_NA_10X_1_2_GCAGCTGTCGAACCTA,313044,TSP14,prostate gland,"CD4-positive, alpha-beta T cell",Memory_CD4
ts_immune_all_0827,TSP14_Prostate_NA_10X_1_2_GCCATTCCAGTCCGTG,313055,TSP14,prostate gland,"CD4-positive, alpha-beta T cell",Memory_CD4
ts_immune_all_0827,TSP14_Prostate_NA_10X_1_2_GCTACAACATCAGCGC,313060,TSP14,prostate gland,"CD4-positive, alpha-beta T cell",Memory_CD4
ts_immune_all_0827,TSP14_Prostate_NA_10X_1_2_GGGAGTACACACCGCA,313085,TSP14,prostate gland,"CD4-positive, alpha-beta T cell",Memory_CD4
ts_immune_all_0827,TSP14_Prostate_NA_10X_1_2_TCAGTTTAGTATTAGG,313201,TSP14,prostate gland,"CD4-positive, alpha-beta T cell",Memory_CD4
ts_immune_all_0827,TSP14_Prostate_NA_10X_1_2_TCATACTTCCCTCGTA,313203,TSP14,prostate gland,"CD4-positive, alpha-beta T cell",Memory_CD4
ts_immune_all_0827,TSP14_Prostate_NA_10X_1_2_TCTGTCGAGAGGATGA,313243,TSP14,prostate gland,"CD4-positive, alpha-beta T cell",Memory_CD4
ts_immune_all_0827,TSP14_Prostate_NA_10X_1_2_TGAATCGAGACGGATC,313246,TSP14,prostate gland,"CD4-positive, alpha-beta T cell",Memory_CD4
ts_immune_all_0827,TSP14_Prostate_NA_10X_1_2_TGATGGTCAGTCGGAA,313257,TSP14,prostate gland,"CD4-positive, alpha-beta T cell",Memory_CD4
ts_immune_all_0827,TSP14_Prostate_NA_10X_1_2_TGTCAGAAGGAATCGC,313279,TSP14,prostate gland,"CD4-positive, alpha-beta T cell",Memory_CD4
ts_immune_all_0827,TSP14_Prostate_NA_10X_1_2_TTTGACTAGTAGTCTC,313347,TSP14,prostate gland,"CD4-positive, alpha-beta T cell",Memory_CD4
ts_immune_all_0827,TSP14_Prostate_NA_10X_1_1_AAGCCATTCAACTCTT,382947,TSP14,prostate gland,"CD4-positive, alpha-beta T cell",Memory_CD4
ts_immune_all_0827,TSP14_Prostate_NA_10X_1_1_ACGCACGGTGAGACGT,382979,TSP14,prostate gland,"CD4-positive, alpha-beta T cell",Memory_CD4
ts_immune_all_0827,TSP14_Prostate_NA_10X_1_1_ACGGAAGCACTTCATT,382980,TSP14,prostate gland,"CD4-positive, alpha-beta T cell",Memory_CD4
ts_immune_all_0827,TSP14_Prostate_NA_10X_1_1_ACGTCCTTCATACAGC,382987,TSP14,prostate gland,"CD4-positive, alpha-beta T cell",Memory_CD4
ts_immune_all_0827,TSP14_Prostate_NA_10X_1_1_AGCCAGCAGAGCAAGA,383014,TSP14,prostate gland,"CD4-positive, alpha-beta T cell",Memory_CD4
ts_immune_all_0827,TSP14_Prostate_NA_10X_1_1_CATTGAGTCATAGGCT,383131,TSP14,prostate gland,"CD4-positive, alpha-beta T cell",Memory_CD4
ts_immune_all_0827,TSP14_Prostate_NA_10X_1_1_CCCAACTCACAGCATT,383142,TSP14,prostate gland,"CD4-positive, alpha-beta T cell",Memory_CD4
ts_immune_all_0827,TSP14_Prostate_NA_10X_1_1_CCCTCTCTCCATAAGC,383146,TSP14,prostate gland,"CD4-positive, alpha-beta T cell",Memory_CD4
ts_immune_all_0827,TSP14_Prostate_NA_10X_1_1_CTATCCGTCGGCGATC,383200,TSP14,prostate gland,"CD4-positive, alpha-beta T cell",Memory_CD4
ts_immune_all_0827,TSP14_Prostate_NA_10X_1_1_CTCATGCCATCCTGTC,383207,TSP14,prostate gland,"CD4-positive, alpha-beta T cell",Memory_CD4
ts_immune_all_0827,TSP14_Prostate_NA_10X_1_1_CTGTACCTCATCACAG,383231,TSP14,prostate gland,"CD4-positive, alpha-beta T cell",Memory_CD4
ts_immune_all_0827,TSP14_Prostate_NA_10X_1_1_GATTCTTAGCTCTTCC,383289,TSP14,prostate gland,"CD4-positive, alpha-beta T cell",Memory_CD4
ts_immune_all_0827,TSP14_Prostate_NA_10X_1_1_GATTCTTTCCTCTCGA,383290,TSP14,prostate gland,"CD4-positive, alpha-beta T cell",Memory_CD4
ts_immune_all_0827,TSP14_Prostate_NA_10X_1_1_GGGCCATGTCAGGCAA,383330,TSP14,prostate gland,"CD4-positive, alpha-beta T cell",Memory_CD4
ts_immune_all_0827,TSP14_Prostate_NA_10X_1_1_GGGTTATCAGACATCT,383342,TSP14,prostate gland,"CD4-positive, alpha-beta T cell",Memory_CD4
ts_immune_all_0827,TSP14_Prostate_NA_10X_1_1_GTGGAAGCACTATCCC,383391,TSP14,prostate gland,"CD4-positive, alpha-beta T cell",Memory_CD4
ts_immune_all_0827,TSP14_Prostate_NA_10X_1_1_GTTAGACGTACGTGAG,383402,TSP14,prostate gland,"CD4-positive, alpha-beta T cell",Memory_CD4
ts_immune_all_0827,TSP14_Prostate_NA_10X_1_1_TACAGGTGTATGTCCA,383419,TSP14,prostate gland,"CD4-positive, alpha-beta T cell",Memory_CD4
ts_immune_all_0827,TSP14_Prostate_NA_10X_1_1_TCCAGAACAAAGGGCT,383474,TSP14,prostate gland,"CD4-positive, alpha-beta T cell",Memory_CD4
ts_immune_all_0827,TSP14_Prostate_NA_10X_1_1_TGCTCCATCTAAGGAA,383535,TSP14,prostate gland,"CD4-positive, alpha-beta T cell",Memory_CD4
